|chapter|sec|no|content|lang
0|1|1|1|烏斯地有一個人名叫約伯；那人完全正直，敬畏神，遠離惡事。|zh
1|1|1|1|There was a man in the land of Uz whose name was Job. He was without sin and upright, fearing God and keeping himself far from evil.|en
2|1|2|2|他生了七個兒子，三個女兒。|zh
3|1|2|2|And he had seven sons and three daughters.|en
4|1|3|3|他的家產有七千羊，三千駱駝，五百對牛，五百母驢，並有許多僕婢。這人在東方人中就為至大。|zh
5|1|3|3|And of cattle he had seven thousand sheep and goats, and three thousand camels, and a thousand oxen, and five hundred she-asses, and a very great number of servants. And the man was greater than any of the sons of the east.|en
6|1|4|4|他的兒子按著日子各在自己家裡設擺筵宴，就打發人去，請了他們的三個姊妹來，與他們一同吃喝。|zh
7|1|4|4|His sons regularly went to one another's houses, and every one on his day gave a feast: and at these times they sent for their three sisters to take part in their feasts with them.|en
8|1|5|5|筵宴的日子過了，約伯打發人去叫他們自潔。他清早起來，按著他們眾人的數目獻燔祭；因為他說：恐怕我兒子犯了罪，心中棄掉神。約伯常常這樣行。|zh
9|1|5|5|And at the end of their days of feasting, Job sent and made them clean, getting up early in the morning and offering burned offerings for them all. For, Job said, It may be that my sons have done wrong and said evil of God in their hearts. And Job did this whenever the feasts came round.|en
10|1|6|6|有一天，神的眾子來侍立在耶和華面前，撒但也來在其中。|zh
11|1|6|6|And there was a day when the sons of the gods came together before the Lord, and the Satan came with them.|en
12|1|7|7|耶和華問撒但說：「你從哪裡來？」撒但回答說：「我從地上走來走去，往返而來。」|zh
13|1|7|7|And the Lord said to the Satan, Where do you come from? And the Satan said in answer, From wandering this way and that on the earth, and walking about on it.|en
14|1|8|8|耶和華問撒但說：「你曾用心察看我的僕人約伯沒有？地上再沒有人像他完全正直，敬畏神，遠離惡事。」|zh
15|1|8|8|And the Lord said to the Satan, Have you taken note of my servant Job, for there is no one like him on the earth, a man without sin and upright, fearing God and keeping himself far from evil?|en
16|1|9|9|撒但回答耶和華說：約伯敬畏神，豈是無故呢？|zh
17|1|9|9|And the Satan said in answer to the Lord, Is it for nothing that Job is a god-fearing man?|en
18|1|10|10|你豈不是四面圈上籬笆圍護他和他的家，並他一切所有的嗎？他手所做的都蒙你賜福；他的家產也在地上增多。|zh
19|1|10|10|Have you yourself not put a wall round him and his house and all he has on every side, blessing the work of his hands, and increasing his cattle in the land?|en
20|1|11|11|你且伸手毀他一切所有的；他必當面棄掉你。」|zh
21|1|11|11|But now, put out your hand against all he has, and he will be cursing you to your face.|en
22|1|12|12|耶和華對撒但說：「凡他所有的都在你手中；只是不可伸手加害於他。」於是撒但從耶和華面前退去。|zh
23|1|12|12|And the Lord said to the Satan, See, I give all he has into your hands, only do not put a finger on the man himself. And the Satan went out from before the Lord.|en
24|1|13|13|有一天，約伯的兒女正在他們長兄的家裡吃飯喝酒，|zh
25|1|13|13|And there was a day when his sons and daughters were feasting in the house of their oldest brother,|en
26|1|14|14|有報信的來見約伯，說：牛正耕地，驢在旁邊吃草，|zh
27|1|14|14|And a man came to Job, and said, The oxen were ploughing, and the asses were taking their food by their side:|en
28|1|15|15|示巴人忽然闖來，把牲畜擄去，並用刀殺了僕人；惟有我一人逃脫，來報信給你。」|zh
29|1|15|15|And the men of Sheba came against them and took them away, putting the young men to the sword, and I was the only one who got away safe to give you the news.|en
30|1|16|16|他還說話的時候，又有人來說：「神從天上降下火來，將群羊和僕人都燒滅了；惟有我一人逃脫，來報信給你。」|zh
31|1|16|16|And this one was still talking when another came, and said, The fire of God came down from heaven, burning up the sheep and the goats and the young men completely, and I was the only one who got away safe to give you the news.|en
32|1|17|17|他還說話的時候，又有人來說：「迦勒底人分作三隊忽然闖來，把駱駝擄去，並用刀殺了僕人；惟有我一人逃脫，來報信給你。」|zh
33|1|17|17|And this one was still talking when another came, and said, The Chaldaeans made themselves into three bands, and came down on the camels and took them away, putting the young men to the sword, and I was the only one who got away safe to give you the news.|en
34|1|18|18|他還說話的時候，又有人來說：你的兒女正在他們長兄的家裡吃飯喝酒，|zh
35|1|18|18|And this one was still talking when another came, and said, Your sons and your daughters were feasting together in their oldest brother's house,|en
36|1|19|19|不料，有狂風從曠野颳來，擊打房屋的四角，房屋倒塌在少年人身上，他們就都死了；惟有我一人逃脫，來報信給你。」|zh
37|1|19|19|When a great wind came rushing from the waste land against the four sides of the house, and it came down on the young men, and they are dead; and I was the only one who got away safe to give you the news.|en
38|1|20|20|約伯便起來，撕裂外袍，剃了頭，伏在地上下拜，|zh
39|1|20|20|Then Job got up, and after parting his clothing and cutting off his hair, he went down on his face to the earth, and gave worship, and said,|en
40|1|21|21|說：「我赤身出於母胎，也必赤身歸回；賞賜的是耶和華，收取的也是耶和華。耶和華的名是應當稱頌的。」|zh
41|1|21|21|With nothing I came out of my mother's body, and with nothing I will go back there; the Lord gave and the Lord has taken away; let the Lord's name be praised.|en
42|1|22|22|在這一切的事上約伯並不犯罪，也不以神為愚妄（或譯：也不妄評　神）。|zh
43|1|22|22|In all this Job did no sin, and did not say that God's acts were foolish.|en
44|2|1|1|又有一天，神的眾子來侍立在耶和華面前，撒但也來在其中。|zh
45|2|1|1|And there was a day when the sons of the gods came together before the Lord, and the Satan came with them.|en
46|2|2|2|耶和華問撒但說：你從哪裡來？撒但回答說：我從地上走來走去，往返而來。|zh
47|2|2|2|And the Lord said to the Satan, Where do you come from? And the Satan said in answer, From wandering this way and that on the earth, and walking about on it.|en
48|2|3|3|耶和華問撒但說：你曾用心察看我的僕人約伯沒有？地上再沒有人像他完全正直，敬畏神，遠離惡事。你雖激動我攻擊他，無故地毀滅他，他仍然持守他的純正。|zh
49|2|3|3|And the Lord said to the Satan, Have you taken note of my servant Job, for there is no one like him on the earth, a man without sin and upright, fearing God and keeping himself far from evil? and he still keeps his righteousness, though you have been moving me to send destruction on him without cause.|en
50|2|4|4|撒但回答耶和華說：人以皮代皮，情願捨去一切所有的，保全性命。|zh
51|2|4|4|And the Satan said in answer to the Lord, Skin for skin, all a man has he will give for his life.|en
52|2|5|5|你且伸手傷他的骨頭和他的肉，他必當面棄掉你。|zh
53|2|5|5|But now, if you only put your hand on his bone and his flesh, he will certainly be cursing you to your face.|en
54|2|6|6|耶和華對撒但說：他在你手中，只要存留他的性命。|zh
55|2|6|6|And the Lord said to the Satan, See, he is in your hands, only do not take his life.|en
56|2|7|7|於是撒但從耶和華面前退去，擊打約伯，使他從腳掌到頭頂長毒瘡。|zh
57|2|7|7|And the Satan went out from before the Lord, and sent on Job an evil disease covering his skin from his feet to the top of his head.|en
58|2|8|8|約伯就坐在爐灰中，拿瓦片刮身體。|zh
59|2|8|8|And he took a broken bit of a pot, and, seated in the dust, was rubbing himself with the sharp edge of it.|en
60|2|9|9|他的妻子對他說：你仍然持守你的純正麼？你棄掉神，死了罷！|zh
61|2|9|9|And his wife said to him, Are you still keeping your righteousness? Say a curse against God, and put an end to yourself.|en
62|2|10|10|約伯卻對他說：你說話像愚頑的婦一樣。噯！難道我們從神手裡得福，不也受禍麼？在這一切的事上約伯並不以口犯罪。|zh
63|2|10|10|And he said to her, You are talking like one of the foolish women. If we take the good God sends us, are we not to take the evil when it comes? In all this Job kept his lips from sin.|en
64|2|11|11|約伯的三個朋友─提幔人以利法、書亞人比勒達、拿瑪人瑣法─聽說有這一切的災禍臨到他身上，各人就從本處約會同來，為他悲傷，安慰他。|zh
65|2|11|11|And Job's three friends had word of all this evil which had come on him. And they came every one from his place, Eliphaz the Temanite, and Bildad the Shuhite, and Zophar the Naamathite. So they came together to a meeting-place, in order that they might go and make clear to Job their grief for him, and give him comfort.|en
66|2|12|12|他們遠遠地舉目觀看，認不出他來，就放聲大哭。各人撕裂外袍，把塵土向天揚起來，落在自己的頭上。|zh
67|2|12|12|And lifting up their eyes when they were still far off, it did not seem that the man they saw was Job because of the change in him. And they gave way to bitter weeping, with signs of grief, and put dust on their heads.|en
68|2|13|13|他們就同他七天七夜坐在地上，一個人也不向他說句話，因為他極其痛苦。|zh
69|2|13|13|And they took their seats on the earth by his side for seven days and seven nights: but no one said a word to him, for they saw that his pain was very great.|en
70|3|1|1|此後，約伯開口咒詛自己的生日，|zh
71|3|1|1|Then, opening his mouth, and cursing the day of his birth,|en
72|3|2|2|說：|zh
73|3|2|2|Job made answer and said,|en
74|3|3|3|願我生的那日和說懷了男胎的那夜都滅沒。|zh
75|3|3|3|Let destruction take the day of my birth, and the night on which it was said, A man child has come into the world.|en
76|3|4|4|願那日變為黑暗；願神不從上面尋找他；願亮光不照於其上。|zh
77|3|4|4|That day--let it be dark; let not God take note of it from on high, and let not the light be shining on it;|en
78|3|5|5|願黑暗和死蔭索取那日；願密雲停在其上；願日蝕恐嚇他。|zh
79|3|5|5|Let the dark and the black night take it for themselves; let it be covered with a cloud; let the dark shades of day send fear on it.|en
80|3|6|6|願那夜被幽暗奪取，不在年中的日子同樂，也不入月中的數目。|zh
81|3|6|6|That night--let the thick dark take it; let it not have joy among the days of the year; let it not come into the number of the months.|en
82|3|7|7|願那夜沒有生育，其間也沒有歡樂的聲音。|zh
83|3|7|7|As for that night, let it have no fruit; let no voice of joy be sounded in it;|en
84|3|8|8|願那咒詛日子且能惹動鱷魚的咒詛那夜。|zh
85|3|8|8|Let it be cursed by those who put a curse on the day; who are ready to make Leviathan awake.|en
86|3|9|9|願那夜黎明的星宿變為黑暗，盼亮卻不亮，也不見早晨的光線（原文是眼皮）；|zh
87|3|9|9|Let its morning stars be dark; let it be looking for light, but may it not have any; let it not see the eyes of the dawn.|en
88|3|10|10|因沒有把懷我胎的門關閉，也沒有將患難對我的眼隱藏。|zh
89|3|10|10|Because it did not keep the doors of my mother's body shut, so that trouble might be veiled from my eyes.|en
90|3|11|11|我為何不出母胎而死？為何不出母腹絕氣？|zh
91|3|11|11|Why did death not take me when I came out of my mother's body, why did I not, when I came out, give up my last breath?|en
92|3|12|12|為何有膝接收我？為何有奶哺養我？|zh
93|3|12|12|Why did the knees take me, or why the breasts that they might give me milk?|en
94|3|13|13|不然，我就早已躺臥安睡，|zh
95|3|13|13|For then I might have gone to my rest in quiet, and in sleep have been in peace,|en
96|3|14|14|和地上為自己重造荒邱的君王、謀士，|zh
97|3|14|14|With kings and the wise ones of the earth, who put up great houses for themselves;|en
98|3|15|15|或與有金子、將銀子裝滿了房屋的王子一同安息；|zh
99|3|15|15|Or with rulers who had gold, and whose houses were full of silver;|en
100|3|16|16|或像隱而未現、不到期而落的胎，歸於無有，如同未見光的嬰孩。|zh
101|3|16|16|Or as a child dead at birth I might never have come into existence; like young children who have not seen the light.|en
102|3|17|17|在那裡惡人止息攪擾，困乏人得享安息，|zh
103|3|17|17|There the passions of the evil are over, and those whose strength has come to an end have rest.|en
104|3|18|18|被囚的人同得安逸，不聽見督工的聲音。|zh
105|3|18|18|There the prisoners are at peace together; the voice of the overseer comes not again to their ears.|en
106|3|19|19|大小都在那裡；奴僕脫離主人的轄制。|zh
107|3|19|19|The small and the great are there, and the servant is free from his master.|en
108|3|20|20|受患難的人為何有光賜給他呢？心中愁苦的人為何有生命賜給他呢？|zh
109|3|20|20|Why does he give light to him who is in trouble, and life to the bitter in soul;|en
110|3|21|21|他們切望死，卻不得死；求死，勝於求隱藏的珍寶。|zh
111|3|21|21|To those whose desire is for death, but it comes not; who are searching for it more than for secret wealth;|en
112|3|22|22|他們尋見墳墓就快樂，極其歡喜。|zh
113|3|22|22|Who are glad with great joy, and full of delight when they come to their last resting-place;|en
114|3|23|23|人的道路既然遮隱，神又把他四面圍困，為何有光賜給他呢？|zh
115|3|23|23|To a man whose way is veiled, and who is shut in by God?|en
116|3|24|24|我未曾吃飯就發出歎息；我唉哼的聲音湧出如水。|zh
117|3|24|24|In place of my food I have grief, and cries of sorrow come from me like water.|en
118|3|25|25|因我所恐懼的臨到我身，我所懼怕的迎我而來。|zh
119|3|25|25|For I have a fear and it comes on me, and my heart is greatly troubled.|en
120|3|26|26|我不得安逸，不得平靜，也不得安息，卻有患難來到。|zh
121|3|26|26|I have no peace, no quiet, and no rest; nothing but pain comes on me.|en
122|4|1|1|提幔人以利法回答說：|zh
123|4|1|1|And Eliphaz the Temanite made answer and said,|en
124|4|2|2|人若想與你說話，你就厭煩麼？但誰能忍住不說呢？|zh
125|4|2|2|If one says a word, will it be a weariness to you? but who is able to keep from saying what is in his mind?|en
126|4|3|3|你素來教導許多的人，又堅固軟弱的手。|zh
127|4|3|3|Truly, you have been a helper to others, and you have made feeble hands strong;|en
128|4|4|4|你的言語曾扶助那將要跌倒的人；你又使軟弱的膝穩固。|zh
129|4|4|4|He who was near to falling has been lifted up by your words, and you have given strength to bent knees.|en
130|4|5|5|但現在禍患臨到你，你就昏迷，挨近你，你便驚惶。|zh
131|4|5|5|But now it has come on you and it is a weariness to you; you are touched by it and your mind is troubled.|en
132|4|6|6|你的倚靠不是在你敬畏神麼？你的盼望不是在你行事純正麼？|zh
133|4|6|6|Is not your fear of God your support, and your upright way of life your hope?|en
134|4|7|7|請你追想：無辜的人有誰滅亡？正直的人在何處剪除？|zh
135|4|7|7|Have you ever seen destruction come to an upright man? or when were the god-fearing ever cut off?|en
136|4|8|8|按我所見，耕罪孽、種毒害的人都照樣收割。|zh
137|4|8|8|What I have seen is that those by whom trouble has been ploughed, and evil planted, get the same for themselves.|en
138|4|9|9|神一出氣，他們就滅亡；神一發怒，他們就消沒。|zh
139|4|9|9|By the breath of God destruction takes them, and by the wind of his wrath they are cut off.|en
140|4|10|10|獅子的吼叫和猛獅的聲音盡都止息；少壯獅子的牙齒也都敲掉。|zh
141|4|10|10|Though the noise of the lion and the sounding of his voice, may be loud, the teeth of the young lions are broken.|en
142|4|11|11|老獅子因絕食而死；母獅之子也都離散。|zh
143|4|11|11|The old lion comes to his end for need of food, and the young of the she-lion go wandering in all directions.|en
144|4|12|12|我暗暗地得了默示；我耳朵也聽其細微的聲音。|zh
145|4|12|12|A word was given to me secretly, and the low sound of it came to my ears.|en
146|4|13|13|在思念夜中、異象之間，世人沉睡的時候，|zh
147|4|13|13|In troubled thoughts from visions of the night, when deep sleep comes on men,|en
148|4|14|14|恐懼、戰兢臨到我身，使我百骨打戰。|zh
149|4|14|14|Fear came on me and shaking, and my bones were full of trouble;|en
150|4|15|15|有靈從我面前經過，我身上的毫毛直立。|zh
151|4|15|15|And a breath was moving over my face; the hair of my flesh became stiff:|en
152|4|16|16|那靈停住，我卻不能辨其形狀；有影像在我眼前。我在靜默中聽見有聲音說：|zh
153|4|16|16|Something was present before me, but I was not able to see it clearly; there was a form before my eyes: a quiet voice came to my ears, saying:|en
154|4|17|17|必死的人豈能比神公義麼？人豈能比造他的主潔淨麼？|zh
155|4|17|17|May a man be upright before God? or a man be clean before his Maker?|en
156|4|18|18|主不信靠他的臣僕，並且指他的使者為愚昧；|zh
157|4|18|18|Truly, he puts no faith in his servants, and he sees error in his angels;|en
158|4|19|19|何況那住在土房、根基在塵土裡、被蠹蟲所毀壞的人呢？|zh
159|4|19|19|How much more those living in houses of earth, whose bases are in the dust! They are crushed more quickly than an insect;|en
160|4|20|20|早晚之間，就被毀滅，永歸無有，無人理會。|zh
161|4|20|20|Between morning and evening they are completely broken; they come to an end for ever, and no one takes note.|en
162|4|21|21|他帳棚的繩索豈不從中抽出來呢？他死，且是無智慧而死。|zh
163|4|21|21|If their tent-cord is pulled up, do they not come to an end, and without wisdom?|en
164|5|1|1|你且呼求，有誰答應你？諸聖者之中，你轉向哪一位呢？|zh
165|5|1|1|Give now a cry for help; is there anyone who will give you an answer? and to which of the holy ones will you make your prayer?|en
166|5|2|2|忿怒害死愚妄人；嫉妒殺死癡迷人。|zh
167|5|2|2|For wrath is the cause of death to the foolish, and he who has no wisdom comes to his end through passion.|en
168|5|3|3|我曾見愚妄人扎下根，但我忽然咒詛他的住處。|zh
169|5|3|3|I have seen the foolish taking root, but suddenly the curse came on his house.|en
170|5|4|4|他的兒女遠離穩妥的地步，在城門口被壓，並無人搭救。|zh
171|5|4|4|Now his children have no safe place, and they are crushed before the judges, for no one takes up their cause.|en
172|5|5|5|他的莊稼有飢餓的人吃盡了，就是在荊棘裡的也搶去了；他的財寶有網羅張口吞滅了。|zh
173|5|5|5|Their produce is taken by him who has no food, and their grain goes to the poor, and he who is in need of water gets it from their spring.|en
174|5|6|6|禍患原不是從土中出來；患難也不是從地裡發生。|zh
175|5|6|6|For evil does not come out of the dust, or trouble out of the earth;|en
176|5|7|7|人生在世必遇患難，如同火星飛騰。|zh
177|5|7|7|But trouble is man's fate from birth, as the flames go up from the fire.|en
178|5|8|8|至於我，我必仰望神，把我的事情託付他。|zh
179|5|8|8|But as for me, I would make my prayer to God, and I would put my cause before him:|en
180|5|9|9|他行大事不可測度，行奇事不可勝數：|zh
181|5|9|9|Who does great things outside our knowledge, wonders without number:|en
182|5|10|10|降雨在地上，賜水於田裡；|zh
183|5|10|10|Who gives rain on the earth, and sends water on the fields:|en
184|5|11|11|將卑微的安置在高處，將哀痛的舉到穩妥之地；|zh
185|5|11|11|Lifting up those who are low, and putting the sad in a safe place;|en
186|5|12|12|破壞狡猾人的計謀，使他們所謀的不得成就。|zh
187|5|12|12|Who makes the designs of the wise go wrong, so that they are unable to give effect to their purposes.|en
188|5|13|13|他叫有智慧的中了自己的詭計，使狡詐人的計謀速速滅亡。|zh
189|5|13|13|He takes the wise in their secret designs, and the purposes of the twisted are cut off suddenly.|en
190|5|14|14|他們白晝遇見黑暗，午間摸索如在夜間。|zh
191|5|14|14|In the daytime it becomes dark for them, and in the sunlight they go feeling about as if it was night.|en
192|5|15|15|神拯救窮乏人脫離他們口中的刀和強暴人的手。|zh
193|5|15|15|But he keeps safe from their sword those who have no father, and the poor from the power of the strong.|en
194|5|16|16|這樣，貧寒的人有指望，罪孽之輩必塞口無言。|zh
195|5|16|16|So the poor man has hope, and the mouth of the evil-doer is stopped.|en
196|5|17|17|神所懲治的人是有福的！所以你不可輕看全能者的管教。|zh
197|5|17|17|Truly, that man is happy who has training from the hand of God: so do not let your heart be shut to the teaching of the Ruler of all.|en
198|5|18|18|因為他打破，又纏裹；他擊傷，用手醫治。|zh
199|5|18|18|For after his punishment he gives comfort, and after wounding, his hands make you well.|en
200|5|19|19|你六次遭難，他必救你；就是七次，災禍也無法害你。|zh
201|5|19|19|He will keep you safe from six troubles, and in seven no evil will come near you.|en
202|5|20|20|在饑荒中，他必救你脫離死亡；在爭戰中，他必救你脫離刀劍的權力。|zh
203|5|20|20|When there is need of food he will keep you from death, and in war from the power of the sword.|en
204|5|21|21|你必被隱藏，不受口舌之害；災殃臨到，你也不懼怕。|zh
205|5|21|21|He will keep you safe from the evil tongue; and you will have no fear of wasting when it comes.|en
206|5|22|22|你遇見災害饑饉，就必嬉笑；地上的野獸，你也不懼怕。|zh
207|5|22|22|You will make sport of destruction and need, and will have no fear of the beasts of the earth.|en
208|5|23|23|因為你必與田間的石頭立約；田裡的野獸也必與你和好。|zh
209|5|23|23|For you will be in agreement with the stones of the earth, and the beasts of the field will be at peace with you.|en
210|5|24|24|你必知道你帳棚平安，要查看你的羊圈，一無所失；|zh
211|5|24|24|And you will be certain that your tent is at peace, and after looking over your property you will see that nothing is gone.|en
212|5|25|25|也必知道你的後裔將來發達，你的子孫像地上的青草。|zh
213|5|25|25|You will be certain that your seed will be great, and your offspring like the plants of the earth.|en
214|5|26|26|你必壽高年邁才歸墳墓，好像禾捆到時收藏。|zh
215|5|26|26|You will come to your last resting-place in full strength, as the grain is taken up to the crushing-floor in its time.|en
216|5|27|27|這理，我們已經考察，本是如此。你須要聽，要知道是與自己有益。|zh
217|5|27|27|See, we have made search with care, and it is so; it has come to our ears; see that you take note of it for yourself.|en
218|6|1|1|約伯回答說：|zh
219|6|1|1|And Job made answer and said,|en
220|6|2|2|惟願我的煩惱稱一稱，我一切的災害放在天平裡；|zh
221|6|2|2|If only my passion might be measured, and put into the scales against my trouble!|en
222|6|3|3|現今都比海沙更重，所以我的言語急躁。|zh
223|6|3|3|For then its weight would be more than the sand of the seas: because of this my words have been uncontrolled.|en
224|6|4|4|因全能者的箭射入我身；其毒，我的靈喝盡了；神的驚嚇擺陣攻擊我。|zh
225|6|4|4|For the arrows of the Ruler of all are present with me, and their poison goes deep into my spirit: his army of fears is put in order against me.|en
226|6|5|5|野驢有草豈能叫喚？牛有料豈能吼叫？|zh
227|6|5|5|Does the ass of the fields give out his voice when he has grass? or does the ox make sounds over his food?|en
228|6|6|6|物淡而無鹽豈可吃麼？蛋青有甚麼滋味呢？|zh
229|6|6|6|Will a man take food which has no taste without salt? or is there any taste in the soft substance of purslain?|en
230|6|7|7|看為可厭的食物，我心不肯挨近。|zh
231|6|7|7|My soul has no desire for such things, they are as disease in my food.|en
232|6|8|8|惟願我得著所求的，願神賜我所切望的!|zh
233|6|8|8|If only I might have an answer to my prayer, and God would give me my desire!|en
234|6|9|9|就是願神把我壓碎，伸手將我剪除。|zh
235|6|9|9|If only he would be pleased to put an end to me; and would let loose his hand, so that I might be cut off!|en
236|6|10|10|我因沒有違棄那聖者的言語，就仍以此為安慰，在不止息的痛苦中還可踴躍。|zh
237|6|10|10|So I would still have comfort, and I would have joy in the pains of death, for I have not been false to the words of the Holy One.|en
238|6|11|11|我有甚麼氣力使我等候？我有甚麼結局使我忍耐？|zh
239|6|11|11|Have I strength to go on waiting, or have I any end to be looking forward to?|en
240|6|12|12|我的氣力豈是石頭的氣力？我的肉身豈是銅的呢？|zh
241|6|12|12|Is my strength the strength of stones, or is my flesh brass?|en
242|6|13|13|在我豈不是毫無幫助麼？智慧豈不是從我心中趕出淨盡麼？|zh
243|6|13|13|I have no help in myself, and wisdom is completely gone from me.|en
244|6|14|14|那將要灰心、離棄全能者、不敬畏神的人，他的朋友當以慈愛待他。|zh
245|6|14|14|He whose heart is shut against his friend has given up the fear of the Ruler of all.|en
246|6|15|15|我的弟兄詭詐，好像溪水，又像溪水流乾的河道。|zh
247|6|15|15|My friends have been false like a stream, like streams in the valleys which come to an end:|en
248|6|16|16|這河因結冰發黑，有雪藏在其中；|zh
249|6|16|16|Which are dark because of the ice, and the snow falling into them;|en
250|6|17|17|天氣漸暖就隨時消化，日頭炎熱便從原處乾涸。|zh
251|6|17|17|Under the burning sun they are cut off, and come to nothing because of the heat.|en
252|6|18|18|結伴的客旅離棄大道，順河偏行，到荒野之地死亡。|zh
253|6|18|18|The camel-trains go out of their way; they go up into the waste and come to destruction.|en
254|6|19|19|提瑪結伴的客旅瞻望；示巴同夥的人等候。|zh
255|6|19|19|The camel-trains of Tema were searching with care, the bands of Sheba were waiting for them:|en
256|6|20|20|他們因失了盼望就抱愧，來到那裡便蒙羞。|zh
257|6|20|20|They were put to shame because of their hope; they came and their hope was gone.|en
258|6|21|21|現在你們正是這樣，看見驚嚇的事便懼怕。|zh
259|6|21|21|So have you now become to me; you see my sad condition and are in fear.|en
260|6|22|22|我豈說：請你們供給我，從你們的財物中送禮物給我？|zh
261|6|22|22|Did I say, Give me something? or, Make a payment for me out of your wealth?|en
262|6|23|23|豈說：拯救我脫離敵人的手麼？救贖我脫離強暴人的手麼？|zh
263|6|23|23|Or, Get me out of the power of my hater? or, Give money so that I may be free from the power of the cruel ones?|en
264|6|24|24|請你們教導我，我便不作聲；使我明白在何事上有錯。|zh
265|6|24|24|Give me teaching and I will be quiet; and make me see my error.|en
266|6|25|25|正直的言語力量何其大！但你們責備是責備甚麼呢？|zh
267|6|25|25|How pleasing are upright words! but what force is there in your arguments?|en
268|6|26|26|絕望人的講論既然如風，你們還想要駁正言語麼？|zh
269|6|26|26|My words may seem wrong to you, but the words of him who has no hope are for the wind.|en
270|6|27|27|你們想為孤兒拈鬮，以朋友當貨物。|zh
271|6|27|27|Truly, you are such as would give up the child of a dead man to his creditors, and would make a profit out of your friend.|en
272|6|28|28|現在請你們看看我，我決不當面說謊。|zh
273|6|28|28|Now then, let your eyes be turned to me, for truly I will not say what is false to your face.|en
274|6|29|29|請你們轉意，不要不公；請再轉意，我的事有理。|zh
275|6|29|29|Let your minds be changed, and do not have an evil opinion of me; yes, be changed, for my righteousness is still in me.|en
276|6|30|30|我的舌上豈有不義麼？我的口裡豈不辨奸惡麼？|zh
277|6|30|30|Is there evil in my tongue? is not the cause of my trouble clear to me?|en
278|7|1|1|人在世上豈無爭戰麼？他的日子不像雇工人的日子麼？|zh
279|7|1|1|Has not man his ordered time of trouble on the earth? and are not his days like the days of a servant working for payment?|en
280|7|2|2|像奴僕切慕黑影，像雇工人盼望工價；|zh
281|7|2|2|As a servant desiring the shades of evening, and a workman looking for his payment:|en
282|7|3|3|我也照樣經過困苦的日月，夜間的疲乏為我而定。|zh
283|7|3|3|So I have for my heritage months of pain to no purpose, and nights of weariness are given to me.|en
284|7|4|4|我躺臥的時候便說：我何時起來，黑夜就過去呢？我盡是反來覆去，直到天亮。|zh
285|7|4|4|When I go to my bed, I say, When will it be time to get up? but the night is long, and I am turning from side to side till morning light.|en
286|7|5|5|我的肉體以蟲子和塵土為衣；我的皮膚才收了口又重新破裂。|zh
287|7|5|5|My flesh is covered with worms and dust; my skin gets hard and then is cracked again.|en
288|7|6|6|我的日子比梭更快，都消耗在無指望之中。|zh
289|7|6|6|My days go quicker than the cloth-worker's thread, and come to an end without hope.|en
290|7|7|7|求你想念，我的生命不過是一口氣；我的眼睛必不再見福樂。|zh
291|7|7|7|O, keep in mind that my life is wind: my eye will never again see good.|en
292|7|8|8|觀看我的人，他的眼必不再見我；你的眼目要看我，我卻不在了。|zh
293|7|8|8|The eye of him who sees me will see me no longer: your eyes will be looking for me, but I will be gone.|en
294|7|9|9|雲彩消散而過；照樣，人下陰間也不再上來。|zh
295|7|9|9|A cloud comes to an end and is gone; so he who goes down into the underworld comes not up again.|en
296|7|10|10|他不再回自己的家；故土也不再認識他。|zh
297|7|10|10|He will not come back to his house, and his place will have no more knowledge of him.|en
298|7|11|11|我不禁止我口；我靈愁苦，要發出言語；我心苦惱，要吐露哀情。|zh
299|7|11|11|So I will not keep my mouth shut; I will let the words come from it in the pain of my spirit, my soul will make a bitter outcry.|en
300|7|12|12|我對神說：我豈是洋海，豈是大魚，你竟防守我呢？|zh
301|7|12|12|Am I a sea, or a sea-beast, that you put a watch over me?|en
302|7|13|13|若說：我的床必安慰我，我的榻必解釋我的苦情，|zh
303|7|13|13|When I say, In my bed I will have comfort, there I will get rest from my disease;|en
304|7|14|14|你就用夢驚駭我，用異象恐嚇我，|zh
305|7|14|14|Then you send dreams to me, and visions of fear;|en
306|7|15|15|甚至我寧肯噎死，寧肯死亡，勝似留我這一身的骨頭。|zh
307|7|15|15|So that a hard death seems better to my soul than my pains.|en
308|7|16|16|我厭棄性命，不願永活。你任憑我罷，因我的日子都是虛空。|zh
309|7|16|16|I have no desire for life, I would not be living for ever! Keep away from me, for my days are as a breath.|en
310|7|17|17|人算甚麼，你竟看他為大，將他放在心上？|zh
311|7|17|17|What is man, that you have made him great, and that your attention is fixed on him,|en
312|7|18|18|每早鑒察他，時刻試驗他？|zh
313|7|18|18|And that your hand is on him every morning, and that you are testing him every minute?|en
314|7|19|19|你到何時才轉眼不看我，才任憑我咽下唾沫呢？|zh
315|7|19|19|How long will it be before your eyes are turned away from me, so that I may have a minute's breathing-space?|en
316|7|20|20|鑒察人的主啊，我若有罪，於你何妨？為何以我當你的箭靶子，使我厭棄自己的性命？|zh
317|7|20|20|If I have done wrong, what have I done to you, O keeper of men? why have you made me a mark for your blows, so that I am a weariness to myself?|en
318|7|21|21|為何不赦免我的過犯，除掉我的罪孽？我現今要躺臥在塵土中；你要殷勤地尋找我，我卻不在了。|zh
319|7|21|21|And why do you not take away my sin, and let my wrongdoing be ended? for now I go down to the dust, and you will be searching for me with care, but I will be gone.|en
320|8|1|1|書亞人比勒達回答說：|zh
321|8|1|1|Then Bildad the Shuhite made answer and said,|en
322|8|2|2|這些話你要說到幾時？口中的言語如狂風要到幾時呢？|zh
323|8|2|2|How long will you say these things, and how long will the words of your mouth be like a strong wind?|en
324|8|3|3|神豈能偏離公平？全能者豈能偏離公義？|zh
325|8|3|3|Does God give wrong decisions? or is the Ruler of all not upright in his judging?|en
326|8|4|4|或者你的兒女得罪了他；他使他們受報應。|zh
327|8|4|4|If your children have done evil against him, then their punishment is from his hand.|en
328|8|5|5|你若殷勤地尋求神，向全能者懇求；|zh
329|8|5|5|If you will make search for God with care, and put your request before the Ruler of all;|en
330|8|6|6|你若清潔正直，他必定為你起來，使你公義的居所興旺。|zh
331|8|6|6|If you are clean and upright; then he will certainly be moved to take up your cause, and will make clear your righteousness by building up your house again.|en
332|8|7|7|你起初雖然微小，終久必甚發達。|zh
333|8|7|7|And though your start was small, your end will be very great.|en
334|8|8|8|請你考問前代，追念他們的列祖所查究的。|zh
335|8|8|8|Put the question now to the past generations, and give attention to what has been searched out by their fathers:|en
336|8|9|9|我們不過從昨日才有，一無所知；我們在世的日子好像影兒。|zh
337|8|9|9|(For we are but of yesterday, and have no knowledge, because our days on earth are gone like a shade:)|en
338|8|10|10|他們豈不指教你，告訴你，從心裡發出言語來呢？|zh
339|8|10|10|Will they not give you teaching, and say words of wisdom to you?|en
340|8|11|11|蒲草沒有泥豈能發長？蘆荻沒有水豈能生發？|zh
341|8|11|11|Will the river-plant come up in its pride without wet earth? will the grass get tall without water?|en
342|8|12|12|尚青的時候，還沒有割下，比百樣的草先枯槁。|zh
343|8|12|12|When it is still green, without being cut down, it becomes dry and dead before any other plant.|en
344|8|13|13|凡忘記神的人，景況也是這樣；不虔敬人的指望要滅沒。|zh
345|8|13|13|So is the end of all who do not keep God in mind; and the hope of the evil-doer comes to nothing:|en
346|8|14|14|他所仰賴的必折斷；他所倚靠的是蜘蛛網。|zh
347|8|14|14|Whose support is cut off, and whose hope is no stronger than a spider's thread.|en
348|8|15|15|他要倚靠房屋，房屋卻站立不住；他要抓住房屋，房屋卻不能存留。|zh
349|8|15|15|He is looking to his family for support, but it is not there; he puts his hope in it, but it comes to nothing.|en
350|8|16|16|他在日光之下發青，蔓子爬滿了園子；|zh
351|8|16|16|He is full of strength before the sun, and his branches go out over his garden.|en
352|8|17|17|他的根盤繞石堆，扎入石地。|zh
353|8|17|17|His roots are twisted round the stones, forcing their way in between them.|en
354|8|18|18|他若從本地被拔出，那地就不認識他，說：我沒有見過你。|zh
355|8|18|18|If he is taken away from his place, then it will say, I have not seen you.|en
356|8|19|19|看哪，這就是他道中之樂；以後必另有人從地而生。|zh
357|8|19|19|Such is the joy of his way, and out of the dust another comes up to take his place.|en
358|8|20|20|神必不丟棄完全人，也不扶助邪惡人。|zh
359|8|20|20|Truly, God will not give up him who is without sin, and will not take evil-doers by the hand.|en
360|8|21|21|他還要以喜笑充滿你的口，以歡呼充滿你的嘴。|zh
361|8|21|21|The time will come when your mouth will be full of laughing, and cries of joy will come from your lips.|en
362|8|22|22|恨惡你的要披戴慚愧；惡人的帳棚必歸於無有。|zh
363|8|22|22|Your haters will be clothed with shame, and the tent of the sinner will not be seen again.|en
364|9|1|1|約伯回答說：|zh
365|9|1|1|And Job made answer and said,|en
366|9|2|2|我真知道是這樣；但人在神面前怎能成為義呢？|zh
367|9|2|2|Truly, I see that it is so: and how is it possible for a man to get his right before God?|en
368|9|3|3|若願意與他爭辯，千中之一也不能回答。|zh
369|9|3|3|If a man was desiring to go to law with him, he would not be able to give him an answer to one out of a thousand questions.|en
370|9|4|4|他心裡有智慧，且大有能力。誰向神剛硬而得亨通呢？|zh
371|9|4|4|He is wise in heart and great in strength: who ever made his face hard against him, and any good came of it?|en
372|9|5|5|他發怒，把山翻倒挪移，山並不知覺。|zh
373|9|5|5|It is he who takes away the mountains without their knowledge, overturning them in his wrath:|en
374|9|6|6|他使地震動，離其本位，地的柱子就搖撼。|zh
375|9|6|6|Who is moving the earth out of its place, so that its pillars are shaking:|en
376|9|7|7|他吩咐日頭不出來，就不出來，又封閉眾星。|zh
377|9|7|7|Who gives orders to the sun, and it does not give its light; and who keeps the stars from shining.|en
378|9|8|8|他獨自鋪張蒼天，步行在海浪之上。|zh
379|9|8|8|By whose hand the heavens were stretched out, and who is walking on the waves of the sea:|en
380|9|9|9|他造北斗、參星、昴星，並南方的密宮；|zh
381|9|9|9|Who made the Bear and Orion, and the Pleiades, and the store-houses of the south:|en
382|9|10|10|他行大事，不可測度，行奇事，不可勝數。|zh
383|9|10|10|Who does great things not to be searched out; yes, wonders without number.|en
384|9|11|11|他從我旁邊經過，我卻不看見；他在我面前行走，我倒不知覺。|zh
385|9|11|11|See, he goes past me and I see him not: he goes on before, but I have no knowledge of him.|en
386|9|12|12|他奪取，誰能阻擋？誰敢問他：你做甚麼？|zh
387|9|12|12|If he puts out his hand to take, by whom may it be turned back? who may say to him, What are you doing?|en
388|9|13|13|神必不收回他的怒氣；扶助拉哈伯的，屈身在他以下。|zh
389|9|13|13|God's wrath may not be turned back; the helpers of Rahab were bent down under him.|en
390|9|14|14|既是這樣，我怎敢回答他，怎敢選擇言語與他辯論呢？|zh
391|9|14|14|How much less may I give an answer to him, using the right words in argument with him?|en
392|9|15|15|我雖有義，也不回答他，只要向那審判我的懇求。|zh
393|9|15|15|Even if my cause was good, I would not be able to give an answer; I would make request for grace from him who was against me.|en
394|9|16|16|我若呼籲，他應允我；我仍不信他真聽我的聲音。|zh
395|9|16|16|If I had sent for him to be present, and he had come, I would have no faith that he would give ear to my voice.|en
396|9|17|17|他用暴風折斷我，無故地加增我的損傷。|zh
397|9|17|17|For I would be crushed by his storm, my wounds would be increased without cause.|en
398|9|18|18|我就是喘一口氣，他都不容，倒使我滿心苦惱。|zh
399|9|18|18|He would not let me take my breath, but I would be full of bitter grief.|en
400|9|19|19|若論力量，他真有能力！若論審判，他說誰能將我傳來呢？|zh
401|9|19|19|If it is a question of strength, he says, Here I am! and if it is a question of a cause at law, he says, Who will give me a fixed day?|en
402|9|20|20|我雖有義，自己的口要定我為有罪；我雖完全，我口必顯我為彎曲。|zh
403|9|20|20|Though I was in the right, he would say that I was in the wrong; I have done no evil; but he says that I am a sinner.|en
404|9|21|21|我本完全，不顧自己；我厭惡我的性命。|zh
405|9|21|21|I have done no wrong; I give no thought to what becomes of me; I have no desire for life.|en
406|9|22|22|善惡無分，都是一樣；所以我說，完全人和惡人，他都滅絕。|zh
407|9|22|22|It is all the same to me; so I say, He puts an end to the sinner and to him who has done no wrong together.|en
408|9|23|23|若忽然遭殺害之禍，他必戲笑無辜的人遇難。|zh
409|9|23|23|If death comes suddenly through disease, he makes sport of the fate of those who have done no wrong.|en
410|9|24|24|世界交在惡人手中；蒙蔽世界審判官的臉，若不是他，是誰呢？|zh
411|9|24|24|The land is given into the power of the evil-doer; the faces of its judges are covered; if not by him, then who has done it?|en
412|9|25|25|我的日子比跑信的更快，急速過去，不見福樂。|zh
413|9|25|25|My days go quicker than a post-runner: they go in flight, they see no good.|en
414|9|26|26|我的日子過去如快船，如急落抓食的鷹。|zh
415|9|26|26|They go rushing on like reed-boats, like an eagle dropping suddenly on its food.|en
416|9|27|27|我若說：我要忘記我的哀情，除去我的愁容，心中暢快；|zh
417|9|27|27|If I say, I will put my grief out of mind, I will let my face be sad no longer and I will be bright;|en
418|9|28|28|我因愁苦而懼怕，知道你必不以我為無辜。|zh
419|9|28|28|I go in fear of all my pains; I am certain that I will not be free from sin in your eyes.|en
420|9|29|29|我必被你定為有罪，我何必徒然勞苦呢？|zh
421|9|29|29|You will not let me be clear of sin! why then do I take trouble for nothing?|en
422|9|30|30|我若用雪水洗身，用鹼潔淨我的手，|zh
423|9|30|30|If I am washed with snow water, and make my hands clean with soap;|en
424|9|31|31|你還要扔我在坑裡，我的衣服都憎惡我。|zh
425|9|31|31|Then you will have me pushed into the dust, so that I will seem disgusting to my very clothing.|en
426|9|32|32|他本不像我是人，使我可以回答他，又使我們可以同聽審判。|zh
427|9|32|32|For he is not a man as I am, that I might give him an answer, that we might come together before a judge.|en
428|9|33|33|我們中間沒有聽訟的人可以向我們兩造按手。|zh
429|9|33|33|There is no one to give a decision between us, who might have control over us.|en
430|9|34|34|願他把杖離開我，不使驚惶威嚇我。|zh
431|9|34|34|Let him take away his rod from me and not send his fear on me:|en
432|9|35|35|我就說話，也不懼怕他，現在我卻不是那樣。|zh
433|9|35|35|Then I would say what is in my mind without fear of him; for there is no cause of fear in myself.|en
434|10|1|1|我厭煩我的性命，必由著自己述說我的哀情；因心裡苦惱，我要說話，|zh
435|10|1|1|My soul is tired of life; I will let my sad thoughts go free in words; my soul will make a bitter outcry.|en
436|10|2|2|對神說：不要定我有罪，要指示我，你為何與我爭辯？|zh
437|10|2|2|I will say to God, Do not put me down as a sinner; make clear to me what you have against me.|en
438|10|3|3|你手所造的，你又欺壓，又藐視，卻光照惡人的計謀。這事你以為美麼？|zh
439|10|3|3|What profit is it to you to be cruel, to give up the work of your hands, looking kindly on the design of evil-doers?|en
440|10|4|4|你的眼豈是肉眼？你查看豈像人查看麼？|zh
441|10|4|4|Have you eyes of flesh, or do you see as man sees?|en
442|10|5|5|你的日子豈像人的日子，你的年歲豈像人的年歲，|zh
443|10|5|5|Are your days as the days of man, or your years like his,|en
444|10|6|6|就追問我的罪孽，尋察我的罪過麼？|zh
445|10|6|6|That you take note of my sin, searching after my wrongdoing,|en
446|10|7|7|其實，你知道我沒有罪惡，並沒有能救我脫離你手的。|zh
447|10|7|7|Though you see that I am not an evil-doer; and there is no one who is able to take a man out of your hands?|en
448|10|8|8|你的手創造我，造就我的四肢百體，你還要毀滅我。|zh
449|10|8|8|Your hands made me, and I was formed by you, but then, changing your purpose, you gave me up to destruction.|en
450|10|9|9|求你記念─製造我如摶泥一般，你還要使我歸於塵土麼？|zh
451|10|9|9|O keep in mind that you made me out of earth; and will you send me back again to dust?|en
452|10|10|10|你不是倒出我來好像奶，使我凝結如同奶餅麼？|zh
453|10|10|10|Was I not drained out like milk, becoming hard like cheese?|en
454|10|11|11|你以皮和肉為衣給我穿上，用骨與筋把我全體聯絡。|zh
455|10|11|11|By you I was clothed with skin and flesh, and joined together with bones and muscles.|en
456|10|12|12|你將生命和慈愛賜給我；你也眷顧保全我的心靈。|zh
457|10|12|12|You have been kind to me, and your grace has been with me, and your care has kept my spirit safe.|en
458|10|13|13|然而，你待我的這些事早已藏在你心裡；我知道你久有此意。|zh
459|10|13|13|But you kept these things in the secret of your heart; I am certain this was in your thoughts:|en
460|10|14|14|我若犯罪，你就察看我，並不赦免我的罪孽。|zh
461|10|14|14|That, if I did wrong, you would take note of it, and would not make me clear from sin:|en
462|10|15|15|我若行惡，便有了禍；我若為義，也不敢抬頭，正是滿心羞愧，眼見我的苦情。|zh
463|10|15|15|That, if I was an evil-doer, the curse would come on me; and if I was upright, my head would not be lifted up, being full of shame and overcome with trouble.|en
464|10|16|16|我若昂首自得，你就追捕我如獅子，又在我身上顯出奇能。|zh
465|10|16|16|And that if there was cause for pride, you would go after me like a lion; and again put out your wonders against me:|en
466|10|17|17|你重立見證攻擊我，向我加增惱怒，如軍兵更換著攻擊我。|zh
467|10|17|17|That you would send new witnesses against me, increasing your wrath against me, and letting loose new armies on me.|en
468|10|18|18|你為何使我出母胎呢？不如我當時氣絕，無人得見我；|zh
469|10|18|18|Why then did you make me come out of my mother's body? It would have been better for me to have taken my last breath, and for no eye to have seen me,|en
470|10|19|19|這樣，就如沒有我一般，一出母胎就被送入墳墓。|zh
471|10|19|19|And for me to have been as if I had not been; to have been taken from my mother's body straight to my last resting-place.|en
472|10|20|20,21 |我的日子不是甚少麼？求你停手寬容我，叫我在往而不返之先─就是往黑暗和死蔭之地以先─可以稍得暢快。|zh
473|10|20|20|Are not the days of my life small in number? Let your eyes be turned away from me, so that I may have a little pleasure,|en
474|10|21|21|Before I go to the place from which I will not come back, to the land where all is dark and black,|en
475|10|22|22|那地甚是幽暗，是死蔭混沌之地；那裡的光好像幽暗。|zh
476|10|22|22|A land of thick dark, without order, where the very light is dark.|en
477|11|1|1|拿瑪人瑣法回答說：|zh
478|11|1|1|Then Zophar the Naamathite made answer and said,|en
479|11|2|2|這許多的言語豈不該回答麼？多嘴多舌的人豈可稱為義麼？|zh
480|11|2|2|Are all these words to go unanswered? and is a man seen to be right because he is full of talk?|en
481|11|3|3|你誇大的話豈能使人不作聲麼？你戲笑的時候豈沒有人叫你害羞麼？|zh
482|11|3|3|Are your words of pride to make men keep quiet? and are you to make sport, with no one to put you to shame?|en
483|11|4|4|你說：我的道理純全；我在你眼前潔淨。|zh
484|11|4|4|You may say, My way is clean, and I am free from sin in your eyes.|en
485|11|5|5|惟願神說話；願他開口攻擊你，|zh
486|11|5|5|But if only God would take up the word, opening his lips in argument with you;|en
487|11|6|6|並將智慧的奧祕指示你；他有諸般的智識。所以當知道神追討你比你罪孽該得的還少。|zh
488|11|6|6|And would make clear to you the secrets of wisdom, and the wonders of his purpose!|en
489|11|7|7|你考察就能測透神嗎？你豈能盡情測透全能者嗎？|zh
490|11|7|7|Are you able to take God's measure, to make discovery of the limits of the Ruler of all?|en
491|11|8|8|他的智慧高於天，你還能做甚麼？深於陰間，你還能知道甚麼？|zh
492|11|8|8|They are higher than heaven; what is there for you to do? deeper than the underworld, and outside your knowledge;|en
493|11|9|9|其量比地長，比海寬。|zh
494|11|9|9|Longer in measure than the earth, and wider than the sea.|en
495|11|10|10|他若經過，將人拘禁，招人受審，誰能阻擋他呢？|zh
496|11|10|10|If he goes on his way, shutting a man up and putting him to death, who may make him go back from his purpose?|en
497|11|11|11|他本知道虛妄的人；人的罪孽，他雖不留意，還是無所不見。|zh
498|11|11|11|For in his eyes men are as nothing; he sees evil and takes note of it.|en
499|11|12|12|空虛的人卻毫無知識；人生在世好像野驢的駒子。|zh
500|11|12|12|And so a hollow-minded man will get wisdom, when a young ass of the field gets teaching.|en
501|11|13|13|你若將心安正，又向主舉手；|zh
502|11|13|13|But if you put your heart right, stretching out your hands to him;|en
503|11|14|14|你手裡若有罪孽，就當遠遠地除掉，也不容非義住在你帳棚之中。|zh
504|11|14|14|If you put far away the evil of your hands, and let no wrongdoing have a place in your tent;|en
505|11|15|15|那時，你必仰起臉來毫無斑點；你也必堅固，無所懼怕。|zh
506|11|15|15|Then truly your face will be lifted up, with no mark of sin, and you will be fixed in your place without fear:|en
507|11|16|16|你必忘記你的苦楚，就是想起也如流過去的水一樣。|zh
508|11|16|16|For your sorrow will go from your memory, like waters flowing away:|en
509|11|17|17|你在世的日子要比正午更明，雖有黑暗仍像早晨。|zh
510|11|17|17|And your life will be brighter than day; though it is dark, it will become like the morning.|en
511|11|18|18|你因有指望就必穩固，也必四圍巡查，坦然安息。|zh
512|11|18|18|And you will be safe because there is hope; after looking round, you will take your rest in quiet;|en
513|11|19|19|你躺臥，無人驚嚇，且有許多人向你求恩。|zh
514|11|19|19|Sleeping with no fear of danger; and men will be desiring to have grace in your eyes;|en
515|11|20|20|但惡人的眼目必要失明。他們無路可逃；他們的指望就是氣絕。|zh
516|11|20|20|But the eyes of the evil-doers will be wasting away; their way of flight is gone, and their only hope is the taking of their last breath.|en
517|12|1|1|約伯回答說：|zh
518|12|1|1|And Job made answer and said,|en
519|12|2|2|你們真是子民哪，你們死亡，智慧也就滅沒了。|zh
520|12|2|2|No doubt you have knowledge, and wisdom will come to an end with you.|en
521|12|3|3|但我也有聰明，與你們一樣，並非不及你們。你們所說的，誰不知道呢？|zh
522|12|3|3|But I have a mind as well as you; I am equal to you: yes, who has not knowledge of such things as these?|en
523|12|4|4|我這求告神、蒙他應允的人竟成了朋友所譏笑的；公義完全人竟受了人的譏笑。|zh
524|12|4|4|It seems that I am to be as one who is a cause of laughing to his neighbour, one who makes his prayer to God and is answered! the upright man who has done no wrong is to be made sport of!|en
525|12|5|5|安逸的人心裡藐視災禍；這災禍常常等待滑腳的人。|zh
526|12|5|5|In the thought of him who is in comfort there is no respect for one who is in trouble; such is the fate of those whose feet are slipping.|en
527|12|6|6|強盜的帳棚興旺，惹神的人穩固，神多將財物送到他們手中。|zh
528|12|6|6|There is wealth in the tents of those who make destruction, and those by whom God is moved to wrath are safe; even those whose god is their strength.|en
529|12|7|7|你且問走獸，走獸必指教你；又問空中的飛鳥，飛鳥必告訴你；|zh
530|12|7|7|But put now a question to the beasts, and get teaching from them; or to the birds of the heaven, and they will make it clear to you;|en
531|12|8|8|或與地說話，地必指教你；海中的魚也必向你說明。|zh
532|12|8|8|Or to the things which go flat on the earth, and they will give you wisdom; and the fishes of the sea will give you news of it.|en
533|12|9|9|看這一切，誰不知道是耶和華的手做成的呢？|zh
534|12|9|9|Who does not see by all these that the hand of the Lord has done this?|en
535|12|10|10|凡活物的生命和人類的氣息都在他手中。|zh
536|12|10|10|In whose hand is the soul of every living thing, and the breath of all flesh of man.|en
537|12|11|11|耳朵豈不試驗言語，正如上膛嘗食物麼？|zh
538|12|11|11|Are not words tested by the ear, even as food is tasted by the mouth?|en
539|12|12|12|年老的有智慧；壽高的有知識。|zh
540|12|12|12|Old men have wisdom, and a long life gives knowledge.|en
541|12|13|13|在神有智慧和能力；他有謀略和知識。|zh
542|12|13|13|With him there is wisdom and strength; power and knowledge are his.|en
543|12|14|14|他拆毀的，就不能再建造；他捆住人，便不得開釋。|zh
544|12|14|14|Truly, there is no building up of what is pulled down by him; when a man is shut up by him, no one may let him loose.|en
545|12|15|15|他把水留住，水便枯乾；他再發出水來，水就翻地。|zh
546|12|15|15|Truly, he keeps back the waters and they are dry; he sends them out and the earth is overturned.|en
547|12|16|16|在他有能力和智慧，被誘惑的與誘惑人的都是屬他。|zh
548|12|16|16|With him are strength and wise designs; he who is guided into error, together with his guide, are in his hands;|en
549|12|17|17|他把謀士剝衣擄去，又使審判官變成愚人。|zh
550|12|17|17|He takes away the wisdom of the wise guides, and makes judges foolish;|en
551|12|18|18|他放鬆君王的綁，又用帶子捆他們的腰。|zh
552|12|18|18|He undoes the chains of kings, and puts his band on them;|en
553|12|19|19|他把祭司剝衣擄去，又使有能的人傾敗。|zh
554|12|19|19|He makes priests prisoners, overturning those in safe positions;|en
555|12|20|20|他廢去忠信人的講論，又奪去老人的聰明。|zh
556|12|20|20|He makes the words of responsible persons without effect, and takes away the good sense of the old;|en
557|12|21|21|他使君王蒙羞被辱，放鬆有力之人的腰帶。|zh
558|12|21|21|He puts shame on chiefs, and takes away the power of the strong;|en
559|12|22|22|他將深奧的事從黑暗中彰顯，使死蔭顯為光明。|zh
560|12|22|22|Uncovering deep things out of the dark, and making the deep shade bright;|en
561|12|23|23|他使邦國興旺而又毀滅；他使邦國開廣而又擄去。|zh
562|12|23|23|Increasing nations, and sending destruction on them; making wide the lands of peoples, and then giving them up.|en
563|12|24|24|他將地上民中首領的聰明奪去，使他們在荒廢無路之地漂流；|zh
564|12|24|24|He takes away the wisdom of the rulers of the earth, and sends them wandering in a waste where there is no way.|en
565|12|25|25|他們無光，在黑暗中摸索，又使他們東倒西歪，像醉酒的人一樣。|zh
566|12|25|25|They go feeling about in the dark without light, wandering without help like those overcome with wine.|en
567|13|1|1|這一切，我眼都見過；我耳都聽過，而且明白。|zh
568|13|1|1|Truly, my eye has seen all this, word of it has come to my ear, and I have knowledge of it.|en
569|13|2|2|你們所知道的，我也知道，並非不及你們。|zh
570|13|2|2|The same things are in my mind as in yours; I am equal to you.|en
571|13|3|3|我真要對全能者說話；我願與神理論。|zh
572|13|3|3|But I would have talk with the Ruler of all, and my desire is to have an argument with God.|en
573|13|4|4|你們是編造謊言的，都是無用的醫生。|zh
574|13|4|4|But you put a false face on things; all your attempts to put things right are of no value.|en
575|13|5|5|惟願你們全然不作聲；這就算為你們的智慧！|zh
576|13|5|5|If only you would keep quiet, it would be a sign of wisdom!|en
577|13|6|6|請你們聽我的辯論，留心聽我口中的分訴。|zh
578|13|6|6|Give ear to the argument of my mouth, and take note of the words of my lips.|en
579|13|7|7|你們要為神說不義的話麼？為他說詭詐的言語麼？|zh
580|13|7|7|Will you say in God's name what is not right, and put false words into his mouth?|en
581|13|8|8|你們要為神徇情麼？要為他爭論麼？|zh
582|13|8|8|Will you have respect for God's person in this cause, and put yourselves forward as his supporters?|en
583|13|9|9|他查出你們來，這豈是好麼？人欺哄人，你們也要照樣欺哄他麼？|zh
584|13|9|9|Will it be good for you to be searched out by him, or have you the thought that he may be guided into error like a man?|en
585|13|10|10|你們若暗中徇情，他必要責備你們。|zh
586|13|10|10|He will certainly put you right, if you have respect for persons in secret.|en
587|13|11|11|他的尊榮豈不叫你們懼怕麼？他的驚嚇豈不臨到你們麼？|zh
588|13|11|11|Will not his glory put you in fear, so that your hearts will be overcome before him?|en
589|13|12|12|你們以為可記念的箴言是爐灰的箴言；你們以為可靠的堅壘是淤泥的堅壘。|zh
590|13|12|12|Your wise sayings are only dust, and your strong places are only earth.|en
591|13|13|13|你們不要作聲，任憑我罷！讓我說話，無論如何我都承當。|zh
592|13|13|13|Keep quiet, and let me say what is in my mind, whatever may come to me.|en
593|13|14|14|我何必把我的肉掛在牙上，將我的命放在手中。|zh
594|13|14|14|I will take my flesh in my teeth, and put my life in my hand.|en
595|13|15|15|他必殺我；我雖無指望，然而我在他面前還要辯明我所行的。|zh
596|13|15|15|Truly, he will put an end to me; I have no hope; but I will not give way in argument before him;|en
597|13|16|16|這要成為我的拯救，因為不虔誠的人不得到他面前。|zh
598|13|16|16|And that will be my salvation, for an evil-doer would not come before him,|en
599|13|17|17|你們要細聽我的言語，使我所辯論的入你們的耳中。|zh
600|13|17|17|Give ear with care to my words, and keep what I say in your minds.|en
601|13|18|18|我已陳明我的案，知道自己有義。|zh
602|13|18|18|See now, I have put my cause in order, and I am certain that I will be seen to be right.|en
603|13|19|19|有誰與我爭論，我就情願緘默不言，氣絕而亡。|zh
604|13|19|19|Is any one able to take up the argument against me? If so, I would keep quiet and give up my breath.|en
605|13|20|20|惟有兩件不要向我施行，我就不躲開你的面：|zh
606|13|20|20|Only two things do not do to me, then I will come before your face:|en
607|13|21|21|就是把你的手縮回，遠離我身；又不使你的驚惶威嚇我。|zh
608|13|21|21|Take your hand far away from me; and let me not be overcome by fear of you.|en
609|13|22|22|這樣，你呼叫，我就回答；或是讓我說話，你回答我。|zh
610|13|22|22|Then at the sound of your voice I will give answer; or let me put forward my cause for you to give me an answer.|en
611|13|23|23|我的罪孽和罪過有多少呢？求你叫我知道我的過犯與罪愆。|zh
612|13|23|23|What is the number of my evil-doings and my sins? give me knowledge of them.|en
613|13|24|24|你為何掩面、拿我當仇敵呢？|zh
614|13|24|24|Why is your face veiled from me, as if I was numbered among your haters?|en
615|13|25|25|你要驚動被風吹的葉子麼？要追趕枯乾的碎秸麼？|zh
616|13|25|25|Will you be hard on a leaf in flight before the wind? will you make a dry stem go more quickly on its way?|en
617|13|26|26|你按罪狀刑罰我，又使我擔當幼年的罪孽；|zh
618|13|26|26|For you put bitter things on record against me, and send punishment on me for the sins of my early years;|en
619|13|27|27|也把我的腳上了木狗，並窺察我一切的道路，為我的腳掌劃定界限。|zh
620|13|27|27|And you put chains on my feet, watching all my ways, and making a limit for my steps;|en
621|13|28|28|我已經像滅絕的爛物，像蟲蛀的衣裳。|zh
622|13|28|28|Though a man comes to nothing like a bit of dead wood, or like a robe which has become food for the worm.|en
623|14|1|1|人為婦人所生，日子短少，多有患難；|zh
624|14|1|1|As for man, the son of woman, his days are short and full of trouble.|en
625|14|2|2|出來如花，又被割下，飛去如影，不能存留。|zh
626|14|2|2|He comes out like a flower, and is cut down: he goes in flight like a shade, and is never seen again.|en
627|14|3|3|這樣的人你豈睜眼看他麼？又叫我來受審麼？|zh
628|14|3|3|Is it on such a one as this that your eyes are fixed, with the purpose of judging him?|en
629|14|4|4|誰能使潔淨之物出於污穢之中呢？無論誰也不能！|zh
630|14|4|4|If only a clean thing might come out of an unclean! But it is not possible.|en
631|14|5|5|人的日子既然限定，他的月數在你那裡，你也派定他的界限，使他不能越過，|zh
632|14|5|5|If his days are ordered, and you have knowledge of the number of his months, having given him a fixed limit past which he may not go;|en
633|14|6|6|便求你轉眼不看他，使他得歇息，直等他像雇工人完畢他的日子。|zh
634|14|6|6|Let your eyes be turned away from him, and take your hand from him, so that he may have pleasure at the end of his day, like a servant working for payment.|en
635|14|7|7|樹若被砍下，還可指望發芽，嫩枝生長不息；|zh
636|14|7|7|For there is hope of a tree; if it is cut down, it will come to life again, and its branches will not come to an end.|en
637|14|8|8|其根雖然衰老在地裡，幹也死在土中，|zh
638|14|8|8|Though its root may be old in the earth, and its cut-off end may be dead in the dust;|en
639|14|9|9|及至得了水氣，還要發芽，又長枝條，像新栽的樹一樣。|zh
640|14|9|9|Still, at the smell of water, it will make buds, and put out branches like a young plant.|en
641|14|10|10|但人死亡而消滅；他氣絕，竟在何處呢？|zh
642|14|10|10|But man comes to his death and is gone: he gives up his spirit, and where is he?|en
643|14|11|11|海中的水絕盡，江河消散乾涸。|zh
644|14|11|11|The waters go from a pool, and a river becomes waste and dry;|en
645|14|12|12|人也是如此，躺下不再起來，等到天沒有了，仍不得復醒，也不得從睡中喚醒。|zh
646|14|12|12|So man goes down to his last resting-place and comes not again: till the heavens come to an end, they will not be awake or come out of their sleep.|en
647|14|13|13|惟願你把我藏在陰間，存於隱密處，等你的忿怒過去；願你為我定了日期，記念我。|zh
648|14|13|13|If only you would keep me safe in the underworld, putting me in a secret place till your wrath is past, giving me a fixed time when I might come to your memory again!|en
649|14|14|14|人若死了豈能再活呢？我只要在我一切爭戰的日子，等我被釋放（或譯：改變）的時候來到。|zh
650|14|14|14|If death takes a man, will he come to life again? All the days of my trouble I would be waiting, till the time came for me to be free.|en
651|14|15|15|你呼叫，我便回答；你手所做的，你必羨慕。|zh
652|14|15|15|At the sound of your voice I would give an answer, and you would have a desire for the work of your hands.|en
653|14|16|16|但如今你數點我的腳步，豈不窺察我的罪過麼？|zh
654|14|16|16|For now my steps are numbered by you, and my sin is not overlooked.|en
655|14|17|17|我的過犯被你封在囊中，也縫嚴了我的罪孽。|zh
656|14|17|17|My wrongdoing is corded up in a bag, and my sin is shut up safe.|en
657|14|18|18|山崩變為無有；磐石挪開原處。|zh
658|14|18|18|But truly a mountain falling comes to dust, and a rock is moved from its place;|en
659|14|19|19|水流消磨石頭，所流溢的洗去地上的塵土；你也照樣滅絕人的指望。|zh
660|14|19|19|The stones are crushed small by the force of the waters; the dust of the earth is washed away by their overflowing: and so you put an end to the hope of man.|en
661|14|20|20|你攻擊人常常得勝，使他去世；你改變他的容貌，叫他往而不回。|zh
662|14|20|20|You overcome him for ever, and he is gone; his face is changed in death, and you send him away.|en
663|14|21|21|他兒子得尊榮，他也不知道，降為卑，他也不覺得。|zh
664|14|21|21|His sons come to honour, and he has no knowledge of it; they are made low, but he is not conscious of it.|en
665|14|22|22|但知身上疼痛，心中悲哀。|zh
666|14|22|22|Only his flesh still has pain, and his soul is sad.|en
667|15|1|1|提幔人以利法回答說：|zh
668|15|1|1|And Eliphaz the Temanite made answer and said,|en
669|15|2|2|智慧人豈可用虛空的知識回答，用東風充滿肚腹呢？|zh
670|15|2|2|Will a wise man make answer with knowledge of no value, or will he give birth to the east wind?|en
671|15|3|3|他豈可用無益的話和無濟於事的言語理論呢？|zh
672|15|3|3|Will he make arguments with words in which is no profit, and with sayings which have no value?|en
673|15|4|4|你是廢棄敬畏的意，在神面前阻止敬虔的心。|zh
674|15|4|4|Truly, you make the fear of God without effect, so that the time of quiet worship before God is made less by your outcry.|en
675|15|5|5|你的罪孽指教你的口；你選用詭詐人的舌頭。|zh
676|15|5|5|For your mouth is guided by your sin, and you have taken the tongue of the false for yourself.|en
677|15|6|6|你自己的口定你有罪，並非是我；你自己的嘴見證你的不是。|zh
678|15|6|6|It is by your mouth, even yours, that you are judged to be in the wrong, and not by me; and your lips give witness against you.|en
679|15|7|7|你豈是頭一個被生的人麼？你受造在諸山之先麼？|zh
680|15|7|7|Were you the first man to come into the world? or did you come into being before the hills?|en
681|15|8|8|你曾聽見神的密旨麼？你還將智慧獨自得盡麼？|zh
682|15|8|8|Were you present at the secret meeting of God? and have you taken all wisdom for yourself?|en
683|15|9|9|你知道甚麼是我們不知道的呢？你明白甚麼是我們不明白的呢？|zh
684|15|9|9|What knowledge have you which we have not? is there anything in your mind which is not in ours?|en
685|15|10|10|我們這裡有白髮的和年紀老邁的，比你父親還老。|zh
686|15|10|10|With us are men who are grey-haired and full of years, much older than your father.|en
687|15|11|11|神用溫和的話安慰你，你以為太小麼？|zh
688|15|11|11|Are the comforts of God not enough for you, and the gentle word which was said to you?|en
689|15|12|12|你的心為何將你逼去？你的眼為何冒出火星，|zh
690|15|12|12|Why is your heart uncontrolled, and why are your eyes lifted up;|en
691|15|13|13|使你的靈反對神，也任你的口發這言語？|zh
692|15|13|13|So that you are turning your spirit against God, and letting such words go out of your mouth?|en
693|15|14|14|人是甚麼，竟算為潔淨呢？婦人所生的是甚麼，竟算為義呢？|zh
694|15|14|14|What is man, that he may be clean? and how may the son of woman be upright?|en
695|15|15|15|神不信靠他的眾聖者；在他眼前，天也不潔淨，|zh
696|15|15|15|Truly, he puts no faith in his holy ones, and the heavens are not clean in his eyes;|en
697|15|16|16|何況那污穢可憎、喝罪孽如水的世人呢！|zh
698|15|16|16|How much less one who is disgusting and unclean, a man who takes in evil like water!|en
699|15|17|17|我指示你，你要聽；我要述說所看見的，|zh
700|15|17|17|Take note and give ear to my words; and I will say what I have seen:|en
701|15|18|18|就是智慧人從列祖所受，傳說而不隱瞞的。|zh
702|15|18|18|(The things which wise men have got from their fathers, and have not kept secret from us;|en
703|15|19|19|（這地惟獨賜給他們，並沒有外人從他們中間經過。）|zh
704|15|19|19|For only to them was the land given, and no strange people were among them:)|en
705|15|20|20|惡人一生之日劬勞痛苦；強暴人一生的年數也是如此。|zh
706|15|20|20|The evil man is in pain all his days, and the number of the years stored up for the cruel is small.|en
707|15|21|21|驚嚇的聲音常在他耳中；在平安時，搶奪的必臨到他那裡。|zh
708|15|21|21|A sound of fear is in his ears; in time of peace destruction will come on him:|en
709|15|22|22|他不信自己能從黑暗中轉回；他被刀劍等候。|zh
710|15|22|22|He has no hope of coming safe out of the dark, and his fate will be the sword;|en
711|15|23|23|他漂流在外求食，說：哪裡有食物呢？他知道黑暗的日子在他手邊預備好了。|zh
712|15|23|23|He is wandering about in search of bread, saying, Where is it? and he is certain that the day of trouble is ready for him:|en
713|15|24|24|急難困苦叫他害怕，而且勝了他，好像君王預備上陣一樣。|zh
714|15|24|24|He is greatly in fear of the dark day, trouble and pain overcome him:|en
715|15|25|25|他伸手攻擊神，以驕傲攻擊全能者，|zh
716|15|25|25|Because his hand is stretched out against God, and his heart is lifted up against the Ruler of all,|en
717|15|26|26|挺著頸項，用盾牌的厚凸面向全能者直闖；|zh
718|15|26|26|Running against him like a man of war, covered by his thick breastplate; even like a king ready for the fight,|en
719|15|27|27|是因他的臉蒙上脂油，腰積成肥肉。|zh
720|15|27|27|Because his face is covered with fat, and his body has become thick;|en
721|15|28|28|他曾住在荒涼城邑，無人居住、將成亂堆的房屋。|zh
722|15|28|28|And he has made his resting-place in the towns which have been pulled down, in houses where no man had a right to be, whose fate was to become masses of broken walls.|en
723|15|29|29|他不得富足，財物不得常存，產業在地上也不加增。|zh
724|15|29|29|He does not get wealth for himself, and is unable to keep what he has got; the heads of his grain are not bent down to the earth.|en
725|15|30|30|他不得出離黑暗。火燄要將他的枝子燒乾；因神口中的氣，他要滅亡（原文是走去）。|zh
726|15|30|30|He does not come out of the dark; his branches are burned by the flame, and the wind takes away his bud.|en
727|15|31|31|他不用倚靠虛假欺哄自己，因虛假必成為他的報應。|zh
728|15|31|31|Let him not put his hope in what is false, falling into error: for he will get deceit as his reward.|en
729|15|32|32|他的日期未到之先，這事必成就；他的枝子不得青綠。|zh
730|15|32|32|His branch is cut off before its time, and his leaf is no longer green.|en
731|15|33|33|他必像葡萄樹的葡萄，未熟而落；又像橄欖樹的花，一開而謝。|zh
732|15|33|33|He is like a vine whose grapes do not come to full growth, or an olive-tree dropping its flowers.|en
733|15|34|34|原來不敬虔之輩必無生育；受賄賂之人的帳棚必被火燒。|zh
734|15|34|34|For the band of the evil-doers gives no fruit, and the tents of those who give wrong decisions for reward are burned with fire.|en
735|15|35|35|他們所懷的是毒害，所生的是罪孽；心裡所預備的是詭詐。|zh
736|15|35|35|Evil has made them with child, and they give birth to trouble; and the fruit of their body is shame for themselves.|en
737|16|1|1|約伯回答說：|zh
738|16|1|1|And Job made answer and said,|en
739|16|2|2|這樣的話我聽了許多；你們安慰人，反叫人愁煩。|zh
740|16|2|2|Such things have frequently come to my ears: you are comforters who only give trouble.|en
741|16|3|3|虛空的言語有窮盡麼？有甚麼話惹動你回答呢？|zh
742|16|3|3|May words which are like the wind be stopped? or what is troubling you to make answer to them?|en
743|16|4|4|我也能說你們那樣的話；你們若處在我的境遇，我也會聯絡言語攻擊你們，又能向你們搖頭。|zh
744|16|4|4|It would not be hard for me to say such things if your souls were in my soul's place; joining words together against you, and shaking my head at you:|en
745|16|5|5|但我必用口堅固你們，用嘴消解你們的憂愁。|zh
746|16|5|5|I might give you strength with my mouth, and not keep back the comfort of my lips.|en
747|16|6|6|我雖說話，憂愁仍不得消解；我雖停住不說，憂愁就離開我麼？|zh
748|16|6|6|If I say what is in my mind, my pain becomes no less: and if I keep quiet, how much of it goes from me?|en
749|16|7|7|但現在神使我困倦，使親友遠離我，|zh
750|16|7|7|But now he has overcome me with weariness and fear, and I am in the grip of all my trouble.|en
751|16|8|8|又抓住我，作見證攻擊我；我身體的枯瘦也當面見證我的不是。|zh
752|16|8|8|It has come up as a witness against me, and the wasting of my flesh makes answer to my face.|en
753|16|9|9|主發怒撕裂我，逼迫我，向我切齒；我的敵人怒目看我。|zh
754|16|9|9|I am broken by his wrath, and his hate has gone after me; he has made his teeth sharp against me: my haters are looking on me with cruel eyes;|en
755|16|10|10|他們向我開口，打我的臉羞辱我，聚會攻擊我。|zh
756|16|10|10|Their mouths are open wide against me; the blows of his bitter words are falling on my face; all of them come together in a mass against me.|en
757|16|11|11|神把我交給不敬虔的人，把我扔到惡人的手中。|zh
758|16|11|11|God gives me over to the power of sinners, sending me violently into the hands of evil-doers.|en
759|16|12|12|我素來安逸，他折斷我，掐住我的頸項，把我摔碎，又立我為他的箭靶子。|zh
760|16|12|12|I was in comfort, but I have been broken up by his hands; he has taken me by the neck, shaking me to bits; he has put me up as a mark for his arrows.|en
761|16|13|13|他的弓箭手四面圍繞我；他破裂我的肺腑，並不留情，把我的膽傾倒在地上，|zh
762|16|13|13|His bowmen come round about me; their arrows go through my body without mercy; my life is drained out on the earth.|en
763|16|14|14|將我破裂又破裂，如同勇士向我直闖。|zh
764|16|14|14|I am broken with wound after wound; he comes rushing on me like a man of war.|en
765|16|15|15|我縫麻布在我皮膚上，把我的角放在塵土中。|zh
766|16|15|15|I have made haircloth the clothing of my skin, and my horn is rolled in the dust.|en
767|16|16|16|我的臉因哭泣發紫，在我的眼皮上有死蔭。|zh
768|16|16|16|My face is red with weeping, and my eyes are becoming dark;|en
769|16|17|17|我的手中卻無強暴；我的祈禱也是清潔。|zh
770|16|17|17|Though my hands have done no violent acts, and my prayer is clean.|en
771|16|18|18|地啊，不要遮蓋我的血！不要阻擋我的哀求！|zh
772|16|18|18|O earth, let not my blood be covered, and let my cry have no resting-place!|en
773|16|19|19|現今，在天有我的見證，在上有我的中保。|zh
774|16|19|19|Even now my witness is in heaven, and the supporter of my cause is on high.|en
775|16|20|20|我的朋友譏誚我，我卻向神眼淚汪汪。|zh
776|16|20|20|My friends make sport of me; to God my eyes are weeping,|en
777|16|21|21|願人得與神辯白，如同人與朋友辯白一樣；|zh
778|16|21|21|So that he may give decision for a man in his cause with God, and between a son of man and his neighbour.|en
779|16|22|22|因為再過幾年，我必走那往而不返之路。|zh
780|16|22|22|For in a short time I will take the journey from which I will not come back.|en
781|17|1|1|我的心靈消耗，我的日子滅盡；墳墓為我預備好了。|zh
782|17|1|1|My spirit is broken, my days are ended, the last resting-place is ready for me.|en
783|17|2|2|真有戲笑我的在我這裡，我眼常見他們惹動我。|zh
784|17|2|2|Truly, those who make sport of me are round about me, and my eyes become dark because of their bitter laughing.|en
785|17|3|3|願主拿憑據給我，自己為我作保。在你以外誰肯與我擊掌呢？|zh
786|17|3|3|Be pleased, now, to be responsible for me to yourself; for there is no other who will put his hand in mine.|en
787|17|4|4|因你使他們心不明理，所以你必不高舉他們。|zh
788|17|4|4|You have kept their hearts from wisdom: for this cause you will not give them honour.|en
789|17|5|5|控告他的朋友、以朋友為可搶奪的，連他兒女的眼睛也要失明。|zh
790|17|5|5|As for him who is false to his friend for a reward, light will be cut off from the eyes of his children.|en
791|17|6|6|神使我作了民中的笑談；他們也吐唾沫在我臉上。|zh
792|17|6|6|He has made me a word of shame to the peoples; I have become a mark for their sport.|en
793|17|7|7|我的眼睛因憂愁昏花；我的百體好像影兒。|zh
794|17|7|7|My eyes have become dark because of my pain, and all my body is wasted to a shade.|en
795|17|8|8|正直人因此必驚奇；無辜的人要興起攻擊不敬虔之輩。|zh
796|17|8|8|The upright are surprised at this, and he who has done no wrong is troubled because of the evil-doers.|en
797|17|9|9|然而，義人要持守所行的道；手潔的人要力上加力。|zh
798|17|9|9|Still the upright keeps on his way, and he who has clean hands gets new strength.|en
799|17|10|10|至於你們眾人，可以再來辯論罷！你們中間，我找不著一個智慧人。|zh
800|17|10|10|But come back, now, all of you, come; and I will not see a wise man among you.|en
801|17|11|11|我的日子已經過了；我的謀算、我心所想望的已經斷絕。|zh
802|17|11|11|My days are past, my purposes are broken off, even the desires of my heart.|en
803|17|12|12|他們以黑夜為白晝，說：亮光近乎黑暗。|zh
804|17|12|12|They are changing night into day; they say, The light is near the dark.|en
805|17|13|13|我若盼望陰間為我的房屋，若下榻在黑暗中，|zh
806|17|13|13|If I am waiting for the underworld as my house, if I have made my bed in the dark;|en
807|17|14|14|若對朽壞說：你是我的父；對蟲說：你是我的母親姊妹；|zh
808|17|14|14|If I say to the earth, You are my father; and to the worm, My mother and my sister;|en
809|17|15|15|這樣，我的指望在哪裡呢？我所指望的誰能看見呢？|zh
810|17|15|15|Where then is my hope? and who will see my desire?|en
811|17|16|16|等到安息在塵土中，這指望必下到陰間的門閂那裡了。|zh
812|17|16|16|Will they go down with me into the underworld? Will we go down together into the dust?|en
813|18|1|1|書亞人比勒達回答說：|zh
814|18|1|1|Then Bildad the Shuhite made answer and said,|en
815|18|2|2|你尋索言語要到幾時呢？你可以揣摩思想，然後我們就說話。|zh
816|18|2|2|How long will it be before you have done talking? Get wisdom, and then we will say what is in our minds.|en
817|18|3|3|我們為何算為畜生，在你眼中看作污穢呢？|zh
818|18|3|3|Why do we seem as beasts in your eyes, and as completely without knowledge?|en
819|18|4|4|你這惱怒將自己撕裂的，難道大地為你見棄、磐石挪開原處麼？|zh
820|18|4|4|But come back, now, come: you who are wounding yourself in your passion, will the earth be given up because of you, or a rock be moved out of its place?|en
821|18|5|5|惡人的亮光必要熄滅；他的火燄必不照耀。|zh
822|18|5|5|For the light of the sinner is put out, and the flame of his fire is not shining.|en
823|18|6|6|他帳棚中的亮光要變為黑暗；他以上的燈也必熄滅。|zh
824|18|6|6|The light is dark in his tent, and the light shining over him is put out.|en
825|18|7|7|他堅強的腳步必見狹窄；自己的計謀必將他絆倒。|zh
826|18|7|7|The steps of his strength become short, and by his design destruction overtakes him.|en
827|18|8|8|因為他被自己的腳陷入網中，走在纏人的網羅上。|zh
828|18|8|8|His feet take him into the net, and he goes walking into the cords.|en
829|18|9|9|圈套必抓住他的腳跟；機關必擒獲他。|zh
830|18|9|9|His foot is taken in the net; he comes into its grip.|en
831|18|10|10|活扣為他藏在土內；羈絆為他藏在路上。|zh
832|18|10|10|The twisted cord is put secretly in the earth to take him, and the cord is placed in his way.|en
833|18|11|11|四面的驚嚇要使他害怕，並且追趕他的腳跟。|zh
834|18|11|11|He is overcome by fears on every side, they go after him at every step.|en
835|18|12|12|他的力量必因飢餓衰敗；禍患要在他旁邊等候。|zh
836|18|12|12|His strength is made feeble for need of food, and destruction is waiting for his falling footstep.|en
837|18|13|13|他本身的肢體要被吞吃；死亡的長子要吞吃他的肢體。|zh
838|18|13|13|His skin is wasted by disease, and his body is food for the worst of diseases.|en
839|18|14|14|他要從所倚靠的帳棚被拔出來，帶到驚嚇的王那裡。|zh
840|18|14|14|He is pulled out of his tent where he was safe, and he is taken away to the king of fears.|en
841|18|15|15|不屬他的必住在他的帳棚裡；硫磺必撒在他所住之處。|zh
842|18|15|15|In his tent will be seen that which is not his, burning stone is dropped on his house.|en
843|18|16|16|下邊，他的根本要枯乾；上邊，他的枝子要剪除。|zh
844|18|16|16|Under the earth his roots are dry, and over it his branch is cut off.|en
845|18|17|17|他的記念在地上必然滅亡；他的名字在街上也不存留。|zh
846|18|17|17|His memory is gone from the earth, and in the open country there is no knowledge of his name.|en
847|18|18|18|他必從光明中被攆到黑暗裡，必被趕出世界。|zh
848|18|18|18|He is sent away from the light into the dark; he is forced out of the world.|en
849|18|19|19|在本民中必無子無孫；在寄居之地也無一人存留。|zh
850|18|19|19|He has no offspring or family among his people, and in his living-place there is no one of his name.|en
851|18|20|20|以後來的要驚奇他的日子，好像以前去的受了驚駭。|zh
852|18|20|20|At his fate those of the west are shocked, and those of the east are overcome with fear.|en
853|18|21|21|不義之人的住處總是這樣；此乃不認識神之人的地步。|zh
854|18|21|21|Truly, these are the houses of the sinner, and this is the place of him who has no knowledge of God.|en
855|19|1|1|約伯回答說：|zh
856|19|1|1|And Job made answer and said,|en
857|19|2|2|你們攪擾我的心，用言語壓碎我要到幾時呢？|zh
858|19|2|2|How long will you make my life bitter, crushing me with words?|en
859|19|3|3|你們這十次羞辱我；你們苦待我也不以為恥。|zh
860|19|3|3|Ten times now you have made sport of me; it gives you no sense of shame to do me wrong.|en
861|19|4|4|果真我有錯，這錯乃是在我。|zh
862|19|4|4|And, truly, if I have been in error, the effect of my error is only on myself.|en
863|19|5|5|你們果然要向我誇大，以我的羞辱為證指責我，|zh
864|19|5|5|If you make yourselves great against me, using my punishment as an argument against me,|en
865|19|6|6|就該知道是神傾覆我，用網羅圍繞我。|zh
866|19|6|6|Be certain that it is God who has done me wrong, and has taken me in his net.|en
867|19|7|7|我因委曲呼叫，卻不蒙應允；我呼求，卻不得公斷。|zh
868|19|7|7|Truly, I make an outcry against the violent man, but there is no answer: I give a cry for help, but no one takes up my cause.|en
869|19|8|8|神用籬笆攔住我的道路，使我不得經過；又使我的路徑黑暗。|zh
870|19|8|8|My way is walled up by him so that I may not go by: he has made my roads dark.|en
871|19|9|9|他剝去我的榮光，摘去我頭上的冠冕。|zh
872|19|9|9|He has put off my glory from me, and taken the crown from my head.|en
873|19|10|10|他在四圍攻擊我，我便歸於死亡，將我的指望如樹拔出來。|zh
874|19|10|10|I am broken down by him on every side, and I am gone; my hope is uprooted like a tree.|en
875|19|11|11|他的忿怒向我發作，以我為敵人。|zh
876|19|11|11|His wrath is burning against me, and I am to him as one of his haters.|en
877|19|12|12|他的軍旅一齊上來，修築戰路攻擊我，在我帳棚的四圍安營。|zh
878|19|12|12|His armies come on together, they make their road high against me, and put up their tents round mine.|en
879|19|13|13|他把我的弟兄隔在遠處，使我所認識的全然與我生疏。|zh
880|19|13|13|He has taken my brothers far away from me; they have seen my fate and have become strange to me.|en
881|19|14|14|我的親戚與我斷絕；我的密友都忘記我。|zh
882|19|14|14|My relations and my near friends have given me up, and those living in my house have put me out of their minds.|en
883|19|15|15|在我家寄居的，和我的使女都以我為外人；我在他們眼中看為外邦人。|zh
884|19|15|15|I am strange to my women-servants, and seem to them as one from another country.|en
885|19|16|16|我呼喚僕人，雖用口求他，他還是不回答。|zh
886|19|16|16|At my cry my servant gives me no answer, and I have to make a prayer to him.|en
887|19|17|17|我口的氣味，我妻子厭惡；我的懇求，我同胞也憎嫌。|zh
888|19|17|17|My breath is strange to my wife, and I am disgusting to the offspring of my mother's body.|en
889|19|18|18|連小孩子也藐視我；我若起來，他們都嘲笑我。|zh
890|19|18|18|Even young children have no respect for me; when I get up their backs are turned on me.|en
891|19|19|19|我的密友都憎惡我；我平日所愛的人向我翻臉。|zh
892|19|19|19|All the men of my circle keep away from me; and those dear to me are turned against me.|en
893|19|20|20|我的皮肉緊貼骨頭；我只剩牙皮逃脫了。|zh
894|19|20|20|My bones are joined to my skin, and I have got away with my flesh in my teeth.|en
895|19|21|21|我朋友啊，可憐我！可憐我！因為神的手攻擊我。|zh
896|19|21|21|Have pity on me, have pity on me, O my friends! for the hand of God is on me.|en
897|19|22|22|你們為甚麼彷彿神逼迫我，吃我的肉還以為不足呢？|zh
898|19|22|22|Why are you cruel to me, like God, for ever saying evil against me?|en
899|19|23|23|惟願我的言語現在寫上，都記錄在書上；|zh
900|19|23|23|If only my words might be recorded! if they might be put in writing in a book!|en
901|19|24|24|用鐵筆鐫刻，用鉛灌在磐石上，直存到永遠。|zh
902|19|24|24|And with an iron pen and lead be cut into the rock for ever!|en
903|19|25|25|我知道我的救贖主活著，末了必站立在地上。|zh
904|19|25|25|But I am certain that he who will take up my cause is living, and that in time to come he will take his place on the dust;|en
905|19|26|26|我這皮肉滅絕之後，我必在肉體之外得見神。|zh
906|19|26|26|And ... without my flesh I will see God;|en
907|19|27|27|我自己要見他，親眼要看他，並不像外人。我的心腸在我裡面消滅了！|zh
908|19|27|27|Whom I will see on my side, and not as one strange to me. My heart is broken with desire.|en
909|19|28|28|你們若說：我們逼迫他要何等地重呢？惹事的根乃在乎他；|zh
910|19|28|28|If you say, How cruel we will be to him! because the root of sin is clearly in him:|en
911|19|29|29|你們就當懼怕刀劍；因為忿怒惹動刀劍的刑罰，使你們知道有報應（原文是審判）。|zh
912|19|29|29|Be in fear of the sword, for the sword is the punishment for such things, so that you may be certain that there is a judge.|en
913|20|1|1|拿瑪人瑣法回答說：|zh
914|20|1|1|Then Zophar the Naamathite made answer and said,|en
915|20|2|2|我心中急躁，所以我的思念叫我回答。|zh
916|20|2|2|For this cause my thoughts are troubling me and driving me on.|en
917|20|3|3|我已聽見那羞辱我，責備我的話；我的悟性叫我回答。|zh
918|20|3|3|I have to give ear to arguments which put me to shame, and your answers to me are wind without wisdom.|en
919|20|4|4|你豈不知亙古以來，自從人生在地，|zh
920|20|4|4|Have you knowledge of this from early times, when man was placed on the earth,|en
921|20|5|5|惡人誇勝是暫時的，不敬虔人的喜樂不過轉眼之間麼？|zh
922|20|5|5|That the pride of the sinner is short, and the joy of the evil-doer but for a minute?|en
923|20|6|6|他的尊榮雖達到天上，頭雖頂到雲中，|zh
924|20|6|6|Though he is lifted up to the heavens, and his head goes up to the clouds;|en
925|20|7|7|他終必滅亡，像自己的糞一樣；素來見他的人要說：他在哪裡呢？|zh
926|20|7|7|Like the waste from his body he comes to an end for ever: those who have seen him say, Where is he?|en
927|20|8|8|他必飛去如夢，不再尋見，速被趕去，如夜間的異象。|zh
928|20|8|8|He is gone like a dream, and is not seen again; he goes in flight like a vision of the night.|en
929|20|9|9|親眼見過他的，必不再見他；他的本處也再見不著他。|zh
930|20|9|9|The eye which saw him sees him no longer; and his place has no more knowledge of him.|en
931|20|10|10|他的兒女要求窮人的恩；他的手要賠還不義之財。|zh
932|20|10|10|His children are hoping that the poor will be kind to them, and his hands give back his wealth.|en
933|20|11|11|他的骨頭雖然有青年之力，卻要和他一同躺臥在塵土中。|zh
934|20|11|11|His bones are full of young strength, but it will go down with him into the dust.|en
935|20|12|12|他口內雖以惡為甘甜，藏在舌頭底下，|zh
936|20|12|12|Though evil-doing is sweet in his mouth, and he keeps it secretly under his tongue;|en
937|20|13|13|愛戀不捨，含在口中；|zh
938|20|13|13|Though he takes care of it, and does not let it go, but keeps it still in his mouth;|en
939|20|14|14|他的食物在肚裡卻要化為酸，在他裡面成為虺蛇的惡毒。|zh
940|20|14|14|His food becomes bitter in his stomach; the poison of snakes is inside him.|en
941|20|15|15|他吞了財寶，還要吐出；神要從他腹中掏出來。|zh
942|20|15|15|He takes down wealth as food, and sends it up again; it is forced out of his stomach by God.|en
943|20|16|16|他必吸飲虺蛇的毒氣；蝮蛇的舌頭也必殺他。|zh
944|20|16|16|He takes the poison of snakes into his mouth, the tongue of the snake is the cause of his death.|en
945|20|17|17|流奶與蜜之河，他不得再見。|zh
946|20|17|17|Let him not see the rivers of oil, the streams of honey and milk.|en
947|20|18|18|他勞碌得來的要賠還，不得享用（原文是吞下）；不能照所得的財貨歡樂。|zh
948|20|18|18|He is forced to give back the fruit of his work, and may not take it for food; he has no joy in the profit of his trading.|en
949|20|19|19|他欺壓窮人，且又離棄；強取非自己所蓋的房屋（或譯：強取房屋不得再建造）。|zh
950|20|19|19|Because he has been cruel to the poor, turning away from them in their trouble; because he has taken a house by force which he did not put up;|en
951|20|20|20|他因貪而無厭，所喜悅的連一樣也不能保守。|zh
952|20|20|20|There is no peace for him in his wealth, and no salvation for him in those things in which he took delight.|en
953|20|21|21|其餘的沒有一樣他不吞滅，所以他的福樂不能長久。|zh
954|20|21|21|He had never enough for his desire; for this cause his well-being will quickly come to an end.|en
955|20|22|22|他在滿足有餘的時候，必到狹窄的地步；凡受苦楚的人都必加手在他身上。|zh
956|20|22|22|Even when his wealth is great, he is full of care, for the hand of everyone who is in trouble is turned against him.|en
957|20|23|23|他正要充滿肚腹的時候，神必將猛烈的忿怒降在他身上；正在他吃飯的時候，要將這忿怒像雨降在他身上。|zh
958|20|23|23|God gives him his desire, and sends the heat of his wrath on him, making it come down on him like rain.|en
959|20|24|24|他要躲避鐵器；銅弓的箭要將他射透。|zh
960|20|24|24|He may go in flight from the iron spear, but the arrow from the bow of brass will go through him;|en
961|20|25|25|他把箭一抽，就從他身上出來；發光的箭頭從他膽中出來，有驚惶臨在他身上。|zh
962|20|25|25|He is pulling it out, and it comes out of his back; and its shining point comes out of his side; he is overcome by fears.|en
963|20|26|26|他的財寶歸於黑暗；人所不吹的火要把他燒滅，要把他帳棚中所剩下的燒燬。|zh
964|20|26|26|All his wealth is stored up for the dark: a fire not made by man sends destruction on him, and on everything in his tent.|en
965|20|27|27|天要顯明他的罪孽；地要興起攻擊他。|zh
966|20|27|27|The heavens make clear his sin, and the earth gives witness against him.|en
967|20|28|28|他的家產必然過去；神發怒的日子，他的貨物都要消滅。|zh
968|20|28|28|The produce of his house is taken away into another country, like things given into the hands of others in the day of wrath.|en
969|20|29|29|這是惡人從神所得的分，是神為他所定的產業。|zh
970|20|29|29|This is the reward of the evil man, and the heritage given to him by God.|en
971|21|1|1|約伯回答說：|zh
972|21|1|1|Then Job made answer and said,|en
973|21|2|2|你們要細聽我的言語，就算是你們安慰我。|zh
974|21|2|2|Give attention with care to my words; and let this be your comfort.|en
975|21|3|3|請寬容我，我又要說話；說了以後，任憑你們嗤笑罷！|zh
976|21|3|3|Let me say what is in my mind, and after that, go on making sport of me.|en
977|21|4|4|我豈是向人訴冤？為何不焦急呢？|zh
978|21|4|4|As for me, is my outcry against man? is it then to be wondered at if my spirit is troubled?|en
979|21|5|5|你們要看著我而驚奇，用手摀口。|zh
980|21|5|5|Take note of me and be full of wonder, put your hand on your mouth.|en
981|21|6|6|我每逢思想，心就驚惶，渾身戰兢。|zh
982|21|6|6|At the very thought of it my flesh is shaking with fear.|en
983|21|7|7|惡人為何存活，享大壽數，勢力強盛呢？|zh
984|21|7|7|Why is life given to the evil-doers? why do they become old and strong in power?|en
985|21|8|8|他們眼見兒孫，和他們一同堅立。|zh
986|21|8|8|Their children are ever with them, and their offspring before their eyes.|en
987|21|9|9|他們的家宅平安無懼；神的杖也不加在他們身上。|zh
988|21|9|9|Their houses are free from fear, and the rod of God does not come on them.|en
989|21|10|10|他們的公牛孳生而不斷絕；母牛下犢而不掉胎。|zh
990|21|10|10|Their ox is ready at all times to give seed; their cow gives birth, without dropping her young.|en
991|21|11|11|他們打發小孩子出去，多如羊群；他們的兒女踴躍跳舞。|zh
992|21|11|11|They send out their young ones like a flock, and their children have pleasure in the dance,|en
993|21|12|12|他們隨著琴鼓歌唱，又因簫聲歡喜。|zh
994|21|12|12|They make songs to the instruments of music, and are glad at the sound of the pipe.|en
995|21|13|13|他們度日諸事亨通，轉眼下入陰間。|zh
996|21|13|13|Their days come to an end without trouble, and suddenly they go down to the underworld.|en
997|21|14|14|他們對神說：離開我們罷！我們不願曉得你的道。|zh
998|21|14|14|Though they said to God, Go away from us, for we have no desire for the knowledge of your ways.|en
999|21|15|15|全能者是誰，我們何必事奉他呢？求告他有甚麼益處呢？|zh
1000|21|15|15|What is the Ruler of all, that we may give him worship? and what profit is it to us to make prayer to him?|en
1001|21|16|16|看哪，他們亨通不在乎自己；惡人所謀定的離我好遠。|zh
1002|21|16|16|Truly, is not their well-being in their power? (The purpose of the evil-doers is far from me.)|en
1003|21|17|17|惡人的燈何嘗熄滅？患難何嘗臨到他們呢？神何嘗發怒，向他們分散災禍呢？|zh
1004|21|17|17|How frequently is the light of the evil-doers put out, or does trouble come on them? how frequently does his wrath take them with cords?|en
1005|21|18|18|他們何嘗像風前的碎秸，如暴風颳去的糠秕呢？|zh
1006|21|18|18|How frequently are they as dry stems before the wind, or as grass taken away by the storm-wind?|en
1007|21|19|19|你們說：神為惡人的兒女積蓄罪孽；我說：不如本人受報，好使他親自知道。|zh
1008|21|19|19|You say, God keeps punishment stored up for his children. Let him send it on the man himself, so that he may have the punishment of it!|en
1009|21|20|20|願他親眼看見自己敗亡，親自飲全能者的忿怒。|zh
1010|21|20|20|Let his eyes see his trouble, and let him be full of the wrath of the Ruler of all!|en
1011|21|21|21|他的歲月既盡，他還顧他本家麼？|zh
1012|21|21|21|For what interest has he in his house after him, when the number of his months is ended?|en
1013|21|22|22|神既審判那在高位的，誰能將知識教訓他呢？|zh
1014|21|22|22|Is anyone able to give teaching to God? for he is the judge of those who are on high.|en
1015|21|23|23|有人至死身體強壯，盡得平靖安逸；|zh
1016|21|23|23|One comes to his end in complete well-being, full of peace and quiet:|en
1017|21|24|24|他的奶桶充滿，他的骨髓滋潤。|zh
1018|21|24|24|His buckets are full of milk, and there is no loss of strength in his bones.|en
1019|21|25|25|有人至死心中痛苦，終身未嘗福樂的滋味；|zh
1020|21|25|25|And another comes to his end with a bitter soul, without ever tasting good.|en
1021|21|26|26|他們一樣躺臥在塵土中，都被蟲子遮蓋。|zh
1022|21|26|26|Together they go down to the dust, and are covered by the worm.|en
1023|21|27|27|我知道你們的意思，並誣害我的計謀。|zh
1024|21|27|27|See, I am conscious of your thoughts, and of your violent purposes against me;|en
1025|21|28|28|你們說：霸者的房屋在哪裡？惡人住過的帳棚在哪裡？|zh
1026|21|28|28|For you say, Where is the house of the ruler, and where is the tent of the evil-doer?|en
1027|21|29|29|你們豈沒有詢問過路的人麼？不知道他們所引的證據麼？|zh
1028|21|29|29|Have you not put the question to the travellers, and do you not take note of their experience?|en
1029|21|30|30|就是惡人在禍患的日子得存留，在發怒的日子得逃脫。|zh
1030|21|30|30|How the evil man goes free in the day of trouble, and has salvation in the day of wrath?|en
1031|21|31|31|他所行的，有誰當面給他說明；他所做的，有誰報應他呢？|zh
1032|21|31|31|Who will make his way clear to his face? and if he has done a thing, who gives him punishment for it?|en
1033|21|32|32|然而他要被抬到塋地；並有人看守墳墓。|zh
1034|21|32|32|He is taken to his last resting-place, and keeps watch over it.|en
1035|21|33|33|他要以谷中的土塊為甘甜；在他以先去的無數，在他以後去的更多。|zh
1036|21|33|33|The earth of the valley covering his bones is sweet to him, and all men come after him, as there were unnumbered before him.|en
1037|21|34|34|你們對答的話中既都錯謬，怎麼徒然安慰我呢？|zh
1038|21|34|34|Why then do you give me comfort with words in which there is no profit, when you see that there is nothing in your answers but deceit?|en
1039|22|1|1|提幔人以利法回答說：|zh
1040|22|1|1|Then Eliphaz the Temanite made answer and said,|en
1041|22|2|2|人豈能使神有益呢？智慧人但能有益於己。|zh
1042|22|2|2|Is it possible for a man to be of profit to God? No, for a man's wisdom is only of profit to himself.|en
1043|22|3|3|你為人公義，豈叫全能者喜悅呢？你行為完全，豈能使他得利呢？|zh
1044|22|3|3|Is it of any interest to the Ruler of all that you are upright? or is it of use to him that your ways are without sin?|en
1045|22|4|4|豈是因你敬畏他就責備你、審判你麼？|zh
1046|22|4|4|Is it because you give him honour that he is sending punishment on you and is judging you?|en
1047|22|5|5|你的罪惡豈不是大麼？你的罪孽也沒有窮盡；|zh
1048|22|5|5|Is not your evil-doing great? and there is no end to your sins.|en
1049|22|6|6|因你無故強取弟兄的物為當頭，剝去貧寒人的衣服。|zh
1050|22|6|6|For you have taken your brother's goods when he was not in your debt, and have taken away the clothing of those who have need of it.|en
1051|22|7|7|困乏的人，你沒有給他水喝；飢餓的人，你沒有給他食物。|zh
1052|22|7|7|You do not give water to the tired traveller, and from him who has no food you keep back bread.|en
1053|22|8|8|有能力的人就得地土；尊貴的人也住在其中。|zh
1054|22|8|8|For it was the man with power who had the land, and the man with an honoured name who was living in it.|en
1055|22|9|9|你打發寡婦空手回去，折斷孤兒的膀臂。|zh
1056|22|9|9|You have sent widows away without hearing their cause, and you have taken away the support of the child who has no father.|en
1057|22|10|10|因此，有網羅環繞你，有恐懼忽然使你驚惶；|zh
1058|22|10|10|For this cause nets are round your feet, and you are overcome with sudden fear.|en
1059|22|11|11|或有黑暗蒙蔽你，並有洪水淹沒你。|zh
1060|22|11|11|Your light is made dark so that you are unable to see, and you are covered by a mass of waters.|en
1061|22|12|12|神豈不是在高天麼？你看星宿何其高呢！|zh
1062|22|12|12|Is not God as high as heaven? and see the stars, how high they are!|en
1063|22|13|13|你說：神知道甚麼？他豈能看透幽暗施行審判呢？|zh
1064|22|13|13|And you say, What knowledge has God? is he able to give decisions through the deep dark?|en
1065|22|14|14|密雲將他遮蓋，使他不能看見；他周遊穹蒼。|zh
1066|22|14|14|Thick clouds are covering him, so that he is unable to see; and he is walking on the arch of heaven.|en
1067|22|15|15|你要依從上古的道麼？這道是惡人所行的。|zh
1068|22|15|15|Will you keep the old way by which evil men went?|en
1069|22|16|16|他們未到死期，忽然除滅；根基毀壞，好像被江河沖去。|zh
1070|22|16|16|Who were violently taken away before their time, who were overcome by the rush of waters:|en
1071|22|17|17|他們向神說：離開我們罷！又說：全能者能把我們怎麼樣呢？|zh
1072|22|17|17|Who said to God, Go away from us; and, What is the Ruler of all able to do to us?|en
1073|22|18|18|哪知神以美物充滿他們的房屋；但惡人所謀定的離我好遠。|zh
1074|22|18|18|Though he made their houses full of good things: but the purpose of the evil-doers is far from me!|en
1075|22|19|19|義人看見他們的結局就歡喜；無辜的人嗤笑他們，|zh
1076|22|19|19|The upright saw it and were glad: and those who had done no wrong made sport of them,|en
1077|22|20|20|說：那起來攻擊我們的果然被剪除，其餘的都被火燒滅。|zh
1078|22|20|20|Saying, Truly, their substance is cut off, and their wealth is food for the fire.|en
1079|22|21|21|你要認識神，就得平安；福氣也必臨到你。|zh
1080|22|21|21|Put yourself now in a right relation with him and be at peace: so will you do well in your undertakings.|en
1081|22|22|22|你當領受他口中的教訓，將他的言語存在心裡。|zh
1082|22|22|22|Be pleased to take teaching from his mouth, and let his words be stored up in your heart.|en
1083|22|23|23|你若歸向全能者，從你帳棚中遠除不義，就必得建立。|zh
1084|22|23|23|If you come back to the Ruler of all, making yourself low before him; if you put evil far away from your tents;|en
1085|22|24|24|要將你的珍寶丟在塵土裡，將俄斐的黃金丟在溪河石頭之間；|zh
1086|22|24|24|And put your gold in the dust, even your gold of Ophir among the rocks of the valleys;|en
1087|22|25|25|全能者就必為你的珍寶，作你的寶銀。|zh
1088|22|25|25|Then the Ruler of all will be your gold, and his teaching will be your silver;|en
1089|22|26|26|你就要以全能者為喜樂，向神仰起臉來。|zh
1090|22|26|26|For then you will have delight in the Ruler of all, and your face will be lifted up to God.|en
1091|22|27|27|你要禱告他，他就聽你；你也要還你的願。|zh
1092|22|27|27|You will make your prayer to him, and be answered; and you will give effect to your oaths.|en
1093|22|28|28|你定意要做何事，必然給你成就；亮光也必照耀你的路。|zh
1094|22|28|28|Your purposes will come about, and light will be shining on your ways.|en
1095|22|29|29|人使你降卑，你仍可說：必得高升；謙卑的人，神必然拯救。|zh
1096|22|29|29|For God makes low those whose hearts are lifted up, but he is a saviour to the poor in spirit.|en
1097|22|30|30|人非無辜，神且要搭救他；他因你手中清潔，必蒙拯救。|zh
1098|22|30|30|He makes safe the man who is free from sin, and if your hands are clean, salvation will be yours.|en
1099|23|1|1|約伯回答說：|zh
1100|23|1|1|And Job made answer and said,|en
1101|23|2|2|如今我的哀告還算為悖逆；我的責罰比我的唉哼還重。|zh
1102|23|2|2|Even today my outcry is bitter; his hand is hard on my sorrow.|en
1103|23|3|3|惟願我能知道在哪裡可以尋見神，能到他的臺前，|zh
1104|23|3|3|If only I had knowledge of where he might be seen, so that I might come even to his seat!|en
1105|23|4|4|我就在他面前將我的案件陳明，滿口辯白。|zh
1106|23|4|4|I would put my cause in order before him, and my mouth would be full of arguments.|en
1107|23|5|5|我必知道他回答我的言語，明白他向我所說的話。|zh
1108|23|5|5|I would see what his answers would be, and have knowledge of what he would say to me.|en
1109|23|6|6|他豈用大能與我爭辯麼？必不這樣！他必理會我。|zh
1110|23|6|6|Would he make use of his great power to overcome me? No, but he would give attention to me.|en
1111|23|7|7|在他那裡正直人可以與他辯論；這樣，我必永遠脫離那審判我的。|zh
1112|23|7|7|There an upright man might put his cause before him; and I would be free for ever from my judge.|en
1113|23|8|8|只是，我往前行，他不在那裡，往後退，也不能見他。|zh
1114|23|8|8|See, I go forward, but he is not there; and back, but I do not see him;|en
1115|23|9|9|他在左邊行事，我卻不能看見，在右邊隱藏，我也不能見他。|zh
1116|23|9|9|I am looking for him on the left hand, but there is no sign of him; and turning to the right, I am not able to see him.|en
1117|23|10|10|然而他知道我所行的路；他試煉我之後，我必如精金。|zh
1118|23|10|10|For he has knowledge of the way I take; after I have been tested I will come out like gold.|en
1119|23|11|11|我腳追隨他的步履；我謹守他的道，並不偏離。|zh
1120|23|11|11|My feet have gone in his steps; I have kept in his way, without turning to one side or to the other.|en
1121|23|12|12|他嘴唇的命令，我未曾背棄；我看重他口中的言語，過於我需用的飲食。|zh
1122|23|12|12|I have never gone against the orders of his lips; the words of his mouth have been stored up in my heart.|en
1123|23|13|13|只是他心志已定，誰能使他轉意呢？他心裡所願的，就行出來。|zh
1124|23|13|13|But his purpose is fixed and there is no changing it; and he gives effect to the desire of his soul.|en
1125|23|14|14|他向我所定的，就必做成；這類的事他還有許多。|zh
1126|23|14|14|For what has been ordered for me by him will be gone through to the end: and his mind is full of such designs.|en
1127|23|15|15|所以我在他面前驚惶；我思念這事便懼怕他。|zh
1128|23|15|15|For this cause I am in fear before him, my thoughts of him overcome me.|en
1129|23|16|16|神使我喪膽；全能者使我驚惶。|zh
1130|23|16|16|For God has made my heart feeble, and my mind is troubled before the Ruler of all.|en
1131|23|17|17|我的恐懼不是因為黑暗，也不是因為幽暗蒙蔽我的臉。|zh
1132|23|17|17|For I am overcome by the dark, and by the black night which is covering my face.|en
1133|24|1|1|全能者既定期罰惡，為何不使認識他的人看見那日子呢？|zh
1134|24|1|1|Why are times not stored up by the Ruler of all, and why do those who have knowledge of him not see his days?|en
1135|24|2|2|有人挪移地界，搶奪群畜而牧養。|zh
1136|24|2|2|The landmarks are changed by evil men, they violently take away flocks, together with their keepers.|en
1137|24|3|3|他們拉去孤兒的驢，強取寡婦的牛為當頭。|zh
1138|24|3|3|They send away the ass of him who has no father, they take the widow's ox for debt.|en
1139|24|4|4|他們使窮人離開正道；世上的貧民盡都隱藏。|zh
1140|24|4|4|The crushed are turned out of the way; all the poor of the earth go into a secret place together.|en
1141|24|5|5|這些貧窮人如同野驢出到曠野，殷勤尋找食物；他們靠著野地給兒女糊口，|zh
1142|24|5|5|Like asses in the waste land they go out to their work, looking for food with care; from the waste land they get bread for their children.|en
1143|24|6|6|收割別人田間的禾稼，摘取惡人餘剩的葡萄，|zh
1144|24|6|6|They get mixed grain from the field, and they take away the late fruit from the vines of those who have wealth.|en
1145|24|7|7|終夜赤身無衣，天氣寒冷毫無遮蓋，|zh
1146|24|7|7|They take their rest at night without clothing, and have no cover in the cold.|en
1147|24|8|8|在山上被大雨淋濕，因沒有避身之處就挨近磐石。|zh
1148|24|8|8|They are wet with the rain of the mountains, and get into the cracks of the rock for cover.|en
1149|24|9|9|又有人從母懷中搶奪孤兒，強取窮人的衣服為當頭，|zh
1150|24|9|9|The child without a father is forced from its mother's breast, and they take the young children of the poor for debt.|en
1151|24|10|10|使人赤身無衣，到處流行，且因飢餓扛抬禾捆，|zh
1152|24|10|10|Others go about without clothing, and though they have no food, they get in the grain from the fields.|en
1153|24|11|11|在那些人的圍牆內造油，醡酒，自己還口渴。|zh
1154|24|11|11|Between the lines of olive-trees they make oil; though they have no drink, they are crushing out the grapes.|en
1155|24|12|12|在多民的城內有人唉哼，受傷的人哀號；神卻不理會那惡人的愚妄。|zh
1156|24|12|12|From the town come sounds of pain from those who are near death, and the soul of the wounded is crying out for help; but God does not take note of their prayer.|en
1157|24|13|13|又有人背棄光明，不認識光明的道，不住在光明的路上。|zh
1158|24|13|13|Then there are those who are haters of the light, who have no knowledge of its ways, and do not go in them.|en
1159|24|14|14|殺人的黎明起來，殺害困苦窮乏人，夜間又作盜賊。|zh
1160|24|14|14|He who is purposing death gets up before day, so that he may put to death the poor and those in need.|en
1161|24|15|15|姦夫等候黃昏，說：必無眼能見我，就把臉蒙蔽。|zh
1162|24|15|15|And the man whose desire is for the wife of another is waiting for the evening, saying, No eye will see me; and he puts a cover on his face. And in the night the thief goes about;|en
1163|24|16|16|盜賊黑夜挖窟窿；白日躲藏，並不認識光明。|zh
1164|24|16|16|In the dark he makes holes in the walls of houses: in the daytime they are shutting themselves up, they have no knowledge of the light.|en
1165|24|17|17|他們看早晨如幽暗，因為他們曉得幽暗的驚駭。|zh
1166|24|17|17|For the middle of the night is as morning to them, they are not troubled by the fear of the dark.|en
1167|24|18|18|這些惡人猶如浮萍快快飄去。他們所得的分在世上被咒詛；他們不得再走葡萄園的路。|zh
1168|24|18|18|They go quickly on the face of the waters; their heritage is cursed in the earth; the steps of the crusher of grapes are not turned to their vine-garden.|en
1169|24|19|19|乾旱炎熱消沒雪水；陰間也如此消沒犯罪之輩。|zh
1170|24|19|19|Snow waters become dry with the heat: so do sinners go down into the underworld.|en
1171|24|20|20|懷他的母（原文是胎）要忘記他；蟲子要吃他，覺得甘甜；他不再被人記念。不義的人必如樹折斷。|zh
1172|24|20|20|The public place of his town has no more knowledge of him, and his name has gone from the memory of men: he is rooted up like a dead tree.|en
1173|24|21|21|他惡待（或譯：他吞滅）不懷孕不生養的婦人，不善待寡婦。|zh
1174|24|21|21|He is not kind to the widow, and he has no pity for her child.|en
1175|24|22|22|然而神用能力保全有勢力的人；那性命難保的人仍然興起。|zh
1176|24|22|22|But God by his power gives long life to the strong; he gets up again, though he has no hope of life.|en
1177|24|23|23|神使他們安穩，他們就有所倚靠；神的眼目也看顧他們的道路。|zh
1178|24|23|23|He takes away his fear of danger and gives him support; and his eyes are on his ways.|en
1179|24|24|24|他們被高舉，不過片時就沒有了；他們降為卑，被除滅，與眾人一樣，又如穀穗被割。|zh
1180|24|24|24|For a short time they are lifted up; then they are gone; they are made low, they are pulled off like fruit, and like the heads of grain they are cut off.|en
1181|24|25|25|若不是這樣，誰能證實我是說謊的，將我的言語駁為虛空呢？|zh
1182|24|25|25|And if it is not so, now, who will make it clear that my words are false, and that what I say is of no value?|en
1183|25|1|1|書亞人比勒達回答說：|zh
1184|25|1|1|Then Bildad the Shuhite made answer and said,|en
1185|25|2|2|神有治理之權，有威嚴可畏；他在高處施行和平。|zh
1186|25|2|2|Rule and power are his; he makes peace in his high places.|en
1187|25|3|3|他的諸軍豈能數算？他的光亮一發，誰不蒙照呢？|zh
1188|25|3|3|Is it possible for his armies to be numbered? and on whom is not his light shining?|en
1189|25|4|4|這樣在神面前，人怎能稱義？婦人所生的怎能潔淨？|zh
1190|25|4|4|How then is it possible for man to be upright before God? or how may he be clean who is a son of woman?|en
1191|25|5|5|在神眼前，月亮也無光亮，星宿也不清潔。|zh
1192|25|5|5|See, even the moon is not bright, and the stars are not clean in his eyes:|en
1193|25|6|6|何況如蟲的人，如蛆的世人呢！|zh
1194|25|6|6|How much less man who is an insect, and the son of man who is a worm!|en
1195|26|1|1|約伯回答說：|zh
1196|26|1|1|Then Job made answer and said,|en
1197|26|2|2|無能的人蒙你何等的幫助！膀臂無力的人蒙你何等的拯救！|zh
1198|26|2|2|How have you given help to him who has no power! how have you been the salvation of the arm which has no strength!|en
1199|26|3|3|無智慧的人蒙你何等的指教！你向他多顯大知識！|zh
1200|26|3|3|How have you given teaching to him who has no wisdom, and fully made clear true knowledge!|en
1201|26|4|4|你向誰發出言語來？誰的靈從你而出？|zh
1202|26|4|4|To whom have your words been said? and whose spirit came out from you?|en
1203|26|5|5|在大水和水族以下的陰魂戰兢。|zh
1204|26|5|5|The shades in the underworld are shaking; the waters and those living in them.|en
1205|26|6|6|在神面前，陰間顯露；滅亡也不得遮掩。|zh
1206|26|6|6|The underworld is uncovered before him, and Destruction has no veil.|en
1207|26|7|7|神將北極鋪在空中，將大地懸在虛空；|zh
1208|26|7|7|By his hand the north is stretched out in space, and the earth is hanging on nothing.|en
1209|26|8|8|將水包在密雲中，雲卻不破裂；|zh
1210|26|8|8|By him the waters are shut up in his thick clouds, and the cloud does not give way under them.|en
1211|26|9|9|遮蔽他的寶座，將雲鋪在其上；|zh
1212|26|9|9|By him the face of his high seat is veiled, and his cloud stretched out over it.|en
1213|26|10|10|在水面的周圍劃出界限，直到光明黑暗的交界。|zh
1214|26|10|10|By him a circle is marked out on the face of the waters, to the limits of the light and the dark.|en
1215|26|11|11|天的柱子因他的斥責震動驚奇。|zh
1216|26|11|11|The pillars of heaven are shaking, and are overcome by his sharp words.|en
1217|26|12|12|他以能力攪動（或譯：平靜）大海；他藉知識打傷拉哈伯，|zh
1218|26|12|12|By his power the sea was made quiet; and by his wisdom Rahab was wounded.|en
1219|26|13|13|藉他的靈使天有妝飾；他的手刺殺快蛇。|zh
1220|26|13|13|By his wind the heavens become bright: by his hand the quickly moving snake was cut through.|en
1221|26|14|14|看哪，這不過是神工作的些微；我們所聽於他的是何等細微的聲音！他大能的雷聲誰能明透呢？|zh
1222|26|14|14|See, these are only the outskirts of his ways; and how small is that which comes to our ears about him! But the thunder of his acts of power is outside all knowledge.|en
1223|27|1|1|約伯接著說：|zh
1224|27|1|1|And Job again took up the word and said,|en
1225|27|2|2|神奪去我的理，全能者使我心中愁苦。我指著永生的神起誓：|zh
1226|27|2|2|By the life of God, who has taken away my right; and of the Ruler of all, who has made my soul bitter;|en
1227|27|3|3|我的生命尚在我裡面；神所賜呼吸之氣仍在我的鼻孔內。|zh
1228|27|3|3|(For all my breath is still in me, and the spirit of God is my life;)|en
1229|27|4|4|我的嘴決不說非義之言；我的舌也不說詭詐之語。|zh
1230|27|4|4|Truly, there is no deceit in my lips, and my tongue does not say what is false.|en
1231|27|5|5|我斷不以你們為是；我至死必不以自己為不正！|zh
1232|27|5|5|Let it be far from me! I will certainly not say that you are right! I will come to death before I give up my righteousness.|en
1233|27|6|6|我持定我的義，必不放鬆；在世的日子，我心必不責備我。|zh
1234|27|6|6|I will keep it safe, and will not let it go: my heart has nothing to say against any part of my life.|en
1235|27|7|7|願我的仇敵如惡人一樣；願那起來攻擊我的，如不義之人一般。|zh
1236|27|7|7|Let my hater be like the evil man, and let him who comes against me be as the sinner.|en
1237|27|8|8|不敬虔的人雖然得利，神奪取其命的時候還有甚麼指望呢？|zh
1238|27|8|8|For what is the hope of the sinner when he is cut off, when God takes back his soul?|en
1239|27|9|9|患難臨到他，神豈能聽他的呼求？|zh
1240|27|9|9|Will his cry come to the ears of God when he is in trouble?|en
1241|27|10|10|他豈以全能者為樂，隨時求告神呢？|zh
1242|27|10|10|Will he take delight in the Ruler of all, and make his prayer to God at all times?|en
1243|27|11|11|神的作為，我要指教你們；全能者所行的，我也不隱瞞。|zh
1244|27|11|11|I will give you teaching about the hand of God; I will not keep secret from you what is in the mind of the Ruler of all.|en
1245|27|12|12|你們自己也都見過，為何全然變為虛妄呢？|zh
1246|27|12|12|Truly, you have all seen it yourselves; why then have you become completely foolish?|en
1247|27|13|13|神為惡人所定的分，強暴人從全能者所得的報（原文是產業）乃是這樣：|zh
1248|27|13|13|This is the punishment of the evil-doer from God, and the heritage given to the cruel by the Ruler of all.|en
1249|27|14|14|倘或他的兒女增多，還是被刀所殺；他的子孫必不得飽食。|zh
1250|27|14|14|If his children are increased, it is for the sword; and his offspring have not enough bread.|en
1251|27|15|15|他所遺留的人必死而埋葬；他的寡婦也不哀哭。|zh
1252|27|15|15|When those of his house who are still living come to their end by disease, they are not put into the earth, and their widows are not weeping for them.|en
1253|27|16|16|他雖積蓄銀子如塵沙，預備衣服如泥土；|zh
1254|27|16|16|Though he may get silver together like dust, and make ready great stores of clothing;|en
1255|27|17|17|他只管預備，義人卻要穿上；他的銀子，無辜的人要分取。|zh
1256|27|17|17|He may get them ready, but the upright will put them on, and he who is free from sin will take the silver for a heritage.|en
1257|27|18|18|他建造房屋如蟲做窩，又如守望者所搭的棚。|zh
1258|27|18|18|His house has no more strength than a spider's thread, or a watchman's tent.|en
1259|27|19|19|他雖富足躺臥，卻不得收殮，轉眼之間就不在了。|zh
1260|27|19|19|He goes to rest full of wealth, but does so for the last time: on opening his eyes, he sees it there no longer.|en
1261|27|20|20|驚恐如波濤將他追上；暴風在夜間將他颳去。|zh
1262|27|20|20|Fears overtake him like rushing waters; in the night the storm-wind takes him away.|en
1263|27|21|21|東風把他飄去，又颳他離開本處。|zh
1264|27|21|21|The east wind takes him up and he is gone; he is forced violently out of his place.|en
1265|27|22|22|神要向他射箭，並不留情；他恨不得逃脫神的手。|zh
1266|27|22|22|God sends his arrows against him without mercy; he goes in flight before his hand.|en
1267|27|23|23|人要向他拍掌，並要發叱聲，使他離開本處。|zh
1268|27|23|23|Men make signs of joy because of him, driving him from his place with sounds of hissing.|en
1269|28|1|1|銀子有礦；煉金有方。|zh
1270|28|1|1|Truly there is a mine for silver, and a place where gold is washed out.|en
1271|28|2|2|鐵從地裡挖出；銅從石中鎔化。|zh
1272|28|2|2|Iron is taken out of the earth, and stone is changed into brass by the fire.|en
1273|28|3|3|人為黑暗定界限，查究幽暗陰翳的石頭，直到極處，|zh
1274|28|3|3|Man puts an end to the dark, searching out to the farthest limit the stones of the deep places of the dark.|en
1275|28|4|4|在無人居住之處刨開礦穴，過路的人也想不到他們；又與人遠離，懸在空中搖來搖去。|zh
1276|28|4|4|He makes a deep mine far away from those living in the light of day; when they go about on the earth, they have no knowledge of those who are under them, who are hanging far from men, twisting from side to side on a cord.|en
1277|28|5|5|至於地，能出糧食，地內好像被火翻起來。|zh
1278|28|5|5|As for the earth, bread comes out of it; but under its face it is turned up as if by fire.|en
1279|28|6|6|地中的石頭有藍寶石，並有金沙。|zh
1280|28|6|6|Its stones are the place of sapphires, and it has dust of gold.|en
1281|28|7|7|礦中的路鷙鳥不得知道；鷹眼也未見過。|zh
1282|28|7|7|No bird has knowledge of it, and the hawk's eye has never seen it.|en
1283|28|8|8|狂傲的野獸未曾行過；猛烈的獅子也未曾經過。|zh
1284|28|8|8|The great beasts have not gone over it, and the cruel lion has not taken that way.|en
1285|28|9|9|人伸手鑿開堅石，傾倒山根，|zh
1286|28|9|9|Man puts out his hand on the hard rock, overturning mountains by the roots.|en
1287|28|10|10|在磐石中鑿出水道，親眼看見各樣寶物。|zh
1288|28|10|10|He makes deep ways, cut through the rock, and his eye sees everything of value.|en
1289|28|11|11|他封閉水不得滴流，使隱藏的物顯露出來。|zh
1290|28|11|11|He keeps back the streams from flowing, and makes the secret things come out into the light.|en
1291|28|12|12|然而，智慧有何處可尋？聰明之處在哪裡呢？|zh
1292|28|12|12|But where may wisdom be seen? and where is the resting-place of knowledge?|en
1293|28|13|13|智慧的價值無人能知，在活人之地也無處可尋。|zh
1294|28|13|13|Man has not seen the way to it, and it is not in the land of the living.|en
1295|28|14|14|深淵說：不在我內；滄海說：不在我中。|zh
1296|28|14|14|The deep waters say, It is not in me: and the sea says, It is not with me.|en
1297|28|15|15|智慧非用黃金可得，也不能平白銀為他的價值。|zh
1298|28|15|15|Gold may not be given for it, or a weight of silver in payment for it.|en
1299|28|16|16|俄斐金和貴重的紅瑪瑙，並藍寶石，不足與較量；|zh
1300|28|16|16|It may not be valued with the gold of Ophir, with the onyx of great price, or the sapphire.|en
1301|28|17|17|黃金和玻璃不足與比較；精金的器皿不足與兌換。|zh
1302|28|17|17|Gold and glass are not equal to it in price, and it may not be exchanged for jewels of the best gold.|en
1303|28|18|18|珊瑚、水晶都不足論；智慧的價值勝過珍珠（或譯：紅寶石）。|zh
1304|28|18|18|There is no need to say anything about coral or crystal; and the value of wisdom is greater than that of pearls.|en
1305|28|19|19|古實的紅璧璽不足與比較；精金也不足與較量。|zh
1306|28|19|19|The topaz of Ethiopia is not equal to it, and it may not be valued with the best gold.|en
1307|28|20|20|智慧從何處來呢？聰明之處在哪裡呢？|zh
1308|28|20|20|From where then does wisdom come, and where is the resting-place of knowledge?|en
1309|28|21|21|是向一切有生命的眼目隱藏，向空中的飛鳥掩蔽。|zh
1310|28|21|21|For it is kept secret from the eyes of all living, unseen by the birds of the air.|en
1311|28|22|22|滅沒和死亡說：我們風聞其名。|zh
1312|28|22|22|Destruction and Death say, We have only had word of it with our ears.|en
1313|28|23|23|神明白智慧的道路，曉得智慧的所在。|zh
1314|28|23|23|God has knowledge of the way to it, and of its resting-place;|en
1315|28|24|24|因他鑒察直到地極，遍觀普天之下，|zh
1316|28|24|24|For his eyes go to the ends of the earth, and he sees everything under heaven.|en
1317|28|25|25|要為風定輕重，又度量諸水；|zh
1318|28|25|25|When he made a weight for the wind, measuring out the waters;|en
1319|28|26|26|他為雨露定命令，為雷電定道路。|zh
1320|28|26|26|When he made a law for the rain, and a way for the thunder-flames;|en
1321|28|27|27|那時他看見智慧，而且述說；他堅定，並且查究。|zh
1322|28|27|27|Then he saw it, and put it on record; he gave it its fixed form, searching it out completely.|en
1323|28|28|28|他對人說：敬畏主就是智慧；遠離惡便是聰明。|zh
1324|28|28|28|And he said to man, Truly the fear of the Lord is wisdom, and to keep from evil is the way to knowledge.|en
1325|29|1|1|約伯又接著說：|zh
1326|29|1|1|And Job again took up the word and said,|en
1327|29|2|2|惟願我的景況如從前的月份，如神保守我的日子。|zh
1328|29|2|2|If only I might again be as I was in the months which are past, in the days when God was watching over me!|en
1329|29|3|3|那時他的燈照在我頭上；我藉他的光行過黑暗。|zh
1330|29|3|3|When his light was shining over my head, and when I went through the dark by his light.|en
1331|29|4|4|我願如壯年的時候：那時我在帳棚中，神待我有密友之情；|zh
1332|29|4|4|As I was in my flowering years, when my tent was covered by the hand of God;|en
1333|29|5|5|全能者仍與我同在；我的兒女都環繞我。|zh
1334|29|5|5|While the Ruler of all was still with me, and my children were round me;|en
1335|29|6|6|奶多可洗我的腳；磐石為我出油成河。|zh
1336|29|6|6|When my steps were washed with milk, and rivers of oil were flowing out of the rock for me.|en
1337|29|7|7|我出到城門，在街上設立座位；|zh
1338|29|7|7|When I went out of my door to go up to the town, and took my seat in the public place,|en
1339|29|8|8|少年人見我而迴避，老年人也起身站立；|zh
1340|29|8|8|The young men saw me, and went away, and the old men got up from their seats;|en
1341|29|9|9|王子都停止說話，用手摀口；|zh
1342|29|9|9|The rulers kept quiet, and put their hands on their mouths;|en
1343|29|10|10|首領靜默無聲，舌頭貼住上膛。|zh
1344|29|10|10|The chiefs kept back their words, and their tongues were joined to the roofs of their mouths.|en
1345|29|11|11|耳朵聽我的，就稱我有福；眼睛看我的，便稱讚我；|zh
1346|29|11|11|For when it came to their ears, men said that I was truly happy; and when their eyes saw, they gave witness to me;|en
1347|29|12|12|因我拯救哀求的困苦人和無人幫助的孤兒。|zh
1348|29|12|12|For I was a saviour to the poor when he was crying for help, to the child with no father, and to him who had no supporter.|en
1349|29|13|13|將要滅亡的為我祝福；我也使寡婦心中歡樂。|zh
1350|29|13|13|The blessing of him who was near to destruction came on me, and I put a song of joy into the widow's heart.|en
1351|29|14|14|我以公義為衣服，以公平為外袍和冠冕。|zh
1352|29|14|14|I put on righteousness as my clothing, and was full of it; right decisions were to me a robe and a head-dress.|en
1353|29|15|15|我為瞎子的眼，瘸子的腳。|zh
1354|29|15|15|I was eyes to the blind, and feet to him who had no power of walking.|en
1355|29|16|16|我為窮乏人的父；素不認識的人，我查明他的案件。|zh
1356|29|16|16|I was a father to the poor, searching out the cause of him who was strange to me.|en
1357|29|17|17|我打破不義之人的牙床，從他牙齒中奪了所搶的。|zh
1358|29|17|17|By me the great teeth of the evil-doer were broken, and I made him give up what he had violently taken away.|en
1359|29|18|18|我便說：我必死在家中（原文是窩中），必增添我的日子，多如塵沙。|zh
1360|29|18|18|Then I said, I will come to my end with my children round me, my days will be as the sand in number;|en
1361|29|19|19|我的根長到水邊；露水終夜霑在我的枝上。|zh
1362|29|19|19|My root will be open to the waters, and the night mist will be on my branches,|en
1363|29|20|20|我的榮耀在身上增新；我的弓在手中日強。|zh
1364|29|20|20|My glory will be ever new, and my bow will be readily bent in my hand.|en
1365|29|21|21|人聽見我而仰望，靜默等候我的指教。|zh
1366|29|21|21|Men gave ear to me, waiting and keeping quiet for my suggestions.|en
1367|29|22|22|我說話之後，他們就不再說；我的言語像雨露滴在他們身上。|zh
1368|29|22|22|After I had said what was in my mind, they were quiet and let my words go deep into their hearts;|en
1369|29|23|23|他們仰望我如仰望雨，又張開口如切慕春雨。|zh
1370|29|23|23|They were waiting for me as for the rain, opening their mouths wide as for the spring rains.|en
1371|29|24|24|他們不敢自信，我就向他們含笑；他們不使我臉上的光改變。|zh
1372|29|24|24|I was laughing at them when they had no hope, and the light of my face was never clouded by their fear.|en
1373|29|25|25|我為他們選擇道路，又坐首位；我如君王在軍隊中居住，又如弔喪的安慰傷心的人。|zh
1374|29|25|25|I took my place as a chief, guiding them on their way, and I was as a king among his army. ...|en
1375|30|1|1|但如今，比我年少的人戲笑我；其人之父我曾藐視，不肯安在看守我羊群的狗中。|zh
1376|30|1|1|But now those who are younger than I make sport of me; those whose fathers I would not have put with the dogs of my flocks.|en
1377|30|2|2|他們壯年的氣力既已衰敗，其手之力與我何益呢？|zh
1378|30|2|2|Of what use is the strength of their hands to me? all force is gone from them.|en
1379|30|3|3|他們因窮乏飢餓，身體枯瘦，在荒廢淒涼的幽暗中，齦乾燥之地，|zh
1380|30|3|3|They are wasted for need of food, biting the dry earth; their only hope of life is in the waste land.|en
1381|30|4|4|在草叢之中採鹹草，羅騰（小樹名，松類）的根為他們的食物。|zh
1382|30|4|4|They are pulling off the salt leaves from the brushwood, and making a meal of roots.|en
1383|30|5|5|他們從人中被趕出；人追喊他們如賊一般，|zh
1384|30|5|5|They are sent out from among their townsmen, men are crying after them as thieves|en
1385|30|6|6|以致他們住在荒谷之間，在地洞和巖穴中；|zh
1386|30|6|6|They have to get a resting-place in the hollows of the valleys, in holes of the earth and rocks.|en
1387|30|7|7|在草叢中叫喚，在荊棘下聚集。|zh
1388|30|7|7|They make noises like asses among the brushwood; they get together under the thorns.|en
1389|30|8|8|這都是愚頑下賤人的兒女；他們被鞭打，趕出境外。|zh
1390|30|8|8|They are sons of shame, and of men without a name, who have been forced out of the land.|en
1391|30|9|9|現在這些人以我為歌曲，以我為笑談。|zh
1392|30|9|9|And now I have become their song, and I am a word of shame to them.|en
1393|30|10|10|他們厭惡我，躲在旁邊站著，不住地吐唾沫在我臉上。|zh
1394|30|10|10|I am disgusting to them; they keep away from me, and put marks of shame on me.|en
1395|30|11|11|鬆開他們的繩索苦待我，在我面前脫去轡頭。|zh
1396|30|11|11|For he has made loose the cord of my bow, and put me to shame; he has sent down my flag to the earth before me.|en
1397|30|12|12|這等下流人在我右邊起來，推開我的腳，築成戰路來攻擊我。|zh
1398|30|12|12|The lines of his men of war put themselves in order, and make high their ways of destruction against me:|en
1399|30|13|13|這些無人幫助的，毀壞我的道，加增我的災。|zh
1400|30|13|13|They have made waste my roads, with a view to my destruction; his bowmen come round about me;|en
1401|30|14|14|他們來如同闖進大破口，在毀壞之間滾在我身上。|zh
1402|30|14|14|As through a wide broken place in the wall they come on, I am overturned by the shock of their attack.|en
1403|30|15|15|驚恐臨到我，驅逐我的尊榮如風；我的福祿如雲過去。|zh
1404|30|15|15|Fears have come on me; my hope is gone like the wind, and my well-being like a cloud.|en
1405|30|16|16|現在我心極其悲傷；困苦的日子將我抓住。|zh
1406|30|16|16|But now my soul is turned to water in me, days of trouble overtake me:|en
1407|30|17|17|夜間，我裡面的骨頭刺我，疼痛不止，好像齦我。|zh
1408|30|17|17|The flesh is gone from my bones, and they give me no rest; there is no end to my pains.|en
1409|30|18|18|因神的大力，我的外衣污穢不堪，又如裡衣的領子將我纏住。|zh
1410|30|18|18|With great force he takes a grip of my clothing, pulling me by the neck of my coat.|en
1411|30|19|19|神把我扔在淤泥中，我就像塵土和爐灰一般。|zh
1412|30|19|19|Truly God has made me low, even to the earth, and I have become like dust.|en
1413|30|20|20|主啊，我呼求你，你不應允我；我站起來，你就定睛看我。|zh
1414|30|20|20|You give no answer to my cry, and take no note of my prayer.|en
1415|30|21|21|你向我變心，待我殘忍，又用大能追逼我，|zh
1416|30|21|21|You have become cruel to me; the strength of your hand is hard on me.|en
1417|30|22|22|把我提在風中，使我駕風而行，又使我消滅在烈風中。|zh
1418|30|22|22|Lifting me up, you make me go on the wings of the wind; I am broken up by the storm.|en
1419|30|23|23|我知道要使我臨到死地，到那為眾生所定的陰宅。|zh
1420|30|23|23|For I am certain that you will send me back to death, and to the meeting-place ordered for all living.|en
1421|30|24|24|然而，人仆倒豈不伸手？遇災難豈不求救呢？|zh
1422|30|24|24|Has not my hand been stretched out in help to the poor? have I not been a saviour to him in his trouble?|en
1423|30|25|25|人遭難，我豈不為他哭泣呢？人窮乏，我豈不為他憂愁呢？|zh
1424|30|25|25|Have I not been weeping for the crushed? and was not my soul sad for him who was in need?|en
1425|30|26|26|我仰望得好處，災禍就到了；我等待光明，黑暗便來了。|zh
1426|30|26|26|For I was looking for good, and evil came; I was waiting for light, and it became dark.|en
1427|30|27|27|我心裡煩擾不安，困苦的日子臨到我身。|zh
1428|30|27|27|My feelings are strongly moved, and give me no rest; days of trouble have overtaken me.|en
1429|30|28|28|我沒有日光就哀哭行去（或譯：我面發黑並非因日曬）；我在會中站著求救。|zh
1430|30|28|28|I go about in dark clothing, uncomforted; I get up in the public place, crying out for help.|en
1431|30|29|29|我與野狗為弟兄，與鴕鳥為同伴。|zh
1432|30|29|29|I have become a brother to the jackals, and go about in the company of ostriches.|en
1433|30|30|30|我的皮膚黑而脫落；我的骨頭因熱燒焦。|zh
1434|30|30|30|My skin is black and dropping off me; and my bones are burning with the heat of my disease.|en
1435|30|31|31|所以，我的琴音變為悲音；我的簫聲變為哭聲。|zh
1436|30|31|31|And my music has been turned to sorrow, and the sound of my pipe into the noise of weeping.|en
1437|31|1|1|我與眼睛立約，怎能戀戀瞻望處女呢？|zh
1438|31|1|1|I made an agreement with my eyes; how then might my eyes be looking on a virgin?|en
1439|31|2|2|從至上的神所得之分，從至高全能者所得之業是甚麼呢？|zh
1440|31|2|2|For what is God's reward from on high, or the heritage given by the Ruler of all from heaven?|en
1441|31|3|3|豈不是禍患臨到不義的，災害臨到作孽的呢？|zh
1442|31|3|3|Is it not trouble for the sinner, and destruction for the evil-doers?|en
1443|31|4|4|神豈不是察看我的道路，數點我的腳步呢？|zh
1444|31|4|4|Does he not see my ways, and are not my steps all numbered?|en
1445|31|5|5|我若與虛謊同行，腳若追隨詭詐；|zh
1446|31|5|5|If I have gone in false ways, or my foot has been quick in working deceit;|en
1447|31|6|6|（我若被公道的天平稱度，使神可以知道我的純正；）|zh
1448|31|6|6|(Let me be measured in upright scales, and let God see my righteousness:)|en
1449|31|7|7|我的腳步若偏離正路，我的心若隨著我的眼目，若有玷污粘在我手上；|zh
1450|31|7|7|If my steps have been turned out of the way, or if my heart went after my eyes, or if the property of another is in my hands;|en
1451|31|8|8|就願我所種的有別人吃，我田所產的被拔出來。|zh
1452|31|8|8|Let me put seed in the earth for another to have the fruit of it, and let my produce be uprooted.|en
1453|31|9|9|我若受迷惑，向婦人起淫念，在鄰舍的門外蹲伏，|zh
1454|31|9|9|If my heart went after another man's wife, or if I was waiting secretly at my neighbour's door;|en
1455|31|10|10|就願我的妻子給別人推磨，別人也與他同室。|zh
1456|31|10|10|Then let my wife give pleasure to another man and let others make use of her body.|en
1457|31|11|11|因為這是大罪，是審判官當罰的罪孽。|zh
1458|31|11|11|For that would be a crime; it would be an act for which punishment would be measured out by the judges:|en
1459|31|12|12|這本是火焚燒，直到毀滅，必拔除我所有的家產。|zh
1460|31|12|12|It would be a fire burning even to destruction, and taking away all my produce.|en
1461|31|13|13|我的僕婢與我爭辯的時候，我若藐視不聽他們的情節；|zh
1462|31|13|13|If I did wrong in the cause of my man-servant, or my woman-servant, when they went to law with me;|en
1463|31|14|14|神興起，我怎樣行呢？他察問，我怎樣回答呢？|zh
1464|31|14|14|What then will I do when God comes as my judge? and what answer may I give to his questions?|en
1465|31|15|15|造我在腹中的，不也是造他麼？將他與我摶在腹中的豈不是一位麼？|zh
1466|31|15|15|Did not God make him as well as me? did he not give us life in our mothers' bodies?|en
1467|31|16|16|我若不容貧寒人得其所願，或叫寡婦眼中失望，|zh
1468|31|16|16|If I kept back the desire of the poor; if the widow's eye was looking for help to no purpose;|en
1469|31|17|17|或獨自吃我一點食物，孤兒沒有與我同吃；|zh
1470|31|17|17|If I kept my food for myself, and did not give some of it to the child with no father;|en
1471|31|18|18|（從幼年時孤兒與我同長，好像父子一樣；我從出母腹就扶助寡婦。）|zh
1472|31|18|18|(For I was cared for by God as by a father from my earliest days; he was my guide from the body of my mother;)|en
1473|31|19|19|我若見人因無衣死亡，或見窮乏人身無遮蓋；|zh
1474|31|19|19|If I saw one near to death for need of clothing, and that the poor had nothing covering him;|en
1475|31|20|20|我若不使他因我羊的毛得暖，為我祝福；|zh
1476|31|20|20|If his back did not give me a blessing, and the wool of my sheep did not make him warm;|en
1477|31|21|21|我若在城門口見有幫助我的，舉手攻擊孤兒；|zh
1478|31|21|21|If my hand had been lifted up against him who had done no wrong, when I saw that I was supported by the judges;|en
1479|31|22|22|情願我的肩頭從缺盆骨脫落，我的膀臂從羊矢骨折斷。|zh
1480|31|22|22|May my arm be pulled from my body, and be broken from its base.|en
1481|31|23|23|因神降的災禍使我恐懼；因他的威嚴，我不能妄為。|zh
1482|31|23|23|For the fear of God kept me back, and because of his power I might not do such things.|en
1483|31|24|24|我若以黃金為指望，對精金說：你是我的倚靠；|zh
1484|31|24|24|If I made gold my hope, or if I ever said to the best gold, I have put my faith in you;|en
1485|31|25|25|我若因財物豐裕，因我手多得資財而歡喜；|zh
1486|31|25|25|If I was glad because my wealth was great, and because my hand had got together a great store;|en
1487|31|26|26|我若見太陽發光，明月行在空中，|zh
1488|31|26|26|If, when I saw the sun shining, and the moon moving on its bright way,|en
1489|31|27|27|心就暗暗被引誘，口便親手；|zh
1490|31|27|27|A secret feeling of worship came into my heart, and my hand gave kisses from my mouth;|en
1491|31|28|28|這也是審判官當罰的罪孽，又是我背棄在上的神。|zh
1492|31|28|28|That would have been another sin to be rewarded with punishment by the judges; for I would have been false to God on high.|en
1493|31|29|29|我若見恨我的遭報就歡喜，見他遭災便高興；|zh
1494|31|29|29|If I was glad at the trouble of my hater, and gave cries of joy when evil overtook him;|en
1495|31|30|30|（我沒有容口犯罪，咒詛他的生命；）|zh
1496|31|30|30|(For I did not let my mouth give way to sin, in putting a curse on his life;)|en
1497|31|31|31|若我帳棚的人未嘗說，誰不以主人的食物吃飽呢？|zh
1498|31|31|31|If the men of my tent did not say, Who has not had full measure of his meat?|en
1499|31|32|32|（從來我沒有容客旅在街上住宿，卻開門迎接行路的人；）|zh
1500|31|32|32|The traveller did not take his night's rest in the street, and my doors were open to anyone on a journey;|en
1501|31|33|33|我若像亞當（或譯：別人）遮掩我的過犯，將罪孽藏在懷中；|zh
1502|31|33|33|If I kept my evil doings covered, and my sin in the secret of my breast,|en
1503|31|34|34|因懼怕大眾，又因宗族藐視我使我驚恐，以致閉口無言，杜門不出；|zh
1504|31|34|34|For fear of the great body of people, or for fear that families might make sport of me, so that I kept quiet, and did not go out of my door;|en
1505|31|35|35|惟願有一位肯聽我！（看哪，在這裡有我所劃的押，願全能者回答我！）|zh
1506|31|35|35|If only God would give ear to me, and the Ruler of all would give me an answer! or if what he has against me had been put in writing!|en
1507|31|36|36|願那敵我者所寫的狀詞在我這裡！我必帶在肩上，又綁在頭上為冠冕。|zh
1508|31|36|36|Truly I would take up the book in my hands; it would be to me as a crown;|en
1509|31|37|37|我必向他述說我腳步的數目，必如君王進到他面前。|zh
1510|31|37|37|I would make clear the number of my steps, I would put it before him like a prince! The words of Job are ended.|en
1511|31|38|38|我若奪取田地，這地向我喊冤，犁溝一同哭泣；|zh
1512|31|38|38|If my land has made an outcry against me, or the ploughed earth has been in sorrow;|en
1513|31|39|39|我若吃地的出產不給價值，或叫原主喪命；|zh
1514|31|39|39|If I have taken its produce without payment, causing the death of its owners;|en
1515|31|40|40|願這地長蒺藜代替麥子，長惡草代替大麥。約伯的話說完了。|zh
1516|31|40|40|Then in place of grain let thorns come up, and in place of barley evil-smelling plants.|en
1517|32|1|1|於是這三個人，因約伯自以為義就不再回答他。|zh
1518|32|1|1|So these three men gave no more answers to Job, because he seemed to himself to be right.|en
1519|32|2|2|那時有布西人蘭族巴拉迦的兒子以利戶向約伯發怒；因約伯自以為義，不以神為義。|zh
1520|32|2|2|And Elihu, the son of Barachel the Buzite, of the family of Ram, was angry, burning with wrath against Job, because he seemed to himself more right than God;|en
1521|32|3|3|他又向約伯的三個朋友發怒；因為他們想不出回答的話來，仍以約伯為有罪。|zh
1522|32|3|3|And he was angry with his three friends, because they had been unable to give him an answer, and had not made Job's sin clear.|en
1523|32|4|4|以利戶要與約伯說話，就等候他們，因為他們比自己年老。|zh
1524|32|4|4|Now Elihu had kept quiet while Job was talking, because they were older than he;|en
1525|32|5|5|以利戶見這三個人口中無話回答，就怒氣發作。|zh
1526|32|5|5|And when Elihu saw that there was no answer in the mouth of the three men, he was very angry.|en
1527|32|6|6|布西人巴拉迦的兒子以利戶回答說：我年輕，你們老邁；因此我退讓，不敢向你們陳說我的意見。|zh
1528|32|6|6|And Elihu, the son of Barachel the Buzite, made answer and said, I am young, and you are very old, so I was in fear, and kept myself from putting my knowledge before you.|en
1529|32|7|7|我說，年老的當先說話；壽高的當以智慧.教訓人。|zh
1530|32|7|7|I said to myself, It is right for the old to say what is in their minds, and for those who are far on in years to give out wisdom.|en
1531|32|8|8|但在人裡面有靈；全能者的氣使人有聰明。|zh
1532|32|8|8|But truly it is the spirit in man, even the breath of the Ruler of all, which gives them knowledge.|en
1533|32|9|9|尊貴的不都有智慧；壽高的不都能明白公平。|zh
1534|32|9|9|It is not the old who are wise, and those who are full of years have not the knowledge of what is right.|en
1535|32|10|10|因此我說：你們要聽我言；我也要陳說我的意見。|zh
1536|32|10|10|So I say, Give ear to me, and I will put forward my knowledge.|en
1537|32|11|11|你們查究所要說的話；那時我等候你們的話，側耳聽你們的辯論，|zh
1538|32|11|11|I was waiting for your words, I was giving ear to your wise sayings; while you were searching out what to say,|en
1539|32|12|12|留心聽你們；誰知你們中間無一人折服約伯，駁倒他的話。|zh
1540|32|12|12|I was taking note; and truly not one of you was able to make clear Job's error, or to give an answer to his words.|en
1541|32|13|13|你們切不可說：我們尋得智慧；神能勝他，人卻不能。|zh
1542|32|13|13|Take care that you do not say, Wisdom is here; God may overcome him, but not man.|en
1543|32|14|14|約伯沒有向我爭辯；我也不用你們的話回答他。|zh
1544|32|14|14|I will not put forward words like these, or make use of your sayings in answer to him.|en
1545|32|15|15|他們驚奇不再回答，一言不發。|zh
1546|32|15|15|Fear has overcome them, they have no more answers to give; they have come to an end of words.|en
1547|32|16|16|我豈因他們不說話，站住不再回答，仍舊等候呢？|zh
1548|32|16|16|And am I to go on waiting while they have nothing to say? while they keep quiet and give no more answers?|en
1549|32|17|17|我也要回答我的一分話，陳說我的意見。|zh
1550|32|17|17|I will give my answer; I will put forward my knowledge:|en
1551|32|18|18|因為我的言語滿懷；我裡面的靈激動我。|zh
1552|32|18|18|For I am full of words, I am unable to keep in my breath any longer:|en
1553|32|19|19|我的胸懷如盛酒之囊沒有出氣之縫，又如新皮袋快要破裂。|zh
1554|32|19|19|My stomach is like wine which is unable to get out; like skins full of new wine, it is almost burst.|en
1555|32|20|20|我要說話，使我舒暢；我要開口回答。|zh
1556|32|20|20|Let me say what is in my mind, so that I may get comfort; let me give answer with open mouth.|en
1557|32|21|21|我必不看人的情面，也不奉承人。|zh
1558|32|21|21|Let me not give respect to any man, or give names of honour to any living.|en
1559|32|22|22|我不曉得奉承；若奉承，造我的主必快快除滅我。|zh
1560|32|22|22|For I am not able to give names of honour to any man; and if I did, my Maker would quickly take me away.|en
1561|33|1|1|約伯啊，請聽我的話，留心聽我一切的言語。|zh
1562|33|1|1|And now, O Job, give ear to my words, and take note of all I say.|en
1563|33|2|2|我現在開口，用舌發言。|zh
1564|33|2|2|See, now my mouth is open, my tongue gives out words.|en
1565|33|3|3|我的言語要發明心中所存的正直；我所知道的，我嘴唇要誠實地說出。|zh
1566|33|3|3|My heart is overflowing with knowledge, my lips say what is true.|en
1567|33|4|4|神的靈造我；全能者的氣使我得生。|zh
1568|33|4|4|The spirit of God has made me, and the breath of the Ruler of all gives me life.|en
1569|33|5|5|你若回答我，就站起來，在我面前陳明。|zh
1570|33|5|5|If you are able, give me an answer; put your cause in order, and come forward.|en
1571|33|6|6|我在神面前與你一樣，也是用土造成。|zh
1572|33|6|6|See, I am the same as you are in the eyes of God; I was cut off from the same bit of wet earth.|en
1573|33|7|7|我不用威嚴驚嚇你，也不用勢力重壓你。|zh
1574|33|7|7|Fear of me will not overcome you, and my hand will not be hard on you.|en
1575|33|8|8|你所說的，我聽見了，也聽見你的言語，說：|zh
1576|33|8|8|But you said in my hearing, and your voice came to my ears:|en
1577|33|9|9|我是清潔無過的，我是無辜的；在我裡面也沒有罪孽。|zh
1578|33|9|9|I am clean, without sin; I am washed, and there is no evil in me:|en
1579|33|10|10|神找機會攻擊我，以我為仇敵，|zh
1580|33|10|10|See, he is looking for something against me; in his eyes I am as one of his haters;|en
1581|33|11|11|把我的腳上了木狗，窺察我一切的道路。|zh
1582|33|11|11|He puts chains on my feet; he is watching all my ways.|en
1583|33|12|12|我要回答你說：你這話無理，因神比世人更大。|zh
1584|33|12|12|Truly, in saying this you are wrong; for God is greater than man.|en
1585|33|13|13|你為何與他爭論呢？因他的事都不對人解說？|zh
1586|33|13|13|Why do you put forward your cause against him, saying, He gives no answer to any of my words?|en
1587|33|14|14|神說一次、兩次，世人卻不理會。|zh
1588|33|14|14|For God gives his word in one way, even in two, and man is not conscious of it:|en
1589|33|15|15|人躺在床上沉睡的時候，神就用夢和夜間的異象，|zh
1590|33|15|15|In a dream, in a vision of the night, when deep sleep comes on men, while they take their rest on their beds;|en
1591|33|16|16|開通他們的耳朵，將當受的教訓印在他們心上，|zh
1592|33|16|16|Then he makes his secrets clear to men, so that they are full of fear at what they see;|en
1593|33|17|17|好叫人不從自己的謀算，不行驕傲的事（原文是將驕傲向人隱藏），|zh
1594|33|17|17|In order that man may be turned from his evil works, and that pride may be taken away from him;|en
1595|33|18|18|攔阻人不陷於坑裡，不死在刀下。|zh
1596|33|18|18|To keep back his soul from the underworld, and his life from destruction.|en
1597|33|19|19|人在床上被懲治，骨頭中不住地疼痛，|zh
1598|33|19|19|Pain is sent on him as a punishment, while he is on his bed; there is no end to the trouble in his bones;|en
1599|33|20|20|以致他的口厭棄食物，心厭惡美味。|zh
1600|33|20|20|He has no desire for food, and his soul is turned away from delicate meat;|en
1601|33|21|21|他的肉消瘦，不得再見；先前不見的骨頭都凸出來。|zh
1602|33|21|21|His flesh is so wasted away, that it may not be seen, and his bones. ...|en
1603|33|22|22|他的靈魂臨近深坑；他的生命近於滅命的。|zh
1604|33|22|22|And his soul comes near to the underworld, and his life to the angels of death.|en
1605|33|23|23|一千天使中，若有一個作傳話的與神同在，指示人所當行的事，|zh
1606|33|23|23|If now there may be an angel sent to him, one of the thousands which there are to be between him and God, and to make clear to man what is right for him;|en
1607|33|24|24|神就給他開恩，說：救贖他免得下坑；我已經得了贖價。|zh
1608|33|24|24|And if he has mercy on him, and says, Let him not go down to the underworld, I have given the price for his life:|en
1609|33|25|25|他的肉要比孩童的肉更嫩；他就返老還童。|zh
1610|33|25|25|Then his flesh becomes young again, and he comes back to the days of his early strength;|en
1611|33|26|26|他禱告神，神就喜悅他，使他歡呼朝見神的面；神又看他為義。|zh
1612|33|26|26|He makes his prayer to God, and he has mercy on him; he sees God's face with cries of joy; he gives news of his righteousness to men;|en
1613|33|27|27|他在人前歌唱說：我犯了罪，顛倒是非，這竟與我無益。|zh
1614|33|27|27|He makes a song, saying, I did wrong, turning from the straight way, but he did not give me the reward of my sin.|en
1615|33|28|28|神救贖我的靈魂免入深坑；我的生命也必見光。|zh
1616|33|28|28|He kept my soul from the underworld, and my life sees the light in full measure.|en
1617|33|29|29|神兩次、三次向人行這一切的事，|zh
1618|33|29|29|Truly, God does all these things to man, twice and three times,|en
1619|33|30|30|為要從深坑救回人的靈魂，使他被光照耀，與活人一樣。|zh
1620|33|30|30|Keeping back his soul from the underworld, so that he may see the light of life.|en
1621|33|31|31|約伯啊，你當側耳聽我的話，不要作聲，等我講說。|zh
1622|33|31|31|Take note O Job, give ear to me; keep quiet, while I say what is in my mind.|en
1623|33|32|32|你若有話說，就可以回答我；你只管說，因我願以你為是。|zh
1624|33|32|32|If you have anything to say, give me an answer; for it is my desire that you may be judged free from sin.|en
1625|33|33|33|若不然，你就聽我說；你不要作聲，我便將智慧教訓你。|zh
1626|33|33|33|If not, give attention to me, and keep quiet, and I will give you wisdom.|en
1627|34|1|1|以利戶又說：|zh
1628|34|1|1|And Elihu made answer and said,|en
1629|34|2|2|你們智慧人要聽我的話；有知識的人要留心聽我說。|zh
1630|34|2|2|Give ear, you wise, to my words; and you who have knowledge, give attention to me;|en
1631|34|3|3|因為耳朵試驗話語，好像上膛嘗食物。|zh
1632|34|3|3|For words are tested by the ear, as food is tasted by the mouth.|en
1633|34|4|4|我們當選擇何為是，彼此知道何為善。|zh
1634|34|4|4|Let us make the decision for ourselves as to what is right; let us have the knowledge among ourselves of what is good.|en
1635|34|5|5|約伯曾說：我是公義，神奪去我的理；|zh
1636|34|5|5|For Job has said, I am upright, and it is God who has taken away my right;|en
1637|34|6|6|我雖有理，還算為說謊言的；我雖無過，受的傷還不能醫治。|zh
1638|34|6|6|Though I am right, still I am in pain; my wound may not be made well, though I have done no wrong.|en
1639|34|7|7|誰像約伯，喝譏誚如同喝水呢？|zh
1640|34|7|7|What man is like Job, a man who freely makes sport of God,|en
1641|34|8|8|他與作孽的結伴，和惡人同行。|zh
1642|34|8|8|And goes in the company of evil-doers, walking in the way of sinners?|en
1643|34|9|9|他說：人以神為樂，總是無益。|zh
1644|34|9|9|For he has said, It is no profit to a man to take delight in God.|en
1645|34|10|10|所以，你們明理的人要聽我的話。神斷不致行惡；全能者斷不致作孽。|zh
1646|34|10|10|Now then, you wise, take note; you men of knowledge, give ear to me. Let it be far from God to do evil, and from the Ruler of all to do wrong.|en
1647|34|11|11|他必按人所做的報應人，使各人照所行的得報。|zh
1648|34|11|11|For he gives to every man the reward of his work, and sees that he gets the fruit of his ways.|en
1649|34|12|12|神必不作惡；全能者也不偏離公平。|zh
1650|34|12|12|Truly, God does not do evil, and the Ruler of all is not a false judge.|en
1651|34|13|13|誰派他治理地，安定全世界呢？|zh
1652|34|13|13|Who put the earth into his care, or made him responsible for the world?|en
1653|34|14|14|他若專心為己，將靈和氣收歸自己，|zh
1654|34|14|14|If he made his spirit come back to him, taking his breath into himself again,|en
1655|34|15|15|凡有血氣的就必一同死亡；世人必仍歸塵土。|zh
1656|34|15|15|All flesh would come to an end together, and man would go back to the dust.|en
1657|34|16|16|你若明理，就當聽我的話，留心聽我言語的聲音。|zh
1658|34|16|16|If you are wise, take note of this; give ear to the voice of my words.|en
1659|34|17|17|難道恨惡公平的可以掌權麼？那有公義的、有大能的，豈可定他有罪麼？|zh
1660|34|17|17|How may a hater of right be a ruler? and will you say that the upright Ruler of all is evil?|en
1661|34|18|18|他對君王說：你是鄙陋的；對貴臣說：你是邪惡的。|zh
1662|34|18|18|He who says to a king, You are an evil-doer; and to rulers, You are sinners;|en
1663|34|19|19|他待王子不徇情面，也不看重富足的過於貧窮的，因為都是他手所造。|zh
1664|34|19|19|Who has no respect for rulers, and who gives no more attention to those who have wealth than to the poor, for they are all the work of his hands.|en
1665|34|20|20|在轉眼之間，半夜之中，他們就死亡。百姓被震動而去世；有權力的被奪去非借人手。|zh
1666|34|20|20|Suddenly they come to an end, even in the middle of the night: the blow comes on the men of wealth, and they are gone, and the strong are taken away without the hand of man.|en
1667|34|21|21|神注目觀看人的道路，看明人的腳步。|zh
1668|34|21|21|For his eyes are on the ways of a man, and he sees all his steps.|en
1669|34|22|22|沒有黑暗、陰翳能給作孽的藏身。|zh
1670|34|22|22|There is no dark place, and no thick cloud, in which the workers of evil may take cover.|en
1671|34|23|23|神審判人，不必使人到他面前再三鑒察。|zh
1672|34|23|23|For he does not give man a fixed time to come before him to be judged.|en
1673|34|24|24|他用難測之法打破有能力的人，設立別人代替他們。|zh
1674|34|24|24|He sends the strong to destruction without searching out their cause, and puts others in their place.|en
1675|34|25|25|他原知道他們的行為，使他們在夜間傾倒滅亡。|zh
1676|34|25|25|For he has knowledge of their works, overturning them in the night, so that they are crushed.|en
1677|34|26|26|他在眾人眼前擊打他們，如同擊打惡人一樣。|zh
1678|34|26|26|The evil-doers are broken by his wrath, he puts his hand on them with force before the eyes of all onlookers.|en
1679|34|27|27|因為他們偏行不跟從他，也不留心他的道，|zh
1680|34|27|27|Because they did not go after him, and took no note of his ways,|en
1681|34|28|28|甚至使貧窮人的哀聲達到他那裡；他也聽了困苦人的哀聲。|zh
1682|34|28|28|So that the cry of the poor might come up to him, and the prayer of those in need come to his ears.|en
1683|34|29|29|他使人安靜，誰能擾亂（或譯：定罪）呢？他掩面，誰能見他呢？無論待一國或一人都是如此─|zh
1684|34|29|29|...|en
1685|34|30|30|使不虔敬的人不得作王，免得有人牢籠百姓。|zh
1686|34|30|30|...|en
1687|34|31|31|有誰對神說：我受了責罰，不再犯罪；|zh
1688|34|31|31|...|en
1689|34|32|32|我所看不明的，求你指教我；我若作了孽，必不再作？|zh
1690|34|32|32|...|en
1691|34|33|33|他施行報應，豈要隨你的心願、叫你推辭不受麼？選定的是你，不是我。你所知道的只管說罷！|zh
1692|34|33|33|...|en
1693|34|34|34|明理的人和聽我話的智慧人必對我說：|zh
1694|34|34|34|Men of knowledge, and all wise men, hearing me, will say,|en
1695|34|35|35|約伯說話沒有知識，言語中毫無智慧。|zh
1696|34|35|35|Job's words do not come from knowledge; they are not the fruit of wisdom.|en
1697|34|36|36|願約伯被試驗到底，因他回答像惡人一樣。|zh
1698|34|36|36|May Job be tested to the end, because his answers have been like those of evil men.|en
1699|34|37|37|他在罪上又加悖逆；在我們中間拍手，用許多言語輕慢神。|zh
1700|34|37|37|For in addition to his sin, he is uncontrolled in heart; before our eyes he makes sport of God, increasing his words against him.|en
1701|35|1|1|以利戶又說：|zh
1702|35|1|1|And Elihu made answer and said,|en
1703|35|2|2|你以為有理，或以為你的公義勝於神的公義，|zh
1704|35|2|2|Does it seem to you to be right, and righteousness before God, to say,|en
1705|35|3|3|才說這與我有甚麼益處？我不犯罪比犯罪有甚麼好處呢？|zh
1706|35|3|3|What profit is it to me, and how am I better off than if I had done wrong?|en
1707|35|4|4|我要回答你和在你這裡的朋友。|zh
1708|35|4|4|I will make answer to you and to your friends:|en
1709|35|5|5|你要向天觀看，瞻望那高於你的穹蒼。|zh
1710|35|5|5|Let your eyes be turned to the heavens, and lifted up to see the skies; they are higher than you.|en
1711|35|6|6|你若犯罪，能使神受何害呢？你的過犯加增，能使神受何損呢？|zh
1712|35|6|6|If you have done wrong, is he any the worse for it? and if your sins are great in number, what is it to him?|en
1713|35|7|7|你若是公義，還能加增他甚麼呢？他從你手裡還接受甚麼呢？|zh
1714|35|7|7|If you are upright, what do you give to him? or what does he take from your hand?|en
1715|35|8|8|你的過惡或能害你這類的人；你的公義或能叫世人得益處。|zh
1716|35|8|8|Your evil-doing may have an effect on a man like yourself, or your righteousness on a son of man.|en
1717|35|9|9|人因多受欺壓就哀求，因受能者的轄制（原文是膀臂）便求救，|zh
1718|35|9|9|Because the hand of the cruel is hard on them, men are making sounds of grief; they are crying out for help because of the arm of the strong.|en
1719|35|10|10|卻無人說：造我的神在哪裡？他使人夜間歌唱，|zh
1720|35|10|10|But no one has said, Where is God my Maker, who gives songs in the night;|en
1721|35|11|11|教訓我們勝於地上的走獸，使我們有聰明勝於空中的飛鳥。|zh
1722|35|11|11|Who gives us more knowledge than the beasts of the earth, and makes us wiser than the birds of the heaven?|en
1723|35|12|12|他們在那裡，因惡人的驕傲呼求，卻無人答應。|zh
1724|35|12|12|There they are crying out because of the pride of the evil-doers, but he gives them no answer.|en
1725|35|13|13|虛妄的呼求，神必不垂聽；全能者也必不眷顧。|zh
1726|35|13|13|But God will not give ear to what is false, or the Ruler of all take note of it;|en
1727|35|14|14|何況你說，你不得見他；你的案件在他面前，你等候他罷。|zh
1728|35|14|14|How much less when you say that you do not see him; that the cause is before him, and you are waiting for him.|en
1729|35|15|15|但如今因他未曾發怒降罰，也不甚理會狂傲，|zh
1730|35|15|15|And now ... ;|en
1731|35|16|16|所以約伯開口說虛妄的話，多發無知識的言語。|zh
1732|35|16|16|And Job's mouth is open wide to give out what is of no profit, increasing words without knowledge.|en
1733|36|1|1|以利戶又接著說：|zh
1734|36|1|1|And Elihu went on to say,|en
1735|36|2|2|你再容我片時，我就指示你，因我還有話為神說。|zh
1736|36|2|2|Give me a little more time, and I will make it clear to you; for I have still something to say for God.|en
1737|36|3|3|我要將所知道的從遠處引來，將公義歸給造我的主。|zh
1738|36|3|3|I will get my knowledge from far, and I will give righteousness to my Maker.|en
1739|36|4|4|我的言語真不虛謊；有知識全備的與你同在。|zh
1740|36|4|4|For truly my words are not false; one who has all knowledge is talking with you.|en
1741|36|5|5|神有大能，並不藐視人；他的智慧甚廣。|zh
1742|36|5|5|Truly, God gives up the hard-hearted, and will not give life to the sinner.|en
1743|36|6|6|他不保護惡人的性命，卻為困苦人伸冤。|zh
1744|36|6|6|His eyes are ever on the upright, and he gives to the crushed their right;|en
1745|36|7|7|他時常看顧義人，使他們和君王同坐寶座，永遠要被高舉。|zh
1746|36|7|7|Lifting them up to the seat of kings, and making them safe for ever.|en
1747|36|8|8|他們若被鎖鍊捆住，被苦難的繩索纏住，|zh
1748|36|8|8|And if they have been prisoned in chains, and taken in cords of trouble,|en
1749|36|9|9|他就把他們的作為和過犯指示他們，叫他們知道有驕傲的行動。|zh
1750|36|9|9|Then he makes clear to them what they have done, even their evil works in which they have taken pride.|en
1751|36|10|10|他也開通他們的耳朵得受教訓，吩咐他們離開罪孽轉回。|zh
1752|36|10|10|Their ear is open to his teaching, and he gives them orders so that their hearts may be turned from evil.|en
1753|36|11|11|他們若聽從事奉他，就必度日亨通，歷年福樂；|zh
1754|36|11|11|If they give ear to his voice, and do his word, then he gives them long life, and years full of pleasure.|en
1755|36|12|12|若不聽從，就要被刀殺滅，無知無識而死。|zh
1756|36|12|12|But if not, they come to their end, and give up their breath without knowledge.|en
1757|36|13|13|那心中不敬虔的人積蓄怒氣；神捆綁他們，他們竟不求救；|zh
1758|36|13|13|Those who have no fear of God keep wrath stored up in their hearts; they give no cry for help when they are made prisoners.|en
1759|36|14|14|必在青年時死亡，與污穢人一樣喪命。|zh
1760|36|14|14|They come to their end while they are still young, their life is short like that of those who are used for sex purposes in the worship of their gods.|en
1761|36|15|15|神藉著困苦救拔困苦人，趁他們受欺壓開通他們的耳朵。|zh
1762|36|15|15|He makes the wrong done to the poor the way of their salvation, opening their ears by their trouble.|en
1763|36|16|16|神也必引你出離患難，進入寬闊不狹窄之地；擺在你席上的必滿有肥甘。|zh
1764|36|16|16|...|en
1765|36|17|17|但你滿口有惡人批評的言語；判斷和刑罰抓住你。|zh
1766|36|17|17|...|en
1767|36|18|18|不可容忿怒觸動你，使你不服責罰；也不可因贖價大就偏行。|zh
1768|36|18|18|...|en
1769|36|19|19|你的呼求（或譯：資財），或是你一切的勢力，果有靈驗，叫你不受患難麼？|zh
1770|36|19|19|...|en
1771|36|20|20|不要切慕黑夜，就是眾民在本處被除滅的時候。|zh
1772|36|20|20|...|en
1773|36|21|21|你要謹慎，不可重看罪孽，因你選擇罪孽過於選擇苦難。|zh
1774|36|21|21|Take care not to be turned to sin, for you have taken evil for your part in place of sorrow.|en
1775|36|22|22|神行事有高大的能力；教訓人的有誰像他呢？|zh
1776|36|22|22|Truly God is lifted up in strength; who is a ruler like him?|en
1777|36|23|23|誰派定他的道路？誰能說：你所行的不義？|zh
1778|36|23|23|Who ever gave orders to him, or said to him, You have done wrong?|en
1779|36|24|24|你不可忘記稱讚他所行的為大，就是人所歌頌的。|zh
1780|36|24|24|See that you give praise to his work, about which men make songs.|en
1781|36|25|25|他所行的，萬人都看見；世人也從遠處觀看。|zh
1782|36|25|25|All people are looking on it; man sees it from far.|en
1783|36|26|26|神為大，我們不能全知；他的年數不能測度。|zh
1784|36|26|26|Truly, God is great, greater than all our knowledge; the number of his years may not be searched out.|en
1785|36|27|27|他吸取水點，這水點從雲霧中就變成雨；|zh
1786|36|27|27|For he takes up the drops from the sea; he sends them through his mist as rain,|en
1787|36|28|28|雲彩將雨落下，沛然降與世人。|zh
1788|36|28|28|Flowing down from the sky, and dropping on the peoples.|en
1789|36|29|29|誰能明白雲彩如何鋪張，和神行宮的雷聲呢？|zh
1790|36|29|29|And who has knowledge of how the clouds are stretched out, or of the thunders of his tent?|en
1791|36|30|30|他將亮光普照在自己的四圍；他又遮覆海底。|zh
1792|36|30|30|See, he is stretching out his mist, covering the tops of the mountains with it.|en
1793|36|31|31|他用這些審判眾民，且賜豐富的糧食。|zh
1794|36|31|31|For by these he gives food to the peoples, and bread in full measure.|en
1795|36|32|32|他以電光遮手，命閃電擊中敵人（或譯：中了靶子）。|zh
1796|36|32|32|He takes the light in his hands, sending it against the mark.|en
1797|36|33|33|所發的雷聲顯明他的作為，又向牲畜指明要起暴風。|zh
1798|36|33|33|The thunder makes clear his passion, and the storm gives news of his wrath.|en
1799|37|1|1|因此我心戰兢，從原處移動。|zh
1800|37|1|1|At this my heart is shaking; it is moved out of its place.|en
1801|37|2|2|聽啊，神轟轟的聲音是他口中所發的響聲。|zh
1802|37|2|2|Give ear to the rolling noise of his voice; to the hollow sound which goes out of his mouth.|en
1803|37|3|3|他發響聲震遍天下，發電光閃到地極。|zh
1804|37|3|3|He sends it out through all the heaven, and his thunder-flame to the ends of the earth.|en
1805|37|4|4|隨後人聽見有雷聲轟轟，大發威嚴，雷電接連不斷。|zh
1806|37|4|4|After it a voice is sounding, thundering out the word of his power; he does not keep back his thunder-flames; from his mouth his voice is sounding.|en
1807|37|5|5|神發出奇妙的雷聲；他行大事，我們不能測透。|zh
1808|37|5|5|He does wonders, more than may be searched out; great things of which we have no knowledge;|en
1809|37|6|6|他對雪說：要降在地上；對大雨和暴雨也是這樣說。|zh
1810|37|6|6|For he says to the snow, Make the earth wet; and to the rain-storm, Come down.|en
1811|37|7|7|他封住各人的手，叫所造的萬人都曉得他的作為。|zh
1812|37|7|7|He puts an end to the work of every man, so that all may see his work.|en
1813|37|8|8|百獸進入穴中，臥在洞內。|zh
1814|37|8|8|Then the beasts go into their holes, and take their rest.|en
1815|37|9|9|暴風出於南宮；寒冷出於北方。|zh
1816|37|9|9|Out of its place comes the storm-wind, and the cold out of its store-houses.|en
1817|37|10|10|神噓氣成冰；寬闊之水也都凝結。|zh
1818|37|10|10|By the breath of God ice is made, and the wide waters are shut in.|en
1819|37|11|11|他使密雲盛滿水氣，布散電光之雲；|zh
1820|37|11|11|The thick cloud is weighted with thunder-flame, and the cloud sends out its light;|en
1821|37|12|12|這雲是藉他的指引游行旋轉，得以在全地面上行他一切所吩咐的，|zh
1822|37|12|12|And it goes this way and that, round about, turning itself by his guiding, to do whatever he gives orders to be done, on the face of his world of men,|en
1823|37|13|13|或為責罰，或為潤地，或為施行慈愛。|zh
1824|37|13|13|For a rod, or for a curse, or for mercy, causing it to come on the mark.|en
1825|37|14|14|約伯啊，你要留心聽，要站立思想神奇妙的作為。|zh
1826|37|14|14|Give ear to this, O Job, and keep quiet in your place; and take note of the wonders worked by God.|en
1827|37|15|15|神如何吩咐這些，如何使雲中的電光照耀，你知道麼？|zh
1828|37|15|15|Have you knowledge of God's ordering of his works, how he makes the light of his cloud to be seen?|en
1829|37|16|16|雲彩如何浮於空中，那知識全備者奇妙的作為，你知道麼？|zh
1830|37|16|16|Have you knowledge of the balancings of the clouds, the wonders of him who has all wisdom?|en
1831|37|17|17|南風使地寂靜，你的衣服就如火熱，你知道麼？|zh
1832|37|17|17|You, whose clothing is warm, when the earth is quiet because of the south wind,|en
1833|37|18|18|你豈能與神同鋪穹蒼麼？這穹蒼堅硬，如同鑄成的鏡子。|zh
1834|37|18|18|Will you, with him, make the skies smooth, and strong as a polished looking-glass?|en
1835|37|19|19|我們愚昧不能陳說；請你指教我們該對他說甚麼話。|zh
1836|37|19|19|Make clear to me what we are to say to him; we are unable to put our cause before him, because of the dark.|en
1837|37|20|20|人豈可說：我願與他說話？豈有人自願滅亡麼？|zh
1838|37|20|20|How may he have knowledge of my desire for talk with him? or did any man ever say, May destruction come on me?|en
1839|37|21|21|現在有雲遮蔽，人不得見穹蒼的光亮；但風吹過，天又發晴。|zh
1840|37|21|21|And now the light is not seen, for it is dark because of the clouds; but a wind comes, clearing them away.|en
1841|37|22|22|金光出於北方，在神那裡有可怕的威嚴。|zh
1842|37|22|22|A bright light comes out of the north; God's glory is greatly to be feared.|en
1843|37|23|23|論到全能者，我們不能測度；他大有能力，有公平和大義，必不苦待人。|zh
1844|37|23|23|There is no searching out of the Ruler of all: his strength and his judging are great; he is full of righteousness, doing no wrong.|en
1845|37|24|24|所以，人敬畏他；凡自以為心中有智慧的人，他都不顧念。|zh
1846|37|24|24|For this cause men go in fear of him; he has no respect for any who are wise in heart.|en
1847|38|1|1|那時，耶和華從旋風中回答約伯說：|zh
1848|38|1|1|And the Lord made answer to Job out of the storm-wind, and said,|en
1849|38|2|2|誰用無知的言語使我的旨意暗昧不明，|zh
1850|38|2|2|Who is this who makes the purpose of God dark by words without knowledge?|en
1851|38|3|3|你要如勇士束腰；我問你，你可以指示我。|zh
1852|38|3|3|Get your strength together like a man of war; I will put questions to you, and you will give me the answers.|en
1853|38|4|4|我立大地根基的時候，你在哪裡呢？你若有聰明，只管說罷！|zh
1854|38|4|4|Where were you when I put the earth on its base? Say, if you have knowledge.|en
1855|38|5|5|你若曉得就說，是誰定地的尺度？是誰把準繩拉在其上？|zh
1856|38|5|5|By whom were its measures fixed? Say, if you have wisdom; or by whom was the line stretched out over it?|en
1857|38|6|6|地的根基安置在何處？地的角石是誰安放的？|zh
1858|38|6|6|On what were its pillars based, or who put down its angle-stone,|en
1859|38|7|7|那時，晨星一同歌唱；神的眾子也都歡呼。|zh
1860|38|7|7|When the morning stars made songs together, and all the sons of the gods gave cries of joy?|en
1861|38|8|8|海水衝出，如出胎胞，那時誰將他關閉呢？|zh
1862|38|8|8|Or where were you when the sea came to birth, pushing out from its secret place;|en
1863|38|9|9|是我用雲彩當海的衣服，用幽暗當包裹他的布，|zh
1864|38|9|9|When I made the cloud its robe, and put thick clouds as bands round it,|en
1865|38|10|10|為他定界限，又安門和閂，|zh
1866|38|10|10|Ordering a fixed limit for it, with locks and doors;|en
1867|38|11|11|說：你只可到這裡，不可越過；你狂傲的浪要到此止住。|zh
1868|38|11|11|And said, So far you may come, and no farther; and here the pride of your waves will be stopped?|en
1869|38|12|12|你自生以來，曾命定晨光，使清晨的日光知道本位，|zh
1870|38|12|12|Have you, from your earliest days, given orders to the morning, or made the dawn conscious of its place;|en
1871|38|13|13|叫這光普照地的四極，將惡人從其中驅逐出來麼？|zh
1872|38|13|13|So that it might take a grip of the skirts of the earth, shaking all the evil-doers out of it?|en
1873|38|14|14|因這光，地面改變如泥上印印，萬物出現如衣服一樣。|zh
1874|38|14|14|It is changed like wet earth under a stamp, and is coloured like a robe;|en
1875|38|15|15|亮光不照惡人；強橫的膀臂也必折斷。|zh
1876|38|15|15|And from the evil-doers their light is kept back, and the arm of pride is broken.|en
1877|38|16|16|你曾進到海源，或在深淵的隱密處行走麼？|zh
1878|38|16|16|Have you come into the springs of the sea, walking in the secret places of the deep?|en
1879|38|17|17|死亡的門曾向你顯露麼？死蔭的門你曾見過麼？|zh
1880|38|17|17|Have the doors of death been open to you, or have the door-keepers of the dark ever seen you?|en
1881|38|18|18|地的廣大你能明透麼？你若全知道，只管說罷！|zh
1882|38|18|18|Have you taken note of the wide limits of the earth? Say, if you have knowledge of it all.|en
1883|38|19|19|光明的居所從何而至？黑暗的本位在於何處？|zh
1884|38|19|19|Which is the way to the resting-place of the light, and where is the store-house of the dark;|en
1885|38|20|20|你能帶到本境，能看明其室之路麼？|zh
1886|38|20|20|So that you might take it to its limit, guiding it to its house?|en
1887|38|21|21|你總知道，因為你早已生在世上，你日子的數目也多。|zh
1888|38|21|21|No doubt you have knowledge of it, for then you had come to birth, and the number of your days is great.|en
1889|38|22|22|你曾進入雪庫，或見過雹倉麼？|zh
1890|38|22|22|Have you come into the secret place of snow, or have you seen the store-houses of the ice-drops,|en
1891|38|23|23|這雪雹乃是我為降災，並打仗和爭戰的日子所預備的。|zh
1892|38|23|23|Which I have kept for the time of trouble, for the day of war and fighting?|en
1893|38|24|24|光亮從何路分開？東風從何路分散遍地？|zh
1894|38|24|24|Which is the way to the place where the wind is measured out, and the east wind sent out over the earth?|en
1895|38|25|25|誰為雨水分道？誰為雷電開路？|zh
1896|38|25|25|By whom has the way been cut for the flowing of the rain, and the flaming of the thunder;|en
1897|38|26|26|使雨降在無人之地、無人居住的曠野？|zh
1898|38|26|26|Causing rain to come on a land where no man is living, on the waste land which has no people;|en
1899|38|27|27|使荒廢淒涼之地得以豐足，青草得以發生？|zh
1900|38|27|27|To give water to the land where there is waste and destruction, and to make the dry land green with young grass?|en
1901|38|28|28|雨有父麼？露水珠是誰生的呢？|zh
1902|38|28|28|Has the rain a father? or who gave birth to the drops of night mist?|en
1903|38|29|29|冰出於誰的胎？天上的霜是誰生的呢？|zh
1904|38|29|29|Out of whose body came the ice? and who gave birth to the cold mist of heaven?|en
1905|38|30|30|諸水堅硬（或譯：隱藏）如石頭；深淵之面凝結成冰。|zh
1906|38|30|30|The waters are joined together, hard as a stone, and the face of the deep is covered.|en
1907|38|31|31|你能繫住昴星的結麼？能解開參星的帶麼？|zh
1908|38|31|31|Are the bands of the Pleiades fixed by you, or are the cords of Orion made loose?|en
1909|38|32|32|你能按時領出十二宮麼？能引導北斗和隨他的眾星（星：原文是子）麼？|zh
1910|38|32|32|Do you make Mazzaroth come out in its right time, or are the Bear and its children guided by you?|en
1911|38|33|33|你知道天的定例麼？能使地歸在天的權下麼？|zh
1912|38|33|33|Have you knowledge of the laws of the heavens? did you give them rule over the earth?|en
1913|38|34|34|你能向雲彩揚起聲來，使傾盆的雨遮蓋你麼？|zh
1914|38|34|34|Is your voice sent up to the cloud, so that you may be covered by the weight of waters?|en
1915|38|35|35|你能發出閃電，叫他行去，使他對你說：我們在這裡？|zh
1916|38|35|35|Do you send out the thunder-flames, so that they may go, and say to you, Here we are?|en
1917|38|36|36|誰將智慧放在懷中？誰將聰明賜於心內？|zh
1918|38|36|36|Who has put wisdom in the high clouds, or given knowledge to the lights of the north?|en
1919|38|37|37,38 |誰能用智慧數算雲彩呢？塵土聚集成團，土塊緊緊結連；那時，誰能傾倒天上的瓶呢？|zh
1920|38|37|37|By whose wisdom are the clouds numbered, or the water-skins of the heavens turned to the earth,|en
1921|38|38|38|When the earth becomes hard as metal, and is joined together in masses?|en
1922|38|39|39,40 |母獅子在洞中蹲伏，少壯獅子在隱密處埋伏；你能為他們抓取食物，使他們飽足麼？|zh
1923|38|39|39|Do you go after food for the she-lion, or get meat so that the young lions may have enough,|en
1924|38|40|40|When they are stretched out in their holes, and are waiting in the brushwood?|en
1925|38|41|41|烏鴉之雛因無食物飛來飛去，哀告神；那時，誰為他預備食物呢？|zh
1926|38|41|41|Who gives in the evening the meat he is searching for, when his young ones are crying to God; when the young lions with loud noise go wandering after their food?|en
1927|39|1|1|山巖間的野山羊幾時生產，你知道麼？母鹿下犢之期，你能察定麼？|zh
1928|39|1|1|Have you knowledge of the rock-goats? or do you see the roes giving birth to their young?|en
1929|39|2|2|他們懷胎的月數，你能數算麼？他們幾時生產，你能曉得麼？|zh
1930|39|2|2|Is the number of their months fixed by you? or is the time when they give birth ordered by you?|en
1931|39|3|3|他們屈身，將子生下，就除掉疼痛。|zh
1932|39|3|3|They are bent down, they give birth to their young, they let loose the fruit of their body.|en
1933|39|4|4|這子漸漸肥壯，在荒野長大，去而不回。|zh
1934|39|4|4|Their young ones are strong, living in the open country; they go out and do not come back again.|en
1935|39|5|5|誰放野驢出去自由？誰解開快驢的繩索？|zh
1936|39|5|5|Who has let the ass of the fields go free? or made loose the bands of the loud-voiced beast?|en
1937|39|6|6|我使曠野作他的住處，使鹹地當他的居所。|zh
1938|39|6|6|To whom I have given the waste land for a heritage, and the salt land as a living-place.|en
1939|39|7|7|他嗤笑城內的喧嚷，不聽趕牲口的喝聲。|zh
1940|39|7|7|He makes sport of the noise of the town; the voice of the driver does not come to his ears;|en
1941|39|8|8|遍山是他的草場；他尋找各樣青綠之物。|zh
1942|39|8|8|He goes looking for his grass-lands in the mountains, searching out every green thing.|en
1943|39|9|9|野牛豈肯服事你？豈肯住在你的槽旁？|zh
1944|39|9|9|Will the ox of the mountains be your servant? or is his night's resting-place by your food-store?|en
1945|39|10|10|你豈能用套繩將野牛籠在犁溝之間？他豈肯隨你耙山谷之地？|zh
1946|39|10|10|Will he be pulling your plough with cords, turning up the valleys after you?|en
1947|39|11|11|豈可因他的力大就倚靠他？豈可把你的工交給他做麼？|zh
1948|39|11|11|Will you put your faith in him, because his strength is great? will you give the fruit of your work into his care?|en
1949|39|12|12|豈可信靠他把你的糧食運到家，又收聚你禾場上的穀麼？|zh
1950|39|12|12|Will you be looking for him to come back, and get in your seed to the crushing-floor?|en
1951|39|13|13|鴕鳥的翅膀歡然搧展，豈是顯慈愛的翎毛和羽毛麼？|zh
1952|39|13|13|Is the wing of the ostrich feeble, or is it because she has no feathers,|en
1953|39|14|14|因他把蛋留在地上，在塵土中使得溫暖；|zh
1954|39|14|14|That she puts her eggs on the earth, warming them in the dust,|en
1955|39|15|15|卻想不到被腳踹碎，或被野獸踐踏。|zh
1956|39|15|15|Without a thought that they may be crushed by the foot, and broken by the beasts of the field?|en
1957|39|16|16|他忍心待雛，似乎不是自己的；雖然徒受勞苦，也不為雛懼怕；|zh
1958|39|16|16|She is cruel to her young ones, as if they were not hers; her work is to no purpose; she has no fear.|en
1959|39|17|17|因為神使他沒有智慧，也未將悟性賜給他。|zh
1960|39|17|17|For God has taken wisdom from her mind, and given her no measure of knowledge.|en
1961|39|18|18|他幾時挺身展開翅膀，就嗤笑馬和騎馬的人。|zh
1962|39|18|18|When she is shaking her wings on high, she makes sport of the horse and of him who is seated on him.|en
1963|39|19|19|馬的大力是你所賜的麼？他頸項上挓挲的鬃是你給他披上的麼？|zh
1964|39|19|19|Do you give strength to the horse? is it by your hand that his neck is clothed with power?|en
1965|39|20|20|是你叫他跳躍像蝗蟲麼？他噴氣之威使人驚惶。|zh
1966|39|20|20|Is it through you that he is shaking like a locust, in the pride of his loud-sounding breath?|en
1967|39|21|21|他在谷中刨地，自喜其力；他出去迎接佩帶兵器的人。|zh
1968|39|21|21|He is stamping with joy in the valley; he makes sport of fear.|en
1969|39|22|22|他嗤笑可怕的事並不驚惶，也不因刀劍退回。|zh
1970|39|22|22|In his strength he goes out against the arms of war, turning not away from the sword.|en
1971|39|23|23|箭袋和發亮的槍，並短槍在他身上錚錚有聲。|zh
1972|39|23|23|The bow is sounding against him; he sees the shining point of spear and arrow.|en
1973|39|24|24|他發猛烈的怒氣將地吞下；一聽角聲就不耐站立。|zh
1974|39|24|24|Shaking with passion, he is biting the earth; he is not able to keep quiet at the sound of the horn;|en
1975|39|25|25|角每發聲，他說呵哈；他從遠處聞著戰氣，又聽見軍長大發雷聲和兵丁吶喊。|zh
1976|39|25|25|When it comes to his ears he says, Aha! He is smelling the fight from far off, and hearing the thunder of the captains, and the war-cries.|en
1977|39|26|26|鷹雀飛翔，展開翅膀一直向南，豈是藉你的智慧麼？|zh
1978|39|26|26|Is it through your knowledge that the hawk takes his flight, stretching out his wings to the south?|en
1979|39|27|27|大鷹上騰在高處搭窩，豈是聽你的吩咐麼？|zh
1980|39|27|27|Or is it by your orders that the eagle goes up, and makes his resting-place on high?|en
1981|39|28|28|他住在山巖，以山峰和堅固之所為家，|zh
1982|39|28|28|On the rock is his house, and on the mountain-top his strong place.|en
1983|39|29|29|從那裡窺看食物，眼睛遠遠觀望。|zh
1984|39|29|29|From there he is watching for food; his eye sees it far off.|en
1985|39|30|30|他的雛也咂血；被殺的人在哪裡，他也在那裡。|zh
1986|39|30|30|His young have blood for their drink, and where the dead bodies are, there is he to be seen.|en
1987|40|1|1|耶和華又對約伯說：|zh
1988|40|1|1|...|en
1989|40|2|2|強辯的豈可與全能者爭論麼？與神辯駁的可以回答這些罷！|zh
1990|40|2|2|Will he who is protesting give teaching to the Ruler of all? Let him who has arguments to put forward against God give an answer.|en
1991|40|3|3|於是，約伯回答耶和華說：|zh
1992|40|3|3|And Job said in answer to the Lord,|en
1993|40|4|4|我是卑賤的！我用甚麼回答你呢？只好用手摀口。|zh
1994|40|4|4|Truly, I am of no value; what answer may I give to you? I will put my hand on my mouth.|en
1995|40|5|5|我說了一次，再不回答；說了兩次，就不再說。|zh
1996|40|5|5|I have said once, and even twice, what was in my mind, but I will not do so again.|en
1997|40|6|6|於是，耶和華從旋風中回答約伯說：|zh
1998|40|6|6|Then the Lord made answer to Job out of the storm-wind, and said,|en
1999|40|7|7|你要如勇士束腰；我問你，你可以指示我。|zh
2000|40|7|7|Get your strength together like a man of war: I will put questions to you, and you will give me the answers.|en
2001|40|8|8|你豈可廢棄我所擬定的？豈可定我有罪，好顯自己為義麼？|zh
2002|40|8|8|Will you even make my right of no value? will you say that I am wrong in order to make clear that you are right?|en
2003|40|9|9|你有神那樣的膀臂麼？你能像他發雷聲麼？|zh
2004|40|9|9|Have you an arm like God? have you a voice of thunder like his?|en
2005|40|10|10|你要以榮耀莊嚴為妝飾，以尊榮威嚴為衣服；|zh
2006|40|10|10|Put on the ornaments of your pride; be clothed with glory and power:|en
2007|40|11|11|要發出你滿溢的怒氣，見一切驕傲的人，使他降卑；|zh
2008|40|11|11|Let your wrath be overflowing; let your eyes see all the sons of pride, and make them low.|en
2009|40|12|12|見一切驕傲的人，將他制伏，把惡人踐踏在本處；|zh
2010|40|12|12|Send destruction on all who are lifted up, pulling down the sinners from their places.|en
2011|40|13|13|將他們一同隱藏在塵土中，把他們的臉蒙蔽在隱密處；|zh
2012|40|13|13|Let them be covered together in the dust; let their faces be dark in the secret place of the underworld.|en
2013|40|14|14|我就認你右手能以救自己。|zh
2014|40|14|14|Then I will give praise to you, saying that your right hand is able to give you salvation.|en
2015|40|15|15|你且觀看河馬；我造你也造他。他吃草與牛一樣；|zh
2016|40|15|15|See now the Great Beast, whom I made, even as I made you; he takes grass for food, like the ox.|en
2017|40|16|16|他的氣力在腰間，能力在肚腹的筋上。|zh
2018|40|16|16|His strength is in his body, and his force in the muscles of his stomach.|en
2019|40|17|17|他搖動尾巴如香柏樹；他大腿的筋互相聯絡。|zh
2020|40|17|17|His tail is curving like a cedar; the muscles of his legs are joined together.|en
2021|40|18|18|他的骨頭好像銅管；他的肢體彷彿鐵棍。|zh
2022|40|18|18|His bones are pipes of brass, his legs are like rods of iron.|en
2023|40|19|19|他在神所造的物中為首；創造他的給他刀劍。|zh
2024|40|19|19|He is the chief of the ways of God, made by him for his pleasure.|en
2025|40|20|20|諸山給他出食物，也是百獸遊玩之處。|zh
2026|40|20|20|He takes the produce of the mountains, where all the beasts of the field are at play.|en
2027|40|21|21|他伏在蓮葉之下，臥在蘆葦隱密處和水窪子裡。|zh
2028|40|21|21|He takes his rest under the trees of the river, and in the pool, under the shade of the water-plants.|en
2029|40|22|22|蓮葉的陰涼遮蔽他；溪旁的柳樹環繞他。|zh
2030|40|22|22|He is covered by the branches of the trees; the grasses of the stream are round him.|en
2031|40|23|23|河水泛濫，他不發戰；就是約但河的水漲到他口邊，也是安然。|zh
2032|40|23|23|Truly, if the river is overflowing, it gives him no cause for fear; he has no sense of danger, even if Jordan is rushing against his mouth.|en
2033|40|24|24|在他防備的時候，誰能捉拿他？誰能牢籠他穿他的鼻子呢？|zh
2034|40|24|24|Will anyone take him when he is on the watch, or put metal teeth through his nose?|en
2035|41|1|1|你能用魚鉤釣上鱷魚麼？能用繩子壓下他的舌頭麼？|zh
2036|41|1|1|Is it possible for Leviathan to be pulled out with a fish-hook, or for a hook to be put through the bone of his mouth?|en
2037|41|2|2|你能用繩索穿他的鼻子麼？能用鉤穿他的腮骨麼？|zh
2038|41|2|2|Will you put a cord into his nose, or take him away with a cord round his tongue?|en
2039|41|3|3|他豈向你連連懇求，說柔和的話麼？|zh
2040|41|3|3|Will he make prayers to you, or say soft words to you?|en
2041|41|4|4|豈肯與你立約，使你拿他永遠作奴僕麼？|zh
2042|41|4|4|Will he make an agreement with you, so that you may take him as a servant for ever?|en
2043|41|5|5|你豈可拿他當雀鳥玩耍麼？豈可為你的幼女將他拴住麼？|zh
2044|41|5|5|Will you make sport with him, as with a bird? or put him in chains for your young women?|en
2045|41|6|6|搭夥的漁夫豈可拿他當貨物麼？能把他分給商人麼？|zh
2046|41|6|6|Will the fishermen make profit out of him? will they have him cut up for the traders?|en
2047|41|7|7|你能用倒鉤槍扎滿他的皮，能用魚叉叉滿他的頭麼？|zh
2048|41|7|7|Will you put sharp-pointed irons into his skin, or fish-spears into his head?|en
2049|41|8|8|你按手在他身上，想與他爭戰，就不再這樣行罷！|zh
2050|41|8|8|Only put your hand on him, and see what a fight you will have; you will not do it again!|en
2051|41|9|9|人指望捉拿他是徒然的；一見他，豈不喪膽麼？|zh
2052|41|9|9|Truly, the hope of his attacker is false; he is overcome even on seeing him!|en
2053|41|10|10|沒有那麼凶猛的人敢惹他。這樣，誰能在我面前站立得住呢？|zh
2054|41|10|10|He is so cruel that no one is ready to go against him. Who then is able to keep his place before me?|en
2055|41|11|11|誰先給我甚麼，使我償還呢？天下萬物都是我的。|zh
2056|41|11|11|Who ever went against me, and got the better of me? There is no one under heaven!|en
2057|41|12|12|論到鱷魚的肢體和其大力，並美好的骨骼，我不能緘默不言。|zh
2058|41|12|12|I will not keep quiet about the parts of his body, or about his power, and the strength of his frame.|en
2059|41|13|13|誰能剝他的外衣？誰能進他上下牙骨之間呢？|zh
2060|41|13|13|Who has ever taken off his outer skin? who may come inside his inner coat of iron?|en
2061|41|14|14|誰能開他的腮頰？他牙齒四圍是可畏的。|zh
2062|41|14|14|Who has made open the doors of his face? Fear is round about his teeth.|en
2063|41|15|15|他以堅固的鱗甲為可誇，緊緊合閉，封得嚴密。|zh
2064|41|15|15|His back is made of lines of plates, joined tight together, one against the other, like a stamp.|en
2065|41|16|16|這鱗甲一一相連，甚至氣不得透入其間，|zh
2066|41|16|16|One is so near to the other that no air may come between them.|en
2067|41|17|17|都是互相聯絡、膠結，不能分離。|zh
2068|41|17|17|They take a grip of one another; they are joined together, so that they may not be parted.|en
2069|41|18|18|他打噴嚏就發出光來；他眼睛好像早晨的光線（原文是眼皮）。|zh
2070|41|18|18|His sneezings give out flames, and his eyes are like the eyes of the dawn.|en
2071|41|19|19|從他口中發出燒著的火把，與飛迸的火星；|zh
2072|41|19|19|Out of his mouth go burning lights, and flames of fire are jumping up.|en
2073|41|20|20|從他鼻孔冒出煙來，如燒開的鍋和點著的蘆葦。|zh
2074|41|20|20|Smoke comes out of his nose, like a pot boiling on the fire.|en
2075|41|21|21|他的氣點著煤炭，有火燄從他口中發出。|zh
2076|41|21|21|His breath puts fire to coals, and a flame goes out of his mouth.|en
2077|41|22|22|他頸項中存著勁力；在他面前的都恐嚇蹦跳。|zh
2078|41|22|22|Strength is in his neck, and fear goes dancing before him.|en
2079|41|23|23|他的肉塊互相聯絡，緊貼其身，不能搖動。|zh
2080|41|23|23|The plates of his flesh are joined together, fixed, and not to be moved.|en
2081|41|24|24|他的心結實如石頭，如下磨石那樣結實。|zh
2082|41|24|24|His heart is as strong as a stone, hard as the lower crushing-stone.|en
2083|41|25|25|他一起來，勇士都驚恐，心裡慌亂，便都昏迷。|zh
2084|41|25|25|When he gets ready for the fight, the strong are overcome with fear.|en
2085|41|26|26|人若用刀，用槍，用標槍，用尖槍扎他，都是無用。|zh
2086|41|26|26|The sword may come near him but is not able to go through him; the spear, or the arrow, or the sharp-pointed iron.|en
2087|41|27|27|他以鐵為乾草，以銅為爛木。|zh
2088|41|27|27|Iron is to him as dry grass, and brass as soft wood.|en
2089|41|28|28|箭不能恐嚇他使他逃避；彈石在他看為碎秸。|zh
2090|41|28|28|The arrow is not able to put him to flight: stones are no more to him than dry stems.|en
2091|41|29|29|棍棒算為禾秸；他嗤笑短槍颼的響聲。|zh
2092|41|29|29|A thick stick is no better than a leaf of grass, and he makes sport of the onrush of the spear.|en
2093|41|30|30|他肚腹下如尖瓦片；他如釘耙經過淤泥。|zh
2094|41|30|30|Under him are sharp edges of broken pots: as if he was pulling a grain-crushing instrument over the wet earth.|en
2095|41|31|31|他使深淵開滾如鍋，使洋海如鍋中的膏油。|zh
2096|41|31|31|The deep is boiling like a pot of spices, and the sea like a perfume-vessel.|en
2097|41|32|32|他行的路隨後發光，令人想深淵如同白髮。|zh
2098|41|32|32|After him his way is shining, so that the deep seems white.|en
2099|41|33|33|在地上沒有像他造的那樣，無所懼怕。|zh
2100|41|33|33|On earth there is not another like him, who is made without fear.|en
2101|41|34|34|凡高大的，他無不藐視；他在驕傲的水族上作王。|zh
2102|41|34|34|Everything which is high goes in fear of him; he is king over all the sons of pride.|en
2103|42|1|1|約伯回答耶和華說：|zh
2104|42|1|1|And Job said in answer to the Lord,|en
2105|42|2|2|我知道，你萬事都能做；你的旨意不能攔阻。|zh
2106|42|2|2|I see that you are able to do every thing, and to give effect to all your designs.|en
2107|42|3|3|誰用無知的言語使你的旨意隱藏呢？我所說的是我不明白的；這些事太奇妙，是我不知道的。|zh
2108|42|3|3|Who is this who makes dark the purpose of God by words without knowledge? For I have been talking without knowledge about wonders not to be searched out.|en
2109|42|4|4|求你聽我，我要說話；我問你，求你指示我。|zh
2110|42|4|4|Give ear to me, and I will say what is in my mind; I will put questions to you, and you will give me the answers.|en
2111|42|5|5|我從前風聞有你，現在親眼看見你。|zh
2112|42|5|5|Word of you had come to my ears, but now my eye has seen you.|en
2113|42|6|6|因此我厭惡自己（或譯：我的言語），在塵土和爐灰中懊悔。|zh
2114|42|6|6|For this cause I give witness that what I said is false, and in sorrow I take my seat in the dust.|en
2115|42|7|7|耶和華對約伯說話以後，就對提幔人以利法說：我的怒氣向你和你兩個朋友發作，因為你們議論我不如我的僕人約伯說的是。|zh
2116|42|7|7|And it came about, after he had said these words to Job, that the Lord said to Eliphaz the Temanite, I am very angry with you and your two friends, because you have not said what is right about me, as my servant Job has.|en
2117|42|8|8|現在你們要取七隻公牛，七隻公羊，到我僕人約伯那裡去，為自己獻上燔祭，我的僕人約伯就為你們祈禱。我因悅納他，就不按你們的愚妄辦你們。你們議論我，不如我的僕人約伯說的是。|zh
2118|42|8|8|And now, take seven oxen and seven sheep, and go to my servant Job, and give a burned offering for yourselves, and my servant Job will make prayer for you, that I may not send punishment on you; because you have not said what is right about me, as my servant Job has.|en
2119|42|9|9|於是提幔人以利法、書亞人比勒達、拿瑪人瑣法照著耶和華所吩咐的去行；耶和華就悅納約伯。|zh
2120|42|9|9|And Eliphaz the Temanite, and Bildad the Shuhite, and Zophar the Naamathite, went and did as the Lord had said. And the Lord gave ear to Job.|en
2121|42|10|10|約伯為他的朋友祈禱。耶和華就使約伯從苦境（原文是擄掠）轉回，並且耶和華賜給他的比他從前所有的加倍。|zh
2122|42|10|10|And the Lord made up to Job for all his losses, after he had made prayer for his friends: and all Job had before was increased by the Lord twice as much.|en
2123|42|11|11|約伯的弟兄、姊妹，和以先所認識的人都來見他，在他家裡一同吃飯；又論到耶和華所降與他的一切災禍，都為他悲傷安慰他。每人也送他一塊銀子和一個金環。|zh
2124|42|11|11|And all his brothers and sisters, and his friends of earlier days, came and took food with him in his house; and made clear their grief for him, and gave him comfort for all the evil which the Lord had sent on him; and they all gave him a bit of money and a gold ring.|en
2125|42|12|12|這樣，耶和華後來賜福給約伯比先前更多。他有一萬四千羊，六千駱駝，一千對牛，一千母驢。|zh
2126|42|12|12|And the Lord's blessing was greater on the end of Job's life than on its start: and so he came to have fourteen thousand sheep and goats, and six thousand camels, and two thousand oxen, and a thousand she-asses.|en
2127|42|13|13|他也有七個兒子，三個女兒。|zh
2128|42|13|13|And he had seven sons and three daughters.|en
2129|42|14|14|他給長女起名叫耶米瑪，次女叫基洗亞，三女叫基連哈樸。|zh
2130|42|14|14|And he gave the first the name of Jemimah, the second Keziah, and the third Keren-happuch;|en
2131|42|15|15|在那全地的婦女中找不著像約伯的女兒那樣美貌。他們的父親使他們在弟兄中得產業。|zh
2132|42|15|15|And there were no women so beautiful as the daughters of Job in all the earth: and their father gave them a heritage among their brothers.|en
2133|42|16|16|此後，約伯又活了一百四十年，得見他的兒孫，直到四代。|zh
2134|42|16|16|And after this Job had a hundred and forty years of life, and saw his sons, and his sons' sons, even four generations.|en
2135|42|17|17|這樣，約伯年紀老邁，日子滿足而死。|zh
2136|42|17|17|And Job came to his end, old and full of days.|en
