|chapter|sec|no|content|lang
0|1|1|1|耶和華從會幕中呼叫摩西，對他說：|zh
1|1|1|1|And the voice of the Lord came to Moses out of the Tent of meeting, saying,|en
2|1|2|2|你曉諭以色列人說：你們中間若有人獻供物給耶和華，要從牛群羊群中獻牲畜為供物。|zh
3|1|2|2|Give these orders to the children of Israel: When anyone of you makes an offering to the Lord, you are to take it from the cattle, from the herd or from the flock.|en
4|1|3|3|他的供物若以牛為燔祭，就要在會幕門口獻一隻沒有殘疾的公牛，可以在耶和華面前蒙悅納。|zh
5|1|3|3|If the offering is a burned offering of the herd, let him give a male without a mark: he is to give it at the door of the Tent of meeting so that he may be pleasing to the Lord.|en
6|1|4|4|他要按手在燔祭牲的頭上，燔祭便蒙悅納，為他贖罪。|zh
7|1|4|4|And he is to put his hand on the head of the burned offering and it will be taken for him, to take away his sin.|en
8|1|5|5|他要在耶和華面前宰公牛；亞倫子孫作祭司的，要奉上血，把血灑在會幕門口、壇的周圍。|zh
9|1|5|5|And the ox is to be put to death before the Lord: then Aaron's sons, the priests, are to take the blood and put some of it on and round the altar which is at the door of the Tent of meeting.|en
10|1|6|6|那人要剝去燔祭牲的皮，把燔祭牲切成塊子。|zh
11|1|6|6|And the burned offering is to be skinned and cut up into its parts.|en
12|1|7|7|祭司亞倫的子孫要把火放在壇上，把柴擺在火上。|zh
13|1|7|7|And Aaron's sons, the priests, are to put fire on the altar and put the wood in order on the fire:|en
14|1|8|8|亞倫子孫作祭司的，要把肉塊和頭並脂油擺在壇上火的柴上。|zh
15|1|8|8|And Aaron's sons, the priests, are to put the parts, the head and the fat, in order on the wood which is on the fire on the altar:|en
16|1|9|9|但燔祭的臟腑與腿要用水洗。祭司就要把一切全燒在壇上，當作燔祭，獻與耶和華為馨香的火祭。|zh
17|1|9|9|But its inside parts and its legs are to be washed with water, and it will all be burned on the altar by the priest for a burned offering, an offering made by fire, for a sweet smell to the Lord.|en
18|1|10|10|人的供物若以綿羊或山羊為燔祭，就要獻上沒有殘疾的公羊。|zh
19|1|10|10|And if his offering is of the flock, a burned offering of sheep or goats, let him give a male without a mark.|en
20|1|11|11|要把羊宰於壇的北邊，在耶和華面前；亞倫子孫作祭司的，要把羊血灑在壇的周圍。|zh
21|1|11|11|And he is to put it to death on the north side of the altar before the Lord: and Aaron's sons, the priests, are to put some of the blood on and round the altar.|en
22|1|12|12|要把燔祭牲切成塊子，連頭和脂油，祭司就要擺在壇上火的柴上；|zh
23|1|12|12|And the offering is to be cut into its parts, with its head and its fat; and the priest is to put them in order on the wood which is on the fire on the altar:|en
24|1|13|13|但臟腑與腿要用水洗，祭司就要全然奉獻，燒在壇上。這是燔祭，是獻與耶和華為馨香的火祭。|zh
25|1|13|13|But the inside parts and the legs are to be washed with water; and the priest will make an offering of all of it, burning it on the altar: it is a burned offering, an offering made by fire, for a sweet smell to the Lord.|en
26|1|14|14|人奉給耶和華的供物，若以鳥為燔祭，就要獻斑鳩或是雛鴿為供物。|zh
27|1|14|14|And if his offering to the Lord is a burned offering of birds, then he is to make his offering of doves or of young pigeons.|en
28|1|15|15|祭司要把鳥拿到壇前，揪下頭來，把鳥燒在壇上；鳥的血要流在壇的旁邊；|zh
29|1|15|15|And the priest is to take it to the altar, and after its head has been twisted off, it is to be burned on the altar, and its blood drained out on the side of the altar:|en
30|1|16|16|又要把鳥的嗉子和髒物除掉，（髒物：或作翎毛）丟在壇的東邊倒灰的地方。|zh
31|1|16|16|And he is to take away its stomach, with its feathers, and put it down by the east side of the altar, where the burned waste is put:|en
32|1|17|17|要拿著鳥的兩個翅膀，把鳥撕開，只是不可撕斷；祭司要在壇上、在火的柴上焚燒。這是燔祭，是獻與耶和華為馨香的火祭。|zh
33|1|17|17|And let it be broken open at the wings, but not cut in two; and let it be burned on the altar by the priest on the wood which is on the fire; it is a burned offering; an offering made by fire for a sweet smell to the Lord.|en
34|2|1|1|若有人獻素祭為供物給耶和華，要用細麵澆上油，加上乳香，|zh
35|2|1|1|And when anyone makes a meal offering to the Lord, let his offering be of the best meal, with oil on it and perfume:|en
36|2|2|2|帶到亞倫子孫作祭司的那裡；祭司就要從細麵中取出一把來，並取些油和所有的乳香，然後要把所取的這些作為紀念，燒在壇上，是獻與耶和華為馨香的火祭。|zh
37|2|2|2|And let him take it to Aaron's sons, the priests; and having taken in his hand some of the meal and of the oil, with all the perfume, let him give it to the priest to be burned on the altar, as a sign, an offering made by fire, for a sweet smell to the Lord.|en
38|2|3|3|素祭所剩的要歸給亞倫和他的子孫；這是獻與耶和華的火祭中為至聖的。|zh
39|2|3|3|And the rest of the meal offering will be for Aaron and his sons; it is most holy among the Lord's fire offerings.|en
40|2|4|4|若用爐中烤的物為素祭，就要用調油的無酵細麵餅，或是抹油的無酵薄餅。|zh
41|2|4|4|And when you give a meal offering cooked in the oven, let it be of unleavened cakes of the best meal mixed with oil, or thin unleavened cakes covered with oil.|en
42|2|5|5|若用鐵鏊上做的物為素祭，就要用調油的無酵細麵，|zh
43|2|5|5|And if you give a meal offering cooked on a flat plate, let it be of the best meal, unleavened and mixed with oil.|en
44|2|6|6|分成塊子，澆上油；這是素祭。|zh
45|2|6|6|Let it be broken into bits, and put oil on it; it is a meal offering.|en
46|2|7|7|若用煎盤做的物為素祭，就要用油與細麵作成。|zh
47|2|7|7|And if your offering is of meal cooked in fat over the fire, let it be made of the best meal mixed with oil.|en
48|2|8|8|要把這些東西做的素祭帶到耶和華面前，並奉給祭司，帶到壇前。|zh
49|2|8|8|And you are to give the meal offering made of these things to the Lord, and let the priest take it to the altar.|en
50|2|9|9|祭司要從素祭中取出作為紀念的，燒在壇上，是獻與耶和華為馨香的火祭。|zh
51|2|9|9|And he is to take from the meal offering a part, for a sign, burning it on the altar; an offering made by fire for a sweet smell to the Lord.|en
52|2|10|10|素祭所剩的要歸給亞倫和他的子孫。這是獻與耶和華的火祭中為至聖的。|zh
53|2|10|10|And the rest of the meal offering will be for Aaron and his sons; it is most holy among the Lord's fire offerings.|en
54|2|11|11|凡獻給耶和華的素祭都不可有酵；因為你們不可燒一點酵、一點蜜當作火祭獻給耶和華。|zh
55|2|11|11|No meal offering which you give to the Lord is to be made with leaven; no leaven or honey is to be burned as an offering made by fire to the Lord.|en
56|2|12|12|這些物要獻給耶和華作為初熟的供物，只是不可在壇上獻為馨香的祭。|zh
57|2|12|12|You may give them as an offering of first-fruits to the Lord, but they are not to go up as a sweet smell on the altar.|en
58|2|13|13|凡獻為素祭的供物都要用鹽調和，在素祭上不可缺了你神立約的鹽。一切的供物都要配鹽而獻。|zh
59|2|13|13|And every meal offering is to be salted with salt; your meal offering is not to be without the salt of the agreement of your God: with all your offerings give salt.|en
60|2|14|14|若向耶和華獻初熟之物為素祭，要獻上烘了的禾穗子，就是軋了的新穗子，當作初熟之物的素祭。|zh
61|2|14|14|And if you give a meal offering of first-fruits to the Lord, give, as your offering of first-fruits, new grain, made dry with fire, crushed new grain.|en
62|2|15|15|並要抹上油，加上乳香；這是素祭。|zh
63|2|15|15|And put oil on it and perfume: it is a meal offering.|en
64|2|16|16|祭司要把其中作為紀念的，就是一些軋了的禾穗子和一些油，並所有的乳香，都焚燒，是向耶和華獻的火祭。|zh
65|2|16|16|And part of the meal of the offering and part of the oil and all the perfume is to be burned for a sign by the priest: it is an offering made by fire to the Lord.|en
66|3|1|1|人獻供物為平安祭（平安：或作酬恩；下同），若是從牛群中獻，無論是公的是母的，必用沒有殘疾的獻在耶和華面前。|zh
67|3|1|1|And if his offering is given for a peace-offering; if he gives of the herd, male or female, let him give it without any mark on it, before the Lord.|en
68|3|2|2|他要按手在供物的頭上，宰於會幕門口。亞倫子孫作祭司的，要把血灑在壇的周圍。|zh
69|3|2|2|And he is to put his hand on the head of his offering and put it to death at the door of the Tent of meeting; and Aaron's sons, the priests, are to put some of the blood on and round the altar.|en
70|3|3|3|從平安祭中，將火祭獻給耶和華，也要把蓋臟的脂油和臟上所有的脂油，|zh
71|3|3|3|And he is to give of the peace-offering, as an offering made by fire to the Lord; the fat covering the inside parts and all the fat on the inside parts,|en
72|3|4|4|並兩個腰子和腰子上的脂油，就是靠腰兩旁的脂油，與肝上的網子和腰子，一概取下。|zh
73|3|4|4|And the two kidneys, and the fat on them, which is by the top part of the legs, and the fat joining the liver and the kidneys, he is to take away;|en
74|3|5|5|亞倫的子孫要把這些燒在壇的燔祭上，就是在火的柴上，是獻與耶和華為馨香的火祭。|zh
75|3|5|5|That it may be burned by Aaron's sons on the altar, on the burned offering which is on the wood on the fire: it is an offering made by fire of a sweet smell to the Lord.|en
76|3|6|6|人向耶和華獻供物為平安祭，若是從羊群中獻，無論是公的是母的，必用沒有殘疾的。|zh
77|3|6|6|And if what he gives for a peace-offering to the Lord is of the flock, let him give a male or female, without any mark on it.|en
78|3|7|7|若獻一隻羊羔為供物，必在耶和華面前獻上，|zh
79|3|7|7|If his offering is a lamb, then let it be placed before the Lord:|en
80|3|8|8|並要按手在供物的頭上，宰於會幕前。亞倫的子孫要把血灑在壇的周圍。|zh
81|3|8|8|And he is to put his hand on the head of his offering and put it to death before the Tent of meeting; and Aaron's sons are to put some of its blood on and round the altar.|en
82|3|9|9|從平安祭中，將火祭獻給耶和華，其中的脂油和整肥尾巴都要在靠近脊骨處取下，並要把蓋臟的脂油和臟上所有的脂油，|zh
83|3|9|9|And of the peace-offering, let him give an offering made by fire to the Lord; the fat of it, all the fat tail, he is to take away near the backbone; and the fat covering the inside parts and all the fat on the inside parts,|en
84|3|10|10|兩個腰子和腰子上的脂油，就是靠腰兩旁的脂油，並肝上的網子和腰子，一概取下。|zh
85|3|10|10|And the two kidneys, with the fat on them, which is by the top part of the legs, and the fat joining the liver and the kidneys, he is to take away;|en
86|3|11|11|祭司要在壇上焚燒，是獻給耶和華為食物的火祭。|zh
87|3|11|11|That it may be burned by the priest on the altar; it is the food of the offering made by fire to the Lord.|en
88|3|12|12|人的供物若是山羊，必在耶和華面前獻上。|zh
89|3|12|12|And if his offering is a goat, then let it be placed before the Lord,|en
90|3|13|13|要按手在山羊頭上，宰於會幕前。亞倫的子孫要把血灑在壇的周圍，|zh
91|3|13|13|And let him put his hand on the head of it and put it to death before the Tent of meeting; and the sons of Aaron are to put some of its blood on and round the altar.|en
92|3|14|14,15 |又把蓋臟的脂油和臟上所有的脂油，兩個腰子和腰子上的脂油，就是靠腰兩旁的脂油，並肝上的網子和腰子，一概取下，獻給耶和華為火祭。|zh
93|3|14|14|And of it let him make his offering, an offering made by fire to the Lord; the fat covering the inside parts and all the fat on the inside parts,|en
94|3|15|15|And the two kidneys, with the fat on them, which is by the top part of the legs, and the fat joining the liver and the kidneys, let him take away;|en
95|3|16|16|祭司要在壇上焚燒，作為馨香火祭的食物。脂油都是耶和華的。|zh
96|3|16|16|That it may be burned by the priest on the altar; it is the food of the offering made by fire for a sweet smell: all the fat is the Lord's.|en
97|3|17|17|在你們一切的住處，脂油和血都不可吃；這要成為你們世世代代永遠的定例。|zh
98|3|17|17|Let it be an order for ever, through all your generations, in all your houses, that you are not to take fat or blood for food.|en
99|4|1|1|耶和華對摩西說：|zh
100|4|1|1|And the Lord said to Moses,|en
101|4|2|2|你曉諭以色列人說：若有人在耶和華所吩咐不可行的甚麼事上誤犯了一件，|zh
102|4|2|2|Say to the children of Israel: These are the offerings of anyone who does wrong through error, doing any of the things which by the Lord's order are not to be done:|en
103|4|3|3|或是受膏的祭司犯罪，使百姓陷在罪裡，就當為他所犯的罪把沒有殘疾的公牛犢獻給耶和華為贖罪祭。|zh
104|4|3|3|If the chief priest by doing wrong becomes a cause of sin to the people, then let him give to the Lord for the sin which he has done, an ox, without any mark, for a sin-offering.|en
105|4|4|4|他要牽公牛到會幕門口，在耶和華面前按手在牛的頭上，把牛宰於耶和華面前。|zh
106|4|4|4|And he is to take the ox to the door of the Tent of meeting before the Lord; and put his hand on its head and put it to death before the Lord.|en
107|4|5|5|受膏的祭司要取些公牛的血帶到會幕，|zh
108|4|5|5|And the chief priest is to take some of its blood and take it to the Tent of meeting;|en
109|4|6|6|把指頭蘸於血中，在耶和華面前對著聖所的幔子彈血七次，|zh
110|4|6|6|And the priest is to put his finger in the blood, shaking drops of it before the Lord seven times, in front of the veil of the holy place.|en
111|4|7|7|又要把些血抹在會幕內、耶和華面前香壇的四角上，再把公牛所有的血倒在會幕門口、燔祭壇的腳那裡。|zh
112|4|7|7|And the priest is to put some of the blood on the horns of the altar on which perfume is burned before the Lord in the Tent of meeting, draining out all the rest of the blood of the ox at the base of the altar of burned offering which is at the door of the Tent of meeting.|en
113|4|8|8|要把贖罪祭公牛所有的脂油，乃是蓋臟的脂油和臟上所有的脂油，|zh
114|4|8|8|And he is to take away all the fat of the ox of the sin-offering; the fat covering the inside parts and all the fat of the inside parts,|en
115|4|9|9|並兩個腰子和腰子上的脂油，就是靠腰兩旁的脂油，與肝上的網子和腰子，一概取下，|zh
116|4|9|9|And the two kidneys, with the fat on them, which is by the top part of the legs, and the fat joining the liver and the kidneys, he is to take away,|en
117|4|10|10|與平安祭公牛上所取的一樣；祭司要把這些燒在燔祭的壇上。|zh
118|4|10|10|As it is taken from the ox of the peace-offering; and it is to be burned by the priest on the altar of burned offerings.|en
119|4|11|11|公牛的皮和所有的肉，並頭、腿、臟、腑、糞，|zh
120|4|11|11|And the skin of the ox and all its flesh, with its head and its legs and its inside parts and its waste,|en
121|4|12|12|就是全公牛，要搬到營外潔淨之地、倒灰之所，用火燒在柴上。|zh
122|4|12|12|All the ox, he is to take away outside the circle of the tents into a clean place where the burned waste is put, and there it is to be burned on wood with fire.|en
123|4|13|13|以色列全會眾若行了耶和華所吩咐不可行的甚麼事，誤犯了罪，是隱而未現，會眾看不出來的，|zh
124|4|13|13|And if all the people of Israel do wrong, without anyone's knowledge; if they have done any of the things which by the Lord's order are not to be done, causing sin to come on them;|en
125|4|14|14|會眾一知道所犯的罪就要獻一隻公牛犢為贖罪祭，牽到會幕前。|zh
126|4|14|14|When the sin which they have done comes to light, then let all the people give an ox for a sin-offering, and take it before the Tent of meeting.|en
127|4|15|15|會中的長老就要在耶和華面前按手在牛的頭上，將牛在耶和華面前宰了。|zh
128|4|15|15|And let the chiefs of the people put their hands on its head before the Lord, and put the ox to death before the Lord.|en
129|4|16|16|受膏的祭司要取些公牛的血帶到會幕，|zh
130|4|16|16|And the priest is to take some of its blood to the Tent of meeting;|en
131|4|17|17|把指頭蘸於血中，在耶和華面前對著幔子彈血七次，|zh
132|4|17|17|And put his finger in the blood, shaking drops of the blood seven times before the Lord in front of the veil.|en
133|4|18|18|又要把些血抹在會幕內、耶和華面前壇的四角上，再把所有的血倒在會幕門口、燔祭壇的腳那裡。|zh
134|4|18|18|And he is to put some of the blood on the horns of the altar which is before the Lord in the Tent of meeting; and all the rest of the blood is to be drained out at the base of the altar of burned offering at the door of the Tent of meeting.|en
135|4|19|19|把牛所有的脂油都取下，燒在壇上；|zh
136|4|19|19|And he is to take off all its fat, burning it on the altar.|en
137|4|20|20|收拾這牛，與那贖罪祭的牛一樣。祭司要為他們贖罪，他們必蒙赦免。|zh
138|4|20|20|Let him do with the ox as he did with the ox of the sin-offering; and the priest will take away their sin and they will have forgiveness.|en
139|4|21|21|他要把牛搬到營外燒了，像燒頭一個牛一樣；這是會眾的贖罪祭。|zh
140|4|21|21|Then let the ox be taken away outside the tent-circle, that it may be burned as the other ox was burned; it is the sin-offering for all the people.|en
141|4|22|22|官長若行了耶和華─他神所吩咐不可行的甚麼事，誤犯了罪，|zh
142|4|22|22|If a ruler does wrong, and in error does any of the things which, by the order of the Lord his God, are not to be done, causing sin to come on him;|en
143|4|23|23|所犯的罪自己知道了，就要牽一隻沒有殘疾的公山羊為供物，|zh
144|4|23|23|When the sin which he has done is made clear to him, let him give for his offering a goat, a male without any mark.|en
145|4|24|24|按手在羊的頭上，宰於耶和華面前、宰燔祭牲的地方；這是贖罪祭。|zh
146|4|24|24|And he is to put his hand on the head of the goat and put it to death in the place where they put to death the burned offering before the Lord: it is a sin-offering.|en
147|4|25|25|祭司要用指頭蘸些贖罪祭牲的血，抹在燔祭壇的四角上，把血倒在燔祭壇的腳那裡。|zh
148|4|25|25|And the priest is to take some of the blood of the offering with his finger and put it on the horns of the altar of burned offering, draining out the rest of the blood at the base of the altar of burned offering.|en
149|4|26|26|所有的脂油，祭司都要燒在壇上，正如平安祭的脂油一樣。至於他的罪，祭司要為他贖了，他必蒙赦免。|zh
150|4|26|26|And all the fat of it is to be burned on the altar like the fat of the peace-offering; and the priest will take away his sin and he will have forgiveness.|en
151|4|27|27|民中若有人行了耶和華所吩咐不可行的甚麼事，誤犯了罪，|zh
152|4|27|27|And if any one of the common people does wrong in error, doing any of the things which the Lord has given orders are not to be done, causing sin to come on him;|en
153|4|28|28|所犯的罪自己知道了，就要為所犯的罪牽一隻沒有殘疾的母山羊為供物，|zh
154|4|28|28|When the sin which he has done is made clear to him, then he is to give for his offering a goat, a female without any mark, for the sin which he has done.|en
155|4|29|29|按手在贖罪祭牲的頭上，在那宰燔祭牲的地方宰了。|zh
156|4|29|29|And he is to put his hand on the head of the sin-offering and put it to death in the place where they put to death the burned offering.|en
157|4|30|30|祭司要用指頭蘸些羊的血，抹在燔祭壇的四角上，所有的血都要倒在壇的腳那裡，|zh
158|4|30|30|And the priest is to take some of the blood with his finger, and put it on the horns of the altar of burned offering, and all the rest of its blood is to be drained out at the base of the altar.|en
159|4|31|31|又要把羊所有的脂油都取下，正如取平安祭牲的脂油一樣。祭司要在壇上焚燒，在耶和華面前作為馨香的祭，為他贖罪，他必蒙赦免。|zh
160|4|31|31|And let all its fat be taken away, as the fat is taken away from the peace-offerings, and let it be burned on the altar by the priest for a sweet smell to the Lord; and the priest will take away his sin and he will have forgiveness.|en
161|4|32|32|人若牽一隻綿羊羔為贖罪祭的供物，必要牽一隻沒有殘疾的母羊，|zh
162|4|32|32|And if he gives a lamb as his sin-offering, let it be a female without any mark;|en
163|4|33|33|按手在贖罪祭牲的頭上，在那宰燔祭牲的地方宰了作贖罪祭。|zh
164|4|33|33|And he is to put his hand on the head of the offering and put it to death for a sin-offering in the place where they put to death the burned offering.|en
165|4|34|34|祭司要用指頭蘸些贖罪祭牲的血，抹在燔祭壇的四角上，所有的血都要倒在壇的腳那裡，|zh
166|4|34|34|And the priest is to take some of the blood of the offering with his finger and put it on the horns of the altar of burned offering, and all the rest of the blood is to be drained out at the base of the altar;|en
167|4|35|35|又要把所有的脂油都取下，正如取平安祭羊羔的脂油一樣。祭司要按獻給耶和華火祭的條例，燒在壇上。至於所犯的罪，祭司要為他贖了，他必蒙赦免。|zh
168|4|35|35|And let him take away all its fat, as the fat is taken away from the lamb of the peace-offerings; and let it be burned by the priest on the altar among the offerings made by fire to the Lord: and the priest will take away his sin and he will have forgiveness.|en
169|5|1|1|若有人聽見發誓的聲音（或作：若有人聽見叫人發誓的聲音），他本是見證，卻不把所看見的、所知道的說出來，這就是罪；他要擔當他的罪孽。|zh
170|5|1|1|And if anyone does wrong by saying nothing when he is put under oath as a witness of something he has seen or had knowledge of, then he will be responsible:|en
171|5|2|2|或是有人摸了不潔的物，無論是不潔的死獸，是不潔的死畜，是不潔的死蟲，他卻不知道，因此成了不潔，就有了罪。|zh
172|5|2|2|If anyone becomes unclean through touching unconsciously some unclean thing, such as the dead body of an unclean beast or of unclean cattle or of any unclean animal which goes flat on the earth, he will be responsible:|en
173|5|3|3|或是他摸了別人的污穢，無論是染了甚麼污穢，他卻不知道，一知道了就有了罪。|zh
174|5|3|3|Or if he becomes unclean through touching unconsciously any unclean thing of man, whatever it may be, when it is made clear to him he will be responsible:|en
175|5|4|4|或是有人嘴裡冒失發誓，要行惡，要行善，無論人在甚麼事上冒失發誓，他卻不知道，一知道了就要在這其中的一件上有了罪。|zh
176|5|4|4|Or if anyone, without thought, takes an oath to do evil or to do good, whatever he says without thought, with an oath, having no knowledge of what he is doing; when it becomes clear to him, he will be responsible for any of these things.|en
177|5|5|5|他有了罪的時候，就要承認所犯的罪，|zh
178|5|5|5|And whoever is responsible for any such sin, let him make a statement openly of his wrongdoing;|en
179|5|6|6|並要因所犯的罪，把他的贖愆祭牲─就是羊群中的母羊，或是一隻羊羔，或是一隻山羊─牽到耶和華面前為贖罪祭。至於他的罪，祭司要為他贖了。|zh
180|5|6|6|And take to the Lord the offering for the wrong which he has done, a female from the flock, a lamb or a goat, for a sin-offering, and the priest will take away his sin.|en
181|5|7|7|他的力量若不夠獻一隻羊羔，就要因所犯的罪，把兩隻斑鳩或是兩隻雛鴿帶到耶和華面前為贖愆祭：一隻作贖罪祭，一隻作燔祭。|zh
182|5|7|7|And if he has not money enough for a lamb, then let him give, for his offering to the Lord, two doves or two young pigeons; one for a sin-offering and one for a burned offering.|en
183|5|8|8|把這些帶到祭司那裡，祭司就要先把那贖罪祭獻上，從鳥的頸項上揪下頭來，只是不可把鳥撕斷，|zh
184|5|8|8|And let him take them to the priest, who will first give the sin-offering, twisting off its head from its neck, but not cutting it in two;|en
185|5|9|9|也把些贖罪祭牲的血彈在壇的旁邊，剩下的血要流在壇的腳那裡；這是贖罪祭。|zh
186|5|9|9|And he is to put drops of the blood of the offering on the side of the altar, and the rest of the blood is to be drained out at the base of the altar; it is a sin-offering.|en
187|5|10|10|他要照例獻第二隻為燔祭。至於他所犯的罪，祭司要為他贖了，他必蒙赦免。|zh
188|5|10|10|And the second is for a burned offering, in agreement with the law; and the priest will take away his sin and he will have forgiveness.|en
189|5|11|11|他的力量若不夠獻兩隻斑鳩或是兩隻雛鴿，就要因所犯的罪帶供物來，就是細麵伊法十分之一為贖罪祭；不可加上油，也不可加上乳香，因為是贖罪祭。|zh
190|5|11|11|But if he has not enough money for two doves or two young pigeons, then let him give, for the sin he has done, the tenth part of an ephah of the best meal, for a sin-offering; let him put no oil on it, and no perfume, for it is a sin-offering.|en
191|5|12|12|他要把供物帶到祭司那裡，祭司要取出自己的一把來作為紀念，按獻給耶和華火祭的條例燒在壇上；這是贖罪祭。|zh
192|5|12|12|And let him come to the priest with it, and the priest will take some of it in his hand, to be burned on the altar as a sign, among the offerings of the Lord made by fire: it is a sin-offering.|en
193|5|13|13|至於他在這幾件事中所犯的罪，祭司要為他贖了，他必蒙赦免。剩下的麵都歸與祭司，和素祭一樣。|zh
194|5|13|13|And the priest will take away his sin and he will have forgiveness: and the rest of the offering will be the priest's, in the same way as the meal offering.|en
195|5|14|14|耶和華曉諭摩西說：|zh
196|5|14|14|And the Lord said to Moses,|en
197|5|15|15|人若在耶和華的聖物上誤犯了罪，有了過犯，就要照你所估的，按聖所的舍客勒拿銀子，將贖愆祭牲─就是羊群中一隻沒有殘疾的公綿羊─牽到耶和華面前為贖愆祭；|zh
198|5|15|15|If anyone is untrue, sinning in error in connection with the holy things of the Lord, let him take his offering to the Lord, a male sheep from the flock, without any mark, of the value fixed by you in silver by shekels, by the scale of the holy place.|en
199|5|16|16|並且他因在聖物上的差錯要償還，另外加五分之一，都給祭司。祭司要用贖愆祭的公綿羊為他贖罪，他必蒙赦免。|zh
200|5|16|16|And he is to make payment to the priest for what he has done wrong in relation to the holy thing, together with a fifth part of its value in addition; and the priest will take away his sin by the sheep of his offering, and he will have forgiveness.|en
201|5|17|17|若有人犯罪，行了耶和華所吩咐不可行的甚麼事，他雖然不知道，還是有了罪，就要擔當他的罪孽；|zh
202|5|17|17|And if anyone does wrong, and does any of the things which the Lord has given orders are not to be done, though he has no knowledge of it, still he is in the wrong and he is responsible.|en
203|5|18|18|也要照你所估定的價，從羊群中牽一隻沒有殘疾的公綿羊來，給祭司作贖愆祭。至於他誤行的那錯事，祭司要為他贖罪，他必蒙赦免。|zh
204|5|18|18|Let him come to the priest with a sheep, a male without any mark out of the flock, of the value fixed by you, as an offering for his error; and the priest will take away the sin which he did in error, and he will have forgiveness.|en
205|5|19|19|這是贖愆祭，因他在耶和華面前實在有了罪。|zh
206|5|19|19|It is an offering for his error: he is certainly responsible before the Lord.|en
207|6|1|1|耶和華曉諭摩西說：|zh
208|6|1|1|And the Lord said to Moses,|en
209|6|2|2|若有人犯罪，干犯耶和華，在鄰舍交付他的物上，或是在交易上行了詭詐，或是搶奪人的財物，或是欺壓鄰舍，|zh
210|6|2|2|If anyone does wrong, and is untrue to the Lord, acting falsely to his neighbour in connection with something put in his care, or something given for a debt, or has taken away anything by force, or has been cruel to his neighbour,|en
211|6|3|3|或是在撿了遺失的物上行了詭詐，說謊起誓，在這一切的事上犯了甚麼罪；|zh
212|6|3|3|Or has taken a false oath about the loss of something which he has come across by chance; if a man has done any of these evil things,|en
213|6|4|4|他既犯了罪，有了過犯，就要歸還他所搶奪的，或是因欺壓所得的，或是人交付他的，或是人遺失他所撿的物，|zh
214|6|4|4|Causing sin to come on him, then he will have to give back the thing he took by force or got by cruel acts, or the goods which were put in his care or the thing he came on by chance,|en
215|6|5|5|或是他因甚麼物起了假誓，就要如數歸還，另外加上五分之一，在查出他有罪的日子要交還本主。|zh
216|6|5|5|Or anything about which he took a false oath; he will have to give it all back, with the addition of a fifth of its value, to him whose property it is, when he has been judged to be in the wrong.|en
217|6|6|6|也要照你所估定的價，把贖愆祭牲─就是羊群中一隻沒有殘疾的公綿羊─牽到耶和華面前，給祭司為贖愆祭。|zh
218|6|6|6|Then let him take to the Lord the offering for his wrongdoing; giving to the priest for his offering, a male sheep from the flock, without any mark, of the value fixed by you:|en
219|6|7|7|祭司要在耶和華面前為他贖罪；他無論行了甚麼事，使他有了罪，都必蒙赦免。|zh
220|6|7|7|And the priest will take away his sin from before the Lord, and he will have forgiveness for whatever crime he has done|en
221|6|8|8|耶和華曉諭摩西說：|zh
222|6|8|8|And the Lord said to Moses,|en
223|6|9|9|你要吩咐亞倫和他的子孫說，燔祭的條例乃是這樣：燔祭要放在壇的柴上，從晚上到天亮，壇上的火要常常燒著。|zh
224|6|9|9|Give orders to Aaron and to his sons, saying, This is the law for the burned offering: the offering is to be on the fire-wood on the altar all night till the morning; and the fire of the altar is to be kept burning.|en
225|6|10|10|祭司要穿上細麻布衣服，又要把細麻布褲子穿在身上，把壇上所燒的燔祭灰收起來，倒在壇的旁邊；|zh
226|6|10|10|And the priest is to put on his linen robes and his linen trousers, and take up what is over of the offering after it has been burned on the altar, and put it by the side of the altar.|en
227|6|11|11|隨後要脫去這衣服，穿上別的衣服，把灰拿到營外潔淨之處。|zh
228|6|11|11|Then having taken off his linen robes and put on other clothing, he is to take it away into a clean place, outside the tent-circle.|en
229|6|12|12|壇上的火要在其上常常燒著，不可熄滅。祭司要每日早晨在上面燒柴，並要把燔祭擺在壇上，在其上燒平安祭牲的脂油。|zh
230|6|12|12|The fire on the altar is to be kept burning; it is never to go out; every morning the priest is to put wood on it, placing the burned offering in order on it, and there the fat of the peace-offering is to be burned.|en
231|6|13|13|在壇上必有常常燒著的火，不可熄滅。|zh
232|6|13|13|Let the fire be kept burning on the altar at all times; it is never to go out.|en
233|6|14|14|素祭的條例乃是這樣：亞倫的子孫要在壇前把這祭獻在耶和華面前。|zh
234|6|14|14|And this is the law for the meal offering: it is to be offered to the Lord before the altar by the sons of Aaron.|en
235|6|15|15|祭司要從其中─就是從素祭的細麵中─取出自己的一把，又要取些油和素祭上所有的乳香，燒在壇上，奉給耶和華為馨香素祭的紀念。|zh
236|6|15|15|The priest is to take in his hand some of the meal of the meal offering and of the oil of it, and all the perfume on it, burning it on the altar as a sign, for a sweet smell to the Lord.|en
237|6|16|16|所剩下的，亞倫和他子孫要吃，必在聖處不帶酵而吃，要在會幕的院子裡吃。|zh
238|6|16|16|And whatever is over Aaron and his sons may have for their food, taking it without leaven in a holy place; in the open space of the Tent of meeting they may take a meal of it.|en
239|6|17|17|烤的時候不可攙酵。這是從所獻給我的火祭中賜給他們的分，是至聖的，和贖罪祭並贖愆祭一樣。|zh
240|6|17|17|It is not to be cooked with leaven. I have given it to them as their part of the offerings made by fire to me; it is most holy, as are the sin-offerings and the offerings for error.|en
241|6|18|18|凡獻給耶和華的火祭，亞倫子孫中的男丁都要吃這一分，直到萬代，作他們永得的分。摸這些祭物的，都要成為聖。|zh
242|6|18|18|Every male among the children of Aaron may have it for food; it is their right for ever through all your generations, from the offerings made by fire to the Lord: anyone touching them will be holy.|en
243|6|19|19|耶和華曉諭摩西說：|zh
244|6|19|19|And the Lord said to Moses,|en
245|6|20|20|當亞倫受膏的日子，他和他子孫所要獻給耶和華的供物，就是細麵伊法十分之一，為常獻的素祭：早晨一半，晚上一半。|zh
246|6|20|20|This is the offering which Aaron and his sons are to make to the Lord on the day when he is made a priest: the tenth part of an ephah of the best meal for a meal offering for ever; half of it in the morning and half in the evening.|en
247|6|21|21|要在鐵鏊上用油調和做成，調勻了，你就拿進來；烤好了分成塊子，獻給耶和華為馨香的素祭。|zh
248|6|21|21|Let it be made with oil on a flat plate; when it is well mixed and cooked, let it be broken and taken in as a meal offering, for a sweet smell to the Lord.|en
249|6|22|22|亞倫的子孫中，接續他為受膏的祭司，要把這素祭獻上，要全燒給耶和華。這是永遠的定例。|zh
250|6|22|22|And the same offering is to be given by that one of his sons who takes his place as priest; by an order for ever, all of it is to be burned before the Lord.|en
251|6|23|23|祭司的素祭都要燒了，卻不可吃。|zh
252|6|23|23|Every meal offering offered for the priest is to be completely burned: nothing of it is to be taken for food.|en
253|6|24|24|耶和華曉諭摩西說：|zh
254|6|24|24|And the Lord said to Moses,|en
255|6|25|25|你對亞倫和他的子孫說，贖罪祭的條例乃是這樣：要在耶和華面前、宰燔祭牲的地方宰贖罪祭牲；這是至聖的。|zh
256|6|25|25|Say to Aaron and his sons, This is the law for the sin-offering: the sin-offering is to be put to death before the Lord in the same place as the burned offering; it is most holy.|en
257|6|26|26|為贖罪獻這祭的祭司要吃，要在聖處，就是在會幕的院子裡吃。|zh
258|6|26|26|The priest by whom it is offered for sin, is to take it for his food in a holy place, in the open space of the Tent of meeting.|en
259|6|27|27|凡摸這祭肉的要成為聖；這祭牲的血若彈在甚麼衣服上，所彈的那一件要在聖處洗淨。|zh
260|6|27|27|Anyone touching the flesh of it will be holy: and if any of the blood is dropped on any clothing, the thing on which the blood has been dropped is to be washed in a holy place.|en
261|6|28|28|惟有煮祭物的瓦器要打碎；若是煮在銅器裡，這銅器要擦磨，在水中涮淨。|zh
262|6|28|28|But the vessel of earth in which the flesh was cooked is to be broken; or if a brass vessel was used, it is to be rubbed clean and washed out with water.|en
263|6|29|29|凡祭司中的男丁都可以吃；這是至聖的。|zh
264|6|29|29|Every male among the priests may take it for his food: it is most holy.|en
265|6|30|30|凡贖罪祭，若將血帶進會幕在聖所贖罪，那肉都不可吃，必用火焚燒。|zh
266|6|30|30|No sin-offering, the blood of which is taken into the Tent of meeting, to take away sin in the holy place, may be used for food: it is to be burned with fire.|en
267|7|1|1|贖愆祭的條例乃是如此：這祭是至聖的。|zh
268|7|1|1|And this is the law of the offering for wrongdoing: it is most holy.|en
269|7|2|2|人在那裡宰燔祭牲，也要在那裡宰贖愆祭牲；其血，祭司要灑在壇的周圍。|zh
270|7|2|2|They are to put to death the offering for wrongdoing in the same place as the burned offering; and the priest is to put the blood on and round the altar.|en
271|7|3|3|又要將肥尾巴和蓋臟的脂油，|zh
272|7|3|3|And all the fat of it, the fat tail and the fat covering the inside parts, is to be given as an offering.|en
273|7|4|4|兩個腰子和腰子上的脂油，就是靠腰兩旁的脂油，並肝上的網子和腰子，一概取下。|zh
274|7|4|4|And the two kidneys, and the fat on them, which is by the top of the legs, and the fat joining the liver and the kidneys, he is to take away:|en
275|7|5|5|祭司要在壇上焚燒，為獻給耶和華的火祭，是贖愆祭。|zh
276|7|5|5|They are to be burned by the priest on the altar for an offering made by fire to the Lord: it is an offering for wrongdoing.|en
277|7|6|6|祭司中的男丁都可以吃這祭物；要在聖處吃，是至聖的。|zh
278|7|6|6|Every male among the priests may have it as food in a holy place: it is most holy.|en
279|7|7|7|贖罪祭怎樣，贖愆祭也是怎樣，兩個祭是一個條例。獻贖愆祭贖罪的祭司要得這祭物。|zh
280|7|7|7|As is the sin-offering, so is the offering for wrongdoing; there is one law for them: the priest who makes the offering to take away sin, he is to have it.|en
281|7|8|8|獻燔祭的祭司，無論為誰奉獻，要親自得他所獻那燔祭牲的皮。|zh
282|7|8|8|And the priest offering any man's burned offering for him, may have the skin of the burned offering which is offered by him.|en
283|7|9|9|凡在爐中烤的素祭和煎盤中做的，並鐵鏊上做的，都要歸那獻祭的祭司。|zh
284|7|9|9|And every meal offering which is cooked in the oven and everything made in a cooking pot or on a flat plate, is for the priest by whom it is offered.|en
285|7|10|10|凡素祭，無論是油調和的是乾的，都要歸亞倫的子孫，大家均分。|zh
286|7|10|10|And every meal offering, mixed with oil or dry, is for all the sons of Aaron in equal measure.|en
287|7|11|11|人獻與耶和華平安祭的條例乃是這樣：|zh
288|7|11|11|And this is the law for the peace-offerings offered to the Lord.|en
289|7|12|12|他若為感謝獻上，就要用調油的無酵餅和抹油的無酵薄餅，並用油調勻細麵做的餅，與感謝祭一同獻上。|zh
290|7|12|12|If any man gives his offering as a praise-offering, then let him give with the offering, unleavened cakes mixed with oil and thin unleavened cakes covered with oil and cakes of the best meal well mixed with oil.|en
291|7|13|13|要用有酵的餅和為感謝獻的平安祭，與供物一同獻上。|zh
292|7|13|13|With his peace-offering let him give cakes of leavened bread, as a praise-offering.|en
293|7|14|14|從各樣的供物中，他要把一個餅獻給耶和華為舉祭，是要歸給灑平安祭牲血的祭司。|zh
294|7|14|14|And let him give one out of every offering to be lifted up before the Lord; that it may be for the priest who puts the blood of the peace-offering on the altar.|en
295|7|15|15|為感謝獻平安祭牲的肉，要在獻的日子吃，一點不可留到早晨。|zh
296|7|15|15|And the flesh of the praise-offering is to be taken as food on the day when it is offered; no part of it may be kept till the morning.|en
297|7|16|16|若所獻的是為還願，或是甘心獻的，必在獻祭的日子吃，所剩下的第二天也可以吃。|zh
298|7|16|16|But if his offering is made because of an oath or given freely, it may be taken as food on the day when it is offered; and the rest may be used up on the day after:|en
299|7|17|17|但所剩下的祭肉，到第三天要用火焚燒；|zh
300|7|17|17|But if any of the flesh of the offering is still unused on the third day, it is to be burned with fire.|en
301|7|18|18|第三天若吃了平安祭的肉，這祭必不蒙悅納，人所獻的也不算為祭，反為可憎嫌的，吃這祭肉的，就必擔當他的罪孽。|zh
302|7|18|18|And if any of the flesh of the peace-offering is taken as food on the third day, it will not be pleasing to God and will not be put to the account of him who gives it; it will be unclean and a cause of sin to him who takes it as food.|en
303|7|19|19|挨了污穢物的肉就不可吃，要用火焚燒。至於平安祭的肉，凡潔淨的人都要吃；|zh
304|7|19|19|And flesh touched by any unclean thing may not be taken for food: it is to be burned with fire; and as for the flesh of the peace-offerings, everyone who is clean may take it as food:|en
305|7|20|20|只是獻與耶和華平安祭的肉，人若不潔淨而吃了，這人必從民中剪除。|zh
306|7|20|20|But he who is unclean when he takes as food the flesh of the peace-offerings, which are the Lord's, will be cut off from his people.|en
307|7|21|21|有人摸了甚麼不潔淨的物，或是人的不潔淨，或是不潔淨的牲畜，或是不潔可憎之物，吃了獻與耶和華平安祭的肉，這人必從民中剪除。|zh
308|7|21|21|And anyone who, after touching any unclean thing of man or an unclean beast or any unclean and disgusting thing, takes as food the flesh of the peace-offerings, which are the Lord's, will be cut off from his people.|en
309|7|22|22|耶和華對摩西說：|zh
310|7|22|22|And the Lord said to Moses,|en
311|7|23|23|你曉諭以色列人說：牛的脂油、綿羊的脂油、山羊的脂油，你們都不可吃。|zh
312|7|23|23|Say to the children of Israel: You are not to take any fat, of ox or sheep or goat, for food.|en
313|7|24|24|自死的和被野獸撕裂的，那脂油可以做別的使用，只是你們萬不可吃。|zh
314|7|24|24|And the fat of that which comes to a natural death, and the fat of that which is attacked by beasts, may be used for other purposes, but not in any way for food.|en
315|7|25|25|無論何人吃了獻給耶和華當火祭牲畜的脂油，那人必從民中剪除。|zh
316|7|25|25|For anyone who takes as food the fat of any beast of which men make an offering by fire to the Lord, will be cut off from his people.|en
317|7|26|26|在你們一切的住處，無論是雀鳥的血是野獸的血，你們都不可吃。|zh
318|7|26|26|And you are not to take for food any blood, of bird or of beast, in any of your houses.|en
319|7|27|27|無論是誰吃血，那人必從民中剪除。|zh
320|7|27|27|Whoever takes any blood for food will be cut off from his people.|en
321|7|28|28|耶和華對摩西說：|zh
322|7|28|28|And the Lord said to Moses,|en
323|7|29|29|你曉諭以色列人說：獻平安祭給耶和華的，要從平安祭中取些來奉給耶和華。|zh
324|7|29|29|Say to the children of Israel: He who makes a peace-offering to the Lord, is to give an offering to the Lord out of his peace-offering:|en
325|7|30|30|他親手獻給耶和華的火祭，就是脂油和胸，要帶來，好把胸在耶和華面前作搖祭，搖一搖。|zh
326|7|30|30|He himself is to take to the Lord the offering made by fire, even the fat with the breast, so that the breast may be waved for a wave offering before the Lord.|en
327|7|31|31|祭司要把脂油在壇上焚燒，但胸要歸亞倫和他的子孫。|zh
328|7|31|31|And the fat is to be burned by the priest on the altar, but the breast is for Aaron and his sons.|en
329|7|32|32|你們要從平安祭中把右腿作舉祭，奉給祭司。|zh
330|7|32|32|And the right leg you are to give to the priest for an offering to be lifted up out of what is given for your peace-offerings.|en
331|7|33|33|亞倫子孫中，獻平安祭牲血和脂油的，要得這右腿為分；|zh
332|7|33|33|That man, among the sons of Aaron, by whom the blood of the peace-offering and the fat are offered, is to have the right leg for his part.|en
333|7|34|34|因為我從以色列人的平安祭中，取了這搖的胸和舉的腿給祭司亞倫和他子孫，作他們從以色列人中所永得的分。|zh
334|7|34|34|For the breast which is waved and the right leg which is lifted up on high I have taken from the children of Israel, from their peace-offerings, and have given them to Aaron the priest and to his sons as their right for ever from the children of Israel.|en
335|7|35|35|這是從耶和華火祭中，作亞倫受膏的分和他子孫受膏的分，正在摩西（原文是他）叫他們前來給耶和華供祭司職分的日子，|zh
336|7|35|35|This is the holy part given to Aaron and to his sons, out of the offerings made to the Lord by fire, on the day when they were made priests before the Lord;|en
337|7|36|36|就是在摩西（原文是他）膏他們的日子，耶和華吩咐以色列人給他們的。這是他們世世代代永得的分。|zh
338|7|36|36|Which the Lord said the children of Israel were to give them, on the day when he made them his priests. It is their right for ever from generation to generation.|en
339|7|37|37|這就是燔祭、素祭、贖罪祭、贖愆祭，和平安祭的條例，並承接聖職的禮，|zh
340|7|37|37|These are the laws for the burned offering, the meal offering, and the offering for wrongdoing; and for the making of priests, and for the giving of peace-offerings;|en
341|7|38|38|都是耶和華在西乃山所吩咐摩西的，就是他在西乃曠野吩咐以色列人獻供物給耶和華之日所說的。|zh
342|7|38|38|As they were given by the Lord to Moses on Mount Sinai, on the day when the Lord gave orders to the children of Israel to make their offerings to the Lord, in the waste land of Sinai.|en
343|8|1|1|耶和華曉諭摩西說：|zh
344|8|1|1|And the Lord said to Moses,|en
345|8|2|2|你將亞倫和他兒子一同帶來，並將聖衣、膏油，與贖罪祭的一隻公牛、兩隻公綿羊、一筐無酵餅都帶來，|zh
346|8|2|2|Take Aaron, and his sons with him, and the robes and the holy oil and the ox of the sin-offering and the two male sheep and the basket of unleavened bread;|en
347|8|3|3|又招聚會眾到會幕門口。|zh
348|8|3|3|And let all the people come together at the door of the Tent of meeting.|en
349|8|4|4|摩西就照耶和華所吩咐的行了；於是會眾聚集在會幕門口。|zh
350|8|4|4|And Moses did as the Lord said, and all the people came together at the door of the Tent of meeting.|en
351|8|5|5|摩西告訴會眾說：這就是耶和華所吩咐當行的事。|zh
352|8|5|5|And Moses said to the people, This is what the Lord has given orders to be done.|en
353|8|6|6|摩西帶了亞倫和他兒子來，用水洗了他們。|zh
354|8|6|6|Then Moses took Aaron and his sons; and after washing them with water,|en
355|8|7|7|給亞倫穿上內袍，束上腰帶，穿上外袍，又加上以弗得，用其上巧工織的帶子把以弗得繫在他身上，|zh
356|8|7|7|He put the coat on him, making it tight with its band, and then the robe, and over it the ephod, with its band of needlework to keep it in place.|en
357|8|8|8|又給他戴上胸牌，把烏陵和土明放在胸牌內，|zh
358|8|8|8|And he put the priest's bag on him, and in the bag he put the Urim and Thummim.|en
359|8|9|9|把冠冕戴在他頭上，在冠冕的前面釘上金牌，就是聖冠，都是照耶和華所吩咐摩西的。|zh
360|8|9|9|And on his head he put the head-dress, and in front of the head-dress the plate of gold, the holy crown, as the Lord gave orders to Moses.|en
361|8|10|10|摩西用膏油抹帳幕和其中所有的，使他成聖；|zh
362|8|10|10|And Moses took the holy oil and put it on the House and on all the things in it, to make them holy.|en
363|8|11|11|又用膏油在壇上彈了七次，又抹了壇和壇的一切器皿，並洗濯盆和盆座，使他成聖；|zh
364|8|11|11|Seven times he put oil on the altar and on all its vessels, and on the washing-basin and its base, to make them holy.|en
365|8|12|12|又把膏油倒在亞倫的頭上膏他，使他成聖。|zh
366|8|12|12|And some of the oil he put on Aaron's head, to make him holy.|en
367|8|13|13|摩西帶了亞倫的兒子來，給他們穿上內袍，束上腰帶，包上裹頭巾，都是照耶和華所吩咐摩西的。|zh
368|8|13|13|Then he took Aaron's sons, clothing them with the coats, and putting the bands round them, and the head-dresses on their heads, as the Lord had given him orders.|en
369|8|14|14|他牽了贖罪祭的公牛來，亞倫和他兒子按手在贖罪祭公牛的頭上，|zh
370|8|14|14|And he took the ox of the sin-offering: and Aaron and his sons put their hands on the head of the ox,|en
371|8|15|15|就宰了公牛。摩西用指頭蘸血，抹在壇上四角的周圍，使壇潔淨，把血倒在壇的腳那裡，使壇成聖，壇就潔淨了；|zh
372|8|15|15|And he put it to death; and Moses took the blood and put it on the horns of the altar and round it with his finger, and made the altar clean, draining out the blood at the base of the altar; so he made it holy, taking away what was unclean.|en
373|8|16|16|又取臟上所有的脂油和肝上的網子，並兩個腰子與腰子上的脂油，都燒在壇上；|zh
374|8|16|16|And he took all the fat on the inside parts, and the fat on the liver, and the two kidneys with their fat, to be burned on the altar;|en
375|8|17|17|惟有公牛，連皮帶肉並糞，用火燒在營外，都是照耶和華所吩咐摩西的。|zh
376|8|17|17|But the ox, with its skin and its flesh and its waste, was burned with fire outside the tent-circle, as the Lord gave orders to Moses.|en
377|8|18|18|他奉上燔祭的公綿羊；亞倫和他兒子按手在羊的頭上，|zh
378|8|18|18|And he put the male sheep of the burned offering before the Lord, and Aaron and his sons put their hands on its head,|en
379|8|19|19|就宰了公羊。摩西把血灑在壇的周圍，|zh
380|8|19|19|And he put it to death; and Moses put some of the blood on and round the altar.|en
381|8|20|20|把羊切成塊子，把頭和肉塊並脂油都燒了。|zh
382|8|20|20|And when the sheep had been cut into parts, the head and the parts and the fat were burned by Moses.|en
383|8|21|21|用水洗了臟腑和腿，就把全羊燒在壇上為馨香的燔祭，是獻給耶和華的火祭，都是照耶和華所吩咐摩西的。|zh
384|8|21|21|And the inside parts and the legs were washed with water and all the sheep was burned by Moses on the altar; it was a burned offering for a sweet smell: it was an offering made by fire to the Lord, as the Lord gave orders to Moses.|en
385|8|22|22|他又奉上第二隻公綿羊，就是承接聖職之禮的羊；亞倫和他兒子按手在羊的頭上，|zh
386|8|22|22|And he put the other sheep before the Lord, the sheep with which they were made priests; and Aaron and his sons put their hands on the head of the sheep,|en
387|8|23|23|就宰了羊。摩西把些血抹在亞倫的右耳垂上和右手的大拇指上，並右腳的大拇指上，|zh
388|8|23|23|And he put it to death; and Moses took some of the blood and put it on the point of Aaron's right ear and on the thumb of his right hand and on the great toe of his right foot.|en
389|8|24|24|又帶了亞倫的兒子來，把些血抹在他們的右耳垂上和右手的大拇指上，並右腳的大拇指上，又把血灑在壇的周圍。|zh
390|8|24|24|Then he took Aaron's sons, and Moses put some of the blood on the point of their right ears and on the thumbs of their right hands and on the great toes of their right feet: and Moses put the blood on and round the altar.|en
391|8|25|25|取脂油和肥尾巴，並臟上一切的脂油與肝上的網子，兩個腰子和腰子上的脂油，並右腿，|zh
392|8|25|25|And he took the fat, and the fat tail, and the fat on the inside parts, and the fat on the liver, and the two kidneys with their fat, and the right leg;|en
393|8|26|26|再從耶和華面前、盛無酵餅的筐子裡取出一個無酵餅，一個油餅，一個薄餅，都放在脂油和右腿上，|zh
394|8|26|26|And out of the basket of unleavened bread which was before the Lord he took one unleavened cake, and one cake of bread with oil on it, and one thin cake, and put them on the fat and on the right leg:|en
395|8|27|27|把這一切放在亞倫的手上和他兒子的手上作搖祭，在耶和華面前搖一搖。|zh
396|8|27|27|And he put them all on the hands of Aaron and on the hands of his sons, waving them for a wave offering before the Lord.|en
397|8|28|28|摩西從他們的手上拿下來，燒在壇上的燔祭上，都是為承接聖職獻給耶和華馨香的火祭。|zh
398|8|28|28|And Moses took them from their hands, and they were burned on the altar on the burned offering, as a priest's offering for a sweet smell, an offering made by fire to the Lord.|en
399|8|29|29|摩西拿羊的胸作為搖祭，在耶和華面前搖一搖，是承接聖職之禮，歸摩西的分，都是照耶和華所吩咐摩西的。|zh
400|8|29|29|And Moses took the breast, waving it for a wave offering before the Lord; it was Moses' part of the sheep of the priest's offering, as the Lord gave orders to Moses.|en
401|8|30|30|摩西取點膏油和壇上的血，彈在亞倫和他的衣服上，並他兒子和他兒子的衣服上，使他和他們的衣服一同成聖。|zh
402|8|30|30|And Moses took some of the holy oil and of the blood which was on the altar and put it on Aaron and on his robes, and on his sons and on his sons' robes; and made Aaron holy, and his robes and his sons and his sons' robes with him.|en
403|8|31|31|摩西對亞倫和他兒子說：把肉煮在會幕門口，在那裡吃，又吃承接聖職筐子裡的餅，按我所吩咐的說（或作：按所吩咐我的說）：這是亞倫和他兒子要吃的。|zh
404|8|31|31|And Moses said to Aaron and to his sons, The flesh is to be cooked in water at the door of the Tent of meeting, and there you are to take it as food, together with the bread in the basket, as I have given orders, saying, It is the food of Aaron and his sons.|en
405|8|32|32|剩下的肉和餅，你們要用火焚燒。|zh
406|8|32|32|And that which is over of the flesh and of the bread is to be burned with fire.|en
407|8|33|33|你們七天不可出會幕的門，等到你們承接聖職的日子滿了，因為主叫你們七天承接聖職。|zh
408|8|33|33|And you are not to go out from the door of the Tent of meeting for seven days, till the days for making you priest are ended; for this will be the work of seven days.|en
409|8|34|34|像今天所行的都是耶和華吩咐行的，為你們贖罪。|zh
410|8|34|34|What has been done this day, has been ordered by the Lord to take away your sin.|en
411|8|35|35|七天你們要晝夜住在會幕門口，遵守耶和華的吩咐，免得你們死亡，因為所吩咐我的就是這樣。|zh
412|8|35|35|And you are to keep watch for the Lord at the door of the Tent of meeting day and night for seven days, so that death may not come to you: for so he has given me orders.|en
413|8|36|36|於是亞倫和他兒子行了耶和華藉著摩西所吩咐的一切事。|zh
414|8|36|36|And Aaron and his sons did all the things about which the Lord had given orders through Moses.|en
415|9|1|1|到了第八天，摩西召了亞倫和他兒子，並以色列的眾長老來，|zh
416|9|1|1|And on the eighth day Moses sent for Aaron and his sons and the responsible men of Israel;|en
417|9|2|2|對亞倫說：你當取牛群中的一隻公牛犢作贖罪祭，一隻公綿羊作燔祭，都要沒有殘疾的，獻在耶和華面前。|zh
418|9|2|2|And he said to Aaron, Take a young ox for a sin-offering and a male sheep for a burned offering, without a mark, and make an offering of them before the Lord.|en
419|9|3|3|你也要對以色列人說：你們當取一隻公山羊作贖罪祭，又取一隻牛犢和一隻綿羊羔，都要一歲、沒有殘疾的，作燔祭，|zh
420|9|3|3|And say to the children of Israel: Take a he-goat for a sin-offering, and a young ox and a lamb, in their first year, without any mark on them, for a burned offering;|en
421|9|4|4|又取一隻公牛，一隻公綿羊作平安祭，獻在耶和華面前，並取調油的素祭，因為今天耶和華要向你們顯現。|zh
422|9|4|4|And an ox and a male sheep for peace-offerings, to be put to death before the Lord; and a meal offering mixed with oil: for this day you are to see the Lord.|en
423|9|5|5|於是他們把摩西所吩咐的，帶到會幕前；全會眾都近前來，站在耶和華面前。|zh
424|9|5|5|And they took the things ordered by Moses, before the Tent of meeting, and all the people came near, waiting before the Lord.|en
425|9|6|6|摩西說：這是耶和華吩咐你們所當行的；耶和華的榮光就要向你們顯現。|zh
426|9|6|6|And Moses said, This is what the Lord has said you are to do; and you will see the glory of the Lord.|en
427|9|7|7|摩西對亞倫說：你就近壇前，獻你的贖罪祭和燔祭，為自己與百姓贖罪，又獻上百姓的供物，為他們贖罪，都照耶和華所吩咐的。|zh
428|9|7|7|And Moses said to Aaron, Come near to the altar and make your sin-offering and your burned offering to take away your sin and the sin of the people, and make the people's offering to take away their sin; as the Lord has given orders.|en
429|9|8|8|於是，亞倫就近壇前，宰了為自己作贖罪祭的牛犢。|zh
430|9|8|8|So Aaron came near to the altar and put to death the ox for the sin-offering for himself;|en
431|9|9|9|亞倫的兒子把血奉給他，他就把指頭蘸在血中，抹在壇的四角上，又把血倒在壇腳那裡。|zh
432|9|9|9|And the sons of Aaron gave him the blood and he put his finger in the blood and put it on the horns of the altar, draining out the blood at the base of the altar;|en
433|9|10|10|惟有贖罪祭的脂油和腰子，並肝上取的網子，都燒在壇上，是照耶和華所吩咐摩西的；|zh
434|9|10|10|But the fat and the kidneys and the fat on the liver of the sin-offering were burned by him on the altar as the Lord gave orders to Moses.|en
435|9|11|11|又用火將肉和皮燒在營外。|zh
436|9|11|11|And the flesh and the skin were burned with fire outside the tent-circle;|en
437|9|12|12|亞倫宰了燔祭牲，他兒子把血遞給他，他就灑在壇的周圍，|zh
438|9|12|12|And he put to death the burned offering; and Aaron's sons gave him the blood and he put some of it on and round the altar;|en
439|9|13|13|又把燔祭一塊一塊的、連頭遞給他，他都燒在壇上；|zh
440|9|13|13|And they gave him the parts of the burned offering, in their order, and the head, to be burned on the altar.|en
441|9|14|14|又洗了臟腑和腿，燒在壇上的燔祭上。|zh
442|9|14|14|And the inside parts and the legs, when they had been washed with water, were burned on the burned offering on the altar.|en
443|9|15|15|他奉上百姓的供物，把那給百姓作贖罪祭的公山羊宰了，為罪獻上，和先獻的一樣；|zh
444|9|15|15|And he made an offering for the people and took the goat of the sin-offering for the people and put it to death, offering it for sin, in the same way as the first.|en
445|9|16|16|也奉上燔祭，照例而獻。|zh
446|9|16|16|And he took the burned offering, offering it in the ordered way;|en
447|9|17|17|他又奉上素祭，從其中取一滿把，燒在壇上；這是在早晨的燔祭以外。|zh
448|9|17|17|And he put the meal offering before the Lord, and taking some of it in his hand he had it burned on the altar, separately from the burned offering of the morning.|en
449|9|18|18|亞倫宰了那給百姓作平安祭的公牛和公綿羊。他兒子把血遞給他，他就灑在壇的周圍；|zh
450|9|18|18|And he put to death the ox and the sheep, which were the peace-offerings for the people; and Aaron's sons gave him the blood and he put some of it on and round the altar;|en
451|9|19|19|又把公牛和公綿羊的脂油、肥尾巴，並蓋臟的脂油與腰子，和肝上的網子，都遞給他；|zh
452|9|19|19|And as for the fat of the ox and the fat tail of the sheep and the fat covering the inside parts and the kidneys and the fat on the liver;|en
453|9|20|20|把脂油放在胸上，他就把脂油燒在壇上。|zh
454|9|20|20|They put the fat on the breasts, and the fat was burned on the altar.|en
455|9|21|21|胸和右腿，亞倫當作搖祭，在耶和華面前搖一搖，都是照摩西所吩咐的。|zh
456|9|21|21|And Aaron took the breasts and the right leg, waving them for a wave offering before the Lord, as Moses gave orders.|en
457|9|22|22|亞倫向百姓舉手，為他們祝福。他獻了贖罪祭、燔祭、平安祭就下來了。|zh
458|9|22|22|And Aaron, lifting up his hands to the people, gave them a blessing; and he came down from offering the sin-offering, and the burned offering, and the peace-offerings.|en
459|9|23|23|摩西、亞倫進入會幕，又出來為百姓祝福，耶和華的榮光就向眾民顯現。|zh
460|9|23|23|And Moses and Aaron went into the Tent of meeting, and came out and gave the people a blessing, and the glory of the Lord was seen by all the people.|en
461|9|24|24|有火從耶和華面前出來，在壇上燒盡燔祭和脂油；眾民一見，就都歡呼，俯伏在地。|zh
462|9|24|24|And fire came out from before the Lord, burning up the offering on the altar and the fat: and when all the people saw it, they gave a loud cry, falling down on their faces.|en
463|10|1|1|亞倫的兒子拿答、亞比戶各拿自己的香爐，盛上火，加上香，在耶和華面前獻上凡火，是耶和華沒有吩咐他們的，|zh
464|10|1|1|And Nadab and Abihu, the sons of Aaron, took their vessels and put fire in them and perfume, burning strange fire before the Lord, which he had not given them orders to do.|en
465|10|2|2|就有火從耶和華面前出來，把他們燒滅，他們就死在耶和華面前。|zh
466|10|2|2|And fire came out from before the Lord, burning them up and causing their destruction before the Lord.|en
467|10|3|3|於是摩西對亞倫說：這就是耶和華所說：我在親近我的人中要顯為聖；在眾民面前，我要得榮耀。亞倫就默默不言。|zh
468|10|3|3|Then Moses said to Aaron, This is what the Lord said, I will be holy in the eyes of all those who come near to me, and I will be honoured before all the people. And Aaron said nothing.|en
469|10|4|4|摩西召了亞倫叔父烏薛的兒子米沙利、以利撒反來，對他們說：上前來，把你們的親屬從聖所前抬到營外。|zh
470|10|4|4|And Moses sent for Mishael and Elzaphan, the sons of Uzziel, the brother of Aaron's father, and said to them, Come near and take your brothers away from before the holy place, outside the tent-circle.|en
471|10|5|5|於是二人上前來，把他們穿著袍子抬到營外，是照摩西所吩咐的。|zh
472|10|5|5|So they came and took them, in their coats, outside the tent-circle, as Moses had said.|en
473|10|6|6|摩西對亞倫和他兒子以利亞撒、以他瑪說：不可蓬頭散髮，也不可撕裂衣裳，免得你們死亡，又免得耶和華向會眾發怒；只要你們的弟兄以色列全家為耶和華所發的火哀哭。|zh
474|10|6|6|And Moses said to Aaron and to Eleazar and Ithamar, his sons, Do not let your hair be loose, and give no signs of grief; so that death may not overtake you, and his wrath come on all the people; but let there be weeping among your brothers and all the house of Israel for this burning of the Lord's fire.|en
475|10|7|7|你們也不可出會幕的門，恐怕你們死亡，因為耶和華的膏油在你們的身上。他們就照摩西的話行了。|zh
476|10|7|7|And do not go out from the door of the Tent of meeting, or death will come to you; for the holy oil of the Lord is on you. And they did as Moses said.|en
477|10|8|8|耶和華曉諭亞倫說：|zh
478|10|8|8|And the Lord said to Aaron:|en
479|10|9|9|你和你兒子進會幕的時候，清酒、濃酒都不可喝，免得你們死亡；這要作你們世世代代永遠的定例。|zh
480|10|9|9|Take no wine, or strong drink, you or your sons with you, when you go into the Tent of meeting, that it may not be the cause of death to you; this is an order for ever through all your generations.|en
481|10|10|10|使你們可以將聖的、俗的，潔淨的、不潔淨的，分別出來；|zh
482|10|10|10|And make a division between the holy and the common, and between the unclean and the clean;|en
483|10|11|11|又使你們可以將耶和華藉摩西曉諭以色列人的一切律例教訓他們。|zh
484|10|11|11|Teaching the children of Israel all the laws which the Lord has given them by the hand of Moses.|en
485|10|12|12|摩西對亞倫和他剩下的兒子以利亞撒、以他瑪說：你們獻給耶和華火祭中所剩的素祭，要在壇旁不帶酵而吃，因為是至聖的。|zh
486|10|12|12|And Moses said to Aaron and to Eleazar and Ithamar, his sons who were still living, Take the rest of the meal offering from the offerings of the Lord made by fire, and take it for your food, without leaven, at the side of the altar, for it is most holy.|en
487|10|13|13|你們要在聖處吃；因為在獻給耶和華的火祭中，這是你的分和你兒子的分；所吩咐我的本是這樣。|zh
488|10|13|13|It is to be for your food in a holy place, because it is your right and your sons' right, from the offerings of the Lord made by fire: for so am I ordered.|en
489|10|14|14|所搖的胸，所舉的腿，你們要在潔淨地方吃。你和你的兒女都要同吃；因為這些是從以色列人平安祭中給你，當你的分和你兒子的分。|zh
490|10|14|14|And the breast which is waved and the leg which is lifted up on high, you are to take as your food in a clean place; you and your sons and your daughters with you: for they are given to you as your right and your sons' right, from the peace-offerings of the children of Israel.|en
491|10|15|15|所舉的腿，所搖的胸，他們要與火祭的脂油一同帶來當搖祭，在耶和華面前搖一搖；這要歸你和你兒子，當作永得的分，都是照耶和華所吩咐的。|zh
492|10|15|15|Let them take the breast which is waved and the leg which is lifted up on high, with the fat of the burned offering, to be waved for a wave offering before the Lord; and this will be for you and for your sons with you, for a right for ever, as the Lord has given orders.|en
493|10|16|16|當下摩西急切的尋找作贖罪祭的公山羊，誰知已經焚燒了，便向亞倫剩下的兒子以利亞撒、以他瑪發怒，說：|zh
494|10|16|16|And Moses was looking for the goat of the sin-offering, but it was burned; and he was angry with Eleazar and Ithamar, the sons of Aaron, who were still living, saying,|en
495|10|17|17|這贖罪祭既是至聖的，主又給了你們，為要你們擔當會眾的罪孽，在耶和華面前為他們贖罪，你們為何沒有在聖所吃呢？|zh
496|10|17|17|Why did you not make a meal of the sin-offering in the holy place? For it is most holy and he has given it to you, so that the sin of the people may be put on it, to take away their sin before the Lord.|en
497|10|18|18|看哪，這祭牲的血並沒有拿到聖所裡去，你們本當照我所吩咐的，在聖所裡吃這祭肉。|zh
498|10|18|18|See, its blood was not taken into the holy place: certainly it was right for you to have taken it as food in the holy place, as I gave orders.|en
499|10|19|19|亞倫對摩西說：今天他們在耶和華面前獻上贖罪祭和燔祭，我又遇見這樣的災，若今天吃了贖罪祭，耶和華豈能看為美呢？|zh
500|10|19|19|And Aaron said to Moses, You have seen that today they have made their sin-offering and their burned offering before the Lord, and such things as these have come on me. If I had taken the sin-offering as food today, would it have been pleasing to the Lord?|en
501|10|20|20|摩西聽見這話，便以為美。|zh
502|10|20|20|And after hearing this, Moses was no longer angry.|en
503|11|1|1|耶和華對摩西、亞倫說：|zh
504|11|1|1|And the Lord said to Moses and Aaron,|en
505|11|2|2|你們曉諭以色列人說，在地上一切走獸中可吃的乃是這些：|zh
506|11|2|2|Say to the children of Israel: These are the living things which you may have for food among all the beasts on the earth.|en
507|11|3|3|凡蹄分兩瓣、倒嚼的走獸，你們都可以吃。|zh
508|11|3|3|You may have as food any beast which has a division in the horn of its foot, and whose food comes back into its mouth to be crushed again.|en
509|11|4|4|但那倒嚼或分蹄之中不可吃的乃是：駱駝─因為倒嚼不分蹄，就與你們不潔淨；|zh
510|11|4|4|But, at the same time, of those beasts, you may not take for food the camel, because its food comes back but the horn of its foot is not parted in two; it is unclean to you.|en
511|11|5|5|沙番─因為倒嚼不分蹄，就與你們不潔淨；|zh
512|11|5|5|And the rock-badger, for the same reason, is unclean to you.|en
513|11|6|6|兔子─因為倒嚼不分蹄，就與你們不潔淨；|zh
514|11|6|6|And the hare, because the horn of its foot is not parted in two, is unclean to you.|en
515|11|7|7|豬─因為蹄分兩瓣，卻不倒嚼，就與你們不潔淨。|zh
516|11|7|7|And the pig is unclean to you, because though the horn of its foot is parted, its food does not come back.|en
517|11|8|8|這些獸的肉，你們不可吃；死的，你們不可摸，都與你們不潔淨。|zh
518|11|8|8|Their flesh may not be used for food, and their dead bodies may not even be touched; they are unclean to you.|en
519|11|9|9|水中可吃的乃是這些：凡在水裡、海裡、河裡、有翅有鱗的，都可以吃。|zh
520|11|9|9|These you may have for food of all things living in the water: anything living in the water, in the seas or rivers, which has special parts for swimming and skin formed of thin plates, may be used for food.|en
521|11|10|10|凡在海裡、河裡，並一切水裡游動的活物，無翅無鱗的，你們都當以為可憎。|zh
522|11|10|10|All other things living and moving in the water, in the sea or in the rivers, are a disgusting thing to you;|en
523|11|11|11|這些無翅無鱗、以為可憎的，你們不可吃他的肉；死的也當以為可憎。|zh
524|11|11|11|They may not be used for food, and their dead bodies are disgusting to you.|en
525|11|12|12|凡水裡無翅無鱗的，你們都當以為可憎。|zh
526|11|12|12|Anything in the water which has no special parts for swimming and no thin plates on its skin is disgusting to you.|en
527|11|13|13|雀鳥中你們當以為可憎、不可吃的乃是：鵰、狗頭鵰、紅頭鵰、|zh
528|11|13|13|And among birds these are to be disgusting to you, and not to be used for food: the eagle and the gier-eagle and the ospray;|en
529|11|14|14|鷂鷹、小鷹與其類；|zh
530|11|14|14|And the kite and the falcon, and birds of that sort;|en
531|11|15|15|烏鴉與其類；|zh
532|11|15|15|Every raven, and birds of that sort;|en
533|11|16|16|鴕鳥、夜鷹、魚鷹、鷹與其類；|zh
534|11|16|16|And the ostrich and the night-hawk and the sea-hawk, and birds of that sort;|en
535|11|17|17|鴞鳥、鸕鶿、貓頭鷹、|zh
536|11|17|17|And the little owl and the cormorant and the great owl;|en
537|11|18|18|角鴟、鵜鶘、禿鵰、|zh
538|11|18|18|And the water-hen and the pelican and the vulture;|en
539|11|19|19|鸛、鷺鷥與其類；戴鵀與蝙蝠。|zh
540|11|19|19|The stork and the heron, and birds of that sort, and the hoopoe and the bat.|en
541|11|20|20|凡有翅膀用四足爬行的物，你們都當以為可憎。|zh
542|11|20|20|Every winged four-footed thing which goes on the earth is disgusting to you;|en
543|11|21|21|只是有翅膀用四足爬行的物中，有足有腿，在地上蹦跳的，你們還可以吃。|zh
544|11|21|21|But of the winged four-footed things, those which have long legs for jumping on the earth you may have for food;|en
545|11|22|22|其中有蝗蟲、螞蚱、蟋蟀與其類；蚱蜢與其類；這些你們都可以吃。|zh
546|11|22|22|Such as all the different sorts of locust.|en
547|11|23|23|但是有翅膀有四足的爬物，你們都當以為可憎。|zh
548|11|23|23|But all other winged four-footed things which go on the earth are disgusting to you.|en
549|11|24|24|這些都能使你們不潔淨。凡摸了死的，必不潔淨到晚上。|zh
550|11|24|24|By these you will be made unclean; anyone touching their dead bodies will be unclean till evening:|en
551|11|25|25|凡拿了死的，必不潔淨到晚上，並要洗衣服。|zh
552|11|25|25|Whoever takes away the dead body of one of them is to have his clothing washed, and will be unclean till evening.|en
553|11|26|26|凡走獸分蹄不成兩瓣、也不倒嚼的，是與你們不潔淨；凡摸了的就不潔淨。|zh
554|11|26|26|Every beast, in the horn of whose foot there is not a complete division, and whose food does not come back, is unclean to you: anyone touching one of these will be unclean.|en
555|11|27|27|凡四足的走獸，用掌行走的，是與你們不潔淨；摸其屍的，必不潔淨到晚上。|zh
556|11|27|27|Any four-footed beast which goes on the ball of its foot, is unclean to you: anyone touching the dead body of one of these will be unclean till evening.|en
557|11|28|28|拿其屍的，必不潔淨到晚上，並要洗衣服。這些是與你們不潔淨的。|zh
558|11|28|28|Anyone who takes away the dead body of one of these is to have his clothing washed and be unclean till evening.|en
559|11|29|29|地上爬物與你們不潔淨的乃是這些：鼬鼠、鼫鼠、蜥蜴與其類；|zh
560|11|29|29|And these are unclean to you among things which go low down on the earth; the weasel and the mouse and the great lizard, and animals of that sort;|en
561|11|30|30|壁虎、龍子、守宮、蛇醫、蝘蜓。|zh
562|11|30|30|And the ferret and the land crocodile and the lizard and the sand-lizard and the chameleon.|en
563|11|31|31|這些爬物都是與你們不潔淨的。在他死了以後，凡摸了的，必不潔淨到晚上。|zh
564|11|31|31|All these are unclean to you: anyone touching them when they are dead will be unclean till evening.|en
565|11|32|32|其中死了的，掉在甚麼東西上，這東西就不潔淨，無論是木器、衣服、皮子、口袋，不拘是做甚麼工用的器皿，須要放在水中，必不潔淨到晚上，到晚上才潔淨了。|zh
566|11|32|32|The dead body of any of these, falling on anything, will make that thing unclean; if it is any vessel of wood, or clothing, or skin, or bag, whatever it is, if it is used for any purpose, it will have to be put into water, and will be unclean till evening; after that it will be clean.|en
567|11|33|33|若有死了掉在瓦器裡的，其中不拘有甚麼，就不潔淨，你們要把這瓦器打破了。|zh
568|11|33|33|And if one of them gets into any vessel of earth, whatever is in the vessel will be unclean and the vessel will have to be broken.|en
569|11|34|34|其中一切可吃的食物，沾水的就不潔淨，並且那樣器皿中一切可喝的，也必不潔淨。|zh
570|11|34|34|Any food in it, and anything on which water from it comes, will be unclean: any drink taken from such a vessel will be unclean.|en
571|11|35|35|其中已死的，若有一點掉在甚麼物件上，那物件就不潔淨，不拘是爐子，是鍋臺，就要打碎，都不潔淨，也必與你們不潔淨。|zh
572|11|35|35|Any part of the dead body of one of these, falling on anything, will make it unclean; if it is an oven or a cooking-pot it will have to be broken: they are unclean and will be unclean to you.|en
573|11|36|36|但是泉源或是聚水的池子仍是潔淨；惟挨了那死的，就不潔淨。|zh
574|11|36|36|But at the same time a fountain or a place where water is stored for use will be clean; but anyone touching their dead bodies will be unclean.|en
575|11|37|37|若是死的，有一點掉在要種的子粒上，子粒仍是潔淨；|zh
576|11|37|37|If any part of the dead body of one of these gets on to any seed for planting, it is clean;|en
577|11|38|38|若水已經澆在子粒上，那死的有一點掉在上頭，這子粒就與你們不潔淨。|zh
578|11|38|38|But if water is put on the seed, and any part of the dead body gets on to it, it will be unclean to you.|en
579|11|39|39|你們可吃的走獸若是死了，有人摸他，必不潔淨到晚上；|zh
580|11|39|39|And if any beast which may be used for food comes to a natural death, anyone touching its dead body will be unclean till evening.|en
581|11|40|40|有人吃那死了的走獸，必不潔淨到晚上，並要洗衣服；拿了死走獸的，必不潔淨到晚上，並要洗衣服。|zh
582|11|40|40|And he who makes use of any part of its body for food is to have his clothing washed and be unclean till evening; and anyone taking away its body is to have his clothing washed and be unclean till evening.|en
583|11|41|41|凡地上的爬物是可憎的，都不可吃。|zh
584|11|41|41|Everything which goes flat on its body on the earth is disgusting, and is not to be used for food.|en
585|11|42|42|凡用肚子行走的和用四足行走的，或是有許多足的，就是一切爬在地上的，你們都不可吃，因為是可憎的。|zh
586|11|42|42|Whatever goes on its stomach or on four feet or has a great number of feet, even all those going flat on the earth, may not be used for food, for they are disgusting.|en
587|11|43|43|你們不可因甚麼爬物使自己成為可憎的，也不可因這些使自己不潔淨，以致染了污穢。|zh
588|11|43|43|You are not to make yourselves disgusting with anything which goes about flat on the earth; you may not make yourselves unclean with them, in such a way that you are not holy to me.|en
589|11|44|44|我是耶和華─你們的神；所以你們要成為聖潔，因為我是聖潔的。你們也不可在地上的爬物污穢自己。|zh
590|11|44|44|For I am the Lord your God: for this reason, make and keep yourselves holy, for I am holy; you are not to make yourselves unclean with any sort of thing which goes about flat on the earth.|en
591|11|45|45|我是把你們從埃及地領出來的耶和華，要作你們的神；所以你們要聖潔，因為我是聖潔的。|zh
592|11|45|45|For I am the Lord, who took you out of the land of Egypt, to be your God; so be you holy, for I am holy.|en
593|11|46|46|這是走獸、飛鳥，和水中游動的活物，並地上爬物的條例。|zh
594|11|46|46|This is the law about beasts and birds and every living thing moving in the waters, and every living thing which goes flat on the earth:|en
595|11|47|47|要把潔淨的和不潔淨的，可吃的與不可吃的活物，都分別出來。|zh
596|11|47|47|Marking out the unclean from the clean, and the living thing which may be used for food from that which may not.|en
597|12|1|1|耶和華對摩西說：|zh
598|12|1|1|And the Lord said to Moses,|en
599|12|2|2|你曉諭以色列人說：若有婦人懷孕生男孩，他就不潔淨七天，像在月經污穢的日子不潔淨一樣。|zh
600|12|2|2|Say to the children of Israel, If a woman is with child and gives birth to a male child, she will be unclean for seven days, as when she is unwell.|en
601|12|3|3|第八天，要給嬰孩行割禮。|zh
602|12|3|3|And on the eighth day let him be given circumcision.|en
603|12|4|4|婦人在產血不潔之中，要家居三十三天。他潔淨的日子未滿，不可摸聖物，也不可進入聖所。|zh
604|12|4|4|And she will be unclean for thirty-three days till the flow of her blood is stopped; no holy thing may be touched by her, and she may not come into the holy place, till the days for making her clean are ended.|en
605|12|5|5|他若生女孩，就不潔淨兩個七天，像污穢的時候一樣，要在產血不潔之中，家居六十六天。|zh
606|12|5|5|But if she gives birth to a female child, then she will be unclean for two weeks, as when she is unwell; and she will not be completely clean for sixty-six days.|en
607|12|6|6|滿了潔淨的日子，無論是為男孩是為女孩，他要把一歲的羊羔為燔祭，一隻雛鴿或是一隻斑鳩為贖罪祭，帶到會幕門口交給祭司。|zh
608|12|6|6|And when the days are ended for making her clean for a son or a daughter, let her take to the priest at the door of the Tent of meeting, a lamb of the first year for a burned offering and a young pigeon or a dove for a sin-offering:|en
609|12|7|7|祭司要獻在耶和華面前，為他贖罪，他的血源就潔淨了。這條例是為生育的婦人，無論是生男生女。|zh
610|12|7|7|And the priest is to make an offering of it before the Lord and take away her sin, and she will be made clean from the flow of her blood. This is the law for a woman who gives birth to a male or a female.|en
611|12|8|8|他的力量不夠獻一隻羊羔，他就要取兩隻斑鳩或是兩隻雛鴿，一隻為燔祭，一隻為贖罪祭。祭司要為他贖罪，他就潔淨了。|zh
612|12|8|8|And if she has not money enough for a lamb, then let her take two doves or two young pigeons, one for a burned offering and the other for a sin-offering, and the priest will take away her sin and she will be clean,|en
613|13|1|1|耶和華曉諭摩西、亞倫說：|zh
614|13|1|1|And the Lord said to Moses and Aaron,|en
615|13|2|2|人的肉皮上若長了癤子，或長了癬，或長了火斑，在他肉皮上成了大痲瘋的災病，就要將他帶到祭司亞倫或亞倫作祭司的一個子孫面前。|zh
616|13|2|2|If a man has on his skin a growth or a mark or a white place, and it becomes the disease of a leper, let him be taken to Aaron the priest, or to one of the priests, his sons;|en
617|13|3|3|祭司要察看肉皮上的災病，若災病處的毛已經變白，災病的現象深於肉上的皮，這便是大痲瘋的災病。祭司要察看他，定他為不潔淨。|zh
618|13|3|3|And if, when the priest sees the mark on his skin, the hair on the place is turned white and the mark seems to go deeper than the skin, it is the mark of a leper: and the priest, after looking at him, will say that he is unclean.|en
619|13|4|4|若火斑在他肉皮上是白的，現象不深於皮，其上的毛也沒有變白，祭司就要將有災病的人關鎖七天。|zh
620|13|4|4|But if the mark on his skin is white, and does not seem to go deeper than the skin, and the hair on it is not turned white, then the priest will keep him shut up for seven days;|en
621|13|5|5|第七天，祭司要察看他，若看災病止住了，沒有在皮上發散，祭司還要將他關鎖七天。|zh
622|13|5|5|And the priest is to see him on the seventh day; and if, in his opinion, the place on his skin has not become worse and is not increased in size, then the priest will keep him shut up for seven days more:|en
623|13|6|6|第七天，祭司要再察看他，若災病發暗，而且沒有在皮上發散，祭司要定他為潔淨，原來是癬；那人就要洗衣服，得為潔淨。|zh
624|13|6|6|And the priest is to see him again on the seventh day; and if the mark is less bright and is not increased on his skin, then let the priest say that he is clean: it is only a skin-mark, and after his clothing has been washed he will be clean.|en
625|13|7|7|但他為得潔淨，將身體給祭司察看以後，癬若在皮上發散開了，他要再將身體給祭司察看。|zh
626|13|7|7|But if the size of the mark on his skin is increased after he has been seen by the priest, let him go to the priest again:|en
627|13|8|8|祭司要察看，癬若在皮上發散，就要定他為不潔淨，是大痲瘋。|zh
628|13|8|8|And if, after looking at him, he sees that the mark is increased in his skin, let the priest say that he is unclean; he is a leper.|en
629|13|9|9|人有了大痲瘋的災病，就要將他帶到祭司面前。|zh
630|13|9|9|When the disease of a leper is seen on a man, let him be taken to the priest;|en
631|13|10|10|祭司要察看，皮上若長了白癤，使毛變白，在長白癤之處有了紅瘀肉，|zh
632|13|10|10|And if the priest sees that there is a white growth on the skin, and the hair is turned white, and there is diseased flesh in the growth,|en
633|13|11|11|這是肉皮上的舊大痲瘋，祭司要定他為不潔淨，不用將他關鎖，因為他是不潔淨了。|zh
634|13|11|11|It is an old disease in the skin of his flesh, and the priest will say that he is unclean; he will not have to be shut up, for he is clearly unclean.|en
635|13|12|12|大痲瘋若在皮上四外發散，長滿了患災病人的皮，據祭司察看，從頭到腳無處不有，|zh
636|13|12|12|And if the disease comes out all over his skin, from his head to his feet, as far as the priest is able to see,|en
637|13|13|13|祭司就要察看，全身的肉若長滿了大痲瘋，就要定那患災病的為潔淨；全身都變為白，他乃潔淨了。|zh
638|13|13|13|And if the priest sees that all his flesh is covered with the leper's disease, the priest will say that he is clean: it is all turned white, he is clean.|en
639|13|14|14|但紅肉幾時顯在他的身上就幾時不潔淨。|zh
640|13|14|14|But whenever diseased flesh is seen on him, he will be unclean.|en
641|13|15|15|祭司一看那紅肉就定他為不潔淨。紅肉本是不潔淨，是大痲瘋。|zh
642|13|15|15|And when the priest sees the diseased flesh he will say that he is unclean; the diseased flesh is unclean, he is a leper.|en
643|13|16|16|紅肉若復原，又變白了，他就要來見祭司。|zh
644|13|16|16|Or if the diseased flesh is turned again and changed to white then he is to come to the priest,|en
645|13|17|17|祭司要察看，災病處若變白了，祭司就要定那患災病的為潔淨，他乃潔淨了。|zh
646|13|17|17|And the priest will see him: and if the place is turned white, then the priest will say that he is free from the disease.|en
647|13|18|18|人若在皮肉上長瘡，卻治好了，|zh
648|13|18|18|And if a bad place has come out on the skin and is well again,|en
649|13|19|19|在長瘡之處又起了白癤，或是白中帶紅的火斑，就要給祭司察看。|zh
650|13|19|19|And on the same place there is a white growth of a bright mark, red and white, then let the priest see it;|en
651|13|20|20|祭司要察看，若現象窪於皮，其上的毛也變白了，就要定他為不潔淨，是大痲瘋的災病發在瘡中。|zh
652|13|20|20|And after looking at it, if it seems to go deeper than the skin, and the hair on it is turned white, then the priest will say that the man is unclean: it is the leper's disease, it has come out in the bad place.|en
653|13|21|21|祭司若察看，其上沒有白毛，也沒有窪於皮，乃是發暗，就要將他關鎖七天。|zh
654|13|21|21|But if, after looking at it, he sees that there are no white hairs on it, and it is not deeper than the skin, and it is not very bright, then let the priest keep him shut up for seven days:|en
655|13|22|22|若在皮上發散開了，祭司就要定他為不潔淨，是災病。|zh
656|13|22|22|And if it is increasing on the skin, the priest will say that he is unclean: it is a disease.|en
657|13|23|23|火斑若在原處止住，沒有發散，便是瘡的痕跡，祭司就要定他為潔淨。|zh
658|13|23|23|But if the bright mark keeps in the same place and gets no greater, it is the mark of the old wound, and the priest will say that he is clean.|en
659|13|24|24|人的皮肉上若起了火毒，火毒的瘀肉成了火斑，或是白中帶紅的，或是全白的，|zh
660|13|24|24|Or if there is a burn on the skin of the flesh, and if the diseased flesh in the burn becomes a bright place, red and white or white,|en
661|13|25|25|祭司就要察看，火斑中的毛若變白了，現象又深於皮，是大痲瘋在火毒中發出，就要定他為不潔淨，是大痲瘋的災病。|zh
662|13|25|25|The priest is to see it: and if the hair on the bright place is turned white and it seems to go deeper than the skin, he is a leper: it has come out in the burn, and the priest will say that he is unclean: it is the leper's disease.|en
663|13|26|26|但是祭司察看，在火斑中若沒有白毛，也沒有窪於皮，乃是發暗，就要將他關鎖七天。|zh
664|13|26|26|But if, after looking at it, the priest sees that there is no white hair on the bright place, and it is not deeper than the skin, and is not very bright, then let the priest keep him shut up for seven days:|en
665|13|27|27|到第七天，祭司要察看他，火斑若在皮上發散開了，就要定他為不潔淨，是大痲瘋的災病。|zh
666|13|27|27|And the priest is to see him again on the seventh day; if it is increased in the skin, then the priest will say that he is unclean: it is the leper's disease.|en
667|13|28|28|火斑若在原處止住，沒有在皮上發散，乃是發暗，是起的火毒，祭司要定他為潔淨，不過是火毒的痕跡。|zh
668|13|28|28|And if the bright place keeps the same size and gets no greater on the skin, but is less bright, it is the effect of the burn, and the priest will say that he is clean: it is the mark of the burn.|en
669|13|29|29|無論男女，若在頭上有災病，或是男人鬍鬚上有災病，|zh
670|13|29|29|And when a man or a woman has a disease on the head, or in the hair of the chin,|en
671|13|30|30|祭司就要察看；這災病現象若深於皮，其間有細黃毛，就要定他為不潔淨，這是頭疥，是頭上或是鬍鬚上的大痲瘋。|zh
672|13|30|30|Then the priest is to see the diseased place: and if it seems to go deeper than the skin, and if there is thin yellow hair in it, then the priest will say that he is unclean: he has the mark of the leper's disease on his head or in the hair of his chin.|en
673|13|31|31|祭司若察看頭疥的災病，現象不深於皮，其間也沒有黑毛，就要將長頭疥災病的關鎖七天。|zh
674|13|31|31|And after looking at the diseased place, if it does not seem to go deeper than the skin, and there is no black hair in it, then the priest will have him shut up for seven days:|en
675|13|32|32|第七天，祭司要察看災病，若頭疥沒有發散，其間也沒有黃毛，頭疥的現象不深於皮，|zh
676|13|32|32|And on the seventh day the priest will see the place: and if it is not increased, and there is no yellow hair in it, and it does not seem to go deeper than the skin,|en
677|13|33|33|那人就要剃去鬚髮，但他不可剃頭疥之處。祭司要將那長頭疥的，再關鎖七天。|zh
678|13|33|33|Then his hair is to be cut off, but not on the diseased place, and he is to be shut up for seven days more:|en
679|13|34|34|第七天，祭司要察看頭疥，頭疥若沒有在皮上發散，現象也不深於皮，就要定他為潔淨，他要洗衣服，便成為潔淨。|zh
680|13|34|34|And on the seventh day the priest will see the place: and if it is not increased, and does not seem to go deeper than the skin, the priest will say that he is clean: and after his clothing has been washed he will be clean.|en
681|13|35|35|但他得潔淨以後，頭疥若在皮上發散開了，|zh
682|13|35|35|But if the disease in his skin becomes worse after he has been made clean,|en
683|13|36|36|祭司就要察看他。頭疥若在皮上發散，就不必找那黃毛，他是不潔淨了。|zh
684|13|36|36|Then the priest is to see him: and if the mark is increased, the priest, without looking for the yellow hair, will say that he is unclean.|en
685|13|37|37|祭司若看頭疥已經止住，其間也長了黑毛，頭疥已然痊愈，那人是潔淨了，就要定他為潔淨。|zh
686|13|37|37|But if, in his opinion, the growth is stopped, and black hair has come up on it, the disease has gone; he is clean and the priest will say that he is clean.|en
687|13|38|38|無論男女，皮肉上若起了火斑，就是白火斑，|zh
688|13|38|38|And if a man or a woman has bright marks on the skin of their flesh, that is, bright white marks,|en
689|13|39|39|祭司就要察看，他們肉皮上的火斑若白中帶黑，這是皮上發出的白癬，那人是潔淨了。|zh
690|13|39|39|Then the priest is to see them: and if the white marks on their skin are not very bright, it is a skin disease which has come out on the skin; he is clean.|en
691|13|40|40|人頭上的髮若掉了，他不過是頭禿，還是潔淨。|zh
692|13|40|40|And if a man's hair has come out and he has no hair, still he is clean.|en
693|13|41|41|他頂前若掉了頭髮，他不過是頂門禿，還是潔淨。|zh
694|13|41|41|And if the hair has gone from the front part of his head, so that he has no hair there, still he is clean.|en
695|13|42|42|頭禿處或是頂門禿處若有白中帶紅的災病，這就是大痲瘋發在他頭禿處或是頂門禿處，|zh
696|13|42|42|But if, on his head or on his brow, where he has no hair, there is a red and white place, it is the disease of the leper coming out on his head or on his brow.|en
697|13|43|43|祭司就要察看，他起的那災病若在頭禿處或是頂門禿處有白中帶紅的，像肉皮上大痲瘋的現象，|zh
698|13|43|43|Then if the priest sees that the growth of the disease has become red and white on his head or on his brow where there is no hair, like the mark in the skin of a leper;|en
699|13|44|44|那人就是長大痲瘋，不潔淨的，祭司總要定他為不潔淨，他的災病是在頭上。|zh
700|13|44|44|He is a leper and unclean; the priest is to say that he is most certainly unclean: the disease is in his head.|en
701|13|45|45|身上有長大痲瘋災病的，他的衣服要撕裂，也要蓬頭散髮，蒙著上唇，喊叫說：不潔淨了！不潔淨了！|zh
702|13|45|45|And the leper who has the disease on him is to go about with signs of grief, with his hair loose and his mouth covered, crying, Unclean, unclean.|en
703|13|46|46|災病在他身上的日子，他便是不潔淨；他既是不潔淨，就要獨居營外。|zh
704|13|46|46|While the disease is on him, he will be unclean. He is unclean: let him keep by himself, living outside the tent-circle.|en
705|13|47|47|染了大痲瘋災病的衣服，無論是羊毛衣服、是麻布衣服，|zh
706|13|47|47|And any clothing of wool or of linen in which is the mark of the disease;|en
707|13|48|48|無論是在經上、在緯上，是麻布的、是羊毛的，是在皮子上，或在皮子做的甚麼物件上，|zh
708|13|48|48|If it is in the threads of the linen or of the wool, or in leather, or in anything made of skin;|en
709|13|49|49|或在衣服上、皮子上，經上、緯上，或在皮子做的甚麼物件上，這災病若是發綠，或是發紅，是大痲瘋的災病，要給祭司察看。|zh
710|13|49|49|If there are red or green marks on the clothing, or on the leather, or in the threads of the cloth, or in anything made of skin, it is the leper's disease: let the priest see it.|en
711|13|50|50|祭司就要察看那災病，把染了災病的物件關鎖七天。|zh
712|13|50|50|And after it has been seen by the priest, the thing which is so marked is to be shut up for seven days:|en
713|13|51|51|第七天，他要察看那災病，災病或在衣服上，經上、緯上，皮子上，若發散，這皮子無論當作何用，這災病是蠶食的大痲瘋，都是不潔淨了。|zh
714|13|51|51|And he is to see the mark on the seventh day; if the mark is increased in the clothing, or in the threads of the material, or in the leather, whatever the leather is used for, it is the disease biting into it: it is unclean.|en
715|13|52|52|那染了災病的衣服，或是經上、緯上，羊毛上，麻衣上，或是皮子做的甚麼物件上，他都要焚燒；因為這是蠶食的大痲瘋，必在火中焚燒。|zh
716|13|52|52|And the clothing, or the wool or linen material, or anything of leather in which is the disease, is to be burned: for the disease is biting into it; let it be burned in the fire.|en
717|13|53|53|祭司要察看，若災病在衣服上，經上、緯上，或是皮子做的甚麼物件上，沒有發散，|zh
718|13|53|53|And if the priest sees that the mark is not increased in the clothing or in any part of the material or in the leather,|en
719|13|54|54|祭司就要吩咐他們，把染了災病的物件洗了，再關鎖七天。|zh
720|13|54|54|Then the priest will give orders for the thing on which the mark is, to be washed, and to be shut up for seven days more:|en
721|13|55|55|洗過以後，祭司要察看，那物件若沒有變色，災病也沒有消散，那物件就不潔淨，是透重的災病，無論正面反面，都要在火中焚燒。|zh
722|13|55|55|And if, after the mark has been washed, the priest sees that the colour of it is not changed and it is not increased, it is to be burned in the fire: the disease is working in it, though the damage may be inside or outside.|en
723|13|56|56|洗過以後，祭司要察看，若見那災病發暗，他就要把那災病從衣服上、皮子上、經上、緯上，都撕去。|zh
724|13|56|56|And if the priest sees that the mark is less bright after the washing, then let him have it cut out of the clothing or the leather or from the threads of the material:|en
725|13|57|57|若仍現在衣服上，或是經上、緯上、皮子做的甚麼物件上，這就是災病又發了、必用火焚燒那染災病的物件。|zh
726|13|57|57|And if the mark is still seen in the clothing or in the threads of the material or in the leather, it is the disease coming out: the thing in which the disease is will have to be burned with fire.|en
727|13|58|58|所洗的衣服，或是經，或是緯，或是皮子做的甚麼物件，若災病離開了，要再洗，就潔淨了。|zh
728|13|58|58|And the material of the clothing, or anything of skin, which has been washed, if the mark has gone out of it, let it be washed a second time and it will be clean.|en
729|13|59|59|這就是大痲瘋災病的條例，無論是在羊毛衣服上，麻布衣服上，經上、緯上，和皮子做的甚麼物件上，可以定為潔淨或是不潔淨。|zh
730|13|59|59|This is the law about the leper's disease in the thread of wool or linen material, in clothing or in anything of skin, saying how it is to be judged clean or unclean.|en
731|14|1|1|耶和華曉諭摩西說：|zh
732|14|1|1|And the Lord said to Moses,|en
733|14|2|2|長大痲瘋得潔淨的日子，其例乃是這樣：要帶他去見祭司；|zh
734|14|2|2|This is the law of the leper on the day when he is made clean: he is to be taken to the priest;|en
735|14|3|3|祭司要出到營外察看，若見他的大痲瘋痊愈了|zh
736|14|3|3|And the priest is to go outside the tent-circle; and if, after looking, the priest sees that the mark of the disease has gone from him,|en
737|14|4|4|就要吩咐人為那求潔淨的拿兩隻潔淨的活鳥和香柏木、朱紅色線，並牛膝草來。|zh
738|14|4|4|Then the priest is to give orders to take, for him who is to be made clean, two living clean birds and some cedar wood and red thread and hyssop.|en
739|14|5|5|祭司要吩咐用瓦器盛活水，把一隻鳥宰在上面。|zh
740|14|5|5|And the priest will give orders for one of the birds to be put to death in a vessel made of earth, over flowing water.|en
741|14|6|6|至於那隻活鳥，祭司要把他和香柏木、朱紅色線並牛膝草一同蘸於宰在活水上的鳥血中，|zh
742|14|6|6|And he will take the living bird and the wood and the red thread and the hyssop and put them in the blood of the bird which was put to death over flowing water.|en
743|14|7|7|用以在那長大痲瘋求潔淨的人身上灑七次，就定他為潔淨，又把活鳥放在田野裡。|zh
744|14|7|7|And shaking it seven times over the man who is to be made clean, he will say that he is clean and will let the living bird go free into the open country.|en
745|14|8|8|求潔淨的人當洗衣服，剃去毛髮，用水洗澡，就潔淨了；然後可以進營，只是要在自己的帳棚外居住七天。|zh
746|14|8|8|And he who is to be made clean will have his clothing washed and his hair cut and have a bath, and he will be clean. And after that he will come back to the tent-circle; but he is to keep outside his tent for seven days.|en
747|14|9|9|第七天，再把頭上所有的頭髮與鬍鬚、眉毛，並全身的毛，都剃了；又要洗衣服，用水洗身，就潔淨了。|zh
748|14|9|9|And on the seventh day he is to have all the hair cut off his head and his chin and over his eyes--all his hair is to be cut off--and he will have his clothing washed and his body bathed in water and he will be clean.|en
749|14|10|10|第八天，他要取兩隻沒有殘疾的公羊羔和一隻沒有殘疾、一歲的母羊羔，又要把調油的細麵伊法十分之三為素祭，並油一羅革，一同取來。|zh
750|14|10|10|And on the eighth day let him take two male lambs, without any marks on them, and one female lamb of the first year, without a mark, and three tenth parts of an ephah of the best meal, mixed with oil, and one log of oil.|en
751|14|11|11|行潔淨之禮的祭司要將那求潔淨的人和這些東西安置在會幕門口、耶和華面前。|zh
752|14|11|11|And the priest who is making him clean will put the man who is being made clean, together with these things, before the door of the Tent of meeting.|en
753|14|12|12|祭司要取一隻公羊羔獻為贖愆祭，和那一羅革油一同作搖祭，在耶和華面前搖一搖；|zh
754|14|12|12|And the priest is to take one of the male lambs and give it as an offering for wrongdoing, and the log of oil, waving them for a wave offering before the Lord;|en
755|14|13|13|把公羊羔宰於聖地，就是宰贖罪祭牲和燔祭牲之地。贖愆祭要歸祭司，與贖罪祭一樣，是至聖的。|zh
756|14|13|13|And he is to put the male lamb to death in the place where they put to death the sin-offering and the burned offering, in the holy place; for as the sin-offering is the property of the priest, so is the offering for wrongdoing: it is most holy.|en
757|14|14|14|祭司要取些贖愆祭牲的血，抹在求潔淨人的右耳垂上和右手的大拇指上，並右腳的大拇指上。|zh
758|14|14|14|And let the priest take some of the blood of the offering for wrongdoing and put it on the point of the right ear of him who is to be made clean, and on the thumb of his right hand and on the great toe of his right foot;|en
759|14|15|15|祭司要從那一羅革油中取些倒在自己的左手掌裡，|zh
760|14|15|15|And take some of the oil and put it in the hollow of his left hand;|en
761|14|16|16|把右手的一個指頭蘸在左手的油裡，在耶和華面前用指頭彈七次。|zh
762|14|16|16|And let the priest put his right finger in the oil which is in his left hand, shaking it out with his finger seven times before the Lord;|en
763|14|17|17|將手裡所剩的油抹在那求潔淨人的右耳垂上和右手的大拇指上，並右腳的大拇指上，就是抹在贖愆祭牲的血上。|zh
764|14|17|17|And of the rest of the oil which is in his hand, the priest will put some on the point of the right ear of the man who is to be made clean, and on the thumb of his right hand and on the great toe of his right foot, over the blood of the offering for wrongdoing;|en
765|14|18|18|祭司手裡所剩的油要抹在那求潔淨人的頭上，在耶和華面前為他贖罪。|zh
766|14|18|18|And the rest of the oil in the priest's hand he will put on the head of him who is to be made clean; and so the priest will make him free from sin before the Lord.|en
767|14|19|19|祭司要獻贖罪祭，為那本不潔淨、求潔淨的人贖罪；然後要宰燔祭牲，|zh
768|14|19|19|And the priest will give the sin-offering, and take away the sin of him who is to be made clean from his unclean condition; and after that he will put the burned offering to death.|en
769|14|20|20|把燔祭和素祭獻在壇上，為他贖罪，他就潔淨了。|zh
770|14|20|20|And the priest is to have the burned offering and the meal offering burned on the altar; and the priest will take away his sin and he will be clean.|en
771|14|21|21|他若貧窮不能預備夠數，就要取一隻公羊羔作贖愆祭，可以搖一搖，為他贖罪；也要把調油的細麵伊法十分之一為素祭，和油一羅革一同取來；|zh
772|14|21|21|And if he is poor and not able to get so much, then he may take one male lamb as an offering for wrongdoing, to be waved to take away his sin, and one tenth part of an ephah of the best meal mixed with oil for a meal offering, and a log of oil;|en
773|14|22|22|又照他的力量取兩隻斑鳩或是兩隻雛鴿，一隻作贖罪祭，一隻作燔祭。|zh
774|14|22|22|And two doves or two young pigeons, such as he is able to get; and one will be for a sin-offering and the other for a burned offering.|en
775|14|23|23|第八天，要為潔淨，把這些帶到會幕門口、耶和華面前，交給祭司。|zh
776|14|23|23|And on the eighth day he will take them to the priest, to the door of the Tent of meeting before the Lord, so that he may be made clean.|en
777|14|24|24|祭司要把贖愆祭的羊羔和那一羅革油一同作搖祭，在耶和華面前搖一搖。|zh
778|14|24|24|And the priest will take the lamb of the offering for wrongdoing and the oil, waving them for a wave offering before the Lord;|en
779|14|25|25|要宰了贖愆祭的羊羔，取些贖愆祭牲的血，抹在那求潔淨人的右耳垂上和右手的大拇指上，並右腳的大拇指上。|zh
780|14|25|25|And he will put to death the lamb of the offering for wrongdoing and the priest will take some of the blood of the offering for wrongdoing and put it on the point of the right ear of him who is to be made clean, and on the thumb of his right hand and on the great toe of his right foot;|en
781|14|26|26|祭司要把些油倒在自己的左手掌裡，|zh
782|14|26|26|And the priest will put out some of the oil in the hollow of his left hand,|en
783|14|27|27|把左手裡的油，在耶和華面前，用右手的一個指頭彈七次，|zh
784|14|27|27|Shaking out drops of oil with his right finger before the Lord seven times:|en
785|14|28|28|又把手裡的油抹些在那求潔淨人的右耳垂上和右手的大拇指上，並右腳的大拇指上，就是抹贖愆祭之血的原處。|zh
786|14|28|28|And the priest will put some of the oil which is in his hand on the point of the ear of the man who is to be made clean and on the thumb of his right hand and on the great toe of his right foot, on the place where the blood of the offering for wrongdoing was put;|en
787|14|29|29|祭司手裡所剩的油要抹在那求潔淨人的頭上，在耶和華面前為他贖罪。|zh
788|14|29|29|And the rest of the oil which is in the priest's hand he will put on the head of him who is to be made clean, to take away his sin before the Lord.|en
789|14|30|30|那人又要照他的力量獻上一隻斑鳩或是一隻雛鴿，|zh
790|14|30|30|And he will make an offering of one of the doves or the young pigeons, such as he is able to get;|en
791|14|31|31|就是他所能辦的，一隻為贖罪祭，一隻為燔祭，與素祭一同獻上；祭司要在耶和華面前為他贖罪。|zh
792|14|31|31|And of these, he will give one for a sin-offering and one for a burned offering, with the meal offering; and the priest will take away the sin of him who is to be made clean before the Lord.|en
793|14|32|32|這是那有大痲瘋災病的人、不能將關乎得潔淨之物預備夠數的條例。|zh
794|14|32|32|This is the law for the man who has the disease of the leper on him, and who is not able to get that which is necessary for making himself clean.|en
795|14|33|33|耶和華曉諭摩西、亞倫說：|zh
796|14|33|33|And the Lord said to Moses and Aaron,|en
797|14|34|34|你們到了我賜給你們為業的迦南地，我若使你們所得為業之地的房屋中有大痲瘋的災病，|zh
798|14|34|34|When you have come into the land of Canaan which I will give you for your heritage, if I put the leper's disease on a house in the land of your heritage,|en
799|14|35|35|房主就要去告訴祭司說：據我看，房屋中似乎有災病。|zh
800|14|35|35|Then let the owner of the house come and say to the priest, It seems to me that there is a sort of leper's disease in the house.|en
801|14|36|36|祭司還沒有進去察看災病以前，就要吩咐人把房子騰空，免得房子裡所有的都成了不潔淨；然後祭司要進去察看房子。|zh
802|14|36|36|And the priest will give orders for everything to be taken out of the house, before he goes in to see the disease, so that the things in the house may not become unclean; and then the priest is to go in to see the house;|en
803|14|37|37|他要察看那災病，災病若在房子的牆上有發綠或發紅的凹斑紋，現象窪於牆，|zh
804|14|37|37|And if he sees that the walls of the house are marked with hollows of green and red, and if it seems to go deeper than the face of the wall;|en
805|14|38|38|祭司就要出到房門外，把房子封鎖七天。|zh
806|14|38|38|Then the priest will go out of the door of the house, and keep the house shut up for seven days:|en
807|14|39|39|第七天，祭司要再去察看，災病若在房子的牆上發散，|zh
808|14|39|39|And the priest is to come again on the seventh day and have a look and see if the marks on the walls of the house are increased in size;|en
809|14|40|40|就要吩咐人把那有災病的石頭挖出來，扔在城外不潔淨之處；|zh
810|14|40|40|Then the priest will give orders to them to take out the stones in which the disease is seen, and put them out into an unclean place outside the town:|en
811|14|41|41|也要叫人刮房內的四圍，所刮掉的灰泥要倒在城外不潔淨之處；|zh
812|14|41|41|And he will have the house rubbed all over inside, and the paste which is rubbed off will be put out into an unclean place outside the town:|en
813|14|42|42|又要用別的石頭代替那挖出來的石頭，要另用灰泥墁房子。|zh
814|14|42|42|And they will take other stones and put them in place of those stones, and he will take other paste and put it on the walls of the house.|en
815|14|43|43|他挖出石頭，刮了房子，墁了以後，災病若在房子裡又發現，|zh
816|14|43|43|And if the disease comes out again in the house after he has taken out the stones and after the walls have been rubbed and the new paste put on,|en
817|14|44|44|祭司就要進去察看，災病若在房子裡發散，這就是房內蠶食的大痲瘋，是不潔淨。|zh
818|14|44|44|Then the priest will come and see it; and if the disease in the house is increased in size, it is the leper's disease working out in the house: it is unclean.|en
819|14|45|45|他就要拆毀房子，把石頭、木頭、灰泥都搬到城外不潔淨之處。|zh
820|14|45|45|And the house will have to be pulled down, the stones of it and the wood and the paste; and everything is to be taken out to an unclean place outside the town.|en
821|14|46|46|在房子封鎖的時候，進去的人必不潔淨到晚上；|zh
822|14|46|46|And, in addition, anyone who goes into the house at any time, while it is shut up, will be unclean till evening.|en
823|14|47|47|在房子裡躺著的必洗衣服；在房子裡吃飯的也必洗衣服。|zh
824|14|47|47|And anyone who has been sleeping in the house will have to have his clothing washed; and anyone who takes food in that house will have to have his clothing washed.|en
825|14|48|48|房子墁了以後，祭司若進去察看，見災病在房內沒有發散，就要定房子為潔淨，因為災病已經消除。|zh
826|14|48|48|And if the priest comes in, and sees that the disease is not increased after the new paste has been put on the house, then the priest will say that the house is clean, because the disease is gone.|en
827|14|49|49|要為潔淨房子取兩隻鳥和香柏木、朱紅色線並牛膝草，|zh
828|14|49|49|And in order to make the house clean, let him take two birds and cedar-wood and red thread and hyssop;|en
829|14|50|50|用瓦器盛活水，把一隻鳥宰在上面，|zh
830|14|50|50|And put one of the birds to death in a vessel of earth over flowing water;|en
831|14|51|51|把香柏木、牛膝草、朱紅色線，並那活鳥，都蘸在被宰的鳥血中與活水中，用以灑房子七次。|zh
832|14|51|51|And take the cedar-wood and the hyssop and the red thread and the living bird and put them in the blood of the dead bird and in the flowing water, shaking it over the house seven times.|en
833|14|52|52|要用鳥血、活水、活鳥、香柏木、牛膝草，並朱紅色線，潔淨那房子。|zh
834|14|52|52|And he will make the house clean with the blood of the bird and the flowing water and with the living bird and with the cedar-wood and the hyssop and the red thread.|en
835|14|53|53|但要把活鳥放在城外田野裡。這樣潔淨房子（原文是為房子贖罪），房子就潔淨了。|zh
836|14|53|53|But he will let the living bird go out of the town into the open country; so he will take away sin from the house and it will be clean.|en
837|14|54|54|這是為各類大痲瘋的災病和頭疥，|zh
838|14|54|54|This is the law for all signs of the leper's disease and for skin diseases;|en
839|14|55|55|並衣服與房子的大痲瘋，|zh
840|14|55|55|And for signs of disease in clothing, or in a house;|en
841|14|56|56|以及癤子、癬、火斑所立的條例，|zh
842|14|56|56|And for a growth or a bad place or a bright mark on the skin;|en
843|14|57|57|指明何時為潔淨，何時為不潔淨。這是大痲瘋的條例。|zh
844|14|57|57|To make clear when it is unclean and when it is clean: this is the law about the disease of the leper.|en
845|15|1|1|耶和華對摩西、亞倫說：|zh
846|15|1|1|And the Lord said to Moses and to Aaron,|en
847|15|2|2|你們曉諭以色列人說：人若身患漏症，他因這漏症就不潔淨了。|zh
848|15|2|2|Say to the children of Israel: If a man has an unclean flow from his flesh, it will make him unclean.|en
849|15|3|3|他患漏症，無論是下流的，是止住的，都是不潔淨。|zh
850|15|3|3|If the flow goes on or if the part is stopped up, to keep back the flow, he is still unclean.|en
851|15|4|4|他所躺的床都為不潔淨，所坐的物也為不潔淨。|zh
852|15|4|4|Every bed on which he has been resting will be unclean, and everything on which he has been seated will be unclean.|en
853|15|5|5|凡摸那床的，必不潔淨到晚上，並要洗衣服，用水洗澡。|zh
854|15|5|5|And anyone touching his bed is to have his clothing washed and his body bathed in water and be unclean till evening.|en
855|15|6|6|那坐患漏症人所坐之物的，必不潔淨到晚上，並要洗衣服，用水洗澡。|zh
856|15|6|6|And he who has been seated on anything on which the unclean man has been seated is to have his clothing washed and his body bathed in water and be unclean till evening.|en
857|15|7|7|那摸患漏症人身體的，必不潔淨到晚上，並要洗衣服，用水洗澡。|zh
858|15|7|7|And anyone touching the flesh of the unclean man is to have his clothing washed and his body bathed in water and be unclean till evening.|en
859|15|8|8|若患漏症人吐在潔淨的人身上，那人必不潔淨到晚上，並要洗衣服，用水洗澡。|zh
860|15|8|8|And if liquid from the mouth of the unclean man comes on to him who is clean, then he is to have his clothing washed and his body bathed in water and be unclean till evening.|en
861|15|9|9|患漏症人所騎的鞍子也為不潔淨。|zh
862|15|9|9|And any leather seat on a horse on which the unclean man has been seated will be unclean.|en
863|15|10|10|凡摸了他身下之物的，必不潔淨到晚上；拿了那物的，必不潔淨到晚上，並要洗衣服，用水洗澡。|zh
864|15|10|10|And anyone touching anything which was under him will be unclean till the evening; anyone taking up any of these things is to have his clothing washed and his body bathed in water and be unclean till evening.|en
865|15|11|11|患漏症的人沒有用水涮手，無論摸了誰，誰必不潔淨到晚上，並要洗衣服，用水洗澡。|zh
866|15|11|11|And anyone on whom the unclean man puts his hands, without washing them in water, is to have his clothing washed and his body bathed in water and be unclean till evening.|en
867|15|12|12|患漏症人所摸的瓦器就必打破；所摸的一切木器也必用水涮洗。|zh
868|15|12|12|And any vessel of earth which has been touched by the unclean man will have to be broken and any vessel of wood washed.|en
869|15|13|13|患漏症的人痊愈了，就要為潔淨自己計算七天，也必洗衣服，用活水洗身，就潔淨了。|zh
870|15|13|13|And when a man who has a flow from his body is made clean from it, he is to take seven days to make himself clean, washing his clothing and bathing his body in flowing water, and then he will be clean.|en
871|15|14|14|第八天，要取兩隻斑鳩或是兩隻雛鴿，來到會幕門口、耶和華面前，把鳥交給祭司。|zh
872|15|14|14|And on the eighth day he is to take two doves or two young pigeons and come before the Lord to the door of the Tent of meeting and give them to the priest:|en
873|15|15|15|祭司要獻上一隻為贖罪祭，一隻為燔祭；因那人患的漏症，祭司要在耶和華面前為他贖罪。|zh
874|15|15|15|And they are to be offered by the priest, one for a sin-offering and one for a burned offering, and the priest will take away his sin before the Lord on account of his flow.|en
875|15|16|16|人若夢遺，他必不潔淨到晚上，並要用水洗全身。|zh
876|15|16|16|And if a man's seed goes out from him, then all his body will have to be bathed in water and he will be unclean till evening.|en
877|15|17|17|無論是衣服是皮子，被精所染，必不潔淨到晚上，並要用水洗。|zh
878|15|17|17|And any clothing or skin on which the seed comes is to be washed with water and be unclean till evening.|en
879|15|18|18|若男女交合，兩個人必不潔淨到晚上，並要用水洗澡。|zh
880|15|18|18|And if a man has sex relations with a woman and his seed goes out from him, the two of them will have to be bathed in water and will be unclean till evening.|en
881|15|19|19|女人行經，必污穢七天；凡摸他的，必不潔淨到晚上。|zh
882|15|19|19|And if a woman has a flow of blood from her body, she will have to be kept separate for seven days, and anyone touching her will be unclean till evening.|en
883|15|20|20|女人在污穢之中，凡他所躺的物件都為不潔淨，所坐的物件也都不潔淨。|zh
884|15|20|20|And everything on which she has been resting, while she is kept separate, will be unclean, and everything on which she has been seated will be unclean.|en
885|15|21|21|凡摸他床的，必不潔淨到晚上，並要洗衣服，用水洗澡。|zh
886|15|21|21|And anyone touching her bed will have to have his clothing washed and his body bathed in water and be unclean till evening.|en
887|15|22|22|凡摸他所坐甚麼物件的，必不潔淨到晚上，並要洗衣服，用水洗澡。|zh
888|15|22|22|And anyone touching anything on which she has been seated will have to have his clothing washed and his body bathed in water and be unclean till evening.|en
889|15|23|23|在女人的床上，或在他坐的物上，若有別的物件，人一摸了，必不潔淨到晚上。|zh
890|15|23|23|Anyone touching anything on the bed or on the thing on which she has been seated, will be unclean till evening.|en
891|15|24|24|男人若與那女人同房，染了他的污穢，就要七天不潔淨；所躺的床也為不潔淨。|zh
892|15|24|24|And if any man has sex relations with her so that her blood comes on him, he will be unclean for seven days and every bed on which he has been resting will be unclean.|en
893|15|25|25|女人若在經期以外患多日的血漏，或是經期過長，有了漏症，他就因這漏症不潔淨，與他在經期不潔淨一樣。|zh
894|15|25|25|And if a woman has a flow of blood for a long time, not at the time when she generally has it, or if the flow goes on longer than the normal time, she will be unclean while the flow of blood goes on, as she is at other normal times.|en
895|15|26|26|他在患漏症的日子所躺的床、所坐的物都要看為不潔淨，與他月經的時候一樣。|zh
896|15|26|26|Every bed on which she has been resting will be unclean, as at the times when she normally has a flow of blood, and everything on which she has been seated will be unclean, in the same way.|en
897|15|27|27|凡摸這些物件的，就為不潔淨，必不潔淨到晚上，並要洗衣服，用水洗澡。|zh
898|15|27|27|And anyone touching these things will be unclean, and his clothing will have to be washed and his body bathed in water and he will be unclean till evening.|en
899|15|28|28|女人的漏症若好了，就要計算七天，然後才為潔淨。|zh
900|15|28|28|But when her flow of blood is stopped, after seven days she will be clean.|en
901|15|29|29|第八天，要取兩隻斑鳩或是兩隻雛鴿，帶到會幕門口給祭司。|zh
902|15|29|29|And on the eighth day let her get two doves or two young pigeons and take them to the priest to the door of the Tent of meeting,|en
903|15|30|30|祭司要獻一隻為贖罪祭，一隻為燔祭；因那人血漏不潔，祭司要在耶和華面前為他贖罪。|zh
904|15|30|30|To be offered by the priest, one for a sin-offering and one for a burned offering; and the priest will take away her sin before the Lord on account of her unclean condition.|en
905|15|31|31|你們要這樣使以色列人與他們的污穢隔絕，免得他們玷污我的帳幕，就因自己的污穢死亡。|zh
906|15|31|31|In this way may the children of Israel be made free from all sorts of unclean conditions, so that death may not overtake them when they are unclean and when they make unclean my holy place which is among them.|en
907|15|32|32|這是患漏症和夢遺而不潔淨的，|zh
908|15|32|32|This is the law for the man who has a flow from his body, or whose seed goes from him so that he is unclean;|en
909|15|33|33|並有月經病的和患漏症的，無論男女，並人與不潔淨女人同房的條例。|zh
910|15|33|33|And for her who has a flow of blood, and for any man or woman who has an unclean flow, and for him who has sex relations with a woman when she is unclean.|en
911|16|1|1|亞倫的兩個兒子近到耶和華面前死了。死了之後，耶和華曉諭摩西說：|zh
912|16|1|1|And the Lord said to Moses, after the death of the two sons of Aaron when they took in strange fire before the Lord and death overtook them;|en
913|16|2|2|要告訴你哥哥亞倫，不可隨時進聖所的幔子內、到櫃上的施恩座前，免得他死亡，因為我要從雲中顯現在施恩座上。|zh
914|16|2|2|The Lord said to Moses, Say to Aaron, your brother, that he may not come at all times into the holy place inside the veil, before the cover which is on the ark, for fear that death may overtake him; for I will be seen in the cloud on the cover of the ark.|en
915|16|3|3|亞倫進聖所，要帶一隻公牛犢為贖罪祭，一隻公綿羊為燔祭。|zh
916|16|3|3|Let Aaron come into the holy place in this way: with an ox for a sin-offering and a male sheep for a burned offering.|en
917|16|4|4|要穿上細麻布聖內袍，把細麻布褲子穿在身上，腰束細麻布帶子，頭戴細麻布冠冕；這都是聖服。他要用水洗身，然後穿戴。|zh
918|16|4|4|Let him put on the holy linen coat, and the linen trousers on his body, and the linen band round him, and the linen head-dress on his head; for this is holy clothing, and before he puts them on his body is to be washed with water.|en
919|16|5|5|要從以色列會眾取兩隻公山羊為贖罪祭，一隻公綿羊為燔祭。|zh
920|16|5|5|And let him take from the children of Israel two he-goats for a sin-offering and one male sheep for a burned offering.|en
921|16|6|6|亞倫要把贖罪祭的公牛奉上，為自己和本家贖罪；|zh
922|16|6|6|And Aaron is to give the ox of the sin-offering for himself, to make himself and his house free from sin.|en
923|16|7|7|也要把兩隻公山羊安置在會幕門口、耶和華面前，|zh
924|16|7|7|And he is to take the two goats and put them before the Lord at the door of the Tent of meeting.|en
925|16|8|8|為那兩隻羊拈鬮，一鬮歸與耶和華，一鬮歸與阿撒瀉勒。|zh
926|16|8|8|And Aaron will make selection from the two goats by the decision of the Lord, one goat for the Lord and one for Azazel.|en
927|16|9|9|亞倫要把那拈鬮歸與耶和華的羊獻為贖罪祭，|zh
928|16|9|9|And the goat which is marked out for the Lord, let Aaron give for a sin-offering.|en
929|16|10|10|但那拈鬮歸與阿撒瀉勒的羊要活著安置在耶和華面前，用以贖罪，打發人送到曠野去，歸與阿撒瀉勒。|zh
930|16|10|10|But the goat for Azazel is to be placed living before the Lord, for the taking away of sin, that it may be sent away for Azazel into the waste land.|en
931|16|11|11|亞倫要把贖罪祭的公牛帶來宰了，為自己和本家贖罪；|zh
932|16|11|11|And Aaron is to give the ox of the sin-offering for himself and take away sin from himself and his house, and put to death the ox of the sin-offering which is for himself.|en
933|16|12|12|拿香爐，從耶和華面前的壇上盛滿火炭，又拿一捧搗細的香料，都帶入幔子內，|zh
934|16|12|12|And he is to take a vessel full of burning coal from the altar before the Lord and in his hand some sweet perfume crushed small, and take it inside the veil;|en
935|16|13|13|在耶和華面前，把香放在火上，使香的煙雲遮掩法櫃上的施恩座，免得他死亡；|zh
936|16|13|13|And let him put the perfume on the fire before the Lord so that the ark may be covered with a cloud of the smoke of the perfume, in order that death may not overtake him.|en
937|16|14|14|也要取些公牛的血，用指頭彈在施恩座的東面，又在施恩座的前面彈血七次。|zh
938|16|14|14|And let him take some of the blood of the ox, shaking drops of it from his finger on the cover of the ark on the east side, and before it, seven times.|en
939|16|15|15|隨後他要宰那為百姓作贖罪祭的公山羊，把羊的血帶入幔子內，彈在施恩座的上面和前面，好像彈公牛的血一樣。|zh
940|16|15|15|Then let him put to death the goat of the sin-offering for the people, and take its blood inside the veil and do with it as he did with the blood of the ox, shaking drops of it on and before the cover of the ark.|en
941|16|16|16|他因以色列人諸般的污穢、過犯，就是他們一切的罪愆，當這樣在聖所行贖罪之禮，並因會幕在他們污穢之中，也要照樣而行。|zh
942|16|16|16|And let him make the holy place free from whatever is unclean among the children of Israel and from their wrongdoing in all their sins; and let him do the same for the Tent of meeting, which has its place among an unclean people.|en
943|16|17|17|他進聖所贖罪的時候，會幕裡不可有人，直等到他為自己和本家並以色列全會眾贖了罪出來。|zh
944|16|17|17|And no man may be in the Tent of meeting from the time when Aaron goes in to take away sin in the holy place till he comes out, having made himself and his house and all the people of Israel free from sin.|en
945|16|18|18|他出來，要到耶和華面前的壇那裡，在壇上行贖罪之禮，又要取些公牛的血和公山羊的血，抹在壇上四角的周圍；|zh
946|16|18|18|And he is to go out to the altar which is before the Lord and make it free from sin; and he is to take some of the blood of the ox and the blood of the goat and put it on the horns of the altar and round it;|en
947|16|19|19|也要用指頭把血彈在壇上七次，潔淨了壇，從壇上除掉以色列人諸般的污穢，使壇成聖。|zh
948|16|19|19|Shaking drops of the blood from his finger on it seven times to make it holy and clean from whatever is unclean among the children of Israel.|en
949|16|20|20|亞倫為聖所和會幕並壇獻完了贖罪祭，就要把那隻活著的公山羊奉上。|zh
950|16|20|20|And when he has done whatever is necessary to make the holy place and the Tent of meeting and the altar free from sin, let him put the living goat before the Lord;|en
951|16|21|21|兩手按在羊頭上，承認以色列人諸般的罪孽過犯，就是他們一切的罪愆，把這罪都歸在羊的頭上，藉著所派之人的手，送到曠野去。|zh
952|16|21|21|And Aaron, placing his two hands on the head of the living goat, will make a public statement over him of all the evil doings of the children of Israel and all their wrongdoing, in all their sins; and he will put them on the head of the goat and send him away, in the care of a man who will be waiting there, into the waste land.|en
953|16|22|22|要把這羊放在曠野，這羊要擔當他們一切的罪孽，帶到無人之地。|zh
954|16|22|22|And the goat will take all their sins into a land cut off from men, and he will send the goat away into the waste land.|en
955|16|23|23|亞倫要進會幕，把他進聖所時所穿的細麻布衣服脫下，放在那裡，|zh
956|16|23|23|Then let Aaron come into the Tent of meeting and take off the linen clothing which he put on when he went into the holy place, and put them down there;|en
957|16|24|24|又要在聖處用水洗身，穿上衣服，出來，把自己的燔祭和百姓的燔祭獻上，為自己和百姓贖罪。|zh
958|16|24|24|And after bathing his body in water in a holy place, he is to put on his clothing and come out and give his burned offering and the burned offering of the people, to take away his sin and the sin of the people.|en
959|16|25|25|贖罪祭牲的脂油要在壇上焚燒。|zh
960|16|25|25|And the fat of the sin-offering is to be burned by him on the altar.|en
961|16|26|26|那放羊歸與阿撒瀉勒的人要洗衣服，用水洗身，然後進營。|zh
962|16|26|26|And the man who takes away the goat for Azazel is to have his clothing washed and his body bathed in water and then he may come back to the tent-circle.|en
963|16|27|27|作贖罪祭的公牛和公山羊的血既帶入聖所贖罪，這牛羊就要搬到營外，將皮、肉、糞用火焚燒。|zh
964|16|27|27|And the ox of the sin-offering and the goat of the sin-offering, whose blood was taken in to make the holy place free from sin, are to be taken away outside the tent-circle and their skins and their flesh and their waste are to be burned with fire.|en
965|16|28|28|焚燒的人要洗衣服，用水洗身，然後進營。|zh
966|16|28|28|And the man by whom they are burned is to have his clothing washed and his body bathed in water, and then he may come back to the tent-circle.|en
967|16|29|29|每逢七月初十日，你們要刻苦己心，無論是本地人，是寄居在你們中間的外人，甚麼工都不可做；這要作你們永遠的定例。|zh
968|16|29|29|And let this be an order to you for ever: in the seventh month, on the tenth day, you are to keep yourselves from pleasure and do no sort of work, those who are Israelites by birth and those from other lands who are living among you:|en
969|16|30|30|因在這日要為你們贖罪，使你們潔淨。你們要在耶和華面前得以潔淨，脫盡一切的罪愆。|zh
970|16|30|30|For on this day your sin will be taken away and you will be clean: you will be made free from all your sins before the Lord.|en
971|16|31|31|這日你們要守為聖安息日，要刻苦己心；這為永遠的定例。|zh
972|16|31|31|It is a special Sabbath for you, and you are to keep yourselves from pleasure; it is an order for ever.|en
973|16|32|32|那受膏、接續他父親承接聖職的祭司要穿上細麻布的聖衣，行贖罪之禮。|zh
974|16|32|32|And the man on whose head the holy oil has been put, and who has been marked out to be a priest in his father's place, will do what is necessary to take away sin, and will put on the linen clothing, even the holy robes:|en
975|16|33|33|他要在至聖所和會幕與壇行贖罪之禮，並要為眾祭司和會眾的百姓贖罪。|zh
976|16|33|33|And he will make the holy place and the Tent of meeting and the altar free from sin; he will take away sin from the priests and from all the people.|en
977|16|34|34|這要作你們永遠的定例─就是因以色列人一切的罪，要一年一次為他們贖罪。於是，亞倫照耶和華所吩咐摩西的行了。|zh
978|16|34|34|And let this be an order for ever for you, so that the sin of the children of Israel may be taken away once every year. And he did as the Lord gave orders to Moses.|en
979|17|1|1|耶和華對摩西說：|zh
980|17|1|1|And the Lord said to Moses,|en
981|17|2|2|你曉諭亞倫和他兒子並以色列眾人說，耶和華所吩咐的乃是這樣：|zh
982|17|2|2|Say to Aaron and to his sons and to all the children of Israel: This is the order which the Lord has given.|en
983|17|3|3|凡以色列家中的人宰公牛，或是綿羊羔，或是山羊，不拘宰於營內營外，|zh
984|17|3|3|If any man of Israel puts to death an ox or a lamb or a goat, in or outside the tent-circle;|en
985|17|4|4|若未曾牽到會幕門口、耶和華的帳幕前獻給耶和華為供物，流血的罪必歸到那人身上。他流了血，要從民中剪除。|zh
986|17|4|4|And has not taken it to the door of the Tent of meeting, to make an offering to the Lord, before the Lord's House, its blood will be on him, for he has taken life, and he will be cut off from among his people:|en
987|17|5|5|這是為要使以色列人把他們在田野裡所獻的祭帶到會幕門口、耶和華面前，交給祭司，獻與耶和華為平安祭。|zh
988|17|5|5|So that the children of Israel may take to the Lord, to the door of the Tent of meeting and to the priest, the offerings which they have put to death in the open country, and that they may make their peace-offerings to the Lord.|en
989|17|6|6|祭司要把血灑在會幕門口、耶和華的壇上，把脂油焚燒，獻給耶和華為馨香的祭。|zh
990|17|6|6|And the priest will put blood on the altar of the Lord at the door of the Tent of meeting, burning the fat for a sweet smell to the Lord.|en
991|17|7|7|他們不可再獻祭給他們行邪淫所隨從的鬼魔（原文作公山羊）；這要作他們世世代代永遠的定例。|zh
992|17|7|7|And let them make no more offerings to evil spirits, after which they have gone, turning away from the Lord. Let this be a law to them for ever, through all their generations.|en
993|17|8|8|你要曉諭他們說：凡以色列家中的人，或是寄居在他們中間的外人，獻燔祭或是平安祭，|zh
994|17|8|8|And say to them, If any man of Israel, or any other living among them, makes a burned offering or other offering,|en
995|17|9|9|若不帶到會幕門口獻給耶和華，那人必從民中剪除。|zh
996|17|9|9|And does not take it to the door of the Tent of meeting to make an offering to the Lord, that man will be cut off from among his people.|en
997|17|10|10|凡以色列家中的人，或是寄居在他們中間的外人，若吃甚麼血，我必向那吃血的人變臉，把他從民中剪除。|zh
998|17|10|10|And if any man of Israel, or any other living among them, takes any sort of blood for food, my wrath will be turned against that man and he will be cut off from among his people.|en
999|17|11|11|因為活物的生命是在血中。我把這血賜給你們，可以在壇上為你們的生命贖罪；因血裡有生命，所以能贖罪。|zh
1000|17|11|11|For the life of the flesh is in its blood; and I have given it to you on the altar to take away your sin: for it is the blood which makes free from sin because of the life in it.|en
1001|17|12|12|因此，我對以色列人說：你們都不可吃血；寄居在你們中間的外人也不可吃血。|zh
1002|17|12|12|For this reason I have said to the children of Israel, No man among you, or any others living with you, may take blood as food.|en
1003|17|13|13|凡以色列人，或是寄居在他們中間的外人，若打獵得了可吃的禽獸，必放出他的血來，用土掩蓋。|zh
1004|17|13|13|And any man of Israel, or any other living among them, who gets with his bow any beast or bird used for food, is to see that its blood is covered with earth.|en
1005|17|14|14|論到一切活物的生命，就在血中。所以我對以色列人說：無論甚麼活物的血，你們都不可吃，因為一切活物的血就是他的生命。凡吃了血的，必被剪除。|zh
1006|17|14|14|For the blood is the life of all flesh: and so I have said to the children of Israel, You may not take any sort of blood as food, and any man who does so will be cut of.|en
1007|17|15|15|凡吃自死的，或是被野獸撕裂的，無論是本地人，是寄居的，必不潔淨到晚上，都要洗衣服，用水洗身，到了晚上才為潔淨。|zh
1008|17|15|15|And anyone who takes as food anything which has come to a natural end, or anything which has been put to death by beasts, if he is one of you by birth, or of another nation, will have to have his clothing washed and his body bathed in water and be unclean till evening, and then he will be clean.|en
1009|17|16|16|但他若不洗衣服，也不洗身，就必擔當他的罪孽。|zh
1010|17|16|16|But if his clothing is not washed and his body bathed, his sin will be on him.|en
1011|18|1|1|耶和華對摩西說：|zh
1012|18|1|1|And the Lord said to Moses,|en
1013|18|2|2|你曉諭以色列人說：我是耶和華─你們的神。|zh
1014|18|2|2|Say to the children of Israel, I am the Lord your God.|en
1015|18|3|3|你們從前住的埃及地，那裡人的行為，你們不可效法，我要領你們到的迦南地，那裡人的行為也不可效法，也不可照他們的惡俗行。|zh
1016|18|3|3|You may not do those things which were done in the land of Egypt where you were living; and you may not do those things which are done in the land of Canaan where I am taking you, or be guided in your behaviour by their rules.|en
1017|18|4|4|你們要遵我的典章，守我的律例，按此而行。我是耶和華─你們的神。|zh
1018|18|4|4|But you are to be guided by my decisions and keep my rules, and be guided by them: I am the Lord your God.|en
1019|18|5|5|所以，你們要守我的律例典章；人若遵行，就必因此活著。我是耶和華。|zh
1020|18|5|5|So keep my rules and my decisions, which, if a man does them, will be life to him: I am the Lord.|en
1021|18|6|6|你們都不可露骨肉之親的下體，親近他們。我是耶和華。|zh
1022|18|6|6|You may not have sex connection with anyone who is a near relation: I am the Lord.|en
1023|18|7|7|不可露你母親的下體，羞辱了你父親。他是你的母親，不可露他的下體。|zh
1024|18|7|7|You may not have sex relations with your father or your mother: she is your mother, you may not take her.|en
1025|18|8|8|不可露你繼母的下體；這本是你父親的下體。|zh
1026|18|8|8|And you may not have sex relations with your father's wife: she is your father's.|en
1027|18|9|9|你的姊妹，不拘是異母同父的，是異父同母的，無論是生在家生在外的，都不可露他們的下體。|zh
1028|18|9|9|You may not take your sister, the daughter of your father or of your mother, wherever her birth took place, among you or in another country.|en
1029|18|10|10|不可露你孫女或是外孫女的下體，露了他們的下體就是露了自己的下體。|zh
1030|18|10|10|You may not have sex relations with your son's daughter or your daughter's daughter, for they are part of yourself;|en
1031|18|11|11|你繼母從你父親生的女兒本是你的妹妹，不可露他的下體。|zh
1032|18|11|11|Or your father's wife's daughter, the child of your father, for she is your sister.|en
1033|18|12|12|不可露你姑母的下體；他是你父親的骨肉之親。|zh
1034|18|12|12|You may not have sex connection with your father's sister, for she is your father's near relation.|en
1035|18|13|13|不可露你姨母的下體；他是你母親的骨肉之親。|zh
1036|18|13|13|You may not have sex connection with your mother's sister, for she is your mother's near relation.|en
1037|18|14|14|不可親近你伯叔之妻，羞辱了你伯叔；他是你的伯叔母。|zh
1038|18|14|14|You may not have sex relations with the wife of your father's brother, for she is of your family;|en
1039|18|15|15|不可露你兒婦的下體；他是你兒子的妻，不可露他的下體。|zh
1040|18|15|15|Or with your daughter-in-law, for she is your son's wife, and you may not take her.|en
1041|18|16|16|不可露你弟兄妻子的下體；這本是你弟兄的下體。|zh
1042|18|16|16|You may not have sex relations with your brother's wife, for she is your brother's.|en
1043|18|17|17|不可露了婦人的下體，又露他女兒的下體，也不可娶他孫女或是外孫女，露他們的下體；他們是骨肉之親，這本是大惡。|zh
1044|18|17|17|You may not take as wife a woman and her daughter, or her son's daughter or her daughter's daughter, for they are of one family: it is an act of shame.|en
1045|18|18|18|你妻還在的時候，不可另娶他的姊妹作對頭，露他的下體。|zh
1046|18|18|18|And you may not take as wife a woman and at the same time her sister, to be in competition with her in her life-time.|en
1047|18|19|19|女人行經不潔淨的時候，不可露他的下體，與他親近。|zh
1048|18|19|19|And you may not go near a woman or have sex relations with her when she is unclean, at her regular time.|en
1049|18|20|20|不可與鄰舍的妻行淫，玷污自己。|zh
1050|18|20|20|And you may not have sex relations with your neighbour's wife, making yourself unclean with her.|en
1051|18|21|21|不可使你的兒女經火歸與摩洛，也不可褻瀆你神的名。我是耶和華。|zh
1052|18|21|21|And you may not make any of your children go through the fire as an offering to Molech, and you may not put shame on the name of your God: I am the Lord.|en
1053|18|22|22|不可與男人苟合，像與女人一樣；這本是可憎惡的。|zh
1054|18|22|22|You may not have sex relations with men, as you do with women: it is a disgusting thing.|en
1055|18|23|23|不可與獸淫合，玷污自己。女人也不可站在獸前，與他淫合；這本是逆性的事。|zh
1056|18|23|23|And you may not have sex relations with a beast, making yourself unclean with it; and a woman may not give herself to a beast: it is an unnatural act.|en
1057|18|24|24|在這一切的事上，你們都不可玷污自己；因為我在你們面前所逐出的列邦，在這一切的事上玷污了自己；|zh
1058|18|24|24|Do not make yourself unclean in any of these ways; for so have those nations whom I am driving out from before you made themselves unclean:|en
1059|18|25|25|連地也玷污了，所以我追討那地的罪孽，那地也吐出他的居民。|zh
1060|18|25|25|And the land itself has become unclean; so that I have sent on it the reward of its wrongdoing, and the land itself puts out those who are living in it.|en
1061|18|26|26|故此，你們要守我的律例典章。這一切可憎惡的事，無論是本地人，是寄居在你們中間的外人，都不可行，|zh
1062|18|26|26|So then keep my rules and my decisions, and do not do any of these disgusting things, those of you who are Israelites by birth, or any others who are living with you:|en
1063|18|27|27|在你們以先居住那地的人行了這一切可憎惡的事，地就玷污了，|zh
1064|18|27|27|(For all these disgusting things were done by the men of this country who were there before you, and the land has been made unclean by them;)|en
1065|18|28|28|免得你們玷污那地的時候，地就把你們吐出，像吐出在你們以先的國民一樣。|zh
1066|18|28|28|So that the land may not put you out from it, when you make it unclean, as it put out the nations which were there before you.|en
1067|18|29|29|無論甚麼人，行了其中可憎的一件事，必從民中剪除。|zh
1068|18|29|29|For all those who do any of these disgusting things will be cut off from among their people.|en
1069|18|30|30|所以，你們要守我所吩咐的，免得你們隨從那些可憎的惡俗，就是在你們以先的人所常行的，以致玷污了自己。我是耶和華─你們的神。|zh
1070|18|30|30|So then, keep my orders, so that you may not do any of these disgusting things which were done before you, or make yourselves unclean through them: I am the Lord your God.|en
1071|19|1|1|耶和華對摩西說：|zh
1072|19|1|1|And the Lord said to Moses,|en
1073|19|2|2|你曉諭以色列全會眾說：你們要聖潔，因為我耶和華─你們的神是聖潔的。|zh
1074|19|2|2|Say to all the people of Israel, You are to be holy, for I, the Lord your God, am holy.|en
1075|19|3|3|你們各人都當孝敬父母，也要守我的安息日。我是耶和華─你們的神。|zh
1076|19|3|3|Let every man give honour to his mother and to his father and keep my Sabbaths: I am the Lord your God.|en
1077|19|4|4|你們不可偏向虛無的神，也不可為自己鑄造神像。我是耶和華─你們的神。|zh
1078|19|4|4|Do not go after false gods, and do not make metal images of gods for yourselves: I am the Lord your God.|en
1079|19|5|5|你們獻平安祭給耶和華的時候，要獻得可蒙悅納。|zh
1080|19|5|5|And when you give a peace offering to the Lord, do it in the way which is pleasing to the Lord.|en
1081|19|6|6|這祭物要在獻的那一天和第二天吃，若有剩到第三天的，就必用火焚燒。|zh
1082|19|6|6|Let it be used for food on the same day on which it is offered, or on the day after; and whatever is over on the third day is to be burned with fire.|en
1083|19|7|7|第三天若再吃，這就為可憎惡的，必不蒙悅納。|zh
1084|19|7|7|If any of it is used for food on the third day, it is a disgusting thing and will not be pleasing to the Lord.|en
1085|19|8|8|凡吃的人必擔當他的罪孽；因為他褻瀆了耶和華的聖物，那人必從民中剪除。|zh
1086|19|8|8|And as for anyone who takes it for food, his sin will be on him, for he has put shame on the holy thing of the Lord: he will be cut off from his people.|en
1087|19|9|9|在你們的地收割莊稼，不可割盡田角，也不可拾取所遺落的。|zh
1088|19|9|9|And when you get in the grain from your land, do not let all the grain be cut from the edges of the field, or take up what has been dropped on the earth after the getting in of the grain.|en
1089|19|10|10|不可摘盡葡萄園的果子，也不可拾取葡萄園所掉的果子；要留給窮人和寄居的。我是耶和華你─們的神。|zh
1090|19|10|10|And do not take all the grapes from your vine-garden, or the fruit dropped on the earth; let the poor man, and the man from another country, have these: I am the Lord your God.|en
1091|19|11|11|你們不可偷盜，不可欺騙，也不可彼此說謊。|zh
1092|19|11|11|Do not take anyone's property or be false in act or word to another.|en
1093|19|12|12|不可指著我的名起假誓，褻瀆你神的名。我是耶和華。|zh
1094|19|12|12|And do not take an oath in my name falsely, putting shame on the name of your God: I am the Lord.|en
1095|19|13|13|不可欺壓你的鄰舍，也不可搶奪他的物。雇工人的工價，不可在你那裡過夜，留到早晨。|zh
1096|19|13|13|Do not be cruel to your neighbour or take what is his; do not keep back a servant's payment from him all night till the morning.|en
1097|19|14|14|不可咒罵聾子，也不可將絆腳石放在瞎子面前，只要敬畏你的神。我是耶和華。|zh
1098|19|14|14|Do not put a curse on those who have no hearing, or put a cause of falling in the way of the blind, but keep the fear of your God before you: I am the Lord.|en
1099|19|15|15|你們施行審判，不可行不義；不可偏護窮人，也不可重看有勢力的人，只要按著公義審判你的鄰舍。|zh
1100|19|15|15|Do no wrong in your judging: do not give thought to the position of the poor, or honour to the position of the great; but be a judge to your neighbour in righteousness.|en
1101|19|16|16|不可在民中往來搬弄是非，也不可與鄰舍為敵，置之於死（原文作流他的血）。我是耶和華。|zh
1102|19|16|16|Do not go about saying untrue things among your people, or take away the life of your neighbour by false witness: I am the Lord.|en
1103|19|17|17|不可心裡恨你的弟兄；總要指摘你的鄰舍，免得因他擔罪。|zh
1104|19|17|17|Let there be no hate in your heart for your brother; but you may make a protest to your neighbour, so that he may be stopped from doing evil.|en
1105|19|18|18|不可報仇，也不可埋怨你本國的子民，卻要愛人如己。我是耶和華。|zh
1106|19|18|18|Do not make attempts to get equal with one who has done you wrong, or keep hard feelings against the children of your people, but have love for your neighbour as for yourself: I am the Lord.|en
1107|19|19|19|你們要守我的律例。不可叫你的牲畜與異類配合；不可用兩樣攙雜的種種你的地，也不可用兩樣攙雜的料做衣服穿在身上。|zh
1108|19|19|19|Keep my laws. Do not let your cattle have offspring by those of a different sort; do not put mixed seed into your field; do not put on a robe made of two sorts of cloth.|en
1109|19|20|20|婢女許配了丈夫，還沒有被贖、得釋放，人若與他行淫，二人要受刑罰，卻不把他們治死，因為婢女還沒有得自由。|zh
1110|19|20|20|If any man has sex relations with a servant-woman who has given her word to be married to a man, and has not been made free for a price or in any other way, the thing will be looked into; but they will not be put to death because she was not a free woman.|en
1111|19|21|21|那人要把贖愆祭，就是一隻公綿羊牽到會幕門口、耶和華面前。|zh
1112|19|21|21|Let him take his offering for wrongdoing to the Lord, to the door of the Tent of meeting; let him give a male sheep as an offering for wrongdoing.|en
1113|19|22|22|祭司要用贖愆祭的羊在耶和華面前贖他所犯的罪，他的罪就必蒙赦免。|zh
1114|19|22|22|And the priest will take away his sin before the Lord with the sheep which is offered for his wrongdoing, and he will have forgiveness for the sin which he has done.|en
1115|19|23|23|你們到了迦南地，栽種各樣結果子的樹木，就要以所結的果子如未受割禮的一樣。三年之久，你們要以這些果子，如未受割禮的，是不可吃的。|zh
1116|19|23|23|And when you have come into the land, and have put in all sorts of fruit-trees, their fruit will be as if they had not had circumcision, and for three years their fruit may not be used for food.|en
1117|19|24|24|但第四年所結的果子全要成為聖，用以讚美耶和華。|zh
1118|19|24|24|And in the fourth year all the fruit will be holy as a praise-offering to the Lord.|en
1119|19|25|25|第五年，你們要吃那樹上的果子，好叫樹給你們結果子更多。我是耶和華─你們的神。|zh
1120|19|25|25|But in the fifth year you may take the fruit and the increase of it for your food: I am the Lord your God.|en
1121|19|26|26|你們不可吃帶血的物；不可用法術，也不可觀兆。|zh
1122|19|26|26|Nothing may be used for food with its blood in it; you may not make use of strange arts, or go in search of signs and wonders.|en
1123|19|27|27|頭的周圍不可剃，（周圍或作：兩鬢）鬍鬚的周圍也不可損壞。|zh
1124|19|27|27|The ends of the hair round your face and on your chin may not be cut off.|en
1125|19|28|28|不可為死人用刀劃身，也不可在身上刺花紋。我是耶和華。|zh
1126|19|28|28|You may not make cuts in your flesh in respect for the dead, or have marks printed on your bodies: I am the Lord.|en
1127|19|29|29|不可辱沒你的女兒，使他為娼妓，恐怕地上的人專向淫亂，地就滿了大惡。|zh
1128|19|29|29|Do not make your daughter common by letting her become a loose woman, for fear that the land may become full of shame.|en
1129|19|30|30|你們要守我的安息日，敬我的聖所。我是耶和華。|zh
1130|19|30|30|Keep my Sabbaths and have respect for my holy place: I am the Lord.|en
1131|19|31|31|不可偏向那些交鬼的和行巫術的；不可求問他們，以致被他們玷污了。我是耶和華─你們的神。|zh
1132|19|31|31|Do not go after those who make use of spirits, or wonder-workers; do not go in their ways or become unclean through them: I am the Lord your God.|en
1133|19|32|32|在白髮的人面前，你要站起來；也要尊敬老人，又要敬畏你的神。我是耶和華。|zh
1134|19|32|32|Get up from your seats before the white-haired, and give honour to the old, and let the fear of your God be before you: I am the Lord.|en
1135|19|33|33|若有外人在你們國中和你同居，就不可欺負他。|zh
1136|19|33|33|And if a man from another country is living in your land with you, do not make life hard for him;|en
1137|19|34|34|和你們同居的外人，你們要看他如本地人一樣，並要愛他如己，因為你們在埃及地也作過寄居的。我是耶和華─你們的神。|zh
1138|19|34|34|Let him be to you as one of your countrymen and have love for him as for yourself; for you were living in a strange land, in the land of Egypt: I am the Lord your God.|en
1139|19|35|35|你們施行審判，不可行不義；在尺、秤、升、斗上也是如此。|zh
1140|19|35|35|Do not make false decisions in questions of yard-sticks and weights and measures.|en
1141|19|36|36|要用公道天平、公道法碼、公道升斗、公道秤。我是耶和華─你們的神，曾把你們從埃及地領出來的。|zh
1142|19|36|36|Have true scales, true weights and measures for all things: I am the Lord your God, who took you out of the land of Egypt;|en
1143|19|37|37|你們要謹守遵行我一切的律例典章。我是耶和華。|zh
1144|19|37|37|You are to keep all my rules and my decisions and do them: I am the Lord.|en
1145|20|1|1|耶和華對摩西說：|zh
1146|20|1|1|And the Lord said to Moses,|en
1147|20|2|2|你還要曉諭以色列人說：凡以色列人，或是在以色列中寄居的外人，把自己的兒女獻給摩洛的，總要治死他；本地人要用石頭把他打死。|zh
1148|20|2|2|Again, say to the children of Israel, If any man of the children of Israel, or any other man living in Israel, gives his offspring to Molech, he is certainly to be put to death: he is to be stoned by the people of the land;|en
1149|20|3|3|我也要向那人變臉，把他從民中剪除；因為他把兒女獻給摩洛，玷污我的聖所，褻瀆我的聖名。|zh
1150|20|3|3|And my face will be turned against that man, and he will be cut off from his people; because he has given his offspring to Molech, making my holy place unclean, and making my holy name common.|en
1151|20|4|4|那人把兒女獻給摩洛，本地人若佯為不見，不把他治死，|zh
1152|20|4|4|And if the people of the land do not take note of that man when he gives his offspring to Molech, and do not put him to death,|en
1153|20|5|5|我就要向這人和他的家變臉，把他和一切隨他與摩洛行邪淫的人都從民中剪除。|zh
1154|20|5|5|Then my face will be turned against him and his family, and he and all those who do evil with him will be cut off from among their people.|en
1155|20|6|6|人偏向交鬼的和行巫術的，隨他們行邪淫，我要向那人變臉，把他從民中剪除。|zh
1156|20|6|6|And whoever goes after those who make use of spirits and wonder-workers, doing evil with them, against him will my face be turned, and he will be cut off from among his people.|en
1157|20|7|7|所以你們要自潔成聖，因為我是耶和華─你們的神。|zh
1158|20|7|7|So make and keep yourselves holy, for I am the Lord your God.|en
1159|20|8|8|你們要謹守遵行我的律例；我是叫你們成聖的耶和華。|zh
1160|20|8|8|And keep my rules and do them: I am the Lord, who make you holy.|en
1161|20|9|9|凡咒罵父母的，總要治死他；他咒罵了父母，他的罪要歸到他身上。（罪原文作血；本章同）|zh
1162|20|9|9|Every man cursing his father or his mother is certainly to be put to death; because of his curse on his father or his mother, his blood will be on him.|en
1163|20|10|10|與鄰舍之妻行淫的，姦夫淫婦都必治死。|zh
1164|20|10|10|And if a man has sex relations with another man's wife, even the wife of his neighbour, he and she are certainly to be put to death.|en
1165|20|11|11|與繼母行淫的，就是羞辱了他父親，總要把他們二人治死，罪要歸到他們身上。|zh
1166|20|11|11|And the man who has sex relations with his father's wife has put shame on his father: the two of them are to be put to death; their blood will be on them.|en
1167|20|12|12|與兒婦同房的，總要把他們二人治死；他們行了逆倫的事，罪要歸到他們身上。|zh
1168|20|12|12|And if a man has sex relations with his son's wife, the two of them are to be put to death: it is unnatural; their blood will be on them.|en
1169|20|13|13|人若與男人苟合，像與女人一樣，他們二人行了可憎的事，總要把他們治死，罪要歸到他們身上。|zh
1170|20|13|13|And if a man has sex relations with a man, the two of them have done a disgusting thing: let them be put to death; their blood will be on them.|en
1171|20|14|14|人若娶妻，並娶其母，便是大惡，要把這三人用火焚燒，使你們中間免去大惡。|zh
1172|20|14|14|And if a man takes as wife a woman and her mother, it is an act of shame; let them be burned with fire, all three of them, so that there may be no shame among you.|en
1173|20|15|15|人若與獸淫合，總要治死他，也要殺那獸。|zh
1174|20|15|15|And if a man has sex relations with a beast, let him be put to death, and let the beast be put to destruction.|en
1175|20|16|16|女人若與獸親近，與他淫合，你要殺那女人和那獸，總要把他們治死，罪要歸到他們身上。|zh
1176|20|16|16|And if a woman goes near a beast and has sex relations with it, you will put an end to the woman and the beast: their blood will be on them.|en
1177|20|17|17|人若娶他的姊妹，無論是異母同父的，是異父同母的，彼此見了下體，這是可恥的事；他們必在本民的眼前被剪除。他露了姊妹的下體，必擔當自己的罪孽。|zh
1178|20|17|17|And if a man takes his sister, daughter of his father or his mother, and has sex relations with her and she with him, it is an act of shame: they are to be cut off before the children of their people; he has had sex relations with his sister, and his sin will be on him.|en
1179|20|18|18|婦人有月經，若與他同房，露了他的下體，就是露了婦人的血源，婦人也露了自己的血源，二人必從民中剪除。|zh
1180|20|18|18|And if a man has sex relations with a woman at the time when she is unwell, he has seen her fountain and she has let the fountain of her blood be uncovered, and the two of them are to be cut off from among their people.|en
1181|20|19|19|不可露姨母或是姑母的下體，這是露了骨肉之親的下體；二人必擔當自己的罪孽。|zh
1182|20|19|19|And you may not have sex connection with your mother's sister or your father's sister, for they are his near relations: their sin will be on them.|en
1183|20|20|20|人若與伯叔之妻同房，就羞辱了他的伯叔；二人要擔當自己的罪，必無子女而死。|zh
1184|20|20|20|And if a man has sex relations with the wife of his father's brother, he has put shame on his father's brother: their sin will be on them; till the day of their death they will have no children.|en
1185|20|21|21|人若娶弟兄之妻，這本是污穢的事，羞辱了他的弟兄；二人必無子女。|zh
1186|20|21|21|And if a man takes his brother's wife, it is an unclean act; he has put shame on his brother; they will have no children.|en
1187|20|22|22|所以，你們要謹守遵行我一切的律例典章，免得我領你們去住的那地把你們吐出。|zh
1188|20|22|22|So then, keep my rules and my decisions and do them, so that the land which I am giving you as your resting-place may not violently send you out again.|en
1189|20|23|23|我在你們面前所逐出的國民，你們不可隨從他們的風俗；因為他們行了這一切的事，所以我厭惡他們。|zh
1190|20|23|23|And do not keep the rules of the nations which I am driving out before you; for they did all these things, and for that reason my soul was turned against them.|en
1191|20|24|24|但我對你們說過，你們要承受他們的地，就是我要賜給你們為業、流奶與蜜之地。我是耶和華─你們的神，使你們與萬民有分別的。|zh
1192|20|24|24|But I have said to you, You will take their land and I will give it to you for your heritage, a land flowing with milk and honey: I am the Lord your God who have made you separate from all other peoples.|en
1193|20|25|25|所以，你們要把潔淨和不潔淨的禽獸分別出來；不可因我給你們分為不潔淨的禽獸，或是滋生在地上的活物，使自己成為可憎惡的。|zh
1194|20|25|25|So then, make division between the clean beast and the unclean, and between the clean bird and the unclean: do not make yourselves disgusting by any beast or bird or anything which goes flat on the earth, which has been marked by me as unclean for you.|en
1195|20|26|26|你們要歸我為聖，因為我─耶和華是聖的，並叫你們與萬民有分別，使你們作我的民。|zh
1196|20|26|26|And you are to be holy to me; for I the Lord am holy and have made you separate from the nations, so that you may be my people.|en
1197|20|27|27|無論男女，是交鬼的或行巫術的，總要治死他們。人必用石頭把他們打死，罪要歸到他們身上。|zh
1198|20|27|27|Any man or woman who makes use of spirits, or who is a wonder-worker, is to be put to death: they are to be stoned with stones: their blood will be on them.|en
1199|21|1|1|耶和華對摩西說：你告訴亞倫子孫作祭司的說：祭司不可為民中的死人沾染自己，|zh
1200|21|1|1|And the Lord said to Moses, Say to the priests, the sons of Aaron, Let no man make himself unclean for the dead among his people;|en
1201|21|2|2|除非為他骨肉之親的父母、兒女、弟兄，|zh
1202|21|2|2|But only for his near relations, for his mother or his father, his son or his daughter, and his brother;|en
1203|21|3|3|和未曾出嫁、作處女的姊妹，才可以沾染自己。|zh
1204|21|3|3|And for his sister, a virgin, for she is his near relation and has had no husband, he may make himself unclean.|en
1205|21|4|4|祭司既在民中為首，就不可從俗沾染自己。|zh
1206|21|4|4|But let him, being a chief among his people, not make himself unclean in such a way as to put shame on himself.|en
1207|21|5|5|不可使頭光禿；不可剃除鬍鬚的周圍，也不可用刀劃身。|zh
1208|21|5|5|They are not to have their hair cut off for the dead, or the hair on their chins cut short, or make cuts in their flesh.|en
1209|21|6|6|要歸神為聖，不可褻瀆　神的名；因為耶和華的火祭，就是　神的食物，是他們獻的，所以他們要成為聖。|zh
1210|21|6|6|Let them be holy to their God and not make the name of their God common; for the fire offerings of the Lord and the bread of their God are offered by them, and they are to be holy.|en
1211|21|7|7|不可娶妓女或被污的女人為妻，也不可娶被休的婦人為妻，因為祭司是歸神為聖。|zh
1212|21|7|7|They may not take as wife a loose or common woman, or one who has been put away by her husband: for the priest is holy to his God.|en
1213|21|8|8|所以你要使他成聖，因為他奉獻你神的食物；你要以他為聖，因為我─使你們成聖的耶和華─是聖的。|zh
1214|21|8|8|And he is to be holy in your eyes, for by him the bread of your God is offered; he is to be holy in your eyes, for I the Lord, who make you holy, am holy.|en
1215|21|9|9|祭司的女兒若行淫辱沒自己，就辱沒了父親，必用火將他焚燒。|zh
1216|21|9|9|And if the daughter of a priest makes herself common and by her loose behaviour puts shame on her father, let her be burned with fire.|en
1217|21|10|10|在弟兄中作大祭司、頭上倒了膏油、又承接聖職，穿了聖衣的，不可蓬頭散髮，也不可撕裂衣服。|zh
1218|21|10|10|And he who is the chief priest among his brothers, on whose head the holy oil has been put, who is marked out to put on the holy robes, may not let his hair go loose or have his clothing out of order as a sign of sorrow.|en
1219|21|11|11|不可挨近死屍，也不可為父母沾染自己。|zh
1220|21|11|11|He may not go near any dead body or make himself unclean for his father or his mother;|en
1221|21|12|12|不可出聖所，也不可褻瀆神的聖所，因為　神膏油的冠冕在他頭上。我是耶和華。|zh
1222|21|12|12|He may not go out of the holy place or make the holy place of his God common; for the crown of the holy oil of his God is on him: I am the Lord.|en
1223|21|13|13|他要娶處女為妻。|zh
1224|21|13|13|And let him take as his wife one who has not had relations with a man.|en
1225|21|14|14|寡婦或是被休的婦人，或是被污為妓的女人，都不可娶；只可娶本民中的處女為妻。|zh
1226|21|14|14|A widow, or one whose husband has put her away, or a common woman of loose behaviour, may not be the wife of a priest; but let him take a virgin from among his people.|en
1227|21|15|15|不可在民中辱沒他的兒女，因為我是叫他成聖的耶和華。|zh
1228|21|15|15|And he may not make his seed unclean among his people, for I the Lord have made him holy.|en
1229|21|16|16|耶和華對摩西說：|zh
1230|21|16|16|And the Lord said to Moses,|en
1231|21|17|17|你告訴亞倫說：你世世代代的後裔，凡有殘疾的，都不可近前來獻他神的食物。|zh
1232|21|17|17|Say to Aaron, If a man of your family, in any generation, is damaged in body, let him not come near to make the offering of the bread of his God.|en
1233|21|18|18|因為凡有殘疾的，無論是瞎眼的、瘸腿的、塌鼻子的、肢體有餘的、|zh
1234|21|18|18|For any man whose body is damaged may not come near: one who is blind, or has not the use of his legs, or one who has a broken nose or any unnatural growth,|en
1235|21|19|19|折腳折手的、|zh
1236|21|19|19|Or a man with broken feet or hands,|en
1237|21|20|20|駝背的、矮矬的、眼睛有毛病的、長癬的、長疥的，或是損壞腎子的，都不可近前來。|zh
1238|21|20|20|Or one whose back is bent, or one who is unnaturally small, or one who has a damaged eye, or whose skin is diseased, or whose sex parts are damaged;|en
1239|21|21|21|祭司亞倫的後裔，凡有殘疾的，都不可近前來，將火祭獻給耶和華。他有殘疾，不可近前來獻神的食物。|zh
1240|21|21|21|No man of the offspring of Aaron whose body is damaged in any way may come near to give the fire offerings of the Lord: he is damaged, he may not come near to make the offerings.|en
1241|21|22|22|神的食物，無論是聖的，至聖的，他都可以吃。|zh
1242|21|22|22|He may take of the bread of God, the holy and the most holy;|en
1243|21|23|23|但不可進到幔子前，也不可就近壇前；因為他有殘疾，免得褻瀆我的聖所。我是叫他成聖的耶和華。|zh
1244|21|23|23|But he may not go inside the veil or come near the altar, because he is damaged; and he may not make my holy places common; for I the Lord have made them holy.|en
1245|21|24|24|於是，摩西曉諭亞倫和亞倫的子孫，並以色列眾人。|zh
1246|21|24|24|These are the words which Moses said to Aaron and to his sons and to all the children of Israel.|en
1247|22|1|1|耶和華對摩西說：|zh
1248|22|1|1|And the Lord said to Moses,|en
1249|22|2|2|你吩咐亞倫和他子孫說：要遠離以色列人所分別為聖、歸給我的聖物，免得褻瀆我的聖名。我是耶和華。|zh
1250|22|2|2|Give orders to Aaron and to his sons to keep themselves separate from the holy things of the children of Israel which they give to me, and not to make my holy name common: I am the Lord,|en
1251|22|3|3|你要對他們說：你們世世代代的後裔，凡身上有污穢、親近以色列人所分別為聖、歸耶和華聖物的，那人必在我面前剪除。我是耶和華。|zh
1252|22|3|3|Say to them, If any man of all your seed through all your generations, being unclean, comes near the holy things which the children of Israel make holy to the Lord, he will be cut off from before me: I am the Lord.|en
1253|22|4|4|亞倫的後裔，凡長大痲瘋的，或是有漏症的，不可吃聖物，直等他潔淨了。無論誰摸那因死屍不潔淨的物（物或作：人），或是遺精的人，|zh
1254|22|4|4|No man of the seed of Aaron who is a leper, or who has a flow from his body, may take of the holy food till he is clean. And any man touching anything which is unclean because of the dead, or any man whose seed goes from him;|en
1255|22|5|5|或是摸甚麼使他不潔淨的爬物，或是摸那使他不潔淨的人（不拘那人有甚麼不潔淨），|zh
1256|22|5|5|Or anyone touching any unclean thing which goes flat on the earth, or someone by whom he may be made unclean in any way whatever;|en
1257|22|6|6|摸了這些人、物的，必不潔淨到晚上；若不用水洗身，就不可吃聖物。|zh
1258|22|6|6|Any person touching any such unclean thing will be unclean till evening, and may not take of the holy food till his flesh has been bathed in water;|en
1259|22|7|7|日落的時候，他就潔淨了，然後可以吃聖物，因為這是他的食物。|zh
1260|22|7|7|And when the sun has gone down he will be clean; and after that he may take part in the holy food, because it is his bread.|en
1261|22|8|8|自死的或是被野獸撕裂的，他不可吃，因此污穢自己。我是耶和華。|zh
1262|22|8|8|That which comes to a natural death, or is attacked by beasts, he may not take as food, for it will make him unclean: I am the Lord.|en
1263|22|9|9|所以他們要守我所吩咐的，免得輕忽了，因此擔罪而死。我是叫他們成聖的耶和華。|zh
1264|22|9|9|So then, let them keep what I have put into their care, for fear that sin may come on them because of it, so causing their death because they have made it common: I am the Lord, who make them holy.|en
1265|22|10|10|凡外人不可吃聖物；寄居在祭司家的，或是雇工人，都不可吃聖物；|zh
1266|22|10|10|No outside person may take of the holy food, or one living as a guest in the priest's house, or a servant working for payment.|en
1267|22|11|11|倘若祭司買人，是他的錢買的，那人就可以吃聖物；生在他家的人也可以吃。|zh
1268|22|11|11|But any person for whom the priest has given money, to make him his, may take of it with him; and those who come to birth in his house may take of his bread.|en
1269|22|12|12|祭司的女兒若嫁外人，就不可吃舉祭的聖物。|zh
1270|22|12|12|And if the daughter of a priest is married to an outside person she may not take of the holy things which are lifted up as offerings.|en
1271|22|13|13|但祭司的女兒若是寡婦，或是被休的，沒有孩子，又歸回父家，與他青年一樣，就可以吃他父親的食物；只是外人不可吃。|zh
1272|22|13|13|But if a priest's daughter is a widow, or parted from her husband, and has no child, and has come back to her father's house as when she was a girl, she may take of her father's bread; but no outside person may do so.|en
1273|22|14|14|若有人誤吃了聖物，要照聖物的原數加上五分之一交給祭司。|zh
1274|22|14|14|And if a man takes the holy food in error, he will have to give the holy thing back to the priest, with the addition of a fifth part.|en
1275|22|15|15|祭司不可褻瀆以色列人所獻給耶和華的聖物，|zh
1276|22|15|15|And they may not make common the holy things which the children of Israel give to the Lord,|en
1277|22|16|16|免得他們在吃聖物上自取罪孽，因為我是叫他們成聖的耶和華。|zh
1278|22|16|16|So causing sin to come on them when they take their holy things for food: I am the Lord who make them holy.|en
1279|22|17|17|耶和華對摩西說：|zh
1280|22|17|17|And the Lord said to Moses,|en
1281|22|18|18|你曉諭亞倫和他子孫，並以色列眾人說：以色列家中的人，或在以色列中寄居的，凡獻供物，無論是所許的願，是甘心獻的，就是獻給耶和華作燔祭的，|zh
1282|22|18|18|Say to Aaron and to his sons and to all the children of Israel, If any man of the children of Israel, or of another nation living in Israel, makes an offering, given because of an oath or freely given to the Lord for a burned offering;|en
1283|22|19|19|要將沒有殘疾的公牛，或是綿羊，或是山羊獻上，如此方蒙悅納。|zh
1284|22|19|19|So that it may be pleasing to the Lord, let him give a male, without any mark, from among the oxen or the sheep or the goats.|en
1285|22|20|20|凡有殘疾的，你們不可獻上，因為這不蒙悅納。|zh
1286|22|20|20|But anything which has a mark you may not give; it will not make you pleasing to the Lord.|en
1287|22|21|21|凡從牛群或是羊群中，將平安祭獻給耶和華，為要還特許的願，或是作甘心獻的，所獻的必純全無殘疾的才蒙悅納。|zh
1288|22|21|21|And whoever makes a peace-offering to the Lord, in payment of an oath or as a free offering, from the herd or the flock, if it is to be pleasing to the Lord, let it be free from any mark or damage.|en
1289|22|22|22|瞎眼的、折傷的、殘廢的、有瘤子的、長癬的、長疥的都不可獻給耶和華，也不可在壇上作為火祭獻給耶和華。|zh
1290|22|22|22|Anything blind or broken or damaged or having any disease or any mark on it may not be offered to the Lord; you may not make an offering of it by fire on the altar to the Lord.|en
1291|22|23|23|無論是公牛是綿羊羔，若肢體有餘的，或是缺少的，只可作甘心祭獻上；用以還願，卻不蒙悅納。|zh
1292|22|23|23|An ox or a lamb which has more or less than its natural parts, may be given as a free offering; but it will not be taken in payment of an oath.|en
1293|22|24|24|腎子損傷的，或是壓碎的，或是破裂的，或是騸了的，不可獻給耶和華，在你們的地上也不可這樣行。|zh
1294|22|24|24|An animal which has its sex parts damaged or crushed or broken or cut, may not be offered to the Lord; such a thing may not be done anywhere in your land.|en
1295|22|25|25|這類的物，你們從外人的手，一樣也不可接受作你們神的食物獻上；因為這些都有損壞，有殘疾，不蒙悅納。|zh
1296|22|25|25|And from one who is not an Israelite you may not take any of these for an offering to the Lord; for they are unclean, there is a mark on them, and the Lord will not be pleased with them.|en
1297|22|26|26|耶和華曉諭摩西說：|zh
1298|22|26|26|And the Lord said to Moses,|en
1299|22|27|27|才生的公牛，或是綿羊或是山羊，七天當跟著母；從第八天以後，可以當供物蒙悅納，作為耶和華的火祭。|zh
1300|22|27|27|When an ox or a sheep or a goat is given birth, let it be with its mother for seven days; and after the eighth day it may be taken as an offering made by fire to the Lord.|en
1301|22|28|28|無論是母牛是母羊，不可同日宰母和子。|zh
1302|22|28|28|A cow or a sheep may not be put to death with its young on the same day.|en
1303|22|29|29|你們獻感謝祭給耶和華，要獻得可蒙悅納。|zh
1304|22|29|29|And when you make an offering of praise to the Lord, make it in a way which is pleasing to him.|en
1305|22|30|30|要當天吃，一點不可留到早晨。我是耶和華。|zh
1306|22|30|30|Let it be used for food on the same day; do not keep any part of it till the morning: I am the Lord.|en
1307|22|31|31|你們要謹守遵行我的誡命。我是耶和華。|zh
1308|22|31|31|So then, keep my orders and do them: I am the Lord.|en
1309|22|32|32|你們不可褻瀆我的聖名；我在以色列人中，卻要被尊為聖。我是叫你們成聖的耶和華，|zh
1310|22|32|32|And do not make my holy name common; so that it may be kept holy by the children of Israel: I am the Lord who make you holy,|en
1311|22|33|33|把你們從埃及地領出來，作你們的神。我是耶和華。|zh
1312|22|33|33|Who took you out of the land of Egypt that I might be your God: I am the Lord.|en
1313|23|1|1|耶和華對摩西說：|zh
1314|23|1|1|And the Lord said to Moses,|en
1315|23|2|2|你曉諭以色列人說：耶和華的節期，你們要宣告為聖會的節期。|zh
1316|23|2|2|Say to the children of Israel, These are the fixed feasts of the Lord, which you will keep for holy meetings: these are my feasts.|en
1317|23|3|3|六日要做工，第七日是聖安息日，當有聖會；你們甚麼工都不可做。這是在你們一切的住處向耶和華守的安息日。|zh
1318|23|3|3|On six days work may be done; but the seventh day is a special day of rest, a time for worship; you may do no sort of work: it is a Sabbath to the Lord wherever you may be living.|en
1319|23|4|4|耶和華的節期，就是你們到了日期要宣告為聖會的，乃是這些。|zh
1320|23|4|4|These are the fixed feasts of the Lord, the holy days of worship which you will keep at their regular times.|en
1321|23|5|5|正月十四日，黃昏的時候，是耶和華的逾越節。|zh
1322|23|5|5|In the first month, on the fourteenth day of the month at nightfall, is the Lord's Passover;|en
1323|23|6|6|這月十五日是向耶和華守的無酵節；你們要吃無酵餅七日。|zh
1324|23|6|6|And on the fifteenth day of the same month is the feast of unleavened bread; for seven days let your food be unleavened bread.|en
1325|23|7|7|第一日當有聖會，甚麼勞碌的工都不可做；|zh
1326|23|7|7|On the first day you will have a holy meeting; you may do no sort of field-work.|en
1327|23|8|8|要將火祭獻給耶和華七日。第七日是聖會，甚麼勞碌的工都不可做。|zh
1328|23|8|8|And every day for seven days you will give a burned offering to the Lord; and on the seventh day there will be a holy meeting; you may do no field-work.|en
1329|23|9|9|耶和華對摩西說：|zh
1330|23|9|9|And the Lord said to Moses,|en
1331|23|10|10|你曉諭以色列人說：你們到了我賜給你們的地，收割莊稼的時候，要將初熟的莊稼一捆帶給祭司。|zh
1332|23|10|10|Say to the children of Israel, When you have come to the land which I will give you, and have got in the grain from its fields, take some of the first-fruits of the grain to the priest;|en
1333|23|11|11|他要把這一捆在耶和華面前搖一搖，使你們得蒙悅納。祭司要在安息日的次日把這捆搖一搖。|zh
1334|23|11|11|And let the grain be waved before the Lord, so that you may be pleasing to him; on the day after the Sabbath let it be waved by the priest.|en
1335|23|12|12|搖這捆的日子，你們要把一歲、沒有殘疾的公綿羊羔獻給耶和華為燔祭。|zh
1336|23|12|12|And on the day of the waving of the grain, you are to give a male lamb of the first year, without any mark, for a burned offering to the Lord.|en
1337|23|13|13|同獻的素祭，就是調油的細麵伊法十分之二，作為馨香的火祭，獻給耶和華。同獻的奠祭，要酒一欣四分之一。|zh
1338|23|13|13|And let the meal offering with it be two tenth parts of an ephah of the best meal mixed with oil, an offering made by fire to the Lord for a sweet smell; and the drink offering with it is to be of wine, the fourth part of a hin.|en
1339|23|14|14|無論是餅，是烘的子粒，是新穗子，你們都不可吃，直等到把你們獻給神的供物帶來的那一天才可以吃。這在你們一切的住處作為世世代代永遠的定例。|zh
1340|23|14|14|And you may take no bread or dry grain or new grain for food till the very day on which you have given the offering for your God: this is a rule for ever through all your generations wherever you are living.|en
1341|23|15|15|你們要從安息日的次日，獻禾捆為搖祭的那日算起，要滿了七個安息日。|zh
1342|23|15|15|And let seven full weeks be numbered from the day after the Sabbath, the day when you give the grain for the wave offering;|en
1343|23|16|16|到第七個安息日的次日，共計五十天，又要將新素祭獻給耶和華。|zh
1344|23|16|16|Let fifty days be numbered, to the day after the seventh Sabbath; then you are to give a new meal offering to the Lord.|en
1345|23|17|17|要從你們的住處取出細麵伊法十分之二，加酵，烤成兩個搖祭的餅，當作初熟之物獻給耶和華。|zh
1346|23|17|17|Take from your houses two cakes of bread, made of a fifth part of an ephah of the best meal, cooked with leaven, to be waved for first-fruits to the Lord.|en
1347|23|18|18|又要將一歲、沒有殘疾的羊羔七隻、公牛犢一隻、公綿羊兩隻，和餅一同奉上。這些與同獻的素祭和奠祭要作為燔祭獻給耶和華，就是作馨香的火祭獻給耶和華。|zh
1348|23|18|18|And with the bread, take seven lambs of the first year, without any marks, and one ox and two male sheep, to be a burned offering to the Lord, with their meal offering and their drink offerings, an offering of a sweet smell made by fire to the Lord.|en
1349|23|19|19|你們要獻一隻公山羊為贖罪祭，兩隻一歲的公綿羊羔為平安祭。|zh
1350|23|19|19|And you are to give one male goat for a sin-offering and two male lambs of the first year for peace-offerings.|en
1351|23|20|20|祭司要把這些和初熟麥子做的餅一同作搖祭，在耶和華面前搖一搖；這是獻與耶和華為聖物歸給祭司的。|zh
1352|23|20|20|And these will be waved by the priest, with the bread of the first-fruits, for a wave offering to the Lord, with the two lambs: they will be holy to the Lord for the priest.|en
1353|23|21|21|當這日，你們要宣告聖會；甚麼勞碌的工都不可做。這在你們一切的住處作為世世代代永遠的定例。|zh
1354|23|21|21|And on the same day, let it be given out that there will be a holy meeting for you: you may do no field-work on that day: it is a rule for ever through all your generations wherever you are living.|en
1355|23|22|22|在你們的地收割莊稼，不可割盡田角，也不可拾取所遺落的；要留給窮人和寄居的。我是耶和華─你們的神。|zh
1356|23|22|22|And when you get in the grain from your land, do not let all the grain at the edges of the field be cut, and do not take up the grain which has been dropped in the field; let that be for the poor, and for the man from another country: I am the Lord your God.|en
1357|23|23|23|耶和華對摩西說：|zh
1358|23|23|23|And the Lord said to Moses,|en
1359|23|24|24|你曉諭以色列人說：七月初一，你們要守為聖安息日，要吹角作紀念，當有聖會。|zh
1360|23|24|24|Say to the children of Israel, In the seventh month, on the first day of the month, let there be a special day of rest for you, a day of memory, marked by the blowing of horns, a meeting for worship.|en
1361|23|25|25|甚麼勞碌的工都不可做；要將火祭獻給耶和華。|zh
1362|23|25|25|Do no field-work and give to the Lord an offering made by fire.|en
1363|23|26|26|耶和華曉諭摩西說：|zh
1364|23|26|26|And the Lord said to Moses,|en
1365|23|27|27|七月初十是贖罪日；你們要守為聖會，並要刻苦己心，也要將火祭獻給耶和華。|zh
1366|23|27|27|The tenth day of this seventh month is the day for the taking away of sin; let it be a holy day of worship; you are to keep from pleasure, and give to the Lord an offering made by fire.|en
1367|23|28|28|當這日，甚麼工都不可做；因為是贖罪日，要在耶和華─你們的神面前贖罪。|zh
1368|23|28|28|And on that day you may do no sort of work, for it is a day of taking away sin, to make you clean before the Lord your God.|en
1369|23|29|29|當這日，凡不刻苦己心的，必從民中剪除。|zh
1370|23|29|29|For any person, whoever he may be, who takes his pleasure on that day will be cut off from his people.|en
1371|23|30|30|凡這日做甚麼工的，我必將他從民中除滅。|zh
1372|23|30|30|And if any person, whoever he may be, on that day does any sort of work, I will send destruction on him from among his people.|en
1373|23|31|31|你們甚麼工都不可做。這在你們一切的住處作為世世代代永遠的定例。|zh
1374|23|31|31|You may not do any sort of work: this is an order for ever through all your generations wherever you may be living.|en
1375|23|32|32|你們要守這日為聖安息日，並要刻苦己心。從這月初九日晚上到次日晚上，要守為安息日。|zh
1376|23|32|32|Let this be a Sabbath of special rest to you, and keep yourselves from all pleasure; on the ninth day of the month at nightfall from evening to evening, let this Sabbath be kept.|en
1377|23|33|33|耶和華對摩西說：|zh
1378|23|33|33|And the Lord said to Moses,|en
1379|23|34|34|你曉諭以色列人說：這七月十五日是住棚節，要在耶和華面前守這節七日。|zh
1380|23|34|34|Say to the children of Israel, On the fifteenth day of this seventh month let the feast of tents be kept to the Lord for seven days.|en
1381|23|35|35|第一日當有聖會，甚麼勞碌的工都不可做。|zh
1382|23|35|35|On the first day there will be a holy meeting: do no field-work.|en
1383|23|36|36|七日內要將火祭獻給耶和華。第八日當守聖會，要將火祭獻給耶和華。這是嚴肅會，甚麼勞碌的工都不可做。|zh
1384|23|36|36|Every day for seven days give an offering made by fire to the Lord; and on the eighth day there is to be a holy meeting, when you are to give an offering made by fire to the Lord; this is a special holy day: you may do no field-work on that day.|en
1385|23|37|37|這是耶和華的節期，就是你們要宣告為聖會的節期；要將火祭、燔祭、素祭、祭物，並奠祭，各歸各日，獻給耶和華。|zh
1386|23|37|37|These are the fixed feasts of the Lord, to be kept by you as holy days of worship, for making an offering by fire to the Lord; a burned offering, a meal offering, an offering of beasts, and drink offerings; every one on its special day;|en
1387|23|38|38|這是在耶和華的安息日以外，又在你們的供物和所許的願，並甘心獻給耶和華的以外。|zh
1388|23|38|38|In addition to the Sabbaths of the Lord, and in addition to the things you give and the oaths you make and the free offerings to the Lord.|en
1389|23|39|39|你們收藏了地的出產，就從七月十五日起，要守耶和華的節七日。第一日為聖安息；第八日也為聖安息。|zh
1390|23|39|39|But on the fifteenth day of the seventh month, when you have got in all the fruits of the land, you will keep the feast of the Lord for seven days: the first day will be a Sabbath, and the eighth day the same.|en
1391|23|40|40|第一日要拿美好樹上的果子和棕樹上的枝子，與茂密樹的枝條並河旁的柳枝，在耶和華─你們的神面前歡樂七日。|zh
1392|23|40|40|On the first day, take the fruit of fair trees, branches of palm-trees, and branches of thick trees and trees from the riverside, and be glad before the Lord for seven days.|en
1393|23|41|41|每年七月間，要向耶和華守這節七日。這為你們世世代代永遠的定例。|zh
1394|23|41|41|And let this feast be kept before the Lord for seven days in the year: it is a rule for ever from generation to generation; in the seventh month let it be kept.|en
1395|23|42|42|你們要住在棚裡七日；凡以色列家的人都要住在棚裡，|zh
1396|23|42|42|For seven days you will be living in tents; all those who are Israelites by birth are to make tents their living-places:|en
1397|23|43|43|好叫你們世世代代知道，我領以色列人出埃及地的時候曾使他們住在棚裡。我是耶和華─你們的神。|zh
1398|23|43|43|So that future generations may keep in mind how I gave the children of Israel tents as their living-places when I took them out of the land of Egypt: I am the Lord your God.|en
1399|23|44|44|於是，摩西將耶和華的節期傳給以色列人。|zh
1400|23|44|44|And Moses made clear to the children of Israel the orders about the fixed feasts of the Lord.|en
1401|24|1|1|耶和華曉諭摩西說：|zh
1402|24|1|1|And the Lord said to Moses,|en
1403|24|2|2|要吩咐以色列人，把那為點燈搗成的清橄欖油拿來給你，使燈常常點著。|zh
1404|24|2|2|Give orders to the children of Israel to give you clean olive oil for the light, so that a light may be burning at all times,|en
1405|24|3|3|在會幕中法櫃的幔子外，亞倫從晚上到早晨必在耶和華面前經理這燈。這要作你們世世代代永遠的定例。|zh
1406|24|3|3|Outside the veil of the ark in the Tent of meeting; let Aaron see that it is burning from evening till morning at all times before the Lord: it is a rule for ever through all your generations.|en
1407|24|4|4|他要在耶和華面前常收拾精金燈臺上的燈。|zh
1408|24|4|4|Let Aaron put the lights in order on the support before the Lord at all times.|en
1409|24|5|5|你要取細麵，烤成十二個餅，每餅用麵伊法十分之二。|zh
1410|24|5|5|And take the best meal and make twelve cakes of it, a fifth part of an ephah in every cake.|en
1411|24|6|6|要把餅擺列兩行（或作：摞；下同），每行六個，在耶和華面前精金的桌子上；|zh
1412|24|6|6|And put them in two lines, six in a line, on the holy table before the Lord.|en
1413|24|7|7|又要把淨乳香放在每行餅上，作為紀念，就是作為火祭獻給耶和華。|zh
1414|24|7|7|And on the lines of cakes put clean sweet-smelling spices, for a sign on the bread, an offering made by fire to the Lord.|en
1415|24|8|8|每安息日要常擺在耶和華面前；這為以色列人作永遠的約。|zh
1416|24|8|8|Every Sabbath day regularly, the priest is to put it in order before the Lord: it is offered for the children of Israel, an agreement made for ever.|en
1417|24|9|9|這餅是要給亞倫和他子孫的；他們要在聖處吃，為永遠的定例，因為在獻給耶和華的火祭中是至聖的。|zh
1418|24|9|9|And it will be for Aaron and his sons; they are to take it for food in a holy place: it is the most holy of all the offerings made by fire to the Lord, a rule for ever.|en
1419|24|10|10|有一個以色列婦人的兒子，他父親是埃及人，一日閒遊在以色列人中。這以色列婦人的兒子和一個以色列人在營裡爭鬥。|zh
1420|24|10|10|And a son of an Israelite woman, whose father was an Egyptian, went out among the children of Israel and had a fight with a man of Israel by the tents;|en
1421|24|11|11|這以色列婦人的兒子褻瀆了聖名，並且咒詛，就有人把他送到摩西那裡。（他母親名叫示羅密，是但支派底伯利的女兒。）|zh
1422|24|11|11|And the son of the Israelite woman said evil against the holy Name, with curses; and they took him to Moses. His mother's name was Shelomith, the daughter of Dibri, of the tribe of Dan.|en
1423|24|12|12|他們把那人收在監裡，要得耶和華所指示的話。|zh
1424|24|12|12|And they kept him shut up, till a decision might be given by the mouth of the Lord.|en
1425|24|13|13|耶和華曉諭摩西說：|zh
1426|24|13|13|And the Lord said to Moses,|en
1427|24|14|14|把那咒詛聖名的人帶到營外。叫聽見的人都放手在他頭上；全會眾就要用石頭打死他。|zh
1428|24|14|14|Take the curser outside the tent-circle; and let all in whose hearing the words were said put their hands on his head, and let him be stoned by all the people.|en
1429|24|15|15|你要曉諭以色列人說：凡咒詛神的，必擔當他的罪。|zh
1430|24|15|15|And say to the children of Israel, As for any man cursing God, his sin will be on his head.|en
1431|24|16|16|那褻瀆耶和華名的，必被治死；全會眾總要用石頭打死他。不管是寄居的是本地人，他褻瀆耶和華名的時候，必被治死。|zh
1432|24|16|16|And he who says evil against the name of the Lord will certainly be put to death; he will be stoned by all the people; the man who is not of your nation and one who is an Israelite by birth, whoever says evil against the holy Name is to be put to death.|en
1433|24|17|17|打死人的，必被治死；|zh
1434|24|17|17|And anyone who takes another's life is certainly to be put to death.|en
1435|24|18|18|打死牲畜的，必賠上牲畜，以命償命。|zh
1436|24|18|18|And anyone wounding a beast and causing its death, will have to make payment for it: a life for a life.|en
1437|24|19|19|人若使他鄰舍的身體有殘疾，他怎樣行，也要照樣向他行：|zh
1438|24|19|19|And if a man does damage to his neighbour, as he has done, so let it be done to him;|en
1439|24|20|20|以傷還傷，以眼還眼，以牙還牙。他怎樣叫人的身體有殘疾，也要照樣向他行。|zh
1440|24|20|20|Wound for wound, eye for eye, tooth for tooth; whatever damage he has done, so let it be done to him.|en
1441|24|21|21|打死牲畜的，必賠上牲畜；打死人的，必被治死。|zh
1442|24|21|21|He who puts a beast to death will have to make payment for it; he who puts a man to death will himself be put to death.|en
1443|24|22|22|不管是寄居的是本地人，同歸一例。我是耶和華─你們的神。|zh
1444|24|22|22|You are to have the same law for a man of another nation living among you as for an Israelite; for I am the Lord your God.|en
1445|24|23|23|於是，摩西曉諭以色列人，他們就把那咒詛聖名的人帶到營外，用石頭打死。以色列人就照耶和華所吩咐摩西的行了。|zh
1446|24|23|23|And Moses said these words to the children of Israel, and they took the man who had been cursing outside the tent-circle and had him stoned. The children of Israel did as the Lord gave orders to Moses.|en
1447|25|1|1|耶和華在西乃山對摩西說：|zh
1448|25|1|1|And the Lord said to Moses on Mount Sinai,|en
1449|25|2|2|你曉諭以色列人說：你們到了我所賜你們那地的時候，地就要向耶和華守安息。|zh
1450|25|2|2|Say to the children of Israel, When you come into the land which I will give you, let the land keep a Sabbath to the Lord.|en
1451|25|3|3|六年要耕種田地，也要修理葡萄園，收藏地的出產。|zh
1452|25|3|3|For six years put seed into your land, and for six years give care to your vines and get in the produce of them;|en
1453|25|4|4|第七年，地要守聖安息，就是向耶和華守的安息，不可耕種田地，也不可修理葡萄園。|zh
1454|25|4|4|But let the seventh year be a Sabbath of rest for the land, a Sabbath to the Lord; do not put seed into your land or have your vines cut.|en
1455|25|5|5|遺落自長的莊稼不可收割；沒有修理的葡萄樹也不可摘取葡萄。這年，地要守聖安息。|zh
1456|25|5|5|That which comes to growth of itself may not be cut, and the grapes of your uncared-for vines may not be taken off; let it be a year of rest for the land.|en
1457|25|6|6|地在安息年所出的，要給你和你的僕人、婢女、雇工人，並寄居的外人當食物。|zh
1458|25|6|6|And the Sabbath of the land will give food for you and your man-servant and your woman-servant and those working for payment, and for those of another country who are living among you;|en
1459|25|7|7|這年的土產也要給你的牲畜和你地上的走獸當食物。|zh
1460|25|7|7|And for your cattle and the beasts on the land; all the natural increase of the land will be for food.|en
1461|25|8|8|你要計算七個安息年，就是七七年。這便為你成了七個安息年，共是四十九年。|zh
1462|25|8|8|And let seven Sabbaths of years be numbered to you, seven times seven years; even the days of seven Sabbaths of years, that is forty-nine years;|en
1463|25|9|9|當年七月初十日，你要大發角聲；這日就是贖罪日，要在遍地發出角聲。|zh
1464|25|9|9|Then let the loud horn be sounded far and wide on the tenth day of the seventh month; on the day of taking away sin let the horn be sounded through all your land.|en
1465|25|10|10|第五十年，你們要當作聖年，在遍地給一切的居民宣告自由。這年必為你們的禧年，各人要歸自己的產業，各歸本家。|zh
1466|25|10|10|And let this fiftieth year be kept holy, and say publicly that everyone in the land is free from debt: it is the Jubilee, and every man may go back to his heritage and to his family.|en
1467|25|11|11|第五十年要作為你們的禧年。這年不可耕種；地中自長的，不可收割；沒有修理的葡萄樹也不可摘取葡萄。|zh
1468|25|11|11|Let this fiftieth year be the Jubilee: no seed may be planted, and that which comes to growth of itself may not be cut, and the grapes may not be taken from the uncared-for vines.|en
1469|25|12|12|因為這是禧年，你們要當作聖年，吃地中自出的土產。|zh
1470|25|12|12|For it is the Jubilee, and it is holy to you; your food will be the natural increase of the field.|en
1471|25|13|13|這禧年，你們各人要歸自己的地業。|zh
1472|25|13|13|In this year of Jubilee, let every man go back to his heritage.|en
1473|25|14|14|你若賣甚麼給鄰舍，或是從鄰舍的手中買甚麼，彼此不可虧負。|zh
1474|25|14|14|And in the business of trading goods for money, do no wrong to one another.|en
1475|25|15|15|你要按禧年以後的年數向鄰舍買；他也要按年數的收成賣給你。|zh
1476|25|15|15|Let your exchange of goods with your neighbours have relation to the number of years after the year of Jubilee, and the number of times the earth has given her produce.|en
1477|25|16|16|年歲若多，要照數加添價值；年歲若少，要照數減去價值，因為他照收成的數目賣給你。|zh
1478|25|16|16|If the number of years is great, the price will be increased, and if the number of years is small, the price will be less, for it is the produce of a certain number of years which the man is giving you.|en
1479|25|17|17|你們彼此不可虧負，只要敬畏你們的神，因為我是耶和華─你們的　神。|zh
1480|25|17|17|And do no wrong, one to another, but let the fear of your God be before you; for I am the Lord your God.|en
1481|25|18|18|我的律例，你們要遵行，我的典章，你們要謹守，就可以在那地上安然居住。|zh
1482|25|18|18|So keep my rules and my decisions and do them, and you will be safe in your land.|en
1483|25|19|19|地必出土產，你們就要吃飽，在那地上安然居住。|zh
1484|25|19|19|And the land will give her fruit, and you will have food in full measure and be safe in the land.|en
1485|25|20|20|你們若說：這第七年我們不耕種，也不收藏土產，吃甚麼呢？|zh
1486|25|20|20|And if you say, Where will our food come from in the seventh year, when we may not put in seed, or get in the increase|en
1487|25|21|21|我必在第六年將我所命的福賜給你們，地便生三年的土產。|zh
1488|25|21|21|Then I will send my blessing on you in the sixth year, and the land will give fruit enough for three years.|en
1489|25|22|22|第八年，你們要耕種，也要吃陳糧，等到第九年出產收來的時候，你們還吃陳糧。|zh
1490|25|22|22|And in the eighth year you will put in your seed, and get your food from the old stores, till the fruit of the ninth year is ready.|en
1491|25|23|23|地不可永賣，因為地是我的；你們在我面前是客旅，是寄居的。|zh
1492|25|23|23|No exchange of land may be for ever, for the land is mine, and you are as my guests, living with me for a time.|en
1493|25|24|24|在你們所得為業的全地，也要准人將地贖回。|zh
1494|25|24|24|Wherever there is property in land, the owner is to have the right of getting it back.|en
1495|25|25|25|你的弟兄（弟兄是指本國人說；下同）若漸漸窮乏，賣了幾分地業，他至近的親屬就要來把弟兄所賣的贖回。|zh
1496|25|25|25|If your brother becomes poor, and has to give up some of his land for money, his nearest relation may come and get back that which his brother has given up.|en
1497|25|26|26|若沒有能給他贖回的，他自己漸漸富足，能夠贖回，|zh
1498|25|26|26|And if he has no one to get it back for him, and later he himself gets wealth and has enough money to get it back;|en
1499|25|27|27|就要算出賣地的年數，把餘剩年數的價值還那買主，自己便歸回自己的地業。|zh
1500|25|27|27|Then let him take into account the years from the time when he gave it up, and make up the loss for the rest of the years to him who took it, and so get back his property.|en
1501|25|28|28|倘若不能為自己得回所賣的，仍要存在買主的手裡直到禧年；到了禧年，地業要出買主的手，自己便歸回自己的地業。|zh
1502|25|28|28|But if he is not able to get it back for himself, then it will be kept by him who gave a price for it, till the year of Jubilee; and in that year it will go back to its first owner and he will have his property again.|en
1503|25|29|29|人若賣城內的住宅，賣了以後，一年之內可以贖回；在一整年，必有贖回的權柄。|zh
1504|25|29|29|And if a man gives his house in a walled town for money, he has the right to get it back for the space of a full year after he has given it up.|en
1505|25|30|30|若在一整年之內不贖回，這城內的房屋就定準永歸買主，世世代代為業；在禧年也不得出買主的手。|zh
1506|25|30|30|And if he does not get it back by the end of the year, then the house in the town will become the property of him who gave the money for it, and of his children for ever; it will not go from him in the year of Jubilee.|en
1507|25|31|31|但房屋在無城牆的村莊裡，要看如鄉下的田地一樣，可以贖回；到了禧年，都要出買主的手。|zh
1508|25|31|31|But houses in small unwalled towns will be the same as property in the country; they may be got back, and they will go back to their owners in the year of Jubilee.|en
1509|25|32|32|然而利未人所得為業的城邑，其中的房屋，利未人可以隨時贖回。|zh
1510|25|32|32|But the houses in the towns of the Levites may be got back by the Levites at any time.|en
1511|25|33|33|若是一個利未人不將所賣的房屋贖回，是在所得為業的城內，到了禧年就要出買主的手，因為利未人城邑的房屋是他們在以色列人中的產業。|zh
1512|25|33|33|And if a Levite does not give money to get back his property, his house in the town which was exchanged for money will come back to him in the year of Jubilee. For the houses of the towns of the Levites are their property among the children of Israel.|en
1513|25|34|34|只是他們各城郊野之地不可賣，因為是他們永遠的產業。|zh
1514|25|34|34|But the land on the outskirts of their towns may not be exchanged for money, for it is their property for ever.|en
1515|25|35|35|你的弟兄在你那裡若漸漸貧窮，手中缺乏，你就要幫補他，使他與你同住，像外人和寄居的一樣。|zh
1516|25|35|35|And if your brother becomes poor and is not able to make a living, then you are to keep him with you, helping him as you would a man from another country who is living among you.|en
1517|25|36|36|不可向他取利，也不可向他多要；只要敬畏你的神，使你的弟兄與你同住。|zh
1518|25|36|36|Take no interest from him, in money or in goods, but have the fear of your God before you, and let your brother make a living among you.|en
1519|25|37|37|你借錢給他，不可向他取利；借糧給他，也不可向他多要。|zh
1520|25|37|37|Do not take interest on the money which you let him have or on the food which you give him.|en
1521|25|38|38|我是耶和華─你們的神，曾領你們從埃及地出來，為要把迦南地賜給你們，要作你們的　神。|zh
1522|25|38|38|I am the Lord your God, who took you out of the land of Egypt to give you the land of Canaan, that I might be your God.|en
1523|25|39|39|你的弟兄若在你那裡漸漸窮乏，將自己賣給你，不可叫他像奴僕服事你。|zh
1524|25|39|39|And if your brother becomes poor and gives himself to you for money, do not make use of him like a servant who is your property;|en
1525|25|40|40|他要在你那裡像雇工人和寄居的一樣，要服事你直到禧年。|zh
1526|25|40|40|But let him be with you as a servant working for payment, till the year of Jubilee;|en
1527|25|41|41|到了禧年，他和他兒女要離開你，一同出去歸回本家，到他祖宗的地業那裡去。|zh
1528|25|41|41|Then he will go out from you, he and his children with him, and go back to his family and to the property of his fathers.|en
1529|25|42|42|因為他們是我的僕人，是我從埃及地領出來的，不可賣為奴僕。|zh
1530|25|42|42|For they are my servants whom I took out from the land of Egypt; they may not become the property of another.|en
1531|25|43|43|不可嚴嚴的轄管他，只要敬畏你的神。|zh
1532|25|43|43|Do not be a hard master to him, but have the fear of God before you.|en
1533|25|44|44|至於你的奴僕、婢女，可以從你四圍的國中買。|zh
1534|25|44|44|But you may get servants as property from among the nations round about; from them you may take men-servants and women-servants.|en
1535|25|45|45|並且那寄居在你們中間的外人和他們的家屬，在你們地上所生的，你們也可以從其中買人；他們要作你們的產業。|zh
1536|25|45|45|And in addition, you may get, for money, servants from among the children of other nations who are living with you, and from their families which have come to birth in your land; and these will be your property.|en
1537|25|46|46|你們要將他們遺留給你們的子孫為產業，要永遠從他們中間揀出奴僕；只是你們的弟兄以色列人，你們不可嚴嚴的轄管。|zh
1538|25|46|46|And they will be your children's heritage after you, to keep as their property; they will be your servants for ever; but you may not be hard masters to your countrymen, the children of Israel.|en
1539|25|47|47|住在你那裡的外人，或是寄居的，若漸漸富足，你的弟兄卻漸漸窮乏，將自己賣給那外人，或是寄居的，或是外人的宗族，|zh
1540|25|47|47|And if one from another nation living among you gets wealth, and your countryman, at his side, becomes poor and gives himself for money to the man from another nation or to one of his family;|en
1541|25|48|48|賣了以後，可以將他贖回。無論是他的弟兄，|zh
1542|25|48|48|After he has given himself he has the right to be made free, for a price, by one of his brothers,|en
1543|25|49|49|或伯叔、伯叔的兒子，本家的近支，都可以贖他。他自己若漸漸富足，也可以自贖。|zh
1544|25|49|49|Or his father's brother, or the son of his father's brother, or any near relation; or if he gets money, he may make himself free.|en
1545|25|50|50|他要和買主計算，從賣自己的那年起，算到禧年；所賣的價值照著年數多少，好像工人每年的工價。|zh
1546|25|50|50|And let the years be numbered from the time when he gave himself to his owner till the year of Jubilee, and the price given for him will be in relation to the number of years, on the scale of the payment of a servant.|en
1547|25|51|51|若缺少的年數多，就要按著年數從買價中償還他的贖價|zh
1548|25|51|51|If there is still a long time, he will give back, on account of it, a part of the price which was given for him.|en
1549|25|52|52|若到禧年只缺少幾年，就要按著年數和買主計算，償還他的贖價。|zh
1550|25|52|52|And if there is only a short time, he will take account of it with his master, and in relation to the number of years he will give back the price of making him free.|en
1551|25|53|53|他和買主同住，要像每年雇的工人，買主不可嚴嚴的轄管他。|zh
1552|25|53|53|And he will be with him as a servant working for payment year by year; his master is not to be cruel to him before your eyes.|en
1553|25|54|54|他若不這樣被贖，到了禧年，要和他的兒女一同出去。|zh
1554|25|54|54|And if he is not made free in this way, he will go out in the year of Jubilee, he and his children with him.|en
1555|25|55|55|因為以色列人都是我的僕人，是我從埃及地領出來的。我是耶和華─你們的神。|zh
1556|25|55|55|For the children of Israel are servants to me; they are my servants whom I took out of the land of Egypt: I am the Lord your God.|en
1557|26|1|1|你們不可做甚麼虛無的神像，不可立雕刻的偶像或是柱像，也不可在你們的地上安甚麼鏨成的石像，向他跪拜，因為我是耶和華─你們的神。|zh
1558|26|1|1|Do not make images of false gods, or put up an image cut in stone or a pillar or any pictured stone in your land, to give worship to it; for I am the Lord your God.|en
1559|26|2|2|你們要守我的安息日，敬我的聖所。我是耶和華。|zh
1560|26|2|2|Keep my Sabbaths and give honour to my holy place: I am the Lord.|en
1561|26|3|3|你們若遵行我的律例，謹守我的誡命，|zh
1562|26|3|3|If you are guided by my rules, and keep my laws and do them,|en
1563|26|4|4|我就給你們降下時雨，叫地生出土產，田野的樹木結果子。|zh
1564|26|4|4|Then I will give you rain at the right time, and the land will give her increase and the trees of the field will give their fruit;|en
1565|26|5|5|你們打糧食要打到摘葡萄的時候，摘葡萄要摘到撒種的時候；並且要吃得飽足，在你們的地上安然居住。|zh
1566|26|5|5|And the crushing of the grain will overtake the cutting of the grapes, and the cutting of the grapes will overtake the planting of the seed, and there will be bread in full measure, and you will be living in your land safely.|en
1567|26|6|6|我要賜平安在你們的地上；你們躺臥，無人驚嚇。我要叫惡獸從你們的地上息滅；刀劍也必不經過你們的地。|zh
1568|26|6|6|And I will give you peace in the land, and you will take your rest and no one will give you cause for fear; and I will put an end to all evil beasts in the land, and no sword of war will go through your land.|en
1569|26|7|7|你們要追趕仇敵，他們必倒在你們刀下。|zh
1570|26|7|7|And you will put to flight those who are against you, and they will be put to death by your swords.|en
1571|26|8|8|你們五個人要追趕一百人，一百人要追趕一萬人；仇敵必倒在你們刀下。|zh
1572|26|8|8|Then five of you will put to flight a hundred, and a hundred of you will put to flight ten thousand, and all who are against you will be put to death by your swords.|en
1573|26|9|9|我要眷顧你們，使你們生養眾多，也要與你們堅定所立的約。|zh
1574|26|9|9|And I will have pleasure in you and make you fertile and greater in number; and I will keep my agreement with you.|en
1575|26|10|10|你們要吃陳糧，又因新糧挪開陳糧。|zh
1576|26|10|10|And old stores long kept will be your food, and you will take out the old because of the new;|en
1577|26|11|11|我要在你們中間立我的帳幕；我的心也不厭惡你們。|zh
1578|26|11|11|And I will put my holy House among you, and my soul will not be turned away from you in disgust.|en
1579|26|12|12|我要在你們中間行走；我要作你們的神，你們要作我的子民。|zh
1580|26|12|12|And I will be present among you and will be your God and you will be my people.|en
1581|26|13|13|我是耶和華─你們的神，曾將你們從埃及地領出來，使你們不作埃及人的奴僕；我也折斷你們所負的軛，叫你們挺身而走。|zh
1582|26|13|13|I am the Lord your God, who took you out of the land of Egypt so that you might not be servants to them; by me the cords of your yoke were broken and I made you go upright.|en
1583|26|14|14|你們若不聽從我，不遵行我的誡命，|zh
1584|26|14|14|But if you do not give ear to me, and do not keep all these my laws;|en
1585|26|15|15|厭棄我的律例，厭惡我的典章，不遵行我一切的誡命，背棄我的約，|zh
1586|26|15|15|And if you go against my rules and if you have hate in your souls for my decisions and you do not do all my orders, but go against my agreement;|en
1587|26|16|16|我待你們就要這樣：我必命定驚惶，叫眼目乾癟、精神消耗的癆病熱病轄制你們。你們也要白白的撒種，因為仇敵要吃你們所種的。|zh
1588|26|16|16|This will I do to you: I will put fear in your hearts, even wasting disease and burning pain, drying up the eyes and making the soul feeble, and you will get no profit from your seed, for your haters will take it for food.|en
1589|26|17|17|我要向你們變臉，你們就要敗在仇敵面前。恨惡你們的，必轄管你們；無人追趕，你們卻要逃跑。|zh
1590|26|17|17|And my face will be turned from you, and you will be broken before those who are against you, and your haters will become your rulers, and you will go in flight when no man comes after you.|en
1591|26|18|18|你們因這些事若還不聽從我，我就要為你們的罪加七倍懲罰你們。|zh
1592|26|18|18|And if, even after these things, you will not give ear to me, then I will send you punishment seven times more for your sins.|en
1593|26|19|19|我必斷絕你們因勢力而有的驕傲，又要使覆你們的天如鐵，載你們的地如銅。|zh
1594|26|19|19|And the pride of your strength will be broken, and I will make your heaven as iron and your earth as brass;|en
1595|26|20|20|你們要白白的勞力；因為你們的地不出土產，其上的樹木也不結果子。|zh
1596|26|20|20|And your strength will be used up without profit; for your land will not give her increase and the trees of the field will not give their fruit.|en
1597|26|21|21|你們行事若與我反對，不肯聽從我，我就要按你們的罪加七倍降災與你們。|zh
1598|26|21|21|And if you still go against me and will not give ear to me, I will put seven times more punishments on you because of your sins.|en
1599|26|22|22|我也要打發野地的走獸到你們中間，搶吃你們的兒女，吞滅你們的牲畜，使你們的人數減少，道路荒涼。|zh
1600|26|22|22|I will let loose the beasts of the field among you, and they will take away your children and send destruction on your cattle, so that your numbers will become small and your roads become waste.|en
1601|26|23|23|你們因這些事若仍不改正歸我，行事與我反對，|zh
1602|26|23|23|And if by these things you will not be turned to me, but still go against me;|en
1603|26|24|24|我就要行事與你們反對，因你們的罪擊打你們七次。|zh
1604|26|24|24|Then I will go against you, and I will give you punishment, I myself, seven times for all your sins.|en
1605|26|25|25|我又要使刀劍臨到你們，報復你們背約的仇；聚集你們在各城內，降瘟疫在你們中間，也必將你們交在仇敵的手中。|zh
1606|26|25|25|And I will send a sword on you to give effect to the punishment of my agreement; and when you come together into your towns I will send disease among you and you will be given up into the hands of your haters.|en
1607|26|26|26|我要折斷你們的杖，就是斷絕你們的糧。那時，必有十個女人在一個爐子給你們烤餅，按分量秤給你們；你們要吃，也吃不飽。|zh
1608|26|26|26|When I take away your bread of life, ten women will be cooking bread in one oven, and your bread will be measured out by weight; you will have food but never enough.|en
1609|26|27|27|你們因這一切的事若不聽從我，卻行事與我反對，|zh
1610|26|27|27|And if, after all this, you do not give ear to me, but go against me still,|en
1611|26|28|28|我就要發烈怒，行事與你們反對，又因你們的罪懲罰你們七次。|zh
1612|26|28|28|Then my wrath will be burning against you, and I will give you punishment, I myself, seven times for your sins.|en
1613|26|29|29|並且你們要吃兒子的肉，也要吃女兒的肉。|zh
1614|26|29|29|Then you will take the flesh of your sons and the flesh of your daughters for food;|en
1615|26|30|30|我又要毀壞你們的邱壇，砍下你們的日像，把你們的屍首扔在你們偶像的身上；我的心也必厭惡你們。|zh
1616|26|30|30|And I will send destruction on your high places, overturning your perfume altars, and will put your dead bodies on your broken images, and my soul will be turned from you in disgust.|en
1617|26|31|31|我要使你們的城邑變為荒涼，使你們的眾聖所成為荒場；我也不聞你們馨香的香氣。|zh
1618|26|31|31|And I will make your towns waste and send destruction on your holy places; I will take no pleasure in the smell of your sweet perfumes;|en
1619|26|32|32|我要使地成為荒場，住在其上的仇敵就因此詫異。|zh
1620|26|32|32|And I will make your land a waste, a wonder to your haters living in it.|en
1621|26|33|33|我要把你們散在列邦中；我也要拔刀追趕你們。你們的地要成為荒場；你們的城邑要變為荒涼。|zh
1622|26|33|33|And I will send you out in all directions among the nations, and my sword will be uncovered against you, and your land will be without any living thing, and your towns will be made waste.|en
1623|26|34|34|你們在仇敵之地居住的時候，你們的地荒涼，要享受眾安息；正在那時候，地要歇息，享受安息。|zh
1624|26|34|34|Then will the land take pleasure in its Sabbaths while it is waste and you are living in the land of your haters; then will the land have rest.|en
1625|26|35|35|地多時為荒場，就要多時歇息；地這樣歇息，是你們住在其上的安息年所不能得的。|zh
1626|26|35|35|All the days while it is waste will the land have rest, such rest as it never had in your Sabbaths, when you were living in it.|en
1627|26|36|36|至於你們剩下的人，我要使他們在仇敵之地心驚膽怯。葉子被風吹的響聲，要追趕他們；他們要逃避，像人逃避刀劍，無人追趕，卻要跌倒。|zh
1628|26|36|36|And as for the rest of you, I will make their hearts feeble in the land of their haters, and the sound of a leaf moved by the wind will send them in flight, and they will go in flight as from the sword, falling down when no one comes after them;|en
1629|26|37|37|無人追趕，他們要彼此撞跌，像在刀劍之前。你們在仇敵面前也必站立不住。|zh
1630|26|37|37|Falling on one another, as before the sword, when no one comes after them; you will give way before your haters.|en
1631|26|38|38|你們要在列邦中滅亡；仇敵之地要吞吃你們。|zh
1632|26|38|38|And death will overtake you among strange nations, and the land of your haters will be your destruction.|en
1633|26|39|39|你們剩下的人必因自己的罪孽和祖宗的罪孽在仇敵之地消滅。|zh
1634|26|39|39|And those of you who are still living will be wasting away in their sins in the land of your haters; in the sins of their fathers they will be wasting away.|en
1635|26|40|40|他們要承認自己的罪和他們祖宗的罪，就是干犯我的那罪，並且承認自己行事與我反對，|zh
1636|26|40|40|And they will have grief for their sins and for the sins of their fathers, when their hearts were untrue to me, and they went against me;|en
1637|26|41|41|我所以行事與他們反對，把他們帶到仇敵之地。那時，他們未受割禮的心若謙卑了，他們也服了罪孽的刑罰，|zh
1638|26|41|41|So that I went against them and sent them away into the land of their haters: if then the pride of their hearts is broken and they take the punishment of their sins,|en
1639|26|42|42|我就要記念我與雅各所立的約，與以撒所立的約，與亞伯拉罕所立的約，並要記念這地。|zh
1640|26|42|42|Then I will keep in mind the agreement which I made with Jacob and with Isaac and with Abraham, and I will keep in mind the land.|en
1641|26|43|43|他們離開這地，地在荒廢無人的時候就要享受安息。並且他們要服罪孽的刑罰；因為他們厭棄了我的典章，心中厭惡了我的律例。|zh
1642|26|43|43|And the land, while she is without them, will keep her Sabbaths; and they will undergo the punishment of their sins, because they were turned away from my decisions and in their souls was hate for my laws.|en
1643|26|44|44|雖是這樣，他們在仇敵之地，我卻不厭棄他們，也不厭惡他們，將他們盡行滅絕，也不背棄我與他們所立的約，因為我是耶和華─他們的神。|zh
1644|26|44|44|But for all that, when they are in the land of their haters I will not let them go, or be turned away from them, or give them up completely; my agreement with them will not be broken, for I am the Lord their God.|en
1645|26|45|45|我卻要為他們的緣故記念我與他們先祖所立的約。他們的先祖是我在列邦人眼前、從埃及地領出來的，為要作他們的神。我是耶和華。|zh
1646|26|45|45|And because of them I will keep in mind the agreement which I made with their fathers, whom I took out of the land of Egypt before the eyes of the nations, to be their God: I am the Lord.|en
1647|26|46|46|這些律例、典章，和法度是耶和華與以色列人在西乃山藉著摩西立的。|zh
1648|26|46|46|These are the rules, decisions, and laws, which the Lord made between himself and the children of Israel in Mount Sinai, by the hand of Moses.|en
1649|27|1|1|耶和華對摩西說：|zh
1650|27|1|1|And the Lord said to Moses,|en
1651|27|2|2|你曉諭以色列人說：人還特許的願，被許的人要按你所估的價值歸給耶和華。|zh
1652|27|2|2|Say to the children of Israel, If a man makes a special oath, you will give your decision as to the value of the persons for the Lord.|en
1653|27|3|3|你估定的，從二十歲到六十歲的男人，要按聖所的平，估定價銀五十舍客勒。|zh
1654|27|3|3|And you will put the value of a male from twenty years to sixty years old at fifty shekels of silver, by the scale of the holy place.|en
1655|27|4|4|若是女人，你要估定三十舍客勒。|zh
1656|27|4|4|And if it is a female, the value will be thirty shekels.|en
1657|27|5|5|若是從五歲到二十歲，男子你要估定二十舍客勒，女子估定十舍客勒。|zh
1658|27|5|5|And if the person is from five to twenty years old, the value will be twenty shekels for a male, and ten for a female.|en
1659|27|6|6|若是從一月到五歲，男子你要估定五舍客勒，女子估定三舍客勒。|zh
1660|27|6|6|And if the person is from one month to five years old, then the value for a male will be five shekels of silver, and for a female three shekels.|en
1661|27|7|7|若是從六十歲以上，男人你要估定十五舍客勒，女人估定十舍客勒。|zh
1662|27|7|7|And for sixty years old and over, for a male the value will be fifteen shekels, and for a female, ten.|en
1663|27|8|8|他若貧窮，不能照你所估定的價，就要把他帶到祭司面前，祭司要按許願人的力量估定他的價。|zh
1664|27|8|8|But if he is poorer than the value which you have put on him, then let him be taken to the priest, and the priest will put a value on him, such as it is possible for him to give.|en
1665|27|9|9|所許的若是牲畜，就是人獻給耶和華為供物的，凡這一類獻給耶和華的，都要成為聖。|zh
1666|27|9|9|And if it is a beast of which men make offerings to the Lord, whatever any man gives of such to the Lord will be holy.|en
1667|27|10|10|人不可改換，也不可更換，或是好的換壞的，或是壞的換好的。若以牲畜更換牲畜，所許的與所換的都要成為聖。|zh
1668|27|10|10|It may not be changed in any way, a good given for a bad, or a bad for a good; if one beast is changed for another, the two will be holy.|en
1669|27|11|11|若牲畜不潔淨，是不可獻給耶和華為供物的，就要把牲畜安置在祭司面前。|zh
1670|27|11|11|And if it is any unclean beast, of which offerings are not made to the Lord, then let him take the beast before the priest;|en
1671|27|12|12|祭司就要估定價值；牲畜是好是壞，祭司怎樣估定，就要以怎樣為是。|zh
1672|27|12|12|And let the priest put a value on it, if it is good or bad; whatever value the priest puts on it, so will it be.|en
1673|27|13|13|他若一定要贖回，就要在你所估定的價值以外加上五分之一。|zh
1674|27|13|13|But if he has a desire to get it back for himself, let him give a fifth more than your value.|en
1675|27|14|14|人將房屋分別為聖，歸給耶和華，祭司就要估定價值。房屋是好是壞，祭司怎樣估定，就要以怎樣為定。|zh
1676|27|14|14|And if a man has given his house as holy to the Lord, then the priest will put a value on it, if it is good or bad; as the priest gives decision so will the value be fixed.|en
1677|27|15|15|將房屋分別為聖的人，若要贖回房屋，就必在你所估定的價值以外加上五分之一，房屋仍舊歸他。|zh
1678|27|15|15|And if the owner has a desire to get back his house, let him give a fifth more than your value, and it will be his.|en
1679|27|16|16|人若將承受為業的幾分地分別為聖，歸給耶和華，你要按這地撒種多少估定價值，若撒大麥一賀梅珥，要估價五十舍客勒。|zh
1680|27|16|16|And if a man gives to the Lord part of the field which is his property, then let your value be in relation to the seed which is planted in it; a measure of barley grain will be valued at fifty shekels of silver.|en
1681|27|17|17|他若從禧年將地分別為聖，就要以你所估定的價為定。|zh
1682|27|17|17|If he gives his field from the year of Jubilee, the value will be fixed by your decision.|en
1683|27|18|18|倘若他在禧年以後將地分別為聖，祭司就要按著未到禧年所剩的年數推算價值，也要從你所估的減去價值。|zh
1684|27|18|18|But if he gives his field after the year of Jubilee, the amount of the money will be worked out by the priest in relation to the number of years till the coming year of Jubilee, and the necessary amount will be taken off your value.|en
1685|27|19|19|將地分別為聖的人若定要把地贖回，他便要在你所估的價值以外加上五分之一，地就准定歸他。|zh
1686|27|19|19|And if the man who has given the field has a desire to get it back, let him give a fifth more than the price at which it was valued and it will be his.|en
1687|27|20|20|他若不贖回那地，或是將地賣給別人，就再不能贖了。|zh
1688|27|20|20|But if he has no desire to get it back, or if he has given it for a price to another man, it may not be got back again.|en
1689|27|21|21|但到了禧年，那地從買主手下出來的時候，就要歸耶和華為聖，和永獻的地一樣，要歸祭司為業。|zh
1690|27|21|21|But the field, when it becomes free at the year of Jubilee, will be holy to the Lord, as a field given under oath: it will be the property of the priest.|en
1691|27|22|22|他若將所買的一塊地，不是承受為業的，分別為聖歸給耶和華，|zh
1692|27|22|22|And if a man gives to the Lord a field which he has got for money from another, which is not part of his heritage;|en
1693|27|23|23|祭司就要將你所估的價值給他推算到禧年。當日，他要以你所估的價銀為聖，歸給耶和華。|zh
1694|27|23|23|Then the value fixed by you up to the year of Jubilee will be worked out for him by the priest, and in that day he will give the amount of your value as holy to the Lord.|en
1695|27|24|24|到了禧年，那地要歸賣主，就是那承受為業的原主。|zh
1696|27|24|24|In the year of Jubilee the field will go back to him from whom he got it, that is, to him whose heritage it was.|en
1697|27|25|25|凡你所估定的價銀都要按著聖所的平：二十季拉為一舍客勒。|zh
1698|27|25|25|And let all your values be based on the shekel of the holy place, that is, twenty gerahs to the shekel.|en
1699|27|26|26|惟獨牲畜中頭生的，無論是牛是羊，既歸耶和華，誰也不可再分別為聖，因為這是耶和華的。|zh
1700|27|26|26|But a man may not give by oath to the Lord the first-fruits of cattle which are offered to the Lord: if it is an ox or a sheep it is the Lord's.|en
1701|27|27|27|若是不潔淨的牲畜生的，就要按你所估定的價值加上五分之一贖回；若不贖回，就要按你所估定的價值賣了。|zh
1702|27|27|27|And if it is an unclean beast, then the owner of it may give money to get it back, in agreement with the value fixed by you, by giving a fifth more; or if it is not taken back, let it be given for money in agreement with your valuing.|en
1703|27|28|28|但一切永獻的，就是人從他所有永獻給耶和華的，無論是人，是牲畜，是他承受為業的地，都不可賣，也不可贖。凡永獻的是歸給耶和華為至聖。|zh
1704|27|28|28|But nothing which a man has given completely to the Lord, out of all his property, of man or beast, or of the land which is his heritage, may be given away or got back in exchange for money; anything completely given is most holy to the Lord.|en
1705|27|29|29|凡從人中當滅的都不可贖，必被治死。|zh
1706|27|29|29|Any man given completely to the Lord may not be got back: he is certainly to be put to death.|en
1707|27|30|30|地上所有的，無論是地上的種子是樹上的果子，十分之一是耶和華的，是歸給耶和華為聖的。|zh
1708|27|30|30|And every tenth part of the land, of the seed planted, or of the fruit of trees, is holy to the Lord.|en
1709|27|31|31|人若要贖這十分之一的甚麼物，就要加上五分之一。|zh
1710|27|31|31|And if a man has a desire to get back any of the tenth part which he has given, let him give a fifth more.|en
1711|27|32|32|凡牛群羊群中，一切從杖下經過的，每第十隻要歸給耶和華為聖。|zh
1712|27|32|32|And a tenth part of the herd and of the flock, whatever goes under the rod of the valuer, will be holy to the Lord.|en
1713|27|33|33|不可問是好是壞，也不可更換；若定要更換，所更換的與本來的牲畜都要成為聖，不可贖回。|zh
1714|27|33|33|He may not make search to see if it is good or bad, or make any changes in it; and if he makes exchange of it for another, the two will be holy; he will not get them back again.|en
1715|27|34|34|這就是耶和華在西乃山為以色列人所吩咐摩西的命令。|zh
1716|27|34|34|These are the orders which the Lord gave to Moses for the children of Israel in Mount Sinai.|en
