idx|chapter|sec|no|content|lang
0|1|1|1|起初，神創造天地a。|zh
1|1|1|1|At the first God made the heaven and the earth.|en
2|1|2|2|地是空虛混沌，淵面黑暗；神的靈運行在水面上。|zh
3|1|2|2|And the earth was waste and without form; and it was dark on the face of the deep: and the Spirit of God was moving on the face of the waters.|en
4|1|3|3|神說：要有光，就有了光。|zh
5|1|3|3|And God said, Let there be light: and there was light.|en
6|1|4|4|神看光是好的，就把光暗分開了。|zh
7|1|4|4|And God, looking on the light, saw that it was good: and God made a division between the light and the dark,|en
8|1|5|5|神稱光為晝，稱暗為夜。有晚上，有早晨，這是頭一日。|zh
9|1|5|5|Naming the light, Day, and the dark, Night. And there was evening and there was morning, the first day.|en
10|1|6|6|神說：諸水之間要有空氣，將水分為上下。|zh
11|1|6|6|And God said, Let there be a solid arch stretching over the waters, parting the waters from the waters.|en
12|1|7|7|神就造出空氣，將空氣以下的水、空氣以上的水分開了。事就這樣成了。|zh
13|1|7|7|And God made the arch for a division between the waters which were under the arch and those which were over it: and it was so.|en
14|1|8|8|神稱空氣為天。有晚上，有早晨，是第二日。|zh
15|1|8|8|And God gave the arch the name of Heaven. And there was evening and there was morning, the second day.|en
16|1|9|9|神說：天下的水要聚在一處，使旱地露出來。事就這樣成了。|zh
17|1|9|9|And God said, Let the waters under the heaven come together in one place, and let the dry land be seen: and it was so.|en
18|1|10|10|神稱旱地為地，稱水的聚處為海。神看著是好的。|zh
19|1|10|10|And God gave the dry land the name of Earth; and the waters together in their place were named Seas: and God saw that it was good.|en
20|1|11|11|神說：地要發生青草和結種子的菜蔬，並結果子的樹木，各從其類，果子都包著核。事就這樣成了。|zh
21|1|11|11|And God said, Let grass come up on the earth, and plants producing seed, and fruit-trees giving fruit, in which is their seed, after their sort: and it was so.|en
22|1|12|12|於是地發生了青草和結種子的菜蔬，各從其類；並結果子的樹木，各從其類；果子都包著核。神看著是好的。|zh
23|1|12|12|And grass came up on the earth, and every plant producing seed of its sort, and every tree producing fruit, in which is its seed, of its sort: and God saw that it was good.|en
24|1|13|13|有晚上，有早晨，是第三日。|zh
25|1|13|13|And there was evening and there was morning, the third day.|en
26|1|14|14|神說：天上要有光體，可以分晝夜，作記號，定節令、日子、年歲，|zh
27|1|14|14|And God said, Let there be lights in the arch of heaven, for a division between the day and the night, and let them be for signs, and for marking the changes of the year, and for days and for years:|en
28|1|15|15|並要發光在天空，普照在地上。事就這樣成了。|zh
29|1|15|15|And let them be for lights in the arch of heaven to give light on the earth: and it was so.|en
30|1|16|16|於是神造了兩個大光，大的管晝，小的管夜，又造眾星，|zh
31|1|16|16|And God made the two great lights: the greater light to be the ruler of the day, and the smaller light to be the ruler of the night: and he made the stars.|en
32|1|17|17|就把這些光擺列在天空，普照在地上，|zh
33|1|17|17|And God put them in the arch of heaven, to give light on the earth;|en
34|1|18|18|管理晝夜，分別明暗。神看著是好的。|zh
35|1|18|18|To have rule over the day and the night, and for a division between the light and the dark: and God saw that it was good.|en
36|1|19|19|有晚上，有早晨，是第四日。|zh
37|1|19|19|And there was evening and there was morning, the fourth day.|en
38|1|20|20|神說：水要多多滋生有生命的物；要有雀鳥飛在地面以上，天空之中。|zh
39|1|20|20|And God said, Let the waters be full of living things, and let birds be in flight over the earth under the arch of heaven.|en
40|1|21|21|神就造出大魚和水中所滋生各樣有生命的動物，各從其類；又造出各樣飛鳥，各從其類。神看著是好的。|zh
41|1|21|21|And God made great sea-beasts, and every sort of living and moving thing with which the waters were full, and every sort of winged bird: and God saw that it was good.|en
42|1|22|22|神就賜福給這一切，說：滋生繁多，充滿海中的水；雀鳥也要多生在地上。|zh
43|1|22|22|And God gave them his blessing, saying, Be fertile and have increase, making all the waters of the seas full, and let the birds be increased in the earth.|en
44|1|23|23|有晚上，有早晨，是第五日。|zh
45|1|23|23|And there was evening and there was morning, the fifth day.|en
46|1|24|24|神說：地要生出活物來，各從其類；牲畜、昆蟲、地上的野獸，各從其類。事就這樣成了。|zh
47|1|24|24|And God said, Let the earth give birth to all sorts of living things, cattle and all things moving on the earth, and beasts of the earth after their sort: and it was so.|en
48|1|25|25|於是神造出野獸，各從其類；牲畜，各從其類；地上一切昆蟲，各從其類。　神看著是好的。|zh
49|1|25|25|And God made the beast of the earth after its sort, and the cattle after their sort, and everything moving on the face of the earth after its sort: and God saw that it was good.|en
50|1|26|26|神說：我們要照著我們的形像、按著我們的樣式造人，使他們管理海裡的魚、空中的鳥、地上的牲畜，和全地，並地上所爬的一切昆蟲。|zh
51|1|26|26|And God said, Let us make man in our image, like us: and let him have rule over the fish of the sea and over the birds of the air and over the cattle and over all the earth and over every living thing which goes flat on the earth.|en
52|1|27|27|神就照著自己的形像造人，乃是照著他的形像造男造女。|zh
53|1|27|27|And God made man in his image, in the image of God he made him: male and female he made them.|en
54|1|28|28|神就賜福給他們，又對他們說：要生養眾多，遍滿地面，治理這地，也要管理海裡的魚、空中的鳥，和地上各樣行動的活物。|zh
55|1|28|28|And God gave them his blessing and said to them, Be fertile and have increase, and make the earth full and be masters of it; be rulers over the fish of the sea and over the birds of the air and over every living thing moving on the earth.|en
56|1|29|29|神說：看哪，我將遍地上一切結種子的菜蔬和一切樹上所結有核的果子全賜給你們作食物。|zh
57|1|29|29|And God said, See, I have given you every plant producing seed, on the face of all the earth, and every tree which has fruit producing seed: they will be for your food:|en
58|1|30|30|至於地上的走獸和空中的飛鳥，並各樣爬在地上有生命的物，我將青草賜給他們作食物。事就這樣成了。|zh
59|1|30|30|And to every beast of the earth and to every bird of the air and every living thing moving on the face of the earth I have given every green plant for food: and it was so.|en
60|1|31|31|神看著一切所造的都甚好。有晚上，有早晨，是第六日。|zh
61|1|31|31|And God saw everything which he had made and it was very good. And there was evening and there was morning, the sixth day.|en
62|2|1|1|天地萬物都造齊了。|zh
63|2|1|1|And the heaven and the earth and all things in them were complete.|en
64|2|2|2|到第七日，神造物的工已經完畢，就在第七日歇了他一切的工，安息了。|zh
65|2|2|2|And on the seventh day God came to the end of all his work; and on the seventh day he took his rest from all the work which he had done.|en
66|2|3|3|神賜福給第七日，定為聖日；因為在這日，神歇了他一切創造的工，就安息了。|zh
67|2|3|3|And God gave his blessing to the seventh day and made it holy: because on that day he took his rest from all the work which he had made and done.|en
68|2|4|4|創造天地的來歷，在耶和華神造天地的日子，乃是這樣，|zh
69|2|4|4|These are the generations of the heaven and the earth when they were made.|en
70|2|5|5|野地還沒有草木，田間的菜蔬還沒有長起來；因為耶和華神還沒有降雨在地上，也沒有人耕地，|zh
71|2|5|5|In the day when the Lord God made earth and heaven there were no plants of the field on the earth, and no grass had come up: for the Lord God had not sent rain on the earth and there was no man to do work on the land.|en
72|2|6|6|但有霧氣從地上騰，滋潤遍地。|zh
73|2|6|6|But a mist went up from the earth, watering all the face of the land.|en
74|2|7|7|耶和華神用地上的塵土造人，將生氣吹在他鼻孔裡，他就成了有靈的活人，名叫亞當。|zh
75|2|7|7|And the Lord God made man from the dust of the earth, breathing into him the breath of life: and man became a living soul.|en
76|2|8|8|耶和華神在東方的伊甸立了一個園子，把所造的人安置在那裡。|zh
77|2|8|8|And the Lord God made a garden in the east, in Eden; and there he put the man whom he had made.|en
78|2|9|9|耶和華神使各樣的樹從地裡長出來，可以悅人的眼目，其上的果子好作食物。園子當中又有生命樹和分別善惡的樹。|zh
79|2|9|9|And out of the earth the Lord made every tree to come, delighting the eye and good for food; and in the middle of the garden, the tree of life and the tree of the knowledge of good and evil.|en
80|2|10|10|有河從伊甸流出來，滋潤那園子，從那裡分為四道：|zh
81|2|10|10|And a river went out of Eden giving water to the garden; and from there it was parted and became four streams.|en
82|2|11|11|第一道名叫比遜，就是環繞哈腓拉全地的。在那裡有金子，|zh
83|2|11|11|The name of the first is Pishon, which goes round about all the land of Havilah where there is gold.|en
84|2|12|12|並且那地的金子是好的；在那裡又有珍珠和紅瑪瑙。|zh
85|2|12|12|And the gold of that land is good: there is bdellium and the onyx stone.|en
86|2|13|13|第二道河名叫基訓，就是環繞古實全地的。|zh
87|2|13|13|And the name of the second river is Gihon: this river goes round all the land of Cush.|en
88|2|14|14|第三道河名叫底格里斯，流在亞述的東邊。第四道河就是伯拉河。|zh
89|2|14|14|And the name of the third river is Tigris, which goes to the east of Assyria. And the fourth river is Euphrates.|en
90|2|15|15|耶和華神將那人安置在伊甸園，使他修理，看守。|zh
91|2|15|15|And the Lord God took the man and put him in the garden of Eden to do work in it and take care of it.|en
92|2|16|16|耶和華神吩咐他說：園中各樣樹上的果子，你可以隨意吃，|zh
93|2|16|16|And the Lord God gave the man orders, saying, You may freely take of the fruit of every tree of the garden:|en
94|2|17|17|只是分別善惡樹上的果子，你不可吃，因為你吃的日子必定死！|zh
95|2|17|17|But of the fruit of the tree of the knowledge of good and evil you may not take; for on the day when you take of it, death will certainly come to you.|en
96|2|18|18|耶和華神說：那人獨居不好，我要為他造一個配偶幫助他。|zh
97|2|18|18|And the Lord God said, It is not good for the man to be by himself: I will make one like himself as a help to him|en
98|2|19|19|耶和華神用土所造成的野地各樣走獸和空中各樣飛鳥都帶到那人面前，看他叫甚麼。那人怎樣叫各樣的活物，那就是他的名字。|zh
99|2|19|19|And from the earth the Lord God made every beast of the field and every bird of the air, and took them to the man to see what names he would give them: and whatever name he gave to any living thing, that was its name.|en
100|2|20|20|那人便給一切牲畜和空中飛鳥、野地走獸都起了名；只是那人沒有遇見配偶幫助他。|zh
101|2|20|20|And the man gave names to all cattle and to the birds of the air and to every beast of the field; but Adam had no one like himself as a help.|en
102|2|21|21|耶和華神使他沉睡，他就睡了；於是取下他的一條肋骨，又把肉合起來。|zh
103|2|21|21|And the Lord God sent a deep sleep on the man, and took one of the bones from his side while he was sleeping, joining up the flesh again in its place:|en
104|2|22|22|耶和華神就用那人身上所取的肋骨造成一個女人，領他到那人跟前。|zh
105|2|22|22|And the bone which the Lord God had taken from the man he made into a woman, and took her to the man.|en
106|2|23|23|那人說：這是我骨中的骨，肉中的肉，可以稱他為女人，因為他是從男人身上取出來的。|zh
107|2|23|23|And the man said, This is now bone of my bone and flesh of my flesh: let her name be Woman because she was taken out of Man.|en
108|2|24|24|因此，人要離開父母，與妻子連合，二人成為一體。|zh
109|2|24|24|For this cause will a man go away from his father and his mother and be joined to his wife; and they will be one flesh.|en
110|2|25|25|當時夫妻二人赤身露體，並不羞恥。|zh
111|2|25|25|And the man and his wife were without clothing, and they had no sense of shame.|en
112|3|1|1|耶和華神所造的，惟有蛇比田野一切的活物更狡猾。蛇對女人說：　神豈是真說不許你們吃園中所有樹上的果子麼？|zh
113|3|1|1|Now the snake was wiser than any beast of the field which the Lord God had made. And he said to the woman, Has God truly said that you may not take of the fruit of any tree in the garden?|en
114|3|2|2|女人對蛇說：園中樹上的果子，我們可以吃，|zh
115|3|2|2|And the woman said, We may take of the fruit of the trees in the garden:|en
116|3|3|3|惟有園當中那棵樹上的果子，神曾說：你們不可吃，也不可摸，免得你們死。|zh
117|3|3|3|But of the fruit of the tree in the middle of the garden, God has said, If you take of it or put your hands on it, death will come to you.|en
118|3|4|4|蛇對女人說：你們不一定死；|zh
119|3|4|4|And the snake said, Death will not certainly come to you:|en
120|3|5|5|因為神知道，你們吃的日子眼睛就明亮了，你們便如神能知道善惡。|zh
121|3|5|5|For God sees that on the day when you take of its fruit, your eyes will be open, and you will be as gods, having knowledge of good and evil.|en
122|3|6|6|於是女人見那棵樹的果子好作食物，也悅人的眼目，且是可喜愛的，能使人有智慧，就摘下果子來吃了，又給他丈夫，他丈夫也吃了。|zh
123|3|6|6|And when the woman saw that the tree was good for food, and a delight to the eyes, and to be desired to make one wise, she took of its fruit, and gave it to her husband.|en
124|3|7|7|他們二人的眼睛就明亮了，才知道自己是赤身露體，便拿無花果樹的葉子為自己編作裙子。|zh
125|3|7|7|And their eyes were open and they were conscious that they had no clothing and they made themselves coats of leaves stitched together.|en
126|3|8|8|天起了涼風，耶和華神在園中行走。那人和他妻子聽見　神的聲音，就藏在園裡的樹木中，躲避耶和華　神的面。|zh
127|3|8|8|And there came to them the sound of the Lord God walking in the garden in the evening wind: and the man and his wife went to a secret place among the trees of the garden, away from the eyes of the Lord God.|en
128|3|9|9|耶和華神呼喚那人，對他說：你在那裡？|zh
129|3|9|9|And the voice of the Lord God came to the man, saying, Where are you?|en
130|3|10|10|他說：我在園中聽見你的聲音，我就害怕；因為我赤身露體，我便藏了。|zh
131|3|10|10|And he said, Hearing your voice in the garden I was full of fear, because I was without clothing: and I kept myself from your eyes.|en
132|3|11|11|耶和華說：誰告訴你赤身露體呢？莫非你吃了我吩咐你不可吃的那樹上的果子嗎？|zh
133|3|11|11|And he said, Who gave you the knowledge that you were without clothing? Have you taken of the fruit of the tree which I said you were not to take?|en
134|3|12|12|那人說：你所賜給我與我同居的女人，他把那樹上的果子給我，我就吃了。|zh
135|3|12|12|And the man said, The woman whom you gave to be with me, she gave me the fruit of the tree and I took it.|en
136|3|13|13|耶和華神對女人說：你作的是甚麼事呢？女人說：那蛇引誘我，我就吃了。|zh
137|3|13|13|And the Lord God said to the woman, What have you done? And the woman said, I was tricked by the deceit of the snake and I took it.|en
138|3|14|14|耶和華神對蛇說：你既作了這事，就必受咒詛，比一切的牲畜野獸更甚。你必用肚子行走，終身吃土。|zh
139|3|14|14|And the Lord God said to the snake, Because you have done this you are cursed more than all cattle and every beast of the field; you will go flat on the earth, and dust will be your food all the days of your life:|en
140|3|15|15|我又要叫你和女人彼此為仇；你的後裔和女人的後裔也彼此為仇。女人的後裔要傷你的頭；你要傷他的腳跟。|zh
141|3|15|15|And there will be war between you and the woman and between your seed and her seed: by him will your head be crushed and by you his foot will be wounded.|en
142|3|16|16|又對女人說：我必多多加增你懷胎的苦楚；你生產兒女必多受苦楚。你必戀慕你丈夫；你丈夫必管轄你。|zh
143|3|16|16|To the woman he said, Great will be your pain in childbirth; in sorrow will your children come to birth; still your desire will be for your husband, but he will be your master.|en
144|3|17|17|又對亞當說：你既聽從妻子的話，吃了我所吩咐你不可吃的那樹上的果子，地必為你的緣故受咒詛；你必終身勞苦才能從地裡得吃的。|zh
145|3|17|17|And to Adam he said, Because you gave ear to the voice of your wife and took of the fruit of the tree which I said you were not to take, the earth is cursed on your account; in pain you will get your food from it all your life.|en
146|3|18|18|地必給你長出荊棘和蒺藜來；你也要吃田間的菜蔬。|zh
147|3|18|18|Thorns and waste plants will come up, and the plants of the field will be your food;|en
148|3|19|19|你必汗流滿面才得糊口，直到你歸了土，因為你是從土而出的。你本是塵土，仍要歸於塵土。|zh
149|3|19|19|With the hard work of your hands you will get your bread till you go back to the earth from which you were taken: for dust you are and to the dust you will go back.|en
150|3|20|20|亞當給他妻子起名叫夏娃，因為他是眾生之母。|zh
151|3|20|20|And the man gave his wife the name of Eve because she was the mother of all who have life.|en
152|3|21|21|耶和華神為亞當和他妻子用皮子作衣服給他們穿。|zh
153|3|21|21|And the Lord God made for Adam and for his wife coats of skins for their clothing.|en
154|3|22|22|耶和華神說：那人已經與我們相似，能知道善惡；現在恐怕他伸手又摘生命樹的果子吃，就永遠活著。|zh
155|3|22|22|And the Lord God said, Now the man has become like one of us, having knowledge of good and evil; and now if he puts out his hand and takes of the fruit of the tree of life, he will go on living for ever.|en
156|3|23|23|耶和華神便打發他出伊甸園去，耕種他所自出之土。|zh
157|3|23|23|So the Lord God sent him out of the garden of Eden to be a worker on the earth from which he was taken.|en
158|3|24|24|於是把他趕出去了；又在伊甸園的東邊安設基路伯和四面轉動發火燄的劍，要把守生命樹的道路。|zh
159|3|24|24|So he sent the man out; and at the east of the garden of Eden he put winged ones and a flaming sword turning every way to keep the way to the tree of life.|en
160|4|1|1|有一日，那人和他妻子夏娃同房，夏娃就懷孕，生了該隱(就是得的意思)，便說：耶和華使我得了一個男子。|zh
161|4|1|1|And the man had connection with Eve his wife, and she became with child and gave birth to Cain, and said, I have got a man from the Lord.|en
162|4|2|2|又生了該隱的兄弟亞伯。亞伯是牧羊的；該隱是種地的。|zh
163|4|2|2|Then again she became with child and gave birth to Abel, his brother. And Abel was a keeper of sheep, but Cain was a farmer.|en
164|4|3|3|有一日，該隱拿地裡的出產為供物獻給耶和華|zh
165|4|3|3|And after a time, Cain gave to the Lord an offering of the fruits of the earth.|en
166|4|4|4|亞伯也將他羊群中頭生的和羊的脂油獻上。耶和華看中了亞伯和他的供物，|zh
167|4|4|4|And Abel gave an offering of the young lambs of his flock and of their fat. And the Lord was pleased with Abel's offering;|en
168|4|5|5|只是看不中該隱和他的供物。該隱就大大的發怒，變了臉色。|zh
169|4|5|5|But in Cain and his offering he had no pleasure. And Cain was angry and his face became sad.|en
170|4|6|6|耶和華對該隱說：你為甚麼發怒呢？你為甚麼變了臉色呢？|zh
171|4|6|6|And the Lord said to Cain, Why are you angry? and why is your face sad?|en
172|4|7|7|你若行得好，豈不蒙悅納？你若行得不好，罪就伏在門前。他必戀慕你，你卻要制伏他。|zh
173|4|7|7|If you do well, will you not have honour? and if you do wrong, sin is waiting at the door, desiring to have you, but do not let it be your master.|en
174|4|8|8|該隱與他兄弟亞伯說話；二人正在田間。該隱起來打他兄弟亞伯，把他殺了。|zh
175|4|8|8|And Cain said to his brother, Let us go into the field: and when they were in the field, Cain made an attack on his brother Abel and put him to death.|en
176|4|9|9|耶和華對該隱說：你兄弟亞伯在那裡？他說：我不知道！我豈是看守我兄弟的麼？|zh
177|4|9|9|And the Lord said to Cain, Where is your brother Abel? And he said, I have no idea: am I my brother's keeper?|en
178|4|10|10|耶和華說：你作了甚麼事呢？你兄弟的血有聲音從地裡向我哀告。|zh
179|4|10|10|And he said, What have you done? the voice of your brother's blood is crying to me from the earth.|en
180|4|11|11|地開了口，從你手裡接受你兄弟的血。現在你必從這地受咒詛。|zh
181|4|11|11|And now you are cursed from the earth, whose mouth is open to take your brother's blood from your hand;|en
182|4|12|12|你種地，地不再給你效力；你必流離飄蕩在地上。|zh
183|4|12|12|No longer will the earth give you her fruit as the reward of your work; you will be a wanderer in flight over the earth.|en
184|4|13|13|該隱對耶和華說：我的刑罰太重，過於我所能當的。|zh
185|4|13|13|And Cain said, My punishment is greater than my strength.|en
186|4|14|14|你如今趕逐我離開這地，以致不見你面；我必流離飄蕩在地上，凡遇見我的必殺我。|zh
187|4|14|14|You have sent me out this day from the face of the earth and from before your face; I will be a wanderer in flight over the earth, and whoever sees me will put me to death.|en
188|4|15|15|耶和華對他說：凡殺該隱的，必遭報七倍。耶和華就給該隱立一個記號，免得人遇見他就殺他。|zh
189|4|15|15|And the Lord said, Truly, if Cain is put to death, seven lives will be taken for his. And the Lord put a mark on Cain so that no one might put him to death.|en
190|4|16|16|於是該隱離開耶和華的面，去住在伊甸東邊挪得之地。|zh
191|4|16|16|And Cain went away from before the face of the Lord, and made his living-place in the land of Nod on the east of Eden.|en
192|4|17|17|該隱與妻子同房，他妻子就懷孕，生了以諾。該隱建造了一座城，就按著他兒子的名將那城叫作以諾。|zh
193|4|17|17|And Cain had connection with his wife and she became with child and gave birth to Enoch: and he made a town, and gave the town the name of Enoch after his son.|en
194|4|18|18|以諾生以拿；以拿生米戶雅利；米戶雅利生瑪土撒利；瑪土撒利生拉麥。|zh
195|4|18|18|And Enoch had a son Irad: and Irad became the father of Mehujael: and Mehujael became the father of Methushael: and Methushael became the father of Lamech.|en
196|4|19|19|拉麥娶了兩個妻：一個名叫亞大，一個名叫洗拉。|zh
197|4|19|19|And Lamech had two wives; the name of the one was Adah, and the name of the other Zillah.|en
198|4|20|20|亞大生雅八；雅八就是住帳棚、牧養牲畜之人的祖師。|zh
199|4|20|20|And Adah gave birth to Jabal: he was the father of such as are living in tents and keep cattle.|en
200|4|21|21|雅八的兄弟名叫猶八；他是一切彈琴吹簫之人的祖師。|zh
201|4|21|21|And his brother's name was Jubal: he was the father of all players on instruments of music.|en
202|4|22|22|洗拉又生了土八該隱；他是打造各樣銅鐵利器的(或作：是銅匠鐵匠的祖師)。土八該隱的妹子是拿瑪。|zh
203|4|22|22|And Zillah gave birth to Tubal-cain, who is the father of every maker of cutting instruments of brass and iron: and the sister of Tubal-cain was Naamah.|en
204|4|23|23|拉麥對他兩個妻子說：亞大、洗拉，聽我的聲音；拉麥的妻子，細聽我的話語：壯年人傷我，我把他殺了；少年人損我，我把他害了(或作我殺壯士卻傷自己，我害幼童卻損本身。)|zh
205|4|23|23|And Lamech said to his wives, Adah and Zillah, give ear to my voice; you wives of Lamech, give attention to my words, for I would put a man to death for a wound, and a young man for a blow;|en
206|4|24|24|若殺該隱，遭報七倍，殺拉麥，必遭報七十七倍。|zh
207|4|24|24|If seven lives are to be taken as punishment for Cain's death, seventy-seven will be taken for Lamech's.|en
208|4|25|25|亞當又與妻子同房，他就生了一個兒子，起名叫塞特，意思說：神另給我立了一個兒子代替亞伯，因為該隱殺了他。|zh
209|4|25|25|And Adam had connection with his wife again, and she gave birth to a son to whom she gave the name of Seth: for she said, God has given me another seed in place of Abel, whom Cain put to death.|en
210|4|26|26|塞特也生了一個兒子，起名叫以挪士。那時候，人才求告耶和華的名。|zh
211|4|26|26|And Seth had a son, and he gave him the name of Enosh: at this time men first made use of the name of the Lord in worship.|en
212|5|1|1|亞當的後代記在下面。〈當神造人的日子，是照著自己的樣式造的，|zh
213|5|1|1|This is the book of the generations of Adam. In the day when God made man, he made him in the image of God;|en
214|5|2|2|並且造男造女。在他們被造的日子，神賜福給他們，稱他們為人。〉|zh
215|5|2|2|Male and female he made them, naming them Man, and giving them his blessing on the day when they were made.|en
216|5|3|3|亞當活到一百三十歲，生了一個兒子，形像樣式和自己相似，就給他起名叫塞特。|zh
217|5|3|3|Adam had been living for a hundred and thirty years when he had a son like himself, after his image, and gave him the name of Seth:|en
218|5|4|4|亞當生塞特之後，又在世八百年，並且生兒養女。|zh
219|5|4|4|And after the birth of Seth, Adam went on living for eight hundred years, and had sons and daughters:|en
220|5|5|5|亞當共活了九百三十歲就死了。|zh
221|5|5|5|And all the years of Adam's life were nine hundred and thirty: and he came to his end.|en
222|5|6|6|塞特活到一百零五歲，生了以挪士。|zh
223|5|6|6|And Seth was a hundred and five years old when he became the father of Enosh:|en
224|5|7|7|塞特生以挪士之後，又活了八百零七年，並且生兒養女。|zh
225|5|7|7|And he went on living after the birth of Enosh for eight hundred and seven years, and had sons and daughters:|en
226|5|8|8|塞特共活了九百一十二歲就死了。|zh
227|5|8|8|And all the years of Seth's life were nine hundred and twelve: and he came to his end.|en
228|5|9|9|以挪士活到九十歲，生了該南。|zh
229|5|9|9|And Enosh was ninety years old when he became the father of Kenan:|en
230|5|10|10|以挪士生該南之後，又活了八百一十五年，並且生兒養女。|zh
231|5|10|10|And after the birth of Kenan, Enosh went on living for eight hundred and fifteen years, and had sons and daughters:|en
232|5|11|11|以挪士共活了九百零五歲就死了。|zh
233|5|11|11|And all the years of Enosh were nine hundred and five: and he came to his end.|en
234|5|12|12|該南活到七十歲，生了瑪勒列。|zh
235|5|12|12|And Kenan was seventy years old when he became the father of Mahalalel:|en
236|5|13|13|該南生瑪勒列之後，又活了八百四十年，並且生兒養女。|zh
237|5|13|13|And after the birth of Mahalalel, Kenan went on living for eight hundred and forty years, and had sons and daughters:|en
238|5|14|14|該南共活了九百一十歲就死了。|zh
239|5|14|14|And all the years of Kenan's life were nine hundred and ten; and he came to his end.|en
240|5|15|15|瑪勒列活到六十五歲，生了雅列。|zh
241|5|15|15|And Mahalalel was sixty-five years old when he became the father of Jared:|en
242|5|16|16|瑪勒列生雅列之後，又活了八百三十年，並且生兒養女。|zh
243|5|16|16|And after the birth of Jared, Mahalalel went on living for eight hundred and thirty years, and had sons and daughters:|en
244|5|17|17|瑪勒列共活了八百九十五歲就死了。|zh
245|5|17|17|And all the years of Mahalalel's life were eight hundred and ninety-five: and he came to his end.|en
246|5|18|18|雅列活到一百六十二歲，生了以諾。|zh
247|5|18|18|And Jared was a hundred and sixty-two years old when he became the father of Enoch:|en
248|5|19|19|雅列生以諾之後，又活了八百年，並且生兒養女。|zh
249|5|19|19|And Jared went on living after the birth of Enoch for eight hundred years, and had sons and daughters:|en
250|5|20|20|雅列共活了九百六十二歲就死了.。|zh
251|5|20|20|And all the years of Jared's life were nine hundred and sixty-two: and he came to his end.|en
252|5|21|21|以諾活到六十五歲，生了瑪土撒拉。|zh
253|5|21|21|And Enoch was sixty-five years old when he became the father of Methuselah:|en
254|5|22|22|以諾生瑪土撒拉之後，與神同行三百年，並且生兒養女。|zh
255|5|22|22|And after the birth of Methuselah, Enoch went on in God's ways for three hundred years, and had sons and daughters:|en
256|5|23|23|以諾共活了三百六十五歲。|zh
257|5|23|23|And all the years of Enoch's life were three hundred and sixty-five:|en
258|5|24|24|以諾與神同行，　神將他取去，他就不在世了。|zh
259|5|24|24|And Enoch went on in God's ways: and he was not seen again, for God took him.|en
260|5|25|25|瑪土撒拉活到一百八十七歲，生了拉麥。|zh
261|5|25|25|And Methuselah was a hundred and eighty-seven years old when he became the father of Lamech:|en
262|5|26|26|瑪土撒拉生拉麥之後，又活了七百八十二年，並且生兒養女。|zh
263|5|26|26|And after the birth of Lamech, Methuselah went on living for seven hundred and eighty-two years, and had sons and daughters:|en
264|5|27|27|瑪土撒拉共活了九百六十九歲就死了。|zh
265|5|27|27|And all the years of Methuselah's life were nine hundred and sixty-nine: and he came to his end.|en
266|5|28|28|拉麥活到一百八十二歲，生了一個兒子，|zh
267|5|28|28|And Lamech was a hundred and eighty-two years old when he had a son:|en
268|5|29|29|給他起名叫挪亞，說：這個兒子必為我們的操作和手中的勞苦安慰我們；這操作勞苦是因為耶和華咒詛地。|zh
269|5|29|29|And he gave him the name of Noah, saying, Truly, he will give us rest from our trouble and the hard work of our hands, because of the earth which was cursed by God.|en
270|5|30|30|拉麥生挪亞之後，又活了五百九十五年，並且生兒養女。|zh
271|5|30|30|And after the birth of Noah, Lamech went on living for five hundred and ninety-five years, and had sons and daughters:|en
272|5|31|31|拉麥共活了七百七十七歲就死了。|zh
273|5|31|31|And all the years of Lamech's life were seven hundred and seventy-seven: and he came to his end.|en
274|5|32|32|挪亞五百歲生了閃、含、雅弗。|zh
275|5|32|32|And when Noah was five hundred years old, he became the father of Shem, Ham, and Japheth.|en
276|6|1|1|當人在世上多起來又生女兒的時候，|zh
277|6|1|1|And after a time, when men were increasing on the earth, and had daughters,|en
278|6|2|2|神的兒子們看見人的女子美貌，就隨意挑選，娶來為妻。|zh
279|6|2|2|The sons of God saw that the daughters of men were fair; and they took wives for themselves from those who were pleasing to them.|en
280|6|3|3|耶和華說：人既屬乎血氣，我的靈就不永遠住在他裡面；然而他的日子還可到一百二十年。|zh
281|6|3|3|And the Lord said, My spirit will not be in man for ever, for he is only flesh; so the days of his life will be a hundred and twenty years.|en
282|6|4|4|那時候有偉人在地上，後來神的兒子們和人的女子們交合生子；那就是上古英武有名的人。|zh
283|6|4|4|There were men of great strength and size on the earth in those days; and after that, when the sons of God had connection with the daughters of men, they gave birth to children: these were the great men of old days, the men of great name.|en
284|6|5|5|耶和華見人在地上罪惡很大，終日所思想的盡都是惡，|zh
285|6|5|5|And the Lord saw that the sin of man was great on the earth, and that all the thoughts of his heart were evil.|en
286|6|6|6|耶和華就後悔造人在地上，心中憂傷。|zh
287|6|6|6|And the Lord had sorrow because he had made man on the earth, and grief was in his heart.|en
288|6|7|7|耶和華說：我要將所造的人和走獸，並昆蟲，以及空中的飛鳥，都從地上除滅，因為我造他們後悔了。|zh
289|6|7|7|And the Lord said, I will take away man, whom I have made, from the face of the earth, even man and beast and that which goes on the earth and every bird of the air; for I have sorrow for having made them.|en
290|6|8|8|惟有挪亞在耶和華眼前蒙恩。|zh
291|6|8|8|But Noah had grace in the eyes of God.|en
292|6|9|9|挪亞的後代記在下面。挪亞是個義人，在當時的世代是個完全人。挪亞與神同行。|zh
293|6|9|9|These are the generations of Noah. Noah was an upright man and without sin in his generation: he went in the ways of God.|en
294|6|10|10|挪亞生了三個兒子，就是閃、含、雅弗。|zh
295|6|10|10|And Noah had three sons, Shem, Ham, and Japheth.|en
296|6|11|11|世界在神面前敗壞，地上滿了強暴.。|zh
297|6|11|11|And the earth was evil in God's eyes and full of violent ways.|en
298|6|12|12|神觀看世界，見是敗壞了；凡有血氣的人在地上.都敗壞了行為。|zh
299|6|12|12|And God, looking on the earth, saw that it was evil: for the way of all flesh had become evil on the earth.|en
300|6|13|13|神就對挪亞說：凡有血氣的人，他的盡頭已經來到我面前；因為地上滿了他們的強暴，我要把他們和地一併毀滅。|zh
301|6|13|13|And God said to Noah, The end of all flesh has come; the earth is full of their violent doings, and now I will put an end to them with the earth.|en
302|6|14|14|你要用歌斐木造一隻方舟，分一間一間地造，裡外抹上松香。|zh
303|6|14|14|Make for yourself an ark of gopher wood with rooms in it, and make it safe from the water inside and out.|en
304|6|15|15|方舟的造法乃是這樣：要長三百肘，寬五十肘，高三十肘。|zh
305|6|15|15|And this is the way you are to make it: it is to be three hundred cubits long, fifty cubits wide, and thirty cubits high.|en
306|6|16|16|方舟上邊要留透光處，高一肘。方舟的門要開在旁邊。方舟要分上、中、下三層。|zh
307|6|16|16|You are to put a window in the ark, a cubit from the roof, and a door in the side of it, and you are to make it with a lower and second and third floors.|en
308|6|17|17|看哪，我要使洪水氾濫在地上，毀滅天下；凡地上有血肉、有氣息的活物，無一不死。|zh
309|6|17|17|For truly, I will send a great flow of waters over the earth, for the destruction from under the heaven of all flesh in which is the breath of life; everything on the earth will come to an end.|en
310|6|18|18|我卻要與你立約；你同你的妻，與兒子兒婦，都要進入方舟。|zh
311|6|18|18|But with you I will make an agreement; and you will come into the ark, you and your sons and your wife and your sons' wives with you.|en
312|6|19|19|凡有血肉的活物，每樣兩個，一公一母，你要帶進方舟，好在你那裡保全生命。|zh
313|6|19|19|And you will take with you into the ark two of every sort of living thing, and keep them safe with you; they will be male and female.|en
314|6|20|20|飛鳥各從其類，牲畜各從其類，地上的昆蟲各從其類，每樣兩個，要到你那裡，好保全生命。|zh
315|6|20|20|Two of every sort of bird and cattle and of every sort of living thing which goes on the earth will you take with you to keep them from destruction.|en
316|6|21|21|你要拿各樣食物積蓄起來，好作你和他們的食物。|zh
317|6|21|21|And make a store of every sort of food for yourself and them.|en
318|6|22|22|挪亞就這樣行。凡神所吩咐的，他都照樣行了。|zh
319|6|22|22|And all these things Noah did; as God said, so he did.|en
320|7|1|1|耶和華對挪亞說：你和你的全家都要進入方舟；因為在這世代中，我見你在我面前是義人。|zh
321|7|1|1|And the Lord said to Noah, Take all your family and go into the ark, for you only in this generation have I seen to be upright.|en
322|7|2|2|凡潔淨的畜類，你要帶七公七母；不潔淨的畜類，你要帶一公一母；|zh
323|7|2|2|Of every clean beast you will take seven males and seven females, and of the beasts which are not clean, two, the male and his female;|en
324|7|3|3|空中的飛鳥也要帶七公七母，可以留種，活在全地上；|zh
325|7|3|3|And of the birds of the air, seven males and seven females, so that their seed may still be living on the face of the earth.|en
326|7|4|4|因為再過七天，我要降雨在地上四十晝夜，把我所造的各種活物都從地上除滅。|zh
327|7|4|4|For after seven days I will send rain on the earth for forty days and forty nights, for the destruction of every living thing which I have made on the face of the earth.|en
328|7|5|5|挪亞就遵著耶和華所吩咐的行了。|zh
329|7|5|5|And Noah did everything which the Lord said he was to do.|en
330|7|6|6|當洪水氾濫在地上的時候，挪亞整六百歲。|zh
331|7|6|6|And Noah was six hundred years old when the waters came flowing over all the earth.|en
332|7|7|7|挪亞就同他的妻和兒子兒婦都進入方舟，躲避洪水。|zh
333|7|7|7|And Noah, with his sons and his wife and his sons' wives, went into the ark because of the flowing of the waters.|en
334|7|8|8|潔淨的畜類和不潔淨的畜類，飛鳥並地上一切的昆蟲，|zh
335|7|8|8|Of clean beasts, and of beasts which are not clean, and of birds, and of everything which goes on the earth,|en
336|7|9|9|都是一對一對的，有公有母，到挪亞那裡進入方舟，正如神所吩咐挪亞的。|zh
337|7|9|9|In twos, male and female, they went into the ark with Noah, as God had said.|en
338|7|10|10|過了那七天，洪水氾濫在地上。|zh
339|7|10|10|And after the seven days, the waters came over all the earth.|en
340|7|11|11|當挪亞六百歲，二月十七日那一天，大淵的泉源都裂開了，天上的窗戶也敞開了|zh
341|7|11|11|In the six hundredth year of Noah's life, in the second month, on the seventeenth day of the month, all the fountains of the great deep came bursting through, and the windows of heaven were open;|en
342|7|12|12|四十晝夜降大雨在地上。|zh
343|7|12|12|And rain came down on the earth for forty days and forty nights.|en
344|7|13|13|正當那日，挪亞和他三個兒子閃、含、雅弗，並挪亞的妻子和三個兒婦，都進入方舟。|zh
345|7|13|13|On the same day Noah, with Shem, Ham, and Japheth, his sons, and his wife and his sons' wives, went into the ark;|en
346|7|14|14|他們和百獸，各從其類，一切牲畜，各從其類，爬在地上的昆蟲，各從其類，一切禽鳥，各從其類，都進入方舟。|zh
347|7|14|14|And with them, every sort of beast and cattle, and every sort of thing which goes on the earth, and every sort of bird.|en
348|7|15|15|凡有血肉、有氣息的活物，都一對一對地到挪亞那裡，進入方舟。|zh
349|7|15|15|They went with Noah into the ark, two and two of all flesh in which is the breath of life.|en
350|7|16|16|凡有血肉進入方舟的，都是有公有母，正如神所吩咐挪亞的。耶和華就把他關在方舟裡頭。|zh
351|7|16|16|Male and female of all flesh went in, as God had said, and the ark was shut by the Lord.|en
352|7|17|17|洪水氾濫在地上四十天，水往上長，把方舟從地上漂起。|zh
353|7|17|17|And for forty days the waters were over all the earth; and the waters were increased so that the ark was lifted up high over the earth.|en
354|7|18|18|水勢浩大，在地上大大地往上長，方舟在水面上漂來漂去。|zh
355|7|18|18|And the waters overcame everything and were increased greatly on the earth, and the ark was resting on the face of the waters.|en
356|7|19|19|水勢在地上極其浩大，天下的高山都淹沒了。|zh
357|7|19|19|And the waters overcame everything on the earth; and all the mountains under heaven were covered.|en
358|7|20|20|水勢比山高過十五肘，山嶺都淹沒了。|zh
359|7|20|20|The waters went fifteen cubits higher, till all the mountains were covered.|en
360|7|21|21|凡在地上有血肉的動物，就是飛鳥、牲畜、走獸，和爬在地上的昆蟲，以及所有的人，都死了。|zh
361|7|21|21|And destruction came on every living thing moving on the earth, birds and cattle and beasts and everything which went on the earth, and every man.|en
362|7|22|22|凡在旱地上、鼻孔有氣息的生靈都死了。|zh
363|7|22|22|Everything on the dry land, in which was the breath of life, came to its end.|en
364|7|23|23|凡地上各類的活物，連人帶牲畜、昆蟲，以及空中的飛鳥，都從地上除滅了，只留下挪亞和那些與他同在方舟裡的。|zh
365|7|23|23|Every living thing on the face of all the earth, man and cattle and things moving on the face of the earth, and birds of the air, came to destruction: only Noah and those who were with him in the ark, were kept from death.|en
366|7|24|24|水勢浩大，在地上共一百五十天。|zh
367|7|24|24|And the waters were over the earth a hundred and fifty days.|en
368|8|1|1|神記念挪亞和挪亞方舟裡的一切走獸牲畜。神叫風吹地，水勢漸落。|zh
369|8|1|1|And God kept Noah in mind, and all the living things and the cattle which were with him in the ark: and God sent a wind over the earth, and the waters went down.|en
370|8|2|2|淵源和天上的窗戶都閉塞了，天上的大雨也止住了。|zh
371|8|2|2|And the fountains of the deep and the windows of heaven were shut, and the rain from heaven was stopped.|en
372|8|3|3|水從地上漸退。過了一百五十天，水就漸消。|zh
373|8|3|3|And the waters went slowly back from the earth, and at the end of a hundred and fifty days the waters were lower.|en
374|8|4|4|七月十七日，方舟停在亞拉臘山上。|zh
375|8|4|4|And on the seventeenth day of the seventh month the ark came to rest on the mountains of Ararat.|en
376|8|5|5|水又漸消，到十月初一日，山頂都現出來了。|zh
377|8|5|5|And still the waters went on falling, till on the first day of the tenth month the tops of the mountains were seen.|en
378|8|6|6|過了四十天，挪亞開了方舟的窗戶，|zh
379|8|6|6|Then, after forty days, through the open window of the ark which he had made,|en
380|8|7|7|放出一隻烏鴉去；那烏鴉飛來飛去，直到地上的水都乾了。|zh
381|8|7|7|Noah sent out a raven, which went this way and that till the waters were gone from the earth.|en
382|8|8|8|他又放出一隻鴿子去，要看看水從地上退了沒有。|zh
383|8|8|8|And he sent out a dove, to see if the waters had gone from the face of the earth;|en
384|8|9|9|但遍地上都是水，鴿子找不著落腳之地，就回到方舟挪亞那裡，挪亞伸手把鴿子接進方舟來。|zh
385|8|9|9|But the dove saw no resting-place for her foot, and came back to the ark, for the waters were still over all the earth; and he put out his hand, and took her into the ark.|en
386|8|10|10|他又等了七天，再把鴿子從方舟放出去。|zh
387|8|10|10|And after waiting another seven days, he sent the dove out again;|en
388|8|11|11|到了晚上，鴿子回到他那裡，嘴裡叼著一個新擰下來的橄欖葉子，挪亞就知道地上的水退了。|zh
389|8|11|11|And the dove came back at evening, and in her mouth was an olive-leaf broken off: so Noah was certain that the waters had gone down on the earth.|en
390|8|12|12|他又等了七天，放出鴿子去，鴿子就不再回來了。|zh
391|8|12|12|And after seven days more, he sent the dove out again, but she did not come back to him.|en
392|8|13|13|到挪亞六百零一歲，正月初一日，地上的水都乾了。挪亞撤去方舟的蓋觀看，便見地面上乾了。|zh
393|8|13|13|And in the six hundred and first year, on the first day of the first month, the waters were dry on the earth: and Noah took the cover off the ark and saw that the face of the earth was dry.|en
394|8|14|14|到了二月二十七日，地就都乾了。|zh
395|8|14|14|And on the twenty-seventh day of the second month the earth was dry.|en
396|8|15|15|神對挪亞說：|zh
397|8|15|15|And God said to Noah,|en
398|8|16|16|你和你的妻子、兒子、兒婦都可以出方舟。|zh
399|8|16|16|Go out of the ark, you and your wife and your sons and your sons' wives.|en
400|8|17|17|在你那裡凡有血肉的活物，就是飛鳥、牲畜，和一切爬在地上的昆蟲，都要帶出來，叫他在地上多多滋生，大大興旺。|zh
401|8|17|17|Take out with you every living thing which is with you, birds and cattle and everything which goes on the earth, so that they may have offspring and be fertile and be increased on the earth.|en
402|8|18|18|於是挪亞和他的妻子、兒子、兒婦都出來了。|zh
403|8|18|18|And Noah went out with his sons and his wife and his sons' wives;|en
404|8|19|19|一切走獸、昆蟲、飛鳥，和地上所有的動物，各從其類，也都出了方舟。|zh
405|8|19|19|And every beast and bird and every living thing of every sort which goes on the earth, went out of the ark.|en
406|8|20|20|挪亞為耶和華築了一座壇，拿各類潔淨的牲畜、飛鳥獻在壇上為燔祭。|zh
407|8|20|20|And Noah made an altar to the Lord, and from every clean beast and bird he made burned offerings on the altar.|en
408|8|21|21|耶和華聞那馨香之氣，就心裡說：我不再因人的緣故咒詛地（人從小時心裡懷著惡念），也不再按著我才行的滅各種的活物了。|zh
409|8|21|21|And when the sweet smell came up to the Lord, he said in his heart, I will not again put a curse on the earth because of man, for the thoughts of man's heart are evil from his earliest days; never again will I send destruction on all living things as I have done.|en
410|8|22|22|地還存留的時候，稼穡、寒暑、冬夏、晝夜就永不停息了。|zh
411|8|22|22|While the earth goes on, seed time and the getting in of the grain, cold and heat, summer and winter, day and night, will not come to an end.|en
412|9|1|1|神賜福給挪亞和他的兒子，對他們說：你們要生養眾多，遍滿了地。|zh
413|9|1|1|And God gave his blessing to Noah and his sons, and said, Be fertile, and have increase, and make the earth full.|en
414|9|2|2|凡地上的走獸和空中的飛鳥都必驚恐，懼怕你們，連地上一切的昆蟲並海裡一切的魚都交付你們的手。|zh
415|9|2|2|And the fear of you will be strong in every beast of the earth and every bird of the air; everything which goes on the land, and all the fishes of the sea, are given into your hands.|en
416|9|3|3|凡活著的動物都可以作你們的食物。這一切我都賜給你們，如同菜蔬一樣。|zh
417|9|3|3|Every living and moving thing will be food for you; I give them all to you as before I gave you all green things.|en
418|9|4|4|惟獨肉帶著血，那就是他的生命，你們不可吃。|zh
419|9|4|4|But flesh with the life-blood in it you may not take for food.|en
420|9|5|5|流你們血、害你們命的，無論是獸是人，我必討他的罪，就是向各人的弟兄也是如此。|zh
421|9|5|5|And for your blood, which is your life, will I take payment; from every beast I will take it, and from every man will I take payment for the blood of his brother-man.|en
422|9|6|6|凡流人血的，他的血也必被人所流，因為神造人是照自己的形像造的。|zh
423|9|6|6|Whoever takes a man's life, by man will his life be taken; because God made man in his image.|en
424|9|7|7|你們要生養眾多，在地上昌盛繁茂。|zh
425|9|7|7|And now, be fertile and have increase; have offspring on the earth and become great in number.|en
426|9|8|8|神曉諭挪亞和他的兒子說：|zh
427|9|8|8|And God said to Noah and to his sons,|en
428|9|9|9|我與你們和你們的後裔立約，|zh
429|9|9|9|Truly, I will make my agreement with you and with your seed after you,|en
430|9|10|10|並與你們這裡的一切活物─就是飛鳥、牲畜、走獸，凡從方舟裡出來的活物─立約。|zh
431|9|10|10|And with every living thing with you, all birds and cattle and every beast of the earth which comes out of the ark with you.|en
432|9|11|11|我與你們立約，凡有血肉的，不再被洪水滅絕，也不再有洪水毀壞地了。|zh
433|9|11|11|And I will make my agreement with you; never again will all flesh be cut off by the waters; never again will the waters come over all the earth for its destruction.|en
434|9|12|12|神說：我與你們並你們這裡的各樣活物所立的永約是有記號的。|zh
435|9|12|12|And God said, This is the sign of the agreement which I make between me and you and every living thing with you, for all future generations:|en
436|9|13|13|我把虹放在雲彩中，這就可作我與地立約的記號了。|zh
437|9|13|13|I will put my bow in the cloud and it will be for a sign of the agreement between me and the earth.|en
438|9|14|14|我使雲彩蓋地的時候，必有虹現在雲彩中，|zh
439|9|14|14|And whenever I make a cloud come over the earth, the bow will be seen in the cloud,|en
440|9|15|15|我便記念我與你們和各樣有血肉的活物所立的約，水就再不氾濫、毀壞一切有血肉的物了。|zh
441|9|15|15|And I will keep in mind the agreement between me and you and every living thing; and never again will there be a great flow of waters causing destruction to all flesh.|en
442|9|16|16|虹必現在雲彩中，我看見，就要記念我與地上各樣有血肉的活物所立的永約。|zh
443|9|16|16|And the bow will be in the cloud, and looking on it, I will keep in mind the eternal agreement between God and every living thing on the earth.|en
444|9|17|17|神對挪亞說：這就是我與地上一切有血肉之物立約的記號了。|zh
445|9|17|17|And God said to Noah, This is the sign of the agreement which I have made between me and all flesh on the earth.|en
446|9|18|18|出方舟挪亞的兒子就是閃、含、雅弗。含是迦南的父親。|zh
447|9|18|18|And the sons of Noah who went out of the ark were Shem, Ham, and Japheth; and Ham is the father of Canaan.|en
448|9|19|19|這是挪亞的三個兒子，他們的後裔分散在全地。|zh
449|9|19|19|These three were the sons of Noah and from them all the earth was peopled.|en
450|9|20|20|挪亞作起農夫來，栽了一個葡萄園。|zh
451|9|20|20|In those days Noah became a farmer, and he made a vine-garden.|en
452|9|21|21|他喝了園中的酒便醉了，在帳棚裡赤著身子。|zh
453|9|21|21|And he took of the wine of it and was overcome by drink; and he was uncovered in his tent.|en
454|9|22|22|迦南的父親含看見他父親赤身，就到外邊告訴他兩個弟兄。|zh
455|9|22|22|And Ham, the father of Canaan, saw his father unclothed, and gave news of it to his two brothers outside.|en
456|9|23|23|於是閃和雅弗拿件衣服搭在肩上，倒退著進去，給他父親蓋上；他們背著臉就看不見父親的赤身。|zh
457|9|23|23|And Shem and Japheth took a robe, and putting it on their backs went in with their faces turned away, and put it over their father so that they might not see him unclothed.|en
458|9|24|24|挪亞醒了酒，知道小兒子向他所作的事，|zh
459|9|24|24|And, awaking from his wine, Noah saw what his youngest son had done to him, and he said,|en
460|9|25|25|就說：迦南當受咒詛，必給他弟兄作奴僕的奴僕；|zh
461|9|25|25|Cursed be Canaan; let him be a servant of servants to his brothers.|en
462|9|26|26|又說：耶和華─閃的神是應當稱頌的！願迦南作閃的奴僕。|zh
463|9|26|26|And he said, Praise to the Lord, the God of Shem; let Canaan be his servant.|en
464|9|27|27|願神使雅弗擴張，使他住在閃的帳棚裡；又願迦南作他的奴僕。|zh
465|9|27|27|May God make Japheth great, and let his living-place be in the tents of Shem, and let Canaan be his servant.|en
466|9|28|28|洪水以後，挪亞又活了三百五十年。|zh
467|9|28|28|And Noah went on living three hundred and fifty years after the great flow of waters;|en
468|9|29|29|挪亞共活了九百五十歲就死了。|zh
469|9|29|29|all the years of his life were nine hundred and fifty: and he came to his end.|en
470|10|1|1|挪亞的兒子閃、含、雅弗的後代記在下面。洪水以後，他們都生了兒子。|zh
471|10|1|1|Now these are the generations of the sons of Noah, Shem, Ham, and Japheth: these are the sons which they had after the great flow of waters|en
472|10|2|2|雅弗的兒子是歌篾、瑪各、瑪代、雅完、土巴、米設、提拉。|zh
473|10|2|2|The sons of Japheth: Gomer and Magog and Madai and Javan and Tubal and Meshech and Tiras.|en
474|10|3|3|歌篾的兒子是亞實基拿、利法、陀迦瑪。|zh
475|10|3|3|And the sons of Gomer: Ashkenaz and Riphath and Togarmah.|en
476|10|4|4|雅完的兒子是以利沙、他施、基提、多單。|zh
477|10|4|4|And the sons of Javan: Elishah and Tarshish, the Kittim and the Dodanim.|en
478|10|5|5|這些人的後裔將各國的地土、海島分開居住，各隨各的方言、宗族立國。|zh
479|10|5|5|From these came the nations of the sea-lands, with their different families and languages.|en
480|10|6|6|含的兒子是古實、麥西、弗、迦南。|zh
481|10|6|6|And the sons of Ham: Cush and Mizraim and Put and Canaan.|en
482|10|7|7|古實的兒子是西巴、哈腓拉、撒弗他、拉瑪、撒弗提迦。拉瑪的兒子是示巴、底但。|zh
483|10|7|7|And the sons of Cush: Seba and Havilah and Sabtah and Raamah and Sabteca; and the sons of Raamah: Sheba and Dedan.|en
484|10|8|8|古實又生寧錄，他為世上英雄之首。|zh
485|10|8|8|And Cush was the father of Nimrod, who was the first of the great men of the earth.|en
486|10|9|9|他在耶和華面前是個英勇的獵戶，所以俗語說：像寧錄在耶和華面前是個英勇的獵戶。|zh
487|10|9|9|He was a very great bowman, so that there is a saying, Like Nimrod, a very great bowman.|en
488|10|10|10|他國的起頭是巴別、以力、亞甲、甲尼，都在示拿地。|zh
489|10|10|10|And at the first, his kingdom was Babel and Erech and Accad and Calneh, in the land of Shinar.|en
490|10|11|11|他從那地出來往亞述去，建造尼尼微、利河伯、迦拉，|zh
491|10|11|11|From that land he went out into Assyria, building Nineveh with its wide streets and Calah,|en
492|10|12|12|和尼尼微、迦拉中間的利鮮，這就是那大城。|zh
493|10|12|12|And Resen between Nineveh and Calah, which is a very great town.|en
494|10|13|13|麥西生路低人、亞拿米人、利哈比人、拿弗土希人、|zh
495|10|13|13|And Mizraim was the father of the Ludim and Anamim and Lehabim and Naphtuhim;|en
496|10|14|14|帕斯魯細人、迦斯路希人、迦斐託人；從迦斐託出來的有非利士人。|zh
497|10|14|14|And Pathrusim and Casluhim and Caphtorim, from whom came the Philistines.|en
498|10|15|15|迦南生長子西頓，又生赫|zh
499|10|15|15|And Canaan was the father of Zidon, who was his oldest son, and Heth,|en
500|10|16|16|和耶布斯人、亞摩利人、革迦撒人、|zh
501|10|16|16|And the Jebusite and the Amorite and the Girgashite,|en
502|10|17|17|希未人、亞基人、西尼人、|zh
503|10|17|17|And the Hivite and the Arkite and the Sinite,|en
504|10|18|18|亞瓦底人、洗瑪利人、哈馬人，後來迦南的諸族分散了。|zh
505|10|18|18|And the Arvadite and the Zemarite and the Hamathite; after that the families of the Canaanites went far and wide in all directions;|en
506|10|19|19|迦南的境界是從西頓向基拉耳的路上，直到迦薩，又向所多瑪、蛾摩拉、押瑪、洗扁的路上，直到拉沙。|zh
507|10|19|19|Their country stretching from Zidon to Gaza, in the direction of Gerar; and to Lasha, in the direction of Sodom and Gomorrah and Admah and Zeboiim.|en
508|10|20|20|這就是含的後裔，各隨他們的宗族、方言，所住的地土、邦國。|zh
509|10|20|20|All these, with their different families, languages, lands, and nations, are the offspring of Ham.|en
510|10|21|21|雅弗的哥哥閃，是希伯子孫之祖，他也生了兒子。|zh
511|10|21|21|And Shem, the older brother of Japheth, the father of the children of Eber, had other sons in addition.|en
512|10|22|22|閃的兒子是以攔、亞述、亞法撒、路德、亞蘭。|zh
513|10|22|22|These are the sons of Shem: Elam and Asshur and Arpachshad and Lud and Aram.|en
514|10|23|23|亞蘭的兒子是烏斯、戶勒、基帖、瑪施。|zh
515|10|23|23|And the sons of Aram: Uz and Hul and Gether and Mash.|en
516|10|24|24|亞法撒生沙拉；沙拉生希伯。|zh
517|10|24|24|And Arpachshad became the father of Shelah; and Shelah became the father of Eber.|en
518|10|25|25|希伯生了兩個兒子，一個名叫法勒(法勒就是分的意思)，因為那時人就分地居住；法勒的兄弟名叫約坍。|zh
519|10|25|25|And Eber had two sons: the name of the one was Peleg, because in his time the peoples of the earth became separate; and his brother's name was Joktan.|en
520|10|26|26|約坍生亞摩答、沙列、哈薩瑪非、耶拉、|zh
521|10|26|26|And Joktan was the father of Almodad and Sheleph and Hazarmaveth and Jerah|en
522|10|27|27|哈多蘭、烏薩、德拉、|zh
523|10|27|27|And Hadoram and Uzal and Diklah|en
524|10|28|28|俄巴路、亞比瑪利、示巴、|zh
525|10|28|28|And Obal and Abimael and Sheba|en
526|10|29|29|阿斐、哈腓拉、約巴，這都是約坍的兒子。|zh
527|10|29|29|And Ophir and Havilah and Jobab; all these were the sons of Joktan.|en
528|10|30|30|他們所住的地方是從米沙直到西發東邊的山。|zh
529|10|30|30|And their country was from Mesha, in the direction of Sephar, the mountain of the east.|en
530|10|31|31|這就是閃的子孫，各隨他們的宗族、方言，所住的地土、邦國。|zh
531|10|31|31|These, with their families and their languages and their lands and their nations, are the offspring of Shem.|en
532|10|32|32|這些都是挪亞三個兒子的宗族，各隨他們的支派立國。洪水以後，他們在地上分為邦國。|zh
533|10|32|32|These are the families of the sons of Noah, in the order of their generations and their nations: from these came all the nations of the earth after the great flow of waters.|en
534|11|1|1|那時，天下人的口音、言語都是一樣。|zh
535|11|1|1|And all the earth had one language and one tongue.|en
536|11|2|2|他們往東邊遷移的時候，在示拿地遇見一片平原，就住在那裡。|zh
537|11|2|2|And it came about that in their wandering from the east, they came to a stretch of flat country in the land of Shinar, and there they made their living-place.|en
538|11|3|3|他們彼此商量說：來罷！我們要作磚，把磚燒透了。他們就拿磚當石頭，又拿石漆當灰泥。|zh
539|11|3|3|And they said one to another, Come, let us make bricks, burning them well. And they had bricks for stone, putting them together with sticky earth.|en
540|11|4|4|他們說：來罷！我們要建造一座城和一座塔，塔頂通天，為要傳揚我們的名，免得我們分散在全地上。|zh
541|11|4|4|And they said, Come, let us make a town, and a tower whose top will go up as high as heaven; and let us make a great name for ourselves, so that we may not be wanderers over the face of the earth.|en
542|11|5|5|耶和華降臨，要看看世人所建造的城和塔。|zh
543|11|5|5|And the Lord came down to see the town and the tower which the children of men were building.|en
544|11|6|6|耶和華說：看哪，他們成為一樣的人民，都是一樣的言語，如今既作起這事來，以後他們所要作的事就沒有不成就的了。|zh
545|11|6|6|And the Lord said, See, they are all one people and have all one language; and this is only the start of what they may do: and now it will not be possible to keep them from any purpose of theirs.|en
546|11|7|7|我們下去，在那裡變亂他們的口音，使他們的言語彼此不通。|zh
547|11|7|7|Come, let us go down and take away the sense of their language, so that they will not be able to make themselves clear to one another.|en
548|11|8|8|於是耶和華使他們從那裡分散在全地上；他們就停工，不造那城了。|zh
549|11|8|8|So the Lord God sent them away into every part of the earth: and they gave up building their town.|en
550|11|9|9|因為耶和華在那裡變亂天下人的言語，使眾人分散在全地上，所以那城名叫巴別(就是變亂的意思)。|zh
551|11|9|9|So it was named Babel, because there the Lord took away the sense of all languages and from there the Lord sent them away over all the face of the earth.|en
552|11|10|10|閃的後代記在下面。洪水以後二年，閃一百歲生了亞法撒。|zh
553|11|10|10|These are the generations of Shem. Shem was a hundred years old when he became the father of Arpachshad, two years after the great flow of waters;|en
554|11|11|11|閃生亞法撒之後又活了五百年，並且生兒養女。|zh
555|11|11|11|And after the birth of Arpachshad, Shem went on living for five hundred years, and had sons and daughters:|en
556|11|12|12|亞法撒活到三十五歲，生了沙拉。|zh
557|11|12|12|And Arpachshad was thirty-five years old when he became the father of Shelah:|en
558|11|13|13|亞法撒生沙拉之後又活了四百零三年，並且生兒養女。|zh
559|11|13|13|And after the birth of Shelah, Arpachshad went on living for four hundred and three years, and had sons and daughters:|en
560|11|14|14|沙拉活到三十歲，生了希伯。|zh
561|11|14|14|And Shelah was thirty years old when he became the father of Eber:|en
562|11|15|15|沙拉生希伯之後又活了四百零三年，並且生兒養女。|zh
563|11|15|15|And after the birth of Eber, Shelah went on living for four hundred and three years, and had sons and daughters:|en
564|11|16|16|希伯活到三十四歲，生了法勒。|zh
565|11|16|16|And Eber was thirty-four years old when he became the father of Peleg:|en
566|11|17|17|希伯生法勒之後又活了四百三十年，並且生兒養女。|zh
567|11|17|17|And after the birth of Peleg, Eber went on living for four hundred and thirty years, and had sons and daughters:|en
568|11|18|18|法勒活到三十歲，生了拉吳。|zh
569|11|18|18|And Peleg was thirty years old when he became the father of Reu:|en
570|11|19|19|法勒生拉吳之後又活了二百零九年，並且生兒養女。|zh
571|11|19|19|And after the birth of Reu, Peleg went on living for two hundred and nine years, and had sons and daughters:|en
572|11|20|20|拉吳活到三十二歲，生了西鹿。|zh
573|11|20|20|And Reu was thirty-two years old when he became the father of Serug:|en
574|11|21|21|拉吳生西鹿之後又活了二百零七年，並且生兒養女。|zh
575|11|21|21|And after the birth of Serug, Reu went on living for two hundred and seven years, and had sons and daughters:|en
576|11|22|22|西鹿活到三十歲，生了拿鶴。|zh
577|11|22|22|And Serug was thirty years old when he became the father of Nahor:|en
578|11|23|23|西鹿生拿鶴之後又活了二百年，並且生兒養女。|zh
579|11|23|23|And after the birth of Nahor, Serug went on living for two hundred years, and had sons and daughters:|en
580|11|24|24|拿鶴活到二十九歲，生了他拉。|zh
581|11|24|24|And Nahor was twenty-nine years old when he became the father of Terah:|en
582|11|25|25|拿鶴生他拉之後又活了一百一十九年，並且生兒養女。|zh
583|11|25|25|And after the birth of Terah, Nahor went on living for a hundred and nineteen years, and had sons and daughters:|en
584|11|26|26|他拉活到七十歲，生了亞伯蘭、拿鶴、哈蘭。|zh
585|11|26|26|And Terah was seventy years old when he became the father of Abram, Nahor, and Haran.|en
586|11|27|27|他拉的後代記在下面。他拉生亞伯蘭、拿鶴、哈蘭；哈蘭生羅得。|zh
587|11|27|27|These are the generations of Terah: Terah was the father of Abram, Nahor, and Haran; and Haran was the father of Lot.|en
588|11|28|28|哈蘭死在他的本地迦勒底的吾珥，在他父親他拉之先。|zh
589|11|28|28|And death came to Haran when he was with his father Terah in the land of his birth, Ur of the Chaldees.|en
590|11|29|29|亞伯蘭、拿鶴各娶了妻：亞伯蘭的妻子名叫撒萊；拿鶴的妻子名叫密迦，是哈蘭的女兒；哈蘭是密迦和亦迦的父親。|zh
591|11|29|29|And Abram and Nahor took wives for themselves: the name of Abram's wife was Sarai, and the name of Nahor's wife was Milcah, the daughter of Haran, the father of Milcah and Iscah.|en
592|11|30|30|撒萊不生育，沒有孩子。|zh
593|11|30|30|And Sarai had no child.|en
594|11|31|31|他拉帶著他兒子亞伯蘭和他孫子哈蘭的兒子羅得，並他兒婦亞伯蘭的妻子撒萊，出了迦勒底的吾珥，要往迦南地去；他們走到哈蘭，就住在那裡。|zh
595|11|31|31|And Terah took Abram, his son, and Lot, the son of Haran, and Sarai, his daughter-in-law, the wife of his son Abram and they went out from Ur of the Chaldees, to go to the land of Canaan; and they came to Haran, and were there for some time.|en
596|11|32|32|他拉共活了二百零五歲，就死在哈蘭。|zh
597|11|32|32|And all the years of Terah's life were two hundred and five: and Terah came to his end in Haran.|en
598|12|1|1|耶和華對亞伯蘭說：你要離開本地、本族、父家，往我所要指示你的地去。|zh
599|12|1|1|Now the Lord said to Abram, Go out from your country and from your family and from your father's house, into the land to which I will be your guide:|en
600|12|2|2|我必叫你成為大國。我必賜福給你，叫你的名為大；你也要叫別人得福。|zh
601|12|2|2|And I will make of you a great nation, blessing you and making your name great; and you will be a blessing:|en
602|12|3|3|為你祝福的，我必賜福與他；那咒詛你的，我必咒詛他。地上的萬族都要因你得福。|zh
603|12|3|3|To them who are good to you will I give blessing, and on him who does you wrong will I put my curse: and you will become a name of blessing to all the families of the earth.|en
604|12|4|4|亞伯蘭就照著耶和華的吩咐去了；羅得也和他同去。亞伯蘭出哈蘭的時候年七十五歲。|zh
605|12|4|4|So Abram went as the Lord had said to him, and Lot went with him: Abram was seventy-five years old when he went away from Haran.|en
606|12|5|5|亞伯蘭將他妻子撒萊和姪兒羅得，連他們在哈蘭所積蓄的財物、所得的人口，都帶往迦南地去。他們就到了迦南地。|zh
607|12|5|5|And Abram took Sarai, his wife, and Lot, his brother's son, and all their goods and the servants which they had got in Haran, and they went out to go to the land of Canaan.|en
608|12|6|6|亞伯蘭經過那地，到了示劍地方、摩利橡樹那裡。那時迦南人住在那地。|zh
609|12|6|6|And Abram went through the land till he came to Shechem, to the holy tree of Moreh. At that time, the Canaanites were still living in the land.|en
610|12|7|7|耶和華向亞伯蘭顯現，說：我要把這地賜給你的後裔。亞伯蘭就在那裡為向他顯現的耶和華築了一座壇。|zh
611|12|7|7|And the Lord came to Abram, and said, I will give all this land to your seed; then Abram made an altar there to the Lord who had let himself be seen by him.|en
612|12|8|8|從那裡他又遷到伯特利東邊的山，支搭帳棚；西邊是伯特利，東邊是艾。他在那裡又為耶和華築了一座壇，求告耶和華的名。|zh
613|12|8|8|And moving on from there to the mountain on the east of Beth-el, he put up his tent, having Beth-el on the west and Ai on the east: and there he made an altar and gave worship to the name of the Lord.|en
614|12|9|9|後來亞伯蘭又漸漸遷往南地去。|zh
615|12|9|9|And he went on, journeying still to the South.|en
616|12|10|10|那地遭遇饑荒。因饑荒甚大，亞伯蘭就下埃及去，要在那裡暫居。|zh
617|12|10|10|And because there was little food to be had in that land, he went down into Egypt.|en
618|12|11|11|將近埃及，就對他妻子撒萊說：我知道你是容貌俊美的婦人。|zh
619|12|11|11|Now when he came near to Egypt, he said to Sarai, his wife, Truly, you are a fair woman and beautiful to the eye;|en
620|12|12|12|埃及人看見你必說：這是他的妻子，他們就要殺我，卻叫你存活。|zh
621|12|12|12|And I am certain that when the men of Egypt see you, they will say, This is his wife: and they will put me to death and keep you.|en
622|12|13|13|求你說，你是我的妹子，使我因你得平安，我的命也因你存活。|zh
623|12|13|13|Say, then, that you are my sister, and so it will be well with me because of you, and my life will be kept safe on your account.|en
624|12|14|14|及至亞伯蘭到了埃及，埃及人看見那婦人極其美貌。|zh
625|12|14|14|And so it was that when Abram came into Egypt, the men of Egypt, looking on the woman, saw that she was fair.|en
626|12|15|15|法老的臣宰看見了他，就在法老面前誇獎他。那婦人就被帶進法老的宮去。|zh
627|12|15|15|And Pharaoh's great men, having seen her, said words in praise of her to Pharaoh, and she was taken into Pharaoh's house.|en
628|12|16|16|法老因這婦人就厚待亞伯蘭，亞伯蘭得了許多牛、羊、駱駝、公驢、母驢、僕婢。|zh
629|12|16|16|And because of her, he was good to Abram, and he had sheep and oxen and asses, and men-servants and women-servants, and camels.|en
630|12|17|17|耶和華因亞伯蘭妻子撒萊的緣故，降大災與法老和他的全家。|zh
631|12|17|17|And the Lord sent great troubles on Pharaoh's house because of Sarai, Abram's wife.|en
632|12|18|18|法老就召了亞伯蘭來，說：你這向我作的是甚麼事呢？為甚麼沒有告訴我他是你的妻子？|zh
633|12|18|18|Then Pharaoh sent for Abram, and said, What have you done to me? why did you not say that she was your wife?|en
634|12|19|19|為甚麼說他是你的妹子，以致我把他取來要作我的妻子？現在你的妻子在這裡，可以帶他走罷。|zh
635|12|19|19|Why did you say that she was your sister? so that I took her for my wife: now, take your wife and go on your way.|en
636|12|20|20|於是法老吩咐人將亞伯蘭和他妻子，並他所有的都送走了。|zh
637|12|20|20|And Pharaoh gave orders to his men, and they sent him on his way, with his wife and all he had.|en
638|13|1|1|亞伯蘭帶著他的妻子與羅得，並一切所有的，都從埃及上南地去。|zh
639|13|1|1|And Abram went up out of Egypt with his wife and all he had, and Lot with him, and they came in to the South.|en
640|13|2|2|亞伯蘭的金、銀、牲畜極多。|zh
641|13|2|2|Now Abram had great wealth of cattle and silver and gold.|en
642|13|3|3|他從南地漸漸往伯特利去，到了伯特利和艾的中間，就是從前支搭帳棚的地方，|zh
643|13|3|3|And travelling on from the South, he came to Beth-el, to the place where his tent had been before, between Beth-el and Ai;|en
644|13|4|4|也是他起先築壇的地方；他又在那裡求告耶和華的名。|zh
645|13|4|4|To the place where he had made his first altar, and there Abram gave worship to the name of the Lord.|en
646|13|5|5|與亞伯蘭同行的羅得也有牛群、羊群、帳棚。|zh
647|13|5|5|And Lot, who went with him, had flocks and herds and tents;|en
648|13|6|6|那地容不下他們；因為他們的財物甚多，使他們不能同居。|zh
649|13|6|6|So that the land was not wide enough for the two of them: their property was so great that there was not room for them together.|en
650|13|7|7|當時，迦南人與比利洗人在那地居住。亞伯蘭的牧人和羅得的牧人相爭。|zh
651|13|7|7|And there was an argument between the keepers of Abram's cattle and the keepers of Lot's cattle: at that time the Canaanites and Perizzites were still living in the land.|en
652|13|8|8|亞伯蘭就對羅得說：你我不可相爭，你的牧人和我的牧人也不可相爭，因為我們是骨肉(原文作弟兄)。|zh
653|13|8|8|Then Abram said to Lot, Let there be no argument between me and you, and between my herdmen and your herdmen, for we are brothers.|en
654|13|9|9|遍地不都在你眼前麼？請你離開我：你向左，我就向右；你向右，我就向左。|zh
655|13|9|9|Is not all the land before you? then let us go our separate ways: if you go to the left, I will go to the right; or if you take the right, I will go to the left.|en
656|13|10|10|羅得舉目看見約但河的全平原，直到瑣珥，都是滋潤的，那地在耶和華未滅所多瑪、蛾摩拉以先如同耶和華的園子，也像埃及地。|zh
657|13|10|10|And Lot, lifting up his eyes and looking an the valley of Jordan, saw that it was well watered everywhere, before the Lord had sent destruction on Sodom and Gomorrah; it was like the garden of the Lord, like the land of Egypt, on the way to Zoar.|en
658|13|11|11|於是羅得選擇約但河的全平原，往東遷移；他們就彼此分離了。|zh
659|13|11|11|So Lot took for himself all the valley of Jordan, and went to the east, and they were parted from one another.|en
660|13|12|12|亞伯蘭住在迦南地，羅得住在平原的城邑，漸漸挪移帳棚，直到所多瑪。|zh
661|13|12|12|Abram went on living in the land of Canaan, and Lot went to the lowland towns, moving his tent as far as Sodom.|en
662|13|13|13|所多瑪人在耶和華面前罪大惡極。|zh
663|13|13|13|Now the men of Sodom were evil, and great sinners before the Lord.|en
664|13|14|14|羅得離別亞伯蘭以後，耶和華對亞伯蘭說：從你所在的地方，你舉目向東西南北觀看；|zh
665|13|14|14|And the Lord had said to Abram, after Lot was parted from him, From this place where you are take a look to the north and to the south, to the east and to the west:|en
666|13|15|15|凡你所看見的一切地，我都要賜給你和你的後裔，直到永遠。|zh
667|13|15|15|For all the land which you see I will give to you and to your seed for ever.|en
668|13|16|16|我也要使你的後裔如同地上的塵沙那樣多，人若能數算地上的塵沙才能數算你的後裔。|zh
669|13|16|16|And I will make your children like the dust of the earth, so that if the dust of the earth may be numbered, then will your children be numbered.|en
670|13|17|17|你起來，縱橫走遍這地，因為我必把這地賜給你。|zh
671|13|17|17|Come, go through all the land from one end to the other for I will give it to you.|en
672|13|18|18|亞伯蘭就搬了帳棚，來到希伯崙幔利的橡樹那裡居住，在那裡為耶和華築了一座壇。|zh
673|13|18|18|And Abram, moving his tent, came and made his living-place by the holy tree of Mamre, which is in Hebron, and made an altar there to the Lord.|en
674|14|1|1|當暗拉非作示拿王，亞略作以拉撒王，基大老瑪作以攔王，提達作戈印王的時候，|zh
675|14|1|1|Now in the days of Amraphel, king of Shinar, Arioch, king of Ellasar, Chedorlaomer, king of Elam, and Tidal, king of Goiim,|en
676|14|2|2|他們都攻打所多瑪王比拉、蛾摩拉王比沙、押瑪王示納、洗扁王善以別，和比拉王；比拉就是瑣珥。|zh
677|14|2|2|They made war with Bera, king of Sodom, and with Birsha, king of Gomorrah, Shinab, king of Admah, and Shemeber, king of Zeboiim, and the king of Bela (which is Zoar).|en
678|14|3|3|這五王都在西訂谷會合；西訂谷就是鹽海。|zh
679|14|3|3|All these came together in the valley of Siddim (which is the Salt Sea).|en
680|14|4|4|他們已經事奉基大老瑪十二年，到十三年就背叛了。|zh
681|14|4|4|For twelve years they were under the rule of Chedorlaomer, but in the thirteenth year they put off his control.|en
682|14|5|5|十四年，基大老瑪和同盟的王都來在亞特律加寧，殺敗了利乏音人，在哈麥殺敗了蘇西人，在沙微基列亭殺敗了以米人，|zh
683|14|5|5|And in the fourteenth year, Chedorlaomer and the kings who were on his side, overcame the Rephaim in Ashteroth-karnaim, and the Zuzim in Ham, and the Emim in Shaveh-kiriathaim,|en
684|14|6|6|在何利人的西珥山殺敗了何利人，一直殺到靠近曠野的伊勒巴蘭。|zh
685|14|6|6|And the Horites in their mountain Seir, driving them as far as El-paran, which is near the waste land.|en
686|14|7|7|他們回到安密巴，就是加低斯，殺敗了亞瑪力全地的人，以及住在哈洗遜他瑪的亞摩利人。|zh
687|14|7|7|Then they came back to En-mishpat (which is Kadesh), making waste all the country of the Amalekites and of the Amorites living in Hazazon-tamar.|en
688|14|8|8|於是所多瑪王、蛾摩拉王、押瑪王、洗扁王，和比拉王（比拉就是瑣珥）都出來，在西訂谷擺陣，與他們交戰，|zh
689|14|8|8|And the king of Sodom with the king of Gomorrah and the king of Admah and the king of Zeboiim and the king of Bela (that is Zoar), went out, and put their forces in position in the valley of Siddim,|en
690|14|9|9|就是與以攔王基大老瑪、戈印王提達、示拿王暗拉非、以拉撒王亞略交戰；乃是四王與五王交戰。|zh
691|14|9|9|Against Chedorlaomer, king of Elam, and Tidal, king of Goiim, and Amraphel, king of Shinar, and Arioch, king of Ellasar: four kings against the five.|en
692|14|10|10|西訂谷有許多石漆坑。所多瑪王和蛾摩拉王逃跑，有掉在坑裡的，其餘的人都往山上逃跑。|zh
693|14|10|10|Now the valley of Siddim was full of holes of sticky earth; and the kings of Sodom and Gomorrah were put to flight and came to their end there, but the rest got away to the mountain.|en
694|14|11|11|四王就把所多瑪和蛾摩拉所有的財物，並一切的糧食都擄掠去了；|zh
695|14|11|11|And the four kings took all the goods and food from Sodom and Gomorrah and went on their way.|en
696|14|12|12|又把亞伯蘭的姪兒羅得和羅得的財物擄掠去了。當時羅得正住在所多瑪。|zh
697|14|12|12|And in addition they took Lot, Abram's brother's son, who was living in Sodom, and all his goods.|en
698|14|13|13|有一個逃出來的人告訴希伯來人亞伯蘭；亞伯蘭正住在亞摩利人幔利的橡樹那裡。幔利和以實各並亞乃都是弟兄，曾與亞伯蘭聯盟。|zh
699|14|13|13|And one who had got away from the fight came and gave word of it to Abram the Hebrew, who was living by the holy tree of Mamre, the Amorite, the brother of Eshcol and Aner, who were friends of Abram.|en
700|14|14|14|亞伯蘭聽見他姪兒(原文作弟兄)被擄去，就率領他家裡生養的精練壯丁三百一十八人，直追到但，|zh
701|14|14|14|And Abram, hearing that his brother's son had been made a prisoner, took a band of his trained men, three hundred and eighteen of them, sons of his house, and went after them as far as Dan.|en
702|14|15|15|便在夜間，自己同僕人分隊殺敗敵人，又追到大馬色左邊的何把，|zh
703|14|15|15|And separating his forces by night, he overcame them, putting them to flight and going after them as far as Hobah, which is on the north side of Damascus.|en
704|14|16|16|將被擄掠的一切財物奪回來，連他姪兒羅得和他的財物，以及婦女、人民也都奪回來。|zh
705|14|16|16|And he got back all the goods, and Lot, his brother's son, with his goods and the women and the people.|en
706|14|17|17|亞伯蘭殺敗基大老瑪和與他同盟的王回來的時候，所多瑪王出來，在沙微谷迎接他；沙微谷就是王谷。|zh
707|14|17|17|And when he was coming back after putting to flight Chedorlaomer and the other kings, he had a meeting with the king of Sodom in the valley of Shaveh, that is, the King's Valley.|en
708|14|18|18|又有撒冷王麥基洗德帶著餅和酒出來迎接；他是至高神的祭司。|zh
709|14|18|18|And Melchizedek, king of Salem, the priest of the Most High God, took bread and wine,|en
710|14|19|19|他為亞伯蘭祝福，說：願天地的主、至高的神賜福與亞伯蘭！|zh
711|14|19|19|And blessing him, said, May the blessing of the Most High God, maker of heaven and earth, be on Abram:|en
712|14|20|20|至高的神把敵人交在你手裡，是應當稱頌的！亞伯蘭就把所得的拿出十分之一來，給麥基洗德。|zh
713|14|20|20|And let the Most High God be praised, who has given into your hands those who were against you. Then Abram gave him a tenth of all the goods he had taken.|en
714|14|21|21|所多瑪王對亞伯蘭說：你把人口給我，財物你自己拿去罷！|zh
715|14|21|21|And the king of Sodom said to Abram, Give me the prisoners and take the goods for yourself.|en
716|14|22|22|亞伯蘭對所多瑪王說：我已經向天地的主─至高的神耶和華起誓：|zh
717|14|22|22|But Abram said to the king of Sodom, I have taken an oath to the Lord, the Most High God, maker of heaven and earth,|en
718|14|23|23|凡是你的東西，就是一根線、一根鞋帶，我都不拿，免得你說：我使亞伯蘭富足！|zh
719|14|23|23|That I will not take so much as a thread or the cord of a shoe of yours; so that you may not say, I have given wealth to Abram:|en
720|14|24|24|只有僕人所吃的，並與我同行的亞乃、以實各、幔利所應得的分，可以任憑他們拿去。|zh
721|14|24|24|Give me nothing but the food which the fighting-men who went with me have had; but let Aner and Eshcol and Mamre have their part of the goods.|en
722|15|1|1|這事以後，耶和華在異象中有話對亞伯蘭說：亞伯蘭，你不要懼怕！我是你的盾牌，必大大的賞賜你。|zh
723|15|1|1|After these things, the word of the Lord came to Abram in a vision, saying, Have no fear, Abram: I will keep you safe, and great will be your reward.|en
724|15|2|2|亞伯蘭說：主耶和華阿，我既無子，你還賜我甚麼呢？並且要承受我家業的是大馬色人以利以謝。|zh
725|15|2|2|And Abram said, What will you give me? for I have no child and this Eliezer of Damascus will have all my wealth after me.|en
726|15|3|3|亞伯蘭又說：你沒有給我兒子；那生在我家中的人就是我的後嗣。|zh
727|15|3|3|And Abram said, You have given me no child, and a servant in my house will get the heritage.|en
728|15|4|4|耶和華又有話對他說：這人必不成為你的後嗣；你本身所生的才成為你的後嗣。|zh
729|15|4|4|Then said the Lord, This man will not get the heritage, but a son of your body will have your property after you.|en
730|15|5|5|於是領他走到外邊，說：你向天觀看，數算眾星，能數得過來麼？又對他說：你的後裔將要如此。|zh
731|15|5|5|And he took him out into the open air, and said to him, Let your eyes be lifted to heaven, and see if the stars may be numbered; even so will your seed be.|en
732|15|6|6|亞伯蘭信耶和華，耶和華就以此為他的義。|zh
733|15|6|6|And he had faith in the Lord, and it was put to his account as righteousness.|en
734|15|7|7|耶和華又對他說：我是耶和華，曾領你出了迦勒底的吾珥，為要將這地賜你為業。|zh
735|15|7|7|And he said to him, I am the Lord, who took you from Ur of the Chaldees, to give you this land for your heritage.|en
736|15|8|8|亞伯蘭說：主耶和華阿，我怎能知道必得這地為業呢？|zh
737|15|8|8|And he said, O Lord God, how may I be certain that it will be mine?|en
738|15|9|9|他說：你為我取一隻三年的母牛，一隻三年的母山羊，一隻三年的公綿羊，一隻斑鳩，一隻雛鴿。|zh
739|15|9|9|And he said, Take a young cow of three years old, and a she-goat of three years old, and a sheep of three years old, and a dove and a young pigeon.|en
740|15|10|10|亞伯蘭就取了這些來，每樣劈開，分成兩半，一半對著一半地擺列，只有鳥沒有劈開。|zh
741|15|10|10|All these he took, cutting them in two and putting one half opposite the other, but not cutting the birds in two.|en
742|15|11|11|有鷙鳥下來，落在那死畜的肉上，亞伯蘭就把他嚇飛了。|zh
743|15|11|11|And evil birds came down on the bodies, but Abram sent them away.|en
744|15|12|12|日頭正落的時候，亞伯蘭沉沉地睡了；忽然有驚人的大黑暗落在他身上。|zh
745|15|12|12|Now when the sun was going down, a deep sleep came on Abram, and a dark cloud of fear.|en
746|15|13|13|耶和華對亞伯蘭說：你要的確知道，你的後裔必寄居別人的地，又服事那地的人；那地的人要苦待他們四百年。|zh
747|15|13|13|And he said to Abram, Truly, your seed will be living in a land which is not theirs, as servants to a people who will be cruel to them for four hundred years;|en
748|15|14|14|並且他們所要服事的那國，我要懲罰，後來他們必帶著許多財物從那裡出來。|zh
749|15|14|14|But I will be the judge of that nation whose servants they are, and they will come out from among them with great wealth.|en
750|15|15|15|但你要享大壽數，平平安安地歸到你列祖那裡，被人埋葬。|zh
751|15|15|15|As for you, you will go to your fathers in peace; at the end of a long life you will be put in your last resting-place.|en
752|15|16|16|到了第四代，他們必回到此地，因為亞摩利人的罪孽還沒有滿盈。|zh
753|15|16|16|And in the fourth generation they will come back here; for at present the sin of the Amorite is not full.|en
754|15|17|17|日落天黑，不料有冒煙的爐並燒著的火把從那些肉塊中經過。|zh
755|15|17|17|Then when the sun went down and it was dark, he saw a smoking fire and a flaming light which went between the parts of the bodies.|en
756|15|18|18|當那日，耶和華與亞伯蘭立約，說：我已賜給你的後裔，從埃及河直到伯拉大河之地，|zh
757|15|18|18|In that day the Lord made an agreement with Abram, and said, To your seed have I given this land from the river of Egypt to the great river, the river Euphrates:|en
758|15|19|19|就是基尼人、基尼洗人、甲摩尼人、|zh
759|15|19|19|The Kenite, the Kenizzite, and the Kadmonite,|en
760|15|20|20|赫人、比利洗人、利乏音人、|zh
761|15|20|20|And the Hittite, and the Perizzite, and the Rephaim,|en
762|15|21|21|亞摩利人、迦南人、革迦撒人、耶布斯人之地。|zh
763|15|21|21|And the Amorite, and the Canaanite, and the Girgashite, and the Jebusite.|en
764|16|1|1|亞伯蘭的妻子撒萊不給他生兒女。撒萊有一個使女，名叫夏甲，是埃及人。|zh
765|16|1|1|Now Sarai, Abram's wife, had given him no children; and she had a servant, a woman of Egypt whose name was Hagar.|en
766|16|2|2|撒萊對亞伯蘭說：耶和華使我不能生育。求你和我的使女同房，或者我可以因他得孩子(原文作被建立)。亞伯蘭聽從了撒萊的話。|zh
767|16|2|2|And Sarai said to Abram, See, the Lord has not let me have children; go in to my servant, for I may get a family through her. And Abram did as Sarai said.|en
768|16|3|3|於是亞伯蘭的妻子撒萊將使女埃及人夏甲給了丈夫為妾；那時亞伯蘭在迦南已經住了十年。|zh
769|16|3|3|So after Abram had been living for ten years in the land of Canaan, Sarai took Hagar, her Egyptian servant, and gave her to Abram for his wife.|en
770|16|4|4|亞伯蘭與夏甲同房，夏甲就懷了孕；他見自己有孕，就小看他的主母。|zh
771|16|4|4|And he went in to Hagar and she became with child, and when she saw that she was with child, she no longer had any respect for her master's wife.|en
772|16|5|5|撒萊對亞伯蘭說：我因你受屈。我將我的使女放在你懷中，他見自己有了孕，就小看我。願耶和華在你我中間判斷。|zh
773|16|5|5|And Sarai said to Abram, May my wrong be on you: I gave you my servant for your wife and when she saw that she was with child, she no longer had any respect for me: may the Lord be judge between you and me.|en
774|16|6|6|亞伯蘭對撒萊說：使女在你手下，你可以隨意待他。撒萊苦待他，他就從撒萊面前逃走了。|zh
775|16|6|6|And Abram said, The woman is in your power; do with her whatever seems good to you. And Sarai was cruel to her, so that she went running away from her.|en
776|16|7|7|耶和華的使者在曠野書珥路上的水泉旁遇見他，|zh
777|16|7|7|And an angel of the Lord came to her by a fountain of water in the waste land, by the fountain on the way to Shur.|en
778|16|8|8|對他說：撒萊的使女夏甲，你從那裡來？要往那裡去？夏甲說：我從我的主母撒萊面前逃出來。|zh
779|16|8|8|And he said, Hagar, Sarai's servant, where have you come from and where are you going? And she said, I am running away from Sarai, my master's wife.|en
780|16|9|9|耶和華的使者對他說：你回到你主母那裡，服在他手下；|zh
781|16|9|9|And the angel said to her, Go back, and put yourself under her authority.|en
782|16|10|10|又說：我必使你的後裔極其繁多，甚至不可勝數；|zh
783|16|10|10|And the angel of the Lord said, Your seed will be greatly increased so that it may not be numbered.|en
784|16|11|11|並說：你如今懷孕要生一個兒子，可以給他起名叫以實瑪利，因為耶和華聽見了你的苦情。(以實瑪利就是神聽見的意思)|zh
785|16|11|11|And the angel of the Lord said, See, you are with child and will give birth to a son, to whom you will give the name Ishmael, because the ears of the Lord were open to your sorrow.|en
786|16|12|12|他為人必像野驢。他的手要攻打人，人的手也要攻打他；他必住在眾弟兄的東邊。|zh
787|16|12|12|And he will be like a mountain ass among men; his hand will be against every man and every man's hand against him, and he will keep his place against all his brothers.|en
788|16|13|13|夏甲就稱那對他說話的耶和華為看顧人的神。因而說：在這裡我也看見那看顧我的麼？|zh
789|16|13|13|And to the Lord who was talking with her she gave this name, You are a God who is seen; for she said, Have I not even here in the waste land had a vision of God and am still living?|en
790|16|14|14|所以這井名叫庇耳拉海萊。這井正在加低斯和巴列中間。|zh
791|16|14|14|So that fountain was named, Fountain of Life and Vision: it is between Kadesh and Bered.|en
792|16|15|15|後來夏甲給亞伯蘭生了一個兒子；亞伯蘭給他起名叫以實瑪利。|zh
793|16|15|15|And Hagar gave birth to a child, the son of Abram, to whom Abram gave the name of Ishmael.|en
794|16|16|16|夏甲給亞伯蘭生以實瑪利的時候，亞伯蘭年八十六歲。|zh
795|16|16|16|Abram was eighty-six years old when Hagar gave birth to Ishmael.|en
796|17|1|1|亞伯蘭年九十九歲的時候，耶和華向他顯現，對他說：我是全能的神。你當在我面前作完全人，|zh
797|17|1|1|When Abram was ninety-nine years old, the Lord came to him, and said, I am God, Ruler of all; go in my ways and be upright in all things,|en
798|17|2|2|我就與你立約，使你的後裔極其繁多。|zh
799|17|2|2|And I will make an agreement between you and me, and your offspring will be greatly increased.|en
800|17|3|3|亞伯蘭俯伏在地；神又對他說：|zh
801|17|3|3|And Abram went down on his face on the earth, and the Lord God went on talking with him, and said,|en
802|17|4|4|我與你立約：你要作多國的父。|zh
803|17|4|4|As for me, my agreement is made with you, and you will be the father of nations without end.|en
804|17|5|5|從此以後，你的名不再叫亞伯蘭，要叫亞伯拉罕，因為我已立你作多國的父。|zh
805|17|5|5|No longer will your name be Abram, but Abraham, for I have made you the father of a number of nations.|en
806|17|6|6|我必使你的後裔極其繁多；國度從你而立，君王從你而出。|zh
807|17|6|6|I will make you very fertile, so that nations will come from you and kings will be your offspring.|en
808|17|7|7|我要與你並你世世代代的後裔堅立我的約，作永遠的約，是要作你和你後裔的神。|zh
809|17|7|7|And I will make between me and you and your seed after you through all generations, an eternal agreement to be a God to you and to your seed after you.|en
810|17|8|8|我要將你現在寄居的地，就是迦南全地，賜給你和你的後裔永遠為業，我也必作他們的神。|zh
811|17|8|8|And to you and to your seed after you, I will give the land in which you are living, all the land of Canaan for an eternal heritage; and I will be their God.|en
812|17|9|9|神又對亞伯拉罕說：你和你的後裔必世世代代遵守我的約。|zh
813|17|9|9|And God said to Abraham, On your side, you are to keep the agreement, you and your seed after you through all generations.|en
814|17|10|10|你們所有的男子都要受割禮；這就是我與你並你的後裔所立的約，是你們所當遵守的。|zh
815|17|10|10|And this is the agreement which you are to keep with me, you and your seed after you: every male among you is to undergo circumcision.|en
816|17|11|11|你們都要受割禮(原文作割陽皮；14，23，24，25節同)；這是我與你們立約的證據。|zh
817|17|11|11|In the flesh of your private parts you are to undergo it, as a mark of the agreement between me and you.|en
818|17|12|12|你們世世代代的男子，無論是家裡生的，是在你後裔之外用銀子從外人買的，生下來第八日，都要受割禮。|zh
819|17|12|12|Every male among you, from one generation to another, is to undergo circumcision when he is eight days old, with every servant whose birth takes place in your house, or for whom you gave money to someone of another country, and not of your seed.|en
820|17|13|13|你家裡生的和你用銀子買的，都必須受割禮。這樣，我的約就立在你們肉體上作永遠的約。|zh
821|17|13|13|He who comes to birth in your house and he who is made yours for a price, all are to undergo circumcision; so that my agreement may be marked in your flesh, an agreement for all time.|en
822|17|14|14|但不受割禮的男子必從民中剪除，因他背了我的約。|zh
823|17|14|14|And any male who does not undergo circumcision will be cut off from his people: my agreement has been broken by him.|en
824|17|15|15|神又對亞伯拉罕說：你的妻子撒萊不可再叫撒萊，他的名要叫撒拉。|zh
825|17|15|15|And God said, As for Sarai, your wife, from now her name will be not Sarai, but Sarah.|en
826|17|16|16|我必賜福給他，也要使你從他得一個兒子。我要賜福給他，他也要作多國之母；必有百姓的君王從他而出。|zh
827|17|16|16|And I will give her a blessing so that you will have a son by her: truly my blessing will be on her, and she will be the mother of nations: kings of peoples will be her offspring.|en
828|17|17|17|亞伯拉罕就俯伏在地喜笑，心裡說：一百歲的人還能得孩子麼？撒拉已經九十歲了，還能生養麼？|zh
829|17|17|17|Then Abraham went down on his face, and laughing, said in his heart, May a man a hundred years old have a child? will Sarah, at ninety years old, give birth?|en
830|17|18|18|亞伯拉罕對神說：但願以實瑪利活在你面前。|zh
831|17|18|18|And Abraham said to God, If only Ishmael's life might be your care!|en
832|17|19|19|神說：不然，你妻子撒拉要給你生一個兒子，你要給他起名叫以撒。我要與他堅定所立的約，作他後裔永遠的約。|zh
833|17|19|19|And God said, Not so; but Sarah, your wife, will have a son, and you will give him the name Isaac, and I will make my agreement with him for ever and with his seed after him.|en
834|17|20|20|至於以實瑪利，我也應允你：我必賜福給他，使他昌盛，極其繁多。他必生十二個族長；我也要使他成為大國。|zh
835|17|20|20|As for Ishmael, I have given ear to your prayer: truly I have given him my blessing and I will make him fertile and give him great increase; he will be the father of twelve chiefs, and I will make him a great nation.|en
836|17|21|21|到明年這時節，撒拉必給你生以撒，我要與他堅定所立的約。|zh
837|17|21|21|But my agreement will be with Isaac, to whom Sarah will give birth a year from this time.|en
838|17|22|22|神和亞伯拉罕說完了話，就離開他上升去了。|zh
839|17|22|22|And having said these words, God went up from Abraham.|en
840|17|23|23|正當那日，亞伯拉罕遵著神的命，給他的兒子以實瑪利和家裡的一切男子，無論是在家裡生的，是用銀子買的，都行了割禮。|zh
841|17|23|23|And Abraham took Ishmael, his son, and all whose birth had taken place in his house, and all his servants whom he had made his for a price, every male of his house, and on that very day he gave them circumcision in the flesh of their private parts as God had said to him.|en
842|17|24|24|亞伯拉罕受割禮的時候年九十九歲。|zh
843|17|24|24|Abraham was ninety-nine years old when he underwent circumcision.|en
844|17|25|25|他兒子以實瑪利受割禮的時候年十三歲。|zh
845|17|25|25|And Ishmael, his son, was thirteen years old when he underwent circumcision.|en
846|17|26|26|正當那日，亞伯拉罕和他兒子以實瑪利一同受了割禮。|zh
847|17|26|26|Abraham and Ishmael, his son, underwent circumcision on that very day.|en
848|17|27|27|家裡所有的人，無論是在家裡生的，是用銀子從外人買的，也都一同受了割禮。|zh
849|17|27|27|And all the men of his house, those whose birth had taken place in the house and those whom he had got for money from men of other lands, underwent circumcision with him.|en
850|18|1|1|耶和華在幔利橡樹那裡向亞伯拉罕顯現出來。那時正熱，亞伯拉罕坐在帳棚門口，|zh
851|18|1|1|Now the Lord came to him by the holy tree of Mamre, when he was seated in the doorway of his tent in the middle of the day;|en
852|18|2|2|舉目觀看，見有三個人在對面站著。他一見，就從帳棚門口跑去迎接他們，俯伏在地，|zh
853|18|2|2|And lifting up his eyes, he saw three men before him; and seeing them, he went quickly to them from the door of the tent, and went down on his face to the earth;|en
854|18|3|3|說：我主，我若在你眼前蒙恩，求你不要離開僕人往前去。|zh
855|18|3|3|And said, My Lord, if now I have grace in your eyes, do not go away from your servant:|en
856|18|4|4|容我拿點水來，你們洗洗腳，在樹下歇息歇息。|zh
857|18|4|4|Let me get water for washing your feet, and take your rest under the tree:|en
858|18|5|5|我再拿一點餅來，你們可以加添心力，然後往前去。你們既到僕人這裡來，理當如此。他們說：就照你說的行罷。|zh
859|18|5|5|And let me get a bit of bread to keep up your strength, and after that you may go on your way: for this is why you have come to your servant. And they said, Let it be so.|en
860|18|6|6|亞伯拉罕急忙進帳棚見撒拉，說：你速速拿三細亞細麵調和作餅。|zh
861|18|6|6|Then Abraham went quickly into the tent, and said to Sarah, Get three measures of meal straight away and make cakes.|en
862|18|7|7|亞伯拉罕又跑到牛群裡，牽了一隻又嫩又好的牛犢來，交給僕人，僕人急忙預備好了。|zh
863|18|7|7|And running to the herd, he took a young ox, soft and fat, and gave it to the servant and he quickly made it ready;|en
864|18|8|8|亞伯拉罕又取了奶油和奶，並預備好的牛犢來，擺在他們面前，自己在樹下站在旁邊，他們就吃了。|zh
865|18|8|8|And he took butter and milk and the young ox which he had made ready and put it before them, waiting by them under the tree while they took food.|en
866|18|9|9|他們問亞伯拉罕說：你妻子撒拉在那裡？他說：在帳棚裡。|zh
867|18|9|9|And they said to him, Where is Sarah your wife? And he said, She is in the tent.|en
868|18|10|10|三人中有一位說：到明年這時候，我必要回到你這裡；你的妻子撒拉必生一個兒子。撒拉在那人後邊的帳棚門口也聽見了這話。|zh
869|18|10|10|And he said, I will certainly come back to you in the spring, and Sarah your wife will have a son. And his words came to the ears of Sarah who was at the back of the tent-door.|en
870|18|11|11|亞伯拉罕和撒拉年紀老邁，撒拉的月經已斷絕了。|zh
871|18|11|11|Now Abraham and Sarah were very old, and Sarah was past the time for giving birth.|en
872|18|12|12|撒拉心裡暗笑，說：我既已衰敗，我主也老邁，豈能有這喜事呢？|zh
873|18|12|12|And Sarah, laughing to herself, said, Now that I am used up am I still to have pleasure, my husband himself being old?|en
874|18|13|13|耶和華對亞伯拉罕說：撒拉為甚麼暗笑，說：我既已年老，果真能生養麼？|zh
875|18|13|13|And the Lord said, Why was Sarah laughing and saying, Is it possible for me, being old, to give birth to a child?|en
876|18|14|14|耶和華豈有難成的事麼？到了日期，明年這時候，我必回到你這裡，撒拉必生一個兒子。|zh
877|18|14|14|Is there any wonder which the Lord is not able to do? At the time I said, in the spring, I will come back to you, and Sarah will have a child.|en
878|18|15|15|撒拉就害怕，不承認，說：我沒有笑。那位說：不然，你實在笑了。|zh
879|18|15|15|Then Sarah said, I was not laughing; for she was full of fear. And he said, No, but you were laughing.|en
880|18|16|16|三人就從那裡起行，向所多瑪觀看，亞伯拉罕也與他們同行，要送他們一程。|zh
881|18|16|16|And the men went on from there in the direction of Sodom; and Abraham went with them on their way.|en
882|18|17|17|耶和華說：我所要作的事豈可瞞著亞伯拉罕呢？|zh
883|18|17|17|And the Lord said, Am I to keep back from Abraham the knowledge of what I do;|en
884|18|18|18|亞伯拉罕必要成為強大的國；地上的萬國都必因他得福。|zh
885|18|18|18|Seeing that Abraham will certainly become a great and strong nation, and his name will be used by all the nations of the earth as a blessing?|en
886|18|19|19|我眷顧他，為要叫他吩咐他的眾子和他的眷屬遵守我的道，秉公行義，使我所應許亞伯拉罕的話都成就了。|zh
887|18|19|19|For I have made him mine so that he may give orders to his children and those of his line after him, to keep the ways of the Lord, to do what is good and right: so that the Lord may do to Abraham as he has said.|en
888|18|20|20|耶和華說：所多瑪和蛾摩拉的罪惡甚重，聲聞於我。|zh
889|18|20|20|And the Lord said, Because the outcry against Sodom and Gomorrah is very great, and their sin is very evil,|en
890|18|21|21|我現在要下去，察看他們所行的，果然盡像那達到我耳中的聲音一樣麼？若是不然，我也必知道。|zh
891|18|21|21|I will go down now, and see if their acts are as bad as they seem from the outcry which has come to me; and if they are not, I will see.|en
892|18|22|22|二人轉身離開那裡，向所多瑪去；但亞伯拉罕仍舊站在耶和華面前。|zh
893|18|22|22|And the men, turning from that place, went on to Sodom: but Abraham was still waiting before the Lord.|en
894|18|23|23|亞伯拉罕近前來，說：無論善惡，你都要剿滅麼？|zh
895|18|23|23|And Abraham came near, and said, Will you let destruction come on the upright with the sinners?|en
896|18|24|24|假若那城裡有五十個義人，你還剿滅那地方麼？不為城裡這五十個義人饒恕其中的人麼？|zh
897|18|24|24|If by chance there are fifty upright men in the town, will you give the place to destruction and not have mercy on it because of the fifty upright men?|en
898|18|25|25|將義人與惡人同殺，將義人與惡人一樣看待，這斷不是你所行的。審判全地的主豈不行公義麼？|zh
899|18|25|25|Let such a thing be far from you, to put the upright to death with the sinner: will not the judge of all the earth do right?|en
900|18|26|26|耶和華說：我若在所多瑪城裡見有五十個義人，我就為他們的緣故饒恕那地方的眾人。|zh
901|18|26|26|And the Lord said, If there are fifty upright men in the town, I will have mercy on it because of them.|en
902|18|27|27|亞伯拉罕說：我雖然是灰塵，還敢對主說話。|zh
903|18|27|27|And Abraham answering said, Truly, I who am only dust, have undertaken to put my thoughts before the Lord:|en
904|18|28|28|假若這五十個義人短了五個，你就因為短了五個毀滅全城麼？他說：我在那裡若見有四十五個，也不毀滅那城。|zh
905|18|28|28|If by chance there are five less than fifty upright men, will you give up all the town to destruction because of these five? And he said, I will not give it to destruction if there are forty-five.|en
906|18|29|29|亞伯拉罕又對他說：假若在那裡見有四十個怎麼樣呢？他說：為這四十個的緣故，我也不作這事。|zh
907|18|29|29|And again he said to him, By chance there may be forty there. And he said, I will not do it if there are forty.|en
908|18|30|30|亞伯拉罕說：求主不要動怒，容我說，假若在那裡見有三十個怎麼樣呢？他說：我在那裡若見有三十個，我也不作這事。|zh
909|18|30|30|And he said, Let not the Lord be angry with me if I say, What if there are thirty there? And he said, I will not do it if there are thirty.|en
910|18|31|31|亞伯拉罕說：我還敢對主說話，假若在那裡見有二十個怎麼樣呢？他說：為這二十個的緣故，我也不毀滅那城。|zh
911|18|31|31|And he said, See now, I have undertaken to put my thoughts before the Lord: what if there are twenty there? And he said, I will have mercy because of the twenty.|en
912|18|32|32|亞伯拉罕說：求主不要動怒，我再說這一次，假若在那裡見有十個呢？他說：為這十個的緣故，我也不毀滅那城。|zh
913|18|32|32|And he said, O let not the Lord be angry and I will say only one word more: by chance there may be ten there. And he said, I will have mercy because of the ten.|en
914|18|33|33|耶和華與亞伯拉罕說完了話就走了；亞伯拉罕也回到自己的地方去了。|zh
915|18|33|33|And the Lord went on his way when his talk with Abraham was ended, and Abraham went back to his place.|en
916|19|1|1|那兩個天使晚上到了所多瑪；羅得正坐在所多瑪城門口，看見他們，就起來迎接，臉伏於地下拜，|zh
917|19|1|1|And at nightfall the two angels came to Sodom; and Lot was seated at the way into the town: and when he saw them he got up and came before them, falling down on his face to the earth.|en
918|19|2|2|說：我主阿，請你們到僕人家裡洗洗腳，住一夜，清早起來再走。他們說：不！我們要在街上過夜。|zh
919|19|2|2|And he said, My masters, come now into your servant's house and take your rest there for the night, and let your feet be washed; and early in the morning you may go on your way. And they said, Not so, but we will take our night's rest in the street.|en
920|19|3|3|羅得切切的請他們，他們這才進去，到他屋裡。羅得為他們預備筵席，烤無酵餅，他們就吃了。|zh
921|19|3|3|But he made his request more strongly, so they went with him into his house; and he got food ready for them, and made unleavened bread, of which they took.|en
922|19|4|4|他們還沒有躺下，所多瑪城裡各處的人，連老帶少，都來圍住那房子，|zh
923|19|4|4|But before they had gone to bed, the men of the town, all the men of Sodom, came round the house, young and old, from every part of the town;|en
924|19|5|5|呼叫羅得說：今日晚上到你這裡來的人在那裡呢？把他們帶出來，任我們所為。|zh
925|19|5|5|And crying out to Lot, they said, Where are the men who came to your house this night? Send them out to us, so that we may take our pleasure with them.|en
926|19|6|6|羅得出來，把門關上，到眾人那裡，|zh
927|19|6|6|And Lot went out to them in the doorway, shutting the door after him.|en
928|19|7|7|說：眾弟兄，請你們不要作這惡事。|zh
929|19|7|7|And he said, My brothers, do not this evil.|en
930|19|8|8|我有兩個女兒，還是處女，容我領出來，任憑你們的心願而行；只是這兩個人既然到我舍下，不要向他們作甚麼。|zh
931|19|8|8|See now, I have two unmarried daughters; I will send them out to you so that you may do to them whatever seems good to you: only do nothing to these men, for this is why they have come under the shade of my roof.|en
932|19|9|9|眾人說：退去罷！又說：這個人來寄居，還想要作官哪！現在我們要害你比害他們更甚。眾人就向前擁擠羅得，要攻破房門。|zh
933|19|9|9|And they said, Give way there. This one man, they said, came here from a strange country, and will he now be our judge? now we will do worse to you than to them; and pushing violently against Lot, they came near to get the door broken in.|en
934|19|10|10|只是那二人伸出手來，將羅得拉進屋去，把門關上，|zh
935|19|10|10|But the men put out their hands and took Lot into the house to them, shutting the door again.|en
936|19|11|11|並且使門外的人，無論老少，眼都昏迷；他們摸來摸去，總尋不著房門。|zh
937|19|11|11|But the men who were outside the door they made blind, all of them, small and great, so that they were tired out with looking for the door.|en
938|19|12|12|二人對羅得說：你這裡還有甚麼人麼？無論是女婿是兒女，和這城中一切屬你的人，你都要將他們從這地方帶出去。|zh
939|19|12|12|Then the men said to Lot, Are there any others of your family here? sons-in-law or sons or daughters, take them all out of this place;|en
940|19|13|13|我們要毀滅這地方；因為城內罪惡的聲音在耶和華面前甚大，耶和華差我們來，要毀滅這地方。|zh
941|19|13|13|For we are about to send destruction on this place, because a great outcry against them has come to the ears of the Lord; and the Lord has sent us to put an end to the town.|en
942|19|14|14|羅得就出去，告訴娶了(或作將要娶)他女兒的女婿們說：你們起來離開這地方，因為耶和華要毀滅這城。他女婿們卻以為他說的是戲言。|zh
943|19|14|14|And Lot went out and said to his sons-in-law, who were married to his daughters, Come, let us go out of this place, for the Lord is about to send destruction on the town. But his sons-in-law did not take him seriously.|en
944|19|15|15|天明了，天使催逼羅得說：起來！帶著你的妻子和你在這裡的兩個女兒出去，免得你因這城裡的罪惡同被剿滅。|zh
945|19|15|15|And when morning came, the angels did all in their power to make Lot go, saying, Get up quickly and take your wife and your two daughters who are here, and go, for fear that you come to destruction in the punishment of the town.|en
946|19|16|16|但羅得遲延不走。二人因為耶和華憐恤羅得，就拉著他的手和他妻子的手，並他兩個女兒的手，把他們領出來，安置在城外；|zh
947|19|16|16|But while he was waiting, the men took him and his wife and his daughters by the hand, for the Lord had mercy on them, and put them outside the town.|en
948|19|17|17|領他們出來以後，就說：逃命罷！不可回頭看，也不可在平原站住。要往山上逃跑，免得你被剿滅。|zh
949|19|17|17|And when they had put them out, he said, Go for your life, without looking back or waiting in the lowland; go quickly to the mountain or you will come to destruction.|en
950|19|18|18|羅得對他們說：我主阿，不要如此！|zh
951|19|18|18|And Lot said to them, Not so, O my Lord;|en
952|19|19|19|你僕人已經在你眼前蒙恩；你又向我顯出莫大的慈愛，救我的性命。我不能逃到山上去，恐怕這災禍臨到我，我便死了。|zh
953|19|19|19|See now, your servant has had grace in your eyes and great is your mercy in keeping my life from destruction, but I am not able to get as far as the mountain before evil overtakes me and death;|en
954|19|20|20|看哪，這座城又小又近，容易逃到，這不是一個小的麼？求你容我逃到那裡，我的性命就得存活。|zh
955|19|20|20|This town, now, is near, and it is a little one: O, let me go there (is it not a little one?) so that my life may be safe.|en
956|19|21|21|天使對他說：這事我也應允你；我不傾覆你所說的這城。|zh
957|19|21|21|And he said, See, I have given you your request in this one thing more: I will not send destruction on this town.|en
958|19|22|22|你要速速地逃到那城；因為你還沒有到那裡，我不能作甚麼。因此那城名叫瑣珥(就是小的意思)。|zh
959|19|22|22|Go there quickly, for I am not able to do anything till you have come there. For this reason, the town was named Zoar.|en
960|19|23|23|羅得到了瑣珥，日頭已經出來了。|zh
961|19|23|23|The sun was up when Lot came to Zoar.|en
962|19|24|24|當時，耶和華將硫磺與火從天上耶和華那裡降與所多瑪和蛾摩拉，|zh
963|19|24|24|Then the Lord sent fire and flaming smoke raining down from heaven on Sodom and Gomorrah.|en
964|19|25|25|把那些城和全平原，並城裡所有的居民，連地上生長的，都毀滅了。|zh
965|19|25|25|And he sent destruction on those towns, with all the lowland and all the people of those towns and every green thing in the land.|en
966|19|26|26|羅得的妻子在後邊回頭一看，就變成了一根鹽柱。|zh
967|19|26|26|But Lot's wife, looking back, became a pillar of salt.|en
968|19|27|27|亞伯拉罕清早起來，到了他從前站在耶和華面前的地方，|zh
969|19|27|27|And Abraham got up early in the morning and went to the place where he had been talking with the Lord:|en
970|19|28|28|向所多瑪和蛾摩拉與平原的全地觀看，不料，那地方煙氣上騰，如同燒窯一般。|zh
971|19|28|28|And looking in the direction of Sodom and Gomorrah and the lowland, he saw the smoke of the land going up like the smoke of an oven.|en
972|19|29|29|當神毀滅平原諸城的時候，他記念亞伯拉罕，正在傾覆羅得所住之城的時候，就打發羅得從傾覆之中出來。|zh
973|19|29|29|So it came about that when God sent destruction on the towns of the lowland, he kept his word to Abraham, and sent Lot safely away when he put an end to the towns where he was living.|en
974|19|30|30|羅得因為怕住在瑣珥，就同他兩個女兒從瑣珥上去，住在山裡；他和兩個女兒住在一個洞裡。|zh
975|19|30|30|Then Lot went up out of Zoar to the mountain, and was living there with his two daughters, for fear kept him from living in Zoar: and he and his daughters made their living-place in a hole in the rock.|en
976|19|31|31|大女兒對小女兒說：我們的父親老了，地上又無人按著世上的常規進到我們這裡。|zh
977|19|31|31|And the older daughter said to her sister, Our father is old, and there is no man to be a husband to us in the natural way:|en
978|19|32|32|來！我們可以叫父親喝酒，與他同寢。這樣，我們好從他存留後裔。|zh
979|19|32|32|Come, let us give our father much wine, and we will go into his bed, so that we may have offspring by our father,|en
980|19|33|33|於是，那夜他們叫父親喝酒，大女兒就進去和他父親同寢；他幾時躺下，幾時起來，父親都不知道。|zh
981|19|33|33|And that night they made their father take much wine; and the older daughter went into his bed; and he had no knowledge of when she went in or when she went away.|en
982|19|34|34|第二天，大女兒對小女兒說：我昨夜與父親同寢。今夜我們再叫他喝酒，你可以進去與他同寢。這樣，我們好從父親存留後裔。|zh
983|19|34|34|And on the day after, the older daughter said to the younger, Last night I was with my father; let us make him take much wine this night again, and do you go to him, so that we may have offspring by our father.|en
984|19|35|35|於是，那夜他們又叫父親喝酒，小女兒起來與他父親同寢；他幾時躺下，幾時起來，父親都不知道。|zh
985|19|35|35|And that night again they made their father take much wine; and the younger daughter went into his bed; and he had no knowledge of when she went in or when she went away.|en
986|19|36|36|這樣，羅得的兩個女兒都從他父親懷了孕。|zh
987|19|36|36|And so the two daughters of Lot were with child by their father.|en
988|19|37|37|大女兒生了兒子，給他起名叫摩押，就是現今摩押人的始祖。|zh
989|19|37|37|And the older daughter had a son, and she gave him the name Moab: he is the father of the Moabites to this day.|en
990|19|38|38|小女兒也生了兒子，給他起名叫便亞米，就是現今亞捫人的始祖。|zh
991|19|38|38|And the younger had a son and gave him the name Ben-ammi: from him come the children of Ammon to this day.|en
992|20|1|1|亞伯拉罕從那裡向南地遷去，寄居在加低斯和書珥中間的基拉耳。|zh
993|20|1|1|And Abraham went on his way from there to the land of the South, and was living between Kadesh and Shur, in Gerar.|en
994|20|2|2|亞伯拉罕稱他的妻撒拉為妹子，基拉耳王亞比米勒差人把撒拉取了去。|zh
995|20|2|2|And Abraham said of Sarah, his wife, She is my sister: and Abimelech, king of Gerar, sent and took Sarah.|en
996|20|3|3|但夜間，神來，在夢中對亞比米勒說：你是個死人哪！因為你取了那女人來；他原是別人的妻子。|zh
997|20|3|3|But God came to Abimelech in a dream in the night, and said to him, Truly you are a dead man because of the woman whom you have taken; for she is a man's wife.|en
998|20|4|4|亞比米勒卻還沒有親近撒拉；他說：主阿，連有義的國，你也要毀滅麼？|zh
999|20|4|4|Now Abimelech had not come near her; and he said, Lord, will you put to death an upright nation?|en
1000|20|5|5|那人豈不是自己對我說他是我的妹子麼？就是女人也自己說：他是我的哥哥。我作這事是心正手潔的。|zh
1001|20|5|5|Did he not say to me himself, She is my sister? and she herself said, He is my brother: with an upright heart and clean hands have I done this.|en
1002|20|6|6|神在夢中對他說：我知道你作這事是心中正直；我也攔阻了你，免得你得罪我，所以我不容你沾著他。|zh
1003|20|6|6|And God said to him in the dream, I see that you have done this with an upright heart, and I have kept you from sinning against me: for this reason I did not let you come near her.|en
1004|20|7|7|現在你把這人的妻子歸還他；因為他是先知，他要為你禱告，使你存活。你若不歸還他，你當知道，你和你所有的人都必要死。|zh
1005|20|7|7|So now, give the man back his wife, for he is a prophet, and let him say a prayer for you, so your life may be safe: but if you do not give her back, be certain that death will come to you and all your house.|en
1006|20|8|8|亞比米勒清早起來，召了眾臣僕來，將這些事都說給他們聽，他們都甚懼怕。|zh
1007|20|8|8|So Abimelech got up early in the morning and sent for all his servants and gave them word of these things, and they were full of fear.|en
1008|20|9|9|亞比米勒召了亞伯拉罕來，對他說：你怎麼向我這樣行呢？我在甚麼事上得罪了你，你竟使我和我國裡的人陷在大罪裡？你向我行不當行的事了！|zh
1009|20|9|9|Then Abimelech sent for Abraham, and said, What have you done to us? what wrong have I done you that you have put on me and on my kingdom so great a sin? You have done to me things which are not to be done.|en
1010|20|10|10|亞比米勒又對亞伯拉罕說：你見了甚麼才做這事呢？|zh
1011|20|10|10|And Abimelech said to Abraham, Why did you do this thing?|en
1012|20|11|11|亞伯拉罕說：我以為這地方的人總不懼怕神，必為我妻子的緣故殺我。|zh
1013|20|11|11|And Abraham said, Because it seemed to me that there was no fear of God in this place, and that they might put me to death because of my wife.|en
1014|20|12|12|況且他也實在是我的妹子；他與我是同父異母，後來作了我的妻子。|zh
1015|20|12|12|And, in fact, she is my sister, the daughter of my father, but not the daughter of my mother; and she became my wife:|en
1016|20|13|13|當神叫我離開父家、飄流在外的時候，我對他說：我們無論走到甚麼地方，你可以對人說：他是我的哥哥；這就是你待我的恩典了。|zh
1017|20|13|13|And when God sent me wandering from my father's house, I said to her, Let this be the sign of your love for me; wherever we go, say of me, He is my brother.|en
1018|20|14|14|亞比米勒把牛、羊、僕婢賜給亞伯拉罕，又把他的妻子撒拉歸還他。|zh
1019|20|14|14|Then Abimelech gave to Abraham sheep and oxen and men-servants and women-servants, and gave him back his wife Sarah.|en
1020|20|15|15|亞比米勒又說：看哪，我的地都在你面前，你可以隨意居住；|zh
1021|20|15|15|And Abimelech said, See, all my land is before you; take whatever place seems good to you.|en
1022|20|16|16|又對撒拉說：我給你哥哥一千銀子，作為你在閤家人面前遮羞(原文作眼)的，你就在眾人面前沒有不是了。|zh
1023|20|16|16|And he said to Sarah, See, I have given to your brother a thousand bits of silver so that your wrong may be put right; now your honour is clear in the eyes of all.|en
1024|20|17|17|亞伯拉罕禱告神，　神就醫好了亞比米勒和他的妻子，並他的眾女僕，他們便能生育。|zh
1025|20|17|17|Then Abraham made prayer to God, and God made Abimelech well again, and his wife and his women-servants, so that they had children.|en
1026|20|18|18|因耶和華為亞伯拉罕的妻子撒拉的緣故，已經使亞比米勒家中的婦人不能生育。|zh
1027|20|18|18|For the Lord had kept all the women of the house of Abimelech from having children, because of Sarah, Abraham's wife.|en
1028|21|1|1|耶和華按著先前的話眷顧撒拉，便照他所說的給撒拉成就。|zh
1029|21|1|1|And the Lord came to Sarah as he had said and did to her as he had undertaken.|en
1030|21|2|2|當亞伯拉罕年老的時候，撒拉懷了孕；到神所說的日期，就給亞伯拉罕生了一個兒子。|zh
1031|21|2|2|And Sarah became with child, and gave Abraham a son when he was old, at the time named by God.|en
1032|21|3|3|亞伯拉罕給撒拉所生的兒子起名叫以撒。|zh
1033|21|3|3|And Abraham gave to his son, to whom Sarah had given birth, the name Isaac.|en
1034|21|4|4|以撒生下來第八日，亞伯拉罕照著神所吩咐的，給以撒行了割禮。|zh
1035|21|4|4|And when his son Isaac was eight days old, Abraham made him undergo circumcision, as God had said to him.|en
1036|21|5|5|他兒子以撒生的時候，亞伯拉罕年一百歲。|zh
1037|21|5|5|Now Abraham was a hundred years old when the birth of Isaac took place.|en
1038|21|6|6|撒拉說：神使我喜笑，凡聽見的必與我一同喜笑；|zh
1039|21|6|6|And Sarah said, God has given me cause for laughing, and everyone who has news of it will be laughing with me.|en
1040|21|7|7|又說：誰能預先對亞伯拉罕說撒拉要乳養嬰孩呢？因為在他年老的時候，我給他生了一個兒子。|zh
1041|21|7|7|And she said, Who would have said to Abraham that Sarah would have a child at her breast? for see, I have given him a son now when he is old.|en
1042|21|8|8|孩子漸長，就斷了奶。以撒斷奶的日子，亞伯拉罕設擺豐盛的筵席。|zh
1043|21|8|8|And when the child was old enough to be taken from the breast, Abraham made a great feast.|en
1044|21|9|9|當時，撒拉看見埃及人夏甲給亞伯拉罕所生的兒子戲笑，|zh
1045|21|9|9|And Sarah saw the son of Hagar the Egyptian playing with Isaac.|en
1046|21|10|10|就對亞伯拉罕說：你把這使女和他兒子趕出去！因為這使女的兒子不可與我的兒子以撒一同承受產業。|zh
1047|21|10|10|So she said to Abraham, Send away that woman and her son: for the son of that woman is not to have a part in the heritage with my son Isaac.|en
1048|21|11|11|亞伯拉罕因他兒子的緣故很憂愁。|zh
1049|21|11|11|And this was a great grief to Abraham because of his son.|en
1050|21|12|12|神對亞伯拉罕說：你不必為這童子和你的使女憂愁。凡撒拉對你說的話，你都該聽從；因為從以撒生的，才要稱為你的後裔。|zh
1051|21|12|12|But God said, Let it not be a grief to you because of the boy and Hagar his mother; give ear to whatever Sarah says to you, because it is from Isaac that your seed will take its name.|en
1052|21|13|13|至於使女的兒子，我也必使他的後裔成立一國，因為他是你所生的。|zh
1053|21|13|13|And I will make a nation of the son of your servant-woman, because he is your seed.|en
1054|21|14|14|亞伯拉罕清早起來，拿餅和一皮袋水，給了夏甲，搭在他的肩上，又把孩子交給他，打發他走。夏甲就走了，在別是巴的曠野走迷了路。|zh
1055|21|14|14|And early in the morning Abraham got up, and gave Hagar some bread and a water-skin, and put the boy on her back, and sent her away: and she went, wandering in the waste land of Beer-sheba.|en
1056|21|15|15|皮袋的水用盡了，夏甲就把孩子撇在小樹底下，|zh
1057|21|15|15|And when all the water in the skin was used up, she put the child down under a tree.|en
1058|21|16|16|自己走開約有一箭之遠，相對而坐，說：我不忍見孩子死，就相對而坐，放聲大哭。|zh
1059|21|16|16|And she went some distance away, about an arrow flight, and seating herself on the earth, she gave way to bitter weeping, saying, Let me not see the death of my child.|en
1060|21|17|17|神聽見童子的聲音；神的使者從天上呼叫夏甲說：夏甲，你為何這樣呢？不要害怕，　神已經聽見童子的聲音了。|zh
1061|21|17|17|And the boy's cry came to the ears of God; and the angel of God said to Hagar from heaven, Hagar, why are you weeping? have no fear, for the child's cry has come to the ears of God.|en
1062|21|18|18|起來！把童子抱在懷(原文作手)中，我必使他的後裔成為大國。|zh
1063|21|18|18|Come, take your child in your arms, for I will make of him a great nation.|en
1064|21|19|19|神使夏甲的眼睛明亮，他就看見一口水井，便去將皮袋盛滿了水，給童子喝。|zh
1065|21|19|19|Then God made her eyes open, and she saw a water-spring, and she got water in the skin and gave the boy a drink.|en
1066|21|20|20|神保佑童子，他就漸長，住在曠野，成了弓箭手。|zh
1067|21|20|20|And God was with the boy, and he became tall and strong, and he became a bowman, living in the waste land.|en
1068|21|21|21|他住在巴蘭的曠野；他母親從埃及地給他娶了一個妻子。|zh
1069|21|21|21|And while he was in the waste land of Paran, his mother got him a wife from the land of Egypt.|en
1070|21|22|22|當那時候，亞比米勒同他軍長非各對亞伯拉罕說：凡你所行的事都有神的保佑。|zh
1071|21|22|22|Now at that time, Abimelech and Phicol, the captain of his army, said to Abraham, I see that God is with you in all you do.|en
1072|21|23|23|我願你如今在這裡指著神對我起誓，不要欺負我與我的兒子，並我的子孫。我怎樣厚待了你，你也要照樣厚待我與你所寄居這地的民。|zh
1073|21|23|23|Now, then, give me your oath, in the name of God, that you will not be false to me or to my sons after me, but that as I have been good to you, so you will be to me and to this land where you have been living.|en
1074|21|24|24|亞伯拉罕說：我情願起誓。|zh
1075|21|24|24|And Abraham said, I will give you my oath.|en
1076|21|25|25|從前，亞比米勒的僕人霸佔了一口水井，亞伯拉罕為這事指責亞比米勒。|zh
1077|21|25|25|But Abraham made a protest to Abimelech because of a water-hole which Abimelech's servants had taken by force.|en
1078|21|26|26|亞比米勒說：誰做這事，我不知道，你也沒有告訴我，今日我才聽見了。|zh
1079|21|26|26|But Abimelech said, I have no idea who has done this thing; you never gave me word of it, and I had no knowledge of it till this day.|en
1080|21|27|27|亞伯拉罕把羊和牛給了亞比米勒，二人就彼此立約。|zh
1081|21|27|27|And Abraham took sheep and oxen and gave them to Abimelech, and the two of them made an agreement together.|en
1082|21|28|28|亞伯拉罕把七隻母羊羔另放在一處。|zh
1083|21|28|28|And Abraham put seven young lambs of the flock on one side by themselves.|en
1084|21|29|29|亞比米勒問亞伯拉罕說：你把這七隻母羊羔另放在一處，是甚麼意思呢？|zh
1085|21|29|29|Then Abimelech said, What are these seven lambs which you have put on one side?|en
1086|21|30|30|他說：你要從我手裡受這七隻母羊羔，作我挖這口井的證據。|zh
1087|21|30|30|And he said, Take these seven lambs from me as a witness that I have made this water-hole.|en
1088|21|31|31|所以他給那地方起名叫別是巴，因為他們二人在那裡起了誓。(別是巴就是盟誓的井的意思)|zh
1089|21|31|31|So he gave that place the name Beer-sheba, because there the two of them had given their oaths.|en
1090|21|32|32|他們在別是巴立了約，亞比米勒就同他軍長非各起身回非利士地去了。|zh
1091|21|32|32|So they made an agreement at Beer-sheba, and Abimelech and Phicol, the captain of his army, went back to the land of the Philistines.|en
1092|21|33|33|亞伯拉罕在別是巴栽上一棵垂絲柳樹，又在那裡求告耶和華─永生神的名。|zh
1093|21|33|33|And Abraham, after planting a holy tree in Beer-sheba, gave worship to the name of the Lord, the Eternal God.|en
1094|21|34|34|亞伯拉罕在非利士人的地寄居了多日。|zh
1095|21|34|34|And Abraham went on living in the land of the Philistines as in a strange country.|en
1096|22|1|1|這些事以後，神要試驗亞伯拉罕，就呼叫他說：亞伯拉罕！他說：我在這裡。|zh
1097|22|1|1|Now after these things, God put Abraham to the test, and said to him, Abraham; and he said, Here am I.|en
1098|22|2|2|神說：你帶著你的兒子，就是你獨生的兒子，你所愛的以撒，往摩利亞地去，在我所要指示你的山上，把他獻為燔祭。|zh
1099|22|2|2|And he said to him, Take your son, your dearly loved only son Isaac, and go to the land of Moriah and give him as a burned offering on one of the mountains of which I will give you knowledge.|en
1100|22|3|3|亞伯拉罕清早起來，備上驢，帶著兩個僕人和他兒子以撒，也劈好了燔祭的柴，就起身往神所指示他的地方去了。|zh
1101|22|3|3|And Abraham got up early in the morning, and made ready his ass, and took with him two of his young men and Isaac, his son, and after the wood for the burned offering had been cut, he went on his way to the place of which God had given him word.|en
1102|22|4|4|到了第三日，亞伯拉罕舉目遠遠的看見那地方。|zh
1103|22|4|4|And on the third day, Abraham, lifting up his eyes, saw the place a long way off.|en
1104|22|5|5|亞伯拉罕對他的僕人說：你們和驢在此等候，我與童子往那裡去拜一拜，就回到你們這裡來。|zh
1105|22|5|5|Then he said to his young men, Keep here with the ass; and I and the boy will go on and give worship and come back again to you.|en
1106|22|6|6|亞伯拉罕把燔祭的柴放在他兒子以撒身上，自己手裡拿著火與刀；於是二人同行。|zh
1107|22|6|6|And Abraham put the wood for the burned offering on his son's back, and he himself took the fire and the knife in his hand, and the two of them went on together.|en
1108|22|7|7|以撒對他父親亞伯拉罕說：父親哪！亞伯拉罕說：我兒，我在這裡。以撒說：請看，火與柴都有了，但燔祭的羊羔在那裡呢？|zh
1109|22|7|7|Then Isaac said to Abraham, My father; and he said, Here am I, my son. And he said, We have wood and fire here, but where is the lamb for the burned offering?|en
1110|22|8|8|亞伯拉罕說：我兒，神必自己預備作燔祭的羊羔。於是二人同行。|zh
1111|22|8|8|And Abraham said, God himself will give the lamb for the burned offering: so they went on together.|en
1112|22|9|9|他們到了神所指示的地方，亞伯拉罕在那裡築壇，把柴擺好，捆綁他的兒子以撒，放在壇的柴上。|zh
1113|22|9|9|And they came to the place of which God had given him knowledge; and there Abraham made the altar and put the wood in place on it, and having made tight the bands round Isaac his son, he put him on the wood on the altar.|en
1114|22|10|10|亞伯拉罕就伸手拿刀，要殺他的兒子。|zh
1115|22|10|10|And stretching out his hand, Abraham took the knife to put his son to death.|en
1116|22|11|11|耶和華的使者從天上呼叫他說：亞伯拉罕！亞伯拉罕！他說：我在這裡。|zh
1117|22|11|11|But the voice of the angel of the Lord came from heaven, saying, Abraham, Abraham: and he said, Here am I.|en
1118|22|12|12|天使說：你不可在這童子身上下手。一點不可害他！現在我知道你是敬畏神的了；因為你沒有將你的兒子，就是你獨生的兒子，留下不給我。|zh
1119|22|12|12|And he said, Let not your hand be stretched out against the boy to do anything to him; for now I am certain that the fear of God is in your heart, because you have not kept back your son, your only son, from me.|en
1120|22|13|13|亞伯拉罕舉目觀看，不料，有一隻公羊，兩角扣在稠密的小樹中，亞伯拉罕就取了那隻公羊來，獻為燔祭，代替他的兒子。|zh
1121|22|13|13|And lifting up his eyes, Abraham saw a sheep fixed by its horns in the brushwood: and Abraham took the sheep and made a burned offering of it in place of his son.|en
1122|22|14|14|亞伯拉罕給那地方起名叫耶和華以勒(意思就是耶和華必預備的意思)，直到今日人還說：在耶和華的山上必有預備。|zh
1123|22|14|14|And Abraham gave that place the name Yahweh-yireh: as it is said to this day, In the mountain the Lord is seen.|en
1124|22|15|15|耶和華的使者第二次從天上呼叫亞伯拉罕說：|zh
1125|22|15|15|And the voice of the angel of the Lord came to Abraham a second time from heaven,|en
1126|22|16|16|耶和華說：你既行了這事，不留下你的兒子，就是你獨生的兒子，我便指著自己起誓說：|zh
1127|22|16|16|Saying, I have taken an oath by my name, says the Lord, because you have done this and have not kept back from me your dearly loved only son,|en
1128|22|17|17|論福，我必賜大福給你；論子孫，我必叫你的子孫多起來，如同天上的星，海邊的沙。你子孫必得著仇敵的城門，|zh
1129|22|17|17|That I will certainly give you my blessing, and your seed will be increased like the stars of heaven and the sand by the seaside; your seed will take the land of those who are against them;|en
1130|22|18|18|並且地上萬國都必因你的後裔得福，因為你聽從了我的話。|zh
1131|22|18|18|And your seed will be a blessing to all the nations of the earth, because you have done what I gave you orders to do.|en
1132|22|19|19|於是亞伯拉罕回到他僕人那裡，他們一同起身往別是巴去，亞伯拉罕就住在別是巴。|zh
1133|22|19|19|Then Abraham went back to his young men and they went together to Beer-sheba, the place where Abraham was living.|en
1134|22|20|20|這事以後，有人告訴亞伯拉罕說：密迦給你兄弟拿鶴生了幾個兒子，|zh
1135|22|20|20|After these things, Abraham had news that Milcah, the wife of his brother Nahor, had given birth to children;|en
1136|22|21|21|長子是烏斯，他的兄弟是布斯和亞蘭的父親基母利，|zh
1137|22|21|21|Uz the oldest, and Buz his brother, and Kemuel, the father of Aram,|en
1138|22|22|22|並基薛、哈瑣、必達、益拉、彼土利（彼土利生利百加）。|zh
1139|22|22|22|And Chesed and Hazo and Pildash and Jidlaph and Bethuel.|en
1140|22|23|23|這八個人都是密迦給亞伯拉罕的兄弟拿鶴生的。|zh
1141|22|23|23|Bethuel was the father of Rebekah: these eight were the children of Milcah and Nahor, Abraham's brother.|en
1142|22|24|24|拿鶴的妾名叫流瑪，生了提八、迦含、他轄，和瑪迦。|zh
1143|22|24|24|And his servant Reumah gave birth to Tebah and Gaham and Tahash and Maacah.|en
1144|23|1|1|撒拉享壽一百二十七歲，這是撒拉一生的歲數。|zh
1145|23|1|1|Now the years of Sarah's life were a hundred and twenty-seven.|en
1146|23|2|2|撒拉死在迦南地的基列亞巴，就是希伯崙。亞伯拉罕為他哀慟哭號。|zh
1147|23|2|2|And Sarah's death took place in Kiriath-arba, that is, Hebron, in the land of Canaan: and Abraham went into his house, weeping and sorrowing for Sarah.|en
1148|23|3|3|後來亞伯拉罕從死人面前起來，對赫人說：|zh
1149|23|3|3|And Abraham came from his dead and said to the children of Heth,|en
1150|23|4|4|我在你們中間是外人，是寄居的。求你們在這裡給我一塊地，我好埋葬我的死人，使他不在我眼前。|zh
1151|23|4|4|I am living among you as one from a strange country: give me some land here as my property, so that I may put my dead to rest.|en
1152|23|5|5|赫人回答亞伯拉罕說：|zh
1153|23|5|5|And in answer the children of Heth said to Abraham,|en
1154|23|6|6|我主請聽。你在我們中間是一位尊大的王子，只管在我們最好的墳地裡埋葬你的死人；我們沒有一人不容你在他的墳地裡埋葬你的死人。|zh
1155|23|6|6|My lord, truly you are a great chief among us; take the best of our resting-places for your dead; not one of us will keep back from you a place where you may put your dead to rest.|en
1156|23|7|7|亞伯拉罕就起來，向那地的赫人下拜，|zh
1157|23|7|7|And Abraham got up and gave honour to the children of Heth, the people of that land.|en
1158|23|8|8|對他們說：你們若有意叫我埋葬我的死人，使他不在我眼前，就請聽我的話，為我求瑣轄的兒子以弗崙，|zh
1159|23|8|8|And he said to them, If you will let me put my dead to rest here, make a request for me to Ephron, the son of Zohar,|en
1160|23|9|9|把田頭上那麥比拉洞給我；他可以按著足價賣給我，作我在你們中間的墳地。|zh
1161|23|9|9|That he will give me the hollow in the rock named Machpelah, which is his property at the end of his field; let him give it to me for its full price as a resting-place for my dead among you.|en
1162|23|10|10|當時以弗崙正坐在赫人中間。於是，赫人以弗崙在城門出入的赫人面前對亞伯拉罕說：|zh
1163|23|10|10|Now Ephron was seated among the children of Heth: and Ephron the Hittite gave Abraham his answer in the hearing of the children of Heth, and of all those who came into his town, saying,|en
1164|23|11|11|不然，我主請聽。我送給你這塊田，連田間的洞也送給你，在我同族的人面前都給你，可以埋葬你的死人。|zh
1165|23|11|11|No, my lord, I will give you the field with the hollow in the rock; before all the children of my people will I give it to you for a resting-place for your dead.|en
1166|23|12|12|亞伯拉罕就在那地的人民面前下拜，|zh
1167|23|12|12|And Abraham went down on his face before the people of the land.|en
1168|23|13|13|在他們面前對以弗崙說：你若應允，請聽我的話。我要把田價給你，求你收下，我就在那裡埋葬我的死人。|zh
1169|23|13|13|And Abraham said to Ephron, in the hearing of the people of the land, If only you will give ear to me, I will give you the price of the field; take it, and let me put my dead to rest there.|en
1170|23|14|14|以弗崙回答亞伯拉罕說：|zh
1171|23|14|14|So Ephron said to Abraham,|en
1172|23|15|15|我主請聽。值四百舍客勒銀子的一塊田，在你我中間還算甚麼呢？只管埋葬你的死人罷！|zh
1173|23|15|15|My lord, give ear to me: the value of the land is four hundred shekels; what is that between me and you? so put your dead to rest there.|en
1174|23|16|16|亞伯拉罕聽從了以弗崙，照著他在赫人面前所說的話，把買賣通用的銀子平了四百舍客勒給以弗崙。|zh
1175|23|16|16|And Abraham took note of the price fixed by Ephron in the hearing of the children of Heth, and gave him four hundred shekels in current money.|en
1176|23|17|17|於是，麥比拉、幔利前、以弗崙的那塊田和其中的洞，並田間四圍的樹木，|zh
1177|23|17|17|So Ephron's field at Machpelah near Mamre, with the hollow in the rock and all the trees in the field and round it,|en
1178|23|18|18|都定準歸與亞伯拉罕，乃是他在赫人面前並城門出入的人面前買妥的。|zh
1179|23|18|18|Became the property of Abraham before the eyes of the children of Heth and of all who came into the town.|en
1180|23|19|19|此後，亞伯拉罕把他妻子撒拉埋葬在迦南地幔利前的麥比拉田間的洞裡。〈幔利就是希伯崙〉。|zh
1181|23|19|19|Then Abraham put Sarah his wife to rest in the hollow rock in the field of Machpelah near Mamre, that is, Hebron in the land of Canaan.|en
1182|23|20|20|從此，那塊田和田間的洞就藉著赫人定準歸與亞伯拉罕作墳地。|zh
1183|23|20|20|And the field and the hollow rock were handed over to Abraham as his property by the children of Heth.|en
1184|24|1|1|亞伯拉罕年紀老邁，向來在一切事上耶和華都賜福給他。|zh
1185|24|1|1|Now Abraham was old and far on in years: and the Lord had given him everything in full measure.|en
1186|24|2|2|亞伯拉罕對管理他全業最老的僕人說：請你把手放在我大腿底下。|zh
1187|24|2|2|And Abraham said to his chief servant, the manager of all his property, Come now, put your hand under my leg:|en
1188|24|3|3|我要叫你指著耶和華─天地的主起誓，不要為我兒子娶這迦南地中的女子為妻。|zh
1189|24|3|3|And take an oath by the Lord, the God of heaven and the God of the earth, that you will not get a wife for my son Isaac from the daughters of the Canaanites among whom I am living;|en
1190|24|4|4|你要往我本地本族去，為我的兒子以撒娶一個妻子。|zh
1191|24|4|4|But that you will go into my country and to my relations and get a wife there for my son Isaac.|en
1192|24|5|5|僕人對他說：倘若女子不肯跟我到這地方來，我必須將你的兒子帶回你原出之地麼？|zh
1193|24|5|5|And the servant said, If by chance the woman will not come with me into this land, am I to take your son back again to the land from which you came?|en
1194|24|6|6|亞伯拉罕對他說：你要謹慎，不要帶我的兒子回那裡去。|zh
1195|24|6|6|And Abraham said, Take care that you do not let my son go back to that land.|en
1196|24|7|7|耶和華─天上的主曾帶領我離開父家和本族的地，對我說話，向我起誓說：我要將這地賜給你的後裔。他必差遣使者在你面前，你就可以從那裡為我兒子娶一個妻子。|zh
1197|24|7|7|The Lord God of heaven, who took me from my father's house and from the land of my birth, and made an oath to me, saying, To your seed I will give this land: he will send his angel before you and give you a wife for my son in that land.|en
1198|24|8|8|倘若女子不肯跟你來，我使你起的誓就與你無干了，只是不可帶我的兒子回那裡去。|zh
1199|24|8|8|And if the woman will not come with you, then you are free from this oath; only do not take my son back there.|en
1200|24|9|9|僕人就把手放在他主人亞伯拉罕的大腿底下，為這事向他起誓。|zh
1201|24|9|9|And the servant put his hand under Abraham's leg, and gave him his oath about this thing.|en
1202|24|10|10|那僕人從他主人的駱駝裡取了十匹駱駝，並帶些他主人各樣的財物，起身往米所波大米去，到了拿鶴的城。|zh
1203|24|10|10|And the servant took ten of his master's camels, and all sorts of good things of his master's, and went to Mesopotamia, to the town of Nahor.|en
1204|24|11|11|天將晚，眾女子出來打水的時候，他便叫駱駝跪在城外的水井那裡。|zh
1205|24|11|11|And he made the camels take their rest outside the town by the water-spring in the evening, at the time when the women came to get water.|en
1206|24|12|12|他說：耶和華─我主人亞伯拉罕的神阿，求你施恩給我主人亞伯拉罕，使我今日遇見好機會。|zh
1207|24|12|12|And he said, O Lord, the God of my master Abraham, let me do well in what I have undertaken this day, and give your mercy to my master Abraham.|en
1208|24|13|13|我現今站在井旁，城內居民的女子們正出來打水。|zh
1209|24|13|13|See, I am waiting here by the water-spring; and the daughters of the town are coming out to get water:|en
1210|24|14|14|我向那一個女子說：請你拿下水瓶來，給我水喝，他若說：請喝！我也給你的駱駝喝，願那女子就作你所預定給你僕人以撒的妻。這樣，我便知道你施恩給我主人了。|zh
1211|24|14|14|Now, may the girl to whom I say, Let down your vessel and give me a drink, and who says in answer, Here is a drink for you and let me give water to your camels: may she be the one marked out by you for your servant Isaac: so may I be certain that you have been good to my master Abraham.|en
1212|24|15|15|話還沒有說完，不料，利百加肩頭上扛著水瓶出來。利百加是彼土利所生的；彼土利是亞伯拉罕兄弟拿鶴妻子密迦的兒子。|zh
1213|24|15|15|And even before his words were ended, Rebekah, the daughter of Bethuel, the son of Milcah, who was the wife of Nahor, Abraham's brother, came out with her water-vessel on her arm.|en
1214|24|16|16|那女子容貌極其俊美，還是處女，也未曾有人親近他。他下到井旁，打滿了瓶，又上來。|zh
1215|24|16|16|She was a very beautiful girl, a virgin, who had never been touched by a man: and she went down to the spring to get water in her vessel.|en
1216|24|17|17|僕人跑上前去迎著他，說：求你將瓶裡的水給我一點喝。|zh
1217|24|17|17|And the servant came running to her and said, Give me a little water from your vessel.|en
1218|24|18|18|女子說：我主請喝！就急忙拿下瓶來，托在手上給他喝。|zh
1219|24|18|18|And she said, Take a drink, my lord: and quickly letting down her vessel onto her hand, she gave him a drink.|en
1220|24|19|19|女子給他喝了，就說：我再為你的駱駝打水，叫駱駝也喝足。|zh
1221|24|19|19|And having done so, she said, I will get water for your camels till they have had enough.|en
1222|24|20|20|他就急忙把瓶裡的水倒在槽裡，又跑到井旁打水，就為所有的駱駝打上水來。|zh
1223|24|20|20|And after putting the water from her vessel into the animals' drinking-place, she went quickly back to the spring and got water for all the camels.|en
1224|24|21|21|那人定睛看他，一句話也不說，要曉得耶和華賜他通達的道路沒有。|zh
1225|24|21|21|And the man, looking at her, said nothing, waiting to see if the Lord had given his journey a good outcome.|en
1226|24|22|22|駱駝喝足了，那人就拿一個金環，重半舍客勒，兩個金鐲，重十舍客勒，給了那女子，|zh
1227|24|22|22|And when the camels had had enough, the man took a gold nose-ring, half a shekel in weight, and two ornaments for her arms of ten shekels weight of gold;|en
1228|24|23|23|說：請告訴我，你是誰的女兒？你父親家裡有我們住宿的地方沒有？|zh
1229|24|23|23|And said to her, Whose daughter are you? is there room in your father's house for us?|en
1230|24|24|24|女子說：我是密迦與拿鶴之子彼土利的女兒；|zh
1231|24|24|24|And she said to him, I am the daughter of Bethuel, the son of Milcah, Nahor's wife.|en
1232|24|25|25|又說：我們家裡足有糧草，也有住宿的地方。|zh
1233|24|25|25|And she said, We have a great store of dry grass and cattle-food, and there is room for you.|en
1234|24|26|26|那人就低頭向耶和華下拜，|zh
1235|24|26|26|And with bent head the man gave worship to the Lord;|en
1236|24|27|27|說：耶和華─我主人亞伯拉罕的神是應當稱頌的，因他不斷地以慈愛誠實待我主人。至於我，耶和華在路上引領我，直走到我主人的兄弟家裡。|zh
1237|24|27|27|And said, Praise be to the Lord, the God of my master Abraham, who has given a sign that he is good and true to my master, by guiding me straight to the house of my master's family.|en
1238|24|28|28|女子跑回去，照著這些話告訴他母親和他家裡的人。|zh
1239|24|28|28|So the girl went running and took the news of these things to her mother's house|en
1240|24|29|29,30 |利百加有一個哥哥，名叫拉班，看見金環，又看見金鐲在他妹子的手上，並聽見他妹子利百加的話，說那人對我如此如此說。拉班就跑出來往井旁去，到那人跟前，見他仍站在駱駝旁邊的井旁那裡，|zh
1241|24|29|29|Now Rebekah had a brother named Laban, and he came out quickly to the man at the water-spring.|en
1242|24|30|30|And when he saw the nose-ring and the ornaments on his sister's hands, and when she gave him word of what the man had said to her, then he went out to the man who was waiting with the camels by the water-spring.|en
1243|24|31|31|便對他說：你這蒙耶和華賜福的，請進來，為甚麼站在外邊？我已經收拾了房屋，也為駱駝預備了地方。|zh
1244|24|31|31|And he said to him, Come in, you on whom is the blessing of the Lord; why are you waiting outside? for I have made the house ready for you, and a place for the camels.|en
1245|24|32|32|那人就進了拉班的家。拉班卸了駱駝，用草料餵上，拿水給那人和跟隨的人洗腳，|zh
1246|24|32|32|Then the man came into the house, and Laban took their cords off the camels and gave them dry grass and food, and he gave to him and the men who were with him water for washing their feet.|en
1247|24|33|33|把飯擺在他面前，叫他吃，他卻說：我不吃，等我說明白我的事情再吃。拉班說：請說。|zh
1248|24|33|33|And meat was put before him, but he said, I will not take food till I have made my business clear to you. And they said, Do so.|en
1249|24|34|34|他說：我是亞伯拉罕的僕人。|zh
1250|24|34|34|And he said, I am Abraham's servant.|en
1251|24|35|35|耶和華大大地賜福給我主人，使他昌大，又賜給他羊群、牛群、金銀、僕婢、駱駝，和驢。|zh
1252|24|35|35|The Lord has given my master every blessing, and he has become great: he has given him flocks and herds and silver and gold, and men-servants and women-servants and camels and asses.|en
1253|24|36|36|我主人的妻子撒拉年老的時候給我主人生了一個兒子；我主人也將一切所有的都給了這個兒子。|zh
1254|24|36|36|And when Sarah, my master's wife, was old, she gave birth to a son, to whom he has given all he has.|en
1255|24|37|37|我主人叫我起誓說：你不要為我兒子娶迦南地的女子為妻。|zh
1256|24|37|37|And my master made me take an oath, saying, Do not get a wife for my son from the daughters of the Canaanites among whom I am living;|en
1257|24|38|38|你要往我父家、我本族那裡去，為我的兒子娶一個妻子。|zh
1258|24|38|38|But go to my father's house and to my relations for a wife for my son.|en
1259|24|39|39|我對我主人說：恐怕女子不肯跟我來。|zh
1260|24|39|39|And I said to my master, What if the woman will not come with me?|en
1261|24|40|40|他就說：我所事奉的耶和華必要差遣他的使者與你同去，叫你的道路通達，你就得以在我父家、我本族那裡，給我的兒子娶一個妻子。|zh
1262|24|40|40|And he said, The Lord, whom I have ever kept before me, will send his angel with you, who will make it possible for you to get a wife for my son from my relations and my father's house;|en
1263|24|41|41|只要你到了我本族那裡，我使你起的誓就與你無干。他們若不把女子交給你，我使你起的誓也與你無干。|zh
1264|24|41|41|And you will be free from your oath to me when you come to my people; and if they will not give her to you, you will be free from your oath.|en
1265|24|42|42|我今日到了井旁，便說：耶和華─我主人亞伯拉罕的神阿，願你叫我所行的道路通達。|zh
1266|24|42|42|And I came today to the water-spring, and I said, O Lord, the God of my master Abraham, if it is your purpose to give a good outcome to my journey,|en
1267|24|43|43|我如今站在井旁，對那一個出來打水的女子說：請你把你瓶裡的水給我一點喝；|zh
1268|24|43|43|Let it come about that, while I am waiting here by the water-spring, if a girl comes to get water and I say to her, Give me a little water from your vessel, and she says,|en
1269|24|44|44|他若說：你只管喝，我也為你的駱駝打水；願那女子就作耶和華給我主人兒子所預定的妻。|zh
1270|24|44|44|Take a drink, and I will get water for your camels; let her be the woman marked out by the Lord for my master's son.|en
1271|24|45|45|我心裡的話還沒有說完，利百加就出來，肩頭上扛著水瓶，下到井旁打水。我便對他說：請你給我水喝。|zh
1272|24|45|45|And even while I was saying this to myself, Rebekah came out with her vessel on her arm; and she went down to the spring to get water; and I said to her, Give me a drink.|en
1273|24|46|46|他就急忙從肩頭上拿下瓶來，說：請喝！我也給你的駱駝喝。我便喝了；他又給我的駱駝喝了。|zh
1274|24|46|46|And straight away she took down her vessel from her arm, and said, Take a drink, and I will get water for your camels.|en
1275|24|47|47|我問他說：你是誰的女兒？他說：我是密迦與拿鶴之子彼土利的女兒。我就把環子戴在他鼻子上，把鐲子戴在他兩手上。|zh
1276|24|47|47|And questioning her, I said, Whose daughter are you? And she said, The daughter of Bethuel, the son of Nahor, and Milcah his wife. Then I put the ring on her nose and the ornaments on her hands.|en
1277|24|48|48|隨後我低頭向耶和華下拜，稱頌耶和華─我主人亞伯拉罕的神；因為他引導我走合式的道路，使我得著我主人兄弟的孫女，給我主人的兒子為妻。|zh
1278|24|48|48|And with bent head I gave worship and praise to the Lord, the God of my master Abraham, by whom I had been guided in the right way, to get the daughter of my master's brother for his son.|en
1279|24|49|49|現在你們若願以慈愛誠實待我主人，就告訴我；若不然，也告訴我，使我可以或向左，或向右。|zh
1280|24|49|49|And now, say if you will do what is good and right for my master or not, in order that it may be clear to me what I have to do.|en
1281|24|50|50|拉班和彼土利回答說：這事乃出於耶和華，我們不能向你說好說歹。|zh
1282|24|50|50|Then Laban and Bethuel said in answer, This is the Lord's doing: it is not for us to say Yes or No to you.|en
1283|24|51|51|看哪，利百加在你面前，可以將他帶去，照著耶和華所說的，給你主人的兒子為妻。|zh
1284|24|51|51|See, here is Rebekah: take her and go, and let her be your master's son's wife, as the Lord has said.|en
1285|24|52|52|亞伯拉罕的僕人聽見他們這話，就向耶和華俯伏在地。|zh
1286|24|52|52|And at these words, Abraham's servant went down on his face and gave praise to the Lord.|en
1287|24|53|53|當下僕人拿出金器、銀器，和衣服送給利百加，又將寶物送給他哥哥和他母親。|zh
1288|24|53|53|Then he took jewels of silver and jewels of gold and fair robes and gave them to Rebekah: and he gave things of value to her mother and her brother.|en
1289|24|54|54|僕人和跟從他的人吃了喝了，住了一夜。早晨起來，僕人就說：請打發我回我主人那裡去罷。|zh
1290|24|54|54|Then he and the men who were with him had food and drink, and took their rest there that night; and in the morning he got up, and said, Let me now go back to my master.|en
1291|24|55|55|利百加的哥哥和他母親說：讓女子同我們再住幾天，至少十天，然後他可以去。|zh
1292|24|55|55|But her brother and her mother said, Let the girl be with us a week or ten days, and then she may go.|en
1293|24|56|56|僕人說：耶和華既賜給我通達的道路，你們不要耽誤我，請打發我走，回我主人那裡去罷。|zh
1294|24|56|56|And he said, Do not keep me; the Lord has given a good outcome to my journey; let me now go back to my master.|en
1295|24|57|57|他們說：我們把女子叫來問問他，|zh
1296|24|57|57|And they said, We will send for the girl, and let her make the decision.|en
1297|24|58|58|就叫了利百加來，問他說：你和這人同去麼？利百加說：我去。|zh
1298|24|58|58|And they sent for Rebekah and said to her, Are you ready to go with this man? And she said, I am ready.|en
1299|24|59|59|於是他們打發妹子利百加和他的乳母，同亞伯拉罕的僕人，並跟從僕人的，都走了。|zh
1300|24|59|59|So they sent their sister Rebekah and her servant with Abraham's servant and his men.|en
1301|24|60|60|他們就給利百加祝福說：我們的妹子阿，願你作千萬人的母！願你的後裔得著仇敵的城門！|zh
1302|24|60|60|And they gave Rebekah their blessing, saying, O sister, may you be the mother of thousands and ten thousands; and may your seed overcome all those who make war against them.|en
1303|24|61|61|利百加和他的使女們起來，騎上駱駝，跟著那僕人，僕人就帶著利百加走了。|zh
1304|24|61|61|So Rebekah and her servant-women went with the man, seated on the camels; and so the servant took Rebekah and went on his way.|en
1305|24|62|62|那時，以撒住在南地，剛從庇耳•拉海•萊回來。|zh
1306|24|62|62|Now Isaac had come through the waste land to Beer-lahai-roi; for he was living in the South.|en
1307|24|63|63|天將晚，以撒出來在田間默想，舉目一看，見來了些駱駝。|zh
1308|24|63|63|And when the evening was near, he went wandering out into the fields, and lifting up his eyes he saw camels coming.|en
1309|24|64|64|利百加舉目看見以撒，就急忙下了駱駝，|zh
1310|24|64|64|And when Rebekah, looking up, saw Isaac, she got down from her camel,|en
1311|24|65|65|問那僕人說：這田間走來迎接我們的是誰？僕人說：是我的主人。利百加就拿帕子蒙上臉。|zh
1312|24|65|65|And said to the servant, Who is that man coming to us through the field? And the servant said, It is my master: then she took her veil, covering her face with it.|en
1313|24|66|66|僕人就將所辦的一切事都告訴以撒。|zh
1314|24|66|66|Then the servant gave Isaac the story of all he had done.|en
1315|24|67|67|以撒便領利百加進了他母親撒拉的帳棚，娶了他為妻，並且愛他。以撒自從他母親不在了，這才得了安慰。|zh
1316|24|67|67|And Isaac took Rebekah into his tent and she became his wife; and in his love for her, Isaac was comforted after his father's death.|en
1317|25|1|1|亞伯拉罕又娶了一妻，名叫基土拉。|zh
1318|25|1|1|And Abraham took another wife named Keturah.|en
1319|25|2|2|基土拉給他生了心蘭、約珊、米但、米甸、伊施巴，和書亞。|zh
1320|25|2|2|She became the mother of Zimran and Jokshan and Medan and Midian and Ishbak and Shuah.|en
1321|25|3|3|約珊生了示巴和底但。底但的子孫是亞書利族、利都是族，和利烏米族。|zh
1322|25|3|3|And Jokshan became the father of Sheba and Dedan. And from Dedan came the Asshurim and Letushim and Leummim.|en
1323|25|4|4|米甸的兒子是以法、以弗、哈諾、亞比大，和以勒大。這都是基土拉的子孫。|zh
1324|25|4|4|And from Midian came Ephah and Epher and Hanoch and Abida and Eldaah. All these were the offspring of Keturah.|en
1325|25|5|5|亞伯拉罕將一切所有的都給了以撒。|zh
1326|25|5|5|Now Abraham gave all his property to Isaac;|en
1327|25|6|6|亞伯拉罕把財物分給他庶出的眾子，趁著自己還在世的時候打發他們離開他的兒子以撒，往東方去。|zh
1328|25|6|6|But to the sons of his other women he gave offerings, and sent them away, while he was still living, into the east country.|en
1329|25|7|7|亞伯拉罕一生的年日是一百七十五歲。|zh
1330|25|7|7|Now the years of Abraham's life were a hundred and seventy-five.|en
1331|25|8|8|亞伯拉罕壽高年邁，氣絕而死，歸到他列祖(原文作本民)那裡。|zh
1332|25|8|8|And Abraham came to his death, an old man, full of years; and he was put to rest with his people.|en
1333|25|9|9|他兩個兒子以撒、以實瑪利把他埋葬在麥比拉洞裡。這洞在幔利前、赫人瑣轄的兒子以弗崙的田中，|zh
1334|25|9|9|And Isaac and Ishmael, his sons, put him to rest in the hollow rock of Machpelah, in the field of Ephron, the son of Zohar the Hittite, near Mamre;|en
1335|25|10|10|就是亞伯拉罕向赫人買的那塊田。亞伯拉罕和他妻子撒拉都葬在那裡。|zh
1336|25|10|10|The same field which Abraham got from the children of Heth: there Abraham was put to rest with Sarah, his wife.|en
1337|25|11|11|亞伯拉罕死了以後，神賜福給他的兒子以撒。以撒靠近庇耳拉海萊居住。|zh
1338|25|11|11|Now after the death of Abraham, the blessing of God was with Isaac, his son.|en
1339|25|12|12|撒拉的使女埃及人夏甲給亞伯拉罕所生的兒子是以實瑪利。|zh
1340|25|12|12|Now these are the generations of Ishmael, the son of Abraham, whose mother was Hagar the Egyptian, the servant of Sarah:|en
1341|25|13|13|以實瑪利兒子們的名字，按著他們的家譜記在下面。以實瑪利的長子是尼拜約，又有基達、亞德別、米比衫、|zh
1342|25|13|13|These are the names of the sons of Ishmael by their generations: Ishmael's first son was Nebaioth; then Kedar and Adbeel and Mibsam|en
1343|25|14|14|米施瑪、度瑪、瑪撒、|zh
1344|25|14|14|And Mishma and Dumah and Massa,|en
1345|25|15|15|哈大、提瑪、伊突、拿非施、基底瑪。|zh
1346|25|15|15|Hadad and Tema, Jetur, Naphish, and Kedemah:|en
1347|25|16|16|這是以實瑪利眾子的名字，照著他們的村莊、營寨，作了十二族的族長。|zh
1348|25|16|16|These are the sons of Ishmael, and these are their names in their towns and their tent-circles; twelve chiefs with their peoples.|en
1349|25|17|17|以實瑪利享壽一百三十七歲，氣絕而死，歸到他列祖(原文作本民)那裡。|zh
1350|25|17|17|And the years of Ishmael's life were a hundred and thirty-seven: and he came to his end, and was put to rest with his people.|en
1351|25|18|18|他子孫的住處在他眾弟兄東邊，從哈腓拉直到埃及前的書珥，正在亞述的道上。|zh
1352|25|18|18|And their country was from Havilah to Shur which is east of Egypt: they took their place to the east of all their brothers.|en
1353|25|19|19|亞伯拉罕的兒子以撒的後代記在下面。亞伯拉罕生以撒。|zh
1354|25|19|19|Now these are the generations of Abraham's son Isaac:|en
1355|25|20|20|以撒娶利百加為妻的時候正四十歲。利百加是巴旦亞蘭地的亞蘭人彼土利的女兒，是亞蘭人拉班的妹子。|zh
1356|25|20|20|Isaac was forty years old when he took Rebekah, the daughter of Bethuel the Aramaean of Paddan-aram, and the sister of Laban the Aramaean, to be his wife.|en
1357|25|21|21|以撒因他妻子不生育，就為他祈求耶和華；耶和華應允他的祈求，他的妻子利百加就懷了孕。|zh
1358|25|21|21|Isaac made prayer to the Lord for his wife because she had no children; and the Lord gave ear to his prayer, and Rebekah became with child.|en
1359|25|22|22|孩子們在他腹中彼此相爭，他就說：若是這樣，我為甚麼活著呢(或作我為甚麼如此呢)？他就去求問耶和華。|zh
1360|25|22|22|And the children were fighting together inside her, and she said, If it is to be so, why am I like this? So she went to put her question to the Lord.|en
1361|25|23|23|耶和華對他說：兩國在你腹內；兩族要從你身上出來。這族必強於那族；將來大的要服事小的。|zh
1362|25|23|23|And the Lord said to her, Two nations are in your body, and two peoples will come to birth from you: the one will be stronger than the other, and the older will be the servant of the younger.|en
1363|25|24|24|生產的日子到了，腹中果然是雙子。|zh
1364|25|24|24|And when the time came for her to give birth, there were two children in her body.|en
1365|25|25|25|先產的身體發紅，渾身有毛，如同皮衣，他們就給他起名叫以掃(就是有毛的意思)。|zh
1366|25|25|25|And the first came out red from head to foot like a robe of hair, and they gave him the name of Esau.|en
1367|25|26|26|隨後又生了以掃的兄弟，手抓住以掃的腳跟，因此給他起名叫雅各(就是抓住的意思)。利百加生下兩個兒子的時候，以撒年正六十歲。|zh
1368|25|26|26|And after him, his brother came out, gripping Esau's foot; and he was named Jacob: Isaac was sixty years old when she gave birth to them.|en
1369|25|27|27|兩個孩子漸漸長大，以掃善於打獵，常在田野；雅各為人安靜，常住在帳棚裡。|zh
1370|25|27|27|And the boys came to full growth; and Esau became a man of the open country, an expert bowman; but Jacob was a quiet man, living in tents.|en
1371|25|28|28|以撒愛以掃，因為常吃他的野味；利百加卻愛雅各。|zh
1372|25|28|28|Now Isaac's love was for Esau, because Esau's meat was greatly to his taste: but Rebekah had more love for Jacob.|en
1373|25|29|29|有一天，雅各熬湯，以掃從田野回來累昏了。|zh
1374|25|29|29|And one day Jacob was cooking some soup when Esau came in from the fields in great need of food;|en
1375|25|30|30|以掃對雅各說：我累昏了，求你把這紅湯給我喝。因此以掃又叫以東(就是紅的意思)。|zh
1376|25|30|30|And Esau said to Jacob, Give me a full meal of that red soup, for I am overcome with need for food: for this reason he was named Edom.|en
1377|25|31|31|雅各說：你今日把長子的名分賣給我罷。|zh
1378|25|31|31|And Jacob said, First of all give me your birthright.|en
1379|25|32|32|以掃說：我將要死，這長子的名分於我有甚麼益處呢？|zh
1380|25|32|32|And Esau said, Truly, I am at the point of death: what profit is the birthright to me?|en
1381|25|33|33|雅各說：你今日對我起誓罷。以掃就對他起了誓，把長子的名分賣給雅各。|zh
1382|25|33|33|And Jacob said, First of all give me your oath; and he gave him his oath, handing over his birthright to Jacob.|en
1383|25|34|34|於是雅各將餅和紅豆湯給了以掃，以掃吃了喝了，便起來走了。這就是以掃輕看了他長子的名分。|zh
1384|25|34|34|Then Jacob gave him bread and soup; and he took food and drink and went away, caring little for his birthright.|en
1385|26|1|1|在亞伯拉罕的日子，那地有一次饑荒；這時又有饑荒，以撒就往基拉耳去，到非利士人的王亞比米勒那裡。|zh
1386|26|1|1|Then came a time of great need in the land, like that which had been before in the days of Abraham. And Isaac went to Abimelech, king of the Philistines, at Gerar.|en
1387|26|2|2|耶和華向以撒顯現，說：你不要下去，要住在我所指示你的地。|zh
1388|26|2|2|And the Lord came to him in a vision and said, Do not go down to Egypt; keep in the land of which I will give you knowledge:|en
1389|26|3|3|你寄居在這地，我必與你同在，賜福給你，因為我要將這些地都賜給你和你的後裔。我必堅定我向你父亞伯拉罕所起的誓。|zh
1390|26|3|3|Keep in this land, and I will be with you and give you my blessing; for to you and to your seed will I give all these lands, giving effect to the oath which I made to your father Abraham;|en
1391|26|4|4|我要加增你的後裔，像天上的星那樣多，又要將這些地都賜給你的後裔。並且地上萬國必因你的後裔得福─|zh
1392|26|4|4|I will make your seed like the stars of heaven in number, and will give them all these lands, and your seed will be a blessing to all the nations of the earth;|en
1393|26|5|5|都因亞伯拉罕聽從我的話，遵守我的吩咐和我的命令、律例、法度。|zh
1394|26|5|5|Because Abraham gave ear to my voice and kept my words, my rules, my orders, and my laws.|en
1395|26|6|6|以撒就住在基拉耳。|zh
1396|26|6|6|So Isaac went on living in Gerar;|en
1397|26|7|7|那地方的人問到他的妻子，他便說：那是我的妹子。原來他怕說：是我的妻子；他心裡想：恐怕這地方的人為利百加的緣故殺我，因為他容貌俊美。|zh
1398|26|7|7|And when he was questioned by the men of the place about his wife, he said, She is my sister; fearing to say, She is my wife; for, he said, the men of the place may put me to death on account of Rebekah; because she is very beautiful.|en
1399|26|8|8|他在那裡住了許久。有一天，非利士人的王亞比米勒從窗戶裡往外觀看，見以撒和他的妻子利百加戲玩。|zh
1400|26|8|8|And when he had been there for some time, Abimelech, king of the Philistines, looking through a window, saw Isaac playing with Rebekah his wife.|en
1401|26|9|9|亞比米勒召了以撒來，對他說：他實在是你的妻子，你怎麼說他是你的妹子？以撒說：我心裡想，恐怕我因他而死。|zh
1402|26|9|9|And he said to Isaac, It is clear that she is your wife: why then did you say, She is my sister? And Isaac said, For fear that I might be put to death because of her.|en
1403|26|10|10|亞比米勒說：你向我們做的是甚麼事呢？民中險些有人和你的妻同寢，把我們陷在罪裡。|zh
1404|26|10|10|Then Abimelech said, What have you done to us? one of the people might well have had connection with your wife, and the sin would have been ours.|en
1405|26|11|11|於是亞比米勒曉諭眾民說：凡沾著這個人，或是他妻子的，定要把他治死。|zh
1406|26|11|11|And Abimelech gave orders to his people that anyone touching Isaac or his wife was to be put to death.|en
1407|26|12|12|以撒在那地耕種，那一年有百倍的收成。耶和華賜福給他，|zh
1408|26|12|12|Now Isaac, planting seed in that land, got in the same year fruit a hundred times as much, for the blessing of the Lord was on him.|en
1409|26|13|13|他就昌大，日增月盛，成了大富戶。|zh
1410|26|13|13|And his wealth became very great, increasing more and more;|en
1411|26|14|14|他有羊群牛群，又有許多僕人，非利士人就嫉妒他。|zh
1412|26|14|14|For he had great wealth of flocks and herds and great numbers of servants; so that the Philistines were full of envy.|en
1413|26|15|15|當他父親亞伯拉罕在世的日子，他父親的僕人所挖的井，非利士人全都塞住，填滿了土。|zh
1414|26|15|15|Now all the water-holes, which his father's servants had made in the days of Abraham, had been stopped up with earth by the Philistines.|en
1415|26|16|16|亞比米勒對以撒說：你離開我們去罷。因為你比我們強盛得多。|zh
1416|26|16|16|And Abimelech said to Isaac, Go away from us, for you are stronger than we are.|en
1417|26|17|17|以撒就離開那裡，在基拉耳谷支搭帳棚，住在那裡。|zh
1418|26|17|17|So Isaac went away from there, and put up his tents in the valley of Gerar, making his living-place there.|en
1419|26|18|18|當他父親亞伯拉罕在世之日所挖的水井因非利士人在亞伯拉罕死後塞住了，以撒就重新挖出來，仍照他父親所叫的叫那些井的名字。|zh
1420|26|18|18|And he made again the water-holes which had been made in the days of Abraham his father, and which had been stopped up by the Philistines; and he gave them the names which his father had given them.|en
1421|26|19|19|以撒的僕人在谷中挖井，便得了一口活水井。|zh
1422|26|19|19|Now Isaac's servants made holes in the valley, and came to a spring of flowing water.|en
1423|26|20|20|基拉耳的牧人與以撒的牧人爭競，說：這水是我們的。以撒就給那井起名叫埃色(就是相爭的意思)，因為他們和他相爭。|zh
1424|26|20|20|But the herdmen of Gerar had a fight with Isaac's herdmen, for they said, The spring is ours: so he gave the spring the name of Esek, because there was a fight about it.|en
1425|26|21|21|以撒的僕人又挖了一口井，他們又為這井爭競，因此以撒給這井起名叫西提拿(就是為敵的意思)。|zh
1426|26|21|21|Then they made another water-hole, and there was a fight about that, so he gave it the name of Sitnah.|en
1427|26|22|22|以撒離開那裡，又挖了一口井，他們不為這井爭競了，他就給那井起名叫利河伯(就是寬闊的意思)。他說：耶和華現在給我們寬闊之地，我們必在這地昌盛。|zh
1428|26|22|22|Then he went away from there, and made another water-hole, about which there was no fighting: so he gave it the name of Rehoboth, for he said, Now the Lord has made room for us, and we will have fruit in this land.|en
1429|26|23|23|以撒從那裡上別是巴去。|zh
1430|26|23|23|And from there he went on to Beer-sheba.|en
1431|26|24|24|當夜耶和華向他顯現，說：我是你父親亞伯拉罕的神，不要懼怕！因為我與你同在，要賜福給你，並要為我僕人亞伯拉罕的緣故，使你的後裔繁多。|zh
1432|26|24|24|That night the Lord came to him in a vision, and said, I am the God of your father Abraham: have no fear for I am with you, blessing you, and your seed will be increased because of my servant Abraham.|en
1433|26|25|25|以撒就在那裡築了一座壇，求告耶和華的名，並且支搭帳棚；他的僕人便在那裡挖了一口井。|zh
1434|26|25|25|Then he made an altar there, and gave worship to the name of the Lord, and he put up his tents there, and there his servants made a water-hole.|en
1435|26|26|26|亞比米勒，同他的朋友亞戶撒和他的軍長非各，從基拉耳來見以撒。|zh
1436|26|26|26|And Abimelech had come to him from Gerar, with Ahuzzath his friend and Phicol, the captain of his army.|en
1437|26|27|27|以撒對他們說：你們既然恨我，打發我走了，為甚麼到我這裡來呢？|zh
1438|26|27|27|And Isaac said to them, Why have you come to me, seeing that in your hate for me you sent me away from you?|en
1439|26|28|28|他們說：我們明明的看見耶和華與你同在，便說，不如我們兩下彼此起誓，彼此立約，|zh
1440|26|28|28|And they said, We saw clearly that the Lord was with you: so we said, Let there be an oath between us and you, and let us make an agreement with you;|en
1441|26|29|29|使你不害我們，正如我們未曾害你，一味的厚待你，並且打發你平平安安的走。你是蒙耶和華賜福的了。|zh
1442|26|29|29|That you will do us no damage, even as we put no hand on you, and did you nothing but good, and sent you away in peace: and now the blessing of the Lord is on you.|en
1443|26|30|30|以撒就為他們設擺筵席，他們便吃了喝了。|zh
1444|26|30|30|Then he made a feast for them, and they all had food and drink.|en
1445|26|31|31|他們清早起來彼此起誓。以撒打發他們走，他們就平平安安的離開他走了。|zh
1446|26|31|31|And early in the morning they took an oath one to the other: then Isaac sent them away and they went on their way in peace.|en
1447|26|32|32|那一天，以撒的僕人來，將挖井的事告訴他說：我們得了水了。|zh
1448|26|32|32|And that day Isaac's servants came to him and gave him word of the water-hole which they had made, and said to him, We have come to water.|en
1449|26|33|33|他就給那井起名叫示巴；因此那城叫做別是巴，直到今日。|zh
1450|26|33|33|And he gave it the name of Shibah: so the name of that town is Beer-sheba to this day.|en
1451|26|34|34|以掃四十歲的時候娶了赫人比利的女兒猶滴，與赫人以倫的女兒巴實抹為妻。|zh
1452|26|34|34|And when Esau was forty years old, he took as his wives Judith, the daughter of Beeri the Hittite, and Basemath, the daughter of Elon the Hittite:|en
1453|26|35|35|他們常使以撒和利百加心裡愁煩。|zh
1454|26|35|35|And Isaac and Rebekah had grief of mind because of them.|en
1455|27|1|1|以撒年老，眼睛昏花，不能看見，就叫了他大兒子以掃來，說：我兒。以掃說：我在這裡。|zh
1456|27|1|1|Now when Isaac was old and his eyes had become clouded so that he was not able to see, he sent for Esau, his first son, and said to him, My son: and he said, Here am I.|en
1457|27|2|2|他說：我如今老了，不知道那一天死。|zh
1458|27|2|2|And he said, See now, I am old, and my death may take place at any time:|en
1459|27|3|3|現在拿你的器械，就是箭囊和弓，往田野去為我打獵，|zh
1460|27|3|3|So take your arrows and your bow and go out to the field and get meat for me;|en
1461|27|4|4|照我所愛的做成美味，拿來給我吃，使我在未死之先給你祝福。|zh
1462|27|4|4|And make me food, good to the taste, such as is pleasing to me, and put it before me, so that I may have a meal and give you my blessing before death comes to me.|en
1463|27|5|5|以撒對他兒子以掃說話，利百加也聽見了。以掃往田野去打獵，要得野味帶來。|zh
1464|27|5|5|Now Isaac's words to his son were said in Rebekah's hearing. Then Esau went out to get the meat.|en
1465|27|6|6|利百加就對他兒子雅各說：我聽見你父親對你哥哥以掃說：|zh
1466|27|6|6|And Rebekah said to Jacob, her son, Your father said to your brother Esau in my hearing,|en
1467|27|7|7|你去把野獸帶來，做成美味給我吃，我好在未死之先，在耶和華面前給你祝福。|zh
1468|27|7|7|Go and get some roe's meat and make me a good meal, so that I may be full, and give you my blessing before the Lord before my death.|en
1469|27|8|8|現在，我兒，你要照著我所吩咐你的，聽從我的話。|zh
1470|27|8|8|Now, my son, do what I say.|en
1471|27|9|9|你到羊群裡去，給我拿兩隻肥山羊羔來，我便照你父親所愛的給他做成美味。|zh
1472|27|9|9|Go to the flock and get me two fat young goats; and I will make of them a meal to your father's taste:|en
1473|27|10|10|你拿到你父親那裡給他吃，使他在未死之先給你祝福。|zh
1474|27|10|10|And you will take it to him, so that he may have a good meal and give you his blessing before his death.|en
1475|27|11|11|雅各對他母親利百加說：我哥哥以掃渾身是有毛的，我身上是光滑的；|zh
1476|27|11|11|And Jacob said to Rebekah, his mother, But Esau my brother is covered with hair, while I am smooth:|en
1477|27|12|12|倘若我父親摸著我，必以我為欺哄人的，我就招咒詛，不得祝福。|zh
1478|27|12|12|If by chance my father puts his hand on me, it will seem to him that I am tricking him, and he will put a curse on me in place of a blessing.|en
1479|27|13|13|他母親對他說：我兒，你招的咒詛歸到我身上；你只管聽我的話，去把羊羔給我拿來。|zh
1480|27|13|13|And his mother said, Let the curse be on me, my son: only do as I say, and go and get them for me.|en
1481|27|14|14|他便去拿來，交給他母親；他母親就照他父親所愛的做成美味。|zh
1482|27|14|14|So he went and got them and took them to his mother: and she made a meal to his father's taste.|en
1483|27|15|15|利百加又把家裡所存大兒子以掃上好的衣服給他小兒子雅各穿上，|zh
1484|27|15|15|And Rebekah took the fair robes of her oldest son, which were with her in the house, and put them on Jacob, her younger son:|en
1485|27|16|16|又用山羊羔皮包在雅各的手上和頸項的光滑處，|zh
1486|27|16|16|And she put the skins of the young goats on his hands and on the smooth part of his neck:|en
1487|27|17|17|就把所做的美味和餅交在他兒子雅各的手裡。|zh
1488|27|17|17|And she gave into the hand of Jacob, her son, the meat and the bread which she had made ready.|en
1489|27|18|18|雅各到他父親那裡說：我父親！他說：我在這裡。我兒，你是誰？|zh
1490|27|18|18|And he came to his father, and said, My father: and he said, Here am I: who are you, my son?|en
1491|27|19|19|雅各對他父親說：我是你的長子以掃；我已照你所吩咐我的行了。請起來坐著，吃我的野味，好給我祝福。|zh
1492|27|19|19|And Jacob said, I am Esau, your oldest son; I have done as you said: come now, be seated and take of my meat, so that you may give me a blessing.|en
1493|27|20|20|以撒對他兒子說：我兒，你如何找得這麼快呢？他說：因為耶和華─你的神使我遇見好機會得著的。|zh
1494|27|20|20|And Isaac said, How is it that you have got it so quickly, my son? And he said, Because the Lord your God made it come my way.|en
1495|27|21|21|以撒對雅各說：我兒，你近前來，我摸摸你，知道你真是我的兒子以掃不是？|zh
1496|27|21|21|And Isaac said, Come near so that I may put my hand on you, my son, and see if you are truly my son Esau or not.|en
1497|27|22|22|雅各就挨近他父親以撒。以撒摸著他，說：聲音是雅各的聲音，手卻是以掃的手。|zh
1498|27|22|22|And Jacob went near his father Isaac: and he put his hands on him; and he said, The voice is Jacob's voice, but the hands are the hands of Esau.|en
1499|27|23|23|以撒就辨不出他來；因為他手上有毛，像他哥哥以掃的手一樣，就給他祝福；|zh
1500|27|23|23|And he did not make out who he was, because his hands were covered with hair like his brother Esau's hands: so he gave him a blessing.|en
1501|27|24|24|又說：你真是我兒子以掃麼？他說：我是。|zh
1502|27|24|24|And he said, Are you truly my son Esau? And he said, I am.|en
1503|27|25|25|以撒說：你遞給我，我好吃我兒子的野味，給你祝福。雅各就遞給他，他便吃了，又拿酒給他，他也喝了。|zh
1504|27|25|25|And he said, Put it before me and I will take of my son's meat, so that I may give you a blessing. And he put it before him and he took it; and he gave him wine, and he had a drink.|en
1505|27|26|26|他父親以撒對他說：我兒，你上前來與我親嘴。|zh
1506|27|26|26|And his father Isaac said to him, Come near now, my son, and give me a kiss.|en
1507|27|27|27|他就上前與父親親嘴。他父親一聞他衣服上的香氣，就給他祝福，說：我兒的香氣如同耶和華賜福之田地的香氣一樣。|zh
1508|27|27|27|And he came near and gave him a kiss; and smelling the smell of his clothing, he gave him a blessing, and said, See, the smell of my son is like the smell of a field on which the blessing of the Lord has come:|en
1509|27|28|28|願神賜你天上的甘露，地上的肥土，並許多五穀新酒。|zh
1510|27|28|28|May God give you the dew of heaven, and the good things of the earth, and grain and wine in full measure:|en
1511|27|29|29|願多民事奉你，多國跪拜你。願你作你弟兄的主；你母親的兒子向你跪拜。凡咒詛你的，願他受咒詛；為你祝福的，願他蒙福。|zh
1512|27|29|29|Let peoples be your servants, and nations go down before you: be lord over your brothers, and let your mother's sons go down before you: a curse be on everyone by whom you are cursed, and a blessing on those who give you a blessing.|en
1513|27|30|30|以撒為雅各祝福已畢，雅各從他父親那裡才出來，他哥哥以掃正打獵回來，|zh
1514|27|30|30|And when Isaac had come to the end of blessing Jacob, and Jacob had not long gone away from Isaac his father, Esau came in from the field.|en
1515|27|31|31|也做了美味，拿來給他父親，說：請父親起來，吃你兒子的野味，好給我祝福。|zh
1516|27|31|31|And he made ready a meal, good to the taste, and took it to his father, and said to him, Let my father get up and take of his son's meat, so that you may give me a blessing.|en
1517|27|32|32|他父親以撒對他說：你是誰？他說：我是你的長子以掃。|zh
1518|27|32|32|And Isaac his father said to him, Who are you? And he said, I am your oldest son, Esau.|en
1519|27|33|33|以撒就大大地戰兢，說：你未來之先，是誰得了野味拿來給我呢？我已經吃了，為他祝福；他將來也必蒙福。|zh
1520|27|33|33|And in great fear Isaac said, Who then is he who got meat and put it before me, and I took it all before you came, and gave him a blessing, and his it will be?|en
1521|27|34|34|以掃聽了他父親的話，就放聲痛哭，說：我父阿，求你也為我祝福！|zh
1522|27|34|34|And hearing the words of his father, Esau gave a great and bitter cry, and said to his father, Give a blessing to me, even to me, O my father!|en
1523|27|35|35|以撒說：你兄弟已經用詭計來將你的福分奪去了。|zh
1524|27|35|35|And he said, Your brother came with deceit, and took away your blessing.|en
1525|27|36|36|以掃說：他名雅各，豈不是正對麼？因為他欺騙了我兩次：他從前奪了我長子的名分，你看，他現在又奪了我的福分。以掃又說：你沒有留下為我可祝的福麼？|zh
1526|27|36|36|And he said, Is it because he is named Jacob that he has twice taken my place? for he took away my birthright, and now he has taken away my blessing. And he said, Have you not kept a blessing for me?|en
1527|27|37|37|以撒回答以掃說：我已立他為你的主，使他的弟兄都給他作僕人，並賜他五穀新酒可以養生。我兒，現在我還能為你做甚麼呢？|zh
1528|27|37|37|And Isaac answering said, But I have made him your master, and have given him all his brothers for servants; I have made him strong with grain and wine: what then am I to do for you, my son?|en
1529|27|38|38|以掃對他父親說：父阿，你只有一樣可祝的福麼？我父阿，求你也為我祝福！以掃就放聲而哭。|zh
1530|27|38|38|And Esau said to his father, Is that the only blessing you have, my father? give a blessing to me, even me! And Esau was overcome with weeping.|en
1531|27|39|39|他父親以撒說：地上的肥土必為你所住；天上的甘露必為你所得。|zh
1532|27|39|39|Then Isaac his father made answer and said to him, Far from the fertile places of the earth, and far from the dew of heaven on high will your living-place be:|en
1533|27|40|40|你必倚靠刀劍度日，又必事奉你的兄弟；到你強盛的時候，必從你頸項上掙開他的軛。|zh
1534|27|40|40|By your sword will you get your living and you will be your brother's servant; but when your power is increased his yoke will be broken from off your neck.|en
1535|27|41|41|以掃因他父親給雅各祝的福，就怨恨雅各，心裡說：為我父親居喪的日子近了，到那時候，我要殺我的兄弟雅各。|zh
1536|27|41|41|So Esau was full of hate for Jacob because of his father's blessing; and he said in his heart, The days of weeping for my father are near; then I will put my brother Jacob to death.|en
1537|27|42|42|有人把利百加大兒子以掃的話告訴利百加，他就打發人去，叫了他小兒子雅各來，對他說：你哥哥以掃想要殺你，報仇雪恨。|zh
1538|27|42|42|Then Rebekah, hearing what Esau had said, sent for Jacob, her younger son, and said to him, It seems that your brother Esau is purposing to put you to death.|en
1539|27|43|43|現在，我兒，你要聽我的話：起來，逃往哈蘭、我哥哥拉班那裡去，|zh
1540|27|43|43|So now, my son, do what I say: go quickly to Haran, to my brother Laban;|en
1541|27|44|44|同他住些日子，直等你哥哥的怒氣消了。|zh
1542|27|44|44|And be there with him for a little time, till your brother's wrath is turned away;|en
1543|27|45|45|你哥哥向你消了怒氣，忘了你向他所做的事，我便打發人去把你從那裡帶回來。為甚麼一日喪你們二人呢？|zh
1544|27|45|45|Till the memory of what you have done to him is past and he is no longer angry: then I will send word for you to come back; are the two of you to be taken from me in one day?|en
1545|27|46|46|利百加對以撒說：我因這赫人的女子連性命都厭煩了；倘若雅各也娶赫人的女子為妻，像這些一樣，我活著還有甚麼益處呢？|zh
1546|27|46|46|Then Rebekah said to Isaac, My life is a weariness to me because of the daughters of Heth: if Jacob takes a wife from among the daughters of Heth, such as these, the women of this land, of what use will my life be to me?|en
1547|28|1|1|以撒叫了雅各來，給他祝福，並囑咐他說：你不要娶迦南的女子為妻。|zh
1548|28|1|1|Then Isaac sent for Jacob, and blessing him, said, Do not take a wife from among the women of Canaan;|en
1549|28|2|2|你起身往巴旦亞蘭去，到你外祖彼土利家裡，在你母舅拉班的女兒中娶一女為妻。|zh
1550|28|2|2|But go to Paddan-aram, to the house of Bethuel, your mother's father, and there get yourself a wife from the daughters of Laban, your mother's brother.|en
1551|28|3|3|願全能的神賜福給你，使你生養眾多，成為多族，|zh
1552|28|3|3|And may God, the Ruler of all, give you his blessing, giving you fruit and increase, so that you may become an army of peoples.|en
1553|28|4|4|將應許亞伯拉罕的福賜給你和你的後裔，使你承受你所寄居的地為業，就是神賜給亞伯拉罕的地。|zh
1554|28|4|4|And may God give you the blessing of Abraham, to you and to your seed, so that the land of your wanderings, which God gave to Abraham, may be your heritage.|en
1555|28|5|5|以撒打發雅各走了，他就往巴旦亞蘭去，到亞蘭人彼土利的兒子拉班那裡。拉班是雅各、以掃的母舅。|zh
1556|28|5|5|So Isaac sent Jacob away: and he went to Paddan-aram, to Laban, son of Bethuel the Aramaean, the brother of Rebekah, the mother of Jacob and Esau.|en
1557|28|6|6|以掃見以撒已經給雅各祝福，而且打發他往巴旦亞蘭去，在那裡娶妻，並見祝福的時候囑咐他說：不要娶迦南的女子為妻，|zh
1558|28|6|6|So when Esau saw that Isaac had given Jacob his blessing, and sent him away to Paddan-aram to get a wife for himself there, blessing him and saying to him, Do not take a wife from among the women of Canaan;|en
1559|28|7|7|又見雅各聽從父母的話往巴旦亞蘭去了，|zh
1560|28|7|7|And that Jacob had done as his father and mother said and had gone to Paddan-aram;|en
1561|28|8|8|以掃就曉得他父親以撒看不中迦南的女子，|zh
1562|28|8|8|It was clear to Esau that his father had no love for the women of Canaan,|en
1563|28|9|9|便往以實瑪利那裡去，在他二妻之外又娶了瑪哈拉為妻。他是亞伯拉罕兒子以實瑪利的女兒，尼拜約的妹子。|zh
1564|28|9|9|So Esau went to Ishmael and took Mahalath, the daughter of Abraham's son Ishmael, the sister of Nebaioth, to be his wife in addition to the wives he had.|en
1565|28|10|10|雅各出了別是巴，向哈蘭走去；|zh
1566|28|10|10|So Jacob went out from Beer-sheba to go to Haran.|en
1567|28|11|11|到了一個地方，因為太陽落了，就在那裡住宿，便拾起那地方的一塊石頭枕在頭下，在那裡躺臥睡了，|zh
1568|28|11|11|And coming to a certain place, he made it his resting-place for the night, for the sun had gone down; and he took one of the stones which were there, and putting it under his head he went to sleep in that place.|en
1569|28|12|12|夢見一個梯子立在地上，梯子的頭頂著天，有神的使者在梯子上，上去下來。|zh
1570|28|12|12|And he had a dream, and in his dream he saw steps stretching from earth to heaven, and the angels of God were going up and down on them.|en
1571|28|13|13|耶和華站在梯子以上(或作站在他旁邊)，說：我是耶和華─你祖亞伯拉罕的神，也是以撒的　神；我要將你現在所躺臥之地賜給你和你的後裔。|zh
1572|28|13|13|And he saw the Lord by his side, saying, I am the Lord, the God of Abraham your father, and the God of Isaac: I will give to you and to your seed this land on which you are sleeping.|en
1573|28|14|14|你的後裔必像地上的塵沙那樣多，必向東西南北開展；地上萬族必因你和你的後裔得福。|zh
1574|28|14|14|Your seed will be like the dust of the earth, covering all the land to the west and to the east, to the north and to the south: you and your seed will be a name of blessing to all the families of the earth.|en
1575|28|15|15|我也與你同在。你無論往那裡去，我必保佑你，領你歸回這地，總不離棄你，直到我成全了向你所應許的。|zh
1576|28|15|15|And truly, I will be with you, and will keep you wherever you go, guiding you back again to this land; and I will not give you up till I have done what I have said to you.|en
1577|28|16|16|雅各睡醒了，說：耶和華真在這裡，我竟不知道！|zh
1578|28|16|16|And Jacob, awaking from his sleep, said, Truly, the Lord is in this place and I was not conscious of it.|en
1579|28|17|17|就懼怕，說：這地方何等可畏！這不是別的，乃是神的殿，也是天的門。|zh
1580|28|17|17|And fear came on him, and he said, This is a holy place; this is nothing less than the house of God and the doorway of heaven.|en
1581|28|18|18|雅各清早起來，把所枕的石頭立作柱子，澆油在上面。|zh
1582|28|18|18|And early in the morning Jacob took the stone which had been under his head, and put it up as a pillar and put oil on it.|en
1583|28|19|19|他就給那地方起名叫伯特利(就是神殿的意思)；但那地方起先名叫路斯。|zh
1584|28|19|19|And he gave that place the name of Beth-el, but before that time the town was named Luz.|en
1585|28|20|20|雅各許願說：神若與我同在，在我所行的路上保佑我，又給我食物吃，衣服穿，|zh
1586|28|20|20|Then Jacob took an oath, and said, If God will be with me, and keep me safe on my journey, and give me food and clothing to put on,|en
1587|28|21|21|使我平平安安地回到我父親的家，我就必以耶和華為我的神。|zh
1588|28|21|21|So that I come again to my father's house in peace, then I will take the Lord to be my God,|en
1589|28|22|22|我所立為柱子的石頭也必作神的殿，凡你所賜給我的，我必將十分之一獻給你。|zh
1590|28|22|22|And this stone which I have put up for a pillar will be God's house: and of all you give me, I will give a tenth part to you.|en
1591|29|1|1|雅各起行，到了東方人之地，|zh
1592|29|1|1|Then Jacob went on his journey till he came to the land of the children of the East.|en
1593|29|2|2|看見田間有一口井，有三群羊臥在井旁；因為人飲羊群都是用那井裡的水。井口上的石頭是大的。|zh
1594|29|2|2|And there he saw a water-hole in a field, and by the side of it three flocks of sheep, for there they got water for the sheep: and on the mouth of the water-hole there was a great stone.|en
1595|29|3|3|常有羊群在那裡聚集，牧人把石頭轉離井口飲羊，隨後又把石頭放在井口的原處。|zh
1596|29|3|3|And all the flocks would come together there, and when the stone had been rolled away, they would give the sheep water, and put the stone back again in its place on the mouth of the water-hole.|en
1597|29|4|4|雅各對牧人說：弟兄們，你們是那裡來的？他們說：我們是哈蘭來的。|zh
1598|29|4|4|Then Jacob said to the herdmen, My brothers, where do you come from? And they said, From Haran.|en
1599|29|5|5|他問他們說：拿鶴的孫子拉班，你們認識麼？他們說：我們認識。|zh
1600|29|5|5|And he said to them, Have you any knowledge of Laban, the son of Nahor? And they said, We have.|en
1601|29|6|6|雅各說：他平安麼？他們說：平安。看哪，他女兒拉結領著羊來了。|zh
1602|29|6|6|And he said to them, Is he well? And they said, He is well, and here is Rachel his daughter coming with the sheep.|en
1603|29|7|7|雅各說：日頭還高，不是羊群聚集的時候，你們不如飲羊，再去放一放。|zh
1604|29|7|7|Then Jacob said, The sun is still high and it is not time to get the cattle together: get water for the sheep and go and give them their food.|en
1605|29|8|8|他們說：我們不能，必等羊群聚齊，人把石頭轉離井口才可飲羊。|zh
1606|29|8|8|And they said, We are not able to do so till all the flocks have come together and the stone has been rolled away from the mouth of the water-hole; then we will get water for the sheep.|en
1607|29|9|9|雅各正和他們說話的時候，拉結領著他父親的羊來了，因為那些羊是他牧放的。|zh
1608|29|9|9|While he was still talking with them, Rachel came with her father's sheep, for she took care of them.|en
1609|29|10|10|雅各看見母舅拉班的女兒拉結和母舅拉班的羊群，就上前把石頭轉離井口，飲他母舅拉班的羊群。|zh
1610|29|10|10|Then when Jacob saw Rachel, the daughter of Laban, his mother's brother, coming with Laban's sheep, he came near, and rolling the stone away from the mouth of the hole, he got water for Laban's flock.|en
1611|29|11|11|雅各與拉結親嘴，就放聲而哭。|zh
1612|29|11|11|And weeping for joy, Jacob gave Rachel a kiss.|en
1613|29|12|12|雅各告訴拉結，自己是他父親的外甥，是利百加的兒子，拉結就跑去告訴他父親。|zh
1614|29|12|12|And Rachel, hearing from Jacob that he was her father's relation and that he was the son of Rebekah, went running to give her father news of it.|en
1615|29|13|13|拉班聽見外甥雅各的信息，就跑去迎接，抱著他，與他親嘴，領他到自己的家。雅各將一切的情由告訴拉班。|zh
1616|29|13|13|And Laban, hearing news of Jacob, his sister's son, came running, and took Jacob in his arms, and kissing him, made him come into his house. And Jacob gave him news of everything.|en
1617|29|14|14|拉班對他說：你實在是我的骨肉。雅各就和他同住了一個月。|zh
1618|29|14|14|And Laban said to him, Truly, you are my bone and my flesh. And he kept Jacob with him for the space of a month.|en
1619|29|15|15|拉班對雅各說：你雖是我的骨肉(原文作弟兄)，豈可白白地服事我？請告訴我，你要甚麼為工價？|zh
1620|29|15|15|Then Laban said to Jacob, Because you are my brother are you to be my servant for nothing? say now, what is your payment to be?|en
1621|29|16|16|拉班有兩個女兒，大的名叫利亞，小的名叫拉結。|zh
1622|29|16|16|Now Laban had two daughters: the name of the older was Leah, and the name of the younger was Rachel.|en
1623|29|17|17|利亞的眼睛沒有神氣，拉結卻生得美貌俊秀。|zh
1624|29|17|17|And Leah's eyes were clouded, but Rachel was fair in face and form.|en
1625|29|18|18|雅各愛拉結，就說：我願為你小女兒拉結服事你七年。|zh
1626|29|18|18|And Jacob was in love with Rachel; and he said, I will be your servant seven years for Rachel, your younger daughter.|en
1627|29|19|19|拉班說：我把他給你，勝似給別人，你與我同住罷！|zh
1628|29|19|19|And Laban said, It is better for you to have her than another man: go on living here with me.|en
1629|29|20|20|雅各就為拉結服事了七年；他因為深愛拉結，就看這七年如同幾天。|zh
1630|29|20|20|And Jacob did seven years' work for Rachel; and because of his love for her it seemed to him only a very little time.|en
1631|29|21|21|雅各對拉班說：日期已經滿了，求你把我的妻子給我，我好與他同房。|zh
1632|29|21|21|Then Jacob said to Laban, Give me my wife so that I may have her, for the days are ended.|en
1633|29|22|22|拉班就擺設筵席，請齊了那地方的眾人。|zh
1634|29|22|22|And Laban got together all the men of the place and gave a feast.|en
1635|29|23|23|到晚上，拉班將女兒利亞送來給雅各，雅各就與他同房。|zh
1636|29|23|23|And in the evening he took Leah, his daughter, and gave her to him, and he went in to her.|en
1637|29|24|24|拉班又將婢女悉帕給女兒利亞作使女。|zh
1638|29|24|24|And Laban gave Zilpah, his servant-girl, to Leah, to be her waiting-woman.|en
1639|29|25|25|到了早晨，雅各一看是利亞，就對拉班說：你向我做的是甚麼事呢？我服事你，不是為拉結麼？你為甚麼欺哄我呢？|zh
1640|29|25|25|And in the morning Jacob saw that it was Leah: and he said to Laban, What have you done to me? was I not working for you so that I might have Rachel? why have you been false to me?|en
1641|29|26|26|拉班說：大女兒還沒有給人，先把小女兒給人，在我們這地方沒有這規矩。|zh
1642|29|26|26|And Laban said, In our country we do not let the younger daughter be married before the older.|en
1643|29|27|27|你為這個滿了七日，我就把那個也給你，你再為他服事我七年。|zh
1644|29|27|27|Let the week of the bride-feast come to its end and then we will give you the other in addition, if you will be my servant for another seven years.|en
1645|29|28|28|雅各就如此行。滿了利亞的七日，拉班便將女兒拉結給雅各為妻。|zh
1646|29|28|28|And Jacob did so; and when the week was ended, Laban gave him his daughter Rachel for his wife.|en
1647|29|29|29|拉班又將婢女辟拉給女兒拉結作使女。|zh
1648|29|29|29|And Laban gave Rachel his servant-girl Bilhah to be her waiting-woman.|en
1649|29|30|30|雅各也與拉結同房，並且愛拉結勝似愛利亞，於是又服事了拉班七年。|zh
1650|29|30|30|Then Jacob took Rachel as his wife, and his love for her was greater than his love for Leah; and he went on working for Laban for another seven years.|en
1651|29|31|31|耶和華見利亞失寵(原文作被恨；下同)，就使他生育，拉結卻不生育。|zh
1652|29|31|31|Now the Lord, seeing that Leah was not loved, gave her a child; while Rachel had no children.|en
1653|29|32|32|利亞懷孕生子，就給他起名叫流便(就是有兒子的意思)，因而說：耶和華看見我的苦情，如今我的丈夫必愛我。|zh
1654|29|32|32|And Leah was with child, and gave birth to a son to whom she gave the name Reuben: for she said, The Lord has seen my sorrow; now my husband will have love for me.|en
1655|29|33|33|他又懷孕生子，就說：耶和華因為聽見我失寵，所以又賜給我這個兒子，於是給他起名叫西緬(就是聽見的意思)。|zh
1656|29|33|33|Then she became with child again, and gave birth to a son; and said, Because it has come to the Lord's ears that I am not loved, he has given me this son in addition: and she gave him the name Simeon.|en
1657|29|34|34|他又懷孕生子，起名叫利未(就是聯合的意思)，說：我給丈夫生了三個兒子，他必與我聯合。|zh
1658|29|34|34|And she was with child again, and gave birth to a son; and said, Now at last my husband will be united to me, because I have given him three sons: so he was named Levi.|en
1659|29|35|35|他又懷孕生子，說：這回我要讚美耶和華，因此給他起名叫猶大(就是讚美的意思)。這才停了生育。|zh
1660|29|35|35|And she was with child again, and gave birth to a son: and she said, This time I will give praise to the Lord: so he was named Judah; after this she had no more children for a time.|en
1661|30|1|1|拉結見自己不給雅各生子，就嫉妒他姊姊，對雅各說：你給我孩子，不然我就死了。|zh
1662|30|1|1|Now Rachel, because she had no children, was full of envy of her sister; and she said to Jacob, If you do not give me children I will not go on living.|en
1663|30|2|2|雅各向拉結生氣，說：叫你不生育的是神，我豈能代替他作主呢？|zh
1664|30|2|2|But Jacob was angry with Rachel, and said, Am I in the place of God, who has kept your body from having fruit?|en
1665|30|3|3|拉結說：有我的使女辟拉在這裡，你可以與他同房，使他生子在我膝下，我便因他也得孩子(原文作被建立)。|zh
1666|30|3|3|Then she said, Here is my servant Bilhah, go in to her, so that she may have a child on my knees, and I may have a family by her.|en
1667|30|4|4|拉結就把他的使女辟拉給丈夫為妾；雅各便與他同房，|zh
1668|30|4|4|So she gave him her servant Bilhah as a wife, and Jacob went in to her.|en
1669|30|5|5|辟拉就懷孕，給雅各生了一個兒子。|zh
1670|30|5|5|And Bilhah became with child, and gave birth to a son.|en
1671|30|6|6|拉結說：神伸了我的冤，也聽了我的聲音，賜我一個兒子，因此給他起名叫但(就是伸冤的意思)。|zh
1672|30|6|6|Then Rachel said, God has been my judge, and has given ear to my voice, and has given me a son; so he was named Dan.|en
1673|30|7|7|拉結的使女辟拉又懷孕，給雅各生了第二個兒子。|zh
1674|30|7|7|And again Bilhah, Rachel's servant, was with child, and gave birth to a second son.|en
1675|30|8|8|拉結說：我與我姊姊大大相爭，並且得勝，於是給他起名叫拿弗他利(就是相爭的意思)。|zh
1676|30|8|8|And Rachel said, I have had a great fight with my sister, and I have overcome her: and she gave the child the name Naphtali.|en
1677|30|9|9|利亞見自己停了生育，就把使女悉帕給雅各為妾。|zh
1678|30|9|9|When it was clear to Leah that she would have no more children for a time, she gave Zilpah, her servant, to Jacob as a wife.|en
1679|30|10|10|利亞的使女悉帕給雅各生了一個兒子。|zh
1680|30|10|10|And Zilpah, Leah's servant, gave birth to a son.|en
1681|30|11|11|利亞說：萬幸！於是給他起名叫迦得(就是萬幸的意思)。|zh
1682|30|11|11|And Leah said, It has gone well for me: and she gave him the name Gad.|en
1683|30|12|12|利亞的使女悉帕又給雅各生了第二個兒子。|zh
1684|30|12|12|And Zilpah, Leah's servant, gave birth to a second son.|en
1685|30|13|13|利亞說：我有福阿，眾女子都要稱我是有福的，於是給他起名叫亞設(就是有福的意思)。|zh
1686|30|13|13|And Leah said, Happy am I! and all women will give witness to my joy: and she gave him the name Asher.|en
1687|30|14|14|割麥子的時候，流便往田裡去，尋見風茄，拿來給他母親利亞。拉結對利亞說：請你把你兒子的風茄給我些。|zh
1688|30|14|14|Now at the time of the grain-cutting, Reuben saw some love-fruits in the field, and took them to his mother Leah. And Rachel said to her, Let me have some of your son's love-fruits.|en
1689|30|15|15|利亞說：你奪了我的丈夫還算小事麼？你又要奪我兒子的風茄麼？拉結說：為你兒子的風茄，今夜他可以與你同寢。|zh
1690|30|15|15|But Leah said to her, Is it a small thing that you have taken my husband from me? and now would you take my son's love-fruits? Then Rachel said, You may have him tonight in exchange for your son's love-fruits.|en
1691|30|16|16|到了晚上，雅各從田裡回來，利亞出來迎接他，說：你要與我同寢，因為我實在用我兒子的風茄把你雇下了。那一夜，雅各就與他同寢。|zh
1692|30|16|16|In the evening, when Jacob came in from the field, Leah went out to him and said, Tonight you are to come to me, for I have given my son's love-fruits as a price for you. And he went in to her that night.|en
1693|30|17|17|神應允了利亞，他就懷孕，給雅各生了第五個兒子。|zh
1694|30|17|17|And God gave ear to her and she became with child, and gave Jacob a fifth son.|en
1695|30|18|18|利亞說：神給了我價值，因為我把使女給了我丈夫，於是給他起名叫以薩迦(就是價值的意思)。|zh
1696|30|18|18|Then Leah said, God has made payment to me for giving my servant-girl to my husband: so she gave her son the name Issachar.|en
1697|30|19|19|利亞又懷孕，給雅各生了第六個兒子。|zh
1698|30|19|19|And again Leah became with child, and she gave Jacob a sixth son.|en
1699|30|20|20|利亞說：神賜我厚賞；我丈夫必與我同住，因我給他生了六個兒子，於是給他起名西布倫(就是同住的意思)。|zh
1700|30|20|20|And she said, God has given me a good bride-price; now at last will I have my husband living with me, for I have given him six sons: and she gave him the name Zebulun.|en
1701|30|21|21|後來又生了一個女兒，給他起名叫底拿。|zh
1702|30|21|21|After that she had a daughter, to whom she gave the name Dinah.|en
1703|30|22|22|神顧念拉結，應允了他，使他能生育。|zh
1704|30|22|22|Then God gave thought to Rachel, and hearing her prayer he made her fertile.|en
1705|30|23|23|拉結懷孕生子，說：神除去了我的羞恥，|zh
1706|30|23|23|And she was with child, and gave birth to a son: and she said, God has taken away my shame.|en
1707|30|24|24|就給他起名叫約瑟(就是增添的意思)，意思說：願耶和華再增添我一個兒子。|zh
1708|30|24|24|And she gave him the name Joseph, saying, May the Lord give me another son.|en
1709|30|25|25|拉結生約瑟之後，雅各對拉班說：請打發我走，叫我回到我本鄉本土去。|zh
1710|30|25|25|Now after the birth of Joseph, Jacob said to Laban, Let me go away to my place and my country.|en
1711|30|26|26|請你把我服事你所得的妻子和兒女給我，讓我走；我怎樣服事你，你都知道。|zh
1712|30|26|26|Give me my wives and my children, for whom I have been your servant, and let me go: for you have knowledge of all the work I have done for you.|en
1713|30|27|27|拉班對他說：我若在你眼前蒙恩，請你仍與我同住，因為我已算定，耶和華賜福與我是為你的緣故；|zh
1714|30|27|27|And Laban said, If you will let me say so, do not go away; for I have seen by the signs that the Lord has been good to me because of you.|en
1715|30|28|28|又說：請你定你的工價，我就給你。|zh
1716|30|28|28|Say then what your payment is to be and I will give it.|en
1717|30|29|29|雅各對他說：我怎樣服事你，你的牲畜在我手裡怎樣，是你知道的。|zh
1718|30|29|29|Then Jacob said, You have seen what I have done for you, and how your cattle have done well under my care.|en
1719|30|30|30|我未來之先，你所有的很少，現今卻發大眾多，耶和華隨我的腳步賜福與你。如今，我甚麼時候才為自己興家立業呢？|zh
1720|30|30|30|For before I came you had little, and it has been greatly increased; and the Lord has given you a blessing in everything I have done; but when am I to do something for my family?|en
1721|30|31|31|拉班說：我當給你甚麼呢？雅各說：甚麼你也不必給我，只有一件事，你若應承，我便仍舊牧放你的羊群。|zh
1722|30|31|31|And Laban said, What am I to give you? And Jacob said, Do not give me anything; but I will again take up the care of your flock if you will only do this for me:|en
1723|30|32|32|今天我要走遍你的羊群，把綿羊中凡有點的、有斑的，和黑色的，並山羊中凡有斑的、有點的，都挑出來；將來這一等的就算我的工價。|zh
1724|30|32|32|Let me go through all your flock today, taking out from among them all the sheep which are marked or coloured or black, and all the marked or coloured goats: these will be my payment.|en
1725|30|33|33|以後你來查看我的工價，凡在我手裡的山羊不是有點有斑的，綿羊不是黑色的，那就算是我偷的；這樣便可證出我的公義來。|zh
1726|30|33|33|And so you will be able to put my honour to the test in time to come; if you see among my flocks any goats which are not marked or coloured, or any sheep which is not black, you may take me for a thief.|en
1727|30|34|34|拉班說：好阿！我情願照著你的話行。|zh
1728|30|34|34|And Laban said, Let it be as you say.|en
1729|30|35|35|當日，拉班把有紋的、有斑的公山羊，有點的、有斑的、有雜白紋的母山羊，並黑色的綿羊，都挑出來，交在他兒子們的手下，|zh
1730|30|35|35|So that day he took all the he-goats which were banded or coloured, and all the she-goats which were marked or coloured or had white marks, and all the black sheep, and gave them into the care of his sons;|en
1731|30|36|36|又使自己和雅各相離三天的路程。雅各就牧養拉班其餘的羊。|zh
1732|30|36|36|And sent them three days' journey away: and Jacob took care of the rest of Laban's flock.|en
1733|30|37|37|雅各拿楊樹、杏樹、楓樹的嫩枝，將皮剝成白紋，使枝子露出白的來，|zh
1734|30|37|37|Then Jacob took young branches of trees, cutting off the skin so that the white wood was seen in bands.|en
1735|30|38|38|將剝了皮的枝子，對著羊群，插在飲羊的水溝裡和水槽裡，羊來喝的時候，牝牡配合。|zh
1736|30|38|38|And he put the banded sticks in the drinking-places where the flock came to get water; and they became with young when they came to the water.|en
1737|30|39|39|羊對著枝子配合，就生下有紋的、有點的、有斑的來。|zh
1738|30|39|39|And because of this, the flock gave birth to young which were marked with bands of colour.|en
1739|30|40|40|雅各把羊羔分出來，使拉班的羊與這有紋和黑色的羊相對，把自己的羊另放一處，不叫他和拉班的羊混雜。|zh
1740|30|40|40|These lambs Jacob kept separate; and he put his flock in a place by themselves and not with Laban's flock.|en
1741|30|41|41|到羊群肥壯配合的時候，雅各就把枝子插在水溝裡，使羊對著枝子配合。|zh
1742|30|41|41|And whenever the stronger ones of the flock became with young, Jacob put the sticks in front of them in the drinking-places, so that they might become with young when they saw the sticks.|en
1743|30|42|42|只是到羊瘦弱配合的時候就不插枝子。這樣，瘦弱的就歸拉班，肥壯的就歸雅各。|zh
1744|30|42|42|But when the flocks were feeble, he did not put the sticks before them; so that the feebler flocks were Laban's and the stronger were Jacob's.|en
1745|30|43|43|於是雅各極其發大，得了許多的羊群、僕婢、駱駝，和驢。|zh
1746|30|43|43|So Jacob's wealth was greatly increased; he had great flocks and women-servants and men-servants and camels and asses.|en
1747|31|1|1|雅各聽見拉班的兒子們有話說：雅各把我們父親所有的都奪了去，並藉著我們父親的，得了這一切的榮耀(或作財)。|zh
1748|31|1|1|Now it came to the ears of Jacob that Laban's sons were saying, Jacob has taken away all our father's property, and in this way he has got all this wealth.|en
1749|31|2|2|雅各見拉班的氣色向他不如從前了。|zh
1750|31|2|2|And Jacob saw that Laban's feeling for him was no longer what it had been before.|en
1751|31|3|3|耶和華對雅各說：你要回你祖、你父之地，到你親族那裡去，我必與你同在。|zh
1752|31|3|3|Then the Lord said to Jacob, Go back to the land of your fathers, and to your relations, and I will be with you.|en
1753|31|4|4|雅各就打發人，叫拉結和利亞到田野羊群那裡來，|zh
1754|31|4|4|And Jacob sent for Rachel and Leah to come to him in the field among his flock.|en
1755|31|5|5|對他們說：我看你們父親的氣色向我不如從前了；但我父親的神向來與我同在。|zh
1756|31|5|5|And he said to them, It is clear to me that your father's feeling is no longer what it was to me; but the God of my father has been with me|en
1757|31|6|6|你們也知道，我盡了我的力量服事你們的父親。|zh
1758|31|6|6|And you have seen how I have done all in my power for your father,|en
1759|31|7|7|你們的父親欺哄我，十次改了我的工價；然而神不容他害我。|zh
1760|31|7|7|But your father has not kept faith with me, and ten times he has made changes in my payment; but God has kept him from doing me damage.|en
1761|31|8|8|他若說：有點的歸你作工價，羊群所生的都有點；他若說：有紋的歸你作工價，羊群所生的都有紋。|zh
1762|31|8|8|If he said, All those in the flock which have marks are to be yours, then all the flock gave birth to marked young; and if he said, All the banded ones are to be yours, then all the flock had banded young.|en
1763|31|9|9|這樣，神把你們父親的牲畜奪來賜給我了。|zh
1764|31|9|9|So God has taken away your father's cattle and has given them to me.|en
1765|31|10|10|羊配合的時候，我夢中舉目一看，見跳母羊的公羊都是有紋的、有點的、有花斑的。|zh
1766|31|10|10|And at the time when the flock were with young, I saw in a dream that all the he-goats which were joined with the she-goats were banded and marked and coloured.|en
1767|31|11|11|神的使者在那夢中呼叫我說：雅各。我說：我在這裡。|zh
1768|31|11|11|And in my dream the angel of the Lord said to me, Jacob: and I said, Here am I.|en
1769|31|12|12|他說：你舉目觀看，跳母羊的公羊都是有紋的、有點的、有花斑的；凡拉班向你所做的，我都看見了。|zh
1770|31|12|12|And he said, See how all the he-goats are banded and marked and coloured: for I have seen what Laban has done to you.|en
1771|31|13|13|我是伯特利的神；你在那裡用油澆過柱子，向我許過願。現今你起來，離開這地，回你本地去罷！|zh
1772|31|13|13|I am the God of Beth-el, where you put oil on the pillar and took an oath to me: now then, come out of this land and go back to the country of your birth.|en
1773|31|14|14|拉結和利亞回答雅各說：在我們父親的家裡還有我們可得的分麼？還有我們的產業麼？|zh
1774|31|14|14|Then Rachel and Leah said to him in answer, What part or heritage is there for us in our father's house?|en
1775|31|15|15|我們不是被他當作外人麼？因為他賣了我們，吞了我們的價值。|zh
1776|31|15|15|Are we not as people from a strange country to him? for he took a price for us and now it is all used up.|en
1777|31|16|16|神從我們父親所奪出來的一切財物，那就是我們和我們孩子們的。現今凡神所吩咐你的，你只管去行罷！|zh
1778|31|16|16|For the wealth which God has taken from him is ours and our children's; so now, whatever God has said to you, do.|en
1779|31|17|17|雅各起來，使他的兒子和妻子都騎上駱駝，|zh
1780|31|17|17|Then Jacob put his wives and his sons on camels;|en
1781|31|18|18|又帶著他在巴旦亞蘭所得的一切牲畜和財物，往迦南地、他父親以撒那裡去了。|zh
1782|31|18|18|And sending on before him all his cattle and his property which he had got together in Paddan-aram, he made ready to go to Isaac his father in the land of Canaan.|en
1783|31|19|19|當時拉班剪羊毛去了，拉結偷了他父親家中的神像。|zh
1784|31|19|19|Now Laban had gone to see to the cutting of the wool of his sheep; so Rachel secretly took the images of the gods of her father's house.|en
1785|31|20|20|雅各背著亞蘭人拉班偷走了，並不告訴他，|zh
1786|31|20|20|And Jacob went away secretly, without giving news of his flight to Laban the Aramaean.|en
1787|31|21|21|就帶著所有的逃跑。他起身過大河，面向基列山行去。|zh
1788|31|21|21|So he went away with all he had, and went across the River in the direction of the hill-country of Gilead.|en
1789|31|22|22|到第三日，有人告訴拉班，雅各逃跑了。|zh
1790|31|22|22|And on the third day Laban had news of Jacob's flight.|en
1791|31|23|23|拉班帶領他的眾弟兄去追趕，追了七日，在基列山就追上了。|zh
1792|31|23|23|And taking the men of his family with him, he went after him for seven days and overtook him in the hill-country of Gilead.|en
1793|31|24|24|夜間，神到亞蘭人拉班那裡，在夢中對他說：你要小心，不可與雅各說好說歹。|zh
1794|31|24|24|Then God came to Laban in a dream by night, and said to him, Take care that you say nothing good or bad to Jacob.|en
1795|31|25|25|拉班追上雅各。雅各在山上支搭帳棚；拉班和他的眾弟兄也在基列山上支搭帳棚。|zh
1796|31|25|25|Now when Laban overtook him, Jacob had put up his tent in the hill-country; and Laban and his brothers put up their tents in the hill-country of Gilead.|en
1797|31|26|26|拉班對雅各說：你做的是甚麼事呢？你背著我偷走了，又把我的女兒們帶了去，如同用刀劍擄去的一般。|zh
1798|31|26|26|And Laban said to Jacob, Why did you go away secretly, taking my daughters away like prisoners of war?|en
1799|31|27|27|你為甚麼暗暗地逃跑，偷著走，並不告訴我，叫我可以歡樂、唱歌、擊鼓、彈琴的送你回去？|zh
1800|31|27|27|Why did you make a secret of your flight, not giving me word of it, so that I might have sent you away with joy and songs, with melody and music?|en
1801|31|28|28|又不容我與外孫和女兒親嘴？你所行的真是愚昧！|zh
1802|31|28|28|You did not even let me give a kiss to my sons and my daughters. This was a foolish thing to do.|en
1803|31|29|29|我手中原有能力害你，只是你父親的神昨夜對我說：你要小心，不可與雅各說好說歹。|zh
1804|31|29|29|It is in my power to do you damage: but the God of your father came to me this night, saying, Take care that you say nothing good or bad to Jacob.|en
1805|31|30|30|現在你雖然想你父家，不得不去，為甚麼又偷了我的神像呢？|zh
1806|31|30|30|And now, it seems, you are going because your heart's desire is for your father's house; but why have you taken my gods?|en
1807|31|31|31|雅各回答拉班說：恐怕你把你的女兒從我奪去，所以我逃跑。|zh
1808|31|31|31|And Jacob, in answer, said to Laban, My fear was that you might take your daughters from me by force.|en
1809|31|32|32|至於你的神像，你在誰那裡搜出來，就不容誰存活。當著我們的眾弟兄，你認一認，在我這裡有甚麼東西是你的，就拿去。原來雅各不知道拉結偷了那些神像。|zh
1810|31|32|32|As for your gods, if anyone of us has them, let him be put to death: make search before us all for what is yours, and take it. For Jacob had no knowledge that Rachel had taken them.|en
1811|31|33|33|拉班進了雅各、利亞，並兩個使女的帳棚，都沒有搜出來，就從利亞的帳棚出來，進了拉結的帳棚。|zh
1812|31|33|33|So Laban went into Jacob's tent and into Leah's tent, and into the tents of the two servant-women, but they were not there; and he came out of Leah's tent and went into Rachel's.|en
1813|31|34|34|拉結已經把神像藏在駱駝的馱簍裡，便坐在上頭。拉班摸遍了那帳棚，並沒有摸著。|zh
1814|31|34|34|Now Rachel had taken the images, and had put them in the camels' basket, and was seated on them. And Laban, searching through all the tent, did not come across them.|en
1815|31|35|35|拉結對他父親說：現在我身上不便，不能在你面前起來，求我主不要生氣。這樣，拉班搜尋神像，竟沒有搜出來。|zh
1816|31|35|35|And she said to her father, Let not my lord be angry because I do not get up before you, for I am in the common condition of women. And with all his searching, he did not come across the images.|en
1817|31|36|36|雅各就發怒斥責拉班說：我有甚麼過犯，有甚麼罪惡，你竟這樣火速的追我？|zh
1818|31|36|36|Then Jacob was angry with Laban, and said, What crime or sin have I done that you have come after me with such passion?|en
1819|31|37|37|你摸遍了我一切的家具，你搜出甚麼來呢？可以放在你我弟兄面前，叫他們在你我中間辨別辨別。|zh
1820|31|37|37|Now that you have made search through all my goods, what have you seen which is yours? Make it clear now before my people and your people, so that they may be judges between us.|en
1821|31|38|38|我在你家這二十年，你的母綿羊、母山羊沒有掉過胎。你群中的公羊，我沒有吃過；|zh
1822|31|38|38|These twenty years I have been with you; your sheep and your goats have had young without loss, not one of your he-goats have I taken for food.|en
1823|31|39|39|被野獸撕裂的，我沒有帶來給你，是我自己賠上。無論是白日，是黑夜，被偷去的，你都向我索要。|zh
1824|31|39|39|Anything which was wounded by beasts I did not take to you, but myself made up for the loss of it; you made me responsible for whatever was taken by thieves, by day or by night.|en
1825|31|40|40|我白日受盡乾熱，黑夜受盡寒霜，不得合眼睡著，我常是這樣。|zh
1826|31|40|40|This was my condition, wasted by heat in the day and by the bitter cold at night; and sleep went from my eyes.|en
1827|31|41|41|我這二十年在你家裡，為你的兩個女兒服事你十四年，為你的羊群服事你六年，你又十次改了我的工價。|zh
1828|31|41|41|These twenty years I have been in your house; I was your servant for fourteen years because of your daughters, and for six years I kept your flock, and ten times was my payment changed.|en
1829|31|42|42|若不是我父親以撒所敬畏的神，就是亞伯拉罕的　神與我同在，你如今必定打發我空手而去。　神看見我的苦情和我的勞碌，就在昨夜責備你。|zh
1830|31|42|42|If the God of my father, the God of Abraham and the Fear of Isaac, had not been with me, you would have sent me away with nothing in my hands. But God has seen my troubles and the work of my hands, and this night he kept you back.|en
1831|31|43|43|拉班回答雅各說：這女兒是我的女兒，這些孩子是我的孩子，這些羊群也是我的羊群；凡在你眼前的都是我的。我的女兒並他們所生的孩子，我今日能向他們做甚麼呢？|zh
1832|31|43|43|Then Laban, answering, said, These women are my daughters and these children my children, the flocks and all you see are mine: what now may I do for my daughters and for their children?|en
1833|31|44|44|來罷！你我二人可以立約，作你我中間的證據。|zh
1834|31|44|44|Come, let us make an agreement, you and I; and let it be for a witness between us.|en
1835|31|45|45|雅各就拿一塊石頭立作柱子，|zh
1836|31|45|45|Then Jacob took a stone and put it up as a pillar.|en
1837|31|46|46|又對眾弟兄說：你們堆聚石頭。他們就拿石頭來堆成一堆，大家便在旁邊吃喝。|zh
1838|31|46|46|And Jacob said to his people, Get stones together; and they did so; and they had a meal there by the stones.|en
1839|31|47|47|拉班稱那石堆為伊迦爾撒哈杜他，雅各卻稱那石堆為迦累得(都是以石堆為證的意思)。|zh
1840|31|47|47|And the name Laban gave it was Jegar-sahadutha: but Jacob gave it the name of Galeed.|en
1841|31|48|48|拉班說：今日這石堆作你我中間的證據。因此這地方名叫迦累得，|zh
1842|31|48|48|And Laban said, These stones are a witness between you and me today. For this reason its name was Galeed,|en
1843|31|49|49|又叫米斯巴，意思說：我們彼此離別以後，願耶和華在你我中間鑒察。|zh
1844|31|49|49|And Mizpah, for he said, May the Lord keep watch on us when we are unable to see one another's doings.|en
1845|31|50|50|你若苦待我的女兒，又在我的女兒以外另娶妻，雖沒有人知道，卻有神在你我中間作見證。|zh
1846|31|50|50|If you are cruel to my daughters, or if you take other wives in addition to my daughters, then though no man is there to see, God will be the witness between us.|en
1847|31|51|51|拉班又說：你看我在你我中間所立的這石堆和柱子。|zh
1848|31|51|51|And Laban said, See these stones and this pillar which I have put between you and me;|en
1849|31|52|52|這石堆作證據，這柱子也作證據。我必不過這石堆去害你；你也不可過這石堆和柱子來害我。|zh
1850|31|52|52|They will be witness that I will not go over these stones to you, and you will not go over these stones or this pillar to me, for any evil purpose.|en
1851|31|53|53|但願亞伯拉罕的神和拿鶴的　神，就是他們父親的　神，在你我中間判斷。雅各就指著他父親以撒所敬畏的神起誓，|zh
1852|31|53|53|May the God of Abraham and the God of Nahor, the God of their father, be our judge. Then Jacob took an oath by the Fear of his father Isaac.|en
1853|31|54|54|又在山上獻祭，請眾弟兄來吃飯。他們吃了飯，便在山上住宿。|zh
1854|31|54|54|And Jacob made an offering on the mountain, and gave orders to his people to take food: so they had a meal and took their rest that night on the mountain.|en
1855|31|55|55|拉班清早起來，與他外孫和女兒親嘴，給他們祝福，回往自己的地方去了。|zh
1856|31|55|55|And early in the morning Laban, after kissing and blessing his daughters, went on his way back to his country.|en
1857|32|1|1|雅各仍舊行路，神的使者遇見他。|zh
1858|32|1|1|And on his way Jacob came face to face with the angels of God.|en
1859|32|2|2|雅各看見他們就說：這是神的軍兵，於是給那地方起名叫瑪哈念(就是二軍兵的意思)。|zh
1860|32|2|2|And when he saw them he said, This is the army of God: so he gave that place the name of Mahanaim.|en
1861|32|3|3|雅各打發人先往西珥地去，就是以東地，見他哥哥以掃，|zh
1862|32|3|3|Now Jacob sent servants before him to Esau, his brother, in the land of Seir, the country of Edom;|en
1863|32|4|4|吩咐他們說：你們對我主以掃說：你的僕人雅各這樣說：我在拉班那裡寄居，直到如今。|zh
1864|32|4|4|And he gave them orders to say these words to Esau: Your servant Jacob says, Till now I have been living with Laban:|en
1865|32|5|5|我有牛、驢、羊群、僕婢，現在打發人來報告我主，為要在你眼前蒙恩。|zh
1866|32|5|5|And I have oxen and asses and flocks and men-servants and women-servants: and I have sent to give my lord news of these things so that I may have grace in his eyes.|en
1867|32|6|6|所打發的人回到雅各那裡，說：我們到了你哥哥以掃那裡，他帶著四百人，正迎著你來。|zh
1868|32|6|6|When the servants came back they said, We have seen your brother Esau and he is coming out to you, and four hundred men with him.|en
1869|32|7|7|雅各就甚懼怕，而且愁煩，便把那與他同在的人口和羊群、牛群、駱駝分做兩隊，|zh
1870|32|7|7|Then Jacob was in great fear and trouble of mind: and he put all the people and the flocks and the herds and the camels into two groups;|en
1871|32|8|8|說：以掃若來擊殺這一隊，剩下的那一隊還可以逃避。|zh
1872|32|8|8|And said, If Esau, meeting one group, makes an attack on them, the others will get away safely.|en
1873|32|9|9|雅各說：耶和華─我祖亞伯拉罕的神，我父親以撒的　神阿，你曾對我說：回你本地本族去，我要厚待你。|zh
1874|32|9|9|Then Jacob said, O God of my father Abraham, the God of my father Isaac, the Lord who said to me, Go back to your country and your family and I will be good to you:|en
1875|32|10|10|你向僕人所施的一切慈愛和誠實，我一點也不配得；我先前只拿著我的杖過這約但河，如今我卻成了兩隊了。|zh
1876|32|10|10|I am less than nothing in comparison with all your mercies and your faith to me your servant; for with only my stick in my hand I went across Jordan, and now I have become two armies.|en
1877|32|11|11|求你救我脫離我哥哥以掃的手；因為我怕他來殺我，連妻子帶兒女一同殺了。|zh
1878|32|11|11|Be my saviour from the hand of Esau, my brother: for my fear is that he will make an attack on me, putting to death mother and child.|en
1879|32|12|12|你曾說：我必定厚待你，使你的後裔如同海邊的沙，多得不可勝數。|zh
1880|32|12|12|And you said, Truly, I will be good to you, and make your seed like the sand of the sea which may not be numbered.|en
1881|32|13|13|當夜，雅各在那裡住宿，就從他所有的物中拿禮物要送給他哥哥以掃：|zh
1882|32|13|13|Then he put up his tent there for the night; and from among his goods he took, as an offering for his brother Esau,|en
1883|32|14|14|母山羊二百隻，公山羊二十隻，母綿羊二百隻，公綿羊二十隻，|zh
1884|32|14|14|Two hundred she-goats and twenty he-goats, two hundred females and twenty males from the sheep,|en
1885|32|15|15|奶崽子的駱駝三十隻─各帶著崽子，母牛四十隻，公牛十隻，母驢二十匹，驢駒十匹；|zh
1886|32|15|15|Thirty camels with their young ones, forty cows, ten oxen, twenty asses, and ten young asses.|en
1887|32|16|16|每樣各分一群，交在僕人手下，就對僕人說：你們要在我前頭過去，使群群相離，有空閒的地方；|zh
1888|32|16|16|These he gave to his servants, every herd by itself, and he said to his servants, Go on before me, and let there be a space between one herd and another.|en
1889|32|17|17|又吩咐儘先走的說：我哥哥以掃遇見你的時候，問你說：你是那家的人？要往那裡去？你前頭？這些是誰的？|zh
1890|32|17|17|And he gave orders to the first, saying, When my brother Esau comes to you and says, Whose servant are you, and where are you going, and whose are these herds?|en
1891|32|18|18|你就說：是你僕人雅各的，是送給我主以掃的禮物；他自己也在我們後邊？。|zh
1892|32|18|18|Then say to him, These are your servant Jacob's; they are an offering for my lord, for Esau; and he himself is coming after us.|en
1893|32|19|19|又吩咐第二、第三，和一切趕群畜的人說：你們遇見以掃的時候也要這樣對他說；|zh
1894|32|19|19|And he gave the same orders to the second and the third and to all those who were with the herds, saying, This is what you are to say to Esau when you see him;|en
1895|32|20|20|並且你們要說：你僕人雅各在我們後邊。因雅各心裡說：我藉著在我前頭去的禮物解他的恨，然後再見他的面，或者他容納我。|zh
1896|32|20|20|And you are to say further, Jacob, your servant, is coming after us. For he said to himself, I will take away his wrath by the offering which I have sent on, and then I will come before him: it may be that I will have grace in his eyes.|en
1897|32|21|21|於是禮物先過去了；那夜，雅各在隊中住宿。|zh
1898|32|21|21|So the servants with the offerings went on in front, and he himself took his rest that night in the tents with his people.|en
1899|32|22|22|他夜間起來，帶著兩個妻子，兩個使女，並十一個兒子，都過了雅博渡口，|zh
1900|32|22|22|And in the night he got up, and taking with him his two wives and the two servant-women and his eleven children, he went over the river Jabbok.|en
1901|32|23|23|先打發他們過河，又打發所有的都過去，|zh
1902|32|23|23|He took them and sent them over the stream with all he had.|en
1903|32|24|24|只剩下雅各一人。有一個人來和他摔跤，直到黎明。|zh
1904|32|24|24|Then Jacob was by himself; and a man was fighting with him till dawn.|en
1905|32|25|25|那人見自己勝不過他，就將他的大腿窩摸了一把，雅各的大腿窩正在摔跤的時候就扭了。|zh
1906|32|25|25|But when the man saw that he was not able to overcome Jacob, he gave him a blow in the hollow part of his leg, so that his leg was damaged.|en
1907|32|26|26|那人說：天黎明了，容我去罷！雅各說：你不給我祝福，我就不容你去。|zh
1908|32|26|26|And he said to him, Let me go now, for the dawn is near. But Jacob said, I will not let you go till you have given me your blessing.|en
1909|32|27|27|那人說：你名叫甚麼？他說：我名叫雅各。|zh
1910|32|27|27|Then he said, What is your name? And he said, Jacob.|en
1911|32|28|28|那人說：你的名不要再叫雅各，要叫以色列；因為你與神與人較力，都得了勝。|zh
1912|32|28|28|And he said, Your name will no longer be Jacob, but Israel: for in your fight with God and with men you have overcome.|en
1913|32|29|29|雅各問他說：請將你的名告訴我。那人說：何必問我的名？於是在那裡給雅各祝福。|zh
1914|32|29|29|Then Jacob said, What is your name? And he said, What is my name to you? Then he gave him a blessing.|en
1915|32|30|30|雅各便給那地方起名叫毘努伊勒(就是神之面的意思)，意思說：我面對面見了神，我的性命仍得保全。|zh
1916|32|30|30|And Jacob gave that place the name of Peniel, saying, I have seen God face to face, and still I am living.|en
1917|32|31|31|日頭剛出來的時候，雅各經過毘努伊勒，他的大腿就瘸了。|zh
1918|32|31|31|And while he was going past Peniel, the sun came up. And he went with unequal steps because of his damaged leg.|en
1919|32|32|32|故此，以色列人不吃大腿窩的筋，直到今日，因為那人摸了雅各大腿窩的筋。|zh
1920|32|32|32|For this reason the children of Israel, even today, never take that muscle in the hollow of the leg as food, because the hollow of Jacob's leg was touched.|en
1921|33|1|1|雅各舉目觀看，見以掃來了，後頭跟著四百人，他就把孩子們分開交給利亞、拉結，和兩個使女，|zh
1922|33|1|1|Then Jacob, lifting up his eyes, saw Esau coming with his four hundred men. So he made a division of the children between Leah and Rachel and the two women-servants.|en
1923|33|2|2|並且叫兩個使女和他們的孩子在前頭，利亞和他的孩子在後頭，拉結和約瑟在儘後頭。|zh
1924|33|2|2|He put the servants and their children in front, Leah and her children after them, and Rachel and Joseph at the back.|en
1925|33|3|3|他自己在他們前頭過去，一連七次俯伏在地才就近他哥哥。|zh
1926|33|3|3|And he himself, going before them, went down on his face to the earth seven times till he came near his brother.|en
1927|33|4|4|以掃跑來迎接他，將他抱住，又摟著他的頸項，與他親嘴，兩個人就哭了。|zh
1928|33|4|4|Then Esau came running up to him, and folding him in his arms, gave him a kiss: and the two of them were overcome with weeping.|en
1929|33|5|5|以掃舉目看見婦人孩子，就說：這些？和你同行的是誰呢？雅各說：這些孩子是神施恩給你的僕人的。|zh
1930|33|5|5|Then Esau, lifting up his eyes, saw the women and the children, and said, Who are these with you? And he said, The children whom God in his mercy has given to your servant.|en
1931|33|6|6|於是兩個使女和他們的孩子前來下拜；|zh
1932|33|6|6|Then the servants and their children came near, and went down on their faces.|en
1933|33|7|7|利亞和他的孩子也前來下拜；隨後約瑟和拉結也前來下拜。|zh
1934|33|7|7|And Leah came near with her children, and then Joseph and Rachel, and they did the same.|en
1935|33|8|8|以掃說：我所遇見的這些群畜是甚麼意思呢？雅各說：是要在我主面前蒙恩的。|zh
1936|33|8|8|And he said, What were all those herds which I saw on the way? And Jacob said, They were an offering so that I might have grace in my lord's eyes.|en
1937|33|9|9|以掃說：兄弟阿，我的已經夠了，你的仍歸你罷！|zh
1938|33|9|9|But Esau said, I have enough; keep what is yours, my brother, for yourself.|en
1939|33|10|10|雅各說：不然，我若在你眼前蒙恩，就求你從我手裡收下這禮物；因為我見了你的面，如同見了神的面，並且你容納了我。|zh
1940|33|10|10|And Jacob said, Not so; but if I have grace in your eyes, take them as a sign of my love, for I have seen your face as one may see the face of God, and you have been pleased with me.|en
1941|33|11|11|求你收下我帶來給你的禮物；因為神恩待我，使我充足。雅各再三地求他，他才收下了。|zh
1942|33|11|11|Take my offering then, with my blessing; for God has been very good to me and I have enough: so at his strong request, he took it.|en
1943|33|12|12|以掃說：我們可以起身前往，我在你前頭走。|zh
1944|33|12|12|And he said, Let us go on our journey together, and I will go in front.|en
1945|33|13|13|雅各對他說：我主知道孩子們年幼嬌嫩，牛羊也正在乳養的時候，若是催趕一天，群畜都必死了。|zh
1946|33|13|13|But Jacob said, My lord may see that the children are only small, and there are young ones in my flocks and herds: one day's over-driving will be the destruction of all the flock.|en
1947|33|14|14|求我主在僕人前頭走，我要量著在我面前群畜和孩子的力量慢慢地前行，直走到西珥我主那裡。|zh
1948|33|14|14|Do you, my lord, go on before your servant; I will come on slowly, at the rate at which the cattle and the children are able to go, till I come to my lord at Seir.|en
1949|33|15|15|以掃說：容我把跟隨我的人留幾個在你這裡。雅各說：何必呢？只要在我主眼前蒙恩就是了。|zh
1950|33|15|15|And Esau said, Then keep some of my men with you. And he said, What need is there for that, if my lord is pleased with me?|en
1951|33|16|16|於是，以掃當日起行，回往西珥去了。|zh
1952|33|16|16|So Esau, turning back that day, went on his way to Seir.|en
1953|33|17|17|雅各就往疏割去，在那裡為自己蓋造房屋，又為牲畜搭棚；因此那地方名叫疏割(就是棚的意思)。|zh
1954|33|17|17|And Jacob went on to Succoth, where he made a house for himself and put up tents for his cattle: for this reason the place was named Succoth.|en
1955|33|18|18|雅各從巴旦亞蘭回來的時候，平平安安地到了迦南地的示劍城，在城東支搭帳棚，|zh
1956|33|18|18|So Jacob came safely from Paddan-aram to the town of Shechem in the land of Canaan, and put up his tents near the town.|en
1957|33|19|19|就用一百塊銀子向示劍的父親、哈抹的子孫買了支帳棚的那塊地，|zh
1958|33|19|19|And for a hundred bits of money he got from the children of Hamor, the builder of Shechem, the field in which he had put up his tents.|en
1959|33|20|20|在那裡築了一座壇，起名叫伊利伊羅伊以色列(就是神、以色列神的意思)。|zh
1960|33|20|20|And there he put up an altar, naming it El, the God of Israel.|en
1961|34|1|1|利亞給雅各所生的女兒底拿出去，要見那地的女子們。|zh
1962|34|1|1|Now Dinah, the daughter whom Leah had by Jacob, went out to see the women of that country.|en
1963|34|2|2|那地的主─希未人、哈抹的兒子示劍看見他，就拉住他，與他行淫，玷辱他。|zh
1964|34|2|2|And when Shechem, the son of Hamor the Hivite who was the chief of that land, saw her, he took her by force and had connection with her.|en
1965|34|3|3|示劍的心繫戀雅各的女兒底拿，喜愛這女子，甜言蜜語地安慰他。|zh
1966|34|3|3|Then his heart went out in love to Dinah, the daughter of Jacob, and he said comforting words to her.|en
1967|34|4|4|示劍對他父親哈抹說：求你為我聘這女子為妻。|zh
1968|34|4|4|And Shechem said to Hamor, his father, Get me this girl for my wife.|en
1969|34|5|5|雅各聽見示劍玷污了他的女兒底拿。那時他的兒子們正和群畜在田野，雅各就閉口不言，等他們回來。|zh
1970|34|5|5|Now Jacob had word of what Shechem had done to his daughter; but his sons were in the fields with the cattle, and Jacob said nothing till they came.|en
1971|34|6|6|示劍的父親哈抹出來見雅各，要和他商議。|zh
1972|34|6|6|Then Hamor, the father of Shechem, came out to have a talk with Jacob.|en
1973|34|7|7|雅各的兒子們聽見這事，就從田野回來，人人忿恨，十分惱怒；因示劍在以色列家作了醜事，與雅各的女兒行淫，這本是不該做的事。|zh
1974|34|7|7|Now the sons of Jacob came in from the fields when they had news of it, and they were wounded and very angry because of the shame he had done in Israel by having connection with Jacob's daughter; and they said, Such a thing is not to be done.|en
1975|34|8|8|哈抹和他們商議說：我兒子示劍的心戀慕這女子，求你們將他給我的兒子為妻。|zh
1976|34|8|8|But Hamor said to them, Shechem, my son, is full of desire for your daughter: will you then give her to him for a wife?|en
1977|34|9|9|你們與我們彼此結親；你們可以把女兒給我們，也可以娶我們的女兒。|zh
1978|34|9|9|And let our two peoples be joined together; give your daughters to us, and take our daughters for yourselves.|en
1979|34|10|10|你們與我們同住罷！這地都在你們面前，只管在此居住，做買賣，置產業。|zh
1980|34|10|10|Go on living with us, and the country will be open to you; do trade and get property there.|en
1981|34|11|11|示劍對女兒的父親和弟兄們說：但願我在你們眼前蒙恩，你們向我要甚麼，我必給你們。|zh
1982|34|11|11|And Shechem said to her father and her brothers, If you will give ear to my request, whatever you say I will give to you.|en
1983|34|12|12|任憑向我要多重的聘金和禮物，我必照你們所說的給你們；只要把女子給我為妻。|zh
1984|34|12|12|However great you make the bride-price and payment, I will give it; only let me have the girl for my wife.|en
1985|34|13|13|雅各的兒子們因為示劍玷污了他們的妹子底拿，就用詭詐的話回答示劍和他父親哈抹，|zh
1986|34|13|13|But the sons of Jacob gave a false answer to Shechem and Hamor his father, because of what had been done to Dinah their sister.|en
1987|34|14|14|對他們說：我們不能把我們的妹子給沒有受割禮的人為妻，因為那是我們的羞辱。|zh
1988|34|14|14|And they said, It is not possible for us to give our sister to one who is without circumcision, for that would be a cause of shame to us:|en
1989|34|15|15|惟有一件才可以應允：若你們所有的男丁都受割禮，和我們一樣，|zh
1990|34|15|15|But on this condition only will we come to an agreement with you: if every male among you becomes like us and undergoes circumcision;|en
1991|34|16|16|我們就把女兒給你們，也娶你們的女兒；我們便與你們同住，兩下成為一樣的人民。|zh
1992|34|16|16|Then we will give our daughters to you and take your daughters to us and go on living with you as one people.|en
1993|34|17|17|倘若你們不聽從我們受割禮，我們就帶著妹子走了。|zh
1994|34|17|17|But if you will not undergo circumcision as we say, then we will take our daughter and go.|en
1995|34|18|18|哈抹和他的兒子示劍喜歡這話。|zh
1996|34|18|18|And their words were pleasing to Hamor and his son Shechem.|en
1997|34|19|19|那少年人做這事並不遲延，因為他喜愛雅各的女兒；他在他父親家中也是人最尊重的。|zh
1998|34|19|19|And without loss of time the young man did as they said, because he had delight in Jacob's daughter, and he was the noblest of his father's house.|en
1999|34|20|20|哈抹和他兒子示劍到本城的門口，對本城的人說：|zh
2000|34|20|20|Then Hamor and Shechem, his son, went to the meeting-place of their town, and said to the men of the town,|en
2001|34|21|21|這些人與我們和睦，不如許他們在這地居住，做買賣；這地也寬闊，足可容下他們。我們可以娶他們的女兒為妻，也可以把我們的女兒嫁給他們。|zh
2002|34|21|21|It is the desire of these men to be at peace with us; let them then go on living in this country and doing trade here, for the country is wide open before them; let us take their daughters as wives and let us give them our daughters.|en
2003|34|22|22|惟有一件事我們必須做，他們才肯應允和我們同住，成為一樣的人民：就是我們中間所有的男丁都要受割禮，和他們一樣。|zh
2004|34|22|22|But these men will make an agreement with us to go on living with us and to become one people, only on the condition that every male among us undergoes circumcision as they have done.|en
2005|34|23|23|他們的群畜、貨財，和一切的牲口豈不都歸我們麼？只要依從他們，他們就與我們同住。|zh
2006|34|23|23|Then will not their cattle and their goods and all their beasts be ours? so let us come to an agreement with them so that they may go on living with us.|en
2007|34|24|24|凡從城門出入的人就都聽從哈抹和他兒子示劍的話；於是凡從城門出入的男丁都受了割禮。|zh
2008|34|24|24|Then all the men of the town gave ear to the words of Hamor and Shechem his son; and every male in the town underwent circumcision.|en
2009|34|25|25|到第三天，眾人正在疼痛的時候，雅各的兩個兒子，就是底拿的哥哥西緬和利未，各拿刀劍，趁著眾人想不到的時候來到城中，把一切男丁都殺了，|zh
2010|34|25|25|But on the third day after, before the wounds were well, two of the sons of Jacob, Simeon and Levi, Dinah's brothers, took their swords and came into the town by surprise and put all the males to death.|en
2011|34|26|26|又用刀殺了哈抹和他兒子示劍，把底拿從示劍家裡帶出來就走了。|zh
2012|34|26|26|And Hamor and his son they put to death with the sword, and they took Dinah from Shechem's house and went away.|en
2013|34|27|27|雅各的兒子們因為他們的妹子受了玷污，就來到被殺的人那裡，擄掠那城，|zh
2014|34|27|27|And the sons of Jacob came on them when they were wounded and made waste the town because of what had been done to their sister;|en
2015|34|28|28|奪了他們的羊群、牛群，和驢，並城裡田間所有的；|zh
2016|34|28|28|They took their flocks and their herds and their asses and everything in their town and in their fields,|en
2017|34|29|29|又把他們一切貨財、孩子、婦女，並各房中所有的，都擄掠去了。|zh
2018|34|29|29|And all their wealth and all their little ones and their wives; everything in their houses they took and made them waste.|en
2019|34|30|30|雅各對西緬和利未說：你們連累我，使我在這地的居民中，就是在迦南人和比利洗人中，有了臭名。我的人丁既然稀少，他們必聚集來擊殺我，我和全家的人都必滅絕。|zh
2020|34|30|30|And Jacob said to Simeon and Levi, You have made trouble for me and given me a bad name among the people of this country, among the Canaanites and the Perizzites: and because we are small in number they will come together against me and make war on me; and it will be the end of me and all my people.|en
2021|34|31|31|他們說：他豈可待我們的妹子如同妓女麼？|zh
2022|34|31|31|But they said, Were we to let him make use of our sister as a loose woman?|en
2023|35|1|1|神對雅各說：起來！上伯特利去，住在那裡；要在那裡築一座壇給神，就是你逃避你哥哥以掃的時候向你顯現的那位。|zh
2024|35|1|1|And God said to Jacob, Go up now to Beth-el and make your living-place there: and put up an altar there to the God who came to you when you were in flight from your brother Esau.|en
2025|35|2|2|雅各就對他家中的人並一切與他同在的人說：你們要除掉你們中間的外邦神，也要自潔，更換衣裳。|zh
2026|35|2|2|Then Jacob said to all his people, Put away the strange gods which are among you, and make yourselves clean, and put on a change of clothing:|en
2027|35|3|3|我們要起來，上伯特利去，在那裡我要築一座壇給神，就是在我遭難的日子應允我的禱告、在我行的路上保佑我的那位。|zh
2028|35|3|3|And let us go up to Beth-el: and there I will make an altar to God, who gave me an answer in the day of my trouble, and was with me wherever I went.|en
2029|35|4|4|他們就把外邦人的神像和他們耳朵上的環子交給雅各；雅各都藏在示劍那裡的橡樹底下。|zh
2030|35|4|4|Then they gave to Jacob all the strange gods which they had, and the rings which were in their ears; and Jacob put them away under the holy tree at Shechem.|en
2031|35|5|5|他們便起行前往。神使那周圍城邑的人都甚驚懼，就不追趕雅各的眾子了。|zh
2032|35|5|5|So they went on their journey: and the fear of God was on the towns round about, so that they made no attack on the sons of Jacob.|en
2033|35|6|6|於是雅各和一切與他同在的人到了迦南地的路斯，就是伯特利。|zh
2034|35|6|6|And Jacob came to Luz in the land of Canaan (which is the same as Beth-el), he and all his people.|en
2035|35|7|7|他在那裡築了一座壇，就給那地方起名叫伊勒伯特利(就是伯特利之神的意思)；因為他逃避他哥哥的時候，神在那裡向他顯現。|zh
2036|35|7|7|And there he made an altar, naming the place El-beth-el: because it was there he had the vision of God when he was in flight from his brother.|en
2037|35|8|8|利百加的奶母底波拉死了，就葬在伯特利下邊橡樹底下；那棵樹名叫亞倫巴古。|zh
2038|35|8|8|And Deborah, the servant who had taken care of Rebekah from her birth, came to her end, and was put to rest near Beth-el, under the holy tree: and they gave it the name of Allon-bacuth.|en
2039|35|9|9|雅各從巴旦亞蘭回來，神又向他顯現，賜福與他，|zh
2040|35|9|9|Now when Jacob was on his way from Paddan-aram, God came to him again and, blessing him, said,|en
2041|35|10|10|且對他說：你的名原是雅各，從今以後不要再叫雅各，要叫以色列。這樣，他就改名叫以色列。|zh
2042|35|10|10|Jacob is your name, but it will be so no longer; from now your name will be Israel; so he was named Israel.|en
2043|35|11|11|神又對他說：我是全能的神；你要生養眾多，將來有一族和多國的民從你而生，又有君王從你而出。|zh
2044|35|11|11|And God said to him, I am God, the Ruler of all: be fertile, and have increase; a nation, truly a group of nations, will come from you, and kings will be your offspring;|en
2045|35|12|12|我所賜給亞伯拉罕和以撒的地，我要賜給你與你的後裔。|zh
2046|35|12|12|And the land which I gave to Abraham and Isaac, I will give to you; and to your seed after you I will give the land.|en
2047|35|13|13|神就從那與雅各說話的地方升上去了。|zh
2048|35|13|13|Then God went up from him in the place where he had been talking with him.|en
2049|35|14|14|雅各便在那裡立了一根石柱，在柱子上奠酒，澆油。|zh
2050|35|14|14|And Jacob put up a pillar in the place where he had been talking with God, and put a drink offering on it, and oil.|en
2051|35|15|15|雅各就給那地方起名叫伯特利。|zh
2052|35|15|15|And he gave to the place where God had been talking with him, the name of Beth-el.|en
2053|35|16|16|他們從伯特利起行，離以法他還有一段路程，拉結臨產甚是艱難。|zh
2054|35|16|16|So they went on from Beth-el; and while they were still some distance from Ephrath, the pains of birth came on Rachel and she had a hard time.|en
2055|35|17|17|正在艱難的時候，收生婆對他說：不要怕，你又要得一個兒子了。|zh
2056|35|17|17|And when her pain was very great, the woman who was helping her said, Have no fear; for now you will have another son.|en
2057|35|18|18|他將近於死，靈魂要走的時候，就給他兒子起名叫便俄尼；他父親卻給他起名叫便雅憫。|zh
2058|35|18|18|And in the hour when her life went from her (for death came to her), she gave the child the name Ben-oni: but his father gave him the name of Benjamin.|en
2059|35|19|19|拉結死了，葬在以法他的路旁；以法他就是伯利恆。|zh
2060|35|19|19|So Rachel came to her end and was put to rest on the road to Ephrath (which is Beth-lehem).|en
2061|35|20|20|雅各在他的墳上立了一統碑，就是拉結的墓碑，到今日還在。|zh
2062|35|20|20|And Jacob put up a pillar on her resting-place; which is named, The Pillar of the resting-place of Rachel, to this day.|en
2063|35|21|21|以色列起行前往，在以得臺那邊支搭帳棚。|zh
2064|35|21|21|And Israel went journeying on and put up his tents on the other side of the tower of the flock.|en
2065|35|22|22|以色列住在那地的時候，流便去與他父親的妾辟拉同寢，以色列也聽見了。雅各共有十二個兒子。|zh
2066|35|22|22|Now while they were living in that country, Reuben had connection with Bilhah, his father's servant-woman: and Israel had news of it.|en
2067|35|23|23|利亞所生的是雅各的長子流便，還有西緬、利未、猶大、以薩迦、西布倫。|zh
2068|35|23|23|Now Jacob had twelve sons: the sons of Leah: Reuben, Jacob's first son, and Simeon and Levi and Judah and Issachar and Zebulun;|en
2069|35|24|24|拉結所生的是約瑟、便雅憫。|zh
2070|35|24|24|The sons of Rachel: Joseph and Benjamin;|en
2071|35|25|25|拉結的使女辟拉所生的是但、拿弗他利。|zh
2072|35|25|25|The sons of Bilhah, Rachel's servant: Dan and Naphtali;|en
2073|35|26|26|利亞的使女悉帕所生的是迦得、亞設。這是雅各在巴旦亞蘭所生的兒子。|zh
2074|35|26|26|The sons of Zilpah, Leah's servant: Gad and Asher; these are the sons whom Jacob had in Paddan-aram.|en
2075|35|27|27|雅各來到他父親以撒那裡，到了基列亞巴的幔利，乃是亞伯拉罕和以撒寄居的地方；基列亞巴就是希伯崙。|zh
2076|35|27|27|And Jacob came to his father Isaac at Mamre, at Kiriath-arba, that is, Hebron, where Abraham and Isaac had been living.|en
2077|35|28|28|以撒共活了一百八十歲。|zh
2078|35|28|28|And Isaac was a hundred and eighty years old.|en
2079|35|29|29|以撒年紀老邁，日子滿足，氣絕而死，歸到他列祖(原文作本民)那裡。他兩個兒子以掃、雅各把他埋葬了。|zh
2080|35|29|29|Then Isaac came to his end and was put to rest with his father's people, an old man after a long life: and Jacob and Esau, his sons, put him in his last resting-place.|en
2081|36|1|1|以掃就是以東，他的後代記在下面。|zh
2082|36|1|1|Now these are the generations of Esau, that is to say, Edom.|en
2083|36|2|2|以掃娶迦南的女子為妻，就是赫人以倫的女兒亞大和希未人祭便的孫女、亞拿的女兒阿何利巴瑪，|zh
2084|36|2|2|Esau's wives were women of Canaan: Adah, the daughter of Elon the Hittite, and Oholibamah, the daughter of Anah, the daughter of Zibeon the Hivite,|en
2085|36|3|3|又娶了以實瑪利的女兒、尼拜約的妹子巴實抹。|zh
2086|36|3|3|And Basemath, Ishmael's daughter, the sister of Nebaioth.|en
2087|36|4|4|亞大給以掃生了以利法；巴實抹生了流珥；|zh
2088|36|4|4|Adah had a son Eliphaz; and Basemath was the mother of Reuel;|en
2089|36|5|5|阿何利巴瑪生了耶烏施、雅蘭、可拉。這都是以掃的兒子，是在迦南地生的。|zh
2090|36|5|5|Oholibamah was the mother of Jeush, Jalam, and Korah; these are the sons of Esau, whose birth took place in the land of Canaan.|en
2091|36|6|6|以掃帶著他的妻子、兒女，與家中一切的人口，並他的牛羊、牲畜，和一切貨財，就是他在迦南地所得的，往別處去，離了他兄弟雅各。|zh
2092|36|6|6|Esau took his wives and his sons and his daughters, and all the people of his house, and his beasts and his cattle and all his goods which he had got together in the land of Canaan, and went into the land of Seir, away from his brother Jacob.|en
2093|36|7|7|因為二人的財物群畜甚多，寄居的地方容不下他們，所以不能同居。|zh
2094|36|7|7|For their wealth was so great that the land was not wide enough for the two of them and all their cattle.|en
2095|36|8|8|於是以掃住在西珥山裡；以掃就是以東。|zh
2096|36|8|8|So Esau made his living-place in the hill-country of Seir (Esau is Edom).|en
2097|36|9|9|以掃是西珥山裡以東人的始祖，他的後代記在下面。|zh
2098|36|9|9|And these are the generations of Esau, the father of the Edomites in the hill-country of Seir:|en
2099|36|10|10|以掃眾子的名字如下。以掃的妻子亞大生以利法；以掃的妻子巴實抹生流珥。|zh
2100|36|10|10|These are the names of Esau's sons: Eliphaz, the son of Esau's wife Adah, and Reuel, the son of Esau's wife Basemath.|en
2101|36|11|11|以利法的兒子是提幔、阿抹、洗玻、迦坦、基納斯。|zh
2102|36|11|11|The sons of Eliphaz were Teman, Omar, Zepho, Gatam, and Kenaz.|en
2103|36|12|12|亭納是以掃兒子以利法的妾；他給以利法生了亞瑪力。這是以掃的妻子亞大的子孫。|zh
2104|36|12|12|And Eliphaz, the son of Esau, had connection with a woman named Timna, who gave birth to Amalek: all these were the children of Esau's wife Adah.|en
2105|36|13|13|流珥的兒子是拿哈、謝拉、沙瑪、米撒。這是以掃妻子巴實抹的子孫。|zh
2106|36|13|13|And these are the sons of Reuel: Nahath, Zerah, Shammah, and Mizzah: they were the children of Esau's wife Basemath.|en
2107|36|14|14|以掃的妻子阿何利巴瑪是祭便的孫女，亞拿的女兒；他給以掃生了耶烏施、雅蘭、可拉。|zh
2108|36|14|14|And these are the sons of Esau's wife Oholibamah, the daughter of Anah, the daughter of Zibeon: she was the mother of Jeush, Jalam, and Korah.|en
2109|36|15|15|以掃子孫中作族長的記在下面。以掃的長子以利法的子孫中，有提幔族長、阿抹族長、洗玻族長，基納斯族長、|zh
2110|36|15|15|These were the chiefs among the sons of Esau: the sons of Eliphaz, Esau's first son: Teman, Omar, Zepho, Kenaz,|en
2111|36|16|16|可拉族長、迦坦族長、亞瑪力族長。這是在以東地從以利法所出的族長，都是亞大的子孫。|zh
2112|36|16|16|Korah, Gatam, Amalek: all these were chiefs in the land of Edom, the offspring of Eliphaz, the seed of Adah.|en
2113|36|17|17|以掃的兒子流珥的子孫中，有拿哈族長、謝拉族長、沙瑪族長、米撒族長。這是在以東地從流珥所出的族長，都是以掃妻子巴實抹的子孫。|zh
2114|36|17|17|And these are the sons of Esau's son Reuel: Nahath, Zerah, Shammah, Mizzah: these were the chiefs of Reuel in the land of Edom, the children of Esau's wife Basemath.|en
2115|36|18|18|以掃的妻子阿何利巴瑪的子孫中，有耶烏施族長、雅蘭族長、可拉族長。這是從以掃妻子，亞拿的女兒，阿何利巴瑪子孫中所出的族長。|zh
2116|36|18|18|And these are the sons of Esau's wife Oholibamah: Jeush, Jalam, and Korah: these were the chiefs who came from Esau's wife Oholibamah, daughter of Anah.|en
2117|36|19|19|以上的族長都是以掃的子孫；以掃就是以東。|zh
2118|36|19|19|These were the sons of Esau (that is, Edom), and these were their chiefs.|en
2119|36|20|20|那地原有的居民─何利人西珥的子孫記在下面：就是羅坍、朔巴、祭便、亞拿、|zh
2120|36|20|20|These are the sons of Seir the Horite who were living in that country; Lotan, Shobal, Zibeon, Anah,|en
2121|36|21|21|底順、以察、底珊。這是從以東地的何利人西珥子孫中所出的族長。|zh
2122|36|21|21|Dishon, Ezer, and Dishan: these are the chiefs of the Horites, offspring of Seir in the land of Edom.|en
2123|36|22|22|羅坍的兒子是何利、希幔；羅坍的妹子是亭納。|zh
2124|36|22|22|The children of Lotan were Hori and Hemam; Lotan's sister was Timna.|en
2125|36|23|23|朔巴的兒子是亞勒文、瑪拿轄、以巴錄、示玻、阿南。|zh
2126|36|23|23|And these are the children of Shobal: Alvan, Manahath, Ebal, Shepho, and Onam.|en
2127|36|24|24|祭便的兒子是亞雅、亞拿〈當時在曠野放他父親祭便的驢，遇著溫泉的，就是這亞拿〉。|zh
2128|36|24|24|And these are the children of Zibeon: Aiah and Anah; that same Anah who made the discovery of the water-springs in the waste land, when he was looking after the asses of his father Zibeon.|en
2129|36|25|25|亞拿的兒子是底順；亞拿的女兒是阿何利巴瑪。|zh
2130|36|25|25|And these are the children of Anah: Dishon and Oholibamah his daughter.|en
2131|36|26|26|底順的兒子是欣但、伊是班、益蘭、基蘭。|zh
2132|36|26|26|These are the children of Dishon: Hemdan, Eshban, Ithran, and Keran.|en
2133|36|27|27|以察的兒子是辟罕、撒番、亞干。|zh
2134|36|27|27|These are the children of Ezer: Bilhan, Zaavan, and Akan.|en
2135|36|28|28|底珊的兒子是烏斯、亞蘭。|zh
2136|36|28|28|These are the children of Dishan: Uz and Aran.|en
2137|36|29|29|從何利人所出的族長記在下面：就是羅坍族長、朔巴族長、祭便族長、亞拿族長、|zh
2138|36|29|29|These were the Horite chiefs: Lotan, Shobal, Zibeon, Anah,|en
2139|36|30|30|底順族長、以察族長、底珊族長。這是從何利人所出的族長，都在西珥地，按著宗族作族長。|zh
2140|36|30|30|Dishon, Ezer, and Dishan. Such were the Horite chiefs in their order in the land of Seir.|en
2141|36|31|31|以色列人未有君王治理以先，在以東地作王的記在下面。|zh
2142|36|31|31|And these are the kings who were ruling in the land of Edom before there was any king over the children of Israel.|en
2143|36|32|32|比珥的兒子比拉在以東作王，他的京城名叫亭哈巴。|zh
2144|36|32|32|Bela, son of Beor, was king in Edom, and the name of his chief town was Dinhabah.|en
2145|36|33|33|比拉死了，波斯拉人謝拉的兒子約巴接續他作王。|zh
2146|36|33|33|At his death, Jobab, son of Zerah of Bozrah, became king in his place.|en
2147|36|34|34|約巴死了，提幔地的人戶珊接續他作王。|zh
2148|36|34|34|And at the death of Jobab, Husham, from the country of the Temanites, became king in his place.|en
2149|36|35|35|戶珊死了，比達的兒子哈達接續他作王；這哈達就是在摩押地殺敗米甸人的，他的京城名叫亞未得。|zh
2150|36|35|35|And at the death of Husham, Hadad, son of Bedad, who overcame the Midianites in the field of Moab, became king; his chief town was named Avith.|en
2151|36|36|36|哈達死了，瑪士利加人桑拉接續他作王。|zh
2152|36|36|36|And at the death of Hadad, Samlah of Masrekah became king.|en
2153|36|37|37|桑拉死了，大河邊的利河伯人掃羅接續他作王。|zh
2154|36|37|37|And at the death of Samlah, Shaul of Rehoboth by the River became king in his place.|en
2155|36|38|38|掃羅死了，亞革波的兒子巴勒哈南接續他作王。|zh
2156|36|38|38|And at the death of Shaul, Baal-hanan, son of Achbor, became king.|en
2157|36|39|39|亞革波的兒子巴勒哈南死了，哈達接續他作王，他的京城名叫巴烏；他的妻子名叫米希他別，是米薩合的孫女，瑪特列的女兒。|zh
2158|36|39|39|And at the death of Baal-hanan, Hadar became king in his place; his chief town was named Pau, and his wife's name was Mehetabel; she was the daughter of Matred, the daughter of Me-zahab.|en
2159|36|40|40|從以掃所出的族長，按著他們的宗族、住處、名字記在下面：就是亭納族長、亞勒瓦族長、耶帖族長、|zh
2160|36|40|40|These are the names of the chiefs of Esau in the order of their families and their places: Timna, Alvah, Jetheth,|en
2161|36|41|41|阿何利巴瑪族長、以拉族長、比嫩族長、|zh
2162|36|41|41|Oholibamah, Elah, Pinon,|en
2163|36|42|42|基納斯族長、提幔族長、米比薩族長、|zh
2164|36|42|42|Kenaz, Teman, Mibzar,|en
2165|36|43|43|瑪基疊族長、以蘭族長。這是以東人在所得為業的地上，按著他們的住處。〈所有的族長都是以東人的始祖以掃的後代。〉|zh
2166|36|43|43|Magdiel, Iram; these are the Edomite chiefs, in their places in their heritage; this is Esau, the father of the Edomites.|en
2167|37|1|1|雅各住在迦南地，就是他父親寄居的地。|zh
2168|37|1|1|Now Jacob was living in the land where his father had made a place for himself, in the land of Canaan.|en
2169|37|2|2|雅各的記略如下。約瑟十七歲與他哥哥們一同牧羊。他是個童子，與他父親的妾辟拉、悉帕的兒子們常在一處。約瑟將他哥哥們的惡行報給他們的父親。|zh
2170|37|2|2|These are the generations of Jacob: Joseph, a boy seventeen years old, was looking after the flock, together with his brothers, the sons of Bilhah and Zilpah, his father's wives; and Joseph gave their father a bad account of them.|en
2171|37|3|3|以色列原來愛約瑟過於愛他的眾子，因為約瑟是他年老生的；他給約瑟做了一件彩衣。|zh
2172|37|3|3|Now the love which Israel had for Joseph was greater than his love for all his other children, because he got him when he was an old man: and he had a long coat made for him.|en
2173|37|4|4|約瑟的哥哥們見父親愛約瑟過於愛他們，就恨約瑟，不與他說和睦的話。|zh
2174|37|4|4|And because his brothers saw that Joseph was dearer to his father than all the others, they were full of hate for him, and would not say a kind word to him.|en
2175|37|5|5|約瑟做了一夢，告訴他哥哥們，他們就越發恨他。|zh
2176|37|5|5|Now Joseph had a dream, and he gave his brothers an account of it, which made their hate greater than ever.|en
2177|37|6|6|約瑟對他們說：請聽我所做的夢：|zh
2178|37|6|6|And he said to them, Let me give you the story of my dream.|en
2179|37|7|7|我們在田裡捆禾稼，我的捆起來站著，你們的捆來圍著我的捆下拜。|zh
2180|37|7|7|We were in the field, getting the grain stems together, and my grain kept upright, and yours came round and went down on the earth before mine.|en
2181|37|8|8|他的哥哥們回答說：難道你真要作我們的王麼？難道你真要管轄我們麼？他們就因為他的夢和他的話越發恨他。|zh
2182|37|8|8|And his brothers said to him, Are you to be our king? will you have authority over us? And because of his dream and his words, their hate for him became greater than ever.|en
2183|37|9|9|後來他又做了一夢，也告訴他的哥哥們說：看哪，我又做了一夢，夢見太陽、月亮，與十一個星向我下拜。|zh
2184|37|9|9|Then he had another dream, and gave his brothers an account of it, saying, I have had another dream: the sun and the moon and eleven stars gave honour to me.|en
2185|37|10|10|約瑟將這夢告訴他父親和他哥哥們，他父親就責備他說：你做的這是甚麼夢！難道我和你母親、你弟兄果然要來俯伏在地，向你下拜麼？|zh
2186|37|10|10|And he gave word of it to his father and his brothers; but his father protesting said, What sort of a dream is this? am I and your mother and your brothers to go down on our faces to the earth before you?|en
2187|37|11|11|他哥哥們都嫉妒他，他父親卻把這話存在心裡。|zh
2188|37|11|11|And his brothers were full of envy; but his father kept his words in mind.|en
2189|37|12|12|約瑟的哥哥們往示劍去放他們父親的羊。|zh
2190|37|12|12|Now his brothers went to keep watch over their father's flock in Shechem.|en
2191|37|13|13|以色列對約瑟說：你哥哥們不是在示劍放羊麼？你來，我要打發你往他們那裡去。約瑟說：我在這裡。|zh
2192|37|13|13|And Israel said to Joseph, Are not your brothers with the flock in Shechem? come, I will send you to them. And he said to him, Here am I.|en
2193|37|14|14|以色列說：你去看看你哥哥們平安不平安，群羊平安不平安，就回來報信給我；於是打發他出希伯崙谷，他就往示劍去了。|zh
2194|37|14|14|And he said to him, Go now, and see if your brothers are well and how the flock is; then come back and give me word. So he sent him out of the valley of Hebron, and he came to Shechem.|en
2195|37|15|15|有人遇見他在田野走迷了路，就問他說：你找甚麼？|zh
2196|37|15|15|And a man saw him wandering in the country, and said to him, What are you looking for?|en
2197|37|16|16|他說：我找我的哥哥們，求你告訴我，他們在何處放羊。|zh
2198|37|16|16|And he said, I am looking for my brothers; please give me word of where they are keeping their flock.|en
2199|37|17|17|那人說：他們已經走了，我聽見他們說要往多坍去。約瑟就去追趕他哥哥們，遇見他們在多坍。|zh
2200|37|17|17|And the man said, They have gone away from here, for they said in my hearing, Let us go to Dothan. So Joseph went after them and came up with them at Dothan.|en
2201|37|18|18|他們遠遠地看見他，趁他還沒有走到跟前，大家就同謀要害死他，|zh
2202|37|18|18|But they saw him when he was a long way off, and before he came near them they made a secret design against him to put him to death;|en
2203|37|19|19|彼此說：你看！那做夢的來了。|zh
2204|37|19|19|Saying to one another, See, here comes this dreamer.|en
2205|37|20|20|來罷！我們將他殺了，丟在一個坑裡，就說有惡獸把他吃了。我們且看他的夢將來怎麼樣。|zh
2206|37|20|20|Let us now put him to death and put his body into one of these holes, and we will say, An evil beast has put him to death: then we will see what becomes of his dreams.|en
2207|37|21|21|流便聽見了，要救他脫離他們的手，說：我們不可害他的性命；|zh
2208|37|21|21|But Reuben, hearing these words, got him out of their hands, saying, Let us not take his life.|en
2209|37|22|22|又說：不可流他的血，可以把他丟在這野地的坑裡，不可下手害他。流便的意思是要救他脫離他們的手，把他歸還他的父親。|zh
2210|37|22|22|Do not put him to a violent death, but let him be placed in one of the holes; this he said to keep him safe from their hands, with the purpose of taking him back to his father again.|en
2211|37|23|23|約瑟到了他哥哥們那裡，他們就剝了他的外衣，就是他穿的那件彩衣，|zh
2212|37|23|23|So when Joseph came to his brothers, they took off his long coat which he had on;|en
2213|37|24|24|把他丟在坑裡；那坑是空的，裡頭沒有水。|zh
2214|37|24|24|And they took him and put him in the hole: now the hole had no water in it.|en
2215|37|25|25|他們坐下吃飯，舉目觀看，見有一夥米甸的以實瑪利人從基列來，用駱駝馱著香料、乳香、沒藥，要帶下埃及去。|zh
2216|37|25|25|Then seating themselves, they took their meal: and looking up, they saw a travelling band of Ishmaelites, coming from Gilead on their way to Egypt, with spices and perfumes on their camels.|en
2217|37|26|26|猶大對眾弟兄說：我們殺我們的兄弟，藏了他的血有甚麼益處呢？|zh
2218|37|26|26|And Judah said to his brothers, What profit is there in putting our brother to death and covering up his blood?|en
2219|37|27|27|我們不如將他賣給以實瑪利人，不可下手害他；因為他是我們的兄弟，我們的骨肉。眾弟兄就聽從了他。|zh
2220|37|27|27|Let us give him to these Ishmaelites for a price, and let us not put violent hands on him, for he is our brother, our flesh. And his brothers gave ear to him.|en
2221|37|28|28|有些米甸的商人從那裡經過，哥哥們就把約瑟從坑裡拉上來，講定二十舍客勒銀子，把約瑟賣給以實瑪利人。他們就把約瑟帶到埃及去了。|zh
2222|37|28|28|And some traders from Midian went by; so pulling Joseph up out of the hole, they gave him to the Ishmaelites for twenty bits of silver, and they took him to Egypt.|en
2223|37|29|29|流便回到坑邊，見約瑟不在坑裡，就撕裂衣服，|zh
2224|37|29|29|Now when Reuben came back to the hole, Joseph was not there; and giving signs of grief,|en
2225|37|30|30|回到兄弟們那裡，說：童子沒有了。我往那裡去才好呢？|zh
2226|37|30|30|He went back to his brothers, and said, The child is gone; what am I to do?|en
2227|37|31|31|他們宰了一隻公山羊，把約瑟的那件彩衣染了血，|zh
2228|37|31|31|Then they took Joseph's coat, and put on it some of the blood from a young goat which they had put to death,|en
2229|37|32|32|打發人送到他們的父親那裡，說：我們撿了這個；請認一認是你兒子的外衣不是？|zh
2230|37|32|32|And they took the coat to their father, and said, We came across this; is it your son's coat or not?|en
2231|37|33|33|他認得，就說：這是我兒子的外衣。有惡獸把他吃了，約瑟被撕碎了！撕碎了！|zh
2232|37|33|33|And he saw that it was, and said, It is my son's coat; an evil beast has put him to death; without doubt Joseph has come to a cruel end.|en
2233|37|34|34|雅各便撕裂衣服，腰間圍上麻布，為他兒子悲哀了多日。|zh
2234|37|34|34|Then Jacob, giving signs of grief, put on haircloth, and went on weeping for his son day after day.|en
2235|37|35|35|他的兒女都起來安慰他，他卻不肯受安慰，說：我必悲哀著下陰間，到我兒子那裡。約瑟的父親就為他哀哭。|zh
2236|37|35|35|And all his sons and all his daughters came to give him comfort, but he would not be comforted, saying with weeping, I will go down to the underworld to my son. So great was his father's sorrow for him.|en
2237|37|36|36|米甸人帶約瑟到埃及，把他賣給法老的內臣─護衛長波提乏。|zh
2238|37|36|36|And in Egypt the men of Midian gave him for a price to Potiphar, a captain of high position in Pharaoh's house.|en
2239|38|1|1|那時，猶大離開他弟兄下去，到一個亞杜蘭人名叫希拉的家裡去。|zh
2240|38|1|1|Now at that time, Judah went away from his brothers and became the friend of a man of Adullam named Hirah.|en
2241|38|2|2|猶大在那裡看見一個迦南人名叫書亞的女兒，就娶他為妻，與他同房，|zh
2242|38|2|2|And there he saw the daughter of a certain man of Canaan named Shua, and took her as his wife.|en
2243|38|3|3|他就懷孕生了兒子，猶大給他起名叫珥。|zh
2244|38|3|3|And she gave birth to a son, and he gave him the name Er.|en
2245|38|4|4|他又懷孕生了兒子，母親給他起名叫俄南。|zh
2246|38|4|4|And again she gave birth to a son, and he gave him the name Onan.|en
2247|38|5|5|他復又生了兒子，給他起名叫示拉。他生示拉的時候，猶大正在基悉。|zh
2248|38|5|5|Then she had another son, to whom she gave the name Shelah; she was at Chezib when the birth took place.|en
2249|38|6|6|猶大為長子珥娶妻，名叫他瑪。|zh
2250|38|6|6|And Judah took a wife for his first son Er, and her name was Tamar.|en
2251|38|7|7|猶大的長子珥在耶和華眼中看為惡，耶和華就叫他死了。|zh
2252|38|7|7|Now Er, Judah's first son, did evil in the eyes of the Lord, so that he put him to death.|en
2253|38|8|8|猶大對俄南說：你當與你哥哥的妻子同房，向他盡你為弟的本分，為你哥哥生子立後。|zh
2254|38|8|8|Then Judah said to Onan, Go in to your brother's wife and do what it is right for a husband's brother to do; make her your wife and get offspring for your brother.|en
2255|38|9|9|俄南知道生子不歸自己，所以同房的時候便遺在地，免得給他哥哥留後。|zh
2256|38|9|9|But Onan, seeing that the offspring would not be his, went in to his brother's wife, but let his seed go on to the earth, so that he might not get offspring for his brother.|en
2257|38|10|10|俄南所做的在耶和華眼中看為惡，耶和華也就叫他死了。|zh
2258|38|10|10|And what he did was evil in the eyes of the Lord, so that he put him to death, like his brother.|en
2259|38|11|11|猶大心裡說：恐怕示拉也死，像他兩個哥哥一樣，就對他兒婦他瑪說：你去，在你父親家裡守寡，等我兒子示拉長大。他瑪就回去，住在他父親家裡。|zh
2260|38|11|11|Then Judah said to Tamar, his daughter-in-law, Go back to your father's house and keep yourself as a widow till my son Shelah becomes a man: for he had in his mind the thought that death might come to him as it had come to his brothers. So Tamar went back to her father's house.|en
2261|38|12|12|過了許久，猶大的妻子書亞的女兒死了。猶大得了安慰，就和他朋友亞杜蘭人希拉上亭拿去，到他剪羊毛的人那裡。|zh
2262|38|12|12|And after a time, Bath-shua, Judah's wife, came to her end; and after Judah was comforted for her loss, he went to Timnah, where they were cutting the wool of his sheep, and his friend Hirah of Adullam went with him.|en
2263|38|13|13|有人告訴他瑪說：你的公公上亭拿剪羊毛去了。|zh
2264|38|13|13|And when Tamar had news that her father-in-law was going up to Timnah to the wool-cutting,|en
2265|38|14|14|他瑪見示拉已經長大，還沒有娶他為妻，就脫了他作寡婦的衣裳，用帕子蒙著臉，又遮住身體，坐在亭拿路上的伊拿印城門口。|zh
2266|38|14|14|She took off her widow's clothing, and covering herself with her veil, she took her seat near Enaim on the road to Timnah; for she saw that Shelah was now a man, but she had not been made his wife.|en
2267|38|15|15|猶大看見他，以為是妓女，因為他蒙著臉。|zh
2268|38|15|15|When Judah saw her he took her to be a loose woman of the town, because her face was covered.|en
2269|38|16|16|猶大就轉到他那裡去，說：來罷！讓我與你同寢。他原不知道是他的兒婦。他瑪說：你要與我同寢，把甚麼給我呢？|zh
2270|38|16|16|And turning to her by the roadside, he said to her, Let me come in to you; for he had no idea that she was his daughter-in-law. And she said, What will you give me as my price?|en
2271|38|17|17|猶大說：我從羊群裡取一隻山羊羔，打發人送來給你。他瑪說：在未送以先，你願意給我一個當頭麼？|zh
2272|38|17|17|And he said, I will give you a young goat from the flock. And she said, What will you give me as a sign till you send it?|en
2273|38|18|18|他說：我給你甚麼當頭呢？他瑪說：你的印、你的帶子，和你手裡的杖。猶大就給了他，與他同寢，他就從猶大懷了孕。|zh
2274|38|18|18|And he said, What would you have? And she said, Your ring and its cord and the stick in your hand. So he gave them to her and went in to her, and she became with child by him.|en
2275|38|19|19|他瑪起來走了，除去帕子，仍舊穿上作寡婦的衣裳。|zh
2276|38|19|19|Then she got up and went away and took off her veil and put on her widow's clothing.|en
2277|38|20|20|猶大託他朋友亞杜蘭人送一隻山羊羔去，要從那女人手裡取回當頭來，卻找不著他，|zh
2278|38|20|20|Then Judah sent his friend Hirah with the young goat, to get back the things which he had given as a sign to the woman: but she was not there.|en
2279|38|21|21|就問那地方的人說：伊拿印路旁的妓女在那裡？他們說：這裡並沒有妓女。|zh
2280|38|21|21|And he put questions to the men of the place, saying, Where is the loose woman who was in Enaim by the wayside? And they said, There was no such woman there.|en
2281|38|22|22|他回去見猶大說：我沒有找著他，並且那地方的人說：這裡沒有妓女。|zh
2282|38|22|22|So he went back to Judah, and said, I have not seen her, and the men of the place say that there is no such woman there.|en
2283|38|23|23|猶大說：我把這山羊羔送去了，你竟找不著他。任憑他拿去罷，免得我們被羞辱。|zh
2284|38|23|23|And Judah said, Let her keep the things, so that we may not be shamed; I sent the young goat, but you did not see the woman.|en
2285|38|24|24|約過了三個月，有人告訴猶大說：你的兒婦他瑪作了妓女，且因行淫有了身孕。猶大說：拉出他來，把他燒了！|zh
2286|38|24|24|Now about three months after this, word came to Judah that Tamar, his daughter-in-law, had been acting like a loose woman and was with child. And Judah said, Take her out and let her be burned.|en
2287|38|25|25|他瑪被拉出來的時候便打發人去見他公公，對他說：這些東西是誰的，我就是從誰懷的孕。請你認一認，這印和帶子並杖都是誰的？|zh
2288|38|25|25|And while she was being taken out, she sent word to her father-in-law, saying, The man whose property these things are, is the father of my child: say then, whose are this ring and this cord and this stick?|en
2289|38|26|26|猶大承認說：他比我更有義，因為我沒有將他給我的兒子示拉。從此猶大不再與他同寢了。|zh
2290|38|26|26|Then Judah said openly that they were his, and said, She is more upright than I am, for I did not give her to Shelah my son. And he had no more connection with her.|en
2291|38|27|27|他瑪將要生產，不料他腹裡是一對雙生。|zh
2292|38|27|27|And when the time came for her to give birth, it was clear that there were two children in her body.|en
2293|38|28|28|到生產的時候，一個孩子伸出一隻手來；收生婆拿紅線拴在他手上，說：這是頭生的。|zh
2294|38|28|28|And while she was in the act of giving birth, one of them put out his hand; and the woman who was with her put a red thread round his hand, saying, This one came out first.|en
2295|38|29|29|隨後這孩子把手收回去，他哥哥生出來了；收生婆說：你為甚麼搶著來呢？因此給他起名叫法勒斯。|zh
2296|38|29|29|But then he took his hand back again, and his brother came first to birth: and the woman said, What an opening you have made for yourself! So he was named Perez.|en
2297|38|30|30|後來，他兄弟那手上有紅線的也生出來，就給他起名叫謝拉。|zh
2298|38|30|30|And then his brother came out, with the red thread round his hand, and he was named Zerah.|en
2299|39|1|1|約瑟被帶下埃及去。有一個埃及人，是法老的內臣─護衛長波提乏，從那些帶下他來的以實瑪利人手下買了他去。|zh
2300|39|1|1|Now Joseph was taken down to Egypt; and Potiphar the Egyptian, a captain of high position in Pharaoh's house, got him for a price from the Ishmaelites who had taken him there.|en
2301|39|2|2|約瑟住在他主人埃及人的家中，耶和華與他同在，他就百事順利。|zh
2302|39|2|2|And the Lord was with Joseph, and he did well; and he was living in the house of his master the Egyptian.|en
2303|39|3|3|他主人見耶和華與他同在，又見耶和華使他手裡所辦的盡都順利，|zh
2304|39|3|3|And his master saw that the Lord was with him, making everything he did go well.|en
2305|39|4|4|約瑟就在主人眼前蒙恩，伺候他主人，並且主人派他管理家務，把一切所有的都交在他手裡。|zh
2306|39|4|4|And having a high opinion of Joseph as his servant, he made him the overseer of his house and gave him control over all he had.|en
2307|39|5|5|自從主人派約瑟管理家務和他一切所有的，耶和華就因約瑟的緣故賜福與那埃及人的家；凡家裡和田間一切所有的都蒙耶和華賜福。|zh
2308|39|5|5|And from the time when he made him overseer and gave him control of all his property, the blessing of the Lord was with the Egyptian, because of Joseph; the blessing of the Lord was on all he had, in the house and in the field.|en
2309|39|6|6|波提乏將一切所有的都交在約瑟的手中，除了自己所吃的飯，別的事一概不知。約瑟原來秀雅俊美。|zh
2310|39|6|6|And he gave Joseph control of all his property, keeping no account of anything, but only the food which was put before him. Now Joseph was very beautiful in form and face.|en
2311|39|7|7|這事以後，約瑟主人的妻以目送情給約瑟，說：你與我同寢罷！|zh
2312|39|7|7|And after a time, his master's wife, looking on Joseph with desire, said to him, Be my lover.|en
2313|39|8|8|約瑟不從，對他主人的妻說：看哪，一切家務，我主人都不知道；他把所有的都交在我手裡。|zh
2314|39|8|8|But he would not, and said to her, You see that my master keeps no account of what I do in his house, and has put all his property in my control;|en
2315|39|9|9|在這家裡沒有比我大的；並且他沒有留下一樣不交給我，只留下了你，因為你是他的妻子。我怎能作這大惡，得罪神呢？|zh
2316|39|9|9|So that no one has more authority in this house than I have; he has kept nothing back from me but you, because you are his wife; how then may I do this great wrong, sinning against God?|en
2317|39|10|10|後來他天天和約瑟說，約瑟卻不聽從他，不與他同寢，也不和他在一處。|zh
2318|39|10|10|And day after day she went on requesting Joseph to come to her and be her lover, but he would not give ear to her.|en
2319|39|11|11|有一天，約瑟進屋裡去辦事，家中人沒有一個在那屋裡，|zh
2320|39|11|11|Now one day he went into the house to do his work; and not one of the men of the house was inside.|en
2321|39|12|12|婦人就拉住他的衣裳，說：你與我同寢罷！約瑟把衣裳丟在婦人手裡，跑到外邊去了。|zh
2322|39|12|12|And pulling at his coat, she said, Come to my bed; but slipping out of his coat, he went running away.|en
2323|39|13|13|婦人看見約瑟把衣裳丟在他手裡跑出去了，|zh
2324|39|13|13|And when she saw that he had got away, letting her keep his coat,|en
2325|39|14|14|就叫了家裡的人來，對他們說：你們看！他帶了一個希伯來人進入我們家裡，要戲弄我們。他到我這裡來，要與我同寢，我就大聲喊叫。|zh
2326|39|14|14|She sent for the men of her house and said to them, See, he has let a Hebrew come here and make sport of us; he came to my bed, and I gave a loud cry;|en
2327|39|15|15|他聽見我放聲喊起來，就把衣裳丟在我這裡，跑到外邊去了。|zh
2328|39|15|15|And hearing it he went running out without his coat.|en
2329|39|16|16|婦人把約瑟的衣裳放在自己那裡，等著他主人回家，|zh
2330|39|16|16|And she kept his coat by her, till his master came back.|en
2331|39|17|17|就對他如此如此說：你所帶到我們這裡的那希伯來僕人進來要戲弄我，|zh
2332|39|17|17|Then she gave him the same story, saying, The Hebrew servant whom you have taken into our house came in to make sport of me;|en
2333|39|18|18|我放聲喊起來，他就把衣裳丟在我這裡，跑出去了。|zh
2334|39|18|18|And when I gave a loud cry he went running out without his coat.|en
2335|39|19|19|約瑟的主人聽見他妻子對他所說的話，說：你的僕人如此如此待我，他就生氣，|zh
2336|39|19|19|And hearing his wife's account of what his servant had done, he became very angry.|en
2337|39|20|20|把約瑟下在監裡，就是王的囚犯被囚的地方。於是約瑟在那裡坐監。|zh
2338|39|20|20|And Joseph's master took him and put him in prison, in the place where the king's prisoners were kept in chains, and he was there in the prison-house.|en
2339|39|21|21|但耶和華與約瑟同在，向他施恩，使他在司獄的眼前蒙恩。|zh
2340|39|21|21|But the Lord was with Joseph, and was good to him, and made the keeper of the prison his friend.|en
2341|39|22|22|司獄就把監裡所有的囚犯都交在約瑟手下；他們在那裡所辦的事都是經他的手。|zh
2342|39|22|22|And the keeper of the prison put all the prisoners under Joseph's control, and he was responsible for whatever was done there.|en
2343|39|23|23|凡在約瑟手下的事，司獄一概不察，因為耶和華與約瑟同在；耶和華使他所做的盡都順利。|zh
2344|39|23|23|And the keeper of the prison gave no attention to anything which was under his care, because the Lord was with him; and the Lord made everything he did go well.|en
2345|40|1|1|這事以後，埃及王的酒政和膳長得罪了他們的主─埃及王，|zh
2346|40|1|1|Now after these things the chief servant who had the care of the wine, and the chief bread-maker in Pharaoh's house, did something against Pharaoh's orders;|en
2347|40|2|2|法老就惱怒酒政和膳長這二臣，|zh
2348|40|2|2|And Pharaoh was angry with his two servants, with the chief wine-servant and the chief bread-maker;|en
2349|40|3|3|把他們下在護衛長府內的監裡，就是約瑟被囚的地方。|zh
2350|40|3|3|And he put them in prison under the care of the captain of the army, in the same prison where Joseph himself was shut up.|en
2351|40|4|4|護衛長把他們交給約瑟，約瑟便伺候他們；他們有些日子在監裡。|zh
2352|40|4|4|And the captain put them in Joseph's care, and he did what was needed for them; and they were kept in prison for some time.|en
2353|40|5|5|被囚在監之埃及王的酒政和膳長二人同夜各做一夢，各夢都有講解。|zh
2354|40|5|5|And these two had a dream on the same night; the chief wine-servant and the chief bread-maker of the king of Egypt, who were in prison, the two of them had dreams with a special sense.|en
2355|40|6|6|到了早晨，約瑟進到他們那裡，見他們有愁悶的樣子。|zh
2356|40|6|6|And in the morning when Joseph came to them he saw that they were looking sad.|en
2357|40|7|7|他便問法老的二臣，就是與他同囚在他主人府裡的，說：他們今日為甚麼面帶愁容呢？|zh
2358|40|7|7|And he said to the servants of Pharaoh who were in prison with him, Why are you looking so sad?|en
2359|40|8|8|他們對他說：我們各人做了一夢，沒有人能解。約瑟說：解夢不是出於神麼？請你們將夢告訴我。|zh
2360|40|8|8|Then they said to him, We have had a dream, and no one is able to give us the sense. And Joseph said, Does not the sense of dreams come from God? what was your dream?|en
2361|40|9|9|酒政便將他的夢告訴約瑟說：我夢見在我面前有一棵葡萄樹，|zh
2362|40|9|9|Then the chief wine-servant gave Joseph an account of his dream, and said, In my dream I saw a vine before me;|en
2363|40|10|10|樹上有三根枝子，好像發了芽，開了花，上頭的葡萄都成熟了。|zh
2364|40|10|10|And on the vine were three branches; and it seemed as if it put out buds and flowers, and from them came grapes ready for cutting.|en
2365|40|11|11|法老的杯在我手中，我就拿葡萄擠在法老的杯裡，將杯遞在他手中。|zh
2366|40|11|11|And Pharaoh's cup was in my hand, and I took the grapes and crushing them into Pharaoh's cup, gave the cup into Pharaoh's hand.|en
2367|40|12|12|約瑟對他說：他所做的夢是這樣解：三根枝子就是三天；|zh
2368|40|12|12|Then Joseph said, This is the sense of your dream: the three branches are three days;|en
2369|40|13|13|三天之內，法老必提你出監，叫你官復原職，你仍要遞杯在法老的手中，和先前作他的酒政一樣。|zh
2370|40|13|13|After three days Pharaoh will give you honour, and put you back into your place, and you will give him his cup as you did before, when you were his wine-servant.|en
2371|40|14|14|但你得好處的時候，求你記念我，施恩與我，在法老面前題說我，救我出這監牢。|zh
2372|40|14|14|But keep me in mind when things go well for you, and be good to me and say a good word for me to Pharaoh and get me out of this prison:|en
2373|40|15|15|我實在是從希伯來人之地被拐來的；我在這裡也沒有做過甚麼，叫他們把我下在監裡。|zh
2374|40|15|15|For truly I was taken by force from the land of the Hebrews; and I have done nothing for which I might be put in prison.|en
2375|40|16|16|膳長見夢解得好，就對約瑟說：我在夢中見我頭上頂著三筐白餅；|zh
2376|40|16|16|Now when the chief bread-maker saw that the first dream had a good sense, he said to Joseph, I had a dream; and in my dream there were three baskets of white bread on my head;|en
2377|40|17|17|極上的筐子裡有為法老烤的各樣食物，有飛鳥來吃我頭上筐子裡的食物。|zh
2378|40|17|17|And in the top basket were all sorts of cooked meats for Pharaoh; and the birds were taking them out of the baskets on my head.|en
2379|40|18|18|約瑟說：你的夢是這樣解：三個筐子就是三天；|zh
2380|40|18|18|Then Joseph said, This is the sense of your dream: the three baskets are three days;|en
2381|40|19|19|三天之內，法老必斬斷你的頭，把你掛在木頭上，必有飛鳥來吃你身上的肉。|zh
2382|40|19|19|After three days Pharaoh will take you out of prison, hanging you on a tree, so that your flesh will be food for birds.|en
2383|40|20|20|到了第三天，是法老的生日，他為眾臣僕設擺筵席，把酒政和膳長提出監來，|zh
2384|40|20|20|Now the third day was Pharaoh's birthday, and he gave a feast for all his servants; and he gave honour to the chief wine-servant and the chief bread-maker among the others.|en
2385|40|21|21|使酒政官復原職，他仍舊遞杯在法老手中；|zh
2386|40|21|21|And he put the chief wine-servant back in his old place; and he gave the cup into Pharaoh's hand.|en
2387|40|22|22|但把膳長掛起來，正如約瑟向他們所解的話。|zh
2388|40|22|22|But the chief bread-maker was put to death by hanging, as Joseph had said.|en
2389|40|23|23|酒政卻不記念約瑟，竟忘了他。|zh
2390|40|23|23|But the wine-servant did not keep Joseph in mind or give a thought to him.|en
2391|41|1|1|過了兩年，法老做夢，夢見自己站在河邊，|zh
2392|41|1|1|Now after two years had gone by, Pharaoh had a dream; and in his dream he was by the side of the Nile;|en
2393|41|2|2|有七隻母牛從河裡上來，又美好又肥壯，在蘆荻中吃草。|zh
2394|41|2|2|And out of the Nile came seven cows, good-looking and fat, and their food was the river-grass.|en
2395|41|3|3|隨後又有七隻母牛從河裡上來，又醜陋又乾瘦，與那七隻母牛一同站在河邊。|zh
2396|41|3|3|And after them seven other cows came out of the Nile, poor-looking and thin; and they were by the side of the other cows.|en
2397|41|4|4|這又醜陋又乾瘦的七隻母牛吃盡了那又美好又肥壯的七隻母牛。法老就醒了。|zh
2398|41|4|4|And the seven thin cows made a meal of the seven fat cows. Then Pharaoh came out of his sleep.|en
2399|41|5|5|他又睡著，第二回做夢，夢見一棵麥子長了七個穗子，又肥大又佳美，|zh
2400|41|5|5|But he went to sleep again and had a second dream, in which he saw seven heads of grain, full and good, all on one stem.|en
2401|41|6|6|隨後又長了七個穗子，又細弱又被東風吹焦了。|zh
2402|41|6|6|And after them came up seven other heads, thin and wasted by the east wind.|en
2403|41|7|7|這細弱的穗子吞了那七個又肥大又飽滿的穗子。法老醒了，不料是個夢。|zh
2404|41|7|7|And the seven thin heads made a meal of the good heads. And when Pharaoh was awake he saw it was a dream.|en
2405|41|8|8|到了早晨，法老心裡不安，就差人召了埃及所有的術士和博士來；法老就把所做的夢告訴他們，卻沒有人能給法老圓解。|zh
2406|41|8|8|And in the morning his spirit was troubled; and he sent for all the wise men of Egypt and all the holy men, and put his dream before them, but no one was able to give him the sense of it.|en
2407|41|9|9|那時酒政對法老說：我今日想起我的罪來。|zh
2408|41|9|9|Then the chief wine-servant said to Pharaoh, The memory of my sin comes back to me now;|en
2409|41|10|10|從前法老惱怒臣僕，把我和膳長下在護衛長府內的監裡。|zh
2410|41|10|10|Pharaoh had been angry with his servants, and had put me in prison in the house of the captain of the army, together with the chief bread-maker;|en
2411|41|11|11|我們二人同夜各做一夢，各夢都有講解。|zh
2412|41|11|11|And we had a dream on the same night, the two of us, and the dreams had a special sense.|en
2413|41|12|12|在那裡同著我們有一個希伯來的少年人，是護衛長的僕人，我們告訴他，他就把我們的夢圓解，是按著各人的夢圓解的。|zh
2414|41|12|12|And there was with us a young Hebrew, the captain's servant, and when we put our dreams before him, he gave us the sense of them.|en
2415|41|13|13|後來正如他給我們圓解的成就了；我官復原職，膳長被掛起來了。|zh
2416|41|13|13|And it came about as he said: I was put back in my place, and the bread-maker was put to death by hanging.|en
2417|41|14|14|法老遂即差人去召約瑟，他們便急忙帶他出監，他就剃頭，刮臉，換衣裳，進到法老面前。|zh
2418|41|14|14|Then Pharaoh sent for Joseph, and they took him quickly out of prison; and when his hair had been cut and his dress changed, he came before Pharaoh.|en
2419|41|15|15|法老對約瑟說：我做了一夢，沒有人能解；我聽見人說，你聽了夢就能解。|zh
2420|41|15|15|And Pharaoh said to Joseph, I have had a dream, and no one is able to give me the sense of it; now it has come to my ears that you are able to give the sense of a dream when it is put before you.|en
2421|41|16|16|約瑟回答法老說：這不在乎我，神必將平安的話回答法老。|zh
2422|41|16|16|Then Joseph said, Without God there will be no answer of peace for Pharaoh.|en
2423|41|17|17|法老對約瑟說：我夢見我站在河邊，|zh
2424|41|17|17|Then Pharaoh said, In my dream I was by the side of the Nile:|en
2425|41|18|18|有七隻母牛從河裡上來，又肥壯又美好，在蘆荻中吃草。|zh
2426|41|18|18|And out of the Nile came seven cows, fat and good-looking, and their food was the river-grass;|en
2427|41|19|19|隨後又有七隻母牛上來，又軟弱又醜陋又乾瘦，在埃及遍地，我沒有見過這樣不好的。|zh
2428|41|19|19|Then after them came seven other cows, very thin and poor-looking, worse than any I ever saw in the land of Egypt;|en
2429|41|20|20|這又乾瘦又醜陋的母牛吃盡了那以先的七隻肥母牛，|zh
2430|41|20|20|And the thin cows made a meal of the seven fat cows who came up first;|en
2431|41|21|21|吃了以後卻看不出是吃了，那醜陋的樣子仍舊和先前一樣。我就醒了。|zh
2432|41|21|21|And even with the fat cows inside them they seemed as bad as before. And so I came out of my sleep.|en
2433|41|22|22|我又夢見一棵麥子，長了七個穗子，又飽滿又佳美，|zh
2434|41|22|22|And again in a dream I saw seven heads of grain, full and good, coming up on one stem:|en
2435|41|23|23|隨後又長了七個穗子，枯槁細弱，被東風吹焦了。|zh
2436|41|23|23|And then I saw seven other heads, dry, thin, and wasted by the east wind, coming up after them:|en
2437|41|24|24|這些細弱的穗子吞了那七個佳美的穗子。我將這夢告訴了術士，卻沒有人能給我解說。|zh
2438|41|24|24|And the seven thin heads made a meal of the seven good heads; and I put this dream before the wise men, but not one of them was able to give me the sense of it.|en
2439|41|25|25|約瑟對法老說：法老的夢乃是一個。神已將所要做的事指示法老了。|zh
2440|41|25|25|Then Joseph said, These two dreams have the same sense: God has made clear to Pharaoh what he is about to do.|en
2441|41|26|26|七隻好母牛是七年，七個好穗子也是七年；這夢乃是一個。|zh
2442|41|26|26|The seven fat cows are seven years, and the seven good heads of grain are seven years: the two have the same sense.|en
2443|41|27|27|那隨後上來的七隻又乾瘦又醜陋的母牛是七年，那七個虛空、被東風吹焦的穗子也是七年，都是七個荒年。|zh
2444|41|27|27|The seven thin and poor-looking cows who came up after them are seven years; and the seven heads of grain, dry and wasted by the east wind, are seven years when there will be no food.|en
2445|41|28|28|這就是我對法老所說，神已將所要做的事顯明給法老了。|zh
2446|41|28|28|As I said to Pharaoh before, God has made clear to him what he is about to do.|en
2447|41|29|29|埃及遍地必來七個大豐年，|zh
2448|41|29|29|Seven years are coming in which there will be great wealth of grain in Egypt;|en
2449|41|30|30|隨後又要來七個荒年，甚至埃及地都忘了先前的豐收，全地必被饑荒所滅。|zh
2450|41|30|30|And after that will come seven years when there will not be enough food; and the memory of the good years will go from men's minds; and the land will be made waste by the bad years;|en
2451|41|31|31|因那以後的饑荒甚大，便不覺得先前的豐收了。|zh
2452|41|31|31|And men will have no memory of the good time because of the need which will come after, for it will be very bitter.|en
2453|41|32|32|至於法老兩回做夢，是因神命定這事，而且必速速成就。|zh
2454|41|32|32|And this dream came to Pharaoh twice, because this thing is certain, and God will quickly make it come about.|en
2455|41|33|33|所以，法老當揀選一個有聰明有智慧的人，派他治理埃及地。|zh
2456|41|33|33|And now let Pharaoh make search for a man of wisdom and good sense, and put him in authority over the land of Egypt.|en
2457|41|34|34|法老當這樣行，又派官員管理這地。當七個豐年的時候，征收埃及地的五分之一，|zh
2458|41|34|34|Let Pharaoh do this, and let him put overseers over the land of Egypt to put in store a fifth part of the produce of the land in the good years.|en
2459|41|35|35|叫他們把將來豐年一切的糧食聚斂起來，積蓄五穀，收存在各城裡做食物，歸於法老的手下。|zh
2460|41|35|35|And let them get together all the food in those good years and make a store of grain under Pharaoh's control for the use of the towns, and let them keep it.|en
2461|41|36|36|所積蓄的糧食可以防備埃及地將來的七個荒年，免得這地被饑荒所滅。|zh
2462|41|36|36|And let that food be kept in store for the land till the seven bad years which are to come in Egypt; so that the land may not come to destruction through need of food.|en
2463|41|37|37|法老和他一切臣僕都以這事為妙。|zh
2464|41|37|37|And this seemed good to Pharaoh and to all his servants.|en
2465|41|38|38|法老對臣僕說：像這樣的人，有神的靈在他裡頭，我們豈能找得著呢？|zh
2466|41|38|38|Then Pharaoh said to his servants, Where may we get such a man as this, a man in whom is the spirit of God?|en
2467|41|39|39|法老對約瑟說：神既將這事都指示你，可見沒有人像你這樣有聰明有智慧。|zh
2468|41|39|39|And Pharaoh said to Joseph, Seeing that God has made all this clear to you, there is no other man of such wisdom and good sense as you:|en
2469|41|40|40|你可以掌管我的家；我的民都必聽從你的話。惟獨在寶座上我比你大。|zh
2470|41|40|40|You, then, are to be over my house, and all my people will be ruled by your word: only as king will I be greater than you.|en
2471|41|41|41|法老又對約瑟說：我派你治理埃及全地。|zh
2472|41|41|41|And Pharaoh said to Joseph, See, I have put you over all the land of Egypt.|en
2473|41|42|42|法老就摘下手上打印的戒指，戴在約瑟的手上，給他穿上細麻衣，把金鍊戴在他的頸項上，|zh
2474|41|42|42|Then Pharaoh took off his ring from his hand and put it on Joseph's hand, and he had him clothed with the best linen, and put a chain of gold round his neck;|en
2475|41|43|43|又叫約瑟坐他的副車，喝道的在前呼叫說：跪下。這樣、法老派他治理埃及全地。|zh
2476|41|43|43|And he made him take his seat in the second of his carriages; and they went before him crying, Make way! So he made him ruler over all the land of Egypt.|en
2477|41|44|44|法老對約瑟說：我是法老，在埃及全地，若沒有你的命令，不許人擅自辦事(原文作動手動腳)。|zh
2478|41|44|44|Then Pharaoh said to Joseph, I am Pharaoh; and without your order no man may do anything in all the land of Egypt.|en
2479|41|45|45|法老賜名給約瑟，叫撒發那忒巴內亞，又將安城的祭司波提非拉的女兒亞西納給他為妻。約瑟就出去巡行埃及地。|zh
2480|41|45|45|And Pharaoh gave Joseph the name of Zaphnath-paaneah; and he gave him Asenath, the daughter of Poti-phera, the priest of On, to be his wife. So Joseph went through all the land of Egypt.|en
2481|41|46|46|約瑟見埃及王法老的時候年三十歲。他從法老面前出去，遍行埃及全地。|zh
2482|41|46|46|Now Joseph was thirty years old when he came before Pharaoh, king of Egypt. And Joseph went out from before the face of Pharaoh and went through all the land of Egypt.|en
2483|41|47|47|七個豐年之內，地的出產極豐極盛(原文作一把一把的)，|zh
2484|41|47|47|Now in the seven good years the earth gave fruit in masses.|en
2485|41|48|48|約瑟聚歛埃及地七個豐年一切的糧食，把糧食積存在各城裡；各城周圍田地的糧食都積存在本城裡。|zh
2486|41|48|48|And Joseph got together all the food of those seven years, and made a store of food in the towns: the produce of the fields round every town was stored up in the town.|en
2487|41|49|49|約瑟積蓄五穀甚多，如同海邊的沙，無法計算，因為穀不可勝數。|zh
2488|41|49|49|So he got together a store of grain like the sand of the sea; so great a store that after a time he gave up measuring it, for it might not be measured.|en
2489|41|50|50|荒年未到以前，安城的祭司波提非拉的女兒亞西納給約瑟生了兩個兒子。|zh
2490|41|50|50|And before the time of need, Joseph had two sons, to whom Asenath, the daughter of Poti-phera, priest of On, gave birth.|en
2491|41|51|51|約瑟給長子起名叫瑪拿西(就是使之忘了的意思)，因為他說：神使我忘了一切的困苦和我父的全家。|zh
2492|41|51|51|And to the first he gave the name Manasseh, for he said, God has taken away from me all memory of my hard life and of my father's house.|en
2493|41|52|52|他給次子起名叫以法蓮(就是使之昌盛的意思)，因為他說：神使我在受苦的地方昌盛。|zh
2494|41|52|52|And to the second he gave the name Ephraim, for he said, God has given me fruit in the land of my sorrow.|en
2495|41|53|53|埃及地的七個豐年一完，|zh
2496|41|53|53|And so the seven good years in Egypt came to an end.|en
2497|41|54|54|七個荒年就來了。正如約瑟所說的，各地都有饑荒；惟獨埃及全地有糧食。|zh
2498|41|54|54|Then came the first of the seven years of need as Joseph had said: and in every other land they were short of food; but in the land of Egypt there was bread.|en
2499|41|55|55|及至埃及全地有了饑荒，眾民向法老哀求糧食，法老對他們說：你們往約瑟那裡去，凡他所說的，你們都要做。|zh
2500|41|55|55|And when all the land of Egypt was in need of food, the people came crying to Pharaoh for bread; and Pharaoh said to the people, Go to Joseph, and whatever he says to you, do it.|en
2501|41|56|56|當時饑荒遍滿天下，約瑟開了各處的倉，糶糧給埃及人；在埃及地饑荒甚大。|zh
2502|41|56|56|And everywhere on the earth they were short of food; then Joseph, opening all his store-houses, gave the people of Egypt grain for money; so great was the need of food in the land of Egypt.|en
2503|41|57|57|各地的人都往埃及去，到約瑟那裡糴糧，因為天下的饑荒甚大。|zh
2504|41|57|57|And all lands sent to Egypt, to Joseph, to get grain, for the need was great over all the earth.|en
2505|42|1|1|雅各見埃及有糧，就對兒子們說：你們為甚麼彼此觀望呢？|zh
2506|42|1|1|Now Jacob, hearing that there was grain in Egypt, said to his sons, Why are you looking at one another?|en
2507|42|2|2|我聽見埃及有糧，你們可以下去，從那裡為我們糴些來，使我們可以存活，不至於死。|zh
2508|42|2|2|And he said, I have had news that there is grain in Egypt: go down there and get grain for us, so that life and not death may be ours.|en
2509|42|3|3|於是，約瑟的十個哥哥都下埃及糴糧去了。|zh
2510|42|3|3|So Joseph's ten brothers went down to get grain from Egypt.|en
2511|42|4|4|但約瑟的兄弟便雅憫，雅各沒有打發他和哥哥們同去，因為雅各說：恐怕他遭害。|zh
2512|42|4|4|But Jacob did not send Benjamin, Joseph's brother, with them, for fear, as he said, that some evil might come to him.|en
2513|42|5|5|來糴糧的人中有以色列的兒子們，因為迦南地也有饑荒。|zh
2514|42|5|5|And the sons of Israel came with all the others to get grain: for they were very short of food in the land of Canaan.|en
2515|42|6|6|當時治理埃及地的是約瑟；糶糧給那地眾民的就是他。約瑟的哥哥們來了，臉伏於地，向他下拜。|zh
2516|42|6|6|Now Joseph was ruler over all the land, and it was he who gave out the grain to all the people of the land; and Joseph's brothers came before him and went down on their faces to the earth.|en
2517|42|7|7|約瑟看見他哥哥們，就認得他們，卻裝作生人，向他們說些嚴厲話，問他們說：你們從那裡來？他們說：我們從迦南地來糴糧。|zh
2518|42|7|7|And when Joseph saw his brothers, it was clear to him who they were, but he made himself strange to them, and talking roughly to them, said, Where do you come from? And they said, From the land of Canaan, to get food.|en
2519|42|8|8|約瑟認得他哥哥們，他們卻不認得他。|zh
2520|42|8|8|Now though Joseph saw that these were his brothers, they had no idea who he was.|en
2521|42|9|9|約瑟想起從前所做的那兩個夢，就對他們說：你們是奸細，來窺探這地的虛實。|zh
2522|42|9|9|Then the memory of his dreams about them came back to Joseph, and he said to them, You have come secretly to see how poor the land is.|en
2523|42|10|10|他們對他說：我主阿，不是的。僕人們是糴糧來的。|zh
2524|42|10|10|And they said to him, Not so, my lord: your servants have come with money to get food.|en
2525|42|11|11|我們都是一個人的兒子，是誠實人；僕人們並不是奸細。|zh
2526|42|11|11|We are all one man's sons, we are true men; we have not come with any secret purpose.|en
2527|42|12|12|約瑟說：不然，你們必是窺探這地的虛實來的。|zh
2528|42|12|12|And he said to them, No, but you have come to see how poor the land is.|en
2529|42|13|13|他們說：僕人們本是弟兄十二人，是迦南地一個人的兒子，頂小的現今在我們的父親那裡，有一個沒有了。|zh
2530|42|13|13|Then they said, We your servants are twelve brothers, sons of one man in the land of Canaan; the youngest of us is now with our father, and one is dead.|en
2531|42|14|14|約瑟說：我才說你們是奸細，這話實在不錯。|zh
2532|42|14|14|And Joseph said, It is as I said; you have come with some secret purpose;|en
2533|42|15|15|我指著法老的性命起誓，若是你們的小兄弟不到這裡，你們就不得出這地方，從此就可以把你們證驗出來了。|zh
2534|42|15|15|But in this way will you be put to the test: by the life of Pharaoh, you will not go away from this place till your youngest brother comes here.|en
2535|42|16|16|須要打發你們中間一個人去，把你們的兄弟帶來。至於你們，都要囚在這裡，好證驗你們的話真不真，若不真，我指著法老的性命起誓，你們一定是奸細。|zh
2536|42|16|16|Send one of your number to get your brother, and the rest of you will be kept in prison, so that your words may be tested to see if you are true; if not, by the life of Pharaoh, your purpose is certainly secret.|en
2537|42|17|17|於是約瑟把他們都下在監裡三天。|zh
2538|42|17|17|So he put them in prison for three days.|en
2539|42|18|18|到了第三天，約瑟對他們說：我是敬畏神的；你們照我的話行就可以存活。|zh
2540|42|18|18|And on the third day Joseph said to them, Do this, if you would keep your lives: for I am a god-fearing man:|en
2541|42|19|19|你們如果是誠實人，可以留你們中間的一個人囚在監裡，但你們可以帶著糧食回去，救你們家裡的饑荒。|zh
2542|42|19|19|If you are true men, let one of you be kept in prison, while you go and take grain for the needs of your families;|en
2543|42|20|20|把你們的小兄弟帶到我這裡來，如此，你們的話便有證據，你們也不至於死。他們就照樣而行。|zh
2544|42|20|20|And come back to me with your youngest brother, so that your words may be seen to be true, and you will not be put to death. This is what you are to do.|en
2545|42|21|21|他們彼此說：我們在兄弟身上實在有罪。他哀求我們的時候，我們見他心裡的愁苦，卻不肯聽，所以這場苦難臨到我們身上。|zh
2546|42|21|21|And they said to one another, Truly, we did wrong to our brother, for we saw his grief of mind, and we did not give ear to his prayers; that is why this trouble has come on us.|en
2547|42|22|22|流便說：我豈不是對你們說過，不可傷害那孩子麼？只是你們不肯聽，所以流他血的罪向我們追討。|zh
2548|42|22|22|And Reuben said to them, Did I not say to you, Do the child no wrong? but you gave no attention; so now, punishment has come on us for his blood.|en
2549|42|23|23|他們不知道約瑟聽得出來，因為在他們中間用通事傳話。|zh
2550|42|23|23|They were not conscious that the sense of their words was clear to Joseph, for he had been talking to them through one who had knowledge of their language.|en
2551|42|24|24|約瑟轉身退去，哭了一場，又回來對他們說話，就從他們中間挑出西緬來，在他們眼前把他捆綁。|zh
2552|42|24|24|And turning away from them, he was overcome with weeping; then he went on talking to them again and took Simeon and put chains on him before their eyes.|en
2553|42|25|25|約瑟吩咐人把糧食裝滿他們的器具，把各人的銀子歸還在各人的口袋裡，又給他們路上用的食物，人就照他的話辦了。|zh
2554|42|25|25|Then Joseph gave orders for their bags to be made full of grain, and for every man's money to be put back into his bag, and for food to be given them for the journey: which was done.|en
2555|42|26|26|他們就把糧食馱在驢上，離開那裡去了。|zh
2556|42|26|26|Then they put the bags of grain on their asses and went away.|en
2557|42|27|27|到了住宿的地方，他們中間有一個人打開口袋，要拿料餵驢，才看見自己的銀子仍在口袋裡，|zh
2558|42|27|27|Now at their night's resting-place one of them, opening his bag to give his ass some food, saw his money in the mouth of the bag.|en
2559|42|28|28|就對弟兄們說：我的銀子歸還了，看哪，仍在我口袋裡！他們就提心吊膽，戰戰兢兢的彼此說：這是神向我們做甚麼呢？|zh
2560|42|28|28|And he said to his brothers, My money has been given back: it is in my bag; then their hearts became full of fear, and turning to one another they said, What is this which God has done to us?|en
2561|42|29|29|他們來到迦南地、他們的父親雅各那裡，將所遭遇的事都告訴他，說：|zh
2562|42|29|29|So when they came to Jacob their father, in the land of Canaan, they gave him an account of all their experiences, saying,|en
2563|42|30|30|那地的主對我們說嚴厲的話，把我們當作窺探那地的奸細。|zh
2564|42|30|30|The man who is the ruler of the country was rough with us and put us in prison, saying that we had come with a secret evil purpose.|en
2565|42|31|31|我們對他說：我們是誠實人，並不是奸細。|zh
2566|42|31|31|And we said to him, We are true men, we have no evil designs;|en
2567|42|32|32|我們本是弟兄十二人，都是一個父親的兒子，有一個沒有了，頂小的如今同我們的父親在迦南地。|zh
2568|42|32|32|We are twelve brothers, sons of our father; one is dead, and the youngest is now with our father in the land of Canaan.|en
2569|42|33|33|那地的主對我們說：若要我知道你們是誠實人，可以留下你們中間的一個人在我這裡，你們可以帶著糧食回去，救你們家裡的饑荒。|zh
2570|42|33|33|And the ruler of the land said, In this way I may be certain that you are true men; let one of you be kept here with me, while you go and take grain for the needs of your families;|en
2571|42|34|34|把你們的小兄弟帶到我這裡來，我便知道你們不是奸細，乃是誠實人。這樣，我就把你們的弟兄交給你們，你們也可以在這地做買賣。|zh
2572|42|34|34|And come back to me with your youngest brother: then I will be certain that you are true men, and I will give your brother back to you and let you do trade in the land.|en
2573|42|35|35|後來他們倒口袋，不料，各人的銀包都在口袋裡；他們和父親看見銀包就都害怕。|zh
2574|42|35|35|And when they took the grain out of their bags, it was seen that every man's parcel of money was in his bag; and when they and their father saw the money, they were full of fear.|en
2575|42|36|36|他們的父親雅各對他們說：你們使我喪失我的兒子：約瑟沒有了，西緬也沒有了，你們又要將便雅憫帶去；這些事都歸到我身上了。|zh
2576|42|36|36|And Jacob their father said to them, You have taken my children from me: Joseph is gone and Simeon is gone, and now you would take Benjamin away; all these things have come on me.|en
2577|42|37|37|流便對他父親說：我若不帶他回來交給你，你可以殺我的兩個兒子。只管把他交在我手裡，我必帶他回來交給你。|zh
2578|42|37|37|And Reuben said, Put my two sons to death if I do not come back to you with him; let him be in my care and I will give him safely back to you.|en
2579|42|38|38|雅各說：我的兒子不可與你們一同下去；他哥哥死了，只剩下他，他若在你們所行的路上遭害，那便是你們使我白髮蒼蒼、悲悲慘慘的下陰間去了。|zh
2580|42|38|38|And he said, I will not let my son go down with you; for his brother is dead and he is all I have: if evil overtakes him on the journey, then through you will my grey head go down to the underworld in sorrow.|en
2581|43|1|1|那地的饑荒甚大。|zh
2582|43|1|1|Now the land was in bitter need of food.|en
2583|43|2|2|他們從埃及帶來的糧食吃盡了，他們的父親就對他們說：『你們再去給我糴些糧來。』|zh
2584|43|2|2|And when the grain which they had got in Egypt was all used up, their father said to them, Go again and get us a little food.|en
2585|43|3|3|猶大對他說：『那人諄諄地告誡我們說：「你們的兄弟若不與你們同來，你們就不得見我的面。」|zh
2586|43|3|3|And Judah said to him, The man said to us with an oath, You are not to come before me again without your brother.|en
2587|43|4|4|你若打發我們的兄弟與我們同去，我們就下去給你糴糧；|zh
2588|43|4|4|If you will let our brother go with us, we will go down and get food:|en
2589|43|5|5|你若不打發他去，我們就不下去，因為那人對我們說：「你們的兄弟若不與你們同來，你們就不得見我的面。」』|zh
2590|43|5|5|But if you will not send him, we will not go down: for the man said to us, You are not to come before me if your brother is not with you.|en
2591|43|6|6|以色列說：『你們為什麼這樣害我，告訴那人你們還有兄弟呢？』|zh
2592|43|6|6|And Israel said, Why were you so cruel to me as to say to him that you had a brother?|en
2593|43|7|7|他們回答說：『那人詳細問到我們和我們的親屬，說：「你們的父親還在嗎？你們還有兄弟嗎？」我們就按著他所問的告訴他，焉能知道他要說「必須把你們的兄弟帶下來」呢？』|zh
2594|43|7|7|And they said, The man put a number of questions to us about ourselves and our family, saying, Is your father still living? have you another brother? And we had to give him answers; how were we to have any idea that he would say, Come back with your brother?|en
2595|43|8|8|猶大又對他父親以色列說：『你打發童子與我同去，我們就起身下去，好叫我們和你，並我們的婦人孩子，都得存活，不至於死。|zh
2596|43|8|8|Then Judah said to Israel, his father, Send the boy with me, and let us be up and going, so that we and you and our little ones may not come to destruction.|en
2597|43|9|9|我為他作保；你可以從我手中追討，我若不帶他回來交在你面前，我情願永遠擔罪。|zh
2598|43|9|9|Put him into my care and make me responsible for him: if I do not give him safely back to you, let mine be the sin for ever.|en
2599|43|10|10|我們若沒有耽擱，如今第二次都回來了。』|zh
2600|43|10|10|Truly, if we had not let the time go by, we might have come back again by now.|en
2601|43|11|11|他們的父親以色列說：『若必須如此，你們就當這樣行：可以將這地土產中最好的乳香、蜂蜜、香料、沒藥、榧子、杏仁都取一點，收在器具裡，帶下去送給那人作禮物，|zh
2602|43|11|11|Then their father Israel said to them, If it has to be so, then do this: take of the best fruits of the land in your vessels to give the man, perfumes and honey and spices and nuts:|en
2603|43|12|12|又要手裡加倍地帶銀子，並將歸還在你們口袋內的銀子仍帶在手裡；那或者是錯了。|zh
2604|43|12|12|And take twice as much money with you; that is to say, take back the money which was put in your bags, for it may have been an error;|en
2605|43|13|13|也帶著你們的兄弟，起身去見那人。|zh
2606|43|13|13|And take your brother and go back to the man:|en
2607|43|14|14|但願全能的神使你們在那人面前蒙憐憫，釋放你們的那弟兄和便雅憫回來。我若喪了兒子，就喪了吧!』|zh
2608|43|14|14|And may God, the Ruler of all, give you mercy before the man, so that he may give you back your other brother and Benjamin. If my children are to be taken from me; there is no help for it.|en
2609|43|15|15|於是，他們拿著那禮物，又手裡加倍地帶銀子，並且帶著便雅憫，起身下到埃及，站在約瑟面前。|zh
2610|43|15|15|So they took what their father said for the man, and twice as much money in their hands, and Benjamin, and went on their journey to Egypt, and came before Joseph.|en
2611|43|16|16|約瑟見便雅憫和他們同來，就對家宰說：『將這些人領到屋裡。要宰殺牲畜，預備筵席，因為晌午這些人同我吃飯。』|zh
2612|43|16|16|And when Joseph saw Benjamin, he said to his chief servant, Take these men into my house, and make ready a meal, for they will take food with me in the middle of the day.|en
2613|43|17|17|家宰就遵著約瑟的命去行，領他們進約瑟的屋裡。|zh
2614|43|17|17|And the servant did as Joseph said, and took the men into Joseph's house.|en
2615|43|18|18|他們因為被領到約瑟的屋裡，就害怕，說：『領我們到這裡來，必是因為頭次歸還在我們口袋裡的銀子，找我們的錯縫，下手害我們，強取我們為奴僕，搶奪我們的驢。』|zh
2616|43|18|18|Now the men were full of fear because they had been taken into Joseph's house and they said, It is because of the money which was put back in our bags the first time; he is looking for something against us, so that he may come down on us and take us and our asses for his use.|en
2617|43|19|19|他們就挨近約瑟的家宰，在屋門口和他說話，|zh
2618|43|19|19|So they went up to Joseph's chief servant at the door of the house,|en
2619|43|20|20|說：『我主啊，我們頭次下來實在是要糴糧。|zh
2620|43|20|20|And said, O my lord, we only came down the first time to get food;|en
2621|43|21|21|後來到了住宿的地方，我們打開口袋，不料，各人的銀子，分量足數，仍在各人的口袋內，現在我們手裡又帶回來了。|zh
2622|43|21|21|And when we came to our night's resting-place, on opening our bags we saw that every man's money was in the mouth of his bag, all our money in full weight: and we have it with us to give it back;|en
2623|43|22|22|另外又帶下銀子來糴糧。不知道先前誰把銀子放在我們的口袋裡。』|zh
2624|43|22|22|As well as more money, with which to get food: we have no idea who put our money in our bags.|en
2625|43|23|23|家宰說：『你們可以放心，不要害怕，是你們的神和你們父親的　神賜給你們財寶在你們的口袋裡；你們的銀子，我早已收了。』他就把西緬帶出來，交給他們。|zh
2626|43|23|23|Then the servant said, Peace be with you: have no fear: your God, even the God of your father, has put wealth in your bags for you: I had your money. Then he let Simeon come out to them.|en
2627|43|24|24|家宰就領他們進約瑟的屋裡，給他們水洗腳，又給他們草料餵驢。|zh
2628|43|24|24|And the servant took them into Joseph's house, and gave them water for washing their feet; and he gave their asses food.|en
2629|43|25|25|他們就預備那禮物，等候約瑟晌午來，因為他們聽見要在那裡吃飯。|zh
2630|43|25|25|And they got ready the things for Joseph before he came in the middle of the day: for word was given to them that they were to have a meal there.|en
2631|43|26|26|約瑟來到家裡，他們就把手中的禮物拿進屋去給他，又俯伏在地，向他下拜。|zh
2632|43|26|26|And when Joseph came in, they gave him the things which they had for him, and went down to the earth before him.|en
2633|43|27|27|約瑟問他們好，又問：『你們的父親─就是你們所說的那老人家平安嗎？他還在嗎？』|zh
2634|43|27|27|And he said, How are you? is your father well, the old man of whom you were talking to me? is he still living?|en
2635|43|28|28|他們回答說：『你僕人─我們的父親平安；他還在。』於是他們低頭下拜。|zh
2636|43|28|28|And they said, Your servant, our father, is well, he is still living. And they went down on their faces before him.|en
2637|43|29|29|約瑟舉目看見他同母的兄弟便雅憫，就說：『你們向我所說那頂小的兄弟就是這位嗎？』又說：『小兒啊，願神賜恩給你!』|zh
2638|43|29|29|Then, lifting up his eyes, he saw Benjamin, his brother, his mother's son, and he said, Is this your youngest brother of whom you gave me word? And he said, God be good to you, my son.|en
2639|43|30|30|約瑟愛弟之情發動，就急忙尋找可哭之地，進入自己的屋裡，哭了一場。|zh
2640|43|30|30|Then Joseph's heart went out to his brother, and he went quickly into his room, for he was overcome with weeping.|en
2641|43|31|31|他洗了臉出來，勉強隱忍，吩咐人擺飯。|zh
2642|43|31|31|Then, after washing his face, he came out, and controlling his feelings said, Put food before us.|en
2643|43|32|32|他們就為約瑟單擺了一席，為那些人又擺了一席，也為和約瑟同吃飯的埃及人另擺了一席，因為埃及人不可和希伯來人一同吃飯；那原是埃及人所厭惡的。|zh
2644|43|32|32|And they put a meal ready for him by himself, and for them by themselves, and for the Egyptians who were with him by themselves; because the Egyptians may not take food with the Hebrews, for that would make them unclean.|en
2645|43|33|33|約瑟使眾弟兄在他面前排列坐席，都按著長幼的次序，眾弟兄就彼此詫異。|zh
2646|43|33|33|And they were all given their seats before him in order of birth, from the oldest to the youngest: so that they were looking at one another in wonder.|en
2647|43|34|34|約瑟把他面前的食物分出來，送給他們；但便雅憫所得的比別人多五倍。他們就飲酒，和約瑟一同宴樂。|zh
2648|43|34|34|And Joseph sent food to them from his table, but he sent five times as much to Benjamin as to any of the others. And they took wine freely with him.|en
2649|44|1|1|約瑟吩咐家宰說：『把糧食裝滿這些人的口袋，儘著他們的驢所能馱的，又把各人的銀子放在各人的口袋裡，|zh
2650|44|1|1|Then he gave orders to the servant who was over his house, saying, Put as much food into the men's bags as will go into them, and put every man's money in the mouth of his bag;|en
2651|44|2|2|並將我的銀杯和那少年人糴糧的銀子一同裝在他的口袋裡。』家宰就照約瑟所說的話行了；|zh
2652|44|2|2|And put my cup, my silver cup, in the youngest one's bag, with his money. So he did as Joseph said.|en
2653|44|3|3|天一亮就打發那些人帶著驢走了。|zh
2654|44|3|3|And at dawn the men, with their asses, were sent away.|en
2655|44|4|4|他們出城走了不遠，約瑟對家宰說：『起來，追那些人去，追上了就對他們說：「你們為甚麼以惡報善呢？|zh
2656|44|4|4|And when they had gone only a little way out of the town, Joseph said to the servant who was over his house, Go after them; and when you overtake them, say to them, Why have you done evil in reward for good?|en
2657|44|5|5|這不是我主人飲酒的杯嗎？豈不是他占卜用的嗎？你們這樣行是作惡了。」』|zh
2658|44|5|5|Is not this the cup from which my lord takes wine and by which he gets knowledge of the future? Truly, you have done evil.|en
2659|44|6|6|家宰追上他們，將這些話對他們說了。|zh
2660|44|6|6|So he overtook them and said these words to them.|en
2661|44|7|7|他們回答說：『我主為甚麼說這樣的話呢？你僕人斷不能作這樣的事。|zh
2662|44|7|7|And they said to him, Why does my lord say such words as these? far be it from your servants to do such a thing:|en
2663|44|8|8|你看，我們從前在口袋裡所見的銀子，尚且從迦南地帶來還你，我們怎能從你主人家裡偷竊金銀呢？|zh
2664|44|8|8|See, the money which was in the mouth of our bags we gave back to you when we came again from Canaan: how then might we take silver or gold from your lord's house?|en
2665|44|9|9|你僕人中無論在誰那裡搜出來，就叫他死，我們也作我主的奴僕。』|zh
2666|44|9|9|If it comes to light that any of your servants has done this, let him be put to death, and we will be your lord's servants.|en
2667|44|10|10|家宰說：『現在就照你們的話行吧!在誰那裡搜出來，誰就作我的奴僕；其餘的都沒有罪。』|zh
2668|44|10|10|And he said, Let it be as you say: he in whose bag it is seen will become my servant; and you will not be responsible.|en
2669|44|11|11|於是他們各人急忙把口袋卸在地下，各人打開口袋。|zh
2670|44|11|11|Then every man quickly got his bag down and undid it.|en
2671|44|12|12|家宰就搜查，從年長的起到年幼的為止，那杯竟在便雅憫的口袋裡搜出來。|zh
2672|44|12|12|And he made a search, starting with the oldest and ending with the youngest; and the cup was in Benjamin's bag.|en
2673|44|13|13|他們就撕裂衣服，各人把馱子抬在驢上，回城去了。|zh
2674|44|13|13|Then in bitter grief they put the bags on the asses again and went back to the town.|en
2675|44|14|14|猶大和他弟兄們來到約瑟的屋中，約瑟還在那裡，他們就在他面前俯伏於地。|zh
2676|44|14|14|So Judah and his brothers came to Joseph's house; and he was still there: and they went down on their faces before him.|en
2677|44|15|15|約瑟對他們說：『你們作的是甚麼事呢？你們豈不知像我這樣的人必能占卜嗎？』|zh
2678|44|15|15|And Joseph said, What is this thing which you have done? had you no thought that such a man as I would have power to see what is secret?|en
2679|44|16|16|猶大說：『我們對我主說甚麼呢？還有甚麼話可說呢？我們怎能自己表白出來呢？神已經查出僕人的罪孽了。我們與那在他手中搜出杯來的都是我主的奴僕。|zh
2680|44|16|16|And Judah said, What are we to say to my lord? how may we put ourselves right in his eyes? God has made clear the sin of your servants: now we are in your hands, we and the man in whose bag your cup was seen.|en
2681|44|17|17|約瑟說：『我斷不能這樣行!在誰的手中搜出杯來，誰就作我的奴僕；至於你們，可以平平安安地上你們父親那裡去。』|zh
2682|44|17|17|Then he said, Far be it from me to do so: but the man who had my cup will be my servant; and you may go back to your father in peace.|en
2683|44|18|18|猶大挨近他，說：『我主啊，求你容僕人說一句話給我主聽，不要向僕人發烈怒，因為你如同法老一樣。|zh
2684|44|18|18|Then Judah came near him, and said, Let your servant say a word in my lord's ears, and let not your wrath be burning against your servant: for you are in the place of Pharaoh to us.|en
2685|44|19|19|我主曾問僕人們說：「你們有父親有兄弟沒有？」|zh
2686|44|19|19|My lord said to his servants, Have you a father or a brother?|en
2687|44|20|20|我們對我主說：「我們有父親，已經年老，還有他老年所生的一個小孩子。他哥哥死了，他母親只撇下他一人，他父親疼愛他。」|zh
2688|44|20|20|And we said to my lord, We have an old father and a young child, whom he had when he was old; his brother is dead and he is the only son of his mother, and is very dear to his father.|en
2689|44|21|21|你對僕人說：「把他帶到我這裡來，叫我親眼看看他。」|zh
2690|44|21|21|And you said to your servants, Let him come down to me with you, so that I may see him.|en
2691|44|22|22|我們對我主說：童子不能離開他父親，若是離開，他父親必死。|zh
2692|44|22|22|And we said to my lord, His father will not let him go; for if he went away his father would come to his death.|en
2693|44|23|23|你對僕人說：你們的小兄弟若不與你們一同下來，你們就不得再見我的面。|zh
2694|44|23|23|But you said to your servants, If your youngest brother does not come with you, you will not see my face again.|en
2695|44|24|24|我們上到你僕人─我們父親那裡，就把我主的話告訴了他。|zh
2696|44|24|24|And when we went back to your servant, our father, we gave him an account of my lord's words.|en
2697|44|25|25|我們的父親說：你們再去給我糴些糧來。|zh
2698|44|25|25|And our father said, Go again and get us a little food.|en
2699|44|26|26|我們就說：我們不能下去。我們的小兄弟若和我們同往，我們就可以下去。因為，小兄弟若不與我們同往，我們必不得見那人的面。|zh
2700|44|26|26|And we said, Only if our youngest brother goes with us will we go down; for we may not see the man's face again if our youngest brother is not with us.|en
2701|44|27|27|你僕人─我父親對我們說：你們知道我的妻子給我生了兩個兒子。|zh
2702|44|27|27|And our father said to us, You have knowledge that my wife gave me two sons;|en
2703|44|28|28|一個離開我出去了；我說他必是被撕碎了，直到如今我也沒有見他。|zh
2704|44|28|28|The one went away from me, and I said, Truly he has come to a violent death; and from that time I have not seen him,|en
2705|44|29|29|現在你們又要把這個帶去離開我，倘若他遭害，那便是你們使我白髮蒼蒼、悲悲慘慘地下陰間去了。|zh
2706|44|29|29|If now you take this one from me, and some evil comes to him, you will make my grey head go down in sorrow to the underworld.|en
2707|44|30|30|我父親的命與這童子的命相連。如今我回到你僕人─我父親那裡，若沒有童子與我們同在，|zh
2708|44|30|30|If then I go back to your servant, my father, without the boy, because his life and the boy's life are one,|en
2709|44|31|31|我們的父親見沒有童子，他就必死。這便是我們使你僕人─我們的父親白髮蒼蒼、悲悲慘慘地下陰間去了。|zh
2710|44|31|31|When he sees that the boy is not with us, he will come to his death, and our father's grey head will go down in sorrow to the underworld.|en
2711|44|32|32|因為僕人曾向我父親為這童子作保，說：我若不帶他回來交給父親，我便在父親面前永遠擔罪。|zh
2712|44|32|32|For I made myself responsible for the boy to my father, saying, If I do not give him safely back to you, let mine be the sin for ever.|en
2713|44|33|33|現在求你容僕人住下，替這童子作我主的奴僕，叫童子和他哥哥們一同上去。|zh
2714|44|33|33|So now let me be my lord's servant here in place of the boy, and let him go back with his brothers.|en
2715|44|34|34|若童子不和我同去，我怎能上去見我父親呢？恐怕我看見災禍臨到我父親身上。|zh
2716|44|34|34|For how may I go back to my father without the boy, and see the evil which will come on my father?|en
2717|45|1|1|約瑟在左右站著的人面前情不自禁，吩咐一聲說：人都要離開我出去！約瑟和弟兄相認的時候並沒有一人站在他面前。|zh
2718|45|1|1|Then Joseph, unable to keep back his feelings before those who were with him, gave orders for everyone to be sent away, and no one was present when he made clear to his brothers who he was.|en
2719|45|2|2|他就放聲大哭，埃及人和法老家中的人都聽見了。|zh
2720|45|2|2|And so loud was his weeping, that it came to the ears of the Egyptians and all Pharaoh's house.|en
2721|45|3|3|約瑟對他弟兄們說：我是約瑟。我的父親還在麼？他弟兄不能回答，因為在他面前都驚惶。|zh
2722|45|3|3|And Joseph said to his brothers, I am Joseph: is my father still living? But his brothers were not able to give him an answer for they were troubled before him.|en
2723|45|4|4|約瑟又對他弟兄們說：請你們近前來。他們就近前來。他說：我是你們的兄弟約瑟，就是你們所賣到埃及的。|zh
2724|45|4|4|Then Joseph said to his brothers, Come near to me. And they came near, And he said, I am Joseph your brother, whom you sent into Egypt.|en
2725|45|5|5|現在，不要因為把我賣到這裡自憂自恨。這是神差我在你們以先來，為要保全生命。|zh
2726|45|5|5|Now do not be troubled or angry with yourselves for sending me away, because God sent me before you to be the saviour of your lives.|en
2727|45|6|6|現在這地的饑荒已經二年了，還有五年不能耕種，不能收成。|zh
2728|45|6|6|For these two years have been years of need, and there are still five more years to come in which there will be no ploughing or cutting of grain.|en
2729|45|7|7|神差我在你們以先來，為要給你們存留餘種在世上，又要大施拯救，保全你們的生命。|zh
2730|45|7|7|God sent me before you to keep you and yours living on earth so that you might become a great nation.|en
2731|45|8|8|這樣看來，差我到這裡來的不是你們，乃是神。他又使我如法老的父，作他全家的主，並埃及全地的宰相。|zh
2732|45|8|8|So now it was not you who sent me here, but God: and he has made me as a father to Pharaoh, and lord of all his house, and ruler over all the land of Egypt.|en
2733|45|9|9|你們要趕緊上到我父親那裡。對他說：你兒子約瑟這樣說：神使我作全埃及的主，請你下到我這裡來，不要耽延。|zh
2734|45|9|9|Now go quickly to my father, and say to him, Your son Joseph says, God has made me ruler over all the land of Egypt: come down to me straight away:|en
2735|45|10|10|你和你我兒子孫子，連牛群羊群，並一切所有的，都可以住在歌珊地，與我相近。|zh
2736|45|10|10|The land of Goshen will be your living-place, and you will be near me; you and your children and your children's children, and your flocks and herds and all you have:|en
2737|45|11|11|我要在那裡奉養你；因為還有五年的饑荒，免得你和你的眷屬，並一切所有的，都敗落了。|zh
2738|45|11|11|And there I will take care of you, so that you and your family may not be in need, for there are still five bad years to come.|en
2739|45|12|12|況且你們的眼和我兄弟便雅憫的眼都看見是我親口對你們說話。|zh
2740|45|12|12|Now truly, your eyes see, and the eyes of my brother Benjamin see, that it is my mouth which says these things to you.|en
2741|45|13|13|你們也要將我在埃及一切的榮耀和你們所看見的事都告訴我父親，又要趕緊的將我父親搬到我這裡來。|zh
2742|45|13|13|Give my father word of all my glory in Egypt and of all you have seen; and come back quickly with my father.|en
2743|45|14|14|於是約瑟伏在他兄弟便雅憫的頸項上哭，便雅憫也在他的頸項上哭。|zh
2744|45|14|14|Then, weeping, he took Benjamin in his arms, and Benjamin himself was weeping on Joseph's neck.|en
2745|45|15|15|他又與眾弟兄親嘴，抱著他們哭，隨後他弟兄就和他說話。|zh
2746|45|15|15|Then he gave a kiss to all his brothers, weeping over them; and after that his brothers had no fear of talking to him.|en
2747|45|16|16|這風聲傳到法老的宮裡，說：約瑟的弟兄們來了。法老和他的臣僕都很喜歡。|zh
2748|45|16|16|And news of these things went through Pharaoh's house, and it was said that Joseph's brothers were come; and it seemed good to Pharaoh and his servants.|en
2749|45|17|17|法老對約瑟說：你吩咐你的弟兄們說：你們要這樣行：把馱子抬在牲口上，起身往迦南地去。|zh
2750|45|17|17|And Pharaoh said to Joseph, Say to your brothers, Put your goods on your beasts and go back to the land of Canaan;|en
2751|45|18|18|將你們的父親和你們的眷屬都搬到我這裡來，我要把埃及地的美物賜給你們，你們也要吃這地肥美的出產。|zh
2752|45|18|18|And get your father and your families and come back to me: and I will give you all the good things of Egypt, and the fat of the land will be your food.|en
2753|45|19|19|現在我吩咐你們要這樣行：從埃及地帶著車輛去，把你們的孩子和妻子，並你們的父親都搬來。|zh
2754|45|19|19|And say to them, This you are to do: take carts from the land of Egypt for your little ones and for your wives, and get your father and come back.|en
2755|45|20|20|你們眼中不要愛惜你們的家具，因為埃及全地的美物都是你們的。|zh
2756|45|20|20|And take no thought for your goods, for the best of all the land of Egypt is yours.|en
2757|45|21|21|以色列的兒子們就如此行。約瑟照著法老的吩咐給他們車輛和路上用的食物，|zh
2758|45|21|21|And the children of Israel did as he said; and Joseph gave them carts as had been ordered by Pharaoh, and food for their journey.|en
2759|45|22|22|又給他們各人一套衣服，惟獨給便雅憫三百銀子，五套衣服；|zh
2760|45|22|22|To every one of them he gave three changes of clothing; but to Benjamin he gave three hundred bits of silver and five changes of clothing.|en
2761|45|23|23|送給他父親公驢十匹，馱著埃及的美物，母驢十匹，馱著糧食與餅和菜，為他父親路上用。|zh
2762|45|23|23|And to his father he sent ten asses with good things from Egypt on their backs, and ten she-asses with grain and bread and food for his father on the journey.|en
2763|45|24|24|於是約瑟打發他弟兄們回去，又對他們說：你們不要在路上相爭。|zh
2764|45|24|24|And he sent his brothers on their way, and said to them, See that you have no argument on the road.|en
2765|45|25|25|他們從埃及上去，來到迦南地、他們的父親雅各那裡，|zh
2766|45|25|25|So they went up from Egypt and came to the land of Canaan, to their father Jacob.|en
2767|45|26|26|告訴他說：約瑟還在，並且作埃及全地的宰相。雅各心裡冰涼，因為不信他們。|zh
2768|45|26|26|And they said to him, Joseph is living, and is ruler over all the land of Egypt. And at this word Jacob was quite overcome, for he had no faith in it.|en
2769|45|27|27|他們便將約瑟對他們說的一切話都告訴了他。他們父親雅各又看見約瑟打發來接他的車輛，心就甦醒了。|zh
2770|45|27|27|And they gave him an account of everything Joseph had said to them; and when he saw the carts which Joseph had sent for them, his spirit came back to him:|en
2771|45|28|28|以色列說：罷了！罷了！我的兒子約瑟還在，趁我未死以先，我要去見他一面。|zh
2772|45|28|28|And Israel said, It is enough: Joseph my son is still living; I will go and see him before my death.|en
2773|46|1|1|以色列帶著一切所有的，起身來到別是巴，就獻祭給他父親以撒的神。|zh
2774|46|1|1|And Israel went on his journey with all he had, and came to Beer-sheba, where he made offerings to the God of his father Isaac.|en
2775|46|2|2|夜間，神在異象中對以色列說：雅各！雅各！他說：我在這裡。|zh
2776|46|2|2|And God said to Israel in a night-vision, Jacob, Jacob. And he said, Here am I.|en
2777|46|3|3|神說：我是神，就是你父親的神。你下埃及去不要害怕，因為我必使你在那裡成為大族。|zh
2778|46|3|3|And he said, I am God, the God of your father: go down to Egypt without fear, for I will make a great nation of you there:|en
2779|46|4|4|我要和你同下埃及去，也必定帶你上來；約瑟必給你送終(原文作將手按在你的眼睛上)。|zh
2780|46|4|4|I will go down with you to Egypt, and I will see that you come back again, and at your death Joseph will put his hands on your eyes.|en
2781|46|5|5|雅各就從別是巴起行。以色列的兒子們使他們的父親雅各和他們的妻子、兒女都坐在法老為雅各送來的車上。|zh
2782|46|5|5|Then Jacob went on from Beer-sheba; and the sons of Jacob took their father and their little ones and their wives in the carts which Pharaoh had sent for them.|en
2783|46|6|6|他們又帶著迦南地所得的牲畜、貨財來到埃及。雅各和他的一切子孫都一同來了，|zh
2784|46|6|6|And they took their cattle and all the goods which they had got in the land of Canaan, and came to Egypt, even Jacob and all his seed:|en
2785|46|7|7|雅各把他的兒子、孫子、女兒、孫女，並他的子子孫孫，一同帶到埃及。|zh
2786|46|7|7|His sons and his sons' sons, his daughters and his daughters' sons and all his family he took with him into Egypt.|en
2787|46|8|8|來到埃及的以色列人名字記在下面。雅各和他的兒孫：雅各的長子是流便。|zh
2788|46|8|8|And these are the names of the children of Israel who came into Egypt, even Jacob and all his sons: Reuben, Jacob's oldest son;|en
2789|46|9|9|流便的兒子是哈諾、法路、希斯倫、迦米。|zh
2790|46|9|9|And the sons of Reuben: Hanoch and Pallu and Hezron and Carmi;|en
2791|46|10|10|西緬的兒子是耶母利、雅憫、阿轄、雅斤、瑣轄，還有迦南女子所生的掃羅。|zh
2792|46|10|10|And the sons of Simeon: Jemuel and Jamin and Ohad and Jachin and Zohar and Shaul, the son of a woman of Canaan;|en
2793|46|11|11|利未的兒子是革順、哥轄、米拉利。|zh
2794|46|11|11|And the sons of Levi: Gershon, Kohath, and Merari;|en
2795|46|12|12|猶大的兒子是珥、俄南、示拉、法勒斯、謝拉；惟有珥與俄南死在迦南地。法勒斯的兒子是希斯倫、哈母勒。|zh
2796|46|12|12|And the sons of Judah: Er and Onan and Shelah and Perez and Zerah: but Er and Onan had come to their death in the land of Canaan; and the sons of Perez were Hezron and Hamul.|en
2797|46|13|13|以薩迦的兒子是陀拉、普瓦、約伯、伸崙。|zh
2798|46|13|13|And the sons of Issachar: Tola and Puah and Job and Shimron;|en
2799|46|14|14|西布倫的兒子是西烈、以倫、雅利。|zh
2800|46|14|14|And the sons of Zebulun: Sered and Elon and Jahleel;|en
2801|46|15|15|這是利亞在巴旦亞蘭給雅各所生的兒子，還在女兒底拿。兒孫共三十三人。|zh
2802|46|15|15|All these, together with his daughter Dinah, were the children of Leah, whom Jacob had by her in Paddan-aram; they were thirty-three in number.|en
2803|46|16|16|迦得的兒子是洗非芸、哈基、書尼、以斯本、以利、亞羅底、亞列利。|zh
2804|46|16|16|And the sons of Gad: Ziphion and Haggi, Shuni and Ezbon, Eri and Arodi and Areli;|en
2805|46|17|17|亞設的兒子是音拿、亦施瓦、亦施韋、比利亞，還有他們的妹子西拉。比利亞的兒子是希別、瑪結。|zh
2806|46|17|17|And the sons of Asher: Jimnah and Ishvah and Ishvi and Beriah, and Sarah, their sister; and the sons of Beriah: Heber and Malchiel.|en
2807|46|18|18|這是拉班給他女兒利亞的婢女悉帕從雅各所生的兒孫，共有十六人。|zh
2808|46|18|18|These are the children of Zilpah, whom Laban gave to his daughter Leah, and Jacob had these sixteen children by her.|en
2809|46|19|19|雅各之妻拉結的兒子是約瑟和便雅憫。|zh
2810|46|19|19|The sons of Jacob's wife Rachel: Joseph and Benjamin.|en
2811|46|20|20|約瑟在埃及地生了瑪拿西和以法蓮，就是安城的祭司波提非拉的女兒亞西納給約瑟生的。|zh
2812|46|20|20|And Joseph had Manasseh and Ephraim in the land of Egypt, by Asenath, the daughter of Poti-phera, priest of On.|en
2813|46|21|21|便雅憫的兒子是比拉、比結、亞實別、基拉、乃幔、以希、羅實、母平、戶平、亞勒。|zh
2814|46|21|21|And the sons of Benjamin were Belah and Becher and Ashbel, Gera and Naaman, Ehi and Rosh, Muppim and Huppim and Ard.|en
2815|46|22|22|這是拉結給雅各所生的兒孫，共有十四人。|zh
2816|46|22|22|All these were the children of Rachel whom Jacob had by her, fourteen persons.|en
2817|46|23|23|但的兒子是戶伸。|zh
2818|46|23|23|And the son of Dan was Hushim.|en
2819|46|24|24|拿弗他利的兒子是雅薛、沽尼、耶色、示冷。|zh
2820|46|24|24|And the sons of Naphtali: Jahzeel and Guni and Jezer and Shillem.|en
2821|46|25|25|這是拉班給他女兒拉結的婢女辟拉從雅各所生的兒孫，共有七人。|zh
2822|46|25|25|These were the children of Bilhah, whom Laban gave to his daughter Rachel, seven persons.|en
2823|46|26|26|那與雅各同到埃及的，除了他兒婦之外，凡從他所生的，共有六十六人。|zh
2824|46|26|26|All the persons who came with Jacob into Egypt, the offspring of his body, were sixty-six, without taking into account the wives of Jacob's sons.|en
2825|46|27|27|還有約瑟在埃及所生的兩個兒子。雅各家來到埃及的共有七十人。|zh
2826|46|27|27|And the sons of Joseph whom he had in Egypt were two. Seventy persons of the family of Jacob came into Egypt.|en
2827|46|28|28|雅各打發猶大先去見約瑟，請派人引路往歌珊去；於是他們來到歌珊地。|zh
2828|46|28|28|Now he had sent Judah before him to Goshen, to get word from Joseph; and so they came to the land of Goshen.|en
2829|46|29|29|約瑟套車往歌珊去，迎接他父親以色列，及至見了面，就伏在父親的頸項，哭了許久。|zh
2830|46|29|29|And Joseph got his carriage ready and went to Goshen for the meeting with his father; and when he came before him, he put his arms round his neck, weeping.|en
2831|46|30|30|以色列對約瑟說：我既得見你的面，知道你還在，就是死我也甘心。|zh
2832|46|30|30|And Israel said to Joseph, Now that I have seen you living again, I am ready for death.|en
2833|46|31|31|約瑟對他的弟兄和他父的全家說：我要上去告訴法老，對他說：我的弟兄和我父的全家從前在迦南地，現今都到我這裡來了。|zh
2834|46|31|31|And Joseph said to his brothers and to his father's people, I will go and give the news to Pharaoh, and say to him, My brothers and my father's people, from the land of Canaan, have come to me;|en
2835|46|32|32|他們本是牧羊的人，以養牲畜為業；他們把羊群牛群和一切所有的都帶來了。|zh
2836|46|32|32|And these men are keepers of sheep and owners of cattle, and have with them their flocks and their herds and all they have.|en
2837|46|33|33|等法老召你們的時候，問你們說：你們以何事為業？|zh
2838|46|33|33|Now when Pharaoh sends for you and says, What is your business?|en
2839|46|34|34|你們要說：你的僕人，從幼年直到如今，都以養牲畜為業，連我們的祖宗也都以此為業。這樣，你們可以住在歌珊地，因為凡牧羊的都被埃及人所厭惡。|zh
2840|46|34|34|You are to say, Your servants have been keepers of cattle from our early days up to now, like our fathers; in this way you will be able to have the land of Goshen for yourselves; because keepers of sheep are unclean in the eyes of the Egyptians.|en
2841|47|1|1|約瑟進去告訴法老說：我的父親和我的弟兄帶著羊群牛群，並一切所有的，從迦南地來了，如今在歌珊地。|zh
2842|47|1|1|Then Joseph went to Pharaoh, and said, My father and my brothers with their flocks and their herds and all they have, are come from Canaan, and are now in the land of Goshen.|en
2843|47|2|2|約瑟從他弟兄中挑出五個人來，引他們去見法老。|zh
2844|47|2|2|And he took five of his brothers to Pharaoh.|en
2845|47|3|3|法老問約瑟的弟兄說：你們以可事為業？他們對法老說：你僕人是牧羊的，連我們的祖宗也是牧羊的。|zh
2846|47|3|3|And Pharaoh said to them, What is your business? And they said, Your servants are keepers of sheep, as our fathers were before us.|en
2847|47|4|4|他們又對法老說：迦南地的饑荒甚大，僕人的羊群沒有草吃，所以我們來到這地寄居。現在求你容僕人住在歌珊地。|zh
2848|47|4|4|And they said to Pharaoh, We have come to make a living in this land, because we have no grass for our flocks in the land of Canaan; so now let your servants make a place for themselves in the land of Goshen.|en
2849|47|5|5|法老對約瑟說：你父親和你弟兄到你這裡來了，|zh
2850|47|5|5|And Pharaoh said to Joseph, Let them have the land of Goshen; and if there are any able men among them, put them over my cattle.|en
2851|47|6|6|埃及地都在你面前，只管叫你父親和你弟兄住在國中最好的地；他們可以住在歌珊地。你若知道他們中間有甚麼能人，就派他們看管我的牲畜。|zh
2852|47|6|6|And Jacob and his sons came to Joseph in Egypt, and when word of it came to the ears of Pharaoh, king of Egypt, he said to Joseph, Your father and brothers have come to you; all the land of Egypt is before you; let your father and your brothers have the best of the land for their resting-place.|en
2853|47|7|7|約瑟領他父親雅各進到法老面前，雅各就給法老祝福。|zh
2854|47|7|7|Then Joseph made his father Jacob come before Pharaoh, and Jacob gave him his blessing.|en
2855|47|8|8|法老問雅各說：你平生的年日是多少呢？|zh
2856|47|8|8|And Pharaoh said to him, How old are you?|en
2857|47|9|9|雅各對法老說：我寄居在世的年日是一百三十歲，我平生的年日又少又苦，不及我列祖早在世寄居的年日。|zh
2858|47|9|9|And Jacob said, The years of my wanderings have been a hundred and thirty; small in number and full of sorrow have been the years of my life, and less than the years of the wanderings of my fathers.|en
2859|47|10|10|雅各又給法老祝福，就從法老面前出去了。|zh
2860|47|10|10|And Jacob gave Pharaoh his blessing, and went out from before him.|en
2861|47|11|11|約瑟遵著法老的命，把埃及國最好的地，就是蘭塞境內的地，給他父親和弟兄居住，作為產業。|zh
2862|47|11|11|And Joseph made a place for his father and his brothers, and gave them a heritage in the land of Egypt, in the best of the land, the land of Rameses, as Pharaoh had given orders.|en
2863|47|12|12|約瑟用糧食奉養他父親和他弟兄，並他父親全家的眷屬，都是照各家的人口奉養他們。|zh
2864|47|12|12|And Joseph took care of his father and his brothers and all his father's people, giving them food for the needs of their families.|en
2865|47|13|13|饑荒甚大，全地都絕了糧，甚至埃及地和迦南地的人因那饑荒的緣故都餓昏了。|zh
2866|47|13|13|Now there was no food to be had in all the land, so that all Egypt and Canaan were wasted from need of food.|en
2867|47|14|14|約瑟收聚了埃及地和迦南地所有的銀子，就是眾人糴糧的銀子，約瑟就把那銀子帶到法老的宮裡。|zh
2868|47|14|14|And all the money in Egypt and in the land of Canaan which had been given for grain, came into the hands of Joseph: and he put it in Pharaoh's house.|en
2869|47|15|15|埃及地和迦南地的銀子都花盡了，埃及眾人都來見約瑟，說：我們的銀子都用盡了，求你給我們糧食，我們為甚麼死在你面前呢？|zh
2870|47|15|15|And when all the money in Egypt and Canaan was gone, the Egyptians came to Joseph, and said, Give us bread; would you have us come to destruction before your eyes? for we have no more money.|en
2871|47|16|16|約瑟說：若是銀子用盡了，可以把你們的牲畜給我，我就為你們的牲畜給你們糧食。|zh
2872|47|16|16|And Joseph said, Give me your cattle; I will give you grain in exchange for your cattle if your money is all gone.|en
2873|47|17|17|於是他們把牲畜趕到約瑟那裡，約瑟就拿糧食換了他們的牛、羊、驢、馬；那一年因換他們一切的牲畜，就用糧食養活他們。|zh
2874|47|17|17|So they took their cattle to Joseph and he gave them bread in exchange for their horses and flocks and herds and asses, so all that year he gave them food in exchange for their cattle.|en
2875|47|18|18|那一年過去，第二年他們又來見約瑟，說：我們不瞞我主，我們的銀子都花盡了，牲畜也都歸了我主。我們在我主眼前，除了我們的身體和田地之外，一無所剩。|zh
2876|47|18|18|And when that year was ended, they came to him in the second year, and said, We may not keep it from our lord's knowledge that all our money is gone, and all the herds of cattle are my lord's; there is nothing more to give my lord but our bodies and our land;|en
2877|47|19|19|你何忍見我們人死地荒呢？求你用糧食買我們的我們的地，我們和我們的地就要給法老效力。又求你給我們種子，使我們得以存活，不至死亡，地土也不至荒涼。|zh
2878|47|19|19|Are we to come to destruction before your eyes, we and our land? take us and our land and give us bread; and we and our land will be servants to Pharaoh; and give us seed so that we may have life and the land may not become waste.|en
2879|47|20|20|於是，約瑟為法老買了埃及所有的地，埃及人因被饑荒所迫，各都賣了自己的田地；那地就都歸了法老。|zh
2880|47|20|20|So Joseph got all the land in Egypt for Pharaoh; for every Egyptian gave up his land in exchange for food, because of their great need; so all the land became Pharaoh's.|en
2881|47|21|21|至於百姓，約瑟叫他們，從埃及這邊直到埃及那邊，都各歸各城。|zh
2882|47|21|21|And as for the people, he made servants of them, town by town, from one end of Egypt to the other.|en
2883|47|22|22|惟有祭司的地，約瑟沒有買，因為祭司有從法老所得的常俸。他們吃法老所給的常俸，所以他們不賣自己的地。|zh
2884|47|22|22|Only he did not take the land of the priests, for the priests had their food given them by Pharaoh, and having what Pharaoh gave them, they had no need to give up their land.|en
2885|47|23|23|約瑟對百姓說：我今日為法老買了你們和你們的地，看哪，這裡有種子給你們，你們可以種地。|zh
2886|47|23|23|Then Joseph said to the people, I have made you and your land this day the property of Pharaoh; here is seed for you to put in your fields.|en
2887|47|24|24|後來打糧食的時候，你們要把五分之一納給法老，四分可以歸你們做地裡的種子，也做你們和你們家口孩童的食物。|zh
2888|47|24|24|And when the grain is cut, you are to give a fifth part to Pharaoh, and four parts will be yours for seed and food, and for your families and your little ones.|en
2889|47|25|25|他們說：你救了我們的性命。但願我們在我主眼前蒙恩，我們就作法老的僕人。|zh
2890|47|25|25|And they said to him, Truly you have kept us from death; may we have grace in your eyes, and we will be Pharaoh's servants.|en
2891|47|26|26|於是約瑟為埃及地定下常例，直到今日：法老必得五分之一，惟獨祭司的地不歸法老。|zh
2892|47|26|26|Then Joseph made a law which is in force to this day, that Pharaoh was to have the fifth part; only the land of the priests did not become his.|en
2893|47|27|27|以色列人住在埃及的歌珊地。他們在那裡置了產業，並且生育甚多。|zh
2894|47|27|27|And so Israel was living among the Egyptians in the land of Goshen; and they got property there, and became very great in numbers and in wealth.|en
2895|47|28|28|雅各住在埃及地十七年，雅各平生的年日是一百四十七歲。|zh
2896|47|28|28|And Jacob was living in the land of Goshen for seventeen years; so the years of his life were a hundred and forty-seven.|en
2897|47|29|29|以色列的死期臨近了，他就叫了他兒子約瑟來，說：我若在你眼前蒙恩，請你把手放在我大腿底下，用慈愛和誠實待我，請你不要將我葬在埃及。|zh
2898|47|29|29|And the time of his death came near, and he sent for his son Joseph and said to him, If now I am dear to you, put your hand under my leg and take an oath that you will not put me to rest in Egypt;|en
2899|47|30|30|我與我祖我父同睡的時候，你要將我帶出埃及，葬在他們所葬的地方。約瑟說：我必遵著你的命而行。|zh
2900|47|30|30|But when I go to my fathers, you are to take me out of Egypt and put me to rest in their last resting-place. And he said, I will do so.|en
2901|47|31|31|雅各說：你要向我起誓。約瑟就向他起了誓，於是以色列在床頭上(或作扶著杖頭)敬拜神。|zh
2902|47|31|31|And he said, Take an oath to me; and he took an oath to him: and Israel gave worship on the bed's head.|en
2903|48|1|1|這事以後，有人告訴約瑟說：你的父親病了。他就帶著兩個兒子瑪拿西和以法蓮同去。|zh
2904|48|1|1|Now after these things, word came to Joseph that his father was ill: and he took with him his sons Manasseh and Ephraim.|en
2905|48|2|2|有人告訴雅各說：請看，你兒子約瑟到你這裡來了。以色列就勉強在床上坐起來。|zh
2906|48|2|2|And when they said to Jacob, Your son Joseph is coming to see you: then Israel, getting all his strength together, had himself lifted up in his bed.|en
2907|48|3|3|雅各對約瑟說：全能的神曾在迦南地的路斯向我顯現，賜福與我，|zh
2908|48|3|3|And Jacob said to Joseph, God, the Ruler of all, came to me in a vision at Luz in the land of Canaan, and gave me his blessing,|en
2909|48|4|4|對我說：我必使你生養眾多，成為多民，又要把這地賜給你的後裔，永遠為業。|zh
2910|48|4|4|And said to me, Truly, I will make you fertile and give you increase and will make of you a great family of nations: and I will give this land to your seed after you to be their heritage for ever.|en
2911|48|5|5|未到埃及見你之先，你在埃及地所生的以法蓮和瑪拿西這兩個兒子是我的，正如流便和西緬是我的一樣。|zh
2912|48|5|5|And now your two sons who came to birth in Egypt before I came to you here, are mine; Ephraim and Manasseh will be mine, in the same way as Reuben and Simeon are.|en
2913|48|6|6|你在他們以後所生的就是你的，他們可以歸於他們弟兄的名下得產業。|zh
2914|48|6|6|And any other offspring which you have after them, will be yours, and will be named after their brothers in their heritage.|en
2915|48|7|7|至於我，我從巴旦來的時候，拉結死在我眼前，在迦南地的路上，離以法他還有一段路程，我就把他葬在以法他的路上〈以法他就是伯利恆〉。|zh
2916|48|7|7|And as for me, when I came from Paddan, death overtook Rachel on the way, when we were still some distance from Ephrath; and I put her to rest there on the road to Ephrath, which is Beth-lehem.|en
2917|48|8|8|以色列看見約瑟的兩個兒子，就說：這是誰？|zh
2918|48|8|8|Then Israel, looking at Joseph's sons, said, Who are these?|en
2919|48|9|9|約瑟對他父親說：這是神在這裡賜給我的兒子。以色列說：請你領他們到我跟前，我要給他們祝福。|zh
2920|48|9|9|And Joseph said to his father, They are my sons, whom God has given me in this land. And he said, Let them come near me, and I will give them a blessing.|en
2921|48|10|10|以色列年紀老邁，眼睛昏花，不能看見。約瑟領他們到他跟前，他就和他們親嘴，抱著他們。|zh
2922|48|10|10|Now because Israel was old, his eyes were no longer clear, and he was not able to see. So he made them come near to him, and he gave them a kiss, folding them in his arms.|en
2923|48|11|11|以色列對約瑟說：我想不到得見你的面，不料，神又使我得見你的兒子。|zh
2924|48|11|11|And Israel said to Joseph, I had no hope of seeing your face again, but God in his mercy has let me see you and your children.|en
2925|48|12|12|約瑟把兩個兒子從以色列兩膝中領出來，自己就臉伏於地下拜。|zh
2926|48|12|12|Then Joseph took them from between his knees, and went down on his face to the earth.|en
2927|48|13|13|隨後，約瑟又拉著他們兩個，以法蓮在他的右手裡，對著以色列的左手，瑪拿西在他的左手裡，對著以色列的右手，領他們到以色列的跟前。|zh
2928|48|13|13|Then taking Ephraim with his right hand, Joseph put him at Israel's left side, and with his left hand he put Manasseh at Israel's right side, placing them near him.|en
2929|48|14|14|以色列伸出右手來，按在以法蓮的頭上〈以法蓮乃是次子〉，又剪搭過左手來，按在瑪拿西的頭上〈瑪拿西原是長子〉。|zh
2930|48|14|14|And Israel, stretching out his right hand, put it on the head of Ephraim, the younger, and his left hand on the head of Manasseh, crossing his hands on purpose, for Manasseh was the older.|en
2931|48|15|15|他就給約瑟祝福說：願我祖亞伯拉罕和我父以撒所事奉的神，就是一生牧養我直到今日的　神，|zh
2932|48|15|15|And he gave Joseph a blessing, saying, May the God to whom my fathers, Abraham and Isaac, gave worship, the God who has taken care of me all my life till this day,|en
2933|48|16|16|救贖我脫離一切患難的那使者，賜福與這兩個童子。願他們歸在我的名下和我祖亞伯拉罕、我父以撒的名下。又願他們在世界中生養眾多。|zh
2934|48|16|16|The angel who has been my saviour from all evil, send his blessing on these children: and let my name and the name of my fathers, Abraham and Isaac, be given to them; and let them become a great nation in the earth.|en
2935|48|17|17|約瑟見他父親把右手按在以法蓮的頭上，就不喜悅，便提起他父親的手，要從以法蓮的頭上挪到瑪拿西的頭上。|zh
2936|48|17|17|Now when Joseph saw that his father had put his right hand on the head of Ephraim, it did not seem right to him; and lifting his father's hand he would have put it on the head of Manasseh.|en
2937|48|18|18|約瑟對他父親說：我父，不是這樣。這本是長子，求你把右手按在他的頭上。|zh
2938|48|18|18|And Joseph said to his father, Not so, my father, for this is the older; put your right hand on his head.|en
2939|48|19|19|他父親不從，說：我知道，我兒，我知道。他也必成為一族，也必昌大。只是他的兄弟將來比他還大；他兄弟的後裔要成為多族。|zh
2940|48|19|19|But his father would not, saying, I am doing it on purpose, my son; he will certainly become a nation and a great one; but his younger brother will be greater than he, and his seed will become a great family of nations.|en
2941|48|20|20|當日就給他們祝福說：以色列人要指著你們祝福說：願神使你如以法蓮、瑪拿西一樣。於是立以法蓮在瑪拿西以上。|zh
2942|48|20|20|So he gave them his blessing that day, saying, You will be the sign of blessing in Israel, for they will say, May God make you like Ephraim and Manasseh; and he put Ephraim before Manasseh.|en
2943|48|21|21|以色列又對約瑟說：我要死了，但神必與你們同在，領你們回到你們列祖之地。|zh
2944|48|21|21|Then Israel said to Joseph, Now my death is near; but God will be with you, guiding you back to the land of your fathers.|en
2945|48|22|22|並且我從前用弓用刀從亞摩利人手下奪的那塊地，我都賜給你，使你比眾弟兄多得一分。|zh
2946|48|22|22|And I have given you more than your brothers, even Shechem as your heritage, which I took from the Amorites with my sword and my bow.|en
2947|49|1|1|雅各叫了他的兒子們來，說：你們都來聚集，我好把你們日後必遇的事告訴你們。|zh
2948|49|1|1|And Jacob sent for his sons, and said, Come together, all of you, so that I may give you news of your fate in future times.|en
2949|49|2|2|雅各的兒子們，你們要聚集而聽，要聽你們父親以色列的話。|zh
2950|49|2|2|Come near, O sons of Jacob, and give ear to the words of Israel your father.|en
2951|49|3|3|流便哪，你是我的長子，是我力量強壯的時候生的，本當大有尊榮，權力超眾。|zh
2952|49|3|3|Reuben, you are my oldest son, the first-fruit of my strength, first in pride and first in power:|en
2953|49|4|4|但你放縱情慾，滾沸如水，必不得居首位；因為你上了你父親的床，污穢了我的榻。|zh
2954|49|4|4|But because you were uncontrolled, the first place will not be yours; for you went up to your father's bed, even his bride-bed, and made it unclean.|en
2955|49|5|5|西緬和利未是弟兄；他們的刀劍是殘忍的器具。|zh
2956|49|5|5|Simeon and Levi are brothers; deceit and force are their secret designs.|en
2957|49|6|6|我的靈阿，不要與他們同謀；我的心哪，不要與他們聯絡；因為他們趁怒殺害人命，任意砍斷牛腿大筋。|zh
2958|49|6|6|Take no part in their secrets, O my soul; keep far away, O my heart, from their meetings; for in their wrath they put men to death, and for their pleasure even oxen were wounded.|en
2959|49|7|7|他們的怒氣暴烈可咒；他們的忿恨殘忍可詛。我要使他們分居在雅各家裡，散住在以色列地中。|zh
2960|49|7|7|A curse on their passion for it was bitter; and on their wrath for it was cruel. I will let their heritage in Jacob be broken up, driving them from their places in Israel.|en
2961|49|8|8|猶大阿，你弟兄們必讚美你；你手必掐住仇敵的頸項；你父親的兒子們必向你下拜。|zh
2962|49|8|8|To you, Judah, will your brothers give praise: your hand will be on the neck of your haters; your father's sons will go down to the earth before you.|en
2963|49|9|9|猶大是個小獅子；我兒阿，你抓了食便上去。你屈下身去，臥如公獅，蹲如母獅，誰敢惹你？|zh
2964|49|9|9|Judah is a young lion; like a lion full of meat you have become great, my son; now he takes his rest like a lion stretched out and like an old lion; by whom will his sleep be broken?|en
2965|49|10|10|圭必不離猶大，杖必不離他兩腳之間，直等細羅(就是賜平安者)來到，萬民都必歸順。|zh
2966|49|10|10|The rod of authority will not be taken from Judah, and he will not be without a law-giver, till he comes who has the right to it, and the peoples will put themselves under his rule.|en
2967|49|11|11|猶大把小驢拴在葡萄樹上，把驢駒拴在美好的葡萄樹上。他在葡萄酒中洗了衣服，在葡萄汁中洗了袍褂。|zh
2968|49|11|11|Knotting his ass's cord to the vine, and his young ass to the best vine; washing his robe in wine, and his clothing in the blood of grapes:|en
2969|49|12|12|他的眼睛必因酒紅潤；他的牙齒必因奶白亮。|zh
2970|49|12|12|His eyes will be dark with wine, and his teeth white with milk.|en
2971|49|13|13|西布倫必住在海口，必成為停船的海口；他的境界必延到西頓。|zh
2972|49|13|13|The resting-place of Zebulun will be by the sea, and he will be a harbour for ships; the edge of his land will be by Zidon.|en
2973|49|14|14|以薩迦是個強壯的驢，臥在羊圈之中。|zh
2974|49|14|14|Issachar is a strong ass stretched out among the flocks:|en
2975|49|15|15|他以安靜為佳，以肥地為美，便低肩背重，成為服苦的僕人。|zh
2976|49|15|15|And he saw that rest was good and the land was pleasing; so he let them put weights on his back and became a servant.|en
2977|49|16|16|但必判斷他的民，作以色列支派之一。|zh
2978|49|16|16|Dan will be the judge of his people, as one of the tribes of Israel.|en
2979|49|17|17|但必作道上的蛇，路中的虺，咬傷馬蹄，使騎馬的墜落於後。|zh
2980|49|17|17|May Dan be a snake in the way, a horned snake by the road, biting the horse's foot so that the horseman has a fall.|en
2981|49|18|18|耶和華阿，我向來等候你的救恩。|zh
2982|49|18|18|I have been waiting for your salvation, O Lord.|en
2983|49|19|19|迦得必被敵軍追逼，他卻要追逼他們的腳跟。|zh
2984|49|19|19|Gad, an army will come against him, but he will come down on them in their flight.|en
2985|49|20|20|亞設之地必出肥美的糧食，且出君王的美味。|zh
2986|49|20|20|Asher's bread is fat; he gives delicate food for kings.|en
2987|49|21|21|拿弗他利是被釋放的母鹿；他出嘉美的言語。|zh
2988|49|21|21|Naphtali is a roe let loose, giving fair young ones.|en
2989|49|22|22|約瑟是多結果子的樹枝，是泉旁多結果的枝子；他的枝條探出牆外。|zh
2990|49|22|22|Joseph is a young ox, whose steps are turned to the fountain;|en
2991|49|23|23|弓箭手將他苦害，向他射箭，逼迫他。|zh
2992|49|23|23|He was troubled by the archers; they sent out their arrows against him, cruelly wounding him:|en
2993|49|24|24|但他的弓仍舊堅硬；他的手健壯敏捷。這是因以色列的牧者，以色列的磐石─就是雅各的大能者。|zh
2994|49|24|24|But their bows were broken by a strong one, and the cords of their arms were cut by the Strength of Jacob, by the name of the Stone of Israel:|en
2995|49|25|25|你父親的神必幫助你；那全能者必將天上所有的福，地裡所藏的福，以及生產乳養的福，都賜給你。|zh
2996|49|25|25|Even by the God of your father, who will be your help, and by the Ruler of all, who will make you full with blessings from heaven on high, blessings of the deep stretched out under the earth, blessings of the breasts and of the fertile body:|en
2997|49|26|26|你父親所祝的福，勝過我祖先所祝的福，如永世的山嶺，至極的邊界；這些福必降在約瑟的頭上，臨到那與弟兄迥別之人的頂上。|zh
2998|49|26|26|Blessings of sons, old and young, to the father: blessings of the oldest mountains and the fruit of the eternal hills: let them come on the head of Joseph, on the crown of him who was separate from his brothers.|en
2999|49|27|27|便雅憫是個撕掠的狼，早晨要吃他所抓的，晚上要分他所奪的。|zh
3000|49|27|27|Benjamin is a wolf, searching for meat: in the morning he takes his food, and in the evening he makes division of what he has taken.|en
3001|49|28|28|這一切是以色列的十二支派；這也是他們的父親對他們所說的話，為他們所祝的福，都是按著各人的福分為他們祝福。|zh
3002|49|28|28|These are the twelve tribes of Israel: and these are the words their father said to them, blessing them; to every one he gave his blessing.|en
3003|49|29|29|他又囑咐他們說：我將要歸到我列祖(原文作本民)那裡，你們要將我葬在赫人以弗崙田間的洞裡，與我祖我父在一處，|zh
3004|49|29|29|And he gave orders to them, saying, Put me to rest with my people and with my fathers, in the hollow of the rock in the field of Ephron the Hittite,|en
3005|49|30|30|就是在迦南地幔利前、麥比拉田間的洞；那洞和田是亞伯拉罕向赫人以弗崙買來為業，作墳地的。|zh
3006|49|30|30|In the rock in the field of Machpelah, near Mamre in the land of Canaan, which Abraham got from Ephron the Hittite, to be his resting-place.|en
3007|49|31|31|他們在那裡葬了亞伯拉罕和他妻撒拉，又在那裡葬了以撒和他的妻子利百加；我也在那裡葬了利亞。|zh
3008|49|31|31|There Abraham and Sarah his wife were put to rest, and there they put Isaac and Rebekah his wife, and there I put Leah to rest.|en
3009|49|32|32|那塊田和田間的洞原是向赫人買的。|zh
3010|49|32|32|In the rock in the field which was got for a price from the people of Heth.|en
3011|49|33|33|雅各囑咐眾子已畢，就把腳收在床上，氣絕而死，歸到列祖(原文作本民)那裡去了。|zh
3012|49|33|33|And when Jacob had come to the end of these words to his sons, stretching himself on his bed, he gave up his spirit, and went the way of his people.|en
3013|50|1|1|約瑟伏在他父親的面上哀哭，與他親嘴。|zh
3014|50|1|1|And Joseph put his head down on his father's face, weeping and kissing him.|en
3015|50|2|2|約瑟吩咐伺候他的醫生用香料薰他父親，醫生就用香料薰了以色列。|zh
3016|50|2|2|And Joseph gave orders to his servants who had the necessary knowledge, to make his father's body ready, folding it in linen with spices, and they did so.|en
3017|50|3|3|薰屍的常例是四十天；那四十天滿了，埃及人為他哀哭了七十天。|zh
3018|50|3|3|And the forty days needed for making the body ready went by: and there was weeping for him among the Egyptians for seventy days.|en
3019|50|4|4|為他哀哭的日子過了，約瑟對法老家中的人說：我若在你們眼前蒙恩，請你們報告法老說：|zh
3020|50|4|4|And when the days of weeping for him were past, Joseph said to the servants of Pharaoh, If now you have love for me, say these words to Pharaoh:|en
3021|50|5|5|我父親要死的時候叫我起誓說：你要將我葬在迦南地，在我為自己所掘的墳墓裡。現在求你讓我上去葬我父親，以後我必回來。|zh
3022|50|5|5|My father made me take an oath, saying, When I am dead, put me to rest in the place I have made ready for myself in the land of Canaan. So now let me go and put my father in his last resting-place, and I will come back again.|en
3023|50|6|6|法老說：你可以上去，照著你父親叫你起的誓，將他葬埋。|zh
3024|50|6|6|And Pharaoh said, Go up and put your father to rest, as you gave your oath to him.|en
3025|50|7|7|於是約瑟上去葬他父親。與他一同上去的，有法老的臣僕和法老家中的長老，並埃及國的長老，|zh
3026|50|7|7|So Joseph went up to put his father in his last resting-place; and with him went all the servants of Pharaoh, and the chief men of his house and all the chiefs of the land of Egypt,|en
3027|50|8|8|還有約瑟的全家和他的弟兄們，並他父親的眷屬；只有他們的婦人孩子，和羊群牛群，都留在歌珊地。|zh
3028|50|8|8|And all the family of Joseph, and his brothers and his father's people: only their little ones and their flocks and herds they did not take with them from the land of Goshen.|en
3029|50|9|9|又有車輛馬兵，和他一同上去；那一幫人甚多。|zh
3030|50|9|9|And carriages went up with him and horsemen, a great army.|en
3031|50|10|10|他們到了約但河外、亞達的禾場，就在那裡大大地號咷痛哭。約瑟為他父親哀哭了七天。|zh
3032|50|10|10|And they came to the grain-floor of Atad on the other side of Jordan, and there they gave the last honours to Jacob, with great and bitter sorrow, weeping for their father for seven days.|en
3033|50|11|11|迦南的居民見亞達禾場上的哀哭，就說：這是埃及人一場大的哀哭。因此那地方名叫亞伯麥西，是在約但河東。|zh
3034|50|11|11|And when the people of the land, the people of Canaan, at the grain-floor of Atad, saw their grief, they said, Great is the grief of the Egyptians: so the place was named Abel-mizraim, on the other side of Jordan.|en
3035|50|12|12|雅各的兒子們就遵著他父親所吩咐的辦了，|zh
3036|50|12|12|So his sons did as he had given them orders to do:|en
3037|50|13|13|把他搬到迦南地，葬在幔利前、麥比拉田間的洞裡；那洞和田是亞伯拉罕向赫人以弗崙買來為業，作墳地的。|zh
3038|50|13|13|For they took him into the land of Canaan and put him to rest in the hollow rock in the field of Machpelah, which Abraham got with the field, for a resting-place, from Ephron the Hittite at Mamre.|en
3039|50|14|14|約瑟葬了他父親以後，就和眾弟兄，並一切同他上去葬他父親的人，都回埃及去了。|zh
3040|50|14|14|And when his father had been put to rest, Joseph and his brothers and all who had gone with him, went back to Egypt.|en
3041|50|15|15|約瑟的哥哥們見父親死了，就說：或者約瑟懷恨我們，照著我們從前待他一切的惡足足的報復我們。|zh
3042|50|15|15|Now after the death of their father, Joseph's brothers said to themselves, It may be that Joseph's heart will be turned against us, and he will give us punishment for all the evil which we did to him.|en
3043|50|16|16|他們就打發人去見約瑟，說：你父親未死以先吩咐說：|zh
3044|50|16|16|So they sent word to Joseph, saying, Your father, before his death, gave us orders, saying,|en
3045|50|17|17|你們要對約瑟這樣說：從前你哥哥們惡待你，求你饒恕他們的過犯和罪惡。如今求你饒恕你父親神之僕人的過犯。他們對約瑟說這話，約瑟就哭了。|zh
3046|50|17|17|You are to say to Joseph, Let the wrongdoing of your brothers be overlooked, and the evil they did to you: now, if it is your pleasure, let the sin of the servants of your father's God have forgiveness. And at these words, Joseph was overcome with weeping.|en
3047|50|18|18|他的哥哥們又來俯伏在他面前，說：我們是你的僕人。|zh
3048|50|18|18|Then his brothers went, and falling at his feet, said, Truly, we are your servants.|en
3049|50|19|19|約瑟對他們說：不要害怕，我豈能代替神呢？|zh
3050|50|19|19|And Joseph said, Have no fear: am I in the place of God?|en
3051|50|20|20|從前你們的意思是要害我，但神的意思原是好的，要保全許多人的性命，成就今日的光景。|zh
3052|50|20|20|As for you, it was in your mind to do me evil, but God has given a happy outcome, the salvation of numbers of people, as you see today.|en
3053|50|21|21|現在你們不要害怕，我必養活你們和你們的婦人孩子。於是約瑟用親愛的話安慰他們。|zh
3054|50|21|21|So now, have no fear: for I will take care of you and your little ones. So he gave them comfort with kind words.|en
3055|50|22|22|約瑟和他父親的眷屬都住在埃及。約瑟活了一百一十歲。|zh
3056|50|22|22|Now Joseph and all his father's family went on living in Egypt: and the years of Joseph's life were a hundred and ten.|en
3057|50|23|23|約瑟得見以法蓮第三代的子孫。瑪拿西的孫子、瑪吉的兒子也養在約瑟的膝上。|zh
3058|50|23|23|And Joseph saw Ephraim's children of the third generation: and the children of Machir, the son of Manasseh, came to birth on Joseph's knees.|en
3059|50|24|24|約瑟對他弟兄們說：我要死了，但神必定看顧你們，領你們從這地上去，到他起誓所應許給亞伯拉罕、以撒、雅各之地。|zh
3060|50|24|24|Then Joseph said to his brothers, The time of my death has come; but God will keep you in mind and take you out of this land into the land which he gave by his oath to Abraham and Isaac and Jacob.|en
3061|50|25|25|約瑟叫以色列的子孫起誓說：神必定看顧你們；你們要把我的骸骨從這裡搬上去。|zh
3062|50|25|25|Then Joseph made the children of Israel take an oath, saying, God will certainly give effect to his word, and you are to take my bones away from here.|en
3063|50|26|26|約瑟死了，正一百一十歲。人用香料將他薰了，把他收殮在棺材裡，停在埃及。|zh
3064|50|26|26|So Joseph came to his death, being a hundred and ten years old: and they made his body ready, and he was put in a chest in Egypt.|en
