|chapter|sec|no|content|lang
0|1|1|1|神的兒子，耶穌基督福音的起頭。|zh
1|1|1|1|The first words of the good news of Jesus Christ, the Son of God.|en
2|1|2|2|正如先知以賽亞（有古卷無以賽亞三個字）書上記著說：看哪，我要差遣我的使者在你前面，預備道路。|zh
3|1|2|2|Even as it is said in the book of Isaiah the prophet, See, I send my servant before your face, who will make ready your way;|en
4|1|3|3|在曠野有人聲喊著說：預備主的道，修直他的路。|zh
5|1|3|3|The voice of one crying in the waste land, Make ready the way of the Lord, make his roads straight;|en
6|1|4|4|照這話，約翰來了，在曠野施洗，傳悔改的洗禮，使罪得赦。|zh
7|1|4|4|John came, and gave baptism in the waste land, preaching baptism as a sign of forgiveness of sin for those whose hearts were changed.|en
8|1|5|5|猶太全地和耶路撒冷的人都出去到約翰那裡，承認他們的罪，在約但河裡受他的洗。|zh
9|1|5|5|And there went out to him all the people of Judaea, and all those of Jerusalem, and they were given baptism by him in the river Jordan, saying that they were sinners.|en
10|1|6|6|約翰穿駱駝毛的衣服，腰束皮帶，吃的是蝗蟲、野蜜。|zh
11|1|6|6|And John was clothed in camel's hair, with a leather band about him; and his food was locusts and honey.|en
12|1|7|7|他傳道說：有一位在我以後來的，能力比我更大，我就是彎腰給他解鞋帶也是不配的。|zh
13|1|7|7|And he said to them all, There is one coming after me who is greater than I, whose shoes I am not good enough to undo.|en
14|1|8|8|我是用水給你們施洗，他卻要用聖靈給你們施洗。|zh
15|1|8|8|I have given you baptism with water, but he will give you baptism with the Holy Spirit.|en
16|1|9|9|那時，耶穌從加利利的拿撒勒來，在約但河裡受了約翰的洗。|zh
17|1|9|9|And it came about in those days, that Jesus came from Nazareth of Galilee, and was given baptism by John in the Jordan.|en
18|1|10|10|他從水裡一上來，就看見天裂開了，聖靈彷彿鴿子，降在他身上。|zh
19|1|10|10|And straight away, coming up out of the water, he saw the heavens broken open and the Spirit coming down on him as a dove:|en
20|1|11|11|又有聲音從天上來，說：你是我的愛子，我喜悅你。|zh
21|1|11|11|And a voice came out of heaven, You are my dearly loved Son, with whom I am well pleased.|en
22|1|12|12|聖靈就把耶穌催到曠野裡去。|zh
23|1|12|12|And straight away the Spirit sent him out into the waste land.|en
24|1|13|13|他在曠野四十天，受撒但的試探，並與野獸同在一處，且有天使來伺候他。|zh
25|1|13|13|And he was in the waste land for forty days, being tested by Satan; and he was with the beasts; and the angels took care of him.|en
26|1|14|14|約翰下監以後，耶穌來到加利利，宣傳神的福音，|zh
27|1|14|14|Now after John had been put in prison, Jesus came into Galilee, preaching the good news of God,|en
28|1|15|15|說：日期滿了，神的國近了。你們當悔改，信福音！|zh
29|1|15|15|And saying, The time has come, and the kingdom of God is near: let your hearts be turned from sin and have faith in the good news.|en
30|1|16|16|耶穌順著加利利的海邊走，看見西門和西門的兄弟安得烈在海裡撒網；他們本是打魚的。|zh
31|1|16|16|And going by the sea of Galilee, he saw Simon, and Andrew, the brother of Simon, putting a net into the sea: for they were fishermen.|en
32|1|17|17|耶穌對他們說：來跟從我，我要叫你們得人如得魚一樣。|zh
33|1|17|17|And Jesus said to them, Come after me, and I will make you fishers of men.|en
34|1|18|18|他們就立刻捨了網，跟從了他。|zh
35|1|18|18|And they went straight from their nets, and came after him.|en
36|1|19|19|耶穌稍往前走，又見西庇太的兒子雅各和雅各的兄弟約翰在船上補網。|zh
37|1|19|19|And going on a little farther, he saw James, the son of Zebedee, and John his brother, who were in their boat stitching up their nets.|en
38|1|20|20|耶穌隨即招呼他們，他們就把父親西庇太和雇工人留在船上，跟從耶穌去了。|zh
39|1|20|20|And he said, Come after me: and they went away from their father Zebedee, who was in the boat with the servants, and came after him.|en
40|1|21|21|到了迦百農，耶穌就在安息日進了會堂教訓人。|zh
41|1|21|21|And they came to Capernaum; and on the Sabbath he went into the Synagogue and gave teaching.|en
42|1|22|22|眾人很希奇他的教訓；因為他教訓他們，正像有權柄的人，不像文士。|zh
43|1|22|22|And they were full of wonder at his teaching, because he gave it as one having authority, and not like the scribes.|en
44|1|23|23|在會堂裡，有一個人被污鬼附著。他喊叫說：|zh
45|1|23|23|And there was in their Synagogue a man with an unclean spirit; and he gave a cry,|en
46|1|24|24|拿撒勒人耶穌，我們與你有甚麼相干？你來滅我們麼？我知道你是誰，乃是神的聖者。|zh
47|1|24|24|Saying, What have we to do with you, Jesus of Nazareth? have you come to put an end to us? I see well who you are, the Holy One of God.|en
48|1|25|25|耶穌責備他說：不要作聲！從這人身上出來罷。|zh
49|1|25|25|And Jesus said to him sharply, Be quiet, and come out of him.|en
50|1|26|26|污鬼叫那人抽了一陣瘋，大聲喊叫，就出來了。|zh
51|1|26|26|And the unclean spirit, shaking him violently, and crying with a loud voice, came out of him.|en
52|1|27|27|眾人都驚訝，以致彼此對問說：這是甚麼事？是個新道理阿！他用權柄吩咐污鬼，連污鬼也聽從了他。|zh
53|1|27|27|And they were all greatly surprised, so that they put questions to one another, saying, What is this? a new teaching! with authority he gives orders even to the unclean spirits, and they do what he says.|en
54|1|28|28|耶穌的名聲就傳遍了加利利的四方。|zh
55|1|28|28|And news of him went out quickly everywhere into all parts of Galilee round about.|en
56|1|29|29|他們一出會堂，就同著雅各、約翰，進了西門和安得烈的家。|zh
57|1|29|29|And when they came out of the Synagogue, they went into the house of Simon and Andrew, with James and John.|en
58|1|30|30|西門的岳母正害熱病躺著，就有人告訴耶穌。|zh
59|1|30|30|Now Simon's wife's mother was ill, with a burning heat; and they gave him word of her:|en
60|1|31|31|耶穌進前拉著他的手，扶他起來，熱就退了，他就服事他們。|zh
61|1|31|31|And he came and took her by the hand, lifting her up; and she became well, and took care of their needs.|en
62|1|32|32|天晚日落的時候，有人帶著一切害病的，和被鬼附的，來到耶穌跟前。|zh
63|1|32|32|And in the evening, at sundown, they took to him all who were diseased, and those who had evil spirits.|en
64|1|33|33|合城的人都聚集在門前。|zh
65|1|33|33|And all the town had come together at the door.|en
66|1|34|34|耶穌治好了許多害各樣病的人，又趕出許多鬼，不許鬼說話，因為鬼認識他。|zh
67|1|34|34|And a number, who were ill with different diseases, he made well, and sent out evil spirits; but he did not let the evil spirits say anything, because they had knowledge of him.|en
68|1|35|35|次日早晨，天未亮的時候，耶穌起來，到曠野地方去，在那裡禱告。|zh
69|1|35|35|And in the morning, a long time before daylight, he got up and went out to a quiet place, and there he gave himself up to prayer.|en
70|1|36|36|西門和同伴追了他去，|zh
71|1|36|36|And Simon and those who were with him came after him.|en
72|1|37|37|遇見了就對他說：眾人都找你。|zh
73|1|37|37|And when they came up with him, they said to him, Everyone is looking for you.|en
74|1|38|38|耶穌對他們說：我們可以往別處去，到鄰近的鄉村，我也好在那裡傳道，因為我是為這事出來的。|zh
75|1|38|38|And he said to them, Let us go to other parts into the nearest towns, so that I may give teaching there, because for this purpose I came.|en
76|1|39|39|於是在加利利全地，進了會堂，傳道，趕鬼。|zh
77|1|39|39|And he went into their Synagogues in every part of Galilee, preaching and driving out evil spirits.|en
78|1|40|40|有一個長大痲瘋的來求耶穌，向他跪下，說：你若肯，必能叫我潔淨了。|zh
79|1|40|40|And a leper came to him and, going down on his knees before him, made a request, saying, If it is your pleasure, you have the power to make me clean.|en
80|1|41|41|耶穌動了慈心，就伸手摸他，說：我肯，你潔淨了罷！|zh
81|1|41|41|And being moved with pity, he put out his hand, and touching him said to him, It is my pleasure; be made clean.|en
82|1|42|42|大痲瘋即時離開他，他就潔淨了。|zh
83|1|42|42|And straight away the disease went from him, and he was made clean.|en
84|1|43|43|耶穌嚴嚴的囑咐他，就打發他走，|zh
85|1|43|43|And he sent him away, saying to him very sharply,|en
86|1|44|44|對他說：你要謹慎，甚麼話都不可告訴人，只要去把身體給祭司察看，又因為你潔淨了，獻上摩西所吩咐的禮物，對眾人作證據。|zh
87|1|44|44|See that you say nothing to any man: but go and let the priest see you, and make yourself clean by an offering of the things ordered by Moses, for a witness to them.|en
88|1|45|45|那人出去，倒說許多的話，把這件事傳揚開了，叫耶穌以後不得再明明的進城，只好在外邊曠野地方。人從各處都就了他來。|zh
89|1|45|45|But he went out, and made it public, giving an account of it everywhere, so that Jesus was no longer able to go openly into a town, but was outside in the waste land; and they came to him from every part.|en
90|2|1|1|過了些日子，耶穌又進了迦百農。人聽見他在房子裡，|zh
91|2|1|1|And when he came into Capernaum again after some days, the news went about that he was in the house.|en
92|2|2|2|就有許多人聚集，甚至連門前都沒有空地；耶穌就對他們講道。|zh
93|2|2|2|And a great number had come together, so that there was no longer room for them, no, not even about the door: and he gave them teaching.|en
94|2|3|3|有人帶著一個癱子來見耶穌，是用四個人抬來的；|zh
95|2|3|3|And four men came to him with one on a bed who had no power of moving.|en
96|2|4|4|因為人多，不得近前，就把耶穌所在的房子，拆了房頂，既拆通了，就把癱子連所躺臥的褥子都縋下來。|zh
97|2|4|4|And when they were unable to get near him because of all the people, they got the roof uncovered where he was: and when it was broken up, they let down the bed on which the man was.|en
98|2|5|5|耶穌見他們的信心，就對癱子說：小子，你的罪赦了。|zh
99|2|5|5|And Jesus, seeing their faith, said to him, Son, you have forgiveness for your sins.|en
100|2|6|6|有幾個文士坐在那裡，心裡議論，說：|zh
101|2|6|6|But there were certain of the scribes seated there, and reasoning in their hearts,|en
102|2|7|7|這個人為甚麼這樣說呢？他說僭妄的話了。除了神以外，誰能赦罪呢？|zh
103|2|7|7|Why does this man say such things? he has no respect for God: from whom does forgiveness come but from God only?|en
104|2|8|8|耶穌心中知道他們心裡這樣議論，就說：你們心裡為甚麼這樣議論呢？|zh
105|2|8|8|And Jesus, having knowledge in his spirit of their thoughts, said to them, Why are you reasoning about these things in your hearts?|en
106|2|9|9|或對癱子說你的罪赦了，或說起來！拿你的褥子行走；那一樣容易呢？|zh
107|2|9|9|Which is the simpler, to say to a man who is ill, You have forgiveness for your sins, or, Get up, take up your bed, and go?|en
108|2|10|10|但要叫你們知道，人子在地上有赦罪的權柄。就對癱子說：|zh
109|2|10|10|But so that you may see that the Son of man has authority for the forgiveness of sins on earth, (he said to the man,)|en
110|2|11|11|我吩咐你，起來！拿你的褥子回家去罷。|zh
111|2|11|11|I say to you, Get up, take up your bed, and go to your house.|en
112|2|12|12|那人就起來，立刻拿著褥子，當眾人面前出去了，以致眾人都驚奇，歸榮耀與神，說：我們從來沒有見過這樣的事！|zh
113|2|12|12|And he got up, and straight away took up the bed and went out before them all, so that they were all full of wonder, and gave glory to God, saying, We have never seen anything like this.|en
114|2|13|13|耶穌又出到海邊去，眾人都就了他來，他便教訓他們。|zh
115|2|13|13|And he went out again by the seaside; and all the people came to him, and he gave them teaching.|en
116|2|14|14|耶穌經過的時候，看見亞勒腓的兒子利未坐在稅關上，就對他說：你跟從我來。他就起來，跟從了耶穌。|zh
117|2|14|14|And when he went by, he saw Levi, the son of Alphaeus, seated at the place where taxes were taken, and he said to him, Come with me. And he got up, and went with him.|en
118|2|15|15|耶穌在利未家裡坐席的時候，有好些稅吏和罪人與耶穌並門徒一同坐席；因為這樣的人多，他們也跟隨耶穌。|zh
119|2|15|15|And it came about that he was seated at meat in his house, and a number of tax-farmers and sinners were at table with Jesus and his disciples: for there were a great number of them, and they came after him.|en
120|2|16|16|法利賽人中的文士（有古卷：文士和法利賽人）看見耶穌和罪人並稅吏一同吃飯，就對他門徒說：他和稅吏並罪人一同吃喝麼？|zh
121|2|16|16|And the scribes of the Pharisees, when they saw that he was taking food with the tax-farmers and sinners, said to his disciples, Why does he take food and drink with such men?|en
122|2|17|17|耶穌聽見，就對他們說：康健的人用不著醫生，有病的人才用得著。我來本不是召義人，乃是召罪人。|zh
123|2|17|17|And Jesus, hearing it, said to them, Those who are well have no need of a medical man, but those who are ill: I have come not to get the upright but sinners.|en
124|2|18|18|當下，約翰的門徒和法利賽人禁食。他們來問耶穌說：約翰的門徒和法利賽人的門徒禁食，你的門徒倒不禁食，這是為甚麼呢？|zh
125|2|18|18|And John's disciples and the Pharisees were taking no food: and they came and said to him, Why do John's disciples and the disciples of the Pharisees go without food, but your disciples do not?|en
126|2|19|19|耶穌對他們說：新郎和陪伴之人同在的時候，陪伴之人豈能禁食呢？新郎還同在，他們不能禁食。|zh
127|2|19|19|And Jesus said to them, Will the friends of a newly-married man go without food while he is with them? as long as they have him with them they will not go without food.|en
128|2|20|20|但日子將到，新郎要離開他們，那日他們就要禁食。|zh
129|2|20|20|But the days will come when the husband will be taken away from them, and then they will go without food.|en
130|2|21|21|沒有人把新布縫在舊衣服上，恐怕所補上的新布帶壞了舊衣服，破的就更大了。|zh
131|2|21|21|No man puts a bit of new cloth on an old coat: or the new, by pulling away from the old, makes a worse hole.|en
132|2|22|22|也沒有人把新酒裝在舊皮袋裡，恐怕酒把皮袋裂開，酒和皮袋就都壞了；惟把新酒裝在新皮袋裡。|zh
133|2|22|22|And no man puts new wine into old wine-skins: or the skins will be burst by the wine, and the wine and the skins will be wasted: but new wine has to be put into new wine-skins.|en
134|2|23|23|耶穌當安息日從麥地經過。他門徒行路的時候，掐了麥穗。|zh
135|2|23|23|And it came about that on the Sabbath day he was going through the grain-fields; and while they were walking, his disciples took the heads of grain.|en
136|2|24|24|法利賽人對耶穌說：看哪，他們在安息日為甚麼做不可做的事呢？|zh
137|2|24|24|And the Pharisees said to him, Why are they doing what it is not right to do on the Sabbath?|en
138|2|25|25|耶穌對他們說：經上記著大衛和跟從他的人缺乏飢餓之時所做的事，你們沒有念過麼？|zh
139|2|25|25|And he said to them, Have you no knowledge of what David did, when he had need and was without food, he, and those who were with him?|en
140|2|26|26|他當亞比亞他作大祭司的時候，怎麼進了神的殿，吃了陳設餅，又給跟從他的人吃。這餅除了祭司以外，人都不可吃。|zh
141|2|26|26|How he went into the house of God when Abiathar was high priest, and took for food the holy bread, which only the priests may take, and gave it to those who were with him?|en
142|2|27|27|又對他們說：安息日是為人設立的，人不是為安息日設立的。|zh
143|2|27|27|And he said to them, The Sabbath was made for man, and not man for the Sabbath;|en
144|2|28|28|所以，人子也是安息日的主。|zh
145|2|28|28|So that the Son of man is lord even of the Sabbath.|en
146|3|1|1|耶穌又進了會堂，在那裡有一個人枯乾了一隻手。|zh
147|3|1|1|And he went again into the Synagogue; and there was a man there whose hand was dead.|en
148|3|2|2|眾人窺探耶穌，在安息日醫治不醫治，意思是要控告耶穌。|zh
149|3|2|2|And they were watching him to see if he would make him well on the Sabbath day, so that they might have something against him.|en
150|3|3|3|耶穌對那枯乾一隻手的人說：起來，站在當中。|zh
151|3|3|3|And he said to the man, Get up and come forward.|en
152|3|4|4|又問眾人說：在安息日行善行惡，救命害命，那樣是可以的呢？他們都不作聲。|zh
153|3|4|4|And he said to them, Is it right to do good on the Sabbath or to do evil? to give life or to put to death? But they said nothing.|en
154|3|5|5|耶穌怒目周圍看他們，憂愁他們的心剛硬，就對那人說：伸出手來！他把手一伸，手就復了原。|zh
155|3|5|5|And looking round on them he was angry, being sad because of their hard hearts; and he said to the man, Put out your hand. And he put it out, and his hand was made well.|en
156|3|6|6|法利賽人出去，同希律一黨的人商議怎樣可以除滅耶穌。|zh
157|3|6|6|And the Pharisees went out, and straight away made designs with the Herodians about how they might put him to death.|en
158|3|7|7|耶穌和門徒退到海邊去，有許多人從加利利跟隨他。|zh
159|3|7|7|And Jesus went away with his disciples to the sea, and a great number from Galilee came after him: and from Judaea,|en
160|3|8|8|還有許多人聽見他所做的大事，就從猶太、耶路撒冷、以土買、約但河外，並推羅、西頓的四方來到他那裡。|zh
161|3|8|8|And from Jerusalem, and from Idumaea, and the other side of Jordan, and the country about Tyre and Sidon, a great number, hearing what great things he did, came to him.|en
162|3|9|9|他因為人多，就吩咐門徒叫一隻小船伺候著，免得眾人擁擠他。|zh
163|3|9|9|And he made a request to his disciples to have a little boat ready for him, so that he might not be crushed by the people;|en
164|3|10|10|他治好了許多人，所以凡有災病的，都擠進來要摸他。|zh
165|3|10|10|For he had made such a great number well that all those who were diseased were falling down before him for the purpose of touching him.|en
166|3|11|11|污鬼無論何時看見他，就俯伏在他面前，喊著說：你是神的兒子。|zh
167|3|11|11|And the unclean spirits, whenever they saw him, went down before him, crying out, and saying, You are the Son of God.|en
168|3|12|12|耶穌再三的囑咐他們，不要把他顯露出來。|zh
169|3|12|12|And he gave them special orders not to say who he was.|en
170|3|13|13|耶穌上了山，隨自己的意思叫人來；他們便來到他那裡。|zh
171|3|13|13|And he went up into the mountain, and sent for those whom it was his pleasure to have with him: and they went to him.|en
172|3|14|14|他就設立十二個人，要他們常和自己同在，也要差他們去傳道，|zh
173|3|14|14|And he took twelve to be with him, so that he might send them out as preachers,|en
174|3|15|15|並給他們權柄趕鬼。|zh
175|3|15|15|And give them the power of driving out evil spirits:|en
176|3|16|16|這十二個人有西門─耶穌又給他起名叫彼得，|zh
177|3|16|16|To Simon he gave the second name of Peter;|en
178|3|17|17|還有西庇太的兒子雅各和雅各的兄弟約翰，又給這兩個人起名叫半尼其，就是雷子的意思，|zh
179|3|17|17|And to James, the son of Zebedee, and John, the brother of James, he gave the second name of Boanerges, which is, Sons of thunder:|en
180|3|18|18|又有安得烈、腓力、巴多羅買、馬太、多馬、亞勒腓的兒子雅各、和達太，並奮銳黨的西門；|zh
181|3|18|18|And Andrew, and Philip, and Bartholomew, and Matthew, and Thomas, and James, the son of Alphaeus, and Thaddaeus, and Simon the Zealot;|en
182|3|19|19|還有賣耶穌的加略人猶大。|zh
183|3|19|19|And Judas Iscariot, who was false to him.|en
184|3|20|20|耶穌進了一個屋子，眾人又聚集，甚至他連飯也顧不得吃。|zh
185|3|20|20|And he went into a house. And the people came together again, so that they were not even able to take bread.|en
186|3|21|21|耶穌的親屬聽見，就出來要拉住他，因為他們說他癲狂了。|zh
187|3|21|21|And when his friends had news of it, they went out to get him, saying, He is off his head.|en
188|3|22|22|從耶路撒冷下來的文士說：他是被別西卜附著；又說：他是靠著鬼王趕鬼。|zh
189|3|22|22|And the scribes who came down from Jerusalem, said, He has Beelzebub, and, By the ruler of evil spirits he sends evil spirits out of men.|en
190|3|23|23|耶穌叫他們來，用比喻對他們說：撒但怎能趕出撒但呢？|zh
191|3|23|23|And turning to them, he said to them in the form of a story, How is it possible for Satan to put out Satan?|en
192|3|24|24|若一國自相分爭，那國就站立不住；|zh
193|3|24|24|If there is division in a kingdom, that kingdom will come to destruction;|en
194|3|25|25|若一家自相分爭，那家就站立不住。|zh
195|3|25|25|And if there is division in a house, that house will come to destruction;|en
196|3|26|26|若撒但自相攻打分爭，他就站立不住，必要滅亡。|zh
197|3|26|26|And if Satan is at war with himself, and there is division in him, he will not keep his place but will come to an end.|en
198|3|27|27|沒有人能進壯士家裡，搶奪他的家具；必先捆住那壯士，才可以搶奪他的家。|zh
199|3|27|27|But no one is able to go into the house of the strong man and take his goods, without first putting cords round the strong man, and then he will take his goods.|en
200|3|28|28|我實在告訴你們，世人一切的罪和一切褻瀆的話都可得赦免；|zh
201|3|28|28|Truly, I say to you, The sons of men will have forgiveness for all their sins and for all the evil words they say:|en
202|3|29|29|凡褻瀆聖靈的，卻永不得赦免，乃要擔當永遠的罪。|zh
203|3|29|29|But whoever says evil things against the Holy Spirit will never have forgiveness, but the evil he has done will be with him for ever:|en
204|3|30|30|這話是因為他們說：他是被污鬼附著的。|zh
205|3|30|30|Because they said, He has an unclean spirit.|en
206|3|31|31|當下，耶穌的母親和弟兄來，站在外邊，打發人去叫他。|zh
207|3|31|31|And his mother and brothers came and were outside, and sent for him, requesting to see him.|en
208|3|32|32|有許多人在耶穌周圍坐著，他們就告訴他說：看哪，你母親和你弟兄在外邊找你。|zh
209|3|32|32|And a great number were seated round him; and they said to him, See, your mother and your brothers are outside looking for you.|en
210|3|33|33|耶穌回答說：誰是我的母親？誰是我的弟兄？|zh
211|3|33|33|And he said in answer, Who are my mother and my brothers?|en
212|3|34|34|就四面觀看那周圍坐著的人，說：看哪，我的母親，我的弟兄。|zh
213|3|34|34|And looking round at those who were seated about him, he said, See, my mother and my brothers!|en
214|3|35|35|凡遵行神旨意的人就是我的弟兄姐妹和母親了。|zh
215|3|35|35|Whoever does God's pleasure, the same is my brother, and sister, and mother.|en
216|4|1|1|耶穌又在海邊教訓人。有許多人到他那裡聚集，他只得上船坐下。船在海裡，眾人都靠近海，站在岸上。|zh
217|4|1|1|And again he was teaching by the seaside. And a very great number of people had come to him, so that he got into a boat on the sea and took his seat; and all the people were on the land by the seaside.|en
218|4|2|2|耶穌就用比喻教訓他們許多道理。在教訓之間，對他們說：|zh
219|4|2|2|And he gave them teaching about a number of things in the form of stories, and said to them in his teaching, Give ear:|en
220|4|3|3|你們聽阿！有一個撒種的出去撒種。|zh
221|4|3|3|A man went out to put seed in the earth:|en
222|4|4|4|撒的時候，有落在路旁的，飛鳥來吃盡了；|zh
223|4|4|4|And while he was doing it, some was dropped by the wayside, and the birds came and took it for food.|en
224|4|5|5|有落在土淺石頭地上的，土既不深，發苗最快，|zh
225|4|5|5|And some went on the stones, where it had not much earth; and it came up straight away, because the earth was not deep:|en
226|4|6|6|日頭出來一曬，因為沒有根，就枯乾了；|zh
227|4|6|6|And when the sun was high, it was burned; and because it had no root, it became dry and dead.|en
228|4|7|7|有落在荊棘裡的，荊棘長起來，把他擠住了，就不結實；|zh
229|4|7|7|And some went among the thorns, and the thorns came up, and it had no room for growth and gave no fruit.|en
230|4|8|8|又有落在好土裡的，就發生長大，結實有三十倍的，有六十倍的，有一百倍的；|zh
231|4|8|8|And some, falling on good earth, gave fruit, coming up and increasing, and giving thirty, sixty, and a hundred times as much.|en
232|4|9|9|又說：有耳可聽的，就應當聽！|zh
233|4|9|9|And he said to them, Whoever has ears, let him give ear.|en
234|4|10|10|無人的時候，跟隨耶穌的人和十二個門徒問他這比喻的意思。|zh
235|4|10|10|And when he was by himself, those who were round him with the twelve put questions to him about the purpose of the stories.|en
236|4|11|11|耶穌對他們說：神國的奧祕只叫你們知道，若是對外人講，凡事就用比喻，|zh
237|4|11|11|And he said to them, To you is given the secret of the kingdom of God, but to those who are outside, all things are given in the form of stories;|en
238|4|12|12|叫他們看是看見，卻不曉得；聽是聽見，卻不明白；恐怕他們回轉過來，就得赦免。|zh
239|4|12|12|So that seeing they may see, and it will not be clear to them; and hearing it, they will not get the sense; for fear that they may be turned again to me and have forgiveness.|en
240|4|13|13|又對他們說：你們不明白這比喻麼？這樣怎能明白一切的比喻呢？|zh
241|4|13|13|And he said to them, If you are not clear about this story, how will you be clear about the others?|en
242|4|14|14|撒種之人所撒的就是道。|zh
243|4|14|14|The seed is the word.|en
244|4|15|15|那撒在路旁的，就是人聽了道，撒但立刻來，把撒在他心裡的道奪了去。|zh
245|4|15|15|And these are they by the wayside, where the word is planted; and when they have given ear, the Evil One comes straight away and takes away the word which has been planted in them.|en
246|4|16|16|那撒在石頭地上的，就是人聽了道，立刻歡喜領受，|zh
247|4|16|16|And in the same way, these are they who are planted on the stones, who, when the word has come to their ears, straight away take it with joy;|en
248|4|17|17|但他心裡沒有根，不過是暫時的，及至為道遭了患難，或是受了逼迫，立刻就跌倒了。|zh
249|4|17|17|And they have no root in themselves, but go on for a time; then, when trouble comes or pain, because of the word, they quickly become full of doubts.|en
250|4|18|18|還有那撒在荊棘裡的，就是人聽了道，|zh
251|4|18|18|And others are those planted among the thorns; these are they who have given ear to the word,|en
252|4|19|19|後來有世上的思慮、錢財的迷惑，和別樣的私慾進來，把道擠住了，就不能結實。|zh
253|4|19|19|And the cares of this life, and the deceits of wealth, and the desire for other things coming in, put a stop to the growth of the word, and it gives no fruit.|en
254|4|20|20|那撒在好地上的，就是人聽道，又領受，並且結實，有三十倍的，有六十倍的，有一百倍的。|zh
255|4|20|20|And these are they who were planted on the good earth; such as give ear to the word, and take it into their hearts, and give fruit, thirty and sixty and a hundred times as much.|en
256|4|21|21|耶穌又對他們說：人拿燈來，豈是要放在斗底下，床底下，不放在燈臺上麼？|zh
257|4|21|21|And he said to them, When the light comes in, do people put it under a vessel, or under the bed, and not on its table?|en
258|4|22|22|因為掩藏的事，沒有不顯出來的；隱瞞的事，沒有不露出來的。|zh
259|4|22|22|There is nothing covered which will not be seen openly, and nothing has been made secret which will not come to light.|en
260|4|23|23|有耳可聽的，就應當聽！|zh
261|4|23|23|If any man has ears, let him give ear.|en
262|4|24|24|又說：你們所聽的要留心。你們用甚麼量器量給人，也必用甚麼量器量給你們，並且要多給你們。|zh
263|4|24|24|And he said to them, Take care what you give ear to: in the same measure as you give you will get, and more will be given to you.|en
264|4|25|25|因為有的，還要給他；沒有的，連他所有的也要奪去。|zh
265|4|25|25|He who has, to him will be given: and he who has not, from him will be taken even that which he has.|en
266|4|26|26|又說：神的國如同人把種撒在地上。|zh
267|4|26|26|And he said, Such is the kingdom of God, as if a man put seed in the earth,|en
268|4|27|27|黑夜睡覺，白日起來，這種就發芽漸長，那人卻不曉得如何這樣。|zh
269|4|27|27|And went to sleep and got up, night and day, and the seed came to growth, though he had no idea how.|en
270|4|28|28|地生五穀是出於自然的：先發苗，後長穗，再後穗上結成飽滿的子粒；|zh
271|4|28|28|The earth gives fruit by herself; first the leaf, then the head, then the full grain.|en
272|4|29|29|穀既熟了，就用鐮刀去割，因為收成的時候到了。|zh
273|4|29|29|But when the grain is ready, he quickly sends men to get it cut, because the time for cutting has come.|en
274|4|30|30|又說：神的國，我們可用甚麼比較呢？可用甚麼比喻表明呢？|zh
275|4|30|30|And he said, What picture may we give of the kingdom of God, or with what story may we make it clear?|en
276|4|31|31|好像一粒芥菜種，種在地裡的時候，雖比地上的百種都小，|zh
277|4|31|31|It is like a grain of mustard seed, which, when it is put in the earth, is smaller than all the seeds on the earth,|en
278|4|32|32|但種上以後，就長起來，比各樣的菜都大，又長出大枝來，甚至天上的飛鳥可以宿在他的蔭下。|zh
279|4|32|32|But when it is planted, it comes up, and becomes taller than all the plants, and puts out great branches, so that the birds of heaven are able to take rest in its shade.|en
280|4|33|33|耶穌用許多這樣的比喻，照他們所能聽的，對他們講道。|zh
281|4|33|33|And with a number of such stories he gave them his teaching, as they were able to take it:|en
282|4|34|34|若不用比喻，就不對他們講；沒有人的時候，就把一切的道講給門徒聽。|zh
283|4|34|34|And without a story he said nothing to them: but privately to his disciples he made all things clear.|en
284|4|35|35|當那天晚上，耶穌對門徒說：我們渡到那邊去罷。|zh
285|4|35|35|And on that day, when the evening had come, he said to them, Let us go over to the other side.|en
286|4|36|36|門徒離開眾人，耶穌仍在船上，他們就把他一同帶去；也有別的船和他同行。|zh
287|4|36|36|And going away from the people, they took him with them, as he was, in the boat. And other boats were with him.|en
288|4|37|37|忽然起了暴風，波浪打入船內，甚至船要滿了水。|zh
289|4|37|37|And a great storm of wind came up, and the waves came into the boat, so that the boat was now becoming full.|en
290|4|38|38|耶穌在船尾上，枕著枕頭睡覺。門徒叫醒了他，說：夫子！我們喪命，你不顧麼？|zh
291|4|38|38|And he himself was in the back of the boat, sleeping on the cushion: and they, awaking him, said, Master, is it nothing to you that we are in danger of destruction?|en
292|4|39|39|耶穌醒了，斥責風，向海說：住了罷！靜了罷！風就止住，大大的平靜了。|zh
293|4|39|39|And he came out of his sleep, and gave strong orders to the wind, and said to the sea, Peace, be at rest. And the wind went down, and there was a great calm.|en
294|4|40|40|耶穌對他們說：為甚麼膽怯？你們還沒有信心麼？|zh
295|4|40|40|And he said to them, Why are you full of fear? have you still no faith?|en
296|4|41|41|他們就大大的懼怕，彼此說：這到底是誰，連風和海也聽從他了。|zh
297|4|41|41|And their fear was great, and they said one to another, Who then is this, that even the wind and the sea do his orders?|en
298|5|1|1|他們來到海那邊格拉森人的地方。|zh
299|5|1|1|And they came to the other side of the sea, into the country of the Gerasenes.|en
300|5|2|2|耶穌一下船，就有一個被污鬼附著的人從墳塋裡出來迎著他。|zh
301|5|2|2|And when he had got out of the boat, straight away there came to him from the place of the dead a man with an unclean spirit.|en
302|5|3|3|那人常住在墳塋裡，沒有人能捆住他，就是用鐵鍊也不能；|zh
303|5|3|3|He was living in the place of the dead: and no man was able to keep him down, no, not with a chain;|en
304|5|4|4|因為人屢次用腳鐐和鐵鍊捆鎖他，鐵鍊竟被他掙斷了，腳鐐也被他弄碎了；總沒有人能制伏他。|zh
305|5|4|4|Because he had frequently been prisoned in chains and iron bands, and the chains had been parted and the bands broken by him: and no man was strong enough to make him quiet.|en
306|5|5|5|他晝夜常在墳塋裡和山中喊叫，又用石頭砍自己。|zh
307|5|5|5|And all the time, by day and by night, in the place of the dead, and in the mountains, he was crying out and cutting himself with stones.|en
308|5|6|6|他遠遠的看見耶穌，就跑過去拜他，|zh
309|5|6|6|And when he saw Jesus from far off, he went quickly to him and gave him worship;|en
310|5|7|7|大聲呼叫說：至高神的兒子耶穌，我與你有甚麼相干？我指著神懇求你，不要叫我受苦！|zh
311|5|7|7|And crying out with a loud voice he said, What have I to do with you, Jesus, Son of the Most High God? In God's name, do not be cruel to me.|en
312|5|8|8|是因耶穌曾吩咐他說：污鬼阿，從這人身上出來罷！|zh
313|5|8|8|For Jesus had said to him, Come out of the man, you unclean spirit.|en
314|5|9|9|耶穌問他說：你名叫甚麼？回答說：我名叫群，因為我們多的緣故；|zh
315|5|9|9|And Jesus said, What is your name? And he made answer, My name is Legion, because there are a great number of us.|en
316|5|10|10|就再三的求耶穌，不要叫他們離開那地方。|zh
317|5|10|10|And he made strong prayers to him not to send them away out of the country.|en
318|5|11|11|在那裡山坡上，有一大群豬吃食；|zh
319|5|11|11|Now on the mountain side there was a great herd of pigs getting their food.|en
320|5|12|12|鬼就央求耶穌說：求你打發我們往豬群裡，附著豬去。|zh
321|5|12|12|And they said to him, Send us into the pigs, so that we may go into them.|en
322|5|13|13|耶穌准了他們，污鬼就出來，進入豬裡去。於是那群豬闖下山崖，投在海裡，淹死了。豬的數目約有二千。|zh
323|5|13|13|And he let them do it. And the unclean spirits came out and went into the pigs; and the herd went rushing down a sharp slope into the sea, about two thousand of them; and they came to their death in the sea.|en
324|5|14|14|放豬的就逃跑了，去告訴城裡和鄉下的人。眾人就來，要看是甚麼事。|zh
325|5|14|14|And their keepers went running and gave an account of it in the town and in the country. And people came to see what had taken place.|en
326|5|15|15|他們來到耶穌那裡，看見那被鬼附著的人，就是從前被群鬼所附的，坐著，穿上衣服，心裡明白過來，他們就害怕。|zh
327|5|15|15|And they came to Jesus, and saw the man in whom had been the evil spirits seated, clothed and with full use of his senses, and they were full of fear.|en
328|5|16|16|看見這事的，便將鬼附之人所遇見的和那群豬的事都告訴了眾人；|zh
329|5|16|16|And those who had seen it gave them an account of what had been done to him who had the evil spirits, and of the fate of the pigs.|en
330|5|17|17|眾人就央求耶穌離開他們的境界。|zh
331|5|17|17|And they made a request to him to go out of their country.|en
332|5|18|18|耶穌上船的時候，那從前被鬼附著的人懇求和耶穌同在。|zh
333|5|18|18|And when he was getting into the boat, the man in whom had been the evil spirits had a great desire to come with him.|en
334|5|19|19|耶穌不許，卻對他說：你回家去，到你的親屬那裡，將主為你所做的是何等大的事，是怎樣憐憫你，都告訴他們。|zh
335|5|19|19|And he would not let him, but said to him, Go to your house, to your friends, and give them news of the great things the Lord has done for you, and how he had mercy on you.|en
336|5|20|20|那人就走了，在低加波利傳揚耶穌為他做了何等大的事，眾人就都希奇。|zh
337|5|20|20|And he went on his way, and made public in the country of Decapolis what great things Jesus had done for him: and all men were full of wonder.|en
338|5|21|21|耶穌坐船又渡到那邊去，就有許多人到他那裡聚集；他正在海邊上。|zh
339|5|21|21|And when Jesus had gone over again in the boat to the other side, a great number of people came to him: and he was by the sea.|en
340|5|22|22|有一個管會堂的人，名叫睚魯，來見耶穌，就俯伏在他腳前，|zh
341|5|22|22|And one of the rulers of the Synagogue, Jairus by name, came, and seeing him, went down at his feet,|en
342|5|23|23|再三的求他，說：我的小女兒快要死了，求你去按手在他身上，使他痊愈，得以活了。|zh
343|5|23|23|And made strong prayers to him, saying, My little daughter is near to death: it is my prayer that you will come and put your hands on her, so that she may be made well, and have life.|en
344|5|24|24|耶穌就和他同去。有許多人跟隨擁擠他。|zh
345|5|24|24|And he went with him; and a great number of people went after him, and came round him.|en
346|5|25|25|有一個女人，患了十二年的血漏，|zh
347|5|25|25|And a woman, who had had a flow of blood for twelve years,|en
348|5|26|26|在好些醫生手裡受了許多的苦，又花盡了他所有的，一點也不見好，病勢反倒更重了。|zh
349|5|26|26|And had undergone much at the hands of a number of medical men, and had given all she had, and was no better, but even worse,|en
350|5|27|27|他聽見耶穌的事，就從後頭來，雜在眾人中間，摸耶穌的衣裳，|zh
351|5|27|27|When she had news of the things which Jesus did, went among the people coming after him, and put her hand on his robe.|en
352|5|28|28|意思說：我只摸他的衣裳，就必痊愈。|zh
353|5|28|28|For she said, If I may only put my hand on his robe, I will be made well.|en
354|5|29|29|於是他血漏的源頭立刻乾了；他便覺得身上的災病好了。|zh
355|5|29|29|And straight away the fountain of her blood was stopped, and she had a feeling in her body that her disease had gone and she was well.|en
356|5|30|30|耶穌頓時心裡覺得有能力從自己身上出去，就在眾人中間轉過來，說：誰摸我的衣裳？|zh
357|5|30|30|And straight away Jesus was conscious that power had gone out of him; and, turning to the people, he said, Who was touching my robe?|en
358|5|31|31|門徒對他說：你看眾人擁擠你，還說誰摸我麼？|zh
359|5|31|31|And his disciples said to him, You see the people round you on every side, and you say, Who was touching me?|en
360|5|32|32|耶穌周圍觀看，要見做這事的女人。|zh
361|5|32|32|And on his looking round to see her who had done this thing,|en
362|5|33|33|那女人知道在自己身上所成的事，就恐懼戰兢，來俯伏在耶穌跟前，將實情全告訴他。|zh
363|5|33|33|The woman, shaking with fear, conscious of what had been done to her, came and, falling on her face before him, gave him a true account of everything.|en
364|5|34|34|耶穌對他說：女兒，你的信救了你，平平安安的回去罷！你的災病痊愈了。|zh
365|5|34|34|And he said to her, Daughter, your faith has made you well; go in peace, and be free from your disease.|en
366|5|35|35|還說話的時候，有人從管會堂的家裡來，說：你的女兒死了，何必還勞動先生呢？|zh
367|5|35|35|And while he was still talking, they came from the ruler of the Synagogue's house, saying, Your daughter is dead: why are you still troubling the Master?|en
368|5|36|36|耶穌聽見所說的話，就對管會堂的說：不要怕，只要信！|zh
369|5|36|36|But Jesus, giving no attention to their words, said to the ruler of the Synagogue, Have no fear, only have faith.|en
370|5|37|37|於是帶著彼得、雅各、和雅各的兄弟約翰同去，不許別人跟隨他。|zh
371|5|37|37|And he did not let anyone come with him, but Peter and James and John, the brother of James.|en
372|5|38|38|他們來到管會堂的家裡；耶穌看見那裡亂嚷，並有人大大的哭泣哀號，|zh
373|5|38|38|And they came to the house of the ruler of the Synagogue; and he saw people running this way and that, and weeping and crying loudly.|en
374|5|39|39|進到裡面，就對他們說：為甚麼亂嚷哭泣呢？孩子不是死了，是睡著了。|zh
375|5|39|39|And when he had gone in, he said to them, Why are you making such a noise and weeping? The child is not dead, but sleeping.|en
376|5|40|40|他們就嗤笑耶穌。耶穌把他們都攆出去，就帶著孩子的父母，和跟隨的人進了孩子所在的地方，|zh
377|5|40|40|And they were laughing at him. But he, having sent them all out, took the father of the child and her mother and those who were with him, and went in where the child was.|en
378|5|41|41|就拉著孩子的手，對他說：大利大，古米！繙出來就是說：閨女，我吩咐你起來！|zh
379|5|41|41|And taking her by the hand, he said to her, Talitha cumi, which is, My child, I say to you, Get up.|en
380|5|42|42|那閨女立時起來走。他們就大大的驚奇；閨女已經十二歲了。|zh
381|5|42|42|And the young girl got up straight away, and was walking about; she being twelve years old. And they were overcome with wonder.|en
382|5|43|43|耶穌切切的囑咐他們，不要叫人知道這事，又吩咐給他東西吃。|zh
383|5|43|43|And he gave them special orders that they were not to say anything of this; and he said that some food was to be given to her.|en
384|6|1|1|耶穌離開那裡，來到自己的家鄉；門徒也跟從他。|zh
385|6|1|1|And he went away from there, and came into his country; and his disciples went with him.|en
386|6|2|2|到了安息日，他在會堂裡教訓人。眾人聽見，就甚希奇，說：這人從那裡有這些事呢？所賜給他的是甚麼智慧？他手所做的是何等的異能呢？|zh
387|6|2|2|And when the Sabbath day had come, he was teaching in the Synagogue; and a number of people hearing him were surprised, saying, From where did this man get these things? and, What is the wisdom given to this man, and what are these works of power done by his hands?|en
388|6|3|3|這不是那木匠麼？不是馬利亞的兒子雅各、約西、猶大、西門的長兄麼？他妹妹們不也是在我們這裡麼？他們就厭棄他。（厭棄他：原文是因他跌倒）|zh
389|6|3|3|Is not this the woodworker, the son of Mary, and brother of James and Joses and Judas and Simon? and are not his sisters here with us? And they were bitter against him.|en
390|6|4|4|耶穌對他們說：大凡先知，除了本地、親屬、本家之外，沒有不被人尊敬的。|zh
391|6|4|4|And Jesus said to them, A prophet is nowhere without honour, but in his country, and among his relations, and in his family.|en
392|6|5|5|耶穌就在那裡不得行甚麼異能，不過按手在幾個病人身上，治好他們。|zh
393|6|5|5|And he was unable to do any work of power there, but only to put his hands on one or two persons who were ill, and make them well.|en
394|6|6|6|他也詫異他們不信，就往周圍鄉村教訓人去了。|zh
395|6|6|6|And he was greatly surprised because they had no faith. And he went about the country places teaching.|en
396|6|7|7|耶穌叫了十二個門徒來，差遣他們兩個兩個的出去，也賜給他們權柄，制伏污鬼；|zh
397|6|7|7|And he gave orders to the twelve, and sent them out two by two; and he gave them authority over the unclean spirits;|en
398|6|8|8|並且囑咐他們：行路的時候不要帶食物和口袋，腰袋裡也不要帶錢，除了柺杖以外，甚麼都不要帶；|zh
399|6|8|8|And he said that they were to take nothing for their journey, but a stick only; no bread, no bag, no money in their pockets;|en
400|6|9|9|只要穿鞋，也不要穿兩件掛子，|zh
401|6|9|9|They were to go with common shoes on their feet, and not to take two coats.|en
402|6|10|10|又對他們說：你們無論到何處，進了人的家，就住在那裡，直到離開那地方。|zh
403|6|10|10|And he said to them, Wherever you go into a house, make that your resting-place till you go away.|en
404|6|11|11|何處的人不接待你們，不聽你們，你們離開那裡的時候，就把腳上的塵土跺下去，對他們作見證。|zh
405|6|11|11|And whatever place will not take you in and will not give ear to you, when you go away, put off the dust from your feet as a witness against them.|en
406|6|12|12|門徒就出去傳道，叫人悔改，|zh
407|6|12|12|And they went out, preaching the need for a change of heart in men.|en
408|6|13|13|又趕出許多的鬼，用油抹了許多病人，治好他們。|zh
409|6|13|13|And they sent out a number of evil spirits, and put oil on a great number who were ill, and made them well.|en
410|6|14|14|耶穌的名聲傳揚出來。希律王聽見了，就說：施洗的約翰從死裡復活了，所以這些異能由他裡面發出來。|zh
411|6|14|14|And king Herod had news of him, because his name was on the lips of all; and he said, John the Baptist has come back from the dead, and for this reason these powers are working in him.|en
412|6|15|15|但別人說：是以利亞。又有人說：是先知，正像先知中的一位。|zh
413|6|15|15|But others said, It is Elijah. And others said, It is a prophet, even like one of the prophets.|en
414|6|16|16|希律聽見卻說：是我所斬的約翰，他復活了。|zh
415|6|16|16|But Herod, when he had news of it, said, John, whom I put to death, has come back from the dead.|en
416|6|17|17|先是希律為他兄弟腓力的妻子希羅底的緣故，差人去拿住約翰，鎖在監裡，因為希律已經娶了那婦人。|zh
417|6|17|17|For Herod himself had sent men out to take John and put him in prison, because of Herodias, his brother Philip's wife, whom he had taken for himself.|en
418|6|18|18|約翰曾對希律說：你娶你兄弟的妻子是不合理的。|zh
419|6|18|18|For John said to Herod, It is wrong for you to have your brother's wife.|en
420|6|19|19|於是希羅底懷恨他，想要殺他，只是不能；|zh
421|6|19|19|And Herodias was bitter against him, desiring to put him to death; but she was not able;|en
422|6|20|20|因為希律知道約翰是義人，是聖人，所以敬畏他，保護他，聽他講論，就多照著行（有古卷：游移不定），並且樂意聽他。|zh
423|6|20|20|For Herod was in fear of John, being conscious that he was an upright and holy man, and kept him safe. And hearing him, he was much troubled; and he gave ear to him gladly.|en
424|6|21|21|有一天，恰巧是希律的生日，希律擺設筵席，請了大臣和千夫長，並加利利作首領的。|zh
425|6|21|21|And the chance came when Herod on his birthday gave a feast to his lords, and the high captains, and the chief men of Galilee;|en
426|6|22|22|希羅底的女兒進來跳舞，使希律和同席的人都歡喜。王就對女子說：你隨意向我求甚麼，我必給你；|zh
427|6|22|22|And when the daughter of Herodias herself came in and did a dance, Herod and those who were at table with him were pleased with her; and the king said to the girl, Make a request for anything and I will give it you.|en
428|6|23|23|又對他起誓說：隨你向我求甚麼，就是我國的一半，我也必給你。|zh
429|6|23|23|And he took an oath, saying to her, Whatever is your desire I will give it to you, even half of my kingdom.|en
430|6|24|24|他就出去對他母親說：我可以求甚麼呢？他母親說：施洗約翰的頭。|zh
431|6|24|24|And she went out and said to her mother, What is my request to be? And she said, The head of John the Baptist.|en
432|6|25|25|他就急忙進去見王，求他說：我願王立時把施洗約翰的頭放在盤子裡給我。|zh
433|6|25|25|And she came in quickly to the king, and said, My desire is that you give me straight away on a plate the head of John the Baptist.|en
434|6|26|26|王就甚憂愁；但因他所起的誓，又因同席的人，就不肯推辭，|zh
435|6|26|26|And the king was very sad; but because of his oaths, and those who were with him at table, he would not say 'No' to her.|en
436|6|27|27|隨即差一個護衛兵，吩咐拿約翰的頭來。護衛兵就去，在監裡斬了約翰，|zh
437|6|27|27|And straight away the king sent out one of his armed men, and gave him an order to come back with the head: and he went and took off John's head in prison,|en
438|6|28|28|把頭放在盤子裡，拿來給女子，女子就給他母親。|zh
439|6|28|28|And came back with the head on a plate, and gave it to the girl; and the girl gave it to her mother.|en
440|6|29|29|約翰的門徒聽見了，就來把他的屍首領去，葬在墳墓裡。|zh
441|6|29|29|And when his disciples had news of it, they came and took up his body, and put it in its last resting-place.|en
442|6|30|30|使徒聚集到耶穌那裡，將一切所做的事、所傳的道全告訴他。|zh
443|6|30|30|And the twelve came together to Jesus; and they gave him an account of all the things they had done, and all they had been teaching.|en
444|6|31|31|他就說：你們來，同我暗暗的到曠野地方去歇一歇。這是因為來往的人多，他們連吃飯也沒有工夫。|zh
445|6|31|31|And he said to them, Come away by yourselves to a quiet place, and take a rest for a time. Because there were a great number coming and going, and they had no time even for food.|en
446|6|32|32|他們就坐船，暗暗的往曠野地方去。|zh
447|6|32|32|And they went away in the boat to a waste place by themselves.|en
448|6|33|33|眾人看見他們去，有許多認識他們的，就從各城步行，一同跑到那裡，比他們先趕到了。|zh
449|6|33|33|And the people saw them going, and a number of them, having knowledge who they were, went running there together on foot from all the towns, and got there before them.|en
450|6|34|34|耶穌出來，見有許多的人，就憐憫他們，因為他們如同羊沒有牧人一般，於是開口教訓他們許多道理。|zh
451|6|34|34|And he got out, and saw a great mass of people, and he had pity on them, because they were like sheep without a keeper: and he gave them teaching about a number of things.|en
452|6|35|35|天已經晚了，門徒進前來，說：這是野地，天已經晚了，|zh
453|6|35|35|And at the end of the day, his disciples came to him and said, This place is waste land, and it is late:|en
454|6|36|36|請叫眾人散開，他們好往四面鄉村裡去，自己買甚麼吃。|zh
455|6|36|36|Send them away, so that they may go into the country and small towns round about, and get some food for themselves.|en
456|6|37|37|耶穌回答說：你們給他們吃罷。門徒說：我們可以去買二十兩銀子的餅，給他們吃麼？|zh
457|6|37|37|But he said to them in answer, Give them food yourselves. And they said to him, Are we to go and get bread for two hundred pence, and give it to them?|en
458|6|38|38|耶穌說：你們有多少餅，可以去看看。他們知道了，就說：五個餅，兩條魚。|zh
459|6|38|38|And he said to them, How much bread have you? go and see. And when they had seen, they said, Five cakes of bread and two fishes.|en
460|6|39|39|耶穌吩咐他們，叫眾人一幫一幫的坐在青草地上。|zh
461|6|39|39|And he made them all be seated in groups on the green grass.|en
462|6|40|40|眾人就一排一排的坐下，有一百一排的，有五十一排的。|zh
463|6|40|40|And they were placed in groups, by hundreds and by fifties.|en
464|6|41|41|耶穌拿著這五個餅，兩條魚，望著天祝福，擘開餅，遞給門徒，擺在眾人面前，也把那兩條魚分給眾人。|zh
465|6|41|41|And he took the five cakes of bread and the two fishes and, looking up to heaven, he said words of blessing over them; and when the cakes were broken, he gave them to the disciples to put before the people; and he made division of the two fishes among them all.|en
466|6|42|42|他們都吃，並且吃飽了。|zh
467|6|42|42|And they all took of the food and had enough.|en
468|6|43|43|門徒就把碎餅碎魚收拾起來，裝滿了十二個籃子。|zh
469|6|43|43|And they took up twelve baskets full of the broken bits and of the fishes.|en
470|6|44|44|吃餅的男人共有五千。|zh
471|6|44|44|And those who took of the bread were five thousand men.|en
472|6|45|45|耶穌隨即催門徒上船，先渡到那邊伯賽大去，等他叫眾人散開。|zh
473|6|45|45|And straight away he made his disciples get into the boat, and go before him to the other side to Beth-saida, while he himself sent the people away.|en
474|6|46|46|他既辭別了他們，就往山上去禱告。|zh
475|6|46|46|And after he had sent them away, he went up into a mountain for prayer.|en
476|6|47|47|到了晚上，船在海中，耶穌獨自在岸上；|zh
477|6|47|47|And by evening, the boat was in the middle of the sea, and he by himself on the land.|en
478|6|48|48|看見門徒因風不順，搖櫓甚苦。夜裡約有四更天，就在海面上走，往他們那裡去，意思要走過他們去。|zh
479|6|48|48|And seeing that they had trouble in getting their boat through the water, because the wind was against them, about the fourth watch of the night he came to them, walking on the sea; and he would have gone past them;|en
480|6|49|49|但門徒看見他在海面上走，以為是鬼怪，就喊叫起來；|zh
481|6|49|49|But they, when they saw him walking on the sea, took him for a spirit, and gave a loud cry:|en
482|6|50|50|因為他們都看見了他，且甚驚慌。耶穌連忙對他們說：你們放心！是我，不要怕！|zh
483|6|50|50|For they all saw him, and were troubled. But straight away he said to them, Take heart, it is I, have no fear.|en
484|6|51|51|於是到他們那裡，上了船，風就住了；他們心裡十分驚奇。|zh
485|6|51|51|And he went to them into the boat, and the wind went down, and they were full of wonder in themselves;|en
486|6|52|52|這是因為他們不明白那分餅的事，心裡還是愚頑。|zh
487|6|52|52|For it was not clear to them about the bread; but their hearts were hard.|en
488|6|53|53|既渡過去，來到革尼撒勒地方，就靠了岸，|zh
489|6|53|53|And when they had gone across, they came to Gennesaret, and got their boat to land.|en
490|6|54|54|一下船，眾人認得是耶穌，|zh
491|6|54|54|And when they had got out of the boat, the people quickly had news of him,|en
492|6|55|55|就跑遍那一帶地方，聽見他在何處，便將有病的人用褥子抬到那裡。|zh
493|6|55|55|And went running through all the country round about, and took on their beds those who were ill, to where it was said that he was.|en
494|6|56|56|凡耶穌所到的地方，或村中，或城裡，或鄉間，他們都將病人放在街市上，求耶穌只容他們摸他的衣裳繸子；凡摸著的人就都好了。|zh
495|6|56|56|And wherever he went, into small towns, or great towns, or into the country, they took those who were ill into the market-places, requesting him that they might put their hands even on the edge of his robe: and all those who did so were made well.|en
496|7|1|1|有法利賽人和幾個文士從耶路撒冷來，到耶穌那裡聚集。|zh
497|7|1|1|And there came together to him the Pharisees and certain of the scribes who had come from Jerusalem,|en
498|7|2|2|他們曾看見他的門徒中有人用俗手，就是沒有洗的手，吃飯。|zh
499|7|2|2|And had seen that some of his disciples took their bread with unclean, that is, unwashed, hands.|en
500|7|3|3|（原來法利賽人和猶太人都拘守古人的遺傳，若不仔細洗手就不吃飯；|zh
501|7|3|3|Now the Pharisees, and all the Jews, do not take food without washing their hands with care, keeping the old rule which has been handed down to them:|en
502|7|4|4|從市上來，若不洗浴也不吃飯；還有好些別的規矩，他們歷代拘守，就是洗杯、罐、銅器等物。）|zh
503|7|4|4|And when they come from the market-place, they take no food till their hands are washed; and a number of other orders there are, which have been handed down to them to keep--washings of cups and pots and brass vessels.|en
504|7|5|5|法利賽人和文士問他說：你的門徒為甚麼不照古人的遺傳，用俗手吃飯呢？|zh
505|7|5|5|And the Pharisees and the scribes put the question to him, Why do your disciples not keep the rules of the fathers, but take their bread with unwashed hands?|en
506|7|6|6|耶穌說：以賽亞指著你們假冒為善之人所說的預言是不錯的。如經上說：這百姓用嘴唇尊敬我，心卻遠離我。|zh
507|7|6|6|And he said, Well did Isaiah say of you, you false ones: These people give me honour with their lips, but their heart is far from me.|en
508|7|7|7|他們將人的吩咐當作道理教導人，所以拜我也是枉然。|zh
509|7|7|7|But their worship is to no purpose, while they give as their teaching the rules of men.|en
510|7|8|8|你們是離棄神的誡命，拘守人的遺傳；|zh
511|7|8|8|For, turning away from the law of God, you keep the rules of men.|en
512|7|9|9|又說：你們誠然是廢棄神的誡命，要守自己的遺傳。|zh
513|7|9|9|And he said to them, Truly you put on one side the law of God, so that you may keep the rules which have been handed down to you.|en
514|7|10|10|摩西說：當孝敬父母；又說：咒罵父母的，必治死他。|zh
515|7|10|10|For Moses said, Give honour to your father and mother, and, He who says evil of father or mother, let him have the punishment of death:|en
516|7|11|11|你們倒說：人若對父母說：我所當奉給你的，已經作了各耳板（各耳板就是供獻的意思），|zh
517|7|11|11|But you say, If a man says to his father or his mother, That by which you might have had profit from me is Corban, that is to say, Given to God,|en
518|7|12|12|以後你們就不容他再奉養父母。|zh
519|7|12|12|You no longer let him do anything for his father or his mother;|en
520|7|13|13|這就是你們承接遺傳，廢了神的道。你們還做許多這樣的事。|zh
521|7|13|13|Making the word of God of no effect by your rule, which you have given: and a number of other such things you do.|en
522|7|14|14|耶穌又叫眾人來，對他們說：你們都要聽我的話，也要明白。|zh
523|7|14|14|And turning to the people again, he said to them, Give ear to me all of you, and let my words be clear to you:|en
524|7|15|15|從外面進去的不能污穢人，惟有從裡面出來的乃能污穢人。（有古卷在此有：|zh
525|7|15|15|There is nothing outside the man which, going into him, is able to make him unclean: but the things which come out of the man are those which make the man unclean.|en
526|7|16|16|有耳可聽的，就應當聽！）|zh
527|7|16|16|[]|en
528|7|17|17|耶穌離開眾人，進了屋子，門徒就問他這比喻的意思。|zh
529|7|17|17|And when he had gone into the house away from all the people, his disciples put questions to him about the saying.|en
530|7|18|18|耶穌對他們說：你們也是這樣不明白麼？豈不曉得凡從外面進入的，不能污穢人，|zh
531|7|18|18|And he said to them, Have even you so little wisdom? Do you not see that whatever goes into a man from outside is not able to make him unclean,|en
532|7|19|19|因為不是入他的心，乃是入他的肚腹，又落到茅廁裡。這是說，各樣的食物都是潔淨的；|zh
533|7|19|19|Because it goes not into the heart but into the stomach, and goes out with the waste? He said this, making all food clean.|en
534|7|20|20|又說：從人裡面出來的，那才能污穢人；|zh
535|7|20|20|And he said, That which comes out of the man, that makes the man unclean.|en
536|7|21|21|因為從裡面，就是從人心裡，發出惡念、苟合、|zh
537|7|21|21|Because from inside, from the heart of men, come evil thoughts and unclean pleasures,|en
538|7|22|22|偷盜、兇殺、姦淫、貪婪、邪惡、詭詐、淫蕩、嫉妒、謗讟、驕傲、狂妄。|zh
539|7|22|22|The taking of goods and of life, broken faith between husband and wife, the desire of wealth, wrongdoing, deceit, sins of the flesh, an evil eye, angry words, pride, foolish acts:|en
540|7|23|23|這一切的惡都是從裡面出來，且能污穢人。|zh
541|7|23|23|All these evil things come from inside, and make the man unclean.|en
542|7|24|24|耶穌從那裡起身，往推羅、西頓的境內去，進了一家，不願意人知道，卻隱藏不住。|zh
543|7|24|24|And he went away from there to the country of Tyre and Sidon. And he went into a house, desiring that no man might have knowledge of it: and he was not able to keep it secret.|en
544|7|25|25|當下，有一個婦人，他的小女兒被污鬼附著，聽見耶穌的事，就來俯伏在他腳前。|zh
545|7|25|25|But a woman, whose little daughter had an unclean spirit, having had news of him, came straight away and went down at his feet.|en
546|7|26|26|這婦人是希利尼人，屬敘利腓尼基族。他求耶穌趕出那鬼離開他的女兒。|zh
547|7|26|26|Now the woman was a Greek, a Syro-phoenician by birth: and she made a request to him that he would send the evil spirit out of her daughter.|en
548|7|27|27|耶穌對他說：讓兒女們先吃飽，不好拿兒女的餅丟給狗吃。|zh
549|7|27|27|And he said to her, Let the children first have their food: for it is not right to take the children's bread and give it to the dogs.|en
550|7|28|28|婦人回答說：主阿，不錯；但是狗在桌子底下也吃孩子們的碎渣兒。|zh
551|7|28|28|But she said to him in answer, Yes, Lord: even the dogs under the table take the bits dropped by the children.|en
552|7|29|29|耶穌對他說：因這句話，你回去罷；鬼已經離開你的女兒了。|zh
553|7|29|29|And he said to her, For this saying go your way; the evil spirit has gone out of your daughter.|en
554|7|30|30|他就回家去，見小孩子躺在床上，鬼已經出去了。|zh
555|7|30|30|And she went away to her house, and saw the child on the bed, and the evil spirit gone out.|en
556|7|31|31|耶穌又離了推羅的境界，經過西頓，就從低加波利境內來到加利利海。|zh
557|7|31|31|And again he went out from Tyre, and came through Sidon to the sea of Galilee, through the country of Decapolis.|en
558|7|32|32|有人帶著一個耳聾舌結的人來見耶穌，求他按手在他身上。|zh
559|7|32|32|And they came to him with one who had no power of hearing and had trouble in talking; and they made a request to him to put his hands on him.|en
560|7|33|33|耶穌領他離開眾人，到一邊去，就用指頭探他的耳朵，吐唾沫抹他的舌頭，|zh
561|7|33|33|And he took him on one side from the people privately, and put his fingers into his ears, and he put water from his mouth on the man's tongue with his finger;|en
562|7|34|34|望天歎息，對他說：以法大！就是說：開了罷！|zh
563|7|34|34|And looking up to heaven, he took a deep breath, and said to him, Ephphatha, that is, Be open.|en
564|7|35|35|他的耳朵就開了，舌結也解了，說話也清楚了。|zh
565|7|35|35|And his ears became open, and the band of his tongue was made loose, and his words became clear.|en
566|7|36|36|耶穌囑咐他們不要告訴人；但他越發囑咐，他們越發傳揚開了。|zh
567|7|36|36|And he gave them orders not to give news of it to anyone; but the more he made this request, so much the more they made it public.|en
568|7|37|37|眾人分外希奇，說：他所做的事都好，他連聾子也叫他們聽見，啞吧也叫他們說話。|zh
569|7|37|37|And they were overcome with wonder, saying, He has done all things well: he even gives back the power of hearing and the power of talking to those who have been without them.|en
570|8|1|1|那時，又有許多人聚集，並沒有甚麼吃的。耶穌叫門徒來，說：|zh
571|8|1|1|In those days again, when there was a great mass of people and they had no food, he made his disciples come to him and said to them,|en
572|8|2|2|我憐憫這眾人；因為他們同我在這裡已經三天，也沒有吃的了。|zh
573|8|2|2|I have pity for these people because they have been with me now three days, and have no food;|en
574|8|3|3|我若打發他們餓著回家，就必在路上困乏，因為其中有從遠處來的。|zh
575|8|3|3|If I send them away to their houses with no food, they will be overcome by weariness on the way; and some of them have come from far.|en
576|8|4|4|門徒回答說：在這野地，從那裡能得餅，叫這些人吃飽呢？|zh
577|8|4|4|And his disciples said in answer, How will it be possible to get enough bread for these men here in a waste place?|en
578|8|5|5|耶穌問他們說：你們有多少餅？他們說：七個。|zh
579|8|5|5|And he put the question, How much bread have you? And they said, Seven cakes.|en
580|8|6|6|他吩咐眾人坐在地上，就拿著這七個餅祝謝了，擘開，遞給門徒，叫他們擺開，門徒就擺在眾人面前。|zh
581|8|6|6|And he made the people be seated on the earth: and he took the seven cakes and, having given praise, he gave the broken bread to his disciples to put before them; and they put it before the people.|en
582|8|7|7|又有幾條小魚；耶穌祝了福，就吩咐也擺在眾人面前。|zh
583|8|7|7|And they had some small fishes; and blessing them he had them put before the people in the same way.|en
584|8|8|8|眾人都吃，並且吃飽了，收拾剩下的零碎，有七筐子。|zh
585|8|8|8|And they took the food, and had enough; and they took up seven baskets full of the broken bits.|en
586|8|9|9|人數約有四千。耶穌打發他們走了，|zh
587|8|9|9|And there were about four thousand people: and he sent them away.|en
588|8|10|10|隨即同門徒上船，來到大瑪努他境內。|zh
589|8|10|10|And he got into the boat with his disciples straight away, and came into the country of Dalmanutha.|en
590|8|11|11|法利賽人出來盤問耶穌，求他從天上顯個神蹟給他們看，想要試探他。|zh
591|8|11|11|And the Pharisees came out and put questions to him, requesting from him a sign from heaven, testing him.|en
592|8|12|12|耶穌心裡深深的歎息，說：這世代為甚麼求神蹟呢？我實在告訴你們，沒有神蹟給這世代看。|zh
593|8|12|12|And he was very sad in spirit, and said, Why is this generation looking for a sign? truly, I say to you, No sign will be given to this generation.|en
594|8|13|13|他就離開他們，又上船往海那邊去了。|zh
595|8|13|13|And he went away from them, and again got into the boat and went across to the other side.|en
596|8|14|14|門徒忘了帶餅；在船上除了一個餅，沒有別的食物。|zh
597|8|14|14|And they had taken no thought to get bread; and they had only one cake of bread with them in the boat.|en
598|8|15|15|耶穌囑咐他們說：你們要謹慎，防備法利賽人的酵和希律的酵。|zh
599|8|15|15|And he said to them, Take care to be on the watch against the leaven of the Pharisees and the leaven of Herod.|en
600|8|16|16|他們彼此議論說：這是因為我們沒有餅罷。|zh
601|8|16|16|And they said to one another, We have no bread.|en
602|8|17|17|耶穌看出來，就說：你們為甚麼因為沒有餅就議論呢？你們還不省悟，還不明白麼？你們的心還是愚頑麼？|zh
603|8|17|17|And Jesus, hearing it, said to them, Why are you reasoning among yourselves because you have no bread? do you still not see, and is it still not clear to you? are your hearts so hard?|en
604|8|18|18|你們有眼睛，看不見麼？有耳朵，聽不見麼？也不記得麼？|zh
605|8|18|18|Having eyes, do you not see? and having ears, have you no hearing? and have you no memory?|en
606|8|19|19|我擘開那五個餅分給五千人，你們收拾的零碎裝滿了多少籃子呢？他們說：十二個。|zh
607|8|19|19|When I made a division of the five cakes of bread among the five thousand, what number of baskets full of broken bits did you take up? They said to him, Twelve.|en
608|8|20|20|又擘開那七個餅分給四千人，你們收拾的零碎裝滿了多少筐子呢？他們說：七個。|zh
609|8|20|20|And when the seven among the four thousand, what number of baskets full of broken bits did you take up? And they said to him, Seven.|en
610|8|21|21|耶穌說：你們還是不明白麼？|zh
611|8|21|21|And he said to them, Is it still not clear to you?|en
612|8|22|22|他們來到伯賽大，有人帶一個瞎子來，求耶穌摸他。|zh
613|8|22|22|And they came to Beth-saida. And they took a blind man to him, requesting him to put his hands on him.|en
614|8|23|23|耶穌拉著瞎子的手，領他到村外，就吐唾沫在他眼睛上，按手在他身上，問他說：你看見甚麼了？|zh
615|8|23|23|And he took the blind man by the hand, and went with him out of the town; and when he had put water from his mouth on his eyes, and put his hands on him, he said, Do you see anything?|en
616|8|24|24|他就抬頭一看，說：我看見人了；他們好像樹木，並且行走。|zh
617|8|24|24|And looking up, he said, I see men; I see them like trees, walking.|en
618|8|25|25|隨後又按手在他眼睛上，他定睛一看，就復了原，樣樣都看得清楚了。|zh
619|8|25|25|Then again he put his hands on his eyes; and looking hard, he was able to see, and saw all things clearly.|en
620|8|26|26|耶穌打發他回家，說：連這村子你也不要進去。|zh
621|8|26|26|And he sent him away to his house, saying, Do not even go into the town.|en
622|8|27|27|耶穌和門徒出去，往該撒利亞腓立比的村莊去；在路上問門徒說：人說我是誰？|zh
623|8|27|27|And Jesus went out, with his disciples, into the little towns round Caesarea Philippi; and on the way he put a question to his disciples, saying, Who do men say that I am?|en
624|8|28|28|他們說：有人說是施洗的約翰；有人說是以利亞；又有人說是先知裡的一位。|zh
625|8|28|28|And they made answer, John the Baptist; and others, Elijah; but others, One of the prophets.|en
626|8|29|29|又問他們說：你們說我是誰？彼得回答說：你是基督。|zh
627|8|29|29|And he said to them, But who do you say I am? Peter said in answer, You are the Christ.|en
628|8|30|30|耶穌就禁戒他們，不要告訴人。|zh
629|8|30|30|And he put them under orders not to say this of him to anyone.|en
630|8|31|31|從此，他教訓他們說：人子必須受許多的苦，被長老、祭司長，和文士棄絕，並且被殺，過三天復活。|zh
631|8|31|31|And teaching them, he said that the Son of man would have to undergo much, and be hated by those in authority, and the chief priests, and the scribes, and be put to death, and after three days come back from the dead.|en
632|8|32|32|耶穌明明的說這話，彼得就拉著他，勸他。|zh
633|8|32|32|And he said this openly. And Peter took him, and was protesting.|en
634|8|33|33|耶穌轉過來，看著門徒，就責備彼得說：撒但，退我後邊去罷！因為你不體貼神的意思，只體貼人的意思。|zh
635|8|33|33|But he, turning about, and seeing his disciples, said sharply to Peter, Get out of my way, Satan: for your mind is not on the things of God, but on the things of men.|en
636|8|34|34|於是叫眾人和門徒來，對他們說：若有人要跟從我，就當捨己，背起他的十字架來跟從我。|zh
637|8|34|34|And turning to the mass of people with his disciples, he said to them, If any man has the desire to come after me, let him give up all other desires, and take up his cross and come after me.|en
638|8|35|35|因為，凡要救自己生命（或作：靈魂；下同）的，必喪掉生命；凡為我和福音喪掉生命的，必救了生命。|zh
639|8|35|35|Whoever has a desire to keep his life, will have it taken from him; and whoever gives up his life because of me and the good news, will keep it.|en
640|8|36|36|人就是賺得全世界，賠上自己的生命，有甚麼益處呢？|zh
641|8|36|36|What profit has a man if he gets all the world with the loss of his life?|en
642|8|37|37|人還能拿甚麼換生命呢？|zh
643|8|37|37|And what would a man give in exchange for his life?|en
644|8|38|38|凡在這淫亂罪惡的世代，把我和我的道當作可恥的，人子在他父的榮耀裡，同聖天使降臨的時候，也要把那人當作可恥的。|zh
645|8|38|38|Whoever has a feeling of shame because of me and my words in this false and evil generation, the Son of man will have a feeling of shame because of him, when he comes in the glory of his Father with the holy angels.|en
646|9|1|1|耶穌又對他們說：我實在告訴你們，站在這裡的，有人在沒嘗死味以前，必要看見神的國大有能力臨到。|zh
647|9|1|1|And he said to them, Truly I say to you, There are some here who will have no taste of death till they see the kingdom of God come with power.|en
648|9|2|2|過了六天，耶穌帶著彼得、雅各、約翰暗暗的上了高山，就在他們面前變了形像，|zh
649|9|2|2|And after six days Jesus took with him Peter and James and John, and made them go up with him into a high mountain by themselves: and he was changed in form before them:|en
650|9|3|3|衣服放光，極其潔白，地上漂布的，沒有一個能漂得那樣白。|zh
651|9|3|3|And his clothing became shining, very white, as no cleaner on earth would make it.|en
652|9|4|4|忽然，有以利亞同摩西向他們顯現，並且和耶穌說話。|zh
653|9|4|4|And there came before them Elijah with Moses, and they were talking with Jesus.|en
654|9|5|5|彼得對耶穌說：拉比（就是夫子），我們在這裡真好！可以搭三座棚，一座為你，一座為摩西，一座為以利亞。|zh
655|9|5|5|And Peter said to Jesus, Master, it is good for us to be here: and let us make three tents; one for you, one for Moses, and one for Elijah.|en
656|9|6|6|彼得不知道說甚麼才好，因為他們甚是懼怕。|zh
657|9|6|6|Because he was not certain what to say, for they were in great fear.|en
658|9|7|7|有一朵雲彩來遮蓋他們；也有聲音從雲彩裡出來，說：這是我的愛子，你們要聽他。|zh
659|9|7|7|And a cloud came over them; and a voice came out of the cloud, saying, This is my dearly loved Son, give ear to him.|en
660|9|8|8|門徒忽然周圍一看，不再見一人，只見耶穌同他們在那裡。|zh
661|9|8|8|And suddenly looking round about, they saw no one any longer, but Jesus only with themselves.|en
662|9|9|9|下山的時候，耶穌囑咐他們說：人子還沒有從死裡復活，你們不要將所看見的告訴人。|zh
663|9|9|9|And while they were coming down from the mountain, he gave them orders not to give word to any man of the things they had seen, till the Son of man had come back from the dead.|en
664|9|10|10|門徒將這話存記在心，彼此議論從死裡復活是甚麼意思。|zh
665|9|10|10|And they kept the saying, questioning among themselves what the coming back from the dead might be.|en
666|9|11|11|他們就問耶穌說：文士為甚麼說以利亞必須先來？|zh
667|9|11|11|And they put a question to him, saying, Why do the scribes say that Elijah has to come first?|en
668|9|12|12|耶穌說：以利亞固然先來復興萬事；經上不是指著人子說，他要受許多的苦被人輕慢呢？|zh
669|9|12|12|And he said to them, Truly, Elijah does come first, and puts all things in order; and how is it said in the Writings that the Son of man will go through much sorrow and be made as nothing?|en
670|9|13|13|我告訴你們，以利亞已經來了，他們也任意待他，正如經上所指著他的話。|zh
671|9|13|13|But I say to you that Elijah has come, and they have done to him whatever they were pleased to do, even as the Writings say about him.|en
672|9|14|14|耶穌到了門徒那裡，看見有許多人圍著他們，又有文士和他們辯論。|zh
673|9|14|14|And when they came to the disciples, they saw a great mass of people about them, and scribes questioning them.|en
674|9|15|15|眾人一見耶穌，都甚希奇，就跑上去問他的安。|zh
675|9|15|15|And straight away all the people, when they saw him, were full of wonder, and running to him, gave him worship.|en
676|9|16|16|耶穌問他們說：你們和他們辯論的是甚麼？|zh
677|9|16|16|And he said, What are you questioning them about?|en
678|9|17|17|眾人中間有一個人回答說：夫子，我帶了我的兒子到你這裡來，他被啞吧鬼附著。|zh
679|9|17|17|And one of the number said to him in answer, Master, I came to you with my son, who has in him a spirit which takes away his power of talking;|en
680|9|18|18|無論在那裡，鬼捉弄他，把他摔倒，他就口中流沫，咬牙切齒，身體枯乾。我請過你的門徒把鬼趕出去，他們卻是不能。|zh
681|9|18|18|And wherever it takes him, it puts him down violently, streaming at the lips and twisted with pain; and his strength goes from him; and I made a request to your disciples to send it out, and they were not able.|en
682|9|19|19|耶穌說：噯！不信的世代阿，我在你們這裡要到幾時呢？我忍耐你們要到幾時呢？把他帶到我這裡來罷。|zh
683|9|19|19|And he said to them in answer, O generation without faith, how long will I have to be with you? how long will I put up with you? let him come to me.|en
684|9|20|20|他們就帶了他來。他一見耶穌，鬼便叫他重重的抽瘋，倒在地上，翻來覆去，口中流沫。|zh
685|9|20|20|And they took him to him: and when he saw him, the spirit in him straight away became violent; and he went down on the earth, rolling about and streaming at the lips.|en
686|9|21|21|耶穌問他父親說：他得這病有多少日子呢？回答說：從小的時候。|zh
687|9|21|21|And Jesus questioning the father said, How long has he been like this? And he said, From a child.|en
688|9|22|22|鬼屢次把他扔在火裡、水裡，要滅他。你若能做甚麼，求你憐憫我們，幫助我們。|zh
689|9|22|22|And frequently it has sent him into the fire and into the water, for his destruction; but if you are able to do anything, have pity on us, and give us help.|en
690|9|23|23|耶穌對他說：你若能信，在信的人，凡事都能。|zh
691|9|23|23|And Jesus said to him, If you are able! All things are possible to him who has faith.|en
692|9|24|24|孩子的父親立時喊著說（有古卷：立時流淚的喊著說）：我信！但我信不足，求主幫助。|zh
693|9|24|24|Straight away the father of the child gave a cry, saying, I have faith; make my feeble faith stronger.|en
694|9|25|25|耶穌看見眾人都跑上來，就斥責那污鬼說：你這聾啞的鬼，我吩咐你從他裡頭出來，再不要進去！|zh
695|9|25|25|And when Jesus saw that the people came running together, he gave orders to the unclean spirit, saying to him, You, spirit, who are the cause of his loss of voice and hearing, I say to you, come out of him, and never again go into him.|en
696|9|26|26|那鬼喊叫，使孩子大大的抽了一陣瘋，就出來了。孩子好像死了一般。以致眾人多半說：他是死了。|zh
697|9|26|26|And after crying out and shaking him violently, it came out: and the child became like one dead; so that most of them said, He is dead.|en
698|9|27|27|但耶穌拉著他的手，扶他起來，他就站起來了。|zh
699|9|27|27|But Jesus took him by the hand, lifting him up; and he got up.|en
700|9|28|28|耶穌進了屋子，門徒就暗暗的問他說：我們為甚麼不能趕出他去呢？|zh
701|9|28|28|And when he had gone into the house, his disciples said to him privately, Why were we unable to send it out?|en
702|9|29|29|耶穌說：非用禱告（有古卷在此有：禁食二字），這一類的鬼總不能出來（或作：不能趕出他去來）。|zh
703|9|29|29|And he said to them, Nothing will make this sort come out but prayer.|en
704|9|30|30|他們離開那地方，經過加利利；耶穌不願意人知道。|zh
705|9|30|30|And they went out from there, through Galilee; and it was his desire that no man might have knowledge of it;|en
706|9|31|31|於是教訓門徒，說：人子將要被交在人手裡，他們要殺害他；被殺以後，過三天他要復活。|zh
707|9|31|31|For he was giving his disciples teaching, and saying to them, The Son of man is given up into the hands of men, and they will put him to death; and when he is dead, after three days he will come back from the dead.|en
708|9|32|32|門徒卻不明白這話，又不敢問他。|zh
709|9|32|32|But the saying was not clear to them, and they were in fear of questioning him about it.|en
710|9|33|33|他們來到迦百農，耶穌在屋裡問門徒說：你們在路上議論的是甚麼？|zh
711|9|33|33|And they came to Capernaum: and when he was in the house, he put the question to them, What were you talking about on the way?|en
712|9|34|34|門徒不作聲，因為他們在路上彼此爭論誰為大。|zh
713|9|34|34|But they said nothing: because they had had an argument between themselves on the way, about who was the greatest.|en
714|9|35|35|耶穌坐下，叫十二個門徒來，說：若有人願意作首先的，他必作眾人末後的，作眾人的用人。|zh
715|9|35|35|And seating himself, he made the twelve come to him; and he said to them, If any man has the desire to be first, he will be last of all and servant of all.|en
716|9|36|36|於是領過一個小孩子來，叫他站在門徒中間，又抱起他來，對他們說：|zh
717|9|36|36|And he took a little child, and put him in the middle of them; and taking him in his arms, he said to them,|en
718|9|37|37|凡為我名接待一個像這小孩子的，就是接待我；凡接待我的，不是接待我，乃是接待那差我來的。|zh
719|9|37|37|Whoever will give honour to one such little child in my name, gives honour to me: and whoever gives honour to me, gives honour not to me, but to him who sent me.|en
720|9|38|38|約翰對耶穌說：夫子，我們看見一個人奉你的名趕鬼，我們就禁止他，因為他不跟從我們。|zh
721|9|38|38|John said to him, Master, we saw one driving out evil spirits in your name: and we said that he might not, because he is not one of us.|en
722|9|39|39|耶穌說：不要禁止他；因為沒有人奉我名行異能，反倒輕易毀謗我。|zh
723|9|39|39|But Jesus said, Say not so: for there is no man who will do a great work in my name, and be able at the same time to say evil of me.|en
724|9|40|40|不敵擋我們的，就是幫助我們的。|zh
725|9|40|40|He who is not against us is for us.|en
726|9|41|41|凡因你們是屬基督，給你們一杯水喝的，我實在告訴你們，他不能不得賞賜。|zh
727|9|41|41|Whoever gives you a cup of water, because you are Christ's, truly I say to you, he will in no way be without his reward.|en
728|9|42|42|凡使這信我的一個小子跌倒的，倒不如把大磨石拴在這人的頸項上，扔在海裡。|zh
729|9|42|42|And whoever is a cause of trouble to one of these little ones who have faith in me, it would be better for him if a great stone was put round his neck and he was dropped into the sea.|en
730|9|43|43|倘若你一隻手叫你跌倒，就把他砍下來；|zh
731|9|43|43|And if your hand is a cause of trouble to you, let it be cut off; it is better for you to go into life with one hand than to have two hands and go into hell, into the eternal fire.|en
732|9|44|44|你缺了肢體進入永生，強如有兩隻手落到地獄，入那不滅的火裡去。|zh
733|9|44|44|[]|en
734|9|45|45|倘若你一隻腳叫你跌倒，就把他砍下來；|zh
735|9|45|45|And if your foot is a cause of trouble to you, let it be cut off: it is better for you to go into life with one foot than to have two feet and go into hell.|en
736|9|46|46|你瘸腿進入永生，強如有兩隻腳被丟在地獄裡。|zh
737|9|46|46|[]|en
738|9|47|47|倘若你一隻眼叫你跌倒，就去掉他；你只有一隻眼進入神的國，強如有兩隻眼被丟在地獄裡。|zh
739|9|47|47|And if your eye is a cause of trouble to you, take it out: it is better for you to go into the kingdom of God with one eye than, having two eyes, to go into hell,|en
740|9|48|48|在那裡，蟲是不死的，火是不滅的。|zh
741|9|48|48|Where their worm is ever living and the fire is not put out.|en
742|9|49|49|因為必用火當鹽醃各人。（有古卷在此有：凡祭物必用鹽醃。）|zh
743|9|49|49|Everyone will be salted with fire.|en
744|9|50|50|鹽本是好的，若失了味，可用甚麼叫他再鹹呢？你們裡頭應當有鹽，彼此和睦。|zh
745|9|50|50|Salt is good; but if the taste goes from it, how will you make it salt again? Have salt in yourselves, and be at peace one with another.|en
746|10|1|1|耶穌從那裡起身，來到猶太的境界並約但河外。眾人又聚集到他那裡，他又照常教訓他們。|zh
747|10|1|1|And he got up, and went into the country of Judaea on the other side of Jordan: and great numbers of people came together to him again; and, as was his way, he gave them teaching.|en
748|10|2|2|有法利賽人來問他說：人休妻可以不可以？意思要試探他。|zh
749|10|2|2|And Pharisees came to him, testing him with the question, Is it right for a man to put away his wife?|en
750|10|3|3|耶穌回答說：摩西吩咐你們的是甚麼？|zh
751|10|3|3|And he said to them in answer, What did Moses say you were to do?|en
752|10|4|4|他們說：摩西許人寫了休書便可以休妻。|zh
753|10|4|4|And they said to him, Moses let us give her a statement in writing, and be free from her.|en
754|10|5|5|耶穌說：摩西因為你們的心硬，所以寫這條例給你們；|zh
755|10|5|5|But Jesus said to them, Because of your hard hearts he gave you this law.|en
756|10|6|6|但從起初創造的時候，神造人是造男造女。|zh
757|10|6|6|But from the first, male and female made he them.|en
758|10|7|7|因此，人要離開父母，與妻子連合，二人成為一體。|zh
759|10|7|7|For this cause will a man go away from his father and mother, and be joined to his wife;|en
760|10|8|8|既然如此，夫妻不再是兩個人，乃是一體的了。|zh
761|10|8|8|And the two will become one flesh; so that they are no longer two, but one flesh.|en
762|10|9|9|所以神配合的，人不可分開。|zh
763|10|9|9|Let not that which has been joined together by God be parted by man.|en
764|10|10|10|到了屋裡，門徒就問他這事。|zh
765|10|10|10|And in the house the disciples put questions to him again about this thing.|en
766|10|11|11|耶穌對他們說：凡休妻另娶的，就是犯姦淫，辜負他的妻子；|zh
767|10|11|11|And he said to them, Whoever puts away his wife and takes another, is false to his wife;|en
768|10|12|12|妻子若離棄丈夫另嫁，也是犯姦淫了。|zh
769|10|12|12|And if she herself puts away her husband and takes another, she is false to her husband.|en
770|10|13|13|有人帶著小孩子來見耶穌，要耶穌摸他們，門徒便責備那些人。|zh
771|10|13|13|And they took to him little children, so that he might put his hands on them: and the disciples said sharp words to them.|en
772|10|14|14|耶穌看見就惱怒，對門徒說：讓小孩子到我這裡來，不要禁止他們；因為在神國的，正是這樣的人。|zh
773|10|14|14|And when Jesus saw it, he was angry, and said to them, Let the little children come to me, and do not keep them away; for of such is the kingdom of God.|en
774|10|15|15|我實在告訴你們，凡要承受神國的，若不像小孩子，斷不能進去。|zh
775|10|15|15|Truly I say to you, Whoever does not put himself under the kingdom of God like a little child, will not come into it at all.|en
776|10|16|16|於是抱著小孩子，給他們按手，為他們祝福。|zh
777|10|16|16|And he took them in his arms, and gave them a blessing, putting his hands on them.|en
778|10|17|17|耶穌出來行路的時候，有一個人跑來，跪在他面前，問他說：良善的夫子，我當作甚麼事才可以承受永生？|zh
779|10|17|17|And while he was going out into the way, a man came running to him, and went down on his knees, saying, Good Master, what have I to do so that I may have eternal life?|en
780|10|18|18|耶穌對他說：你為甚麼稱我是良善的？除了神一位之外，再沒有良善的。|zh
781|10|18|18|And Jesus said to him, Why do you say I am good? no one is good but one, and that is God.|en
782|10|19|19|誡命你是曉得的：不可殺人；不可姦淫；不可偷盜；不可作假見證；不可虧負人；當孝敬父母。|zh
783|10|19|19|You have knowledge of what is said in the law, Do not put any one to death, Do not be untrue in married life, Do not take what is not yours, Do not give false witness, Do not get money by deceit, Give honour to your father and mother.|en
784|10|20|20|他對耶穌說：夫子，這一切我從小都遵守了。|zh
785|10|20|20|And he said to him, Master, all these laws I have kept from the time when I was young.|en
786|10|21|21|耶穌看著他，就愛他，對他說：你還缺少一件：去變賣你所有的，分給窮人，就必有財寶在天上；你還要來跟從我。|zh
787|10|21|21|And Jesus, looking on him and loving him, said, There is one thing needed: go, get money for your goods, and give it to the poor, and you will have wealth in heaven: and come with me.|en
788|10|22|22|他聽見這話，臉上就變了色，憂憂愁愁的走了，因為他的產業很多。|zh
789|10|22|22|But his face became sad at the saying, and he went away sorrowing: for he was one who had much property.|en
790|10|23|23|耶穌周圍一看，對門徒說：有錢財的人進神的國是何等的難哪！|zh
791|10|23|23|And Jesus, looking round about, said to his disciples, How hard it is for those who have wealth to come into the kingdom of God!|en
792|10|24|24|門徒希奇他的話。耶穌又對他們說：小子，倚靠錢財的人進神的國是何等的難哪！|zh
793|10|24|24|And the disciples were full of wonder at his words. But Jesus said to them again, Children, how hard it is for those who put faith in wealth to come into the kingdom of God!|en
794|10|25|25|駱駝穿過針的眼，比財主進神的國還容易呢。|zh
795|10|25|25|It is simpler for a camel to go through a needle's eye, than for a man of wealth to come into the kingdom of God.|en
796|10|26|26|門徒就分外希奇，對他說：這樣誰能得救呢？|zh
797|10|26|26|And they were greatly surprised, saying to him, Who then may have salvation?|en
798|10|27|27|耶穌看著他們，說：在人是不能，在神卻不然，因為神凡事都能。|zh
799|10|27|27|Jesus, looking on them, said, With men it is impossible, but not with God: for all things are possible with God.|en
800|10|28|28|彼得就對他說：看哪，我們已經撇下所有的跟從你了。|zh
801|10|28|28|Peter said to him, See, we have given up everything, and come after you.|en
802|10|29|29|耶穌說：我實在告訴你們，人為我和福音撇下房屋，或是弟兄、姐妹、父母、兒女、田地，|zh
803|10|29|29|Jesus said, Truly I say to you, There is no man who has given up house, or brothers, or sisters, or mother, or father, or children, or land, because of me and the good news,|en
804|10|30|30|沒有不在今世得百倍的，就是房屋、弟兄、姐妹、母親、兒女、田地，並且要受逼迫，在來世必得永生。|zh
805|10|30|30|Who will not get a hundred times as much now in this time, houses, and brothers, and sisters, and mothers, and children, and land--though with great troubles; and, in the world to come, eternal life.|en
806|10|31|31|然而，有許多在前的，將要在後，在後的，將要在前。|zh
807|10|31|31|But a great number who are first will be last: and those who are last will be first.|en
808|10|32|32|他們行路上耶路撒冷去。耶穌在前頭走，門徒就希奇，跟從的人也害怕。耶穌又叫過十二個門徒來，把自己將要遭遇的事告訴他們說：|zh
809|10|32|32|And they were on the way, going up to Jerusalem; and Jesus was going before them: and they were full of wonder; but those who came after him were in fear. And again he took the twelve, and gave them word of the things which were to come on him,|en
810|10|33|33|看哪，我們上耶路撒冷去，人子將要被交給祭司長和文士，他們要定他死罪，交給外邦人。|zh
811|10|33|33|Saying, See, we go up to Jerusalem; and the Son of man will be given up to the chief priests and the scribes; and they will give an order for his death, and will give him up to the Gentiles:|en
812|10|34|34|他們要戲弄他，吐唾沫在他臉上，鞭打他，殺害他。過了三天，他要復活。|zh
813|10|34|34|And they will make sport of him, and put shame on him, and give him cruel blows, and will put him to death; and after three days he will come back from the dead.|en
814|10|35|35|西庇太的兒子雅各、約翰進前來，對耶穌說：夫子，我們無論求你甚麼，願你給我們作。|zh
815|10|35|35|And there came to him James and John, the sons of Zebedee, saying to him, Master, will you give us whatever may be our request?|en
816|10|36|36|耶穌說：要我給你們作甚麼？|zh
817|10|36|36|And he said to them, What would you have me do for you?|en
818|10|37|37|他們說：賜我們在你的榮耀裡，一個坐在你右邊，一個坐在你左邊。|zh
819|10|37|37|And they said to him, Let us be seated, one at your right hand and one at your left, in your glory.|en
820|10|38|38|耶穌說：你們不知道所求的是甚麼，我所喝的杯，你們能喝麼？我所受的洗，你們能受麼？|zh
821|10|38|38|But Jesus said to them, You have no knowledge of what you are saying. Are you able to take of my cup? or to undergo the baptism which I am to undergo?|en
822|10|39|39|他們說：我們能。耶穌說：我所喝的杯，你們也要喝；我所受的洗，你們也要受；|zh
823|10|39|39|And they said to him, We are able. And Jesus said to them, You will take of the cup from which I take; and the baptism which I am about to undergo you will undergo:|en
824|10|40|40|只是坐在我的左右，不是我可以賜的，乃是為誰預備的，就賜給誰。|zh
825|10|40|40|But to be seated at my right hand or at my left is not for me to give: but it is for those for whom it has been made ready.|en
826|10|41|41|那十個門徒聽見，就惱怒雅各、約翰。|zh
827|10|41|41|And hearing this, the ten became very angry with James and John.|en
828|10|42|42|耶穌叫他們來，對他們說：你們知道，外邦人有尊為君王的，治理他們，有大臣操權管束他們。|zh
829|10|42|42|And Jesus made them come to him, and said to them, You see that those who are made rulers over the Gentiles are lords over them, and their great ones have authority over them.|en
830|10|43|43|只是在你們中間，不是這樣。你們中間，誰願為大，就必作你們的用人；|zh
831|10|43|43|But it is not so among you: but whoever has a desire to become great among you, let him be your servant:|en
832|10|44|44|在你們中間，誰願為首，就必作眾人的僕人。|zh
833|10|44|44|And whoever has a desire to be first among you, let him be servant of all.|en
834|10|45|45|因為人子來，並不是要受人的服事，乃是要服事人，並且要捨命作多人的贖價。|zh
835|10|45|45|For truly the Son of man did not come to have servants, but to be a servant, and to give his life for the salvation of men.|en
836|10|46|46|到了耶利哥；耶穌同門徒並許多人出耶利哥的時候，有一個討飯的瞎子，是底買的兒子巴底買，坐在路旁。|zh
837|10|46|46|And they came to Jericho: and when he was going out of Jericho, with his disciples and a great number of people, the son of Timaeus, Bartimaeus, a blind man, was seated by the wayside, with his hand out for money.|en
838|10|47|47|他聽見是拿撒勒的耶穌，就喊著說：大衛的子孫耶穌阿！可憐我罷！|zh
839|10|47|47|And when it came to his ears that it was Jesus of Nazareth, he gave a cry, and said, Jesus, Son of David, have mercy on me.|en
840|10|48|48|有許多人責備他，不許他作聲。他卻越發大聲喊著說：大衛的子孫哪，可憐我罷！|zh
841|10|48|48|And some of them, turning in protest, gave him an order to be quiet: but he went on crying out all the more, Son of David, have mercy on me.|en
842|10|49|49|耶穌就站住，說：叫過他來。他們就叫那瞎子，對他說：放心，起來！他叫你啦。|zh
843|10|49|49|And Jesus came to a stop and said, Let him come. And crying out to the blind man, they said to him, Be comforted: come, he has sent for you.|en
844|10|50|50|瞎子就丟下衣服，跳起來，走到耶穌那裡。|zh
845|10|50|50|And he, putting off his coat, got up quickly, and came to Jesus.|en
846|10|51|51|耶穌說：要我為你作甚麼？瞎子說：拉波尼（就是夫子），我要能看見。|zh
847|10|51|51|And Jesus said to him, What would you have me do to you? And the blind man said, Master, make me able to see.|en
848|10|52|52|耶穌說：你去罷！你的信救了你了。瞎子立刻看見了，就在路上跟隨耶穌。|zh
849|10|52|52|And Jesus said to him, Go on your way; your faith has made you well. And straight away he was able to see, and went after him in the way.|en
850|11|1|1|耶穌和門徒將近耶路撒冷，到了伯法其和伯大尼，在橄欖山那裡；耶穌就打發兩個門徒，|zh
851|11|1|1|And when they came near to Jerusalem, to Beth-phage and Bethany, at the Mountain of Olives, he sent two of his disciples,|en
852|11|2|2|對他們說：你們往對面村子裡去，一進去的時候，必看見一匹驢駒拴在那裡，是從來沒有人騎過的，可以解開，牽來。|zh
853|11|2|2|And said to them, Go into the little town opposite: and when you come to it, you will see a young ass with a cord round his neck, on which no man has ever been seated; let him loose, and come back with him.|en
854|11|3|3|若有人對你們說：為甚麼作這事？你們就說：主要用他。那人必立時讓你們牽來。|zh
855|11|3|3|And if anyone says to you, Why are you doing this? say, The Lord has need of him and will send him back straight away.|en
856|11|4|4|他們去了，便看見一匹驢駒拴在門外街道上，就把他解開。|zh
857|11|4|4|And they went away and saw a young ass by the door outside in the open street; and they were getting him loose.|en
858|11|5|5|在那裡站著的人，有幾個說：你們解驢駒作甚麼？|zh
859|11|5|5|And some of those who were there said to them, What are you doing, taking the ass?|en
860|11|6|6|門徒照著耶穌所說的回答，那些人就任憑他們牽去了。|zh
861|11|6|6|And they said to them the words which Jesus had said; and they let them go.|en
862|11|7|7|他們把驢駒牽到耶穌那裡，把自己的衣服搭在上面，耶穌就騎上。|zh
863|11|7|7|And they took the young ass to Jesus, and put their clothing on him, and he got on his back.|en
864|11|8|8|有許多人把衣服鋪在路上，也有人把田間的樹枝砍下來，鋪在路上。|zh
865|11|8|8|And a great number put down their clothing in the way; and others put down branches which they had taken from the fields.|en
866|11|9|9|前行後隨的人都喊著說：和散那（和散那：原有求救的意思，在此乃是稱頌的話）！奉主名來的是應當稱頌的！|zh
867|11|9|9|And those who went in front, and those who came after, were crying, Glory: A blessing on him who comes in the name of the Lord:|en
868|11|10|10|那將要來的我祖大衛之國是應當稱頌的！高高在上和散那！|zh
869|11|10|10|A blessing on the coming kingdom of our father David: Glory in the highest.|en
870|11|11|11|耶穌進了耶路撒冷，入了聖殿，周圍看了各樣物件。天色已晚，就和十二個門徒出城，往伯大尼去了。|zh
871|11|11|11|And he went into Jerusalem into the Temple; and after looking round about on all things, it being now evening, he went out to Bethany with the twelve.|en
872|11|12|12|第二天，他們從伯大尼出來，耶穌餓了。|zh
873|11|12|12|And on the day after, when they had come out from Bethany, he was in need of food.|en
874|11|13|13|遠遠的看見一棵無花果樹，樹上有葉子，就往那裡去，或者在樹上可以找著甚麼。到了樹下，竟找不著甚麼，不過有葉子，因為不是收無花果的時候。|zh
875|11|13|13|And seeing a fig-tree in the distance with leaves, he went to see if by chance it had anything on it: and when he came to it, he saw nothing but leaves, for it was not the time for the fruit.|en
876|11|14|14|耶穌就對樹說：從今以後，永沒有人吃你的果子。他的門徒也聽見了。|zh
877|11|14|14|And he said to it, Let no man take fruit from you for ever. And his disciples took note of his words.|en
878|11|15|15|他們來到耶路撒冷。耶穌進入聖殿，趕出殿裡作買賣的人，推倒兌換銀錢之人的桌子，和賣鴿子之人的凳子；|zh
879|11|15|15|And they came to Jerusalem; and he went into the Temple, and sent out those who were trading there, overturning the tables of the money-changers and the seats of those who were offering doves for money;|en
880|11|16|16|也不許人拿著器具從殿裡經過；|zh
881|11|16|16|And he would not let any man take a vessel through the Temple.|en
882|11|17|17|便教訓他們說：經上不是記著說：我的殿必稱為萬國禱告的殿麼？你們倒使他成為賊窩了。|zh
883|11|17|17|And he gave them teaching, and said to them, Is it not in the Writings, My house is to be named a house of prayer for all the nations? but you have made it a hole of thieves.|en
884|11|18|18|祭司長和文士聽見這話，就想法子要除滅耶穌，卻又怕他，因為眾人都希奇他的教訓。|zh
885|11|18|18|And it came to the ears of the chief priests and scribes, and they took thought how they might put him to death; being in fear of him, because all the people were full of wonder at his teaching.|en
886|11|19|19|每天晚上，耶穌出城去。|zh
887|11|19|19|And every evening he went out of the town.|en
888|11|20|20|早晨，他們從那裡經過，看見無花果樹連根都枯乾了。|zh
889|11|20|20|And when they were going by in the morning, they saw the fig-tree dead from the roots.|en
890|11|21|21|彼得想起耶穌的話來，就對他說：拉比，請看！你所咒詛的無花果樹，已經枯乾了。|zh
891|11|21|21|And Peter, having a memory of it, said to him, Master, see, the tree which was cursed by you is dead.|en
892|11|22|22|耶穌回答說：你們當信服神。|zh
893|11|22|22|And Jesus, answering, said to them, Have God's faith.|en
894|11|23|23|我實在告訴你們，無論何人對這座山說：你挪開此地，投在海裡！他若心裡不疑惑，只信他所說的必成，就必給他成了。|zh
895|11|23|23|Truly I say to you, Whoever says to this mountain, Be taken up and be put into the sea; and has no doubt in his heart, but has faith that what he says will come about, he will have his desire.|en
896|11|24|24|所以我告訴你們，凡你們禱告祈求的，無論是甚麼，只要信是得著的，就必得著。|zh
897|11|24|24|For this reason I say to you, Whatever you make a request for in prayer, have faith that it has been given to you, and you will have it.|en
898|11|25|25|你們站著禱告的時候，若想起有人得罪你們，就當饒恕他，好叫你們在天上的父也饒恕你們的過犯。|zh
899|11|25|25|And whenever you make a prayer, let there be forgiveness in your hearts, if you have anything against anyone; so that you may have forgiveness for your sins from your Father who is in heaven.|en
900|11|26|26|你們若不饒恕人，你們在天上的父也不饒恕你們的過犯。（有古卷無此節）|zh
901|11|26|26|[]|en
902|11|27|27|他們又來到耶路撒冷。耶穌在殿裡行走的時候，祭司長和文士並長老進前來，|zh
903|11|27|27|And they came again to Jerusalem: and while he was walking in the Temple, there came to him the chief priests and the scribes and those in authority:|en
904|11|28|28|問他說：你仗著甚麼權柄作這些事？給你這權柄的是誰呢？|zh
905|11|28|28|And they said to him, By what authority do you do these things? or who gave you authority to do these things?|en
906|11|29|29|耶穌對他們說：我要問你們一句話，你們回答我，我就告訴你們我仗著甚麼權柄作這些事。|zh
907|11|29|29|And Jesus said to them, I will put to you one question; give me an answer, and I will say by what authority I do these things.|en
908|11|30|30|約翰的洗禮是從天上來的？是從人間來的呢？你們可以回答我。|zh
909|11|30|30|The baptism of John, was it from heaven or from men? give me an answer.|en
910|11|31|31|他們彼此商議說：我們若說從天上來，他必說：這樣，你們為甚麼不信他呢？|zh
911|11|31|31|And they gave thought to it among themselves, saying, If we say, From heaven; he will say, Why then did you not have faith in him?|en
912|11|32|32|若說從人間來，卻又怕百姓，因為眾人真以約翰為先知。|zh
913|11|32|32|But if we say, From men--they were in fear of the people, because all took John to be truly a prophet.|en
914|11|33|33|於是回答耶穌說：我們不知道。耶穌說：我也不告訴你們我仗著甚麼權柄作這些事。|zh
915|11|33|33|And they said in answer to Jesus, We have no idea. And Jesus said to them, And I will not say to you by what authority I do these things.|en
916|12|1|1|耶穌就用比喻對他們說：有人栽了一個葡萄園，周圍圈上籬笆，挖了一個壓酒池，蓋了一座樓，租給園戶，就往外國去了。|zh
917|12|1|1|And he gave them teaching in the form of stories. A man had a vine-garden planted, and put a wall about it, and made a place for crushing out the wine, and put up a tower, and let it out to field-workers, and went into another country.|en
918|12|2|2|到了時候，打發一個僕人到園戶那裡，要從園戶收葡萄園的果子。|zh
919|12|2|2|And when the time came, he sent a servant to get from the workmen some of the fruit of the garden.|en
920|12|3|3|園戶拿住他，打了他，叫他空手回去。|zh
921|12|3|3|And they took him, and gave him blows, and sent him away with nothing.|en
922|12|4|4|再打發一個僕人到他們那裡。他們打傷他的頭，並且凌辱他。|zh
923|12|4|4|And again he sent to them another servant; and they gave him wounds on the head, and were very cruel to him.|en
924|12|5|5|又打發一個僕人去，他們就殺了他。後又打發好些僕人去，有被他們打的，有被他們殺的。|zh
925|12|5|5|And he sent another; and they put him to death: and a number of others, whipping some, and putting some to death.|en
926|12|6|6|園主還有一位是他的愛子，末後又打發他去，意思說：他們必尊敬我的兒子。|zh
927|12|6|6|He still had one, a dearly loved son: he sent him last to them, saying, They will have respect for my son.|en
928|12|7|7|不料，那些園戶彼此說：這是承受產業的。來罷，我們殺他，產業就歸我們了！|zh
929|12|7|7|But those workmen said among themselves, This is he who will one day be the owner of the property; come, let us put him to death, and the heritage will be ours.|en
930|12|8|8|於是拿住他，殺了他，把他丟在園外。|zh
931|12|8|8|And they took him and put him to death, pushing his body out of the garden.|en
932|12|9|9|這樣，葡萄園的主人要怎麼辦呢？他要來除滅那些園戶，將葡萄園轉給別人。|zh
933|12|9|9|What then will the master of the garden do? He will come and put the workmen to death, and will give the garden into the hands of others.|en
934|12|10|10|經上寫著說：匠人所棄的石頭，已作了房角的頭塊石頭。|zh
935|12|10|10|Have you not seen this which is in the Writings: The stone which the builders put on one side, the same was made the chief stone of the building:|en
936|12|11|11|這是主所作的，在我們眼中看為希奇。這經你們沒有念過麼？|zh
937|12|11|11|This was the Lord's doing, and it is a wonder in our eyes?|en
938|12|12|12|他們看出這比喻是指著他們說的，就想要捉拿他，只是懼怕百姓，於是離開他走了。|zh
939|12|12|12|And they made attempts to take him; but they were in fear of the people, because they saw that the story was against them; and they went away from him.|en
940|12|13|13|後來，他們打發幾個法利賽人和幾個希律黨的人到耶穌那裡，要就著他的話陷害他。|zh
941|12|13|13|Then they sent to him certain of the Pharisees and the Herodians, so that they might make use of his words to take him by a trick.|en
942|12|14|14|他們來了，就對他說：夫子，我們知道你是誠實的，甚麼人你都不徇情面；因為你不看人的外貌，乃是誠誠實實傳神的道。納稅給該撒可以不可以？|zh
943|12|14|14|And when they had come, they said to him, Master, we are certain that you are true, and have no fear of anyone: you have no respect for a man's position, but you are teaching the true way of God: Is it right to give taxes to Caesar or not?|en
944|12|15|15|我們該納不該納？耶穌知道他們的假意，就對他們說：你們為甚麼試探我？拿一個銀錢來給我看！|zh
945|12|15|15|Are we to give or not to give? But he, conscious of their false hearts, said to them, Why do you put me to the test? give me a penny, so that I may see it.|en
946|12|16|16|我們該納不該納？耶穌知道他們的假意，就對他們說：你們為甚麼試探我？拿一個銀錢來給我看！|zh
947|12|16|16|And they gave him one. And he said to them, Whose is this image and name on it? And they said to him, Caesar's.|en
948|12|17|17|耶穌說：該撒的物當歸給該撒，神的物當歸給神。他們就很希奇他。|zh
949|12|17|17|And Jesus said to them, Give to Caesar the things which are Caesar's, and to God the things which are God's. And they were full of wonder at him.|en
950|12|18|18|撒都該人常說沒有復活的事。他們來問耶穌說：|zh
951|12|18|18|And there came to him Sadducees, who say there is no coming back from the dead; and they put a question to him, saying,|en
952|12|19|19|夫子，摩西為我們寫著說：人若死了，撇下妻子，沒有孩子，他兄弟當娶他的妻，為哥哥生子立後。|zh
953|12|19|19|Master, in the law Moses says, If a man's brother comes to his end, and has a wife still living and no child, it is right for his brother to take his wife, and get a family for his brother.|en
954|12|20|20|有弟兄七人，第一個娶了妻，死了，沒有留下孩子。|zh
955|12|20|20|There were seven brothers: and the first took a wife, and at his death there were no offspring;|en
956|12|21|21|第二個娶了他，也死了，沒有留下孩子。第三個也是這樣。|zh
957|12|21|21|And the second took her, and at his death there were no offspring; and the third the same:|en
958|12|22|22|那七個人都沒有留下孩子；末了，那婦人也死了。|zh
959|12|22|22|And all the seven had no seed. Last of all the woman herself came to her death.|en
960|12|23|23|當復活的時候，他是那一個的妻子呢？因為他們七個人都娶過他。|zh
961|12|23|23|In the future life, when they come back from the dead, whose wife will she be? for the seven had her for a wife.|en
962|12|24|24|耶穌說：你們所以錯了，豈不是因為不明白聖經，不曉得神的大能麼？|zh
963|12|24|24|Jesus said to them, Is not this the reason for your error, that you have no knowledge of the holy Writings or of the power of God?|en
964|12|25|25|人從死裡復活，也不娶也不嫁，乃像天上的使者一樣。|zh
965|12|25|25|When they come back from the dead, they do not get married, but are like the angels in heaven.|en
966|12|26|26|論到死人復活，你們沒有念過摩西的書荊棘篇上所載的麼？神對摩西說：我是亞伯拉罕的神，以撒的神，雅各的神。|zh
967|12|26|26|But as to the dead coming back to life; have you not seen in the book of Moses, about the burning thorn-tree, how God said to him, I am the God of Abraham, and the God of Isaac, and the God of Jacob?|en
968|12|27|27|神不是死人的神，乃是活人的神。你們是大錯了。|zh
969|12|27|27|He is not the God of the dead, but of the living: you are greatly in error.|en
970|12|28|28|有一個文士來，聽見他們辯論，曉得耶穌回答的好，就問他說：誡命中那是第一要緊的呢？|zh
971|12|28|28|And one of the scribes came, and hearing their argument together, and seeing that he had given them a good answer, put the question to him, Which law is the first of all?|en
972|12|29|29|耶穌回答說：第一要緊的就是說：以色列阿，你要聽，主─我們神是獨一的主。|zh
973|12|29|29|Jesus said in answer, The first is, Give ear, O Israel: The Lord our God is one Lord;|en
974|12|30|30|你要盡心、盡性、盡意、盡力愛主─你的神。|zh
975|12|30|30|And you are to have love for the Lord your God with all your heart, and with all your soul, and with all your mind, and with all your strength.|en
976|12|31|31|其次就是說：要愛人如己。再沒有比這兩條誡命更大的了。|zh
977|12|31|31|The second is this, Have love for your neighbour as for yourself. There is no other law greater than these.|en
978|12|32|32|那文士對耶穌說：夫子說，神是一位，實在不錯；除了他以外，再沒有別的神；|zh
979|12|32|32|And the scribe said to him, Truly, Master, you have well said that he is one, and there is no other but he:|en
980|12|33|33|並且盡心、盡智、盡力愛他，又愛人如己，就比一切燔祭和各樣祭祀好的多。|zh
981|12|33|33|And to have love for him with all the heart, and with all the mind, and with all the strength, and to have the same love for his neighbour as for himself, is much more than all forms of offerings.|en
982|12|34|34|耶穌見他回答的有智慧，就對他說：你離神的國不遠了。從此以後，沒有人敢再問他甚麼。|zh
983|12|34|34|And when Jesus saw that he gave a wise answer, he said to him, You are not far from the kingdom of God. And every man after that was in fear of questioning him any more.|en
984|12|35|35|耶穌在殿裡教訓人，就問他們說：文士怎麼說基督是大衛的子孫呢？|zh
985|12|35|35|And Jesus, when he was teaching in the Temple, said, How do the scribes say that the Christ is the Son of David?|en
986|12|36|36|大衛被聖靈感動，說：主對我主說，你坐在我的右邊，等我使你仇敵作你的腳凳。|zh
987|12|36|36|David himself said in the Holy Spirit, The Lord said to my Lord, Be seated at my right hand, till I put those who are against you under your feet.|en
988|12|37|37|大衛既自己稱他為主，他怎麼又是大衛的子孫呢？眾人都喜歡聽他。|zh
989|12|37|37|David himself gives him the name of Lord; and how then is he his son? And the common people gave ear to him gladly.|en
990|12|38|38|耶穌在教訓之間，說：你們要防備文士；他們好穿長衣遊行，喜愛人在街市上問他們的安，|zh
991|12|38|38|And in his teaching he said, Be on your watch against the scribes, whose pleasure it is to go about in long robes and be respected in the market-places,|en
992|12|39|39|又喜愛會堂裡的高位，筵席上的首座。|zh
993|12|39|39|And to have the chief seats in the Synagogues and the first places at feasts;|en
994|12|40|40|他們侵吞寡婦的家產，假意作很長的禱告。這些人要受更重的刑罰！|zh
995|12|40|40|Who take away the property of widows, and before the eyes of men make long prayers; these will be judged more hardly.|en
996|12|41|41|耶穌對銀庫坐著，看眾人怎樣投錢入庫。有好些財主往裡投了若干的錢。|zh
997|12|41|41|And he took a seat by the place where the money was kept, and saw how the people put money into the boxes: and a number who had wealth put in much.|en
998|12|42|42|有一個窮寡婦來，往裡投了兩個小錢，就是一個大錢。|zh
999|12|42|42|And there came a poor widow, and she put in two little bits of money, which make a farthing.|en
1000|12|43|43|耶穌叫門徒來，說：我實在告訴你們，這窮寡婦投入庫裡的，比眾人所投的更多。|zh
1001|12|43|43|And he made his disciples come to him, and said to them, Truly I say to you, This poor widow has put in more than all those who are putting money into the box:|en
1002|12|44|44|因為，他們都是自己有餘，拿出來投在裡頭；但這寡婦是自己不足，把他一切養生的都投上了。|zh
1003|12|44|44|Because they all put in something out of what they had no need for; but she out of her need put in all she had, even all her living.|en
1004|13|1|1|耶穌從殿裡出來的時候，有一個門徒對他說：夫子，請看，這是何等的石頭！何等的殿宇！|zh
1005|13|1|1|And when he was going out of the Temple, one of his disciples said to him, Master, see, what stones and what buildings!|en
1006|13|2|2|耶穌對他說：你看見這大殿宇麼？將來在這裡沒有一塊石頭留在石頭上，不被拆毀了。|zh
1007|13|2|2|And Jesus said to him, Do you see these great buildings? there is not one stone here resting on another which will not be overturned.|en
1008|13|3|3|耶穌在橄欖山上對聖殿而坐，彼得、雅各、約翰，和安得烈暗暗的問他說：|zh
1009|13|3|3|And while he was seated on the Mountain of Olives opposite the Temple, Peter and James and John and Andrew said to him privately,|en
1010|13|4|4|請告訴我們，甚麼時候有這些事呢？這一切事將成的時候有甚麼豫兆呢？|zh
1011|13|4|4|Say when these things will be, and what will be the sign when these things are all about to be done.|en
1012|13|5|5|耶穌說：你們要謹慎，免得有人迷惑你們。|zh
1013|13|5|5|And Jesus said to them, Take care that you are not tricked by anyone.|en
1014|13|6|6|將來有好些人冒我的名來，說：我是基督，並且要迷惑許多人。|zh
1015|13|6|6|People will come in my name, saying, I am he; and a number will be turned from the true way.|en
1016|13|7|7|你們聽見打仗和打仗的風聲，不要驚慌。這些事是必須有的，只是末期還沒有到。|zh
1017|13|7|7|And when you have news of wars and talk of wars, do not be troubled; these things have to be, but it is still not the end.|en
1018|13|8|8|民要攻打民，國要攻打國；多處必有地震、饑荒。這都是災難（災難：原文是生產之難）的起頭。|zh
1019|13|8|8|Nation will go to war with nation, and kingdom with kingdom: there will be earth-shocks in different places; there will be times when there is no food; these things are the first of the troubles.|en
1020|13|9|9|但你們要謹慎；因為人要把你們交給公會，並且你們在會堂裡要受鞭打，又為我的緣故站在諸侯與君王面前，對他們.作見證。|zh
1021|13|9|9|But take care: for they will give you up to the Sanhedrins; and in Synagogues you will be whipped; and you will be taken before rulers and kings because of me, for a sign to them.|en
1022|13|10|10|然而，福音必須先傳給萬民。|zh
1023|13|10|10|And the good news has first to be given to all the nations.|en
1024|13|11|11|人把你們拉去交官的時候，不要預先思慮說甚麼；到那時候，賜給你們甚麼話，你們就說甚麼；因為說話的不是你們，乃是聖靈。|zh
1025|13|11|11|And when you are taken and given up to be judged, do not be troubled about what to say: but whatever is given to you in that hour, say: because it is not you who say it, but the Holy Spirit.|en
1026|13|12|12|弟兄要把弟兄，父親要把兒子，送到死地；兒女要起來與父母為敵，害死他們；|zh
1027|13|12|12|And brother will give up brother to death, and the father his child; and children will go against their fathers and mothers, and put them to death.|en
1028|13|13|13|並且你們要為我的名被眾人恨惡。惟有忍耐到底的，必然得救。|zh
1029|13|13|13|And you will be hated by all men, because of my name; but he who goes through to the end will have salvation.|en
1030|13|14|14|你們看見那行毀壞可憎的，站在不當站的地方（讀這經的人須要會意）。那時，在猶太的，應當逃到山上；|zh
1031|13|14|14|But when you see the unclean thing which makes destruction, in the place where it has no right to be (let this be clear to the reader), then let those who are in Judaea go quickly to the mountains:|en
1032|13|15|15|在房上的，不要下來，也不要進去拿家裡的東西；|zh
1033|13|15|15|And let him who is on the house-top not go down, or go in, to take anything out of his house:|en
1034|13|16|16|在田裡的，也不要回去取衣裳。|zh
1035|13|16|16|And let not him who is in the field go back to take his coat.|en
1036|13|17|17|當那些日子，懷孕的和奶孩子的有禍了！|zh
1037|13|17|17|And it will be hard for women who are with child and for her who has a baby at the breast in those days.|en
1038|13|18|18|你們應當祈求，叫這些事不在冬天臨到。|zh
1039|13|18|18|And say a prayer that it may not be in the winter.|en
1040|13|19|19|因為在那些日子必有災難，自從神創造萬物直到如今，並沒有這樣的災難，後來也必沒有。|zh
1041|13|19|19|For in those days there will be sorrow, such as there has not been from the time when God made the world till now, and will not ever be again.|en
1042|13|20|20|若不是主減少那日子，凡有血氣的，總沒有一個得救的；只是為主的選民，他將那日子減少了。|zh
1043|13|20|20|And if the Lord had not made the time short, no flesh would have been kept from destruction; but because of the saints he has made the time short.|en
1044|13|21|21|那時若有人對你們說：看哪，基督在這裡，或說：基督在那裡，你們不要信！|zh
1045|13|21|21|And then if any man says to you, See, here is Christ; or, See, there; have no faith in it:|en
1046|13|22|22|因為假基督、假先知將要起來，顯神蹟奇事，倘若能行，就把選民迷惑了。|zh
1047|13|22|22|Because there will be false Christs and false prophets, and they will give signs and wonders in the hope of turning even the saints from the true way.|en
1048|13|23|23|你們要謹慎。看哪，凡事我都預先告訴你們了。|zh
1049|13|23|23|But take care; see, I have made all things clear to you before the time.|en
1050|13|24|24|在那些日子，那災難以後，日頭要變黑了，月亮也不放光，|zh
1051|13|24|24|But in those days, after that time of trouble, the sun will be made dark and the moon will not give her light,|en
1052|13|25|25|眾星要從天上墜落，天勢都要震動。|zh
1053|13|25|25|And the stars will be falling from heaven, and the powers which are in the heavens will be moved.|en
1054|13|26|26|那時，他們（馬太二十四章三十節是地上的萬族）要看見人子有大能力、大榮耀，駕雲降臨。|zh
1055|13|26|26|And then they will see the Son of man coming in clouds with great power and glory.|en
1056|13|27|27|他要差遣天使，把他的選民，從四方（方：原文是風），從地極直到天邊，都招聚了來。|zh
1057|13|27|27|And then he will send out the angels, and will get together his saints from the four winds, from the farthest part of the earth to the farthest part of heaven.|en
1058|13|28|28|你們可以從無花果樹學個比方：當樹枝發嫩長葉的時候，你們就知道夏天近了。|zh
1059|13|28|28|Take an example from the fig-tree: when its branches become soft and put out their leaves, you see that the summer is near;|en
1060|13|29|29|這樣，你們幾時看見這些事成就，也該知道人子（人子：或作神的國）近了，正在門口了。|zh
1061|13|29|29|Even so, when you see these things taking place, you may be certain that he is near, even at the doors.|en
1062|13|30|30|我實在告訴你們，這世代還沒有過去，這些事都要成就。|zh
1063|13|30|30|Truly, I say to you, This generation will not come to an end till all these things are complete.|en
1064|13|31|31|天地要廢去，我的話卻不能廢去。|zh
1065|13|31|31|Heaven and earth will come to an end, but my words will not come to an end.|en
1066|13|32|32|但那日子，那時辰，沒有人知道，連天上的使者也不知道，子也不知道，惟有父知道。|zh
1067|13|32|32|But of that day or that hour no one has knowledge, not even the angels in heaven, or the Son, but the Father.|en
1068|13|33|33|你們要謹慎，儆醒祈禱，因為你們不曉得那日期幾時來到。|zh
1069|13|33|33|Take care, keep watch with prayer: for you are not certain when the time will be.|en
1070|13|34|34|這事正如一個人離開本家，寄居外邦，把權柄交給僕人，分派各人當作的工又吩咐看門的儆醒。|zh
1071|13|34|34|It is as when a man who is in another country for a time, having gone away from his house, and given authority to his servants and to everyone his work, gives the porter an order to keep watch.|en
1072|13|35|35|所以，你們要儆醒；因為你們不知道家主甚麼時候來，或晚上，或半夜，或雞叫，或早晨；|zh
1073|13|35|35|So you are to keep watch: because you are not certain when the master of the house is coming, in the evening, or in the middle of the night, or at the cock's cry, or in the morning;|en
1074|13|36|36|恐怕他忽然來到，看見你們睡著了。|zh
1075|13|36|36|For fear that, coming suddenly, he sees you sleeping.|en
1076|13|37|37|我對你們所說的話，也是對眾人說：要儆醒！|zh
1077|13|37|37|And what I say to you, I say to all, Keep watch.|en
1078|14|1|1|過兩天是逾越節，又是除酵節，祭司長和文士想法子怎麼用詭計捉拿耶穌，殺他。|zh
1079|14|1|1|It was now two days before the feast of the Passover and the unleavened bread: and the chief priests and the scribes made designs how they might take him by deceit and put him to death:|en
1080|14|2|2|只是說：當節的日子不可，恐怕百姓生亂。|zh
1081|14|2|2|But they said, Not while the feast is going on, for fear there may be trouble among the people.|en
1082|14|3|3|耶穌在伯大尼長大痲瘋的西門家裡坐席的時候，有一個女人拿著一玉瓶至貴的真哪噠香膏來，打破玉瓶，把膏澆在耶穌的頭上。|zh
1083|14|3|3|And while he was in Bethany in the house of Simon the leper, seated at table, there came a woman with a bottle of perfumed oil of great price; and when the bottle was broken she put the perfume on his head.|en
1084|14|4|4|有幾個人心中很不喜悅，說：何用這樣枉費香膏呢？|zh
1085|14|4|4|But some of them were angry among themselves, saying, For what purpose has this oil been wasted?|en
1086|14|5|5|這香膏可以賣三十多兩銀子賙濟窮人。他們就向那女人生氣。|zh
1087|14|5|5|We might have got more than three hundred pence for it, and given the money to the poor. And they said things against her among themselves.|en
1088|14|6|6|耶穌說：由他罷！為甚麼難為他呢？他在我身上作的是一件美事。|zh
1089|14|6|6|But Jesus said, Let her be; why are you troubling her? she has done a kind act to me.|en
1090|14|7|7|因為常有窮人和你們同在，要向他們行善隨時都可以；只是你們不常有我。|zh
1091|14|7|7|The poor you have ever with you, and whenever you have the desire you may do them good: but me you have not for ever.|en
1092|14|8|8|他所作的，是盡他所能的；他是為我安葬的事把香膏預先澆在我身上。|zh
1093|14|8|8|She has done what she was able: she has put oil on my body to make it ready for its last resting-place.|en
1094|14|9|9|我實在告訴你們，普天之下，無論在甚麼地方傳這福音，也要述說這女人所作的，以為記念。|zh
1095|14|9|9|And truly I say to you, Wherever the good news goes out through all the earth, what this woman has done will be talked of in memory of her.|en
1096|14|10|10|十二門徒之中，有一個加略人猶大去見祭司長，要把耶穌交給他們。|zh
1097|14|10|10|And Judas Iscariot, who was one of the twelve, went away to the chief priests, so that he might give him up to them.|en
1098|14|11|11|他們聽見就歡喜，又應許給他銀子；他就尋思如何得便把耶穌交給他們。|zh
1099|14|11|11|And hearing what he said, they were glad, and gave him their word to make him a payment of money. And he took thought how he might best give him up to them.|en
1100|14|12|12|除酵節的第一天，就是宰逾越羊羔的那一天，門徒對耶穌說：你吃逾越節的筵席要我們往那裡去預備呢？|zh
1101|14|12|12|And on the first day of unleavened bread, when the Passover lamb is put to death, his disciples said to him, Where are we to go and make ready for you to take the Passover meal?|en
1102|14|13|13|耶穌就打發兩個門徒，對他們說：你們進城去，必有人拿著一瓶水迎面而來，你們就跟著他。|zh
1103|14|13|13|And he sent two of his disciples, and said to them, Go into the town, and there will come to you a man with a vessel of water: go after him;|en
1104|14|14|14|他進那家去，你們就對那家的主人說：夫子說：客房在那裡？我與門徒好在那裡吃逾越節的筵席。|zh
1105|14|14|14|And wherever he goes in, say to the owner of the house, The Master says, Where is my guest-room, where I may take the Passover with my disciples?|en
1106|14|15|15|他必指給你們擺設整齊的一間大樓，你們就在那裡為我們預備。|zh
1107|14|15|15|And he will take you up himself to a great room with a table and seats: there make ready for us.|en
1108|14|16|16|門徒出去，進了城，所遇見的正如耶穌所說的。他們就預備了逾越節的筵席。|zh
1109|14|16|16|And the disciples went out and came into the town, and saw that it was as he had said: and they made ready the Passover.|en
1110|14|17|17|到了晚上，耶穌和十二個門徒都來了。|zh
1111|14|17|17|And when it was evening he came with the twelve.|en
1112|14|18|18|他們坐席正吃的時候，耶穌說：我實在告訴你們，你們中間有一個與我同吃的人要賣我了。|zh
1113|14|18|18|And while they were seated taking food, Jesus said, Truly I say to you, One of you will be false to me, one who is taking food with me.|en
1114|14|19|19|他們就憂愁起來，一個一個的問他說：是我麼？|zh
1115|14|19|19|They were sad, and said to him one by one, Is it I?|en
1116|14|20|20|耶穌對他們說：是十二個門徒中同我蘸手在盤子裡的那個人。|zh
1117|14|20|20|And he said to them, It is one of the twelve, one who is putting his bread with me into the same plate.|en
1118|14|21|21|人子必要去世，正如經上指著他所寫的；但賣人子的人有禍了！那人不生在世上倒好。|zh
1119|14|21|21|The Son of man goes, even as the Writings say of him: but cursed is that man through whom the Son of man is given up! It would have been well for that man if he had never been given birth.|en
1120|14|22|22|他們吃的時候，耶穌拿起餅來，祝了福，就擘開，遞給他們，說：你們拿著吃，這是我的身體；|zh
1121|14|22|22|And while they were taking food, he took bread, and after blessing it, he gave the broken bread to them, and said, Take it: this is my body.|en
1122|14|23|23|又拿起杯來，祝謝了，遞給他們；他們都喝了。|zh
1123|14|23|23|And he took a cup, and when he had given praise, he gave it to them: and they all had a drink from it.|en
1124|14|24|24|耶穌說：這是我立約的血，為多人流出來的。|zh
1125|14|24|24|And he said to them, This is my blood of the testament, which is given for men.|en
1126|14|25|25|我實在告訴你們，我不再喝這葡萄汁，直到我在神的國裡喝新的那日子。|zh
1127|14|25|25|Truly I say to you, I will take no more of the fruit of the vine till the day when I take it new in the kingdom of God.|en
1128|14|26|26|他們唱了詩，就出來，往橄欖山去。|zh
1129|14|26|26|And after a song of praise to God they went out to the Mountain of Olives.|en
1130|14|27|27|耶穌對他們說：你們都要跌倒了，因為經上記著說：我要擊打牧人，羊就分散了。|zh
1131|14|27|27|And Jesus said to them, You will all be turned away from me: for it is in the Writings, I will put the keeper of the sheep to death, and the sheep will be put to flight.|en
1132|14|28|28|但我復活以後，要在你們以先往加利利去。|zh
1133|14|28|28|But after I have come back from the dead, I will go before you into Galilee.|en
1134|14|29|29|彼得說：眾人雖然跌倒，我總不能。|zh
1135|14|29|29|But Peter said to him, Though the others may be turned away from you, I will not.|en
1136|14|30|30|耶穌對他說：我實在告訴你，就在今天夜裡，雞叫兩遍以先，你要三次不認我。|zh
1137|14|30|30|And Jesus said to him, Truly, I say to you that you, today, even this night, before the cock's second cry, will say three times that you have no knowledge of me.|en
1138|14|31|31|彼得卻極力的說：我就是必須和你同死，也總不能不認你。眾門徒都是這樣說。|zh
1139|14|31|31|But he said with passion, If I have to be put to death with you, I will not be false to you. And they all said the same.|en
1140|14|32|32|他們來到一個地方，名叫客西馬尼。耶穌對門徒說：你們坐在這裡，等我禱告。|zh
1141|14|32|32|And they came to a place which was named Gethsemane: and he said to his disciples, Be seated here while I say a prayer.|en
1142|14|33|33|於是帶著彼得、雅各、約翰同去，就驚恐起來，極其難過，|zh
1143|14|33|33|And he took with him Peter and James and John, and grief and great trouble came on him.|en
1144|14|34|34|對他們說：我心裡甚是憂傷，幾乎要死；你們在這裡等候，儆醒。|zh
1145|14|34|34|And he said to them, My soul is very sad, even to death: be here a little time, and keep watch.|en
1146|14|35|35|他就稍往前走，俯伏在地，禱告說：倘若可行，便叫那時候過去。|zh
1147|14|35|35|And he went forward a little, and falling down on the earth, made request that, if possible, the hour might go from him.|en
1148|14|36|36|他說：阿爸！父阿！在你凡事都能；求你將這杯撤去。然而，不要從我的意思，只要從你的意思。|zh
1149|14|36|36|And he said, Abba, Father, all things are possible to you; take away this cup from me: but even so let not my pleasure, but yours be done.|en
1150|14|37|37|耶穌回來，見他們睡著了，就對彼得說：西門，你睡覺麼？不能儆醒片時麼？|zh
1151|14|37|37|And he came, and saw them sleeping, and said to Peter, Simon, are you sleeping? were you not able to keep watch one hour?|en
1152|14|38|38|總要儆醒禱告，免得入了迷惑。你們心靈固然願意，肉體卻軟弱了。|zh
1153|14|38|38|Keep watch with prayer, so that you may not be put to the test; the spirit truly is ready, but the flesh is feeble.|en
1154|14|39|39|耶穌又去禱告，說的話還是與先前一樣，|zh
1155|14|39|39|And again he went away, and said a prayer, using the same words.|en
1156|14|40|40|又來見他們睡著了，因為他們的眼睛甚是困倦；他們也不知道怎麼回答。|zh
1157|14|40|40|And again he came and saw them sleeping, because their eyes were very tired; and they had nothing to say in answer.|en
1158|14|41|41|第三次來，對他們說：現在你們仍然睡覺安歇罷（或作麼？）！夠了，時候到了。看哪，人子被賣在罪人手裡了。|zh
1159|14|41|41|And he came the third time, and said to them, Go on sleeping now and take your rest: it is enough; the hour has come; see, the Son of man is given up into the hands of evil men.|en
1160|14|42|42|起來！我們走罷。看哪，那賣我的人近了。|zh
1161|14|42|42|Get up, let us be going; see, he who gives me up is near.|en
1162|14|43|43|說話之間，忽然那十二個門徒裡的猶大來了，並有許多人帶著刀棒，從祭司長和文士並長老那裡與他同來。|zh
1163|14|43|43|And straight away, while he was still talking, Judas, one of the twelve, came, and with him a great band with swords and sticks, from the chief priests and the scribes and those in authority.|en
1164|14|44|44|賣耶穌的人曾給他們一個暗號，說：我與誰親嘴，誰就是他。你們把他拿住，牢牢靠靠的帶去。|zh
1165|14|44|44|Now he who had been false to him had given them a sign, saying, The one to whom I give a kiss, that is he; take him, and get him away safely.|en
1166|14|45|45|猶大來了，隨即到耶穌跟前，說：拉比，便與他親嘴。|zh
1167|14|45|45|And when he had come, he went straight to him and said, Master; and gave him a kiss.|en
1168|14|46|46|他們就下手拿住他。|zh
1169|14|46|46|And they put their hands on him, and took him.|en
1170|14|47|47|旁邊站著的人，有一個拔出刀來，將大祭司的僕人砍了一刀，削掉了他一個耳朵。|zh
1171|14|47|47|But a certain one of those who were near took out his sword, and gave the servant of the high priest a blow, cutting off his ear.|en
1172|14|48|48|耶穌對他們說：你們帶著刀棒出來拿我，如同拿強盜麼？|zh
1173|14|48|48|And Jesus said to them, Have you come out as against a thief, with swords and sticks to take me?|en
1174|14|49|49|我天天教訓人，同你們在殿裡，你們並沒有拿我。但這事成就，為要應驗經上的話。|zh
1175|14|49|49|I was with you every day in the Temple teaching, and you did not take me; but this is done so that the Writings may come true.|en
1176|14|50|50|門徒都離開他，逃走了。|zh
1177|14|50|50|And they all went away from him in fear.|en
1178|14|51|51|有一個少年人，赤身披著一塊麻布，跟隨耶穌，眾人就捉拿他。|zh
1179|14|51|51|And a certain young man went after him, with only a linen cloth about his body; and they put their hands on him;|en
1180|14|52|52|他卻丟了麻布，赤身逃走了。|zh
1181|14|52|52|But he got away unclothed, without the linen cloth.|en
1182|14|53|53|他們把耶穌帶到大祭司那裡，又有眾祭司長和長老並文士都來和大祭司一同聚集。|zh
1183|14|53|53|And they took Jesus away to the high priest; and there came together with him all the chief priests and those in authority and the scribes.|en
1184|14|54|54|彼得遠遠的跟著耶穌，一直進入大祭司的院裡，和差役一同坐在火光.裡烤火。|zh
1185|14|54|54|And Peter had come after him at a distance, even into the house of the high priest; and he was seated with the captains, warming himself in the light of the fire.|en
1186|14|55|55|祭司長和全公會尋找見證控告耶穌，要治死他，卻尋不著。|zh
1187|14|55|55|Now the chief priests and all the Sanhedrin were looking for witness against Jesus so that they might put him to death; and they were unable to get any.|en
1188|14|56|56|因為有好些人作見證告他，只是他們的見證各不相合。|zh
1189|14|56|56|For a number gave false witness against him and their witness was not in agreement.|en
1190|14|57|57|又有幾個人站起來作假見證告他，說：|zh
1191|14|57|57|Then some got up and gave false witness against him, saying,|en
1192|14|58|58|我們聽見他說：我要拆毀這人手所造的殿，三日內就另造一座不是人手所造的。|zh
1193|14|58|58|He said in our hearing, I will put an end to this Temple which is made with hands, and in three days I will make another without hands.|en
1194|14|59|59|他們就是這麼作見證，也是各不相合。|zh
1195|14|59|59|And even so their witness was not in agreement.|en
1196|14|60|60|大祭司起來站在中間，問耶穌說：你甚麼都不回答麼？這些人作見證告你?的是甚麼呢？|zh
1197|14|60|60|And the high priest got up in the middle of them, and said to Jesus, Do you say nothing in answer? what is it which these say against you?|en
1198|14|61|61|耶穌卻不言語，一句也不回答。大祭司又問他說：你是那當稱頌者的兒子基督不是？|zh
1199|14|61|61|But he kept quiet and said nothing. Again the high priest questioning him said, Are you the Christ, the son of the Holy One?|en
1200|14|62|62|耶穌說：我是。你們必看見人子坐在那權能者的右邊，駕著天上的雲降臨。|zh
1201|14|62|62|And Jesus said, I am: and you will see the Son of man seated at the right hand of power, and coming with the clouds of heaven.|en
1202|14|63|63|大祭司就撕開衣服，說：我們何必再用見證人呢？|zh
1203|14|63|63|And the high priest, violently parting his robes, said, What more need have we of witnesses?|en
1204|14|64|64|你們已經聽見他這僭妄的話了。你們的意見如何？他們都定他該死的罪。|zh
1205|14|64|64|His words against God have come to your ears: what is your opinion? And they all said it was right for him to be put to death.|en
1206|14|65|65|就有人吐唾沫在他臉上，又蒙著他的臉，用拳頭打他，對他說：你說預言罷！差役接過他來，用手掌打他。|zh
1207|14|65|65|And some put shame on him and, covering his face, gave him blows and said to him, Now say what is to come: and the captains took him and gave him blows with their hands.|en
1208|14|66|66|彼得在下邊院子裡；來了大祭司的一個使女，|zh
1209|14|66|66|And while Peter was down in the open square of the building, one of the servant-girls of the high priest came;|en
1210|14|67|67|見彼得烤火，就看著他，說：你素來也是同拿撒勒人耶穌一夥的。|zh
1211|14|67|67|And seeing Peter warming himself by the fire, she gave him a look, and said, You were with this Nazarene, even Jesus.|en
1212|14|68|68|彼得卻不承認，說：我不知道，也不明白你說的是甚麼。於是出來，到了前院，雞就叫了。|zh
1213|14|68|68|But he said, I have no knowledge of him, or of what you are saying: and he went out into the doorway; and there came the cry of a cock.|en
1214|14|69|69|那使女看見他，又對旁邊站著的人說：這也是他們一黨的。|zh
1215|14|69|69|And the girl saw him, and said again to those who were near, This is one of them.|en
1216|14|70|70|彼得又不承認。過了不多的時候，旁邊站著的人又對彼得說：你真是他們一黨的！因為你是加利利人。|zh
1217|14|70|70|But again he said it was not so. And after a little time, again those who were near said to Peter, Truly you are one of them; for you are a Galilaean.|en
1218|14|71|71|彼得就發咒起誓的說：我不認得你們說的這個人。|zh
1219|14|71|71|But, with curses and oaths, he said, I have no knowledge of the man about whom you are talking.|en
1220|14|72|72|立時雞叫了第二遍。彼得想起耶穌對他所說的話：雞叫兩遍以先，你要三次不認我。思想起來，就哭了。|zh
1221|14|72|72|And in the same minute, the cock gave a second cry. And it came to Peter's mind how Jesus had said to him, Before the cock's second cry, you will say three times that you have no knowledge of me. And at this thought he was overcome with weeping.|en
1222|15|1|1|一到早晨，祭司長和長老、文士、全公會的人大家商議，就把耶穌捆綁，解去交給彼拉多。|zh
1223|15|1|1|And the first thing in the morning the chief priests, with those in authority and the scribes and all the Sanhedrin, had a meeting, and put cords round Jesus, and took him away, and gave him up to Pilate.|en
1224|15|2|2|彼拉多問他說：你是猶太人的王麼？耶穌回答說：你說的是。|zh
1225|15|2|2|And Pilate put a question to him, Are you the King of the Jews? And he, answering, said to him, You say so.|en
1226|15|3|3|祭司長告他許多的事。|zh
1227|15|3|3|And the chief priests said a number of things against him.|en
1228|15|4|4|彼拉多又問他說：你看，他們告你這麼多的事，你甚麼都不回答麼？|zh
1229|15|4|4|And Pilate again put a question, Do you say nothing in answer? see how much evil they say you have done.|en
1230|15|5|5|耶穌仍不回答，以致彼拉多覺得希奇。|zh
1231|15|5|5|But Jesus gave no more answers, so that Pilate was full of wonder.|en
1232|15|6|6|每逢這節期，巡撫照眾人所求的，釋放一個囚犯給他們。|zh
1233|15|6|6|Now at the feast every year he let one prisoner go free at their request.|en
1234|15|7|7|有一個人名叫巴拉巴，和作亂的人一同捆綁。他們作亂的時候，曾殺過人。|zh
1235|15|7|7|And there was one named Barabbas, in prison with those who had gone against the government and in the fight had taken life.|en
1236|15|8|8|眾人上去求巡撫，照常例給他們辦。|zh
1237|15|8|8|And the people went up, requesting him to do as he had done for them in other years.|en
1238|15|9|9|彼拉多說：你們要我釋放猶太人的王給你們麼？|zh
1239|15|9|9|And Pilate said in answer to them, Is it your desire that I let the King of the Jews go free?|en
1240|15|10|10|他原曉得，祭司長是因為嫉妒才把耶穌解了來。|zh
1241|15|10|10|For he saw that the chief priests had given him up through envy.|en
1242|15|11|11|只是祭司長挑唆眾人，寧可釋放巴拉巴給他們。|zh
1243|15|11|11|But the people were moved by the chief priests to make him let Barabbas go free.|en
1244|15|12|12|彼拉多又說：那麼樣，你們所稱為猶太人的王，我怎麼辦他呢？|zh
1245|15|12|12|And Pilate again said in answer to them, What then am I to do to him to whom you give the name of the King of the Jews?|en
1246|15|13|13|}他們又喊著說：把他釘十字架！|zh
1247|15|13|13|And they said again loudly, To the cross with him!|en
1248|15|14|14|彼拉多說：為甚麼呢？他作了甚麼惡事呢？他們便極力的喊著說：把他釘十字架！|zh
1249|15|14|14|And Pilate said to them, Why, what evil has he done? But their cry was the louder, To the cross!|en
1250|15|15|15|彼拉多要叫眾人喜悅，就釋放巴拉巴給他們，將耶穌鞭打了，交給人釘十字架。|zh
1251|15|15|15|And Pilate, desiring to do what was pleasing to the people, let Barabbas go free, and gave up Jesus, when he had been whipped, to be put to death on the cross.|en
1252|15|16|16|兵丁把耶穌帶進衙門院裡，叫齊了全營的兵.。|zh
1253|15|16|16|And the men of the army took him away into the square in front of the building which is the Praetorium, and they got together all the band.|en
1254|15|17|17|他們給他穿上紫袍，又用荊棘編作冠冕給他戴上，|zh
1255|15|17|17|And they put a purple robe on him, and twisting a crown of thorns, they put it on him;|en
1256|15|18|18|就慶賀他說：恭喜，猶太人的王阿！|zh
1257|15|18|18|And, as if honouring him, they said, Long life to the King of the Jews!|en
1258|15|19|19|又拿一根葦子打他的頭，吐唾沫在他臉上，屈膝拜他。|zh
1259|15|19|19|And they gave him blows on the head with a stick and put shame on him and, going down on their knees, gave him worship.|en
1260|15|20|20|戲弄完了，就給他脫了紫袍，仍穿上他自己的衣服，帶他出去，要釘十字架。|zh
1261|15|20|20|And when they had made sport of him, they took the purple robe off him and put his clothing on him. And they took him out to put him to death on the cross.|en
1262|15|21|21|有一個古利奈人西門，就是亞力山大和魯孚的父親，從鄉下來，經過那地方，他們就勉強他同去，好背著耶穌的十字架。|zh
1263|15|21|21|And they made one, Simon of Cyrene, the father of Alexander and Rufus, who was going by, coming from the country, go with them, so that he might take his cross.|en
1264|15|22|22|他們帶耶穌到了各各他地方（各各他繙出來就是髑髏地），|zh
1265|15|22|22|And they took him to the place named Golgotha, which is, Dead Man's Head.|en
1266|15|23|23|拿沒藥調和的酒給耶穌，他卻不受。|zh
1267|15|23|23|And they gave him wine mixed with myrrh; but he did not take it.|en
1268|15|24|24|於是將他釘在十字架上，拈鬮分他的衣服，看是誰得甚麼。|zh
1269|15|24|24|And he was nailed to the cross; and they made a division of his clothing among them, putting to the decision of chance what everyone was to take.|en
1270|15|25|25|釘他在十字架上是已初的時候。|zh
1271|15|25|25|And it was the third hour when they put him on the cross.|en
1272|15|26|26|在上面有他的罪狀，寫的是：猶太人.的王。|zh
1273|15|26|26|And the statement of his crime was put in writing on the cross, THE KING OF THE JEWS.|en
1274|15|27|27|他們又把兩個強盜和他同釘十字架，一個在右邊，一個在左邊。（有古卷在此有：|zh
1275|15|27|27|And they put two thieves on crosses with him, one on his right side, and one on his left.|en
1276|15|28|28|這就應了經上的話說：他被列在罪犯之中。）|zh
1277|15|28|28|[]|en
1278|15|29|29|從那裡經過的人辱罵他，搖著頭說：咳！你這拆毀聖殿、三日又建造起來的，|zh
1279|15|29|29|And those who went by made sport of him, shaking their heads, and saying, Ha! you who give the Temple to destruction, and put it up again in three days,|en
1280|15|30|30|可以救自己，從十字架上下來罷！|zh
1281|15|30|30|Keep yourself from death, and come down from the cross.|en
1282|15|31|31|祭司長和文士也是這樣戲弄他，彼此說：他救了別人，不能救自己。|zh
1283|15|31|31|In the same way the chief priests, laughing at him among themselves with the scribes, said, A saviour of others, he has no salvation for himself.|en
1284|15|32|32|以色列的王基督，現在可以從十字架上下來，叫我們看見，就信了。那和他同釘的人也是譏誚他。|zh
1285|15|32|32|Let the Christ, the King of Israel, come down now from the cross, so that we may see and have belief. And those who were put on crosses with him said evil things against him.|en
1286|15|33|33|從午正到申初，遍地都黑暗了。|zh
1287|15|33|33|And when the sixth hour had come, it was dark over all the land till the ninth hour.|en
1288|15|34|34|申初的時候，耶穌大聲喊著說：以羅伊！以羅伊！拉馬撒巴各大尼？繙出來就是：我的神！我的神！為甚麼離棄我？|zh
1289|15|34|34|And at the ninth hour, Jesus said in a loud voice, Eloi, Eloi, lama sabachthani? which is, My God, my God, why are you turned away from me?|en
1290|15|35|35|旁邊站著的人，有的聽見就說：看哪，他叫以利亞呢！|zh
1291|15|35|35|And some of those who were near, hearing it, said, See, he is crying to Elijah.|en
1292|15|36|36|有一個人跑去，把海絨蘸滿了醋，綁在葦子上，送給他喝，說：且等著，看以利亞來不來把他取下。|zh
1293|15|36|36|And one of them went quickly and, getting a sponge full of bitter wine, put it on a rod, and gave it to him for drink, saying, Let be; let us see if Elijah will come to take him down.|en
1294|15|37|37|耶穌大聲喊叫，氣就斷了。|zh
1295|15|37|37|And Jesus gave a loud cry, and gave up his spirit.|en
1296|15|38|38|殿裡的幔子從上到下裂為兩半。|zh
1297|15|38|38|And the curtain of the Temple was parted in two from end to end.|en
1298|15|39|39|對面站著的百夫長看見耶穌這樣喊叫（有古卷沒有喊叫二字）斷氣，就說：這人真是神的兒子！|zh
1299|15|39|39|And when the captain, who was near, saw how he gave up his spirit, he said, Truly this man was a son of God.|en
1300|15|40|40|還有些婦女遠遠的觀看；內中有抹大拉的馬利亞，又有小雅各和約西的母親馬利亞，並有撒羅米，|zh
1301|15|40|40|And there were women watching from a distance: among them were Mary Magdalene, and Mary, the mother of James the less and of Joses, and Salome,|en
1302|15|41|41|就是耶穌在加利利的時候，跟隨他、服事他的那些人，還有同耶穌上耶路撒冷的好些婦女在那裡觀看。|zh
1303|15|41|41|Who went with him when he was in Galilee and took care of him; and a number of other women who came up with him to Jerusalem.|en
1304|15|42|42|到了晚上，因為這是預備日，就是安息日的前一日，|zh
1305|15|42|42|And when it was evening, because it was the time of getting ready, that is, the day before the Sabbath,|en
1306|15|43|43|有亞利馬太的約瑟前來，他是尊貴的議士，也是等候神國的。他放膽進去見彼拉多，求耶穌的身體；|zh
1307|15|43|43|There came Joseph of Arimathaea, a responsible man in high honour, who was himself waiting for the kingdom of God; and he went in to Pilate without fear, and made a request for the body of Jesus.|en
1308|15|44|44|彼拉多詫異耶穌已經死了，便叫百夫長來，問他耶穌死了久不久。|zh
1309|15|44|44|And Pilate was surprised that he was dead; and, sending for the captain, he put a question to see if he had been dead for long.|en
1310|15|45|45|既從百夫長得知實情，就把耶穌的屍首賜給約瑟。|zh
1311|15|45|45|And when he had news of it from the captain, he let Joseph have the body.|en
1312|15|46|46|約瑟買了細麻布，把耶穌取下來，用細麻布裹好，安放在磐石中鑿出來的墳墓裡，又輥過一塊石頭來擋住墓門。|zh
1313|15|46|46|And he got a linen cloth and, taking him down, put the linen cloth round him, and put him in a place for the dead which had been cut out of a rock; and a stone was rolled against the door.|en
1314|15|47|47|抹大拉的馬利亞和約西的母親馬利亞都看見安放他的地方。|zh
1315|15|47|47|And Mary Magdalene and Mary, the mother of Joses, saw where he was put.|en
1316|16|1|1|過了安息日，抹大拉的馬利亞和雅各的母親馬利亞並撒羅米，買了香膏要去膏耶穌的身體。|zh
1317|16|1|1|And when the Sabbath was past, Mary Magdalene and Mary, the mother of James, and Salome, got spices, so that they might come and put them on him.|en
1318|16|2|2|七日的第一日清早，出太陽的時候，他們來到墳墓那裡，|zh
1319|16|2|2|And very early after dawn on the first day of the week, they came at the time of the coming up of the sun to the place where the body had been put.|en
1320|16|3|3|彼此說：誰給我們把石頭從墓門輥開呢？|zh
1321|16|3|3|And they were saying among themselves, Who will get the stone rolled away from the door for us?|en
1322|16|4|4|那石頭原來很大，他們抬頭一看，卻見石頭已經輥開了。|zh
1323|16|4|4|And looking up, they saw that the stone was rolled back; and it was of great size.|en
1324|16|5|5|他們進了墳墓，看見一個少年人坐在右邊，穿著白袍，就甚驚恐。|zh
1325|16|5|5|And when they went in, they saw a young man seated on the right side, dressed in a white robe; and they were full of wonder.|en
1326|16|6|6|那少年人對他們說：不要驚恐！你們尋找那釘十字架的拿撒勒人耶穌，他已經復活了，不在這裡。請看安放他的地方。|zh
1327|16|6|6|And he said to them, Do not be troubled: you are looking for Jesus, the Nazarene, who has been put to death on the cross; he has come back from the dead; he is not here: see, the place where they put him!|en
1328|16|7|7|你們可以去告訴他的門徒和彼得，說：他在你們以先往加利利去。在那裡你們要見他，正如他從前所告訴你們的。|zh
1329|16|7|7|But go, say to his disciples and to Peter, He goes before you into Galilee: there you will see him, as he said to you.|en
1330|16|8|8|他們就出來，從墳墓那裡逃跑，又發抖又驚奇，甚麼也不告訴人，因為他們害怕。|zh
1331|16|8|8|And they went out quickly from the place, because fear and great wonder had come on them: and they said nothing to anyone, because they were full of fear that ...|en
1332|16|9|9|在七日的第一日清早，耶穌復活了，就先向抹大拉的馬利亞顯現。耶穌從他身上曾趕出七個鬼。|zh
1333|16|9|9|Now when he came back from the dead early on the first day of the week, he went first to Mary Magdalene, from whom he had sent out seven evil spirits.|en
1334|16|10|10|他去告訴那向來跟隨耶穌的人；那時他們正哀慟哭泣。|zh
1335|16|10|10|She went and gave news of it to those who had been with him, while they were sorrowing and weeping.|en
1336|16|11|11|他們聽見耶穌活了，被馬利亞看見，卻是不信。|zh
1337|16|11|11|And they, when it came to their ears that he was living, and had been seen by her, had no belief in it.|en
1338|16|12|12|這事以後，門徒中間有兩個人往鄉下去。走路的時候，耶穌變了形像，向他們顯現。|zh
1339|16|12|12|And after these things he was seen in another form by two of them, while they were walking on their way into the country.|en
1340|16|13|13|他們就去告訴其餘的門徒；其餘的門徒也是不信。|zh
1341|16|13|13|And they went away and gave news of it to the rest; and they had no belief in what was said.|en
1342|16|14|14|後來，十一個門徒坐席的時候，耶穌向他們顯現，責備他們不信，心裡剛硬，因為他們不信那些在他復活以後看見他的人。|zh
1343|16|14|14|And later he was seen by the eleven themselves while they were taking food; and he said sharp words to them because they had no faith and their hearts were hard, and because they had no belief in those who had seen him after he had come back from the dead.|en
1344|16|15|15|他又對他們說：你們往普天下去，傳福音給萬民（萬民：原文是凡受造的）聽。|zh
1345|16|15|15|And he said to them, Go into all the world, and give the good news to everyone.|en
1346|16|16|16|信而受洗的，必然得救；不信的，必被定罪。|zh
1347|16|16|16|He who has faith and is given baptism will get salvation; but he who has not faith will be judged.|en
1348|16|17|17|信的人必有神蹟隨著他們，就是奉我的名趕鬼；說新方言；|zh
1349|16|17|17|And these signs will be with those who have faith: in my name they will send out evil spirits; and they will make use of new languages;|en
1350|16|18|18|手能拿蛇；若喝了甚麼毒物，也必不受害；手按病人，病人就必好了。|zh
1351|16|18|18|They will take up snakes, and if there is poison in their drink, it will do them no evil; they will put their hands on those who are ill, and they will get well.|en
1352|16|19|19|主耶穌和他們說完了話，後來被接到天上，坐在神的右邊。|zh
1353|16|19|19|So then the Lord Jesus, after he had said these words to them, was taken up into heaven and took his seat at the right hand of God.|en
1354|16|20|20|門徒出去，到處宣傳福音。主和他們同工，用神蹟隨著，證實所傳的道。阿們！|zh
1355|16|20|20|And they went out, preaching everywhere, the Lord working with them, and giving witness to the word by the signs which came after. So be it.|en
