|chapter|sec|no|content|lang
0|1|1|1|約書亞死後，以色列人求問耶和華說：我們中間誰當首先上去攻擊迦南人，與他們爭戰？|zh
1|1|1|1|Now after the death of Joshua, the children of Israel made request to the Lord, saying, Who is to go up first to make war for us against the Canaanites?|en
2|1|2|2|耶和華說：猶大當先上去，我已將那地交在他手中。|zh
3|1|2|2|And the Lord said, Judah is to go up: see, I have given the land into his hands.|en
4|1|3|3|猶大對他哥哥西緬說：請你同我到拈鬮所得之地去，好與迦南人爭戰；以後我也同你到你拈鬮所得之地去。於是西緬與他同去。|zh
5|1|3|3|Then Judah said to Simeon his brother, Come up with me into my heritage, so that we may make war against the Canaanites; and I will then go with you into your heritage. So Simeon went with him.|en
6|1|4|4|猶大就上去；耶和華將迦南人和比利洗人交在他們手中。他們在比色擊殺了一萬人，|zh
7|1|4|4|And Judah went up; and the Lord gave the Canaanites and the Perizzites into their hands; and they overcame ten thousand of them in Bezek.|en
8|1|5|5|又在那裡遇見亞多尼比色，與他爭戰，殺敗迦南人和比利洗人。|zh
9|1|5|5|And they came across Adoni-zedek, and made war on him; and they overcame the Canaanites and the Perizzites.|en
10|1|6|6|亞多尼比色逃跑；他們追趕，拿住他，砍斷他手腳的大姆指。|zh
11|1|6|6|But Adoni-zedek went in flight; and they went after him and overtook him, and had his thumbs and his great toes cut off.|en
12|1|7|7|亞多尼比色說：從前有七十個王，手腳的大姆指都被我砍斷，在我桌子底下拾取零碎食物。現在神按著我所行的報應我了。於是他們將亞多尼比色帶到耶路撒冷，他就死在那裡。|zh
13|1|7|7|And Adoni-zedek said, Seventy kings, whose thumbs and great toes had been cut off, got broken meat under my table: as I have done, so has God done to me in full. And they took him to Jerusalem, and he came to his end there.|en
14|1|8|8|猶大人攻打耶路撒冷，將城攻取，用刀殺了城內的人，並且放火燒城。|zh
15|1|8|8|Then the children of Judah made an attack on Jerusalem, and took it, burning down the town after they had put its people to the sword without mercy.|en
16|1|9|9|後來猶大人下去，與住山地、南地，和高原的迦南人爭戰。|zh
17|1|9|9|After that the children of Judah went down to make war on the Canaanites living in the hill-country and in the south and in the lowlands.|en
18|1|10|10|猶大人去攻擊住希伯崙的迦南人，殺了示篩、亞希幔、撻買。希伯崙從前名叫基列亞巴。|zh
19|1|10|10|And Caleb went against the Canaanites of Hebron: (now in earlier times Hebron was named Kiriath-arba:) and he put Sheshai and Ahiman and Talmai to the sword.|en
20|1|11|11|他們從那裡去攻擊底壁的居民；底壁從前名叫基列西弗。|zh
21|1|11|11|And from there he went up against the people of Debir. (Now the name of Debir in earlier times was Kiriath-sepher.)|en
22|1|12|12|迦勒說：誰能攻打基列西弗，將城奪取，我就把我女兒押撒給他為妻。|zh
23|1|12|12|And Caleb said, I will give Achsah, my daughter, as wife to the man who overcomes Kiriath-sepher and takes it.|en
24|1|13|13|迦勒兄弟基納斯的兒子俄陀聶奪取了那城，迦勒就把女兒押撒給他為妻。|zh
25|1|13|13|And Othniel, the son of Kenaz, Caleb's younger brother, took it; so he gave him his daughter Achsah for his wife.|en
26|1|14|14|押撒過門的時候，勸丈夫向他父親求一塊田。押撒一下驢，迦勒問他說：你要甚麼？|zh
27|1|14|14|Now when she came to him, he put into her mind the idea of requesting a field from her father: and she got down from her ass; and Caleb said to her, What is it?|en
28|1|15|15|他說：求你賜福給我，你既將我安置在南地，求你也給我水泉。迦勒就把上泉下泉賜給他。|zh
29|1|15|15|And she said to him, Give me a blessing; because you have put me in a dry south-land, now give me springs of water. So Caleb gave her the higher spring and the lower spring.|en
30|1|16|16|摩西的內兄（或譯：岳父）是基尼人，他的子孫與猶大人一同離了棕樹城，往亞拉得以南的猶大曠野去，就住在民中。|zh
31|1|16|16|Now Hobab the Kenite, Moses' father-in-law, had come up out of the town of palm-trees, with the children of Judah, into the waste land of Arad; and he went and was living among the Amalekites;|en
32|1|17|17|猶大和他哥哥西緬同去，擊殺了住洗法的迦南人，將城盡行毀滅，那城的名便叫何珥瑪。|zh
33|1|17|17|And Judah went with Simeon, his brother, and overcame the Canaanites living in Zephath, and put it under the curse; and he gave the town the name of Hormah.|en
34|1|18|18|猶大又取了迦薩和迦薩的四境，亞實基倫和亞實基倫的四境，以革倫和以革倫的四境。|zh
35|1|18|18|Then Judah took Gaza and its limit, and Ashkelon and its limit, and Ekron and its limit.|en
36|1|19|19|耶和華與猶大同在，猶大就趕出山地的居民，只是不能趕出平原的居民，因為他們有鐵車。|zh
37|1|19|19|And the Lord was with Judah; and he took the hill-country for his heritage; but he was unable to make the people of the valley go out, for they had war-carriages of iron.|en
38|1|20|20|以色列人照摩西所說的，將希伯崙給了迦勒；迦勒就從那裡趕出亞衲族的三個族長。|zh
39|1|20|20|And they gave Hebron to Caleb, as Moses had said; and he took the land of the three sons of Anak, driving them out from there.|en
40|1|21|21|便雅憫人沒有趕出住耶路撒冷的耶布斯人。耶布斯人仍在耶路撒冷與便雅憫人同住，直到今日。|zh
41|1|21|21|And the children of Judah did not make the Jebusites who were living in Jerusalem go out; the Jebusites are still living with the children of Benjamin in Jerusalem.|en
42|1|22|22|約瑟家也上去攻打伯特利；耶和華與他們同在。|zh
43|1|22|22|And the family of Joseph went up against Beth-el, and the Lord was with them.|en
44|1|23|23|約瑟家打發人去窺探伯特利（那城起先名叫路斯）。|zh
45|1|23|23|So they sent men to make a search round Beth-el. (Now the name of the town in earlier times was Luz.)|en
46|1|24|24|窺探的人看見一個人從城裡出來，就對他說：求你將進城的路指示我們，我們必恩待你。|zh
47|1|24|24|And the watchers saw a man coming out of the town, and said to him, If you will make clear to us the way into the town, we will be kind to you.|en
48|1|25|25|那人將進城的路指示他們，他們就用刀擊殺了城中的居民，但將那人和他全家放去。|zh
49|1|25|25|So he made clear to them the way into the town, and they put it to the sword; but they let the man and all his family get away safe.|en
50|1|26|26|那人往赫人之地去，築了一座城，起名叫路斯。那城到如今還叫這名。|zh
51|1|26|26|And he went into the land of the Hittites, building a town there and naming it Luz: which is its name to this day.|en
52|1|27|27|瑪拿西沒有趕出伯善和屬伯善鄉村的居民，他納和屬他納鄉村的居民，多珥和屬多珥鄉村的居民，以伯蓮和屬以伯蓮鄉村的居民，米吉多和屬米吉多鄉村的居民；迦南人卻執意住在那些地方。|zh
53|1|27|27|And Manasseh did not take away the land of the people of Beth-shean and its daughter-towns, or of Taanach and its daughter-towns, or of the people of Dor and its daughter-towns, or of the people of Ibleam and its daughter-towns, or of the people of Megiddo and its daughter-towns, driving them out; but the Canaanites would go on living in that land.|en
54|1|28|28|及至以色列強盛了，就使迦南人作苦工，沒有把他們全然趕出。|zh
55|1|28|28|And whenever Israel became strong, they put the Canaanites to forced work, without driving them out completely.|en
56|1|29|29|以法蓮沒有趕出住基色的迦南人。於是迦南人仍住在基色，在以法蓮中間。|zh
57|1|29|29|And Ephraim did not make the Canaanites who were living in Gezer go out; but the Canaanites went on living in Gezer among them.|en
58|1|30|30|西布倫沒有趕出基倫的居民和拿哈拉的居民。於是迦南人仍住在西布倫中間，成了服苦的人。|zh
59|1|30|30|Zebulun did not make the people of Kitron or the people of Nahalol go out; but the Canaanites went on living among them and were put to forced work.|en
60|1|31|31|亞設沒有趕出亞柯和西頓的居民，亞黑拉和亞革悉的居民，黑巴、亞弗革與利合的居民。|zh
61|1|31|31|And Asher did not take the land of the people of Acco, or Zidon, or Ahlab, or Achzib, or Helbah, or Aphik, or Rehob, driving them out;|en
62|1|32|32|於是，亞設因為沒有趕出那地的迦南人，就住在他們中間。|zh
63|1|32|32|But the Asherites went on living among the Canaanites, the people of the land, without driving them out.|en
64|1|33|33|拿弗他利沒有趕出伯示麥和伯亞納的居民，於是拿弗他利就住在那地的迦南人中間；然而伯示麥和伯亞納的居民成了服苦的人。|zh
65|1|33|33|Naphtali did not take the land of the people of Beth-shemesh or of Beth-anath, driving them out; but he was living among the Canaanites in the land; however, the people of Beth-shemesh and Beth-anath were put to forced work.|en
66|1|34|34|亞摩利人強逼但人住在山地，不容他們下到平原；|zh
67|1|34|34|And the children of Dan were forced into the hill-country by the Amorites, who would not let them come down into the valley;|en
68|1|35|35|亞摩利人卻執意住在希烈山和亞雅倫並沙賓。然而約瑟家勝了他們，使他們成了服苦的人。|zh
69|1|35|35|For the Amorites would go on living in Mount Heres, in Aijalon, and in Shaalbim; but the children of Joseph became stronger than they, and put them to forced work.|en
70|1|36|36|亞摩利人的境界，是從亞克拉濱坡，從西拉而上。|zh
71|1|36|36|And the limit of the Edomites went from the slope of Akrabbim from Sela and up.|en
72|2|1|1|耶和華的使者從吉甲上到波金，對以色列人說：我使你們從埃及上來，領你們到我向你們列祖起誓應許之地。我又說：我永不廢棄與你們所立的約。|zh
73|2|1|1|Now the angel of the Lord came up from Gilgal to Bochim. And he said, *** I took you out of Egypt, guiding you into the land which I gave by an oath to your fathers; and I said, My agreement with you will never be broken by me:|en
74|2|2|2|你們也不可與這地的居民立約，要拆毀他們的祭壇。你們竟沒有聽從我的話！為何這樣行呢？|zh
75|2|2|2|And you are to make no agreement with the people of this land; you are to see that their altars are broken down: but you have not given ear to my voice: what have you done?|en
76|2|3|3|因此我又說：我必不將他們從你們面前趕出；他們必作你們肋下的荊棘。他們的神必作你們的網羅。|zh
77|2|3|3|And so I have said, I will not send them out from before you; but they will be a danger to you, and their gods will be a cause of falling to you.|en
78|2|4|4|耶和華的使者向以色列眾人說這話的時候，百姓就放聲而哭。|zh
79|2|4|4|Now on hearing these words which the angel of the Lord said to all the children of Israel, the people gave themselves up to loud crying and weeping.|en
80|2|5|5|於是給那地方起名叫波金（就是哭的意思）。眾人在那裡向耶和華獻祭。|zh
81|2|5|5|And they gave that place the name of Bochim, and made offerings there to the Lord.|en
82|2|6|6|從前約書亞打發以色列百姓去的時候，他們各歸自己的地業，佔據地土。|zh
83|2|6|6|And Joshua let the people go away, and the children of Israel went, every man to his heritage, to take the land for themselves.|en
84|2|7|7|約書亞在世和約書亞死後，那些見耶和華為以色列人所行大事的長老還在的時候，百姓都事奉耶和華。|zh
85|2|7|7|And the people were true to the Lord all the days of Joshua, and all the days of the responsible men who were still living after the death of Joshua, and had seen all the great work of the Lord which he had done for Israel.|en
86|2|8|8|耶和華的僕人、嫩的兒子約書亞，正一百一十歲就死了。|zh
87|2|8|8|And death came to Joshua, the son of Nun, the servant of the Lord, he being a hundred and ten years old.|en
88|2|9|9|以色列人將他葬在他地業的境內，就是在以法蓮山地的亭拿希烈，在迦實山的北邊。|zh
89|2|9|9|And they put his body in the earth in the land of his heritage in Timnath-heres, in the hill-country of Ephraim to the north of Mount Gaash.|en
90|2|10|10|那世代的人也都歸了自己的列祖。後來有別的世代興起，不知道耶和華，也不知道耶和華為以色列人所行的事。|zh
91|2|10|10|And in time death overtook all that generation; and another generation came after them, having no knowledge of the Lord or of the things which he had done for Israel.|en
92|2|11|11|以色列人行耶和華眼中看為惡的事，去事奉諸巴力，|zh
93|2|11|11|And the children of Israel did evil in the eyes of the Lord and became servants to the Baals;|en
94|2|12|12|離棄了領他們出埃及地的耶和華─他們列祖的神，去叩拜別　神，就是四圍列國的　神，惹耶和華發怒；|zh
95|2|12|12|And they gave up the Lord, the God of their fathers, who had taken them out of the land of Egypt, and went after other gods, the gods of the peoples round about them, worshipping them and moving the Lord to wrath.|en
96|2|13|13|並離棄耶和華，去事奉巴力和亞斯他錄。|zh
97|2|13|13|And they gave up the Lord, and became the servants of Baal and the Astartes.|en
98|2|14|14|耶和華的怒氣向以色列人發作，就把他們交在搶奪他們的人手中，又將他們付與四圍仇敵的手中，甚至他們在仇敵面前再不能站立得住。|zh
99|2|14|14|And the wrath of the Lord was burning against Israel, and he gave them up into the hands of those who violently took their property, and into the hands of their haters all round them, so that they were forced to give way before them.|en
100|2|15|15|他們無論往何處去，耶和華都以災禍攻擊他們，正如耶和華所說的話，又如耶和華向他們所起的誓；他們便極其困苦。|zh
101|2|15|15|Wherever they went out, the hand of the Lord was against them for evil, as the Lord had taken his oath it would be; and things became very hard for them.|en
102|2|16|16|耶和華興起士師，士師就拯救他們脫離搶奪他們人的手。|zh
103|2|16|16|Then the Lord gave them judges, as their saviours from the hands of those who were cruel to them.|en
104|2|17|17|他們卻不聽從士師，竟隨從叩拜別神，行了邪淫，速速地偏離他們列祖所行的道，不如他們列祖順從耶和華的命令。|zh
105|2|17|17|But still they would not give ear to their judges, but went after other gods and gave them worship; quickly turning from the way in which their fathers had gone, keeping the orders of the Lord; but they did not do so.|en
106|2|18|18|耶和華為他們興起士師，就與那士師同在。士師在世的一切日子，耶和華拯救他們脫離仇敵的手。他們因受欺壓擾害，就哀聲歎氣，所以耶和華後悔了。|zh
107|2|18|18|And whenever the Lord gave them judges, then the Lord was with the judge, and was their saviour from the hands of their haters all the days of the judge; for the Lord was moved by their cries of grief because of those who were cruel to them.|en
108|2|19|19|及至士師死後，他們就轉去行惡，比他們列祖更甚，去事奉叩拜別神，總不斷絕頑梗的惡行。|zh
109|2|19|19|But whenever the judge was dead, they went back and did more evil than their fathers, going after other gods, to be their servants and their worshippers; giving up nothing of their sins and their hard-hearted ways.|en
110|2|20|20|於是耶和華的怒氣向以色列人發作。他說：因這民違背我吩咐他們列祖所守的約，不聽從我的話，|zh
111|2|20|20|And the wrath of the Lord was burning against Israel, and he said, Because this nation has not been true to my agreement which I made with their fathers, and has not given ear to my voice;|en
112|2|21|21|所以約書亞死的時候所剩下的各族，我必不再從他們面前趕出，|zh
113|2|21|21|From now on I will not go on driving out from before them any of the nations which at the death of Joshua were still living in this land;|en
114|2|22|22|為要藉此試驗以色列人，看他們肯照他們列祖謹守遵行我的道不肯。|zh
115|2|22|22|In order to put Israel to the test, and see if they will keep the way of the Lord, walking in it as their fathers did, or not.|en
116|2|23|23|這樣耶和華留下各族，不將他們速速趕出，也沒有交付約書亞的手。|zh
117|2|23|23|So the Lord let those nations go on living in the land, not driving them out quickly, and did not give them up into the hands of Joshua.|en
118|3|1|1|耶和華留下這幾族，為要試驗那不曾知道與迦南爭戰之事的以色列人，|zh
119|3|1|1|Now these are the nations which the Lord kept in the land for the purpose of testing Israel by them, all those who had had no experience of all the wars of Canaan;|en
120|3|2|2|好叫以色列的後代又知道又學習未曾曉得的戰事。|zh
121|3|2|2|Only because of the generations of the children of Israel, for the purpose of teaching them war--only those who up till then had no experience of it;|en
122|3|3|3|所留下的就是非利士的五個首領和一切迦南人、西頓人，並住利巴嫩山的希未人，從巴力黑們山直到哈馬口。|zh
123|3|3|3|The five chiefs of the Philistines, and all the Canaanites and the Zidonians and the Hivites living in Mount Lebanon, from the mountain Baal-hermon as far as Hamath:|en
124|3|4|4|留下這幾族，為要試驗以色列人，知道他們肯聽從耶和華藉摩西吩咐他們列祖的誡命不肯。|zh
125|3|4|4|For the purpose of testing Israel by them, to see if they would give ear to the orders of the Lord, which he had given to their fathers by the hand of Moses.|en
126|3|5|5|以色列人竟住在迦南人、赫人、亞摩利人、比利洗人、希未人、耶布斯人中間，|zh
127|3|5|5|Now the children of Israel were living among the Canaanites, the Hittites, and the Amorites, and the Perizzites, and the Hivites, and the Jebusites:|en
128|3|6|6|娶他們的女兒為妻，將自己的女兒嫁給他們的兒子，並事奉他們的神。|zh
129|3|6|6|And they took as wives the daughters of these nations and gave their daughters to their sons, and became servants to their gods.|en
130|3|7|7|以色列人行耶和華眼中看為惡的事，忘記耶和華─他們的神，去事奉諸巴力和亞舍拉，|zh
131|3|7|7|And the children of Israel did evil in the eyes of the Lord, and put out of their minds the Lord their God, and became servants to the Baals and the Astartes.|en
132|3|8|8|所以耶和華的怒氣向以色列人發作，就把他們交在米所波大米王古珊利薩田的手中。以色列人服事古珊利薩田八年。|zh
133|3|8|8|So the wrath of the Lord was burning against Israel, and he gave them up into the hands of Cushan-rishathaim, king of Mesopotamia; and the children of Israel were his servants for eight years.|en
134|3|9|9|以色列人呼求耶和華的時候，耶和華就為他們興起一位拯救者救他們，就是迦勒兄弟基納斯的兒子俄陀聶。|zh
135|3|9|9|And when the children of Israel made prayer to the Lord, he gave them a saviour, Othniel, the son of Kenaz, Caleb's younger brother.|en
136|3|10|10|耶和華的靈降在他身上，他就作了以色列的士師，出去爭戰。耶和華將米所波大米王古珊利薩田交在他手中，他便勝了古珊利薩田。|zh
137|3|10|10|And the spirit of the Lord came on him and he became judge of Israel, and went out to war, and the Lord gave up Cushan-rishathaim, king of Mesopotamia, into his hands and he overcame him.|en
138|3|11|11|於是國中太平四十年。基納斯的兒子俄陀聶死了。|zh
139|3|11|11|Then for forty years the land had peace, till the death of Othniel, the son of Kenaz.|en
140|3|12|12|以色列人又行耶和華眼中看為惡的事，耶和華就使摩押王伊磯倫強盛，攻擊以色列人。|zh
141|3|12|12|Then the children of Israel again did evil in the eyes of the Lord; and the Lord made Eglon, king of Moab, strong against Israel, because they had done evil in the Lord's eyes.|en
142|3|13|13|伊磯倫招聚亞捫人和亞瑪力人，去攻打以色列人，佔據棕樹城。|zh
143|3|13|13|And Eglon got together the people of Ammon and Amalek, and they went and overcame Israel and took the town of palm-trees.|en
144|3|14|14|於是以色列人服事摩押王伊磯倫十八年。|zh
145|3|14|14|And the children of Israel were servants to Eglon, king of Moab, for eighteen years.|en
146|3|15|15|以色列人呼求耶和華的時候，耶和華就為他們興起一位拯救者，就是便雅憫人基拉的兒子以笏；他是左手便利的。以色列人託他送禮物給摩押王伊磯倫。|zh
147|3|15|15|Then when the children of Israel made prayer to the Lord, he gave them a saviour, Ehud, the son of Gera, the Benjamite, a left-handed man; and the children of Israel sent an offering by him to Eglon, king of Moab.|en
148|3|16|16|以笏打了一把兩刃的劍，長一肘，帶在右腿衣服裡面。|zh
149|3|16|16|So Ehud made himself a two-edged sword, a cubit long, which he put on at his right side under his robe.|en
150|3|17|17|他將禮物獻給摩押王伊磯倫（原來伊磯倫極其肥胖）；|zh
151|3|17|17|And he took the offering to Eglon, king of Moab, who was a very fat man.|en
152|3|18|18|以笏獻完禮物，便將抬禮物的人打發走了，|zh
153|3|18|18|And after giving the offering, he sent away the people who had come with the offering.|en
154|3|19|19|自己卻從靠近吉甲鑿石之地回來，說：王啊，我有一件機密事奏告你。王說：迴避罷！於是左右侍立的人都退去了。|zh
155|3|19|19|But he himself, turning back from the stone images at Gilgal, said, I have something to say to you in secret, O king. And he said, Let there be quiet. Then all those who were waiting before him went out.|en
156|3|20|20|以笏來到王面前；王獨自一人坐在涼樓上。以笏說：我奉神的命報告你一件事。王就從座位上站起來。|zh
157|3|20|20|Then Ehud came in to him while he was seated by himself in his summer-house. And Ehud said, I have a word from God for you. And he got up from his seat.|en
158|3|21|21|以笏便伸左手，從右腿上拔出劍來，刺入王的肚腹，|zh
159|3|21|21|And Ehud put out his left hand, and took the sword from his right side, and sent it into his stomach;|en
160|3|22|22|連劍把都刺進去了。劍被肥肉夾住，他沒有從王的肚腹拔出來，且穿通了後身。|zh
161|3|22|22|And the hand-part went in after the blade, and the fat was joined up over the blade; for he did not take the sword out of his stomach. And he went out into the ...|en
162|3|23|23|以笏就出到遊廊，將樓門盡都關鎖。|zh
163|3|23|23|Then Ehud went out into the covered way, shutting the doors of the summer-house on him and locking them.|en
164|3|24|24|以笏出來之後，王的僕人到了，看見樓門關鎖，就說：他必是在樓上大解。|zh
165|3|24|24|Now when he had gone, the king's servants came, and saw that the doors of the summer-house were locked; and they said, It may be that he is in his summer-house for a private purpose.|en
166|3|25|25|他們等煩了，見仍不開樓門，就拿鑰匙開了，不料，他們的主人已死，倒在地上。|zh
167|3|25|25|And they went on waiting till they were shamed, but the doors were still shut; so they took the key, and, opening them, saw their lord stretched out dead on the floor.|en
168|3|26|26|他們耽延的時候，以笏就逃跑了，經過鑿石之地，逃到西伊拉；|zh
169|3|26|26|But Ehud had got away while they were waiting and had gone past the stone images and got away to Seirah.|en
170|3|27|27|到了，就在以法蓮山地吹角。以色列人隨著他下了山地，他在前頭引路，|zh
171|3|27|27|And when he came there, he had a horn sounded in the hill-country of Ephraim, and all the children of Israel went down with him from the hill-country, and he at their head.|en
172|3|28|28|對他們說：你們隨我來，因為耶和華已經把你們的仇敵摩押人交在你們手中。於是他們跟著他下去，把守約但河的渡口，不容摩押一人過去。|zh
173|3|28|28|And he said to them, Come after me; for the Lord has given the Moabites, your haters, into your hands. So they went down after him and took the crossing-places of Jordan against Moab, and let no one go across.|en
174|3|29|29|那時擊殺了摩押人約有一萬，都是強壯的勇士，沒有一人逃脫。|zh
175|3|29|29|At that time they put about ten thousand men of Moab to the sword, every strong man and every man of war; not a man got away.|en
176|3|30|30|這樣，摩押就被以色列人制伏了。國中太平八十年。|zh
177|3|30|30|So Moab was broken that day under the hand of Israel. And for eighty years the land had peace.|en
178|3|31|31|以笏之後，有亞拿的兒子珊迦，他用趕牛的棍子打死六百非利士人。他也救了以色列人。|zh
179|3|31|31|And after him came Shamgar, the son of Anath, who put to death six hundred Philistines with an ox-stick; and he was another saviour of Israel.|en
180|4|1|1|以笏死後，以色列人又行耶和華眼中看為惡的事，|zh
181|4|1|1|And the children of Israel again did evil in the eyes of the Lord when Ehud was dead.|en
182|4|2|2|耶和華就把他們付與在夏瑣作王的迦南王耶賓手中；他的將軍是西西拉，住在外邦人的夏羅設。|zh
183|4|2|2|And the Lord gave them up into the hands of Jabin, king of Canaan, who was ruling in Hazor; the captain of his army was Sisera, who was living in Harosheth of the Gentiles.|en
184|4|3|3|耶賓王有鐵車九百輛。他大大欺壓以色列人二十年，以色列人就呼求耶和華。|zh
185|4|3|3|Then the children of Israel made prayer to the Lord; for he had nine hundred iron war-carriages, and for twenty years he was very cruel to the children of Israel.|en
186|4|4|4|有一位女先知名叫底波拉，是拉比多的妻，當時作以色列的士師。|zh
187|4|4|4|Now Deborah, a woman prophet, the wife of Lapidoth, was judge of Israel at that time.|en
188|4|5|5|他住在以法蓮山地拉瑪和伯特利中間，在底波拉的棕樹下。以色列人都上他那裡去聽判斷。|zh
189|4|5|5|(And she had her seat under the palm-tree of Deborah between Ramah and Beth-el in the hill-country of Ephraim; and the children of Israel came up to her to be judged.)|en
190|4|6|6|他打發人從拿弗他利的基低斯將亞比挪菴的兒子巴拉召了來，對他說：耶和華─以色列的神吩咐你說：你率領一萬拿弗他利和西布倫人上他泊山去。|zh
191|4|6|6|And she sent for Barak, the son of Abinoam, from Kedesh-naphtali, and said to him, Has not the Lord, the God of Israel, given orders saying, Go and get your force into line in Mount Tabor, and take with you ten thousand men of the children of Naphtali and of the children of Zebulun?|en
192|4|7|7|我必使耶賓的將軍西西拉率領他的車輛和全軍往基順河，到你那裡去；我必將他交在你手中。|zh
193|4|7|7|And I will make Sisera, the captain of Jabin's army, with his war-carriages and his forces, come against you at the river Kishon, where I will give him into your hands.|en
194|4|8|8|巴拉說：你若同我去，我就去；你若不同我去，我就不去。|zh
195|4|8|8|And Barak said to her, If you will go with me then I will go; but if you will not go with me I will not go.|en
196|4|9|9|底波拉說：我必與你同去，只是你在所行的路上得不著榮耀，因為耶和華要將西西拉交在一個婦人手裡。於是底波拉起來，與巴拉一同往基低斯去了。|zh
197|4|9|9|And she said, I will certainly go with you: though you will get no honour in your undertaking, for the Lord will give Sisera into the hands of a woman. So Deborah got up and went with Barak to Kedesh.|en
198|4|10|10|巴拉就招聚西布倫人和拿弗他利人到基低斯，跟他上去的有一萬人。底波拉也同他上去。|zh
199|4|10|10|Then Barak sent for Zebulun and Naphtali to come to Kedesh; and ten thousand men went up after him, and Deborah went up with him.|en
200|4|11|11|摩西岳父（或譯：內兄）何巴的後裔，基尼人希百曾離開基尼族，到靠近基低斯撒拿音的橡樹旁支搭帳棚。|zh
201|4|11|11|Now Heber the Kenite, separating himself from the rest of the Kenites, from the children of Hobab, the brother-in-law of Moses, had put up his tent as far away as the oak-tree in Zaanannim, by Kedesh.|en
202|4|12|12|有人告訴西西拉說：亞比挪菴的兒子巴拉已經上他泊山了。|zh
203|4|12|12|And word was given to Sisera that Barak, the son of Abinoam, had gone up to Mount Tabor.|en
204|4|13|13|西西拉就聚集所有的鐵車九百輛，和跟隨他的全軍，從外邦人的夏羅設出來，到了基順河。|zh
205|4|13|13|So Sisera got together all his war-carriages, nine hundred war-carriages of iron, and all the people who were with him, from Harosheth of the Gentiles as far as the river Kishon.|en
206|4|14|14|底波拉對巴拉說：你起來，今日就是耶和華將西西拉交在你手的日子。耶和華豈不在你前頭行麼？於是巴拉下了他泊山，跟隨他有一萬人。|zh
207|4|14|14|Then Deborah said to Barak, Up! for today the Lord has given Sisera into your hands: has not the Lord gone out before you? So Barak went down from Mount Tabor and ten thousand men after him.|en
208|4|15|15|耶和華使西西拉和他一切車輛全軍潰亂，在巴拉面前被刀殺敗；西西拉下車步行逃跑。|zh
209|4|15|15|And the Lord sent fear on Sisera and all his war-carriages and all his army before Barak; and Sisera got down from his war-carriage and went in flight on foot.|en
210|4|16|16|巴拉追趕車輛、軍隊，直到外邦人的夏羅設。西西拉的全軍都倒在刀下，沒有留下一人。|zh
211|4|16|16|But Barak went after the war-carriages and the army as far as Harosheth of the Gentiles; and all Sisera's army was put to the sword; not a man got away.|en
212|4|17|17|只有西西拉步行逃跑，到了基尼人希百之妻雅億的帳棚，因為夏瑣王耶賓與基尼人希百家和好。|zh
213|4|17|17|But Sisera went in flight on foot to the tent of Jael, the wife of Heber the Kenite; for there was peace between Jabin, king of Hazor, and the family of Heber the Kenite.|en
214|4|18|18|雅億出來迎接西西拉，對他說：請我主進來，不要懼怕；西西拉就進了他的帳棚。雅憶用被將他遮蓋。|zh
215|4|18|18|And Jael went out to Sisera, and said to him, Come in, my lord, come in to me without fear. So he went into her tent, and she put a cover over him.|en
216|4|19|19|西西拉對雅億說：我渴了，求你給我一點水喝。雅億就打開皮袋，給他奶子喝，仍舊把他遮蓋。|zh
217|4|19|19|Then he said to her, Give me now a little water, for I have need of a drink. And opening a skin of milk, she gave him drink, and put the cover over him again.|en
218|4|20|20|西西拉又對雅億說：請你站在帳棚門口，若有人來問你說：有人在這裡沒有？你就說：沒有。|zh
219|4|20|20|And he said to her, Take your place at the door of the tent, and if anyone comes and says to you, Is there any man here, say, No.|en
220|4|21|21|西西拉疲乏沉睡。希百的妻雅億取了帳棚的橛子，手裡拿著錘子，輕悄悄地到他旁邊，將橛子從他鬢邊釘進去，釘入地裡。西西拉就死了。|zh
221|4|21|21|Then Jael, Heber's wife, took a tent-pin and a hammer and went up to him quietly, driving the pin into his head, and it went through his head into the earth, for he was in a deep sleep from weariness; and so he came to his end.|en
222|4|22|22|巴拉追趕西西拉的時候，雅億出來迎接他說：來罷，我將你所尋找的人給你看。他就進入帳棚，看見西西拉已經死了，倒在地上，橛子還在他鬢中。|zh
223|4|22|22|Then Jael went out, and meeting Barak going after Sisera, said to him, Come, and I will let you see the man you are searching for. So he came into her tent and saw, and there was Sisera stretched out dead with the tent-pin in his head.|en
224|4|23|23|這樣，神使迦南王耶賓被以色列人制伏了。|zh
225|4|23|23|So that day God overcame Jabin, king of Canaan, before the children of Israel.|en
226|4|24|24|從此以色列人的手越發有力，勝了迦南王耶賓，直到將他滅絕了。|zh
227|4|24|24|And the power of the children of Israel went on increasing against Jabin, king of Canaan, till he was cut off.|en
228|5|1|1|那時，底波拉和亞比挪菴的兒子巴拉作歌，說：|zh
229|5|1|1|At that time Deborah and Barak, the son of Abinoam, made this song, saying:|en
230|5|2|2|因為以色列中有軍長率領，百姓也甘心犧牲自己，你們應當頌讚耶和華！|zh
231|5|2|2|Because of the flowing hair of the fighters in Israel, because the people gave themselves freely, give praise to the Lord.|en
232|5|3|3|君王啊，要聽！王子啊，要側耳而聽！我要向耶和華歌唱；我要歌頌耶和華─以色列的神。|zh
233|5|3|3|Give attention, O kings; give ear, O rulers; I, even I, will make a song to the Lord; I will make melody to the Lord, the God of Israel.|en
234|5|4|4|耶和華啊，你從西珥出來，由以東地行走。那時地震天漏，雲也落雨。|zh
235|5|4|4|Lord, when you went out from Seir, moving like an army from the field of Edom, the earth was shaking and the heavens were troubled, and the clouds were dropping water.|en
236|5|5|5|山見耶和華的面就震動，西乃山見耶和華─以色列神的面也是如此。|zh
237|5|5|5|The mountains were shaking before the Lord, before the Lord, the God of Israel.|en
238|5|6|6|在亞拿之子珊迦的時候，又在雅億的日子，大道無人行走，都是繞道而行。|zh
239|5|6|6|In the days of Shamgar, the son of Anath, in the days of Jael, the highways were not used, and travellers went by side roads.|en
240|5|7|7|以色列中的官長停職，直到我底波拉興起，等我興起作以色列的母。|zh
241|5|7|7|Country towns were no more in Israel, *** were no more, till you, Deborah, came up, till you came up as a mother in Israel.|en
242|5|8|8|以色列人選擇新神，爭戰的事就臨到城門。那時，以色列四萬人中豈能見盾牌槍矛呢？|zh
243|5|8|8|They had no one to make arms, there were no more armed men in the towns; was there a body-cover or a spear to be seen among forty thousand in Israel?|en
244|5|9|9|我心傾向以色列的首領，他們在民中甘心犧牲自己。你們應當頌讚耶和華！|zh
245|5|9|9|Come, you rulers of Israel, you who gave yourselves freely among the people: give praise to the Lord.|en
246|5|10|10|騎白驢的、坐繡花毯子的、行路的，你們都當傳揚！|zh
247|5|10|10|Let them give thought to it, who go on white asses, and those who are walking on the road.|en
248|5|11|11|在遠離弓箭響聲打水之處，人必述說耶和華公義的作為，就是他治理以色列公義的作為。那時耶和華的民下到城門。|zh
249|5|11|11|Give ear to the women laughing by the water-springs; there they will give again the story of the upright acts of the Lord, all the upright acts of his arm in Israel.|en
250|5|12|12|底波拉啊，興起！興起！你當興起，興起，唱歌。亞比挪菴的兒子巴拉啊，你當奮興，擄掠你的敵人。|zh
251|5|12|12|Awake! awake! Deborah: awake! awake! give a song: Up! Barak, and take prisoner those who took you prisoner, O son of Abinoam.|en
252|5|13|13|那時有餘剩的貴冑和百姓一同下來；耶和華降臨，為我攻擊勇士。|zh
253|5|13|13|Then the chiefs went down to the doors; the Lord's people went down among the strong ones.|en
254|5|14|14|有根本在亞瑪力人的地，從以法蓮下來的；便雅憫在民中跟隨。有掌權的從瑪吉下來；有持杖檢點民數的從西布倫下來；|zh
255|5|14|14|Out of Ephraim they came down into the valley; after you, Benjamin, among your tribesmen; from Machir came down the captains, and from Zebulun those in whose hand is the ruler's rod.|en
256|5|15|15|以薩迦的首領與底波拉同來；以薩迦怎樣，巴拉也怎樣。眾人都跟隨巴拉衝下平原；在流便的溪水旁有心中定大志的。|zh
257|5|15|15|Your chiefs, Issachar, were with Deborah; and Naphtali was true to Barak; into the valley they went rushing out at his feet. In Reuben there were divisions, and great searchings of heart.|en
258|5|16|16|你為何坐在羊圈內聽群中吹笛的聲音呢？在流便的溪水旁有心中設大謀的。|zh
259|5|16|16|Why did you keep quiet among the sheep, hearing nothing but the watchers piping to the flocks?|en
260|5|17|17|基列人安居在約但河外。但人為何等在船上？亞設人在海口靜坐，在港口安居。|zh
261|5|17|17|Gilead was living over Jordan; and Dan was waiting in his ships; Asher kept in his place by the sea's edge, living by his inlets.|en
262|5|18|18|西布倫人是拚命敢死的；拿弗他利人在田野的高處也是如此。|zh
263|5|18|18|It was the people of Zebulun who put their lives in danger, even to death, with Naphtali on the high places of the field.|en
264|5|19|19|君王都來爭戰。那時迦南諸王在米吉多水旁的他納爭戰，卻未得擄掠銀錢。|zh
265|5|19|19|The kings came on to the fight, the kings of Canaan were warring; in Taanach by the waters of Megiddo: they took no profit in money.|en
266|5|20|20|星宿從天上爭戰，從其軌道攻擊西西拉。|zh
267|5|20|20|The stars from heaven were fighting; from their highways they were fighting against Sisera.|en
268|5|21|21|基順古河把敵人沖沒；我的靈啊，應當努力前行。|zh
269|5|21|21|The river Kishon took them violently away, stopping their flight, the river Kishon. Give praise, O my soul, to the strength of the Lord!|en
270|5|22|22|那時壯馬馳驅，踢跳，奔騰。|zh
271|5|22|22|Then loudly the feet of the horses were sounding with the stamping, the stamping of their war-horses.|en
272|5|23|23|耶和華的使者說：應當咒詛米羅斯，大大咒詛其中的居民；因為他們不來幫助耶和華，不來幫助耶和華攻擊勇士。|zh
273|5|23|23|A curse, a curse on Meroz! said the angel of the Lord. A bitter curse on her townspeople! Because they came not to the help of the Lord, to the help of the Lord among the strong ones.|en
274|5|24|24|願基尼人希百的妻雅億比眾婦人多得福氣，比住帳棚的婦人更蒙福祉。|zh
275|5|24|24|Blessings be on Jael, more than on all women! Blessings greater than on any in the tents!|en
276|5|25|25|西西拉求水，雅億給他奶子，用寶貴的盤子給他奶油。|zh
277|5|25|25|His request was for water, she gave him milk; she put butter before him on a fair plate.|en
278|5|26|26|雅億左手拿著帳棚的橛子，右手拿著匠人的錘子，擊打西西拉，打傷他的頭，把他的鬢角打破穿通。|zh
279|5|26|26|She put out her hand to the tent-pin, and her right hand to the workman's hammer; and she gave Sisera a blow, crushing his head, wounding and driving through his brow.|en
280|5|27|27|西西拉在他腳前曲身仆倒，在他腳前曲身倒臥；在那裡曲身，就在那裡死亡。|zh
281|5|27|27|Bent at her feet he went down, he was stretched out; bent at her feet he went down; where he was bent down, there he went down in death.|en
282|5|28|28|西西拉的母親從窗戶裡往外觀看，從窗櫺中呼叫說：他的戰車為何耽延不來呢？他的車輪為何行得慢呢？|zh
283|5|28|28|Looking out from the window she gave a cry, the mother of Sisera was crying out through the window, Why is his carriage so long in coming? When will the noise of his wheels be sounding?|en
284|5|29|29|聰明的宮女安慰他（原文是回答他），他也自言自語地說：|zh
285|5|29|29|Her wise women gave answer to her, yes, she made answer again to herself,|en
286|5|30|30|他們莫非得財而分？每人得了一兩個女子？西西拉得了彩衣為擄物，得繡花的彩衣為掠物。這彩衣兩面繡花，乃是披在被擄之人頸項上的。|zh
287|5|30|30|Are they not getting, are they not parting the goods among them: a young girl or two to every man; and to Sisera robes of coloured needlework, worked in fair colours on this side and on that, for the neck of the queen?|en
288|5|31|31|耶和華啊，願你的仇敵都這樣滅亡！願愛你的人如日頭出現，光輝烈烈！這樣，國中太平四十年。|zh
289|5|31|31|So may destruction come on all your haters, O Lord; but let your lovers be like the sun going out in his strength. And for forty years the land had peace.|en
290|6|1|1|以色列人又行耶和華眼中看為惡的事，耶和華就把他們交在米甸人手裡七年。|zh
291|6|1|1|And the children of Israel did evil in the eyes of the Lord; and the Lord gave them up into the hand of Midian for seven years.|en
292|6|2|2|米甸人壓制以色列人；以色列人因為米甸人，就在山中挖穴、挖洞、建造營寨。|zh
293|6|2|2|And Midian was stronger than Israel; and because of the Midianites, the children of Israel made holes for themselves in the mountains, and hollows in the rocks, and strong places.|en
294|6|3|3|以色列人每逢撒種之後，米甸人、亞瑪力人，和東方人都上來攻打他們，|zh
295|6|3|3|And whenever Israel's grain was planted, the Midianites and the Amalekites and the people of the east came up against them;|en
296|6|4|4|對著他們安營，毀壞土產，直到迦薩，沒有給以色列人留下食物，牛、羊、驢也沒有留下；|zh
297|6|4|4|And put their army in position against them; and they took all the produce of the earth as far as Gaza, till there was no food in Israel, or any sheep or oxen or asses.|en
298|6|5|5|因為那些人帶著牲畜帳棚來，像蝗蟲那樣多，人和駱駝無數，都進入國內，毀壞全地。|zh
299|6|5|5|For they came up regularly with their oxen and their tents; they came like the locusts in number; they and their camels were without number; and they came into the land for its destruction.|en
300|6|6|6|以色列人因米甸人的緣故，極其窮乏，就呼求耶和華。|zh
301|6|6|6|And Israel was in great need because of Midian; and the cry of the children of Israel went up to the Lord.|en
302|6|7|7|以色列人因米甸人的緣故，呼求耶和華，|zh
303|6|7|7|And when the cry of the children of Israel, because of Midian, came before the Lord,|en
304|6|8|8|耶和華就差遣先知到以色列人那裡，對他們說：耶和華─以色列的神如此說：我曾領你們從埃及上來，出了為奴之家，|zh
305|6|8|8|The Lord sent a prophet to the children of Israel, who said to them, The Lord the God of Israel, has said, I took you up from Egypt, out of the prison-house;|en
306|6|9|9|救你們脫離埃及人的手，並脫離一切欺壓你們之人的手，把他們從你們面前趕出，將他們的地賜給你們；|zh
307|6|9|9|And I took you out of the hands of the Egyptians and out of the hands of all who were cruel to you, and I sent them out by force from before you and gave you their land;|en
308|6|10|10|又對你們說：我是耶和華─你們的神。你們住在亞摩利人的地，不可敬畏他們的　神。你們竟不聽從我的話。|zh
309|6|10|10|And I said to you, I am the Lord your God; you are not to give worship to the gods of the Amorites in whose land you are living, but you did not give ear to my voice.|en
310|6|11|11|耶和華的使者到了俄弗拉，坐在亞比以謝族人約阿施的橡樹下。約阿施的兒子基甸正在酒醡那裡打麥子，為要防備米甸人。|zh
311|6|11|11|Now the angel of the Lord came and took his seat under the oak-tree in Ophrah, in the field of Joash the Abiezrite; and his son Gideon was crushing grain in the place where the grapes were crushed, so that the Midianites might not see it.|en
312|6|12|12|耶和華的使者向基甸顯現，對他說：大能的勇士啊，耶和華與你同在！|zh
313|6|12|12|And the angel of the Lord came before his eyes, and said to him, The Lord is with you, O man of war.|en
314|6|13|13|基甸說：主啊，耶和華若與我們同在，我們何至遭遇這一切事呢？我們的列祖不是向我們說耶和華領我們從埃及上來麼？他那樣奇妙的作為在哪裡呢？現在他卻丟棄我們，將我們交在米甸人手裡。|zh
315|6|13|13|Then Gideon said to him, O my lord, if the Lord is with us why has all this come on us? And where are all his works of power, of which our fathers have given us word, saying, Did not the Lord take us out of Egypt? But now he has given us up, handing us over to the power of Midian.|en
316|6|14|14|耶和華觀看基甸，說：你靠著你這能力去從米甸人手裡拯救以色列人，不是我差遣你去的麼？|zh
317|6|14|14|And the Lord, turning to him, said, Go in the strength you have and be Israel's saviour from Midian: have I not sent you?|en
318|6|15|15|基甸說：主啊，我有何能拯救以色列人呢？我家在瑪拿西支派中是至貧窮的。我在我父家是至微小的。|zh
319|6|15|15|And he said to him, O Lord, how may I be the saviour of Israel? See, my family is the poorest in Manasseh, and I am the least in my father's house.|en
320|6|16|16|耶和華對他說：我與你同在，你就必擊打米甸人，如擊打一人一樣。|zh
321|6|16|16|Then the Lord said to him, Truly, I will be with you, and you will overcome the Midianites as if they were one man.|en
322|6|17|17|基甸說：我若在你眼前蒙恩，求你給我一個證據，使我知道與我說話的就是主。|zh
323|6|17|17|So he said to him, If now I have grace in your eyes, then give me a sign that it is you who are talking to me.|en
324|6|18|18|求你不要離開這裡，等我歸回將禮物帶來供在你面前。主說：我必等你回來。|zh
325|6|18|18|Do not go away till I come with my offering and put it before you. And he said, I will not go away before you come back.|en
326|6|19|19|基甸去預備了一隻山羊羔，用一伊法細麵做了無酵餅，將肉放在筐內，把湯盛在壺中，帶到橡樹下，獻在使者面前。|zh
327|6|19|19|Then Gideon went in and made ready a young goat, and with an ephah of meal he made unleavened cakes: he put the meat in a basket and the soup in which it had been cooked he put in a pot, and he took it out to him under the oak-tree and gave it to him there.|en
328|6|20|20|神的使者吩咐基甸說：將肉和無酵餅放在這磐石上，把湯倒出來。他就這樣行了。|zh
329|6|20|20|And the angel of God said to him, Take the meat and the unleavened cakes and put them down on the rock over there, draining out the soup over them. And he did so.|en
330|6|21|21|耶和華的使者伸出手內的杖，杖頭挨了肉和無酵餅，就有火從磐石中出來，燒盡了肉和無酵餅。耶和華的使者也就不見了。|zh
331|6|21|21|Then the angel of the Lord put out the stick which was in his hand, touching the meat and the cakes with the end of it; and a flame came up out of the rock, burning up the meat and the cakes: and the angel of the Lord was seen no longer.|en
332|6|22|22|基甸見他是耶和華的使者，就說：哀哉！主耶和華啊，我不好了，因為我覿面看見耶和華的使者。|zh
333|6|22|22|Then Gideon was certain that he was the angel of the Lord; and Gideon said, I am in fear, O Lord God! for I have seen the angel of the Lord face to face.|en
334|6|23|23|耶和華對他說：你放心，不要懼怕，你必不至死。|zh
335|6|23|23|But the Lord said to him, Peace be with you; have no fear: you are in no danger of death.|en
336|6|24|24|於是基甸在那裡為耶和華築了一座壇，起名叫耶和華沙龍（就是耶和華賜平安的意思）。（這壇在亞比以謝族的俄弗拉直到如今。）|zh
337|6|24|24|Then Gideon made an altar there to the Lord, and gave it the name Yahweh-shalom; to this day it is in Ophrah of the Abiezrites.|en
338|6|25|25|當那夜，耶和華吩咐基甸說：你取你父親的牛來，就是（或譯：和）那七歲的第二隻牛，並拆毀你父親為巴力所築的壇，砍下壇旁的木偶，|zh
339|6|25|25|The same night the Lord said to him, Take ten men of your servants and an ox seven years old, and after pulling down the altar of Baal which is your father's, and cutting down the holy tree by its side,|en
340|6|26|26|在這磐石（原文是保障）上整整齊齊地為耶和華─你的神築一座壇，將第二隻牛獻為燔祭，用你所砍下的木偶作柴。|zh
341|6|26|26|Make an altar to the Lord your God on the top of this rock, in the ordered way and take the ox and make a burned offering with the wood of the holy tree which has been cut down.|en
342|6|27|27|基甸就從他僕人中挑了十個人，照著耶和華吩咐他的行了。他因怕父家和本城的人，不敢在白晝行這事，就在夜間行了。|zh
343|6|27|27|Then Gideon took ten of his servants and did as the Lord had said to him; but fearing to do it by day, because of his father's people and the men of the town, he did it by night.|en
344|6|28|28|城裡的人清早起來，見巴力的壇拆毀，壇旁的木偶砍下，第二隻牛獻在新築的壇上，|zh
345|6|28|28|And the men of the town got up early in the morning, and they saw the altar of Baal broken down, and the holy tree which was by it cut down, and the ox offered on the altar which had been put up there.|en
346|6|29|29|就彼此說：這事是誰做的呢？他們訪查之後，就說：這是約阿施的兒子基甸做的。|zh
347|6|29|29|And they said to one another, Who has done this thing? And after searching with care, they said, Gideon, the son of Joash, has done this thing.|en
348|6|30|30|城裡的人對約阿施說：將你兒子交出來，好治死他；因為他拆毀了巴力的壇，砍下壇旁的木偶。|zh
349|6|30|30|Then the men of the town said to Joash, Make your son come out to be put to death, for pulling down the altar of Baal and cutting down the holy tree which was by it.|en
350|6|31|31|約阿施回答站著攻擊他的眾人說：你們是為巴力爭論麼？你們要救他麼？誰為他爭論，趁早將誰治死！巴力若果是神，有人拆毀他的壇，讓他為自己爭論罷！|zh
351|6|31|31|But Joash said to all those who were attacking him, Will you take up the cause of Baal? will you be his saviour? Let anyone who will take up his cause be put to death while it is still morning: if he is a god, let him take up his cause himself because of the pulling down of his altar.|en
352|6|32|32|所以當日人稱基甸為耶路巴力，意思說：他拆毀巴力的壇，讓巴力與他爭論。|zh
353|6|32|32|So that day he gave him the name of Jerubbaal, saying, Let Baal take up his cause against him because his altar has been broken down.|en
354|6|33|33|那時，米甸人、亞瑪力人，和東方人都聚集過河，在耶斯列平原安營。|zh
355|6|33|33|Then all the Midianites and the Amalekites and the people of the east, banding themselves together, went over and put up their tents in the valley of Jezreel.|en
356|6|34|34|耶和華的靈降在基甸身上，他就吹角；亞比以謝族都聚集跟隨他。|zh
357|6|34|34|But the spirit of the Lord came on Gideon; and at the sound of his horn all Abiezer came together after him.|en
358|6|35|35|他打發人走遍瑪拿西地，瑪拿西人也聚集跟隨他；又打發人去見亞設人、西布倫人、拿弗他利人，他們也都出來與他們會合。|zh
359|6|35|35|And he sent through all Manasseh, and they came after him; and he sent to Asher and Zebulun and Naphtali, and they came up and were joined to the others.|en
360|6|36|36|基甸對神說：你若果照著所說的話，藉我手拯救以色列人，|zh
361|6|36|36|Then Gideon said to God, If you are going to give Israel salvation by my hand, as you have said,|en
362|6|37|37|我就把一團羊毛放在禾場上：若單是羊毛上有露水，別的地方都是乾的，我就知道你必照著所說的話，藉我手拯救以色列人。|zh
363|6|37|37|See, I will put the wool of a sheep on the grain-floor; if there is dew on the wool only, while all the earth is dry, then I will be certain that it is your purpose to give Israel salvation by my hand as you have said.|en
364|6|38|38|次日早晨基甸起來，見果然是這樣；將羊毛擠一擠，從羊毛中擰出滿盆的露水來。|zh
365|6|38|38|And it was so: for he got up early on the morning after, and twisting the wool in his hands, he got a basin full of water from the dew on the wool.|en
366|6|39|39|基甸又對神說：求你不要向我發怒，我再說這一次：讓我將羊毛再試一次。但願羊毛是乾的，別的地方都有露水。|zh
367|6|39|39|Then Gideon said to God, Do not be moved to wrath against me if I say only this: let me make one more test with the wool; let the wool now be dry, while the earth is covered with dew.|en
368|6|40|40|這夜神也如此行：獨羊毛上是乾的，別的地方都有露水。|zh
369|6|40|40|And that night God did so; for the wool was dry, and there was dew on all the earth round it.|en
370|7|1|1|耶路巴力就是基甸，他和一切跟隨的人早晨起來，在哈律泉旁安營。米甸營在他們北邊的平原，靠近摩利岡。|zh
371|7|1|1|Then Jerubbaal, that is, Gideon, and all the people with him, got up early and put up their tents by the side of the water-spring of Harod; the tents of Midian were on the north side of him, under the hill of Moreh in the valley.|en
372|7|2|2|耶和華對基甸說：跟隨你的人過多，我不能將米甸人交在他們手中，免得以色列人向我誇大，說：是我們自己的手救了我們。|zh
373|7|2|2|And the Lord said to Gideon, So great is the number of your people, that if I give the Midianites into their hands they will be uplifted in pride over me and will say, I myself have been my saviour.|en
374|7|3|3|現在你要向這些人宣告說：凡懼怕膽怯的，可以離開基列山回去。於是有二萬二千人回去，只剩下一萬。|zh
375|7|3|3|So now, let it be given out to the people that anyone who is shaking with fear is to go back from Mount Galud. So twenty-two thousand of the people went back, but there were still ten thousand.|en
376|7|4|4|耶和華對基甸說：人還是過多；你要帶他們下到水旁，我好在那裡為你試試他們。我指點誰說：這人可以同你去，他就可以同你去；我指點誰說：這人不可同你去，他就不可同你去。|zh
377|7|4|4|Then the Lord said to Gideon, There are still more people than is necessary; take them down to the water so that I may put them to the test for you there; then whoever I say is to go with you will go, and whoever I say is not to go will not go.|en
378|7|5|5|基甸就帶他們下到水旁。耶和華對基甸說：凡用舌頭舔水，像狗舔的，要使他單站在一處；凡跪下喝水的，也要使他單站在一處。|zh
379|7|5|5|So he took the people down to the water; and the Lord said to Gideon, Put on one side by themselves all those drinking up the water with their tongues like a dog; and in the same way, all those who go down on their knees to the water while drinking.|en
380|7|6|6|於是用手捧著舔水的有三百人，其餘的都跪下喝水。|zh
381|7|6|6|Now the number of those who took up the water with their tongues was three hundred; all the rest of the people went down on their knees to the water.|en
382|7|7|7|耶和華對基甸說：我要用這舔水的三百人拯救你們，將米甸人交在你手中；其餘的人都可以各歸各處去。|zh
383|7|7|7|And the Lord said to Gideon, By those three hundred who were drinking with their tongues I will give you salvation and give the Midianites into your hands; let the rest of the people go away, every man to his place.|en
384|7|8|8|這三百人就帶著食物和角；其餘的以色列人，基甸都打發他們各歸各的帳棚，只留下這三百人。米甸營在他下邊的平原裡。|zh
385|7|8|8|So they took the vessels of the people, and their horns from their hands, and he sent them away, every man to his tent, keeping only the three hundred; and the tents of Midian were lower down in the valley.|en
386|7|9|9|當那夜，耶和華吩咐基甸說：起來，下到米甸營裡去，因我已將他們交在你手中。|zh
387|7|9|9|The same night the Lord said to him, Up! go down now against their army, for I have given them into your hands.|en
388|7|10|10|倘若你怕下去，就帶你的僕人普拉下到那營裡去。|zh
389|7|10|10|But if you have fear of going down, take your servant Purah with you and go down to the tents;|en
390|7|11|11|你必聽見他們所說的，然後你就有膽量下去攻營。於是基甸帶著僕人普拉下到營旁。|zh
391|7|11|11|And after hearing what they are saying, you will get strength to go down against the army. So he went down with his servant Purah to the outer line of the tents of the armed men.|en
392|7|12|12|米甸人、亞瑪力人，和一切東方人都布散在平原，如同蝗蟲那樣多。他們的駱駝無數，多如海邊的沙。|zh
393|7|12|12|Now the Midianites and the Amalekites and all the people of the east were covering the valley like locusts; and their camels were like the sand by the seaside, without number.|en
394|7|13|13|基甸到了，就聽見一人將夢告訴同伴說：我做了一夢，夢見一個大麥餅滾入米甸營中，到了帳幕，將帳幕撞倒，帳幕就翻轉傾覆了。|zh
395|7|13|13|When Gideon came there, a man was giving his friend an account of his dream, saying, See, I had a dream about a cake of barley bread which, falling into the tents of Midian, came on to the tent, overturning it so that it was stretched out flat on the earth.|en
396|7|14|14|那同伴說：這不是別的，乃是以色列人約阿施的兒子基甸的刀；神已將米甸和全軍都交在他的手中。|zh
397|7|14|14|And his friend in answer said, This is certainly the sword of Gideon, the son of Joash, the men of Israel: into their hands God has given up all the army of Midian.|en
398|7|15|15|基甸聽見這夢和夢的講解，就敬拜神，回到以色列營中，說：起來罷！耶和華已將米甸的軍隊交在你們手中了。|zh
399|7|15|15|Then Gideon, hearing the story of the dream and the sense in which they took it, gave worship; then he went back to the tents of Israel, and said, Up! for the Lord has given the army of Midian into your hands.|en
400|7|16|16|於是基甸將三百人分作三隊，把角和空瓶交在各人手裡（瓶內都藏著火把），|zh
401|7|16|16|Then separating the three hundred men into three bands, he gave every man a horn, and a vessel in which was a flaming branch.|en
402|7|17|17|吩咐他們說：你們要看我行事：我到了營的旁邊怎樣行，你們也要怎樣行。|zh
403|7|17|17|And he said to them, Keep your eyes on me, and do what I do; when I come to the outer line of tents, whatever I do, you are to do the same.|en
404|7|18|18|我和一切跟隨我的人吹角的時候，你們也要在營的四圍吹角，喊叫說：耶和華和基甸的刀！|zh
405|7|18|18|At the sound of my horn, and the horns of those who are with me, let your horns be sounded all round the tents, and say, For the Lord and for Gideon.|en
406|7|19|19|基甸和跟隨他的一百人，在三更之初才換更的時候，來到營旁，就吹角，打破手中的瓶。|zh
407|7|19|19|So Gideon and the three hundred men who were with him came to the outer line of tents, at the start of the middle watch, when the watchmen had only then taken their stations; and the horns were sounded and the vessels broken.|en
408|7|20|20|三隊的人就都吹角，打破瓶子，左手拿著火把，右手拿著角，喊叫說：耶和華和基甸的刀！|zh
409|7|20|20|So the three bands all gave a loud note on their horns, and when the vessels had been broken, they took the flaming branches in their left hands, and the horns in their right hands ready for blowing, crying out, For the Lord and for Gideon.|en
410|7|21|21|他們在營的四圍各站各的地方；全營的人都亂竄。三百人吶喊，使他們逃跑。|zh
411|7|21|21|Then they made a line round the tents, every man in his place; and all the army, awaking from sleep, came running out, and with loud cries went in flight.|en
412|7|22|22|三百人就吹角，耶和華使全營的人用刀互相擊殺，逃到西利拉的伯哈示他，直逃到靠近他巴的亞伯米何拉。|zh
413|7|22|22|And the three hundred gave a loud note on their horns, and every man's sword was turned by the Lord against his brother all through the army; and the army went in flight as far as Beth-shittah in the direction of Zeredah, to the edge of Abel-meholah by Tabbath.|en
414|7|23|23|以色列人就從拿弗他利、亞設，和瑪拿西全地聚集來追趕米甸人。|zh
415|7|23|23|And the men of Israel came together from Naphtali and from Asher and all Manasseh, and went after Midian.|en
416|7|24|24|基甸打發人走遍以法蓮山地，說：你們下來攻擊米甸人，爭先把守約但河的渡口，直到伯巴拉。於是以法蓮的眾人聚集，把守約但河的渡口，直到伯巴拉，|zh
417|7|24|24|Then Gideon sent through all the hill-country of Ephraim saying, Come down against Midian, and keep the ways across Jordan before they come. So all the men of Ephraim, massing themselves together, kept the ways across Jordan.|en
418|7|25|25|捉住了米甸人的兩個首領：一名俄立，一名西伊伯；將俄立殺在俄立磐石上，將西伊伯殺在西伊伯酒醡那裡；又追趕米甸人，將俄立和西伊伯的首級帶過約但河，到基甸那裡。|zh
419|7|25|25|And they took the two chiefs of Midian, Oreb and Zeeb; and they put Oreb to death at the rock of Oreb, and Zeeb they put to death at the place of the grape-crushing in Zeeb, and they went after Midian; but the heads of Oreb and Zeeb they took across Jordan to Gideon.|en
420|8|1|1|以法蓮人對基甸說：你去與米甸人爭戰，沒有招我們同去，為甚麼這樣待我們呢？他們就與基甸大大地爭吵。|zh
421|8|1|1|And the men of Ephraim came and said to him, Why did you not send for us when you went to war against Midian? And they said sharp and angry words to him.|en
422|8|2|2|基甸對他們說：我所行的豈能比你們所行的呢？以法蓮拾取剩下的葡萄不強過亞比以謝所摘的葡萄麼？|zh
423|8|2|2|And he said to them, What have I done in comparison with you? Is not that which Ephraim took up after the grape-cutting better than all the grapes which Abiezer got in from the grape-cutting?|en
424|8|3|3|神已將米甸人的兩個首領俄立和西伊伯交在你們手中；我所行的豈能比你們所行的呢？基甸說了這話，以法蓮人的怒氣就消了。|zh
425|8|3|3|God has given into your hands the chiefs of Midian, Oreb and Zeeb; what have I been able to do in comparison with you? And when he said this, their feeling about him became kinder.|en
426|8|4|4|基甸和跟隨他的三百人到約但河過渡，雖然疲乏，還是追趕。|zh
427|8|4|4|Then Gideon came to Jordan and went over it with his three hundred, overcome with weariness and in need of food.|en
428|8|5|5|基甸對疏割人說：求你們拿餅來給跟隨我的人吃，因為他們疲乏了；我們追趕米甸人的兩個王西巴和撒慕拿。|zh
429|8|5|5|And he said to the men of Succoth, Give bread cakes to my people, for they are overcome with weariness, and I am going on after Zebah and Zalmunna, the kings of Midian.|en
430|8|6|6|疏割人的首領回答說：西巴和撒慕拿已經在你手裡，你使我們將餅給你的軍兵麼？|zh
431|8|6|6|But the chiefs of Succoth said, Are the hands of Zebah and Zalmunna even now in your hand that we are to give bread to your army?|en
432|8|7|7|基甸說：耶和華將西巴和撒慕拿交在我手之後，我就用野地的荊條和枳棘打傷你們。|zh
433|8|7|7|Then Gideon said, Because of this, when the Lord has given Zebah and Zalmunna into my hands, I will have you stretched on a bed of thorns of the waste land and on sharp stems, and have you crushed as grain is crushed on a grain-floor.|en
434|8|8|8|基甸從那裡上到毗努伊勒，對那裡的人也是這樣說；毗努伊勒人也與疏割人回答他的話一樣。|zh
435|8|8|8|So he went up from there to Penuel and made the same request to the men of Penuel; but they gave him the same answer as the men of Succoth had given.|en
436|8|9|9|他向毗努伊勒人說：我平平安安回來的時候，我必拆毀這樓。|zh
437|8|9|9|So he said to the men of Penuel, When I come back in peace, I will have this tower broken down.|en
438|8|10|10|那時西巴和撒慕拿，並跟隨他們的軍隊都在加各，約有一萬五千人，就是東方人全軍所剩下的；已經被殺約有十二萬拿刀的。|zh
439|8|10|10|Now Zebah and Zalmunna were in Karkor and their armies with them, about fifteen thousand men, those of all the army of the children of the east who were still living; for a hundred and twenty thousand of their swordsmen had been put to death.|en
440|8|11|11|基甸就由挪巴和約比哈東邊，從住帳棚人的路上去，殺敗了米甸人的軍兵，因為他們坦然無懼。|zh
441|8|11|11|And Gideon went up by the way used by the people living in tents on the east of Nobah and Jogbehah, and made an attack on the army when they had no thought of danger.|en
442|8|12|12|西巴和撒慕拿逃跑；基甸追趕他們，捉住米甸的二王西巴和撒慕拿，驚散全軍。|zh
443|8|12|12|And Zebah and Zalmunna went in flight; and he went after them, and took the two kings of Midian, Zebah and Zalmunna, and put all the army to the curse.|en
444|8|13|13|約阿施的兒子基甸由希列斯坡從陣上回來，|zh
445|8|13|13|Then Gideon, the son of Joash, went back from the fight:|en
446|8|14|14|捉住疏割的一個少年人，問他：疏割的首領長老是誰？他就將首領長老七十七個人的名字寫出來。|zh
447|8|14|14|And taking prisoner a young man of the people of Succoth, he got from him, in answer to his questions, a list of the chiefs of Succoth and the responsible men, seventy-seven men.|en
448|8|15|15|基甸到了疏割，對那裡的人說：你們從前譏誚我說：西巴和撒慕拿已經在你手裡，你使我們將餅給跟隨你的疲乏人麼？ㄤ萑在西巴和撒慕拿在這裡。|zh
449|8|15|15|So he came to the men of Succoth and said, Here are Zebah and Zalmunna, on account of whom you made sport of me, saying, Are the hands of Zebah and Zalmunna even now in your hand, that we are to give bread to your army who are overcome with weariness?|en
450|8|16|16|於是捉住那城內的長老，用野地的荊條和枳棘責打（原文是指教）疏割人；|zh
451|8|16|16|Then he took the responsible men of the town and had them crushed on a bed of thorns and sharp stems.|en
452|8|17|17|又拆了毗努伊勒的樓，殺了那城裡的人。|zh
453|8|17|17|And he had the tower of Penuel broken down and the men of the town put to death.|en
454|8|18|18|基甸問西巴和撒慕拿說：你們在他泊山所殺的人是甚麼樣式？回答說：他們好像你，各人都有王子的樣式。|zh
455|8|18|18|Then he said to Zebah and Zalmunna, Where are the men whom you put to death at Tabor? And they gave answer, As you are, so were they; every one of them was like a king's son.|en
456|8|19|19|基甸說：他們是我同母的弟兄，我指著永生的耶和華起誓，你們從前若存留他們的性命，我如今就不殺你們了。|zh
457|8|19|19|And he said, They were my brothers, my mother's sons: by the life of the Lord, if you had kept them safe, I would not put you to death.|en
458|8|20|20|於是對他的長子益帖說：你起來殺他們。但益帖因為是童子，害怕，不敢拔刀。|zh
459|8|20|20|Then he said to Jether, his oldest son, Up! Put them to death. But the boy did not take out his sword, fearing because he was still a boy.|en
460|8|21|21|西巴和撒慕拿說：你自己起來殺我們罷！因為人如何，力量也是如何。基甸就起來，殺了西巴和撒慕拿，奪獲他們駱駝項上戴的月牙圈。|zh
461|8|21|21|Then Zebah and Zalmunna said, Up! Put an end to us yourself: for you have a man's strength. Then Gideon got up and put Zebah and Zalmunna to death and took the ornaments which were on their camels' necks.|en
462|8|22|22|以色列人對基甸說：你既救我們脫離米甸人的手，願你和你的兒孫管理我們。|zh
463|8|22|22|Then the men of Israel said to Gideon, Be our ruler, you and your son and your son's son after him; for you have been our saviour from the hands of Midian.|en
464|8|23|23|基甸說：我不管理你們，我的兒子也不管理你們，惟有耶和華管理你們。|zh
465|8|23|23|But Gideon said to them, I will not be a ruler over you, and my son will not be a ruler over you: it is the Lord who will be ruler over you.|en
466|8|24|24|基甸又對他們說：我有一件事求你們：請你們各人將所奪的耳環給我。原來仇敵是以實瑪利人，都是戴金耳環的。）|zh
467|8|24|24|Then Gideon said to them, I have a request to make to you; let every man give me the ear-rings he has taken. (For they had gold ear-rings, because they were Ishmaelites.)|en
468|8|25|25|他們說：我們情願給你。就鋪開一件外衣，各人將所奪的耳環丟在其上。|zh
469|8|25|25|And they gave answer, We will gladly give them. So they put down a robe, every man dropping into it the ear-rings he had taken.|en
470|8|26|26|基甸所要出來的金耳環重一千七百舍客勒金子。此外還有米甸王所戴的月環、耳墜，和所穿的紫色衣服，並駱駝項上的金鍊子。|zh
471|8|26|26|The weight of the gold ear-rings which he got from them was one thousand, seven hundred shekels of gold; in addition to the moon-ornaments and jewels and the purple robes which were on the kings of Midian, and the chains on their camels' necks.|en
472|8|27|27|基甸以此製造了一個以弗得，設立在本城俄弗拉。後來以色列人拜那以弗得行了邪淫；這就作了基甸和他全家的網羅。|zh
473|8|27|27|And Gideon made an ephod from them and put it up in his town Ophrah; and all Israel went after it there and were false to the Lord; and it became a cause of sin to Gideon and his house.|en
474|8|28|28|這樣，米甸人被以色列人制伏了，不敢再抬頭。基甸還在的日子，國中太平四十年。|zh
475|8|28|28|So Midian was broken before the children of Israel and the Midianites never got back their strength. And the land had peace for forty years, in the days of Gideon.|en
476|8|29|29|約阿施的兒子耶路巴力回去，住在自己家裡。|zh
477|8|29|29|And Jerubbaal, the son of Joash, went back to his house and was living there.|en
478|8|30|30|基甸有七十個親生的兒子，因為他有許多的妻。|zh
479|8|30|30|Gideon had seventy sons, the offspring of his body; for he had a number of wives.|en
480|8|31|31|他的妾住在示劍，也給他生了一個兒子。基甸與他起名叫亞比米勒。|zh
481|8|31|31|And the servant-wife he had in Shechem had a son by him, to whom he gave the name Abimelech.|en
482|8|32|32|約阿施的兒子基甸，年紀老邁而死，葬在亞比以謝族的俄弗拉，在他父親約阿施的墳墓裡。|zh
483|8|32|32|And Gideon, the son of Joash, came to his end when he was very old, and his body was put in the resting-place of Joash his father, in Ophrah of the Abiezrites.|en
484|8|33|33|基甸死後，以色列人又去隨從諸巴力行邪淫，以巴力比利土為他們的神。|zh
485|8|33|33|And after the death of Gideon, the children of Israel again went after the gods of Canaan and were false to the Lord, and made Baal-berith their god.|en
486|8|34|34|以色列人不記念耶和華─他們的神，就是拯救他們脫離四圍仇敵之手的，|zh
487|8|34|34|And the children of Israel did not keep in their minds the Lord their God, who had been their saviour from all their haters on every side;|en
488|8|35|35|也不照著耶路巴力，就是基甸向他們所施的恩惠厚待他的家。|zh
489|8|35|35|And they were not kind to the house of Jerubbaal, that is, Gideon, in reward for all the good he had done to Israel.|en
490|9|1|1|耶路巴力的兒子亞比米勒到了示劍見他的眾母舅，對他們和他外祖全家的人說：|zh
491|9|1|1|Now Abimelech, the son of Jerubbaal, went to Shechem to his mother's family, and said to them and to all the family of his mother's father,|en
492|9|2|2|請你們問示劍的眾人說，是耶路巴力的眾子七十人都管理你們好呢？還是一人管理你們好呢？你們又要記念我是你們的骨肉。|zh
493|9|2|2|Say now in the ears of all the townsmen of Shechem, Is it better for you to be ruled by all the seventy sons of Jerubbaal or by one man only? And keep in mind that I am your bone and your flesh.|en
494|9|3|3|他的眾母舅便將這一切話為他說給示劍人聽，示劍人的心就歸向亞比米勒。他們說：他原是我們的弟兄；|zh
495|9|3|3|So his mother's family said all this about him in the ears of all the townsmen of Shechem: and their hearts were turned to Abimelech, for they said, He is our brother.|en
496|9|4|4|就從巴力比利土的廟中取了七十舍客勒銀子給亞比米勒；亞比米勒用以雇了些匪徒跟隨他。|zh
497|9|4|4|And they gave him seventy shekels of silver from the house of Baal-berith, with which Abimelech got the support of a number of uncontrolled and good-for-nothing persons.|en
498|9|5|5|他往俄弗拉到他父親的家，將他弟兄、耶路巴力的眾子七十人都殺在一塊磐石上；只剩下耶路巴力的小兒子約坦，因為他躲藏了。|zh
499|9|5|5|Then he went to his father's house at Ophrah, and put his brothers, the seventy sons of Jerubbaal, to death on the same stone; however, Jotham, the youngest, kept himself safe by going away to a secret place.|en
500|9|6|6|示劍人和米羅人都一同聚集，往示劍橡樹旁的柱子那裡，立亞比米勒為王。|zh
501|9|6|6|And all the townsmen of Shechem and all Beth-millo came together and went and made Abimelech their king, by the oak of the pillar in Shechem.|en
502|9|7|7|有人將這事告訴約坦，他就去站在基利心山頂上，向眾人大聲喊叫說：示劍人哪，你們要聽我的話，神也就聽你們的話。|zh
503|9|7|7|Now Jotham, on hearing of it, went to the top of Mount Gerizim, and crying out with a loud voice said to them, Give ear to me, you townsmen of Shechem, so that God may give ear to you.|en
504|9|8|8|有一時樹木要膏一樹為王，管理他們，就去對橄欖樹說：請你作我們的王。|zh
505|9|8|8|One day the trees went out to make a king for themselves; and they said to the olive-tree, Be king over us.|en
506|9|9|9|橄欖樹回答說：我豈肯止住供奉神和尊重人的油，飄颻在眾樹之上呢？|zh
507|9|9|9|But the olive-tree said to them, Am I to give up my wealth of oil, by which men give honour to God, and go waving over the trees?|en
508|9|10|10|樹木對無花果樹說：請你來作我們的王。|zh
509|9|10|10|Then the trees said to the fig-tree, You come and be king over us.|en
510|9|11|11|無花果樹回答說：我豈肯止住所結甜美的果子，飄颻在眾樹之上呢？|zh
511|9|11|11|But the fig-tree said to them, Am I to give up my sweet taste and my good fruit and go waving over the trees?|en
512|9|12|12|樹木對葡萄樹說：請你來作我們的王。|zh
513|9|12|12|Then the trees said to the vine, You come and be king over us.|en
514|9|13|13|葡萄樹回答說：我豈肯止住使神和人喜樂的新酒，飄颻在眾樹之上呢。|zh
515|9|13|13|But the vine said to them, Am I to give up my wine, which makes glad God and men, to go waving over the trees?|en
516|9|14|14|眾樹對荊棘說：請你來作我們的王。|zh
517|9|14|14|Then all the trees said to the thorn, You come and be king over us.|en
518|9|15|15|荊棘回答說：你們若誠誠實實地膏我為王，就要投在我的蔭下；不然，願火從荊棘裡出來，燒滅利巴嫩的香柏樹。|zh
519|9|15|15|And the thorn said to the trees, If it is truly your desire to make me your king, then come and put your faith in my shade; and if not, may fire come out of the thorn, burning up the cedars of Lebanon.|en
520|9|16|16|現在你們立亞比米勒為王，若按誠實正直善待耶路巴力和他的全家，這就是酬他的勞。|zh
521|9|16|16|So now, if you have done truly and uprightly in making Abimelech king, and if you have done well to Jerubbaal and his house in reward for the work of his hands;|en
522|9|17|17|從前我父冒死為你們爭戰，救了你們脫離米甸人的手。|zh
523|9|17|17|(For my father made war for you, and put his life in danger, and made you free from the hands of Midian;|en
524|9|18|18|你們如今起來攻擊我的父家，將他眾子七十人殺在一塊磐石上，又立他婢女所生的兒子亞比米勒為示劍人的王；他原是你們的弟兄。|zh
525|9|18|18|And you have gone against my father's family this day, and have put to death his sons, even seventy men on one stone, and have made Abimelech, the son of his servant-wife, king over the townsmen of Shechem because he is your brother;)|en
526|9|19|19|你們如今若按誠實正直待耶路巴力和他的家，就可因亞比米勒得歡樂，他也可因你們得歡樂；|zh
527|9|19|19|If then you have done what is true and upright to Jerubbaal and his family this day, may you have joy in Abimelech, and may he have joy in you;|en
528|9|20|20|不然，願火從亞比米勒發出，燒滅示劍人和米羅眾人，又願火從示劍人和米羅人中出來，燒滅亞比米勒。|zh
529|9|20|20|But if not, may fire come out from Abimelech, burning up the townsmen of Shechem and Beth-millo; and may fire come out from the townsmen of Shechem and Beth-millo, for the destruction of Abimelech.|en
530|9|21|21|約坦因怕他弟兄亞比米勒，就逃跑，來到比珥，住在那裡。|zh
531|9|21|21|Then Jotham straight away went in flight to Beer, and was living there for fear of his brother Abimelech.|en
532|9|22|22|亞比米勒管理以色列人三年。|zh
533|9|22|22|So Abimelech was chief over Israel for three years.|en
534|9|23|23|神使惡魔降在亞比米勒和示劍人中間，示劍人就以詭詐待亞比米勒。|zh
535|9|23|23|And God sent an evil spirit between Abimelech and the townsmen of Shechem; and the townsmen of Shechem were false to Abimelech;|en
536|9|24|24|這是要叫耶路巴力七十個兒子所受的殘害歸與他們的哥哥亞比米勒，又叫那流他們血的罪歸與幫助他殺弟兄的示劍人。|zh
537|9|24|24|So that punishment for the violent attack made on the seventy sons of Jerubbaal, and for their blood, might come on Abimelech, their brother, who put them to death, and on the townsmen of Shechem who gave him their help in putting his brothers to death.|en
538|9|25|25|示劍人在山頂上設埋伏，等候亞比米勒。凡從他們那裡經過的人，他們就搶奪。有人將這事告訴亞比米勒。|zh
539|9|25|25|And the townsmen of Shechem put secret watchers on the tops of the mountains, and they made attacks on all who went by on the road and took their goods; and word of this came to Abimelech.|en
540|9|26|26|以別的兒子迦勒和他的弟兄來到示劍，示劍人都信靠他。|zh
541|9|26|26|Then Gaal, the son of Ebed, came with his brothers, and went over to Shechem; and the men of Shechem put their faith in him.|en
542|9|27|27|示劍人出城到田間去，摘下葡萄，踹酒，設擺筵宴，進他們神的廟中吃喝，咒詛亞比米勒。|zh
543|9|27|27|And they went out into their fields and got in the fruit of their vines, and when the grapes had been crushed, they made a holy feast and went into the house of their god, and over their food and drink they were cursing Abimelech.|en
544|9|28|28|以別的兒子迦勒說：亞比米勒是誰？示劍是誰？使我們服事他呢？他不是耶路巴力的兒子麼？他的幫手不是西布勒麼？你們可以服事示劍的父親哈抹的後裔。我們為何服事亞比米勒呢？|zh
545|9|28|28|And Gaal, the son of Ebed, said, Who is Abimelech and who is Shechem, that we are to be his servants? Is it not right for the son of Jerubbaal and Zebul his captain to be servants to the men of Hamor, the father of Shechem? But why are we to be his servants?|en
546|9|29|29|惟願這民歸我的手下，我就除掉亞比米勒。迦勒又對亞比米勒說：增添你的軍兵出來罷。|zh
547|9|29|29|If only I had authority over this people! I would put Abimelech out of the way, and I would say to Abimelech, Make your army strong, and come out.|en
548|9|30|30|邑宰西布勒聽見以別的兒子迦勒的話，就發怒，|zh
549|9|30|30|Now Zebul, the ruler of the town, hearing what Gaal, the son of Ebed, had said, was moved to wrath.|en
550|9|31|31|悄悄地打發人去見亞比米勒，說：以別的兒子迦勒和他的弟兄到了示劍，煽惑城中的民攻擊你。|zh
551|9|31|31|And he sent to Abimelech at Arumah, saying, See, Gaal, the son of Ebed, and his brothers have come to Shechem, and they are working up the town against you.|en
552|9|32|32|現在你和跟隨你的人今夜起來，在田間埋伏。|zh
553|9|32|32|So now, get up by night, you and your people, and keep watch in the field secretly;|en
554|9|33|33|到早晨太陽一出，你就起來闖城。迦勒和跟隨他的人出來攻擊你的時候，你便向他們見機而做。|zh
555|9|33|33|And in the morning, when the sun is up, get up early and make a rush on the town; and when he and his people come out against you, do to them whatever you have a chance to do.|en
556|9|34|34|於是，亞比米勒和跟隨他的眾人夜間起來，分作四隊，埋伏等候示劍人。|zh
557|9|34|34|So Abimelech and the people with him got up by night, in four bands, to make a surprise attack on Shechem.|en
558|9|35|35|以別的兒子迦勒出去，站在城門口。亞比米勒和跟隨他的人從埋伏之處起來。|zh
559|9|35|35|And Gaal, the son of Ebed, went out, and took his place at the doorway into the town; then Abimelech and his people got up from the place where they had been waiting.|en
560|9|36|36|迦勒看見那些人，就對西布勒說：看哪，有人從山頂上下來了。西布勒說：你看見山的影子，以為是人。|zh
561|9|36|36|And when Gaal saw the people, he said to Zebul, See! people are coming down from the tops of the mountains. And Zebul said to him, You see the shade of the mountains like men.|en
562|9|37|37|迦勒又說：看哪，有人從高處下來，又有一隊從米惡尼尼橡樹的路上而來。|zh
563|9|37|37|And Gaal said again, See! people are coming down from the middle of the land, and one band is coming by way of the oak-tree of the Seers.|en
564|9|38|38|西布勒對他說：你曾說，亞比米勒是誰，叫我們服事他？你所誇的口在哪裡呢？這不是你所藐視的民麼？你現在出去，與他們交戰罷！|zh
565|9|38|38|Then Zebul said to him, Now where is your loud talk when you said, Who is Abimelech that we are to be his servants? Is this not the people whom you were rating so low? Go out now, and make war on them.|en
566|9|39|39|於是迦勒率領示劍人出去，與亞比米勒交戰。|zh
567|9|39|39|So Gaal went out at the head of the townsmen of Shechem and made war on Abimelech.|en
568|9|40|40|亞比米勒追趕迦勒；迦勒在他面前逃跑，有許多受傷仆倒的，直到城門。|zh
569|9|40|40|And Abimelech went after him and he went in flight before him; and a great number were falling by the sword all the way up to the town.|en
570|9|41|41|亞比米勒住在亞魯瑪。西布勒趕出迦勒和他弟兄，不准他們住在示劍。|zh
571|9|41|41|Then Abimelech went back to Arumah; and Zebul sent Gaal and his brothers away and would not let them go on living in Shechem.|en
572|9|42|42|次日，民出到田間，有人告訴亞比米勒；|zh
573|9|42|42|Now the day after, the people went out into the fields; and news of it came to Abimelech.|en
574|9|43|43|他就把他的人分作三隊，埋伏在田間，看見示劍人從城裡出來，就起來擊殺他們。|zh
575|9|43|43|And he took his people, separating them into three bands, and was waiting secretly in the field; and when he saw the people coming out of the town, he went up and made an attack on them.|en
576|9|44|44|亞比米勒和跟隨他的一隊向前闖去，站在城門口；那兩隊直闖到田間，擊殺了眾人。|zh
577|9|44|44|And Abimelech with his band made a rush, and took up their position at the doorway into the town; and the other two bands made a rush on all those who were in the fields, and overcame them.|en
578|9|45|45|亞比米勒整天攻打城，將城奪取，殺了其中的居民，將城拆毀，撒上了鹽。|zh
579|9|45|45|And all that day Abimelech was fighting against the town; and he took it, and put to death the people who were in it, and had the town pulled down and covered with salt.|en
580|9|46|46|示劍樓的人聽見了，就躲入巴力比利土廟的衛所。|zh
581|9|46|46|Then all the townsmen of the tower of Shechem, hearing of it, went into the inner room of the house of El-berith.|en
582|9|47|47|有人告訴亞比米勒說：示劍樓的人都聚在一處。|zh
583|9|47|47|And word was given to Abimelech that all the men of the tower of Shechem were there together.|en
584|9|48|48|亞比米勒和跟隨他的人就都上撒們山。亞比米勒手拿斧子，砍下一根樹枝，扛在肩上，對跟隨他的人說：你們看我所行的，也當趕緊照樣行。|zh
585|9|48|48|Then Abimelech went up to Mount Zalmon, with all his people; and Abimelech took an axe in his hand and, cutting down branches of trees, took them and put them on his back. And he said to the people who were with him, Be quick and do as you have seen me do.|en
586|9|49|49|眾人就各砍一枝，跟隨亞比米勒，把樹枝堆在衛所的四圍，放火燒了衛所，以致示劍樓的人都死了，男女約有一千。|zh
587|9|49|49|So all the people got branches, every man cutting down a branch, and they went with Abimelech at their head and, massing the branches against the inner room, put fire to the room over them; so all those who were in the tower of Shechem, about a thousand men and women, were burned to death with it.|en
588|9|50|50|亞比米勒到提備斯，向提備斯安營，就攻取了那城。|zh
589|9|50|50|Then Abimelech went to Thebez, and put his army in position against Thebez and took it.|en
590|9|51|51|城中有一座堅固的樓；城裡的眾人，無論男女，都逃進樓去，關上門，上了樓頂。|zh
591|9|51|51|But in the middle of the town there was a strong tower, to which all the men and women of the town went in flight and, shutting themselves in, went up to the roof of the tower.|en
592|9|52|52|亞比米勒到了樓前攻打，挨近樓門，要用火焚燒。|zh
593|9|52|52|And Abimelech came to the tower and made an attack on it, and got near to the door of the tower for the purpose of firing it.|en
594|9|53|53|有一個婦人把一塊上磨石拋在亞比米勒的頭上，打破了他的腦骨。|zh
595|9|53|53|But a certain woman sent a great stone, such as is used for crushing grain, on to the head of Abimelech, cracking the bone.|en
596|9|54|54|他就急忙喊叫拿他兵器的少年人，對他說：拔出你的刀來，殺了我罷！免得人議論我說，他為一個婦人所殺。於是少年人把他刺透，他就死了。|zh
597|9|54|54|Then quickly crying out to his body-servant, he said to him, Take out your sword and put an end to me straight away, so that men may not say of me, His death was the work of a woman. So the young man put his sword through him, causing his death.|en
598|9|55|55|以色列人見亞比米勒死了，便各回自己的地方去了。|zh
599|9|55|55|And when the men of Israel saw that Abimelech was dead, they went away, every man to his place.|en
600|9|56|56|這樣，神報應亞比米勒向他父親所行的惡，就是殺了弟兄七十個人的惡。|zh
601|9|56|56|In this way Abimelech was rewarded by God for the evil he had done to his father in putting his seventy brothers to death;|en
602|9|57|57|示劍人的一切惡，神也都報應在他們頭上；耶路巴力的兒子約坦的咒詛歸到們身上了。|zh
603|9|57|57|And God sent back on to the heads of the men of Shechem all the evil they had done, and the curse of Jotham, the son of Jerubbaal, came on them.|en
604|10|1|1|亞比米勒以後，有以薩迦人朵多的孫子、普瓦的兒子陀拉興起，拯救以色列人。他住在以法蓮山地的沙密。|zh
605|10|1|1|Now after Abimelech, Tola, the son of Puah, the son of Dodo, a man of Issachar, became the saviour of Israel; he was living in Shamir in the hill-country of Ephraim.|en
606|10|2|2|陀拉作以色列的士師二十三年，就死了，葬在沙密。|zh
607|10|2|2|He was judge over Israel for twenty-three years; and at his death his body was put to rest in the earth in Shamir.|en
608|10|3|3|在他以後有基列人睚珥興起，作以色列的士師二十二年。|zh
609|10|3|3|And after him came Jair the Gileadite, who was judge over Israel for twenty-two years.|en
610|10|4|4|他有三十個兒子，騎著三十匹驢駒。他們有三十座城邑，叫作哈倭特睚珥，直到如今，都是在基列地。|zh
611|10|4|4|And he had thirty sons, who went on thirty young asses; and they had thirty towns in the land of Gilead, which are named Havvoth-Jair to this day.|en
612|10|5|5|睚珥死了，就葬在加們。|zh
613|10|5|5|And at the death of Jair his body was put to rest in the earth in Kamon.|en
614|10|6|6|以色列人又行耶和華眼中看為惡的事，去事奉諸巴力和亞斯他錄，並亞蘭的神、西頓的　神、摩押的　神、亞捫人的　神、非利士人的　神，離棄耶和華，不事奉他。|zh
615|10|6|6|And again the children of Israel did evil in the eyes of the Lord, worshipping the Baals and Astartes, and the gods of Aram and the gods of Zidon and the gods of Moab and the gods of the children of Ammon and the gods of the Philistines; they gave up the Lord and were servants to him no longer.|en
616|10|7|7|耶和華的怒氣向以色列人發作，就把他們交在非利士人和亞捫人的手中。|zh
617|10|7|7|And the wrath of the Lord was burning against Israel, and he gave them up into the hands of the Philistines and into the hands of the children of Ammon.|en
618|10|8|8|從那年起，他們擾害欺壓約但河那邊、住亞摩利人之基列地的以色列人，共有十八年。|zh
619|10|8|8|And that year the children of Israel were crushed under their yoke; for eighteen years all the children of Israel on the other side of Jordan, in the land of the Amorites which is in Gilead, were cruelly crushed down.|en
620|10|9|9|亞捫人又渡過約但河去攻打猶大和便雅憫，並以法蓮族。以色列人就甚覺窘迫。|zh
621|10|9|9|And the children of Ammon went over Jordan, to make war against Judah and Benjamin and the house of Ephraim; and Israel was in great trouble.|en
622|10|10|10|以色列人哀求耶和華說：我們得罪了你；因為離棄了我們神，去事奉諸巴力。|zh
623|10|10|10|Then the children of Israel, crying out to the Lord, said, Great is our sin against you, for we have given up our God and have been servants to the Baals.|en
624|10|11|11|耶和華對以色列人說：我豈沒有救過你們脫離埃及人、亞摩利人、亞捫人，和非利士人麼？|zh
625|10|11|11|And the Lord said to the children of Israel, Were not the Egyptians and the Amorites and the children of Ammon and the Philistines|en
626|10|12|12|西頓人、亞瑪力人、馬雲人也都欺壓你們；你們哀求我，我也拯救你們脫離他們的手。|zh
627|10|12|12|And the Zidonians and Amalek and Midian crushing you down, and in answer to your cry did I not give you salvation from their hands?|en
628|10|13|13|你們竟離棄我，事奉別神！所以我不再救你們了。|zh
629|10|13|13|But, for all this, you have given me up and have been servants to other gods: so I will be your saviour no longer.|en
630|10|14|14|你們去哀求所選擇的神；你們遭遇急難的時候，讓他救你們罷！|zh
631|10|14|14|Go, send up your cry for help to the gods of your selection; let them be your saviours in the time of your trouble.|en
632|10|15|15|以色列人對耶和華說：我們犯罪了，任憑你隨意待我們罷！只求你今日拯救我們。|zh
633|10|15|15|And the children of Israel said to the Lord, We are sinners; do to us whatever seems good to you: only give us salvation this day.|en
634|10|16|16|以色列人就除掉他們中間的外邦神，事奉耶和華。耶和華因以色列人受的苦難，就心中擔憂。|zh
635|10|16|16|So they put away the strange gods from among them, and became the Lord's servants; and his soul was angry because of the sorrows of Israel.|en
636|10|17|17|當時亞捫人聚集，安營在基列。以色列人也聚集，安營在米斯巴。|zh
637|10|17|17|Then the children of Ammon came together and put their army in position in Gilead. And the children of Israel came together and put their army in position in Mizpah.|en
638|10|18|18|基列的民和眾首領彼此商議說：誰能先去攻打亞捫人，誰必作基列一切居民的領袖。|zh
639|10|18|18|And the people of Israel said to one another, Who will be the first to make an attack on the children of Ammon? We will make him head over all Gilead.|en
640|11|1|1|基列人耶弗他是個大能的勇士，是妓女的兒子。耶弗他是基列所生的。|zh
641|11|1|1|Now Jephthah the Gileadite was a great man of war; he was the son of a loose woman, and Gilead was his father.|en
642|11|2|2|基列的妻也生了幾個兒子：他妻所生的兒子長大了，就趕逐耶弗他，說：你不可在我們父家承受產業，因為你是妓女的兒子。|zh
643|11|2|2|And Gilead's wife gave birth to sons, and when her sons became men, they sent Jephthah away, saying, You have no part in the heritage of our father's house, for you are the son of another woman.|en
644|11|3|3|耶弗他就逃避他的弟兄，去住在陀伯地，有些匪徒到他那裡聚集，與他一同出入。|zh
645|11|3|3|So Jephthah went in flight from his brothers and was living in the land of Tob, where a number of good-for-nothing men, joining Jephthah, went out with him on his undertakings.|en
646|11|4|4|過了些日子，亞捫人攻打以色列。|zh
647|11|4|4|Now after a time the children of Ammon made war against Israel.|en
648|11|5|5|亞捫人攻打以色列的時候，基列的長老到陀伯地去，要叫耶弗他回來；|zh
649|11|5|5|And when the children of Ammon made war against Israel, the responsible men of Gilead went to get Jephthah back from the land of Tob;|en
650|11|6|6|對耶弗他說：請你來作我們的元帥，我們好與亞捫人爭戰。|zh
651|11|6|6|And they said to Jephthah, Come and be our chief so that we may make war against the children of Ammon.|en
652|11|7|7|耶弗他回答基列的長老說：從前你們不是恨我、趕逐我出離父家麼？現在你們遭遇急難為何到我這裡來呢？|zh
653|11|7|7|But Jephthah said to the responsible men of Gilead, Did you not, in your hate for me, send me away from my father's house? Why do you come to me now when you are in trouble?|en
654|11|8|8|基列的長老回答耶弗他說：現在我們到你這裡來，是要你同我們去，與亞捫人爭戰；你可以作基列一切居民的領袖。|zh
655|11|8|8|And the responsible men of Gilead said to Jephthah, That is the reason we have come back to you; so go with us and make war against the children of Ammon, and we will make you our head over all the people of Gilead.|en
656|11|9|9|耶弗他對基列的長老說：你們叫我回去，與亞捫人爭戰，耶和華把他交給我，我可以作你們的領袖麼？|zh
657|11|9|9|Then Jephthah said to the responsible men of Gilead, If you take me back to make war against the children of Ammon, and if with the help of the Lord I overcome them, will you make me your head?|en
658|11|10|10|基列的長老回答耶弗他說：有耶和華在你我中間作見證，我們必定照你的話行。|zh
659|11|10|10|And the responsible men of Gilead said to Jephthah, May the Lord be our witness: we will certainly do as you say.|en
660|11|11|11|於是耶弗他同基列的長老回去，百姓就立耶弗他作領袖、作元帥。耶弗他在米斯巴將自己的一切話陳明在耶和華面前。|zh
661|11|11|11|So Jephthah went with the responsible men of Gilead, and the people made him head and chief over them; and Jephthah said all these things before the Lord in Mizpah.|en
662|11|12|12|耶弗他打發使者去見亞捫人的王，說：你與我有甚麼相干，竟來到我國中攻打我呢？|zh
663|11|12|12|Then Jephthah sent men to the king of the children of Ammon, saying, What have you against me that you have come to make war against my land?|en
664|11|13|13|亞捫人的王回答耶弗他的使者說：因為以色列從埃及上來的時候佔據我的地，從亞嫩河到雅博河，直到約但河。現在你要好好地將這地歸還罷！|zh
665|11|13|13|And the king of the children of Ammon said to the men sent by Jephthah, Because Israel, when he came up out of Egypt, took away my land, from the Arnon as far as the Jabbok and as far as Jordan: so now, give me back those lands quietly.|en
666|11|14|14|耶弗他又打發使者去見亞捫人的王，|zh
667|11|14|14|And Jephthah sent again to the king of the children of Ammon,|en
668|11|15|15|對他說：耶弗他如此說，以色列人並沒有佔據摩押地和亞捫人的地。|zh
669|11|15|15|And said to him, This is the word of Jephthah: Israel did not take away the land of Moab or the land of the children of Ammon;|en
670|11|16|16|以色列人從埃及上來乃是經過曠野到紅海，來到加低斯，|zh
671|11|16|16|But when they came up from Egypt, Israel went through the waste land to the Red Sea and came to Kadesh;|en
672|11|17|17|就打發使者去見以東王，說：求你容我從你的地經過。以東王卻不應允。又照樣打發使者去見摩押王，他也不允准。以色列人就住在加低斯。|zh
673|11|17|17|Then Israel sent men to the king of Edom saying, Let me now go through your land; but the king of Edom did not give ear to them. And in the same way he sent to the king of Moab, but he would not; so Israel went on living in Kadesh.|en
674|11|18|18|他們又經過曠野，繞著以東和摩押地，從摩押地的東邊過來，在亞嫩河邊安營，並沒有入摩押的境內，因為亞嫩河是摩押的邊界。|zh
675|11|18|18|Then he went on through the waste land and round the land of Edom and the land of Moab, and came by the east side of the land of Moab, and put up their tents on the other side of the Arnon; they did not come inside the limit of Moab, for the Arnon was the limit of Moab.|en
676|11|19|19|以色列人打發使者去見亞摩利王西宏，就是希實本的王，對他說：求你容我們從你的地經過，往我們自己的地方去。|zh
677|11|19|19|And Israel sent men to Sihon, king of the Amorites, the king of Heshbon; and Israel said to him, Let me now go through your land to my place.|en
678|11|20|20|西宏卻不信服以色列人，不容他們經過他的境界，乃招聚他的眾民在雅雜安營，與以色列人爭戰。|zh
679|11|20|20|But Sihon would not give way and let Israel go through his land; and Sihon got together all his people, and put his army in position in Jahaz, and made war on Israel.|en
680|11|21|21|耶和華─以色列的神將西宏和他的眾民都交在以色列人手中，以色列人就擊殺他們，得了亞摩利人的全地：|zh
681|11|21|21|And the Lord, the God of Israel, gave Sihon and all his people into the hands of Israel, and they overcame them; so all the land of the Amorites, the people of that land, became Israel's.|en
682|11|22|22|從亞嫩河到雅博河，從曠野直到約但河。|zh
683|11|22|22|All the limit of the Amorites was theirs, from the Arnon as far as the Jabbok and from the waste land even to Jordan.|en
684|11|23|23|耶和華─以色列的神在他百姓以色列面前趕出亞摩利人，你竟要得他們的地麼？|zh
685|11|23|23|So now the Lord, the God of Israel, has taken away their land from the Amorites and given it to his people Israel; are you then to have it?|en
686|11|24|24|你的神基抹所賜你的地你不是得為業麼？耶和華─我們的　神在我們面前所趕出的人，我們就得他的地。|zh
687|11|24|24|Do you not keep the lands of those whom Chemosh your god sends out from before you? So we will keep all the lands of those whom the Lord our God sends out from before us.|en
688|11|25|25|難道你比摩押王西撥的兒子巴勒還強麼？他曾與以色列人爭競，或是與他們爭戰麼？|zh
689|11|25|25|What! are you any better than Balak, the son of Zippor, king of Moab? Did he ever take up a cause against Israel or make war against them?|en
690|11|26|26|以色列人住希實本和屬希實本的鄉村，亞羅珥和屬亞羅珥的鄉村，並沿亞嫩河的一切城邑，已經有三百年了；在這三百年之內，你們為甚麼沒有取回這些地方呢？|zh
691|11|26|26|While Israel was living in Heshbon and its daughter-towns and in Aroer and its daughter-towns and in all the towns which are by the side of the Arnon, for three hundred years, why did you not get them back at that time?|en
692|11|27|27|原來我沒有得罪你，你卻攻打我，惡待我。願審判人的耶和華今日在以色列人和亞捫人中間判斷是非。|zh
693|11|27|27|So I have done no wrong against you, but you are doing wrong to me in fighting against me: may the Lord, who is Judge this day, be judge between the children of Israel and the children of Ammon.|en
694|11|28|28|但亞捫人的王不肯聽耶弗他打發人說的話。|zh
695|11|28|28|The king of the children of Ammon, however, did not give ear to the words which Jephthah sent to him.|en
696|11|29|29|耶和華的靈降在耶弗他身上，他就經過基列和瑪拿西，來到基列的米斯巴，又從米斯巴來到亞捫人那裡。|zh
697|11|29|29|Then the spirit of the Lord came on Jephthah, and he went through Gilead and Manasseh, and came to Mizpeh of Gilead; and from Mizpeh of Gilead he went over to the children of Ammon.|en
698|11|30|30|耶弗他就向耶和華許願，說：你若將亞捫人交在我手中，|zh
699|11|30|30|And Jephthah took an oath to the Lord, and said, If you will give the children of Ammon into my hands,|en
700|11|31|31|我從亞捫人那裡平平安安回來的時候，無論甚麼人，先從我家門出來迎接我，就必歸你，我也必將他獻上為燔祭。|zh
701|11|31|31|Then whoever comes out from the door of my house, meeting me when I come back in peace from the children of Ammon, will be the Lord's and I will give him as a burned offering.|en
702|11|32|32|於是耶弗他往亞捫人那裡去，與他們爭戰；耶和華將他們交在他手中，|zh
703|11|32|32|So Jephthah went over to the children of Ammon to make war on them; and the Lord gave them into his hands.|en
704|11|33|33|他就大大殺敗他們，從亞羅珥到米匿，直到亞備勒基拉明，攻取了二十座城。這樣亞捫人就被以色列人制伏了。|zh
705|11|33|33|And he made an attack on them from Aroer all the way to Minnith, overrunning twenty towns, as far as Abel-cheramim, and put great numbers to the sword. So the children of Ammon were crushed before the children of Israel.|en
706|11|34|34|耶弗他回米斯巴到了自己的家，不料，他女兒拿著鼓跳舞出來迎接他，是他獨生的，此外無兒無女。|zh
707|11|34|34|Then Jephthah came back to his house in Mizpah, and his daughter came out, meeting him on his way with music and with dances; she was his only child; he had no other sons or daughters.|en
708|11|35|35|耶弗他看見他，就撕裂衣服，說：哀哉！我的女兒啊，你使我甚是愁苦，叫我作難了；因為我已經向耶和華開口許願，不能挽回。|zh
709|11|35|35|And when he saw her he was overcome with grief, and said, Ah! my daughter! I am crushed with sorrow, and it is you who are the chief cause of my trouble; for I have made an oath to the Lord and I may not take it back.|en
710|11|36|36|他女兒回答說：父啊，你既向耶和華開口，就當照你口中所說的向我行，因耶和華已經在仇敵亞捫人身上為你報仇；|zh
711|11|36|36|And she said to him, My father, you have made an oath to the Lord; do then to me whatever you have said; for the Lord has sent a full reward on your haters, on the children of Ammon.|en
712|11|37|37|又對父親說：有一件事求你允准：容我去兩個月，與同伴在山上，好哀哭我終為處女。|zh
713|11|37|37|Then she said to her father, Only do this for me: let me have two months to go away into the mountains with my friends, weeping for my sad fate.|en
714|11|38|38|耶弗他說：你去罷！就容他去兩個月。他便和同伴去了，在山上為他終為處女哀哭。|zh
715|11|38|38|And he said, Go then. So he sent her away for two months; and she went with her friends to the mountains, weeping for her sad fate.|en
716|11|39|39|兩月已滿，他回到父親那裡，父親就照所許的願向他行了。女兒終身沒有親近男子。|zh
717|11|39|39|And at the end of two months she went back to her father, who did with her as he had said in his oath: and she had never been touched by a man. So it became a rule in Israel,|en
718|11|40|40|此後以色列中有個規矩，每年以色列的女子去為基列人耶弗他的女兒哀哭四天。|zh
719|11|40|40|For the women to go year by year sorrowing for the daughter of Jephthah the Gileadite, four days in every year.|en
720|12|1|1|以法蓮人聚集，到了北方，對耶弗他說：你去與亞捫人爭戰，為甚麼沒有招我們同去呢？我們必用火燒你和你的房屋。|zh
721|12|1|1|Now the men of Ephraim came together and took up arms and went over to Zaphon; and they said to Jephthah, Why did you go over to make war against the children of Ammon without sending for us to go with you? Now we will put your house on fire over you.|en
722|12|2|2|耶弗他對他們說：我和我的民與亞捫；人大大爭戰；我招你們來，你們竟沒有來救我脫離他們的手。|zh
723|12|2|2|And Jephthah said to them, I and my people were in danger, and the children of Ammon were very cruel to us, and when I sent for you, you gave me no help against them.|en
724|12|3|3|我見你們不來救我，我就拚命前去攻擊亞捫人，耶和華將他們交在我手中。你們今日為甚麼上我這裡來攻打我呢？|zh
725|12|3|3|So when I saw that there was no help to be had from you, I put my life in my hand and went over against the children of Ammon, and the Lord gave them into my hands: why then have you come up to me this day to make war on me?|en
726|12|4|4|於是耶弗他招聚基列人，與以法蓮人爭戰。基列人擊殺以法蓮，是因他們說：你們基列人在以法蓮、瑪拿西中間，不過是以法蓮逃亡的人。|zh
727|12|4|4|Then Jephthah got together all the men of Gilead and made war on Ephraim; and the men of Gilead overcame Ephraim.|en
728|12|5|5|基列人把守約但河的渡口，不容以法蓮人過去。以法蓮逃走的人若說：容我過去。基列人就問他說：你是以法蓮人不是？他若說：不是，|zh
729|12|5|5|And the Gileadites took the crossing-places of Jordan against the Ephraimites; and when any of the men of Ephraim who had gone in flight said, let me go over; the men of Gilead said to him, Are you an Ephraimite? And if he said, No;|en
730|12|6|6|就對他說：你說示播列；以法蓮人因為咬不真字音，便說西播列。基列人就將他拿住，殺在約但河的渡口。那時以法蓮人被殺的有四萬二千人。|zh
731|12|6|6|Then they said to him, Now say Shibboleth; and he said Sibboleth, and was not able to say it in the right way; then they took him and put him to death at the crossing-places of Jordan; and at that time forty-two thousand Ephraimites were put to death.|en
732|12|7|7|耶弗他作以色列的士師年。基列人耶弗他死了，葬在基列的一座城裡。|zh
733|12|7|7|Now Jephthah was judge of Israel for six years. And Jephthah the Gileadite came to his death, and his body was put to rest in his town, Mizpeh of Gilead.|en
734|12|8|8|耶弗他以後，有伯利恆人以比讚作以色列士師。|zh
735|12|8|8|And after him, Ibzan of Beth-lehem was judge of Israel.|en
736|12|9|9|他有三十個兒子，三十女兒；女兒都嫁出去了。他給眾子從外鄉娶了三十媳婦。他作以色列的士師七年。|zh
737|12|9|9|He had thirty sons, and thirty daughters whom he sent to other places, and he got thirty wives from other places for his sons. And he was judge of Israel for seven years.|en
738|12|10|10|以比讚死了，葬在伯利恆。|zh
739|12|10|10|And Ibzan came to his death and his body was put to rest at Beth-lehem.|en
740|12|11|11|以比讚之後，有西布倫人以倫，作以色列的士師十年。|zh
741|12|11|11|And after him, Elon the Zebulonite was judge of Israel; and he was judge of Israel for ten years.|en
742|12|12|12|西布倫人以倫死了，葬在西布倫地的亞雅崙。|zh
743|12|12|12|And Elon the Zebulonite came to his death, and his body was put to rest in Aijalon in the land of Zebulun.|en
744|12|13|13|以倫之後，有比拉頓人希列的兒子押頓作以色的士師。|zh
745|12|13|13|And after him, Abdon, the son of Hillel, the Pirathonite, was judge of Israel.|en
746|12|14|14|他有四十個兒子，三十個孫子，騎著七十匹驢駒。押頓作以色列的士師八年。|zh
747|12|14|14|He had forty sons and thirty sons' sons who went on seventy young asses; and he was judge of Israel for eight years.|en
748|12|15|15|比拉頓人希列的兒子押頓死了，葬在以法蓮地的比拉頓，在亞瑪力人的山地。|zh
749|12|15|15|And Abdon, the son of Hillel, came to his death, and his body was put to rest in Pirathon in the land of Ephraim, in the hill-country of the Amalekites.|en
750|13|1|1|以色列人又行耶和華眼中看為惡的事，耶和華將他們交在非利士人手中四十年。|zh
751|13|1|1|And the children of Israel again did evil in the eyes of the Lord; and the Lord gave them into the hands of the Philistines for forty years.|en
752|13|2|2|那時，有一個瑣拉人，是屬但族的，名叫瑪挪亞。他的妻不懷孕，不生育。|zh
753|13|2|2|Now there was a certain man of Zorah of the family of the Danites, and his name was Manoah; and his wife had never given birth to a child.|en
754|13|3|3|耶和華的使者向那婦人顯現，對他說：向來你不懷孕，不生育，如今你必懷孕生一個兒子。|zh
755|13|3|3|And the angel of the Lord came to the woman, and said to her, See now! though you have never given birth to children, you will be with child and give birth to a son.|en
756|13|4|4|所以你當謹慎，清酒濃酒都不可喝，一切不潔之物也不可吃。|zh
757|13|4|4|Now then take care to have no wine or strong drink and to take no unclean thing for food;|en
758|13|5|5|你必懷孕生一個兒子，不可用剃頭刀剃他的頭，因為這孩子一出胎就歸神作拿細耳人。他必起首拯救以色列人脫離非利士人的手。|zh
759|13|5|5|For you are with child and will give birth to a son; his hair is never to be cut, for the child is to be separate to God from his birth; and he will take up the work of freeing Israel from the hands of the Philistines.|en
760|13|6|6|婦人就回去對丈夫說：有一個神人到我面前來，他的相貌如　神使者的相貌，甚是可畏。我沒有問他從哪裡來，他也沒有將他的名告訴我，|zh
761|13|6|6|Then the woman came in, and said to her husband, A man came to me, and his form was like the form of a god, causing great fear; I put no question to him about where he came from, and he did not give me his name;|en
762|13|7|7|卻對我說：你要懷孕生一個兒子，所以清酒濃酒都不可喝，一切不潔之物也不可吃；因為這孩子從出胎一直到死，必歸□神作拿細耳人。|zh
763|13|7|7|But he said to me, You are with child and will give birth to a son; and now do not take any wine or strong drink or let anything unclean be your food; for the child will be separate to God from his birth to the day of his death.|en
764|13|8|8|瑪挪亞就祈求耶和華說：主啊，求你再差遣那神人到我們這裡來，好指教我們怎樣待這將要生的孩子。|zh
765|13|8|8|Then Manoah made prayer to the Lord, and said, O Lord, let the man of God whom you sent come to us again and make clear to us what we are to do for the child who is to come.|en
766|13|9|9|神應允瑪挪亞的話；婦人正坐在田間的時候，神的使者又到他那裡，他丈夫瑪挪亞卻沒有同他在一處。|zh
767|13|9|9|And God gave ear to the voice of Manoah; and the angel of God came to the woman again when she was seated in the field; but her husband Manoah was not with her.|en
768|13|10|10|婦人急忙跑去告訴丈夫說：那日到我面前來的人，又向我顯現。|zh
769|13|10|10|So the woman, running quickly, gave her husband the news, saying, I have seen the man who came to me the other day.|en
770|13|11|11|瑪挪亞起來跟隨他的妻來到那人面前，對他說：與這婦人說話的就是你麼？他說：是我。|zh
771|13|11|11|And Manoah got up and went after his wife, and came up to the man and said to him, Are you the man who was talking to this woman? And he said, I am.|en
772|13|12|12|瑪挪亞說：願你的話應驗！我們當怎樣待這孩子，他後來當怎樣呢？|zh
773|13|12|12|And Manoah said, Now when your words come true, what is to be the rule for the child and what will be his work?|en
774|13|13|13|耶和華的使者對瑪挪亞說：我告訴婦人的一切事，他都當謹慎。|zh
775|13|13|13|And the angel of the Lord said to Manoah, Let the woman take note of what I have said to her.|en
776|13|14|14|葡萄樹所結的都不可吃，清酒濃酒都不可喝，一切不潔之物也不可吃。凡我所吩咐的，他都當遵守。|zh
777|13|14|14|She is to have nothing which comes from the vine for her food, and let her take no wine or strong drink or anything which is unclean; let her take care to do all I have given her orders to do.|en
778|13|15|15|瑪挪亞對耶和華的使者說：求你容我們款留你，好為你預備一隻山羊羔。|zh
779|13|15|15|And Manoah said to the angel of the Lord, Now let us keep you while we make ready a young goat for you.|en
780|13|16|16|耶和華的使者對瑪挪亞說：你雖然款留我，我卻不吃你的食物，你若預備燔祭就當獻與耶和華。原來瑪挪亞不知道他是耶和華的使者。|zh
781|13|16|16|And the angel of the Lord said to Manoah, Though you keep me I will not take of your food; but if you will make a burned offering, let it be offered to the Lord. For it had not come into Manoah's mind that he was the angel of the Lord.|en
782|13|17|17|瑪挪亞對耶和華的使者說：請將你的名告訴我，到你話應驗的時候，我們好尊敬你。|zh
783|13|17|17|Then Manoah said to the angel of the Lord, What is your name, so that when your words come true we may give you honour?|en
784|13|18|18|耶和華的使者對他說：你何必問我的名，我名是奇妙的。|zh
785|13|18|18|But the angel of the Lord said to him, Why are you questioning me about my name, seeing that it is a wonder?|en
786|13|19|19|瑪挪亞將一隻山羊羔和素祭在磐石上獻與耶和華，使者行奇妙的事；瑪挪亞和他的妻觀看，|zh
787|13|19|19|So Manoah took the young goat with its meal offering, offering it on the rock to the Lord, who did strange things.|en
788|13|20|20|見火燄從壇上往上升，耶和華的使者在壇上的火燄中也升上去了。瑪挪亞和他的妻看見，就俯伏於地。|zh
789|13|20|20|And when the flame went up to heaven from the altar, the angel of the Lord went up in the flame of the altar, while Manoah and his wife were looking on; and they went down on their faces to the earth.|en
790|13|21|21|耶和華的使者不再向瑪挪亞和他的妻顯現，瑪挪亞才知道他是耶和華的使者。|zh
791|13|21|21|But the angel of the Lord was seen no more by Manoah and his wife. Then it was clear to Manoah that he was the angel of the Lord.|en
792|13|22|22|瑪挪亞對他的妻說：我們必要死，因為看見了神。|zh
793|13|22|22|And Manoah said to his wife, Death will certainly be our fate, for it is a god whom we have seen.|en
794|13|23|23|他的妻卻對他說：耶和華若要殺我們，必不從我們手裡收納燔祭和素祭，並不將這一切事指示我們，今日也不將這些話告訴我們。|zh
795|13|23|23|But his wife said to him, If the Lord was purposing our death, he would not have taken our burned offering and our meal offering, or have given us such orders about the child.|en
796|13|24|24|後來婦人生了一個兒子，給他起名叫參孫。孩子長大，耶和華賜福與他。|zh
797|13|24|24|So the woman gave birth to a son, and gave him the name Samson; and he became a man and the blessing of the Lord was on him.|en
798|13|25|25|在瑪哈尼但，就是瑣拉和以實陶中間，耶和華的靈才感動他。|zh
799|13|25|25|And the spirit of the Lord first came on him in Mahaneh-dan, between Zorah and Eshtaol.|en
800|14|1|1|參孫下到亭拿，在那裡看見一個女子，是非利士人的女兒。|zh
801|14|1|1|Now Samson went down to Timnah, and saw a woman in Timnah, of the daughters of the Philistines;|en
802|14|2|2|參孫上來稟告他父母說：我在亭拿看見一個女子，是非利士人的女兒，願你們給我娶來為妻。|zh
803|14|2|2|And when he came back he said to his father and mother, I have seen a woman in Timnah, of the daughters of the Philistines: get her now for me for my wife.|en
804|14|3|3|他父母說：在你弟兄的女兒中，或在本國的民中，豈沒有一個女子，何至你去在未受割禮的非利士人中娶妻呢？參孫對他父親說：願你給我娶那女子，因我喜悅他。|zh
805|14|3|3|Then his father and mother said to him, Is there no woman among the daughters of your relations or among all my people, that you have to go for your wife to the Philistines, who are without circumcision? But Samson said to his father, Get her for me, for she is pleasing to me.|en
806|14|4|4|他的父母卻不知道這事是出於耶和華，因為他找機會攻擊非利士人。那時，非利士人轄制以色列人。|zh
807|14|4|4|Now his father and mother had no knowledge that this was the purpose of the Lord, who had the destruction of the Philistines in mind. Now the Philistines at that time were ruling over Israel.|en
808|14|5|5|參孫跟他父母下亭拿去，到了亭拿的葡萄園，見有一隻少壯獅子向他吼叫。|zh
809|14|5|5|Then Samson went down to Timnah (and his father and his mother,) and came to the vine-gardens of Timnah; and a young lion came rushing out at him.|en
810|14|6|6|耶和華的靈大大感動參孫，他雖然手無器械，卻將獅子撕裂，如同撕裂山羊羔一樣。他行這事並沒有告訴父母。|zh
811|14|6|6|And the spirit of the Lord came on him with power, and, unarmed as he was, pulling the lion in two as one might do to a young goat, he put him to death; (but he said nothing to his father and mother of what he had done.)|en
812|14|7|7|參孫下去與女子說話，就喜悅他；|zh
813|14|7|7|So he went down and had talk with the woman; and she was pleasing to Samson.|en
814|14|8|8|過了些日子，再下去要娶那女子，轉向道旁要看死獅，見有一群蜂子和蜜在死獅之內，|zh
815|14|8|8|Then after a time he went back to take her; and turning from the road to see the dead body of the lion, he saw a mass of bees in the body of the lion, and honey there.|en
816|14|9|9|就用手取蜜，且吃且走；到了父母那裡，給他父母，他們也吃了；只是沒有告訴這蜜是從死獅之內取來的。|zh
817|14|9|9|And he took the honey in his hand, and went on, tasting it on the way; and when he came to his father and mother he gave some to them; but did not say that he had taken the honey from the body of the lion.|en
818|14|10|10|他父親下去見女子。參孫在那裡設擺筵宴，因為向來少年人都有這個規矩。|zh
819|14|10|10|Then Samson went down to the woman, and made a feast there, as was the way among young men.|en
820|14|11|11|眾人看見參孫，就請了三十個人陪伴他。|zh
821|14|11|11|And he took thirty friends, and they were with him.|en
822|14|12|12|參孫對他們說：我給你們出一個謎語，你們在七日筵宴之內，若能猜出意思告訴我，我就給你們三十件裡衣，三十套衣裳；|zh
823|14|12|12|And Samson said, Now I have a hard question for you: if you are able to give me the answer before the seven days of the feast are over, I will give you thirty linen robes and thirty changes of clothing;|en
824|14|13|13|你們若不能猜出意思告訴我，你們就給我三十件裡衣，三十套衣裳。他們說：請將謎語說給我們聽。|zh
825|14|13|13|But if you are not able to give me the answer, then you will have to give me thirty linen robes and thirty changes of clothing. And they said to him, Put your hard question and let us see what it is.|en
826|14|14|14|參孫對他們說：吃的從吃者出來；甜的從強者出來。他們三日不能猜出謎語的意思。|zh
827|14|14|14|And he said, Out of the taker of food came food, and out of the strong came the sweet. And at the end of three days they were still not able to give the answer.|en
828|14|15|15|到第七天，他們對參孫的妻說：你誆哄你丈夫，探出謎語的意思告訴我們，免得我們用火燒你和你父家。你們請了我們來，是要奪我們所有的麼？|zh
829|14|15|15|So on the fourth day they said to Samson's wife, Get from your husband the answer to his question by some trick or other, or we will have you and your father's house burned with fire; did you get us here to take all we have?|en
830|14|16|16|參孫的妻在丈夫面前啼哭說：你是恨我，不是愛我，你給我本國的人出謎語，卻沒有將意思告訴我。參孫回答說：連我父母我都沒有告訴，豈可告訴你呢？|zh
831|14|16|16|Then Samson's wife, weeping over him, said, Truly you have no love for me but only hate; you have put a hard question to the children of my people and have not given me the answer. And he said to her, See, I have not given the answer even to my father or my mother; am I to give it to you?|en
832|14|17|17|七日筵宴之內，他在丈夫面前啼哭，到第七天逼著他，他才將謎語的意思告訴他妻，他妻就告訴本國的人。|zh
833|14|17|17|And all the seven days of the feast she went on weeping over him; and on the seventh day he gave her the answer, because she gave him no peace; and she sent word of it to the children of her people.|en
834|14|18|18|到第七天，日頭未落以前，那城裡的人對參孫說：有甚麼比蜜還甜呢？有甚麼比獅子還強呢？參孫對他們說：你們若非用我的母牛犢耕地，就猜不出我謎語的意思來。|zh
835|14|18|18|Then on the seventh day, before he went into the bride's room, the men of the town said to him, What is sweeter than honey? and what is stronger than a lion? And he said to them, If you had not been ploughing with my cow you would not have got the answer to my question.|en
836|14|19|19|耶和華的靈大大感動參孫，他就下到亞實基倫，擊殺了三十個人，奪了他們的衣裳，將衣裳給了猜出謎語的人。參孫發怒，就上父家去了。|zh
837|14|19|19|And the spirit of the Lord came rushing on him, and he went down to Ashkelon and, attacking thirty men there, took their clothing from them, and gave it to the men who had given the answer to his hard question. Then, full of wrath, he went back to his father's house.|en
838|14|20|20|參孫的妻便歸了參孫的陪伴，就是作過他朋友的。|zh
839|14|20|20|But Samson's wife was given to the friend who had been his best man.|en
840|15|1|1|過了些日子，到割麥子的時候，參孫帶著一隻山羊羔去看他的妻，說：我要進內室見我的妻。他岳父不容他進去，|zh
841|15|1|1|Now a short time after, at the time of the grain-cutting, Samson, taking with him a young goat, went to see his wife; and he said, I will go in to my wife into the bride's room. But her father would not let him go in.|en
842|15|2|2|說：我估定你是極其恨他，因此我將他給了你的陪伴。他的妹子不是比他還美麗麼？你可以娶來代替他罷！|zh
843|15|2|2|And her father said, It seemed to me that you had only hate for her; so I gave her to your friend: but is not her younger sister fairer than she? so please take her in place of the other.|en
844|15|3|3|參孫說：這回我加害於非利士人不算有罪。|zh
845|15|3|3|Then Samson said to them, This time I will give payment in full to the Philistines, for I am going to do them great evil.|en
846|15|4|4|於是參孫去捉了三百隻狐狸（或譯：野狗），將狐狸尾巴一對一對地捆上，將火把捆在兩條尾巴中間，|zh
847|15|4|4|So Samson went and got three hundred foxes and some sticks of fire-wood; and he put the foxes tail to tail with a stick between every two tails;|en
848|15|5|5|點著火把，就放狐狸進入非利士人站著的禾稼，將堆集的禾捆和未割的禾稼，並橄欖園盡都燒了。|zh
849|15|5|5|Then firing the sticks, he let the foxes loose among the uncut grain of the Philistines, and all the corded stems as well as the living grain and the vine-gardens and the olives went up in flames.|en
850|15|6|6|非利士人說：這事是誰做的呢？有人說：是亭拿人的女婿參孫，因為他岳父將他的妻給了他的陪伴。於是非利士人上去，用火燒了婦人和他的父親。|zh
851|15|6|6|Then the Philistines said, Who has done this? And they said, Samson, the son-in-law of the Timnite, because he took his wife and gave her to his friend. So the Philistines came up and had her and her father's house burned.|en
852|15|7|7|參孫對非利士人說：你們既然這樣行，我必向你們報仇才肯罷休。|zh
853|15|7|7|And Samson said to them, If you go on like this, truly I will take my full payment from you; and that will be the end of it.|en
854|15|8|8|參孫就大大擊殺他們，連腿帶腰都砍斷了。他便下去，住在以坦磐的穴內。|zh
855|15|8|8|And he made an attack on them, driving them in uncontrolled flight, and causing great destruction; then he went away to his safe place in the crack of the rock at Etam.|en
856|15|9|9|非利士人上去安營在猶大，布散在利希。|zh
857|15|9|9|Then the Philistines went and put up their tents in Judah, all round Lehi.|en
858|15|10|10|猶大人說：你們為何上來攻擊我們呢？他們說：我們上來是要捆綁參孫；他向我們怎樣行，我們也要向他怎樣行。|zh
859|15|10|10|And the men of Judah said, Why have you come up against us? And they said, We have come up to take Samson, and to do to him as he has done to us.|en
860|15|11|11|於是有三千猶大人下到以坦磐的穴內，對參孫說：非利士人轄制我們，你不知道麼？你向我們行的是甚麼事呢？他回答說：他們向我怎樣行，我也要向他們怎樣行。|zh
861|15|11|11|Then three thousand of the men of Judah went down to the crack of the rock of Etam, and said to Samson, Is it not clear to you that the Philistines are our rulers? What is this you have done to us? And he said to them, I only did to them as they did to me.|en
862|15|12|12|猶大人對他說：我們下來是要捆綁你，將你交在非利士人手中。參孫說：你們要向我起誓，應承你們自己不害死我。|zh
863|15|12|12|Then they said to him, We have come down to take you and give you up into the hands of the Philistines. And Samson said to them, Give me your oath that you will not make an attack on me yourselves.|en
864|15|13|13|他們說：我們斷不殺你，只要將你捆綁交在非利士人手中。於是用兩條新繩捆綁參孫，將他從以坦磐帶上去。|zh
865|15|13|13|And they said, No; we will take you and give you up into their hands, but truly we will not put you to death. So knotting two new cords round him they took him up from the rock.|en
866|15|14|14|參孫到了利希，非利士人都迎著喧嚷。耶和華的靈大大感動參孫，他臂上的繩就像火燒的麻一樣，他的綁繩都從他手上脫落下來。|zh
867|15|14|14|And when he came to Lehi, the Philistines came out, meeting him with loud cries; then the spirit of the Lord came rushing on him, and the cords on his arms became like grass which has been burned with fire, and the bands came falling off his hands.|en
868|15|15|15|他見一塊未乾的驢腮骨，就伸手拾起來，用以擊殺一千人。|zh
869|15|15|15|And taking up the mouth-bone of an ass newly dead, which he saw by chance on the earth, he put to death a thousand men with it.|en
870|15|16|16|參孫說：我用驢恉骨殺人成堆，用驢腮骨殺了一千人。|zh
871|15|16|16|And Samson said, With a red ass's mouth-bone I have made them red with blood, with a red ass's mouth-bone I have sent destruction on a thousand men.|en
872|15|17|17|說完這話，就把那恉骨從手裡拋出去了。那地便叫拉末利希。|zh
873|15|17|17|And having said these words, he let the mouth-bone go out of his hand; so that place was named Ramath-lehi.|en
874|15|18|18|參孫甚覺口渴，就求告耶和華說：你既藉僕人的手施行這麼大的拯救，豈可任我渴死、落在未受割禮的人手中呢？|zh
875|15|18|18|After this, he was in great need of water, and crying out to the Lord, he said, You have given this great salvation by the hand of your servant, and now need of water will be my death; and I will be given into the hands of this people who are without circumcision.|en
876|15|19|19|神就使利希的窪處裂開，有水從其中湧出來。參孫喝了，精神復原；因此那泉名叫隱哈歌利，那泉直到今日還在利希。|zh
877|15|19|19|Then God made a crack in the hollow rock in Lehi and water came out of it; and after drinking, his spirit came back to him and he was strong again; so that place was named En-hakkore; it is in Lehi to this day.|en
878|15|20|20|當非利士人轄制以色列人的時候，參孫作以色列的士師二十年。|zh
879|15|20|20|And he was judge of Israel in the days of the Philistines for twenty years.|en
880|16|1|1|參孫到了迦薩，在那裡看見一個妓女，就與他親近。|zh
881|16|1|1|Now Samson went to Gaza, and there he saw a loose woman and went in to her.|en
882|16|2|2|有人告訴迦薩人說：參孫到這裡來了！他們就把他團團圍住，終夜在城門悄悄埋伏，說：等到天亮我們便殺他。|zh
883|16|2|2|And it was said to the Gazites, Samson is here. So they went round, watching for him all day at the doorway of the town, but at night they kept quiet, saying, When daylight comes we will put him to death.|en
884|16|3|3|參孫睡到半夜，起來，將城門的門扇、門框、門閂，一齊拆下來，扛在肩上，扛到希伯崙前的山頂上。|zh
885|16|3|3|And Samson was there till the middle of the night; then he got up, and took a grip on the doors of the town, pulling them up, together with their two supports and their locks, and put them on his back and took them up to the top of the hill in front of Hebron.|en
886|16|4|4|後來，參孫在梭烈谷喜愛一個婦人，名叫大利拉。|zh
887|16|4|4|Now after this, he was in love with a woman in the valley of Sorek, named Delilah.|en
888|16|5|5|非利士人的首領上去見那婦人，對他說：求你誆哄參孫，探探他因何有這麼大的力氣，我們用何法能勝他，捆綁剋制他。我們就每人給你一千一百舍客勒銀子。|zh
889|16|5|5|And the chiefs of the Philistines came up to her, and said to her, Make use of your power over him and see what is the secret of his great strength, and how we may get the better of him, and put bands on him, so that we may make him feeble; and every one of us will give you eleven hundred shekels of silver.|en
890|16|6|6|大利拉對參孫說：求你告訴我，你因何有這麼大的力氣，當用何法捆綁剋制你。|zh
891|16|6|6|So Delilah said to Samson, Make clear to me now what is the secret of your great strength, and how you may be put in bands and made feeble.|en
892|16|7|7|參孫回答說：人若用七條未乾的青繩子捆綁我，我就軟弱像別人一樣。|zh
893|16|7|7|And Samson said to her, If seven new bow-cords which have never been made dry are knotted round me, I will become feeble and will be like any other man.|en
894|16|8|8|於是非利士人的首領拿了七條未乾的青繩子來，交給婦人，他就用繩子捆綁參孫。|zh
895|16|8|8|So the chiefs of the Philistines gave her seven new bow-cords which had never been made dry, and she had them tightly knotted round him.|en
896|16|9|9|有人預先埋伏在婦人的內室裡。婦人說：參孫哪，非利士人拿你來了！參孫就掙斷繩子，如掙斷經火的麻線一般。這樣，他力氣的根由人還是不知道。|zh
897|16|9|9|Now she had men waiting secretly in the inner room; and she said to him, The Philistines are on you, Samson. And the cords were broken by him as a twist of thread is broken when touched by a flame. So the secret of his strength did not come to light.|en
898|16|10|10|大利拉對參孫說：你欺哄我，向我說謊言。現在求你告訴我當用何法捆綁你。|zh
899|16|10|10|Then Delilah said to Samson, See, you have been making sport of me with false words; now, say truly how may you be put in bands?|en
900|16|11|11|參孫回答說：人若用沒有使過的新繩捆綁我，我就軟弱像別人一樣。|zh
901|16|11|11|And he said to her, If they only put round me new thick cords which have never been used, then I will become feeble and will be like any other man.|en
902|16|12|12|大利拉就用新繩捆綁他，對他說：參孫哪，非利士人拿你來了！有人預先埋伏在內室裡。參孫將臂上的繩掙斷了，如掙斷一條線一樣。|zh
903|16|12|12|So Delilah took new thick cords, knotting them tightly round him, and said to him, The Philistines are on you, Samson. And men were waiting secretly in the inner room. And the cords were broken off his arms like threads.|en
904|16|13|13|大利拉對參孫說：你到如今還是欺哄我，向我說謊言。求你告訴我，當用何法捆綁你。參孫回答說：你若將我頭上的七條髮綹，與緯線同織就可以了。|zh
905|16|13|13|Then Delilah said to Samson, Up to now you have made sport of me with false words; now say truly, how may you be put in bands? And he said to her, If you get the seven twists of my hair worked into the cloth you are making and fixed with the pin, I will become feeble and will be like any other man.|en
906|16|14|14|於是大利拉將他的髮綹與緯線同織，用橛子釘住，對他說：參孫哪，非利士人拿你來了！參孫從睡中醒來，將機上的橛子和緯線一齊都拔出來了。|zh
907|16|14|14|So while he was sleeping she got the seven twists of his hair worked into her cloth and fixed with the pin, and said to him, The Philistines are on you, Samson. Then awaking from his sleep, he got up quickly, pulling up cloth and machine together.|en
908|16|15|15|大利拉對參孫說：你既不與我同心，怎麼說你愛我呢？你這三次欺哄我，沒有告訴我，你因何有這麼大的力氣。|zh
909|16|15|15|And she said to him, Why do you say you are my lover when your heart is not mine? Three times you have made sport of me, and have not made clear to me the secret of your great strength.|en
910|16|16|16|大利拉天天用話催逼他，甚至他心裡煩悶要死。|zh
911|16|16|16|So day after day she gave him no peace, for ever questioning him till his soul was troubled to death.|en
912|16|17|17|參孫就把心中所藏的都告訴了他，對他說：向來人沒有用剃頭刀剃我的頭，因為我自出母胎就歸神作拿細耳人；若剃了我的頭髮，我的力氣就離開我，我便軟弱像別人一樣。|zh
913|16|17|17|And opening all his heart to her, he said to her, My head has never been touched by a blade, for I have been separate to God from the day of my birth: if my hair is cut off, then my strength will go from me and I will become feeble, and will be like any other man.|en
914|16|18|18|大利拉見他把心中所藏的都告訴了他，就打發人到非利士人的首領那裡，對他們說：他已經把心中所藏的都告訴了我，請你們再上來一次。於是非利士人的首領手裡拿著銀子，上到婦人那裡。|zh
915|16|18|18|And when Delilah saw that he had let her see into his heart, she sent word to the chiefs of the Philistines saying, Come up this time, for he has let out all his heart to me. Then the chiefs of the Philistines came to her, with the money in their hands.|en
916|16|19|19|大利拉使參孫枕著他的膝睡覺，叫了一個人來剃除他頭上的七條髮綹。於是大利拉剋制他，他的力氣就離開他了。|zh
917|16|19|19|And she made him go to sleep on her knees; and she sent for a man and had his seven twists of hair cut off; and while it was being done he became feeble and his strength went from him.|en
918|16|20|20|大利拉說：參孫哪，非利士人拿你來了！參孫從睡中醒來，心裡說：我要像前幾次出去活動身體；他卻不知道耶和華已經離開他了。|zh
919|16|20|20|Then she said, The Philistines are on you, Samson. And awaking from his sleep, he said, I will go out as at other times, shaking myself free. But he was not conscious that the Lord had gone from him.|en
920|16|21|21|非利士人將他拿住，剜了他的眼睛，帶他下到迦薩，用銅鍊拘索他；他就在監裡推磨。|zh
921|16|21|21|So the Philistines took him and put out his eyes; then they took him down to Gaza, and, chaining him with bands of brass, put him to work crushing grain in the prison-house.|en
922|16|22|22|然而他的頭髮被剃之後，又漸漸長起來了。|zh
923|16|22|22|But the growth of his hair was starting again after it had been cut off.|en
924|16|23|23|非利士人的首領聚集，要給他們的神大袞獻大祭，並且歡樂，因為他們說：我們的神將我們的仇敵參孫交在我們手中了。|zh
925|16|23|23|And the chiefs of the Philistines came together to make a great offering to Dagon their god, and to be glad; for they said, Our god has given into our hands Samson our hater.|en
926|16|24|24|眾人看見參孫，就讚美他們的神說：我們的　神將毀壞我們地、殺害我們許多人的仇敵交在我們手中了。|zh
927|16|24|24|And when the people saw him, they gave praise to their god; for they said, Our god has given into our hands the one who was fighting against us, who made our country waste, and who put great numbers of us to death.|en
928|16|25|25|他們正宴樂的時候，就說：叫參孫來，在我們面前戲耍戲耍。於是將參孫從監裡提出來，他就在眾人面前戲耍。他們使他站在兩柱中間。|zh
929|16|25|25|Now when their hearts were full of joy, they said, Send for Samson to make sport for us. And they sent for Samson out of the prison-house, and he made sport before them; and they put him between the pillars.|en
930|16|26|26|參孫向拉他手的童子說：求你讓我摸著托房的柱子，我要靠一靠。|zh
931|16|26|26|And Samson said to the boy who took him by the hand, Let me put my hand on the pillars supporting the house, so that I may put my back against them.|en
932|16|27|27|那時房內充滿男女，非利士人的眾首領也都在那裡。房的平頂上約有三千男女觀看參孫戲耍。|zh
933|16|27|27|Now the house was full of men and women; and all the lords of the Philistines were there; and about three thousand men and women were on the roof, looking on while Samson made sport.|en
934|16|28|28|參孫求告耶和華說：主耶和華啊，求你眷念我。神啊，求你賜我這一次的力量，使我在非利士人身上報那剜我雙眼的仇。|zh
935|16|28|28|And Samson, crying out to the Lord, said, O Lord God, do have me now in mind, and do make me strong only this once, O God, so that I may take one last payment from the Philistines for my two eyes.|en
936|16|29|29|參孫就抱住托房的那兩根柱子：左手抱一根，右手抱一根，|zh
937|16|29|29|Then Samson put his arms round the two middle pillars supporting the house, putting his weight on them, on one with his right hand and on the other with his left.|en
938|16|30|30|說：我情願與非利士人同死！就盡力屈身，房子倒塌，壓住首領和房內的眾人。這樣，參孫死時所殺的人比活著所殺的還多。|zh
939|16|30|30|And Samson said, Let death overtake me with the Philistines. And he put out all his strength, and the house came down on the chiefs and on all the people who were in it. So the dead whom he sent to destruction by his death were more than all those on whom he had sent destruction in his life.|en
940|16|31|31|參孫的弟兄和他父的全家都下去取他的屍首，抬上來葬在瑣拉和以實陶中間，在他父瑪挪亞的墳墓裡。參孫作以色列的士師二十年。|zh
941|16|31|31|Then his brothers and his father's people came down and took him up and put his body to rest in the earth between Zorah and Eshtaol in the resting-place of Manoah his father. And he had been judge of Israel for twenty years.|en
942|17|1|1|以法蓮山地有一個人名叫米迦。|zh
943|17|1|1|Now there was a man of the hill-country of Ephraim named Micah.|en
944|17|2|2|他對母親說：你那一千一百舍客勒銀子被人拿去，你因此咒詛，並且告訴了我。看哪，這銀子在我這裡，是我拿去了。他母親說：我兒啊，願耶和華賜福與你！|zh
945|17|2|2|And he said to his mother, The eleven hundred shekels of silver which were taken from you, about which you took an oath and said in my hearing, I have given this silver to the Lord from my hand for myself, to make a pictured image and a metal image: see, I have the silver, for I took it: so now I will give it back to you. And his mother said, May the blessing of the Lord be on my son.|en
946|17|3|3|米迦就把這一千一百舍客勒銀子還他母親。他母親說：我分出這銀子來為你獻給耶和華，好雕刻一個像，鑄成一個像。現在我還是交給你。|zh
947|17|3|3|And he gave back the eleven hundred shekels of silver to his mother, and his mother said, I have made the silver holy to the Lord from me for my son, to make a pictured image and a metal image.|en
948|17|4|4|米迦將銀子還他母親，他母親將二百舍客勒銀子交給銀匠，雕刻一個像，鑄成一個像，安置在米迦的屋內。|zh
949|17|4|4|So he gave the silver back to his mother. Then his mother took two hundred shekels of silver and gave them to a metal-worker who made a pictured image and a metal image from them: and it was in the house of Micah.|en
950|17|5|5|這米迦有了神堂，又製造以弗得和家中的神像，分派他一個兒子作祭司。|zh
951|17|5|5|And the man Micah had a house of gods; and he made an ephod and family gods and put one of his sons in the position of priest.|en
952|17|6|6|那時以色列中沒有王，各人任意而行。|zh
953|17|6|6|In those days there was no king in Israel: every man did as seemed right to him.|en
954|17|7|7|猶大的伯利恆有一個少年人，是猶大族的利未人，他在那裡寄居。|zh
955|17|7|7|Now there was a young man living in Beth-lehem-judah, of the family of Judah and a Levite, who was not a townsman of the place.|en
956|17|8|8|這人離開猶大的伯利恆城，要找一個可住的地方。行路的時候，到了以法蓮山地，走到米迦的家。|zh
957|17|8|8|And he went away from the town of Beth-lehem-judah, looking for somewhere to make his living-place; and on his journey he came to the hill-country of Ephraim, to the house of Micah.|en
958|17|9|9|米迦問他說：你從哪裡來？他回答說：從猶大的伯利恆來。我是利未人，要找一個可住的地方。|zh
959|17|9|9|And Micah said to him, Where do you come from? And he said to him, I am a Levite from Beth-lehem-judah, and I am looking for a living-place.|en
960|17|10|10|米迦說：你可以住在我這裡，我以你為父、為祭司。我每年給你十舍客勒銀子，一套衣服和度日的食物。利未人就進了他的家。|zh
961|17|10|10|Then Micah said to him, Make your living-place with me, and be a father and a priest to me, and I will give you ten shekels of silver a year and your clothing and food.|en
962|17|11|11|利未人情願與那人同住；那人看這少年人如自己的兒子一樣。|zh
963|17|11|11|And the Levite said he would make his living-place with the man, and he became to him as one of his sons.|en
964|17|12|12|米迦分派這少年的利未人作祭司，他就住在米迦的家裡。|zh
965|17|12|12|And Micah gave the position to the Levite, and the young man became his priest, and was in the house of Micah.|en
966|17|13|13|米迦說：現在我知道耶和華必賜福與我，因我有一個利未人作祭司。|zh
967|17|13|13|Then Micah said, Now I am certain that the Lord will do me good, seeing that the Levite has become my priest.|en
968|18|1|1|那時，以色列中沒有王。但支派的人仍是尋地居住；因為到那日子，他們還沒有在以色列支派中得地為業。|zh
969|18|1|1|In those days there was no king in Israel, and in those days the Danites were looking for a heritage for themselves, to be their living-place; for up to that time no distribution of land had been made to them among the tribes of Israel.|en
970|18|2|2|但人從瑣拉和以實陶打發本族中的五個勇士，去仔細窺探那地，吩咐他們說：你們去窺探那地。他們來到以法蓮山地，進了米迦的住宅，就在那裡住宿。|zh
971|18|2|2|So the children of Dan sent five men from among their number, strong men, from Zorah and from Eshtaol, to take a look at the land and make a search through it; and they said to them, Go and make a search through the land; and they came to the hill-country of Ephraim, to the house of Micah, where they made a stop for the night.|en
972|18|3|3|他們臨近米迦的住宅，聽出那少年利未人的口音來，就進去問他說：誰領你到這裡來？你在這裡做甚麼？你在這裡得甚麼？|zh
973|18|3|3|When they were near the house of Micah, hearing a voice which was not strange to them, that of the young Levite, they went out of their road to his place, and said to him, How did you come here? and what are you doing in this place? and why are you here?|en
974|18|4|4|他回答說：米迦待我如此如此，請我作祭司。|zh
975|18|4|4|And he said to them, This is what Micah did for me, and he gave me payment and I became his priest.|en
976|18|5|5|他們對他說：請你求問神，使我們知道所行的道路通達不通達。|zh
977|18|5|5|Then they said, Do get directions from God for us, to see if the journey on which we are going will have a good outcome.|en
978|18|6|6|祭司對他們說：你們可以平平安安地去，你們所行的道路是在耶和華面前的。|zh
979|18|6|6|And the priest said to them, Go in peace: your way is guided by the Lord.|en
980|18|7|7|五人就走了，來到拉億，見那裡的民安居無慮，如同西頓人安居一樣。在那地沒有人掌權擾亂他們；他們離西頓人也遠，與別人沒有來往。|zh
981|18|7|7|Then the five men went on their way and came to Laish and saw the people who were there, living without thought of danger, like the Zidonians, quiet and safe; for they had everything on earth for their needs, and they were far from the Zidonians and had no business with Aram.|en
982|18|8|8|五人回到瑣拉和以實陶，見他們的弟兄；弟兄問他們說：你們有甚麼話？|zh
983|18|8|8|So they came back to their brothers in Zorah and Eshtaol, and their brothers said to them, What news have you?|en
984|18|9|9|他們回答說：起來，我們上去攻擊他們罷！我們已經窺探那地，見那地甚好。你們為何靜坐不動呢？要急速前往得那地為業，不可遲延。|zh
985|18|9|9|And they said, Up! and let us go against Laish; for we have seen the land, and it is very good: why are you doing nothing? Do not be slow to go in and take the land for your heritage.|en
986|18|10|10|你們到了那裡，必看見安居無慮的民，地也寬闊。□神已將那地交在你們手中；那地百物俱全，一無所缺。|zh
987|18|10|10|When you come there you will come to a people living without thought of danger; and the land is wide, and God has given it into your hands: a place where there is everything on earth for man's needs.|en
988|18|11|11|於是但族中的六百人，各帶兵器，從瑣拉和以實陶前往，|zh
989|18|11|11|So six hundred men of the Danites from Zorah and Eshtaol went out armed with instruments of war.|en
990|18|12|12|上到猶大的基列耶琳，在基列耶琳後邊安營。因此那地方名叫瑪哈尼但，直到今日。|zh
991|18|12|12|And they went up and put up their tents in Kiriath-jearim in Judah: so that place is named Mahaneh-dan to this day. It is to the west of Kiriath-jearim.|en
992|18|13|13|他們從那裡往以法蓮山地去，來到米迦的住宅。|zh
993|18|13|13|From there they went on to the hill-country of Ephraim and came to the house of Micah.|en
994|18|14|14|從前窺探拉億地的五個人對他們的弟兄說：這宅子裡有以弗得和家中的神像，並雕刻的像與鑄成的像，你們知道麼？現在你們要想一想當怎樣行。|zh
995|18|14|14|Then the five men who had gone to make a search through the country of Laish, said to their brothers, Have you knowledge that in these houses there is an ephod and family gods and a pictured image and a metal image? So now you see what to do.|en
996|18|15|15|五人就進入米迦的住宅，到了那少年利未人的房內問他好。|zh
997|18|15|15|And turning from their road they came to the house of the young Levite, the house of Micah, and said to him, Is it well with you?|en
998|18|16|16|那六百但人各帶兵器，站在門口。|zh
999|18|16|16|And the six hundred armed men of the Danites took their places by the doorway.|en
1000|18|17|17|窺探地的五個人走進去，將雕刻的像、以弗得、家中的神像，並鑄成的像，都拿了去。祭司和帶兵器的六百人，一同站在門口。|zh
1001|18|17|17|Then the five men who had gone to make a search through the land, went in and took the pictured image and the ephod and the family gods and the metal image; and the priest was by the doorway with the six hundred armed men.|en
1002|18|18|18|那五個人進入米迦的住宅，拿出雕刻的像、以弗得、家中的神像，並鑄成的像，祭司就問他們說：你們做甚麼呢？|zh
1003|18|18|18|And when they went into Micah's house and took out the pictured image and the ephod and the family gods and the metal image, the priest said to them, What are you doing?|en
1004|18|19|19|他們回答說：不要作聲，用手摀口，跟我們去罷！我們必以你為父、為祭司。你作一家的祭司好呢？還是作以色列一族一支派的祭司好呢？|zh
1005|18|19|19|And they said to him, Be quiet; say nothing, and come with us and be our father and priest; is it better for you to be priest to one man's house or to be priest to a tribe and a family in Israel?|en
1006|18|20|20|祭司心裡喜悅，便拿著以弗得和家中的神像，並雕刻的像，進入他們中間。|zh
1007|18|20|20|Then the priest's heart was glad, and he took the ephod and the family gods and the pictured image and went with the people.|en
1008|18|21|21|他們就轉身離開那裡，妻子、兒女、牲畜、財物都在前頭。|zh
1009|18|21|21|So they went on their way again, putting the little ones and the oxen and the goods in front of them.|en
1010|18|22|22|離米迦的住宅已遠，米迦的近鄰都聚集來，追趕但人，|zh
1011|18|22|22|When they had gone some way from the house of Micah, the men from the houses near Micah's house came together and overtook the children of Dan,|en
1012|18|23|23|呼叫但人。但人回頭問米迦說：你聚集這許多人來做甚麼呢？|zh
1013|18|23|23|Crying out to them. And the Danites, turning round, said to Micah, What is your trouble, that you have taken up arms?|en
1014|18|24|24|米迦說：你們將我所做的神像和祭司都帶了去，我還有所剩的麼？怎麼還問我說做甚麼呢？|zh
1015|18|24|24|And he said, You have taken my gods which I made, and my priest, and have gone away; what is there for me now? Why then do you say to me, What is your trouble?|en
1016|18|25|25|但人對米迦說：你不要使我們聽見你的聲音，恐怕有性暴的人攻擊你，以致你和你的全家盡都喪命。|zh
1017|18|25|25|And the children of Dan said to him, Say no more, or men of bitter spirit may make an attack on you, causing loss of your life and the lives of your people.|en
1018|18|26|26|但人還是走他們的路。米迦見他們的勢力比自己強盛，就轉身回家去了。|zh
1019|18|26|26|Then the children of Dan went on their way; and when Micah saw that they were stronger than he, he went back to his house.|en
1020|18|27|27|但人將米迦所做的神像和他的祭司都帶到拉億，見安居無慮的民，就用刀殺了那民，又放火燒了那城，|zh
1021|18|27|27|And they took that which Micah had made, and his priest, and came to Laish, to a people living quietly and without thought of danger, and they put them to the sword without mercy, burning down their town.|en
1022|18|28|28|並無人搭救；因為離西頓遠，他們又與別人沒有來往。城在平原，那平原靠近伯利合。但人又在那裡修城居住，|zh
1023|18|28|28|And they had no saviour, because it was far from Zidon, and they had no business with Aram; and it was in the valley which is the property of Beth-rehob. And building up the town again they took it for their living-place.|en
1024|18|29|29|照著他們始祖以色列之子但的名字，給那城起名叫但；原先那城名叫拉億。|zh
1025|18|29|29|And they gave the town the name of Dan, after Dan their father, who was the son of Israel: though the town had been named Laish at first.|en
1026|18|30|30|但人就為自己設立那雕刻的像。摩西的孫子、革舜的兒子約拿單，和他的子孫作但支派的祭司，直到那地遭擄掠的日子。|zh
1027|18|30|30|(And the children of Dan put up the pictured image for themselves; and Jonathan, the son of Gershom, the son of Moses, and his sons were priests for the tribe of the Danites till the day when the ark was taken prisoner.)|en
1028|18|31|31|神的殿在示羅多少日子，但人為自己設立米迦所雕刻的像也在但多少日子。|zh
1029|18|31|31|And they put up for themselves the image which Micah had made, and it was there all the time that the house of God was in Shiloh.|en
1030|19|1|1|當以色列中沒有王的時候，有住以法蓮山地那邊的一個利未人，娶了一個猶大伯利恆的女子為妾。|zh
1031|19|1|1|Now in those days, when there was no king in Israel, a certain Levite was living in the inmost parts of the hill-country of Ephraim, and he got for himself a servant-wife from Beth-lehem-judah.|en
1032|19|2|2|妾行淫離開丈夫，回猶大的伯利恆，到了父家，在那裡住了四個月。|zh
1033|19|2|2|And his servant-wife was angry with him, and went away from him to her father's house at Beth-lehem-judah, and was there for four months.|en
1034|19|3|3|他丈夫起來，帶著一個僕人、兩匹驢去見他，用好話勸他回來。女子就引丈夫進入父家。他父見了那人，便歡歡喜喜地迎接。|zh
1035|19|3|3|Then her husband got up and went after her, with the purpose of talking kindly to her, and taking her back with him; he had with him his young man and two asses: and she took him into her father's house, and her father, when he saw him, came forward to him with joy.|en
1036|19|4|4|那人的岳父，就是女子的父親，將那人留下住了三天。於是二人一同吃喝、住宿。|zh
1037|19|4|4|And his father-in-law, the girl's father, kept him there for three days; and they had food and drink and took their rest there.|en
1038|19|5|5|到第四天，利未人清早起來要走，女子的父親對女婿說：請你吃點飯，加添心力，然後可以行路。|zh
1039|19|5|5|Now on the fourth day they got up early in the morning and he made ready to go away; but the girl's father said to his son-in-law, Take a little food to keep up your strength, and then go on your way.|en
1040|19|6|6|於是二人坐下一同吃喝。女子的父親對那人說：請你再住一夜，暢快你的心。|zh
1041|19|6|6|So seating themselves they had food and drink, the two of them together; and the girl's father said to the man, If it is your pleasure, take your rest here tonight, and let your heart be glad.|en
1042|19|7|7|那人起來要走，他岳父強留他，他又住了一宿。|zh
1043|19|7|7|And the man got up to go away, but his father-in-law would not let him go, so he took his rest there again for the night.|en
1044|19|8|8|到第五天，他清早起來要走，女子的父親說：請你吃點飯，加添心力，等到日頭偏西再走。於是二人一同吃飯。|zh
1045|19|8|8|Then early on the morning of the fifth day he got up to go away; but the girl's father said, Keep up your strength; so the two of them had a meal, and the man and his woman and his servant did not go till after the middle of the day.|en
1046|19|9|9|那人同他的妾和僕人起來要走，他岳父，就是女子的父親，對他說：看哪，日頭偏西了，請你再住一夜；天快晚了，可以在這裡住宿，暢快你的心。明天早早起行回家去。|zh
1047|19|9|9|And when they got up to go away, his father-in-law, the girl's father, said to him, Now evening is coming on, so do not go tonight; see, the day is almost gone; take your rest here and let your heart be glad, and tomorrow early, go on your way back to your house.|en
1048|19|10|10|那人不願再住一夜，就備上那兩匹驢，帶著妾起身走了，來到耶布斯的對面（耶布斯就是耶路撒冷。）|zh
1049|19|10|10|But the man would not be kept there that night, and he got up and went away and came opposite to Jebus (which is Jerusalem); and he had with him the two asses, ready for travelling, and his woman.|en
1050|19|11|11|臨近耶布斯的時候，日頭快要落了，僕人對主人說：我們不如進這耶布斯人的城裡住宿。|zh
1051|19|11|11|When they got near Jebus the day was far gone; and the servant said to his master, Now let us go from our road into this town of the Jebusites and take our night's rest there.|en
1052|19|12|12|主人回答說：我們不可進不是以色列人住的外邦城，不如過到基比亞去；|zh
1053|19|12|12|But his master said to him, We will not go out of our way into a strange town, whose people are not of the children of Israel; but we will go on to Gibeah.|en
1054|19|13|13|又對僕人說：我們可以到一個地方，或住在基比亞，或住在拉瑪。|zh
1055|19|13|13|And he said to his servant, Come, let us go on to one of these places, stopping for the night in Gibeah or Ramah.|en
1056|19|14|14|他們就往前走。將到便雅憫的基比亞，日頭已經落了；|zh
1057|19|14|14|So they went on their way; and the sun went down when they were near Gibeah in the land of Benjamin.|en
1058|19|15|15|他們進入基比亞要在那裡住宿，就坐在城裡的街上，因為無人接他們進家住宿。|zh
1059|19|15|15|And they went off the road there with the purpose of stopping for the night in Gibeah: and he went in, seating himself in the street of the town, for no one took them into his house for the night.|en
1060|19|16|16|晚上，有一個老年人從田間做工回來。他原是以法蓮山地的人，住在基比亞；那地方的人卻是便雅憫人。|zh
1061|19|16|16|Now when it was evening they saw an old man coming back from his work in the fields; he was from the hill-country of Ephraim and was living in Gibeah: but the men of the place were Benjamites.|en
1062|19|17|17|老年人舉目看見客人坐在城裡的街上，就問他說：你從哪裡來？要往哪裡去？|zh
1063|19|17|17|And when he saw the traveller in the street of the town, the old man said, Where are you going? and where do you come from?|en
1064|19|18|18|他回答說：我們從猶大的伯利恆來，要往以法蓮山地那邊去。我原是那裡的人，到過猶大的伯利恆，現在我往耶和華的殿去，在這裡無人接我進他的家。|zh
1065|19|18|18|And he said to him, We are on our way from Beth-lehem-judah to the inmost parts of the hill-country of Ephraim: I came from there and went to Beth-lehem-judah: now I am on my way back to my house, but no man will take me into his house.|en
1066|19|19|19|其實我有糧草可以餵驢，我與我的妾，並我的僕人，有餅有酒，並不缺少甚麼。|zh
1067|19|19|19|But we have dry grass and food for our asses, as well as bread and wine for me, and for the woman, and for the young man with us: we have no need of anything.|en
1068|19|20|20|老年人說：願你平安！你所需用的我都給你，只是不可在街上過夜。|zh
1069|19|20|20|And the old man said, Peace be with you; let all your needs be my care; only do not take your rest in the street.|en
1070|19|21|21|於是領他們到家裡，餵上驢，他們就洗腳吃喝。|zh
1071|19|21|21|So he took them into his house and gave the asses food; and after washing their feet they took food and drink.|en
1072|19|22|22|他們心裡正歡暢的時候，城中的匪徒圍住房子，連連叩門，對房主老人說：你把那進你家的人帶出來，我們要與他交合。|zh
1073|19|22|22|While they were taking their pleasure at the meal, the good-for-nothing men of the town came round the house, giving blows on the door; and they said to the old man, the master of the house, Send out that man who came to your house, so that we may take our pleasure with him.|en
1074|19|23|23|那房主出來對他們說：弟兄們哪，不要這樣作惡；這人既然進了我的家，你們就不要行這醜事。|zh
1075|19|23|23|So the man, the master of the house, went out to them, and said, No, my brothers, do not this evil thing; this man has come into my house, and you are not to do him this wrong.|en
1076|19|24|24|我有個女兒，還是處女，並有這人的妾，我將他們領出來任憑你們玷辱他們，只是向這人不可行這樣的醜事。|zh
1077|19|24|24|See, here is my daughter, a virgin, and his servant-wife: I will send them out for you to take them and do with them whatever you will. But do no such thing of shame to this man.|en
1078|19|25|25|那些人卻不聽從他的話。那人就把他的妾拉出去交給他們，他們便與他交合，終夜凌辱他，直到天色快亮才放他去。|zh
1079|19|25|25|But the men would not give ear to him: so the man took his woman and sent her out to them; and they took her by force, using her for their pleasure all night till the morning; and when dawn came they let her go.|en
1080|19|26|26|天快亮的時候，婦人回到他主人住宿的房門前，就仆倒在地，直到天亮。|zh
1081|19|26|26|Then at the dawn of day the woman came, and, falling down at the door of the man's house where her master was, was stretched there till it was light.|en
1082|19|27|27|早晨，他的主人起來開了房門，出去要行路，不料那婦人仆倒在房門前，兩手搭在門檻上；|zh
1083|19|27|27|In the morning her master got up, and opening the door of the house went out to go on his way; and he saw his servant-wife stretched on the earth at the door of the house with her hands on the step.|en
1084|19|28|28|就對婦人說：起來，我們走罷！婦人卻不回答。那人便將他馱在驢上，起身回本處去了。|zh
1085|19|28|28|And he said to her, Get up and let us be going; but there was no answer; so he took her up and put her on the ass, and went on his way and came to his house.|en
1086|19|29|29|到了家裡，用刀將妾的屍身切成十二塊，使人拿著傳送以色列的四境。|zh
1087|19|29|29|And when he had come to his house, he got his knife, and took the woman, cutting her up bone by bone into twelve parts, which he sent through all Israel.|en
1088|19|30|30|凡看見的人都說：從以色列人出埃及地，直到今日，這樣的事沒有行過，也沒有見過。現在應當思想，大家商議當怎樣辦理。|zh
1089|19|30|30|And he gave orders to the men whom he sent, saying, This is what you are to say to all the men of Israel, Has ever an act like this been done from the day when the children of Israel came out of Egypt to this day? Give thought to it, turning it over in your minds, and give your opinion of it.|en
1090|20|1|1|於是以色列從但到別是巴，以及住基列地的眾人都出來，如同一人，聚集在米斯巴耶和華面前。|zh
1091|20|1|1|Then all the children of Israel took up arms, and the people came together like one man, from Dan to Beer-sheba, and the land of Gilead, before the Lord at Mizpah.|en
1092|20|2|2|以色列民的首領，就是各支派的軍長，都站在神百姓的會中；拿刀的步兵共有四十萬。|zh
1093|20|2|2|And the chiefs of the people, out of all the tribes of Israel, took their places in the meeting of the people of God, four hundred thousand footmen armed with swords.|en
1094|20|3|3|以色列人上到米斯巴，便雅憫人都聽見了。以色列人說：請你將這件惡事的情由對我們說明。|zh
1095|20|3|3|(Now the children of Benjamin had word that the children of Israel had gone up to Mizpah.) And the children of Israel said, Make clear how this evil thing took place.|en
1096|20|4|4|那利未人，就是被害之婦人的丈夫，回答說：我和我的妾到了便雅憫的基比亞住宿。|zh
1097|20|4|4|Then the Levite, the husband of the dead woman, said in answer, I came to Gibeah in the land of Benjamin, I and my servant-wife, for the purpose of stopping there for the night.|en
1098|20|5|5|基比亞人夜間起來，圍了我住的房子，想要殺我，又將我的妾強姦致死。|zh
1099|20|5|5|And the townsmen of Gibeah came together against me, going round the house on all sides by night; it was their purpose to put me to death, and my servant-wife was violently used by them and is dead.|en
1100|20|6|6|我就把我妾的屍身切成塊子，使人拿著傳送以色列得為業的全地，因為基比亞人在以色列中行了扔菏醜惡的事。|zh
1101|20|6|6|So I took her, cutting her into parts which I sent through all the country of the heritage of Israel: for they have done an act of shame in Israel.|en
1102|20|7|7|你們以色列人都當籌劃商議。|zh
1103|20|7|7|Here you all are, you children of Israel; give now your suggestions about what is to be done.|en
1104|20|8|8|眾民都起來如同一人，說：我們連一人都不回自己帳棚、自己房屋去。|zh
1105|20|8|8|Then all the people got up as one man and said, Not one of us will go to his tent or go back to his house:|en
1106|20|9|9|我們向基比亞人必這樣行，照所掣的籤去攻擊他們。|zh
1107|20|9|9|But this is what we will do to Gibeah: we will go up against it by the decision of the Lord;|en
1108|20|10|10|我們要在以色列各支派中，一百人挑取十人，一千人挑取百人，一萬人挑取千人，為民運糧，等大眾到了便雅憫的基比亞，就照基比亞人在以色列中所行的醜事征伐他們。|zh
1109|20|10|10|And we will take ten men out of every hundred, through all the tribes of Israel, a hundred out of every thousand, a thousand out of every ten thousand, to get food for the people, so that they may give to Gibeah of Benjamin the right punishment for the act of shame they have done in Israel.|en
1110|20|11|11|於是以色列眾人彼此連合如同一人，聚集攻擊那城|zh
1111|20|11|11|So all the men of Israel were banded together against the town, united like one man.|en
1112|20|12|12|以色列眾支派打發人去，問便雅憫支派的各家說：你們中間怎麼做了這樣的惡事呢？|zh
1113|20|12|12|And the tribes of Israel sent men through all the tribe of Benjamin saying, What is this evil which has been done among you?|en
1114|20|13|13|現在你們要將基比亞的那些匪徒交出來，我們好治死他們，從以色列中除掉這惡。便雅憫人卻不肯聽從他們弟兄以色列人的話。|zh
1115|20|13|13|Now give up those good-for-nothing persons in Gibeah so that we may put them to death, clearing away the evil from Israel. But the children of Benjamin would not give ear to the voice of their brothers, the children of Israel.|en
1116|20|14|14|便雅憫人從他們的各城裡出來，聚集到了基比亞，要與以色列人打仗。|zh
1117|20|14|14|And the children of Benjamin came together from all their towns to Gibeah, to go to war with the children of Israel.|en
1118|20|15|15|那時便雅憫人從各城裡點出拿刀的，共有二萬六千；另外還有基比亞人點出七百精兵。|zh
1119|20|15|15|And the children of Benjamin who came that day from the towns were twenty-six thousand men armed with swords, in addition to the people of Gibeah, numbering seven hundred of the best fighting-men,|en
1120|20|16|16|在眾軍之中有揀選的七百精兵，都是左手便利的，能用機弦甩石打人，毫髮不差。|zh
1121|20|16|16|Who were left-handed, able to send a stone at a hair without error.|en
1122|20|17|17|便雅憫人之外，點出以色列人拿刀的，共有四十萬，都是戰士。|zh
1123|20|17|17|And the men of Israel, other than Benjamin, were four hundred thousand in number, all armed with swords; they were all men of war.|en
1124|20|18|18|以色列人就起來，到伯特利去求問神說：我們中間誰當首先上去與便雅憫人爭戰呢？耶和華說：猶大當先上去。|zh
1125|20|18|18|And they got up and went up to Beth-el to get directions from God, and the children of Israel said, Who is to be the first to go up to the fight against the children of Benjamin? And the Lord said, Judah is to go up first.|en
1126|20|19|19|以色列人早晨起來，對著基比亞安營。|zh
1127|20|19|19|So the children of Israel got up in the morning and put themselves in position against Gibeah.|en
1128|20|20|20|以色列人出來，要與便雅憫人打仗，就在基比亞前擺陣。|zh
1129|20|20|20|And the men of Israel went out to war against Benjamin (and the men of Israel put their forces in fighting order against them at Gibeah).|en
1130|20|21|21|便雅憫人就從基比亞出來，當日殺死以色列人二萬二千。|zh
1131|20|21|21|Then the children of Benjamin came out from Gibeah, cutting down twenty-two thousand of the Israelites that day.|en
1132|20|22|22|以色列人彼此奮勇，仍在頭一日擺陣的地方又擺陣。|zh
1133|20|22|22|But the people, the men of Israel, taking heart again, put their forces in order and took up the same position as on the first day.|en
1134|20|23|23|未擺陣之先，以色列人上去，在耶和華面前哭號，直到晚上，求問耶和華說：我們再去與我們弟兄便雅憫人打仗可以不可以？耶和華說：可以上去攻擊他們。|zh
1135|20|23|23|Now the children of Israel went up, weeping before the Lord till evening, requesting the Lord and saying, Am I to go forward again to the fight against the children of Benjamin my brother? And the Lord said, Go up against him.|en
1136|20|24|24|第二日，以色列人就上前攻擊便雅憫人。|zh
1137|20|24|24|So the children of Israel went forward against the children of Benjamin the second day.|en
1138|20|25|25|便雅憫人也在這日從基比亞出來，與以色列人接戰，又殺死他們一萬八千，都是拿刀的。|zh
1139|20|25|25|And the second day Benjamin went out against them from Gibeah, cutting down eighteen thousand men of the children of Israel, all swordsmen.|en
1140|20|26|26|以色列眾人就上到伯特利，坐在耶和華面前哭號，當日禁食直到晚上；又在耶和華面前獻燔祭和平安祭。|zh
1141|20|26|26|Then all the children of Israel, and all the people, went up to Beth-el, weeping and waiting there before the Lord, going without food all day till evening, and offering burned offerings and peace-offerings before the Lord.|en
1142|20|27|27,28 |那時，神的約櫃在那裡；亞倫的孫子、以利亞撒的兒子非尼哈侍立在約櫃前。以色列人問耶和華說：我們當再出去與我們弟兄便雅憫人打仗呢？還是罷兵呢？耶和華說：你們當上去，因為明日我必將他們交在你們手中。|zh
1143|20|27|27|And the children of Israel made request to the Lord, (for the ark of the agreement of the Lord was there in those days,|en
1144|20|28|28|And Phinehas, the son of Eleazar, the son of Aaron, was in his place before it,) and said, Am I still to go on with the fight against the children of Benjamin my brother, or am I to give it up? And the Lord said, Go on; for tomorrow I will give him into your hands.|en
1145|20|29|29|以色列人在基比亞的四圍設下伏兵。|zh
1146|20|29|29|So Israel put men secretly all round Gibeah to make a surprise attack on it.|en
1147|20|30|30|第三日，以色列人又上去攻擊便雅憫人，在基比亞前擺陣，與前兩次一樣。|zh
1148|20|30|30|And the children of Israel went up against the children of Benjamin on the third day, and put themselves in fighting order against Gibeah as before.|en
1149|20|31|31|便雅憫人也出來迎敵，就被引誘離城；在田間兩條路上，一通伯特利，一通基比亞，像前兩次，動手殺死以色列人約有三十個。|zh
1150|20|31|31|And the children of Benjamin went out against the people, moving away from the town; and as before, at their first attack, they put to death about thirty men of Israel on the highways, of which one goes up to Beth-el and the other to Gibeah, and in the open country.|en
1151|20|32|32|便雅憫人說：他們仍舊敗在我們面前。但以色列人說：我們不如逃跑，引誘他們離開城到路上來。|zh
1152|20|32|32|And the children of Benjamin said, They are giving way before us as at first. But the children of Israel said, Let us go in flight and get them away from the town, into the highways.|en
1153|20|33|33|以色列眾人都起來，在巴力他瑪擺陣，以色列的伏兵從馬利迦巴埋伏的地方衝上前去。|zh
1154|20|33|33|So all the men of Israel got up and put themselves in fighting order at Baal-tamar: and those who had been waiting secretly to make a surprise attack came rushing out of their place on the west of Geba.|en
1155|20|34|34|有以色列人中的一萬精兵，來到基比亞前接戰，勢派甚是凶猛；便雅憫人卻不知道災禍臨近了。|zh
1156|20|34|34|And they came in front of Gibeah, ten thousand of the best men in all Israel, and the fighting became more violent; but the children of Benjamin were not conscious that evil was coming on them.|en
1157|20|35|35|耶和華使以色列人殺敗便雅憫人。那日，以色列人殺死便雅憫人二萬五千一百，都是拿刀的。|zh
1158|20|35|35|Then the Lord sent sudden fear on Benjamin before Israel; and that day the children of Israel put to death twenty-five thousand, one hundred men of Benjamin, all of them swordsmen.|en
1159|20|36|36|於是便雅憫人知道自己敗了。先是以色列人；因為靠著在基比亞前所設的伏兵，就在便雅憫人面前詐敗。|zh
1160|20|36|36|So the children of Benjamin saw that they were overcome: and the men of Israel had given way before Benjamin, putting their faith in the watchers who were to make the surprise attack on Gibeah.|en
1161|20|37|37|伏兵急忙闖進基比亞，用刀殺死全城的人。|zh
1162|20|37|37|And the watchers, rushing on Gibeah and overrunning it, put all the town to the sword without mercy.|en
1163|20|38|38|以色列人預先同伏兵約定在城內放火，以煙氣上騰為號。|zh
1164|20|38|38|Now the sign fixed between the men of Israel and those making the surprise attack was that when they made a pillar of smoke go up from the town,|en
1165|20|39|39|以色列人臨退陣的時候，便雅憫人動手殺死以色列人，約有三十個，就說：他們仍像前次被我們殺敗了。|zh
1166|20|39|39|The men of Israel were to make a turn about in the fight. And Benjamin had overcome and put to death about thirty of the men of Israel, and were saying, Certainly they are falling back before us as in the first fight.|en
1167|20|40|40|當煙氣如柱從城中上騰的時候，便雅憫人回頭觀看，見全城的煙氣沖天。|zh
1168|20|40|40|Then the sign went up out of the town in the pillar of smoke, and the Benjamites, turning back, saw all the town going up in smoke to heaven.|en
1169|20|41|41|以色列人又轉身回來，便雅憫人就甚驚惶，因為看見災禍臨到自己了。|zh
1170|20|41|41|And the men of Israel had made a turn about, and the men of Benjamin were overcome with fear, for they saw that evil had overtaken them.|en
1171|20|42|42|他們在以色列人面前轉身往曠野逃跑；以色列人在後面追殺。那從各城裡出來的，也都夾攻殺滅他們。|zh
1172|20|42|42|So turning their backs on the men of Israel, they went in the direction of the waste land; but the fight overtook them; and those who came out of the town were heading them off and putting them to the sword.|en
1173|20|43|43|以色列人圍繞便雅憫人，追趕他們，在他們歇腳之處、對著日出之地的基比亞踐踏他們。|zh
1174|20|43|43|And crushing Benjamin down, they went after them, driving them from Nohah as far as the east side of Gibeah.|en
1175|20|44|44|便雅憫人死了的有一萬八千，都是勇士。|zh
1176|20|44|44|Eighteen thousand men of Benjamin came to their death, all strong men of war.|en
1177|20|45|45|其餘的人轉身向曠野逃跑，往臨門磐去。以色列人在道路上殺了他們五千人，如拾取遺穗一樣，追到基頓又殺了他們二千人。|zh
1178|20|45|45|And turning, they went in flight to the rock of Rimmon in the waste land: and on the highways five thousand of them were cut off by the men of Israel, who, pushing on hard after them to Geba, put to death two thousand more.|en
1179|20|46|46|那日便雅憫死了的共有二萬五千人，都是拿刀的勇士。|zh
1180|20|46|46|So twenty-five thousand of the swordsmen of Benjamin came to their end that day, all strong men of war.|en
1181|20|47|47|只剩下六百人，轉身向曠野逃跑，到了臨門磐，就在那裡住了四個月。|zh
1182|20|47|47|But six hundred men, turning back, went in flight to the rock of Rimmon in the waste land, and were living on the rock of Rimmon for four months.|en
1183|20|48|48|以色列人又轉到便雅憫地，將各城的人和牲畜，並一切所遇見的，都用刀殺盡，又放火燒了一切城邑。|zh
1184|20|48|48|And the men of Israel, turning again against the children of Benjamin, put to the sword without mercy all the towns and the cattle and everything there was, burning every town which came into their hands.|en
1185|21|1|1|以色列人在米斯巴曾起誓說：我們都不將女兒給便雅憫人為妻。|zh
1186|21|1|1|Now the men of Israel had taken an oath in Mizpah, saying, Not one of us will give his daughter as a wife to Benjamin.|en
1187|21|2|2|以色列人來到伯特利，坐在神面前直到晚上，放聲痛哭，|zh
1188|21|2|2|And the people came to Beth-el, waiting there till evening before God, and gave themselves up to bitter weeping.|en
1189|21|3|3|說：耶和華─以色列的神啊，為何以色列中有這樣缺了一支派的事呢？|zh
1190|21|3|3|And they said, O Lord, the God of Israel, why has this fate come on Israel, that today one tribe has been cut off from Israel?|en
1191|21|4|4|次日清早，百姓起來，在那裡築了一座壇，獻燔祭和平安祭。|zh
1192|21|4|4|Then on the day after, the people got up early and made an altar there, offering burned offerings and peace-offerings.|en
1193|21|5|5|以色列人彼此問說：以色列各支派中，誰沒有同會眾上到耶和華面前來呢？先是以色列人起過大誓說，凡不上米斯巴到耶和華面前來的，必將他治死。|zh
1194|21|5|5|And the children of Israel said, Who is there among all the tribes of Israel, who did not come up to the Lord at the meeting of all Israel? For they had taken a great oath that whoever did not come up to Mizpah to the Lord was to be put to death.|en
1195|21|6|6|以色列人為他們的弟兄便雅憫後悔，說：如今以色列中絕了一個支派了。|zh
1196|21|6|6|And the children of Israel were moved with pity for Benjamin their brother, saying, Today one tribe has been cut off from Israel.|en
1197|21|7|7|我們既在耶和華面前起誓說，必不將我們的女兒給便雅憫人為妻，現在我們當怎樣辦理、使他們剩下的人有妻呢？|zh
1198|21|7|7|What are we to do about wives for those who are still living? For we have taken an oath by the Lord that we will not give them our daughters for wives.|en
1199|21|8|8|又彼此問說：以色列支派中誰沒有上米斯巴到耶和華面前來呢？他們就查出基列雅比沒有一人進營到會眾那裡；|zh
1200|21|8|8|And they said, Which one of the tribes of Israel did not come up to Mizpah to the Lord? And it was seen that no one had come from Jabesh-gilead to the meeting.|en
1201|21|9|9|因為百姓被數的時候，沒有一個基列雅比人在那裡。|zh
1202|21|9|9|For when the people were numbered, not one man of the people of Jabesh-gilead was present.|en
1203|21|10|10|會眾就打發一萬二千大勇士，吩咐他們說：你們去用刀將基列雅比人連婦女帶孩子都擊殺了。|zh
1204|21|10|10|So they (the meeting) sent twelve thousand of the best fighting-men, and gave them orders, saying, Go and put the people of Jabesh-gilead to the sword without mercy, with their women and their little ones.|en
1205|21|11|11|所當行的就是這樣：要將一切男子和已嫁的女子盡行殺戮。|zh
1206|21|11|11|And this is what you are to do: every male, and every woman who has had sex relations with a man, you are to put to the curse, but you are to keep safe the virgins. And they did so.|en
1207|21|12|12|他們在基列雅比人中，遇見了四百個未嫁的處女，就帶到迦南地的示羅營裡。|zh
1208|21|12|12|Now there were among the people of Jabesh-gilead four hundred young virgins who had never had sex relations with a man; these they took to their tents in Shiloh in the land of Canaan.|en
1209|21|13|13|全會眾打發人到臨門磐的便雅憫人那裡，向他們說和睦的話。|zh
1210|21|13|13|And all the meeting sent to the men of Benjamin who were in the rock of Rimmon, offering them peace.|en
1211|21|14|14|當時便雅憫人回來了，以色列人就把所存活基列雅比的女子給他們為妻，還是不夠。|zh
1212|21|14|14|Then Benjamin came back; and they gave them the women whom they had kept from death among the women of Jabesh-gilead: but still there were not enough for them.|en
1213|21|15|15|百姓為便雅憫人後悔，因為耶和華使以色列人缺了一個支派（原文是使以色列中有了破口）。|zh
1214|21|15|15|And the people were moved with pity for Benjamin, because the Lord had let his wrath loose on the tribes of Israel.|en
1215|21|16|16|會中的長老說：便雅憫中的女子既然除滅了，我們當怎樣辦理、使那餘剩的人有妻呢？|zh
1216|21|16|16|Then the responsible men of the meeting said, What are we to do about wives for the rest of them, seeing that the women of Benjamin are dead?|en
1217|21|17|17|又說：便雅憫逃脫的人當有地業，免得以色列中塗抹了一個支派。|zh
1218|21|17|17|And they said, How is the rest of Benjamin to be given offspring so that one tribe of Israel may not be put out of existence,|en
1219|21|18|18|只是我們不能將自己的女兒給他們為妻；因為以色列人曾起誓說，有將女兒給便雅憫人為妻的，必受咒詛。|zh
1220|21|18|18|Seeing that we may not give them our daughters as wives? For the children of Israel had taken an oath, saying, Cursed is he who gives a wife to Benjamin.|en
1221|21|19|19|他們又說：在利波拿以南，伯特利以北，在示劍大路以東的示羅，年年有耶和華的節期；|zh
1222|21|19|19|And they said, See, every year there is a feast of the Lord in Shiloh, which is to the north of Beth-el, on the east side of the highway which goes up from Beth-el to Shechem, and on the south of Lebonah.|en
1223|21|20|20|就吩咐便雅憫人說：你們去，在葡萄園中埋伏。|zh
1224|21|20|20|And they said to the men of Benjamin, Go into the vine-gardens, waiting there secretly,|en
1225|21|21|21|若看見示羅的女子出來跳舞，就從葡萄園出來，在示羅的女子中各搶一個為妻，回便雅憫地去。|zh
1226|21|21|21|And watching; and if the daughters of Shiloh come out to take part in the dances, then come from the vine-gardens and take a wife for every one of you from among the daughters of Shiloh, and go back to the land of Benjamin.|en
1227|21|22|22|他們的父親或是弟兄若來與我們爭競，我們就說：求你們看我們的情面，施恩給這些人，因我們在爭戰的時候沒有給他們留下女子為妻。這也不是你們將子女給他們的；若是你們給的，就算有罪。|zh
1228|21|22|22|And when their fathers or their brothers come and make trouble, you are to say to them, Give them to us as an act of grace; for we did not take them as wives for ourselves in war; and if you yourselves had given them to us you would have been responsible for the broken oath.|en
1229|21|23|23|於是便雅憫人照樣而行，按著他們的數目從跳舞的女子中搶去為妻，就回自己的地業去，又重修城邑居住。|zh
1230|21|23|23|So the men of Benjamin did this, and got wives for themselves for every one of their number, taking them away by force from the dance; then they went back to their heritage, building up their towns and living in them.|en
1231|21|24|24|當時以色列人離開那裡，各歸本支派、本宗族、本地業去了。|zh
1232|21|24|24|Then the children of Israel went away from there, every man to his tribe and his family, every man went back to his heritage.|en
1233|21|25|25|那時，以色列中沒有王，各人任意而行。|zh
1234|21|25|25|In those days there was no king in Israel: every man did what seemed right to him.|en
