|chapter|sec|no|content|lang
0|1|1|1|掃羅死後，大衛擊殺亞瑪力人回來，在洗革拉住了兩天。|zh
1|1|1|1|Now after the death of Saul, when David, having come back from the destruction of the Amalekites, had been in Ziklag for two days;|en
2|1|2|2|第三天，有一人從掃羅的營裡出來，衣服撕裂，頭蒙灰塵，到大衛面前伏地叩拜。|zh
3|1|2|2|On the third day a man came from Saul's tents, with his clothing out of order and earth on his head: and when he came to David, he went down on the earth and gave him honour.|en
4|1|3|3|大衛問他說：你從哪裡來？他說：我從以色列的營裡逃來。|zh
5|1|3|3|And David said to him, Where have you come from? And he said, I have come in flight from the tents of Israel.|en
6|1|4|4|大衛又問他說：事情怎樣？請你告訴我。他回答說：百姓從陣上逃跑，也有許多人仆倒死亡；掃羅和他兒子約拿單也死了。|zh
7|1|4|4|And David said to him, How did things go? Give me the news. And in answer he said, The people have gone in flight from the fight, and a great number of them are dead; and Saul and his son Jonathan are dead.|en
8|1|5|5|大衛問報信的少年人說：你怎麼知道掃羅和他兒子約拿單死了呢？|zh
9|1|5|5|And David said to the young man who gave him the news, Why are you certain that Saul and his son Jonathan are dead?|en
10|1|6|6|報信的少年人說：我偶然到基利波山，看見掃羅伏在自己槍上，有戰車、馬兵緊緊地追他。|zh
11|1|6|6|And the young man said, I came by chance to Mount Gilboa, and I saw Saul supporting himself on his spear; and the war-carriages and horsemen overtook him.|en
12|1|7|7|他回頭看見我，就呼叫我。我說：我在這裡。|zh
13|1|7|7|And looking back, he saw me and gave a cry to me. And answering him I said, Here am I.|en
14|1|8|8|他問我說：你是甚麼人？我說：我是亞瑪力人。|zh
15|1|8|8|And he said to me, Who are you? And I said, I am an Amalekite.|en
16|1|9|9|他說：請你來，將我殺死；因為痛苦抓住我，我的生命尚存。|zh
17|1|9|9|Then he said to me, Come here to my side, and put me to death, for the pain of death has me in its grip but my life is still strong in me.|en
18|1|10|10|我準知他仆倒必不能活，就去將他殺死，把他頭上的冠冕、臂上的鐲子拿到我主這裡。|zh
19|1|10|10|So I put my foot on him and gave him his death-blow, because I was certain that he would not go on living after his fall: and I took the crown from his head and the band from his arm, and I have them here for my lord.|en
20|1|11|11|大衛就撕裂衣服，跟隨他的人也是如此，|zh
21|1|11|11|Then David gave way to bitter grief, and so did all the men who were with him:|en
22|1|12|12|而且悲哀哭號，禁食到晚上，是因掃羅和他兒子約拿單，並耶和華的民以色列家的人，倒在刀下。|zh
23|1|12|12|And till evening they gave themselves to sorrow and weeping, and took no food, weeping for Saul and for Jonathan, his son, and for the people of the Lord and for the men of Israel; because they had come to their end by the sword.|en
24|1|13|13|大衛問報信的少年人說：你是哪裡的人？他說：我是亞瑪力客人的兒子。|zh
25|1|13|13|And David said to the young man who had given him the news, Where do you come from? And he said, I am the son of a man from a strange land; I am an Amalekite.|en
26|1|14|14|大衛說：你伸手殺害耶和華的受膏者，怎麼不畏懼呢？|zh
27|1|14|14|And David said to him, Had you no fear of stretching out your hand to put to death the one marked with the holy oil?|en
28|1|15|15|大衛叫了一個少年人來，說：你去殺他罷！|zh
29|1|15|15|And David sent for one of his young men and said, Go near and put an end to him. And he put him to death.|en
30|1|16|16|大衛對他說：你流人血的罪歸到自己的頭上，因為你親口作見證說：我殺了耶和華的受膏者。少年人就把他殺了。|zh
31|1|16|16|And David said to him, May your blood be on your head; for your mouth has given witness against you, saying, I have put to death the man marked with the holy oil.|en
32|1|17|17|大衛作哀歌，弔掃羅和他兒子約拿單，|zh
33|1|17|17|Then David made this song of grief for Saul and Jonathan, his son:|en
34|1|18|18|且吩咐將這歌教導猶大人。這歌名叫弓歌，寫在雅煞珥書上。|zh
35|1|18|18|(It is recorded in the book of Jashar for teaching to the sons of Judah) and he said:|en
36|1|19|19|歌中說：以色列啊，你尊榮者在山上被殺！大英雄何竟死亡！|zh
37|1|19|19|The glory, O Israel, is dead on your high places! How have the great ones been made low!|en
38|1|20|20|不要在迦特報告；不要在亞實基倫街上傳揚；免得非利士的女子歡樂；免得未受割禮之人的女子矜誇。|zh
39|1|20|20|Give no news of it in Gath, let it not be said in the streets of Ashkelon; or the daughters of the Philistines will be glad, the daughters of men without circumcision will be uplifted in joy.|en
40|1|21|21|基利波山哪，願你那裡沒有雨露！願你田地無土產可作供物！因為英雄的盾牌在那裡被污丟棄；掃羅的盾牌彷彿未曾抹油。|zh
41|1|21|21|O mountains of Gilboa, let there be no dew or rain on you, you fields of death: for there the arms of the strong have been shamed, the arms of Saul, as if he had not been marked with the holy oil.|en
42|1|22|22|約拿單的弓箭非流敵人的血不退縮；掃羅的刀劍非剖勇士的油不收回。|zh
43|1|22|22|From the blood of the dead, from the fat of the strong, the bow of Jonathan was not turned back, the sword of Saul did not come back unused.|en
44|1|23|23|掃羅和約拿單─活時相悅相愛，死時也不分離─他們比鷹更快，比獅子還強。|zh
45|1|23|23|Saul and Jonathan were loved and pleasing; in their lives and in their death they were not parted; they went more quickly than eagles, they were stronger than lions.|en
46|1|24|24|以色列的女子啊，當為掃羅哭號！他曾使你們穿朱紅色的美衣，使你們衣服有黃金的妝飾。|zh
47|1|24|24|O daughters of Israel, have sorrow for Saul, by whom you were delicately clothed in robes of red, with ornaments of gold on your dresses.|en
48|1|25|25|英雄何竟在陣上仆倒！約拿單何竟在山上被殺！|zh
49|1|25|25|How have the great ones been made low in the fight! Jonathan is dead on your high places.|en
50|1|26|26|我兄約拿單哪，我為你悲傷！我甚喜悅你！你向我發的愛情奇妙非常，過於婦女的愛情。|zh
51|1|26|26|I am full of grief for you, my brother Jonathan: very dear have you been to me: your love for me was a wonder, greater than the love of women.|en
52|1|27|27|英雄何竟仆倒！戰具何竟滅沒！|zh
53|1|27|27|How have the great ones been made low, and the arms of war broken!|en
54|2|1|1|此後，大衛問耶和華說：我上猶大的一個城去可以麼？耶和華說：可以。大衛說：我上哪一個城去呢？耶和華說：上希伯崙去。|zh
55|2|1|1|Now after this, David, questioning the Lord, said, Am I to go up into any of the towns of Judah? And the Lord said to him, Go up. And David said, Where am I to go? And he said, To Hebron.|en
56|2|2|2|於是大衛和他的兩個妻─一個是耶斯列人亞希暖，一個是作過迦密人拿八妻的亞比該─都上那裡去了。|zh
57|2|2|2|So David went there, taking with him his two wives, Ahinoam of Jezreel, and Abigail, the wife of Nabal of Carmel.|en
58|2|3|3|大衛也將跟隨他的人和他們各人的眷屬一同帶上去，住在希伯崙的城邑中。|zh
59|2|3|3|And David took all his men with him, every man with his family: and they were living in the towns round Hebron.|en
60|2|4|4|猶大人來到希伯崙，在那裡膏大衛作猶大家的王。有人告訴大衛說：葬埋掃羅的是基列雅比人。|zh
61|2|4|4|And the men of Judah came there, and with the holy oil made David king over the people of Judah. And word came to David that it was the men of Jabesh-gilead who put Saul's body in its last resting-place.|en
62|2|5|5|大衛就差人去見基列雅比人，對他們說：你們厚待你們的主─掃羅，將他葬埋。願耶和華賜福與你們！|zh
63|2|5|5|And David sent to the men of Jabesh-gilead and said to them, May the Lord give you his blessing, because you have done this kind act to Saul your lord, and have put his body to rest!|en
64|2|6|6|你們既行了這事，願耶和華以慈愛誠實待你們，我也要為此厚待你們。|zh
65|2|6|6|May the Lord be good and true to you: and I myself will see that your kind act is rewarded, because you have done this thing.|en
66|2|7|7|現在你們的主─掃羅死了，猶大家已經膏我作他們的王，所以你們要剛強奮勇。|zh
67|2|7|7|Then let your hands be strong, and have no fear: though Saul your lord is dead, the people of Judah have made me their king.|en
68|2|8|8|掃羅的元帥尼珥的兒子押尼珥，曾將掃羅的兒子伊施波設帶過河，到瑪哈念，|zh
69|2|8|8|Now Abner, the son of Ner, captain of Saul's army, had taken Saul's son Ish-bosheth over to Mahanaim,|en
70|2|9|9|立他作王，治理基列、亞書利、耶斯列、以法蓮、便雅憫，和以色列眾人。|zh
71|2|9|9|And made him king over Gilead and the Asherites and over Jezreel and Ephraim and Benjamin, that is, over all Israel.|en
72|2|10|10|掃羅的兒子伊施波設登基的時候年四十歲，作以色列王二年；惟獨猶大家歸從大衛。|zh
73|2|10|10|(Saul's son Ish-bosheth was forty years old when he became king over Israel, and he was ruler for two years.) But Judah was on the side of David.|en
74|2|11|11|大衛在希伯崙作猶大家的王，共七年零六個月。|zh
75|2|11|11|And the time when David was king in Hebron over the people of Judah was seven years and six months.|en
76|2|12|12|尼珥的兒子押尼珥和掃羅的兒子伊施波設的僕人從瑪哈念出來，往基遍去。|zh
77|2|12|12|And Abner, the son of Ner, with the servants of Saul's son Ish-bosheth, went out from Mahanaim to Gibeon.|en
78|2|13|13|洗魯雅的兒子約押和大衛的僕人也出來，在基遍池旁與他們相遇；一班坐在池這邊，一班坐在池那邊。|zh
79|2|13|13|And Joab, the son of Zeruiah, and the servants of David, went out and came face to face with them by the pool of Gibeon; and they took up their position, facing one another on opposite sides of the pool.|en
80|2|14|14|押尼珥對約押說：讓少年人起來，在我們面前戲耍罷！約押說：可以。|zh
81|2|14|14|And Abner said to Joab, Let the young men give a test of their strength before us. And Joab said, Let them do so.|en
82|2|15|15|就按著定數起來：屬掃羅兒子伊施波設的便雅憫人過去十二名，大衛的僕人也過去十二名，|zh
83|2|15|15|So they got up and went over by number: twelve for Benjamin and Ish-bosheth and twelve of the servants of David.|en
84|2|16|16|彼此揪頭，用刀刺肋，一同仆倒。所以，那地叫作希利甲哈素林，就在基遍。|zh
85|2|16|16|And every one got the other by the head, driving his sword into the other's side, so they all went down together: and that place was named the Field of Sides, and it is in Gibeon.|en
86|2|17|17|那日的戰事凶猛，押尼珥和以色列人敗在大衛的僕人面前。|zh
87|2|17|17|And there was hard fighting that day; and Abner and the men of Israel gave way before the servants of David.|en
88|2|18|18|在那裡有洗魯雅的三個兒子：約押、亞比篩、亞撒黑。亞撒黑腳快如野鹿一般；|zh
89|2|18|18|There were three sons of Zeruiah there, Joab and Abishai and Asahel: and Asahel was as quick-footed as a roe of the fields.|en
90|2|19|19|亞撒黑追趕押尼珥，直追趕他不偏左右。|zh
91|2|19|19|Asahel went running after Abner, not turning to the right or to the left.|en
92|2|20|20|押尼珥回頭說：你是亞撒黑麼？回答說：是。|zh
93|2|20|20|Then Abner, looking back, said, Is it you, Asahel? And he said, It is I.|en
94|2|21|21|押尼珥對他說：你或轉向左轉向右，拿住一個少年人，剝去他的戰衣。亞撒黑卻不肯轉開不追趕他。|zh
95|2|21|21|And Abner said, Then go to the right or to the left and put your hands on one of the fighting-men and take his arms. But Asahel would not be turned away from going after Abner.|en
96|2|22|22|押尼珥又對亞撒黑說：你轉開不追趕我罷！我何必殺你呢？若殺你，有甚麼臉見你哥哥約押呢？|zh
97|2|22|22|Then again Abner said to Asahel, Go to one side, do not keep on coming after me: why will you make me put an end to you? for then I will be shamed before your brother Joab.|en
98|2|23|23|亞撒黑仍不肯轉開。故此，押尼珥就用槍鐏刺入他的肚腹，甚至槍從背後透出，亞撒黑就在那裡仆倒而死。眾人趕到亞撒黑仆倒而死的地方，就都站住。|zh
99|2|23|23|But still he did not go to one side: so Abner gave him a back blow in the stomach with his spear, so that the spear came out at his back; and he went down on the earth, wounded to death: and all those who came to the place where Asahel went down dead, came to a stop.|en
100|2|24|24|約押和亞比篩追趕押尼珥，日落的時候，到了通基遍曠野的路旁，基亞對面的亞瑪山。|zh
101|2|24|24|But Joab and Abishai went after Abner: and the sun went down when they came to the hill of Ammah, which is to the east of the road through the waste land of Geba.|en
102|2|25|25|便雅憫人聚集，跟隨押尼珥站在一個山頂上。|zh
103|2|25|25|And the men of Benjamin came together after Abner in one band, and took their places on the top of a hill.|en
104|2|26|26|押尼珥呼叫約押說：刀劍豈可永遠殺人麼？你豈不知終久必有苦楚麼？你要等何時才叫百姓回去、不追趕弟兄呢？|zh
105|2|26|26|Then crying out to Joab, Abner said, Are fighting and destruction to go on for ever? do you not see that the end will only be bitter? how long will it be before you send the people back and make them give up attacking their countrymen?|en
106|2|27|27|約押說：我指著永生的神起誓：你若不說戲耍的那句話，今日早晨百姓就回去，不追趕弟兄了。|zh
107|2|27|27|And Joab said, By the living God, if you had not given the word, the people would have gone on attacking their countrymen till the morning.|en
108|2|28|28|於是約押吹角，眾民就站住，不再追趕以色列人，也不再打仗了。|zh
109|2|28|28|So Joab had a horn sounded, and all the people came to a stop, and gave up going after Israel and fighting them.|en
110|2|29|29|押尼珥和跟隨他的人整夜經過亞拉巴，過約但河，走過畢倫，到了瑪哈念。|zh
111|2|29|29|And all that night Abner and his men went through the Arabah; they went over Jordan and through all Bithron and came to Mahanaim.|en
112|2|30|30|約押追趕押尼珥回來，聚集眾民，見大衛的僕人中缺少了十九個人和亞撒黑。|zh
113|2|30|30|And Joab came back from fighting Abner: and when he had got all his men together, it was seen that nineteen of David's men, in addition to Asahel, were not with them.|en
114|2|31|31|但大衛的僕人殺了便雅憫人和跟隨押尼珥的人，共三百六十名。|zh
115|2|31|31|But David's men had put to death three hundred and sixty of the men of Benjamin and of Abner's men|en
116|2|32|32|眾人將亞撒黑送到伯利恆，葬在他父親的墳墓裡。約押和跟隨他的人走了一夜，天亮的時候到了希伯崙。|zh
117|2|32|32|And they took Asahel's body and put it in the last resting-place of his father in Beth-lehem. And Joab and his men, travelling all night, came to Hebron at dawn.|en
118|3|1|1|掃羅家和大衛家爭戰許久。大衛家日見強盛；掃羅家日見衰弱。|zh
119|3|1|1|Now there was a long war between Saul's people and David's people; and David became stronger and stronger, but those on Saul's side became more and more feeble.|en
120|3|2|2|大衛在希伯崙得了幾個兒子：長子暗嫩是耶斯列人亞希暖所生的；|zh
121|3|2|2|While David was in Hebron he became the father of sons: the oldest was Amnon, son of Ahinoam of Jezreel;|en
122|3|3|3|次子基利押（在歷代上三章一節作但以利）是作過迦密人拿八的妻亞比該所生的；三子押沙龍是基述王達買的女兒瑪迦所生的；|zh
123|3|3|3|And the second, Chileab, whose mother was Abigail, the wife of Nabal the Carmelite; and the third, Absalom, son of Maacah, the daughter of Talmai, king of Geshur;|en
124|3|4|4|四子亞多尼雅是哈及所生的；五子示法提雅是亞比他所生的；|zh
125|3|4|4|And the fourth, Adonijah, the son of Haggith; and the fifth, Shephatiah, the son of Abital;|en
126|3|5|5|六子以特念是大衛的妻以格拉所生的。大衛這六個兒子都是在希伯崙生的。|zh
127|3|5|5|And the sixth, Ithream, whose mother was David's wife Eglah. These were the sons of David, whose birth took place in Hebron.|en
128|3|6|6|掃羅家和大衛家爭戰的時候，押尼珥在掃羅家大有權勢。|zh
129|3|6|6|Now while there was war between Saul's people and David's people, Abner was making himself strong among the supporters of Saul.|en
130|3|7|7|掃羅有一妃嬪，名叫利斯巴，是愛亞的女兒。一日，伊施波設對押尼珥說：你為甚麼與我父的妃嬪同房呢？|zh
131|3|7|7|Now Saul had among his wives a woman named Rizpah, the daughter of Aiah: and Ish-bosheth said to Abner, Why have you taken my father's wife?|en
132|3|8|8|押尼珥因伊施波設的話就甚發怒，說：我豈是猶大的狗頭呢？我恩待你父掃羅的家和他的弟兄、朋友，不將你交在大衛手裡，今日你竟為這婦人責備我麼？|zh
133|3|8|8|And Abner was very angry at the words of Ish-bosheth, and he said, Am I a dog's head of Judah? I am this day doing all in my power for the cause of your father Saul and for his brothers and his friends, and have not given you up into the hands of David, and now you say I have done wrong with a woman.|en
134|3|9|9,10 |我若不照著耶和華起誓應許大衛的話行，廢去掃羅的位，建立大衛的位，使他治理以色列和猶大，從但直到別是巴，願神重重地降罰與我！|zh
135|3|9|9|May God's punishment be on Abner, if I do not for David as the Lord in his oath has said,|en
136|3|10|10|And if I do not take away the kingdom from the family of Saul and make David ruler over Israel and Judah from Dan as far as Beer-sheba!|en
137|3|11|11|伊施波設懼怕押尼珥，不敢回答一句。|zh
138|3|11|11|And so great was Ish-bosheth's fear of Abner that he was not able to say a word in answer.|en
139|3|12|12|押尼珥打發人去見大衛，替他說：這國歸誰呢？又說：你與我立約，我必幫助你，使以色列人都歸服你。|zh
140|3|12|12|And Abner sent men to David at Hebron, saying, Make an agreement with me, and I will give you my support in getting all Israel on your side.|en
141|3|13|13|大衛說：好！我與你立約。但有一件，你來見我面的時候，若不將掃羅的女兒米甲帶來，必不得見我的面。|zh
142|3|13|13|And he said, It is well; I will make an agreement with you, but on one condition, which is, that when you come before me, Saul's daughter Michal is to come with you; till she comes you will not see my face.|en
143|3|14|14|大衛就打發人去見掃羅的兒子伊施波設，說：你要將我的妻米甲歸還我；他是我從前用一百非利士人的陽皮所聘定的。|zh
144|3|14|14|And David sent men to Saul's son Ish-bosheth, saying, Give me back Michal, my wife, whom I made mine for the price of the private parts of a hundred Philistines.|en
145|3|15|15|伊施波設就打發人去，將米甲從拉億的兒子、他丈夫帕鐵那裡接回來。|zh
146|3|15|15|So Ish-bosheth sent and took her from her husband Paltiel, the son of Laish.|en
147|3|16|16|米甲的丈夫跟著他，一面走一面哭，直跟到巴戶琳。押尼珥說：你回去罷！帕鐵就回去了。|zh
148|3|16|16|And her husband went with her as far as Bahurim, weeping while he went. Then Abner said to him, Go back. And he went back.|en
149|3|17|17|押尼珥對以色列長老說：從前你們願意大衛作王治理你們，|zh
150|3|17|17|Then Abner had a talk with the chief men of Israel, saying, In the past it was your desire to make David your king: so now, do it:|en
151|3|18|18|現在你們可以照心願而行。因為耶和華曾論到大衛說：我必藉我僕人大衛的手，救我民以色列脫離非利士人和眾仇敵的手。|zh
152|3|18|18|For the Lord has said of David, By the hand of my servant David I will make my people Israel safe from the Philistines, and from all who are against them.|en
153|3|19|19|押尼珥也用這話說給便雅憫人聽，又到希伯崙，將以色列人和便雅憫全家一切所喜悅的事說給大衛聽。|zh
154|3|19|19|And Abner said the same things to Benjamin: and he went to David in Hebron to make clear to him what seemed good to Israel and to all the people of Benjamin.|en
155|3|20|20|押尼珥帶著二十個人來到希伯崙見大衛，大衛就為押尼珥和他帶來的人設擺筵席。|zh
156|3|20|20|So Abner, with twenty men, came to Hebron, to David. And David made a feast for Abner and the men who were with him.|en
157|3|21|21|押尼珥對大衛說：我要起身去招聚以色列眾人來見我主我王，與你立約，你就可以照著心願作王。於是大衛送押尼珥去，押尼珥就平平安安地去了。|zh
158|3|21|21|And Abner said to David, Now I will go, and make all Israel come to my lord the king, so that they may make an agreement with you, and your kingdom may be as wide as your heart's desire. Then David sent Abner away and he went in peace.|en
159|3|22|22|約押和大衛的僕人攻擊敵軍，帶回許多的掠物。那時押尼珥不在希伯崙大衛那裡，因大衛已經送他去，他也平平安安地去了。|zh
160|3|22|22|Now the servants of David and Joab had been out attacking a band of armed men, and they came back with a great store of goods taken in the fight: but Abner was no longer in Hebron with David, for he had sent him away and he had gone in peace.|en
161|3|23|23|約押和跟隨他的全軍到了，就有人告訴約押說：尼珥的兒子押尼珥來見王，王送他去，他也平平安安地去了。|zh
162|3|23|23|When Joab and his men came, news was given them that Abner, the son of Ner, had come to the king, who had let him go away again in peace.|en
163|3|24|24|約押去見王說：你這是做甚麼呢？押尼珥來見你，你為何送他去，他就蹤影不見了呢？|zh
164|3|24|24|Then Joab came to the king, and said, What have you done? when Abner came to you why did you send him away and let him go?|en
165|3|25|25|你當曉得，尼珥的兒子押尼珥來是要誆哄你，要知道你的出入和你一切所行的事。|zh
166|3|25|25|Is it not clear to you that Abner, the son of Ner, came with deceit to get knowledge of your going out and your coming in and of all you are doing?|en
167|3|26|26|約押從大衛那裡出來，就打發人去追趕押尼珥，在西拉井追上他，將他帶回來，大衛卻不知道。|zh
168|3|26|26|And when Joab had come out from David, he sent men after Abner, and they overtook him at the water-spring of Sirah, and made him come back with them: but David had no knowledge of it.|en
169|3|27|27|押尼珥回到希伯崙，約押領他到城門的甕洞，假作要與他說機密話，就在那裡刺透他的肚腹，他便死了。這是報殺他兄弟亞撒黑的仇。|zh
170|3|27|27|And when Abner was back in Hebron, Joab took him on one side by the doorway of the town to have a word with him quietly, and there he gave him a wound in the stomach, causing his death in payment for the death of his brother Asahel.|en
171|3|28|28|大衛聽見了，就說：流尼珥的兒子押尼珥的血，這罪在耶和華面前必永不歸我和我的國。|zh
172|3|28|28|And when David had word of it he said, May I and my kingdom be clear for ever in the eyes of the Lord from the blood of Abner, the son of Ner:|en
173|3|29|29|願流他血的罪歸到約押頭上和他父的全家；又願約押家不斷有患漏症的，長大痲瘋的，架柺而行的，被刀殺死的，缺乏飲食的。|zh
174|3|29|29|May it come on the head of Joab and all his father's family: among the men of Joab's family may there ever be some who are diseased or lepers, or who do the work of women, or are put to the sword, or are wasted from need of food!|en
175|3|30|30|約押和他兄弟亞比篩殺了押尼珥，是因押尼珥在基遍爭戰的時候殺了他們的兄弟亞撒黑。|zh
176|3|30|30|So Joab and Abishai his brother put Abner to death, because he had put to death their brother Asahel in the fight at Gibeon.|en
177|3|31|31|大衛吩咐約押和跟隨他的眾人說：你們當撕裂衣服，腰束麻布，在押尼珥棺前哀哭。大衛王也跟在棺後。|zh
178|3|31|31|And David said to Joab and all the people who were with him, Go in grief and put haircloth about you, in sorrow for Abner. And King David went after the dead body.|en
179|3|32|32|他們將押尼珥葬在希伯崙。王在押尼珥的墓旁放聲而哭，眾民也都哭了。|zh
180|3|32|32|And they put Abner's body to rest in Hebron; and the king and all the people were weeping loudly by the resting-place of Abner's body.|en
181|3|33|33|王為押尼珥舉哀，說：押尼珥何竟像愚頑人死呢？|zh
182|3|33|33|And the king made a song of grief for Abner and said, Was the death of Abner to be like the death of a foolish man?|en
183|3|34|34|你手未曾捆綁，腳未曾鎖住。你死，如人死在罪孽之輩手下一樣。於是眾民又為押尼珥哀哭。|zh
184|3|34|34|Your hands were free, your feet were not chained: like the downfall of a man before evil men, so was your fall. And the weeping of the people over him went on again.|en
185|3|35|35|日頭未落的時候，眾民來勸大衛吃飯，但大衛起誓說：我若在日頭未落以前吃飯，或吃別物，願神重重地降罰與我！|zh
186|3|35|35|And the people came to make David take food, while it was still day, but David with an oath said, May God's punishment be on me if I take a taste of bread or any other thing till the sun has gone down!|en
187|3|36|36|眾民知道了就都喜悅。凡王所行的，眾民無不喜悅。|zh
188|3|36|36|And all the people took note of it and were pleased: like everything the king did, it was pleasing to the people.|en
189|3|37|37|那日，以色列眾民才知道殺尼珥的兒子押尼珥並非出於王意。|zh
190|3|37|37|So it was clear to Israel and to all the people on that day that the king was not responsible for the death of Abner, the son of Ner.|en
191|3|38|38|王對臣僕說：你們豈不知今日以色列人中死了一個作元帥的大丈夫麼？|zh
192|3|38|38|And the king said to his servants, Do you not see that a chief and a great man has come to his end today in Israel?|en
193|3|39|39|我雖然受膏為王，今日還是軟弱；這洗魯雅的兩個兒子比我剛強。願耶和華照著惡人所行的惡報應他。|zh
194|3|39|39|While I, though I am crowned king, have little strength, and these men, the sons of Zeruiah, are out of my control: may the Lord give to the evil-doer the reward of his evil-doing!|en
195|4|1|1|掃羅的兒子伊施波設聽見押尼珥死在希伯崙，手就發軟；以色列眾人也都驚惶|zh
196|4|1|1|And when Saul's son Ish-bosheth had news that Abner was dead in Hebron, his hands became feeble, and all the Israelites were troubled.|en
197|4|2|2|掃羅的兒子伊施波設有兩個軍長，一名巴拿，一名利甲，是便雅憫支派、比錄人臨門的兒子。比錄也屬便雅憫。|zh
198|4|2|2|And Saul's son had two men, captains of bands, one named Baanah and the other Rechab, sons of Rimmon the Beerothite, of the tribe of Benjamin; (for Beeroth was at one time taken to be part of Benjamin:|en
199|4|3|3|比錄人早先逃到基他音，在那裡寄居，直到今日。|zh
200|4|3|3|But the people of Beeroth had gone in flight to Gittaim, where they have been living to this day.)|en
201|4|4|4|掃羅的兒子約拿單有一個兒子名叫米非波設，是瘸腿的。掃羅和約拿單死亡的消息從耶斯列傳到的時候，他才五歲。他乳母抱著他逃跑；因為跑得太急，孩子掉在地上，腿就瘸了。|zh
202|4|4|4|Now Jonathan, Saul's son, had a son whose feet were damaged. He was five years old when news of the death of Saul and Jonathan came from Jezreel, and the woman who took care of him took him up and went in flight: and while she was getting him away as quickly as she was able, he had a fall and his feet were damaged. His name was Mephibosheth.|en
203|4|5|5|一日，比錄人臨門的兩個兒子利甲和巴拿出去，約在午熱的時候到了伊施波設的家；伊施波設正睡午覺。|zh
204|4|5|5|And Rechab and Baanah, the sons of Rimmon the Beerothite, went out and came to the house of Ish-bosheth in the heat of the day, when he was resting in the middle of the day. Now the woman who kept the door was cleaning grain, and sleep overcame her.|en
205|4|6|6|他們進了房子，假作要取麥子，就刺透伊施波設的肚腹，逃跑了。|zh
206|4|6|6|And Rechab and his brother Baanah got in without being seen.|en
207|4|7|7|他們進房子的時候，伊施波設正在臥房裡躺在床上，他們將他殺死，割了他的首級，拿著首級在亞拉巴走了一夜，|zh
208|4|7|7|And when they came into the house, Ish-bosheth was stretched on his bed in his bedroom; and they made an attack on him and put him to death, and, cutting off his head, they took it with them and went by the road through the Arabah all night.|en
209|4|8|8|將伊施波設的首級拿到希伯崙見大衛王，說：王的仇敵掃羅曾尋索王的性命。看哪，這是他兒子伊施波設的首級；耶和華今日為我主我王在掃羅和他後裔的身上報了仇。|zh
210|4|8|8|And they took the head of Ish-bosheth to David in Hebron, and said to the king, Here is the head of Ish-bosheth, the son of Saul your hater, who would have taken your life; the Lord has taken payment for the wrongs of my lord the king from Saul and his seed today.|en
211|4|9|9|大衛對比錄人臨門的兒子利甲和他兄弟巴拿說：我指著救我性命脫離一切苦難、永生的耶和華起誓：|zh
212|4|9|9|And David made answer to Rechab and his brother Baanah, the sons of Rimmon the Beerothite, and said to them, By the living Lord, who has kept me safe from all my trouble,|en
213|4|10|10|從前有人報告我說，掃羅死了，他自以為報好消息；我就拿住他，將他殺在洗革拉，這就作了他報消息的賞賜。|zh
214|4|10|10|When one came to me with the news of Saul's death, in the belief that it would be good news, I took him and put him to death in Ziklag, which was the reward I gave him for his news:|en
215|4|11|11|何況惡人將義人殺在他的床上，我豈不向你們討流他血的罪、從世上除滅你們呢？|zh
216|4|11|11|How much more, when evil men have put an upright person to death, in his house, sleeping on his bed, will I take payment from you for his blood, and have you cut off from the earth?|en
217|4|12|12|於是大衛吩咐少年人將他們殺了，砍斷他們的手腳，掛在希伯崙的池旁，卻將伊施波設的首級葬在希伯崙押尼珥的墳墓裡。|zh
218|4|12|12|And David gave orders to his young men and they put them to death, cutting off their hands and their feet and hanging them up by the side of the pool in Hebron. But they took the head of Ish-bosheth and put it in its last resting-place with Abner's body in Hebron.|en
219|5|1|1|以色列眾支派來到希伯崙見大衛，說：我們原是你的骨肉。|zh
220|5|1|1|Then all the tribes of Israel came to David in Hebron and said, Truly, we are your bone and your flesh.|en
221|5|2|2|從前掃羅作我們王的時候，率領以色列人出入的是你；耶和華也曾應許你說：你必牧養我的民以色列，作以色列的君。|zh
222|5|2|2|In the past when Saul was king over us, it was you who went at the head of Israel when they went out or came in: and the Lord said to you, You are to be the keeper of my people Israel and their ruler.|en
223|5|3|3|於是以色列的長老都來到希伯崙見大衛王，大衛在希伯崙耶和華面前與他們立約，他們就膏大衛作以色列的王。|zh
224|5|3|3|So all the responsible men of Israel came to the king at Hebron; and King David made an agreement with them in Hebron before the Lord: and they put the holy oil on David and made him king over Israel.|en
225|5|4|4|大衛登基的時候年三十歲，在位四十年；|zh
226|5|4|4|David was thirty years old when he became king, and he was king for forty years,|en
227|5|5|5|在希伯崙作猶大王七年零六個月，在耶路撒冷作以色列和猶大王三十三年。|zh
228|5|5|5|Ruling over Judah in Hebron for seven years and six months, and in Jerusalem, over all Israel and Judah, for thirty-three years.|en
229|5|6|6|大衛和跟隨他的人到了耶路撒冷，要攻打住那地方的耶布斯人。耶布斯人對大衛說：你若不趕出瞎子、瘸子，必不能進這地方；心裡想大衛決不能進去。|zh
230|5|6|6|And the king and his men went to Jerusalem against the Jebusites, the people of the land: and they said to David, You will not come in here, but the blind and the feeble-footed will keep you out; for they said, David will not be able to come in here.|en
231|5|7|7|然而大衛攻取錫安的保障，就是大衛的城。|zh
232|5|7|7|But David took the strong place of Zion, which is the town of David.|en
233|5|8|8|當日，大衛說：誰攻打耶布斯人，當上水溝攻打我心裡所恨惡的瘸子、瞎子。從此有俗語說：在那裡有瞎子、瘸子，他不能進屋去。|zh
234|5|8|8|And that day David said, Whoever makes an attack on the Jebusites, let him go up by the water-pipe, and put to death all the blind and feeble-footed who are hated by David. And this is why they say, The blind and feeble-footed may not come into the house.|en
235|5|9|9|大衛住在保障裡，給保障起名叫大衛城。大衛又從米羅以裡，周圍築牆。|zh
236|5|9|9|So David took the strong tower for his living-place, naming it the town of David. And David took in hand the building of the town all round, starting from the Millo.|en
237|5|10|10|大衛日見強盛，因為耶和華─萬軍之神與他同在。|zh
238|5|10|10|And David became greater and greater; for the Lord, the God of armies, was with him.|en
239|5|11|11|推羅王希蘭將香柏木運到大衛那裡，又差遣使者和木匠、石匠給大衛建造宮殿。|zh
240|5|11|11|And Hiram, king of Tyre, sent men to David, with cedar-trees and woodworkers and stoneworkers: and they made David a house.|en
241|5|12|12|大衛就知道耶和華堅立他作以色列王，又為自己的民以色列使他的國興旺。|zh
242|5|12|12|And David saw that the Lord had made his position safe as king over Israel, and that he had made his kingdom great because of his people Israel.|en
243|5|13|13|大衛離開希伯崙之後，在耶路撒冷又立后妃，又生兒女。|zh
244|5|13|13|And David took more women and wives in Jerusalem, after he had come from Hebron: and he had more sons and daughters.|en
245|5|14|14|在耶路撒冷所生的兒子是沙母亞、朔罷、拿單、所羅門、|zh
246|5|14|14|These are the names of those whose birth took place in Jerusalem: Shammua and Shobab and Nathan and Solomon|en
247|5|15|15|益轄、以利書亞、尼斐、雅非亞、|zh
248|5|15|15|And Ibhar and Elishua and Nepheg and Japhia|en
249|5|16|16|以利沙瑪、以利雅大、以利法列。|zh
250|5|16|16|And Elishama and Eliada and Eliphelet.|en
251|5|17|17|非利士人聽見人膏大衛作以色列王，非利士人就上來尋索大衛；大衛聽見，就下到保障。|zh
252|5|17|17|And when the Philistines had news that David had been made king over Israel, they all went up in search of David; and David, hearing of it, went down to the strong place.|en
253|5|18|18|非利士人來了，布散在利乏音谷。|zh
254|5|18|18|And when the Philistines came, they went in every direction in the valley of Rephaim.|en
255|5|19|19|大衛求問耶和華說：我可以上去攻打非利士人麼？你將他們交在我手裡麼？耶和華說：你可以上去，我必將非利士人交在你手裡。|zh
256|5|19|19|And David, desiring directions from the Lord, said, Am I to go up against the Philistines? will you give them up into my hands? And the Lord said, Go up, for I will certainly give up the Philistines into your hands.|en
257|5|20|20|大衛來到巴力毗拉心，在那裡擊殺非利士人，說：耶和華在我面前沖破敵人，如同水沖去一般。因此稱那地方為巴力毗拉心。|zh
258|5|20|20|And David went to Baal-perazim, and overcame them there; and he said, The Lord has let the forces fighting against me be broken before me as a wall is broken by rushing waters. So that place was named Baal-perazim.|en
259|5|21|21|非利士人將偶像撇在那裡，大衛和跟隨他的人拿去了。|zh
260|5|21|21|And the Philistines, when they went in flight, did not take their images with them, and David and his men took them away.|en
261|5|22|22|非利士人又上來，布散在利乏音谷。|zh
262|5|22|22|And the Philistines came up again, and went in every direction in the valley of Rephaim.|en
263|5|23|23|大衛求問耶和華；耶和華說：不要一直地上去，要轉到他們後頭，從桑林對面攻打他們。|zh
264|5|23|23|And when David went for directions to the Lord, he said, You are not to go up against them in front; but make a circle round them from the back and come on them opposite the spice-trees.|en
265|5|24|24|你聽見桑樹梢上有腳步的聲音，就要急速前去，因為那時耶和華已經在你前頭去攻打非利士人的軍隊。|zh
266|5|24|24|Then at the sound of footsteps in the tops of the trees, go forward quickly, for the Lord has gone out before you to overcome the army of the Philistines.|en
267|5|25|25|大衛就遵著耶和華所吩咐的去行，攻打非利士人，從迦巴直到基色。|zh
268|5|25|25|And David did as the Lord had said; and he overcame the Philistines, attacking them from Gibeon to near Gezer.|en
269|6|1|1|大衛又聚集以色列中所有挑選的人三萬。|zh
270|6|1|1|And David got together all the fighting-men of Israel to the number of thirty thousand;|en
271|6|2|2|大衛起身，率領跟隨他的眾人前往，要從巴拉猶大將神的約櫃運來；這約櫃就是坐在二基路伯上萬軍之耶和華留名的約櫃。|zh
272|6|2|2|And David, and all the people who were with him, went to Baal of Judah to get the ark of God, over which the holy name is named, the name of the Lord of armies, whose place is between the winged ones.|en
273|6|3|3|他們將神的約櫃從岡上亞比拿達的家裡抬出來，放在新車上；亞比拿達的兩個兒子烏撒和亞希約趕這新車。|zh
274|6|3|3|And they put the ark of God on a new cart and took it out of the house of Abinadab which was on the hill: and Uzzah and Ahio, the sons of Abinadab, were the drivers of the cart.|en
275|6|4|4|他們將神的約櫃從岡上亞比拿達家裡抬出來的時候，亞希約在櫃前行走。|zh
276|6|4|4|And Uzzah went by the side of the ark, while Ahio went before it.|en
277|6|5|5|大衛和以色列的全家在耶和華面前，用松木製造的各樣樂器和琴、瑟、鼓、鈸、鑼，作樂跳舞。|zh
278|6|5|5|And David and all the men of Israel made melody before the Lord with all their power, with songs and with corded instruments and instruments of brass.|en
279|6|6|6|到了拿艮的禾場，因為牛失前蹄（或譯：驚跳），烏撒就伸手扶住神的約櫃。|zh
280|6|6|6|And when they came to Nacon's grain-floor, Uzzah put his hand on the ark of God to keep it safe in its place, for the oxen were out of control.|en
281|6|7|7|神耶和華向烏撒發怒，因這錯誤擊殺他，他就死在神的約櫃旁。|zh
282|6|7|7|And the wrath of the Lord, burning against Uzzah, sent destruction on him because he had put his hand on the ark, and death came to him there by the ark of God.|en
283|6|8|8|大衛因耶和華擊殺（原文是闖殺）烏撒，心裡愁煩，就稱那地方為毗列斯烏撒，直到今日。|zh
284|6|8|8|And David was angry because of the Lord's outburst of wrath against Uzzah: and he gave that place the name Perez-uzzah, which is its name to this day.|en
285|6|9|9|那日，大衛懼怕耶和華，說：耶和華的約櫃怎可運到我這裡來？|zh
286|6|9|9|And such was David's fear of the Lord that day, that he said, How may I let the ark of God come to me?|en
287|6|10|10|於是大衛不肯將耶和華的約櫃運進大衛的城，卻運到迦特人俄別以東的家中。|zh
288|6|10|10|So David did not let the ark of the Lord come back to him to the town of David: but had it turned away and put into the house of Obed-edom the Gittite.|en
289|6|11|11|耶和華的約櫃在迦特人俄別以東家中三個月；耶和華賜福給俄別以東和他的全家。|zh
290|6|11|11|And the ark of the Lord was in the house of Obed-edom the Gittite for three months: and the Lord sent a blessing on Obed-edom and all his family.|en
291|6|12|12|有人告訴大衛王說：耶和華因為約櫃賜福給俄別以東的家和一切屬他的。大衛就去，歡歡喜喜地將神的約櫃從俄別以東家中抬到大衛的城裡。|zh
292|6|12|12|And they said to King David, The blessing of the Lord is on the family of Obed-edom and on all he has, because of the ark of God. And David went and took the ark of God from the house of Obed-edom into the town of David with joy.|en
293|6|13|13|抬耶和華約櫃的人走了六步，大衛就獻牛與肥羊為祭。|zh
294|6|13|13|And when those who were lifting the ark of the Lord had gone six steps, he made an offering of an ox and a fat young beast.|en
295|6|14|14|大衛穿著細麻布的以弗得，在耶和華面前極力跳舞。|zh
296|6|14|14|And David, clothed in a linen ephod, was dancing before the Lord with all his strength.|en
297|6|15|15|這樣，大衛和以色列的全家歡呼吹角，將耶和華的約櫃抬上來。|zh
298|6|15|15|So David and all the men of Israel took up the ark of the Lord with cries of joy and sounding of horns.|en
299|6|16|16|耶和華的約櫃進了大衛城的時候，掃羅的女兒米甲從窗戶裡觀看，見大衛王在耶和華面前踴躍跳舞，心裡就輕視他。|zh
300|6|16|16|And when the ark of the Lord came into the town of David, Michal, Saul's daughter, looking out of the window, saw King David dancing and jumping before the Lord; and to her mind he seemed foolish.|en
301|6|17|17|眾人將耶和華的約櫃請進去，安放在所預備的地方，就是在大衛所搭的帳幕裡。大衛在耶和華面前獻燔祭和平安祭。|zh
302|6|17|17|And they took in the ark of the Lord, and put it in its place inside the tent which David had put up for it: and David made burned offerings and peace-offerings to the Lord.|en
303|6|18|18|大衛獻完了燔祭和平安祭，就奉萬軍之耶和華的名給民祝福，|zh
304|6|18|18|And after David had made the burned offerings and the peace-offerings, he gave the people a blessing in the name of the Lord of armies.|en
305|6|19|19|並且分給以色列眾人，無論男女，每人一個餅，一塊肉，一個葡萄餅；眾人就各回各家去了。|zh
306|6|19|19|And he gave to every man and woman among all the people, among all the masses of Israel, a cake of bread and a measure of wine and a cake of dry grapes. Then all the people went away, every man to his house.|en
307|6|20|20|大衛回家要給眷屬祝福；掃羅的女兒米甲出來迎接他，說：以色列王今日在臣僕的婢女眼前露體，如同一個輕賤人無恥露體一樣，有好大的榮耀啊！|zh
308|6|20|20|Then David came back to give a blessing to his family. And Michal, Saul's daughter, came out to him and said, How full of glory was the king of Israel today, who let himself be seen uncovered by his servant-girls like a foolish person uncovering himself without shame!|en
309|6|21|21|大衛對米甲說：這是在耶和華面前；耶和華已揀選我，廢了你父和你父的全家，立我作耶和華民以色列的君，所以我必在耶和華面前跳舞。|zh
310|6|21|21|And David said to Michal, I was dancing before the Lord, who put me over your father and all his sons, to make me a ruler over the people of the Lord, over his people Israel: and I will go on playing before the Lord;|en
311|6|22|22|我也必更加卑微，自己看為輕賤。你所說的那些婢女，他們倒要尊敬我。|zh
312|6|22|22|And I will do even worse than this, and make myself even lower in your eyes: but the servant-girls of whom you were talking will give me honour.|en
313|6|23|23|掃羅的女兒米甲，直到死日，沒有生養兒女。|zh
314|6|23|23|And Michal, Saul's daughter, had no child till the day of her death.|en
315|7|1|1|王住在自己宮中，耶和華使他安靖，不被四圍的仇敵擾亂。|zh
316|7|1|1|Now when the king was living in his house, and the Lord had given him rest from war on every side;|en
317|7|2|2|那時，王對先知拿單說：看哪，我住在香柏木的宮中，神的約櫃反在幔子裡。|zh
318|7|2|2|The king said to Nathan the prophet, See now, I am living in a house of cedar, but the ark of God is housed inside the curtains of a tent.|en
319|7|3|3|拿單對王說：你可以照你的心意而行，因為耶和華與你同在。|zh
320|7|3|3|And Nathan said to the king, Go and do whatever is in your heart; for the Lord is with you.|en
321|7|4|4|當夜，耶和華的話臨到拿單說：|zh
322|7|4|4|Now that night the word of the Lord came to Nathan, saying,|en
323|7|5|5|你去告訴我僕人大衛，說耶和華如此說：你豈可建造殿宇給我居住呢？|zh
324|7|5|5|Go and say to my servant David, The Lord says, Are you to be the builder of a house, a living-place for me?|en
325|7|6|6|自從我領以色列人出埃及直到今日，我未曾住過殿宇，常在會幕和帳幕中行走。|zh
326|7|6|6|For from the day when I took the children of Israel up out of Egypt till this day, I have had no house, but have gone from place to place in a tent.|en
327|7|7|7|凡我同以色列人所走的地方，我何曾向以色列一支派的士師，就是我吩咐牧養我民以色列的說：你們為何不給我建造香柏木的殿宇呢？|zh
328|7|7|7|In all the places where I went with all the children of Israel, did I ever say to any of the judges of Israel, to whom I gave the care of my people Israel, Why have you not made me a house of cedar?|en
329|7|8|8|現在，你要告訴我僕人大衛，說萬軍之耶和華如此說：我從羊圈中將你召來，叫你不再跟從羊群，立你作我民以色列的君。|zh
330|7|8|8|Then say these words to my servant David, The Lord of armies says, I took you from the fields, from keeping the sheep, so that you might be a ruler over my people, over my people Israel:|en
331|7|9|9|你無論往哪裡去，我常與你同在，剪除你的一切仇敵。我必使你得大名，好像世上大大有名的人一樣。|zh
332|7|9|9|And I have been with you wherever you went, cutting off before you all those who were against you; and I will make your name great, like the name of the greatest ones of the earth.|en
333|7|10|10|我必為我民以色列選定一個地方，栽培他們，使他們住自己的地方，不再遷移；凶惡之子也不像從前擾害他們，|zh
334|7|10|10|And I will make a resting-place for my people Israel, planting them there, so that they may be living in the place which is theirs, and never again be moved; and never again will they be troubled by evil men as they were at the first,|en
335|7|11|11|並不像我命士師治理我民以色列的時候一樣。我必使你安靖，不被一切仇敵擾亂，並且我─耶和華應許你，必為你建立家室。|zh
336|7|11|11|From the time when I put judges over my people Israel; and I will give you peace from all who are against you. And the Lord says to you that he will make you the head of a line of kings.|en
337|7|12|12|你壽數滿足、與你列祖同睡的時候，我必使你的後裔接續你的位；我也必堅定他的國。|zh
338|7|12|12|And when the time comes for you to go to rest with your fathers, I will put in your place your seed after you, the offspring of your body, and I will make his kingdom strong.|en
339|7|13|13|他必為我的名建造殿宇；我必堅定他的國位，直到永遠。|zh
340|7|13|13|He will be the builder of a house for my name, and I will make the seat of his authority certain for ever.|en
341|7|14|14|我要作他的父，他要作我的子；他若犯了罪，我必用人的杖責打他，用人的鞭責罰他。|zh
342|7|14|14|I will be to him a father and he will be to me a son: if he does wrong, I will give him punishment with the rod of men and with the blows of the children of men;|en
343|7|15|15|但我的慈愛仍不離開他，像離開在你面前所廢棄的掃羅一樣。|zh
344|7|15|15|But my mercy will not be taken away from him, as I took it from him who was before you.|en
345|7|16|16|你的家和你的國必在我（原文是你）面前永遠堅立。你的國位也必堅定，直到永遠。|zh
346|7|16|16|And your family and your kingdom will keep their place before me for ever: the seat of your authority will never be overturned.|en
347|7|17|17|拿單就按這一切話，照這默示，告訴大衛。|zh
348|7|17|17|So Nathan gave David an account of all these words and this vision.|en
349|7|18|18|於是大衛王進去，坐在耶和華面前，說：主耶和華啊，我是誰？我的家算甚麼？你竟使我到這地步呢？|zh
350|7|18|18|Then David the king went in and took his seat before the Lord, and said, Who am I, O Lord God, and what is my family, that you have been my guide till now?|en
351|7|19|19|主耶和華啊，這在你眼中還看為小，又應許你僕人的家至於久遠。主耶和華啊，這豈是人所常遇的事麼？|zh
352|7|19|19|And this was only a small thing to you, O Lord God; but your words have even been about the far-off future of your servant's family, O Lord God!|en
353|7|20|20|主耶和華啊，我還有何言可以對你說呢？因為你知道你的僕人。|zh
354|7|20|20|What more may David say to you? for you have knowledge of your servant, O Lord God.|en
355|7|21|21|你行這大事使僕人知道，是因你所應許的話，也是照你的心意。|zh
356|7|21|21|Because of your word and from your heart, you have done all this great work, and let your servant see it.|en
357|7|22|22|主耶和華啊，你本為大，照我們耳中聽見，沒有可比你的；除你以外再無神。|zh
358|7|22|22|Truly you are great, O Lord God: there is no one like you and no other God but you, as is clear from everything which has come to our ears.|en
359|7|23|23|世上有何民能比你的民以色列呢？你從埃及救贖他們作自己的子民，又在你贖出來的民面前行大而可畏的事，驅逐列邦人和他們的神，顯出你的大名。|zh
360|7|23|23|And what other nation in the earth, like your people Israel, did a god go out to take for himself, to be his people, and to make a name for himself, and to do great and strange things for them, driving out a nation and its gods from before his people?|en
361|7|24|24|你曾堅立你的民以色列作你的子民，直到永遠；你─耶和華也作了他們的神。|zh
362|7|24|24|But you took and made strong for yourself your people Israel, to be your people for ever; and you, Lord, became their God.|en
363|7|25|25|耶和華神啊，你所應許僕人和僕人家的話，求你堅定，直到永遠；照你所說的而行。|zh
364|7|25|25|And now, O Lord God, may the word which you have said about your servant and about his family, be made certain for ever, and may you do as you have said!|en
365|7|26|26|願人永遠尊你的名為大，說：萬軍之耶和華是治理以色列的神。這樣，你僕人大衛的家必在你面前堅立。|zh
366|7|26|26|And let your name be made great for ever, and let men say, The Lord of armies is God over Israel: and let the family of David your servant be made strong before you!|en
367|7|27|27|萬軍之耶和華─以色列的神啊，因你啟示你的僕人說：我必為你建立家室，所以僕人大膽向你如此祈禱。|zh
368|7|27|27|For you, O Lord of armies, the God of Israel, have clearly said to your servant, I will make you the head of a family of kings: and so it has come into your servant's heart to make this prayer to you.|en
369|7|28|28|主耶和華啊，惟有你是神。你的話是真實的；你也應許將這福氣賜給僕人。|zh
370|7|28|28|And now, O Lord God, you are God and your words are true and you have said you will give your servant this good thing;|en
371|7|29|29|現在求你賜福與僕人的家，可以永存在你面前。主耶和華啊，這是你所應許的。願你永遠賜福與僕人的家！|zh
372|7|29|29|So may it be your pleasure to give your blessing to the family of your servant, so that it may go on for ever before you: (for you, O Lord God, have said it,) and may your blessing be on your servant's family line for ever!|en
373|8|1|1|此後，大衛攻打非利士人，把他們治服，從他們手下奪取了京城的權柄（原文是母城的嚼環）；|zh
374|8|1|1|And it came about after this that David made an attack on the Philistines and overcame them; and David took the authority of the mother-town from the hands of the Philistines.|en
375|8|2|2|又攻打摩押人，使他們躺臥在地上，用繩量一量：量二繩的殺了，量一繩的存留。摩押人就歸服大衛，給他進貢。|zh
376|8|2|2|And he overcame the Moabites, and he had them measured with a line when they were stretched out on the earth; marking out two lines for death and one full line for life. So the Moabites became servants to David and gave him offerings.|en
377|8|3|3|瑣巴王利合的兒子哈大底謝往大河去，要奪回他的國權。大衛就攻打他，|zh
378|8|3|3|And David overcame Hadadezer, the son of Rehob, king of Zobah, when he went to make his power seen by the River.|en
379|8|4|4|擒拿了他的馬兵一千七百，步兵二萬，將拉戰車的馬砍斷蹄筋，但留下一百輛車.的馬。|zh
380|8|4|4|And David took from him one thousand, seven hundred horsemen and twenty thousand footmen: and David had the leg-muscles of the horses cut, only keeping enough of them for a hundred war-carriages.|en
381|8|5|5|大馬色的亞蘭人來幫助瑣巴王哈大底謝，大衛就殺了亞蘭人二萬二千。|zh
382|8|5|5|And when the Aramaeans of Damascus came to the help of Hadadezer, king of Zobah, David put to the sword twenty-two thousand of the Aramaeans.|en
383|8|6|6|於是大衛在大馬色的亞蘭地設立防營，亞蘭人就歸服他，給他進貢。大衛無論往哪裡去，耶和華都使他得勝。|zh
384|8|6|6|And David put armed forces in Aram of Damascus: and the Aramaeans became servants to David and gave him offerings. And the Lord made David overcome wherever he went.|en
385|8|7|7|他奪了哈大底謝臣僕所拿的金盾牌，帶到耶路撒冷。|zh
386|8|7|7|And David took their gold body-covers from the servants of Hadadezer and took them to Jerusalem.|en
387|8|8|8|大衛王又從屬哈大底謝的比他和比羅他城中奪取了許多的銅。|zh
388|8|8|8|And from Tebah and Berothai, towns of Hadadezer, King David took a great store of brass.|en
389|8|9|9|哈馬王陀以聽見大衛殺敗哈大底謝的全軍，|zh
390|8|9|9|And when Tou, king of Hamath, had news that David had overcome all the army of Hadadezer,|en
391|8|10|10|就打發他兒子約蘭去見大衛王，問他的安，為他祝福，因為他殺敗了哈大底謝（原來陀以與哈大底謝常常爭戰）。約蘭帶了金銀銅的器皿來，|zh
392|8|10|10|He sent his son Hadoram to David, with words of peace and blessing, because he had overcome Hadadezer in the fight, for Hadadezer had wars with Tou; and Hadoram took with him vessels of silver and gold and brass:|en
393|8|11|11|大衛王將這些器皿和他治服各國所得來的金銀都分別為聖，獻給耶和華，|zh
394|8|11|11|These King David made holy to the Lord, together with the silver and gold which he had taken from the nations he had overcome--|en
395|8|12|12|就是從亞蘭、摩押、亞捫、非利士、亞瑪力人所得來的，以及從瑣巴王利合的兒子哈大底謝所掠之物。|zh
396|8|12|12|The nations of Edom and Moab, and the children of Ammon and the Philistines and the Amalekites and the goods he had taken from Hadadezer, the son of Rehob, king of Zobah.|en
397|8|13|13|大衛在鹽谷擊殺了亞蘭（或譯：以東，見詩篇六十篇詩題）一萬八千人回來，就得了大名；|zh
398|8|13|13|And David got great honour for himself, when he came back, by the destruction of Edom in the valley of Salt, to the number of eighteen thousand men.|en
399|8|14|14|又在以東全地設立防營，以東人就都歸服大衛。大衛無論往哪裡去，耶和華都使他得勝。|zh
400|8|14|14|And he put armed forces in Edom; all through Edom he had armed forces stationed, and all the Edomites became servants to David. And the Lord made David overcome wherever he went.|en
401|8|15|15|大衛作以色列眾人的王，又向眾民秉公行義。|zh
402|8|15|15|And David was king over all Israel, judging and giving right decisions for all his people.|en
403|8|16|16|洗魯雅的兒子約押作元帥；亞希律的兒子約沙法作史官；|zh
404|8|16|16|And Joab, the son of Zeruiah, was chief of the army; and Jehoshaphat, the son of Ahilud, was keeper of the records;|en
405|8|17|17|亞希突的兒子撒督和亞比亞他的兒子亞希米勒作祭司長；西萊雅作書記；|zh
406|8|17|17|And Zadok and Abiathar, the son of Ahimelech, the son of Ahitub, were priests; and Seraiah was the scribe;|en
407|8|18|18|耶何耶大的兒子比拿雅統轄基利提人和比利提人。大衛的眾子都作領袖。|zh
408|8|18|18|And Benaiah, the son of Jehoiada, was over the Cherethites and the Pelethites; and David's sons were priests.|en
409|9|1|1|大衛問說：掃羅家還有剩下的人沒有？我要因約拿單的緣故向他施恩。|zh
410|9|1|1|And David said, Is there still anyone of Saul's family living, so that I may be a friend to him, because of Jonathan?|en
411|9|2|2|掃羅家有一個僕人，名叫洗巴，有人叫他來見大衛，王問他說：你是洗巴麼。回答說：僕人是。|zh
412|9|2|2|Now there was of Saul's people a servant named Ziba, and they sent him to David; and the king said to him, Are you Ziba? And he said, I am.|en
413|9|3|3|王說：掃羅家還有人沒有？我要照神的慈愛恩待他。洗巴對王說：還有約拿單的一個兒子，是瘸腿的。|zh
414|9|3|3|And the king said, Is there anyone of Saul's family still living, to whom I may be a friend in God's name? And Ziba said, There is a son of Jonathan, whose feet are damaged.|en
415|9|4|4|王說：他在哪裡？洗巴對王說：他在羅底巴，亞米利的兒子瑪吉家裡。|zh
416|9|4|4|And the king said to him, Where is he? And Ziba said to the king, He is in the house of Machir, the son of Ammiel, in Lo-debar.|en
417|9|5|5|於是大衛王打發人去，從羅底巴亞米利的兒子瑪吉家裡召了他來。|zh
418|9|5|5|Then King David sent, and had him taken from Lo-debar, from the house of Machir, the son of Ammiel.|en
419|9|6|6|掃羅的孫子、約拿單的兒子米非波設來見大衛，伏地叩拜。大衛說：米非波設！米非波設說：僕人在此。|zh
420|9|6|6|And Mephibosheth, the son of Jonathan, came to David, and falling down on his face, gave him honour. And David said, Mephibosheth. And answering he said, Your servant is here.|en
421|9|7|7|大衛說：你不要懼怕，我必因你父親約拿單的緣故施恩與你，將你祖父掃羅的一切田地都歸還你；你也可以常與我同席吃飯。|zh
422|9|7|7|And David said to him, Have no fear: for truly I will be good to you, because of your father Jonathan, and I will give back to you all the land which was Saul's; and you will have a place at my table at all times.|en
423|9|8|8|米非波設又叩拜，說：僕人算甚麼，不過如死狗一般，竟蒙王這樣眷顧！|zh
424|9|8|8|And he went down on his face before the king, and said, What is your servant, for you to take note of a dead dog such as I am?|en
425|9|9|9|王召了掃羅的僕人洗巴來，對他說：我已將屬掃羅和他的一切家產都賜給你主人的兒子了。|zh
426|9|9|9|Then the king sent for Ziba, Saul's servant, and said to him, All the property of Saul and of his family I have given to your master's son.|en
427|9|10|10|你和你的眾子、僕人要為你主人的兒子米非波設耕種田地，把所產的拿來供他食用；他卻要常與我同席吃飯。洗巴有十五個兒子，二十個僕人。|zh
428|9|10|10|And you and your sons and your servants are to take care of the land for him, and get in the fruit of it, so that your master's son may have food: but Mephibosheth, your master's son, will have a place at my table at all times. Now Ziba had fifteen sons and twenty servants.|en
429|9|11|11|洗巴對王說：凡我主我王吩咐僕人的，僕人都必遵行。王又說：米非波設必與我同席吃飯，如王的兒子一樣。|zh
430|9|11|11|Then Ziba said to the king, Every order which you have given to your servant will be done. As for Mephibosheth, he had a place at David's table, like one of the king's sons.|en
431|9|12|12|米非波設有一個小兒子，名叫米迦。凡住在洗巴家裡的人都作了米非波設的僕人。|zh
432|9|12|12|And Mephibosheth had a young son named Mica. And all the people living in the house of Ziba were servants to Mephibosheth.|en
433|9|13|13|於是米非波設住在耶路撒冷，常與王同席吃飯。他兩腿都是瘸的。|zh
434|9|13|13|So Mephibosheth went on living in Jerusalem; for he took all his meals at the king's table; and he had not the use of his feet.|en
435|10|1|1|此後，亞捫人的王死了，他兒子哈嫩接續他作王。|zh
436|10|1|1|Now after this, death came to the king of the children of Ammon, and Hanun, his son, became king in his place.|en
437|10|2|2|大衛說：我要照哈嫩的父親拿轄厚待我的恩典厚待哈嫩。於是大衛差遣臣僕，為他喪父安慰他。大衛的臣僕到了亞捫人的境內。|zh
438|10|2|2|And David said, I will be a friend to Hanun, the son of Nahash, as his father was a friend to me. So David sent his servants, to give him words of comfort on account of his father. And David's servants came into the land of the children of Ammon.|en
439|10|3|3|但亞捫人的首領對他們的主哈嫩說：大衛差人來安慰你，你想他是尊敬你父親麼？他差臣僕來不是詳察窺探、要傾覆這城麼？|zh
440|10|3|3|But the chiefs of the children of Ammon said to Hanun their lord, Does it seem to you that David is honouring your father by sending comforters to you? has he not sent his servants to go through the town and make secret observation of it, and overcome it?|en
441|10|4|4|哈嫩便將大衛臣僕的鬍鬚剃去一半，又割斷他們下半截的衣服，使他們露出下體，打發他們回去。|zh
442|10|4|4|So Hanun took David's servants, and after cutting off half the hair on their chins, and cutting off the skirts of their robes up to the middle, he sent them away.|en
443|10|5|5|有人告訴大衛，他就差人去迎接他們，（因為他們甚覺羞恥），告訴他們說：可以住在耶利哥，等到鬍鬚長起再回來。|zh
444|10|5|5|When David had news of it, he sent men out with the purpose of meeting them on their way, for the men were greatly shamed: and the king said, Go to Jericho till your hair is long again, and then come back.|en
445|10|6|6|亞捫人知道大衛憎惡他們，就打發人去，招募伯利合的亞蘭人和瑣巴的亞蘭人，步兵二萬，與瑪迦王的人一千、陀伯人一萬二千。|zh
446|10|6|6|And when the children of Ammon saw that they had made themselves hated by David, they sent to the Aramaeans of Beth-rehob and Zobah, and got for payment twenty thousand footmen, and they got from the king of Maacah a thousand men, and from Tob twelve thousand.|en
447|10|7|7|大衛聽見了，就差派約押統帶勇猛的全軍出去。|zh
448|10|7|7|And hearing of this, David sent Joab and all the army and the best fighting-men.|en
449|10|8|8|亞捫人出來，在城門前擺陣；瑣巴與利合的亞蘭人、陀伯人，並瑪迦人，另在郊野擺陣。|zh
450|10|8|8|And the children of Ammon came out and put their forces in position at the way into the town: and the Aramaeans of Zobah and of Rehob, with the men of Tob and Maacah, were by themselves in the field.|en
451|10|9|9|約押看見敵人在他前後擺陣，就從以色列軍中挑選精兵，使他們對著亞蘭人擺陣。|zh
452|10|9|9|Now when Joab saw that their forces were in position against him in front and at his back, he took the best of the men of Israel and put them in line against the Aramaeans;|en
453|10|10|10|其餘的兵交與他兄弟亞比篩，對著亞捫人擺陣。|zh
454|10|10|10|And the rest of the people he put in position against the children of Ammon, with Abishai, his brother, at their head.|en
455|10|11|11|約押對亞比篩說：亞蘭人若強過我，你就來幫助我；亞捫人若強過你，我就去幫助你。|zh
456|10|11|11|And he said, If the Aramaeans are stronger and get the better of me, then you are to come to my help; but if the children of Ammon get the better of you, I will come to your help.|en
457|10|12|12|我們都當剛強，為本國的民和神的城邑作大丈夫。願耶和華憑他的意旨而行！|zh
458|10|12|12|Take heart, and let us be strong for our people and for the towns of our God, and may the Lord do what seems good to him.|en
459|10|13|13|於是，約押和跟隨他的人前進攻打亞蘭人；亞蘭人在約押面前逃跑。|zh
460|10|13|13|Then Joab and the people with him went forward to the fight against the Aramaeans, and they went in flight before him.|en
461|10|14|14|亞捫人見亞蘭人逃跑，他們也在亞比篩面前逃跑進城。約押就離開亞捫人那裡，回耶路撒冷去了。|zh
462|10|14|14|And when the children of Ammon saw the flight of the Aramaeans, they themselves went in flight from Abishai, and came into the town. So Joab went back from fighting the children of Ammon and came to Jerusalem.|en
463|10|15|15|亞蘭人見自己被以色列人打敗，就又聚集。|zh
464|10|15|15|And when the Aramaeans saw that Israel had overcome them, they got themselves together.|en
465|10|16|16|哈大底謝差遣人，將大河那邊的亞蘭人調來；他們到了希蘭，哈大底謝的將軍朔法率領他們。|zh
466|10|16|16|And Hadadezer sent for the Aramaeans who were on the other side of the River: and they came to Helam, with Shobach, the captain of Hadadezer's army, at their head.|en
467|10|17|17|有人告訴大衛，他就聚集以色列眾人，過約但河，來到希蘭。亞蘭人迎著大衛擺陣，與他打仗。|zh
468|10|17|17|And word of this was given to David: and he got all Israel together and went over Jordan and came to Helam. And the Aramaeans put their forces in position against David, and made an attack on him.|en
469|10|18|18|亞蘭人在以色列人面前逃跑；大衛殺了亞蘭七百輛戰車的人，四萬馬兵，又殺了亞蘭的將軍朔法。|zh
470|10|18|18|And the Aramaeans went in flight before Israel; and David put to the sword the men of seven hundred Aramaean war-carriages and forty thousand footmen, and Shobach, the captain of the army, was wounded, and came to his death there.|en
471|10|19|19|屬哈大底謝的諸王見自己被以色列人打敗，就與以色列人和好，歸服他們。於是亞蘭人不敢再幫助亞捫人了。|zh
472|10|19|19|And when all the kings who were servants of Hadadezer saw that they were overcome by Israel, they made peace with Israel and became their servants. So the Aramaeans, in fear, gave no more help to the children of Ammon.|en
473|11|1|1|過了一年，到列王出戰的時候，大衛又差派約押，率領臣僕和以色列眾人出戰。他們就打敗亞捫人，圍攻拉巴。大衛仍住在耶路撒冷。|zh
474|11|1|1|Now in the spring, at the time when kings go out to war, David sent Joab and his servants and all Israel with him; and they made waste the land of the children of Ammon, and took up their position before Rabbah, shutting it in. But David was still at Jerusalem.|en
475|11|2|2|一日，太陽平西，大衛從床上起來，在王宮的平頂上遊行，看見一個婦人沐浴，容貌甚美，|zh
476|11|2|2|Now one evening, David got up from his bed, and while he was walking on the roof of the king's house, he saw from there a woman bathing; and the woman was very beautiful.|en
477|11|3|3|大衛就差人打聽那婦人是誰。有人說：他是以連的女兒，赫人烏利亞的妻拔示巴。|zh
478|11|3|3|And David sent to get knowledge who the woman was. And one said, Is this not Bath-sheba, the daughter of Eliam and wife of Uriah the Hittite?|en
479|11|4|4|大衛差人去，將婦人接來；那時他的月經才得潔淨。他來了，大衛與他同房，他就回家去了。|zh
480|11|4|4|And David sent and took her; and she came to him, and he took her to his bed: (for she had been made clean;) then she went back to her house.|en
481|11|5|5|於是他懷了孕，打發人去告訴大衛說：我懷了孕。|zh
482|11|5|5|And the woman became with child; and she sent word to David that she was with child.|en
483|11|6|6|大衛差人到約押那裡，說：你打發赫人烏利亞到我這裡來。約押就打發烏利亞去見大衛。|zh
484|11|6|6|And David sent to Joab saying, Send Uriah the Hittite to me. And Joab sent Uriah to David.|en
485|11|7|7|烏利亞來了，大衛問約押好，也問兵好，又問爭戰的事怎樣。|zh
486|11|7|7|And when Uriah came to him, David put questions to him about how Joab and the people were, and how the war was going.|en
487|11|8|8|大衛對烏利亞說：你回家去，洗洗腳罷！烏利亞出了王宮，隨後王送他一分食物。|zh
488|11|8|8|And David said to Uriah, Go down to your house and let your feet be washed. And Uriah went away from the king's house, and an offering from the king was sent after him.|en
489|11|9|9|烏利亞卻和他主人的僕人一同睡在宮門外，沒有回家去。|zh
490|11|9|9|But Uriah took his rest at the door of the king's house, with all the servants of his lord, and did not go down to his house.|en
491|11|10|10|有人告訴大衛說：烏利亞沒有回家去。大衛就問烏利亞說：你從遠路上來，為甚麼不回家去呢？|zh
492|11|10|10|And when word was given to David that Uriah had not gone down to his house, David said to Uriah, Have you not come from a journey? why did you not go down to your house?|en
493|11|11|11|烏利亞對大衛說：約櫃和以色列與猶大兵都住在棚裡，我主約押和我主（或譯：王）的僕人都在田野安營，我豈可回家吃喝、與妻子同寢呢？我敢在王面前起誓（原文是我指著王和王的性命起誓）：我決不行這事！|zh
494|11|11|11|And Uriah said to David, Israel and Judah with the ark are living in tents, and my lord Joab and the other servants of my lord are sleeping in the open field; and am I to go to my house and take food and drink, and go to bed with my wife? By the living Lord, and by the life of your soul, I will not do such a thing.|en
495|11|12|12|大衛吩咐烏利亞說：你今日仍住在這裡，明日我打發你去。於是烏利亞那日和次日住在耶路撒冷。|zh
496|11|12|12|And David said to Uriah, Be here today, and after that I will let you go. So Uriah was in Jerusalem that day and the day after.|en
497|11|13|13|大衛召了烏利亞來，叫他在自己面前吃喝，使他喝醉。到了晚上，烏利亞出去與他主的僕人一同住宿，還沒有回到家裡去。|zh
498|11|13|13|And when David sent for him, he took meat and drink with him, and David made him the worse for drink: and when evening came, he went to rest on his bed with the servants of his lord, but he did not go down to his house.|en
499|11|14|14|次日早晨，大衛寫信與約押，交烏利亞隨手帶去。|zh
500|11|14|14|Now in the morning, David gave Uriah a letter to take to Joab.|en
501|11|15|15|信內寫著說：要派烏利亞前進，到陣勢極險之處，你們便退後，使他被殺。|zh
502|11|15|15|And in the letter he said, Take care to put Uriah in the very front of the line, where the fighting is most violent, and go back from him, so that he may be overcome and put to death.|en
503|11|16|16|約押圍城的時候，知道敵人那裡有勇士，便將烏利亞派在那裡。|zh
504|11|16|16|So while Joab was watching the town, he put Uriah in the place where it was clear to him the best fighters were.|en
505|11|17|17|城裡的人出來和約押打仗；大衛的僕人中有幾個被殺的，赫人烏利亞也死了。|zh
506|11|17|17|And the men of the town went out and had a fight with Joab: and a number of David's men came to their death in the fight, and with them Uriah the Hittite.|en
507|11|18|18|於是，約押差人去將爭戰的一切事告訴大衛，|zh
508|11|18|18|Then Joab sent David news of everything which had taken place in the war:|en
509|11|19|19|又囑咐使者說：你把爭戰的一切事對王說完了，|zh
510|11|19|19|And he gave orders to the man who took the news, saying, After you have given the king all the news about the war,|en
511|11|20|20|王若發怒，問你說：你們打仗為甚麼挨近城牆呢？豈不知敵人必從城上射箭麼？|zh
512|11|20|20|If the king is angry and says, Why did you go so near the town for the fight? was it not certain that their archers would be on the wall?|en
513|11|21|21|從前打死耶路比設（就是耶路巴力，見士師記九章一節）兒子亞比米勒的是誰呢？豈不是一個婦人從城上拋下一塊上磨石來，打在他身上，他就死在提備斯麼？你們為甚麼挨近城牆呢？你就說：王的僕人─赫人烏利亞也死了。|zh
514|11|21|21|Who put Abimelech, the son of Jerubbaal, to death? did not a woman send a great stone down on him from the wall, putting him to death at Thebez? why did you go so near the wall? Then say to him, Your servant Uriah the Hittite is among the dead.|en
515|11|22|22|使者起身，來見大衛，照著約押所吩咐他的話奏告大衛。|zh
516|11|22|22|So the man went, and came to David, and gave him all the news which Joab had sent him to give; then David was angry with Joab and said, Why did you go so near the town for the fight? was it not certain that their archers would be on the wall? who put Abimelech, the son of Jerubbaal, to death? did not a woman send a great stone down on him from the wall, putting him to death at Thebez? why did you go so near the wall?|en
517|11|23|23|使者對大衛說：敵人強過我們，出到郊野與我們打仗，我們追殺他們，直到城門口。|zh
518|11|23|23|And the man said to David, Truly the men got the better of us, and came out against us into the open country, but we sent them back to the very doors of the town.|en
519|11|24|24|射箭的從城上射王的僕人，射死幾個，赫人烏利亞也死了。|zh
520|11|24|24|And the archers sent their arrows at your servants from the wall, and some of the king's servants are dead, and among them is your servant Uriah the Hittite.|en
521|11|25|25|王向使者說：你告訴約押說：不要因這事愁悶，刀劍或吞滅這人或吞滅那人，沒有一定的；你只管竭力攻城，將城傾覆。可以用這話勉勵約押。|zh
522|11|25|25|Then David said to the man, Go and say to Joab, Do not let this be a grief to you; for one man may come to his death by the sword like another: put up an even stronger fight against the town, and take it: and do you put heart into him.|en
523|11|26|26|烏利亞的妻聽見丈夫烏利亞死了，就為他哀哭。|zh
524|11|26|26|And when the wife of Uriah had news that her husband was dead, she gave herself up to weeping for him.|en
525|11|27|27|哀哭的日子過了，大衛差人將他接到宮裡，他就作了大衛的妻，給大衛生了一個兒子。但大衛所行的這事，耶和華甚不喜悅。|zh
526|11|27|27|And when the days of weeping were past, David sent for her, and took her into his house, and she became his wife and gave him a son. But the Lord was not pleased with the thing David had done.|en
527|12|1|1|耶和華差遣拿單去見大衛。拿單到了大衛那裡，對他說：在一座城裡有兩個人：一個是富戶，一個是窮人。|zh
528|12|1|1|And the Lord sent Nathan to David. And Nathan came to him and said, There were two men in the same town: one a man of great wealth, and the other a poor man.|en
529|12|2|2|富戶有許多牛群羊群；|zh
530|12|2|2|The man of wealth had great numbers of flocks and herds;|en
531|12|3|3|窮人除了所買來養活的一隻小母羊羔之外，別無所有。羊羔在他家裡和他兒女一同長大，吃他所吃的，喝他所喝的，睡在他懷中，在他看來如同女兒一樣。|zh
532|12|3|3|But the poor man had only one little she-lamb, which he had got and taken care of: from its birth it had been with him like one of his children; his meat was its food, and from his cup it took its drink, resting in his arms, and it was like a daughter to him.|en
533|12|4|4|有一客人來到這富戶家裡；富戶捨不得從自己的牛群羊群中取一隻預備給客人吃，卻取了那窮人的羊羔，預備給客人吃。|zh
534|12|4|4|Now a traveller came to the house of the man of wealth, but he would not take anything from his flock or his herd to make a meal for the traveller who had come to him, but he took the poor man's lamb and made it ready for the man who had come.|en
535|12|5|5|大衛就甚惱怒那人，對拿單說：我指著永生的耶和華起誓，行這事的人該死！|zh
536|12|5|5|And David was full of wrath against that man; and he said to Nathan, By the living Lord, death is the right punishment for the man who has done this:|en
537|12|6|6|他必償還羊羔四倍；因為他行這事，沒有憐恤的心。|zh
538|12|6|6|And he will have to give back four times the value of the lamb, because he has done this and because he had no pity.|en
539|12|7|7|拿單對大衛說：你就是那人！耶和華─以色列的神如此說：我膏你作以色列的王，救你脫離掃羅的手。|zh
540|12|7|7|And Nathan said to David, You are that man. The Lord God of Israel says, I made you king over Israel, putting holy oil on you, and I kept you safe from the hands of Saul;|en
541|12|8|8|我將你主人的家業賜給你，將你主人的妻交在你懷裡，又將以色列和猶大家賜給你；你若還以為不足，我早就加倍地賜給你。|zh
542|12|8|8|I gave you your master's daughter and your master's wives for yourself, and I gave you the daughters of Israel and Judah; and if that had not been enough, I would have given you such and such things.|en
543|12|9|9|你為甚麼藐視耶和華的命令，行他眼中看為惡的事呢？你借亞捫人的刀殺害赫人烏利亞，又娶了他的妻為妻。|zh
544|12|9|9|Why then have you had no respect for the word of the Lord, doing what is evil in his eyes? You have put Uriah the Hittite to death with the sword, and have taken his wife to be your wife; you have put him to death with the sword of the children of Ammon.|en
545|12|10|10|你既藐視我，娶了赫人烏利亞的妻為妻，所以刀劍必永不離開你的家。|zh
546|12|10|10|So now the sword will never be turned away from your family; because you have had no respect for me, and have taken the wife of Uriah the Hittite to be your wife.|en
547|12|11|11|耶和華如此說：我必從你家中興起禍患攻擊你；我必在你眼前把你的妃嬪賜給別人，他在日光之下就與他們同寢。|zh
548|12|11|11|The Lord says, From those of your family I will send evil against you, and before your very eyes I will take your wives and give them to your neighbour, and he will take your wives to his bed by the light of this sun.|en
549|12|12|12|你在暗中行這事，我卻要在以色列眾人面前，日光之下，報應你。|zh
550|12|12|12|You did it secretly; but I will do this thing before all Israel and in the light of the sun.|en
551|12|13|13|大衛對拿單說：我得罪耶和華了！拿單說：耶和華已經除掉你的罪，你必不至於死。|zh
552|12|13|13|And David said to Nathan, Great is my sin against the Lord. And Nathan said to David, The Lord has put away your sin; death will not come on you.|en
553|12|14|14|只是你行這事，叫耶和華的仇敵大得褻瀆的機會，故此，你所得的孩子必定要死。|zh
554|12|14|14|But still, because you have had no respect for the Lord, death will certainly overtake the child who has newly come to birth.|en
555|12|15|15|拿單就回家去了。耶和華擊打烏利亞妻給大衛所生的孩子，使他得重病。|zh
556|12|15|15|Then Nathan went back to his house. And the hand of the Lord was on David's son, the child of Uriah's wife, and it became very ill.|en
557|12|16|16|所以大衛為這孩子懇求神，而且禁食，進入內室，終夜躺在地上。|zh
558|12|16|16|So David made prayer to God for the child; and he took no food day after day, and went in and, stretching himself out on the earth, was there all night.|en
559|12|17|17|他家中的老臣來到他旁邊，要把他從地上扶起來，他卻不肯起來，也不同他們吃飯。|zh
560|12|17|17|And the chief men of his house got up and went to his side to make him get up from the earth, but he would not; and he would not take food with them.|en
561|12|18|18|到第七日，孩子死了。大衛的臣僕不敢告訴他孩子死了，因他們說：孩子還活著的時候，我們勸他，他尚且不肯聽我們的話，若告訴他孩子死了，豈不更加憂傷麼？|zh
562|12|18|18|And then on the seventh day the child's death took place. And David's servants were in fear of giving him the news of the child's death: for they said, Truly, while the child was still living he gave no attention when we said anything to him: what will he do to himself if we give him word that the child is dead?|en
563|12|19|19|大衛見臣僕彼此低聲說話，就知道孩子死了，問臣僕說：孩子死了麼？他們說：死了。|zh
564|12|19|19|But when David saw that his servants were talking together quietly, he was certain that the child was dead: and he said to his servants, Is the child dead? and they said, He is.|en
565|12|20|20|大衛就從地上起來，沐浴，抹膏，換了衣裳，進耶和華的殿敬拜；然後回宮，吩咐人擺飯，他便吃了。|zh
566|12|20|20|Then David got up from the earth, and after washing and rubbing himself with oil and changing his clothing, he went into the house of the Lord and gave worship: then he went back to his house, and at his order they put food before him and he had a meal.|en
567|12|21|21|臣僕問他說：你所行的是甚麼意思？孩子活著的時候，你禁食哭泣；孩子死了，你倒起來吃飯。|zh
568|12|21|21|Then his servants said to him, Why have you been acting in this way? you were weeping and going without food while the child was still living; but when the child was dead, you got up and had a meal.|en
569|12|22|22|大衛說：孩子還活著，我禁食哭泣；因為我想，或者耶和華憐恤我，使孩子不死也未可知。|zh
570|12|22|22|And he said, While the child was still living I went without food and gave myself up to weeping: for I said, Who is able to say that the Lord will not have mercy on me and give the child life?|en
571|12|23|23|孩子死了，我何必禁食，我豈能使他返回呢？我必往他那裡去，他卻不能回我這裡來。|zh
572|12|23|23|But now that the child is dead there is no reason for me to go without food; am I able to make him come back to life? I will go to him, but he will never come back to me.|en
573|12|24|24|大衛安慰他的妻拔示巴，與他同寢，他就生了兒子，給他起名叫所羅門。耶和華也喜愛他，|zh
574|12|24|24|And David gave comfort to his wife Bath-sheba, and he went in to her and had connection with her: and she had a son to whom she gave the name Solomon. And he was dear to the Lord.|en
575|12|25|25|就藉先知拿單賜他一個名字，叫耶底底亞，因為耶和華愛他。|zh
576|12|25|25|And he sent word by Nathan the prophet, who gave him the name Jedidiah, by the word of the Lord.|en
577|12|26|26|約押攻取亞捫人的京城拉巴。|zh
578|12|26|26|Now Joab was fighting against Rabbah, in the land of the children of Ammon, and he took the water-town.|en
579|12|27|27|約押打發使者去見大衛，說：我攻打拉巴，取其水城。|zh
580|12|27|27|And Joab sent men to David, saying, I have made war against Rabbah and have taken the water-town.|en
581|12|28|28|現在你要聚集其餘的軍兵來，安營圍攻這城，恐怕我取了這城，人就以我的名叫這城。|zh
582|12|28|28|So now, get the rest of the people together, and put them in position against the town and take it, for if I take it, it will be named after my name.|en
583|12|29|29|於是大衛聚集眾軍，往拉巴去攻城，就取了這城，|zh
584|12|29|29|Then David got all the people together and went to Rabbah and made war on it and took it.|en
585|12|30|30|奪了亞捫人之王所戴的金冠冕（王：或譯瑪勒堪；瑪勒堪就是米勒公，又名摩洛，亞捫族之神名），其上的金子重一他連得，又嵌著寶石。人將這冠冕戴在大衛頭上。大衛從城裡奪了許多財物，|zh
586|12|30|30|And he took the crown of Milcom from his head; the weight of it was a talent of gold, and in it were stones of great price; and it was put on David's head. And he took a great store of goods from the town.|en
587|12|31|31|將城裡的人拉出來，放在鋸下，或鐵耙下，或鐵斧下，或叫他經過磚窯（或譯：強他們用鋸，或用打糧食的鐵器，或用鐵斧做工，或使在磚窯裡服役）；大衛待亞捫各城的居民都是如此。其後，大衛和眾軍都回耶路撒冷去了。|zh
588|12|31|31|And he took the people out of the town and put them to work with wood-cutting instruments, and iron grain-crushers, and iron axes, and at brick-making: this he did to all the towns of the children of Ammon. Then David and all the people went back to Jerusalem.|en
589|13|1|1|大衛的兒子押沙龍有一個美貌的妹子，名叫他瑪。大衛的兒子暗嫩愛他。|zh
590|13|1|1|Now after this, it came about that Absalom, David's son, had a beautiful sister, whose name was Tamar; and David's son Amnon was in love with her.|en
591|13|2|2|暗嫩為他妹子他瑪憂急成病。他瑪還是處女，暗嫩以為難向他行事。|zh
592|13|2|2|And he was so deeply in love that he became ill because of his sister Tamar; for she was a virgin, and so it seemed hard to Amnon to do anything to her.|en
593|13|3|3|暗嫩有一個朋友，名叫約拿達，是大衛長兄示米亞的兒子。這約拿達為人極其狡猾。|zh
594|13|3|3|But Amnon had a friend whose name was Jonadab, the son of Shimeah, David's brother: and Jonadab was a very wise man.|en
595|13|4|4|他問暗嫩說：王的兒子啊，為何一天比一天瘦弱呢？請你告訴我。暗嫩回答說：我愛我兄弟押沙龍的妹子他瑪。|zh
596|13|4|4|And he said to him, O son of the king, why are you getting thinner day by day? will you not say what your trouble is? And Amnon said to him, I am in love with Tamar, my brother Absalom's sister.|en
597|13|5|5|約拿達說：你不如躺在床上裝病；你父親來看你，就對他說：求父叫我妹子他瑪來，在我眼前預備食物，遞給我吃，使我看見，好從他手裡接過來吃。|zh
598|13|5|5|Then Jonadab said to him, Go to your bed, and let it seem that you are ill: and when your father comes to see you, say to him, Let my sister Tamar come and give me bread, and get the food ready before my eyes, so that I may see it and take it from her hand.|en
599|13|6|6|於是暗嫩躺臥裝病。王來看他，他對王說：求父叫我妹子他瑪來，在我眼前為我做兩個餅，我好從他手裡接過來吃。|zh
600|13|6|6|So Amnon went to bed and made himself seem ill: and when the king came to see him, Amnon said to the king, Please let my sister Tamar come and make me one or two cakes before my eyes, so that I may take food from her hand.|en
601|13|7|7|大衛就打發人到宮裡，對他瑪說：你往你哥哥暗嫩的屋裡去，為他預備食物。|zh
602|13|7|7|Then David sent to the house for Tamar and said, Go now to your brother Amnon's house and get a meal for him.|en
603|13|8|8|他瑪就到他哥哥暗嫩的屋裡；暗嫩正躺臥。他瑪摶麵，在他眼前做餅，且烤熟了，|zh
604|13|8|8|So Tamar went to her brother Amnon's house; and he was in bed. And she took paste and made cakes before his eyes, cooking them over the fire.|en
605|13|9|9|在他面前將餅從鍋裡倒出來，他卻不肯吃，便說：眾人離開我出去罷！眾人就都離開他，出去了。|zh
606|13|9|9|And she took the cooking-pot, and put the cakes before him, but he would not take them. And Amnon said, Let everyone go away from me. So they all went out.|en
607|13|10|10|暗嫩對他瑪說：你把食物拿進臥房，我好從你手裡接過來吃。他瑪就把所做的餅拿進臥房，到他哥哥暗嫩那裡，|zh
608|13|10|10|Then Amnon said to Tamar, Take the food and come into my bedroom, so that I may take it from your hand. So Tamar took the cakes she had made and went with them into her brother Amnon's bedroom.|en
609|13|11|11|拿著餅上前給他吃，他便拉住他瑪，說：我妹妹，你來與我同寢。|zh
610|13|11|11|And when she took them to give them to him, he put his arms round her and said, Come to bed, my sister.|en
611|13|12|12|他瑪說：我哥哥，不要玷辱我。以色列人中不當這樣行，你不要做這醜事；|zh
612|13|12|12|And answering him, she said, O my brother, do not put shame on me; it is not right for such a thing to be done in Israel: do not this evil thing.|en
613|13|13|13|你玷辱了我，我何以掩蓋我的羞恥呢？你在以色列中也成了愚妄人。你可以求王，他必不禁止我歸你。|zh
614|13|13|13|What will become of me in my shame? and as for you, you will be looked down on with disgust by all Israel. Now then, go and make your request to the king, for he will not keep me from you.|en
615|13|14|14|但暗嫩不肯聽他的話，因比他力大，就玷辱他，與他同寢。|zh
616|13|14|14|But he would not give attention to what she said: but being stronger than she, he took her by force, and had connection with her.|en
617|13|15|15|隨後，暗嫩極其恨他，那恨他的心比先前愛他的心更甚，對他說：你起來，去罷！|zh
618|13|15|15|Then Amnon was full of hate for her, hating her with a hate greater than his earlier love for her. And he said to her, Get up and be gone.|en
619|13|16|16|他瑪說：不要這樣！你趕出我去的這罪比你才行的更重！但暗嫩不肯聽他的話，|zh
620|13|16|16|And she said to him, Not so, my brother, for this great wrong in sending me away is worse than what you did to me before. But he gave no attention to her.|en
621|13|17|17|就叫伺候自己的僕人來，說：將這個女子趕出去！他一出去，你就關門，上閂。|zh
622|13|17|17|Then he gave a cry to the servant who was waiting on him and said, Put this woman out, and let the door be locked after her.|en
623|13|18|18|那時他瑪穿著彩衣，因為沒有出嫁的公主都是這樣穿。暗嫩的僕人就把他趕出去，關門上閂。|zh
624|13|18|18|Now she had on a long robe, such as in past times the king's virgin daughters were dressed in. Then the servant put her out, locking the door after her.|en
625|13|19|19|他瑪把灰塵撒在頭上，撕裂所穿的彩衣，以手抱頭，一面行走，一面哭喊。|zh
626|13|19|19|And Tamar, in her grief, put dust on her head; and she put her hand on her head and went away crying loudly.|en
627|13|20|20|他胞兄押沙龍問他說：莫非你哥哥暗嫩與你親近了麼？我妹妹，暫且不要作聲，他是你的哥哥，不要將這事放在心上。他瑪就孤孤單單地住在他胞兄押沙龍家裡。|zh
628|13|20|20|And her brother Absalom said to her, Has your brother Amnon been with you? but now, let there be an end to your crying, my sister: he is your brother, do not take this thing to heart. So Tamar went on living uncomforted in her brother's house.|en
629|13|21|21|大衛王聽見這事，就甚發怒。|zh
630|13|21|21|But when King David had news of all these things he was very angry; but he did not make trouble for Amnon his son, for he was dear to David, being his oldest son.|en
631|13|22|22|押沙龍並不和他哥哥暗嫩說好說歹；因為暗嫩玷辱他妹妹他瑪，所以押沙龍恨惡他。|zh
632|13|22|22|But Absalom said nothing to his brother Amnon, good or bad: for he was full of hate for him, because he had taken his sister Tamar by force.|en
633|13|23|23|過了二年，在靠近以法蓮的巴力夏瑣有人為押沙龍剪羊毛；押沙龍請王的眾子與他同去。|zh
634|13|23|23|Now after two full years, Absalom had men cutting the wool of his sheep in Baal-hazor, which is near Ephraim: and he sent for all the king's sons to come to his feast.|en
635|13|24|24|押沙龍來見王，說：現在有人為僕人剪羊毛，請王和王的臣僕與僕人同去。|zh
636|13|24|24|And Absalom came to the king and said, See now, your servant is cutting the wool of his sheep; will the king and his servants be pleased to come?|en
637|13|25|25|王對押沙龍說：我兒，我們不必都去，恐怕使你耗費太多。押沙龍再三請王，王仍是不肯去，只為他祝福。|zh
638|13|25|25|And the king said to Absalom, No, my son, let us not all go, or the number will be over-great for you. And he made his request again, but he would not go, but he gave him his blessing.|en
639|13|26|26|押沙龍說：王若不去，求王許我哥哥暗嫩同去。王說：何必要他去呢？|zh
640|13|26|26|Then Absalom said, If you will not go, then let my brother Amnon go with us. And the king said to him, Is there any reason for him to go with you?|en
641|13|27|27|押沙龍再三求王，王就許暗嫩和王的眾子與他同去。|zh
642|13|27|27|But Absalom went on requesting him till he let Amnon and all the king's sons go with him. And Absalom made a great feast like a feast for a king.|en
643|13|28|28|押沙龍吩咐僕人說：你們注意，看暗嫩飲酒暢快的時候，我對你們說殺暗嫩，你們便殺他，不要懼怕。這不是我吩咐你們的麼？你們只管壯膽奮勇！|zh
644|13|28|28|Now Absalom had given orders to his servants, saying, Now take note when Amnon's heart is glad with wine; and when I say to you, Make an attack on Amnon, then put him to death without fear: have I not given you orders? be strong and without fear.|en
645|13|29|29|押沙龍的僕人就照押沙龍所吩咐的，向暗嫩行了。王的眾子都起來，各人騎上騾子，逃跑了。|zh
646|13|29|29|So Absalom's servants did to Amnon as Absalom had given them orders. Then all the king's sons got up, and every man got on his beast and went in flight.|en
647|13|30|30|他們還在路上，有風聲傳到大衛那裡，說：押沙龍將王的眾子都殺了，沒有留下一個。|zh
648|13|30|30|Now while they were on their way, news was given to David that Absalom had put to death all the sons of the king and that not one of them was still living.|en
649|13|31|31|王就起來，撕裂衣服，躺在地上。王的臣僕也都撕裂衣服，站在旁邊。|zh
650|13|31|31|Then the king got up in great grief, stretching himself out on the earth: and all his servants were by his side, with their clothing parted.|en
651|13|32|32|大衛的長兄，示米亞的兒子約拿達說：我主，不要以為王的眾子─少年人都殺了，只有暗嫩一個人死了。自從暗嫩玷辱押沙龍妹子他瑪的那日，押沙龍就定意殺暗嫩了。|zh
652|13|32|32|And Jonadab, the son of Shimeah, David's brother, said, Let not my lord have the idea that all the sons of the king have been put to death; for only Amnon is dead: this has been purposed by Absalom from the day when he took his sister Tamar by force.|en
653|13|33|33|現在，我主我王，不要把這事放在心上，以為王的眾子都死了，只有暗嫩一個人死了。|zh
654|13|33|33|So now, let not my lord the king take this thing to heart, with the idea that all the king's sons are dead: for only Amnon is dead.|en
655|13|34|34|押沙龍逃跑了。守望的少年人舉目觀看，見有許多人從山坡的路上來。|zh
656|13|34|34|But Absalom went in flight. And the young man who kept the watch, lifting up his eyes, saw that a great band of people was coming down the slope by the way of the Horons; and the watchman came and gave word to the king, saying, I saw men coming down by the way of the Horons, from the hillside.|en
657|13|35|35|約拿達對王說：看哪，王的眾子都來了，果然與你僕人所說的相合。|zh
658|13|35|35|And Jonadab said to the king, See, the king's sons are coming; as your servant said, so it is.|en
659|13|36|36|話才說完，王的眾子都到了，放聲大哭。王和臣僕也都哭得甚慟。|zh
660|13|36|36|And while he was talking, the king's sons came, with weeping and loud cries: and the king and all his servants were weeping bitterly.|en
661|13|37|37|押沙龍逃到基述王亞米忽的兒子達買那裡去了。大衛天天為他兒子悲哀。|zh
662|13|37|37|So Absalom went in flight and came to Talmai, the son of Ammihud, the king of Geshur, where he was for three years.|en
663|13|38|38|押沙龍逃到基述，在那裡住了三年。|zh
664|13|38|38|And the king was sorrowing for his son all the time.|en
665|13|39|39|暗嫩死了以後，大衛王得了安慰，心裡切切想念押沙龍。|zh
666|13|39|39|And the heart of David was wasted with desire for Absalom: for he was comforted for the death of Amnon.|en
667|14|1|1|洗魯雅的兒子約押，知道王心裡想念押沙龍，|zh
668|14|1|1|Now it was clear to Joab, the son of Zeruiah, that the king's heart was turning to Absalom.|en
669|14|2|2|就打發人往提哥亞去，從那裡叫了一個聰明的婦人來，對他說：請你假裝居喪的，穿上孝衣，不要用膏抹身，要裝作為死者許久悲哀的婦人；|zh
670|14|2|2|And Joab sent to Tekoa and got from there a wise woman, and said to her, Now make yourself seem like one given up to grief, and put on the clothing of sorrow, not using any sweet oil for your body, but looking like one who for a long time has been weeping for the dead:|en
671|14|3|3|進去見王，對王如此如此說。於是約押將當說的話教導了婦人。|zh
672|14|3|3|And come to the king and say these words to him. So Joab gave her words to say.|en
673|14|4|4|提哥亞婦人到王面前，伏地叩拜，說：王啊，求你拯救！|zh
674|14|4|4|And the woman of Tekoa came to the king, and falling on her face, gave him honour and said, Give me help, O king.|en
675|14|5|5|王問他說：你有甚麼事呢？回答說：婢女實在是寡婦，我丈夫死了。|zh
676|14|5|5|And the king said to her, What is your trouble? And her answer was, Truly I am a widow, and my husband is dead.|en
677|14|6|6|我有兩個兒子，一日在田間爭鬥，沒有人解勸，這個就打死那個。|zh
678|14|6|6|And I had two sons, and the two of them had a fight in the field, and there was no one to come between them, and one with a blow put the other to death.|en
679|14|7|7|現在全家的人都起來攻擊婢女，說：你將那打死兄弟的交出來，我們好治死他，償他打死兄弟的命，滅絕那承受家業的。這樣，他們要將我剩下的炭火滅盡，不與我丈夫留名留後在世上。|zh
680|14|7|7|And now all the family is turned against me, your servant, saying, Give up him who was the cause of his brother's death, so that we may put him to death in payment for the life of his brother, whose life he took; and we will put an end to the one who will get the heritage: so they will put out my last burning coal, and my husband will have no name or offspring on the face of the earth.|en
681|14|8|8|王對婦人說：你回家去罷！我必為你下令。|zh
682|14|8|8|And the king said to the woman, Go to your house and I will give orders about this.|en
683|14|9|9|提哥亞婦人又對王說：我主我王，願這罪歸我和我父家，與王和王的位無干。|zh
684|14|9|9|And the woman of Tekoa said to the king, My lord, O king, may the sin be on me and on my family, and may the king and the seat of his kingdom be clear of sin!|en
685|14|10|10|王說：凡難為你的，你就帶他到我這裡來，他必不再攪擾你。|zh
686|14|10|10|And the king said, If anyone says anything to you, make him come to me, and he will do you no more damage.|en
687|14|11|11|婦人說：願王記念耶和華─你的神，不許報血仇的人施行滅絕，恐怕他們滅絕我的兒子。王說：我指著永生的耶和華起誓：你的兒子連一根頭髮也不致落在地上。|zh
688|14|11|11|Then she said, Let the king keep in mind the Lord your God, so that he who gives punishment for blood may be kept back from further destruction and that no one may send death on my son. And he said, By the living Lord, not a hair of your son's head will come to the earth.|en
689|14|12|12|婦人說：求我主我王容婢女再說一句話。王說：你說罷！|zh
690|14|12|12|Then the woman said, Will the king let his servant say one word more? And he said, Say on.|en
691|14|13|13|婦人說：王為何也起意要害神的民呢？王不使那逃亡的人回來，王的這話就是自證己錯了！|zh
692|14|13|13|And the woman said, Why have you had such a thought about the people of God? (for in saying these very words the king has put himself in the wrong because he has not taken back the one whom he sent far away.)|en
693|14|14|14|我們都是必死的，如同水潑在地上，不能收回。神並不奪取人的性命，乃設法使逃亡的人不致成為趕出、回不來的。|zh
694|14|14|14|For death comes to us all, and we are like water drained out on the earth, which it is not possible to take up again; and God will not take away the life of the man whose purpose is that he who has been sent away may not be completely cut off from him.|en
695|14|15|15|我來將這話告訴我主我王，是因百姓使我懼怕。婢女想，不如將這話告訴王，或者王成就婢女所求的。|zh
696|14|15|15|And now it is my fear of the people which has made me come to say these words to my lord the king: and your servant said, I will put my cause before the king, and it may be that he will give effect to my request.|en
697|14|16|16|人要將我和我兒子從神的地業上一同除滅，王必應允救我脫離他的手。|zh
698|14|16|16|For the king will give ear, and take his servant out of the power of the man whose purpose is the destruction of me and my son together from the heritage of God.|en
699|14|17|17|婢女又想，我主我王的話必安慰我；因為我主我王能辨別是非，如同神的使者一樣。惟願耶和華─你的　神與你同在！|zh
700|14|17|17|Then your servant said, May the word of my lord the king give me peace! for my lord the king is as the angel of God in his hearing of good and bad: and may the Lord your God be with you!|en
701|14|18|18|王對婦人說：我要問你一句話，你一點不要瞞我。婦人說：願我主我王說。|zh
702|14|18|18|Then the king said to the woman, Now give me an answer to the question I am going to put to you; keep nothing back. And the woman said, Let my lord the king say on.|en
703|14|19|19|王說：你這些話莫非是約押的主意麼？婦人說：我敢在我主我王面前起誓：王的話正對，不偏左右，是王的僕人約押吩咐我的，這些話是他教導我的。|zh
704|14|19|19|And the king said, Is not the hand of Joab with you in all this? And the woman in answer said, By the life of your soul, my lord the king, it is not possible for anyone to go to the right hand or to the left from anything said by the king: your servant Joab gave me orders, and put all these words in my mouth:|en
705|14|20|20|王的僕人約押如此行，為要挽回這事。我主的智慧卻如神使者的智慧，能知世上一切事。|zh
706|14|20|20|This he did, hoping that the face of this business might be changed: and my lord is wise, with the wisdom of the angel of God, having knowledge of everything on earth.|en
707|14|21|21|王對約押說：我應允你這事。你可以去，把那少年人押沙龍帶回來。|zh
708|14|21|21|And the king said to Joab, See now, I will do this thing: go then and Come back with the young man Absalom.|en
709|14|22|22|約押就面伏於地叩拜，祝謝於王，又說：王既應允僕人所求的，僕人今日知道在我主我王眼前蒙恩了。|zh
710|14|22|22|Then Joab, falling down on his face on the earth, gave the king honour and blessing; and Joab said, Today it is clear to your servant that I have grace in your eyes, my lord king, because the king has given effect to the request of his servant.|en
711|14|23|23|於是約押起身往基述去，將押沙龍帶回耶路撒冷。|zh
712|14|23|23|So Joab got up and went to Geshur and came back again to Jerusalem with Absalom.|en
713|14|24|24|王說：使他回自己家裡去，不要見我的面。押沙龍就回自己家裡去，沒有見王的面。|zh
714|14|24|24|And the king said, Let him go to his house, but let him not see my face. So Absalom went back to his house and did not see the face of the king.|en
715|14|25|25|以色列全地之中，無人像押沙龍那樣俊美，得人的稱讚，從腳底到頭頂毫無暇疵。|zh
716|14|25|25|Now in all Israel there was no one so greatly to be praised for his beautiful form as Absalom: from his feet to the crown of his head he was completely beautiful.|en
717|14|26|26|他的頭髮甚重，每到年底剪髮一次；所剪下來的，按王的平稱一稱，重二百舍客勒。|zh
718|14|26|26|And when he had his hair cut, (which he did at the end of every year, because of the weight of his hair;) the weight of the hair was two hundred shekels by the king's weight.|en
719|14|27|27|押沙龍生了三個兒子，一個女兒。女兒名叫他瑪，是個容貌俊美的女子。|zh
720|14|27|27|And Absalom was the father of three sons and of one daughter named Tamar, who was very beautiful.|en
721|14|28|28|押沙龍住在耶路撒冷足有二年，沒有見王的面。|zh
722|14|28|28|For two full years Absalom was living in Jerusalem without ever seeing the face of the king.|en
723|14|29|29|押沙龍打發人去叫約押來，要託他去見王，約押卻不肯來。第二次打發人去叫他，他仍不肯來。|zh
724|14|29|29|Then Absalom sent for Joab to send him to the king, but he would not come to him: and he sent again a second time, but he would not come.|en
725|14|30|30|所以押沙龍對僕人說：你們看，約押有一塊田，與我的田相近，其中有大麥，你們去放火燒了。押沙龍的僕人就去放火燒了那田。|zh
726|14|30|30|So he said to his servants, See, Joab's field is near mine, and he has barley in it; go and put it on fire. And Absalom's servants put the field on fire.|en
727|14|31|31|於是約押起來，到了押沙龍家裡，問他說：你的僕人為何放火燒了我的田呢？|zh
728|14|31|31|Then Joab came to Absalom in his house and said to him, Why have your servants put my field on fire?|en
729|14|32|32|押沙龍回答約押說：我打發人去請你來，好託你去見王，替我說：我為何從基述回來呢？不如仍在那裡。現在要許我見王的面；我若有罪，任憑王殺我就是了。|zh
730|14|32|32|And Absalom's answer was, See, I sent to you saying, Come here, so that I may send you to the king to say, Why have I come back from Geshur? it would be better for me to be there still: let me now see the king's face, and if there is any sin in me, let him put me to death.|en
731|14|33|33|於是約押去見王，將這話奏告王，王便叫押沙龍來。押沙龍來見王，在王面前俯伏於地，王就與押沙龍親嘴。|zh
732|14|33|33|So Joab went to the king and said these words to him: and when the king had sent for him, Absalom came, and went down on his face on the earth before the king: and the king gave him a kiss.|en
733|15|1|1|此後，押沙龍為自己預備車馬，又派五十人在他前頭奔走。|zh
734|15|1|1|Now after this, Absalom got for himself a carriage and horses, and fifty runners to go before him.|en
735|15|2|2|押沙龍常常早晨起來，站在城門的道旁，凡有爭訟要去求王判斷的，押沙龍就叫他過來，問他說：你是哪一城的人？回答說：僕人是以色列某支派的人。|zh
736|15|2|2|And Absalom got up early, morning after morning, and took his place at the side of the public meeting-place: and when any man had a cause which had to come to the king to be judged, then Absalom, crying out to him, said, What is your town? and he would say, Your servant is of one of the tribes of Israel.|en
737|15|3|3|押沙龍對他說：你的事有情有理，無奈王沒有委人聽你伸訴。|zh
738|15|3|3|And Absalom would say to him, See, your cause is true and right; but no man has been named by the king to give you a hearing.|en
739|15|4|4|押沙龍又說：恨不得我作國中的士師！凡有爭訟求審判的到我這裡來，我必秉公判斷。|zh
740|15|4|4|And more than this, Absalom said, If only I was made judge in the land, so that every man who has any cause or question might come to me, and I would give a right decision for him!|en
741|15|5|5|若有人近前來要拜押沙龍，押沙龍就伸手拉住他，與他親嘴。|zh
742|15|5|5|And if any man came near to give him honour, he took him by the hand and gave him a kiss.|en
743|15|6|6|以色列人中，凡去見王求判斷的，押沙龍都是如此待他們。這樣，押沙龍暗中得了以色列人的心。|zh
744|15|6|6|And this Absalom did to everyone in Israel who came to the king to have his cause judged: so Absalom, like a thief, took away the hearts of the men of Israel.|en
745|15|7|7|滿了四十年（有作四年的），押沙龍對王說：求你准我往希伯崙去，還我向耶和華所許的願。|zh
746|15|7|7|Now at the end of four years, Absalom said to the king, Let me go to Hebron and give effect to the oath which I made to the Lord:|en
747|15|8|8|因為僕人住在亞蘭的基述，曾許願說：耶和華若使我再回耶路撒冷，我必事奉他。|zh
748|15|8|8|For while I was living in Geshur in Aram, your servant made an oath, saying, If ever the Lord lets me come back to Jerusalem, I will give him worship in Hebron.|en
749|15|9|9|王說：你平平安安地去罷！押沙龍就起身，往希伯崙去了。|zh
750|15|9|9|And the king said to him, Go in peace. So he got up and went to Hebron.|en
751|15|10|10|押沙龍打發探子走遍以色列各支派，說：你們一聽見角聲就說：押沙龍在希伯崙作王了！|zh
752|15|10|10|But Absalom at the same time sent watchers through all the tribes of Israel to say, At the sound of the horn you are to say, Absalom is king in Hebron.|en
753|15|11|11|押沙龍在耶路撒冷請了二百人與他同去，都是誠誠實實去的，並不知道其中的真情。|zh
754|15|11|11|And with Absalom, at his request, went two hundred men from Jerusalem, who were completely unconscious of his designs.|en
755|15|12|12|押沙龍獻祭的時候，打發人去將大衛的謀士、基羅人亞希多弗從他本城請了來。於是叛逆的勢派甚大；因為隨從押沙龍的人民，日漸增多。|zh
756|15|12|12|And Absalom sent for Ahithophel the Gilonite, one of David's helpers, from Giloh his town, while he was making the offerings. And the design against David became strong, for more and more people were joined to Absalom.|en
757|15|13|13|有人報告大衛說：以色列人的心都歸向押沙龍了！|zh
758|15|13|13|And one came to David and said, The hearts of the men of Israel have gone after Absalom.|en
759|15|14|14|大衛就對耶路撒冷跟隨他的臣僕說：我們要起來逃走，不然都不能躲避押沙龍了；要速速地去，恐怕他忽然來到，加害於我們，用刀殺盡合城的人。|zh
760|15|14|14|And David said to all his servants who were with him at Jerusalem, Come, let us go in flight, or not one of us will be safe from Absalom: let us go without loss of time, or he will overtake us quickly and send evil on us, and put the town to the sword.|en
761|15|15|15|王的臣僕對王說：我主我王所定的，僕人都願遵行。|zh
762|15|15|15|And the king's servants said to the king, See, your servants are ready to do whatever the king says is to be done.|en
763|15|16|16|於是王帶著全家的人出去了，但留下十個妃嬪看守宮殿。|zh
764|15|16|16|So the king went out, taking with him all the people of his house, but for ten of his women, who were to take care of the house.|en
765|15|17|17|王出去，眾民都跟隨他，到伯墨哈，就住下了。|zh
766|15|17|17|And the king went out, and all his servants went after him, and made a stop at the Far House.|en
767|15|18|18|王的臣僕都在他面前過去。基利提人、比利提人，就是從迦特跟隨王來的六百人，也都在他面前過去。|zh
768|15|18|18|And all the people went on by his side; and all the Cherethites and all the Pelethites and all the men of Ittai of Gath, six hundred men who came after him from Gath, went on before the king.|en
769|15|19|19|王對迦特人以太說：你是外邦逃來的人，為甚麼與我們同去呢？你可以回去與新王同住，或者回你本地去罷！|zh
770|15|19|19|Then the king said to Ittai the Gittite, Why are you coming with us? go back and keep with the king: for you are a man of another country, you are far from the land of your birth.|en
771|15|20|20|你來的日子不多，我今日怎好叫你與我們一同飄流、沒有一定的住處呢？你不如帶你的弟兄回去罷！願耶和華用慈愛誠實待你。|zh
772|15|20|20|It was only yesterday you came to us; why then am I to make you go up and down with us? for I have to go where I may; go back then, and take your countrymen with you, and may the Lord's mercy and good faith be with you.|en
773|15|21|21|以太對王說：我指著永生的耶和華起誓，又敢在王面前起誓：無論生死，王在哪裡，僕人也必在那裡。|zh
774|15|21|21|And Ittai the Gittite in answer said, By the living Lord, and by the life of my lord the king, in whatever place my lord the king may be, for life or death, there will your servant be.|en
775|15|22|22|大衛對以太說：你前去過河罷！於是迦特人以太帶著跟隨他的人和所有的婦人孩子，就都過去了。|zh
776|15|22|22|And David said to Ittai, Go forward, then. And Ittai the Gittite went on, with all his men and all the little ones he had with him.|en
777|15|23|23|本地的人都放聲大哭。眾民盡都過去，王也過了汲淪溪；眾民往曠野去了。|zh
778|15|23|23|And there was great weeping in all the country when all the people went through; and the king himself was waiting in the Kidron valley and all the people went by him in the direction of the olive-tree on the edge of the waste land.|en
779|15|24|24|撒督和抬神約櫃的利未人也一同來了，將　神的約櫃放下。亞比亞他上來，等著眾民從城裡出來過去。|zh
780|15|24|24|Then Zadok came, and Abiathar, and with them the ark of God's agreement: and they put down the ark of God, till all the people from the town had gone by.|en
781|15|25|25|王對撒督說：你將神的約櫃抬回城去。我若在耶和華眼前蒙恩，他必使我回來，再見約櫃和他的居所。|zh
782|15|25|25|And the king said to Zadok, Take the ark of God back into the town: if I have grace in the eyes of the Lord, he will let me come back and see it and his House again:|en
783|15|26|26|倘若他說：我不喜悅你，看哪，我在這裡，願他憑自己的意旨待我！|zh
784|15|26|26|But if he says, I have no delight in you: then, here I am; let him do to me what seems good to him.|en
785|15|27|27|王又對祭司撒督說：你不是先見麼？你可以安然回城；你兒子亞希瑪斯和亞比亞他的兒子約拿單都可以與你同去。|zh
786|15|27|27|The king said further to Zadok the priest, See, you and Abiathar are to go back to the town in peace, with your two sons, Ahimaaz, your son, and Jonathan, the son of Abiathar.|en
787|15|28|28|我在曠野的渡口那裡等你們報信給我。|zh
788|15|28|28|See, I will be waiting at the way across the river, in the waste land, till I get news from you.|en
789|15|29|29|於是撒督和亞比亞他將神的約櫃抬回耶路撒冷，他們就住在那裡。|zh
790|15|29|29|So Zadok and Abiathar took the ark of God back to Jerusalem, and did not go away from there.|en
791|15|30|30|大衛蒙頭赤腳上橄欖山，一面上一面哭。跟隨他的人也都蒙頭哭著上去；|zh
792|15|30|30|And David went up the slopes of the Mount of Olives weeping all the way, with his head covered and no shoes on his feet: and all the people who were with him, covering their heads, went up weeping.|en
793|15|31|31|有人告訴大衛說：亞希多弗也在叛黨之中，隨從押沙龍。大衛禱告說：耶和華啊，求你使亞希多弗的計謀變為愚拙！|zh
794|15|31|31|And word came to David, saying, Ahithophel is among those who are joined to Absalom. And David said, O Lord, let the wisdom of Ahithophel be made foolish.|en
795|15|32|32|大衛到了山頂、敬拜神的地方，見亞基人戶篩，衣服撕裂，頭蒙灰塵來迎接他。|zh
796|15|32|32|Now when David had come to the top of the slope, where they gave worship to God, Hushai the Archite came to him in great grief with dust on his head:|en
797|15|33|33|大衛對他說：你若與我同去，必累贅我；|zh
798|15|33|33|David said to him, If you go on with me, you will be a trouble to me:|en
799|15|34|34|你若回城去，對押沙龍說：王啊，我願作你的僕人；我向來作你父親的僕人，現在我也照樣作你的僕人。這樣，你就可以為我破壞亞希多弗的計謀。|zh
800|15|34|34|But if you go back to the town and say to Absalom, I will be your servant, O king; as in the past I have been your father's servant, so now I will be yours: then you will be able to keep Ahithophel's designs against me from being put into effect.|en
801|15|35|35|祭司撒督和亞比亞他豈不都在那裡麼？你在王宮裡聽見甚麼，就要告訴祭司撒督和亞比亞他。|zh
802|15|35|35|And have you not there Zadok and Abiathar the priests? so whatever comes to your ears from the king's house, give word of it to Zadok and Abiathar the priests.|en
803|15|36|36|撒督的兒子亞希瑪斯，亞比亞他的兒子約拿單，也都在那裡。凡你們所聽見的可以託這二人來報告我。|zh
804|15|36|36|See, they have with them their two sons, Ahimaaz, Zadok's son, and Jonathan, the son of Abiathar; by them you may send word to me of everything which comes to your ears.|en
805|15|37|37|於是，大衛的朋友戶篩進了城；押沙龍也進了耶路撒冷。|zh
806|15|37|37|So Hushai, David's friend, went into the town, and Absalom came to Jerusalem.|en
807|16|1|1|大衛剛過山頂，見米非波設的僕人洗巴拉著備好了的兩匹驢，驢上馱著二百麵餅，一百葡萄餅，一百個夏天的果餅，一皮袋酒來迎接他。|zh
808|16|1|1|And when David had gone a little way past the top of the slope, Ziba, the servant of Mephibosheth, came to him, with two asses on which were two hundred cakes of bread and a hundred stems of dry grapes and a hundred summer fruits and a skin of wine.|en
809|16|2|2|王問洗巴說：你帶這些來是甚麼意思呢？洗巴說：驢是給王的家眷騎的；麵餅和夏天的果餅是給少年人吃的；酒是給在曠野疲乏人喝的。|zh
810|16|2|2|And David said to Ziba, What is your reason for this? And Ziba said, The asses are for the use of the king's people, and the bread and the fruit are food for the young men; and the wine is for drink for those who are overcome by weariness in the waste land.|en
811|16|3|3|王問說：你主人的兒子在哪裡呢？洗巴回答王說：他仍在耶路撒冷，因他說：以色列人今日必將我父的國歸還我。|zh
812|16|3|3|And the king said, And where is your master's son? And Ziba said, He is still at Jerusalem: for he said, Today Israel will give back to me the kingdom of my father.|en
813|16|4|4|王對洗巴說：凡屬米非波設的都歸你了。洗巴說：我叩拜我主我王，願我在你眼前蒙恩。|zh
814|16|4|4|Then the king said to Ziba, Truly everything which was Mephibosheth's is yours. And Ziba said, I give honour to my lord, may I have grace in your eyes, my lord, O king!|en
815|16|5|5|大衛王到了巴戶琳，見有一個人出來，是掃羅族基拉的兒子，名叫示每。他一面走一面咒罵，|zh
816|16|5|5|And when King David came to Bahurim, a man of Saul's family named Shimei, the son of Gera, came out from there, calling curses after him.|en
817|16|6|6|又拿石頭砍大衛王和王的臣僕；眾民和勇士都在王的左右。|zh
818|16|6|6|And he sent stones at David and at all the king's servants and at all the people and at all the men of war by his side, on the right hand and on the left.|en
819|16|7|7|示每咒罵說：你這流人血的壞人哪，去罷去罷！|zh
820|16|7|7|And Shimei said, with curses, Be gone, be gone, you man of blood, you good-for-nothing:|en
821|16|8|8|你流掃羅全家的血，接續他作王；耶和華把這罪歸在你身上，將這國交給你兒子押沙龍。現在你自取其禍，因為你是流人血的人。|zh
822|16|8|8|The Lord has sent punishment on you for all the blood of the family of Saul, whose kingdom you have taken; and the Lord has given the kingdom to Absalom, your son: now you yourself are taken in your evil, because you are a man of blood.|en
823|16|9|9|洗魯雅的兒子亞比篩對王說：這死狗豈可咒罵我主我王呢？求你容我過去，割下他的頭來。|zh
824|16|9|9|Then Abishai, the son of Zeruiah, said to the king, Is this dead dog to go on cursing my lord the king? let me go over and take off his head.|en
825|16|10|10|王說：洗魯雅的兒子，我與你們有何關涉呢？他咒罵是因耶和華吩咐他說：你要咒罵大衛。如此，誰敢說你為甚麼這樣行呢？|zh
826|16|10|10|And the king said, What have I to do with you, you sons of Zeruiah? Let him go on cursing, for the Lord has said, Put a curse on David, and who then may say, Why have you done so?|en
827|16|11|11|大衛又對亞比篩和眾臣僕說：我親生的兒子尚且尋索我的性命，何況這便雅憫人呢？由他咒罵罷！因為這是耶和華吩咐他的。|zh
828|16|11|11|And David said to Abishai and to all his servants, You see how my son, the offspring of my body, has made designs against my life: how much more then may this Benjamite do so? Let him be, and let him go on cursing; for the Lord has given him orders.|en
829|16|12|12|或者耶和華見我遭難，為我今日被這人咒罵，就施恩與我。|zh
830|16|12|12|It may be that the Lord will take note of my wrongs, and give me back good in answer to his cursing of me today.|en
831|16|13|13|於是大衛和跟隨他的人往前行走。示每在大衛對面山坡，一面行走一面咒罵，又拿石頭砍他，拿土揚他。|zh
832|16|13|13|So David and his men went on their way: and Shimei went by the hillside parallel with them, cursing and sending stones and dust at him.|en
833|16|14|14|王和跟隨他的眾人疲疲乏乏地到了一個地方，就在那裡歇息歇息。|zh
834|16|14|14|And the king and his people came tired to Jordan, and took their rest there.|en
835|16|15|15|押沙龍和以色列眾人來到耶路撒冷；亞希多弗也與他同來。|zh
836|16|15|15|And Absalom and the men of Israel came to Jerusalem, and Ahithophel was with him.|en
837|16|16|16|大衛的朋友亞基人戶篩去見押沙龍，對他說：願王萬歲！願王萬歲！|zh
838|16|16|16|Then Hushai the Archite, David's friend, came to Absalom and said, Long life to the king, long life to the king!|en
839|16|17|17|押沙龍問戶篩說：這是你恩待朋友麼？為甚麼不與你的朋友同去呢？|zh
840|16|17|17|And Absalom said, Is this your love for your friend? why did you not go with your friend?|en
841|16|18|18|戶篩對押沙龍說：不然，耶和華和這民，並以色列眾人所揀選的，我必歸順他，與他同住。|zh
842|16|18|18|And Hushai said to Absalom, Not so; I am for that man whom the Lord and this people and all the men of Israel have taken as king, and I will take my place with him.|en
843|16|19|19|再者，我當服事誰呢？豈不是前王的兒子麼？我怎樣服事你父親，也必照樣服事你。|zh
844|16|19|19|And more than this! where is my place as a servant? is it not before his son? as I have been your father's servant, so will I be yours.|en
845|16|20|20|押沙龍對亞希多弗說：你們出個主意，我們怎樣行才好？|zh
846|16|20|20|Then Absalom said to Ahithophel, Give your opinion now, what are we to do?|en
847|16|21|21|亞希多弗對押沙龍說：你父所留下看守宮殿的妃嬪，你可以與他們親近。以色列眾人聽見你父親憎惡你，凡歸順你人的手就更堅強。|zh
848|16|21|21|And Ahithophel said to Absalom, Go in to your father's women who are here looking after his house; then all Israel will have the news that you are hated by your father, and the hands of your supporters will be strong.|en
849|16|22|22|於是人為押沙龍在宮殿的平頂上支搭帳棚；押沙龍在以色列眾人眼前，與他父的妃嬪親近。|zh
850|16|22|22|So they put up the tent for Absalom on the top of the house, and Absalom went in to his father's women before the eyes of all Israel.|en
851|16|23|23|那時亞希多弗所出的主意好像人問神的話一樣；他昔日給大衛，今日給押沙龍所出的主意，都是這樣。|zh
852|16|23|23|In those days the opinions of Ahithophel were valued as highly as if through him a man might get direction from God; so were they valued by David as much as by Absalom.|en
853|17|1|1|亞希多弗又對押沙龍說：求你准我挑選一萬二千人，今夜我就起身追趕大衛，|zh
854|17|1|1|Then Ahithophel said to Absalom, Let me take out twelve thousand men and this very night I will go after David:|en
855|17|2|2|趁他疲乏手軟，我忽然追上他，使他驚惶；跟隨他的民必都逃跑，我就單殺王一人，|zh
856|17|2|2|And I will come up with him when he is tired and feeble, and make him full of fear: and all the people with him will go in flight; and I will make an attack on the king only:|en
857|17|3|3|使眾民都歸順你。你所尋找的人既然死了，眾民就如已經歸順你；這樣，也都平安無事了。|zh
858|17|3|3|And I will make all the people come back to you as a bride comes back to her husband: it is the life of only one man you are going after; so all the people will be at peace.|en
859|17|4|4|押沙龍和以色列的長老都以這話為美。|zh
860|17|4|4|And the saying was pleasing to Absalom and to the responsible men of Israel.|en
861|17|5|5|押沙龍說：要召亞基人戶篩來，我們也要聽他怎樣說。|zh
862|17|5|5|Then Absalom said, Now send for Hushai the Archite, and let us give ear to what he has to say.|en
863|17|6|6|戶篩到了押沙龍面前，押沙龍向他說：亞希多弗是如此如此說的，我們照著他的話行可以不可以？若不可，你就說罷！|zh
864|17|6|6|And when Hushai came, Absalom said to him, This is what Ahithophel has said: are we to do as he says? if not, what is your suggestion?|en
865|17|7|7|戶篩對押沙龍說：亞希多弗這次所定的謀不善。|zh
866|17|7|7|And Hushai said to Absalom, Ahithophel's idea is not a good one at this time.|en
867|17|8|8|戶篩又說：你知道，你父親和跟隨他的人都是勇士，現在他們心裡惱怒，如同田野丟崽子的母熊一般，而且你父親是個戰士，必不和民一同住宿。|zh
868|17|8|8|Hushai said further, You have knowledge of your father and his men, that they are men of war, and that their feelings are bitter, like those of a bear in the field whose young ones have been taken from her: and your father is a man of war, and will not take his night's rest with the people;|en
869|17|9|9|他現今或藏在坑中或在別處，若有人首先被殺，凡聽見的必說：跟隨押沙龍的民被殺了。|zh
870|17|9|9|But he will certainly have taken cover now in some hole or secret place; and if some of our people, at the first attack, are overcome, then any hearing of it will say, There is destruction among the people who are on Absalom's side.|en
871|17|10|10|雖有人膽大如獅子，他的心也必消化；因為以色列人都知道你父親是英雄，跟隨他的人也都是勇士。|zh
872|17|10|10|Then even the strongest, whose heart is like the heart of a lion, will become like water; for all Israel is conscious that your father is a man of war, and those who are with him are strong and without fear.|en
873|17|11|11|依我之計，不如將以色列眾人─從但直到別是巴，如同海邊的沙那樣多─聚集到你這裡來，你也親自率領他們出戰。|zh
874|17|11|11|But my suggestion is that all Israel, from Dan as far as Beer-sheba, comes together to you, a great army like the sands of the sea in number; and that you yourself go out among them.|en
875|17|12|12|這樣，我們在何處遇見他，就下到他那裡，如同露水下在地上一般，連他帶跟隨他的人，一個也不留下。|zh
876|17|12|12|Then we will come on him in some place, wherever he may be, falling on him as the dew comes on the earth: and of him and all the men who are with him not one will get away with his life.|en
877|17|13|13|他若進了哪一座城，以色列眾人必帶繩子去，將那城拉到河裡，甚至連一塊小石頭都不剩下。|zh
878|17|13|13|And if he has gone into some town, then let all Israel take strong cords to that town, and we will have it pulled into the valley, till not one small stone is to be seen there.|en
879|17|14|14|押沙龍和以色列眾人說：亞基人戶篩的計謀比亞希多弗的計謀更好！這是因耶和華定意破壞亞希多弗的良謀，為要降禍與押沙龍。|zh
880|17|14|14|Then Absalom and all the men of Israel said, Hushai's suggestion is better than that of Ahithophel. For it was the purpose of the Lord to make the wise designs of Ahithophel without effect, so that the Lord might send evil on Absalom.|en
881|17|15|15|戶篩對祭司撒督和亞比亞他說：亞希多弗為押沙龍和以色列的長老所定的計謀是如此如此，我所定的計謀是如此如此。|zh
882|17|15|15|Then Hushai said to Zadok and Abiathar, the priests, This is the suggestion made by Ahithophel to Absalom and the responsible men of Israel, and this is what I said to them.|en
883|17|16|16|現在你們要急速打發人去，告訴大衛說：今夜不可住在曠野的渡口，務要過河，免得王和跟隨他的人都被吞滅。|zh
884|17|16|16|So now send the news quickly to David, and say, Do not take your night's rest by the way across the river to the waste land, but be certain to go over; or the king and all the people with him will come to destruction.|en
885|17|17|17|那時，約拿單和亞希瑪斯在隱羅結那裡等候，不敢進城，恐怕被人看見。有一個使女出來，將這話告訴他們，他們就去報信給大衛王。|zh
886|17|17|17|Now Jonathan and Ahimaaz were waiting by En-rogel; and a servant-girl went from time to time and gave them news and they went with the news to King David, for it was not wise for them to let themselves be seen coming into the town.|en
887|17|18|18|然而有一個童子看見他們，就去告訴押沙龍。他們急忙跑到巴戶琳某人的家裡；那人院中有一口井，他們就下到井裡。|zh
888|17|18|18|But a boy saw them, and gave word of it to Absalom: so the two of them went away quickly, and came to the house of a man in Bahurim who had a water-hole in his garden, and they went down into it.|en
889|17|19|19|那家的婦人用蓋蓋上井口，又在上頭鋪上碎麥，事就沒有洩漏。|zh
890|17|19|19|And a woman put a cover over the hole, and put crushed grain on top of it, and no one had any knowledge of it.|en
891|17|20|20|押沙龍的僕人來到那家，問婦人說：亞希瑪斯和約拿單在哪裡？婦人說：他們過了河了。僕人找他們，找不著，就回耶路撒冷去了。|zh
892|17|20|20|And Absalom's servants came to the woman at the house and said, Where are Ahimaaz and Jonathan? And the woman said to them, They have gone from here to the stream. And after searching for them, and seeing nothing of them, they went back to Jerusalem.|en
893|17|21|21|他們走後，二人從井裡上來，去告訴大衛王說：亞希多弗如此如此定計害你，你們務要起來，快快過河。|zh
894|17|21|21|Then after the servants had gone away, they came up out of the water-hole and went to give King David the news; and they said, Get up and go quickly over the water, for such and such are Ahithophel's designs against you.|en
895|17|22|22|於是大衛和跟隨他的人都起來，過約但河。到了天亮，無一人不過約但河的。|zh
896|17|22|22|So David and all the people who were with him went up over Jordan: when dawn came, every one of them had gone over Jordan.|en
897|17|23|23|亞希多弗見不依從他的計謀，就備上驢，歸回本城；到了家，留下遺言，便吊死了，葬在他父親的墳墓裡。|zh
898|17|23|23|Now when Ahithophel saw that his suggestion was not acted on, he got his ass ready, and went back to his house, to the town where he came from, and having put his house in order, he put himself to death by hanging; so he came to his end and was put in the resting-place of his father.|en
899|17|24|24|大衛到了瑪哈念，押沙龍和跟隨他的以色列人也都過了約但河。|zh
900|17|24|24|And David came to Mahanaim. And Absalom, with all the men of Israel, went over Jordan.|en
901|17|25|25|押沙龍立亞瑪撒作元帥，代替約押。亞瑪撒是以實瑪利人（又作以色列人）以特拉的兒子。以特拉曾與拿轄的女兒亞比該親近；這亞比該與約押的母親洗魯雅是姊妹。|zh
902|17|25|25|And Absalom put Amasa at the head of the army in place of Joab. Now Amasa was the son of a man named Ithra the Ishmaelite, who had been the lover of Abigail, the daughter of Jesse, sister of Zeruiah, Joab's mother.|en
903|17|26|26|押沙龍和以色列人都安營在基列地。|zh
904|17|26|26|And Israel and Absalom put up their tents in the land of Gilead.|en
905|17|27|27|大衛到了瑪哈念，亞捫族的拉巴人拿轄的兒子朔比，羅底巴人亞米利的兒子瑪吉，基列的羅基琳人巴西萊，|zh
906|17|27|27|Now when David had come to Mahanaim, Shobi, the son of Nahash of Rabbah, the Ammonite, and Machir, the son of Ammiel of Lo-debar, and Barzillai the Gileadite of Rogelim,|en
907|17|28|28|帶著被、褥、盆、碗、瓦器、小麥、大麥、麥麵、炒穀、豆子、紅豆、炒豆、|zh
908|17|28|28|Came with beds and basins and pots, and grain and meal, and all sorts of dry foods,|en
909|17|29|29|蜂蜜、奶油、綿羊、奶餅，供給大衛和跟隨他的人吃；他們說：民在曠野，必飢渴困乏了。|zh
910|17|29|29|And honey and butter and sheep and milk-cheeses, for David and his people: for they said, This people is in the waste land, needing food and drink and rest.|en
911|18|1|1|大衛數點跟隨他的人，立千夫長、百夫長率領他們。|zh
912|18|1|1|And David had the people who were with him numbered, and he put over them captains of thousands and captains of hundreds.|en
913|18|2|2|大衛打發軍兵出戰，分為三隊：一隊在約押手下，一隊在洗魯雅的兒子、約押兄弟亞比篩手下，一隊在迦特人以太手下。大衛對軍兵說：我必與你們一同出戰。|zh
914|18|2|2|And David sent the people out, a third of them under the orders of Joab, and a third under the orders of Abishai, son of Zeruiah, Joab's brother, and a third under Ittai the Gittite. And the king said to the people, And I myself will certainly go out with you.|en
915|18|3|3|軍兵卻說：你不可出戰。若是我們逃跑，敵人必不介意；我們陣亡一半，敵人也不介意。因為你一人強似我們萬人，你不如在城裡預備幫助我們。|zh
916|18|3|3|But the people said, It is better for you not to go out: for if we are put to flight, they will not give a thought to us, and if death overtakes half of us, it will be nothing to them: but you are of more value than ten thousand of us: so it is better for you to be ready to come to our help from this town.|en
917|18|4|4|王向他們說：你們以為怎樣好，我就怎樣行。於是王站在城門旁，軍兵或百或千地挨次出去了。|zh
918|18|4|4|And the king said to them, I will do whatever seems best to you. So the king took his place by the door of the town, and all the people went out by hundreds and by thousands.|en
919|18|5|5|王囑咐約押、亞比篩、以太說：你們要為我的緣故寬待那少年人押沙龍。王為押沙龍囑咐眾將的話，兵都聽見了。|zh
920|18|5|5|And the king gave orders to Joab and Abishai and Ittai, saying, Because of me, be gentle to the young man Absalom. And this order about Absalom was given in the hearing of all the people.|en
921|18|6|6|兵就出到田野迎著以色列人，在以法蓮樹林裡交戰。|zh
922|18|6|6|So the people went out into the field against Israel, and the fight took place in the woods of Ephraim.|en
923|18|7|7|以色列人敗在大衛的僕人面前；那日陣亡的甚多，共有二萬人。|zh
924|18|7|7|And the people of Israel were overcome there by the servants of David, and there was a great destruction that day, and twenty thousand men were put to the sword.|en
925|18|8|8|因為在那裡四面打仗，死於樹林的比死於刀劍的更多。|zh
926|18|8|8|And the fighting went on over all the face of the country: and the woods were responsible for more deaths than the sword.|en
927|18|9|9|押沙龍偶然遇見大衛的僕人。押沙龍騎著騾子，從大橡樹密枝底下經過，他的頭髮被樹枝繞住，就懸掛起來，所騎的騾子便離他去了。|zh
928|18|9|9|And Absalom came across some of David's men. And Absalom was seated on his mule, and the mule went under the thick branches of a great tree, and his head became fixed in the tree and he was lifted up between earth and heaven, and the beast under him went on.|en
929|18|10|10|有個人看見，就告訴約押說：我看見押沙龍掛在橡樹上了。|zh
930|18|10|10|And a certain man saw it and said to Joab, I saw Absalom hanging in a tree.|en
931|18|11|11|約押對報信的人說：你既看見他，為甚麼不將他打死落在地上呢？你若打死他，我就賞你十舍客勒銀子，一條帶子。|zh
932|18|11|11|And Joab said to the man who had given him the news, If you saw this, why did you not put your sword through him, and I would have given you ten bits of silver and a band for your robe?|en
933|18|12|12|那人對約押說：我就是得你一千舍客勒銀子，我也不敢伸手害王的兒子；因為我們聽見王囑咐你和亞比篩並以太說：你們要謹慎，不可害那少年人押沙龍。|zh
934|18|12|12|And the man said to Joab, Even if you gave me a thousand bits of silver, I would not put out my hand against the king's son: for in our hearing the king gave orders to you and Abishai and Ittai, saying, Take care that the young man Absalom is not touched.|en
935|18|13|13|我若妄為害了他的性命，就是你自己也必與我為敵（原來，無論何事都瞞不過王。）|zh
936|18|13|13|And if I had falsely put him to death (and nothing may be kept secret from the king), you would have had nothing to do with me.|en
937|18|14|14|約押說：我不能與你留連。約押手拿三杆短槍，趁押沙龍在橡樹上還活著，就刺透他的心。|zh
938|18|14|14|Then Joab said, I would have made it safe for you. And he took three spears in his hand, and put them through Absalom's heart, while he was still living, in the branches of the tree.|en
939|18|15|15|給約押拿兵器的十個少年人圍繞押沙龍，將他殺死。|zh
940|18|15|15|And ten young men, servants of Joab, came round Absalom and put an end to him.|en
941|18|16|16|約押吹角，攔阻眾人，他們就回來，不再追趕以色列人。|zh
942|18|16|16|And Joab had the horn sounded, and the people came back from going after Israel, for Joab kept them back.|en
943|18|17|17|他們將押沙龍丟在林中一個大坑裡，上頭堆起一大堆石頭。以色列眾人都逃跑，各回各家去了。|zh
944|18|17|17|And they took Absalom's body and put it into a great hole in the wood, and put a great mass of stones over it: and every man of Israel went in flight to his tent.|en
945|18|18|18|押沙龍活著的時候，在王谷立了一根石柱，因他說：我沒有兒子為我留名。他就以自己的名稱那石柱叫押沙龍柱，直到今日。|zh
946|18|18|18|Now Absalom, before his death, had put up for himself a pillar in the king's valley, naming it after himself; for he said, I have no son to keep my name in memory: and to this day it is named Absalom's pillar.|en
947|18|19|19|撒督的兒子亞希瑪斯說：容我跑去，將耶和華向仇敵給王報仇的信息報與王知。|zh
948|18|19|19|Then Ahimaaz, the son of Zadok, said, Let me go and give the king news of how the Lord has done right in his cause against those who took up arms against him.|en
949|18|20|20|約押對他說：你今日不可去報信，改日可以報信；因為今日王的兒子死了，所以你不可去報信。|zh
950|18|20|20|And Joab said, You will take no news today; another day you may give him the news, but you will take no news today, because the king's son is dead.|en
951|18|21|21|約押對古示人說：你去將你所看見的告訴王。古示人在約押面前下拜，就跑去了。|zh
952|18|21|21|Then Joab said to the Cushite, Go and give the king word of what you have seen. And the Cushite, making a sign of respect to Joab, went off running.|en
953|18|22|22|撒督的兒子亞希瑪斯又對約押說：無論怎樣，求你容我隨著古示人跑去。約押說：我兒，你報這信息，既不得賞賜，何必要跑去呢？|zh
954|18|22|22|Then Ahimaaz, the son of Zadok, said to Joab again, Whatever may come of it, let me go after the Cushite. And Joab said, Why have you a desire to go, my son, seeing that you will get no reward for your news?|en
955|18|23|23|他又說：無論怎樣，我要跑去。約押說：你跑去罷！亞希瑪斯就從平原往前跑，跑過古示人去了。|zh
956|18|23|23|Whatever may come of it, he said, I will go. Then he said to him, Go. So Ahimaaz went running by the lowland road and overtook the Cushite.|en
957|18|24|24|大衛正坐在城甕裡。守望的人上城門樓的頂上，舉目觀看，見有一個人獨自跑來。|zh
958|18|24|24|Now David was seated between the two town doors; and the watchman went up to the roof of the doorways, on the wall, and, lifting up his eyes, saw a man running by himself.|en
959|18|25|25|守望的人就大聲告訴王。王說：他若獨自來，必是報口信的。那人跑得漸漸近了。|zh
960|18|25|25|And the watchman gave news of it to the king. And the king said, If he is coming by himself, then he has news. And the man was travelling quickly, and came near.|en
961|18|26|26|守望的人又見一人跑來，就對守城門的人說：又有一人獨自跑來。王說：這也必是報信的。|zh
962|18|26|26|Then the watchman saw another man running: and crying out in the direction of the door he said, Here is another man running by himself. And the king said, He, like the other, comes with news.|en
963|18|27|27|守望的人說：我看前頭人的跑法，好像撒督的兒子亞希瑪斯的跑法一樣。王說：他是個好人，必是報好信息。|zh
964|18|27|27|And the watchman said, It seems to me that the running of the first is like the running of Ahimaaz, the son of Zadok. And the king said, He is a good man, and his news will be good.|en
965|18|28|28|亞希瑪斯向王呼叫說：平安了！就在王面前臉伏於地叩拜，說：耶和華─你的神是應當稱頌的，因他已將那舉手攻擊我主我王的人交給王了。|zh
966|18|28|28|And Ahimaaz, crying out to the king, said, It is well. And falling down before the king, with his face to the earth, he said, May the Lord your God be praised, who has given up the men who took up arms against my lord the king!|en
967|18|29|29|王問說：少年人押沙龍平安不平安？亞希瑪斯回答說：約押打發王的僕人，那時僕人聽見眾民大聲喧嘩，卻不知道是甚麼事。|zh
968|18|29|29|And the king said, Is it well with the young man Absalom? And Ahimaaz said in answer, When Joab sent me, your servant, I saw a great outcry going on, but I had no knowledge of what it was.|en
969|18|30|30|王說：你退去，站在旁邊。他就退去，站在旁邊。|zh
970|18|30|30|And the king said, Get back and take your place here. So turning to one side, he took his place there.|en
971|18|31|31|古示人也來到，說：有信息報給我主我王！耶和華今日向一切興起攻擊你的人給你報仇了。|zh
972|18|31|31|And then the Cushite came and said, I have news for my lord the king: today the Lord has done right in your cause against all those who took up arms against you.|en
973|18|32|32|王問古示人說：少年人押沙龍平安不平安？古示人回答說：願我主我王的仇敵，和一切興起要殺害你的人，都與那少年人一樣。|zh
974|18|32|32|And the king said to the Cushite, Is the young man Absalom safe? And the Cushite said in answer, May all the king's haters and those who do evil against the king, be as that young man is!|en
975|18|33|33|王就心裡傷慟，上城門樓去哀哭，一面走一面說：我兒押沙龍啊！我兒，我兒押沙龍啊！我恨不得替你死，押沙龍啊，我兒！我兒！|zh
976|18|33|33|Then the king was much moved, and went up into the room over the door, weeping, and saying, O my son Absalom, my son, my son Absalom! if only my life might have been given for yours, O Absalom, my son, my son!|en
977|19|1|1|有人告訴約押說：王為押沙龍哭泣悲哀。|zh
978|19|1|1|And word was given to Joab that the king was weeping and sorrowing for Absalom.|en
979|19|2|2|眾民聽說王為他兒子憂愁，他們得勝的歡樂卻變成悲哀。|zh
980|19|2|2|And the salvation of that day was changed to sorrow for all the people: for it was said to the people, The king is in bitter grief for his son.|en
981|19|3|3|那日眾民暗暗地進城，就如敗陣逃跑、慚愧的民一般。|zh
982|19|3|3|And the people made their way back to the town quietly and secretly, as those who are shamed go secretly when they go in flight from the war.|en
983|19|4|4|王蒙著臉，大聲哭號說：我兒押沙龍啊！押沙龍，我兒，我兒啊！|zh
984|19|4|4|But the king, covering his face, gave a great cry, O my son Absalom, O Absalom, my son, my son!|en
985|19|5|5|約押進去見王，說：你今日使你一切僕人臉面慚愧了！他們今日救了你的性命和你兒女妻妾的性命，|zh
986|19|5|5|And Joab came into the house to the king and said, Today you have put to shame the faces of all your servants who even now have kept you and your sons and your daughters and your wives and all your women safe from death;|en
987|19|6|6|你卻愛那恨你的人，恨那愛你的人。你今日明明地不以將帥、僕人為念。我今日看明，若押沙龍活著，我們都死亡，你就喜悅了。|zh
988|19|6|6|For your haters, it seems, are dear to you, and your friends are hated. For you have made it clear that captains and servants are nothing to you: and now I see that if Absalom was living and we had all been dead today, it would have been right in your eyes.|en
989|19|7|7|現在你當出去，安慰你僕人的心。我指著耶和華起誓：你若不出去，今夜必無一人與你同在一處；這禍患就比你從幼年到如今所遭的更甚！|zh
990|19|7|7|So get up now, and go out and say some kind words to your servants; for, by the Lord, I give you my oath, that if you do not go out, not one of them will keep with you tonight; and that will be worse for you than all the evil which has overtaken you from your earliest years.|en
991|19|8|8|於是王起來，坐在城門口。眾民聽說王坐在城門口，就都到王面前。以色列人已經逃跑，各回各家.去了。|zh
992|19|8|8|Then the king got up and took his seat near the town-door. And word was given to all the people that the king was in the public place: and all the people came before the king. Now all the men of Israel had gone back in flight to their tents.|en
993|19|9|9|以色列眾支派的人紛紛議論說：王曾救我們脫離仇敵的手，又救我們脫離非利士人的手，現在他躲避押沙龍逃走了。|zh
994|19|9|9|And through all the tribes of Israel the people were having arguments, saying, The king made us safe from the hands of those who were against us and made us free from the hands of the Philistines; and now he has gone in flight from the land, because of Absalom.|en
995|19|10|10|我們膏押沙龍治理我們，他已經陣亡。現在為甚麼不出一言請王回來呢？|zh
996|19|10|10|And Absalom, whom we made a ruler over us, is dead in the fight. So now why do you say nothing about getting the king back? And word of what all Israel was saying came to the king.|en
997|19|11|11|大衛王差人去見祭司撒督和亞比亞他，說：你們當向猶大長老說：以色列眾人已經有話請王回宮，你們為甚麼落在他們後頭呢？|zh
998|19|11|11|And King David sent word to Zadok and Abiathar, the priests, Say to the responsible men of Judah, Why are you the last to take steps to get the king back to his house?|en
999|19|12|12|你們是我的弟兄，是我的骨肉，為甚麼在人後頭請王回來呢？|zh
1000|19|12|12|You are my brothers, my bone and my flesh; why are you the last to get the king back again?|en
1001|19|13|13|也要對亞瑪撒說：你不是我的骨肉麼？我若不立你替約押常作元帥，願神重重地降罰與我！|zh
1002|19|13|13|And say to Amasa, Are you not my bone and my flesh? May God's punishment be on me, if I do not make you chief of the army before me at all times in place of Joab!|en
1003|19|14|14|如此就挽回猶大眾人的心，如同一人的心。他們便打發人去見王，說：請王和王的一切臣僕回來。|zh
1004|19|14|14|And the hearts of the men of Judah were moved like one man; so that they sent to the king, saying, Come back, with all your servants.|en
1005|19|15|15|王就回來，到了約但河。猶大人來到吉甲，要去迎接王，請他過約但河。|zh
1006|19|15|15|So the king came back, and came as far as Jordan. And Judah came to Gilgal, meeting the king there, to take him back with them over Jordan.|en
1007|19|16|16|巴戶琳的便雅憫人、基拉的兒子示每急忙與猶大人一同下去迎接大衛王。|zh
1008|19|16|16|And Shimei, the son of Gera, the Benjamite from Bahurim, got up quickly and went down with the men of Judah for the purpose of meeting King David;|en
1009|19|17|17|跟從示每的有一千便雅憫人，還有掃羅家的僕人洗巴和他十五個兒子，二十個僕人；他們都逿過約但河迎接王。|zh
1010|19|17|17|And with him a thousand men of Benjamin, and Ziba, the servant of Saul, with his fifteen sons and twenty servants, came rushing to Jordan before the king,|en
1011|19|18|18|有擺渡船過去，渡王的家眷，任王使用。王要過約但河的時候，基拉的兒子示每就俯伏在王面前，|zh
1012|19|18|18|And kept going across the river to take the people of the king's house over, and to do whatever was desired by the king. And Shimei, the son of Gera, went down on his face in the dust before the king, when he was about to go over Jordan,|en
1013|19|19|19|對王說：我主我王出耶路撒冷的時候，僕人行悖逆的事，現在求我主不要因此加罪與僕人，不要記念，也不要放在心上。|zh
1014|19|19|19|And said to him, Let me not be judged as a sinner in your eyes, O my lord, and do not keep in mind the wrong I did on the day when my lord the king went out of Jerusalem, or take it to heart.|en
1015|19|20|20|僕人明知自己有罪，所以約瑟全家之中，今日我首先下來迎接我主我王。|zh
1016|19|20|20|For your servant is conscious of his sin: and so, as you see, I have come today, the first of all the sons of Joseph, for the purpose of meeting my lord the king.|en
1017|19|21|21|洗魯雅的兒子亞比篩說：示每既咒罵耶和華的受膏者，不應當治死他麼？|zh
1018|19|21|21|But Abishai, the son of Zeruiah, said, Is not death the right fate for Shimei, because he has been cursing the one marked by the holy oil?|en
1019|19|22|22|大衛說：洗魯雅的兒子，我與你們有何關涉，使你們今日與我反對呢？今日在以色列中豈可治死人呢？我豈不知今日我作以色列的王麼？|zh
1020|19|22|22|And David said, What have I to do with you, you sons of Zeruiah, that you put yourselves against me today? is it right for any man in Israel to be put to death today? for I am certain today that I am king in Israel.|en
1021|19|23|23|於是王對示每說：你必不死。王就向他起誓。|zh
1022|19|23|23|So the king said to Shimei, You will not be put to death. And the king gave him his oath.|en
1023|19|24|24|掃羅的孫子米非波設也下去迎接王。他自從王去的日子，直到王平平安安地回來，沒有修腳，沒有剃鬍鬚，也沒有洗衣服。|zh
1024|19|24|24|And Mephibosheth, the son of Saul's son, came down for the purpose of meeting the king; his feet had not been cared for or his hair cut or his clothing washed from the day when the king went away till the day when he came back in peace.|en
1025|19|25|25|他來到耶路撒冷迎接王的時候，王問他說：米非波設，你為甚麼沒有與我同去呢？|zh
1026|19|25|25|Now when he had come from Jerusalem to see the king, the king said to him, Why did you not come with me, Mephibosheth?|en
1027|19|26|26|他回答說：我主我王，僕人是瘸腿的。那日我想要備驢騎上，與王同去，無奈我的僕人欺哄了我，|zh
1028|19|26|26|And he said in answer, Because of the deceit of my servant, my lord king: for I, your servant, said to him, You are to make ready an ass and on it I will go with the king, for your servant has not the use of his feet.|en
1029|19|27|27|又在我主我王面前讒毀我。然而我主我王如同神的使者一般，你看怎樣好，就怎樣行罷！|zh
1030|19|27|27|He has given you a false account of me: but my lord the king is like the angel of God: do then whatever seems good to you.|en
1031|19|28|28|因為我祖全家的人，在我主我王面前都算為死人，王卻使僕人在王的席上同人吃飯，我現在向王還能辨理訴冤麼？|zh
1032|19|28|28|For all my father's family were only dead men before my lord the king: and still you put your servant among those whose place is at the king's table. What right then have I to say anything more to the king?|en
1033|19|29|29|王對他說：你何必再提你的事呢？我說，你與洗巴均分地土。|zh
1034|19|29|29|And the king said, Say nothing more about these things. I say, Let there be a division of the land between Ziba and you.|en
1035|19|30|30|米非波設對王說：我主我王既平平安安地回宮，就任憑洗巴都取了也可以。|zh
1036|19|30|30|And Mephibosheth said, Let him take it all, now that my lord the king has come back to his house in peace!|en
1037|19|31|31|基列人巴西萊從羅基琳下來，要送王過約但河，就與王一同過了約但河。|zh
1038|19|31|31|And Barzillai the Gileadite came down from Rogelim; and he went on as far as Jordan with the king to take him across Jordan.|en
1039|19|32|32|巴西萊年紀老邁，已經八十歲了。王住在瑪哈念的時候，他就拿食物來供給王；他原是大富戶。|zh
1040|19|32|32|Now Barzillai was a very old man, as much as eighty years old: and he had given the king everything he had need of, while he was at Mahanaim, for he was a very great man.|en
1041|19|33|33|王對巴西萊說：你與我同去，我要在耶路撒冷那裡養你的老。|zh
1042|19|33|33|And the king said to Barzillai, Come over with me, and I will take care of you in Jerusalem.|en
1043|19|34|34|巴西萊對王說：我在世的年日還能有多少，使我與王同上耶路撒冷呢？|zh
1044|19|34|34|And Barzillai said to the king, How much of my life is still before me, for me to go up to Jerusalem with the king?|en
1045|19|35|35|僕人現在八十歲了，還能嘗出飲食的滋味、辨別美惡麼？還能聽男女歌唱的聲音麼？僕人何必累贅我主我王呢？|zh
1046|19|35|35|I am now eighty years old: good and bad are the same to me; have meat and drink any taste for me now? am I able to take pleasure in the voices of men or women in song? why then am I to be a trouble to my lord the king?|en
1047|19|36|36|僕人只要送王過約但河，王何必賜我這樣的恩典呢？|zh
1048|19|36|36|Your servant's desire was only to take the king over Jordan; why is the king to give me such a reward?|en
1049|19|37|37|求你准我回去，好死在我本城，葬在我父母的墓旁。這裡有王的僕人金罕，讓他同我主我王過去，可以隨意待他。|zh
1050|19|37|37|Let your servant now go back again, so that when death comes to me, it may be in my town and by the resting-place of my father and mother. But here is your servant Chimham: let him go with my lord the king, and do for him what seems good to you.|en
1051|19|38|38|王說：金罕可以與我同去，我必照你的心願待他。你向我求甚麼，我都必為你成就。|zh
1052|19|38|38|And the king said in answer, Let Chimham go over with me, and I will do for him whatever seems good to you: and whatever your desire is, I will do it for you.|en
1053|19|39|39|於是眾民過約但河，王也過去。王與巴西萊親嘴，為他祝福，巴西萊就回本地去了。|zh
1054|19|39|39|Then all the people went over Jordan, and the king went over: and the king gave Barzillai a kiss, with his blessing; and he went back to his place.|en
1055|19|40|40|王過去，到了吉甲，金罕也跟他過去。猶大眾民和以色列民的一半也都送王過去。|zh
1056|19|40|40|So the king went over to Gilgal, and Chimham went with him: and all the people of Judah, as well as half the people of Israel, took the king on his way.|en
1057|19|41|41|以色列眾人來見王，對他說：我們弟兄猶大人為甚麼暗暗送王和王的家眷，並跟隨王的人過約但河？|zh
1058|19|41|41|Then the men of Israel came to the king and said, Why have our countrymen of Judah taken you away in secret and come over Jordan with the king and all his family, because all his people are David's men?|en
1059|19|42|42|猶大眾人回答以色列人說：因為王與我們是親屬，你們為何因這事發怒呢？我們吃了王的甚麼呢？王賞賜了我們甚麼呢？|zh
1060|19|42|42|And all the men of Judah gave this answer to the men of Israel, Because the king is our near relation: why then are you angry about this? have we taken any of the king's food, or has he given us any offering?|en
1061|19|43|43|以色列人回答猶大人說：按支派，我們與王有十分的情分；在大衛身上，我們也比你們更有情分。你們為何藐視我們，請王回來不先與我們商量呢？但猶大人的話比以色列人的話更硬。|zh
1062|19|43|43|And in answer to the men of Judah, the men of Israel said, We have ten parts in the king, and we are the first in order of birth: why did you make nothing of us? and were we not the first to make suggestions for getting the king back? And the words of the men of Judah were more violent than the words of the men of Israel.|en
1063|20|1|1|在那裡恰巧有一個匪徒，名叫示巴，是便雅憫人比基利的兒子。他吹角，說：我們與大衛無分，與耶西的兒子無涉。以色列人哪，你們各回各家去罷！|zh
1064|20|1|1|Now by chance there was present a good-for-nothing person named Sheba, the son of Bichri, a Benjamite: and he, sounding the horn, said, We have no part in David, or any interest in the son of Jesse: let every man go to his tent, O Israel.|en
1065|20|2|2|於是以色列人都離開大衛，跟隨比基利的兒子示巴。但猶大人從約但河直到耶路撒冷，都緊緊跟隨他們的王。|zh
1066|20|2|2|So all the men of Israel, turning away from David, went after Sheba, the son of Bichri: but the men of Judah were true to their king, going with him from Jordan as far as Jerusalem.|en
1067|20|3|3|大衛王來到耶路撒冷，進了宮殿，就把從前留下看守宮殿的十個妃嬪禁閉在冷宮，養活他們，不與他們親近。他們如同寡婦被禁，直到死的日子。|zh
1068|20|3|3|And David came to his house at Jerusalem: and the king took the ten women to whom he had given the care of the house, and had them shut up, and gave them the necessaries of life, but did not go near them. So they were shut up till the day of their death, living as widows.|en
1069|20|4|4|王對亞瑪撒說：你要在三日之內將猶大人招聚了來，你也回到這裡來。|zh
1070|20|4|4|Then the king said to Amasa, Get all the men of Judah together, and in three days be here yourself.|en
1071|20|5|5|亞瑪撒就去招聚猶大人，卻耽延過了王所限的日期。|zh
1072|20|5|5|So Amasa went to get all the men of Judah together, but he took longer than the time David had given him.|en
1073|20|6|6|大衛對亞比篩說：現在恐怕比基利的兒子示巴加害於我們比押沙龍更甚。你要帶領你主的僕人追趕他，免得他得了堅固城，躲避我們。|zh
1074|20|6|6|And David said to Abishai, Sheba, the son of Bichri, will do us more damage than Absalom did; so take some of your lord's servants and go after him, before he makes himself safe in the walled towns, and gets away before our eyes.|en
1075|20|7|7|約押的人和基利提人、比利提人，並所有的勇士，都跟著亞比篩，從耶路撒冷出去追趕比基利的兒子示巴。|zh
1076|20|7|7|So there went after Abishai, Joab and the Cherethites and the Pelethites and all the fighting-men; they went out of Jerusalem to overtake Sheba, the son of Bichri.|en
1077|20|8|8|他們到了基遍的大磐石那裡，亞瑪撒來迎接他們。那時約押穿著戰衣，腰束佩刀的帶子，刀在鞘內；約押前行，刀從鞘內掉出來。|zh
1078|20|8|8|When they were at the great stone which is in Gibeon, Amasa came face to face with them. Now Joab had on his war-dress, and round him a band from which his sword was hanging in its cover; and while he was walking, it came out, falling to the earth.|en
1079|20|9|9|約押左手拾起刀來，對亞瑪撒說：我兄弟，你好啊！就用右手抓住亞瑪撒的鬍子，要與他親嘴。|zh
1080|20|9|9|And Joab said to Amasa, Is it well, my brother? And with his right hand he took him by the hair of his chin to give him a kiss.|en
1081|20|10|10|亞瑪撒沒有防備約押手裡所拿的刀；約押用刀刺入他的肚腹，他的腸子流在地上，沒有再刺他，就死了。約押和他兄弟亞比篩往前追趕比基利的兒子示巴。|zh
1082|20|10|10|But Amasa did not see danger from the sword which was now in Joab's left hand, and Joab put it through his stomach so that his inside came out on to the earth, and he did not give him another blow. So Joab and his brother Abishai went on after Sheba, the son of Bichri.|en
1083|20|11|11|有約押的一個少年人站在亞瑪撒屍身旁邊，對眾人說：誰喜悅約押，誰歸順大衛，就當跟隨約押去。|zh
1084|20|11|11|And one of Joab's young men, taking his place at Amasa's side, said, Whoever is for Joab and for David, let him go after Joab!|en
1085|20|12|12|亞瑪撒在道路上滾在自己的血裡。那人見眾民經過都站住，就把亞瑪撒的屍身從路上挪到田間，用衣服遮蓋。|zh
1086|20|12|12|And Amasa was stretched out in a pool of blood in the middle of the highway. And when the man saw that all the people were stopping, he took Amasa out of the highway and put him in a field, with a cloth over him, when he saw that everyone who went by came to a stop.|en
1087|20|13|13|屍身從路上挪移之後，眾民就都跟隨約押去追趕比基利的兒子示巴。|zh
1088|20|13|13|When he had been taken off the road, all the people went on after Joab in search of Sheba, the son of Bichri.|en
1089|20|14|14|他走遍以色列各支派，直到伯瑪迦的亞比拉，並比利人的全地；那些地方的人也都聚集跟隨他。|zh
1090|20|14|14|And Sheba went through all the tribes of Israel, to Abel of Beth-maacah; and all the Bichrites came together and went in after him.|en
1091|20|15|15|約押和跟隨的人到了伯瑪迦的亞比拉，圍困示巴，就對著城築壘；跟隨約押的眾民用錘撞城，要使城塌陷。|zh
1092|20|15|15|And Joab and his men got him shut up in Abel of Beth-maacah, and put up an earthwork against the town: and all Joab's men did their best to get the wall broken down.|en
1093|20|16|16|有一個聰明婦人從城上呼叫說：聽啊，聽啊，請約押近前來，我好與他說話。|zh
1094|20|16|16|Then a wise woman got up on the wall, and crying out from the town, said, Give ear, give ear; say now to Joab, Come near, so that I may have talk with you.|en
1095|20|17|17|約押就近前來，婦人問他說：你是約押不是？他說：我是。婦人說：求你聽婢女的話。約押說：我聽。|zh
1096|20|17|17|And he came near, and the woman said, Are you Joab? And he said in answer, I am. Then she said, Give ear to your servant's words. And he said, I am giving ear.|en
1097|20|18|18|婦人說：古時有話說，當先在亞比拉求問，然後事就定妥。|zh
1098|20|18|18|Then she said, In the old days, there was a saying, Let them put the question in Abel and in Dan, saying, Has what was ordered by men of good faith in Israel ever come to an end?|en
1099|20|19|19|我們這城的人在以色列人中是和平、忠厚的。你為何要毀壞以色列中的大城，吞滅耶和華的產業呢？|zh
1100|20|19|19|Your purpose is the destruction of a mother-town in Israel: why would you put an end to the heritage of the Lord?|en
1101|20|20|20|約押回答說：我決不吞滅毀壞，|zh
1102|20|20|20|And Joab, answering her, said, Far, far be it from me to be a cause of death or destruction;|en
1103|20|21|21|乃因以法蓮山地的一個人─比基利的兒子示巴─舉手攻擊大衛王，你們若將他一人交出來，我便離城而去。婦人對約押說：那人的首級必從城牆上丟給你。|zh
1104|20|21|21|Not so: but a man of the hill-country of Ephraim, Sheba, son of Bichri, by name, has taken up arms against the king, against David: give up this man only, and I will go away from the town. And the woman said to Joab, His head will be dropped over the wall to you.|en
1105|20|22|22|婦人就憑他的智慧去勸眾人。他們便割下比基利的兒子示巴的首級，丟給約押。約押吹角，眾人就離城而散，各歸各家去了。約押回耶路撒冷，到王那裡。|zh
1106|20|22|22|Then the woman in her wisdom had talk with all the town. And they had Sheba's head cut off and sent out to Joab. And he had the horn sounded, and sent them all away from the town, every man to his tent. And Joab went back to Jerusalem to the king.|en
1107|20|23|23|約押作以色列全軍的元帥；耶何耶大的兒子比拿雅統轄基利提人和比利提人；|zh
1108|20|23|23|Now Joab was over all the army; and Benaiah, the son of Jehoiada, was at the head of the Cherethites and the Pelethites;|en
1109|20|24|24|亞多蘭掌管服苦的人；亞希律的兒子約沙法作史官；|zh
1110|20|24|24|And Adoram was overseer of the forced work; and Jehoshaphat, the son of Ahilud, was the recorder;|en
1111|20|25|25|示法作書記；撒督和亞比亞他作祭司長；|zh
1112|20|25|25|And Sheva was the scribe, and Zadok and Abiathar were priests;|en
1113|20|26|26|睚珥人以拉作大衛的宰相。|zh
1114|20|26|26|And in addition, Ira the Jairite was a priest to David.|en
1115|21|1|1|大衛年間有饑荒，一連三年，大衛就求問耶和華。耶和華說：這饑荒是因掃羅和他流人血之家殺死基遍人。|zh
1116|21|1|1|In the days of David they were short of food for three years, year after year; and David went before the Lord for directions. And the Lord said, On Saul and on his family there is blood, because he put the Gibeonites to death.|en
1117|21|2|2|原來這基遍人不是以色列人，乃是亞摩利人中所剩的；以色列人曾向他們起誓，不殺滅他們，掃羅卻為以色列人和猶大人發熱心，想要殺滅他們。大衛王召了他們來，|zh
1118|21|2|2|Then the king sent for the Gibeonites; (now the Gibeonites were not of the children of Israel, but were the last of the Amorites, to whom the children of Israel had given an oath; but Saul, in his passion for the children of Israel and Judah, had made an attempt on their lives:)|en
1119|21|3|3|問他們說：我當為你們怎樣行呢？可用甚麼贖這罪，使你們為耶和華的產業祝福呢？|zh
1120|21|3|3|So David said to the Gibeonites, What may I do for you? how am I to make up to you for your wrongs, so that you may give a blessing to the heritage of the Lord?|en
1121|21|4|4|基遍人回答說：我們和掃羅與他家的事並不關乎金銀，也不要因我們的緣故殺一個以色列人。大衛說：你們怎樣說，我就為你們怎樣行。|zh
1122|21|4|4|And the Gibeonites said to him, It is not a question of silver and gold between us and Saul or his family; and it is not in our power to put to death any man in Israel. And he said, Say, then, what am I to do for you?|en
1123|21|5|5|他們對王說：那從前謀害我們、要滅我們、使我們不得再住以色列境內的人，|zh
1124|21|5|5|And they said to the king, As for the man by whom we were wasted, and who made designs against us to have us completely cut off from the land of Israel,|en
1125|21|6|6|現在願將他的子孫七人交給我們，我們好在耶和華面前，將他們懸掛在耶和華揀選掃羅的基比亞。王說：我必交給你們。|zh
1126|21|6|6|Let seven men of his family be given up to us and we will put an end to them by hanging them before the Lord in Gibeon, on the hill of the Lord. And the king said, I will give them.|en
1127|21|7|7|王因為曾與掃羅的兒子約拿單指著耶和華起誓結盟，就愛惜掃羅的孫子、約拿單的兒子米非波設，不交出來，|zh
1128|21|7|7|But the king did not give up Mephibosheth, the son of Saul's son Jonathan, because of the Lord's oath made between David and Jonathan, the son of Saul.|en
1129|21|8|8|卻把愛雅的女兒利斯巴給掃羅所生的兩個兒子亞摩尼、米非波設，和掃羅女兒米甲的姊姊給米何拉人巴西萊兒子亞得列所生的五個兒子|zh
1130|21|8|8|But the king took Armoni and Mephibosheth, the two sons of Saul to whom Rizpah, the daughter of Aiah, had given birth; and the five sons of Saul's daughter Merab, whose father was Adriel, the son of Barzillai the Meholathite:|en
1131|21|9|9|交在基遍人的手裡。基遍人就把他們，在耶和華面前，懸掛在山上，這七人就一同死亡。被殺的時候正是收割的日子，就是動手割大麥的時候。|zh
1132|21|9|9|And he gave them up to the Gibeonites, and they put them to death, hanging them on the mountain before the Lord; all seven came to their end together in the first days of the grain-cutting, at the start of the cutting of the barley.|en
1133|21|10|10|愛雅的女兒利斯巴用麻布在磐石上搭棚，從動手收割的時候直到天降雨在屍身上的時候，日間不容空中的雀鳥落在屍身上，夜間不讓田野的走獸前來糟踐。|zh
1134|21|10|10|And Rizpah, the daughter of Aiah, took haircloth, placing it on the rock as a bed for herself, from the start of the grain-cutting till rain came down on them from heaven; and she did not let the birds of the air come near them by day, or the beasts of the field by night.|en
1135|21|11|11|有人將掃羅的妃嬪愛雅女兒利斯巴所行的這事告訴大衛。|zh
1136|21|11|11|And news was given to David of what Rizpah, the daughter of Aiah, one of Saul's wives, had done.|en
1137|21|12|12|大衛就去，從基列雅比人那裡將掃羅和他兒子約拿單的骸骨搬了來（是因非利士人從前在基利波殺掃羅，將屍身懸掛在伯珊的街市上，基列雅比人把屍身偷了去。）|zh
1138|21|12|12|And David went and took the bones of Saul and his son Jonathan from the men of Jabesh-gilead, who had taken them away secretly from the public place of Beth-shan, where the Philistines had put them, hanging up the bodies there on the day when they put Saul to death in Gilboa:|en
1139|21|13|13|大衛將掃羅和他兒子約拿單的骸骨從那裡搬了來，又收殮被懸掛七人的骸骨，|zh
1140|21|13|13|And he took the bones of Saul and his son Jonathan from that place; and they got together the bones of those who had been put to death by hanging.|en
1141|21|14|14|將掃羅和他兒子約拿單的骸骨葬在便雅憫的洗拉，在掃羅父親基士的墳墓裡；眾人行了王所吩咐的。此後神垂聽國民所求的。|zh
1142|21|14|14|And they put them with the bones of Saul and his son Jonathan in the resting-place of Kish, his father, in Zela in the country of Benjamin; they did all the king had given them orders to do. And after that, God gave ear to their prayers for the land.|en
1143|21|15|15|非利士人與以色列人打仗；大衛帶領僕人下去，與非利士人接戰，大衛就疲乏了。|zh
1144|21|15|15|And the Philistines went to war again with Israel; and David went down with his people, and while they were at Gob they had a fight with the Philistines:|en
1145|21|16|16|偉人的一個兒子以實比諾要殺大衛；他的銅槍重三百舍客勒，又佩著新刀。|zh
1146|21|16|16|And there came against David one of the offspring of the Rephaim, whose spear was three hundred shekels of brass in weight, and having a new sword, he made an attempt to put David to death.|en
1147|21|17|17|但洗魯雅的兒子亞比篩幫助大衛，攻打非利士人，將他殺死。當日，跟隨大衛的人向大衛起誓說：以後你不可再與我們一同出戰，恐怕熄滅以色列的燈。|zh
1148|21|17|17|But Abishai, the son of Zeruiah, came to his help, and, turning on the Philistine, gave him his death-blow. Then David's men took an oath, and said, Never again are you to go out with us to the fight, so that you may not put out the light of Israel.|en
1149|21|18|18|後來，以色列人在歌伯與非利士人打仗，戶沙人西比該殺了偉人的一個兒子撒弗。|zh
1150|21|18|18|Now after this there was war with the Philistines again at Gob, and Sibbecai the Hushathite put to death Saph, one of the offspring of the Rephaim.|en
1151|21|19|19|又在歌伯與非利士人打仗，伯利恆人雅雷俄珥金的兒子伊勒哈難殺了迦特人歌利亞。這人的槍桿粗如織布的機軸。|zh
1152|21|19|19|And again there was war with the Philistines at Gob, and Elhanan, the son of Jair the Beth-lehemite, put to death Goliath the Gittite, the stem of whose spear was like a cloth-worker's rod.|en
1153|21|20|20|又在迦特打仗，那裡有一個身量高大的人，手腳都是六指，共有二十四個指頭；他也是偉人的兒子。|zh
1154|21|20|20|And again there was war at Gath, where there was a very tall man, who had twenty-four fingers and toes, six fingers on his hands and six toes on his feet; he was one of the offspring of the Rephaim.|en
1155|21|21|21|這人向以色列人罵陣，大衛的哥哥示米亞的兒子約拿單就殺了他。|zh
1156|21|21|21|And when he was purposing to put shame on Israel, Jonathan, the son of Shimei, David's brother, put him to death.|en
1157|21|22|22|這四個人是迦特偉人的兒子，都死在大衛和他僕人的手下。|zh
1158|21|22|22|These four were of the offspring of the Rephaim in Gath; and they came to their end by the hands of David and his servants.|en
1159|22|1|1|當耶和華救大衛脫離一切仇敵和掃羅之手的日子，他向耶和華念這詩，|zh
1160|22|1|1|And David made a song to the Lord in these words, on the day when the Lord made him free from the hands of all his haters, and from the hand of Saul:|en
1161|22|2|2|說：耶和華是我的巖石，我的山寨，我的救主，|zh
1162|22|2|2|And he said, The Lord is my Rock, my walled town, and my saviour, even mine;|en
1163|22|3|3|我的神，我的磐石，我所投靠的。他是我的盾牌，是拯救我的角，是我的高臺，是我的避難所。我的救主啊，你是救我脫離強暴的。|zh
1164|22|3|3|My God, my Rock, in him will I put my faith; my breastplate, and the horn of my salvation, my high tower, and my safe place; my saviour, who keeps me safe from the violent man.|en
1165|22|4|4|我要求告當讚美的耶和華，這樣，我必從仇敵手中被救出來。|zh
1166|22|4|4|I will send up my cry to the Lord, who is to be praised; so will I be made safe from those who are against me.|en
1167|22|5|5|曾有死亡的波浪環繞我，匪類的急流使我驚懼，|zh
1168|22|5|5|For the waves of death came round me, and the seas of evil put me in fear;|en
1169|22|6|6|陰間的繩索纏繞我，死亡的網羅臨到我。|zh
1170|22|6|6|The cords of hell were round me: the nets of death came on me.|en
1171|22|7|7|我在急難中求告耶和華，向我的神呼求。他從殿中聽了我的聲音；我的呼求入了他的耳中。|zh
1172|22|7|7|In my trouble my voice went up to the Lord, and my cry to my God: my voice came to his hearing in his holy Temple, and my prayer came to his ears.|en
1173|22|8|8|那時因他發怒，地就搖撼戰抖；天的根基也震動搖撼。|zh
1174|22|8|8|Then the earth was moved with a violent shock; the bases of heaven were moved and shaking, because he was angry.|en
1175|22|9|9|從他鼻孔冒煙上騰；從他口中發火焚燒，連炭也著了。|zh
1176|22|9|9|There went up a smoke from his nose, and a fire of destruction from his mouth: coals were lighted by it.|en
1177|22|10|10|他又使天下垂，親自降臨；有黑雲在他腳下。|zh
1178|22|10|10|The heavens were bent, so that he might come down; and it was dark under his feet.|en
1179|22|11|11|他坐著基路伯飛行，在風的翅膀上顯現。|zh
1180|22|11|11|And he went through the air, seated on a storm-cloud: going quickly on the wings of the wind.|en
1181|22|12|12|他以黑暗和聚集的水、天空的厚雲為他四圍的行宮。|zh
1182|22|12|12|And he made the dark his tent round him, a mass of waters, thick clouds of the skies.|en
1183|22|13|13|因他面前的光輝炭都著了。|zh
1184|22|13|13|Before his shining light his dark clouds went past, raining ice and coals of fire.|en
1185|22|14|14|耶和華從天上打雷；至高者發出聲音。|zh
1186|22|14|14|The Lord made thunder in the heavens, and the voice of the Highest was sounding out.|en
1187|22|15|15|他射出箭來，使仇敵四散，發出閃電，使他們擾亂。|zh
1188|22|15|15|And he sent out his arrows, driving them in all directions; by his flames of fire they were troubled.|en
1189|22|16|16|耶和華的斥責一發，鼻孔的氣一出，海底就出現，大地的根基也顯露。|zh
1190|22|16|16|Then the deep beds of the sea were seen, and the bases of the world were uncovered, because of the Lord's wrath, because of the breath of his mouth.|en
1191|22|17|17|他從高天伸手抓住我，把我從大水中拉上來。|zh
1192|22|17|17|He sent from on high, he took me, pulling me out of great waters.|en
1193|22|18|18|他救我脫離我的勁敵和那些恨我的人，因為他們比我強盛。|zh
1194|22|18|18|He made me free from my strong hater, from those who were against me, because they were stronger than I.|en
1195|22|19|19|我遭遇災難的日子，他們來攻擊我；但耶和華是我的倚靠。|zh
1196|22|19|19|They came on me in the day of my trouble: but the Lord was my support.|en
1197|22|20|20|他又領我到寬闊之處；他救拔我，因他喜悅我。|zh
1198|22|20|20|He took me out into a wide place; he was my saviour because he had delight in me.|en
1199|22|21|21|耶和華按著我的公義報答我，按著我手中的清潔賞賜我。|zh
1200|22|21|21|The Lord gives me the reward of my righteousness, because my hands are clean before him.|en
1201|22|22|22|因為我遵守了耶和華的道，未曾作惡離開我的神。|zh
1202|22|22|22|For I have kept the ways of the Lord; I have not been turned away in sin from my God.|en
1203|22|23|23|他的一切典章常在我面前；他的律例，我也未曾離棄。|zh
1204|22|23|23|For all his decisions were before me, and I did not put away his laws from me.|en
1205|22|24|24|我在他面前作了完全人；我也保守自己遠離我的罪孽。|zh
1206|22|24|24|And I was upright before him, and I kept myself from sin.|en
1207|22|25|25|所以耶和華按我的公義，按我在他眼前的清潔賞賜我。|zh
1208|22|25|25|Because of this the Lord has given me the reward of my righteousness, because my hands are clean in his eyes.|en
1209|22|26|26|慈愛的人，你以慈愛待他；完全的人，你以完全待他；|zh
1210|22|26|26|On him who has mercy you will have mercy; to the upright you will be upright;|en
1211|22|27|27|清潔的人，你以清潔待他；乖僻的人，你以彎曲待他。|zh
1212|22|27|27|He who is holy will see that you are holy; but to the man whose way is not straight you will be a hard judge.|en
1213|22|28|28|困苦的百姓，你必拯救；但你的眼目察看高傲的人，使他降卑。|zh
1214|22|28|28|For you are the saviour of those who are in trouble; but your eyes are on men of pride, to make them low.|en
1215|22|29|29|耶和華啊，你是我的燈；耶和華必照明我的黑暗。|zh
1216|22|29|29|For you are my light, O Lord; and the Lord will make the dark bright for me.|en
1217|22|30|30|我藉著你衝入敵軍，藉著我的神跳過牆垣。|zh
1218|22|30|30|By your help I have made a way through the wall which was shutting me in: by the help of my God I have gone over a wall.|en
1219|22|31|31|至於神，他的道是完全的；耶和華的話是煉淨的。凡投靠他的，他便作他們的盾牌。|zh
1220|22|31|31|As for God, his way is all good: the word of the Lord is tested; he is a safe cover for all those who put their faith in him.|en
1221|22|32|32|除了耶和華，誰是神呢？除了我們的神，誰是磐石呢？|zh
1222|22|32|32|For who is God but the Lord? and who is a Rock but our God?|en
1223|22|33|33|神是我堅固的保障；他引導完全人行他的路。|zh
1224|22|33|33|God puts a strong band about me, guiding me in a straight way.|en
1225|22|34|34|他使我的腳快如母鹿的蹄，又使我在高處安穩。|zh
1226|22|34|34|He makes my feet like roes' feet, and puts me on high places.|en
1227|22|35|35|他教導我的手能以爭戰，甚至我的膀臂能開銅弓。|zh
1228|22|35|35|He makes my hands expert in war, so that a bow of brass is bent by my arms.|en
1229|22|36|36|你把你的救恩給我作盾牌；你的溫和使我為大。|zh
1230|22|36|36|You have given me the breastplate of your salvation, and your mercy has made me great.|en
1231|22|37|37|你使我腳下的地步寬闊；我的腳未曾滑跌。|zh
1232|22|37|37|You have made my steps wide under me, so that my feet make no slip.|en
1233|22|38|38|我追趕我的仇敵，滅絕了他們，未滅以先，我沒有歸回。|zh
1234|22|38|38|I go after my haters and overtake them; not turning back till they are all overcome.|en
1235|22|39|39|我滅絕了他們，打傷了他們，使他們不能起來；他們都倒在我的腳下。|zh
1236|22|39|39|I have sent destruction on them and given them wounds, so that they are not able to get up: they are stretched under my feet.|en
1237|22|40|40|因為你曾以力量束我的腰，使我能爭戰；你也使那起來攻擊我的都服在我以下。|zh
1238|22|40|40|For I have been armed by you with strength for the fight: you have made low under me those who came out against me.|en
1239|22|41|41|你又使我的仇敵在我面前轉背逃跑，叫我能以剪除那恨我的人。|zh
1240|22|41|41|By you their backs are turned in flight, so that my haters are cut off.|en
1241|22|42|42|他們仰望，卻無人拯救；就是呼求耶和華，他也不應允。|zh
1242|22|42|42|They were crying out, but there was no one to come to their help: even to the Lord, but he gave them no answer.|en
1243|22|43|43|我搗碎他們，如同地上的灰塵，踐踏他們，四散在地，如同街上的泥土。|zh
1244|22|43|43|Then they were crushed as small as the dust of the earth, stamped down under my feet like the waste of the streets.|en
1245|22|44|44|你救我脫離我百姓的爭競，保護我作列國的元首；我素不認識的民必事奉我。|zh
1246|22|44|44|You have made me free from the fightings of my people; you have made me the head of the nations: a people of whom I had no knowledge will be my servants.|en
1247|22|45|45|外邦人要投降我，一聽見我的名聲就必順從我。|zh
1248|22|45|45|Men of other countries will, with false hearts, put themselves under my authority: from the time when my name comes to their ears, they will be ruled by me.|en
1249|22|46|46|外邦人要衰殘，戰戰兢兢地出他們的營寨。|zh
1250|22|46|46|They will be wasted away, they will come out of their secret places shaking with fear.|en
1251|22|47|47|耶和華是活神，願我的磐石被人稱頌！願神─那拯救我的磐石被人尊崇！|zh
1252|22|47|47|The Lord is living; praise be to my Rock, and let the God of my salvation be honoured:|en
1253|22|48|48|這位神就是那為我伸冤、使眾民服在我以下的。|zh
1254|22|48|48|It is God who sends punishment on my haters, and puts peoples under my rule.|en
1255|22|49|49|你救我脫離仇敵，又把我舉起，高過那些起來攻擊我的；你救我脫離強暴的人。|zh
1256|22|49|49|He makes me free from my haters: I am lifted up over those who come up against me: you have made me free from the violent man.|en
1257|22|50|50|耶和華啊，因此我要在外邦中稱謝你，歌頌你的名。|zh
1258|22|50|50|Because of this I will give you praise, O Lord, among the nations, and will make a song of praise to your name.|en
1259|22|51|51|耶和華賜極大的救恩給他所立的王，施慈愛給他的受膏者，就是給大衛和他的後裔，直到永遠！|zh
1260|22|51|51|Great salvation does he give to his king; he has mercy on the king of his selection, David, and on his seed for ever.|en
1261|23|1|1|以下是大衛末了的話。耶西的兒子大衛得居高位，是雅各神所膏的，作以色列的美歌者，說：|zh
1262|23|1|1|Now these are the last words of David. David, the son of Jesse, says, the man who was lifted up on high, the man on whom the God of Jacob put the holy oil, the loved one of Israel's songs, says:|en
1263|23|2|2|耶和華的靈藉著我說：他的話在我口中。|zh
1264|23|2|2|The spirit of the Lord had voice through me, his word was on my tongue.|en
1265|23|3|3|以色列的神、以色列的磐石曉諭我說：那以公義治理人民的，敬畏　神執掌權柄，|zh
1266|23|3|3|The God of Israel said, the word of the Rock of Israel came to me: When an upright king is ruling over men, when he is ruling in the fear of God,|en
1267|23|4|4|他必像日出的晨光，如無雲的清晨，雨後的晴光，使地發生嫩草。|zh
1268|23|4|4|It is as the light of the morning, when the sun comes up, a morning without clouds; making young grass come to life from the earth.|en
1269|23|5|5|我家在神面前並非如此；神卻與我立永遠的約。這約凡事堅穩，關乎我的一切救恩和我一切所想望的，他豈不為我成就麼？|zh
1270|23|5|5|For is not my house so with God? For he has made with me an eternal agreement, ordered in all things and certain: as for all my salvation and all my desire, will he not give it increase?|en
1271|23|6|6|但匪類都必像荊棘被丟棄；人不敢用手拿他；|zh
1272|23|6|6|But the evil-doers, all of them, will be like thorns to be pushed away, because they may not be gripped in the hand:|en
1273|23|7|7|拿他的人必帶鐵器和槍桿，終久他必被火焚燒。|zh
1274|23|7|7|But anyone touching them has to be armed with iron and the rod of a spear; and they will be burned with fire, every one of them.|en
1275|23|8|8|大衛勇士的名字記在下面：他革捫人約設巴設，又稱伊斯尼人亞底挪，他是軍長的統領，一時擊殺了八百人。|zh
1276|23|8|8|These are the names of David's men of war: Ishbaal the Hachmonite, chief of the three; his axe was lifted up against eight hundred put to death at one time.|en
1277|23|9|9|其次是亞合人朵多的兒子以利亞撒。從前非利士人聚集要打仗，以色列人迎著上去，有跟隨大衛的三個勇士向非利士人罵陣，其中有以利亞撒。|zh
1278|23|9|9|After him was Eleazar, the son of Dodai the Ahohite, one of the three great fighters, who was with David in Pas-dammim when the Philistines came together there for the fight; and when the men of Israel had gone in flight,|en
1279|23|10|10|他起來擊殺非利士人，直到手臂疲乏，手黏住刀把。那日耶和華使以色列人大獲全勝；眾民在以利亞撒後頭專奪財物。|zh
1280|23|10|10|He was with David and went on fighting the Philistines till his hand became tired and stiff from gripping his sword: and that day the Lord gave a great salvation, and the people came back after him only to take the goods of the Philistines.|en
1281|23|11|11|其次是哈拉人亞基的兒子沙瑪。一日，非利士人聚集成群，在一塊長滿紅豆的田裡，眾民就在非利士人面前逃跑。|zh
1282|23|11|11|After him was Shammah, the son of Ela the Hararite. And the Philistines came together in Lehi, where there was a bit of land full of seed; and the people went in flight from the Philistines.|en
1283|23|12|12|沙瑪卻站在那田間擊殺非利士人，救護了那田。耶和華使以色列人大獲全勝。|zh
1284|23|12|12|But he kept his place in the middle of the bit of land, and kept back their attack and overcame the Philistines: and the Lord gave a great salvation.|en
1285|23|13|13|收割的時候，有三十個勇士中的三個人下到亞杜蘭洞見大衛。非利士的軍兵在利乏音谷安營。|zh
1286|23|13|13|And three of the thirty went down at the start of the grain-cutting, and they came to David at the strong place of Adullam; and the band of Philistines had taken up their position in the valley of Rephaim.|en
1287|23|14|14|那時大衛在山寨，非利士人的防營在伯利恆。|zh
1288|23|14|14|And at that time David had taken cover in the strong place, and an armed force of the Philistines was in Beth-lehem.|en
1289|23|15|15|大衛渴想，說：甚願有人將伯利恆城門旁、井裡的水打來給我喝。|zh
1290|23|15|15|And David, moved by a strong desire, said, If only someone would give me a drink of water from the water-hole of Beth-lehem, by the doorway into the town!|en
1291|23|16|16|這三個勇士就闖過非利士人的營盤，從伯利恆城門旁的井裡打水，拿來奉給大衛。他卻不肯喝，將水奠在耶和華面前，|zh
1292|23|16|16|And the three men, forcing their way through the Philistine army, got water from the water-hole of Beth-lehem, by the doorway into the town, and took it back to David: but he would not take it, but, draining it out, made an offering of it to the Lord.|en
1293|23|17|17|說：耶和華啊，這三個人冒死去打水；這水好像他們的血一般，我斷不敢喝。如此，大衛不肯喝。這是三個勇士所做的事。|zh
1294|23|17|17|And he said, Far be it from me, O Lord, to do this; how may I take as my drink the life-blood of men who have put their lives in danger? So he would not take it. These things did the three great men of war.|en
1295|23|18|18|洗魯雅的兒子、約押的兄弟亞比篩是這三個勇士的首領；他舉槍殺了三百人，就在三個勇士裡得了名。|zh
1296|23|18|18|And Abishai, the brother of Joab, the son of Zeruiah, was chief of the thirty. He put to death three hundred with his spear, and he got for himself a name among the thirty.|en
1297|23|19|19|他在這三個勇士裡是最尊貴的，所以作他們的首領，只是不及前三個勇士。|zh
1298|23|19|19|Was he not the noblest of the thirty? so he was made their captain: but he was not equal to the first three.|en
1299|23|20|20|有甲薛勇士耶何耶大的兒子比拿雅行過大能的事；他殺了摩押人亞利伊勒的兩個兒子，又在下雪的時候下坑裡去，殺了一個獅子，|zh
1300|23|20|20|And Benaiah the son of Jehoiada, a fighting man of Kabzeel, had done great acts; he put to death the two sons of Ariel of Moab: he went down into a hole and put a lion to death in time of snow:|en
1301|23|21|21|又殺了一個強壯的埃及人；埃及人手裡拿著槍，比拿雅只拿著棍子下去，從埃及人手裡奪過槍來，用那槍將他殺死。|zh
1302|23|21|21|And he made an attack on an Egyptian, a tall man: and the Egyptian had a spear in his hand; but he went down to him with a stick, and pulling the spear out of the hands of the Egyptian, put him to death with that same spear.|en
1303|23|22|22|這是耶何耶大的兒子比拿雅所行的事，就在三個勇士裡得了名。|zh
1304|23|22|22|These were the acts of Benaiah, the son of Jehoiada, who had a great name among the thirty men of war.|en
1305|23|23|23|他比那三十個勇士都尊貴，只是不及前三個勇士。大衛立他作護衛長。|zh
1306|23|23|23|He was honoured over the rest of the thirty, but he was not equal to the first three. And David put him over the fighting men who kept him safe.|en
1307|23|24|24|三十個勇士裡有約押的兄弟亞撒黑，伯利恆人朵多的兒子伊勒哈難，|zh
1308|23|24|24|Asahel, the brother of Joab, was one of the thirty; and Elhanan, the son of Dodai, of Beth-lehem,|en
1309|23|25|25|哈律人沙瑪，哈律人以利加，|zh
1310|23|25|25|Shammah the Harodite, Elika the Harodite,|en
1311|23|26|26|帕勒提人希利斯，提哥亞人益吉的兒子以拉，|zh
1312|23|26|26|Helez the Paltite, Ira, the son of Ikkesh the Tekoite,|en
1313|23|27|27|亞拿突人亞比以謝，戶沙人米本乃，|zh
1314|23|27|27|Abiezer the Anathothite, Sibbecai the Hushathite,|en
1315|23|28|28|亞合人撒們，尼陀法人瑪哈萊，|zh
1316|23|28|28|Zalmon the Ahohite, Maharai the Netophathite,|en
1317|23|29|29|尼陀法人巴拿的兒子希立，便雅憫族、基比亞人利拜的兒子以太，|zh
1318|23|29|29|Heldai, the son of Baanah the Netophathite, Ittai, the son of Ribai of Gibeah of the children of Benjamin,|en
1319|23|30|30|比拉頓人比拿雅，迦實溪人希太，|zh
1320|23|30|30|Benaiah the Pirathonite, Hiddai of the valleys of Gaash,|en
1321|23|31|31|伯亞拉巴人亞比亞本，巴魯米人押斯瑪弗，|zh
1322|23|31|31|Abiel the Arbathite, Azmaveth of Bahurim,|en
1323|23|32|32|沙本人以利雅哈巴，雅善兒子中的約拿單，|zh
1324|23|32|32|Eliahba the Shaalbonite, Jashen the Gunite,|en
1325|23|33|33|哈拉人沙瑪，哈拉人沙拉的兒子亞希暗，|zh
1326|23|33|33|Jonathan, the son of Shammah the Hararite, Ahiam, the son of Sharar the Hararite,|en
1327|23|34|34|瑪迦人亞哈拜的兒子以利法列，基羅人亞希多弗的兒子以連，|zh
1328|23|34|34|Eliphelet, the son of Ahasbai the Maacathite, Eliam, the son of Ahithophel the Gilonite,|en
1329|23|35|35|迦密人希斯萊，亞巴人帕萊，|zh
1330|23|35|35|Hezrai the Carmelite, Paarai the Archite,|en
1331|23|36|36|瑣巴人拿單的兒子以甲，迦得人巴尼，|zh
1332|23|36|36|Igal, the son of Nathan of Zobah, Bani the Gadite,|en
1333|23|37|37|亞捫人洗勒，比錄人拿哈萊（是給洗魯雅的兒子約押拿兵器的），|zh
1334|23|37|37|Zelek the Ammonite, Naharai the Beerothite, who had the care of the arms of Joab, son of Zeruiah,|en
1335|23|38|38|以帖人以拉，以帖人迦立，|zh
1336|23|38|38|Ira the Ithrite, Gareb the Ithrite,|en
1337|23|39|39|赫人烏利亞，共有三十七人。|zh
1338|23|39|39|Uriah the Hittite: thirty-seven in number.|en
1339|24|1|1|耶和華又向以色列人發怒，就激動大衛，使他吩咐人去數點以色列人和猶大人。|zh
1340|24|1|1|Again the wrath of the Lord was burning against Israel, and moving David against them, he said, Go, take the number of Israel and Judah.|en
1341|24|2|2|大衛就吩咐跟隨他的元帥約押說：你去走遍以色列眾支派，從但直到別是巴，數點百姓，我好知道他們的數目。|zh
1342|24|2|2|And the king said to Joab and the captains of the army, who were with him, Go now through all the tribes of Israel, from Dan as far as Beer-sheba, and have all the people numbered, so that I may be certain of the number of the people.|en
1343|24|3|3|約押對王說：無論百姓多少，願耶和華─你的神再加增百倍，使我主我王親眼得見。我主我王何必喜悅行這事呢？|zh
1344|24|3|3|And Joab said to the king, Whatever the number of the people, may the Lord make it a hundred times as much, and may the eyes of my lord the king see it: but why does my lord the king take pleasure in doing this thing?|en
1345|24|4|4|但王的命令勝過約押和眾軍長。約押和眾軍長就從王面前出去，數點以色列的百姓。|zh
1346|24|4|4|But the king's order was stronger than Joab and the captains of the army. And Joab and the captains of the army went out from the king, to take the number of the children of Israel.|en
1347|24|5|5|他們過了約但河，在迦得谷中、城的右邊亞羅珥安營，與雅謝相對，|zh
1348|24|5|5|And they went over Jordan, and starting from Aroer, from the town which is in the middle of the valley, they went in the direction of the Gadites, and on to Jazer;|en
1349|24|6|6|又到了基列和他停合示地，又到了但雅安，繞到西頓，|zh
1350|24|6|6|Then they came to Gilead, and to the land of the Hittites under Hermon; and they came to Dan, and from Dan they came round to Zidon,|en
1351|24|7|7|來到推羅的保障，並希未人和迦南人的各城，又到猶大南方的別是巴。|zh
1352|24|7|7|And to the walled town of Tyre, and to all the towns of the Hivites and the Canaanites: and they went out to the South of Judah at Beer-sheba.|en
1353|24|8|8|他們走遍全地，過了九個月零二十天，就回到耶路撒冷。|zh
1354|24|8|8|So after going through all the land in every direction, they came to Jerusalem at the end of nine months and twenty days.|en
1355|24|9|9|約押將百姓的總數奏告於王：以色列拿刀的勇士有八十萬；猶大有五十萬。|zh
1356|24|9|9|And Joab gave the king the number of all the people: there were in Israel eight hundred thousand fighting men able to take up arms; and the men of Judah were five hundred thousand.|en
1357|24|10|10|大衛數點百姓以後，就心中自責，禱告耶和華說：我行這事大有罪了。耶和華啊，求你除掉僕人的罪孽，因我所行的甚是愚昧。|zh
1358|24|10|10|And after the people had been numbered, David's heart was troubled. And David said to the Lord, Great has been my sin in doing this; but now, O Lord, be pleased to take away the sin of your servant, for I have done very foolishly|en
1359|24|11|11|大衛早晨起來，耶和華的話臨到先知迦得，就是大衛的先見，說：|zh
1360|24|11|11|And David got up in the morning; now the word of the Lord had come to the prophet Gad, David's seer, saying,|en
1361|24|12|12|你去告訴大衛，說耶和華如此說：我有三樣災，隨你選擇一樣，我好降與你。|zh
1362|24|12|12|Go and say to David, The Lord says, Three things are offered to you: say which of them you will have, and I will do it to you.|en
1363|24|13|13|於是迦得來見大衛，對他說：你願意國中有七年的饑荒呢？是在你敵人面前逃跑，被追趕三個月呢？是在你國中有三日的瘟疫呢？現在你要揣摩思想，我好回覆那差我來的。|zh
1364|24|13|13|So Gad came to David, and gave him word of this and said to him, Are there to be three years when there is not enough food in your land? or will you go in flight from your haters for three months, while they go after you? or will you have three days of violent disease in your land? take thought and say what answer I am to give to him who sent me.|en
1365|24|14|14|大衛對迦得說：我甚為難！我願落在耶和華的手裡，因為他有豐盛的憐憫。我不願落在人的手裡。|zh
1366|24|14|14|And David said to Gad, This is a hard decision for me to make: let us come into the hands of the Lord, for great are his mercies: let me not come into the hands of men.|en
1367|24|15|15|於是，耶和華降瘟疫與以色列人，自早晨到所定的時候；從但直到別是巴，民間死了七萬人。|zh
1368|24|15|15|So David made selection of the disease; and the time was the days of the grain-cutting, when the disease came among the people, causing the death of seventy thousand men from Dan as far as Beer-sheba.|en
1369|24|16|16|天使向耶路撒冷伸手要滅城的時候，耶和華後悔，就不降這災了，吩咐滅民的天使說：夠了！住手罷！那時耶和華的使者在耶布斯人亞勞拿的禾場那裡。|zh
1370|24|16|16|And when the hand of the angel was stretched out in the direction of Jerusalem, for its destruction, the Lord had regret for the evil, and said to the angel who was sending destruction on the people, It is enough; do no more. And the angel of the Lord was by the grain-floor of Araunah the Jebusite.|en
1371|24|17|17|大衛看見滅民的天使，就禱告耶和華說：我犯了罪，行了惡；但這群羊做了甚麼呢？願你的手攻擊我和我的父家。|zh
1372|24|17|17|And when David saw the angel who was causing the destruction of the people, he said to the Lord, Truly, the sin is mine; I have done wrong: but these are only sheep; what have they done? let your hand be against me and against my family.|en
1373|24|18|18|當日，迦得來見大衛，對他說：你上去，在耶布斯人亞勞拿的禾場上為耶和華築一座壇。|zh
1374|24|18|18|And that day Gad came to David and said to him, Go up, and put up an altar to the Lord on the grain-floor of Araunah the Jebusite.|en
1375|24|19|19|大衛就照著迦得奉耶和華名所說的話上去了。|zh
1376|24|19|19|So David went up, as Gad had said and as the Lord had given orders.|en
1377|24|20|20|亞勞拿觀看，見王和他臣僕前來，就迎接出去，臉伏於地，向王下拜，|zh
1378|24|20|20|And Araunah, looking out, saw the king and his servants coming to him: and Araunah went out, and went down on his face to the earth before the king.|en
1379|24|21|21|說：我主我王為何來到僕人這裡呢？大衛說：我要買你這禾場，為耶和華築一座壇，使民間的瘟疫止住。|zh
1380|24|21|21|And Araunah said, Why has my lord the king come to his servant? And David said, To give you a price for your grain-floor, so that I may put up an altar to the Lord, and the disease may be stopped among the people.|en
1381|24|22|22|亞勞拿對大衛說：我主我王，你喜悅用甚麼，就拿去獻祭。看哪，這裡有牛可以作燔祭，有打糧的器具和套牛的軛可以當柴燒。|zh
1382|24|22|22|And Araunah said to David, Let my lord the king take whatever seems right to him, and make an offering of it: see, here are the oxen for the burned offering, and the grain-cleaning instruments and the ox-yokes for wood:|en
1383|24|23|23|王啊，這一切，我亞勞拿都奉給你；又對王說：願耶和華─你的神悅納你。|zh
1384|24|23|23|All this does the servant of my lord the king give to the king. And Araunah said, May the Lord your God be pleased with your offering!|en
1385|24|24|24|王對亞勞拿說：不然。我必要按著價值向你買；我不肯用白得之物作燔祭獻給耶和華─我的神。大衛就用五十舍客勒銀子買了那禾場與牛。|zh
1386|24|24|24|And the king said to Araunah, No, but I will give you a price for it; I will not give to the Lord my God burned offerings for which I have given nothing. So David got the grain-floor and the oxen for fifty shekels of silver.|en
1387|24|25|25|大衛在那裡為耶和華築了一座壇，獻燔祭和平安祭。如此，耶和華垂聽國民所求的，瘟疫在以色列人中就止住了。|zh
1388|24|25|25|And there David put up an altar to the Lord, making burned offerings and peace-offerings. So the Lord gave ear to his prayer for the land, and the disease came to an end in Israel.|en
