|chapter|sec|no|content|lang
0|1|1|1|大衛的兒子所羅門國位堅固；耶和華─他的神與他同在，使他甚為尊大。|zh
1|1|1|1|And Solomon, the son of David, made himself strong in his kingdom, and the Lord his God was with him, and made him very great.|en
2|1|2|2|所羅門吩咐以色列眾人，就是千夫長、百夫長、審判官、首領與族長都來。|zh
3|1|2|2|And Solomon sent word to all Israel, to the captains of thousands and of hundreds and to the judges and to every chief in all Israel, heads of their families.|en
4|1|3|3|所羅門和會眾都往基遍的邱壇去，因那裡有神的會幕，就是耶和華僕人摩西在曠野所製造的。|zh
5|1|3|3|Then Solomon, and all the men of Israel with him, went to the high place at Gibeon, because the Tent of meeting of God, which Moses, the servant of the Lord, had made in the waste land, was there.|en
6|1|4|4|只是神的約櫃，大衛已經從基列耶琳搬到他所預備的地方，因他曾在耶路撒冷為約櫃支搭了帳幕，|zh
7|1|4|4|But the ark of God had been moved by David from Kiriath-jearim to the place which he had made ready for it, for he had put up a tent for it at Jerusalem.|en
8|1|5|5|並且戶珥的孫子、烏利的兒子比撒列所造的銅壇也在基遍耶和華的會幕前。所羅門和會眾都就近壇前。|zh
9|1|5|5|And the altar of brass which Bezalel, the son of Uri, the son of Hur, had made, was there before the Tent of the Lord; and Solomon and all the people went to give worship there.|en
10|1|6|6|所羅門上到耶和華面前會幕的銅壇那裡，獻一千犧牲為燔祭。|zh
11|1|6|6|And Solomon went up there to the brass altar before the Lord at the Tent of meeting, offering on it a thousand burned offerings.|en
12|1|7|7|當夜，神向所羅門顯現，對他說：你願我賜你甚麼，你可以求。|zh
13|1|7|7|In that night God came to Solomon in a vision, and said to him, Say what I am to give you.|en
14|1|8|8|所羅門對神說：你曾向我父大衛大施慈愛，使我接續他作王。|zh
15|1|8|8|And Solomon said to God, Great was your mercy to David my father, and you have made me king in his place.|en
16|1|9|9|耶和華神啊，現在求你成就向我父大衛所應許的話；因你立我作這民的王，他們如同地上塵沙那樣多。|zh
17|1|9|9|Now, O Lord God, let your word to David my father come true; for you have made me king over a people like the dust of the earth in number.|en
18|1|10|10|求你賜我智慧聰明，我好在這民前出入；不然，誰能判斷這眾多的民呢？|zh
19|1|10|10|Give me now wisdom and knowledge, so that I may go out and come in before this people: for who is able to be the judge of this great people of yours?|en
20|1|11|11|神對所羅門說：我已立你作我民的王。你既有這心意，並不求資財、豐富、尊榮，也不求滅絕那恨你之人的性命，又不求大壽數，只求智慧聰明好判斷我的民；|zh
21|1|11|11|And God said to Solomon, Because this was in your heart, and you did not make request for money, property, or honour, or for the destruction of your haters, or for long life; but you have made request for wisdom and knowledge for yourself, so that you may be the judge of my people over whom I have made you king:|en
22|1|12|12|我必賜你智慧聰明，也必賜你資財、豐富、尊榮。在你以前的列王都沒有這樣，在你以後也必沒有這樣的。|zh
23|1|12|12|Wisdom and knowledge are given to you; and I will give you wealth and honour, such as no king has had before you or ever will have after you.|en
24|1|13|13|於是，所羅門從基遍邱壇會幕前回到耶路撒冷，治理以色列人。|zh
25|1|13|13|So Solomon went back from the high place at Gibeon, from before the Tent of meeting, to Jerusalem; and he was king over Israel.|en
26|1|14|14|所羅門聚集戰車馬兵，有戰車一千四百輛，馬兵一萬二千名，安置在屯車的城邑和耶路撒冷，就是王那裡。|zh
27|1|14|14|And Solomon got together war-carriages and horsemen; he had one thousand, four hundred carriages and twelve thousand horsemen, which he kept, some in the carriage-towns and some with the king at Jerusalem.|en
28|1|15|15|王在耶路撒冷使金銀多如石頭，香柏木多如高原的桑樹。|zh
29|1|15|15|And the king made silver and gold as common as stones in Jerusalem, and cedar like the sycamore-trees of the lowland in number.|en
30|1|16|16|所羅門的馬是從埃及帶來的，是王的商人一群一群按著定價買來的。|zh
31|1|16|16|And Solomon's horses came out of Egypt; the king's traders got them from Kue at a price.|en
32|1|17|17|他們從埃及買來的車，每輛價銀六百舍客勒，馬每匹一百五十舍客勒。赫人諸王和亞蘭諸王所買的車馬，也是按這價值經他們手買來的。|zh
33|1|17|17|A war-carriage might be got from Egypt for six hundred shekels of silver, and a horse for a hundred and fifty: they got them at the same rate for all the kings of the Hittites and the kings of Aram.|en
34|2|1|1|所羅門定意要為耶和華的名建造殿宇，又為自己的國建造宮室。|zh
35|2|1|1|Now it was Solomon's purpose to put up a house for the name of the Lord and a house for himself as king.|en
36|2|2|2|所羅門就挑選七萬扛抬的，八萬在山上鑿石頭的，三千六百督工的。|zh
37|2|2|2|And Solomon had seventy thousand men numbered for transport, and eighty thousand for cutting stone in the mountains, and three thousand, six hundred as overseers.|en
38|2|3|3|所羅門差人去見推羅王希蘭，說：你曾運香柏木與我父大衛建宮居住，求你也這樣待我。|zh
39|2|3|3|And Solomon sent to Huram, king of Tyre, saying, As you did for my father David, sending him cedar-trees for the building of his house,|en
40|2|4|4|我要為耶和華─我神的名建造殿宇，分別為聖獻給他，在他面前焚燒美香，常擺陳設餅，每早晚、安息日、月朔，並耶和華─我們　神所定的節期獻燔祭。這是以色列人永遠的定例。|zh
41|2|4|4|See! I am building a house for the name of the Lord my God, to be made holy to him, where perfumes of sweet spices will be burned before him, and the holy bread will be placed at all times, and burned offerings will be offered morning and evening, on the Sabbaths and at the new moons, and on the regular feasts of the Lord our God. This is a law for ever to Israel.|en
42|2|5|5|我所要建造的殿宇甚大；因為我們的神至大，超乎諸　神。|zh
43|2|5|5|And the house which I am building is to be great, for our God is greater than all gods.|en
44|2|6|6|天和天上的天，尚且不足他居住的，誰能為他建造殿宇呢？我是誰？能為他建造殿宇嗎？不過在他面前燒香而已。|zh
45|2|6|6|But who may have strength enough to make a house for him, seeing that the heaven and the heaven of heavens are not wide enough to be his resting-place? who am I then to make a house for him? But I am building it only for the burning of perfume before him.|en
46|2|7|7|現在求你差一個巧匠來，就是善用金、銀、銅、鐵，和紫色、朱紅色、藍色線，並精於雕刻之工的巧匠，與我父大衛在猶大和耶路撒冷所預備的巧匠一同做工；|zh
47|2|7|7|So now send me an expert worker in gold and silver and brass and iron? in purple and red and blue, and in the cutting of all sorts of ornament, to be with the expert workmen who are here in Judah and in Jerusalem, whom my father David got together.|en
48|2|8|8|又求你從利巴嫩運些香柏木、松木、檀香木到我這裡來，因我知道你的僕人善於砍伐利巴嫩的樹木。我的僕人也必與你的僕人同工。|zh
49|2|8|8|And send me cedar-trees, cypress-trees and sandal-wood from Lebanon, for, to my knowledge, your servants are expert wood-cutters in Lebanon; and my servants will be with yours,|en
50|2|9|9|這樣，可以給我預備許多的木料，因我要建造的殿宇高大出奇。|zh
51|2|9|9|To get trees for me in great numbers, for the house which I am building is to be great and a wonder.|en
52|2|10|10|你的僕人砍伐樹木，我必給他們打好了的小麥二萬歌珥，大麥二萬歌珥，酒二萬罷特，油二萬罷特。|zh
53|2|10|10|And I will give as food to your servants, the wood-cutters, twenty thousand measures of grain, and twenty thousand measures of barley and twenty thousand measures of wine and twenty thousand measures of oil.|en
54|2|11|11|推羅王希蘭寫信回答所羅門說：耶和華因為愛他的子民，所以立你作他們的王；|zh
55|2|11|11|Then Huram, king of Tyre, sent Solomon an answer in writing, saying, Because of his love for his people the Lord has made you king over them.|en
56|2|12|12|又說：創造天地的耶和華─以色列的神是應當稱頌的！他賜給大衛王一個有智慧的兒子，使他有謀略聰明，可以為耶和華建造殿宇，又為自己的國建造宮室。|zh
57|2|12|12|And Huram said, Praise be to the Lord, the God of Israel, maker of heaven and earth, who has given to David the king a wise son, full of wisdom and good sense, to be the builder of a house for the Lord and a house for himself as king.|en
58|2|13|13|現在我打發一個精巧有聰明的人去，他是我父親希蘭所用的，|zh
59|2|13|13|And now I am sending you a wise and expert man, Huram who is as my father,|en
60|2|14|14|是但支派一個婦人的兒子。他父親是推羅人，他善用金、銀、銅、鐵、石、木，和紫色、藍色、朱紅色線與細麻製造各物，並精於雕刻，又能想出各樣的巧工。請你派定這人，與你的巧匠和你父─我主大衛的巧匠一同做工。|zh
61|2|14|14|The son of a woman of the daughters of Dan, whose father was a man of Tyre, an expert worker in gold and silver and brass and iron, in stone and wood, in purple and blue and fair linen and red, trained in the cutting of every sort of ornament and the invention of every sort of design; let him be given a place among your expert workmen and those of my lord, your father David.|en
62|2|15|15|我主所說的小麥、大麥、酒、油，願我主運來給眾僕人。|zh
63|2|15|15|So now let my lord send to his servants the grain and the oil and the wine as my lord has said;|en
64|2|16|16|我們必照你所需用的，從利巴嫩砍伐樹木，紮成筏子，浮海運到約帕；你可以從那裡運到耶路撒冷。|zh
65|2|16|16|And we will have wood cut from Lebanon, as much as you have need of, and will send it to you on flat boats by sea to Joppa, and from there you may take it up to Jerusalem.|en
66|2|17|17|所羅門仿照他父大衛數點住在以色列地所有寄居的外邦人，共有十五萬三千六百名；|zh
67|2|17|17|Then Solomon took the number of all the men from strange lands who were living in Israel, as his father David had done; there were a hundred and fifty-three thousand, six hundred.|en
68|2|18|18|使七萬人扛抬材料，八萬人在山上鑿石頭，三千六百人督理工作。|zh
69|2|18|18|Seventy thousand he put to the work of transport, eighty thousand to cutting stone in the mountains, and three thousand, six hundred as overseers to put the people to work.|en
70|3|1|1|所羅門就在耶路撒冷、耶和華向他父大衛顯現的摩利亞山上，就是耶布斯人阿珥楠的禾場上、大衛所指定的地方預備好了，開工建造耶和華的殿。|zh
71|3|1|1|Then Solomon made a start at building the house of the Lord on Mount Moriah in Jerusalem, where the Lord had been seen by his father David, in the place which David had made ready in the grain-floor of Ornan the Jebusite.|en
72|3|2|2|所羅門作王第四年二月初二日開工建造。|zh
73|3|2|2|The building was started in the second month in the fourth year of his rule.|en
74|3|3|3|所羅門建築神殿的根基，乃是這樣：長六十肘，寬二十肘，都按著古時的尺寸。|zh
75|3|3|3|And Solomon put the base of the house of God in position; by the older measure it was sixty cubits long and twenty cubits wide.|en
76|3|4|4|殿前的廊子長二十肘，與殿的寬窄一樣，高一百二十肘；裡面貼上精金。|zh
77|3|4|4|And the covered way in front of the house was twenty cubits long, as wide as the house, and a hundred and twenty cubits high, all plated inside with the best gold.|en
78|3|5|5|大殿的牆都用松木板遮蔽，又貼了精金，上面雕刻棕樹和鍊子；|zh
79|3|5|5|And the greater house was roofed with cypress-wood, plated with the best gold and ornamented with designs of palm-trees and chains.|en
80|3|6|6|又用寶石裝飾殿牆，使殿華美；所用的金子都是巴瓦音的金子。|zh
81|3|6|6|And the house was made beautiful with stones of great value, and the gold was gold of Parvaim.|en
82|3|7|7|又用金子貼殿和殿的棟梁、門檻、牆壁、門扇；牆上雕刻基路伯。|zh
83|3|7|7|All the house was plated with gold, the supports, the steps, the walls and the doors; and the walls were ornamented with designs of winged ones.|en
84|3|8|8|又建造至聖所，長二十肘，與殿的寬窄一樣，寬也是二十肘；貼上精金，共用金子六百他連得。|zh
85|3|8|8|And he made the most holy place; it was twenty cubits long, and twenty cubits wide, like the greater house, and was plated all over with the best gold; six hundred talents were used for it.|en
86|3|9|9|金釘重五十舍客勒。樓房都貼上金子。|zh
87|3|9|9|And fifty shekels weight of gold was used for the nails. He had all the higher rooms plated with gold.|en
88|3|10|10|在至聖所按造像的法子造兩個基路伯，用金子包裹。|zh
89|3|10|10|And in the most holy place he made images of two winged beings, covering them with gold.|en
90|3|11|11|兩個基路伯的翅膀共長二十肘。這基路伯的一個翅膀長五肘，挨著殿這邊的牆；那一個翅膀也長五肘，與那基路伯翅膀相接。|zh
91|3|11|11|Their outstretched wings were twenty cubits across; one wing, five cubits long, touching the wall of the house, and the other, of the same size, meeting the wing of the other winged one.|en
92|3|12|12|那基路伯的一個翅膀長五肘，挨著殿那邊的牆；那一個翅膀也長五肘，與這基路伯的翅膀相接。|zh
93|3|12|12|And in the same way, the wings of the other, five cubits long, were stretched out, one touching the wall and the other meeting the wing of the first winged one.|en
94|3|13|13|兩個基路伯張開翅膀，共長二十肘，面向外殿而立。|zh
95|3|13|13|Their outstretched wings were twenty cubits across; they were placed upright on their feet, facing the inner part of the house.|en
96|3|14|14|又用藍色、紫色、朱紅色線和細麻織幔子，在其上繡出基路伯來。|zh
97|3|14|14|And he made the veil of blue and purple and red, of the best linen, worked with winged ones.|en
98|3|15|15|在殿前造了兩根柱子，高三十五肘；每柱頂高五肘。|zh
99|3|15|15|And in front of the house he made two pillars, thirty-five cubits high, with crowns on the tops of them, five cubits high.|en
100|3|16|16|又照聖所內鍊子的樣式做鍊子，安在柱頂上；又做一百石榴，安在鍊子上。|zh
101|3|16|16|And he made chains, like neck ornaments, and put them on the tops of the pillars, and a hundred apples on the chains.|en
102|3|17|17|將兩根柱子立在殿前，一根在右邊，一根在左邊；右邊的起名叫雅斤，左邊的起名叫波阿斯。|zh
103|3|17|17|He put up the pillars in front of the Temple, one on the right side and one on the left, naming the one on the right Jachin and that on the left Boaz.|en
104|4|1|1|他又製造一座銅壇，長二十肘，寬二十肘，高十肘；|zh
105|4|1|1|Then he made a brass altar, twenty cubits long, twenty cubits wide and ten cubits high.|en
106|4|2|2|又鑄一個銅海，樣式是圓的，高五肘，徑十肘，圍三十肘；|zh
107|4|2|2|And he made the great water-vessel of metal, round in form, measuring ten cubits across from edge to edge; it was five cubits high and thirty cubits round.|en
108|4|3|3|海周圍有野瓜(原文作牛)的樣式，每肘十瓜，共有兩行，是鑄海的時候鑄上的；|zh
109|4|3|3|And under it was a design of flowers all round it, ten to a cubit, circling the water-vessel in two lines; they were made from liquid metal at the same time as the water-vessel.|en
110|4|4|4|有十二隻銅牛馱海：三隻向北，三隻向西，三隻向南，三隻向東；海在牛上，牛尾向內；|zh
111|4|4|4|It was supported on twelve oxen, three facing to the north, three to the west, three to the south, and three to the east, the water-vessel resting on top of them; their back parts were all turned to the middle of it.|en
112|4|5|5|海厚一掌，邊如杯邊，又如百合花，可容三千罷特；|zh
113|4|5|5|It was as thick as a man's open hand, and the edge of it was curved like the edge of a cup, like a lily flower; it would take three thousand baths.|en
114|4|6|6|又製造十個盆：五個放在右邊，五個放在左邊，獻燔祭所用之物都洗在其內；但海是為祭司沐浴的。|zh
115|4|6|6|And he made ten washing-vessels, putting five on the right side and five on the left; such things as were used in making the burned offering were washed in them; but the great water-vessel was to be used by the priests for washing themselves.|en
116|4|7|7|他又照所定的樣式造十個金燈臺放在殿裡：五個在右邊，五個在左邊；|zh
117|4|7|7|And he made the ten gold supports for the lights, as directions had been given for them, and he put them in the Temple, five on the right side and five on the left.|en
118|4|8|8|又造十張桌子放在殿裡：五張在右邊，五張在左邊；又造一百個金碗；|zh
119|4|8|8|He made ten tables, and put them in the Temple, five on the right side and five on the left. And he made a hundred gold basins.|en
120|4|9|9|又建立祭司院和大院，並院門，用銅包裹門扇；|zh
121|4|9|9|Then he made the open space for the priests, and the great open space and its doors, plating the doors with brass.|en
122|4|10|10|將海安在殿門的右邊，就是南邊。|zh
123|4|10|10|He put the great water-vessel on the right side of the house to the east, facing south.|en
124|4|11|11|戶蘭又造了盆、鏟、碗。這樣，他為所羅門王做完了神殿的工。|zh
125|4|11|11|And Huram made all the pots and the spades and the basins. So he came to the end of all the work he did for King Solomon in the house of God:|en
126|4|12|12|所造的就是：兩根柱子和柱上兩個如球的頂，並兩個蓋柱頂的網子|zh
127|4|12|12|The two pillars, and the two crowns on the tops of the pillars, and the network covering the two cups of the crowns on the tops of the pillars;|en
128|4|13|13|和四百石榴，安在兩個網子上〈每網兩行蓋著兩個柱上如球的頂〉。|zh
129|4|13|13|And the four hundred apples for the network, two lines of apples for the network covering the two cups of the crowns on the pillars.|en
130|4|14|14|盆座和其上的盆，|zh
131|4|14|14|And he made the ten bases and the ten washing-vessels which were on the bases;|en
132|4|15|15|海和海下的十二隻牛，|zh
133|4|15|15|The great water-vessel with the twelve oxen under it.|en
134|4|16|16|盆、鏟子、肉鍤子，與耶和華殿裡的一切器皿，都是巧匠戶蘭用光亮的銅為所羅門王造成的，|zh
135|4|16|16|All the pots and the spades and the meat-hooks and their vessels, which Huram, who was as his father, made for King Solomon for the house of the Lord, were of polished brass.|en
136|4|17|17|是在約但平原疏割和撒利但中間藉膠泥鑄成的。|zh
137|4|17|17|The king made them of liquid metal in the lowland of Jordan, in the soft earth between Succoth and Zeredah.|en
138|4|18|18|所羅門製造的這一切甚多，銅的輕重無法可查。|zh
139|4|18|18|So Solomon made all these vessels, a very great store of them, and the weight of the brass used was not measured.|en
140|4|19|19|所羅門又造神殿裡的金壇和陳設餅的桌子，|zh
141|4|19|19|And Solomon made all the vessels used in the house of God, the gold altar and the tables on which the holy bread was placed,|en
142|4|20|20|並精金的燈臺和燈盞，可以照例點在內殿前。|zh
143|4|20|20|And the supports for the lights with their lights, to be burning in the regular way in front of the inmost room, of the best gold;|en
144|4|21|21|燈臺上的花和燈盞，並蠟剪都是金的，且是純金的；|zh
145|4|21|21|The flowers and the vessels for the lights and the instruments used for them, were all of gold; it was the best gold.|en
146|4|22|22|又用精金製造鑷子、盤子、調羹、火鼎。至於殿門和至聖所的門扇，並殿的門扇，都是金子妝飾的。|zh
147|4|22|22|The scissors and the basins and the spoons and the fire-trays, of the best gold; and the inner doors of the house, opening into the most holy place, and the doors of the Temple, were all of gold.|en
148|5|1|1|所羅門做完了耶和華殿的一切工，就把他父大衛分別為聖的金銀和器皿都帶來，放在神殿的府庫裡。|zh
149|5|1|1|So all the work which Solomon did for the house of the Lord was complete. And Solomon took the holy things which David his father had given, the silver and the gold and all the vessels, and put them in the store-houses of the house of God.|en
150|5|2|2|那時，所羅門將以色列的長老、各支派的首領，並以色列的族長招聚到耶路撒冷，要把耶和華的約櫃從大衛城─就是錫安─運上來。|zh
151|5|2|2|Then Solomon sent for all the responsible men of Israel, all the chiefs of the tribes and the heads of families of the children of Israel, to come to Jerusalem and take the ark of the Lord's agreement up out of the town of David, which is Zion.|en
152|5|3|3|於是以色列眾人在七月節前都聚集到王那裡。|zh
153|5|3|3|And all the men of Israel came together to the king at the feast in the seventh month.|en
154|5|4|4|以色列眾長老來到，利未人便抬起約櫃。|zh
155|5|4|4|All the responsible men of Israel came, and the Levites took up the ark.|en
156|5|5|5|祭司利未人將約櫃運上來，又將會幕和會幕的一切聖器具都帶上來。|zh
157|5|5|5|They took up the ark and the Tent of meeting and all the holy vessels which were in the Tent; all these the priests, the Levites, took up.|en
158|5|6|6|所羅門王和聚集到他那裡的以色列全會眾都在約櫃前獻牛羊為祭，多得不可勝數。|zh
159|5|6|6|And King Solomon and all the men of Israel who had come together there with him, were before the ark, making offerings of sheep and oxen more than might be numbered.|en
160|5|7|7|祭司將耶和華的約櫃抬進內殿，就是至聖所，放在兩個基路伯的翅膀底下。|zh
161|5|7|7|And the priests took the ark of the Lord's agreement and put it in its place, in the inner room of the house, in the most holy place, under the wings of the winged ones.|en
162|5|8|8|基路伯張著翅膀在約櫃之上，遮掩約櫃和抬櫃的杠。|zh
163|5|8|8|For their wings were outstretched over the place where the ark was, covering the ark and its rods.|en
164|5|9|9|這杠甚長，杠頭在內殿前可以看見，在殿外卻不能看見，直到如今還在那裡。|zh
165|5|9|9|The rods were so long that their ends were seen from the holy place before the inmost room; but they were not seen from outside; and there they are to this day.|en
166|5|10|10|約櫃裡惟有兩塊石版，就是以色列人出埃及後，耶和華與他們立約的時候，摩西在何烈山所放的。除此以外，並無別物。|zh
167|5|10|10|Nothing was in the ark but the two flat stones which Moses put there at Horeb, where the Lord made an agreement with the children of Israel when they came out of Egypt.|en
168|5|11|11|當時，在那裡所有的祭司都已自潔，並不分班供職。|zh
169|5|11|11|Now when the priests had come out of the holy place, (for all the priests who were present had made themselves holy, not keeping to their divisions;|en
170|5|12|12|他們出聖所的時候，歌唱的利未人亞薩、希幔、耶杜頓，和他們的眾子眾弟兄都穿細麻布衣服，站在壇的東邊，敲鈸、鼓瑟、彈琴，同著他們有一百二十個祭司吹號。|zh
171|5|12|12|And the Levites who made the music, all of them, Asaph, Heman, Jeduthun, and their sons and brothers, robed in fair linen, were in their places with their brass and corded instruments at the east side of the altar, and with them a hundred and twenty priests blowing horns;)|en
172|5|13|13|吹號的、歌唱的都一齊發聲，聲合為一，讚美感謝耶和華。吹號、敲鈸，用各種樂器，揚聲讚美耶和華說：耶和華本為善，他的慈愛永遠長存！那時，耶和華的殿有雲充滿，|zh
173|5|13|13|And when the players on horns, and those who made melody in song, with one voice were sounding the praise and glory of the Lord; with loud voices and with wind instruments, and brass and corded instruments of music, praising the Lord and saying, He is good; his mercy is unchanging for ever: then the house was full of the cloud of the glory of the Lord,|en
174|5|14|14|甚至祭司不能站立供職，因為耶和華的榮光充滿了神的殿。|zh
175|5|14|14|So that the priests were not able to keep their places to do their work because of the cloud; for the house of God was full of the glory of the Lord.|en
176|6|1|1|那時，所羅門說：耶和華曾說他必住在幽暗之處。|zh
177|6|1|1|Then Solomon said, O Lord, to the sun you have given the heaven for a living-place, but your living-place was not seen by men,|en
178|6|2|2|但我已經建造殿宇作你的居所，為你永遠的住處。|zh
179|6|2|2|So I have made for you a living-place, a house in which you may be for ever present.|en
180|6|3|3|王轉臉為以色列會眾祝福，以色列會眾就都站立。|zh
181|6|3|3|Then, turning his face about, the king gave a blessing to all the men of Israel; and they were all on their feet together.|en
182|6|4|4|所羅門說：耶和華─以色列的神是應當稱頌的！因他親口向我父大衛所應許的，也親手成就了。|zh
183|6|4|4|And he said, Praise be to the Lord, the God of Israel, who himself gave his word to my father David, and with his strong hand has made his word come true, saying,|en
184|6|5|5|他說：自從我領我民出埃及地以來，我未曾在以色列眾支派中選擇一城建造殿宇為我名的居所，也未曾揀選一人作我民以色列的君；|zh
185|6|5|5|From the day when I took my people out of the land of Egypt, no town in all the tribes of Israel has been marked out by me for the building of a house for the resting-place of my name; and I took no man to be a ruler over my people Israel;|en
186|6|6|6|但選擇耶路撒冷為我名的居所，又揀選大衛治理我民以色列。|zh
187|6|6|6|But now I have made selection of Jerusalem, that my name might be there, and of David, to be over my people Israel.|en
188|6|7|7|所羅門說：我父大衛曾立意要為耶和華─以色列神的名建殿，|zh
189|6|7|7|Now it was in the heart of my father David to put up a house for the name of the Lord, the God of Israel.|en
190|6|8|8|耶和華卻對我父大衛說：你立意要為我的名建殿，這意思甚好；|zh
191|6|8|8|But the Lord said to David my father, You did well to have in your heart the desire to make a house for my name:|en
192|6|9|9|只是你不可建殿，惟你所生的兒子必為我名建殿。|zh
193|6|9|9|But you yourself will not be the builder of the house; but your son, the offspring of your body, he it is who will put up a house for my name.|en
194|6|10|10|現在耶和華成就了他所應許的話，使我接續我父大衛坐以色列的國位，是照耶和華所說的，又為耶和華─以色列神的名建造了殿。|zh
195|6|10|10|And the Lord has kept his word; for I have taken my father David's place on the seat of the kingdom of Israel, as the Lord gave his word; and I have made the house for the name of the Lord the God of Israel.|en
196|6|11|11|我將約櫃安置在其中，櫃內有耶和華的約，就是他與以色列人所立的約。|zh
197|6|11|11|And there I have put the ark, in which is the agreement of the Lord, which he made with the people of Israel.|en
198|6|12|12|所羅門當著以色列會眾，站在耶和華的壇前，舉起手來，|zh
199|6|12|12|Then he took his place in front of the altar of the Lord, all the men of Israel being present,|en
200|6|13|13|〈所羅門曾造一個銅臺，長五肘，寬五肘，高三肘，放在院中〉就站在臺上，當著以色列的會眾跪下，向天舉手，|zh
201|6|13|13|(For Solomon had made a brass stage, five cubits long, five cubits wide and three cubits high, and had put it in the middle of the open space; on this he took his place and went down on his knees before all the meeting of Israel, stretching out his hands to heaven.)|en
202|6|14|14|說：耶和華─以色列的神啊，天上地下沒有　神可比你的！你向那盡心行在你面前的僕人守約施慈愛；|zh
203|6|14|14|And he said, O Lord, the God of Israel, there is no God like you in heaven or on earth; keeping faith and mercy unchanging for your servants, while they go in your ways with all their hearts;|en
204|6|15|15|向你僕人─我父大衛所應許的話現在應驗了。你親口應許，親手成就，正如今日一樣。|zh
205|6|15|15|For you have kept the word which you gave to your servant David, my father; with your mouth you said it and with your hand you have made it come true this day.|en
206|6|16|16|耶和華─以色列的神啊，你所應許你僕人─我父大衛的話說：你的子孫若謹慎自己的行為，遵守我的律法，像你在我面前所行的一樣，就不斷人坐以色列的國位。現在求你應驗這話。|zh
207|6|16|16|So now, O Lord, the God of Israel, let your word to your servant David, my father, come true, when you said, You will never be without a man to take his place before me on the seat of the kingdom of Israel; if only your children give attention to their ways, walking in my law, as you have done before me.|en
208|6|17|17|耶和華─以色列的神啊，求你成就向你僕人大衛所應許的話。|zh
209|6|17|17|So now, O Lord, the God of Israel, make your word come true which you said to your servant David.|en
210|6|18|18|神果真與世人同住在地上麼？看哪，天和天上的天尚且不足你居住的，何況我所建的這殿呢？|zh
211|6|18|18|But is it truly possible that God may be housed with men on earth? see, heaven and the heaven of heavens are not wide enough to be your resting-place: how much less this house which I have made:|en
212|6|19|19|惟求耶和華─我的神垂顧僕人的禱告祈求，俯聽僕人在你面前的祈禱呼籲。|zh
213|6|19|19|Still, let your heart be turned to the prayer of your servant and to his prayer for grace, O Lord my God, and give ear to the cry and the prayer which your servant makes before you;|en
214|6|20|20|願你晝夜看顧這殿，就是你應許立為你名的居所；求你垂聽僕人向此處禱告的話。|zh
215|6|20|20|That your eyes may be open to this house day and night, to this place of which you have said that you would put your name there; to give ear to the prayer which your servant may make, turning to this place.|en
216|6|21|21|你僕人和你民以色列向此處祈禱的時候，求你從天上你的居所垂聽，垂聽而赦免。|zh
217|6|21|21|And give ear to the prayers of your servant and of your people Israel, when they make their prayers, turning to this place; give ear from heaven your living-place; and hearing have mercy.|en
218|6|22|22|人若得罪鄰舍，有人叫他起誓，他來到這殿，在你的壇前起誓，|zh
219|6|22|22|If a man does wrong to his neighbour and has to take an oath, and comes before your altar to take his oath in this house:|en
220|6|23|23|求你從天上垂聽，判斷你的僕人，定惡人有罪，照他所行的報應在他頭上；定義人有理，照他的義賞賜他。|zh
221|6|23|23|Then let your ear be open in heaven, and be the judge of your servants, giving punishment to the wrongdoer, so that his sin may come on his head; and, by your decision, keeping from evil him who has done no wrong.|en
222|6|24|24|你的民以色列若得罪你，敗在仇敵面前，又回心轉意承認你的名，在這殿裡向你祈求禱告，|zh
223|6|24|24|And if your people Israel are overcome in war, because of their sin against you; if they are turned to you again, honouring your name, making prayers and requesting your grace in this house:|en
224|6|25|25|求你從天上垂聽，赦免你民以色列的罪，使他們歸回你賜給他們和他們列祖之地。|zh
225|6|25|25|Then give ear from heaven, and let the sin of your people Israel have forgiveness, and take them back again to the land which you gave to them and to their fathers.|en
226|6|26|26|你的民因得罪你，你懲罰他們，使天閉塞不下雨，他們若向此處禱告，承認你的名，離開他們的罪，|zh
227|6|26|26|When heaven is shut up and there is no rain, because of their sin against you: if they make prayers with their faces turned to this place, honouring your name and turning away from their sin when you send trouble on them:|en
228|6|27|27|求你在天上垂聽，赦免你僕人和你民以色列的罪，將當行的善道指教他們，且降雨在你的地，就是你賜給你民為業之地。|zh
229|6|27|27|Then give ear from heaven, so that the sin of your servants and the sin of your people Israel may have forgiveness, when you make clear to them the good way in which they are to go; and send rain on your land which you have given to your people for their heritage.|en
230|6|28|28|國中若有饑荒、瘟疫、旱風、霉爛、蝗蟲、螞蚱，或有仇敵犯境，圍困城邑，無論遭遇甚麼災禍疾病，|zh
231|6|28|28|If there is no food in the land, if there is disease, if the fruits of the earth are damaged by heat or water, locust or worm; if their towns are shut in by their attackers: whatever trouble or whatever disease there may be:|en
232|6|29|29|你的民以色列，或是眾人，或是一人，自覺災禍甚苦，向這殿舉手，無論祈求甚麼，禱告甚麼，|zh
233|6|29|29|Whatever prayer or request for your grace is made by any man, or by all your people Israel, whatever his trouble may be, whose hands are stretched out to this house:|en
234|6|30|30|求你從天上你的居所垂聽赦免。你是知道人心的，要照各人所行的待他們（惟有你知道世人的心），|zh
235|6|30|30|Then give ear from heaven your living-place, answering with forgiveness, and give to every man, whose secret heart is open to you, the reward of all his ways; (for you, and you only, have knowledge of the hearts of the children of men;)|en
236|6|31|31|使他們在你賜給我們列祖之地上一生一世敬畏你，遵行你的道。|zh
237|6|31|31|So that they may give you worship, walking in your ways, as long as they are living in the land which you gave to our fathers.|en
238|6|32|32|論到不屬你民以色列的外邦人，為你的大名和大能的手，並伸出來的膀臂，從遠方而來，向這殿禱告，|zh
239|6|32|32|And as for the man from a strange land, who is not of your people Israel but comes from a far country because of the glory of your name and your strong hand and your outstretched arm; when he comes to make his prayer, turning to this house:|en
240|6|33|33|求你從天上你的居所垂聽，照著外邦人所祈求的而行，使天下萬民都認識你的名，敬畏你，像你的民以色列一樣，又使他們知道我建造的這殿是稱為你名下的。|zh
241|6|33|33|Then give ear from heaven your living-place, and give him his desire, whatever it may be; so that all the peoples of the earth may have knowledge of your name, worshipping you as do your people Israel, and may see that this house which I have made is truly named by your name.|en
242|6|34|34|你的民若奉你的差遣，無論往何處去與仇敵爭戰，向你所選擇的城與我為你名所建造的殿禱告，|zh
243|6|34|34|If your people go out to war against their attackers, by whatever way you may send them, if they make their prayers to you turning their faces to this town of yours and to this house which I have put up for your name:|en
244|6|35|35|求你從天上垂聽他們的禱告祈求，使他們得勝。|zh
245|6|35|35|Then give ear from heaven to their prayer and their cry for grace, and see right done to them.|en
246|6|36|36|你的民若得罪你（世上沒有不犯罪的人），你向他們發怒，將他們交給仇敵擄到或遠或近之地；|zh
247|6|36|36|If they do wrong against you, (for no man is without sin,) and you are angry with them, and give them up into the power of those who are fighting against them, so that they take them away prisoners to a land far off or near;|en
248|6|37|37|他們若在擄到之地想起罪來，回心轉意，懇求你說：我們有罪了，我們悖逆了，我們作惡了；|zh
249|6|37|37|And if they take thought, in the land where they are prisoners, turning again to you, crying out in prayer to you in that land, and saying, We are sinners, we have done wrong, we have done evil;|en
250|6|38|38|他們若在擄到之地盡心盡性歸服你，又向自己的地，就是你賜給他們列祖之地和你所選擇的城，並我為你名所建造的殿禱告，|zh
251|6|38|38|If with all their heart and soul they are turned again to you, in the land where they are prisoners, the land where they have been taken, and make their prayers, turning their eyes to their land which you gave to their fathers, and to the town which you took for yourself, and the house which I have made for your name:|en
252|6|39|39|求你從天上你的居所垂聽你民的禱告祈求，為他們伸冤，赦免他們的過犯。|zh
253|6|39|39|Then give ear from heaven your living-place to their prayer and their cry, and see right done to them, answering with forgiveness your people who have done wrong against you.|en
254|6|40|40|我的神啊，現在求你睜眼看，側耳聽在此處所獻的禱告。|zh
255|6|40|40|Now, O my God, may your eyes be open and your ears awake to the prayers made in this place.|en
256|6|41|41|耶和華神啊，求你起來，和你有能力的約櫃同入安息之所。耶和華　神啊，願你的祭司披上救恩；願你的聖民蒙福歡樂。|zh
257|6|41|41|Up! now, O Lord God, come back to your resting-place, you and the ark of your strength: let your priests, O Lord God, be clothed with salvation, and let your saints be glad in what is good.|en
258|6|42|42|耶和華神啊，求你不要厭棄你的受膏者，要記念向你僕人大衛所施的慈愛。|zh
259|6|42|42|O Lord God, let him whom you have taken for yourself never be given up by you: keep in mind your mercies to David your servant.|en
260|7|1|1|所羅門祈禱已畢，就有火從天上降下來，燒盡燔祭和別的祭。耶和華的榮光充滿了殿；|zh
261|7|1|1|Now when Solomon's prayers were ended, fire came down from heaven, burning up all the offerings; and the house was full of the glory of the Lord.|en
262|7|2|2|因耶和華的榮光充滿了耶和華殿，所以祭司不能進殿。|zh
263|7|2|2|And the priests were not able to go into the house of the Lord, for the Lord's house was full of the glory of the Lord.|en
264|7|3|3|那火降下、耶和華的榮光在殿上的時候，以色列眾人看見，就在鋪石地俯伏叩拜，稱謝耶和華說：耶和華本為善，他的慈愛永遠長存！|zh
265|7|3|3|And all the children of Israel were looking on when the fire came down, and the glory of the Lord was on the house; and they went down on their knees, with their faces to the earth, worshipping and praising the Lord, and saying, He is good; for his mercy is unchanging for ever.|en
266|7|4|4|王和眾民在耶和華面前獻祭。|zh
267|7|4|4|Then the king and all the people made offerings before the Lord.|en
268|7|5|5|所羅門王用牛二萬二千，羊十二萬獻祭。這樣，王和眾民為神的殿行奉獻之禮。|zh
269|7|5|5|King Solomon made an offering of twenty-two thousand oxen, and a hundred and twenty thousand sheep. So the king and all the people kept the feast of the opening of the house of God.|en
270|7|6|6|祭司侍立，各供其職；利未人也拿著耶和華的樂器，就是大衛王造出來、藉利未人頌讚耶和華的。（他的慈愛永遠長存！）祭司在眾人面前吹號，以色列人都站立。|zh
271|7|6|6|And the priests were in their places, and the Levites with their instruments of music for the Lord's song, which David the king had made for the praise of the Lord whose mercy is unchanging for ever, when David gave praise by their hand; and the priests were sounding horns before them; and all Israel were on their feet.|en
272|7|7|7|所羅門因他所造的銅壇容不下燔祭、素祭，和脂油，便將耶和華殿前院子當中分別為聖，在那裡獻燔祭和平安祭牲的脂油。|zh
273|7|7|7|Then Solomon made holy the middle of the open square in front of the house of the Lord, offering the burned offerings there, and the fat of the peace-offerings; for there was not room on the brass altar which Solomon had made for all the burned offerings and the meal offerings and the fat.|en
274|7|8|8|那時所羅門和以色列眾人，就是從哈馬口直到埃及小河，所有的以色列人都聚集成為大會，守節七日。|zh
275|7|8|8|So Solomon kept the feast at that time for seven days, and all Israel with him, a very great meeting, for the people had come together from the way into Hamath and from as far as the river of Egypt.|en
276|7|9|9|第八日設立嚴肅會，行奉獻壇的禮七日，守節七日。|zh
277|7|9|9|And on the eighth day they had a holy meeting; the offerings for making the altar holy went on for seven days, and the feast for seven days.|en
278|7|10|10|七月二十三日，王遣散眾民；他們因見耶和華向大衛和所羅門與他民以色列所施的恩惠，就都心中喜樂，各歸各家去了。|zh
279|7|10|10|And on the twenty-third day of the seventh month, he sent the people away to their tents, full of joy and glad in their hearts, because of all the good which the Lord had done to David and to Solomon and to Israel his people.|en
280|7|11|11|所羅門造成了耶和華殿和王宮；在耶和華殿和王宮凡他心中所要做的，都順順利利地做成了。|zh
281|7|11|11|So Solomon came to the end of building the house of the Lord and the king's house; and everything which it was in his mind to make in the house of the Lord and for himself had been well done.|en
282|7|12|12|夜間耶和華向所羅門顯現，對他說：我已聽了你的禱告，也選擇這地方作為祭祀我的殿宇。|zh
283|7|12|12|Now the Lord came to Solomon in a vision by night, and said to him, I have given ear to your prayer, and have taken this place for myself as a house where offerings are to be made.|en
284|7|13|13|我若使天閉塞不下雨，或使蝗蟲吃這地的出產，或使瘟疫流行在我民中，|zh
285|7|13|13|If, at my word, heaven is shut up, so that there is no rain, or if I send locusts on the land for its destruction, or if I send disease on my people;|en
286|7|14|14|這稱為我名下的子民，若是自卑、禱告，尋求我的面，轉離他們的惡行，我必從天上垂聽，赦免他們的罪，醫治他們的地。|zh
287|7|14|14|If my people, on whom my name is named, make themselves low and come to me in prayer, searching for me and turning from their evil ways; then I will give ear from heaven, overlooking their sin, and will give life again to their land.|en
288|7|15|15|我必睜眼看、側耳聽在此處所獻的禱告。|zh
289|7|15|15|Now my eyes will be open and my ears awake to the prayers made in this place.|en
290|7|16|16|現在我已選擇這殿，分別為聖，使我的名永在其中，我的眼、我的心也必常在那裡。|zh
291|7|16|16|For I have taken this house for myself and made it holy, so that my name may be there for ever; and my eyes and my heart will be there at all times.|en
292|7|17|17|你若在我面前效法你父大衛所行的，遵行我一切所吩咐你的，謹守我的律例典章，|zh
293|7|17|17|And as for you, if you will go on your way before me as David your father did, doing whatever I have given you orders to do and keeping my laws and my decisions:|en
294|7|18|18|我就必堅固你的國位，正如我與你父大衛所立的約，說：你的子孫必不斷人作以色列的王。|zh
295|7|18|18|Then I will make strong the seat of your kingdom, as I gave my word to David your father, saying, You will never be without a man to be ruler in Israel.|en
296|7|19|19|倘若你們轉去丟棄我指示你們的律例誡命，去事奉敬拜別神，|zh
297|7|19|19|But if you are turned away from me, and do not keep my orders and my laws which I have put before you, but go and make yourselves servants to other gods, giving them worship:|en
298|7|20|20|我就必將以色列人從我賜給他們的地上拔出根來，並且我為己名所分別為聖的殿也必捨棄不顧，使他在萬民中作笑談，被譏誚。|zh
299|7|20|20|Then I will have this people uprooted out of my land which I have given them; and this house, which I have made holy for my name, I will put away from before my eyes, and make it an example and a word of shame among all peoples.|en
300|7|21|21|這殿雖然甚高，將來經過的人必驚訝說：耶和華為何向這地和這殿如此行呢？|zh
301|7|21|21|And this house will become a mass of broken walls, and everyone who goes by will be overcome with wonder, and will say, Why has the Lord done so to this land and to this house?|en
302|7|22|22|人必回答說：是因此地的人離棄耶和華─他們列祖的神，就是領他們出埃及地的　神，去親近別　神，敬拜事奉他，所以耶和華使這一切災禍臨到他們。|zh
303|7|22|22|And their answer will be, Because they were turned away from the Lord, the God of their fathers, who took them out of the land of Egypt, and took for themselves other gods and gave them worship and became their servants: that is why he has sent all this evil on them.|en
304|8|1|1|所羅門建造耶和華殿和王宮，二十年才完畢了。|zh
305|8|1|1|Now at the end of twenty years, in which time Solomon had put up the house of the Lord and a house for himself,|en
306|8|2|2|以後所羅門重新修築希蘭送給他的那些城邑，使以色列人住在那裡。|zh
307|8|2|2|He took in hand the building up of the towns which Huram had given him, causing the children of Israel to make living-places for themselves there.|en
308|8|3|3|所羅門往哈馬瑣巴去，攻取了那地方。|zh
309|8|3|3|And Solomon went to Hamath-zobah and overcame it.|en
310|8|4|4|所羅門建造曠野裡的達莫，又建造哈馬所有的積貨城，|zh
311|8|4|4|And he put up the buildings of Tadmor in the waste land, and of all the store-towns in Hamath;|en
312|8|5|5|又建造上伯和崙、下伯和崙作為保障，都有牆，有門，有閂；|zh
313|8|5|5|And of Beth-horon the higher and the lower, walled towns with walls and doorways and locks;|en
314|8|6|6|又建造巴拉和所有的積貨城，並屯車輛馬兵的城，與耶路撒冷、利巴嫩，以及自己治理的全國中所願意建造的。|zh
315|8|6|6|And of Baalath, and all the store-towns which Solomon had, and the towns where he kept his war-carriages and his horse men, and everything which it was his pleasure to put up in Jerusalem and in Lebanon and in all the land under his rule.|en
316|8|7|7|至於國中所剩下不屬以色列人的赫人、亞摩利人、比利洗人、希未人、耶布斯人，|zh
317|8|7|7|As for all the rest of the Hittites and the Amorites and the Perizzites and the Hivites and the Jebusites, who were not of Israel:|en
318|8|8|8|就是以色列人未曾滅絕的，所羅門挑取他們的後裔作服苦的奴僕，直到今日。|zh
319|8|8|8|Their men who were still living in the land, and whom the children of Israel had not put an end to, these Solomon put to forced work, as is done to this day;|en
320|8|9|9|惟有以色列人，所羅門不使他們當奴僕做工，乃是作他的戰士、軍長的統領、車兵長、馬兵長。|zh
321|8|9|9|But Solomon did not make use of the children of Israel as servants for his work; they were men of war, his chiefs and his captains, and captains of his war-carriages and his horsemen.|en
322|8|10|10|所羅門王有二百五十督工的，監管工人。|zh
323|8|10|10|Now these were the chief men in authority whom King Solomon had: two hundred and fifty of them, in authority over the people.|en
324|8|11|11|所羅門將法老的女兒帶出大衛城，上到為他建造的宮裡；因所羅門說：耶和華約櫃所到之處都為聖地，所以我的妻不可住在以色列王大衛的宮裡。|zh
325|8|11|11|Then Solomon made Pharaoh's daughter come up from the town of David to the house which he had made for her; for he said, I will not have my wife living in the house of David, king of Israel, because those places where the ark of the Lord has come are holy.|en
326|8|12|12|所羅門在耶和華的壇上，就是在廊子前他所築的壇上，與耶和華獻燔祭；|zh
327|8|12|12|Then Solomon made burned offerings to the Lord on the altar of the Lord which he had put up in front of the covered way,|en
328|8|13|13|又遵著摩西的吩咐在安息日、月朔，並一年三節，就是除酵節、七七節、住棚節，獻每日所當獻的祭。|zh
329|8|13|13|Offering every day what had been ordered by Moses, on the Sabbaths and at the new moon and at the regular feasts three times a year, that is at the feast of unleavened bread, the feast of weeks, and the feast of tents.|en
330|8|14|14|所羅門照著他父大衛所定的例，派定祭司的班次，使他們各供己事，又使利未人各盡其職，讚美耶和華，在祭司面前做每日所當做的；又派守門的按著班次看守各門，因為神人大衛是這樣吩咐的。|zh
331|8|14|14|And he gave the divisions of the priests their places for their work, as ordered by his father David, and to the Levites he gave their work of praise and waiting on the priests, to do what was needed day by day; and he gave the door-keepers their places in turn at every door; for so David, the man of God, had given orders.|en
332|8|15|15|王所吩咐眾祭司和利未人的，無論是管府庫或辦別的事，他們都不違背。|zh
333|8|15|15|All the orders given by the king to the priests and Levites, in connection with any business or stores, were done with care.|en
334|8|16|16|所羅門建造耶和華的殿，從立根基直到成功的日子，工料俱備。這樣，耶和華的殿全然完畢。|zh
335|8|16|16|And all the work of Solomon was complete, from the day when he put the base of the Lord's house in position, till Solomon had come to the end of building the Lord's house.|en
336|8|17|17|那時，所羅門往以東地靠海的以旬迦別和以祿去。|zh
337|8|17|17|Then Solomon went to Ezion-geber and to Eloth by the sea in the land of Edom.|en
338|8|18|18|希蘭差遣他的臣僕，將船隻和熟悉泛海的僕人送到所羅門那裡。他們同著所羅門的僕人到了俄斐，得了四百五十他連得金子，運到所羅門王那裡。|zh
339|8|18|18|And Huram sent him, by his servants, ships and experienced seamen, who went with the servants of Solomon to Ophir and came back with four hundred and fifty talents of gold, which they took to King Solomon.|en
340|9|1|1|示巴女王聽見所羅門的名聲，就來到耶路撒冷，要用難解的話試問所羅門；跟隨他的人甚多，又有駱駝馱著香料、寶石，和許多金子。他來見了所羅門，就把心裡所有的對所羅門都說出來。|zh
341|9|1|1|Now the queen of Sheba, hearing great things of Solomon, came to Jerusalem to put his wisdom to the test with hard questions; and with her came a very great train, and camels weighted down with spices, and great stores of gold and jewels: and when she came to Solomon she had talk with him of everything in her mind.|en
342|9|2|2|所羅門將他所問的都答上了，沒有一句不明白、不能答的。|zh
343|9|2|2|And Solomon gave her answers to all her questions; there was no secret which he did not make clear to her.|en
344|9|3|3|示巴女王見所羅門的智慧和他所建造的宮室、|zh
345|9|3|3|And when the queen of Sheba had seen the wisdom of Solomon, and the house which he had made,|en
346|9|4|4|席上的珍饈美味、群臣分列而坐、僕人兩旁侍立，以及他們的衣服裝飾、酒政，和酒政的衣服裝飾，又見他上耶和華殿的臺階，就詫異得神不守舍，|zh
347|9|4|4|And the food at his table, and all his servants seated there, and those who were waiting on him in their places, and their robes, and his wine-servants and their robes, and the burned offerings which he made in the house of the Lord, there was no more spirit in her.|en
348|9|5|5|對王說：我在本國裡所聽見論到你的事和你的智慧實在是真的！|zh
349|9|5|5|And she said to the king, The account which was given to me in my country of your acts and your wisdom was true.|en
350|9|6|6|我先不信那些話，及至我來親眼見了，才知道你的大智慧；人所告訴我的，還不到一半；你的實跡越過我所聽見的名聲。|zh
351|9|6|6|But I had no faith in what was said about you, till I came and saw for myself; and truly, word was not given me of half your great wisdom; you are much greater than they said.|en
352|9|7|7|你的群臣、你的僕人常侍立在你面前聽你智慧的話是有福的。|zh
353|9|7|7|Happy are your wives and happy these your servants whose place is ever before you, hearing your words of wisdom.|en
354|9|8|8|耶和華─你的神是應當稱頌的！他喜悅你，使你坐他的國位，為耶和華─你的　神作王；因為你的　神愛以色列人，要永遠堅立他們，所以立你作他們的王，使你秉公行義。|zh
355|9|8|8|Praise be to the Lord your God whose pleasure it was to put you on the seat of his kingdom to be king for the Lord your God: because, in his love for Israel, it was the purpose of your God to make them strong for ever, he made you king over them, to be their judge in righteousness.|en
356|9|9|9|於是示巴女王將一百二十他連得金子和寶石，與極多的香料送給所羅門王；他送給王的香料，以後再沒有這樣的。|zh
357|9|9|9|And she gave the king a hundred and twenty talents of gold, and a great store of spices and jewels: never had such spices been seen as the queen of Sheba gave to Solomon.|en
358|9|10|10|希蘭的僕人和所羅門的僕人從俄斐運了金子來，也運了檀香木(或作烏木；下同)和寶石來。|zh
359|9|10|10|And the servants of Huram and the servants of Solomon, in addition to gold from Ophir, came back with sandal-wood and jewels.|en
360|9|11|11|王用檀香木為耶和華殿和王宮做臺，又為歌唱的人做琴瑟；猶大地從來沒有見過這樣的。|zh
361|9|11|11|And with the sandal-wood the king made steps for the house of the Lord and for the king's house, and instruments of music for the makers of melody; never before had such been seen in the land of Judah.|en
362|9|12|12|所羅門王按示巴女王所帶來的，還他禮物，另外照他一切所要所求的，都送給他。於是女王和他臣僕轉回本國去了。|zh
363|9|12|12|And King Solomon gave the queen of Sheba all her desire, whatever she made request for, in addition to what she had taken to the king. So she went back to her country with her servants.|en
364|9|13|13|所羅門每年所得的金子共有六百六十六他連得，|zh
365|9|13|13|Now the weight of gold which came to Solomon in one year was six hundred and sixty-six talents;|en
366|9|14|14|另外還有商人所進的金子，並且亞拉伯諸王與屬國的省長都帶金銀給所羅門。|zh
367|9|14|14|And in addition to what he got from traders of different sorts, all the kings of Arabia and the rulers of the country gave gold and silver to Solomon.|en
368|9|15|15|所羅門王用錘出來的金子打成擋牌二百面，每面用金子六百舍客勒；|zh
369|9|15|15|And King Solomon made two hundred body-covers of hammered gold, every one having six hundred shekels of gold in it.|en
370|9|16|16|又用錘出來的金子打成盾牌三百面，每面用金子三百舍客勒，都放在利巴嫩林宮裡。|zh
371|9|16|16|And he made three hundred smaller body-covers of hammered gold, using three hundred shekels of gold for every cover, and the king put them in the house of the Woods of Lebanon.|en
372|9|17|17|王用象牙製造一個大寶座，用精金包裹。|zh
373|9|17|17|Then the king made a great ivory seat, plated with the best gold.|en
374|9|18|18|寶座有六層臺階，又有金腳凳，與寶座相連。寶座兩旁有扶手，靠近扶手有兩個獅子站立。|zh
375|9|18|18|There were six steps up to it, and a foot-rest of gold fixed to it, and arms on the two sides of the seat, with two lions at the side of the arms.|en
376|9|19|19|六層臺階上有十二個獅子站立，每層有兩個：左邊一個，右邊一個；在列國中沒有這樣做的。|zh
377|9|19|19|And twelve lions were placed on one side and on the other side on the six steps: there was nothing like it in any kingdom.|en
378|9|20|20|所羅門王一切的飲器都是金的，利巴嫩林宮裡的一切器皿都是精金的。所羅門年間，銀子算不了甚麼。|zh
379|9|20|20|All King Solomon's drinking-vessels were of gold, and all the vessels of the house of the Woods of Lebanon were of the best gold: no one gave a thought to silver in the days of Solomon.|en
380|9|21|21|因為王的船隻與希蘭的僕人一同往他施去；他施船隻三年一次裝載金、銀、象牙、猿猴、孔雀回來。|zh
381|9|21|21|For the king had Tarshish-ships sailing with the servants of Huram: once every three years the Tarshish-ships came back with gold and silver, ivory and monkeys and peacocks.|en
382|9|22|22|所羅門王的財寶與智慧勝過天下的列王。|zh
383|9|22|22|And King Solomon was greater than all the kings of the earth in wealth and in wisdom.|en
384|9|23|23|普天下的王都求見所羅門，要聽神賜給他智慧的話。|zh
385|9|23|23|And all the kings of the earth came to see Solomon and to give ear to his wisdom, which God had put into his heart.|en
386|9|24|24|他們各帶貢物，就是金器、銀器、衣服、軍械、香料、騾馬，每年有一定之例。|zh
387|9|24|24|And everyone took with him an offering, vessels of silver and vessels of gold, and robes, and coats of metal, and spices, and horses and beasts for transport, regularly year by year.|en
388|9|25|25|所羅門有套車的馬四千棚，有馬兵一萬二千，安置在屯車的城邑和耶路撒冷，就是王那裡。|zh
389|9|25|25|Solomon had four thousand buildings for his horses and his war-carriages, and twelve thousand horsemen whom he kept, some in the carriage-towns and some with the king in Jerusalem.|en
390|9|26|26|所羅門統管諸王，從大河到非利士地，直到埃及的邊界。|zh
391|9|26|26|And he was ruler over all the kings from the River to the land of the Philistines, as far as the limit of Egypt.|en
392|9|27|27|王在耶路撒冷使銀子多如石頭，香柏木多如高原的桑樹。|zh
393|9|27|27|The king made silver as common as stones in Jerusalem and cedars like the sycamore-trees of the lowlands in number.|en
394|9|28|28|有人從埃及和各國為所羅門趕馬群來。|zh
395|9|28|28|They got horses for Solomon from Egypt and from every land.|en
396|9|29|29|所羅門其餘的事，自始至終，不都寫在先知拿單的書上和示羅人亞希雅的預言書上，並先見易多論尼八兒子耶羅波安的默示書上麼？|zh
397|9|29|29|Now the rest of the acts of Solomon, first and last, are they not recorded in the history of Nathan the prophet, and in the words of Ahijah the prophet of Shiloh, and in the visions of Iddo the seer about Jeroboam, the son of Nebat?|en
398|9|30|30|所羅門在耶路撒冷作以色列眾人的王共四十年。|zh
399|9|30|30|Solomon was king over Israel in Jerusalem for forty years.|en
400|9|31|31|所羅門與他列祖同睡，葬在他父大衛城裡。他兒子羅波安接續他作王。|zh
401|9|31|31|And Solomon went to rest with his fathers, and was put into the earth in the town of David his father; and Rehoboam his son became king in his place.|en
402|10|1|1|羅波安往示劍去，因為以色列人都到了示劍，要立他作王。|zh
403|10|1|1|And Rehoboam went to Shechem, where all Israel had come together to make him king.|en
404|10|2|2|尼八的兒子耶羅波安先前躲避所羅門王，逃往埃及，住在那裡；他聽見這事，就從埃及回來。|zh
405|10|2|2|And when Jeroboam, the son of Nebat, had news of it, (for he was in Egypt where he had gone in flight from King Solomon,) he came back from Egypt.|en
406|10|3|3|以色列人打發人去請他，他就和以色列眾人來見羅波安，對他說：|zh
407|10|3|3|And they sent for him; and Jeroboam and all Israel came to Rehoboam and said,|en
408|10|4|4|你父親使我們負重軛做苦工，現在求你使我們做的苦工負的重軛輕鬆些，我們就事奉你。|zh
409|10|4|4|Your father put a hard yoke on us: if you will make the conditions under which your father kept us down less cruel, and the weight of the yoke he put on us less hard, then we will be your servants.|en
410|10|5|5|羅波安對他們說：第三日再來見我罷！民就去了。|zh
411|10|5|5|And he said to them, Come to me again after three days. So the people went away.|en
412|10|6|6|羅波安之父所羅門在世的日子，有侍立在他面前的老年人，羅波安王和他們商議，說：你們給我出個甚麼主意，我好回覆這民。|zh
413|10|6|6|Then King Rehoboam took the opinion of the old men who had been with Solomon his father when he was living, and said, In your opinion, what answer am I to give to this people?|en
414|10|7|7|老年人對他說：王若恩待這民，使他們喜悅，用好話回覆他們，他們就永遠作王的僕人。|zh
415|10|7|7|And they said to him, If you are kind to this people, pleasing them and saying good words to them, then they will be your servants for ever.|en
416|10|8|8|王卻不用老年人給他出的主意，就和那些與他一同長大、在他面前侍立的少年人商議，|zh
417|10|8|8|But he gave no attention to the opinion of the old men, but went to the young men of his generation who were waiting before him.|en
418|10|9|9|說：這民對我說：你父親使我們負重軛，求你使我們輕鬆些；你們給我出個甚麼主意，我好回覆他們。|zh
419|10|9|9|And he said to them, What is your opinion? What answer are we to give to this people who have said to me, Make less the weight of the yoke which your father put on us?|en
420|10|10|10|那同他長大的少年人說：這民對王說：你父親使我們負重軛，求你使我們輕鬆些；王要對他們如此說：我的小拇指比我父親的腰還粗；|zh
421|10|10|10|And the young men of his generation said to him, This is the answer to give to the people who came to you saying, Your father put a hard yoke on us, but will you make it less; say to them, My little finger is thicker than my father's body;|en
422|10|11|11|我父親使你們負重軛，我必使你們負更重的軛；我父親用鞭子責打你們，我要用蠍子鞭責打你們。|zh
423|10|11|11|If my father put a hard yoke on you, I will make it harder: my father gave you punishment with whips, but I will give you blows with snakes.|en
424|10|12|12|耶羅波安和眾百姓遵著羅波安王所說你們第三日再來見我的那話，第三日他們果然來了。|zh
425|10|12|12|So Jeroboam and all the people came to Rehoboam on the third day, as the king had given orders, saying, Come to me again on the third day.|en
426|10|13|13|羅波安王用嚴厲的話回覆他們，不用老年人所出的主意，|zh
427|10|13|13|And the king gave them a rough answer. So King Rehoboam gave no attention to the suggestion of the old men,|en
428|10|14|14|照著少年人所出的主意對他們說：我父親使你們負重軛，我必使你們負更重的軛；我父親用鞭子責打你們，我要用蠍子鞭責打你們。|zh
429|10|14|14|But gave them the answer put forward by the young men, saying, My father made your yoke hard, but I will make it harder; my father gave you punishment with whips, but I will give it with snakes.|en
430|10|15|15|王不肯依從百姓；這事乃出於神，為要應驗耶和華藉示羅人亞希雅對尼八兒子耶羅波安所說的話。|zh
431|10|15|15|So the king did not give ear to the people; for this came about by the purpose of God, so that the Lord might give effect to his word which he had said by Ahijah the Shilonite to Jeroboam, the son of Nebat.|en
432|10|16|16|以色列眾民見王不依從他們，就對王說：我們與大衛有甚麼分兒呢？與耶西的兒子並沒有關涉！以色列人哪，各回各家去罷！大衛家啊，自己顧自己罷！於是，以色列眾人都回自己家裡去了。|zh
433|10|16|16|And when all Israel saw that the king would give no attention to them, the people in answer said to the king, What part have we in David? what is our heritage in the son of Jesse? every man to your tents, O Israel; now see to your house, David. So all Israel went to their tents.|en
434|10|17|17|惟獨住在猶大城邑的以色列人，羅波安仍作他們的王。|zh
435|10|17|17|But Rehoboam was still king over those of the children of Israel who were living in the towns of Judah.|en
436|10|18|18|羅波安王差遣掌管服苦之人的哈多蘭往以色列人那裡去，以色列人就用石頭打死他。羅波安王急忙上車，逃回耶路撒冷去了。|zh
437|10|18|18|Then Rehoboam sent Adoniram, the overseer of the forced work; and he was stoned to death by all Israel. And King Rehoboam went quickly and got into his carriage to go in flight to Jerusalem.|en
438|10|19|19|這樣，以色列人背叛大衛家，直到今日。|zh
439|10|19|19|So Israel was turned away from the family of David to this day.|en
440|11|1|1|羅波安來到耶路撒冷，招聚猶大家和便雅憫家，共十八萬人，都是挑選的戰士，要與以色列人爭戰，好將國奪回再歸自己。|zh
441|11|1|1|And Rehoboam came to Jerusalem, and got together the men of Judah and Benjamin, a hundred and eighty thousand of his best fighting-men, to make war against Israel and get the kingdom back for Rehoboam.|en
442|11|2|2|但耶和華的話臨到神人示瑪雅說：|zh
443|11|2|2|But the word of the Lord came to Shemaiah, the man of God, saying,|en
444|11|3|3|你去告訴所羅門的兒子猶大王羅波安和住猶大、便雅憫的以色列眾人說，|zh
445|11|3|3|Say to Rehoboam, the son of Solomon, king of Judah, and to all Israel in Judah and Benjamin,|en
446|11|4|4|耶和華如此說：你們不可上去與你們的弟兄爭戰，各歸各家去罷！因為這事出於我。眾人就聽從耶和華的話歸回，不去與耶羅波安爭戰。|zh
447|11|4|4|The Lord has said, You are not to go to war against your brothers: let every man go back to his house, for this thing is my purpose. So they gave ear to the words of the Lord and were turned back from fighting against Jeroboam.|en
448|11|5|5|羅波安住在耶路撒冷，在猶大地修築城邑，|zh
449|11|5|5|Now Rehoboam kept in Jerusalem, building walled towns in Judah.|en
450|11|6|6|為保障修築伯利恆、以坦、提哥亞、|zh
451|11|6|6|He was the builder of Beth-lehem and Etam and Tekoa|en
452|11|7|7|伯夙、梭哥、亞杜蘭、|zh
453|11|7|7|And Beth-zur and Soco and Adullam|en
454|11|8|8|迦特、瑪利沙、西弗、|zh
455|11|8|8|And Gath and Mareshah and Ziph|en
456|11|9|9|亞多萊音、拉吉、亞西加、|zh
457|11|9|9|And Adoraim and Lachish and Azekah|en
458|11|10|10|瑣拉、亞雅崙、希伯崙。這都是猶大和便雅憫的堅固城。|zh
459|11|10|10|And Zorah and Aijalon and Hebron, walled towns in Judah and Benjamin.|en
460|11|11|11|羅波安又堅固各處的保障，在其中安置軍長，又預備下糧食、油、酒。|zh
461|11|11|11|And he made the walled towns strong, and he put captains in them and stores of food, oil, and wine.|en
462|11|12|12|他在各城裡預備盾牌和槍，且使城極其堅固。猶大和便雅憫都歸了他。|zh
463|11|12|12|And in every town he put stores of body-covers and spears, and made them very strong. And Judah and Benjamin were his.|en
464|11|13|13|以色列全地的祭司和利未人都從四方來歸羅波安。|zh
465|11|13|13|And the priests and Levites who were in all Israel came together to him from every part of their country.|en
466|11|14|14|利未人撇下他們的郊野和產業，來到猶大與耶路撒冷，是因耶羅波安和他的兒子拒絕他們，不許他們供祭司職分事奉耶和華。|zh
467|11|14|14|For the Levites gave up their living-places and their property, and came to Judah and Jerusalem; for Jeroboam and his sons had sent them away, not letting them be priests to the Lord;|en
468|11|15|15|耶羅波安為邱壇、為鬼魔(原文作公山羊)、為自己所鑄造的牛犢設立祭司。|zh
469|11|15|15|And he himself made priests for the high places, and for the images of he-goats and oxen which he had made.|en
470|11|16|16|以色列各支派中，凡立定心意尋求耶和華─以色列神的，都隨從利未人，來到耶路撒冷祭祀耶和華─他們列祖的　神。|zh
471|11|16|16|And after them, from all the tribes of Israel, all those whose hearts were fixed and true to the Lord, the God of Israel, came to Jerusalem to make offerings to the Lord, the God of their fathers.|en
472|11|17|17|這樣，就堅固猶大國，使所羅門的兒子羅波安強盛三年，因為他們三年遵行大衛和所羅門的道。|zh
473|11|17|17|So they went on increasing the power of the kingdom of Judah, and made Rehoboam, the son of Solomon, strong for three years; and for three years they went in the ways of David and Solomon.|en
474|11|18|18|羅波安娶大衛兒子耶利摩的女兒瑪哈拉為妻，又娶耶西兒子以利押的女兒亞比孩為妻。|zh
475|11|18|18|And Rehoboam took as his wife Mahalath, the daughter of Jerimoth, the son of David and of Abihail, the daughter of Eliab, the son of Jesse;|en
476|11|19|19|從他生了幾個兒子，就是耶烏施、示瑪利雅、撒罕。|zh
477|11|19|19|And she had sons by him, Jeush, Shemariah, and Zaham.|en
478|11|20|20|後來又娶押沙龍的女兒瑪迦(十三章二節作烏列的女兒米該雅)，從他生了亞比雅、亞太、細撒、示羅密。|zh
479|11|20|20|And after her he took Maacah, the daughter of Absalom; and she had Abijah and Attai and Ziza and Shelomith by him.|en
480|11|21|21|羅波安娶十八個妻，立六十個妾，生二十八個兒子，六十個女兒；他卻愛押沙龍的女兒瑪迦，比愛別的妻妾更甚。|zh
481|11|21|21|Maacah, the daughter of Absalom, was dearer to Rehoboam than all his wives and his servant-wives: (for he had eighteen wives and sixty servant-wives, and was the father of twenty-eight sons and sixty daughters.)|en
482|11|22|22|羅波安立瑪迦的兒子亞比雅作太子，在他弟兄中為首，因為想要立他接續作王。|zh
483|11|22|22|Rehoboam made Abijah, the son of Maacah, chief and ruler among his brothers, for it was his purpose to make him king.|en
484|11|23|23|羅波安辦事精明，使他眾子分散在猶大和便雅憫全地各堅固城裡，又賜他們許多糧食，為他們多尋妻子。|zh
485|11|23|23|And in his wisdom he had his sons stationed in every walled town through all the lands of Judah and Benjamin; and he gave them a great store of food, and took wives for them.|en
486|12|1|1|羅波安的國堅立，他強盛的時候就離棄耶和華的律法，以色列人也都隨從他。|zh
487|12|1|1|Now when Rehoboam's position as king had been made certain, and he was strong, he gave up the law of the Lord, and all Israel with him.|en
488|12|2|2|羅波安王第五年，埃及王示撒上來攻打耶路撒冷，因為王和民得罪了耶和華。|zh
489|12|2|2|Now in the fifth year of King Rehoboam, Shishak, king of Egypt, came up against Jerusalem, because of their sin against the Lord,|en
490|12|3|3|示撒帶戰車一千二百輛，馬兵六萬，並且跟從他出埃及的路比人、蘇基人，和古實人，多得不可勝數。|zh
491|12|3|3|With twelve hundred war-carriages and sixty thousand horsemen: and the people who came with him out of Egypt were more than might be numbered: Lubim and Sukkiim and Ethiopians.|en
492|12|4|4|他攻取了猶大的堅固城，就來到耶路撒冷。|zh
493|12|4|4|And he took the walled towns of Judah, and came as far as Jerusalem.|en
494|12|5|5|那時，猶大的首領因為示撒就聚集在耶路撒冷。有先知示瑪雅去見羅波安和眾首領，對他們說：耶和華如此說：你們離棄了我，所以我使你們落在示撒手裡。|zh
495|12|5|5|Now Shemaiah the prophet came to Rehoboam and the chiefs of Judah, who had come together in Jerusalem because of Shishak, and said to them, The Lord has said, Because you have given me up, I have given you up into the hands of Shishak.|en
496|12|6|6|於是王和以色列的眾首領都自卑說：耶和華是公義的。|zh
497|12|6|6|Then the chiefs of Israel and the king made themselves low and said, The Lord is upright.|en
498|12|7|7|耶和華見他們自卑，耶和華的話就臨到示瑪雅說：他們既自卑，我必不滅絕他們；必使他們略得拯救，我不藉著示撒的手將我的怒氣倒在耶路撒冷。|zh
499|12|7|7|And the Lord, seeing that they had made themselves low, said to Shemaiah, They have made themselves low: I will not send destruction on them, but in a short time I will give them salvation, and will not let loose my wrath on Jerusalem by the hand of Shishak.|en
500|12|8|8|然而他們必作示撒的僕人，好叫他們知道，服事我與服事外邦人有何分別。|zh
501|12|8|8|But still they will become his servants, so that they may see how different my yoke is from the yoke of the kingdoms of the lands.|en
502|12|9|9|於是，埃及王示撒上來攻取耶路撒冷，奪了耶和華殿和王宮裡的寶物，盡都帶走，又奪去所羅門製造的金盾牌。|zh
503|12|9|9|So Shishak, king of Egypt, came up against Jerusalem and took away all the stored wealth of the house of the Lord and the king's house: he took everything away, and with the rest the gold body-covers which Solomon had made.|en
504|12|10|10|羅波安王製造銅盾牌代替那金盾牌，交給守王宮門的護衛長看守。|zh
505|12|10|10|And in their place King Rehoboam had other body-covers made of brass and gave them into the care of the captains of the armed men who were stationed at the door of the king's house.|en
506|12|11|11|王每逢進耶和華的殿，護衛兵就拿這盾牌，隨後仍將盾牌送回，放在護衛房。|zh
507|12|11|11|And whenever the king went into the house of the Lord, the armed men went with him taking the body-covers, and then took them back to their room.|en
508|12|12|12|王自卑的時候，耶和華的怒氣就轉消了，不將他滅盡，並且在猶大中間也有善益的事。|zh
509|12|12|12|And when he made himself low, the wrath of the Lord was turned back from him, and complete destruction did not come on him, for there was still some good in Judah.|en
510|12|13|13|羅波安王自強，在耶路撒冷作王。他登基的時候年四十一歲，在耶路撒冷，就是耶和華從以色列眾支派中所選擇立他名的城，作王十七年。羅波安的母親名叫拿瑪，是亞捫人。|zh
511|12|13|13|So King Rehoboam made himself strong in Jerusalem and was ruling there. Rehoboam was forty-one years old when he became king, and he was ruling for seventeen years in Jerusalem, the town which the Lord had made his out of all the tribes of Israel, to put his name there; and his mother's name was Naamah, an Ammonite woman.|en
512|12|14|14|羅波安行惡，因他不立定心意尋求耶和華。|zh
513|12|14|14|And he did evil because his heart was not true to the Lord.|en
514|12|15|15|羅波安所行的事，自始至終不都寫在先知示瑪雅和先見易多的史記上麼？羅波安與耶羅波安時常爭戰。|zh
515|12|15|15|Now the acts of Rehoboam, first and last, are they not recorded in the words of Shemaiah the prophet and Iddo the seer? And there were wars between Rehoboam and Jeroboam all their days.|en
516|12|16|16|羅波安與他列祖同睡，葬在大衛城裡。他兒子亞比雅接續他作王。|zh
517|12|16|16|And Rehoboam went to rest with his fathers, and was put into the earth in the town of David; and Abijah his son became king in his place.|en
518|13|1|1|耶羅波安王十八年，亞比雅登基作猶大王，|zh
519|13|1|1|In the eighteenth year of King Jeroboam, Abijah became king over Judah.|en
520|13|2|2|在耶路撒冷作王三年。他母親名叫米該亞(又作瑪迦)，是基比亞人烏列的女兒。亞比雅常與耶羅波安爭戰。|zh
521|13|2|2|He was king in Jerusalem for three years; his mother's name was Maacah, the daughter of Uriel of Gibeah. And there was war between Abijah and Jeroboam.|en
522|13|3|3|有一次亞比雅率領挑選的兵四十萬擺陣，都是勇敢的戰士；耶羅波安也挑選大能的勇士八十萬，對亞比雅擺陣。|zh
523|13|3|3|And Abijah went out to the fight with an army of men of war, four hundred thousand of his best men; and Jeroboam put his forces in line against him, eight hundred thousand of his best men of war.|en
524|13|4|4|亞比雅站在以法蓮山地中的洗瑪臉山上，說：耶羅波安和以色列眾人哪，要聽我說！|zh
525|13|4|4|And Abijah took up his position on Mount Zemaraim, in the hill-country of Ephraim, and said, Give ear to me, O Jeroboam and all Israel:|en
526|13|5|5|耶和華─以色列的神曾立鹽(即不廢壞的意思)約，將以色列國永遠賜給大衛和他的子孫，你們不知道麼？|zh
527|13|5|5|Is it not clear to you that the Lord, the God of Israel, gave the rule over Israel to David and to his sons for ever, by an agreement made with salt?|en
528|13|6|6|無奈大衛兒子所羅門的臣僕、尼八兒子耶羅波安起來背叛他的主人。|zh
529|13|6|6|But Jeroboam, the son of Nebat, the servant of Solomon, the son of David, took up arms against his lord.|en
530|13|7|7|有些無賴的匪徒聚集跟從他，逞強攻擊所羅門的兒子羅波安；那時羅波安還幼弱，不能抵擋他們。|zh
531|13|7|7|And certain foolish and good-for-nothing men were joined with him, and made themselves strong against Rehoboam, the son of Solomon, when he was young and untested and not able to keep them back.|en
532|13|8|8|現在你們有意抗拒大衛子孫手下所治耶和華的國，你們的人也甚多，你們那裡又有耶羅波安為你們所造當作神的金牛犢。|zh
533|13|8|8|And now it is your purpose to put yourselves against the authority which the Lord has put into the hands of the sons of David, and you are a very great number, and you have with you the gold oxen which Jeroboam made to be your gods.|en
534|13|9|9|你們不是驅逐耶和華的祭司亞倫的後裔和利未人麼？不是照著外邦人的惡俗為自己立祭司麼？無論何人牽一隻公牛犢、七隻公綿羊將自己分別出來，就可作虛無之神的祭司。|zh
535|13|9|9|And after driving out the priests of the Lord, the sons of Aaron and the Levites, have you not made priests for yourselves as the people of other lands do? so that anyone who comes to make himself priest by offering an ox or seven sheep, may be a priest of those who are no gods.|en
536|13|10|10|至於我們，耶和華是我們的神，我們並沒有離棄他。我們有事奉耶和華的祭司，都是亞倫的後裔，並有利未人各盡其職，|zh
537|13|10|10|But as for us, the Lord is our God, and we have not been turned away from him; we have priests who do the work of the Lord, even the sons of Aaron and the Levites in their places;|en
538|13|11|11|每日早晚向耶和華獻燔祭，燒美香，又在精金的桌子上擺陳設餅；又有金燈臺和燈盞，每晚點起，因為我們遵守耶和華─我們神的命；惟有你們離棄了他。|zh
539|13|11|11|By whom burned offerings and perfumes are sent up in smoke before the Lord every morning and every evening; and they put out the holy bread on its table and the gold support for the lights with its lights burning every evening; for we keep the orders given to us by the Lord our God, but you have gone away from him.|en
540|13|12|12|率領我們的是神，我們這裡也有　神的祭司拿號向你們吹出大聲。以色列人哪，不要與耶和華─你們列祖的　神爭戰，因你們必不能亨通。|zh
541|13|12|12|And now God is with us at our head, and his priests with their loud horns sounding against you. O children of Israel, do not make war on the Lord, the God of your fathers, for it will not go well for you.|en
542|13|13|13|耶羅波安卻在猶大人的後頭設伏兵。這樣，以色列人在猶大人的前頭，伏兵在猶大人的後頭。|zh
543|13|13|13|But Jeroboam had put some of his men to make a surprise attack on them from the back, so some were facing Judah and others were stationed secretly at their back.|en
544|13|14|14|猶大人回頭觀看，見前後都有敵兵，就呼求耶和華，祭司也吹號。|zh
545|13|14|14|And Judah, turning their faces, saw that they were being attacked in front and at the back; and they gave a cry for help to the Lord, while the priests were sounding their horns.|en
546|13|15|15|於是猶大人吶喊；猶大人吶喊的時候，神就使耶羅波安和以色列眾人敗在亞比雅與猶大人面前。|zh
547|13|15|15|And the men of Judah gave a loud cry; and at their cry, God put fear into Jeroboam and all Israel before Abijah and Judah.|en
548|13|16|16|以色列人在猶大人面前逃跑，神將他們交在猶大人手裡。|zh
549|13|16|16|And the children of Israel went in flight before Judah, and God gave them up into their hands.|en
550|13|17|17|亞比雅和他的軍兵大大殺戮以色列人，以色列人仆倒死亡的精兵有五十萬。|zh
551|13|17|17|And Abijah and his people put them to death with great destruction: five hundred thousand of the best of Israel were put to the sword.|en
552|13|18|18|那時，以色列人被制伏了，猶大人得勝，是因倚靠耶和華─他們列祖的神。|zh
553|13|18|18|So at that time the children of Israel were overcome, and the children of Judah got the better of them, because they put their faith in the Lord, the God of their fathers.|en
554|13|19|19|亞比雅追趕耶羅波安，攻取了他的幾座城，就是伯特利和屬伯特利的鎮市，耶沙拿和屬耶沙拿的鎮市，以法拉音(或作以弗倫)和屬以法拉音的鎮市。|zh
555|13|19|19|And Abijah went after Jeroboam and took some of his towns, Beth-el with its small towns and Jeshanah with its small towns and Ephron with its small towns.|en
556|13|20|20|亞比雅在世的時候，耶羅波安不能再強盛；耶和華攻擊他，他就死了。|zh
557|13|20|20|And Jeroboam did not get back his power again in the life-time of Abijah; and the Lord sent death on him.|en
558|13|21|21|亞比雅卻漸漸強盛，娶妻妾十四個，生了二十二個兒子，十六個女兒。|zh
559|13|21|21|But Abijah became great, and had fourteen wives, and became the father of twenty-two sons and sixteen daughters.|en
560|13|22|22|亞比雅其餘的事和他的言行都寫在先知易多的傳上。|zh
561|13|22|22|And the rest of the acts of Abijah, and his ways and his sayings, are recorded in the account of the prophet Iddo.|en
562|14|1|1|亞比雅與他列祖同睡，葬在大衛城裡。他兒子亞撒接續他作王。亞撒年間，國中太平十年。|zh
563|14|1|1|So Abijah went to rest with his fathers, and they put him into the earth in the town of David, and Asa his son became king in his place; in his time the land was quiet for ten years.|en
564|14|2|2|亞撒行耶和華─他神眼中看為善為正的事，|zh
565|14|2|2|And Asa did what was good and right in the eyes of the Lord his God;|en
566|14|3|3|除掉外邦神的壇和邱壇，打碎柱像，砍下木偶，|zh
567|14|3|3|For he took away the altars of strange gods and the high places, and had the upright stones broken and the wood pillars cut down;|en
568|14|4|4|吩咐猶大人尋求耶和華─他們列祖的神，遵行他的律法、誡命；|zh
569|14|4|4|And he made Judah go after the Lord, the God of their fathers, and keep his laws and his orders.|en
570|14|5|5|又在猶大各城邑除掉邱壇和日像，那時國享太平；|zh
571|14|5|5|And he took away the high places and the sun-images from all the towns of Judah; and the kingdom was quiet under his rule.|en
572|14|6|6|又在猶大建造了幾座堅固城。國中太平數年，沒有戰爭，因為耶和華賜他平安。|zh
573|14|6|6|He made walled towns in Judah, for the land was quiet and there were no wars in those years, because the Lord had given him rest.|en
574|14|7|7|他對猶大人說：我們要建造這些城邑，四圍築牆，蓋樓，安門，做閂；地還屬我們，是因尋求耶和華─我們的神；我們既尋求他，他就賜我們四境平安。於是建造城邑，諸事亨通。|zh
575|14|7|7|He said to Judah, Let us make these towns, building walls round them with towers and doors and locks. The land is still ours, because we have been true to the Lord our God; we have been true to him and he has given us rest on every side. So they went on building and all went well for them.|en
576|14|8|8|亞撒的軍兵，出自猶大拿盾牌拿槍的三十萬人；出自便雅憫拿盾牌拉弓的二十八萬人。這都是大能的勇士。|zh
577|14|8|8|And Asa had an army of three hundred thousand men of Judah armed with body-covers and spears, and two hundred and eighty thousand of Benjamin armed with body-covers and bows; all these were men of war.|en
578|14|9|9|有古實王謝拉率領軍兵一百萬，戰車三百輛，出來攻擊猶大人，到了瑪利沙。|zh
579|14|9|9|And Zerah the Ethiopian, with an army of a million, and three hundred war-carriages, came out against them to Mareshah.|en
580|14|10|10|於是亞撒出去與他迎敵，就在瑪利沙的洗法谷彼此擺陣。|zh
581|14|10|10|And Asa went out against him, and they put their forces in position in the valley north of Mareshah.|en
582|14|11|11|亞撒呼求耶和華─他的神說：耶和華啊，惟有你能幫助軟弱的，勝過強盛的。耶和華─我們的　神啊，求你幫助我們；因為我們仰賴你，奉你的名來攻擊這大軍。耶和華啊，你是我們的　神，不要容人勝過你。|zh
583|14|11|11|And Asa made prayer to the Lord his God and said, Lord, you only are able to give help against the strong to him who has no strength; come to our help, O Lord our God, for our hope is in you, and in your name we have come out against this great army. O Lord, you are our God; let not man's power be greater than yours.|en
584|14|12|12|於是耶和華使古實人敗在亞撒和猶大人面前，古實人就逃跑了；|zh
585|14|12|12|So the Lord sent fear on the Ethiopians before Asa and Judah; and the Ethiopians went in flight.|en
586|14|13|13|亞撒和跟隨他的軍兵追趕他們，直到基拉耳。古實人被殺的甚多，不能再強盛，因為敗在耶和華與他軍兵面前。猶大人就奪了許多財物，|zh
587|14|13|13|And Asa and the people who were with him went after them as far as Gerar; and so great was the destruction among the Ethiopians that they were not able to get their army together again, for they were broken before the Lord and before his army; and they took away a great amount of their goods.|en
588|14|14|14|又打破基拉耳四圍的城邑；耶和華使其中的人都甚恐懼。猶大人又將所有的城擄掠一空，因其中的財物甚多，|zh
589|14|14|14|And they overcame all the towns round Gerar, because the Lord sent fear on them; and they took away their goods from the towns, for there were stores of wealth in them.|en
590|14|15|15|又毀壞了群畜的圈，奪取許多的羊和駱駝，就回耶路撒冷去了。|zh
591|14|15|15|And they made an attack on the tents of the owners of the cattle, and took away great numbers of sheep and camels and went back to Jerusalem.|en
592|15|1|1|神的靈感動俄德的兒子亞撒利雅。|zh
593|15|1|1|And the spirit of God came on Azariah, the son of Oded;|en
594|15|2|2|他出來迎接亞撒，對他說：亞撒和猶大、便雅憫眾人哪，要聽我說：你們若順從耶和華，耶和華必與你們同在；你們若尋求他，就必尋見；你們若離棄他，他必離棄你們。|zh
595|15|2|2|And he came face to face with Asa and said to him, Give ear to me, Asa and all Judah and Benjamin: the Lord is with you while you are with him; if your heart's desire is for him, he will be near you, but if you give him up, he will give you up.|en
596|15|3|3|以色列人不信真神，沒有訓誨的祭司，也沒有律法，已經好久了；|zh
597|15|3|3|Now for a long time Israel has been without the true God, and without a teaching priest and without the law;|en
598|15|4|4|但他們在急難的時候歸向耶和華─以色列的神，尋求他，他就被他們尋見。|zh
599|15|4|4|But when in their trouble they were turned to the Lord, the God of Israel, searching after him, he let their search be rewarded.|en
600|15|5|5|那時，出入的人不得平安，列國的居民都遭大亂；|zh
601|15|5|5|In those times there was no peace for him who went out or for him who came in, but great trouble was on all the people of the lands.|en
602|15|6|6|這國攻擊那國，這城攻擊那城，互相破壞，因為神用各樣災難擾亂他們。|zh
603|15|6|6|And they were broken by divisions, nation against nation and town against town, because God sent all sorts of trouble on them.|en
604|15|7|7|現在你們要剛強，不要手軟，因你們所行的必得賞賜。|zh
605|15|7|7|But be you strong and let not your hands be feeble, for your work will be rewarded.|en
606|15|8|8|亞撒聽見這話和俄德兒子先知亞撒利雅的預言，就壯起膽來，在猶大、便雅憫全地，並以法蓮山地所奪的各城，將可憎之物盡都除掉，又在耶和華殿的廊前重新修築耶和華的壇；|zh
607|15|8|8|And Asa, hearing these words of Azariah, the son of Oded the prophet, took heart and put away all the disgusting things out of all the land of Judah and Benjamin, and out of the towns which he had taken from the hill-country of Ephraim; and he made new again the altar of the Lord in front of the covered way of the Lord's house.|en
608|15|9|9|又招聚猶大、便雅憫的眾人，並他們中間寄居的以法蓮人、瑪拿西人、西緬人。有許多以色列人歸降亞撒，因見耶和華─他的神與他同在。|zh
609|15|9|9|And he got together all Judah and Benjamin and those of Ephraim and Manasseh and Simeon who were living with them; for numbers of them came to him out of Israel when they saw that the Lord his God was with him.|en
610|15|10|10|亞撒十五年三月，他們都聚集在耶路撒冷。|zh
611|15|10|10|So they came together at Jerusalem in the third month, in the fifteenth year of the rule of Asa.|en
612|15|11|11|當日他們從所取的擄物中，將牛七百隻、羊七千隻獻給耶和華。|zh
613|15|11|11|And that day they made offerings to the Lord of the things they had taken in war, seven hundred oxen and seven thousand sheep.|en
614|15|12|12|他們就立約，要盡心盡性地尋求耶和華─他們列祖的神。|zh
615|15|12|12|And they made an agreement to be true to the Lord, the God of their fathers, with all their heart and all their soul;|en
616|15|13|13|凡不尋求耶和華─以色列神的，無論大小、男女，必被治死。|zh
617|15|13|13|And that anyone, small or great, man or woman, who was not true to the Lord, the God of Israel, would be put to death.|en
618|15|14|14|他們就大聲歡呼，吹號吹角，向耶和華起誓。|zh
619|15|14|14|And they made an oath to the Lord, with a loud voice, sounding wind-instruments and horns.|en
620|15|15|15|猶大眾人為所起的誓歡喜；因他們是盡心起誓，盡意尋求耶和華，耶和華就被他們尋見，且賜他們四境平安。|zh
621|15|15|15|And all Judah was glad because of the oath, for they had taken it with all their heart, turning to the Lord with all their desire; and he was with them and gave them rest on every side.|en
622|15|16|16|亞撒王貶了他祖母瑪迦太后的位，因他造了可憎的偶像亞舍拉。亞撒砍下他的偶像，搗得粉碎，燒在汲淪溪邊。|zh
623|15|16|16|And Asa would not let Maacah, his mother, be queen, because she had made a disgusting image for Asherah; and Asa had her image cut down and broken up and burned by the stream Kidron.|en
624|15|17|17|只是邱壇還沒有從以色列中廢去，然而亞撒的心一生誠實。|zh
625|15|17|17|But the high places were not taken away out of Israel; but still the heart of Asa was true to the Lord all his life.|en
626|15|18|18|亞撒將他父所分別為聖、與自己所分別為聖的金銀和器皿都奉到神的殿裡。|zh
627|15|18|18|He took into the house of God all the things which his father had made holy and those which he himself had made holy, silver and gold and vessels.|en
628|15|19|19|從這時直到亞撒三十五年，都沒有爭戰的事。|zh
629|15|19|19|And there was no more war till the thirty-fifth year of the rule of Asa.|en
630|16|1|1|亞撒三十六年，以色列王巴沙上來攻擊猶大，修築拉瑪，不許人從猶大王亞撒那裡出入。|zh
631|16|1|1|In the thirty-sixth year of the rule of Asa, Baasha, king of Israel, went up against Judah, building Ramah so that no one was able to go out or in to Asa, king of Judah.|en
632|16|2|2|於是亞撒從耶和華殿和王宮的府庫裡拿出金銀來，送與住大馬色的亞蘭王便哈達，說：|zh
633|16|2|2|Then Asa took silver and gold out of the stores of the Lord's house and of the king's store-house, and sent to Ben-hadad, king of Aram, at Damascus, saying,|en
634|16|3|3|你父曾與我父立約，我與你也要立約。現在我將金銀送給你，求你廢掉你與以色列王巴沙所立的約，使他離開我。|zh
635|16|3|3|Let there be an agreement between me and you as there was between my father and your father: see, I have sent you silver and gold; go and put an end to your agreement with Baasha, king of Israel, so that he may give up attacking me.|en
636|16|4|4|便哈達聽從亞撒王的話，派軍長去攻擊以色列的城邑。他們就攻破以雲、但、亞伯瑪音，和拿弗他利一切的積貨城。|zh
637|16|4|4|And Ben-hadad did as King Asa said, and sent the captains of his armies against the towns of Israel, attacking Ijon and Dan and Abel-maim, and all the store-towns of Naphtali.|en
638|16|5|5|巴沙聽見就停工，不修築拉瑪了。|zh
639|16|5|5|Then Baasha, hearing of it, put a stop to the building of Ramah, and let his work come to an end.|en
640|16|6|6|於是亞撒王率領猶大眾人，將巴沙修築拉瑪所用的石頭、木頭都運去，用以修築迦巴和米斯巴。|zh
641|16|6|6|Then King Asa, with all Judah, took away the stones and wood with which Baasha was building Ramah, and he made use of them for building Geba and Mizpah.|en
642|16|7|7|那時，先見哈拿尼來見猶大王亞撒，對他說：因你仰賴亞蘭王，沒有仰賴耶和華─你的神，所以亞蘭王的軍兵脫離了你的手。|zh
643|16|7|7|At that time Hanani the seer came to Asa, king of Judah, and said to him, Because you have put your faith in the king of Aram and not in the Lord your God, the army of the king of Aram has got away out of your hands.|en
644|16|8|8|古實人、路比人的軍隊不是甚大麼？戰車馬兵不是極多麼？只因你仰賴耶和華，他便將他們交在你手裡。|zh
645|16|8|8|Were not the Ethiopians and the Lubim a very great army, with war-carriages and horsemen more than might be numbered? but because your faith was in the Lord, he gave them up into your hands.|en
646|16|9|9|耶和華的眼目遍察全地，要顯大能幫助向他心存誠實的人。你這事行得愚昧；此後，你必有爭戰的事。|zh
647|16|9|9|For the eyes of the Lord go this way and that, through all the earth, letting it be seen that he is the strong support of those whose hearts are true to him. In this you have done foolishly, for from now you will have wars.|en
648|16|10|10|亞撒因此惱恨先見，將他囚在監裡。那時亞撒也虐待一些人民。|zh
649|16|10|10|Then Asa was angry with the seer, and put him in prison, burning with wrath against him because of this thing. And at the same time Asa was cruel to some of the people.|en
650|16|11|11|亞撒所行的事，自始至終都寫在猶大和以色列諸王記上。|zh
651|16|11|11|Now the acts of Asa, first and last, are recorded in the book of the kings of Judah and Israel.|en
652|16|12|12|亞撒作王三十九年，他腳上有病，而且甚重。病的時候沒有求耶和華，只求醫生。|zh
653|16|12|12|In the thirty-ninth year of his rule, Asa had a very bad disease of the feet; but he did not go to the Lord for help in his disease, but to medical men.|en
654|16|13|13|他作王四十一年而死，與他列祖同睡，|zh
655|16|13|13|So Asa went to rest with his fathers, and death came to him in the forty-first year of his rule.|en
656|16|14|14|葬在大衛城自己所鑿的墳墓裡，放在床上，其床堆滿各樣馨香的香料，就是按做香的作法調和的香料，又為他燒了許多的物件。|zh
657|16|14|14|And they put him into the resting-place which he had made for himself in the town of David, in a bed full of sweet perfumes of all sorts of spices, made by the perfumer's art, and they made a great burning for him.|en
658|17|1|1|亞撒的兒子約沙法接續他作王，奮勇自強，防備以色列人，|zh
659|17|1|1|And Jehoshaphat his son became king in his place, and made himself strong against Israel.|en
660|17|2|2|安置軍兵在猶大一切堅固城裡，又安置防兵在猶大地和他父亞撒所得以法蓮的城邑中。|zh
661|17|2|2|He put forces in all the walled towns of Judah, and responsible chiefs in the land of Judah and in the towns of Ephraim, which Asa his father had taken.|en
662|17|3|3|耶和華與約沙法同在；因為他行他祖大衛初行的道，不尋求巴力，|zh
663|17|3|3|And the Lord was with Jehoshaphat, because he went in the early ways of his father, not turning to the Baals,|en
664|17|4|4|只尋求他父親的神，遵行他的誡命，不效法以色列人的行為。|zh
665|17|4|4|But turning to the God of his father and keeping his laws, and not doing as Israel did.|en
666|17|5|5|所以耶和華堅定他的國，猶大眾人給他進貢；約沙法大有尊榮資財。|zh
667|17|5|5|So the Lord made his kingdom strong; and all Judah gave offerings to Jehoshaphat, and he had great wealth and honour.|en
668|17|6|6|他高興遵行耶和華的道，並且從猶大除掉一切邱壇和木偶。|zh
669|17|6|6|His heart was lifted up in the ways of the Lord; and he went so far as to take away the high places and the wood pillars out of Judah.|en
670|17|7|7|他作王第三年，就差遣臣子便亥伊勒、俄巴底、撒迦利雅、拿坦業、米該亞往猶大各城去教訓百姓。|zh
671|17|7|7|In the third year of his rule he sent Benhail and Obadiah and Zechariah and Nethanel and Micaiah, his captains, as teachers into the towns of Judah;|en
672|17|8|8|同著他們有利未人示瑪雅、尼探雅、西巴第雅、亞撒黑、示米拉末、約拿單、亞多尼雅、多比雅、駝巴多尼雅，又有祭司以利沙瑪、約蘭同著他們。|zh
673|17|8|8|And with them, Shemaiah and Nethaniah and Zebadiah and Asahel and Shemiramoth and Jehonathan and Adonijah and Tobijah and Tob-adonijah, the Levites; and Elishama and Jehoram the priests.|en
674|17|9|9|他們帶著耶和華的律法書，走遍猶大各城教訓百姓。|zh
675|17|9|9|And they gave teaching in Judah and had the book of the law of the Lord with them; they went through all the towns of Judah teaching the people.|en
676|17|10|10|耶和華使猶大四圍的列國都甚恐懼，不敢與約沙法爭戰。|zh
677|17|10|10|And the fear of the Lord was on all the kingdoms of the lands round Judah, so that they made no wars against Jehoshaphat.|en
678|17|11|11|有些非利士人與約沙法送禮物，納貢銀。亞拉伯人也送他公綿羊七千七百隻，公山羊七千七百隻。|zh
679|17|11|11|And some of the Philistines took offerings to Jehoshaphat, and made him payments of silver; and the Arabians gave him flocks, seven thousand, seven hundred sheep, and seven thousand, seven hundred he-goats.|en
680|17|12|12|約沙法日漸強大，在猶大建造營寨和積貨城。|zh
681|17|12|12|Jehoshaphat became greater and greater, and made strong towers and store-towns in Judah.|en
682|17|13|13|他在猶大城邑中有許多工程，又在耶路撒冷有戰士，就是大能的勇士。|zh
683|17|13|13|He had much property in the towns of Judah; he had forces of armed men, great and strong, in Jerusalem.|en
684|17|14|14|他們的數目，按著宗族，記在下面：猶大族的，千夫長押拿為首率領大能的勇士─三十萬；|zh
685|17|14|14|This is the number of them, listed by their families, the captains of thousands of Judah: Adnah, the captain, and with him three hundred thousand men of war;|en
686|17|15|15|其次是，千夫長約哈難率領大能的勇士─二十八萬；|zh
687|17|15|15|Second to him Jehohanan, the captain, and with him two hundred and eighty thousand;|en
688|17|16|16|其次是，細基利的兒子亞瑪斯雅〈他為耶和華犧牲自己〉率領大能的勇士─二十萬。|zh
689|17|16|16|After him Amasiah, the son of Zichri, who freely gave himself to the Lord, and with him two hundred thousand men of war;|en
690|17|17|17|便雅憫族，是大能的勇士以利雅大率領，拿弓箭和盾牌的─二十萬；|zh
691|17|17|17|And the captains of Benjamin: Eliada, a great man of war, and with him two hundred thousand armed with bows and body-covers;|en
692|17|18|18|其次是，約薩拔率領預備打仗的─十八萬。|zh
693|17|18|18|And after him Jehozabad, and with him a hundred and eighty thousand trained for war.|en
694|17|19|19|這都是伺候王的，還有王在猶大全地堅固城所安置的不在其內。|zh
695|17|19|19|These were the men who were waiting on the king, in addition to those placed by the king in the walled towns through all Judah.|en
696|18|1|1|約沙法大有尊榮資財，就與亞哈結親。|zh
697|18|1|1|Now Jehoshaphat had great wealth and honour, and his son was married to Ahab's daughter.|en
698|18|2|2|過了幾年，他下到撒瑪利亞去見亞哈；亞哈為他和跟從他的人宰了許多牛羊，勸他與自己同去攻取基列的拉末。|zh
699|18|2|2|And after some years he went down to Samaria to see Ahab. And Ahab made a feast for him and the people who were with him, putting to death great numbers of sheep and oxen; and he got Jehoshaphat to go with him to Ramoth-gilead.|en
700|18|3|3|以色列王亞哈問猶大王約沙法說：你肯同我去攻取基列的拉末麼？他回答說：你我不分彼此，我的民與你的民一樣，必與你同去爭戰。|zh
701|18|3|3|For Ahab, king of Israel, said to Jehoshaphat, king of Judah, Will you go with me to Ramoth-gilead? And he said, I am as you are, and my people as your people; we will be with you in the war.|en
702|18|4|4|約沙法對以色列王說：請你先求問耶和華。|zh
703|18|4|4|Then Jehoshaphat said to the king of Israel, Let us now get directions from the Lord.|en
704|18|5|5|於是以色列王招聚先知四百人，問他們說：我們上去攻取基列的拉末可以不可以？他們說：可以上去，因為神必將那城交在王的手裡。|zh
705|18|5|5|So the king of Israel got together all the prophets, four hundred men, and said to them, Am I to go to Ramoth-gilead to make war or not? And they said, Go up: for God will give it into the hands of the king.|en
706|18|6|6|約沙法說：這裡不是還有耶和華的先知，我們可以求問他麼？|zh
707|18|6|6|But Jehoshaphat said, Is there no other prophet of the Lord here from whom we may get directions?|en
708|18|7|7|以色列王對約沙法說：還有一個人，是音拉的兒子米該雅。我們可以託他求問耶和華，只是我恨他；因為他指著我所說的預言，不說吉語，常說凶言。約沙法說：王不必這樣說。|zh
709|18|7|7|And the king of Israel said to Jehoshaphat, There is still one man by whom we may get directions from the Lord, but I have no love for him, because he has never been a prophet of good to me, but only of evil: he is Micaiah, the son of Imla. And Jehoshaphat said, Let not the king say so.|en
710|18|8|8|以色列王就召了一個太監來，說：你快去將音拉的兒子米該雅召來。|zh
711|18|8|8|Then the king of Israel sent for one of his unsexed servants and said, Go quickly and come back with Micaiah, the son of Imla.|en
712|18|9|9|以色列王和猶大王約沙法在撒瑪利亞城門前的空場上，各穿朝服坐在位上，所有的先知都在他們面前說預言。|zh
713|18|9|9|Now the king of Israel and Jehoshaphat, the king of Judah, were seated on their seats of authority, dressed in their robes, by the doorway into Samaria; and all the prophets were acting as prophets before them.|en
714|18|10|10|基拿拿的兒子西底家造了兩個鐵角，說：耶和華如此說：你要用這角牴觸亞蘭人，直到將他們滅盡。|zh
715|18|10|10|And Zedekiah, the son of Chenaanah, made himself iron horns and said, The Lord says, Pushing back the Aramaeans with these, you will put an end to them completely.|en
716|18|11|11|所有的先知也都這樣預言說：可以上基列的拉末去，必然得勝，因為耶和華必將那城交在王的手中。|zh
717|18|11|11|And all the prophets said the same thing, saying, Go up to Ramoth-gilead, and it will go well for you, for the Lord will give it into the hands of the king.|en
718|18|12|12|那去召米該雅的使者對米該雅說：眾先知一口同音地都向王說吉言，你不如與他們說一樣的話，也說吉言。|zh
719|18|12|12|Now the servant who had gone to get Micaiah said to him, See now, all the prophets with one voice are saying good things to the king; so let your words be like theirs, and say good things.|en
720|18|13|13|米該雅說：我指著永生的耶和華起誓，我的神說甚麼，我就說甚麼。|zh
721|18|13|13|And Micaiah said, By the living Lord, whatever the Lord says to me I will say.|en
722|18|14|14|米該雅到王面前，王問他說：米該雅啊，我們上去攻取基列的拉末可以不可以？他說：可以上去，必然得勝，敵人必交在你們手裡。|zh
723|18|14|14|When he came to the king, the king said to him, Micaiah, are we to go to Ramoth-gilead to make war or not? And he said, Go up, and it will go well for you; and they will be given up into your hands.|en
724|18|15|15|王對他說：我當囑咐你幾次，你才奉耶和華的名向我說實話呢？|zh
725|18|15|15|And the king said to him, Have I not, again and again, put you on your oath to say nothing to me but what is true in the name of the Lord?|en
726|18|16|16|米該雅說：我看見以色列眾民散在山上，如同沒有牧人的羊群一般。耶和華說：這民沒有主人，他們可以平平安安地各歸各家去。|zh
727|18|16|16|Then he said, I saw all Israel wandering on the mountains like sheep without a keeper; and the Lord said, These have no master: let them go back, every man to his house in peace.|en
728|18|17|17|以色列王對約沙法說：我豈沒有告訴你，這人指著我所說的預言，不說吉語，單說凶言麼？|zh
729|18|17|17|And the king of Israel said to Jehoshaphat, Did I not say that he would not be a prophet of good to me, but of evil?|en
730|18|18|18|米該雅說：你們要聽耶和華的話。我看見耶和華坐在寶座上，天上的萬軍侍立在他左右。|zh
731|18|18|18|Then he said, Give ear now to the word of the Lord: I saw the Lord seated on his seat of power, and all the army of heaven in their places, at his right hand and at his left.|en
732|18|19|19|耶和華說：誰去引誘以色列王亞哈上基列的拉末去陣亡呢？這個就這樣說，那個就那樣說。|zh
733|18|19|19|And the Lord said, How may Ahab, king of Israel, be tricked into going up to Ramoth-gilead to his death? And one said one thing and one another.|en
734|18|20|20|隨後，有一個神靈出來，站在耶和華面前說：我去引誘他。耶和華問他說：你用何法呢？|zh
735|18|20|20|Then a spirit came forward and took his place before the Lord and said, I will get him to do it by a trick. And the Lord said to him, How?|en
736|18|21|21|他說：我去，要在他眾先知口中作謊言的靈。耶和華說：這樣，你必能引誘他，你去如此行罷！|zh
737|18|21|21|And he said, I will go out and be a spirit of deceit in the mouth of all his prophets. And the Lord said, Your trick will have its effect on him: go out and do so.|en
738|18|22|22|現在耶和華使謊言的靈入了你這些先知的口，並且耶和華已經命定降禍與你。|zh
739|18|22|22|And now, see, the Lord has put a spirit of deceit in the mouth of these prophets of yours; and the Lord has said evil against you.|en
740|18|23|23|基拿拿的兒子西底家前來打米該雅的臉，說：耶和華的靈從哪裡離開我與你說話呢？|zh
741|18|23|23|Then Zedekiah, the son of Chenaanah, came near and gave Micaiah a blow on the side of his face, saying, Where is the spirit of the Lord whose word is in you?|en
742|18|24|24|米該雅說：你進嚴密的屋子藏躲的那日，就必看見了。|zh
743|18|24|24|And Micaiah said, Truly, you will see on that day when you go into an inner room to keep yourself safe.|en
744|18|25|25|以色列王說：將米該雅帶回，交給邑宰亞們和王的兒子約阿施，說：|zh
745|18|25|25|And the king of Israel said, Take Micaiah and send him back to Amon, the ruler of the town, and to Joash, the king's son;|en
746|18|26|26|王如此說：把這個人下在監裡，使他受苦，吃不飽喝不足，等候我平平安安地回來。|zh
747|18|26|26|And say, By the king's order this man is to be put in prison, and given prison food till I come back in peace.|en
748|18|27|27|米該雅說：你若能平安回來，那就是耶和華沒有藉我說這話了；又說：眾民哪，你們都要聽！|zh
749|18|27|27|And Micaiah said, If you come back at all in peace, the Lord has not sent his word by me.|en
750|18|28|28|以色列王和猶大王約沙法上基列的拉末去了。|zh
751|18|28|28|So the king of Israel and Jehoshaphat, the king of Judah, went up to Ramoth-gilead.|en
752|18|29|29|以色列王對約沙法說：我要改裝上陣，你可以仍穿王服。於是以色列王改裝，他們就上陣去了。|zh
753|18|29|29|And the king of Israel said to Jehoshaphat, I will make a change in my clothing, so that I do not seem to be the king, and will go into the fight; but do you put on your robes. So the king of Israel made a change in his dress, and they went to the fight.|en
754|18|30|30|先是亞蘭王吩咐車兵長說：他們的兵將，無論大小，你們都不可與他們爭戰，只要與以色列王爭戰。|zh
755|18|30|30|Now the king of Aram had given orders to the captains of his war-carriages, saying, Make no attack on small or great, but only on the king of Israel.|en
756|18|31|31|車兵長看見約沙法便說，這必是以色列王，就轉過去與他爭戰。約沙法一呼喊，耶和華就幫助他，神又感動他們離開他。|zh
757|18|31|31|So when the captains of the war-carriages saw Jehoshaphat, they said, It is the king of Israel. And turning about, they came round him, but Jehoshaphat gave a cry, and the Lord came to his help, and God sent them away from him.|en
758|18|32|32|車兵長見不是以色列王，就轉去不追他了。|zh
759|18|32|32|Now when the captains of the war-carriages saw that he was not the king of Israel, they went back from going after him.|en
760|18|33|33|有一人隨便開弓，恰巧射入以色列王的甲縫裡。王對趕車的說：我受了重傷，你轉過車來，拉我出陣罷！|zh
761|18|33|33|And a certain man sent an arrow from his bow without thought of its direction, and gave the king of Israel a wound where his breastplate was joined to his clothing; so he said to the driver of his war-carriage, Go to one side and take me away out of the army, for I am badly wounded.|en
762|18|34|34|那日陣勢越戰越猛，以色列王勉強站在車上抵擋亞蘭人，直到晚上。約在日落的時候，王就死了。|zh
763|18|34|34|But the fight became more violent while the day went on; and the king of Israel was supported in his war-carriage facing the Aramaeans till the evening; and by sundown he was dead.|en
764|19|1|1|猶大王約沙法平平安安地回耶路撒冷，到宮裡去了。|zh
765|19|1|1|And Jehoshaphat, king of Judah, went back to his house in Jerusalem in peace.|en
766|19|2|2|先見哈拿尼的兒子耶戶出來迎接約沙法王，對他說：你豈當幫助惡人，愛那恨惡耶和華的人呢？因此耶和華的忿怒臨到你。|zh
767|19|2|2|And Jehu, the son of Hanani the seer, went to King Jehoshaphat and said to him, Is it right for you to go to the help of evil-doers, loving the haters of the Lord? because of this, the wrath of the Lord has come on you.|en
768|19|3|3|然而你還有善行，因你從國中除掉木偶，立定心意尋求神。|zh
769|19|3|3|But still there is some good in you, for you have put away the wood pillars out of the land, and have given your heart to the worship of God.|en
770|19|4|4|約沙法住在耶路撒冷，以後又出巡民間，從別是巴直到以法蓮山地，引導民歸向耶和華─他們列祖的神；|zh
771|19|4|4|And Jehoshaphat was living in Jerusalem; and he went out again among the people, from Beer-sheba to the hill-country of Ephraim, guiding them back to the Lord, the God of their fathers.|en
772|19|5|5|又在猶大國中遍地的堅固城裡設立審判官，|zh
773|19|5|5|And he put judges through all the land, in every walled town of Judah,|en
774|19|6|6|對他們說：你們辦事應當謹慎；因為你們判斷不是為人，乃是為耶和華。判斷的時候，他必與你們同在。|zh
775|19|6|6|And said to the judges, Take care what you do, for you are judging not for man but for the Lord, and he is with you in the decisions you give.|en
776|19|7|7|現在你們應當敬畏耶和華，謹慎辦事；因為耶和華─我們的神沒有不義，不偏待人，也不受賄賂。|zh
777|19|7|7|So now let the fear of the Lord be in you; do your work with care; for in the Lord our God there is no evil, or respect for high position, or taking of payment to do wrong.|en
778|19|8|8|約沙法從利未人和祭司，並以色列族長中派定人，在耶路撒冷為耶和華判斷，聽民間的爭訟，就回耶路撒冷去了。|zh
779|19|8|8|Then in Jerusalem he gave authority to certain of the Levites and the priests and the heads of families of Israel to give decisions for the Lord, and in the causes of those living in Jerusalem.|en
780|19|9|9|約沙法囑咐他們說：你們當敬畏耶和華，忠心誠實辦事。|zh
781|19|9|9|And he gave them their orders, saying, You are to do your work in the fear of the Lord, in good faith and with a true heart.|en
782|19|10|10|住在各城裡你們的弟兄，若有爭訟的事來到你們這裡，或為流血，或犯律法、誡命、律例、典章，你們要警戒他們，免得他們得罪耶和華，以致他的忿怒臨到你們和你們的弟兄；這樣行，你們就沒有罪了。|zh
783|19|10|10|And if any cause comes before you from your brothers living in their towns, where the death punishment is in question, or where there are questions of law or order, or rules or decisions, make them take care that they are not in the wrong before the Lord, so that wrath may not come on you and on your brothers; do this and you yourselves will not be in the wrong.|en
784|19|11|11|凡屬耶和華的事，有大祭司亞瑪利雅管理你們；凡屬王的事，有猶大支派的族長以實瑪利的兒子西巴第雅管理你們；在你們面前有利未人作官長。你們應當壯膽辦事，願耶和華與善人同在。|zh
785|19|11|11|And now, Amariah, the chief priest, is over you in all questions to do with the Lord; and Zebadiah the son of Ishmael, the head of the family of Judah, in everything to do with the king's business; and the Levites will be overseers for you. Be strong to do the work; and may the Lord be with the upright.|en
786|20|1|1|此後，摩押人和亞捫人，又有米烏尼人，一同來攻擊約沙法。|zh
787|20|1|1|Now after this, the children of Moab and the children of Ammon, and with them some of the Meunim, made war against Jehoshaphat.|en
788|20|2|2|有人來報告約沙法說：從海外亞蘭(又作以東)那邊有大軍來攻擊你，如今他們在哈洗遜他瑪，就是隱基底。|zh
789|20|2|2|And they came to Jehoshaphat with the news, saying, A great army is moving against you from Edom across the sea; and now they are in Hazazon-tamar (which is En-gedi).|en
790|20|3|3|約沙法便懼怕，定意尋求耶和華，在猶大全地宣告禁食。|zh
791|20|3|3|Then Jehoshaphat, in his fear, went to the Lord for directions, and gave orders all through Judah for the people to go without food.|en
792|20|4|4|於是猶大人聚會，求耶和華幫助。猶大各城都有人出來尋求耶和華。|zh
793|20|4|4|And Judah came together to make prayer for help from the Lord; from every town of Judah they came to give worship to the Lord.|en
794|20|5|5|約沙法就在猶大和耶路撒冷的會中，站在耶和華殿的新院前，|zh
795|20|5|5|And Jehoshaphat took his place in the meeting of Judah and Jerusalem, in the house of the Lord in front of the new open space,|en
796|20|6|6|說：耶和華─我們列祖的神啊，你不是天上的　神麼？你不是萬邦萬國的主宰麼？在你手中有大能大力，無人能抵擋你。|zh
797|20|6|6|And said, O Lord, the God of our fathers, are you not God in heaven? are you not ruler over all the kingdoms of the nations? and in your hands are power and strength so that no one is able to keep his place against you.|en
798|20|7|7|我們的神啊，你不是曾在你民以色列人面前驅逐這地的居民，將這地賜給你朋友亞伯拉罕的後裔永遠為業麼？|zh
799|20|7|7|Did you not, O Lord our God, after driving out the people of this land before your people Israel, give it to the seed of Abraham, your friend, for ever?|en
800|20|8|8|他們住在這地，又為你的名建造聖所，說：|zh
801|20|8|8|And they made it their living-place, building there a holy house for your name, and saying,|en
802|20|9|9|倘有禍患臨到我們，或刀兵災殃，或瘟疫饑荒，我們在急難的時候，站在這殿前向你呼求，你必垂聽而拯救，因為你的名在這殿裡。|zh
803|20|9|9|If evil comes on us, the sword, or punishment, or disease, or need of food, we will come to this house and to you, (for your name is in this house,) crying to you in our trouble, and you will give us salvation in answer to our cry.|en
804|20|10|10|從前以色列人出埃及地的時候，你不容以色列人侵犯亞捫人、摩押人，和西珥山人，以色列人就離開他們，不滅絕他們。|zh
805|20|10|10|And now, see, the children of Ammon and Moab and the people of Mount Seir, whom you kept Israel from attacking when they came out of Egypt, so that turning to one side they did not send destruction on them:|en
806|20|11|11|看哪，他們怎樣報復我們，要來驅逐我們出離你的地，就是你賜給我們為業之地。|zh
807|20|11|11|See now, how as our reward they have come to send us out of your land which you have given us as our heritage.|en
808|20|12|12|我們的神啊，你不懲罰他們麼？因為我們無力抵擋這來攻擊我們的大軍，我們也不知道怎樣行，我們的眼目單仰望你。|zh
809|20|12|12|O our God, will you not be their judge? for our strength is not equal to this great army which is coming against us; and we are at a loss what to do: but our eyes are on you.|en
810|20|13|13|猶大眾人和他們的嬰孩、妻子、兒女都站在耶和華面前。|zh
811|20|13|13|And all Judah were waiting before the Lord, with their little ones, their wives, and their children.|en
812|20|14|14|那時，耶和華的靈在會中臨到利未人亞薩的後裔─瑪探雅的玄孫，耶利的曾孫，比拿雅的孫子，撒迦利雅的兒子雅哈悉。|zh
813|20|14|14|Then, before all the meeting, the spirit of the Lord came on Jahaziel, the son of Zechariah, son of Benaiah, son of Jeiel, son of Mattaniah, a Levite and one of the family of Asaph;|en
814|20|15|15|他說：猶大眾人、耶路撒冷的居民，和約沙法王，你們請聽。耶和華對你們如此說：不要因這大軍恐懼驚惶；因為勝敗不在乎你們，乃在乎神。|zh
815|20|15|15|And he said, Give ear, O Judah, and you people of Jerusalem, and you, King Jehoshaphat: the Lord says to you, Have no fear and do not be troubled on account of this great army; for the fight is not yours but God's.|en
816|20|16|16|明日你們要下去迎敵，他們是從洗斯坡上來，你們必在耶魯伊勒曠野前的谷口遇見他們。|zh
817|20|16|16|Go down against them tomorrow: see, they are coming up by the slope of Ziz; at the end of the valley, before the waste land of Jeruel, you will come face to face with them.|en
818|20|17|17|猶大和耶路撒冷人哪，這次你們不要爭戰，要擺陣站著，看耶和華為你們施行拯救。不要恐懼，也不要驚惶。明日當出去迎敵，因為耶和華與你們同在。|zh
819|20|17|17|There will be no need for you to take up arms in this fight; put yourselves in position, and keep where you are, and you will see the salvation of the Lord with you, O Judah and Jerusalem: have no fear and do not be troubled: go out against them tomorrow, for the Lord is with you.|en
820|20|18|18|約沙法就面伏於地，猶大眾人和耶路撒冷的居民也俯伏在耶和華面前，叩拜耶和華。|zh
821|20|18|18|Then Jehoshaphat went down with his face to the earth, and all Judah and the people of Jerusalem gave worship to the Lord, falling down before him.|en
822|20|19|19|哥轄族和可拉族的利未人都起來，用極大的聲音讚美耶和華以色列的神。|zh
823|20|19|19|And the Levites, the children of the Kohathites and the Korahites, got to their feet and gave praise to the Lord, the God of Israel, with a loud voice.|en
824|20|20|20|次日清早，眾人起來往提哥亞的曠野去。出去的時候，約沙法站著說：猶大人和耶路撒冷的居民哪，要聽我說：信耶和華─你們的神就必立穩；信他的先知就必亨通。|zh
825|20|20|20|And early in the morning they got up and went out to the waste land of Tekoa: and when they were going out, Jehoshaphat took his station and said to them, Give ear to me, O Judah and you people of Jerusalem: have faith in the Lord your God and you will be safe; have faith in his prophets and all will go well for you.|en
826|20|21|21|約沙法既與民商議了，就設立歌唱的人，頌讚耶和華，使他們穿上聖潔的禮服，走在軍前讚美耶和華說：當稱謝耶和華，因他的慈愛永遠長存！|zh
827|20|21|21|And after discussion with the people, he put in their places those who were to make melody to the Lord, praising him in holy robes, while they went at the head of the army, and saying, May the Lord be praised, for his mercy is unchanging for ever.|en
828|20|22|22|眾人方唱歌讚美的時候，耶和華就派伏兵擊殺那來攻擊猶大人的亞捫人、摩押人，和西珥山人，他們就被打敗了。|zh
829|20|22|22|And at the first notes of song and praise the Lord sent a surprise attack against the children of Ammon and Moab and the people of Mount Seir, who had come against Judah; and they were overcome.|en
830|20|23|23|因為亞捫人和摩押人起來，擊殺住西珥山的人，將他們滅盡；滅盡住西珥山的人之後，他們又彼此自相擊殺。|zh
831|20|23|23|And the children of Ammon and Moab made an attack on the people of Mount Seir with a view to their complete destruction; and when they had put an end to the people of Seir, everyman's hand was turned against his neighbour for his destruction.|en
832|20|24|24|猶大人來到曠野的望樓，向那大軍觀看，見屍橫遍地，沒有一個逃脫的。|zh
833|20|24|24|And Judah came to the watchtower of the waste land, and looking in the direction of the army, they saw only dead bodies stretched on the earth; no living man was to be seen.|en
834|20|25|25|約沙法和他的百姓就來收取敵人的財物，在屍首中見了許多財物、珍寶，他們剝脫下來的多得不可攜帶；因為甚多，直收取了三日。|zh
835|20|25|25|And when Jehoshaphat and his people came to take their goods from them, they saw beasts in great numbers, and wealth and clothing and things of value, more than they were able to take away; all this they took for themselves, and they were three days getting it away, there was so much.|en
836|20|26|26|第四日眾人聚集在比拉迦谷(就是稱頌的意思)，在那裡稱頌耶和華。因此那地方名叫比拉迦谷，直到今日。|zh
837|20|26|26|On the fourth day they all came together in the Valley of Blessing, and there they gave blessing to the Lord; for which cause that place has been named the Valley of Blessing to this day.|en
838|20|27|27|猶大人和耶路撒冷人都歡歡喜喜地回耶路撒冷，約沙法率領他們；因為耶和華使他們戰勝仇敵，就歡喜快樂。|zh
839|20|27|27|Then all the men of Judah and Jerusalem went back, with Jehoshaphat at their head, coming back to Jerusalem with joy; for the Lord had made them glad over their haters.|en
840|20|28|28|他們彈琴、鼓瑟、吹號來到耶路撒冷，進了耶和華的殿。|zh
841|20|28|28|So they came to Jerusalem with corded instruments and wind-instruments into the house of the Lord.|en
842|20|29|29|列邦諸國聽見耶和華戰敗以色列的仇敵，就甚懼怕。|zh
843|20|29|29|And the fear of God came on all the kingdoms of the lands, when they had news of how the Lord made war on those who came against Israel.|en
844|20|30|30|這樣，約沙法的國得享太平，因為神賜他四境平安。|zh
845|20|30|30|So the kingdom of Jehoshaphat was quiet, for the Lord gave him rest on every side.|en
846|20|31|31|約沙法作猶大王，登基的時候年三十五歲，在耶路撒冷作王二十五年。他母親名叫阿蘇巴，乃示利希的女兒。|zh
847|20|31|31|And Jehoshaphat was king over Judah: he was thirty-five years old when he became king, and he was ruling for twenty-five years in Jerusalem: his mother's name was Azubah, the daughter of Shilhi.|en
848|20|32|32|約沙法效法他父亞撒所行的，不偏左右，行耶和華眼中看為正的事。|zh
849|20|32|32|He went in the ways of his father Asa, not turning away, but doing right in the eyes of the Lord.|en
850|20|33|33|只是邱壇還沒有廢去，百姓也沒有立定心意歸向他們列祖的神。|zh
851|20|33|33|The high places, however, were not taken away, and the hearts of the people were still not true to the God of their fathers.|en
852|20|34|34|約沙法其餘的事，自始至終都寫在哈拿尼的兒子耶戶的書上，也載入以色列諸王記上。|zh
853|20|34|34|Now as for the rest of the acts of Jehoshaphat, first and last, they are recorded in the words of Jehu, the son of Hanani, which were put in the book of the kings of Israel.|en
854|20|35|35|此後，猶大王約沙法與以色列王亞哈謝交好；亞哈謝行惡太甚。|zh
855|20|35|35|After this Jehoshaphat, king of Judah, became friends with Ahaziah, king of Israel, who did much evil:|en
856|20|36|36|二王合夥造船要往他施去，遂在以旬迦別造船。|zh
857|20|36|36|Together they made ships to go to Tarshish, building them in Ezion-geber.|en
858|20|37|37|那時瑪利沙人、多大瓦的兒子以利以謝向約沙法預言說：因你與亞哈謝交好，耶和華必破壞你所造的。後來那船果然破壞，不能往他施去了。|zh
859|20|37|37|Then the word of Eliezer the prophet, the son of Dodavahu of Mareshah, came against Jehoshaphat, saying, Because you have let yourself be joined with Ahaziah, the Lord has sent destruction on your works. And the ships were broken and were not able to go to Tarshish.|en
860|21|1|1|約沙法與他列祖同睡，葬在大衛城他列祖的墳地裡。他兒子約蘭接續他作王。|zh
861|21|1|1|And Jehoshaphat went to rest with his fathers, and his body was put into the earth in the town of David. And Jehoram his son became king in his place.|en
862|21|2|2|約蘭有幾個兄弟，就是約沙法的兒子亞撒利雅、耶歇、撒迦利雅、亞撒利雅、米迦勒、示法提雅。這都是猶大王約沙法的兒子。|zh
863|21|2|2|And he had brothers, sons of Jehoshaphat, Azariah, Jehiel, Zechariah, Azariah, Michael, and Shephatiah; all these were sons of Jehoshaphat, king of Israel.|en
864|21|3|3|他們的父親將許多金銀、財寶，和猶大地的堅固城賜給他們；但將國賜給約蘭，因為他是長子。|zh
865|21|3|3|And their father gave them much silver and gold and things of great value, as well as walled towns in Judah; but the kingdom he gave to Jehoram, because he was the oldest.|en
866|21|4|4|約蘭興起坐他父的位，奮勇自強，就用刀殺了他的眾兄弟和以色列的幾個首領。|zh
867|21|4|4|Now when Jehoram had taken his place over his father's kingdom, and had made his position safe, he put all his brothers to death with the sword, as well as some of the princes of Israel.|en
868|21|5|5|約蘭登基的時候年三十二歲，在耶路撒冷作王八年。|zh
869|21|5|5|Jehoram was thirty-two years old when he became king; and he was ruling in Jerusalem for eight years.|en
870|21|6|6|他行以色列諸王的道，與亞哈家一樣；因他娶了亞哈的女兒為妻，行耶和華眼中看為惡的事。|zh
871|21|6|6|He went in the ways of the kings of Israel, and did as the family of Ahab did, for the daughter of Ahab was his wife; and he did evil in the eyes of the Lord.|en
872|21|7|7|耶和華卻因自己與大衛所立的約，不肯滅大衛的家，照他所應許的，永遠賜燈光與大衛和他的子孫。|zh
873|21|7|7|But it was not the Lord's purpose to send destruction on the family of David, because of the agreement he had made with David, when he said he would give to him and to his sons a light for ever.|en
874|21|8|8|約蘭年間，以東人背叛猶大，脫離他的權下，自己立王。|zh
875|21|8|8|In his time Edom made themselves free from the rule of Judah, and took a king for themselves.|en
876|21|9|9|約蘭就率領軍長和所有的戰車，夜間起來，攻擊圍困他的以東人和車兵長。|zh
877|21|9|9|Then Jehoram went over with his captains and all his war-carriages ... made an attack by night on the Edomites, whose forces were all round him ... on the captains of the war-carriages.|en
878|21|10|10|這樣，以東人背叛猶大，脫離他的權下，直到今日。那時，立拿人也背叛了，因為約蘭離棄耶和華─他列祖的神。|zh
879|21|10|10|So Edom made themselves free from the rule of Judah, to this day: and at the same time Libnah made itself free from his rule; because he was turned away from the Lord, the God of his fathers.|en
880|21|11|11|他又在猶大諸山建築邱壇，使耶路撒冷的居民行邪淫，誘惑猶大人。|zh
881|21|11|11|And more than this, he made high places in the mountains of Judah, teaching the people of Jerusalem to go after false gods, and guiding Judah away from the true way.|en
882|21|12|12|先知以利亞達信與約蘭說：耶和華─你祖大衛的神如此說：因為你不行你父約沙法和猶大王亞撒的道，|zh
883|21|12|12|And a letter came to him from Elijah the prophet, saying, The Lord, the God of your father David, says, Because you have not kept to the ways of your father Jehoshaphat or the ways of Asa, king of Judah,|en
884|21|13|13|乃行以色列諸王的道，使猶大人和耶路撒冷的居民行邪淫，像亞哈家一樣，又殺了你父家比你好的諸兄弟。|zh
885|21|13|13|But have gone in the way of the kings of Israel, and have made Judah and the people of Jerusalem go after false gods, as the family of Ahab did: and because you have put to death your father's sons, your brothers, who were better than yourself:|en
886|21|14|14|故此，耶和華降大災與你的百姓和你的妻子、兒女，並你一切所有的。|zh
887|21|14|14|Now, truly, the Lord will send a great destruction on your people and your children and your wives and everything which is yours:|en
888|21|15|15|你的腸子必患病，日加沉重，以致你的腸子墜落下來。|zh
889|21|15|15|And you yourself will undergo the cruel pains of a disease in your stomach, so that day by day your inside will be falling out because of the disease.|en
890|21|16|16|以後，耶和華激動非利士人和靠近古實的亞拉伯人來攻擊約蘭。|zh
891|21|16|16|Then the Philistines and the Arabians, who are by Ethiopia, were moved by the Lord to make war on Jehoram;|en
892|21|17|17|他們上來攻擊猶大，侵入境內，擄掠了王宮裡所有的財貨和他的妻子、兒女，除了他小兒子約哈斯(又名亞哈謝)之外，沒有留下一個兒子。|zh
893|21|17|17|And they came up against Judah, forcing a way into it, and took away all the goods in the king's house, as well as his sons and his wives; so that he had no son but only Jehoahaz, the youngest.|en
894|21|18|18|這些事以後，耶和華使約蘭的腸子患不能醫治的病。|zh
895|21|18|18|And after all this the Lord sent on him a disease of the stomach from which it was impossible for him to be made well.|en
896|21|19|19|他患此病纏綿日久，過了二年，腸子墜落下來，病重而死。他的民沒有為他燒甚麼物件，像從前為他列祖所燒的一樣。|zh
897|21|19|19|And time went on, and after two years, his inside falling out because of the disease, he came to his death in cruel pain. And his people made no burning for him like the burning made for his fathers.|en
898|21|20|20|約蘭登基的時候年三十二歲，在耶路撒冷作王八年。他去世無人思慕，眾人葬他在大衛城，只是不在列王的墳墓裡。|zh
899|21|20|20|He was thirty-two years old when he became king, and he was ruling in Jerusalem for eight years: and at his death he was not regretted; they put his body into the earth in the town of David, but not in the resting-place of the kings.|en
900|22|1|1|耶路撒冷的居民立約蘭的小兒子亞哈謝接續他作王；因為跟隨亞拉伯人來攻營的軍兵曾殺了亞哈謝的眾兄長。這樣，猶大王約蘭的兒子亞哈謝作了王。|zh
901|22|1|1|And the people of Jerusalem made Ahaziah, his youngest son, king in his place, for the band of men who came with the Arabians to the army had put all the older sons to death. So Ahaziah, the son of Jehoram, became king.|en
902|22|2|2|亞哈謝登基的時候年四十二歲(王下八26作二十二歲)，在耶路撒冷作王一年。他母親名叫亞他利雅，是暗利的孫女。|zh
903|22|2|2|Ahaziah was twenty-two years old when he became king, and he was ruling in Jerusalem for one year. His mother's name was Athaliah, the daughter of Omri.|en
904|22|3|3|亞哈謝也行亞哈家的道；因為他母親給他主謀，使他行惡。|zh
905|22|3|3|He went in the ways of the family of Ahab, for his mother was his teacher in evil-doing.|en
906|22|4|4|他行耶和華眼中看為惡的事，像亞哈家一樣；因他父親死後有亞哈家的人給他主謀，以致敗壞。|zh
907|22|4|4|And he did evil in the eyes of the Lord, as the family of Ahab did; for after the death of his father they were his guides to his destruction.|en
908|22|5|5|他聽從亞哈家的計謀，同以色列王亞哈的兒子約蘭往基列的拉末去，與亞蘭王哈薛爭戰；亞蘭人打傷了約蘭。|zh
909|22|5|5|Acting on their suggestion, he went with Jehoram, son of Ahab, king of Israel, to make war on Hazael, king of Aram, at Ramoth-gilead: and Joram was wounded by the bowmen.|en
910|22|6|6|約蘭回到耶斯列，醫治在拉末與亞蘭王哈薛打仗所受的傷，猶大王約蘭的兒子亞撒利雅(即亞哈謝)因為亞哈的兒子約蘭病了，就下到耶斯列看望他。|zh
911|22|6|6|And he went back to Jezreel to get well from the wounds which they had given him at Ramah when he was fighting against Hazael, king of Aram. And Ahaziah, the son of Jehoram, king of Judah, went down to Jezreel to see Jehoram, the son of Ahab, because he was ill.|en
912|22|7|7|亞哈謝去見約蘭就被害了，這是出乎神；因為他到了，就同約蘭出去攻擊寧示的孫子耶戶。這耶戶是耶和華所膏、使他剪除亞哈家的。|zh
913|22|7|7|Now by the purpose of God, Ahaziah's journey to see Jehoram was the cause of his downfall: for when he came there, he went out with Jehoram against Jehu, the son of Nimshi, who had been marked out by the Lord for the destruction of the family of Ahab.|en
914|22|8|8|耶戶討亞哈家罪的時候，遇見猶大的眾首領和亞哈謝的眾姪子服事亞哈謝，就把他們都殺了。|zh
915|22|8|8|Now when Jehu was effecting the punishment of the family of Ahab, he came to the princes of Judah and the sons of Ahaziah's brothers, the servants of Ahaziah, and put them to death.|en
916|22|9|9|亞哈謝藏在撒瑪利亞，耶戶尋找他，眾人將他拿住，送到耶戶那裡，就殺了他，將他葬埋；因他們說，他是那盡心尋求耶和華之約沙法的兒子。這樣，亞哈謝的家無力保守國權。|zh
917|22|9|9|And he went in search of Ahaziah; and when they came where he was, (for he was in a secret place in Samaria,) they took him to Jehu and put him to death; then they put his body to rest in the earth, for they said, He is the son of Jehoshaphat, whose heart was true to the Lord. So the family of Ahaziah had no power to keep the kingdom.|en
918|22|10|10|亞哈謝的母親亞他利雅見他兒子死了，就起來剿滅猶大王室。|zh
919|22|10|10|Now when Athaliah, the mother of Ahaziah, saw that her son was dead, she had all the rest of the seed of the kingdom of Judah put to death.|en
920|22|11|11|但王的女兒約示巴將亞哈謝的兒子約阿施從那被殺的王子中偷出來，把他和他的乳母都藏在臥房裡。約示巴是約蘭王的女兒，亞哈謝的妹子，祭司耶何耶大的妻。他收藏約阿施，躲避亞他利雅，免得被殺。|zh
921|22|11|11|But Jehoshabeath, the daughter of the king, secretly took Joash, the son of Ahaziah, away from among the king's sons who were put to death, and put him and the woman who took care of him in a bedroom. So Jehoshabeath, the daughter of King Jehoram, the wife of Jehoiada the priest and sister of Ahaziah, kept him safe from Athaliah, so that she did not put him to death.|en
922|22|12|12|約阿施和他們一同藏在神殿裡六年；亞他利雅篡了國位。|zh
923|22|12|12|And she kept him safe with her in the house of God for six years, while Athaliah was ruling the land.|en
924|23|1|1|第七年，耶何耶大奮勇自強，將百夫長耶羅罕的兒子亞撒利雅，約哈難的兒子以實瑪利，俄備得的兒子亞撒利雅，亞大雅的兒子瑪西雅，細基利的兒子以利沙法召來，與他們立約。|zh
925|23|1|1|In the seventh year, Jehoiada made himself strong, and made an agreement with the captains of hundreds, Azariah, the son of Jeroham, Ishmael, the son of Jehohanan, Azariah, the son of Obed, Maaseiah, the son of Adaiah, and Elishaphat, the son of Zichri.|en
926|23|2|2|他們走遍猶大，從猶大各城裡招聚利未人和以色列的眾族長到耶路撒冷來。|zh
927|23|2|2|And they went through Judah, getting together the Levites and the heads of families in Israel from all the towns of Judah, and they came to Jerusalem.|en
928|23|3|3|會眾在神殿裡與王立約。耶何耶大對他們說：看哪，王的兒子必當作王，正如耶和華指著大衛子孫所應許的話；|zh
929|23|3|3|And all the people made an agreement with the king in the house of God. And he said to them, Truly, the king's son will be king, as the Lord has said about the sons of David.|en
930|23|4|4|又說：你們當這樣行：祭司和利未人凡安息日進班的，三分之一要把守各門，|zh
931|23|4|4|This is what you are to do: let a third of you, of the priests and Levites, who come in on the Sabbath, keep the doors;|en
932|23|5|5|三分之一要在王宮，三分之一要在基址門；眾百姓要在耶和華殿的院內。|zh
933|23|5|5|And a third are to be stationed at the king's house; and a third at the doorway of the horses: while all the people are waiting in the open spaces round the house of the Lord.|en
934|23|6|6|除了祭司和供職的利未人之外，不准別人進耶和華的殿；惟獨他們可以進去，因為他們聖潔。眾百姓要遵守耶和華所吩咐的。|zh
935|23|6|6|But let no one come into the house of the Lord but only the priests and those of the Levites who have work to do there; they may go in for they are holy; but the rest of the people are to keep the orders of the Lord.|en
936|23|7|7|利未人要手中各拿兵器，四圍護衛王；凡擅入殿宇的，必當治死。王出入的時候，你們當跟隨他。|zh
937|23|7|7|And the Levites are to make a circle round the king, every man being armed; and any man who comes into the house is to be put to death; you are to keep with the king when he comes in and when he goes out.|en
938|23|8|8|利未人和猶大眾人都照著祭司耶何耶大一切所吩咐的去行，各帶所管安息日進班出班的人來，因為祭司耶何耶大不許他們下班。|zh
939|23|8|8|So the Levites and all Judah did as Jehoiada the priest had given them orders: every one took with him his men, those who were to come in and those who were to go out on the Sabbath; for Jehoiada had not sent away the divisions.|en
940|23|9|9|祭司耶何耶大便將神殿裡所藏大衛王的槍、盾牌、擋牌交給百夫長，|zh
941|23|9|9|Then Jehoiada the priest gave to the captains of hundreds the spears and body-covers which had been King David's and which were kept in the house of God.|en
942|23|10|10|又分派眾民手中各拿兵器，在壇和殿那裡，從殿右直到殿左，站在王子的四圍；|zh
943|23|10|10|And he put all the people in position, every man with his instruments of war in his hand, from the right side of the house to the left, by the altar and the house and all round the king.|en
944|23|11|11|於是領王子出來，給他戴上冠冕，將律法書交給他，立他作王。耶何耶大和眾子膏他，眾人說：願王萬歲！|zh
945|23|11|11|Then they made the king's son come out, and they put the crown on his head and gave him the arm-bands and made him king: and Jehoiada and his sons put the holy oil on him and said, Long life to the king.|en
946|23|12|12|亞他利雅聽見民奔走讚美王的聲音，就到民那裡，進耶和華的殿，|zh
947|23|12|12|Now Athaliah, hearing the noise of the people running and praising the king, came to the people in the house of the Lord:|en
948|23|13|13|看見王站在殿門的柱旁，百夫長和吹號的人侍立在王左右，國民都歡樂吹號，又有歌唱的，用各樣的樂器領人歌唱讚美；亞他利雅就撕裂衣服，喊叫說：反了！反了！|zh
949|23|13|13|And looking, she saw the king in his place by the pillar at the doorway, and the captains and the horns by his side; and all the people of the land were giving signs of joy and sounding the horns; and the makers of melody were playing on instruments of music, taking the chief part in the song of praise. Then Athaliah, violently parting her robes, said, Broken faith, broken faith!|en
950|23|14|14|祭司耶何耶大帶管轄軍兵的百夫長出來，吩咐他們說：將他趕到班外，凡跟隨他的必用刀殺死！因為祭司說：不可在耶和華殿裡殺他。|zh
951|23|14|14|Then Jehoiada the priest gave orders to the captains of hundreds who had authority over the army, saying, Take her outside the lines, and let anyone who goes after her be put to death with the sword. For the priest said, Let her not be put to death in the house of the Lord.|en
952|23|15|15|眾兵就閃開，讓他去；他走到王宮的馬門，便在那裡把他殺了。|zh
953|23|15|15|So they put their hands on her, and she went to the king's house by the doorway of the king's horses; and there she was put to death.|en
954|23|16|16|耶何耶大與眾民和王立約，都要作耶和華的民。|zh
955|23|16|16|And Jehoiada made an agreement between the Lord and all the people and the king, that they would be the Lord's people.|en
956|23|17|17|於是眾民都到巴力廟，拆毀了廟，打碎壇和像，又在壇前將巴力的祭司瑪坦殺了。|zh
957|23|17|17|Then all the people went to the house of Baal and had it pulled down, and its altars and images broken up; and Mattan, the priest of Baal, they put to death before the altars.|en
958|23|18|18|耶何耶大派官看守耶和華的殿，是在祭司利未人手下。這祭司利未人是大衛分派在耶和華殿中、照摩西律法上所寫的，給耶和華獻燔祭，又按大衛所定的例，歡樂歌唱；|zh
959|23|18|18|And Jehoiada put the work and the care of the house of the Lord into the hands of the priests and the Levites, who had been grouped in divisions by David to make burned offerings to the Lord, as it is recorded in the law of Moses, with joy and song as David had said.|en
960|23|19|19|且設立守門的把守耶和華殿的各門，無論為何事，不潔淨的人都不准進去。|zh
961|23|19|19|And he put door-keepers at the doors of the Lord's house, to see that no one who was unclean in any way might come in.|en
962|23|20|20|又率領百夫長和貴冑，與民間的官長，並國中的眾民，請王從耶和華殿下來，由上門進入王宮，立王坐在國位上。|zh
963|23|20|20|Then he took the captains of hundreds and the chiefs and the rulers of the people and all the people of the land, and they came down with the king from the house of the Lord through the higher doorway into the king's house, and put the king on the seat of the kingdom.|en
964|23|21|21|國民都歡樂，合城都安靜。眾人已將亞他利雅用刀殺了。|zh
965|23|21|21|So all the people of the land were glad and the town was quiet, for they had put Athaliah to death with the sword.|en
966|24|1|1|約阿施登基的時候年七歲，在耶路撒冷作王四十年。他母親名叫西比亞，是別是巴人。|zh
967|24|1|1|Joash was seven years old when he became king, and he was ruling for forty years in Jerusalem: his mother's name was Zibiah of Beer-sheba.|en
968|24|2|2|祭司耶何耶大在世的時候，約阿施行耶和華眼中看為正的事。|zh
969|24|2|2|And Joash did what was right in the eyes of the Lord as long as Jehoiada the priest was living.|en
970|24|3|3|耶何耶大為他娶了兩個妻，並且生兒養女。|zh
971|24|3|3|And Jehoiada took two wives for him, and he became the father of sons and daughters.|en
972|24|4|4|此後，約阿施有意重修耶和華的殿，|zh
973|24|4|4|Now after this Joash had a desire to put the house of the Lord into good order again;|en
974|24|5|5|便召聚眾祭司和利未人，吩咐他們說：你們要往猶大各城去，使以色列眾人捐納銀子，每年可以修理你們神的殿；你們要急速辦理這事。只是利未人不急速辦理。|zh
975|24|5|5|And getting together the priests and Levites, he said to them, Go out into the towns of Judah year by year, and get from all Israel money to keep the house of your God in good condition; and see that this is done without loss of time. The Levites, however, were slow in doing so.|en
976|24|6|6|王召了大祭司耶何耶大來，對他說：從前耶和華的僕人摩西，為法櫃的帳幕與以色列會眾所定的捐項，你為何不叫利未人照這例從猶大和耶路撒冷帶來作殿的費用呢？|zh
977|24|6|6|Then the king sent for Jehoiada, the chief priest, and said to him, Why have you not given the Levites orders that the tax fixed by Moses, the servant of the Lord, and by the meeting of Israel, for the Tent of witness, is to be got in from Judah and Jerusalem and handed over?|en
978|24|7|7|〈因為那惡婦亞他利雅的眾子曾拆毀神的殿，又用耶和華殿中分別為聖的物供奉巴力。〉|zh
979|24|7|7|For the house of the Lord had been broken up by Athaliah, that evil woman, and her sons; and all its holy things they had given to the Baals.|en
980|24|8|8|於是王下令，眾人做了一櫃，放在耶和華殿的門外，|zh
981|24|8|8|So at the king's order they made a chest and put it outside the doorway of the house of the Lord.|en
982|24|9|9|又通告猶大和耶路撒冷的百姓，要將神僕人摩西在曠野所吩咐以色列人的捐項給耶和華送來。|zh
983|24|9|9|And an order was sent out through all Judah and Jerusalem that payment was to be made to the Lord of the tax which Moses, the servant of God, had put on Israel in the waste land.|en
984|24|10|10|眾首領和百姓都歡歡喜喜地將銀子送來，投入櫃中，直到捐完。|zh
985|24|10|10|And all the chiefs and all the people came gladly and put their money into the chest, till they had all given.|en
986|24|11|11|利未人見銀子多了，就把櫃抬到王所派的司事面前；王的書記和大祭司的屬員來將櫃倒空，仍放在原處。日日都是這樣，積蓄的銀子甚多。|zh
987|24|11|11|So when the chest was taken to the king's servants by the Levites, and they saw that there was much money in it, the king's scribe and the chief priest's servant took the money out, and put the chest back in its place. They did this day by day, and got together a great amount of money.|en
988|24|12|12|王與耶何耶大將銀子交給耶和華殿裡辦事的人，他們就雇了石匠、木匠重修耶和華的殿，又雇了鐵匠、銅匠修理耶和華的殿。|zh
989|24|12|12|Then the king and Jehoiada gave it to those who were responsible for getting the work done on the Lord's house, and with it they got wall-builders and woodworkers and metal-workers to put the house of the Lord in good order again.|en
990|24|13|13|工人操作，漸漸修成，將神殿修造得與從前一樣，而且甚是堅固。|zh
991|24|13|13|So the workmen did their work, making good what was damaged and building up the house of God till it was strong and beautiful again.|en
992|24|14|14|工程完了，他們就把其餘的銀子拿到王與耶何耶大面前，用以製造耶和華殿供奉所用的器皿和調羹，並金銀的器皿。耶何耶大在世的時候，眾人常在耶和華殿裡獻燔祭。|zh
993|24|14|14|And when the work was done, they took the rest of the money to the king and Jehoiada, and it was used for making the vessels for the house of the Lord, all the vessels needed for the offerings, the spoons and the vessels of gold and silver. And as long as Jehoiada was living, the regular burned offerings were offered in the house of the Lord.|en
994|24|15|15|耶何耶大年紀老邁，日子滿足而死。死的時候年一百三十歲，|zh
995|24|15|15|But Jehoiada became old and full of days, and he came to his end; he was a hundred and thirty years old at the time of his death.|en
996|24|16|16|葬在大衛城列王的墳墓裡；因為他在以色列人中行善，又事奉神，修理神的殿。|zh
997|24|16|16|And they put him into his last resting-place in the town of David, among the kings, because he had done good in Israel for God and for his house.|en
998|24|17|17|耶何耶大死後，猶大的眾首領來朝拜王；王就聽從他們。|zh
999|24|17|17|Now after the death of Jehoiada, the chiefs of Judah came and went down on their faces before the king. Then the king gave ear to them.|en
1000|24|18|18|他們離棄耶和華─他們列祖神的殿，去事奉亞舍拉和偶像；因他們這罪，就有忿怒臨到猶大和耶路撒冷。|zh
1001|24|18|18|And they gave up the house of the Lord God of their fathers, and became worshippers of pillars of wood and of the images; and because of this sin of theirs, wrath came on Judah and Jerusalem.|en
1002|24|19|19|但神仍遣先知到他們那裡，引導他們歸向耶和華。這先知警戒他們，他們卻不肯聽。|zh
1003|24|19|19|And the Lord sent them prophets to make them come back to him; and they gave witness against them, but they would not give ear.|en
1004|24|20|20|那時，神的靈感動祭司耶何耶大的兒子撒迦利亞，他就站在上面對民說：　神如此說：你們為何干犯耶和華的誡命，以致不得亨通呢？因為你們離棄耶和華，所以他也離棄你們。|zh
1005|24|20|20|Then the spirit of God came on Zechariah, the son of Jehoiada the priest, and, getting up before the people, he said to them, God has said, Why do you go against the orders of the Lord, so that everything goes badly for you? because you have given up the Lord, he has given you up.|en
1006|24|21|21|眾民同心謀害撒迦利亞，就照王的吩咐，在耶和華殿的院內用石頭打死他。|zh
1007|24|21|21|But when they had made a secret design against him, he was stoned with stones, by the king's order, in the outer square of the Lord's house.|en
1008|24|22|22|這樣，約阿施王不想念撒迦利亞的父親耶何耶大向自己所施的恩，殺了他的兒子。撒迦利亞臨死的時候說：願耶和華鑒察伸冤！|zh
1009|24|22|22|So King Joash did not keep in mind how good Jehoiada his father had been to him, but put his son to death. And in the hour of his death he said, May the Lord see it and take payment!|en
1010|24|23|23|滿了一年，亞蘭的軍兵上來攻擊約阿施，來到猶大和耶路撒冷，殺了民中的眾首領，將所掠的財貨送到大馬色王那裡。|zh
1011|24|23|23|Now in the spring, the army of the Aramaeans came up against him; they came against Judah and Jerusalem, putting to death all the great men of the people and sending all the goods they took from them to the king of Damascus.|en
1012|24|24|24|亞蘭的軍兵雖來了一小隊，耶和華卻將大隊的軍兵交在他們手裡，是因猶大人離棄耶和華─他們列祖的神，所以藉亞蘭人懲罰約阿施。|zh
1013|24|24|24|For though the army of Aram was only a small one, the Lord gave a very great army into their hands, because they had given up the Lord, the God of their fathers. So they put into effect the punishment of Joash.|en
1014|24|25|25|亞蘭人離開約阿施的時候，他患重病；臣僕背叛他，要報祭司耶何耶大兒子流血之仇，殺他在床上，葬他在大衛城，只是不葬在列王的墳墓裡。|zh
1015|24|25|25|And when they had gone away from him, (for he was broken with disease,) his servants made a secret design against him because of the blood of the son of Jehoiada the priest, and they put him to death on his bed; and they put his body into the earth in the town of David, but not in the resting-place of the kings.|en
1016|24|26|26|背叛他的是亞捫婦人示米押的兒子撒拔和摩押婦人示米利的兒子約薩拔。|zh
1017|24|26|26|Those who made designs against him were Zabad, the son of Shimeath, an Ammonite woman, and Jehozabad, the son of Shimrith, a Moabite woman.|en
1018|24|27|27|至於他的眾子和他所受的警戒，並他重修神殿的事，都寫在列王的傳上。他兒子亞瑪謝接續他作王。|zh
1019|24|27|27|Now the story of his sons, and all the words said by the prophet against him, and the building up again of the Lord's house, are recorded in the account in the book of the kings. And Amaziah his son became king in his place.|en
1020|25|1|1|亞瑪謝登基的時候年二十五歲，在耶路撒冷作王二十九年。他母親名叫約耶但，是耶路撒冷人。|zh
1021|25|1|1|Amaziah was twenty-five years old when he became king, and he was ruling in Jerusalem for twenty-nine years; his mother's name was Jehoaddan of Jerusalem.|en
1022|25|2|2|亞瑪謝行耶和華眼中看為正的事，只是心不專誠。|zh
1023|25|2|2|He did what was right in the eyes of the Lord, but his heart was not completely true to the Lord.|en
1024|25|3|3|國一堅定，就把殺他父王的臣僕殺了，|zh
1025|25|3|3|Now when he became strong in the kingdom, he put to death those men who had taken the life of the king his father.|en
1026|25|4|4|卻沒有治死他們的兒子，是照摩西律法書上耶和華所吩咐的說：不可因子殺父，也不可因父殺子，各人要為本身的罪而死。|zh
1027|25|4|4|But he did not put their children to death, for he kept the orders of the Lord recorded in the book of the law of Moses, saying, The fathers are not to be put to death for their children or the children for their fathers, but a man is to be put to death for the sin which he himself has done.|en
1028|25|5|5|亞瑪謝招聚猶大人，按著猶大和便雅憫的宗族設立千夫長、百夫長，又數點人數，從二十歲以外，能拿槍拿盾牌出去打仗的精兵共有三十萬；|zh
1029|25|5|5|Then Amaziah got all Judah together and put them in order by their families, even all Judah and Benjamin, under captains of thousands and captains of hundreds: and he had those of twenty years old and over numbered, and they came to three hundred thousand of the best fighting-men, trained for war and in the use of the spear and the body-cover.|en
1030|25|6|6|又用銀子一百他連得，從以色列招募了十萬大能的勇士。|zh
1031|25|6|6|And for a hundred talents of silver, he got a hundred thousand fighting-men from Israel.|en
1032|25|7|7|有一個神人來見亞瑪謝，對他說：王啊，不要使以色列的軍兵與你同去，因為耶和華不與以色列人以法蓮的後裔同在。|zh
1033|25|7|7|But a man of God came to him, saying, O king, let not the army of Israel go with you; for the Lord is not with Israel, that is, the children of Ephraim.|en
1034|25|8|8|你若一定要去，就奮勇爭戰罷！但神必使你敗在敵人面前；因為　神能助人得勝，也能使人傾敗。|zh
1035|25|8|8|But go yourself, and be strong in war; God will not let you go down before those who are fighting against you; for God has power to give help or to send you down before your attackers.|en
1036|25|9|9|亞瑪謝問神人說：我給了以色列軍的那一百他連得銀子怎麼樣呢？　神人回答說：耶和華能把更多的賜給你。|zh
1037|25|9|9|Then Amaziah said to the man of God, But what is to be done about the hundred talents which I have given for the armed band of Israel? And the man of God in answer said, God is able to give you much more than this.|en
1038|25|10|10|於是亞瑪謝將那從以法蓮來的軍兵分別出來，叫他們回家去。故此，他們甚惱怒猶大人，氣忿忿地回家去了。|zh
1039|25|10|10|So Amaziah, separating the armed band which had come to him from Ephraim, sent them back again; which made them very angry with Judah, and they went back burning with wrath.|en
1040|25|11|11|亞瑪謝壯起膽來，率領他的民到鹽谷，殺了西珥人一萬。|zh
1041|25|11|11|Then Amaziah took heart, and went out at the head of his people and came to the Valley of Salt, where he put to death ten thousand of the children of Seir;|en
1042|25|12|12|猶大人又生擒了一萬帶到山崖上，從那裡把他們扔下去，以致他們都摔碎了。|zh
1043|25|12|12|And ten thousand more the children of Israel took living, and made them go up to the top of the rock, pushing them down from the top of the rock so that their bodies were broken by the fall.|en
1044|25|13|13|但亞瑪謝所打發回去、不許一同出征的那些軍兵攻打猶大各城，從撒瑪利亞直到伯和崙，殺了三千人，搶了許多財物。|zh
1045|25|13|13|But the men of the band which Amaziah sent back and did not take with him to the fight, made attacks on the towns of Judah from Samaria to Beth-horon, putting to death three thousand of their people and taking away a great store of their goods.|en
1046|25|14|14|亞瑪謝殺了以東人回來，就把西珥的神像帶回，立為自己的神，在他面前叩拜燒香。|zh
1047|25|14|14|Now when Amaziah came back from the destruction of the Edomites, he took the gods of the children of Seir and made them his gods, worshipping them and burning offerings before them.|en
1048|25|15|15|因此，耶和華的怒氣向亞瑪謝發作，就差一個先知去見他，說：這些神不能救他的民脫離你的手，你為何尋求他呢？|zh
1049|25|15|15|And so the wrath of the Lord was moved against Amaziah, and he sent a prophet to him, who said, Why have you gone after the gods of the people who have not given their people salvation from your hands?|en
1050|25|16|16|先知與王說話的時候，王對他說：誰立你作王的謀士呢？你住口罷！為何找打呢？先知就止住了，又說：你行這事，不聽從我的勸戒，我知道神定意要滅你。|zh
1051|25|16|16|But while he was talking to him the king said to him, Have we made you one of the king's government? say no more, or it will be the cause of your death. Then the prophet gave up protesting, and said, It is clear to me that God's purpose is your destruction, because you have done this and have not given ear to my words.|en
1052|25|17|17|猶大王亞瑪謝與群臣商議，就差遣使者去見耶戶的孫子、約哈斯的兒子、以色列王約阿施，說：你來，我們二人相見於戰場。|zh
1053|25|17|17|Then Amaziah, king of Judah, acting on the suggestion of his servants, sent to Joash, the son of Jehoahaz, the son of Jehu, king of Israel, saying, Come, let us have a meeting face to face.|en
1054|25|18|18|以色列王約阿施差遣使者去見猶大王亞瑪謝，說：利巴嫩的蒺藜差遣使者去見利巴嫩的香柏樹，說：將你的女兒給我兒子為妻。後來利巴嫩有一個野獸經過，把蒺藜踐踏了。|zh
1055|25|18|18|And Joash, king of Israel, sent to Amaziah, king of Judah, saying, The thorn-tree in Lebanon sent to the cedar in Lebanon, saying, Give your daughter to my son for a wife: and a beast from the woodland in Lebanon went by, crushing the thorn under his feet.|en
1056|25|19|19|你說：看哪，我打敗了以東人，你就心高氣傲，以致矜誇。你在家裡安居就罷了，為何要惹禍使自己和猶大國一同敗亡呢？|zh
1057|25|19|19|You say, See, I have overcome Edom; and your heart is lifted up with pride: now keep in your country; why do you make causes of trouble, putting yourself, and Judah with you, in danger of downfall?|en
1058|25|20|20|亞瑪謝卻不肯聽從。這是出乎神，好將他們交在敵人手裡，因為他們尋求以東的　神。|zh
1059|25|20|20|But Amaziah gave no attention; and this was the purpose of God, so that he might give them up into the hands of Joash, because they had gone after the gods of Edom.|en
1060|25|21|21|於是以色列王約阿施上來，在猶大的伯示麥與猶大王亞瑪謝相見於戰場。|zh
1061|25|21|21|And so Joash, king of Israel, went up; and he and Amaziah, king of Judah, came face to face at Beth-shemesh in Judah.|en
1062|25|22|22|猶大人敗在以色列人面前，各自逃回家裡去了。|zh
1063|25|22|22|And Judah was overcome before Israel, and they went in flight, every man to his tent.|en
1064|25|23|23|以色列王約阿施在伯示麥擒住約哈斯(就是亞哈謝)的孫子、約阿施的兒子、猶大王亞瑪謝，將他帶到耶路撒冷，又拆毀耶路撒冷的城牆，從以法蓮門直到角門，共四百肘；|zh
1065|25|23|23|And Joash, king of Israel, made Amaziah, king of Judah, the son of Joash, the son of Jehoahaz, prisoner at Beth-shemesh, and took him to Jerusalem; and he had the wall of Jerusalem pulled down from the doorway of Ephraim to the doorway in the angle, four hundred cubits.|en
1066|25|24|24|又將俄別以東所看守神殿裡的一切金銀和器皿，與王宮裡的財寶都拿了去，並帶人去為質，就回撒瑪利亞去了。|zh
1067|25|24|24|And he took all the gold and silver and all the vessels which were in the house of the Lord, under the care of Obed-edom, and all the wealth from the king's house, as well as those whose lives would be the price of broken faith, and went back to Samaria.|en
1068|25|25|25|以色列王約哈斯的兒子約阿施死後，猶大王約阿施的兒子亞瑪謝又活了十五年。|zh
1069|25|25|25|Amaziah, son of Joash, king of Judah, went on living for fifteen years after the death of Joash, the son of Jehoahaz, king of Israel.|en
1070|25|26|26|亞瑪謝其餘的事，自始至終不都寫在猶大和以色列諸王記上麼？|zh
1071|25|26|26|Now the rest of the acts of Amaziah, first and last, are they not recorded in the book of the kings of Judah and Israel?|en
1072|25|27|27|自從亞瑪謝離棄耶和華之後，在耶路撒冷有人背叛他，他就逃到拉吉；叛黨卻打發人到拉吉，將他殺了。|zh
1073|25|27|27|Now from the time when Amaziah gave up worshipping the Lord, they made secret designs against him in Jerusalem; and he went in flight to Lachish: but they sent to Lachish after him and put him to death there.|en
1074|25|28|28|人就用馬將他的屍首馱回，葬在猶大京城他列祖的墳地裡。|zh
1075|25|28|28|And they took his body on horseback and put it into the earth with his fathers in the town of David.|en
1076|26|1|1|猶大眾民立亞瑪謝的兒子烏西雅(又名亞撒利雅)接續他父作王，那時他年十六歲。|zh
1077|26|1|1|Then all the people of Judah took Uzziah, who was sixteen years old, and made him king in place of his father Amaziah.|en
1078|26|2|2|〈亞瑪謝與他列祖同睡之後，烏西雅收回以祿仍歸猶大，又重新修理。〉|zh
1079|26|2|2|He was the builder of Eloth, which he got back for Judah after the death of the king.|en
1080|26|3|3|烏西雅登基的時候年十六歲，在耶路撒冷作王五十二年。他母親名叫耶可利雅，是耶路撒冷人。|zh
1081|26|3|3|Uzziah was sixteen years old when he became king, and he was ruling in Jerusalem for fifty-two years; his mother's name was Jechiliah of Jerusalem.|en
1082|26|4|4|烏西雅行耶和華眼中看為正的事，效法他父亞瑪謝一切所行的；|zh
1083|26|4|4|He did what was right in the eyes of the Lord, as his father Amaziah had done.|en
1084|26|5|5|通曉神默示，撒迦利亞在世的時候，烏西雅定意尋求　神；他尋求耶和華，　神就使他亨通。|zh
1085|26|5|5|He gave himself to searching after God in the days of Zechariah, who made men wise in the fear of God; and as long as he was true to the Lord, God made things go well for him.|en
1086|26|6|6|他出去攻擊非利士人，拆毀了迦特城、雅比尼城，和亞實突城；在非利士人中，在亞實突境內，又建築了些城。|zh
1087|26|6|6|He went out and made war against the Philistines, pulling down the walls of Gath and Jabneh and Ashdod, and building towns in the country round Ashdod and among the Philistines.|en
1088|26|7|7|神幫助他攻擊非利士人和住在姑珥巴力的亞拉伯人，並米烏尼人。|zh
1089|26|7|7|And God gave him help against the Philistines, and against the Arabians living in Gur-baal, and against the Meunim.|en
1090|26|8|8|亞捫人給烏西雅進貢。他的名聲傳到埃及，因他甚是強盛。|zh
1091|26|8|8|The Ammonites gave offerings to Uzziah: and news of him went out as far as the limit of Egypt; for he became very great in power.|en
1092|26|9|9|烏西雅在耶路撒冷的角門和谷門，並城牆轉彎之處，建築城樓，且甚堅固；|zh
1093|26|9|9|Uzziah made towers in Jerusalem, at the doorway in the angle and at the doorway in the valley and at the turn of the wall, arming them.|en
1094|26|10|10|又在曠野與高原和平原，建築望樓，挖了許多井，因他的牲畜甚多；又在山地和佳美之地，有農夫和修理葡萄園的人，因為他喜悅農事。|zh
1095|26|10|10|And he put up towers in the waste land and made places for storing water, for he had much cattle, in the low hills and in the table land; and he had farmers and vine-keepers in the mountains and in the fertile land, for he was a lover of farming.|en
1096|26|11|11|烏西雅又有軍兵，照書記耶利和官長瑪西雅所數點的，在王的一個將軍哈拿尼雅手下，分隊出戰。|zh
1097|26|11|11|In addition, Uzziah had an army of fighting-men who went out to war in bands, as they had been listed by Jeiel the scribe and Maaseiah the ruler, under the authority of Hananiah, one of the king's captains.|en
1098|26|12|12|族長、大能勇士的總數共有二千六百人，|zh
1099|26|12|12|The heads of families, the strong men of war, were two thousand, six hundred.|en
1100|26|13|13|他們手下的軍兵共有三十萬七千五百人，都有大能，善於爭戰，幫助王攻擊仇敵。|zh
1101|26|13|13|And under their orders was a trained army of three hundred and seven thousand, five hundred, of great strength in war, helping the king against any who came against him.|en
1102|26|14|14|烏西雅為全軍預備盾牌、槍、盔、甲、弓，和甩石的機弦，|zh
1103|26|14|14|And Uzziah had all these forces armed with body-covers and spears and head-covers and coats of metal and bows and stones for sending from leather bands.|en
1104|26|15|15|又在耶路撒冷使巧匠做機器，安在城樓和角樓上，用以射箭發石。烏西雅的名聲傳到遠方；因為他得了非常的幫助，甚是強盛。|zh
1105|26|15|15|And in Jerusalem he made machines, the invention of expert men, to be placed on the towers and angles of the walls for sending arrows and great stones. And his name was honoured far and wide; for he was greatly helped till he was strong.|en
1106|26|16|16|他既強盛，就心高氣傲，以致行事邪僻，干犯耶和華─他的神，進耶和華的殿，要在香壇上燒香。|zh
1107|26|16|16|But when he had become strong, his heart was lifted up in pride, causing his destruction; and he did evil against the Lord his God; for he went into the Temple of the Lord for the purpose of burning perfumes on the altar of perfumes.|en
1108|26|17|17|祭司亞撒利雅率領耶和華勇敢的祭司八十人，跟隨他進去。|zh
1109|26|17|17|And Azariah the priest went in after him, with eighty of the Lord's priests, who were strong men;|en
1110|26|18|18|他們就阻擋烏西雅王，對他說：烏西雅啊，給耶和華燒香不是你的事，乃是亞倫子孫承接聖職祭司的事。你出聖殿罷！因為你犯了罪。你行這事，耶和華神必不使你得榮耀。|zh
1111|26|18|18|And they made protests to Uzziah the king, and said to him, The burning of perfumes, Uzziah, is not your business but that of the priests, the sons of Aaron, who have been made holy for this work: go out of the holy place, for you have done wrong, and it will not be to your honour before God.|en
1112|26|19|19|烏西雅就發怒，手拿香爐要燒香。他向祭司發怒的時候，在耶和華殿中香壇旁眾祭司面前，額上忽然發出大痲瘋。|zh
1113|26|19|19|Then Uzziah was angry; and he had in his hand a vessel for burning perfume; and while his wrath was bitter against the priests, the mark of the leper's disease came out on his brow, before the eyes of the priests in the house of the Lord by the altar of perfumes.|en
1114|26|20|20|大祭司亞撒利雅和眾祭司觀看，見他額上發出大痲瘋，就催他出殿；他自己也急速出去，因為耶和華降災與他。|zh
1115|26|20|20|And Azariah, the chief priest, and all the priests, looking at him, saw the mark of the leper on his brow, and they sent him out quickly and he himself went out straight away, for the Lord's punishment had come on him.|en
1116|26|21|21|烏西雅王長大痲瘋直到死日，因此住在別的宮裡，與耶和華的殿隔絕。他兒子約坦管理家事，治理國民。|zh
1117|26|21|21|So King Uzziah was a leper till the day of his death, living separately in his private house; for he was cut off from the house of God; and Jotham his son was ruling over his house, judging the people of the land.|en
1118|26|22|22|烏西雅其餘的事，自始至終都是亞摩斯的兒子先知以賽亞所記的。|zh
1119|26|22|22|Now the rest of the acts of Uzziah, first and last, were recorded by Isaiah the prophet, the son of Amoz.|en
1120|26|23|23|烏西雅與他列祖同睡，葬在王陵的田間他列祖的墳地裡；因為人說，他是長大痲瘋的。他兒子約坦接續他作王。|zh
1121|26|23|23|So Uzziah went to rest with his fathers; and they put his body into the earth in the field used for the resting-place of the kings, for they said, He is a leper: and Jotham his son became king in his place.|en
1122|27|1|1|約坦登基的時候年二十五歲，在耶路撒冷作王十六年，他母親名叫耶路沙，是撒督的女兒。|zh
1123|27|1|1|Jotham was twenty-five years old when he became king; and he was ruling in Jerusalem for sixteen years; and his mother's name was Jerushah, the daughter of Zadok.|en
1124|27|2|2|約坦行耶和華眼中看為正的事，效法他父烏西雅一切所行的，只是不入耶和華的殿。百姓還行邪僻的事。|zh
1125|27|2|2|He did what was right in the eyes of the Lord, as his father Uzziah had done; but he did not go into the Temple of the Lord. And the people still went on in their evil ways.|en
1126|27|3|3|約坦建立耶和華殿的上門，在俄斐勒城上多有建造，|zh
1127|27|3|3|He put up the higher doorway of the house of the Lord, and did much building on the wall of the Ophel.|en
1128|27|4|4|又在猶大山地建造城邑，在樹林中建築營寨和高樓。|zh
1129|27|4|4|In addition, he made towns in the hill-country of Judah, and strong buildings and towers in the woodlands.|en
1130|27|5|5|約坦與亞捫人的王打仗勝了他們，當年他們進貢銀一百他連得，小麥一萬歌珥，大麥一萬歌珥；第二年、第三年也是這樣。|zh
1131|27|5|5|He went to war with the king of the children of Ammon and overcame them. That year, the children of Ammon gave him a hundred talents of silver, and ten thousand measures of grain and ten thousand measures of barley. And the children of Ammon gave him the same amount the second year and the third.|en
1132|27|6|6|約坦在耶和華─他神面前行正道，以致日漸強盛。|zh
1133|27|6|6|So Jotham became strong, because in all his ways he made the Lord his guide.|en
1134|27|7|7|約坦其餘的事和一切爭戰，並他的行為，都寫在以色列和猶大列王記上。|zh
1135|27|7|7|Now the rest of the acts of Jotham, and all his wars and his ways, are recorded in the book of the kings of Israel and Judah.|en
1136|27|8|8|他登基的時候年二十五歲，在耶路撒冷作王十六年。|zh
1137|27|8|8|He was twenty-five years old when he became king, and he was ruling in Jerusalem for sixteen years.|en
1138|27|9|9|約坦與他列祖同睡，葬在大衛城裡。他兒子亞哈斯接續他作王。|zh
1139|27|9|9|And Jotham went to rest with his fathers, and they put his body into the earth in the town of David; and Ahaz his son became king in his place.|en
1140|28|1|1|亞哈斯登基的時候年二十歲，在耶路撒冷作王十六年；不像他祖大衛行耶和華眼中看為正的事，|zh
1141|28|1|1|Ahaz was twenty years old when he became king, and he was ruling in Jerusalem for sixteen years; he did not do what was right in the eyes of the Lord, like David his father:|en
1142|28|2|2|卻行以色列諸王的道，又鑄造巴力的像，|zh
1143|28|2|2|But he went in the ways of the kings of Israel and made images of metal for the Baals.|en
1144|28|3|3|並且在欣嫩子谷燒香，用火焚燒他的兒女，行耶和華在以色列人面前所驅逐的外邦人那可憎的事；|zh
1145|28|3|3|More than this, he had offerings burned in the valley of the son of Hinnom, and made his children go through fire, copying the disgusting ways of the nations whom the Lord had sent out of the land before the children of Israel.|en
1146|28|4|4|並在邱壇上、山岡上、各青翠樹下獻祭燒香。|zh
1147|28|4|4|And he made offerings and had perfumes burned in the high places and on the hills and under every green tree.|en
1148|28|5|5|所以，耶和華─他的神將他交在亞蘭王手裡。亞蘭王打敗他，擄了他許多的民，帶到大馬色去。　神又將他交在以色列王手裡，以色列王向他大行殺戮。|zh
1149|28|5|5|So the Lord his God gave him up into the hands of the king of Aram; and they overcame him, and took away a great number of his people as prisoners to Damascus. Then he was given into the hands of the king of Israel, who sent great destruction on him.|en
1150|28|6|6|利瑪利的兒子比加一日殺了猶大人十二萬，都是勇士，因為他們離棄了耶和華─他們列祖的神。|zh
1151|28|6|6|For Pekah, the son of Remaliah, in one day put to death a hundred and twenty thousand men of Judah, all of them good fighting-men; because they had given up the Lord, the God of their fathers.|en
1152|28|7|7|有一個以法蓮中的勇士，名叫細基利，殺了王的兒子瑪西雅和管理王宮的押斯利甘，並宰相以利加拿。|zh
1153|28|7|7|And Zichri, a great fighting-man of Ephraim, put to death Maaseiah, the king's son, and Azrikam, the controller of his house, and Elkanah, who was second in authority to the king.|en
1154|28|8|8|以色列人擄了他們的弟兄，連婦人帶兒女共有二十萬，又掠了許多的財物，帶到撒瑪利亞去了。|zh
1155|28|8|8|And the children of Israel took away as prisoners from their brothers, two hundred thousand, women and sons and daughters, and a great store of their goods, and took them to Samaria.|en
1156|28|9|9|但那裡有耶和華的一個先知，名叫俄德，出來迎接往撒瑪利亞去的軍兵，對他們說：因為耶和華─你們列祖的神惱怒猶大人，所以將他們交在你們手裡，你們竟怒氣沖天，大行殺戮。|zh
1157|28|9|9|But a prophet of the Lord was there, named Oded; and he went out in front of the army which was coming into Samaria and said to them, Truly, because the Lord, the God of your fathers, was angry with Judah, he gave them up into your hands, and you have put them to death in an outburst of wrath stretching up to heaven.|en
1158|28|10|10|如今你們又有意強逼猶大人和耶路撒冷人作你們的奴婢，你們豈不也有得罪耶和華─你們神的事麼？|zh
1159|28|10|10|And now your purpose is to keep the children of Judah and Jerusalem as men-servants and women-servants under your yoke: but are there no sins against the Lord your God to be seen among yourselves?|en
1160|28|11|11|現在你們當聽我說，要將擄來的弟兄釋放回去，因為耶和華向你們已經大發烈怒。|zh
1161|28|11|11|And now give ear to me, and send back the prisoners whom you have taken from your brothers: for the wrath of the Lord is burning against you.|en
1162|28|12|12|於是，以法蓮人的幾個族長─就是約哈難的兒子亞撒利雅、米實利末的兒子比利家、沙龍的兒子耶希西家、哈得萊的兒子亞瑪撒─起來攔擋出兵回來的人，|zh
1163|28|12|12|Then certain of the heads of the children of Ephraim, Azariah, the son of Johanan, Berechiah, the son of Meshillemoth Jehizkiah, the son of Shallum, and Amasa the son of Hadlai, put themselves against those who had come from the war,|en
1164|28|13|13|對他們說：你們不可帶進這被擄的人來！你們想要使我們得罪耶和華，加增我們的罪惡過犯？因為我們的罪過甚大，已經有烈怒臨到以色列人了。|zh
1165|28|13|13|And said to them, You are not to let these prisoners come here; for what you are designing to do will be a cause of sin against the Lord to us, making even greater our sin and our wrongdoing, which now are great enough, and his wrath is burning against Israel.|en
1166|28|14|14|於是帶兵器的人將擄來的人口和掠來的財物都留在眾首領和會眾的面前。|zh
1167|28|14|14|So the armed men gave up the prisoners and the goods they had taken to the heads and the meeting of the people.|en
1168|28|15|15|以上提名的那些人就站起，使被擄的人前來；其中有赤身的，就從所掠的財物中拿出衣服和鞋來，給他們穿，又給他們吃喝，用膏抹他們；其中有軟弱的，就使他們騎驢，送到棕樹城耶利哥他們弟兄那裡；隨後就回撒瑪利亞去了。|zh
1169|28|15|15|And those men who have been named went up and took the prisoners, clothing those among them who were uncovered, with things from the goods which had been taken in the war, and putting robes on them and shoes on their feet; and they gave them food and drink and oil for their bodies, and seating all the feeble among them on asses, they took them to Jericho, the town of palm-trees, to their people, and then went back to Samaria.|en
1170|28|16|16|那時，亞哈斯王差遣人去見亞述諸王，求他們幫助；|zh
1171|28|16|16|At that time King Ahaz sent for help to the king of Assyria.|en
1172|28|17|17|因為以東人又來攻擊猶大，擄掠子民。|zh
1173|28|17|17|For the Edomites had come again, attacking Judah and taking away prisoners.|en
1174|28|18|18|非利士人也來侵佔高原和猶大南方的城邑，取了伯示麥、亞雅崙、基低羅，梭哥和屬梭哥的鄉村，亭納和屬亭納的鄉村，瑾鎖和屬瑾鎖的鄉村，就住在那裡。|zh
1175|28|18|18|And the Philistines, forcing their way into the towns of the lowlands and the south of Judah, had taken Beth-shemesh and Aijalon and Gederoth and Soco, with their daughter-towns, as well as Timnah and Gimzo and their daughter-towns, and were living there.|en
1176|28|19|19|因為以色列王亞哈斯在猶大放肆，大大干犯耶和華，所以耶和華使猶大卑微。|zh
1177|28|19|19|For the Lord made Judah low, because of Ahaz, king of Israel; for he had given up all self-control in Judah, sinning greatly against the Lord.|en
1178|28|20|20|亞述王提革拉毗尼色上來，卻沒有幫助他，反倒欺凌他。|zh
1179|28|20|20|Then Tiglath-pileser, king of Assyria, came to him, but was a cause of trouble and not of strength to him.|en
1180|28|21|21|亞哈斯從耶和華殿裡和王宮中，並首領家內所取的財寶給了亞述王，這也無濟於事。|zh
1181|28|21|21|For Ahaz took a part of the wealth from the house of the Lord, and from the house of the king and of the great men, and gave it to the king of Assyria; but it was no help to him.|en
1182|28|22|22|這亞哈斯王在急難的時候，越發得罪耶和華。|zh
1183|28|22|22|And in the time of his trouble, this same King Ahaz did even more evil against the Lord.|en
1184|28|23|23|他祭祀攻擊他的大馬色之神，說：因為亞蘭王的　神幫助他們，我也獻祭與他，他好幫助我。但那些　神使他和以色列眾人敗亡了。|zh
1185|28|23|23|For he made offerings to the gods of Damascus, who were attacking him, and said, Because the gods of the kings of Aram are giving them help, I will make offerings to them so that they may give me help. But they were the cause of his downfall, and of that of all Israel.|en
1186|28|24|24|亞哈斯將神殿裡的器皿都聚了來，毀壞了，且封鎖耶和華殿的門；在耶路撒冷各處的拐角建築祭壇，|zh
1187|28|24|24|And Ahaz got together the vessels of the house of God, cutting up all the vessels of the house of God, and shutting the doors of the Lord's house; and he made altars in every part of Jerusalem.|en
1188|28|25|25|又在猶大各城建立邱壇，與別神燒香，惹動耶和華─他列祖　神的怒氣。|zh
1189|28|25|25|And in every town of Judah he made high places where perfumes were burned to other gods, awaking the wrath of the Lord, the God of his fathers.|en
1190|28|26|26|亞哈斯其餘的事和他的行為，自始至終都寫在猶大和以色列諸王記上。|zh
1191|28|26|26|Now the rest of his acts and all his ways, first and last, are recorded in the book of the kings of Judah and Israel.|en
1192|28|27|27|亞哈斯與他列祖同睡，葬在耶路撒冷城裡，沒有送入以色列諸王的墳墓中。他兒子希西家接續他作王。|zh
1193|28|27|27|And Ahaz went to rest with his fathers, and they put his body into the earth in Jerusalem; but they did not put him in the resting-place of the kings of Israel: and Hezekiah his son became king in his place.|en
1194|29|1|1|希西家登基的時候年二十五歲，在耶路撒冷作王二十九年。他母親名叫亞比雅，是撒迦利雅的女兒。|zh
1195|29|1|1|Hezekiah became king when he was twenty-five years old; and he was king in Jerusalem for twenty-nine years; and his mother's name was Abijah, the daughter of Zechariah.|en
1196|29|2|2|希西家行耶和華眼中看為正的事，效法他祖大衛一切所行的。|zh
1197|29|2|2|He did what was right in the eyes of the Lord, as his father David had done.|en
1198|29|3|3|元年正月，開了耶和華殿的門，重新修理。|zh
1199|29|3|3|In the first year of his rule, in the first month, opening the doors of the Lord's house, he made them strong.|en
1200|29|4|4|他召眾祭司和利未人來，聚集在東邊的寬闊處，|zh
1201|29|4|4|And he sent for the priests and the Levites, and got them together in the wide place on the east side,|en
1202|29|5|5|對他們說：利未人哪，當聽我說：現在你們要潔淨自己，又潔淨耶和華─你們列祖神的殿，從聖所中除去污穢之物。|zh
1203|29|5|5|And said to them, Give ear to me, O Levites: now make yourselves holy, and make holy the house of the Lord, the God of your fathers, and take away everything unclean from the holy place.|en
1204|29|6|6|我們列祖犯了罪，行耶和華─我們神眼中看為惡的事，離棄他，轉臉背向他的居所，|zh
1205|29|6|6|For our fathers have done evil, sinning in the eyes of the Lord our God, and have given him up, turning away their faces from the house of the Lord, and turning their backs on him.|en
1206|29|7|7|封鎖廊門，吹滅燈火，不在聖所中向以色列神燒香，或獻燔祭。|zh
1207|29|7|7|The doors of his house have been shut and the lights put out; no perfumes have been burned or offerings made to the God of Israel in his holy place.|en
1208|29|8|8|因此，耶和華的忿怒臨到猶大和耶路撒冷，將其中的人拋來拋去，令人驚駭、嗤笑，正如你們親眼所見的。|zh
1209|29|8|8|And so the wrath of the Lord has come on Judah and Jerusalem, and he has given them up to be a cause of fear and wonder and shame, as your eyes have seen.|en
1210|29|9|9|所以我們的祖宗倒在刀下，我們的妻子兒女也被擄掠。|zh
1211|29|9|9|For see, our fathers have been put to death with the sword, and our sons and daughters and wives have been taken away prisoners because of this.|en
1212|29|10|10|現在我心中有意與耶和華─以色列的神立約，好使他的烈怒轉離我們。|zh
1213|29|10|10|Now it is my purpose to make an agreement with the Lord, the God of Israel, so that the heat of his wrath may be turned away from us.|en
1214|29|11|11|我的眾子啊，現在不要懈怠；因為耶和華揀選你們站在他面前事奉他，與他燒香。|zh
1215|29|11|11|My sons, take care now: for you have been marked out by the Lord to come before him and to be his servants, burning offerings to him.|en
1216|29|12|12|於是，利未人哥轄的子孫、亞瑪賽的兒子瑪哈，亞撒利雅的兒子約珥；米拉利的子孫、亞伯底的兒子基士，耶哈利勒的兒子亞撒利雅；革順的子孫、薪瑪的兒子約亞，約亞的兒子伊甸；|zh
1217|29|12|12|Then the Levites took their places; Mahath, the son of Amasai, and Joel, the son of Azariah, among the Kohathites; and of the sons of Merari, Kish, the son of Abdi, and Azariah, the son of Jehallelel; and of the Gershonites, Joah, the son of Zimmah, and Eden, the son of Joah;|en
1218|29|13|13|以利撒反的子孫申利和耶利；亞薩的子孫撒迦利雅和瑪探雅；|zh
1219|29|13|13|And of the sons of Elizaphan, Shimri and Jeuel; and of the sons of Asaph, Zechariah and Mattaniah;|en
1220|29|14|14|希幔的子孫耶歇和示每；耶杜頓的子孫示瑪雅和烏薛；|zh
1221|29|14|14|And of the sons of Heman, Jehuel and Shimei; and of the sons of Jeduthun, Shemaiah and Uzziel.|en
1222|29|15|15|起來聚集他們的弟兄，潔淨自己，照著王的吩咐、耶和華的命令，進去潔淨耶和華的殿。|zh
1223|29|15|15|And they got their brothers together and made themselves holy, and went in, as the king had said by the word of the Lord, to make the house of the Lord clean.|en
1224|29|16|16|祭司進入耶和華的殿要潔淨殿，將殿中所有污穢之物搬到耶和華殿的院內，利未人接去，搬到外頭汲淪溪邊。|zh
1225|29|16|16|And the priests went into the inner part of the house of the Lord to make it clean, and everything unclean which was to be seen in the Temple of the Lord they took out into the outer square of the Lord's house, and the Levites got it together and took it away to the stream Kidron.|en
1226|29|17|17|從正月初一日潔淨起，初八日到了耶和華的殿廊，用八日的工夫潔淨耶和華的殿，到正月十六日才潔淨完了。|zh
1227|29|17|17|On the first day of the first month the work of making the house holy was started, and on the eighth day they came to the covered way of the Lord; in eight days they made the Lord's house holy, and on the sixteenth day of the first month the work was done.|en
1228|29|18|18|於是，他們晉見希西家王，說：我們已將耶和華的全殿和燔祭壇，並壇的一切器皿、陳設餅的桌子，與桌子的一切器皿都潔淨了；|zh
1229|29|18|18|Then they went in to King Hezekiah and said, We have made all the house of the Lord clean, as well as the altar of burned offerings with all its vessels, and the table for the holy bread, with all its vessels.|en
1230|29|19|19|並且亞哈斯王在位犯罪的時候所廢棄的器皿，我們預備齊全，且潔淨了，現今都在耶和華的壇前。|zh
1231|29|19|19|And all the vessels which were turned out by King Ahaz in his sin while he was king, we have put in order and made holy, and now they are in their places before the altar of the Lord.|en
1232|29|20|20|希西家王清早起來，聚集城裡的首領都上耶和華的殿；|zh
1233|29|20|20|Then Hezekiah the king got up early, and got together the great men of the town, and went up to the house of the Lord.|en
1234|29|21|21|牽了七隻公牛，七隻公羊，七隻羊羔，七隻公山羊，要為國、為殿、為猶大人作贖罪祭。王吩咐亞倫的子孫眾祭司，獻在耶和華的壇上，|zh
1235|29|21|21|And they took with them seven oxen and seven male sheep and seven lambs and seven he-goats as a sin-offering for the kingdom and for the holy house and for Judah. And he gave orders to the sons of Aaron, the priests, that these were to be offered on the altar of the Lord.|en
1236|29|22|22|就宰了公牛，祭司接血灑在壇上，宰了公羊，把血灑在壇上，又宰了羊羔，也把血灑在壇上；|zh
1237|29|22|22|So they put the oxen to death and their blood was given to the priests to be drained out against the altar; then they put the male sheep to death, draining out their blood against the altar, and they put the lambs to death, draining out their blood against the altar.|en
1238|29|23|23|把那作贖罪祭的公山羊牽到王和會眾面前，他們就按手在其上。|zh
1239|29|23|23|Then they took the he-goats for the sin-offering, placing them before the king and the meeting of the people, and they put their hands on them:|en
1240|29|24|24|祭司宰了羊，將血獻在壇上作贖罪祭，為以色列眾人贖罪，因為王吩咐將燔祭和贖罪祭為以色列眾人獻上。|zh
1241|29|24|24|And the priests put them to death, and made a sin-offering with their blood on the altar, to take away the sin of all Israel: for the king gave orders that the burned offering and the sin-offering were for all Israel.|en
1242|29|25|25|王又派利未人在耶和華殿中敲鈸，鼓瑟，彈琴，乃照大衛和他先見迦得，並先知拿單所吩咐的，就是耶和華藉先知所吩咐的。|zh
1243|29|25|25|Then he put the Levites in their places in the house of the Lord, with brass and corded instruments of music as ordered by David and Gad, the king's seer, and Nathan the prophet: for the order was the Lord's, given by his prophets.|en
1244|29|26|26|利未人拿大衛的樂器，祭司拿號，一同站立。|zh
1245|29|26|26|So the Levites took their places with David's instruments, and the priests with their horns.|en
1246|29|27|27|希西家吩咐在壇上獻燔祭，燔祭一獻，就唱讚美耶和華的歌，用號，並用以色列王大衛的樂器相和。|zh
1247|29|27|27|And Hezekiah gave the word for the burned offering to be offered on the altar. And when the burned offering was started, then the song of the Lord was started, with the blowing of horns and with all the instruments of David, king of Israel.|en
1248|29|28|28|會眾都敬拜，歌唱的歌唱，吹號的吹號，如此直到燔祭獻完了。|zh
1249|29|28|28|And all the people gave worship, to the sound of songs and the blowing of horns; and this went on till the burned offering was ended.|en
1250|29|29|29|獻完了祭，王和一切跟隨的人都俯伏敬拜。|zh
1251|29|29|29|And at the end of the offering, the king and all who were present with him gave worship with bent heads.|en
1252|29|30|30|希西家王與眾首領又吩咐利未人用大衛和先見亞薩的詩詞頌讚耶和華；他們就歡歡喜喜地頌讚耶和華，低頭敬拜。|zh
1253|29|30|30|Then King Hezekiah and the captains gave orders to the Levites to give praise to God in the words of David and Asaph the seer. And they made songs of praise with joy, and with bent heads gave worship.|en
1254|29|31|31|希西家說：你們既然歸耶和華為聖，就要前來把祭物和感謝祭奉到耶和華殿裡。會眾就把祭物和感謝祭奉來，凡甘心樂意的也將燔祭奉來。|zh
1255|29|31|31|Then Hezekiah made answer and said, Now that you have given yourselves to the Lord, come near and take offerings and praise-offerings into the house of the Lord. So all the people took in offerings and praise-offerings: and those whose hearts were moved, took in burned offerings.|en
1256|29|32|32|會眾所奉的燔祭如下：公牛七十隻，公羊一百隻，羊羔二百隻，這都是作燔祭獻給耶和華的；|zh
1257|29|32|32|The number of burned offerings which the people took in was seventy oxen, a hundred male sheep, and two hundred lambs: all these were for burned offerings to the Lord.|en
1258|29|33|33|又有分別為聖之物，公牛六百隻，綿羊三千隻。|zh
1259|29|33|33|And the holy things were six hundred oxen and three thousand sheep.|en
1260|29|34|34|但祭司太少，不能剝盡燔祭牲的皮，所以他們的弟兄利未人幫助他們，直等燔祭的事完了，又等別的祭司自潔了；因為利未人誠心自潔，勝過祭司。|zh
1261|29|34|34|There were not enough priests for the work of cutting up all the burned offerings; so their brothers the Levites gave them help till the work was done and the priests had made themselves holy: for the Levites were more upright in heart to make themselves holy than the priests.|en
1262|29|35|35|燔祭和平安祭牲的脂油，並燔祭同獻的奠祭甚多。這樣，耶和華殿中的事務俱都齊備了(或作就整頓了)。|zh
1263|29|35|35|And there was a great amount of burned offerings, with the fat of the peace-offerings and the drink offerings for every burned offering. So the work of the Lord's house was put in order.|en
1264|29|36|36|這事辦的甚速，希西家和眾民都喜樂，是因神為眾民所預備的。|zh
1265|29|36|36|And Hezekiah and all the people were full of joy, because God had made the people ready: for the thing was done suddenly.|en
1266|30|1|1|希西家差遣人去見以色列和猶大眾人，又寫信給以法蓮和瑪拿西人，叫他們到耶路撒冷耶和華的殿，向耶和華─以色列的神守逾越節；|zh
1267|30|1|1|Then Hezekiah sent word to all Israel and Judah, and sent letters to Ephraim and Manasseh, requesting them to come to the house of the Lord at Jerusalem, to keep the Passover to the Lord, the God of Israel.|en
1268|30|2|2|因為王和眾首領，並耶路撒冷全會眾已經商議，要在二月內守逾越節。|zh
1269|30|2|2|For the king, after discussion with his chiefs and all the body of the people in Jerusalem, had made a decision to keep the Passover in the second month.|en
1270|30|3|3|正月(原文作那時)間他們不能守；因為自潔的祭司尚不敷用，百姓也沒有聚集在耶路撒冷；|zh
1271|30|3|3|It was not possible to keep it at that time, because not enough priests had made themselves holy, and the people had not come together in Jerusalem.|en
1272|30|4|4|王與全會眾都以這事為善。|zh
1273|30|4|4|And the thing was right in the eyes of the king and all the people.|en
1274|30|5|5|於是定了命令，傳遍以色列，從別是巴直到但，使他們都來，在耶路撒冷向耶和華─以色列的神守逾越節；因為照所寫的例，守這節的不多了(或作因為民許久沒有照所寫的例守節了)。|zh
1275|30|5|5|So it was ordered that word was to be sent out through all Israel, from Beer-sheba to Dan, that they were to come to keep the Passover to the Lord, the God of Israel, at Jerusalem: because they had not kept it in great numbers in agreement with the law.|en
1276|30|6|6|驛卒就把王和眾首領的信，遵著王命傳遍以色列和猶大。信內說：以色列人哪，你們當轉向耶和華─亞伯拉罕、以撒、以色列的神，好叫他轉向你們這脫離亞述王手的餘民。|zh
1277|30|6|6|So runners went with letters from the king and his chiefs through all Israel and Judah, by the order of the king, saying, O children of Israel, come back again to the Lord, the God of Abraham, Isaac, and Israel, so that he may come again to that small band of you which has been kept safe out of the hands of the kings of Assyria.|en
1278|30|7|7|你們不要效法你們列祖和你們的弟兄；他們干犯耶和華─他們列祖的神，以致耶和華丟棄他們，使他們敗亡(或作令人驚駭)，正如你們所見的。|zh
1279|30|7|7|Do not be like your fathers and your brothers, who were sinners against the Lord, the God of their fathers, so that he made them a cause of fear, as you see.|en
1280|30|8|8|現在不要像你們列祖硬著頸項，只要歸順耶和華，進入他的聖所，就是永遠成聖的居所；又要事奉耶和華─你們的神，好使他的烈怒轉離你們。|zh
1281|30|8|8|Now do not be hard-hearted, as your fathers were; but give yourselves to the Lord, and come into his holy place, which he has made his for ever, and be the servants of the Lord your God, so that the heat of his wrath may be turned away from you.|en
1282|30|9|9|你們若轉向耶和華，你們的弟兄和兒女必在擄掠他們的人面前蒙憐恤，得以歸回這地，因為耶和華─你們的神有恩典、施憐憫。你們若轉向他，他必不轉臉不顧你們。|zh
1283|30|9|9|For if you come back to the Lord, those who took away your brothers and your children will have pity on them, and let them come back to this land: for the Lord your God is full of grace and mercy, and his face will not be turned away from you if you come back to him.|en
1284|30|10|10|驛卒就由這城跑到那城，傳遍了以法蓮、瑪拿西，直到西布倫。那裡的人卻戲笑他們，譏誚他們。|zh
1285|30|10|10|So the runners went from town to town through all the country of Ephraim and Manasseh as far as Zebulun: but they were laughed at and made sport of.|en
1286|30|11|11|然而亞設、瑪拿西、西布倫中也有人自卑，來到耶路撒冷。|zh
1287|30|11|11|However, some of Asher and Manasseh and Zebulun put away their pride and came to Jerusalem.|en
1288|30|12|12|神也感動猶大人，使他們一心遵行王與眾首領憑耶和華之言所發的命令。|zh
1289|30|12|12|And in Judah the power of God gave them one heart to do the orders of the king and the captains, which were taken as the word of the Lord.|en
1290|30|13|13|二月，有許多人在耶路撒冷聚集，成為大會，要守除酵節。|zh
1291|30|13|13|So a very great number of people came together at Jerusalem to keep the feast of unleavened bread in the second month.|en
1292|30|14|14|他們起來，把耶路撒冷的祭壇和燒香的壇盡都除去，拋在汲淪溪中。|zh
1293|30|14|14|And they got to work and took away all the altars in Jerusalem, and they put all the vessels for burning perfumes into the stream Kidron.|en
1294|30|15|15|二月十四日，宰了逾越節的羊羔。祭司與利未人覺得慚愧，就潔淨自己，把燔祭奉到耶和華殿中，|zh
1295|30|15|15|Then on the fourteenth day of the second month they put the Passover lambs to death: and the priests and the Levites were shamed, and made themselves holy and took burned offerings into the house of the Lord.|en
1296|30|16|16|遵著神人摩西的律法，照例站在自己的地方；祭司從利未人手裡接過血來，灑在壇上。|zh
1297|30|16|16|And they took their places in their right order, as it was ordered in the law of Moses, the man of God: the priests draining out on the altar the blood given them by the Levites.|en
1298|30|17|17|會中有許多人尚未自潔，所以利未人為一切不潔之人宰逾越節的羊羔，使他們在耶和華面前成為聖潔。|zh
1299|30|17|17|For there were still a number of the people there who had not made themselves holy: so the Levites had to put Passover lambs to death for those who were not clean, to make them holy to the Lord.|en
1300|30|18|18,19 |以法蓮、瑪拿西、以薩迦、西布倫有許多人尚未自潔，他們卻也吃逾越節的羔羊，不合所記錄的定例。希西家為他們禱告說：凡專心尋求神，就是耶和華─他列祖之　神的，雖不照著聖所潔淨之禮自潔，求至善的耶和華也饒恕他。|zh
1301|30|18|18|For a great number of the people from Ephraim and Manasseh, Issachar and Zebulun, had not made themselves clean, but they took the Passover meal, though not in the right way. For Hezekiah had made prayer for them, saying, May the good Lord have mercy on everyone|en
1302|30|19|19|Who, with all his heart, is turned to God the Lord, the God of his fathers, even if he has not been made clean after the rules of the holy place.|en
1303|30|20|20|耶和華垂聽希西家的禱告，就饒恕(原文作醫治)百姓。|zh
1304|30|20|20|And the Lord gave ear to Hezekiah, and made the people well.|en
1305|30|21|21|在耶路撒冷的以色列人大大喜樂，守除酵節七日。利未人和祭司用響亮的樂器，日日頌讚耶和華。|zh
1306|30|21|21|So the children of Israel who were present in Jerusalem kept the feast of unleavened bread for seven days with great joy: and the Levites and the priests gave praise to the Lord day by day, making melody to the Lord with loud instruments.|en
1307|30|22|22|希西家慰勞一切善於事奉耶和華的利未人。於是眾人吃節筵七日，又獻平安祭，且向耶和華─他們列祖的神認罪。|zh
1308|30|22|22|And Hezekiah said kind words to the Levites who were expert in the ordering of the worship of the Lord: so they kept the feast for seven days, offering peace-offerings and praising the Lord, the God of their fathers.|en
1309|30|23|23|全會眾商議，要再守節七日；於是歡歡喜喜地又守節七日。|zh
1310|30|23|23|And by the desire of all the people, the feast went on for another seven days, and they kept the seven days with joy.|en
1311|30|24|24|猶大王希西家賜給會眾公牛一千隻，羊七千隻為祭物；眾首領也賜給會眾公牛一千隻，羊一萬隻，並有許多的祭司潔淨自己。|zh
1312|30|24|24|For Hezekiah, king of Judah, gave to the people for offerings, a thousand oxen and seven thousand sheep; and the rulers gave a thousand oxen and ten thousand sheep; and a great number of priests made themselves holy.|en
1313|30|25|25|猶大全會眾、祭司、利未人，並那從以色列地來的會眾和寄居的人，以及猶大寄居的人，盡都喜樂。|zh
1314|30|25|25|And all the people of Judah, with the priests and the Levites, and those who had come from Israel, and men from other lands who had come from Israel or who were living in Judah, were glad with great joy.|en
1315|30|26|26|這樣，在耶路撒冷大有喜樂，自從以色列王大衛兒子所羅門的時候，在耶路撒冷沒有這樣的喜樂。|zh
1316|30|26|26|So there was great joy in Jerusalem: for nothing like this had been seen in Jerusalem from the time of Solomon, the son of David, king of Israel.|en
1317|30|27|27|那時，祭司、利未人起來，為民祝福。他們的聲音蒙神垂聽，他們的禱告達到天上的聖所。|zh
1318|30|27|27|Then the priests and the Levites gave the people a blessing: and the voice of their prayer went up to the holy place of God in heaven.|en
1319|31|1|1|這事既都完畢，在那裡的以色列眾人就到猶大的城邑，打碎柱像，砍斷木偶，又在猶大、便雅憫、以法蓮、瑪拿西遍地將邱壇和祭壇拆毀淨盡。於是以色列眾人各回各城，各歸各地。|zh
1320|31|1|1|Now when all this was over, all the men of Israel who were present went out into the towns of Judah, causing the stone pillars to be broken up and the wood pillars to be cut down, pulling down the high places and the altars in all Judah and Benjamin, as well as in Ephraim and Manasseh, till all were gone. Then all the children of Israel went back to their towns, every man to his property.|en
1321|31|2|2|希西家派定祭司利未人的班次，各按各職獻燔祭和平安祭，又在耶和華殿(原文作營)門內事奉，稱謝頌讚耶和華。|zh
1322|31|2|2|Then Hezekiah put in order the divisions of the priests and Levites, every man in his division, in relation to his work, for the burned offerings and peace-offerings, and for the ordering of worship and for giving praise at the doors of the Lord's house.|en
1323|31|3|3|王又從自己的產業中定出分來為燔祭，就是早晚的燔祭和安息日、月朔，並節期的燔祭，都是按耶和華律法上所載的；|zh
1324|31|3|3|And he gave the king's part of his private property for the burned offerings, that is, for the morning and evening offerings, and the offerings for the Sabbath and the new moons and the regular feasts, as it is recorded in the law of the Lord.|en
1325|31|4|4|又吩咐住耶路撒冷的百姓將祭司、利未人所應得的分給他們，使他們專心遵守耶和華的律法。|zh
1326|31|4|4|In addition, he gave orders to the people of Jerusalem to give to the priests and Levites that part which was theirs by right, so that they might be strong in keeping the law of the Lord.|en
1327|31|5|5|諭旨一出，以色列人就把初熟的五穀、新酒、油、蜜，和田地的出產多多送來，又把各物的十分之一送來的極多。|zh
1328|31|5|5|And when the order was made public, straight away the children of Israel gave, in great amounts, the first-fruits of their grain and wine and oil and honey, and of the produce of their fields; and they took in a tenth part of everything, a great store.|en
1329|31|6|6|住猶大各城的以色列人和猶大人也將牛羊的十分之一，並分別為聖歸耶和華─他們神之物，就是十分取一之物，盡都送來，積成堆壘；|zh
1330|31|6|6|And the children of Israel and Judah, who were living in the towns of Judah came with the tenth part of their oxen and sheep, and a tenth of all the holy things which were to be given to the Lord their God, and put them in great masses.|en
1331|31|7|7|從三月積起，到七月才完。|zh
1332|31|7|7|The first store of things was put down in the third month, and in the seventh month the masses were complete.|en
1333|31|8|8|希西家和眾首領來，看見堆壘，就稱頌耶和華，又為耶和華的民以色列人祝福。|zh
1334|31|8|8|And when Hezekiah and the rulers came and saw all the store of goods, they gave praise to the Lord and to his people Israel.|en
1335|31|9|9|希西家向祭司、利未人查問這堆壘。|zh
1336|31|9|9|Then Hezekiah put questions to the priests and Levites about the store of goods.|en
1337|31|10|10|撒督家的大祭司亞撒利雅回答說：自從民將供物送到耶和華殿以來，我們不但吃飽，且剩下的甚多；因為耶和華賜福給他的民，所剩下的才這樣豐盛。|zh
1338|31|10|10|And Azariah, the chief priest, of the family of Zadok, said in answer, From the time when the people first came with their offerings into the house of the Lord, we have had food enough, and more than enough: for the blessing of the Lord is on his people; and there is this great store which has not been used.|en
1339|31|11|11|希西家吩咐在耶和華殿裡預備倉房，他們就預備了。|zh
1340|31|11|11|Then Hezekiah said that store-rooms were to be made ready in the house of the Lord; and this was done.|en
1341|31|12|12|他們誠心將供物和十分取一之物，並分別為聖之物，都搬入倉內。利未人歌楠雅掌管這事，他兄弟示每為副管。|zh
1342|31|12|12|And in them they put all the offerings and the tenths and the holy things, keeping nothing back, and over them was Conaniah the Levite, with Shimei his brother second to him.|en
1343|31|13|13|耶歇、亞撒細雅、拿哈、亞撒黑、耶利末、約撒拔、以列、伊斯瑪基雅、瑪哈、比拿雅都是督理，在歌楠雅和他兄弟示每的手下，是希西家王和管理神殿的亞撒利雅所派的。|zh
1344|31|13|13|And Jehiel and Azaziah and Nahath and Asahel and Jerimoth and Jozabad and Eliel and Ismachiah and Mahath and Benaiah were overseers, under the directions of Conaniah and Shimei his brother, by the order of Hezekiah the king and Azariah, the ruler of the house of God.|en
1345|31|14|14|守東門的利未人音拿的兒子可利，掌管樂意獻與神的禮物，發放獻與耶和華的供物和至聖的物。|zh
1346|31|14|14|And Kore, the son of Imnah the Levite, the keeper of the east door, had control of the offerings freely given to God, and the distribution of the offerings of the Lord and the most holy things.|en
1347|31|15|15|在他手下有伊甸、岷雅岷、耶書亞、示瑪雅、亞瑪利雅、示迦尼雅，在祭司的各城裡供緊要的職任，無論弟兄大小，都按著班次分給他們。|zh
1348|31|15|15|And under him were Eden and Miniamin and Jeshua and Shemaiah and Amariah and Shecaniah, in the towns of the priests, who were made responsible for giving it to all their brothers, by divisions, to small and great:|en
1349|31|16|16|按家譜，三歲以外的男丁，凡每日進耶和華殿、按班次供職的，也分給他；|zh
1350|31|16|16|As well as to all the males, of three years old and over, listed by their families, who went into the house of the Lord to do what was needed day by day, for their special work with their divisions.|en
1351|31|17|17|又按宗族家譜分給祭司，按班次職任分給二十歲以外的利未人，|zh
1352|31|17|17|And the families of the priests were listed by their fathers' names, but the Levites, of twenty years old and over, were listed in relation to their work in their divisions;|en
1353|31|18|18|又按家譜計算，分給他們會中的妻子、兒女；因他們身供要職，自潔成聖。|zh
1354|31|18|18|And in the lists were all their little ones and their wives and their sons and daughters, through all the people: they made themselves holy in the positions which they were given.|en
1355|31|19|19|按名派定的人要把應得的分給亞倫子孫，住在各城郊野、祭司所有的男丁和一切載入家譜的利未人。|zh
1356|31|19|19|And as for the sons of Aaron, the priests, living in the country on the outskirts of their towns, every different town there were men, marked out by name, to give their part of the goods to all the males among the priests, and to all who were listed among the Levites.|en
1357|31|20|20|希西家在猶大遍地這樣辦理，行耶和華─他神眼中看為善為正為忠的事。|zh
1358|31|20|20|This Hezekiah did through all Judah; he did what was good and right and true before the Lord his God.|en
1359|31|21|21|凡他所行的，無論是辦神殿的事，是遵律法守誡命，是尋求他的　神，都是盡心去行，無不亨通。|zh
1360|31|21|21|And for everything he undertook, in connection with the work of the house of God and his law and orders, he got directions from God and did it with serious purpose; and things went well for him.|en
1361|32|1|1|這虔誠的事以後，亞述王西拿基立來侵入猶大，圍困一切堅固城，想要攻破佔據。|zh
1362|32|1|1|Now after these things and this true-hearted work, Sennacherib, king of Assyria, came into Judah, and put his army in position before the walled towns of Judah, designing to make his way into them by force.|en
1363|32|2|2|希西家見西拿基立來，定意要攻打耶路撒冷，|zh
1364|32|2|2|And when Hezekiah saw that Sennacherib had come for the purpose of fighting against Jerusalem,|en
1365|32|3|3|就與首領和勇士商議，塞住城外的泉源；他們就都幫助他。|zh
1366|32|3|3|He took up with his rulers and men of war the question of stopping up the water-springs outside the town; and they gave him their support.|en
1367|32|4|4|於是有許多人聚集，塞了一切泉源，並通流國中的小河，說：亞述王來，為何讓他得著許多水呢？|zh
1368|32|4|4|So they got together a great number of people, and had all the water-springs and the stream flowing through the land stopped up, saying, Why let the kings of Assyria come and have much water?|en
1369|32|5|5|希西家力圖自強，就修築所有拆毀的城牆，高與城樓相齊；在城外又築一城，堅固大衛城的米羅，製造了許多軍器、盾牌；|zh
1370|32|5|5|Then he took heart, building up the wall where it was broken down, and making its towers higher, and building another wall outside; and he made strong the Millo in the town of David, and got together a great store of all sorts of instruments of war.|en
1371|32|6|6|設立軍長管理百姓，將他們招聚在城門的寬闊處，用話勉勵他們，說：|zh
1372|32|6|6|And he put war chiefs over the people, and sent for them all to come together to him in the wide place at the doorway into the town, and to give them heart he said to them,|en
1373|32|7|7|你們當剛強壯膽，不要因亞述王和跟隨他的大軍恐懼、驚慌；因為與我們同在的，比與他們同在的更大。|zh
1374|32|7|7|Be strong and take heart; have no fear, and do not be troubled on account of the king of Assyria and all the great army with him: for there is a greater with us.|en
1375|32|8|8|與他們同在的是肉臂，與我們同在的是耶和華─我們的神，他必幫助我們，為我們爭戰。百姓就靠猶大王希西家的話，安然無懼了。|zh
1376|32|8|8|With him is an arm of flesh; but we have the Lord our God, helping us and fighting for us. And the people put their faith in what Hezekiah, king of Judah, said.|en
1377|32|9|9|此後，亞述王西拿基立和他的全軍攻打拉吉，就差遣臣僕到耶路撒冷見猶大王希西家和一切在耶路撒冷的猶大人，說：|zh
1378|32|9|9|After this, Sennacherib, king of Assyria, sent his servants to Jerusalem (at that time he was stationed with all his army in front of Lachish), to say to Hezekiah and all the men of Judah in Jerusalem,|en
1379|32|10|10|亞述王西拿基立如此說：你們倚靠甚麼，還在耶路撒冷受困呢？|zh
1380|32|10|10|Sennacherib, king of Assyria, says, In what are you placing your hope, waiting here in the walled town of Jerusalem?|en
1381|32|11|11|希西家對你們說耶和華─我們的神必救我們脫離亞述王的手，這不是誘惑你們，使你們受飢渴而死麼？|zh
1382|32|11|11|Is it not Hezekiah who has got you to do it, causing your death from need of food and water, by saying, The Lord our God will give us salvation out of the hands of the king of Assyria?|en
1383|32|12|12|這希西家豈不是廢去耶和華的邱壇和祭壇，吩咐猶大與耶路撒冷的人說你們當在一個壇前敬拜，在其上燒香麼？|zh
1384|32|12|12|Has not this same Hezekiah taken away his high places and his altars, saying to Judah and Jerusalem, Give worship before one altar only, burning offerings on it?|en
1385|32|13|13|我與我列祖向列邦所行的，你們豈不知道麼？列邦的神何嘗能救自己的國脫離我手呢？|zh
1386|32|13|13|Have you no knowledge of what I and my fathers have done to all the peoples of every land? were the gods of the nations of those lands able to keep their land from falling into my hands?|en
1387|32|14|14|我列祖所滅的國，那些神中誰能救自己的民脫離我手呢？難道你們的　神能救你們脫離我手麼？|zh
1388|32|14|14|Who was there among all the gods of those nations, which my fathers put to destruction, who was able to keep his people safe from my hands? and is it possible that your God will keep you safe from my hands?|en
1389|32|15|15|所以你們不要叫希西家這樣欺哄誘惑你們，也不要信他；因為沒有一國一邦的神能救自己的民脫離我手和我列祖的手，何況你們的　神更不能救你們脫離我的手。|zh
1390|32|15|15|So do not be tricked by Hezekiah or let him get you to do this, and do not put any faith in what he says: for no god of any nation or kingdom has been able to keep his people safe from my hands, or the hands of my fathers: how much less will your God keep you safe from my hands!|en
1391|32|16|16|西拿基立的臣僕還有別的話毀謗耶和華神和他僕人希西家。|zh
1392|32|16|16|And his servants said even more against the Lord God and against his servant Hezekiah.|en
1393|32|17|17|西拿基立也寫信毀謗耶和華─以色列的神說：列邦的　神既不能救他的民脫離我手，希西家的　神也不能救他的民脫離我手了。|zh
1394|32|17|17|And he sent letters, in addition, to put shame on the Lord, the God of Israel, and to say evil against him, saying, As the gods of the nations of other lands have not been able to keep their people safe from my hands, no more will the God of Hezekiah keep his people safe from my hands.|en
1395|32|18|18|亞述王的臣僕用猶大言語向耶路撒冷城上的民大聲呼叫，要驚嚇他們，擾亂他們，以便取城。|zh
1396|32|18|18|These things they said, crying out with a loud voice in the Jews' language, to the people of Jerusalem who were on the wall, with the purpose of troubling them and putting fear into them, so that they might take the town;|en
1397|32|19|19|他們論耶路撒冷的神，如同論世上人手所造的　神一樣。|zh
1398|32|19|19|Talking of the God of Jerusalem as if he was like the gods of the peoples of the earth, the work of men's hands.|en
1399|32|20|20|希西家王和亞摩斯的兒子先知以賽亞因此禱告，向天呼求。|zh
1400|32|20|20|And Hezekiah the king, and Isaiah the prophet, the son of Amoz, made prayer because of this, crying out to heaven.|en
1401|32|21|21|耶和華就差遣一個使者進入亞述王營中，把所有大能的勇士和官長、將帥盡都滅了。亞述王滿面含羞地回到本國，進了他神的廟中，有他親生的兒子在那裡用刀殺了他。|zh
1402|32|21|21|And the Lord sent an angel who put to death all the men of war and the chiefs and the captains in the army of the king of Assyria. So he went back to his country in shame. And when he came into the house of his god, his sons, the offspring of his body, put him to death there with the sword.|en
1403|32|22|22|這樣，耶和華救希西家和耶路撒冷的居民脫離亞述王西拿基立的手，也脫離一切仇敵的手，又賜他們四境平安。|zh
1404|32|22|22|So the Lord gave Hezekiah and the people of Jerusalem salvation from the power of Sennacherib, the king of Assyria, and from all others, giving them rest on every side.|en
1405|32|23|23|有許多人到耶路撒冷，將供物獻與耶和華，又將寶物送給猶大王希西家。此後，希西家在列邦人的眼中看為尊大。|zh
1406|32|23|23|And great numbers came to Jerusalem with offerings for the Lord, and things of great price for Hezekiah, king of Judah: so that he was honoured among all nations from that time.|en
1407|32|24|24|那時希西家病得要死，就禱告耶和華，耶和華應允他，賜他一個兆頭。|zh
1408|32|24|24|In those days Hezekiah was ill and near death; and he made prayer to the Lord, and the Lord in answer gave him a sign.|en
1409|32|25|25|希西家卻沒有照他所蒙的恩報答耶和華；因他心裡驕傲，所以忿怒要臨到他和猶大並耶路撒冷。|zh
1410|32|25|25|But Hezekiah did not do as had been done to him; for his heart was lifted up in pride; and so wrath came on him and on Judah and Jerusalem.|en
1411|32|26|26|但希西家和耶路撒冷的居民覺得心裡驕傲，就一同自卑，以致耶和華的忿怒在希西家的日子沒有臨到他們。|zh
1412|32|26|26|But then, Hezekiah, in sorrow for what he had done, put away his pride; and he and all Jerusalem made themselves low, so that the wrath of the Lord did not come on them in Hezekiah's life-time.|en
1413|32|27|27|希西家大有尊榮資財，建造府庫，收藏金銀、寶石、香料、盾牌，和各樣的寶器，|zh
1414|32|27|27|And Hezekiah had very great wealth and honour; and he made himself store-houses for his gold and silver and jewels and spices, and for body-covers and all sorts of beautiful vessels.|en
1415|32|28|28|又建造倉房，收藏五穀、新酒，和油，又為各類牲畜蓋棚立圈；|zh
1416|32|28|28|And store-houses for the produce of grain and wine and oil; and buildings for all sorts of beasts and flocks.|en
1417|32|29|29|並且建立城邑，還有許多的羊群牛群，因為神賜他極多的財產。|zh
1418|32|29|29|And he made towns for himself, and got together much property in flocks and herds: for God had given him great wealth.|en
1419|32|30|30|這希西家也塞住基訓的上源，引水直下，流在大衛城的西邊。希西家所行的事盡都亨通。|zh
1420|32|30|30|It was Hezekiah who had the higher spring of the water of Gihon stopped, and the water taken down on the west side of the town of David. In everything he undertook, Hezekiah did well.|en
1421|32|31|31|惟有一件事，就是巴比倫王差遣使者來見希西家，訪問國中所現的奇事；這件事神離開他，要試驗他，好知道他心內如何。|zh
1422|32|31|31|However, in the business of the representatives sent by the rulers of Babylon to get news of the wonder which had taken place in the land, God gave up guiding him, testing him to see what was in his heart.|en
1423|32|32|32|希西家其餘的事和他的善行都寫在亞摩斯的兒子先知以賽亞的默示書上和猶大、以色列的諸王記上。|zh
1424|32|32|32|Now the rest of the acts of Hezekiah, and the good he did, are recorded in the vision of Isaiah the prophet, the son of Amoz, and in the book of the kings of Judah and Israel.|en
1425|32|33|33|希西家與他列祖同睡，葬在大衛子孫的高陵上。他死的時候，猶大人和耶路撒冷的居民都尊敬他。他兒子瑪拿西接續他作王。|zh
1426|32|33|33|So Hezekiah went to rest with his fathers, and they put his body into the higher part of the resting-places of the sons of David: and all Judah and the people of Jerusalem gave him honour at his death. And Manasseh his son became king in his place.|en
1427|33|1|1|瑪拿西登基的時候年十二歲，在耶路撒冷作王五十五年。|zh
1428|33|1|1|Manasseh was twelve years old when he became king, and he was ruling for fifty-five years in Jerusalem.|en
1429|33|2|2|他行耶和華眼中看為惡的事，效法耶和華在以色列人面前趕出的外邦人那可憎的事，|zh
1430|33|2|2|He did evil in the eyes of the Lord, copying the disgusting ways of the nations whom the Lord had sent out of the land before the children of Israel.|en
1431|33|3|3|重新建築他父希西家所拆毀的邱壇，又為巴力築壇，做木偶，且敬拜事奉天上的萬象，|zh
1432|33|3|3|For he put up again the high places which had been pulled down by his father Hezekiah; and he made altars for the Baals, and pillars of wood, and was a worshipper and servant of all the stars of heaven;|en
1433|33|4|4|在耶和華的殿宇中築壇─耶和華曾指著這殿說：我的名必永遠在耶路撒冷。|zh
1434|33|4|4|And he made altars in the house of the Lord, of which the Lord had said, In Jerusalem will my name be for ever.|en
1435|33|5|5|他在耶和華殿的兩院中為天上的萬象築壇，|zh
1436|33|5|5|And he made altars for all the stars of heaven in the two outer squares of the house of the Lord.|en
1437|33|6|6|並在欣嫩子谷使他的兒女經火，又觀兆，用法術，行邪術，立交鬼的和行巫術的，多行耶和華眼中看為惡的事，惹動他的怒氣，|zh
1438|33|6|6|More than this, he made his children go through the fire in the valley of the son of Hinnom; and he made use of secret arts, and signs for reading the future, and unnatural powers, and gave positions to those who had control of spirits and to wonder-workers: he did much evil in the eyes of the Lord, moving him to wrath.|en
1439|33|7|7|又在神殿內立雕刻的偶像。　神曾對大衛和他兒子所羅門說：我在以色列各支派中所選擇的耶路撒冷和這殿，必立我的名直到永遠。|zh
1440|33|7|7|And he put the image he had made in the house of God, the house of which God had said to David and to Solomon his son, In this house, and in Jerusalem, the town which I have made mine out of all the tribes of Israel, will I put my name for ever:|en
1441|33|8|8|以色列人若謹守遵行我藉摩西所吩咐他們的一切法度、律例、典章，我就不再使他們挪移離開我所賜給他們列祖之地。|zh
1442|33|8|8|And never again will I let the feet of Israel be moved out of the land which I have given to their fathers; if only they will take care to do all my orders, even all the law and the orders and the rules given to them by Moses.|en
1443|33|9|9|瑪拿西引誘猶大和耶路撒冷的居民，以致他們行惡比耶和華在以色列人面前所滅的列國更甚。|zh
1444|33|9|9|And Manasseh made Judah and the people of Jerusalem go out of the true way, so that they did more evil than those nations whom the Lord gave up to destruction before the children of Israel.|en
1445|33|10|10|耶和華警戒瑪拿西和他的百姓，他們卻是不聽。|zh
1446|33|10|10|And the word of the Lord came to Manasseh and his people, but they gave no attention.|en
1447|33|11|11|所以耶和華使亞述王的將帥來攻擊他們，用鐃鉤鉤住瑪拿西，用銅鍊鎖住他，帶到巴比倫去。|zh
1448|33|11|11|So the Lord sent against them the captains of the army of Assyria, who made Manasseh a prisoner and took him away in chains to Babylon.|en
1449|33|12|12|他在急難的時候，就懇求耶和華─他的神，且在他列祖的　神面前極其自卑。|zh
1450|33|12|12|And crying out to the Lord his God in his trouble, he made himself low before the God of his fathers,|en
1451|33|13|13|他祈禱耶和華，耶和華就允准他的祈求，垂聽他的禱告，使他歸回耶路撒冷，仍坐國位。瑪拿西這才知道惟獨耶和華是神。|zh
1452|33|13|13|And made prayer to him; and in answer to his prayer God let him come back to Jerusalem and to his kingdom. Then Manasseh was certain that the Lord was God.|en
1453|33|14|14|此後，瑪拿西在大衛城外，從谷內基訓西邊直到魚門口，建築城牆，環繞俄斐勒，這牆築得甚高；又在猶大各堅固城內設立勇敢的軍長；|zh
1454|33|14|14|After this he made an outer wall for the town of David, on the west side of Gihon in the valley, as far as the way into the town by the fish doorway; and he put a very high wall round the Ophel; and he put captains of the army in all the walled towns of Judah.|en
1455|33|15|15|並除掉外邦人的神像與耶和華殿中的偶像，又將他在耶和華殿的山上和耶路撒冷所築的各壇都拆毀拋在城外；|zh
1456|33|15|15|He took away the strange gods and the image out of the house of the Lord, and all the altars he had put up on the hill of the Lord's house and in Jerusalem, and put them out of the town.|en
1457|33|16|16|重修耶和華的祭壇，在壇上獻平安祭、感謝祭，吩咐猶大人事奉耶和華─以色列的神。|zh
1458|33|16|16|And he put the altar of the Lord in order, offering peace-offerings and praise-offerings on it, and said that all Judah were to be servants of the Lord, the God of Israel.|en
1459|33|17|17|百姓卻仍在邱壇上獻祭，只獻給耶和華─他們的神。|zh
1460|33|17|17|However, the people still made offerings in the high places, but only to the Lord their God.|en
1461|33|18|18|瑪拿西其餘的事和禱告他神的話，並先見奉耶和華─以色列　神的名警戒他的言語，都寫在以色列諸王記上。|zh
1462|33|18|18|Now the rest of the acts of Manasseh, and his prayer to his God, and the words which the seers said to him in the name of the Lord, the God of Israel, are recorded among the acts of the kings of Israel.|en
1463|33|19|19|他的禱告，與神怎樣應允他，他未自卑以前的罪愆過犯，並在何處建築邱壇，設立亞舍拉和雕刻的偶像，都寫在何賽的書上。|zh
1464|33|19|19|And the prayer which he made to God, and how God gave him an answer, and all his sin and his wrongdoing, and the places where he made high places and put up pillars of wood and images, before he put away his pride, are recorded in the history of the seers.|en
1465|33|20|20|瑪拿西與他列祖同睡，葬在自己的宮院裡。他兒子亞們接續他作王。|zh
1466|33|20|20|So Manasseh went to rest with his fathers, and they put his body to rest in his house, and Amon his son became king in his place.|en
1467|33|21|21|亞們登基的時候年二十二歲，在耶路撒冷作王二年。|zh
1468|33|21|21|Amon was twenty-two years old when he became king; and he was ruling for two years in Jerusalem.|en
1469|33|22|22|他行耶和華眼中看為惡的事，效法他父瑪拿西所行的，祭祀事奉他父瑪拿西所雕刻的偶像，|zh
1470|33|22|22|He did evil in the eyes of the Lord, as Manasseh his father had done; and Amon made offerings to all the images which his father Manasseh had made, and was their servant.|en
1471|33|23|23|不在耶和華面前像他父瑪拿西自卑。這亞們所犯的罪越犯越大。|zh
1472|33|23|23|He did not make himself low before the Lord, as his father Manasseh had done, but went on sinning more and more.|en
1473|33|24|24|他的臣僕背叛，在宮裡殺了他。|zh
1474|33|24|24|And his servants made a secret design against him, and put him to death in his house.|en
1475|33|25|25|但國民殺了那些背叛亞們王的人，立他兒子約西亞接續他作王。|zh
1476|33|25|25|But the people of the land put to death all those who had taken part in the design against King Amon, and made his son Josiah king in his place.|en
1477|34|1|1|約西亞登基的時候年八歲，在耶路撒冷作王三十一年。|zh
1478|34|1|1|Josiah was eight years old when he became king; he was ruling in Jerusalem for thirty-one years.|en
1479|34|2|2|他行耶和華眼中看為正的事，效法他祖大衛所行的，不偏左右。|zh
1480|34|2|2|And he did what was right in the eyes of the Lord, walking in the ways of his father David, without turning to the right hand or to the left.|en
1481|34|3|3|他作王第八年，尚且年幼，就尋求他祖大衛的神。到了十二年才潔淨猶大和耶路撒冷，除掉邱壇、木偶、雕刻的像，和鑄造的像。|zh
1482|34|3|3|In the eighth year of his rule, while he was still young, his heart was first turned to the God of his father David; and in the twelfth year he undertook the clearing away of all the high places and the pillars and the images of wood and metal from Judah and Jerusalem.|en
1483|34|4|4|眾人在他面前拆毀巴力的壇，砍斷壇上高高的日像，又把木偶和雕刻的像，並鑄造的像打碎成灰，撒在祭偶像人的墳上，|zh
1484|34|4|4|He had the altars of the Baals broken down, while he himself was present; and the sun-images which were placed on high over them he had cut down; and the pillars of wood and the metal images he had broken up and crushed to dust, dropping the dust over the resting-places of the dead who had made offerings to them.|en
1485|34|5|5|將他們祭司的骸骨燒在壇上，潔淨了猶大和耶路撒冷；|zh
1486|34|5|5|And he had the bones of the priests burned on their altars, and so he made Judah and Jerusalem clean.|en
1487|34|6|6|又在瑪拿西、以法蓮、西緬、拿弗他利各城，和四圍破壞之處，都這樣行；|zh
1488|34|6|6|And in all the towns of Manasseh and Ephraim and Simeon as far as Naphtali, he made waste their houses round about.|en
1489|34|7|7|又拆毀祭壇，把木偶和雕刻的像打碎成灰，砍斷以色列遍地所有的日像，就回耶路撒冷去了。|zh
1490|34|7|7|He had the altars and the pillars of wood pulled down and the images crushed to dust, and all the sun-images cut down, through all the land of Israel, and then he went back to Jerusalem.|en
1491|34|8|8|約西亞王十八年，淨地淨殿之後，就差遣亞薩利雅的兒子沙番、邑宰瑪西雅、約哈斯的兒子史官約亞去修理耶和華─他神的殿。|zh
1492|34|8|8|Now in the eighteenth year of his rule, when the land and the house had been made clean, he sent Shaphan, the son of Azaliah, and Maaseiah, the ruler of the town, and Joah, the son of Joahaz, the recorder, to make good what was damaged in the house of the Lord his God.|en
1493|34|9|9|他們就去見大祭司希勒家，將奉到神殿的銀子交給他；這銀子是看守殿門的利未人從瑪拿西、以法蓮，和一切以色列剩下的人，以及猶大、便雅憫眾人，並耶路撒冷的居民收來的。|zh
1494|34|9|9|And they came to Hilkiah, the chief priest, and gave him all the money which had been taken into the house of God, which the Levites, the keepers of the door, had got from Manasseh and Ephraim and those of Israel who had not been taken away as prisoners, and from all Judah and Benjamin and the people of Jerusalem.|en
1495|34|10|10|又將這銀子交給耶和華殿裡督工的，轉交修理耶和華殿的工匠，|zh
1496|34|10|10|And they gave it to the overseers of the work of the Lord's house, and the overseers gave it to the workmen working in the house, for building it up and making good what was damaged;|en
1497|34|11|11|就是交給木匠、石匠，買鑿成的石頭和架木與棟梁，修猶大王所毀壞的殿。|zh
1498|34|11|11|Even to the woodworkers and builders to get cut stone and wood for joining the structure together and for making boards for the houses which the kings of Judah had given up to destruction.|en
1499|34|12|12|這些人辦事誠實，督工的是利未人米拉利的子孫雅哈、俄巴底；督催的是哥轄的子孫撒迦利亞、米書蘭；還有善於作樂的利未人。|zh
1500|34|12|12|And the men did the work well; and those who had authority over them were Jahath and Obadiah, Levites of the sons of Merari, and Zechariah and Meshullam, of the sons of the Kohathites, who were to be responsible for seeing that the work was done; and others of the Levites, who were expert with instruments of music,|en
1501|34|13|13|他們又監管扛抬的人，督催一切做工的。利未人中也有作書記、作司事、作守門的。|zh
1502|34|13|13|Had authority over the transport workers, giving directions to all who were doing any sort of work; and among the Levites there were scribes and overseers and door-keepers.|en
1503|34|14|14|他們將奉到耶和華殿的銀子運出來的時候，祭司希勒家偶然得了摩西所傳耶和華的律法書。|zh
1504|34|14|14|Now when they were taking out the money which had come into the Lord's house, Hilkiah the priest came across the book of the law of the Lord, which he had given by the mouth of Moses.|en
1505|34|15|15|希勒家對書記沙番說：我在耶和華殿裡得了律法書。遂將書遞給沙番。|zh
1506|34|15|15|Then Hilkiah said to Shaphan the scribe, I have made discovery of the book of the law in the house of the Lord. And Hilkiah gave the book to Shaphan.|en
1507|34|16|16|沙番把書拿到王那裡，回覆王說：凡交給僕人們辦的都辦理了。|zh
1508|34|16|16|And Shaphan took the book to the king; and he gave him an account of what had been done, saying, Your servants are doing all they have been given to do;|en
1509|34|17|17|耶和華殿裡的銀子倒出來，交給督工的和匠人的手裡了。|zh
1510|34|17|17|They have taken out all the money which was in the Lord's house and have given it to the overseers and to the workmen.|en
1511|34|18|18|書記沙番又對王說：祭司希勒家遞給我一卷書。沙番就在王面前讀那書。|zh
1512|34|18|18|Then Shaphan the scribe said to the king, Hilkiah the priest has given me a book; and he made a start at reading some of it to the king.|en
1513|34|19|19|王聽見律法上的話，就撕裂衣服，|zh
1514|34|19|19|And the king, hearing the words of the law, took his robe in his hands, violently parting it as a sign of his grief.|en
1515|34|20|20|吩咐希勒家與沙番的兒子亞希甘、米迦的兒子亞比頓、書記沙番，和王的臣僕亞撒雅說：|zh
1516|34|20|20|And he gave orders to Hilkiah and to Ahikam, the son of Shaphan, and Abdon, the son of Micah, and Shaphan the scribe and Asaiah, the king's servant, saying,|en
1517|34|21|21|你們去為我、為以色列和猶大剩下的人，以這書上的話求問耶和華；因我們列祖沒有遵守耶和華的言語，沒有照這書上所記的去行，耶和華的烈怒就倒在我們身上。|zh
1518|34|21|21|Go and get directions from the Lord for me and for those who are still in Israel and for Judah, about the words of this book which has come to light; for great is the wrath of the Lord which has been let loose on us, because our fathers have not kept the word of the Lord or done what is recorded in this book.|en
1519|34|22|22|於是，希勒家和王所派的眾人都去見女先知戶勒大。戶勒大是掌管禮服沙龍的妻，沙龍是哈斯拉的孫子、特瓦的兒子。戶勒大住在耶路撒冷第二區；他們請問於他。|zh
1520|34|22|22|So Hilkiah, and those whom the king sent, went to Huldah the woman prophet, the wife of Shallum, the son of Tokhath, the son of Hasrah, the keeper of the robes (now she was living in Jerusalem, in the second part of the town); and they had talk with her about this thing.|en
1521|34|23|23|他對他們說：耶和華─以色列的神如此說：你們可以回覆那差遣你們來見我的人說，|zh
1522|34|23|23|And she said to them, The Lord, the God of Israel, has said, Say to the man who sent you to me,|en
1523|34|24|24|耶和華如此說：我必照著在猶大王面前所讀那書上的一切咒詛，降禍與這地和其上的居民；|zh
1524|34|24|24|These are the words of the Lord: See, I will send evil on this place and on its people, even all the curses in the book which they have been reading before the king of Judah;|en
1525|34|25|25|因為他們離棄我，向別神燒香，用他們手所做的惹我發怒，所以我的忿怒如火倒在這地上，總不息滅。|zh
1526|34|25|25|Because they have given me up, burning offerings to other gods and moving me to wrath by all the works of their hands; so my wrath is let loose on this place and will not be put out.|en
1527|34|26|26|然而差遣你們來求問耶和華的猶大王，你們要這樣回覆他說：耶和華─以色列的神如此說：至於你所聽見的話，|zh
1528|34|26|26|But to the king of Judah who sent you to get directions from the Lord, say, This is what the Lord, the God of Israel, has said: Because you have given ear to my words,|en
1529|34|27|27|就是聽見我指著這地和其上居民所說的話，你便心裡敬服，在我面前自卑，撕裂衣服，向我哭泣，因此我應允了你。這是我─耶和華說的。|zh
1530|34|27|27|And your heart was soft, and you made yourself low before God, on hearing his words about this place and its people, and with weeping and signs of grief have made yourself low before me, I have given ear to you, says the Lord God.|en
1531|34|28|28|我必使你平平安安地歸到墳墓，到你列祖那裡，我要降與這地和其上居民的一切災禍，你也不至親眼看見。他們就回覆王去了。|zh
1532|34|28|28|See, I will let you go to your fathers, and be put in your last resting-place in peace, and your eyes will not see all the evil which I will send on this place and on its people. So they took this news back to the king.|en
1533|34|29|29|王差遣人招聚猶大和耶路撒冷的眾長老來。|zh
1534|34|29|29|Then the king sent and got together all the responsible men of Judah and of Jerusalem.|en
1535|34|30|30|王和猶大眾人，與耶路撒冷的居民，並祭司利未人，以及所有的百姓，無論大小，都一同上到耶和華的殿；王就把殿裡所得的約書念給他們聽。|zh
1536|34|30|30|And the king went up to the house of the Lord, with all the men of Judah and the people of Jerusalem, and the priests and the Levites and all the people, small and great; and they were present at his reading of the book of the law which had come to light in the house of the Lord.|en
1537|34|31|31|王站在他的地位上，在耶和華面前立約，要盡心盡性地順從耶和華，遵守他的誡命、法度、律例，成就這書上所記的約言；|zh
1538|34|31|31|Then the king, taking his place by the pillar, made an agreement before the Lord, to go in the way of the Lord, and to keep his orders and his decisions and his rules with all his heart and with all his soul, and to keep the words of the agreement recorded in this book.|en
1539|34|32|32|又使住耶路撒冷和便雅憫的人都服從這約。於是耶路撒冷的居民都遵行他們列祖之神的約。|zh
1540|34|32|32|And he made all the people in Jerusalem and Benjamin give their word to keep it. And the people of Jerusalem kept the agreement of God, the God of their fathers.|en
1541|34|33|33|約西亞從以色列各處將一切可憎之物盡都除掉，使以色列境內的人都事奉耶和華─他們的神。約西亞在世的日子，就跟從耶和華─他們列祖的　神，總不離開。|zh
1542|34|33|33|Josiah took away all the disgusting things out of all the lands of the children of Israel, and made all who were in Israel servants of the Lord their God. And as long as he was living they were true to the Lord, the God of their fathers.|en
1543|35|1|1|約西亞在耶路撒冷向耶和華守逾越節。正月十四日，就宰了逾越節的羊羔。|zh
1544|35|1|1|And Josiah kept a Passover to the Lord in Jerusalem; on the fourteenth day of the first month they put the Passover lamb to death.|en
1545|35|2|2|王分派祭司各盡其職，又勉勵他們辦耶和華殿中的事；|zh
1546|35|2|2|And he gave the priests their places, making them strong for the work of the house of God.|en
1547|35|3|3|又對那歸耶和華為聖、教訓以色列人的利未人說：你們將聖約櫃安放在以色列王大衛兒子所羅門建造的殿裡，不必再用肩扛抬。現在要事奉耶和華─你們的神，服事他的民以色列。|zh
1548|35|3|3|And he said to the Levites, the teachers of all Israel, who were holy to the Lord, See, the holy ark is in the house which Solomon, the son of David, king of Israel, made; it will no longer have to be transported on your backs: now be the servants of the Lord your God and his people Israel,|en
1549|35|4|4|你們應當按著宗族，照著班次，遵以色列王大衛和他兒子所羅門所寫的，自己預備。|zh
1550|35|4|4|And make yourselves ready in your divisions, by your families, as it is ordered in the writings of David, king of Israel, and of Solomon his son;|en
1551|35|5|5|要按著你們的弟兄，這民宗族的班次，站在聖所，每班中要利未宗族的幾個人。|zh
1552|35|5|5|And take your positions in the holy place, grouped in the families of your brothers, the children of the people, and for every division let there be a part of a family of the Levites.|en
1553|35|6|6|要宰逾越節的羊羔，潔淨自己，為你們的弟兄預備了，好遵守耶和華藉摩西所吩咐的話。|zh
1554|35|6|6|And put the Passover lamb to death, and make yourselves holy, and make it ready for your brothers, so that the orders given by the Lord through Moses may be done.|en
1555|35|7|7|約西亞從群畜中賜給在那裡所有的人民，綿羊羔和山羊羔三萬隻，牛三千隻，作逾越節的祭物；這都是出自王的產業中。|zh
1556|35|7|7|And Josiah gave lambs and goats from the flock as Passover offerings for all the people who were present, to the number of thirty thousand, and three thousand oxen: these were from the king's private property.|en
1557|35|8|8|約西亞的眾首領也樂意將犧牲給百姓和祭司利未人；又有管理神殿的希勒家、撒迦利亞、耶歇將羊羔二千六百隻，牛三百隻，給祭司作逾越節的祭物。|zh
1558|35|8|8|And his captains freely gave an offering to the people, the priests, and the Levites. Hilkiah and Zechariah and Jehiel, the rulers of the house of God, gave to the priests for the Passover offerings two thousand, six hundred small cattle and three hundred oxen.|en
1559|35|9|9|利未人的族長歌楠雅和他兩個兄弟示瑪雅、拿坦業，與哈沙比雅、耶利、約撒拔將羊羔五千隻，牛五百隻，給利未人作逾越節的祭物。|zh
1560|35|9|9|And Conaniah and Shemaiah and Nethanel, his brothers, and Hashabiah and Jeiel and Jozabad, the chiefs of the Levites, gave to the Levites for the Passover offerings five thousand small cattle and five hundred oxen.|en
1561|35|10|10|這樣，供獻的事齊備了。祭司站在自己的地方，利未人按著班次站立，都是照王所吩咐的。|zh
1562|35|10|10|So everything was made ready and the priests took their places with the Levites in their divisions, as the king had said.|en
1563|35|11|11|利未人宰了逾越節的羊羔，祭司從他們手裡接過血來灑在壇上；利未人剝皮，|zh
1564|35|11|11|And they put the Passover lambs to death, the blood being drained out by the priests when it was given to them, and the Levites did the skinning.|en
1565|35|12|12|將燔祭搬來，按著宗族的班次分給眾民，好照摩西書上所寫的，獻給耶和華；獻牛也是這樣。|zh
1566|35|12|12|And they took away the burned offerings, so that they might give them to be offered to the Lord for the divisions of the families of the people, as it is recorded in the book of Moses. And they did the same with the oxen.|en
1567|35|13|13|他們按著常例，用火烤逾越節的羊羔。別的聖物用鍋，用釜，用罐煮了，速速地送給眾民。|zh
1568|35|13|13|And the Passover lamb was cooked over the fire, as it says in the law; and the holy offerings were cooked in pots and basins and vessels, and taken quickly to all the people.|en
1569|35|14|14|然後為自己和祭司預備祭物；因為祭司亞倫的子孫獻燔祭和脂油，直到晚上。所以利未人為自己和祭司亞倫的子孫，預備祭物。|zh
1570|35|14|14|And after that, they made ready for themselves and for the priests; for the priests, the sons of Aaron, were offering the burned offerings and the fat till night; so the Levites made ready what was needed for themselves and for the priests, the sons of Aaron.|en
1571|35|15|15|歌唱的亞薩之子孫，照著大衛、亞薩、希幔，和王的先見耶杜頓所吩咐的，站在自己的地位上。守門的看守各門，不用離開他們的職事，因為他們的弟兄利未人給他們預備祭物。|zh
1572|35|15|15|And the sons of Asaph, the makers of melody, were in their places, as ordered by David and Asaph and Heman and Jeduthun, the king's seer; and the door-keepers were stationed at every door: there was no need for them to go away from their places, for their brothers the Levites made ready for them.|en
1573|35|16|16|當日，供奉耶和華的事齊備了，就照約西亞王的吩咐守逾越節，獻燔祭在耶和華的壇上。|zh
1574|35|16|16|So everything needed for the worship of the Lord was made ready that same day, for the keeping of the Passover and the offering of burned offerings on the altar of the Lord, as King Josiah had given orders.|en
1575|35|17|17|當時在耶路撒冷的以色列人守逾越節，又守除酵節七日。|zh
1576|35|17|17|And all the children of Israel who were present kept the Passover and the feast of unleavened bread at that time for seven days.|en
1577|35|18|18|自從先知撒母耳以來，在以色列中沒有守過這樣的逾越節，以色列諸王也沒有守過，像約西亞、祭司、利未人、在那裡的猶大人，和以色列人，以及耶路撒冷居民所守的逾越節。|zh
1578|35|18|18|No Passover like it had been kept in Israel from the days of Samuel the prophet; and not one of the kings of Israel had ever kept a Passover like the one kept by Josiah and the priests and the Levites and all those of Judah and Israel who were present, and the people of Jerusalem.|en
1579|35|19|19|這逾越節是約西亞作王十八年守的。|zh
1580|35|19|19|In the eighteenth year of the rule of Josiah this Passover was kept.|en
1581|35|20|20|這事以後，約西亞修完了殿，有埃及王尼哥上來，要攻擊靠近伯拉河的迦基米施；約西亞出去抵擋他。|zh
1582|35|20|20|After all this, and after Josiah had put the house in order, Neco, king of Egypt, went up to make war at Carchemish by the river Euphrates; and Josiah went out against him.|en
1583|35|21|21|他差遣使者來見約西亞，說：猶大王啊，我與你何干？我今日來不是要攻擊你，乃是要攻擊與我爭戰之家，並且神吩咐我速行，你不要干預　神的事，免得他毀滅你，因為　神是與我同在。|zh
1584|35|21|21|But he sent representatives to him, saying, What have I to do with you, O king of Judah? I have not come against you this day, but against those with whom I am at war; and God has given me orders to go forward quickly: keep out of God's way, for he is with me, or he will send destruction on you.|en
1585|35|22|22|約西亞卻不肯轉去離開他，改裝要與他打仗，不聽從神藉尼哥之口所說的話，便來到米吉多平原爭戰。|zh
1586|35|22|22|However, Josiah would not go back; but keeping to his purpose of fighting against him, and giving no attention to the words of Neco, which came from God, he went forward to the fight in the valley of Megiddo.|en
1587|35|23|23|弓箭手射中約西亞王。王對他的臣僕說：我受了重傷，你拉我出陣罷！|zh
1588|35|23|23|And the bowmen sent their arrows at King Josiah, and the king said to his servants, Take me away, for I am badly wounded.|en
1589|35|24|24|他的臣僕扶他下了戰車，上了次車，送他到耶路撒冷，他就死了，葬在他列祖的墳墓裡。猶大人和耶路撒冷人都為他悲哀。|zh
1590|35|24|24|So his servants took him out of the line of war-carriages, and put him in his second carriage and took him to Jerusalem, where he came to his end, and they put his body in the resting-place of his fathers. And in all Judah and Jerusalem there was great weeping for Josiah.|en
1591|35|25|25|耶利米為約西亞作哀歌。所有歌唱的男女也唱哀歌，追悼約西亞，直到今日；而且在以色列中成了定例。這歌載在哀歌書上。|zh
1592|35|25|25|And Jeremiah made a song of grief for Josiah; and to this day Josiah is named by all the makers of melody, men and women, in their songs of grief; they made it a rule in Israel; and the songs are recorded among the songs of grief.|en
1593|35|26|26|約西亞其餘的事和他遵著耶和華律法上所記而行的善事，|zh
1594|35|26|26|Now the rest of the acts of Josiah, and the good he did, in keeping with what is recorded in the law of the Lord,|en
1595|35|27|27|並他自始至終所行的，都寫在以色列和猶大列王記上。|zh
1596|35|27|27|And all his acts, first and last, are recorded in the book of the kings of Israel and Judah.|en
1597|36|1|1|國民立約西亞的兒子約哈斯在耶路撒冷接續他父作王。|zh
1598|36|1|1|Then the people of the land took Jehoahaz, the son of Josiah, and made him king in Jerusalem in place of his father.|en
1599|36|2|2|約哈斯登基的時候年二十三歲，在耶路撒冷作王三個月。|zh
1600|36|2|2|Jehoahaz was twenty-three years old when he became king; he was ruling in Jerusalem for three months.|en
1601|36|3|3|埃及王在耶路撒冷廢了他，又罰猶大國銀子一百他連得，金子一他連得。|zh
1602|36|3|3|Then the king of Egypt took the kingdom from him in Jerusalem, and put on the land a tax of a hundred talents of silver and a talent of gold.|en
1603|36|4|4|埃及王尼哥立約哈斯的哥哥以利雅敬作猶大和耶路撒冷的王，改名叫約雅敬，又將約哈斯帶到埃及去了。|zh
1604|36|4|4|And the king of Egypt made Eliakim his brother king over Judah and Jerusalem, changing his name to Jehoiakim. And Neco took his brother Jehoahaz away to Egypt.|en
1605|36|5|5|約雅敬登基的時候年二十五歲，在耶路撒冷作王十一年，行耶和華─他神眼中看為惡的事。|zh
1606|36|5|5|Jehoiakim was twenty-five years old when he became king; he was ruling in Jerusalem for eleven years, and he did evil in the eyes of the Lord his God.|en
1607|36|6|6|巴比倫王尼布甲尼撒上來攻擊他，用銅鍊鎖著他，要將他帶到巴比倫去。|zh
1608|36|6|6|Nebuchadnezzar, king of Babylon, came up against him, and took him away in chains to Babylon.|en
1609|36|7|7|尼布甲尼撒又將耶和華殿裡的器皿帶到巴比倫，放在他神的廟裡(或作自己的宮裡)。|zh
1610|36|7|7|And Nebuchadnezzar took away some of the vessels of the Lord's house, and put them in the house of his god in Babylon.|en
1611|36|8|8|約雅敬其餘的事和他所行可憎的事，並他一切的行為，都寫在以色列和猶大列王記上。他兒子約雅斤接續他作王。|zh
1612|36|8|8|Now the rest of the acts of Jehoiakim and the disgusting things he did, and all there is to be said against him, are recorded in the book of the kings of Israel and Judah; and Jehoiachin his son became king in his place.|en
1613|36|9|9|約雅斤登基的時候年八歲(王下二四章八節作十八歲)，在耶路撒冷作王三個月零十天，行耶和華眼中看為惡的事。|zh
1614|36|9|9|Jehoiachin was eighteen years old when he became king; he was ruling in Jerusalem for three months and ten days, and he did evil in the eyes of the Lord.|en
1615|36|10|10|過了一年，尼布甲尼撒差遣人將約雅斤和耶和華殿裡各樣寶貴的器皿帶到巴比倫，就立約雅斤的叔叔（原文兄）西底家作猶大和耶路撒冷的王。|zh
1616|36|10|10|In the spring of the year King Nebuchadnezzar sent and took him away to Babylon, with the beautiful vessels of the house of the Lord, and made Zedekiah, his father's brother, king over Judah and Jerusalem.|en
1617|36|11|11|西底家登基的時候年二十一歲，在耶路撒冷作王十一年，|zh
1618|36|11|11|Zedekiah was twenty-one years old when he became king; he was ruling in Jerusalem for eleven years.|en
1619|36|12|12|行耶和華─他神眼中看為惡的事。先知耶利米以耶和華的話勸他，他仍不在耶利米面前自卑。|zh
1620|36|12|12|He did evil in the eyes of the Lord, and did not make himself low before Jeremiah the prophet who gave him the word of the Lord.|en
1621|36|13|13|尼布甲尼撒曾使他指著神起誓，他卻背叛，強項硬心，不歸服耶和華─以色列的　神。|zh
1622|36|13|13|And he took up arms against King Nebuchadnezzar, though he had made him take an oath by God; but he made his neck stiff and his heart hard, turning away from the Lord, the God of Israel.|en
1623|36|14|14|眾祭司長和百姓也大大犯罪，效法外邦人一切可憎的事，污穢耶和華在耶路撒冷分別為聖的殿。|zh
1624|36|14|14|And more than this, all the great men of Judah and the priests and the people made their sin great, turning to all the disgusting ways of the nations; and they made unclean the house of the Lord which he had made holy in Jerusalem.|en
1625|36|15|15|耶和華─他們列祖的神因為愛惜自己的民和他的居所，從早起來差遣使者去警戒他們。|zh
1626|36|15|15|And the Lord, the God of their fathers, sent word to them by his servants, sending early and frequently, because he had pity on his people and on his living-place;|en
1627|36|16|16|他們卻嘻笑神的使者，藐視他的言語，譏誚他的先知，以致耶和華的忿怒向他的百姓發作，無法可救。|zh
1628|36|16|16|But they put shame on the servants of God, making sport of his words and laughing at his prophets, till the wrath of God was moved against his people, till there was no help.|en
1629|36|17|17|所以，耶和華使迦勒底人的王來攻擊他們，在他們聖殿裡用刀殺了他們的壯丁，不憐恤他們的少男處女、老人白叟。耶和華將他們都交在迦勒底王手裡。|zh
1630|36|17|17|So he sent against them the king of the Chaldaeans, who put their young men to death with the sword in the house of their holy place, and had no pity for any, young man or virgin, old man or white-haired: God gave them all into his hands.|en
1631|36|18|18|迦勒底王將神殿裡的大小器皿與耶和華殿裡的財寶，並王和眾首領的財寶，都帶到巴比倫去了。|zh
1632|36|18|18|And all the vessels of the house of God, great and small, and the stored wealth of the Lord's house and the wealth of the king and his chiefs, he took away to Babylon.|en
1633|36|19|19|迦勒底人焚燒神的殿，拆毀耶路撒冷的城牆，用火燒了城裡的宮殿，毀壞了城裡寶貴的器皿。|zh
1634|36|19|19|And the house of God was burned and the wall of Jerusalem broken down; all its great houses were burned with fire and all its beautiful vessels given up to destruction.|en
1635|36|20|20|凡脫離刀劍的，迦勒底王都擄到巴比倫去，作他和他子孫的僕婢，直到波斯國興起來。|zh
1636|36|20|20|And all who had not come to death by the sword he took away prisoners to Babylon; and they became servants to him and to his sons till the kingdom of Persia came to power:|en
1637|36|21|21|這就應驗耶和華藉耶利米口所說的話：地享受安息；因為地土荒涼便守安息，直滿了七十年。|zh
1638|36|21|21|So that the words of the Lord, which he said by the mouth of Jeremiah, might come true, till the land had had pleasure in her Sabbaths; for as long as she was waste the land kept the Sabbath, till seventy years were complete.|en
1639|36|22|22|波斯王古列元年，耶和華為要應驗藉耶利米口所說的話，就激動波斯王古列的心，使他下詔通告全國，說：|zh
1640|36|22|22|Now in the first year of Cyrus, king of Persia, in order that the words which the Lord had said by the mouth of Jeremiah might come true, the spirit of Cyrus, king of Persia, was moved by the Lord, and he made a public statement and had it given out through all his kingdom and put in writing, saying,|en
1641|36|23|23|波斯王古列如此說：耶和華─天上的神已將天下萬國賜給我，又囑咐我在猶大的耶路撒冷為他建造殿宇。你們中間凡作他子民的，可以上去，願耶和華─他的　神與他同在。|zh
1642|36|23|23|Cyrus, king of Persia, has said, All the kingdoms of the earth have been given to me by the Lord, the God of heaven; and he has made me responsible for building a house for him in Jerusalem, which is in Judah. Whoever there is among you of all his people, may the Lord his God be with him and let him go up.|en
