|chapter|sec|no|content|lang
0|1|1|1|耶和華的僕人摩西死了以後，耶和華曉諭摩西的幫手，嫩的兒子約書亞，說：|zh
1|1|1|1|Now after the death of Moses, the servant of the Lord, the word of the Lord came to Joshua, the son of Nun, Moses' helper, saying,|en
2|1|2|2|我的僕人摩西死了。現在你要起來，和眾百姓過這約但河，往我所要賜給以色列人的地去。|zh
3|1|2|2|Moses my servant is dead; so now get up! Go over Jordan, you and all this people, into the land which I am giving to them, to the children of Israel.|en
4|1|3|3|凡你們腳掌所踏之地，我都照著我所應許摩西的話賜給你們了。|zh
5|1|3|3|Every place on which you put your foot I have given to you, as I said to Moses.|en
6|1|4|4|從曠野和這利巴嫩，直到伯拉大河，赫人的全地，又到大海日落之處，都要作你們的境界。|zh
7|1|4|4|From the waste land and this mountain Lebanon, as far as the great river, the river Euphrates, and all the land of the Hittites to the Great Sea, in the west, will be your country.|en
8|1|5|5|你平生的日子，必無一人能在你面前站立得住。我怎樣與摩西同在，也必照樣與你同在；我必不撇下你，也不丟棄你。|zh
9|1|5|5|While you are living, all will give way before you: as I was with Moses, so I will be with you; I will not take away my help from you or give you up.|en
10|1|6|6|你當剛強壯膽！因為你必使這百姓承受那地為業，就是我向他們列祖起誓應許賜給他們的地。|zh
11|1|6|6|Take heart and be strong; for you will give to this people for their heritage the land which I gave by an oath to their fathers.|en
12|1|7|7|只要剛強，大大壯膽，謹守遵行我僕人摩西所吩咐你的一切律法，不可偏離左右，使你無論往那裡去，都可以順利。|zh
13|1|7|7|Only take heart and be very strong; take care to do all the law which Moses my servant gave you, not turning from it to the right hand or to the left, so that you may do well in all your undertakings.|en
14|1|8|8|這律法書不可離開你的口，總要晝夜思想，好使你謹守遵行這書上所寫的一切話。如此，你的道路就可以亨通，凡事順利。|zh
15|1|8|8|Let this book of the law be ever on your lips and in your thoughts day and night, so that you may keep with care everything in it; then a blessing will be on all your way, and you will do well.|en
16|1|9|9|我豈沒有吩咐你麼？你當剛強壯膽！不要懼怕，也不要驚惶；因為你無論往那裡去，耶和華─你的神必與你同在。|zh
17|1|9|9|Have I not given you your orders? Take heart and be strong; have no fear and do not be troubled; for the Lord your God is with you wherever you go,|en
18|1|10|10|於是，約書亞吩咐百姓的官長說：|zh
19|1|10|10|Then Joshua gave their orders to those who were in authority over the people, saying,|en
20|1|11|11|你們要走遍營中，吩咐百姓說：當預備食物；因為三日之內你們要過這約但河，進去得耶和華─你們神賜你們為業之地。|zh
21|1|11|11|Go through the tents and give orders to the people, saying, Get ready a store of food; for in three days you are to go over this river Jordan and take for your heritage the land which the Lord your God is giving you.|en
22|1|12|12|約書亞對流便人、迦得人，和瑪拿西半支派的人說：|zh
23|1|12|12|And to the Reubenites and the Gadites and the half-tribe of Manasseh, Joshua said,|en
24|1|13|13|你們要追念耶和華的僕人摩西所吩咐你們的話說：耶和華─你們的神使你們得享平安，也必將這地賜給你們。|zh
25|1|13|13|Keep in mind what Moses, the servant of the Lord, said to you, The Lord your God is sending you rest and will give you this land.|en
26|1|14|14|你們的妻子、孩子，和牲畜都可以留在約但河東、摩西所給你們的地；但你們中間一切大能的勇士都要帶著兵器在你們的弟兄前面過去，幫助他們，|zh
27|1|14|14|Your wives, your little ones, and your cattle will be kept here in the land which Moses gave you on this side of Jordan; but you, the fighting-men, are to go over before your brothers, armed, to give them help;|en
28|1|15|15|等到耶和華使你們的弟兄像你們一樣得享平安，並且得著耶和華─你們神所賜他們為業之地，那時才可以回你們所得之地，承受為業，就是耶和華的僕人摩西在約但河東、向日出之地所給你們的。|zh
29|1|15|15|Till the Lord has given your brothers rest, as he has given it to you, and they have taken their heritage in the land which the Lord your God is giving them: then you will go back to the land of your heritage which Moses, the servant of the Lord, gave you on the east side of Jordan.|en
30|1|16|16|他們回答約書亞說：你所吩咐我們行的，我們都必行；你所差遣我們去的，我們都必去。|zh
31|1|16|16|Then they said to Joshua in answer, Whatever you say to us we will do, and wherever you send us we will go.|en
32|1|17|17|我們從前在一切事上怎樣聽從摩西，現在也必照樣聽從你；惟願耶和華─你的神與你同在，像與摩西同在一樣。|zh
33|1|17|17|As we gave attention to Moses in all things, so we will give attention to you: and may the Lord your God be with you as he was with Moses.|en
34|1|18|18|無論甚麼人違背你的命令，不聽從你所吩咐他的一切話，就必治死他。你只要剛強壯膽！|zh
35|1|18|18|Whoever goes against your orders, and does not give attention to all your words, will be put to death: only take heart and be strong.|en
36|2|1|1|當下，嫩的兒子約書亞從什亭暗暗打發兩個人作探子，吩咐說：你們去窺探那地和耶利哥。於是二人去了，來到一個妓女名叫喇合的家裡，就在那裡躺臥。|zh
37|2|1|1|Then Joshua, the son of Nun, sent two men from Shittim secretly, with the purpose of searching out the land, and Jericho. So they went and came to the house of a loose woman of the town, named Rahab, where they took their rest for the night.|en
38|2|2|2|有人告訴耶利哥王說：今夜有以色列人來到這裡窺探此地。|zh
39|2|2|2|And it was said to the king of Jericho, See, some men have come here tonight from the children of Israel with the purpose of searching out the land.|en
40|2|3|3|耶利哥王打發人去見喇合說：那來到你這裡、進了你家的人要交出來，因為他們來窺探全地。|zh
41|2|3|3|Then the king of Jericho sent to Rahab, saying, Send out the men who have come to you and are in your house; for they have come with the purpose of searching out all the land.|en
42|2|4|4|女人將二人隱藏，就回答說：那人果然到我這裡來；他們是那裡來的我卻不知道。|zh
43|2|4|4|And the woman took the two men and put them in a secret place; then she said, Yes, the men came to me, but I had no idea where they came from;|en
44|2|5|5|天黑、要關城門的時候，他們出去了，往那裡去我卻不知道。你們快快的去追趕，就必追上。|zh
45|2|5|5|And when it was the time for shutting the doors at dark, they went out; I have no idea where the men went: but if you go after them quickly, you will overtake them.|en
46|2|6|6|（先是女人領二人上了房頂，將他們藏在那裡所擺的麻中。）|zh
47|2|6|6|But she had taken them up to the roof, covering them with the stems of flax which she had put out in order there.|en
48|2|7|7|那些人就往約但河的渡口追趕他們去了。追趕他們的人一出去，城門就關了。|zh
49|2|7|7|So the men went after them on the road to Jordan as far as the river-crossing: and when they had gone out after them, the door into the town was shut.|en
50|2|8|8|二人還沒有躺臥，女人就上房頂，到他們那裡，|zh
51|2|8|8|And before the men went to rest, she came up to them on the roof,|en
52|2|9|9|對他們說：我知道耶和華已經把這地賜給你們，並且因你們的緣故我們都驚慌了。這地的一切居民在你們面前心都消化了；|zh
53|2|9|9|And said to them, It is clear to me that the Lord has given you the land, and that the fear of you has come on us;|en
54|2|10|10|因為我們聽見你們出埃及的時候，耶和華怎樣在你們前面使紅海的水乾了，並且你們怎樣待約但河東的兩個亞摩利王西宏和噩，將他們盡行毀滅。|zh
55|2|10|10|For we have had news of how the Lord made the Red Sea dry before you when you came out of Egypt; and what you did to the two kings of the Amorites, on the other side of Jordan, to Sihon and Og, whom you gave up to the curse.|en
56|2|11|11|我們一聽見這些事，心就消化了。因你們的緣故，並無一人有膽氣。耶和華─你們的神本是上天下地的　神。|zh
57|2|11|11|And because of this news, our hearts became like water, and there was no more spirit in any of us because of you; for the Lord your God is God in heaven on high and here on earth.|en
58|2|12|12|現在我既是恩待你們，求你們指著耶和華向我起誓，也要恩待我父家，並給我一個實在的證據，|zh
59|2|12|12|So now, will you give me your oath by the Lord, that, because I have been kind to you, you will be kind to my father's house,|en
60|2|13|13|要救活我的父母、弟兄、姊妹，和一切屬他們的，拯救我們性命不死。|zh
61|2|13|13|And that you will keep safe my father and mother and my brothers and sisters and all they have, so that death may not come on us?|en
62|2|14|14|二人對他說：你若不洩漏我們這件事，我們情願替你們死。耶和華將這地賜給我們的時候，我們必以慈愛誠實待你。|zh
63|2|14|14|And the men said to her, Our life for yours if you keep our business secret; and when the Lord has given us the land, we will keep faith and be kind to you.|en
64|2|15|15|於是女人用繩子將二人從窗戶裡縋下去；因他的房子是在城牆邊上，他也住在城牆上。|zh
65|2|15|15|Then she let them down from the window by a cord, for the house where she was living was on the town wall.|en
66|2|16|16|他對他們說：你們且往山上去，恐怕追趕的人碰見你們；要在那裡隱藏三天，等追趕的人回來，然後才可以走你們的路。|zh
67|2|16|16|And she said to them, Get away into the hill-country, or the men who have gone after you will overtake you; keep yourselves safe there for three days, till the searchers have come back, and then go on your way.|en
68|2|17|17|二人對他說：你要這樣行。不然，你叫我們所起的誓就與我們無干了。|zh
69|2|17|17|And the men said to her, We will only be responsible for this oath which you have made us take,|en
70|2|18|18|我們來到這地的時候，你要把這條朱紅線繩繫在縋我們下去的窗戶上，並要使你的父母、弟兄，和你父的全家都聚集在你家中。|zh
71|2|18|18|If, when we come into the land, you put this cord of bright red thread in the window from which you let us down; and get your father and mother and your brothers and all your family into the house;|en
72|2|19|19|凡出了你家門往街上去的，他的罪（原文是血）必歸到自己的頭上，與我們無干了。凡在你家裡的，若有人下手害他，流他血的罪就歸到我們的頭上。|zh
73|2|19|19|Then if anyone goes out of your house into the street, his blood will be on his head, we will not be responsible; but if any damage comes to anyone in the house, his blood will be on our heads.|en
74|2|20|20|你若洩漏我們這件事，你叫我們所起的誓就與我們無干了。|zh
75|2|20|20|But if you say anything about our business here, then we will be free from the oath you have made us take.|en
76|2|21|21|女人說：照你們的話行罷！於是打發他們去了，又把朱紅線繩繫在窗戶上。|zh
77|2|21|21|And she said, Let it be as you say. Then she sent them away, and they went; and she put the bright red cord in the window.|en
78|2|22|22|二人到山上，在那裡住了三天，等著追趕的人回去了。追趕的人一路找他們，卻找不著。|zh
79|2|22|22|And they went into the hill-country and were there three days, till the men who had gone after them had come back; and those who went after them were searching for them everywhere without coming across them.|en
80|2|23|23|二人就下山回來，過了河，到嫩的兒子約書亞那裡，向他述說所遭遇的一切事；|zh
81|2|23|23|Then the two men came down from the hill-country and went over and came back to Joshua, the son of Nun; and they gave him a complete account of what had taken place.|en
82|2|24|24|又對約書亞說：耶和華果然將那全地交在我們手中；那地的一切居民在我們面前心都消化了。|zh
83|2|24|24|And they said to Joshua, Truly, the Lord has given all the land into our hands; and all the people of the land have become like water because of us.|en
84|3|1|1|約書亞清早起來，和以色列眾人都離開什亭，來到約但河，就住在那裡，等候過河。|zh
85|3|1|1|Then Joshua got up early in the morning, and, moving on from Shittim, he and all the children of Israel came to Jordan and were there for the night before going over.|en
86|3|2|2|過了三天，官長走遍營中，|zh
87|3|2|2|And at the end of three days, the men in authority over the people went through the tents,|en
88|3|3|3|吩咐百姓說：你們看見耶和華─你們神的約櫃，又見祭司利未人抬著，就要離開所住的地方，跟著約櫃去。|zh
89|3|3|3|Giving the people their orders, and saying, When you see the ark of the agreement of the Lord your God lifted up by the priests, the Levites, then get up from your places and go after it;|en
90|3|4|4|只是你們和約櫃相離要量二千肘，不可與約櫃相近，使你們知道所當走的路，因為這條路你們向來沒有走過。|zh
91|3|4|4|But let there be a space between you and it of about two thousand cubits: come no nearer to it, so that you may see the way you have to go, for you have not been over this way before.|en
92|3|5|5|約書亞吩咐百姓說：你們要自潔，因為明天耶和華必在你們中間行奇事。|zh
93|3|5|5|And Joshua said to the people, Make yourselves holy, for tomorrow the Lord will do works of wonder among you.|en
94|3|6|6|約書亞又吩咐祭司說：你們抬起約櫃，在百姓前頭過去。於是他們抬起約櫃，在百姓前頭走。|zh
95|3|6|6|Then Joshua said to the priests, Take up the ark of the agreement and go over in front of the people. So they took up the ark of the agreement and went in front of the people.|en
96|3|7|7|耶和華對約書亞說：從今日起，我必使你在以色列眾人眼前尊大，使他們知道我怎樣與摩西同在，也必照樣與你同在。|zh
97|3|7|7|And the Lord said to Joshua, From now on I will give you glory in the eyes of all Israel, so that they may see that, as I was with Moses, so I will be with you.|en
98|3|8|8|你要吩咐抬約櫃的祭司說：你們到了約但河的水邊上，就要在約但河水裡站住。|zh
99|3|8|8|And you are to give orders to the priests who take up the ark of the agreement, and say, When you come to the edge of the waters of Jordan, go no further.|en
100|3|9|9|約書亞對以色列人說：你們近前來，聽耶和華─你們神的話。|zh
101|3|9|9|And Joshua said to the children of Israel, Come to me here: and give ear to the words of the Lord your God.|en
102|3|10|10,11 |約書亞說：看哪，普天下主的約櫃必在你們前頭過去，到約但河裡，因此你們就知道在你們中間有永生神；並且他必在你們面前趕出迦南人、赫人、希未人、比利洗人、革迦撒人、亞摩利人、耶布斯人。|zh
103|3|10|10|And Joshua said, By this you will see that the living God is among you, and that he will certainly send out from before you the Canaanite and the Hittite and the Hivite and the Perizzite and the Girgashite and the Amorite and the Jebusite.|en
104|3|11|11|See, the ark of the agreement of the Lord of all the earth is going over before you into Jordan.|en
105|3|12|12|你們現在要從以色列支派中揀選十二個人，每支派一人，|zh
106|3|12|12|So take twelve men out of the tribes of Israel, a man from every tribe.|en
107|3|13|13|等到抬普天下主耶和華約櫃的祭司把腳站在約但河水裡，約但河的水，就是從上往下流的水，必然斷絕，立起成壘。|zh
108|3|13|13|And when the feet of the priests who take up the ark of the Lord, the Lord of all the earth, come to rest in the waters of Jordan, the waters of Jordan will be cut off, all the waters flowing down from higher up, and will come together in a mass.|en
109|3|14|14|百姓離開帳棚要過約但河的時候，抬約櫃的祭司乃在百姓的前頭。|zh
110|3|14|14|So when the people went out from their tents to go over Jordan, the priests who took up the ark of the agreement were in front of the people;|en
111|3|15|15|他們到了約但河，腳一入水（原來約但河水在收割的日子漲過兩岸），|zh
112|3|15|15|And when those who took up the ark came to Jordan, and the feet of the priests who took up the ark were touching the edge of the water (for the waters of Jordan are overflowing all through the time of the grain-cutting),|en
113|3|16|16|那從上往下流的水便在極遠之地、撒拉但旁的亞當城那裡停住，立起成壘；那往亞拉巴的海，就是鹽海，下流的水全然斷絕。於是百姓在耶利哥的對面過去了。|zh
114|3|16|16|Then the waters flowing down from higher up were stopped and came together in a mass a long way back at Adam, a town near Zarethan; and the waters flowing down to the sea of the Arabah, the Salt Sea, were cut off: and the people went across opposite Jericho.|en
115|3|17|17|抬耶和華約櫃的祭司在約但河中的乾地上站定，以色列眾人都從乾地上過去，直到國民盡都過了約但河。|zh
116|3|17|17|And the priests who took up the ark of the agreement of the Lord kept their places, with their feet on dry land in the middle of Jordan, while all Israel went over on dry land, till all the nation had gone over Jordan.|en
117|4|1|1|國民盡都過了約但河，耶和華就對約書亞說：|zh
118|4|1|1|Now when all the nation had come to the other side of Jordan, the Lord said to Joshua,|en
119|4|2|2|你從民中要揀選十二個人，每支派一人，|zh
120|4|2|2|Take twelve men from the people, a man for every tribe,|en
121|4|3|3|吩咐他們說：你們從這裡，從約但河中、祭司腳站定的地方，取十二塊石頭帶過去，放在你們今夜要住宿的地方。|zh
122|4|3|3|And say to them, Take up from the middle of Jordan, from the place where the feet of the priests were resting, twelve stones, and take them over with you and put them down in the place where you take your rest tonight.|en
123|4|4|4|於是，約書亞將他從以色列人中所預備的那十二個人，每支派一人，都召了來。|zh
124|4|4|4|So Joshua sent for the twelve men, whom he had ready, one man out of every tribe of the children of Israel,|en
125|4|5|5|對他們說：你們下約但河中，過到耶和華─你們神的約櫃前頭，按著以色列人十二支派的數目，每人取一塊石頭扛在肩上。|zh
126|4|5|5|And he said to them, Go over before the ark of the Lord your God into the middle of Jordan, and let every one of you take up a stone on his back, one for every tribe of the children of Israel:|en
127|4|6|6|這些石頭在你們中間可以作為證據。日後，你們的子孫問你們說：這些石頭是甚麼意思？|zh
128|4|6|6|So that this may be a sign among you; when your children say to you in time to come, What is the reason for these stones?|en
129|4|7|7|你們就對他們說：這是因為約但河的水在耶和華的約櫃前斷絕；約櫃過約但河的時候，約但河的水就斷絕了。這些石頭要作以色列人永遠的紀念。|zh
130|4|7|7|Then you will say to them, Because the waters of Jordan were cut off before the ark of the Lord's agreement; when it went over Jordan the waters of Jordan were cut off: and these stones will be a sign for the children of Israel, keeping it in their memory for ever.|en
131|4|8|8|以色列人就照約書亞所吩咐的，按著以色列人支派的數目，從約但河中取了十二塊石頭，都遵耶和華所吩咐約書亞的行了。他們把石頭帶過去，到他們所住宿的地方，就放在那裡。|zh
132|4|8|8|So the children of Israel did as Joshua gave them orders, and took twelve stones from the middle of Jordan, as the Lord had said to Joshua, one for every tribe of the children of Israel; these they took across with them to their night's resting-place and put them down there.|en
133|4|9|9|約書亞另把十二塊石頭立在約但河中，在抬約櫃的祭司腳站立的地方；直到今日，那石頭還在那裡。|zh
134|4|9|9|And Joshua put up twelve stones in the middle of Jordan, where the feet of the priests who took up the ark of the agreement had been placed: and there they are to this day.|en
135|4|10|10|抬約櫃的祭司站在約但河中，等到耶和華曉諭約書亞吩咐百姓的事辦完了，是照摩西所吩咐約書亞的一切話。於是百姓急速過去了。|zh
136|4|10|10|For the priests who took up the ark kept there in the middle of Jordan till all the orders given to Joshua by Moses from the Lord had been done: then the people went over quickly.|en
137|4|11|11|眾百姓盡都過了河，耶和華的約櫃和祭司就在百姓面前過去。|zh
138|4|11|11|And when all the people had come to the other side, the ark of the Lord went over, and the priests, before the eyes of the people.|en
139|4|12|12|流便人、迦得人、瑪拿西半支派的人都照摩西所吩咐他們的，帶著兵器在以色列人前頭過去。|zh
140|4|12|12|And the children of Reuben and the children of Gad and the half-tribe of Manasseh went over armed before the children of Israel as Moses had said to them:|en
141|4|13|13|約有四萬人都準備打仗，在耶和華面前過去，到耶利哥的平原，等候上陣。|zh
142|4|13|13|About forty thousand armed for war went over before the Lord to the fight, to the lowlands of Jericho.|en
143|4|14|14|當那日，耶和華使約書亞在以色列眾人眼前尊大。在他平生的日子，百姓敬畏他，像從前敬畏摩西一樣。|zh
144|4|14|14|That day the Lord made Joshua great in the eyes of all Israel; and all the days of his life they went in fear of him, as they had gone in fear of Moses.|en
145|4|15|15|耶和華曉諭約書亞說：|zh
146|4|15|15|Then the Lord said to Joshua,|en
147|4|16|16|你吩咐抬法櫃的祭司從約但河裡上來。|zh
148|4|16|16|Give orders to the priests who take up the ark of witness, to come up out of Jordan.|en
149|4|17|17|約書亞就吩咐祭司說：你們從約但河裡上來。|zh
150|4|17|17|So Joshua gave orders to the priests, saying, Come up now out of Jordan.|en
151|4|18|18|抬耶和華約櫃的祭司從約但河裡上來，腳掌剛落旱地，約但河的水就流到原處，仍舊漲過兩岸。|zh
152|4|18|18|And when the priests who took up the ark of the Lord's agreement came up out of Jordan and their feet came out on to dry land, the waters of Jordan went back to their place, overflowing its edges as before.|en
153|4|19|19|正月初十日，百姓從約但河裡上來，就在吉甲，在耶利哥的東邊安營。|zh
154|4|19|19|So on the tenth day of the first month the people came up out of Jordan, and put up their tents in Gilgal, on the east side of Jericho.|en
155|4|20|20|他們從約但河中取來的那十二塊石頭，約書亞就立在吉甲，|zh
156|4|20|20|And the twelve stones which they took out of Jordan, Joshua put up in Gilgal.|en
157|4|21|21|對以色列人說：日後你們的子孫問他們的父親說：這些石頭是甚麼意思？|zh
158|4|21|21|And he said to the children of Israel, When your children say to their fathers in time to come, What is the reason for these stones?|en
159|4|22|22|你們就告訴他們說：以色列人曾走乾地過這約但河；|zh
160|4|22|22|Then give your children the story, and say, Israel came over this river Jordan on dry land.|en
161|4|23|23|因為耶和華─你們的神在你們前面使約但河的水乾了，等著你們過來，就如耶和華─你們的　神從前在我們前面使紅海乾了，等著我們過來一樣，|zh
162|4|23|23|For the Lord your God made the waters of Jordan dry before you till you had gone across, as he did to the Red Sea, drying it up before us till we had gone across:|en
163|4|24|24|要使地上萬民都知道，耶和華的手大有能力，也要使你們永遠敬畏耶和華─你們的神。|zh
164|4|24|24|So that all the peoples of the earth may see that the hand of the Lord is strong; and that they may go in fear of the Lord your God for ever.|en
165|5|1|1|約但河西亞摩利人的諸王和靠海迦南人的諸王，聽見耶和華在以色列人前面使約但河的水乾了，等到我們過去，他們的心因以色列人的緣故就消化了，不再有膽氣。|zh
166|5|1|1|Now when the news came to all the kings of the Amorites on the west side of Jordan, and all the kings of the Canaanites living by the sea, how the Lord had made the waters of Jordan dry before the children of Israel, till they had gone across, their hearts became like water, and there was no more spirit in them, because of the children of Israel.|en
167|5|2|2|那時，耶和華吩咐約書亞說：你製造火石刀，第二次給以色列人行割禮。|zh
168|5|2|2|At that time the Lord said to Joshua, Make yourself stone knives and give the children of Israel circumcision a second time.|en
169|5|3|3|約書亞就製造了火石刀，在除皮山那裡給以色列人行割禮。|zh
170|5|3|3|So Joshua made stone knives and gave the children of Israel circumcision at Gibeath-ha-araloth.|en
171|5|4|4|約書亞行割禮的緣故，是因為從埃及出來的眾民，就是一切能打仗的男丁，出了埃及以後，都死在曠野的路上。|zh
172|5|4|4|And this is the reason why Joshua did so: all the males of the people who came out of Egypt, all the fighting-men, had been overtaken by death in the waste land on the way, after they came out of Egypt.|en
173|5|5|5|因為出來的眾民都受過割禮；惟獨出埃及以後、在曠野的路上所生的眾民都沒有受過割禮。|zh
174|5|5|5|All the people who came out had undergone circumcision; but all the people whose birth had taken place in the waste land on their journey from Egypt had not.|en
175|5|6|6|以色列人在曠野走了四十年，等到國民，就是出埃及的兵丁，都消滅了，因為他們沒有聽從耶和華的話。耶和華曾向他們起誓，必不容他們看見耶和華向他們列祖起誓、應許賜給我們的地，就是流奶與蜜之地。|zh
176|5|6|6|For the children of Israel were wandering in the waste land for forty years, till all the nation, that is, all the fighting-men, who had come out of Egypt, were dead, because they did not give ear to the voice of the Lord: to whom the Lord said, with an oath, that he would not let them see the land which the Lord had given his word to their fathers to give us, a land flowing with milk and honey.|en
177|5|7|7|他們的子孫，就是耶和華所興起來接續他們的，都沒有受過割禮；因為在路上沒有給他們行割禮，約書亞這才給他們行了。|zh
178|5|7|7|And their children, who came up in their place, now underwent circumcision by the hands of Joshua, not having had it before: for there had been no circumcision on the journey.|en
179|5|8|8|國民都受完了割禮，就住在營中自己的地方，等到痊愈了。|zh
180|5|8|8|So when all the nation had undergone circumcision, they kept in their tents till they were well again.|en
181|5|9|9|耶和華對約書亞說：我今日將埃及的羞辱從你們身上輥去了。因此，那地方名叫吉甲（吉甲就是輥的意思），直到今日。|zh
182|5|9|9|And the Lord said to Joshua, Today the shame of Egypt has been rolled away from you. So that place was named Gilgal, to this day.|en
183|5|10|10|以色列人在吉甲安營。正月十四日晚上，在耶利哥的平原守逾越節。|zh
184|5|10|10|So the children of Israel put up their tents in Gilgal; and they kept the Passover on the fourteenth day of the month, in the evening, in the lowlands of Jericho.|en
185|5|11|11|逾越節的次日，他們就吃了那地的出產；正當那日吃無酵餅和烘的穀。|zh
186|5|11|11|And on the day after the Passover, they had for their food the produce of the land, unleavened cakes and dry grain on the same day.|en
187|5|12|12|他們吃了那地的出產，第二日嗎哪就止住了，以色列人也不再有嗎哪了。那一年，他們卻吃迦南地的出產。|zh
188|5|12|12|And there was no more manna from the day after they had for their food the produce of the land; the children of Israel had manna no longer, but that year the produce of the land of Canaan was their food.|en
189|5|13|13|約書亞靠近耶利哥的時候，舉目觀看，不料，有一個人手裡有拔出來的刀，對面站立。約書亞到他那裡，問他說：你是幫助我們呢，是幫助我們敵人呢？|zh
190|5|13|13|Now when Joshua was near Jericho, lifting up his eyes he saw a man in front of him, with his sword uncovered in his hand: and Joshua went up to him and said, Are you for us or against us?|en
191|5|14|14|他回答說：不是的，我來是要作耶和華軍隊的元帥。約書亞就俯伏在地下拜，說：我主有甚麼話吩咐僕人。|zh
192|5|14|14|And he said, No; but I have come as captain of the armies of the Lord. Then Joshua, falling down with his face to the earth in worship, said, What has my lord to say to his servant?|en
193|5|15|15|耶和華軍隊的元帥對約書亞說：把你腳上的鞋脫下來，因為你所站的地方是聖的。約書亞就照著行了。|zh
194|5|15|15|And the captain of the Lord's army said to Joshua, Take off your shoes from your feet, for the place where you are is holy. And Joshua did so.|en
195|6|1|1|耶利哥的城門因以色列人就關得嚴緊，無人出入。|zh
196|6|1|1|(Now Jericho was all shut up because of the children of Israel: there was no going out or coming in.)|en
197|6|2|2|耶和華曉諭約書亞說：看哪，我已經把耶利哥和耶利哥的王，並大能的勇士，都交在你手中。|zh
198|6|2|2|And the Lord said to Joshua, See, I have given into your hands Jericho with its king and all its men of war.|en
199|6|3|3|你們的一切兵丁要圍繞這城，一日圍繞一次，六日都要這樣行。|zh
200|6|3|3|Now let all your fighting-men make a circle round the town, going all round it once. Do this for six days.|en
201|6|4|4|七個祭司要拿七個羊角走在約櫃前。到第七日，你們要繞城七次，祭司也要吹角。|zh
202|6|4|4|And let seven priests go before the ark with seven loud-sounding horns in their hands: on the seventh day you are to go round the town seven times, the priests blowing their horns.|en
203|6|5|5|他們吹的角聲拖長，你們聽見角聲，眾百姓要大聲呼喊，城牆就必塌陷，各人都要往前直上。|zh
204|6|5|5|And at the sound of a long note on the horns, let all the people give a loud cry; and the wall of the town will come down flat, and all the people are to go straight forward.|en
205|6|6|6|嫩的兒子約書亞召了祭司來，吩咐他們說：你們抬起約櫃來，要有七個祭司拿七個羊角走在耶和華的約櫃前；|zh
206|6|6|6|Then Joshua, the son of Nun, sent for the priests and said to them, Take up the ark of the agreement, and let seven priests take seven horns in their hands and go before the ark of the Lord.|en
207|6|7|7|又對百姓說：你們前去繞城，帶兵器的要走在耶和華的約櫃前。|zh
208|6|7|7|And he said to the people, Go forward, circling the town, and let the armed men go before the ark of the Lord.|en
209|6|8|8|約書亞對百姓說完了話，七個祭司拿七個羊角走在耶和華面前吹角；耶和華的約櫃在他們後面跟隨。|zh
210|6|8|8|So after Joshua had said this to the people, the seven priests with their seven horns went forward before the Lord, blowing on their horns: and the ark of the Lord's agreement went after them.|en
211|6|9|9|帶兵器的走在吹角的祭司前面，後隊隨著約櫃行。祭司一面走一面吹。|zh
212|6|9|9|And the armed men went before the priests who were blowing the horns, and the mass of the people went after the ark, blowing their horns.|en
213|6|10|10|約書亞吩咐百姓說：你們不可呼喊，不可出聲，連一句話也不可出你們的口，等到我吩咐你們呼喊的日子，那時才可以呼喊。|zh
214|6|10|10|And to the people Joshua gave an order, saying, You will give no cry, and make no sound, and let no word go out of your mouth till the day when I say, Give a loud cry; then give a loud cry.|en
215|6|11|11|這樣，他使耶和華的約櫃繞城，把城繞了一次；眾人回到營裡，就在營裡住宿。|zh
216|6|11|11|So he made the ark of the Lord go all round the town once: then they went back to the tents for the night.|en
217|6|12|12|約書亞清早起來，祭司又抬起耶和華的約櫃。|zh
218|6|12|12|And early in the morning Joshua got up, and the priests took up the ark of the Lord.|en
219|6|13|13|七個祭司拿七個羊角在耶和華的約櫃前，時常行走吹角；帶兵器的在他們前面走，後隊隨著耶和華的約櫃行。祭司一面走一面吹。|zh
220|6|13|13|And the seven priests with their seven horns went on before the ark of the Lord, blowing their horns: the armed men went before them, and the mass of the people went after the ark of the Lord, blowing their horns.|en
221|6|14|14|第二日，眾人把城繞了一次，就回營裡去。六日都是這樣行。|zh
222|6|14|14|The second day they went all round the town once, and then went back to their tents: and so they did for six days.|en
223|6|15|15|第七日清早，黎明的時候，他們起來，照樣繞城七次；惟獨這日把城繞了七次。|zh
224|6|15|15|Then on the seventh day they got up early, at the dawn of the day, and went round the town in the same way, but that day they went round it seven times.|en
225|6|16|16|到了第七次，祭司吹角的時候，約書亞吩咐百姓說：呼喊罷，因為耶和華已經把城交給你們了！|zh
226|6|16|16|And the seventh time, at the sound of the priests' horns, Joshua said to the people, Now give a loud cry; for the Lord has given you the town.|en
227|6|17|17|這城和其中所有的都要在耶和華面前毀滅；只有妓女喇合與他家中所有的可以存活，因為他隱藏了我們所打發的使者。|zh
228|6|17|17|And the town will be put to the curse, and everything in it will be given to the Lord: only Rahab, the loose woman, and all who are in the house with her, will be kept safe, because she kept secret the men we sent.|en
229|6|18|18|至於你們，務要謹慎，不可取那當滅的物，恐怕你們取了那當滅的物就連累以色列的全營，使全營受咒詛。|zh
230|6|18|18|And as for you, keep yourselves from the cursed thing, for fear that you may get a desire for it and take some of it for yourselves, and so be the cause of a curse and great trouble on the tents of Israel.|en
231|6|19|19|惟有金子、銀子，和銅鐵的器皿都要歸耶和華為聖，必入耶和華的庫中。|zh
232|6|19|19|But all the silver and gold and the vessels of brass and iron are holy to the Lord: they are to come into the store-house of the Lord.|en
233|6|20|20|於是百姓呼喊，祭司也吹角。百姓聽見角聲，便大聲呼喊，城牆就塌陷，百姓便上去進城，各人往前直上，將城奪取。|zh
234|6|20|20|So the people gave a loud cry, and the horns were sounded; and on hearing the horns the people gave a loud cry, and the wall came down flat, so that the people went up into the town, every man going straight before him, and they took the town.|en
235|6|21|21|又將城中所有的，不拘男女老少，牛羊和驢，都用刀殺盡。|zh
236|6|21|21|And they put everything in the town to the curse; men and women, young and old, ox and sheep and ass, they put to death without mercy.|en
237|6|22|22|約書亞吩咐窺探地的兩個人說：你們進那妓女的家，照著你們向他所起的誓，將那女人和他所有的都從那裡帶出來。|zh
238|6|22|22|Then Joshua said to the two men who had been sent to make a search through the land, Go into the house of the loose woman, and get her out, and all who are with her, as you gave her your oath.|en
239|6|23|23|當探子的兩個少年人就進去，將喇合與他的父母、弟兄，和他所有的，並他一切的親眷，都帶出來，安置在以色列的營外。|zh
240|6|23|23|So the searchers went in and got out Rahab and her father and mother and her brothers and all she had, and they got out all her family; and they took them outside the tents of Israel.|en
241|6|24|24|眾人就用火將城和其中所有的焚燒了；惟有金子、銀子，和銅鐵的器皿都放在耶和華殿的庫中。|zh
242|6|24|24|Then, after burning up the town and everything in it, they put the silver and gold and the vessels of brass and iron into the store-house of the Lord's house.|en
243|6|25|25|約書亞卻把妓女喇合與他父家，並他所有的，都救活了；因為他隱藏了約書亞所打發窺探耶利哥的使者，他就住在以色列中，直到今日。|zh
244|6|25|25|But Joshua kept Rahab, the loose woman, and her father's family and all she had, from death, and so she got a living-place among the children of Israel to this day; because she kept safe the men whom Joshua had sent to make a search through the land.|en
245|6|26|26|當時，約書亞叫眾人起誓說：有興起重修這耶利哥城的人，當在耶和華面前受咒詛。他立根基的時候，必喪長子，安門的時候，必喪幼子。|zh
246|6|26|26|Then Joshua gave the people orders with an oath, saying, Let that man be cursed before the Lord who puts his hand to the building up of this town: with the loss of his first son will he put the first stone of it in place, and with the loss of his youngest son he will put up its doors.|en
247|6|27|27|耶和華與約書亞同在，約書亞的聲名傳揚遍地。|zh
248|6|27|27|So the Lord was with Joshua; and news of him went through all the land.|en
249|7|1|1|以色列人在當滅的物上犯了罪；因為猶大支派中，謝拉的曾孫，撒底的孫子，迦米的兒子亞干取了當滅的物；耶和華的怒氣就向以色列人發作。|zh
250|7|1|1|But the children of Israel did wrong about the cursed thing: for Achan, the son of Carmi, the son of Zabdi, the son of Zerah, of the family of Judah, took of the cursed thing, moving the Lord to wrath against the children of Israel.|en
251|7|2|2|當下，約書亞從耶利哥打發人往伯特利東邊、靠近伯亞文的艾城去，吩咐他們說：你們上去窺探那地。他們就上去窺探艾城。|zh
252|7|2|2|Now Joshua sent men from Jericho to Ai, which is by the side of Beth-aven, on the east side of Beth-el, and said to them, Go up and make a search through the land. And the men went up and saw how Ai was placed.|en
253|7|3|3|他們回到約書亞那裡，對他說：眾民不必都上去，只要二三千人上去就能攻取艾城；不必勞累眾民都去，因為那裡的人少。|zh
254|7|3|3|Then they came back to Joshua and said to him, Do not send all the people up, but let about two or three thousand men go up and make an attack on Ai; there is no need for all the people to be tired with the journey there, for it is only a small town.|en
255|7|4|4|於是民中約有三千人上那裡去，竟在艾城人面前逃跑了。|zh
256|7|4|4|So about three thousand of the people went up, and were sent in flight by the men of Ai.|en
257|7|5|5|艾城的人擊殺了他們三十六人，從城門前追趕他們，直到示巴琳，在下坡殺敗他們；眾民的心就消化如水。|zh
258|7|5|5|The men of Ai put to death about thirty-six of them, driving them from before the town as far as the stoneworks, and overcoming them on the way down: and the hearts of the people became like water.|en
259|7|6|6|約書亞便撕裂衣服；他和以色列的長老把灰撒在頭上，在耶和華的約櫃前俯伏在地，直到晚上。|zh
260|7|6|6|Then Joshua, in great grief, went down on the earth before the ark of the Lord till the evening, and all the chiefs of Israel with him, and they put dust on their heads.|en
261|7|7|7|約書亞說：哀哉！主耶和華阿，你為甚麼竟領這百姓過約但河，將我們交在亞摩利人的手中，使我們滅亡呢？我們不如住在約但河那邊倒好。|zh
262|7|7|7|And Joshua said, O Lord God, why have you taken us over Jordan only to give us up into the hands of the Amorites for our destruction? If only it had been enough for us to keep on the other side of Jordan!|en
263|7|8|8|主阿，以色列人既在仇敵面前轉背逃跑，我還有甚麼可說的呢？|zh
264|7|8|8|O Lord, what am I to say now that Israel have given way before their attackers?|en
265|7|9|9|迦南人和這地一切的居民聽見了就必圍困我們，將我們的名從地上除滅。那時你為你的大名要怎樣行呢？|zh
266|7|9|9|For when the news comes to the Canaanites and all the people of the land, they will come up, shutting us in and cutting off our name from the earth: and what will you do for the honour of your great name?|en
267|7|10|10|耶和華吩咐約書亞說：起來！你為何這樣俯伏在地呢？|zh
268|7|10|10|Then the Lord said to Joshua, Get up; what are you doing with your face to the earth?|en
269|7|11|11|以色列人犯了罪，違背了我所吩咐他們的約，取了當滅的物；又偷竊，又行詭詐，又把那當滅的放在他們的家具裡。|zh
270|7|11|11|Israel has done wrong, sinning against the agreement which I made with them: they have even taken of the cursed thing; acting falsely like thieves they have put it among their goods.|en
271|7|12|12|因此，以色列人在仇敵面前站立不住。他們在仇敵面前轉背逃跑，是因成了被咒詛的；你們若不把當滅的物從你們中間除掉，我就不再與你們同在了。|zh
272|7|12|12|For this reason the children of Israel have given way, turning their backs in flight before their attackers, because they are cursed: I will no longer be with you, if you do not put the cursed thing away from among you.|en
273|7|13|13|你起來，叫百姓自潔，對他們說：你們要自潔，預備明天，因為耶和華─以色列的神這樣說：以色列阿，你們中間有當滅的物，你們若不除掉，在仇敵面前必站立不住！|zh
274|7|13|13|Up! make the people holy; say to them, Make yourselves holy before tomorrow, for the Lord, the God of Israel, has said, There is a cursed thing among you, O Israel, and you will give way before your attackers in the fight till the cursed thing has been taken away from among you.|en
275|7|14|14|到了早晨，你們要按著支派近前來；耶和華所取的支派，要按著宗族近前來；耶和華所取的宗族，要按著家室近前來；耶和華所取的家室，要按著人丁，一個一個的近前來。|zh
276|7|14|14|So in the morning you are to come near, tribe by tribe; and the tribe marked out by the Lord is to come near, family by family; and the family marked out by the Lord is to come near, house by house; and the house marked out by the Lord is to come near, man by man.|en
277|7|15|15|被取的人有當滅的物在他那裡，他和他所有的必被火焚燒；因他違背了耶和華的約，又因他在以色列中行了愚妄的事。|zh
278|7|15|15|Then the man who is taken with the cursed thing is to be burned, with everything which is his; because he has gone against the agreement of the Lord and has done an act of shame in Israel.|en
279|7|16|16|於是，約書亞清早起來，使以色列人按著支派近前來，取出來的是猶大支派；|zh
280|7|16|16|So Joshua got up early in the morning, and made Israel come before him by their tribes; and the tribe of Judah was taken;|en
281|7|17|17|使猶大支派（原文是宗族）近前來，就取了謝拉的宗族；使謝拉的宗族，按著家室人丁，一個一個的近前來，取出來的是撒底；|zh
282|7|17|17|Then he made Judah come forward, and the family of the Zerahites was taken; and he made the family of the Zerahites come forward man by man; and Zabdi was taken;|en
283|7|18|18|使撒底的家室，按著人丁，一個一個的近前來，就取出猶大支派的人謝拉的曾孫，撒底的孫子，迦米的兒子亞干。|zh
284|7|18|18|Then the house of Zabdi came forward man by man, and Achan, the son of Carmi, the son of Zabdi, the son of Zerah, of the tribe of Judah, was taken.|en
285|7|19|19|約書亞對亞干說：我兒，我勸你將榮耀歸給耶和華─以色列的神，在他面前認罪，將你所做的事告訴我，不要向我隱瞞。|zh
286|7|19|19|And Joshua said to Achan, My son, give glory and praise to the Lord, the God of Israel; give me word now of what you have done, and keep nothing back from me.|en
287|7|20|20|亞干回答約書亞說：我實在得罪了耶和華─以色列的神。我所做的事如此如此：|zh
288|7|20|20|And Achan, answering, said to Joshua, Truly I have done wrong against the Lord, the God of Israel, and this is what I have done:|en
289|7|21|21|我在所奪的財物中看見一件美好的示拿衣服，二百舍客勒銀子，一條金子重五十舍客勒，我就貪愛這些物件，便拿去了。現今藏在我帳棚內的地裡，銀子在衣服底下。|zh
290|7|21|21|When I saw among their goods a fair robe of Babylon and two hundred shekels of silver, and a mass of gold, fifty shekels in weight, I was overcome by desire and took them; and they are put away in the earth in my tent, and the silver is under it.|en
291|7|22|22|約書亞就打發人跑到亞干的帳棚裡。那件衣服果然藏在他帳棚內，銀子在底下。|zh
292|7|22|22|So Joshua sent men quickly, and looking in his tent, they saw where the robe had been put away secretly with the silver under it.|en
293|7|23|23|他們就從帳棚裡取出來，拿到約書亞和以色列眾人那裡，放在耶和華面前。|zh
294|7|23|23|And they took them from the tent and came back with them to Joshua and the children of Israel, and put them before the Lord.|en
295|7|24|24|約書亞和以色列眾人把謝拉的曾孫亞干和那銀子、那件衣服、那條金子，並亞干的兒女、牛、驢、羊、帳棚，以及他所有的，都帶到亞割谷去。|zh
296|7|24|24|Then Joshua and all Israel took Achan, the son of Zerah, and the silver and the robe and the mass of gold, and his sons and his daughters and his oxen and his asses and his sheep and his tent and everything he had; and they took them up into the valley of Achor.|en
297|7|25|25|約書亞說：你為甚麼連累我們呢？今日耶和華必叫你受連累。於是以色列眾人用石頭打死他，將石頭扔在其上，又用火焚燒他所有的（他所有的原文作他們）。|zh
298|7|25|25|And Joshua said, Why have you been a cause of trouble to us? Today the Lord will send trouble on you. And all Israel took part in stoning him; they had him stoned to death and then burned with fire.|en
299|7|26|26|眾人在亞干身上堆成一大堆石頭，直存到今日。於是耶和華轉意，不發他的烈怒。因此那地方名叫亞割谷（亞割就是連累的意思），直到今日。|zh
300|7|26|26|And over him they put a great mass of stones, which is there to this day; then the heat of the Lord's wrath was turned away. So that place was named, The Valley of Achor, to this day.|en
301|8|1|1|耶和華對約書亞說：不要懼怕，也不要驚惶。你起來，率領一切兵丁上艾城去，我已經把艾城的王和他的民、他的城，並他的地，都交在你手裡。|zh
302|8|1|1|Then the Lord said to Joshua, Have no fear and do not be troubled: take with you all the fighting-men and go up against Ai: for I have given into your hands the king of Ai and his people and his town and his land:|en
303|8|2|2|你怎樣待耶利哥和耶利哥的王，也當照樣待艾城和艾城的王。只是城內所奪的財物和牲畜，你們可以取為自己的掠物。你要在城後設下伏兵。|zh
304|8|2|2|And you are to do to Ai and its king as you did to Jericho and its king: but their goods and their cattle you may take for yourselves: let a secret force be stationed to make a surprise attack on the town from the back.|en
305|8|3|3|於是，約書亞和一切兵丁都起來，要上艾城去。約書亞選了三萬大能的勇士，夜間打發他們前往，|zh
306|8|3|3|So Joshua and the fighting-men got ready to go up against Ai; and Joshua took thirty thousand men of war, and sent them out by night.|en
307|8|4|4|吩咐他們說：你們要在城後埋伏，不可離城太遠，都要各自準備。|zh
308|8|4|4|And he gave them their orders, saying, Go and take up your position secretly at the back of the town: do not go very far away, and let all of you be ready:|en
309|8|5|5|我與我所帶領的眾民要向城前往。城裡的人像初次出來攻擊我們的時候，我們就在他們面前逃跑，|zh
310|8|5|5|And I and all the people with me will come near the town, and when they come out against us as they did before, we will go in flight from them;|en
311|8|6|6|他們必出來追趕我們，直到我們引誘他們離開城；因為他們必說：這些人像初次在我們面前逃跑。所以我們要在他們面前逃跑，|zh
312|8|6|6|And they will come out after us, till we have got them away from the town; for they will say, They have gone in flight from us as before; so we will go in flight before them;|en
313|8|7|7|你們就從埋伏的地方起來，奪取那城，因為耶和華─你們的神必把城交在你們手裡。|zh
314|8|7|7|Then you will get up from your secret position and take the town, for the Lord your God will give it up into your hands.|en
315|8|8|8|你們奪了城以後，就放火燒城，要照耶和華的話行。這是我吩咐你們的。|zh
316|8|8|8|And when you have taken the town, put fire to it, as the Lord has said: see, I have given you your orders.|en
317|8|9|9|約書亞打發他們前往，他們就上埋伏的地方去，住在伯特利和艾城的中間，就是在艾城的西邊。這夜約書亞卻在民中住宿。|zh
318|8|9|9|So Joshua sent them out: and they took up a secret position between Beth-el and Ai, on the west side of Ai: but Joshua kept with the people that night.|en
319|8|10|10|約書亞清早起來，點齊百姓，他和以色列的長老在百姓前面上艾城去。|zh
320|8|10|10|And early in the morning Joshua got up, and put the people in order, and he and the chiefs of Israel went up before the people to Ai.|en
321|8|11|11|眾民，就是他所帶領的兵丁，都上去，向前直往，來到城前，在艾城北邊安營。在約書亞和艾城中間有一山谷。|zh
322|8|11|11|And all the fighting-men who were with him went up and came near the town, and took up a position on the north side of Ai facing the town, with a valley between him and the town.|en
323|8|12|12|他挑了約有五千人，使他們埋伏在伯特利和艾城的中間，就是在艾城的西邊，|zh
324|8|12|12|And taking about five thousand men, he put them in position for a surprise attack on the west side of Ai, between Beth-el and Ai.|en
325|8|13|13|於是安置了百姓，就是城北的全軍和城西的伏兵。這夜約書亞進入山谷之中。|zh
326|8|13|13|So all the people were in their places, the army on the north side of the town and the secret force on the west; and that night Joshua went down into the valley.|en
327|8|14|14|艾城的王看見這景況，就和全城的人，清早急忙起來，按所定的時候，出到亞拉巴前，要與以色列人交戰；王卻不知道在城後有伏兵。|zh
328|8|14|14|Now when the king of Ai saw it, he got up quickly and went out to war against Israel, he and all his people, to the slope going down to the valley; but he had no idea that a secret force was waiting at the back of the town.|en
329|8|15|15|約書亞和以色列眾人在他們面前裝敗，往那通曠野的路逃跑。|zh
330|8|15|15|Then Joshua and all Israel, acting as if they were overcome before them, went in flight by way of the waste land.|en
331|8|16|16|城內的眾民都被招聚，追趕他們；艾城人追趕的時候，就被引誘離開城。|zh
332|8|16|16|And all the people in Ai came together to go after them; and they went after Joshua, moving away from the town.|en
333|8|17|17|艾城和伯特利城沒有一人不出來追趕以色列人的，撇了敞開的城門，去追趕以色列人。|zh
334|8|17|17|There was not a man in Ai and Beth-el who did not go out after Israel; and the town was open and unwatched while they went after Israel.|en
335|8|18|18|耶和華吩咐約書亞說：你向艾城伸出手裡的短鎗，因為我要將城交在你手裡。約書亞就向城伸出手裡的短鎗。|zh
336|8|18|18|And the Lord said to Joshua, Let your spear be stretched out against Ai; for I will give it into your hands. So Joshua took up his spear, stretching it out in the direction of the town.|en
337|8|19|19|他一伸手，伏兵就從埋伏的地方急忙起來，奪了城，跑進城去，放火焚燒。|zh
338|8|19|19|Then the secret force came quickly from their place, and running forward when they saw his hand stretched out, went into the town and took it, and put fire to it straight away.|en
339|8|20|20|艾城的人回頭一看，不料，城中煙氣沖天，他們就無力向左向右逃跑。那往曠野逃跑的百姓便轉身攻擊追趕他們的人。|zh
340|8|20|20|Then the men of Ai, looking back, saw the smoke of the town going up to heaven, and were unable to go this way or that: and the people who had gone in flight to the waste land were turned back on those who were coming after them.|en
341|8|21|21|約書亞和以色列眾人見伏兵已經奪了城，城中煙氣飛騰，就轉身回去，擊殺艾城的人。|zh
342|8|21|21|And when Joshua and all Israel saw that the town had been taken by the surprise attack, and that the smoke of the town had gone up, turning round they overcame the men of Ai.|en
343|8|22|22|伏兵也出城迎擊艾城人，艾城人就困在以色列人中間，前後都是以色列人。於是以色列人擊殺他們，沒有留下一個，也沒有一個逃脫的，|zh
344|8|22|22|Then the other force came out of the town against them, so that they were being attacked on this side and on that: and Israel overcame them and let not one of them get away with his life.|en
345|8|23|23|生擒了艾城的王，將他解到約書亞那裡。|zh
346|8|23|23|But the king of Ai they made prisoner, and took him to Joshua.|en
347|8|24|24|以色列人在田間和曠野殺盡所追趕一切艾城的居民。艾城人倒在刀下，直到滅盡；以色列眾人就回到艾城，用刀殺了城中的人。|zh
348|8|24|24|Then, after the destruction of all the people of Ai in the field and in the waste land where they went after them, and when all the people had been put to death without mercy, all Israel went back to Ai, and put to death all who were in it without mercy.|en
349|8|25|25|當日殺斃的人，連男帶女共有一萬二千，就是艾城所有的人。|zh
350|8|25|25|On that day twelve thousand were put to death, men and women, all the people of Ai.|en
351|8|26|26|約書亞沒有收回手裡所伸出來的短鎗，直到把艾城的一切居民盡行殺滅。|zh
352|8|26|26|For Joshua did not take back his hand with the outstretched spear till the destruction of the people of Ai was complete.|en
353|8|27|27|惟獨城中的牲畜和財物，以色列人都取為自己的掠物，是照耶和華所吩咐約書亞的話。|zh
354|8|27|27|But the cattle and the goods from that town, Israel took for themselves, as the Lord had given orders to Joshua.|en
355|8|28|28|約書亞將艾城焚燒，使城永為高堆、荒場，直到今日；|zh
356|8|28|28|So Joshua gave Ai to the flames, and made it a waste mass of stones for ever, as it is to this day.|en
357|8|29|29|又將艾城王掛在樹上，直到晚上。日落的時候，約書亞吩咐人把屍首從樹上取下來，丟在城門口，在屍首上堆成一大堆石頭，直存到今日。|zh
358|8|29|29|And he put the king of Ai to death, hanging him on a tree till evening: and when the sun went down, Joshua gave them orders to take his body down from the tree, and put it in the public place of the town, covering it with a great mass of stones, which is there to this day.|en
359|8|30|30|那時，約書亞在以巴路山上為耶和華─以色列的神築一座壇，|zh
360|8|30|30|Then Joshua put up an altar to the Lord, the God of Israel, in Mount Ebal,|en
361|8|31|31|是用沒有動過鐵器的整石頭築的，照著耶和華僕人摩西所吩咐以色列人的話，正如摩西律法書上所寫的。眾人在這壇上給耶和華奉獻燔祭和平安祭。|zh
362|8|31|31|In the way ordered by Moses, the servant of the Lord, as it is recorded in the book of the law of Moses, an altar of uncut stones, untouched by any iron instrument: and on it they made burned offerings and peace-offerings to the Lord.|en
363|8|32|32|約書亞在那裡，當著以色列人面前，將摩西所寫的律法抄寫在石頭上。|zh
364|8|32|32|And he made there on the stones a copy of the law of Moses, writing it before the eyes of the children of Israel.|en
365|8|33|33|以色列眾人，無論是本地人、是寄居的，和長老、官長，並審判官，都站在約櫃兩旁，在抬耶和華約櫃的祭司利未人面前，一半對著基利心山，一半對著以巴路山，為以色列民祝福，正如耶和華僕人摩西先前所吩咐的。|zh
366|8|33|33|And all Israel, those who were Israelites by birth, as well as the men from other lands living with them, and their responsible men and their overseers and judges, took their places round the ark, in front of the priests, the Levites, whose work it was to take up the ark of the Lord's agreement; half of them were stationed in front of Mount Gerizim and half in front of Mount Ebal, in agreement with the orders for the blessing of the children of Israel which Moses, the servant of the Lord, had given.|en
367|8|34|34|隨後，約書亞將律法上祝福、咒詛的話，照著律法書上一切所寫的，都宣讀了一遍。|zh
368|8|34|34|And after, he gave them all the words of the law, the blessing and the curse, as it is all recorded in the book of the law;|en
369|8|35|35|摩西所吩咐的一切話，約書亞在以色列全會眾和婦女、孩子，並他們中間寄居的外人面前，沒有一句不宣讀的。|zh
370|8|35|35|Reading to all the meeting of Israel, with the women and the children and the men from other lands who were living among them, every word of the orders which Moses had given.|en
371|9|1|1|約但河西，住山地、高原，並對著利巴嫩山沿大海一帶的諸王，就是赫人、亞摩利人、迦南人、比利洗人、希未人、耶布斯人的諸王，聽見這事，|zh
372|9|1|1|Now on hearing the news of these things, all the kings on the west side of Jordan, in the hill-country and the lowlands and by the Great Sea in front of Lebanon, the Hittites and the Amorites, the Canaanites, the Perizzites, the Hivites, and the Jebusites,|en
373|9|2|2|就都聚集，同心合意的要與約書亞和以色列人爭戰。|zh
374|9|2|2|Came together with one purpose, to make war against Joshua and Israel.|en
375|9|3|3|基遍的居民聽見約書亞向耶利哥和艾城所行的事，|zh
376|9|3|3|And the men of Gibeon, hearing what Joshua had done to Jericho and Ai,|en
377|9|4|4|就設詭計，假充使者，拿舊口袋和破裂縫補的舊皮酒袋馱在驢上，|zh
378|9|4|4|Acting with deceit, got food together as if for a long journey; and took old food-bags for their asses, and old and cracked wine-skins kept together with cord;|en
379|9|5|5|將補過的舊鞋穿在腳上，把舊衣服穿在身上；他們所帶的餅都是乾的，長了霉了。|zh
380|9|5|5|And put old stitched-up shoes on their feet, and old clothing on their backs; and all the food they had with them was dry and broken up.|en
381|9|6|6|他們到吉甲營中見約書亞，對他和以色列人說：我們是從遠方來的，現在求你與我們立約。|zh
382|9|6|6|And they came to Joshua to the tent-circle at Gilgal, and said to him and to the men of Israel, We have come from a far country: so now make an agreement with us.|en
383|9|7|7|以色列人對這些希未人說：只怕你們是住在我們中間的；若是這樣，怎能和你們立約呢？|zh
384|9|7|7|And the men of Israel said to the Hivites, It may be that you are living among us; how then may we make an agreement with you?|en
385|9|8|8|他們對約書亞說：我們是你的僕人。約書亞問他們說：你們是甚麼人？是從那裡來的？|zh
386|9|8|8|And they said to Joshua, We are your servants. Then Joshua said to them, Who are you and where do you come from?|en
387|9|9|9|他們回答說：僕人從極遠之地而來，是因聽見耶和華─你神的名聲和他在埃及所行的一切事，|zh
388|9|9|9|And they said to him, Your servants have come from a very far country, because of the name of the Lord your God: for the story of his great name, and of all he did in Egypt has come to our ears,|en
389|9|10|10|並他向約但河東的兩個亞摩利王，就是希實本王西宏和在亞斯他錄的巴珊王噩一切所行的事。|zh
390|9|10|10|And what he did to the two kings of the Amorites east of Jordan, to Sihon, king of Heshbon, and to Og, king of Bashan, at Ashtaroth.|en
391|9|11|11|我們的長老和我們那地的一切居民對我們說：你們手裡要帶著路上用的食物去迎接以色列人，對他們說：我們是你們的僕人；現在求你們與我們立約。|zh
392|9|11|11|So the responsible men and all the people of our country said to us, Take food with you for the journey and go to them, and say to them, We are your servants: so now make an agreement with us.|en
393|9|12|12|我們出來要往你們這裡來的日子，從家裡帶出來的這餅還是熱的；看哪，現在都乾了，長了霉了。|zh
394|9|12|12|This bread which we have with us for our food, we took warm and new from our houses when starting on our journey to you; but now see, it has become dry and broken up.|en
395|9|13|13|這皮酒袋，我們盛酒的時候還是新的；看哪，現在已經破裂。我們這衣服和鞋，因為道路甚遠，也都穿舊了。|zh
396|9|13|13|And these wine-skins were new when we put the wine in them, and now they are cracked as you see; and our clothing and our shoes have become old because of our very long journey here.|en
397|9|14|14|以色列人受了他們些食物，並沒有求問耶和華。|zh
398|9|14|14|And the men took some of their food, without requesting directions from the Lord.|en
399|9|15|15|於是約書亞與他們講和，與他們立約，容他們活著；會眾的首領也向他們起誓。|zh
400|9|15|15|So Joshua made peace with them, and made an agreement with them that they were not to be put to death: and the chiefs of the people took an oath to them.|en
401|9|16|16|以色列人與他們立約之後，過了三天才聽見他們是近鄰，住在以色列人中間的。|zh
402|9|16|16|Now three days after, when they had made this agreement with them, they had word that these men were their neighbours, living near them.|en
403|9|17|17|以色列人起行，第三天到了他們的城邑，就是基遍、基非拉、比錄、基列耶琳。|zh
404|9|17|17|And the children of Israel went forward on their journey, and on the third day came to their towns. Now their towns were Gibeon and Chephirah and Beeroth and Kiriath-jearim.|en
405|9|18|18|因為會眾的首領已經指著耶和華─以色列的神向他們起誓，所以以色列人不擊殺他們；全會眾就向首領發怨言。|zh
406|9|18|18|And the children of Israel did not put them to death, because the chiefs of the people had taken an oath to them by the Lord, the God of Israel. And all the people made an outcry against the chiefs.|en
407|9|19|19|眾首領對全會眾說：我們已經指著耶和華─以色列的神向他們起誓，現在我們不能害他們。|zh
408|9|19|19|But all the chiefs said to the people, We have taken an oath to them by the Lord, the God of Israel, and so we may not put our hands on them.|en
409|9|20|20|我們要如此待他們，容他們活著，免得有忿怒因我們所起的誓臨到我們身上。|zh
410|9|20|20|This is what we will do to them: we will not put them to death, for fear that wrath may come on us because of our oath to them.|en
411|9|21|21|首領又對會眾說：要容他們活著。於是他們為全會眾作了劈柴挑水的人，正如首領對他們所說的話。|zh
412|9|21|21|Keep them living, and let them be servants, cutting wood and getting water for all the people. And all the people did as the chiefs had said to them.|en
413|9|22|22|約書亞召了他們來，對他們說：為甚麼欺哄我們說我們離你們甚遠呢？其實你們是住在我們中間。|zh
414|9|22|22|Then Joshua sent for them, and said to them, Why have you been false to us, saying, We are very far from you, when you are living among us?|en
415|9|23|23|現在你們是被咒詛的！你們中間的人必斷不了作奴僕，為我神的殿作劈柴挑水的人。|zh
416|9|23|23|Now because of this you are cursed, and you will for ever be our servants, cutting wood and getting water for the house of my God.|en
417|9|24|24|他們回答約書亞說：因為有人實在告訴你的僕人，耶和華─你的神曾吩咐他的僕人摩西，把這全地賜給你們，並在你們面前滅絕這地的一切居民，所以我們為你們的緣故甚怕喪命，就行了這事。|zh
418|9|24|24|And, answering Joshua, they said, Because it came to the ears of your servants that the Lord your God had given orders to his servant Moses to give you all this land, and to send destruction on all the people living in it, because of you; so, fearing greatly for our lives because of you, we have done this.|en
419|9|25|25|現在我們在你手中，你以怎樣待我們為善為正，就怎樣做罷！|zh
420|9|25|25|And now we are in your hands: do to us whatever seems good and right to you.|en
421|9|26|26|於是約書亞這樣待他們，救他們脫離以色列人的手，以色列人就沒有殺他們。|zh
422|9|26|26|So he kept them safe from the children of Israel, and did not let them be put to death.|en
423|9|27|27|當日約書亞使他們在耶和華所要選擇的地方，為會眾和耶和華的壇作劈柴挑水的人，直到今日。|zh
424|9|27|27|And that day Joshua made them servants, cutting wood and getting water for the people and for the altar of the Lord, in the place marked out by him, to this day.|en
425|10|1|1|耶路撒冷王亞多尼洗德聽見約書亞奪了艾城，盡行毀滅，怎樣待耶利哥和耶利哥的王，也照樣待艾城和艾城的王，又聽見基遍的居民與以色列人立了和約，住在他們中間，|zh
426|10|1|1|Now when it came to the ears of Adoni-zedek, king of Jerusalem, that Joshua had taken Ai, and had given it up to the curse (for as he had done to Jericho and its king, so he had done to Ai and its king); and that the people of Gibeon had made peace with Israel and were living among them;|en
427|10|2|2|就甚懼怕；因為基遍是一座大城，如都城一般，比艾城更大，並且城內的人都是勇士。|zh
428|10|2|2|He was in great fear, because Gibeon was a great town, like one of the king's towns, greater than Ai, and all the men in it were men of war.|en
429|10|3|3|所以耶路撒冷王亞多尼洗德打發人去見希伯崙王何咸、耶末王毘蘭、拉吉王雅非亞，和伊磯倫王底璧，說：|zh
430|10|3|3|So Adoni-zedek, king of Jerusalem, sent to Hoham, king of Hebron, and to Piram, king of Jarmuth, and to Japhia, king of Lachish, and to Debir, king of Eglon, saying,|en
431|10|4|4|求你們上來幫助我，我們好攻打基遍，因為他們與約書亞和以色列人立了和約。|zh
432|10|4|4|Come up to me and give me help, and let us make an attack on Gibeon: for they have made peace with Joshua and the children of Israel.|en
433|10|5|5|於是五個亞摩利王，就是耶路撒冷王、希伯崙王、耶末王、拉吉王、伊磯倫王，大家聚集，率領他們的眾軍上去，對著基遍安營，攻打基遍。|zh
434|10|5|5|So the five kings of the Amorites, the king of Jerusalem, the king of Hebron, the king of Jarmuth, the king of Lachish, and the king of Eglon, were banded together, and went up with all their armies and took up their position before Gibeon and made war against it.|en
435|10|6|6|基遍人就打發人往吉甲的營中去見約書亞，說：你不要袖手不顧你的僕人，求你速速上來拯救我們，幫助我們，因為住山地亞摩利人的諸王都聚集攻擊我們。|zh
436|10|6|6|And the men of Gibeon sent to Joshua to the tent-circle at Gilgal, saying, Be not slow to send help to your servants; come up quickly to our support and keep us safe: for all the kings of the Amorites from the hill-country have come together against us.|en
437|10|7|7|於是約書亞和他一切兵丁，並大能的勇士，都從吉甲上去。|zh
438|10|7|7|So Joshua went up from Gilgal with all his army and all his men of war.|en
439|10|8|8|耶和華對約書亞說：不要怕他們；因為我已將他們交在你手裡，他們無一人能在你面前站立得住。|zh
440|10|8|8|And the Lord said to Joshua, Have no fear of them, for I have given them into your hands; they will all give way before you.|en
441|10|9|9|約書亞就終夜從吉甲上去，猛然臨到他們那裡。|zh
442|10|9|9|So Joshua, having come up from Gilgal all night, made a sudden attack on them.|en
443|10|10|10|耶和華使他們在以色列人面前潰亂。約書亞在基遍大大的殺敗他們，追趕他們，在伯和崙的上坡路擊殺他們，直到亞西加和瑪基大。|zh
444|10|10|10|And the Lord made them full of fear before Israel, and they put great numbers of them to death at Gibeon, and went after them by the way going up to Beth-horon, driving them back to Azekah and Makkedah|en
445|10|11|11|他們在以色列人面前逃跑，正在伯和崙下坡的時候，耶和華從天上降大冰雹在他們身上，（冰雹原文作石頭）直降到亞西加，打死他們。被冰雹打死的，比以色列人用刀殺死的還多。|zh
446|10|11|11|And in their flight before Israel, on the way down from Beth-horon, the Lord sent down great stones from heaven on them all the way to Azekah, causing their death: those whose death was caused by the stones were more than those whom the children of Israel put to death with the sword.|en
447|10|12|12|當耶和華將亞摩利人交付以色列人的日子，約書亞就禱告耶和華，在以色列人眼前說：日頭阿，你要停在基遍；月亮阿，你要止在亞雅崙谷。|zh
448|10|12|12|It was on the day when the Lord gave up the Amorites into the hands of the children of Israel that Joshua said to the Lord, before the eyes of Israel, Sun, be at rest over Gibeon; and you, O moon, in the valley of Aijalon.|en
449|10|13|13|於是日頭停留，月亮止住，直等國民向敵人報仇。這事豈不是寫在雅煞珥書上麼？日頭在天當中停住，不急速下落，約有一日之久。|zh
450|10|13|13|And the sun was at rest and the moon kept its place till the nation had given punishment to their attackers. (Is it not recorded in the book of Jashar?) So the sun kept its place in the middle of the heavens, and was waiting, and did not go down, for the space of a day.|en
451|10|14|14|在這日以前，這日以後，耶和華聽人的禱告，沒有像這日的，是因耶和華為以色列爭戰。|zh
452|10|14|14|And there was no day like that, before it or after it, when the Lord gave ear to the voice of a man; for the Lord was fighting for Israel.|en
453|10|15|15|約書亞和以色列眾人回到吉甲的營中。|zh
454|10|15|15|And Joshua, with all Israel, went back to the tent-circle at Gilgal.|en
455|10|16|16|那五王逃跑，藏在瑪基大洞裡。|zh
456|10|16|16|But these five kings went in flight secretly to a hole in the rock at Makkedah.|en
457|10|17|17|有人告訴約書亞說：那五王已經找到了，都藏在瑪基大洞裡。|zh
458|10|17|17|And word was given to Joshua that the five kings had been taken in a hole in the rock at Makkedah.|en
459|10|18|18|約書亞說：你們把幾塊大石頭輥到洞口，派人看守，|zh
460|10|18|18|And Joshua said, Let great stones be rolled against the mouth of the hole, and let men keep watch by it:|en
461|10|19|19|你們卻不可耽延，要追趕你們的仇敵，擊殺他們儘後邊的人，不容他們進自己的城邑，因為耶和華─你們的神已經把他們交在你們手裡。|zh
462|10|19|19|But do you, without waiting, go after their army, attacking them from the back; do not let them get into their towns, for the Lord your God has given them into your hands.|en
463|10|20|20|約書亞和以色列人大大殺敗他們，直到將他們滅盡；其中剩下的人都進了堅固的城。|zh
464|10|20|20|Now when Joshua and the children of Israel had come to the end of their war of complete destruction, and had put to death all but a small band who had got safely into the walled towns,|en
465|10|21|21|眾百姓就安然回瑪基大營中，到約書亞那裡。沒有一人敢向以色列人饒舌。|zh
466|10|21|21|All the people went back to Joshua to the tent-circle at Makkedah in peace: and no one said a word against the children of Israel.|en
467|10|22|22|約書亞說：打開洞口，將那五王從洞裡帶出來，領到我面前。|zh
468|10|22|22|Then Joshua said, Take away the stones from the mouth of the hole in the rock, and make those five kings come out to me.|en
469|10|23|23|眾人就這樣行，將那五王，就是耶路撒冷王、希伯崙王、耶末王、拉吉王、伊磯倫王，從洞裡帶出來，領到約書亞面前。|zh
470|10|23|23|And they did so, and made those five kings come out of the hole to him, the king of Jerusalem, the king of Hebron, the king of Jarmuth, the king of Lachish, and the king of Eglon.|en
471|10|24|24|帶出那五王到約書亞面前的時候，約書亞就召了以色列眾人來，對那些和他同去的軍長說：你們近前來，把腳踏在這些王的頸項上。他們就近前來，把腳踏在這些王的頸項上。|zh
472|10|24|24|And when they had made those kings come out to Joshua, Joshua sent for all the men of Israel, and said to the chiefs of the men of war who had gone with him, Come near and put your feet on the necks of these kings. So they came near and put their feet on their necks.|en
473|10|25|25|約書亞對他們說：你們不要懼怕，也不要驚惶。應當剛強壯膽，因為耶和華必這樣待你們所要攻打的一切仇敵。|zh
474|10|25|25|And Joshua said to them, Have no fear and do not be troubled; be strong and take heart: for so will the Lord do to all against whom you make war.|en
475|10|26|26|隨後約書亞將這五王殺死，掛在五棵樹上。他們就在樹上直掛到晚上。|zh
476|10|26|26|Then Joshua had them put to death, hanging them on five trees, where they were till evening.|en
477|10|27|27|日頭要落的時候，約書亞一吩咐，人就把屍首從樹上取下來，丟在他們藏過的洞裡，把幾塊大石頭放在洞口，直存到今日。|zh
478|10|27|27|And when the sun went down, they were taken down from the trees, by Joshua's orders, and put into the hole where they had gone to be safe; and great stones were placed at the mouth of the hole, where they are to this day.|en
479|10|28|28|當日，約書亞奪了瑪基大，用刀擊殺城中的人和王；將其中一切人口盡行殺滅，沒有留下一個。他待瑪基大王，像從前待耶利哥王一樣。|zh
480|10|28|28|That day Joshua took Makkedah, and put it and its king to the sword; every soul in it he gave up to the curse without mercy: and he did to the king of Makkedah as he had done to the king of Jericho.|en
481|10|29|29|約書亞和以色列眾人從瑪基大往立拿去，攻打立拿。|zh
482|10|29|29|Then Joshua and all Israel with him went on from Makkedah and came to Libnah, and made an attack on it;|en
483|10|30|30|耶和華將立拿和立拿的王也交在以色列人手裡。約書亞攻打這城，用刀擊殺了城中的一切人口，沒有留下一個。他待立拿王，像從前待耶利哥王一樣。|zh
484|10|30|30|And again the Lord gave it and its king into the hands of Israel; and he put it and every person in it to the sword, till their destruction was complete; and he did to its king as he had done to the king of Jericho.|en
485|10|31|31|約書亞和以色列眾人從立拿往拉吉去，對著拉吉安營，攻打這城。|zh
486|10|31|31|Then Joshua and all Israel with him went on from Libnah to Lachish, and took up their position against it and made an attack on it,|en
487|10|32|32|耶和華將拉吉交在以色列人的手裡。第二天約書亞就奪了拉吉，用刀擊殺了城中的一切人口，是照他向立拿一切所行的。|zh
488|10|32|32|And the Lord gave Lachish into the hands of Israel, and on the second day he took it, putting it and every person in it to the sword without mercy, as he had done to Libnah.|en
489|10|33|33|那時基色王荷蘭上來幫助拉吉，約書亞就把他和他的民都擊殺了，沒有留下一個。|zh
490|10|33|33|Then Horam, king of Gezer, came up to the help of Lachish; and Joshua overcame him and his people, putting all of them to death.|en
491|10|34|34|約書亞和以色列眾人從拉吉往伊磯倫去，對著伊磯倫安營，攻打這城。|zh
492|10|34|34|And Joshua and all Israel with him went on from Lachish to Eglon: and they took up their position against it and made an attack on it;|en
493|10|35|35|當日就奪了城，用刀擊殺了城中的人。那日，約書亞將城中的一切人口盡行殺滅，是照他向拉吉一切所行的。|zh
494|10|35|35|And that day they took it, putting it and every person in it to the sword, as he had done to Lachish.|en
495|10|36|36|約書亞和以色列眾人從伊磯倫上希伯崙去，攻打這城，|zh
496|10|36|36|And Joshua and all Israel with him went up from Eglon to Hebron, and made an attack on it;|en
497|10|37|37|就奪了希伯崙和屬希伯崙的諸城邑，用刀將城中的人與王，並那些城邑中的人口，都擊殺了，沒有留下一個，是照他向伊磯倫所行的，把城中的一切人口盡行殺滅。|zh
498|10|37|37|And took it, overcoming it and putting it and its king and its towns and every person in it to the sword: as he had done to Eglon, he put them all to death, and gave it up to the curse with every person in it.|en
499|10|38|38|約書亞和以色列眾人回到底璧，攻打這城，|zh
500|10|38|38|And Joshua and all Israel with him went on to make an attack on Debir;|en
501|10|39|39|就奪了底璧和屬底璧的城邑，又擒獲底璧的王，用刀將這些城中的人口盡行殺滅，沒有留下一個。他待底璧和底璧王，像從前待希伯崙和立拿與立拿王一樣。|zh
502|10|39|39|And he took it, with its king and all its towns: and he put them to the sword, giving every person in it to the curse; all were put to death: as he had done to Hebron, so he did to Debir and its king.|en
503|10|40|40|這樣，約書亞擊殺全地的人，就是山地、南地、高原、山坡的人，和那些地的諸王，沒有留下一個。將凡有氣息的盡行殺滅，正如耶和華─以色列的神所吩咐的。|zh
504|10|40|40|So Joshua overcame all the land, the hill-country and the South and the lowland and the mountain slopes, and all their kings; all were put to death: and every living thing he gave up to the curse, as the Lord, the God of Israel, had given him orders.|en
505|10|41|41|約書亞從加低斯巴尼亞攻擊到迦薩，又攻擊歌珊全地，直到基遍。|zh
506|10|41|41|Joshua overcame them from Kadesh-barnea to Gaza, and all the land of Goshen as far as Gibeon.|en
507|10|42|42|約書亞一時殺敗了這些王，並奪了他們的地，因為耶和華─以色列的神為以色列爭戰。|zh
508|10|42|42|And all these kings and their land Joshua took at the same time, because the Lord, the God of Israel, was fighting for Israel.|en
509|10|43|43|於是約書亞和以色列眾人回到吉甲的營中。|zh
510|10|43|43|Then Joshua and all Israel with him went back to their tents at Gilgal.|en
511|11|1|1|夏瑣王耶賓聽見這事，就打發人去見瑪頓王約巴、伸崙王、押煞王，|zh
512|11|1|1|Now Jabin, king of Hazor, hearing of these things, sent to Jobab, king of Madon, and to the king of Shimron, and to the king of Achshaph,|en
513|11|2|2|與北方山地、基尼烈南邊的亞拉巴高原，並西邊多珥山岡的諸王；|zh
514|11|2|2|And to the kings on the north in the hill-country, and in the Arabah south of Chinneroth, and in the lowland, and in the highlands of Dor on the west,|en
515|11|3|3|又去見東方和西方的迦南人，與山地的亞摩利人、赫人、比利洗人、耶布斯人，並黑門山根米斯巴地的希未人。|zh
516|11|3|3|And to the Canaanites on the east and on the west, and to the Amorites and the Hittites and the Perizzites, and the Jebusites in the hill-country, and the Hivites under Hermon in the land of Mizpah.|en
517|11|4|4|這些王和他們的眾軍都出來，人數多如海邊的沙，並有許多馬匹車輛。|zh
518|11|4|4|And they went out, they and all their armies with them, a great people, in number like the sand on the seaside, with horses and war-carriages in great number.|en
519|11|5|5|這諸王會合，來到米倫水邊，一同安營，要與以色列人爭戰。|zh
520|11|5|5|And all these kings came together, and put their forces in position at the waters of Merom, to make war on Israel.|en
521|11|6|6|耶和華對約書亞說：你不要因他們懼怕。明日這時，我必將他們交付以色列人全然殺了。你要砍斷他們馬的蹄筋，用火焚燒他們的車輛。|zh
522|11|6|6|And the Lord said to Joshua, Have no fear of them: for tomorrow at this time I will give them all up dead before Israel; you are to have the leg-muscles of their horses cut and their war-carriages burned with fire.|en
523|11|7|7|於是約書亞率領一切兵丁，在米倫水邊突然向前攻打他們。|zh
524|11|7|7|So Joshua and all the men of war with him came against them suddenly at the waters of Merom, and made an attack on them.|en
525|11|8|8|耶和華將他們交在以色列人手裡，以色列人就擊殺他們，追趕他們到西頓大城，到米斯利弗瑪音，直到東邊米斯巴的平原，將他們擊殺，沒有留下一個。|zh
526|11|8|8|And the Lord gave them up into the hands of Israel, and they overcame them driving them back to great Zidon and to Misrephoth-maim and into the valley of Mizpeh to the east; and they put them all to death, no man got away safely.|en
527|11|9|9|約書亞就照耶和華所吩咐他的去行，砍斷他們馬的蹄筋，用火焚燒他們的車輛。|zh
528|11|9|9|And Joshua did to them as the Lord had said to him; he had the leg-muscles of their horses cut and their war-carriages burned with fire.|en
529|11|10|10|當時，約書亞轉回奪了夏瑣，用刀擊殺夏瑣王。（素來夏瑣在這諸國中是為首的。）|zh
530|11|10|10|At that time, Joshua went on to take Hazor and put its king to the sword: for in earlier times Hazor was the chief of all those kingdoms.|en
531|11|11|11|以色列人用刀擊殺城中的人口，將他們盡行殺滅；凡有氣息的沒有留下一個。約書亞又用火焚燒夏瑣。|zh
532|11|11|11|And they put every person in it to death without mercy, giving every living thing up to the curse, and burning Hazor.|en
533|11|12|12|約書亞奪了這些王的一切城邑，擒獲其中的諸王，用刀擊殺他們，將他們盡行殺滅，正如耶和華僕人摩西所吩咐的。|zh
534|11|12|12|And all the towns of these kings, and all the kings, Joshua took, and put them to the sword: he gave them up to the curse, as Moses, the servant of the Lord, had said.|en
535|11|13|13|至於造在山岡上的城，除了夏瑣以外，以色列人都沒有焚燒。約書亞只將夏瑣焚燒了。|zh
536|11|13|13|As for the towns made on hills of earth, not one was burned by Israel but Hazor, which was burned by Joshua.|en
537|11|14|14|那些城邑所有的財物和牲畜，以色列人都取為自己的掠物；惟有一切人口都用刀擊殺，直到殺盡；凡有氣息的沒有留下一個。|zh
538|11|14|14|And all the goods taken from these towns, and their cattle, the children of Israel kept for themselves; but every man they put to death without mercy, till their destruction was complete, and there was no one living.|en
539|11|15|15|耶和華怎樣吩咐他僕人摩西，摩西就照樣吩咐約書亞，約書亞也照樣行。凡耶和華所吩咐摩西的，約書亞沒有一件懈怠不行的。|zh
540|11|15|15|As the Lord had given orders to Moses his servant, so Moses gave orders to Joshua, and so Joshua did; every order which the Lord had given to Moses was done.|en
541|11|16|16|約書亞奪了那全地，就是山地、一帶南地、歌珊全地、高原、亞拉巴、以色列的山地，和山下的高原。|zh
542|11|16|16|So Joshua took all that land, the hill-country and all the South, and all the land of Goshen, and the lowland and the Arabah, the hill-country of Israel and its lowland;|en
543|11|17|17|從上西珥的哈拉山，直到黑門山下利巴嫩平原的巴力迦得，並且擒獲那些地的諸王，將他們殺死。|zh
544|11|17|17|From Mount Halak, which goes up to Seir, as far as Baal-gad in the valley of Lebanon under Mount Hermon: and all their kings he overcame and put to death.|en
545|11|18|18|約書亞和這諸王爭戰了許多年日。|zh
546|11|18|18|For a long time Joshua made war on all those kings.|en
547|11|19|19|除了基遍的希未人之外，沒有一城與以色列人講和的，都是以色列人爭戰奪來的。|zh
548|11|19|19|Not one town made peace with the children of Israel, but only the Hivites of Gibeon: they took them all in war.|en
549|11|20|20|因為耶和華的意思是要使他們心裡剛硬，來與以色列人爭戰，好叫他們盡被殺滅，不蒙憐憫，正如耶和華所吩咐摩西的。|zh
550|11|20|20|For the Lord made them strong in heart to go to war against Israel, so that he might give them up to the curse without mercy, and that destruction might come on them, as the Lord had given orders to Moses.|en
551|11|21|21|當時約書亞來到，將住山地、希伯崙、底璧、亞拿伯、猶大山地、以色列山地所有的亞衲族人剪除了。約書亞將他們和他們的城邑盡都毀滅。|zh
552|11|21|21|And Joshua came at that time and put an end to the Anakim in the hill-country, in Hebron, in Debir, in Anab, and in all the hill-country of Judah and Israel: Joshua gave them and their towns to the curse.|en
553|11|22|22|在以色列人的地沒有留下一個亞衲族人，只在迦薩、迦特，和亞實突有留下的。|zh
554|11|22|22|Not one of the Anakim was to be seen in the land of the children of Israel: only in Gaza, in Gath, and in Ashdod, some were still living.|en
555|11|23|23|這樣，約書亞照著耶和華所吩咐摩西的一切話奪了那全地，就按著以色列支派的宗族將地分給他們為業。於是國中太平，沒有爭戰了。|zh
556|11|23|23|So Joshua took all the land, as the Lord had said to Moses; and Joshua gave it to the children of Israel as their heritage, making division of it among them by their tribes. And the land had rest from war.|en
557|12|1|1|以色列人在約但河外向日出之地擊殺二王，得他們的地，就是從亞嫩谷直到黑門山，並東邊的全亞拉巴之地。|zh
558|12|1|1|Now these are the kings of the land whom the children of Israel overcame, taking as their heritage their land on the east side of Jordan, from the valley of the Arnon to Mount Hermon, and all the Arabah to the east:|en
559|12|2|2|這二王，有住希實本、亞摩利人的王西宏。他所管之地是從亞嫩谷邊的亞羅珥和谷中的城，並基列一半，直到亞捫人的境界，雅博河|zh
560|12|2|2|Sihon, king of the Amorites, who was living in Heshbon, ruling from Aroer, which is on the edge of the valley of the Arnon, and the town in the middle of the valley, and half Gilead, as far as the river Jabbok, the limits of the children of Ammon;|en
561|12|3|3|與約但河東邊的亞拉巴，直到基尼烈海，又到亞拉巴的海，就是鹽海，通伯耶西末的路，以及南方，直到毘斯迦的山根。|zh
562|12|3|3|And the Arabah to the sea of Chinneroth, to the east, and to the sea of the Arabah, that is the Salt Sea, to the east, the way to Beth-jeshimoth; and on the south, under the slopes of Pisgah:|en
563|12|4|4|又有巴珊王噩。他是利乏音人所剩下的，住在亞斯他錄和以得來。|zh
564|12|4|4|And the land of Og, king of Bashan, of the rest of the Rephaim, who was living at Ashtaroth and at Edrei,|en
565|12|5|5|他所管之地是黑門山、撒迦、巴珊全地，直到基述人和瑪迦人的境界，並基列一半，直到希實本王西宏的境界。|zh
566|12|5|5|Ruling in the mountain of Hermon, and in Salecah, and in all Bashan, as far as the limits of the Geshurites and the Maacathites, and half Gilead, to the land of Sihon, king of Heshbon.|en
567|12|6|6|這二王是耶和華僕人摩西和以色列人所擊殺的；耶和華僕人摩西將他們的地賜給流便人、迦得人，和瑪拿西半支派的人為業。|zh
568|12|6|6|Moses, the servant of the Lord, and the children of Israel overcame them; and Moses, the servant of the Lord, gave their land for a heritage to the Reubenites, and the Gadites, and the half-tribe of Manasseh.|en
569|12|7|7|約書亞和以色列人在約但河西擊殺了諸王。他們的地是從利巴嫩平原的巴力迦得，直到上西珥的哈拉山。約書亞就將那地按著以色列支派的宗族分給他們為業，|zh
570|12|7|7|And these are the kings of the land whom Joshua and the children of Israel overcame on the west side of Jordan, from Baal-gad in the valley of Lebanon to Mount Halak, which goes up to Seir; and Joshua gave the land to the tribes of Israel for a heritage, in keeping with their divisions;|en
571|12|8|8|就是赫人、亞摩利人，迦南人、比利洗人、希未人、耶布斯人的山地、高原亞拉巴、山坡、曠野，和南地。|zh
572|12|8|8|In the hill-country, and in the lowland, and in the Arabah, and on the mountain slopes, and in the waste land, and in the South; the Hittites, the Amorites, and the Canaanites, the Perizzites, the Hivites, and the Jebusites.|en
573|12|9|9|他們的王：一個是耶利哥王，一個是靠近伯特利的艾城王，|zh
574|12|9|9|The king of Jericho, one; the king of Ai, which is near Beth-el, one;|en
575|12|10|10|一個是耶路撒冷王，一個是希伯崙王，|zh
576|12|10|10|The king of Jerusalem, one; the king of Hebron, one;|en
577|12|11|11|一個是耶末王，一個是拉吉王，|zh
578|12|11|11|The king of Jarmuth, one; the king of Lachish, one;|en
579|12|12|12|一個是伊磯倫王，一個是基色王，|zh
580|12|12|12|The king of Eglon, one; the king of Gezer, one;|en
581|12|13|13|一個是底璧王，一個是基德王，|zh
582|12|13|13|The king of Debir, one; the king of Geder, one;|en
583|12|14|14|一個是何珥瑪王，一個是亞拉得王，|zh
584|12|14|14|The king of Hormah, one; the king of Arad, one;|en
585|12|15|15|一個是立拿王，一個是亞杜蘭王，|zh
586|12|15|15|The king of Libnah, one; the king of Adullam, one;|en
587|12|16|16|一個是瑪基大王，一個是伯特利王，|zh
588|12|16|16|The king of Makkedah, one; the king of Beth-el, one;|en
589|12|17|17|一個是他普亞王，一個是希弗王，|zh
590|12|17|17|The king of Tappuah, one; the king of Hepher, one;|en
591|12|18|18|一個是亞弗王，一個是拉沙崙王，|zh
592|12|18|18|The king of Aphek, one; the king of Lassharon, one;|en
593|12|19|19|一個是瑪頓王，一個是夏瑣王，|zh
594|12|19|19|The king of Madon, one; the king of Hazor, one;|en
595|12|20|20|一個是伸崙米崙王，一個是押煞王，|zh
596|12|20|20|The king of Shimron-meron, one; the king of Achshaph, one;|en
597|12|21|21|一個是他納王，一個是米吉多王，|zh
598|12|21|21|The king of Taanach, one; the king of Megiddo, one;|en
599|12|22|22|一個是基低斯王，一個是靠近迦密的約念王，|zh
600|12|22|22|The king of Kedesh, one; the king of Jokneam in Carmel, one;|en
601|12|23|23|一個是多珥山岡的多珥王，一個是吉甲的戈印王，|zh
602|12|23|23|The king of Dor on the hill of Dor, one; the king of Goiim in Gilgal, one;|en
603|12|24|24|一個是得撒王；共計三十一個王。|zh
604|12|24|24|The king of Tirzah, one; all the kings together were thirty-one.|en
605|13|1|1|約書亞年紀老邁，耶和華對他說：你年紀老邁了，還有許多未得之地，|zh
606|13|1|1|Now Joshua was old and full of years; and the Lord said to him, You are old and full of years, and there is still very much land to be taken.|en
607|13|2|2|就是非利士人的全境和基述人的全地。|zh
608|13|2|2|This is the land which is still to be taken: all the country of the Philistines, and all the Geshurites;|en
609|13|3|3|從埃及前的西曷河往北，直到以革倫的境界，就算屬迦南人之地。有非利士人五個首領所管的迦薩人、亞實突人、亞實基倫人、迦特人、以革倫人之地，並有南方亞衛人之地。|zh
610|13|3|3|From the Shihor, which is before Egypt, to the edge of Ekron to the north, which is taken to be Canaanite property: the five chiefs of the Philistines; the Gazites, and the Ashdodites, the Ashkelonites, the Gittites, and the Ekronites, as well as the Avvim;|en
611|13|4|4|又有迦南人的全地，並屬西頓人的米亞拉到亞弗，直到亞摩利人的境界。|zh
612|13|4|4|On the south: all the land of the Canaanites, and Mearah which is the property of the Zidonians, to Aphek, as far as the limit of the Amorites:|en
613|13|5|5|還有迦巴勒人之地，並向日出的全利巴嫩，就是從黑門山根的巴力迦得，直到哈馬口。|zh
614|13|5|5|And the land of the Gebalites, and all Lebanon, looking east, from Baal-gad under Mount Hermon as far as Hamath:|en
615|13|6|6|山地的一切居民，從利巴嫩直到米斯利弗瑪音，就是所有的西頓人，我必在以色列人面前趕出他們去。你只管照我所吩咐的，將這地拈鬮分給以色列人為業。|zh
616|13|6|6|All the people of the hill-country from Lebanon to Misrephoth-maim, all the Zidonians; them will I send out from before the children of Israel: only make division of it to Israel for a heritage, as I have given you orders to do.|en
617|13|7|7|現在你要把這地分給九個支派和瑪拿西半個支派為業。|zh
618|13|7|7|So now make division of this land for a heritage to the nine tribes, and the half-tribe of Manasseh.|en
619|13|8|8|瑪拿西那半支派和流便、迦得二支派已經受了產業，就是耶和華的僕人摩西在約但河東所賜給他們的：|zh
620|13|8|8|With him the Reubenites and the Gadites have been given their heritage, which Moses gave them, on the east side of Jordan, as Moses, the servant of the Lord, gave them;|en
621|13|9|9|是從亞嫩谷邊的亞羅珥和谷中的城，並米底巴的全平原，直到底本，|zh
622|13|9|9|From Aroer, on the edge of the valley of the Arnon, and the town in the middle of the valley, and all the table-land from Medeba to Dibon;|en
623|13|10|10|和在希實本作王亞摩利王西宏的諸城，直到亞捫人的境界；|zh
624|13|10|10|And all the towns of Sihon, king of the Amorites, who was ruling in Heshbon, to the limits of the children of Ammon;|en
625|13|11|11|又有基列地、基述人、瑪迦人的地界，並黑門全山、巴珊全地，直到撒迦；|zh
626|13|11|11|And Gilead, and the land of the Geshurites and the Maacathites, and all Mount Hermon, and all Bashan to Salecah;|en
627|13|12|12|又有巴珊王噩的全國─他在亞斯他錄和以得來作王（利乏音人所存留的只剩下他）。這些地的人都是摩西所擊殺、所趕逐的。|zh
628|13|12|12|All the kingdom of Og in Bashan, who was ruling in Ashtaroth and in Edrei (he was one of the last of the Rephaim); these did Moses overcome, driving them out of their country.|en
629|13|13|13|以色列人卻沒有趕逐基述人、瑪迦人；這些人仍住在以色列中，直到今日。|zh
630|13|13|13|However, the people of Israel did not send out the Geshurites, or the Maacathites: but Geshur and Maacath are living among Israel to this day.|en
631|13|14|14|只是利未支派，摩西（原文作他）沒有把產業分給他們。他們的產業乃是獻與耶和華─以色列神的火祭，正如耶和華所應許他們的。|zh
632|13|14|14|Only to the tribe of Levi he gave no heritage; the offerings of the Lord, the God of Israel, made by fire are his heritage, as he said to him.|en
633|13|15|15|摩西按著流便支派的宗族分給他們產業。|zh
634|13|15|15|And Moses gave their heritage to the tribe of Reuben by their families.|en
635|13|16|16|他們的境界是亞嫩谷邊的亞羅珥和谷中的城，靠近米底巴的全平原；|zh
636|13|16|16|Their limit was from Aroer, on the edge of the valley of the Arnon, and the town in the middle of the valley, and all the table-land by Medeba;|en
637|13|17|17|希實本並屬希實本平原的各城，底本、巴末巴力、伯巴力勉、|zh
638|13|17|17|Heshbon and all her towns in the table-land; Dibon, and Bamoth-baal, and Beth-baal-meon;|en
639|13|18|18|雅雜、基底莫、米法押、|zh
640|13|18|18|And Jahaz, and Kedemoth, and Mephaath;|en
641|13|19|19|基列亭、西比瑪、谷中山的細列哈沙轄、|zh
642|13|19|19|And Kiriathaim, and Sibmah, and Zereth-shahar in the mountain of the valley;|en
643|13|20|20|伯毘珥、毘斯迦山坡、伯耶西末；|zh
644|13|20|20|And Beth-peor, and the slopes of Pisgah, and Beth-jeshimoth;|en
645|13|21|21|平原的各城，並亞摩利王西宏的全國。這西宏曾在希實本作王，摩西把他和米甸的族長以未、利金、蘇珥、戶珥、利巴擊殺了；這都是住那地屬西宏為首領的。|zh
646|13|21|21|And all the towns of the table-land, and all the kingdom of Sihon, king of the Amorites, who was ruling in Heshbon, whom Moses overcame, together with the chiefs of Midian, Evi, and Rekem, and Zur, and Hur, and Reba, the chiefs of Sihon, who were living in the land.|en
647|13|22|22|那時以色列人在所殺的人中，也用刀殺了比珥的兒子術士巴蘭。|zh
648|13|22|22|And Balaam, the son of Beor, the prophet, the children of Israel put to death with the sword.|en
649|13|23|23|流便人的境界就是約但河與靠近約但河的地。以上是流便人按著宗族所得為業的諸城，並屬城的村莊。|zh
650|13|23|23|And the limit of the children of Reuben was the edge of Jordan. This was the heritage of the children of Reuben by their families, with its towns and its unwalled places.|en
651|13|24|24|摩西按著迦得支派的宗族分給他們產業。|zh
652|13|24|24|And Moses gave their heritage to the tribe of Gad by their families.|en
653|13|25|25|他們的境界是雅謝和基列的各城，並亞捫人的一半地，直到拉巴前的亞羅珥；|zh
654|13|25|25|And their limit was Jazer, and all the towns of Gilead, and half the land of the children of Ammon, to Aroer before Rabbah;|en
655|13|26|26|從希實本到拉抹米斯巴和比多寧，又從瑪哈念到底璧的境界，|zh
656|13|26|26|And from Heshbon to Ramath-mizpeh, and Betonim; and from Mahanaim to the edge of Debir;|en
657|13|27|27|並谷中的伯亞蘭、伯寧拉、疏割、撒分，就是希實本王西宏國中的餘地，以及約但河與靠近約但河的地，直到基尼烈海的極邊，都在約但河東。|zh
658|13|27|27|And in the valley, Beth-haram, and Beth-nimrah, and Succoth, and Zaphon, the rest of the kingdom of Sihon, king of Heshbon, having Jordan for its limit, to the end of the sea of Chinnereth on the east side of Jordan.|en
659|13|28|28|以上是迦得人按著宗族所得為業的諸城，並屬城的村莊。|zh
660|13|28|28|This is the heritage of the children of Gad by their families, with its towns and its unwalled places|en
661|13|29|29|摩西把產業分給瑪拿西半支派，是按著瑪拿西半支派的宗族所分的。|zh
662|13|29|29|And Moses gave their heritage to the half-tribe of Manasseh by their families.|en
663|13|30|30|他們的境界是從瑪哈念起，包括巴珊全地，就是巴珊王噩的全國，並在巴珊、睚珥的一切城邑，共六十個。|zh
664|13|30|30|And their limit was from Mahanaim, all Bashan, all the kingdom of Og, king of Bashan, and all Havvoth-Jair, in Bashan, sixty towns;|en
665|13|31|31|基列的一半，並亞斯他錄、以得來，就是屬巴珊王噩國的二城，是按著宗族給瑪拿西的兒子瑪吉的一半子孫。|zh
666|13|31|31|And half Gilead, and Ashtaroth, and Edrei, towns of the kingdom of Og in Bashan, were for the children of Machir, the son of Manasseh, for half of the children of Machir by their families.|en
667|13|32|32|以上是摩西在約但河東對著耶利哥的摩押平原所分給他們的產業。|zh
668|13|32|32|These are the heritages of which Moses made distribution in the lowlands of Moab, on the other side of Jordan in Jericho, to the east.|en
669|13|33|33|只是利未支派，摩西沒有把產業分給他們。耶和華─以色列的神是他們的產業，正如耶和華所應許他們的。|zh
670|13|33|33|But to the tribe of Levi Moses gave no heritage: the Lord, the God of Israel, is their heritage, as he said to them.|en
671|14|1|1|以色列人在迦南地所得的產業，就是祭司以利亞撒和嫩的兒子約書亞，並以色列各支派的族長所分給他們的，都記在下面，|zh
672|14|1|1|And these are the heritages which the children of Israel took in the land of Canaan, which Eleazar, the priest, and Joshua, the son of Nun, and the heads of the tribes of the children of Israel, gave out to them;|en
673|14|2|2|是照耶和華藉摩西所吩咐的，把產業拈鬮分給九個半支派。|zh
674|14|2|2|Their heritage by the Lord's decision, as he gave orders by Moses, for the nine tribes and the half-tribe.|en
675|14|3|3|原來，摩西在約但河東已經把產業分給那兩個半支派，只是在他們中間沒有把產業分給利未人。|zh
676|14|3|3|For Moses had given their heritage to the two tribes and the half-tribe on the other side of Jordan, but to the Levites he gave no heritage among them.|en
677|14|4|4|因為約瑟的子孫是兩個支派，就是瑪拿西和以法蓮，所以沒有把地分給利未人，但給他們城邑居住，並城邑的郊野，可以牧養他們的牲畜，安置他們的財物。|zh
678|14|4|4|Because the children of Joseph were two tribes, Manasseh and Ephraim; and they gave the Levites no part in the land, only towns for their living-places, with the grass-lands for their cattle and for their property.|en
679|14|5|5|耶和華怎樣吩咐摩西，以色列人就照樣行，把地分了。|zh
680|14|5|5|As the Lord had given orders to Moses, so the people of Israel did, and they made division of the land.|en
681|14|6|6|那時，猶大人來到吉甲見約書亞，有基尼洗族耶孚尼的兒子迦勒對約書亞說：耶和華在加低斯巴尼亞指著我與你對神人摩西所說的話，你都知道了。|zh
682|14|6|6|Then the children of Judah went to Joshua in Gilgal; and Caleb, the son of Jephunneh the Kenizzite, said to him, You have knowledge of what the Lord said to Moses, the man of God, about me and about you in Kadesh-barnea.|en
683|14|7|7|耶和華的僕人摩西從加低斯巴尼亞打發我窺探這地，那時我正四十歲；我按著心意回報他。|zh
684|14|7|7|I was forty years old when Moses, the servant of the Lord, sent me from Kadesh-barnea to make a search through the land; and the account which I gave him was in keeping with his desire.|en
685|14|8|8|然而，同我上去的眾弟兄使百姓的心消化；但我專心跟從耶和華─我的神。|zh
686|14|8|8|My brothers, however, who went up with me, made the heart of the people like water: but I was true to the Lord with all my heart.|en
687|14|9|9|當日摩西起誓說：你腳所踏之地定要歸你和你的子孫永遠為業，因為你專心跟從耶和華─我的神。|zh
688|14|9|9|And on that day Moses took an oath, saying, Truly the land where your feet have been placed will become a heritage for you and your children for ever, because you have been true to the Lord your God with all your heart.|en
689|14|10|10|自從耶和華對摩西說這話的時候，耶和華照他所應許的使我存活這四十五年；其間以色列人在曠野行走。看哪，現今我八十五歲了，|zh
690|14|10|10|And now, as you see, the Lord has kept me safe these forty-five years, from the time when the Lord said this to Moses, while Israel was wandering in the waste land: and now I am eighty-five years old.|en
691|14|11|11|我還是強壯，像摩西打發我去的那天一樣；無論是爭戰，是出入，我的力量那時如何，現在還是如何。|zh
692|14|11|11|And still, I am as strong today as I was when Moses sent me out: as my strength was then, so is it now, for war and for all the business of life.|en
693|14|12|12|求你將耶和華那日應許我的這山地給我；那裡有亞衲族人，並寬大堅固的城，你也曾聽見了。或者耶和華照他所應許的與我同在，我就把他們趕出去。|zh
694|14|12|12|So now, give me this hill-country named by the Lord at that time; for you had an account of it then, how the Anakim were there, and great walled towns: it may be that the Lord will be with me, and I will be able to take their land, as the Lord said.|en
695|14|13|13|於是約書亞為耶孚尼的兒子迦勒祝福，將希伯崙給他為業。|zh
696|14|13|13|And Joshua gave him his blessing; and he gave Hebron to Caleb, the son of Jephunneh, for his heritage.|en
697|14|14|14|所以希伯崙作了基尼洗族耶孚尼的兒子迦勒的產業，直到今日，因為他專心跟從耶和華─以色列的神。|zh
698|14|14|14|So Hebron became the heritage of Caleb, the son of Jephunneh the Kenizzite, to this day, because with all his heart he was true to the Lord, the God of Israel.|en
699|14|15|15|希伯崙從前名叫基列亞巴；亞巴是亞衲族中最尊大的人。於是國中太平，沒有爭戰了。|zh
700|14|15|15|In earlier times the name of Hebron had been Kiriath-arba, named after Arba, the greatest of the Anakim. And the land had rest from war.|en
701|15|1|1|猶大支派按著宗族拈鬮所得之地是在儘南邊，到以東的交界，向南直到尋的曠野。|zh
702|15|1|1|Now the part of the land marked out for the children of Judah by families, went up to the edge of Edom, as far as the waste land of Zin to the south, to the farthest point of it on the south.|en
703|15|2|2|他們的南界是從鹽海的儘邊，就是從朝南的海汊起，|zh
704|15|2|2|Their south limit was from the farthest part of the Salt Sea, from the inlet looking to the south:|en
705|15|3|3|通到亞克拉濱坡的南邊，接連到尋，上到加低斯巴尼亞的南邊，又過希斯崙，上到亞達珥，繞到甲加，|zh
706|15|3|3|From there it goes south of the slope up to Akrabbim, and on to Zin, then south past Kadesh-barnea, and on by Hezron and up to Addar, turning in the direction of Karka:|en
707|15|4|4|接連到押們，通到埃及小河，直通到海為止。這就是他們的南界。|zh
708|15|4|4|Then on to Azmon, ending at the stream of Egypt: and the end of the limit is at the sea; this will be your limit on the south.|en
709|15|5|5|東界是從鹽海南邊到約但河口。北界是從約但河口的海汊起，|zh
710|15|5|5|And the east limit is the Salt Sea as far as the end of Jordan. And the limit of the north part of the land is from the inlet of the sea at the end of Jordan:|en
711|15|6|6|上到伯曷拉，過伯亞拉巴的北邊，上到流便之子波罕的磐石；|zh
712|15|6|6|Then the line goes up to Beth-hoglah, past the north of Beth-arabah, and up to the stone of Bohan, the son of Reuben;|en
713|15|7|7|從亞割谷往北，上到底璧，直向河南亞都冥坡對面的吉甲；又接連到隱示麥泉，直通到隱羅結，|zh
714|15|7|7|Then the line goes up to Debir from the valley of Achor, and so to the north, in the direction of Gilgal, which is opposite the slope up to Adummim, on the south side of the river: and the line goes on to the waters of En-shemesh, ending at En-rogel:|en
715|15|8|8|上到欣嫩子谷，貼近耶布斯的南界（耶布斯就是耶路撒冷）；又上到欣嫩谷西邊的山頂，就是在利乏音谷極北的邊界；|zh
716|15|8|8|Then the line goes up by the valley of the son of Hinnom to the south side of the Jebusite (which is Jerusalem): then up to the top of the mountain in front of the valley of Hinnom to the west, which is at the farthest point of the valley of Rephaim on the north:|en
717|15|9|9|又從山頂延到尼弗多亞的水源，通到以弗崙山的城邑，又延到巴拉（巴拉就是基列耶琳）；|zh
718|15|9|9|And the limit is marked out from the top of the mountain to the fountain of the waters of Nephtoah, and out to the towns of Mount Ephron, as far as Baalah (which is Kiriath-jearim):|en
719|15|10|10|又從巴拉往西繞到西珥山，接連到耶琳山的北邊（耶琳就是基撒崙）；又下到伯示麥過亭納，|zh
720|15|10|10|Then turning west, the line goes from Baalah to Mount Seir, and on to the side of Mount Jearim (which is Chesalon) on the north, then down to Beth-shemesh, and on past Timnah:|en
721|15|11|11|通到以革倫北邊，延到施基崙，接連到巴拉山；又通到雅比聶，直通到海為止。|zh
722|15|11|11|And out to the side of Ekron to the north: then it is marked out to Shikkeron and on to Mount Baalah, ending at Jabneel; the end of the line is at the sea.|en
723|15|12|12|西界就是大海和靠近大海之地。這是猶大人按著宗族所得之地四圍的交界。|zh
724|15|12|12|And the limit on the west is the edge of the Great Sea. This is the line going round the land marked out for the children of Judah, by their families.|en
725|15|13|13|約書亞照耶和華所吩咐的，將猶大人中的一段地，就是基列亞巴，分給耶孚尼的兒子迦勒。亞巴是亞衲族的始祖（基列亞巴就是希伯崙）。|zh
726|15|13|13|And to Caleb, the son of Jephunneh, he gave a part among the children of Judah, as the Lord had given orders to Joshua, that is, Kiriath-arba, named after Arba, the father of Anak which is Hebron.|en
727|15|14|14|迦勒就從那裡趕出亞衲族的三個族長，就是示篩、亞希幔、撻買；|zh
728|15|14|14|And the three sons of Anak, Sheshai and Ahiman and Talmai, the children of Anak, were forced out from there by Caleb.|en
729|15|15|15|又從那裡上去，攻擊底璧的居民。（這底璧從前名叫基列西弗。）|zh
730|15|15|15|From there he went up against the people of Debir: (now the name of Debir before that was Kiriath-sepher.)|en
731|15|16|16|迦勒說：誰能攻打基列西弗將城奪取，我就把我女兒押撒給他為妻。|zh
732|15|16|16|And Caleb said, I will give Achsah, my daughter, as wife to the man who overcomes Kiriath-sepher and takes it.|en
733|15|17|17|迦勒兄弟基納斯的兒子俄陀聶奪取了那城，迦勒就把女兒押撒給他為妻。|zh
734|15|17|17|And Othniel, the son of Kenaz, Caleb's brother, took it: so he gave him his daughter Achsah for his wife.|en
735|15|18|18|押撒過門的時候，勸丈夫向他父親求一塊田，押撒一下驢，迦勒問他說：你要甚麼？|zh
736|15|18|18|Now when she came to him, he put into her mind the idea of requesting a field from her father: and she got down from her ass; and Caleb said to her, What is it?|en
737|15|19|19|他說：求你賜福給我，你既將我安置在南地，求你也給我水泉。他父親就把上泉下泉賜給他。|zh
738|15|19|19|And she said, Give me a blessing; because you have put me in dry south-land, now give me springs of water. So he gave her the higher spring and the lower spring.|en
739|15|20|20|以下是猶大支派按著宗族所得的產業。|zh
740|15|20|20|This is the heritage of the tribe of Judah, by their families.|en
741|15|21|21|猶大支派儘南邊的城邑，與以東交界相近的，就是甲薛、以得、雅姑珥、|zh
742|15|21|21|The farthest towns of the tribe of Judah in the direction of the limits of Edom to the south, were Kabzeel, and Eder, and Jagur;|en
743|15|22|22|基拿、底摩拿、亞大達、|zh
744|15|22|22|And Kinah, and Dimonah, and Adadah;|en
745|15|23|23|基低斯、夏瑣、以提楠、|zh
746|15|23|23|And Kedesh, and Hazor, and Ithnan;|en
747|15|24|24|西弗、提鍊、比亞綠、|zh
748|15|24|24|Ziph, and Telem, and Bealoth;|en
749|15|25|25|夏瑣哈大他、加略希斯崙（加略希斯崙就是夏瑣）、|zh
750|15|25|25|And Hazor-hadattah, and Kerioth-hezron (which is Hazor);|en
751|15|26|26|亞曼、示瑪、摩拉大、|zh
752|15|26|26|Amam, and Shema, and Moladah;|en
753|15|27|27|哈薩迦大、黑實門、伯帕列、|zh
754|15|27|27|And Hazar-gaddah, and Heshmon, and Beth-pelet;|en
755|15|28|28|哈薩書亞、別是巴、比斯約他、|zh
756|15|28|28|And Hazar-shual, and Beer-sheba, and Biziothiah;|en
757|15|29|29|巴拉、以因、以森、|zh
758|15|29|29|Baalah, and Iim, and Ezem;|en
759|15|30|30|伊勒多臘、基失、何珥瑪、|zh
760|15|30|30|And Eltolad, and Chesil, and Hormah;|en
761|15|31|31|洗革拉、麥瑪拿、三撒拿、|zh
762|15|31|31|And Ziklag, and Madmannah, and Sansannah;|en
763|15|32|32|利巴勿、實忻、亞因、臨門，共二十九座城，還有屬城的村莊。|zh
764|15|32|32|And Lebaoth, and Shilhim, and Ain, and Rimmon; all the towns are twenty-nine, with their unwalled places.|en
765|15|33|33|在高原有以實陶、瑣拉、亞實拿、|zh
766|15|33|33|In the lowland, Eshtaol, and Zorah, and Ashnah;|en
767|15|34|34|撒挪亞、隱干寧、他普亞、以楠、|zh
768|15|34|34|And Zanoah, and En-gannim, Tappuah, and Enam;|en
769|15|35|35|耶末、亞杜蘭、梭哥、亞西加、|zh
770|15|35|35|Jarmuth, and Adullam, Socoh, and Azekah;|en
771|15|36|36|沙拉音、亞底他音、基底拉、基底羅他音，共十四座城，還有屬城的村莊。|zh
772|15|36|36|And Shaaraim, and Adithaim, and Gederah, and Gederothaim; fourteen towns with their unwalled places.|en
773|15|37|37|又有洗楠、哈大沙、麥大迦得、|zh
774|15|37|37|Zenan, and Hadashah, and Migdal-gad;|en
775|15|38|38|底連、米斯巴、約帖、|zh
776|15|38|38|And Dilan, and Mizpeh, and Joktheel;|en
777|15|39|39|拉吉、波斯加、伊磯倫、|zh
778|15|39|39|Lachish, and Bozkath, and Eglon;|en
779|15|40|40|迦本、拉幔、基提利、|zh
780|15|40|40|And Cabbon, and Lahmas, and Chithlish;|en
781|15|41|41|基低羅、伯大袞、拿瑪、瑪基大，共十六座城，還有屬城的村莊。|zh
782|15|41|41|And Gederoth, Beth-dagon, and Naamah, and Makkedah; sixteen towns with their unwalled places.|en
783|15|42|42|又有立拿、以帖、亞珊、|zh
784|15|42|42|Libnah, and Ether, and Ashan;|en
785|15|43|43|益弗他、亞實拿、尼悉、|zh
786|15|43|43|And Iphtah, and Ashnah, and Nezib;|en
787|15|44|44|基伊拉、亞革悉、瑪利沙，共九座城，還有屬城的村莊。|zh
788|15|44|44|And Keilah, and Achzib, and Mareshah; nine towns with their unwalled places.|en
789|15|45|45|又有以革倫和屬以革倫的鎮市村莊；|zh
790|15|45|45|Ekron, with her daughter-towns and her unwalled places;|en
791|15|46|46|從以革倫直到海，一切靠近亞實突之地，並屬其地的村莊。|zh
792|15|46|46|From Ekron to the sea, all the towns by the side of Ashdod, with their unwalled places.|en
793|15|47|47|亞實突和屬亞實突的鎮市村莊；迦薩和屬迦薩的鎮市村莊；直到埃及小河，並大海和靠近大海之地。|zh
794|15|47|47|Ashdod, with her daughter-towns and her unwalled places; Gaza, with her daughter-towns and her unwalled places, to the stream of Egypt, with the Great Sea as a limit.|en
795|15|48|48|在山地有沙密、雅提珥、梭哥、|zh
796|15|48|48|And in the hill-country, Shamir, and Jattir, and Socoh;|en
797|15|49|49|大拿、基列薩拿（基列薩拿就是底璧）、|zh
798|15|49|49|And Dannah, and Kiriath-sannah (which is Debir);|en
799|15|50|50|亞拿伯、以實提莫、亞念、|zh
800|15|50|50|And Anab, and Eshtemoh, and Anim;|en
801|15|51|51|歌珊、何倫、基羅，共十一座城，還有屬城的村莊。|zh
802|15|51|51|And Goshen, and Holon, and Giloh; eleven towns with their unwalled places.|en
803|15|52|52|又有亞拉、度瑪、以珊、|zh
804|15|52|52|Arab, and Dumah, and Eshan;|en
805|15|53|53|雅農、伯他普亞、亞非加、|zh
806|15|53|53|And Janim, and Beth-tappuah, and Aphekah;|en
807|15|54|54|宏他、基列亞巴（基列亞巴就是希伯崙）、洗珥，共九座城，還有屬城的村莊。|zh
808|15|54|54|And Humtah, and Kiriath-arba (which is Hebron), and Zior; nine towns with their unwalled places.|en
809|15|55|55|又有瑪雲、迦密、西弗、淤他、|zh
810|15|55|55|Maon, Carmel, and Ziph, and Jutah;|en
811|15|56|56|耶斯列、約甸、撒挪亞、|zh
812|15|56|56|And Jezreel, and Jokdeam, and Zanoah;|en
813|15|57|57|該隱、基比亞、亭納，共十座城，還有屬城的村莊。|zh
814|15|57|57|Kain, Gibeah, and Timnah; ten towns with their unwalled places.|en
815|15|58|58|又有哈忽、伯夙、基突、|zh
816|15|58|58|Halhul, Beth-zur, and Gedor;|en
817|15|59|59|瑪臘、伯亞諾、伊勒提君，共六座城，還有屬城的村莊。|zh
818|15|59|59|And Maarath, and Beth-anoth, and Eltekon; six towns with their unwalled places.|en
819|15|60|60|又有基列巴力（基列巴力就是基列耶琳）、拉巴，共兩座城，還有屬城的村莊。|zh
820|15|60|60|Kiriath-baal (which is Kiriath-jearim), and Rabbah; two towns with their unwalled places.|en
821|15|61|61|在曠野有伯亞拉巴、密丁、西迦迦、|zh
822|15|61|61|In the waste land, Beth-arabah, Middin, and Secacah;|en
823|15|62|62|匿珊、鹽城、隱基底，共六座城，還有屬城的村莊。|zh
824|15|62|62|And Nibshan, and the Town of Salt, and En-gedi; six towns with their unwalled places.|en
825|15|63|63|至於住耶路撒冷的耶布斯人，猶大人不能把他們趕出去，耶布斯人卻在耶路撒冷與猶大人同住，直到今日。|zh
826|15|63|63|And as for the Jebusites living in Jerusalem, the children of Judah were unable to make them go out; but the Jebusites are living with the children of Judah at Jerusalem, to this day.|en
827|16|1|1|約瑟的子孫拈鬮所得之地是從靠近耶利哥的約但河起，以耶利哥東邊的水為界：從耶利哥上去，通過山地的曠野，到伯特利；|zh
828|16|1|1|And the limit of the land marked out for the children of Joseph went out from Jordan at Jericho, at the waters of Jericho on the east, in the waste land, going up from Jericho through the hill-country to Beth-el;|en
829|16|2|2|又從伯特利到路斯，接連到亞基人的境界，至亞他綠；|zh
830|16|2|2|And it goes out from Beth-el to Luz, and on as far as the limit of the Archites to Ataroth;|en
831|16|3|3|又往西下到押利提人的境界，到下伯和崙的境界，直到基色，通到海為止。|zh
832|16|3|3|And it goes down to the west to the limit of the Japhletites, to the limit of Beth-horon the lower, as far as Gezer; ending at the sea.|en
833|16|4|4|約瑟的兒子瑪拿西、以法蓮就得了他們的地業。|zh
834|16|4|4|And the children of Joseph, Manasseh and Ephraim, took their heritage.|en
835|16|5|5|以法蓮子孫的境界，按著宗族所得的，記在下面：他們地業的東界是亞他綠亞達到上伯和崙；|zh
836|16|5|5|And the limit of the land of the children of Ephraim by their families was marked out in this way: the limit of their heritage to the east was Ataroth-addar, to Beth-horon the higher;|en
837|16|6|6|往西通到北邊的密米他，又向東繞到他納示羅，又接連到雅挪哈的東邊；|zh
838|16|6|6|The line goes out to the west at Michmethath on the north; then turning to the east to Taanath-shiloh, going past it on the east of Janoah;|en
839|16|7|7|從雅挪哈下到亞他綠，又到拿拉，達到耶利哥，通到約但河為止；|zh
840|16|7|7|And from Janoah down to Ataroth, and to Naarah, and touching Jericho, it goes on to Jordan.|en
841|16|8|8|從他普亞往西，到加拿河，直通到海為止。這就是以法蓮支派按著宗族所得的地業。|zh
842|16|8|8|From Tappuah the line goes on to the west to the river of Kanah; ending at the sea. This is the heritage of the children of Ephraim by their families;|en
843|16|9|9|另外在瑪拿西人地業中得了些城邑和屬城的村莊。這都是分給以法蓮子孫的。|zh
844|16|9|9|Together with the towns marked out for the children of Ephraim in the heritage of Manasseh, all the towns with their unwalled places.|en
845|16|10|10|他們沒有趕出住基色的迦南人；迦南人卻住在以法蓮人中間，成為作苦工的僕人，直到今日。|zh
846|16|10|10|And the Canaanites who were living in Gezer were not forced out; but the Canaanites have been living among Ephraim, to this day, as servants, doing forced work.|en
847|17|1|1|瑪拿西是約瑟的長子，他的支派拈鬮所得之地記在下面。至於瑪拿西的長子基列之父（父或作：主）瑪吉，因為是勇士就得了基列和巴珊。|zh
848|17|1|1|And this was the part marked out for the tribe of Manasseh, because he was the oldest son of Joseph. As for Machir, the oldest son of Manasseh, the father of Gilead, because he was a man of war he had Gilead and Bashan.|en
849|17|2|2|瑪拿西其餘的子孫，按著宗族拈鬮分地，就是亞比以謝子孫，希勒子孫，亞斯列子孫，示劍子孫，希弗子孫，示米大子孫；這些按著宗族，都是約瑟兒子瑪拿西子孫的男丁。|zh
850|17|2|2|And as for the rest of the children of Manasseh, their heritage was given to them by families; for the children of Abiezer, and for the children of Helek, and for the children of Asriel, and for the children of Shechem, and for the children of Hepher, and for the children of Shemida: these were the male children of Manasseh, the son of Joseph, by their families.|en
851|17|3|3|瑪拿西的元孫，瑪吉的曾孫，基列的孫子，希弗的兒子西羅非哈沒有兒子，只有女兒。他的女兒名叫瑪拉、挪阿、曷拉、密迦、得撒；|zh
852|17|3|3|But Zelophehad, the son of Hepher, the son of Gilead, the son of Machir, the son of Manasseh, had no sons, but only daughters; and these are the names of his daughters: Mahlah, and Noah, Hoglah, Milcah, and Tirzah.|en
853|17|4|4|他們來到祭司以利亞撒和嫩的兒子約書亞並眾首領面前，說：耶和華曾吩咐摩西在我們弟兄中分給我們產業。於是約書亞照耶和華所吩咐的，在他們伯叔中，把產業分給他們。|zh
854|17|4|4|And they came before Eleazar the priest, and Joshua, the son of Nun, and before the chiefs, saying, The Lord gave orders to Moses to give us a heritage among our brothers: so in agreement with the orders of the Lord he gave them a heritage among their father's brothers.|en
855|17|5|5|除了約但河東的基列和巴珊地之外，還有十分地歸瑪拿西，|zh
856|17|5|5|And ten parts were given to Manasseh, in addition to the land of Gilead and Bashan, which is on the other side of Jordan;|en
857|17|6|6|因為瑪拿西的孫女們在瑪拿西的孫子中得了產業。基列地是屬瑪拿西其餘的子孫。|zh
858|17|6|6|Because the daughters of Manasseh had a heritage among his sons, and the land of Gilead was the property of the other sons of Manasseh.|en
859|17|7|7|瑪拿西的境界：從亞設起，到示劍前的密米他，往北到隱他普亞居民之地。|zh
860|17|7|7|And the limit of Manasseh's land was from Asher to Michmethath, which is before Shechem; the line goes on to the right hand, to the people of En-tappuah.|en
861|17|8|8|他普亞地歸瑪拿西，只是瑪拿西境界上的他普亞城歸以法蓮子孫。|zh
862|17|8|8|The land of Tappuah was the property of Manasseh; but Tappuah on the edge of Manasseh was the property of the children of Ephraim.|en
863|17|9|9|其界下到加拿河的南邊。在瑪拿西城邑中的這些城邑都歸以法蓮。瑪拿西的地界是在河北直通到海為止；|zh
864|17|9|9|And the limit goes down to the stream Kanah, to the south of the stream: these towns were Ephraim's among the towns of Manasseh; Manasseh's limit was on the north side of the stream, ending at the sea:|en
865|17|10|10|南歸以法蓮，北歸瑪拿西，以海為界；北邊到亞設，東邊到以薩迦。|zh
866|17|10|10|To the south it is Ephraim's, and to the north it is Manasseh's, and the sea is his limit; and they are touching Asher on the north, and Issachar on the east.|en
867|17|11|11|瑪拿西在以薩迦和亞設境內，有伯善和屬伯善的鎮市，以伯蓮和屬以伯蓮的鎮市，多珥的居民和屬多珥的鎮市；又有三處山岡，就是隱多珥和屬隱多珥的鎮市；他納的居民和屬他納的鎮市，米吉多的居民和屬米吉多的鎮市。|zh
868|17|11|11|In Issachar and Asher, Manasseh had Beth-shean and its daughter-towns, and Ibleam and its daughter-towns, and the people of Dor and its daughter-towns, and the people of En-dor and its daughter-towns, and the people of Taanach and its daughter-towns, and the people of Megiddo and its daughter-towns, that is, the three hills.|en
869|17|12|12|只是瑪拿西子孫不能趕出這些城的居民，迦南人偏要住在那地。|zh
870|17|12|12|But the children of Manasseh were not able to make the people of those towns go out; but the Canaanites would go on living in that land.|en
871|17|13|13|及至以色列人強盛了，就使迦南人做苦工，沒有把他們全然趕出。|zh
872|17|13|13|And when the children of Israel had become strong, they put the Canaanites to forced work, in place of driving them out.|en
873|17|14|14|約瑟的子孫對約書亞說：耶和華到如今既然賜福與我們，我們也族大人多，你為甚麼僅將一鬮一段之地分給我們為業呢？|zh
874|17|14|14|Then the children of Joseph said to Joshua, Why have you given me only one part and one stretch of land for my heritage? For through the blessing given to me by the Lord up to now, I am a great people.|en
875|17|15|15|約書亞說：你們如果族大人多，嫌以法蓮山地窄小，就可以上比利洗人、利乏音人之地，在樹林中砍伐樹木。|zh
876|17|15|15|Then Joshua said to them, If you are such a great people, go up into the woodlands, clearing a place there for yourselves in the land of the Perizzites and the Rephaim, if the hill-country of Ephraim is not wide enough for you.|en
877|17|16|16|約瑟的子孫說：那山地容不下我們，並且住平原的迦南人，就是住伯善和屬伯善的鎮市，並住耶斯列平原的人，都有鐵車。|zh
878|17|16|16|And the children of Joseph said, The hill-country is not enough for us: and all the Canaanites living in the valley have iron war-carriages, those in Beth-shean and its towns as well as those in the valley of Jezreel.|en
879|17|17|17|約書亞對約瑟家，就是以法蓮和瑪拿西人，說：你是族大人多，並且強盛，不可僅有一鬮之地，|zh
880|17|17|17|Then Joshua said to the children of Joseph, to Ephraim and Manasseh, You are a great people, and have great power: you are not to have one property only,|en
881|17|18|18|山地也要歸你，雖是樹林，你也可以砍伐；靠近之地必歸你。迦南人雖有鐵車，雖是強盛，你也能把他們趕出去。|zh
882|17|18|18|For the hill-country of Gilead will be yours ... the woodland and cut down ... its outskirts will be yours ... get the Canaanites out, for they have iron war-carriages ... strong.|en
883|18|1|1|以色列的全會眾都聚集在示羅，把會幕設立在那裡，那地已經被他們制伏了。|zh
884|18|1|1|And all the meeting of the children of Israel came together at Shiloh and put up the Tent of meeting there: and the land was crushed before them.|en
885|18|2|2|以色列人中其餘的七個支派還沒有分給他們地業。|zh
886|18|2|2|But there were still seven tribes among the children of Israel who had not taken up their heritage.|en
887|18|3|3|約書亞對以色列人說：耶和華─你們列祖的神所賜給你們的地，你們耽延不去得，要到幾時呢？|zh
888|18|3|3|Then Joshua said to the children of Israel, Why are you so slow to go in and take up your heritage in the land which the Lord, the God of your fathers, has given you?|en
889|18|4|4|你們每支派當選舉三個人，我要打發他們去，他們就要起身走遍那地，按著各支派應得的地業寫明（或作：畫圖），就回到我這裡來。|zh
890|18|4|4|Take from among you three men from every tribe; and I will send them to go through the land and make a record of it for distribution as their heritage; then let them come back to me.|en
891|18|5|5|他們要將地分做七分；猶大仍在南方，住在他的境內。約瑟家仍在北方，住在他的境內。|zh
892|18|5|5|And let them make division of it into seven parts: let Judah keep inside his limit on the south, and let the children of Joseph keep inside their limit on the north.|en
893|18|6|6|你們要將地分做七分，寫明了拿到我這裡來。我要在耶和華─我們神面前，為你們拈鬮。|zh
894|18|6|6|And you are to have the land marked out in seven parts, and come back to me with the record; and I will make the distribution for you here by the decision of the Lord our God.|en
895|18|7|7|利未人在你們中間沒有分，因為供耶和華祭司的職任就是他們的產業。迦得支派、流便支派，和瑪拿西半支派已經在約但河東得了地業，就是耶和華僕人摩西所給他們的。|zh
896|18|7|7|For the Levites have no part among you; to be the Lord's priests is their heritage; and Gad and Reuben and the half-tribe of Manasseh have had their heritage on the east side of Jordan, given to them by Moses, the servant of the Lord.|en
897|18|8|8|劃地勢的人起身去的時候，約書亞囑咐他們說：你們去走遍那地，劃明地勢，就回到我這裡來。我要在示羅這裡，耶和華面前，為你們拈鬮。|zh
898|18|8|8|So the men got up and went; and Joshua gave orders to those who went, to make a record of the land, saying, Go up and down through the land, and make a record of it and come back here to me, and I will make the distribution for you here by the decision of the Lord in Shiloh.|en
899|18|9|9|他們就去了，走遍那地，按著城邑分做七分，寫在冊子上，回到示羅營中見約書亞。|zh
900|18|9|9|So the men went, travelling through the land, and made a record of it by towns in seven parts in a book, and came back to Joshua to the tent-circle at Shiloh.|en
901|18|10|10|約書亞就在示羅，耶和華面前，為他們拈鬮。約書亞在那裡，按著以色列人的支派，將地分給他們。|zh
902|18|10|10|And Joshua made the distribution for them in Shiloh by the decision of the Lord, marking out the land for the children of Israel by their divisions.|en
903|18|11|11|便雅憫支派，按著宗族拈鬮所得之地，是在猶大、約瑟子孫中間。|zh
904|18|11|11|And the first heritage came out for the tribe of Benjamin by their families: and the limit of their heritage went between the children of Judah and the children of Joseph.|en
905|18|12|12|他們的北界是從約但河起，往上貼近耶利哥的北邊；又往西通過山地，直到伯亞文的曠野；|zh
906|18|12|12|And their limit on the north was from the Jordan, and the line goes up to the side of Jericho on the north and through the hill-country to the west, ending at the waste land of Beth-aven.|en
907|18|13|13|從那裡往南接連到路斯，貼近路斯（路斯就是伯特利），又下到亞他綠亞達，靠近下伯和崙南邊的山；|zh
908|18|13|13|And from there the line goes south to Luz, to the side of Luz (which is Beth-el), then down to Ataroth-addar, by the mountain to the south of Beth-horon the lower.|en
909|18|14|14|從那裡往西，又轉向南，從伯和崙南對面的山，直達到猶大人的城基列巴力（基列巴力就是基列耶琳）；這是西界。|zh
910|18|14|14|And the limit is marked as coming round to the south on the west side from the mountain which is south of Beth-horon, and ending at Kiriath-baal (which is Kiriath-jearim), a town of the children of Judah: this is the west part.|en
911|18|15|15|南界是從基列耶琳的儘邊起，往西達到尼弗多亞的水源；|zh
912|18|15|15|And the south part is from the farthest point of Kiriath-jearim, and the line goes out to the west to the fountain of the waters of Nephtoah:|en
913|18|16|16|又下到欣嫩子谷對面山的儘邊，就是利乏音谷北邊的山；又下到欣嫩谷，貼近耶布斯的南邊；又下到隱羅結；|zh
914|18|16|16|And the line goes down to the farthest part of the mountain facing the valley of the son of Hinnom, which is on the north of the valley of Rephaim: from there it goes down to the valley of Hinnom, to the side of the Jebusite on the south as far as En-rogel;|en
915|18|17|17|又往北通到隱示麥，達到亞都冥坡對面的基利綠；又下到流便之子波罕的磐石；|zh
916|18|17|17|And it goes to En-shemesh and on to Geliloth, opposite the way up to Adummim, and it goes down to the stone of Bohan, the son of Reuben;|en
917|18|18|18|又接連到亞拉巴對面，往北下到亞拉巴；|zh
918|18|18|18|And it goes on to the side facing the Arabah to the north, and down to the Arabah;|en
919|18|19|19|又接連到伯曷拉的北邊，直通到鹽海的北汊，就是約但河的南頭；這是南界。|zh
920|18|19|19|And on to the north side of Beth-hoglah, ending at the north inlet of the Salt Sea at the south end of Jordan; this is their limit on the south.|en
921|18|20|20|東界是約但河。這是便雅憫人按著宗族，照他們四圍的交界所得的地業。|zh
922|18|20|20|And the limit of the east part is the Jordan. This is the heritage of the children of Benjamin, marked out for their families by these limits on all sides.|en
923|18|21|21|便雅憫支派按著宗族所得的城邑就是：耶利哥、伯曷拉、伊麥基悉、|zh
924|18|21|21|And the towns of the children of Benjamin, given to them in the order of their families, are Jericho and Beth-hoglah and Emek-kezziz|en
925|18|22|22|伯亞拉巴、洗瑪臉、伯特利、|zh
926|18|22|22|And Beth-arabah and Zemaraim and Beth-el|en
927|18|23|23|亞文、巴拉、俄弗拉、|zh
928|18|23|23|And Avvim and Parah and Ophrah|en
929|18|24|24|基法阿摩尼、俄弗尼、迦巴，共十二座城，還有屬城的村莊；|zh
930|18|24|24|And Chephar-Ammoni and Ophni and Geba; twelve towns with their unwalled places;|en
931|18|25|25|又有基遍、拉瑪、比錄、|zh
932|18|25|25|Gibeon and Ramah and Beeroth|en
933|18|26|26|米斯巴、基非拉、摩撒、|zh
934|18|26|26|And Mizpeh and Chephirah and Mozah|en
935|18|27|27|利堅、伊利毘勒、他拉拉、|zh
936|18|27|27|And Rekem and Irpeel and Taralah|en
937|18|28|28|洗拉、以利弗、耶布斯（耶布斯就是耶路撒冷）、基比亞、基列，共十四座城，還有屬城的村莊。這是便雅憫人按著宗族所得的地業。|zh
938|18|28|28|And Zela, Eleph and the Jebusite (which is Jerusalem), Gibeath and Kiriath; fourteen towns with their unwalled places. This is the heritage of the children of Benjamin by their families.|en
939|19|1|1|為西緬支派的人，按著宗族，拈出第二鬮。他們所得的地業是在猶大人地業中間。|zh
940|19|1|1|And the second heritage came out for the tribe of Simeon by their families; and their heritage was in the middle of the heritage of the children of Judah.|en
941|19|2|2|他們所得為業之地就是：別是巴（或名示巴）、摩拉大、|zh
942|19|2|2|And they had for their heritage Beer-sheba and Shema and Moladah|en
943|19|3|3|哈薩書亞、巴拉、以森、|zh
944|19|3|3|And Hazar-shual and Balah and Ezem|en
945|19|4|4|伊利多拉、比土力、何珥瑪、|zh
946|19|4|4|And Eltolad and Bethul and Hormah|en
947|19|5|5|洗革拉、伯瑪加博、哈薩蘇撒、|zh
948|19|5|5|And Ziklag and Beth-marcaboth and Hazar-susah|en
949|19|6|6|伯利巴勿、沙魯險，共十三座城，還有屬城的村莊；|zh
950|19|6|6|And Beth-lebaoth and Sharuhen; thirteen towns with their unwalled places;|en
951|19|7|7|又有亞因、利門、以帖、亞珊，共四座城，還有屬城的村莊；|zh
952|19|7|7|Ain, Rimmon, and Ether and Ashan; four towns with their unwalled places;|en
953|19|8|8|並有這些城邑四圍一切的村莊，直到巴拉比珥，就是南地的拉瑪。這是西緬支派按著宗族所得的地業。|zh
954|19|8|8|And all the unwalled places round about these towns as far as Baalath-beer-ramah to the south. This is the heritage of the tribe of Simeon by their families.|en
955|19|9|9|西緬人的地業是從猶大人地業中得來的；因為猶大人的分過多，所以西緬人在他們的地業中得了地業。|zh
956|19|9|9|The heritage of Simeon was taken out of Judah's stretch of land, for Judah's part was more than they had need of, so the heritage of the children of Simeon was inside their heritage.|en
957|19|10|10|為西布倫人，按著宗族，拈出第三鬮。他們地業的境界是到撒立；|zh
958|19|10|10|And the third heritage came out for Zebulun by their families; the limit of their heritage was as far as Sarid;|en
959|19|11|11|往西上到瑪拉拉，達到大巴設，又達到約念前的河；|zh
960|19|11|11|And their limit goes up to the west to Maralah, stretching to Dabbesheth, and to the stream in front of Jokneam;|en
961|19|12|12|又從撒立往東轉向日出之地，到吉斯綠他泊的境界，又通到大比拉，上到雅非亞；|zh
962|19|12|12|Then turning east from Sarid to the limit of Chisloth-tabor, it goes out to Daberath, and up to Japhia;|en
963|19|13|13|從那裡往東，接連到迦特希弗，至以特加汛，通到臨門，臨門延到尼亞；|zh
964|19|13|13|And from there it goes on east to Gath-hepher, to Eth-kazin; ending at Rimmon which goes as far as Neah;|en
965|19|14|14|又繞過尼亞的北邊，轉到哈拿頓，通到伊弗他伊勒谷。|zh
966|19|14|14|And the line goes round it on the north to Hannathon, ending at the valley of Iphtah-el;|en
967|19|15|15|還有加他、拿哈拉、伸崙、以大拉、伯利恆，共十二座城，還有屬城的村莊。|zh
968|19|15|15|And Kattath and Nahalal and Shimron and Idalah and Beth-lehem; twelve towns with their unwalled places.|en
969|19|16|16|這些城並屬城的村莊就是西布倫人按著宗族所得的地業。|zh
970|19|16|16|This is the heritage of the children of Zebulun by their families, these towns with their unwalled places.|en
971|19|17|17|為以薩迦人，按著宗族，拈出第四鬮。|zh
972|19|17|17|For Issachar the fourth heritage came out, for the children of Issachar by their families;|en
973|19|18|18|他們的境界是到耶斯列、基蘇律、書念、|zh
974|19|18|18|And their limit was to Jezreel and Chesulloth and Shunem|en
975|19|19|19|哈弗連、示按、亞拿哈拉、|zh
976|19|19|19|And Hapharaim and Shion and Anaharath|en
977|19|20|20|拉璧、基善、亞別、|zh
978|19|20|20|And Rabbith and Kishion and Ebez|en
979|19|21|21|利篾、隱干寧、隱哈大、伯帕薛；|zh
980|19|21|21|And Remeth and En-gannim and En-haddah and Beth-pazzez;|en
981|19|22|22|又達到他泊、沙哈洗瑪、伯示麥，直通到約但河為止，共十六座城，還有屬城的村莊。|zh
982|19|22|22|And their limit goes as far as Tabor and Shahazimah and Beth-shemesh, ending at Jordan; sixteen towns with their unwalled places.|en
983|19|23|23|這些城並屬城的村莊就是以薩迦支派按著宗族所得的地業。|zh
984|19|23|23|This is the heritage of the tribe of the children of Issachar by their families, these towns with their unwalled places.|en
985|19|24|24|為亞設支派，按著宗族，拈出第五鬮。|zh
986|19|24|24|And the fifth heritage came out for the tribe of Asher by their families.|en
987|19|25|25|他們的境界是黑甲、哈利、比田、押煞、|zh
988|19|25|25|And their limit was Helkath and Hali and Beten and Achshaph|en
989|19|26|26|亞拉米勒、亞末、米沙勒；往西達到迦密，又到希曷立納，|zh
990|19|26|26|And Alammelech and Amad and Mishal, stretching to Carmel on the west and Shihor-libnath;|en
991|19|27|27|轉向日出之地，到伯大袞，達到細步綸往北到伊弗他伊勒谷，到伯以墨和尼業，也通到迦步勒的左邊；|zh
992|19|27|27|Turning to the east to Beth-dagon and stretching to Zebulun and the valley of Iphtah-el as far as Beth-emek and Neiel to the north; on the left it goes as far as Cabul|en
993|19|28|28|又到義伯崙、利合、哈們、加拿，直到西頓大城；|zh
994|19|28|28|And Ebron and Rehob and Hammon and Kanah, to great Zidon;|en
995|19|29|29|轉到拉瑪和堅固城推羅；又轉到何薩，靠近亞革悉一帶地方，直通到海；|zh
996|19|29|29|And the limit goes round to Ramah and the walled town of Tyre and Hosah, ending at the sea by Heleb and Achzib;|en
997|19|30|30|又有烏瑪、亞弗、利合，共二十二座城，還有屬城的村莊。|zh
998|19|30|30|And Ummah and Aphek and Rehob; twenty-two towns with their unwalled places.|en
999|19|31|31|這些城並屬城的村莊就是亞設支派按著宗族所得的地業。|zh
1000|19|31|31|This is the heritage of the tribe of the children of Asher by their families, these towns with their unwalled places.|en
1001|19|32|32|為拿弗他利人，按著宗族，拈出第六鬮。|zh
1002|19|32|32|For the children of Naphtali the sixth heritage came out, for the children of Naphtali by their families;|en
1003|19|33|33|他們的境界是從希利弗從撒拿音的橡樹，從亞大米尼吉和雅比聶，直到拉共，通到約但河；|zh
1004|19|33|33|And their limit was from Heleph, from the oak-tree in Zaanannim, and Adami-hannekeb and Jabneel, as far as Lakkum, ending at Jordan;|en
1005|19|34|34|又轉向西到亞斯納他泊，從那裡通到戶割，南邊到西布倫，西邊到亞設，又向日出之地，達到約但河那裡的猶大。|zh
1006|19|34|34|And turning west to Aznoth-tabor, the limit goes out from there to Hukkok, stretching to Zebulun on the south, and Asher on the west, and Judah at Jordan on the east.|en
1007|19|35|35|堅固的城就是：西丁、側耳、哈末、拉甲、基尼烈、|zh
1008|19|35|35|And the walled towns are Ziddim, Zer, and Hammath, Rakkath, and Chinnereth|en
1009|19|36|36|亞大瑪、拉瑪、夏瑣、|zh
1010|19|36|36|And Adamah and Ramah and Hazor|en
1011|19|37|37|基低斯、以得來、隱夏瑣、|zh
1012|19|37|37|And Kedesh and Edrei and En-Hazor|en
1013|19|38|38|以利穩、密大伊勒、和璉、伯亞納、伯示麥，共十九座城，還有屬城的村莊。|zh
1014|19|38|38|And Iron and Migdal-el, Horem and Beth-anath and Beth-shemesh; nineteen towns with their unwalled places.|en
1015|19|39|39|這些城並屬城的村莊就是拿弗他利支派按著宗族所得的地業。|zh
1016|19|39|39|This is the heritage of the tribe of the children of Naphtali by their families, these towns with their unwalled places.|en
1017|19|40|40|為但支派，按著宗族，拈出第七鬮。|zh
1018|19|40|40|For the tribe of Dan by their families the seventh heritage came out;|en
1019|19|41|41|他們地業的境界是瑣拉、以實陶、伊珥示麥、|zh
1020|19|41|41|And the limit of their heritage was Zorah and Eshtaol and Ir-shemesh|en
1021|19|42|42|沙拉賓、亞雅崙、伊提拉、|zh
1022|19|42|42|And Shaalabbin and Aijalon and Ithlah|en
1023|19|43|43|以倫、亭拿他、以革倫、|zh
1024|19|43|43|And Elon and Timnah and Ekron|en
1025|19|44|44|伊利提基、基比頓、巴拉、|zh
1026|19|44|44|And Eltekeh and Gibbethon and Baalath|en
1027|19|45|45|伊胡得、比尼比拉、迦特臨門、|zh
1028|19|45|45|And Jehud and Bene-berak and Gath-rimmon;|en
1029|19|46|46|美耶昆、拉昆，並約帕對面的地界。|zh
1030|19|46|46|And on the west was ... opposite Joppa.|en
1031|19|47|47|但人的地界越過原得的地界；因為但人上去攻取利善，用刀擊殺城中的人，得了那城，住在其中，以他們先祖但的名將利善改名為但。|zh
1032|19|47|47|(But the limit of the children of Dan was not wide enough for them; so the children of Dan went up and made war on Leshem and took it, putting it to the sword without mercy, and they took it for their heritage and made a place for themselves there, giving it the name of Leshem-dan, after the name of their father, Dan.)|en
1033|19|48|48|這些城並屬城的村莊就是但支派按著宗族所得的地業。|zh
1034|19|48|48|This is the heritage of the tribe of the children of Dan by their families, these towns with their unwalled places.|en
1035|19|49|49|以色列人按著境界分完了地業，就在他們中間將地給嫩的兒子約書亞為業，|zh
1036|19|49|49|So the distribution of the land and its limits was complete; and the children of Israel gave Joshua, the son of Nun, a heritage among them;|en
1037|19|50|50|是照耶和華的吩咐，將約書亞所求的城，就是以法蓮山地的亭拿西拉城，給了他。他就修那城，住在其中。|zh
1038|19|50|50|By the orders of the Lord they gave him the town for which he made request, Timnath-serah in the hill-country of Ephraim: there, after building the town, he made his living-place.|en
1039|19|51|51|這就是祭司以利亞撒和嫩的兒子約書亞，並以色列各支派的族長，在示羅會幕門口，耶和華面前，拈鬮所分的地業。這樣，他們把地分完了。|zh
1040|19|51|51|These are the heritages which Eleazar the priest and Joshua, the son of Nun, and the heads of families of the tribes of the children of Israel gave out at Shiloh, by the decision of the Lord, at the door of the Tent of meeting. So the distribution of the land was complete.|en
1041|20|1|1|耶和華曉諭約書亞說：|zh
1042|20|1|1|And the Lord said to Joshua,|en
1043|20|2|2|你吩咐以色列人說：你們要照著我藉摩西所曉諭你們的，為自己設立逃城，|zh
1044|20|2|2|Say to the children of Israel, Let certain towns be marked out as safe places, as I said to you by the mouth of Moses,|en
1045|20|3|3|使那無心而誤殺人的，可以逃到那裡。這些城可以作你們逃避報血仇人的地方。|zh
1046|20|3|3|So that any man who in error and without design has taken the life of another, may go in flight to them: and they will be safe places for you from him who has the right of punishment for blood.|en
1047|20|4|4|那殺人的要逃到這些城中的一座城，站在城門口，將他的事情說給城內的長老們聽。他們就把他收進城裡，給他地方，使他住在他們中間。|zh
1048|20|4|4|And if anyone goes in flight to one of those towns, and comes into the public place of the town, and puts his cause before the responsible men of the town, they will take him into the town and give him a place among them where he may be safe.|en
1049|20|5|5|若是報血仇的追了他來，長老不可將他交在報血仇的手裡；因為他是素無仇恨，無心殺了人的。|zh
1050|20|5|5|And if the one who has the right of punishment comes after him, they are not to give the taker of life up to him; because he was the cause of his neighbour's death without designing it and not in hate.|en
1051|20|6|6|他要住在那城裡，站在會眾面前聽審判，等到那時的大祭司死了，殺人的才可以回到本城本家，就是他所逃出來的那城。|zh
1052|20|6|6|And he is to go on living in that town till he has to come before the meeting of the people to be judged; (till the death of him who is high priest at that time:) then the taker of life may come back to his town and to his house, to the town from which he had gone in flight.|en
1053|20|7|7|於是，以色列人在拿弗他利山地分定加利利的基低斯；在以法蓮山地分定示劍；在猶大山地分定基列亞巴（基列亞巴就是希伯崙）；|zh
1054|20|7|7|So they made selection of Kedesh in Galilee in the hill-country of Naphtali, and Shechem in the hill-country of Ephraim, and Kiriath-arba (which is Hebron) in the hill-country of Judah.|en
1055|20|8|8|又在約但河外耶利哥東，從流便支派中，在曠野的平原，設立比悉；從迦得支派中設立基列的拉末；從瑪拿西支派中設立巴珊的哥蘭。|zh
1056|20|8|8|And on the east side of Jordan at Jericho, they made selection of Bezer in the waste land, in the table-land, out of the tribe of Reuben, and Ramoth in Gilead out of the tribe of Gad, and Golan in Bashan out of the tribe of Manasseh.|en
1057|20|9|9|這都是為以色列眾人和在他們中間寄居的外人所分定的地邑，使誤殺人的都可以逃到那裡，不死在報血仇人的手中，等他站在會眾面前聽審判。|zh
1058|20|9|9|These were the towns marked out for all the children of Israel and for the man from a strange country living among them, so that anyone causing the death of another in error, might go in flight there, and not be put to death by him who has the right of punishment for blood till he had come before the meeting of the people.|en
1059|21|1|1|那時，利未人的眾族長來到祭司以利亞撒和嫩的兒子約書亞，並以色列各支派的族長面前，|zh
1060|21|1|1|Then the heads of the families of the Levites came to Eleazar the priest and Joshua, the son of Nun, and to the heads of families of the tribes of the children of Israel;|en
1061|21|2|2|在迦南地的示羅對他們說：從前耶和華藉著摩西吩咐給我們城邑居住，並城邑的郊野可以牧養我們的牲畜。|zh
1062|21|2|2|And said to them in Shiloh in the land of Canaan, The Lord gave orders by Moses that we were to have towns for living in, with their grass-lands for our cattle.|en
1063|21|3|3|於是以色列人照耶和華所吩咐的，從自己的地業中，將以下所記的城邑和城邑的郊野給了利未人。|zh
1064|21|3|3|And the children of Israel out of their heritage gave to the Levites these towns with their grass-lands, by the order of the Lord.|en
1065|21|4|4|為哥轄族拈鬮：利未人的祭司、亞倫的子孫，從猶大支派、西緬支派、便雅憫支派的地業中，按鬮得了十三座城。|zh
1066|21|4|4|And the heritage came out for the families of the Kohathites: the children of Aaron the priest, who were of the Levites, were given thirteen towns from the tribes of Judah, Simeon, and Benjamin.|en
1067|21|5|5|哥轄其餘的子孫，從以法蓮支派、但支派、瑪拿西半支派的地業中，按鬮得了十座城。|zh
1068|21|5|5|The rest of the children of Kohath by their families were given ten towns from the tribes of Ephraim and Dan and the half-tribe of Manasseh.|en
1069|21|6|6|革順的子孫，從以薩迦支派、亞設支派、拿弗他利支派、住巴珊的瑪拿西半支派的地業中，按鬮得了十三座城。|zh
1070|21|6|6|The children of Gershon by their families were given thirteen towns from the tribes of Issachar and Asher and Naphtali and the half-tribe of Manasseh which was in Bashan.|en
1071|21|7|7|米拉利的子孫，按著宗族，從流便支派、迦得支派、西布倫支派的地業中，按鬮得了十二座城。|zh
1072|21|7|7|The children of Merari by their families were given twelve towns from the tribes of Reuben and Gad and Zebulun.|en
1073|21|8|8|以色列人照著耶和華藉摩西所吩咐的，將這些城邑和城邑的郊野，按鬮分給利未人。|zh
1074|21|8|8|All these towns with their grass-lands the children of Israel gave by the decision of the Lord to the Levites, as the Lord had given orders by Moses.|en
1075|21|9|9,10 |從猶大支派、西緬支派的地業中，將以下所記的城給了利未支派哥轄宗族亞倫的子孫；因為給他們拈出頭一鬮，|zh
1076|21|9|9|From the tribes of the children of Judah and the children of Simeon they gave these towns, listed here by name:|en
1077|21|10|10|These were for the children of Aaron among the families of the Kohathites, of the children of Levi: for they came first in the distribution.|en
1078|21|11|11|將猶大山地的基列亞巴和四圍的郊野給了他們。亞巴是亞衲族的始祖。（基列亞巴就是希伯崙）。|zh
1079|21|11|11|They gave them Kiriath-arba, the town of Arba, the father of Anak, (which is Hebron) in the hill-country of Judah, with its grass-lands.|en
1080|21|12|12|惟將屬城的田地和村莊給了耶孚尼的兒子迦勒為業。|zh
1081|21|12|12|But the open country round the town, and its unwalled places, they gave to Caleb, the son of Jephunneh, as his property.|en
1082|21|13|13|以色列人將希伯崙，就是誤殺人的逃城和屬城的郊野，給了祭司亞倫的子孫；又給他們立拿和屬城的郊野，|zh
1083|21|13|13|And to the children of Aaron the priest they gave Hebron with its grass-lands, the town where the taker of life might be safe, and Libnah with its grass-lands;|en
1084|21|14|14|雅提珥和屬城的郊野，以實提莫和屬城的郊野，|zh
1085|21|14|14|And Jattir with its grass-lands, and Eshtemoa with its grass-lands;|en
1086|21|15|15|何崙和屬城的郊野，底璧和屬城的郊野，|zh
1087|21|15|15|And Holon with its grass-lands, and Debir with its grass-lands;|en
1088|21|16|16|亞因和屬城的郊野，淤他和屬城的郊野，伯示麥和屬城的郊野，共九座城，都是從這二支派中分出來的。|zh
1089|21|16|16|And Ain, and Juttah, and Beth-shemesh, with their grass-lands; nine towns from those two tribes.|en
1090|21|17|17|又從便雅憫支派的地業中給了他們基遍和屬城的郊野，迦巴和屬城的郊野，|zh
1091|21|17|17|And from the tribe of Benjamin they gave Gibeon and Geba with their grass-lands;|en
1092|21|18|18|亞拿突和屬城的郊野，亞勒們和屬城的郊野，共四座城。|zh
1093|21|18|18|Anathoth and Almon with their grass-lands, four towns.|en
1094|21|19|19|亞倫子孫作祭司的共有十三座城，還有屬城的郊野。|zh
1095|21|19|19|Thirteen towns with their grass-lands were given to the children of Aaron, the priests.|en
1096|21|20|20|利未支派中哥轄的宗族，就是哥轄其餘的子孫，拈鬮所得的城有從以法蓮支派中分出來的。|zh
1097|21|20|20|The rest of the families of the children of Kohath, the Levites, were given towns from the tribe of Ephraim.|en
1098|21|21|21|以色列人將以法蓮山地的示劍，就是誤殺人的逃城和屬城的郊野，給了他們；又給他們基色和屬城的郊野，|zh
1099|21|21|21|And they gave them Shechem with its grass-lands in the hill-country of Ephraim, the town where the taker of life might be safe, and Gezer with its grass-lands;|en
1100|21|22|22|基伯先和屬城的郊野，伯和崙和屬城的郊野，共四座城；|zh
1101|21|22|22|And Kibzaim and Beth-horon with their grass-lands, four towns.|en
1102|21|23|23|又從但支派的地業中給了他們伊利提基和屬城的郊野，基比頓和屬城的郊野，|zh
1103|21|23|23|And from the tribe of Dan, Elteke and Gibbethon with their grass-lands;|en
1104|21|24|24|亞雅崙和屬城的郊野，迦特臨門和屬城的郊野，共四座城；|zh
1105|21|24|24|Aijalon and Gath-rimmon with their grass-lands, four towns.|en
1106|21|25|25|又從瑪拿西半支派的地業中給了他們他納和屬城的郊野，迦特臨門和屬城的郊野，共兩座城。|zh
1107|21|25|25|And from the half-tribe of Manasseh, Taanach and Gath-rimmon with their grass-lands, two towns.|en
1108|21|26|26|哥轄其餘的子孫共有十座城，還有屬城的郊野。|zh
1109|21|26|26|All the towns of the rest of the families of the children of Kohath were ten with their grass-lands.|en
1110|21|27|27|以色列人又從瑪拿西半支派的地業中將巴珊的哥蘭，就是誤殺人的逃城和屬城的郊野，給了利未支派革順的子孫；又給他們比施提拉和屬城的郊野，共兩座城；|zh
1111|21|27|27|And to the children of Gershon, of the families of the Levites, they gave from the half-tribe of Manasseh, Golan in Bashan with its grass-lands, the town where the taker of life might be safe, and Ashtaroth with its grass-lands, two towns.|en
1112|21|28|28|又從以薩迦支派的地業中給了他們基善和屬城的郊野，大比拉和屬城的郊野，|zh
1113|21|28|28|And from the tribe of Issachar, Kishion and Daberath with their grass-lands;|en
1114|21|29|29|耶末和屬城的郊野，隱干寧和屬城的郊野，共四座城；|zh
1115|21|29|29|Jarmuth and En-gannim with their grass-lands, four towns.|en
1116|21|30|30|又從亞設支派的地業中給了他們米沙勒和屬城的郊野，押頓和屬城的郊野，|zh
1117|21|30|30|And from the tribe of Asher, Mishal and Abdon, with their grass-lands:|en
1118|21|31|31|黑甲和屬城的郊野，利合和屬城的郊野，共四座城；|zh
1119|21|31|31|Helkath and Rehob with their grass-lands, four towns.|en
1120|21|32|32|又從拿弗他利支派的地業中將加利利的基低斯，就是誤殺人的逃城和屬城的郊野，給了他們；又給他們哈末多珥和屬城的郊野，加珥坦和屬城的郊野，共三座城。|zh
1121|21|32|32|And from the tribe of Naphtali, Kedesh in Galilee with its grass-lands, the town where the taker of life might be safe, and Hammoth-dor and Kartan with their grass-lands, three towns.|en
1122|21|33|33|革順人按著宗族所得的城，共十三座，還有屬城的郊野。|zh
1123|21|33|33|All the towns of the Gershonites with their families were thirteen with their grass-lands.|en
1124|21|34|34|其餘利未支派米拉利子孫，從西布倫支派的地業中所得的，就是約念和屬城的郊野，加珥他和屬城的郊野，|zh
1125|21|34|34|And to the rest of the Levites, that is, the families of the children of Merari, they gave from the tribe of Zebulun, Jokneam and Kartah with their grass-lands;|en
1126|21|35|35|丁拿和屬城的郊野，拿哈拉和屬城的郊野，共四座城；|zh
1127|21|35|35|Dimnah and Nahalal with their grass-lands, four towns.|en
1128|21|36|36|又從流便支派的地業中給了他們比悉和屬城的郊野，雅雜和屬城的郊野，|zh
1129|21|36|36|And from the tribe of Reuben, Bezer and Jahaz with their grass-lands;|en
1130|21|37|37|基底莫和屬城的郊野，米法押和屬城的郊野，共四座城；|zh
1131|21|37|37|Kedemoth and Mephaath with their grass-lands, four towns.|en
1132|21|38|38|又從迦得支派的地業中，將基列的拉末，就是誤殺人的逃城和屬城的郊野，給了他們；又給他們瑪哈念和屬城的郊野，|zh
1133|21|38|38|And from the tribe of Gad, Ramoth in Gilead, the town where the taker of life might be safe, and Mahanaim with their grass-lands;|en
1134|21|39|39|希實本和屬城的郊野，雅謝和屬城的郊野，共四座城。|zh
1135|21|39|39|Heshbon and Jazer with their grass-lands, four towns.|en
1136|21|40|40|其餘利未支派的人，就是米拉利的子孫，按著宗族拈鬮所得的，共十二座城。|zh
1137|21|40|40|All these towns were given to the children of Merari by their families, that is, the rest of the families of the Levites; and their heritage was twelve towns.|en
1138|21|41|41|利未人在以色列人的地業中所得的城，共四十八座，並有屬城的郊野。|zh
1139|21|41|41|All the towns of the Levites, among the heritage of the children of Israel, were forty-eight towns with their grass-lands.|en
1140|21|42|42|這些城四圍都有屬城的郊野，城城都是如此。|zh
1141|21|42|42|Every one of these towns had grass-lands round it.|en
1142|21|43|43|這樣，耶和華將從前向他們列祖起誓所應許的全地賜給以色列人，他們就得了為業，住在其中。|zh
1143|21|43|43|So the Lord gave to Israel all the land which he gave by oath to their fathers; so it became their heritage and their living-place.|en
1144|21|44|44|耶和華照著向他們列祖起誓所應許的一切話，使他們四境平安；他們一切仇敵中，沒有一人在他們面前站立得住。耶和華把一切仇敵都交在他們手中。|zh
1145|21|44|44|And the Lord gave them peace on every side, as he had said to their fathers: all those who were against them gave way before them, for the Lord gave them all up into their hands.|en
1146|21|45|45|耶和華應許賜福給以色列家的話一句也沒有落空，都應驗了。|zh
1147|21|45|45|The Lord kept faith with the house of Israel about all the good which he said he would do for them, and all his words came true.|en
1148|22|1|1|當時，約書亞召了流便人、迦得人，和瑪拿西半支派的人來，|zh
1149|22|1|1|Then Joshua sent for the Reubenites and the Gadites and the half-tribe of Manasseh,|en
1150|22|2|2|對他們說：耶和華僕人摩西所吩咐你們的，你們都遵守了；我所吩咐你們的，你們也都聽從了。|zh
1151|22|2|2|And said to them, You have kept all the orders of Moses, the Lord's servant, and have done everything I gave you orders to do:|en
1152|22|3|3|你們這許多日子，總沒有撇離你們的弟兄，直到今日，並守了耶和華─你們神所吩咐你們當守的。|zh
1153|22|3|3|You have now been with your brothers for a long time; till this day you have been doing the orders of the Lord your God.|en
1154|22|4|4|如今耶和華─你們神照著他所應許的，使你們弟兄得享平安，現在可以轉回你們的帳棚，到耶和華的僕人摩西在約但河東所賜你們為業之地。|zh
1155|22|4|4|And now the Lord your God has given your brothers rest, as he said: so now you may go back to your tents, to the land of your heritage, which Moses, the Lord's servant, gave to you on the other side of Jordan.|en
1156|22|5|5|只要切切的謹慎遵行耶和華僕人摩西所吩咐你們的誡命律法，愛耶和華─你們的神，行他一切的道，守他的誡命，專靠他，盡心盡性事奉他。|zh
1157|22|5|5|Only take great care to do the orders and the law which Moses, the Lord's servant, gave you; to have love for the Lord your God and to go in all his ways; and to keep his laws and to be true to him and to be his servants with all your heart and with all your soul.|en
1158|22|6|6|於是約書亞為他們祝福，打發他們去，他們就回自己的帳棚去了。|zh
1159|22|6|6|Then Joshua gave them his blessing and sent them away: and they went back to their tents.|en
1160|22|7|7|瑪拿西那半支派，摩西早已在巴珊分給他們地業。這半支派，約書亞在約但河西，在他們弟兄中，分給他們地業。約書亞打發他們回帳棚的時候為他們祝福，|zh
1161|22|7|7|Now to the one half of the tribe of Manasseh, Moses had given a heritage in Bashan; but to the other half, Joshua gave a heritage among their brothers on the west side of Jordan. Now when Joshua sent them away to their tents, he gave them his blessing,|en
1162|22|8|8|對他們說：你們帶許多財物，許多牲畜和金、銀、銅、鐵，並許多衣服，回你們的帳棚去，要將你們從仇敵奪來的物，與你們眾弟兄同分。|zh
1163|22|8|8|And said to them, Go back with much wealth to your tents, and with very much cattle, with silver and gold and brass and iron, and with a very great store of clothing; give your brothers a part of the goods taken in the war.|en
1164|22|9|9|於是流便人、迦得人、瑪拿西半支派的人從迦南地的示羅起行，離開以色列人，回往他們得為業的基列地，就是照耶和華藉摩西所吩咐的得了為業之地。|zh
1165|22|9|9|So Reuben and Gad and the half-tribe of Manasseh went back, parting from the children of Israel at Shiloh in the land of Canaan, to go to the land of Gilead, to the land of their heritage which had been given to them by the Lord's order to Moses.|en
1166|22|10|10|流便人、迦得人，和瑪拿西半支派的人到了靠近約但河的一帶迦南地，就在約但河那裡築了一座壇；那壇看著高大。|zh
1167|22|10|10|Now when they came to the country by Jordan in the land of Canaan, the children of Reuben and the children of Gad and the half-tribe of Manasseh put up there, by Jordan, a great altar, seen from far.|en
1168|22|11|11|以色列人聽說流便人、迦得人、瑪拿西半支派的人靠近約但河邊，在迦南地屬以色列人的那邊築了一座壇。|zh
1169|22|11|11|And news came to the children of Israel, See, the children of Reuben and the children of Gad and the half-tribe of Manasseh have put up an altar opposite the land of Canaan, in the country by Jordan on the side which is Israel's.|en
1170|22|12|12|全會眾一聽見，就聚集在示羅，要上去攻打他們。|zh
1171|22|12|12|Then all the meeting of the children of Israel, hearing this, came together at Shiloh to go up against them to war.|en
1172|22|13|13|以色列人打發祭司以利亞撒的兒子非尼哈，往基列地去見流便人、迦得人、瑪拿西半支派的人；|zh
1173|22|13|13|And the children of Israel sent Phinehas, the son of Eleazar the priest, to the children of Reuben and the children of Gad and the half-tribe of Manasseh, to the land of Gilead,|en
1174|22|14|14|又打發十個首領與非尼哈同去，就是以色列每支派的一個首領，都是以色列軍中的統領。|zh
1175|22|14|14|And with him they sent ten chiefs, one for every tribe of the children of Israel, every one of them the head of his house among the families of Israel.|en
1176|22|15|15|他們到了基列地，見流便人、迦得人，和瑪拿西半支派的人，對他們說：|zh
1177|22|15|15|And they came to the children of Reuben and the children of Gad and the half-tribe of Manasseh, to the land of Gilead, and said to them,|en
1178|22|16|16|耶和華全會眾這樣說，你們今日轉去不跟從耶和華，干犯以色列的神，為自己築一座壇，悖逆了耶和華，這犯的是甚麼罪呢？|zh
1179|22|16|16|This is what all the meeting of the people of the Lord has said, What is this wrong which you have done against the God of Israel, turning back this day from the Lord and building an altar for yourselves, and being false to the Lord?|en
1180|22|17|17|從前拜毘珥的罪孽還算小麼？雖然瘟疫臨到耶和華的會眾，到今日我們還沒有洗淨這罪。|zh
1181|22|17|17|Was not the sin of Baal-peor great enough, from which we are not clear even to this day, though punishment came on the people of the Lord,|en
1182|22|18|18|你們今日竟轉去不跟從耶和華麼？你們今日既悖逆耶和華，明日他必向以色列全會眾發怒。|zh
1183|22|18|18|That now you are turned back from the Lord? and, because you are false to him today, tomorrow his wrath will be let loose on all the people of Israel.|en
1184|22|19|19|你們所得為業之地，若嫌不潔淨，就可以過到耶和華之地，就是耶和華的帳幕所住之地，在我們中間得地業。只是不可悖逆耶和華，也不可得罪我們，在耶和華─我們神的壇以外為自己築壇。|zh
1185|22|19|19|But if the land you now have is unclean, come over into the Lord's land where his House is, and take up your heritage among us: but do not be false to the Lord and to us by building yourselves an altar in addition to the altar of the Lord our God.|en
1186|22|20|20|從前謝拉的曾孫亞干豈不是在那當滅的物上犯了罪，就有忿怒臨到以色列全會眾麼？那人在所犯的罪中不獨一人死亡。|zh
1187|22|20|20|Did not Achan, the son of Zerah, do wrong about the cursed thing, causing wrath to come on all the people of Israel? And not on him only came the punishment of death.|en
1188|22|21|21|於是流便人、迦得人、瑪拿西半支派的人回答以色列軍中的統領說：|zh
1189|22|21|21|Then the children of Reuben and the children of Gad and the half-tribe of Manasseh said in answer to the heads of the families of Israel,|en
1190|22|22|22|大能者神耶和華！大能者神耶和華！他是知道的！以色列人也必知道！我們若有悖逆的意思，或是干犯耶和華（願你今日不保佑我們），|zh
1191|22|22|22|God, even God the Lord, God, even God the Lord, he sees, and Israel will see--if it is in pride or in sin against the Lord,|en
1192|22|23|23|為自己築壇，要轉去不跟從耶和華，或是要將燔祭、素祭、平安祭獻在壇上，願耶和華親自討我們的罪。|zh
1193|22|23|23|That we have made ourselves an altar, being false to the Lord, keep us not safe from death this day; and if for the purpose of offering burned offerings on it and meal offerings, or peace-offerings, let the Lord himself send punishment for it;|en
1194|22|24|24|我們行這事並非無故，是特意做的，說：恐怕日後你們的子孫對我們的子孫說：你們與耶和華─以色列的神有何關涉呢？|zh
1195|22|24|24|And if we have not, in fact, done this designedly and with purpose, having in our minds the fear that in time to come your children might say to our children, What have you to do with the Lord, the God of Israel?|en
1196|22|25|25|因為耶和華把約但河定為我們和你們這流便人、迦得人的交界，你們與耶和華無分了。這樣，你們的子孫就使我們的子孫不再敬畏耶和華了。|zh
1197|22|25|25|For the Lord has made Jordan a line of division between us and you, the children of Reuben and the children of Gad; you have no part in the Lord: so your children will make our children give up fearing the Lord.|en
1198|22|26|26|因此我們說：不如為自己築一座壇，不是為獻燔祭，也不是為獻別的祭，|zh
1199|22|26|26|So we said, Let us now make an altar for ourselves, not for burned offerings or for the offerings of beasts:|en
1200|22|27|27|乃是為你我中間和你我後人中間作證據，好叫我們也在耶和華面前獻燔祭、平安祭，和別的祭事奉他，免得你們的子孫日後對我們的子孫說，你們與耶和華無分了。|zh
1201|22|27|27|But to be a witness between us and you, and between the future generations, that we have the right of worshipping the Lord with our burned offerings and our offerings of beasts and our peace-offerings; so that your children will not be able to say to our children in time to come, You have no part in the Lord.|en
1202|22|28|28|所以我們說：日後你們對我們，或對我們的後人這樣說，我們就可以回答說，你們看我們列祖所築的壇是耶和華壇的樣式；這並不是為獻燔祭，也不是為獻別的祭，乃是為作你我中間的證據。|zh
1203|22|28|28|For we said to ourselves, If they say this to us or to future generations, then we will say, See this copy of the Lord's altar which our fathers made, not for burned offerings or offerings of beasts, but for a witness between us and you.|en
1204|22|29|29|我們在耶和華─我們神帳幕前的壇以外，另築一座壇，為獻燔祭、素祭，和別的祭，悖逆耶和華，今日轉去不跟從他，我們斷沒有這個意思。|zh
1205|22|29|29|Never let it be said that we were false to the Lord, turning back this day from him and building an altar for burned offerings and meal offerings and offerings of beasts, in addition to the altar of the Lord our God which is before his House.|en
1206|22|30|30|祭司非尼哈與會中的首領，就是與他同來以色列軍中的統領，聽見流便人、迦得人、瑪拿西人所說的話，就都以為美。|zh
1207|22|30|30|Then Phinehas the priest and the chiefs of the meeting and the heads of the families of Israel who were with him, hearing what the children of Reuben and the children of Gad and the children of Manasseh said, were pleased.|en
1208|22|31|31|祭司以利亞撒的兒子非尼哈對流便人、迦得人、瑪拿西人說：今日我們知道耶和華在我們中間，因為你們沒有向他犯了這罪。現在你們救以色列人脫離耶和華的手了。|zh
1209|22|31|31|And Phinehas, the son of Eleazar the priest, said to the children of Reuben and the children of Gad and the children of Manasseh, Now we are certain that the Lord is among us, because you have not done this wrong against the Lord: and you have kept us from falling into the hands of the Lord.|en
1210|22|32|32|祭司以利亞撒的兒子非尼哈與眾首領離了流便人、迦得人，從基列地回往迦南地，到了以色列人那裡，便將這事回報他們。|zh
1211|22|32|32|Then Phinehas, the son of Eleazar the priest, and the chiefs went back from the land of Gilead, from the children of Reuben and the children of Gad, and came to the children of Israel in Canaan and gave them the news.|en
1212|22|33|33|以色列人以這事為美，就稱頌神，不再提上去攻打流便人、迦得人、毀壞他們所住的地了。|zh
1213|22|33|33|And the children of Israel were pleased about this; and they gave praise to God, and had no more thought of going to war against the children of Reuben and the children of Gad for the destruction of their land.|en
1214|22|34|34|流便人、迦得人給壇起名叫證壇，意思說：這壇在我們中間證明耶和華是神。|zh
1215|22|34|34|And the children of Reuben and the children of Gad gave to that altar the name of Ed. For, they said, It is a witness between us that the Lord is God.|en
1216|23|1|1|耶和華使以色列人安靜，不與四圍的一切仇敵爭戰，已經多日。約書亞年紀老邁，|zh
1217|23|1|1|Now after a long time, when the Lord had given Israel rest from wars on every side, and Joshua was old and full of years,|en
1218|23|2|2|就把以色列眾人的長老、族長、審判官，並官長都召了來，對他們說：我年紀已經老邁。|zh
1219|23|2|2|Joshua sent for all Israel, for their responsible men and their chiefs and their judges and their overseers, and said to them, I am old, and full of years:|en
1220|23|3|3|耶和華─你們的神因你們的緣故向那些國所行的一切事，你們親眼看見了，因那為你們爭戰的是耶和華─你們的　神。|zh
1221|23|3|3|You have seen everything the Lord your God has done to all these nations because of you; for it is the Lord your God who has been fighting for you.|en
1222|23|4|4|我所剪除和所剩下的各國，從約但河起到日落之處的大海，我已經拈鬮分給你們各支派為業。|zh
1223|23|4|4|Now I have given to you, as the heritage of your tribes, all these nations which are still in the land, together with those cut off by me, from Jordan as far as the Great Sea on the west.|en
1224|23|5|5|耶和華─你們的神必將他們從你們面前趕出去，使他們離開你們，你們就必得他們的地為業，正如耶和華─你們的　神所應許的。|zh
1225|23|5|5|The Lord your God will send them away by force, driving them out before you; and you are to take their land for your heritage, as the Lord your God said to you.|en
1226|23|6|6|所以，你們要大大壯膽，謹守遵行寫在摩西律法書上的一切話，不可偏離左右。|zh
1227|23|6|6|So be very strong to keep and do whatever is recorded in the book of the law of Moses, not turning away from it to the right or to the left;|en
1228|23|7|7|不可與你們中間所剩下的這些國民攙雜。他們的神，你們不可提他的名，不可指著他起誓，也不可事奉、叩拜；|zh
1229|23|7|7|Have nothing to do with these nations who still are living among you; let not their gods be named by you or used in your oaths; do not be their servants or give them worship:|en
1230|23|8|8|只要照著你們到今日所行的，專靠耶和華─你們的神。|zh
1231|23|8|8|But be true to the Lord your God as you have been till this day.|en
1232|23|9|9|因為耶和華已經把又大又強的國民從你們面前趕出；直到今日，沒有一人在你們面前站立得住。|zh
1233|23|9|9|For the Lord has sent out from before you nations great and strong: and they have all given way before you till this day.|en
1234|23|10|10|你們一人必追趕千人，因耶和華─你們的神照他所應許的，為你們爭戰。|zh
1235|23|10|10|One man of you is able to put to flight a thousand; for it is the Lord your God who is fighting for you, as he has said to you.|en
1236|23|11|11|你們要分外謹慎，愛耶和華─你們的神。|zh
1237|23|11|11|So keep watch on yourselves, and see that you have love for the Lord your God.|en
1238|23|12|12|你們若稍微轉去，與你們中間所剩下的這些國民聯絡，彼此結親，互相往來，|zh
1239|23|12|12|For if you go back, joining yourselves to the rest of these nations who are still among you, getting married to them and living with them and they with you:|en
1240|23|13|13|你們要確實知道，耶和華─你們的神必不再將他們從你們眼前趕出；他們卻要成為你們的網羅、機檻、肋上的鞭、眼中的刺，直到你們在耶和華─你們　神所賜的這美地上滅亡。|zh
1241|23|13|13|Then you may be certain that the Lord your God will not go on driving these nations out from before you; but they will become a danger and a cause of sin to you, a whip for your sides and thorns in your eyes, till you are cut off from this good land which the Lord your God has given you.|en
1242|23|14|14|我現在要走世人必走的路。你們是一心一意的知道，耶和華─你們神所應許賜福與你們的話沒有一句落空，都應驗在你們身上了。|zh
1243|23|14|14|Now I am about to go the way of all the earth: and you have seen and are certain, all of you, in your hearts and souls, that in all the good things which the Lord said about you, he has kept faith with you; everything has come true for you.|en
1244|23|15|15|耶和華─你們神所應許的一切福氣怎樣臨到你們身上，耶和華也必照樣使各樣禍患臨到你們身上，直到把你們從耶和華─你們　神所賜的這美地上除滅。|zh
1245|23|15|15|And you will see that, as all the good things which the Lord your God undertook to do for you, have come to you, so the Lord will send down on you all the evil things till he has made your destruction complete, and you are cut off from the good land which the Lord your God has given you.|en
1246|23|16|16|你們若違背耶和華─你們神吩咐你們所守的約，去事奉別　神，叩拜他，耶和華的怒氣必向你們發作，使你們在他所賜的美地上速速滅亡。|zh
1247|23|16|16|If the agreement of the Lord your God, which was given to you by his orders, is broken, and you become the servants of other gods and give them worship, then the wrath of the Lord will be burning against you, and you will quickly be cut off from the good land which he has given you.|en
1248|24|1|1|約書亞將以色列的眾支派聚集在示劍，召了以色列的長老、族長、審判官，並官長來，他們就站在神面前。|zh
1249|24|1|1|Then Joshua got all the tribes of Israel together at Shechem; and he sent for the responsible men of Israel and their chiefs and their judges and their overseers; and they took their place before God.|en
1250|24|2|2|約書亞對眾民說：耶和華─以色列的神如此說：古時你們的列祖，就是亞伯拉罕和拿鶴的父親他拉，住在大河那邊事奉別　神，|zh
1251|24|2|2|And Joshua said to all the people, These are the words of the Lord, the God of Israel: In the past your fathers, Terah, the father of Abraham, and the father of Nahor, were living on the other side of the River: and they were worshipping other gods.|en
1252|24|3|3|我將你們的祖宗亞伯拉罕從大河那邊帶來，領他走遍迦南全地，又使他的子孫眾多，把以撒賜給他；|zh
1253|24|3|3|And I took your father Abraham from the other side of the River, guiding him through all the land of Canaan; I made his offspring great in number, and gave him Isaac.|en
1254|24|4|4|又把雅各和以掃賜給以撒，將西珥山賜給以掃為業；後來雅各和他的子孫下到埃及去了。|zh
1255|24|4|4|And to Isaac I gave Jacob and Esau: to Esau I gave Mount Seir, as his heritage; but Jacob and his children went down to Egypt.|en
1256|24|5|5|我差遣摩西、亞倫，並照我在埃及中所行的降災與埃及，然後把你們領出來。|zh
1257|24|5|5|And I sent Moses and Aaron, troubling Egypt by all the signs I did among them: and after that I took you out.|en
1258|24|6|6|我領你們列祖出埃及，他們就到了紅海；埃及人帶領車輛馬兵追趕你們列祖到紅海。|zh
1259|24|6|6|I took your fathers out of Egypt: and you came to the Red Sea; and the Egyptians came after your fathers to the Red Sea, with their war-carriages and their horsemen.|en
1260|24|7|7|你們列祖哀求耶和華，他就使你們和埃及人中間黑暗了，又使海水淹沒埃及人。我在埃及所行的事，你們親眼見過。你們在曠野也住了許多年日。|zh
1261|24|7|7|And at their cry, the Lord made it dark between you and the Egyptians, and made the sea go over them, covering them with its waters; your eyes have seen what I did in Egypt: then for a long time you were living in the waste land.|en
1262|24|8|8|我領你們到約但河東亞摩利人所住之地。他們與你們爭戰，我將他們交在你們手中，你們便得了他們的地為業；我也在你們面前將他們滅絕。|zh
1263|24|8|8|And I took you into the lands of the Amorites on the other side of Jordan; and they made war on you, and I gave them into your hands and you took their land; and I sent destruction on them before you.|en
1264|24|9|9|那時，摩押王西撥的兒子巴勒起來攻擊以色列人，打發人召了比珥的兒子巴蘭來咒詛你們。|zh
1265|24|9|9|Then Balak, the son of Zippor, king of Moab, went up to war against Israel; and he sent for Balaam, the son of Beor, to put a curse on you:|en
1266|24|10|10|我不肯聽巴蘭的話，所以他倒為你們連連祝福。這樣，我便救你們脫離巴勒的手。|zh
1267|24|10|10|But I did not give ear to Balaam; and so he went on blessing you; and I kept you safe from him.|en
1268|24|11|11|你們過了約但河，到了耶利哥；耶利哥人、亞摩利人、比利洗人、迦南人、赫人、革迦撒人、希未人、耶布斯人都與你們爭戰；我把他們交在你們手裡。|zh
1269|24|11|11|Then you went over Jordan and came to Jericho: and the men of Jericho made war on you, the Amorites and the Perizzites and the Canaanites and the Hittites and the Girgashites and the Hivites and the Jebusites: and I gave them up into your hands.|en
1270|24|12|12|我打發黃蜂飛在你們前面，將亞摩利人的二王從你們面前攆出，並不是用你的刀，也不是用你的弓。|zh
1271|24|12|12|And I sent the hornet before you, driving out the two kings of the Amorites before you, not with your sword and your bow.|en
1272|24|13|13|我賜給你們地土，非你們所修治的；我賜給你們城邑，非你們所建造的。你們就住在其中，又得吃非你們所栽種的葡萄園、橄欖園的果子。|zh
1273|24|13|13|And I gave you a land on which you had done no work, and towns not of your building, and you are now living in them; and your food comes from vine-gardens and olive-gardens not of your planting.|en
1274|24|14|14|現在你們要敬畏耶和華，誠心實意的事奉他，將你們列祖在大河那邊和在埃及所事奉的神除掉，去事奉耶和華。|zh
1275|24|14|14|So now, go in fear of the Lord, and be his servants with true hearts: put away the gods worshipped by your fathers across the River and in Egypt, and be servants of the Lord.|en
1276|24|15|15|若是你們以事奉耶和華為不好，今日就可以選擇所要事奉的：是你們列祖在大河那邊所事奉的神呢？是你們所住這地的亞摩利人的　神呢？至於我和我家，我們必定事奉耶和華。|zh
1277|24|15|15|And if it seems evil to you to be the servants of the Lord, make the decision this day whose servants you will be: of the gods whose servants your fathers were across the River, or of the gods of the Amorites in whose land you are living: but I and my house will be the servants of the Lord.|en
1278|24|16|16|百姓回答說：我們斷不敢離棄耶和華去事奉別神；|zh
1279|24|16|16|Then the people in answer said, Never will we give up the Lord to be the servants of other gods;|en
1280|24|17|17|因耶和華─我們的神曾將我們和我們列祖從埃及地的為奴之家領出來，在我們眼前行了那些大神蹟，在我們所行的道上，所經過的諸國，都保護了我們。|zh
1281|24|17|17|For it is the Lord our God who has taken us and our fathers out of the land of Egypt, out of the prison-house, and who did all those great signs before our eyes, and kept us safe on all our journeys, and among all the peoples through whom we went:|en
1282|24|18|18|耶和華又把住此地的亞摩利人都從我們面前趕出去。所以，我們必事奉耶和華，因為他是我們的神。|zh
1283|24|18|18|And the Lord sent out from before us all the peoples, the Amorites living in the land: so we will be the servants of the Lord, for he is our God.|en
1284|24|19|19|約書亞對百姓說：你們不能事奉耶和華；因為他是聖潔的神，是忌邪的　神，必不赦免你們的過犯罪惡。|zh
1285|24|19|19|And Joshua said to the people, You are not able to be the servants of the Lord, for he is a holy God, a God who will not let his honour be given to another: he will have no mercy on your wrongdoing or your sins.|en
1286|24|20|20|你們若離棄耶和華去事奉外邦神，耶和華在降福之後，必轉而降禍與你們，把你們滅絕。|zh
1287|24|20|20|If you are turned away from the Lord and become the servants of strange gods, then turning against you he will do you evil, cutting you off, after he has done you good.|en
1288|24|21|21|百姓回答約書亞說：不然，我們定要事奉耶和華。|zh
1289|24|21|21|And the people said to Joshua, No! But we will be the servants of the Lord.|en
1290|24|22|22|約書亞對百姓說：你們選定耶和華，要事奉他，你們自己作見證罷！他們說：我們願意作見證。|zh
1291|24|22|22|And Joshua said to the people, You are witnesses against yourselves that you have made the decision to be the servants of the Lord. And they said, We are witnesses.|en
1292|24|23|23|約書亞說：你們現在要除掉你們中間的外邦神，專心歸向耶和華─以色列的　神。|zh
1293|24|23|23|Then, he said, put away the strange gods among you, turning your hearts to the Lord, the God of Israel.|en
1294|24|24|24|百姓回答約書亞說：我們必事奉耶和華─我們的神，聽從他的話。|zh
1295|24|24|24|And the people said to Joshua, We will be the servants of the Lord our God, and we will give ear to his voice.|en
1296|24|25|25|當日，約書亞就與百姓立約，在示劍為他們立定律例典章。|zh
1297|24|25|25|So Joshua made an agreement with the people that day, and gave them a rule and a law in Shechem.|en
1298|24|26|26|約書亞將這些話都寫在神的律法書上，又將一塊大石頭立在橡樹下耶和華的聖所旁邊。|zh
1299|24|26|26|And Joshua put these words on record, writing them in the book of the law of God; and he took a great stone, and put it up there under the oak-tree which was in the holy place of the Lord.|en
1300|24|27|27|約書亞對百姓說：看哪，這石頭可以向我們作見證；因為是聽見了耶和華所吩咐我們的一切話，倘或你們背棄你們的神，這石頭就可以向你們作見證（倘或云云：或作所以要向你們作見證，免得你們背棄耶和華─你們的　神）。|zh
1301|24|27|27|And Joshua said to all the people, See now, this stone is to be a witness against us; for all the words of the Lord have been said to us in its hearing: so it will be a witness against you if you are false to the Lord your God.|en
1302|24|28|28|於是約書亞打發百姓各歸自己的地業去了。|zh
1303|24|28|28|Then Joshua let the people go away, every man to his heritage.|en
1304|24|29|29|這些事以後，耶和華的僕人嫩的兒子約書亞，正一百一十歲，就死了。|zh
1305|24|29|29|Now after these things, the death of Joshua, the son of Nun, the servant of the Lord, took place, he being then a hundred and ten years old.|en
1306|24|30|30|以色列人將他葬在他地業的境內，就是在以法蓮山地的亭拿西拉，在迦實山的北邊。|zh
1307|24|30|30|And they put his body in the earth in the land of his heritage in Timnath-serah, in the hill-country of Ephraim, to the north of Mount Gaash.|en
1308|24|31|31|約書亞在世和約書亞死後，那些知道耶和華為以色列人所行諸事的長老還在的時候，以色列人事奉耶和華。|zh
1309|24|31|31|And Israel was true to the Lord all the days of Joshua, and all the days of the older men who were still living after Joshua's death, and had seen what the Lord had done for Israel.|en
1310|24|32|32|以色列人從埃及所帶來約瑟的骸骨，葬埋在示劍，就是在雅各從前用一百塊銀子向示劍的父親、哈抹的子孫所買的那塊地裡；這就作了約瑟子孫的產業。|zh
1311|24|32|32|And the bones of Joseph, which the children of Israel had taken up from Egypt, they put in the earth in Shechem, in the property which Jacob had got from the sons of Hamor, the father of Shechem, for a hundred shekels: and they became the heritage of the children of Joseph.|en
1312|24|33|33|亞倫的兒子以利亞撒也死了，就把他葬在他兒子非尼哈所得、以法蓮山地的小山上。|zh
1313|24|33|33|Then the death of Eleazar, the son of Aaron, took place; and his body was put in the earth in the hill of Phinehas his son, which had been given to him in the hill-country of Ephraim.|en
