|chapter|sec|no|content|lang
0|1|1|1|亞當生塞特；塞特生以挪士；|zh
1|1|1|1|Adam, Seth, Enosh;|en
2|1|2|2|以挪士生該南；該南生瑪勒列；瑪勒列生雅列；|zh
3|1|2|2|Kenan, Mahalalel, Jared,|en
4|1|3|3|雅列生以諾；以諾生瑪土撒拉；瑪土撒拉生拉麥；|zh
5|1|3|3|Enoch, Methuselah, Lamech;|en
6|1|4|4|拉麥生挪亞；挪亞生閃、含、雅弗。|zh
7|1|4|4|Noah, Shem, Ham, and Japheth.|en
8|1|5|5|雅弗的兒子是歌篾、瑪各、瑪代、雅完、土巴、米設、提拉。|zh
9|1|5|5|The sons of Japheth: Gomer and Magog and Madai and Javan and Tubal and Meshech and Tiras.|en
10|1|6|6|歌篾的兒子是亞實基拿、低法(創十章三節作利法)、陀迦瑪。|zh
11|1|6|6|And the sons of Gomer: Ashkenaz and Diphath and Togarmah.|en
12|1|7|7|雅完的兒子是以利沙、他施、基提、多單(有作羅單的)。|zh
13|1|7|7|And the sons of Javan: Elishah and Tarshish, Kittim and Rodanim.|en
14|1|8|8|含的兒子是古實、麥西、弗、迦南。|zh
15|1|8|8|The sons of Ham: Cush and Egypt, Put and Canaan.|en
16|1|9|9|古實的兒子是西巴、哈腓拉、撒弗他、拉瑪、撒弗提迦。拉瑪的兒子是示巴、底但。|zh
17|1|9|9|And the sons of Cush: Seba and Havilah and Sabta and Raama and Sabteca. And the sons of Raamah: Sheba and Dedan.|en
18|1|10|10|古實生寧錄；他為世上英雄之首。|zh
19|1|10|10|And Cush was the father of Nimrod: he was the first to be a great man in the earth.|en
20|1|11|11|麥西生路低人、亞拿米人、利哈比人、拿弗土希人、|zh
21|1|11|11|And Egypt was the father of the Ludim and the Anamim and the Lehabim and the Naphtuhim|en
22|1|12|12|帕斯魯細人、迦斯路希人、迦斐託人；從迦斐託出來的有非利士人。|zh
23|1|12|12|And the Pathrusim and the Casluhim and the Caphtorim (from whom came the Philistines).|en
24|1|13|13|迦南生長子西頓，又生赫|zh
25|1|13|13|And Canaan was the father of Zidon, his oldest son, and Heth,|en
26|1|14|14|和耶布斯人、亞摩利人、革迦撒人、|zh
27|1|14|14|And the Jebusite and the Amorite and the Girgashite,|en
28|1|15|15|希未人、亞基人、西尼人、|zh
29|1|15|15|And the Hivite and the Arkite and the Sinite,|en
30|1|16|16|亞瓦底人、洗瑪利人，並哈馬人。|zh
31|1|16|16|And the Arvadite and the Zemarite and the Hamathite.|en
32|1|17|17|閃的兒子是以攔、亞述、亞法撒、路德、亞蘭、烏斯、戶勒、基帖、米設(創十23作瑪施)。|zh
33|1|17|17|The sons of Shem: Elam and Asshur and Arpachshad and Lud and Aram and Uz and Hul and Gether and Meshech.|en
34|1|18|18|亞法撒生沙拉；沙拉生希伯。|zh
35|1|18|18|And Arpachshad was the father of Shelah, and Shelah was the father of Eber.|en
36|1|19|19|希伯生了兩個兒子：一個名叫法勒(就是分的意思)，因為那時人就分地居住；法勒的兄弟名叫約坍。|zh
37|1|19|19|And Eber had two sons: the name of the one was Peleg, because in his days a division was made of the earth; and his brother's name was Joktan.|en
38|1|20|20|約坍生亞摩答、沙列、哈薩瑪非、耶拉、|zh
39|1|20|20|And Joktan was the father of Almodad and Sheleph and Hazarmaveth and Jerah|en
40|1|21|21|哈多蘭、烏薩、德拉、|zh
41|1|21|21|And Hadoram and Uzal and Diklah|en
42|1|22|22|以巴錄、亞比瑪利、示巴、|zh
43|1|22|22|And Ebal and Abimael and Sheba|en
44|1|23|23|阿斐、哈腓拉、約巴。這都是約坍的兒子。|zh
45|1|23|23|And Ophir and Havilah and Jobab. All these were the sons of Joktan.|en
46|1|24|24|閃生亞法撒；亞法撒生沙拉；|zh
47|1|24|24|Shem, Arpachshad, Shelah,|en
48|1|25|25|沙拉生希伯；希伯生法勒；法勒生拉吳；|zh
49|1|25|25|Eber, Peleg, Reu,|en
50|1|26|26|拉吳生西鹿；西鹿生拿鶴；拿鶴生他拉；|zh
51|1|26|26|Serug, Nahor, Terah,|en
52|1|27|27|他拉生亞伯蘭，亞伯蘭就是亞伯拉罕。|zh
53|1|27|27|Abram (that is Abraham).|en
54|1|28|28|亞伯拉罕的兒子是以撒、以實瑪利。|zh
55|1|28|28|The sons of Abraham: Isaac and Ishmael.|en
56|1|29|29|以實瑪利的兒子記在下面：以實瑪利的長子是尼拜約，其次是基達、押德別、米比衫、|zh
57|1|29|29|These are their generations: the oldest son of Ishmael, Nebaioth; then Kedar and Adbeel and Mibsam,|en
58|1|30|30|米施瑪、度瑪、瑪撒、哈達、提瑪、|zh
59|1|30|30|Mishma and Dumah, Massa, Hadad and Tema,|en
60|1|31|31|伊突、拿非施、基底瑪。這都是以實瑪利的兒子。|zh
61|1|31|31|Jetur, Naphish, and Kedemah. These are the sons of Ishmael.|en
62|1|32|32|亞伯拉罕的妾基土拉所生的兒子，就是心蘭、約珊、米但、米甸、伊施巴、書亞。約珊的兒子是示巴、底但。|zh
63|1|32|32|And the sons of Keturah, Abraham's servant-wife: she was the mother of Zimran and Jokshan and Medan and Midian and Ishbak and Shuah. And the sons of Jokshan: Sheba and Dedan.|en
64|1|33|33|米甸的兒子是以法、以弗、哈諾、亞比大、以勒大。這都是基土拉的子孫。|zh
65|1|33|33|And the sons of Midian: Ephah and Epher and Hanoch and Abida and Eldaah. All these were the sons of Keturah.|en
66|1|34|34|亞伯拉罕生以撒；以撒的兒子是以掃和以色列。|zh
67|1|34|34|And Abraham was the father of Isaac. The sons of Isaac: Esau and Israel.|en
68|1|35|35|以掃的兒子是以利法、流珥、耶烏施、雅蘭、可拉。|zh
69|1|35|35|The sons of Esau: Eliphaz, Reuel and Jeush and Jalam and Korah.|en
70|1|36|36|以利法的兒子是提幔、阿抹、洗玻、迦坦、基納斯、亭納、亞瑪力。|zh
71|1|36|36|The sons of Eliphaz: Teman and Omar, Zephi and Gatam, Kenaz and Timna and Amalek.|en
72|1|37|37|流珥的兒子是拿哈、謝拉、沙瑪、米撒。|zh
73|1|37|37|The sons of Reuel: Nahath, Zerah, Shammah and Mizzah.|en
74|1|38|38|西珥的兒子是羅坍、朔巴、祭便、亞拿、底順、以察、底珊。|zh
75|1|38|38|And the sons of Seir: Lotan and Shobal and Zibeon and Anah and Dishon and Ezer and Dishan.|en
76|1|39|39|羅坍的兒子是何利、荷幔；羅坍的妹子是亭納。|zh
77|1|39|39|And the sons of Lotan: Hori and Homam; and Timna was Lotan's sister.|en
78|1|40|40|朔巴的兒子是亞勒文、瑪拿轄、以巴錄、示非、阿南。祭便的兒子是亞雅、亞拿。|zh
79|1|40|40|The sons of Shobal: Alian and Manahath and Ebal, Shephi and Onam. And the sons of Zibeon: Aiah and Anah.|en
80|1|41|41|亞拿的兒子是底順。底順的兒子是哈默蘭、伊是班、益蘭、基蘭。|zh
81|1|41|41|The sons of Anah: Dishon. And the sons of Dishon: Hamran and Eshban and Ithran and Cheran.|en
82|1|42|42|以察的兒子是辟罕、撒番、亞干。底珊的兒子是烏斯、亞蘭。|zh
83|1|42|42|The sons of Ezer: Bilhan and Zaavan, Jaakan. The sons of Dishan: Uz and Aran.|en
84|1|43|43|以色列人未有君王治理之先，在以東地作王的記在下面：有比珥的兒子比拉，他的京城名叫亭哈巴。|zh
85|1|43|43|Now these are the kings who were ruling in the land of Edom, before there was any king over Israel: Bela, the son of Beor; his town was named Dinhabah.|en
86|1|44|44|比拉死了，波斯拉人謝拉的兒子約巴接續他作王。|zh
87|1|44|44|At his death, Jobab, the son of Zerah of Bozrah, became king in his place.|en
88|1|45|45|約巴死了，提幔地的人戶珊接續他作王。|zh
89|1|45|45|At the death of Jobab, Husham, from the land of the Temanites, became king in his place.|en
90|1|46|46|戶珊死了，比達的兒子哈達接續他作王。這哈達就是在摩押地殺敗米甸人的，他的京城名叫亞未得。|zh
91|1|46|46|And at the death of Husham, Hadad, the son of Bedad, who overcame Midian in the field of Moab, became king; his town was named Avith.|en
92|1|47|47|哈達死了，瑪士利加人桑拉接續他作王。|zh
93|1|47|47|And at the death of Hadad, Samlah of Masrekah became king in his place.|en
94|1|48|48|桑拉死了，大河邊的利河伯人掃羅接續他作王。|zh
95|1|48|48|And at the death of Samlah, Shaul of Rehoboth by the river became king in his place,|en
96|1|49|49|掃羅死了，亞革波的兒子巴勒哈南接續他作王。|zh
97|1|49|49|And at the death of Shaul, Baal-hanan, the son of Achbor, became king in his place.|en
98|1|50|50|巴勒哈南死了，哈達接續他作王。他的京城名叫巴伊，他的妻子名叫米希他別，是米薩合的孫女，瑪特列的女兒。|zh
99|1|50|50|And at the death of Baal-hanan, Hadad became king in his place; his town was named Pai, and his wife's name was Mehetabel, the daughter of Matred, the daughter of Me-zahab.|en
100|1|51|51|哈達死了，以東人的族長有亭納族長、亞勒瓦族長、耶帖族長、|zh
101|1|51|51|And Hadad came to his end. Now the chiefs of Edom were: the chief of Timna, the chief of Aliah, the chief of Jetheth,|en
102|1|52|52|亞何利巴瑪族長、以拉族長、比嫩族長、|zh
103|1|52|52|The chief of Oholibamah, the chief of Elah, the chief of Pinon,|en
104|1|53|53|基納斯族長、提幔族長、米比薩族長、|zh
105|1|53|53|The chief of Kenaz, the chief of Teman, the chief of Mibzar,|en
106|1|54|54|瑪基疊族長、以蘭族長。這都是以東人的族長。|zh
107|1|54|54|The chief of Magdiel, the chief of Iram. These are the chiefs of Edom.|en
108|2|1|1|以色列的兒子是流便、西緬、利未、猶大、以薩迦、西布倫、|zh
109|2|1|1|These are the sons of Israel: Reuben, Simeon, Levi and Judah, Issachar and Zebulun;|en
110|2|2|2|但、約瑟、便雅憫、拿弗他利、迦得、亞設。|zh
111|2|2|2|Dan, Joseph and Benjamin, Naphtali, Gad and Asher.|en
112|2|3|3|猶大的兒子是珥、俄南、示拉，這三人是迦南人書亞女兒所生的。猶大的長子珥在耶和華眼中看為惡，耶和華就使他死了。|zh
113|2|3|3|The sons of Judah: Er and Onan and Shelah; these three were his sons by Bathshua, the Canaanite woman. And Er, Judah's oldest son, did evil in the eyes of the Lord; and he put him to death.|en
114|2|4|4|猶大的兒婦他瑪給猶大生法勒斯和謝拉。猶大共有五個兒子。|zh
115|2|4|4|And Tamar, his daughter-in-law, had Perez and Zerah by him. All the sons of Judah were five.|en
116|2|5|5|法勒斯的兒子是希斯崙、哈母勒。|zh
117|2|5|5|The sons of Perez: Hezron and Hamul.|en
118|2|6|6|謝拉的兒子是心利、以探、希幔、甲各、大拉(即達大)，共五人。|zh
119|2|6|6|And the sons of Zerah: Zimri and Ethan and Heman and Calcol and Dara; five of them.|en
120|2|7|7|迦米的兒子是亞干，這亞干在當滅的物上犯了罪，連累了以色列人。|zh
121|2|7|7|And the sons of Carmi: Achan, the troubler of Israel, who did wrong about the cursed thing.|en
122|2|8|8|以探的兒子是亞撒利雅.。|zh
123|2|8|8|And the son of Ethan: Azariah.|en
124|2|9|9|希斯崙所生的兒子是耶拉篾、蘭、基路拜。|zh
125|2|9|9|And the sons of Hezron, the offspring of his body: Jerahmeel and Ram and Chelubai.|en
126|2|10|10|蘭生亞米拿達；亞米拿達生拿順。拿順作猶大人的首領。|zh
127|2|10|10|And Ram was the father of Amminadab; and Amminadab was the father of Nahshon, chief of the children of Judah;|en
128|2|11|11|拿順生撒門；撒門生波阿斯；|zh
129|2|11|11|And Nahshon was the father of Salma, and Salma was the father of Boaz,|en
130|2|12|12|波阿斯生俄備得；俄備得生耶西；|zh
131|2|12|12|And Boaz was the father of Obed, and Obed was the father of Jesse,|en
132|2|13|13|耶西生長子以利押，次子亞比拿達，三子示米亞(即沙瑪，見撒上十六章九節)，|zh
133|2|13|13|And Jesse was the father of Eliab, his oldest son, and Abinadab, the second, and Shimea, the third,|en
134|2|14|14|四子拿坦業，五子拉代，|zh
135|2|14|14|Nethanel, the fourth, Raddai, the fifth,|en
136|2|15|15|六子阿鮮，七子大衛。|zh
137|2|15|15|Ozem, the sixth, David, the seventh;|en
138|2|16|16|他們的姊妹是洗魯雅和亞比該。洗魯雅的兒子是亞比篩、約押、亞撒黑，共三人。|zh
139|2|16|16|And their sisters were Zeruiah and Abigail. And Zeruiah had three sons: Abishai and Joab and Asahel.|en
140|2|17|17|亞比該生亞瑪撒；亞瑪撒的父親是以實瑪利人益帖。|zh
141|2|17|17|And Abigail was the mother of Amasa; and the father of Amasa was Jether the Ishmaelite.|en
142|2|18|18|希斯崙的兒子迦勒娶阿蘇巴和耶略為妻，阿蘇巴的兒子是耶設、朔罷、押墩。|zh
143|2|18|18|And Caleb, the son of Hezron, had children by Azubah his wife, the daughter of Jerioth; and these were her sons: Jesher and Shobab and Ardon.|en
144|2|19|19|阿蘇巴死了，迦勒又娶以法他，生了戶珥。|zh
145|2|19|19|And after the death of Azubah, Caleb took as his wife Ephrath, who was the mother of Hur.|en
146|2|20|20|戶珥生烏利；烏利生比撒列。|zh
147|2|20|20|And Hur was the father of Uri; and Uri was the father of Bezalel.|en
148|2|21|21|希斯崙正六十歲娶了基列父親瑪吉的女兒，與他同房；瑪吉的女兒生了西割；|zh
149|2|21|21|And after that, Hezron had connection with the daughter of Machir, the father of Gilead, whom he took as his wife when he was sixty years old; and she had Segub by him.|en
150|2|22|22|西割生睚珥。睚珥在基列地有二十三個城邑。|zh
151|2|22|22|And Segub was the father of Jair, who had twenty-three towns in the land of Gilead.|en
152|2|23|23|後來基述人和亞蘭人奪了睚珥的城邑，並基納和其鄉村，共六十個。這都是基列父親瑪吉之子的。|zh
153|2|23|23|And Geshur and Aram took the tent-towns of Jair from them, with Kenath and the small places round it, even sixty towns. All these were the sons of Machir, the father of Gilead.|en
154|2|24|24|希斯崙在迦勒以法他死後，他的妻亞比雅給他生了亞施戶；亞施戶是提哥亞的父親。|zh
155|2|24|24|And after the death of Hezron, Caleb had connection with Ephrath, his father Hezron's wife, and she gave birth to his son Asshur, the father of Tekoa.|en
156|2|25|25|希斯崙的長子耶拉篾生長子蘭，又生布拿、阿連、阿鮮、亞希雅。|zh
157|2|25|25|And the sons of Jerahmeel, the oldest son of Hezron, were Ram, the oldest, and Bunah and Oren and Ozem and Ahijah.|en
158|2|26|26|耶拉篾又娶一妻名叫亞他拉，是阿南的母親。|zh
159|2|26|26|And Jerahmeel had another wife, whose name was Atarah: she was the mother of Onam.|en
160|2|27|27|耶拉篾長子蘭的兒子是瑪斯、雅憫、以結。|zh
161|2|27|27|And the sons of Ram, the oldest son of Jerahmeel, were Maaz and Jamin and Eker.|en
162|2|28|28|阿南的兒子是沙買、雅大。沙買的兒子是拿答、亞比述。|zh
163|2|28|28|And the sons of Onam were Shammai and Jada; and the sons of Shammai: Nadab and Abishur.|en
164|2|29|29|亞比述的妻名叫亞比孩，亞比孩給他生了亞辦和摩利。|zh
165|2|29|29|And the name of Abishur's wife was Abihail; and she had Ahban and Molid by him.|en
166|2|30|30|拿答的兒子是西列、亞遍；西列死了沒有兒子。|zh
167|2|30|30|And the sons of Nadab: Seled and Appaim; but Seled came to his end without sons.|en
168|2|31|31|亞遍的兒子是以示；以示的兒子是示珊；示珊的兒子是亞來。|zh
169|2|31|31|And the sons of Appaim: Ishi. And the sons of Ishi: Sheshan. And the sons of Sheshan: Ahlai.|en
170|2|32|32|沙買兄弟雅大的兒子是益帖、約拿單；益帖死了沒有兒子。|zh
171|2|32|32|And the sons of Jada, the brother of Shammai: Jether and Jonathan; and Jether came to his end without sons.|en
172|2|33|33|約拿單的兒子是比勒、撒薩。這都是耶拉篾的子孫。|zh
173|2|33|33|And the sons of Jonathan: Peleth and Zaza. These were the sons of Jerahmeel.|en
174|2|34|34|示珊沒有兒子，只有女兒。示珊有一個僕人名叫耶哈，是埃及人。|zh
175|2|34|34|Now Sheshan had no sons, but only daughters. And Sheshan had an Egyptian servant, whose name was Jarha.|en
176|2|35|35|示珊將女兒給了僕人耶哈為妻，給他生了亞太。|zh
177|2|35|35|And Sheshan gave his daughter to Jarha, his servant, as a wife; and she had Attai by him.|en
178|2|36|36|亞太生拿單；拿單生撒拔；|zh
179|2|36|36|And Attai was the father of Nathan, and Nathan was the father of Zabad,|en
180|2|37|37|撒拔生以弗拉；以弗拉生俄備得；|zh
181|2|37|37|And Zabad was the father of Ephlal, and Ephlal was the father of Obed,|en
182|2|38|38|俄備得生耶戶；耶戶生亞撒利雅；|zh
183|2|38|38|And Obed was the father of Jehu, and Jehu was the father of Azariah,|en
184|2|39|39|亞撒利雅生希利斯；希利斯生以利亞薩；|zh
185|2|39|39|And Azariah was the father of Helez, and Helez was the father of Eleasah,|en
186|2|40|40|以利亞薩生西斯買；西斯買生沙龍；|zh
187|2|40|40|And Eleasah was the father of Sismai, and Sismai was the father of Shallum,|en
188|2|41|41|沙龍生耶加米雅；耶加米雅生以利沙瑪。|zh
189|2|41|41|And Shallum was the father of Jekamiah, and Jekamiah was the father of Elishama.|en
190|2|42|42|耶拉篾兄弟迦勒的長子米沙，是西弗之祖瑪利沙的兒子，是希伯崙之祖。|zh
191|2|42|42|And the sons of Caleb, the brother of Jerahmeel, were Mareshah, his oldest son, who was the father of Ziph and Hebron.|en
192|2|43|43|希伯崙的兒子是可拉、他普亞、利肯、示瑪。|zh
193|2|43|43|And the sons of Hebron: Korah and Tappuah and Rekem and Shema.|en
194|2|44|44|示瑪生拉含，是約干之祖。利肯生沙買。|zh
195|2|44|44|And Shema was the father of Raham, the father of Jorkeam, and Rekem was the father of Shammai.|en
196|2|45|45|沙買的兒子是瑪雲；瑪雲是伯夙之祖。|zh
197|2|45|45|And the son of Shammai was Maon; and Maon was the father of Beth-zur.|en
198|2|46|46|迦勒的妾以法生哈蘭、摩撒、迦謝；哈蘭生迦卸。|zh
199|2|46|46|And Ephah, Caleb's servant-wife, had Haran and Moza and Gazez; and Haran was the father of Gazez.|en
200|2|47|47|〈雅代的兒子是利健、約坦、基珊、毗力、以法、沙亞弗。〉|zh
201|2|47|47|And the sons of Jahdai: Regem and Jotham and Geshan and Pelet and Ephah and Shaaph.|en
202|2|48|48|迦勒的妾瑪迦生示別、特哈拿，|zh
203|2|48|48|Maacah, Caleb's servant-wife, was the mother of Sheber and Tirhanah,|en
204|2|49|49|又生麥瑪拿之祖沙亞弗、抹比拿和基比亞之祖示法。迦勒的女兒是押撒。|zh
205|2|49|49|And Shaaph, the father of Madmannah, Sheva, the father of Machbena and the father of Gibea; and Caleb's daughter was Achsah. These were the sons of Caleb.|en
206|2|50|50|迦勒的子孫就是以法他的長子、戶珥的兒子，記在下面：基列耶琳之祖朔巴，|zh
207|2|50|50|The sons of Hur, the oldest son of Ephrathah; Shobal, the father of Kiriath-jearim,|en
208|2|51|51|伯利恆之祖薩瑪，伯迦得之祖哈勒。|zh
209|2|51|51|Salma, the father of Beth-lehem, Hareph, the father of Beth-gader.|en
210|2|52|52|基列耶琳之祖朔巴的子孫是哈羅以和一半米努哈人(即瑪拿哈人)。|zh
211|2|52|52|And Shobal, the father of Kiriath-jearim, had sons: Haroeh, half of the Manahathites.|en
212|2|53|53|基列耶琳的諸族是以帖人、布特人、舒瑪人、密來人，又從這些族中生出瑣拉人和以實陶人來。|zh
213|2|53|53|And the families of Kiriath-jearim: the Ithrites and the Puthites and the Shumathites and the Mishraites; from them came the Zorathites and the Eshtaolites.|en
214|2|54|54|薩瑪的子孫是伯利恆人、尼陀法人、亞他綠伯約押人、一半瑪拿哈人、瑣利人，|zh
215|2|54|54|The sons of Salma: Beth-lehem and the Netophathites, Atroth-beth-Joab and half of the Manahathites, the Zorites.|en
216|2|55|55|和住雅比斯眾文士家的特拉人、示米押人、蘇甲人。這都是基尼人利甲家之祖哈末所生的。|zh
217|2|55|55|And the families of scribes who were living at Jabez: the Tirathites, the Shimeathites, the Sucathites. These are the Kenites, the offspring of Hammath, the father of the family of Rechab.|en
218|3|1|1|大衛在希伯崙所生的兒子記在下面：長子暗嫩是耶斯列人亞希暖生的。次子但以利是迦密人亞比該生的。|zh
219|3|1|1|Now these were David's sons, whose birth took place in Hebron: the oldest Amnon, by Ahinoam of Jezreel; the second Daniel, by Abigail the Carmelite woman;|en
220|3|2|2|三子押沙龍是基述王達買的女兒瑪迦生的。四子亞多尼雅是哈及生的。|zh
221|3|2|2|The third Absalom, the son of Maacah, the daughter of Talmai, king of Geshur; the fourth Adonijah, the son of Haggith;|en
222|3|3|3|五子示法提雅是亞比他生的。六子以特念是大衛的妻以格拉生的。|zh
223|3|3|3|The fifth Shephatiah, by Abital; the sixth Ithream, by Eglah his wife.|en
224|3|4|4|這六人都是大衛在希伯崙生的。大衛在希伯崙作王七年零六個月，在耶路撒冷作王三十三年。|zh
225|3|4|4|He had six sons in Hebron; he was ruling there for seven years and six months, and in Jerusalem for thirty-three years.|en
226|3|5|5|大衛在耶路撒冷所生的兒子是示米亞、朔罷、拿單、所羅門。這四人是亞米利的女兒拔書亞生的。|zh
227|3|5|5|And in Jerusalem he had four sons, Shimea and Shobab and Nathan and Solomon, by Bath-shua, the daughter of Ammiel;|en
228|3|6|6|還有益轄、以利沙瑪、以利法列、|zh
229|3|6|6|And Ibhar and Elishama and Eliphelet|en
230|3|7|7|挪迦、尼斐、雅非亞、|zh
231|3|7|7|And Nogah and Nepheg and Japhia|en
232|3|8|8|以利沙瑪、以利雅大、以利法列，共九人。|zh
233|3|8|8|And Elishama and Eliada and Eliphelet, nine.|en
234|3|9|9|這都是大衛的兒子，還有他們的妹子他瑪，妃嬪的兒子不在其內。|zh
235|3|9|9|All these were the sons of David, in addition to the sons of his servant-wives; and Tamar was their sister.|en
236|3|10|10|所羅門的兒子是羅波安；羅波安的兒子是亞比雅；亞比雅的兒子是亞撒；亞撒的兒子是約沙法；|zh
237|3|10|10|And Solomon's son was Rehoboam, Abijah was his son, Asa his son, Jehoshaphat his son,|en
238|3|11|11|約沙法的兒子是約蘭；約蘭的兒子是亞哈謝；亞哈謝的兒子是約阿施；|zh
239|3|11|11|Joram his son, Ahaziah his son, Joash his son,|en
240|3|12|12|約阿施的兒子是亞瑪謝；亞瑪謝的兒子是亞撒利雅；亞撒利雅的兒子是約坦；|zh
241|3|12|12|Amaziah his son, Azariah his son, Jotham his son,|en
242|3|13|13|約坦的兒子是亞哈斯；亞哈斯的兒子是希西家；希西家的兒子是瑪拿西；|zh
243|3|13|13|Ahaz his son, Hezekiah his son, Manasseh his son,|en
244|3|14|14|瑪拿西的兒子是亞們；亞們的兒子是約西亞；|zh
245|3|14|14|Amon his son, Josiah his son.|en
246|3|15|15|約西亞的長子是約哈難，次子是約雅敬，三子是西底家，四子是沙龍。|zh
247|3|15|15|And the sons of Josiah: the oldest Johanan, the second Jehoiakim, the third Zedekiah, the fourth Shallum.|en
248|3|16|16|約雅敬的兒子是耶哥尼雅和西底家。|zh
249|3|16|16|And the sons of Jehoiakim: Jeconiah his son, Zedekiah his son.|en
250|3|17|17|耶哥尼雅被擄。他的兒子是撒拉鐵、|zh
251|3|17|17|And the sons of Jeconiah, who was taken prisoner: Shealtiel his son,|en
252|3|18|18|瑪基蘭、毗大雅、示拿薩、耶加米、何沙瑪、尼大比雅。|zh
253|3|18|18|And Malchiram and Pedaiah and Shenazzar, Jekamiah, Hoshama and Nedabiah.|en
254|3|19|19|毗大雅的兒子是所羅巴伯、示每。所羅巴伯的兒子是米書蘭、哈拿尼雅，他們的妹子名叫示羅密。|zh
255|3|19|19|And the sons of Pedaiah: Zerubbabel and Shimei; and the sons of Zerubbabel: Meshullam and Hananiah; and Shelomith was their sister;|en
256|3|20|20|米書蘭的兒子是哈舒巴、阿黑、比利家、哈撒底、于沙希悉，共五人。|zh
257|3|20|20|And Hashubah and Ohel and Berechiah and Hasadiah, Jushab-hesed, five.|en
258|3|21|21|哈拿尼雅的兒子是毗拉提、耶篩亞。還有利法雅的眾子，亞珥難的眾子，俄巴底亞的眾子，示迦尼的眾子。|zh
259|3|21|21|And the sons of Hananiah: Pelatiah and Jeshaiah; the sons of Rephaiah, the sons of Arnan, the sons of Obadiah, the sons of Shecaniah.|en
260|3|22|22|示迦尼的兒子是示瑪雅；示瑪雅的兒子是哈突、以甲、巴利亞、尼利雅、沙法，共六人。|zh
261|3|22|22|And the sons of Shecaniah: Shemaiah; and the sons of Shemaiah: Hattush and Igal and Bariah and Neariah and Shaphat, six.|en
262|3|23|23|尼利雅的兒子是以利約乃、希西家、亞斯利干，共三人。|zh
263|3|23|23|And the sons of Neariah: Elioenai and Hizkiah and Azrikam, three.|en
264|3|24|24|以利約乃的兒子是何大雅、以利亞實、毗萊雅、阿谷、約哈難、第萊雅、阿拿尼，共七人。|zh
265|3|24|24|And the sons of Elioenai: Hodaviah and Eliashib and Pelaiah and Akkub and Johanan and Delaiah and Anani, seven.|en
266|4|1|1|猶大的兒子是法勒斯、希斯崙、迦米、戶珥、朔巴。|zh
267|4|1|1|The sons of Judah: Perez, Hezron and Carmi and Hur and Shobal.|en
268|4|2|2|朔巴的兒子利亞雅生雅哈；雅哈生亞戶買和拉哈。這是瑣拉人的諸族。|zh
269|4|2|2|And Reaiah, the son of Shobal, was the father of Jahath; and Jahath was the father of Ahumai and Lahad. These are the families of the Zorathites.|en
270|4|3|3|以坦之祖的兒子是耶斯列、伊施瑪、伊得巴；他們的妹子名叫哈悉勒玻尼。|zh
271|4|3|3|And these were the sons of Hur, the father of Etam: Jezreel and Ishma and Idbash, and the name of their sister was Hazzelelponi;|en
272|4|4|4|基多之祖是毗努伊勒。戶沙之祖是以謝珥。這都是伯利恆之祖以法他的長子戶珥所生的。|zh
273|4|4|4|And Penuel, the father of Gedor, and Ezer, the father of Hushah. These are the sons of Hur, the oldest son of Ephrathah, the father of Beth-lehem.|en
274|4|5|5|提哥亞之祖亞施戶有兩個妻子：一名希拉，一名拿拉。|zh
275|4|5|5|And Ashhur, the father of Tekoa, had two wives, Helah and Naarah.|en
276|4|6|6|拿拉給亞施戶生亞戶撒、希弗、提米尼、哈轄斯他利。這都是拿拉的兒子。|zh
277|4|6|6|And Naarah had Ahuzzam by him, and Hepher and Temeni and Haahashtari. These were the sons of Naarah.|en
278|4|7|7|希拉的兒子是洗列、瑣轄、伊提南。|zh
279|4|7|7|And the sons of Helah were Zereth, Izhar and Ethnan.|en
280|4|8|8|哥斯生亞諾、瑣比巴，並哈崙兒子亞哈黑的諸族。|zh
281|4|8|8|And Koz was the father of Anub and Zobebah, and the families of Aharhel the son of Harum.|en
282|4|9|9|雅比斯比他眾弟兄更尊貴，他母親給他起名叫雅比斯，意思說：我生他甚是痛苦。|zh
283|4|9|9|And Jabez was honoured more than his brothers; but his mother had given him the name Jabez, saying, Because I gave birth to him with sorrow.|en
284|4|10|10|雅比斯求告以色列的神說：甚願你賜福與我，擴張我的境界，常與我同在，保佑我不遭患難，不受艱苦。　神就應允他所求的。|zh
285|4|10|10|And Jabez made a prayer to the God of Israel, saying, If only you would truly give me a blessing, and make wider the limits of my land, and let your hand be with me, and keep me from evil, so that I may not be troubled by it! And God gave him his desire.|en
286|4|11|11|書哈的弟兄基綠生米黑，米黑是伊施屯之祖。|zh
287|4|11|11|And Chelub, the brother of Shuhah, was the father of Mehir, who was the father of Eshton.|en
288|4|12|12|伊施屯生伯拉巴、巴西亞，並珥拿轄之祖提欣拿，這都是利迦人。|zh
289|4|12|12|And Eshton was the father of Bethrapha and Paseah and Tehinnah, the father of Ir-nahash. These are the men of Recah.|en
290|4|13|13|基納斯的兒子是俄陀聶、西萊雅。俄陀聶的兒子是哈塔。|zh
291|4|13|13|And the sons of Kenaz: Othniel and Seraiah; and the sons of Othniel: Hathath.|en
292|4|14|14|憫挪太生俄弗拉；西萊雅生革夏納欣人之祖約押。他們都是匠人。|zh
293|4|14|14|And Meonothai was the father of Ophrah; and Seraiah was the father of Joab, the father of Ge-harashim; they were expert workmen.|en
294|4|15|15|耶孚尼的兒子是迦勒；迦勒的兒子是以路、以拉、拿安。以拉的兒子是基納斯。|zh
295|4|15|15|And the sons of Caleb, the son of Jephunneh: Iru, Elah, and Naam; and the son of Elah: Kenaz.|en
296|4|16|16|耶哈利勒的兒子是西弗、西法、提利、亞撒列。|zh
297|4|16|16|And the sons of Jehallelel: Ziph and Ziphah, Tiria and Asarel.|en
298|4|17|17,18 |以斯拉的兒子是益帖、米列、以弗、雅倫。米列娶法老女兒比提雅為妻，生米利暗、沙買，和以實提摩之祖益巴。米列又娶猶大女子為妻，生基多之祖雅列，梭哥之祖希伯，和撒挪亞之祖耶古鐵。|zh
299|4|17|17|And the sons of Ezrah: Jether and Mered and Epher and Jalon; and these are the sons of Bithiah, the daughter of Pharaoh, the wife of Mered. And she became the mother of Miriam and Shammai and Ishbah, the father of Eshtemoa.|en
300|4|18|18|And his wife, a woman of the tribe of Judah, became the mother of Jered, the father of Gedor, and Heber, the father of Soco, and Jekuthiel, the father of Zanoah.|en
301|4|19|19|荷第雅的妻是拿含的妹子，他所生的兒子是迦米人基伊拉和瑪迦人以實提摩之祖。|zh
302|4|19|19|And the sons of the wife of Hodiah, the sister of Naham, were the father of Keilah the Garmite, and Eshtemoa the Maacathite.|en
303|4|20|20|示門的兒子是暗嫩、林拿、便哈南、提倫。以示的兒子是梭黑與便梭黑。|zh
304|4|20|20|And the sons of Shimon: Amnon and Rinnah, Ben-hanan and Tilon. And the sons of Ishi: Zoheth; and the son of Zoheth. ...|en
305|4|21|21|猶大的兒子是示拉；示拉的兒子是利迦之祖珥，瑪利沙之祖拉大，和屬亞實比族織細麻布的各家。|zh
306|4|21|21|The sons of Shelah, the son of Judah: Er, the father of Lecah, and Laadah, the father of Mareshah, and the families of those who made delicate linen, of the family of Ashbea;|en
307|4|22|22|還有約敬、哥西巴人、約阿施、薩拉，就是在摩押地掌權的，又有雅叔比利恆。這都是古時所記載的。|zh
308|4|22|22|And Jokim, and the men of Cozeba, and Joash and Saraph, who were rulers in Moab, and went back to Beth-lehem. And the records are very old.|en
309|4|23|23|這些人都是窯匠，是尼他應和基低拉的居民；與王同處，為王做工。|zh
310|4|23|23|These were the potters, and the people living among planted fields with walls round them; they were there to do the king's work.|en
311|4|24|24|西緬的兒子是尼母利、雅憫、雅立、謝拉、掃羅。|zh
312|4|24|24|The sons of Simeon: Nemuel and Jamin, Jarib, Zerah, Shaul;|en
313|4|25|25|掃羅的兒子是沙龍；沙龍的兒子是米比衫；米比衫的兒子是米施瑪；|zh
314|4|25|25|Shallum his son, Mibsam his son, Mishma his son.|en
315|4|26|26|米施瑪的兒子是哈母利；哈母利的兒子是撒刻；撒刻的兒子是示每。|zh
316|4|26|26|And the sons of Mishma: Hammuel his son, Zaccur his son, Shimei his son.|en
317|4|27|27|示每有十六個兒子，六個女兒，他弟兄的兒女不多，他們各家不如猶大族的人丁增多。|zh
318|4|27|27|And Shimei had sixteen sons and six daughters, but his brothers had only a small number of children, and their family was not as fertile as the children of Judah.|en
319|4|28|28|西緬人住在別是巴、摩拉大、哈薩書亞、|zh
320|4|28|28|And they were living at Beer-sheba and Moladah and Hazar-shual,|en
321|4|29|29|辟拉、以森、陀臘、|zh
322|4|29|29|And at Bilhah, and at Ezem, and at Tolad,|en
323|4|30|30|彼土利、何珥瑪、洗革拉、|zh
324|4|30|30|And at Bethuel, and at Hormah, and at Ziklag,|en
325|4|31|31|伯瑪嘉博、哈薩蘇撒、伯比利、沙拉音，這些城邑直到大衛作王的時候都是屬西緬人的。|zh
326|4|31|31|And at Beth-marcaboth, and at Hazarsusim, and at Beth-biri, and at Shaaraim. These were their towns till David became king.|en
327|4|32|32|他們的五個城邑是以坦、亞因、臨門、陀健、亞珊；|zh
328|4|32|32|And their small towns were Etam, Ain, Rimmon, and Tochen and Ashan, five towns;|en
329|4|33|33|還有屬城的鄉村，直到巴力。這是他們的住處，他們都有家譜。|zh
330|4|33|33|And all the small places round these towns, as far as Baalath-beer, the high place of the South. These were their living-places, and they have lists of their generations.|en
331|4|34|34|還有米所巴、雅米勒、亞瑪謝的兒子約沙、|zh
332|4|34|34|And Meshobab and Jamlech and Joshah, the son of Amaziah,|en
333|4|35|35|約珥、約示比的兒子耶戶；約示比是西萊雅的兒子；西萊雅是亞薛的兒子。|zh
334|4|35|35|And Joel and Jehu, the son of Joshibiah, the son of Seraiah, the son of Asiel,|en
335|4|36|36|還有以利約乃、雅哥巴、約朔海、亞帥雅、亞底業、耶西篾、比拿雅、|zh
336|4|36|36|And Elioenai and Jaakobah and Jeshohaiah and Asaiah and Adiel and Jesimiel and Benaiah,|en
337|4|37|37|示非的兒子細撒。示非是亞龍的兒子；亞龍是耶大雅的兒子；耶大雅是申利的兒子；申利是示瑪雅的兒子。|zh
338|4|37|37|And Ziza, the son of Shiphi, the son of Allon, the son of Jedaiah, the son of Shimri, the son of Shemaiah;|en
339|4|38|38|以上所記的人名都是作族長的，他們宗族的人數增多。|zh
340|4|38|38|These, whose names are given, were chiefs in their families, and their families became very great in number.|en
341|4|39|39|他們往平原東邊基多口去，尋找牧放羊群的草場，|zh
342|4|39|39|And they went to the opening into Gedor, as far as the east side of the valley, in search of grass-land for their flocks.|en
343|4|40|40|尋得肥美的草場地，又寬闊又平靜。從前住那裡的是含族的人。|zh
344|4|40|40|And they came to some good fertile grass-land, in a wide quiet country of peace-loving people; for the people who were living there before were of the offspring of Ham.|en
345|4|41|41|以上錄名的人，在猶大王希西家年間，來攻擊含族人的帳棚和那裡所有的米烏尼人，將他們滅盡，就住在他們的地方，直到今日，因為那裡有草場可以牧放羊群。|zh
346|4|41|41|And these whose names are given came in the days of Hezekiah, king of Judah, and made an attack on the Meunim who were living there, and put an end to them to this day, and took their place, because there was grass there for their flocks.|en
347|4|42|42|這西緬人中，有五百人上西珥山，率領他們的是以示的兒子毗拉提、尼利雅、利法雅，和烏薛，|zh
348|4|42|42|And some of them, five hundred of the sons of Simeon, went to the hill-country of Seir, with Pelatiah and Neariah and Rephaiah and Uzziel, the sons of Ishi, at their head.|en
349|4|43|43|殺了逃脫剩下的亞瑪力人，就住在那裡直到今日。|zh
350|4|43|43|And they put to death the rest of the Amalekites who had got away safely, and made it their living-place to this day.|en
351|5|1|1|以色列的長子原是流便；因他污穢了父親的床，他長子的名分就歸了約瑟。只是按家譜他不算長子。|zh
352|5|1|1|And the sons of Reuben, the oldest son of Israel, (for he was the oldest son, but, because he made his father's bride-bed unclean, his birthright was given to the sons of Joseph, the son of Israel; but he is not to be given the place of the oldest.|en
353|5|2|2|猶大勝過一切弟兄，君王也是從他而出；長子的名分卻歸約瑟。|zh
354|5|2|2|Though Judah became stronger than his brothers, and from him came the ruler, the birthright was Joseph's:)|en
355|5|3|3|以色列長子流便的兒子是哈諾、法路、希斯倫、迦米。|zh
356|5|3|3|The sons of Reuben, the oldest son of Israel: Hanoch and Pallu, Hezron and Carmi.|en
357|5|4|4|約珥的兒子是示瑪雅；示瑪雅的兒子是歌革；歌革的兒子是示每；|zh
358|5|4|4|The sons of Joel: Shemaiah his son, Gog his son, Shimei his son,|en
359|5|5|5|示每的兒子是米迦；米迦的兒子是利亞雅；利亞雅的兒子是巴力；|zh
360|5|5|5|Micah his son, Reaiah his son, Baal his son,|en
361|5|6|6|巴力的兒子是備拉。這備拉作流便支派的首領，被亞述王提革拉毗尼色擄去。|zh
362|5|6|6|Beerah his son, whom Tiglath-pileser, king of Assyria, took away as a prisoner: he was chief of the Reubenites.|en
363|5|7|7|他的弟兄照著宗族，按著家譜作族長的是耶利、撒迦利雅、比拉。|zh
364|5|7|7|And his brothers by their families, when the list of their generations was made up: the chief, Jeiel, and Zechariah,|en
365|5|8|8|比拉是亞撒的兒子；亞撒是示瑪的兒子；示瑪是約珥的兒子；約珥所住的地方是從亞羅珥直到尼波和巴力免，|zh
366|5|8|8|And Bela, the son of Azaz, the son of Shema, the son of Joel, who was living in Aroer, as far as Nebo and Baal-meon;|en
367|5|9|9|又向東延到伯拉河這邊的曠野，因為他們在基列地牲畜增多。|zh
368|5|9|9|And to the east his limits went as far as the starting point of the waste land, ending at the river Euphrates, because their cattle were increased in number in the land of Gilead.|en
369|5|10|10|掃羅年間，他們與夏甲人爭戰，夏甲人倒在他們手下，他們就在基列東邊的全地，住在夏甲人的帳棚裡。|zh
370|5|10|10|And in the days of Saul they made war on the Hagarites, and overcame them; and they put up their tents through all the land east of Gilead.|en
371|5|11|11|迦得的子孫在流便對面，住在巴珊地，延到撒迦。|zh
372|5|11|11|And the sons of Gad were living opposite to them, in the land of Bashan as far as Salecah:|en
373|5|12|12|他們中間有作族長的約珥，有作副族長的沙番，還有雅乃和住在巴珊的沙法。|zh
374|5|12|12|Joel the chief, and Shapham the second, and Janai and Shaphat in Bashan;|en
375|5|13|13|他們族弟兄是米迦勒、米書蘭、示巴、約賴、雅干、細亞、希伯，共七人。|zh
376|5|13|13|And their brothers, the men of their family: Michael and Meshullam and Sheba and Jorai and Jacan and Zia and Eber, seven of them.|en
377|5|14|14|這都是亞比孩的兒子。亞比孩是戶利的兒子；戶利是耶羅亞的兒子；耶羅亞是基列的兒子；基列是米迦勒的兒子；米迦勒是耶示篩的兒子；耶示篩是耶哈多的兒子；耶哈多是布斯的兒子。|zh
378|5|14|14|These were the sons of Abihail, the son of Huri, the son of Jaroah, the son of Gilead, the son of Michael, the son of Jeshishai, the son of Jahdo, the son of Buz;|en
379|5|15|15|還有古尼的孫子、押比疊的兒子亞希。這都是作族長的。|zh
380|5|15|15|Ahi, the son of Abdiel, the son of Guni, head of their families.|en
381|5|16|16|他們住在基列與巴珊和巴珊的鄉村，並沙崙的郊野，直到四圍的交界。|zh
382|5|16|16|And they were living in Gilead in Bashan, in its small towns and in all the grass-land of Sirion as far as its limits.|en
383|5|17|17|這些人在猶大王約坦並在以色列王耶羅波安年間，都載入家譜。|zh
384|5|17|17|All these were listed under the names of their families, in the time of Jotham, king of Judah, and in the time of Jeroboam, king of Israel.|en
385|5|18|18|流便人、迦得人，和瑪拿西半支派的人，能拿盾牌和刀劍、拉弓射箭、出征善戰的勇士共有四萬四千七百六十名。|zh
386|5|18|18|There were forty-four thousand, seven hundred and sixty of the sons of Reuben and of the Gadites and of the half-tribe of Manasseh, all strong men, expert in the use of the body-cover, the sword, and the bow, and in the art of war, all able to take up arms.|en
387|5|19|19|他們與夏甲人、伊突人、拿非施人、挪答人爭戰。|zh
388|5|19|19|And they went to war against the Hagarites, with Jetur and Naphish and Nodab.|en
389|5|20|20|他們得了神的幫助，夏甲人和跟隨夏甲的人都交在他們手中；因為他們在陣上呼求神，倚賴神，神就應允他們。|zh
390|5|20|20|And they were helped against them, so that the Hagarites, and those with them, were given into their power. For they sent up prayers to God in the fight, and he gave ear to them, because they put their faith in him.|en
391|5|21|21|他們擄掠了夏甲人的牲畜，有駱駝五萬，羊二十五萬，驢二千；又有人十萬。|zh
392|5|21|21|And they took away their cattle: fifty thousand camels, two hundred and fifty thousand sheep, and two thousand asses, and a hundred thousand men.|en
393|5|22|22|敵人被殺仆倒的甚多，因為這爭戰是出乎神。他們就住在敵人的地上，直到被擄的時候。|zh
394|5|22|22|And a very great number went to their death, because the war was God's purpose. And they went on living in their place till they were taken away as prisoners.|en
395|5|23|23|瑪拿西半支派的人住在那地。從巴珊延到巴力黑們、示尼珥與黑門山。|zh
396|5|23|23|And the men of the half-tribe of Manasseh were living in the land: and their numbers were increased till all the land from Bashan to Baal-hermon and Senir and the mountain Hermon was theirs.|en
397|5|24|24|他們的族長是以弗、以示、以列、亞斯列、耶利米、何達威雅、雅疊，都是大能的勇士，是有名的人，也是作族長的。|zh
398|5|24|24|And these were the heads of their families: Epher and Ishi and Eliel and Azriel and Jeremiah and Hodaviah and Jahdiel, men of war, of great name, heads of families.|en
399|5|25|25|他們得罪了他們列祖的神，隨從那地之民的　神行邪淫；這民就是　神在他們面前所除滅的。|zh
400|5|25|25|And they did evil against the God of their fathers, worshipping the gods of the people of the land, whom God had put to destruction before them.|en
401|5|26|26|故此，以色列的神激動亞述王普勒和亞述王提革拉毗尼色的心，他們就把流便人、迦得人、瑪拿西半支派的人擄到哈臘、哈博、哈拉與歌散河邊，直到今日還在那裡。|zh
402|5|26|26|And the God of Israel put an impulse into the heart of Pul, king of Assyria, and of Tiglath-pileser, king of Assyria, who took them away as prisoners, all the Reubenites and the Gadites and the half-tribe of Manasseh, to Halah and Habor and Hara and to the river of Gozan, to this day.|en
403|6|1|1|利未的兒子是革順、哥轄、米拉利。|zh
404|6|1|1|The sons of Levi: Gershon, Kohath, and Merari.|en
405|6|2|2|哥轄的兒子是暗蘭、以斯哈、希伯倫、烏薛。|zh
406|6|2|2|And the sons of Kohath: Amram, Izhar, Hebron, and Uzziel.|en
407|6|3|3|暗蘭的兒子是亞倫、摩西，還有女兒米利暗。亞倫的兒子是拿答、亞比戶、以利亞撒、以他瑪。|zh
408|6|3|3|And the sons of Amram: Aaron and Moses and Miriam. And the sons of Aaron: Nadab and Abihu, Eleazar and Ithamar.|en
409|6|4|4|以利亞撒生非尼哈；非尼哈生亞比書；|zh
410|6|4|4|Eleazar was the father of Phinehas; Phinehas was the father of Abishua;|en
411|6|5|5|亞比書生布基；布基生烏西；|zh
412|6|5|5|And Abishua was the father of Bukki, and Bukki was the father of Uzzi,|en
413|6|6|6|烏西生西拉希雅；西拉希雅生米拉約；|zh
414|6|6|6|And Uzzi was the father of Zerahiah, and Zerahiah was the father of Meraioth;|en
415|6|7|7|米拉約生亞瑪利雅；亞瑪利雅生亞希突；|zh
416|6|7|7|Meraioth was the father of Amariah, and Amariah was the father of Ahitub,|en
417|6|8|8|亞希突生撒督；撒督生亞希瑪斯；|zh
418|6|8|8|And Ahitub was the father of Zadok, and Zadok was the father of Ahimaaz,|en
419|6|9|9|亞希瑪斯生亞撒利雅；亞撒利雅生約哈難；|zh
420|6|9|9|And Ahimaaz was the father of Azariah, and Azariah was the father of Johanan,|en
421|6|10|10|約哈難生亞撒利雅（這亞撒利雅在所羅門於耶路撒冷所建造的殿中，供祭司的職分）；|zh
422|6|10|10|And Johanan was the father of Azariah, (he was priest in the house which Solomon put up in Jerusalem:)|en
423|6|11|11|亞撒利雅生亞瑪利雅；亞瑪利雅生亞希突；|zh
424|6|11|11|And Azariah was the father of Amariah, and Amariah was the father of Ahitub,|en
425|6|12|12|亞希突生撒督；撒督生沙龍；|zh
426|6|12|12|And Ahitub was the father of Zadok, and Zadok was the father of Shallum,|en
427|6|13|13|沙龍生希勒家；希勒家生亞撒利雅；|zh
428|6|13|13|And Shallum was the father of Hilkiah, and Hilkiah was the father of Azariah,|en
429|6|14|14|亞撒利雅生西萊雅；西萊雅生約薩答。|zh
430|6|14|14|And Azariah was the father of Seraiah, and Seraiah was the father of Jehozadak;|en
431|6|15|15|當耶和華藉尼布甲尼撒的手擄掠猶大和耶路撒冷人的時候，這約薩答也被擄去。|zh
432|6|15|15|And Jehozadak went as a prisoner when the Lord took away Judah and Jerusalem by the hand of Nebuchadnezzar.|en
433|6|16|16|利未的兒子是革順、哥轄、米拉利。|zh
434|6|16|16|The sons of Levi; Gershom, Kohath, and Merari.|en
435|6|17|17|革順的兒子名叫立尼、示每。|zh
436|6|17|17|And these are the names of the sons of Gershom: Libni and Shimei.|en
437|6|18|18|哥轄的兒子是暗蘭、以斯哈、希伯倫、烏薛。|zh
438|6|18|18|And the sons of Kohath were Amram, Izhar, Hebron, and Uzziel.|en
439|6|19|19|米拉利的兒子是抹利、母示。這是按著利未人宗族分的各家。|zh
440|6|19|19|The sons of Merari: Mahli and Mushi. And these are the families of the Levites listed by the names of their fathers.|en
441|6|20|20|革順的兒子是立尼；立尼的兒子是雅哈；雅哈的兒子是薪瑪；|zh
442|6|20|20|Of Gershom: Libni his son, Jahath his son, Zimmah his son,|en
443|6|21|21|薪瑪的兒子是約亞；約亞的兒子是易多；易多的兒子是謝拉；謝拉的兒子是耶特賴。|zh
444|6|21|21|Joah his son, Iddo his son, Zerah his son, Jeatherai his son.|en
445|6|22|22|哥轄的兒子是亞米拿達；亞米拿達的兒子是可拉；可拉的兒子是亞惜；|zh
446|6|22|22|The sons of Kohath: Amminadab his son, Korah his son, Assir his son,|en
447|6|23|23|亞惜的兒子是以利加拿；以利加拿的兒子是以比雅撒；以比雅撒的兒子是亞惜；|zh
448|6|23|23|Elkanah his son, and Ebiasaph his son, and Assir his son,|en
449|6|24|24|亞惜的兒子是他哈；他哈的兒子是烏列；烏列的兒子是烏西雅；烏西雅的兒子是少羅。|zh
450|6|24|24|Tahath his son, Uriel his son, Uzziah his son, and Shaul his son.|en
451|6|25|25|以利加拿的兒子是亞瑪賽和亞希摩。|zh
452|6|25|25|And the sons of Elkanah: Amasai and Ahimoth.|en
453|6|26|26|亞希摩的兒子是以利加拿；以利加拿的兒子是瑣菲；瑣菲的兒子是拿哈；|zh
454|6|26|26|Elkanah his son: Zophai his son, and Nahath his son,|en
455|6|27|27|拿哈的兒子是以利押；以利押的兒子是耶羅罕；耶羅罕的兒子是以利加拿；以利加拿的兒子是撒母耳。|zh
456|6|27|27|Eliab his son, Jeroham his son, Elkanah his son, Samuel his son.|en
457|6|28|28|撒母耳的長子是約珥，次子是亞比亞。|zh
458|6|28|28|And the sons of Samuel: the oldest Joel, and the second Abiah.|en
459|6|29|29|米拉利的兒子是抹利；抹利的兒子是立尼；立尼的兒子是示每；示每的兒子是烏撒；|zh
460|6|29|29|The sons of Merari: Mahli, Libni his son, Shimei his son, Uzzah his son,|en
461|6|30|30|烏撒的兒子是示米亞；示米亞的兒子是哈基雅；哈基雅的兒子是亞帥雅。|zh
462|6|30|30|Shimea his son, Haggiah his son, Asaiah his son.|en
463|6|31|31|約櫃安設之後，大衛派人在耶和華殿中管理歌唱的事。|zh
464|6|31|31|And these are those whom David made responsible for the music in the house of the Lord, after the ark had rest.|en
465|6|32|32|他們就在會幕前當歌唱的差，及至所羅門在耶路撒冷建造了耶和華的殿，他們便按著班次供職。|zh
466|6|32|32|They gave worship with songs before the House of the Tent of meeting, till Solomon put up the house of the Lord in Jerusalem; and they took their places for their work in their regular order.|en
467|6|33|33|供職的人和他們的子孫記在下面：哥轄的子孫中有歌唱的希幔。希幔是約珥的兒子；約珥是撒母耳的兒子；|zh
468|6|33|33|And these are those who did this work, and their sons. Of the sons of the Kohathites: Heman, who made melody, the son of Joel, the son of Samuel,|en
469|6|34|34|撒母耳是以利加拿的兒子；以利加拿是耶羅罕的兒子；耶羅罕是以列的兒子；以列是陀亞的兒子；|zh
470|6|34|34|The son of Elkanah, the son of Jeroham, the son of Eliel, the son of Toah,|en
471|6|35|35|陀亞是蘇弗的兒子；蘇弗是以利加拿的兒子；以利加拿是瑪哈的兒子；瑪哈是亞瑪賽的兒子；|zh
472|6|35|35|The son of Zuph, the son of Elkanah, the son of Mahath, the son of Amasai,|en
473|6|36|36|亞瑪賽是以利加拿的兒子；以利加拿是約珥的兒子；約珥是亞撒利雅的兒子；亞撒利雅是西番雅的兒子；|zh
474|6|36|36|The son of Elkanah, the son of Joel, the son of Azariah, the son of Zephaniah,|en
475|6|37|37|西番雅是他哈的兒子；他哈是亞惜的兒子；亞惜是以比雅撒的兒子；以比雅撒是可拉的兒子；|zh
476|6|37|37|The son of Tahath, the son of Assir, the son of Ebiasaph, the son of Korah,|en
477|6|38|38|可拉是以斯哈的兒子；以斯哈是哥轄的兒子；哥轄是利未的兒子；利未是以色列的兒子。|zh
478|6|38|38|The son of Izhar, the son of Kohath, the son of Levi, the son of Israel.|en
479|6|39|39|希幔的族兄亞薩是比利家的兒子，亞薩在希幔右邊供職。比利家是示米亞的兒子；|zh
480|6|39|39|And his brother Asaph, whose place was at his right hand, Asaph, the son of Berechiah, the son of Shimea,|en
481|6|40|40|示米亞是米迦勒的兒子；米迦勒是巴西雅的兒子；巴西雅是瑪基雅的兒子；|zh
482|6|40|40|The son of Michael, the son of Baaseiah, the son of Malchijah,|en
483|6|41|41|瑪基雅是伊特尼的兒子；伊特尼是謝拉的兒子；謝拉是亞大雅的兒子；|zh
484|6|41|41|The son of Ethni, the son of Zerah, the son of Adaiah,|en
485|6|42|42|亞大雅是以探的兒子；以探是薪瑪的兒子；薪瑪是示每的兒子；|zh
486|6|42|42|The son of Ethan, the son of Zimmah, the son of Shimei,|en
487|6|43|43|示每是雅哈的兒子；雅哈是革順的兒子。革順是利未的兒子。|zh
488|6|43|43|The son of Jahath, the son of Gershom, the son of Levi.|en
489|6|44|44|他們的族弟兄米拉利的子孫，在他們左邊供職的有以探。以探是基示的兒子；基示是亞伯底的兒子；亞伯底是瑪鹿的兒子；|zh
490|6|44|44|And on the left their brothers, the sons of Merari: Ethan, the son of Kishi, the son of Abdi, the son of Malluch,|en
491|6|45|45|瑪鹿是哈沙比雅的兒子；哈沙比雅是亞瑪謝的兒子；亞瑪謝是希勒家的兒子；|zh
492|6|45|45|The son of Hashabiah, the son of Amaziah, the son of Hilkiah,|en
493|6|46|46|希勒家是暗西的兒子；暗西是巴尼的兒子；巴尼是沙麥的兒子；|zh
494|6|46|46|The son of Amzi, the son of Bani, the son of Shemer,|en
495|6|47|47|沙麥是末力的兒子；末力是母示的兒子；母示是米拉利的兒子；米拉利是利未的兒子。|zh
496|6|47|47|The son of Mahli, the son of Mushi, the son of Merari, the son of Levi.|en
497|6|48|48|他們的族弟兄利未人也被派辦神殿中的一切事。|zh
498|6|48|48|And their brothers the Levites were responsible for all the work of the Tent of the house of God.|en
499|6|49|49|亞倫和他的子孫在燔祭壇和香壇上獻祭燒香，又在至聖所辦理一切的事，為以色列人贖罪，是照神僕人摩西所吩咐的。|zh
500|6|49|49|But Aaron and his sons made offerings on the altar of burned offering, and on the altar of perfume, for all the work of the most holy place, and to take away the sin of Israel, doing everything ordered by Moses, the servant of God.|en
501|6|50|50|亞倫的兒子是以利亞撒；以利亞撒的兒子是非尼哈；非尼哈的兒子是亞比書；|zh
502|6|50|50|And these are the sons of Aaron: Eleazar his son, Phinehas his son, Abishua his son,|en
503|6|51|51|亞比書的兒子是布基；布基的兒子是烏西；烏西的兒子是西拉希雅；|zh
504|6|51|51|Bukki his son, Uzzi his son, Zerahiah his son,|en
505|6|52|52|西拉希雅的兒子是米拉約；米拉約的兒子是亞瑪利雅；亞瑪利雅的兒子是亞希突；|zh
506|6|52|52|Meraioth his son, Amariah his son, Ahitub his son,|en
507|6|53|53|亞希突的兒子是撒督；撒督的兒子是亞希瑪斯。|zh
508|6|53|53|Zadok his son, Ahimaaz his son.|en
509|6|54|54|他們的住處按著境內的營寨，記在下面：哥轄族亞倫的子孫先拈鬮得地，|zh
510|6|54|54|Now these are their living-places, the limits inside which they were to put up their tents: to the sons of Aaron, of the families of the Kohathites, because they had the first selection,|en
511|6|55|55|在猶大地中得了希伯崙和四圍的郊野；|zh
512|6|55|55|To them they gave Hebron and its outskirts in the land of Judah;|en
513|6|56|56|只是屬城的田地和村莊都為耶孚尼的兒子迦勒所得。|zh
514|6|56|56|But the open country of the town, and the small places round it, they gave to Caleb, the son of Jephunneh.|en
515|6|57|57|亞倫的子孫得了逃城希伯崙，又得了立拿與其郊野，雅提珥、以實提莫與其郊野；|zh
516|6|57|57|And to the sons of Aaron they gave Hebron, the town to which men might go in flight and be safe, and Libnah with its outskirts, and Jattir, and Eshtemoa with its outskirts,|en
517|6|58|58|希崙與其郊野，底璧與其郊野，|zh
518|6|58|58|And Hilen with its outskirts, Debir with its outskirts,|en
519|6|59|59|亞珊與其郊野，伯示麥與其郊野。|zh
520|6|59|59|And Ashan with its outskirts, and Beth-shemesh with its outskirts;|en
521|6|60|60|在便雅憫支派的地中，得了迦巴與其郊野，阿勒篾與其郊野，亞拿突與其郊野。他們諸家所得的城共十三座。|zh
522|6|60|60|And from the tribe of Benjamin: Geba with its outskirts, and Alemeth with its outskirts, and Anathoth with its outskirts. All their towns among their families were thirteen towns.|en
523|6|61|61|哥轄族其餘的人又拈鬮，在瑪拿西半支派的地中得了十座城。|zh
524|6|61|61|And to the rest of the sons of Kohath there were given by the Lord's decision ten towns out of the families of the tribe of Ephraim and out of the tribe of Dan and out of the half-tribe of Manasseh.|en
525|6|62|62|革順族按著宗族，在以薩迦支派的地中，亞設支派的地中，拿弗他利支派的地中，巴珊內瑪拿西支派的地中，得了十三座城。|zh
526|6|62|62|And to the sons of Gershom, by their families, out of the tribe of Issachar, and out of the tribe of Asher, and out of the tribe of Naphtali, and out of the tribe of Manasseh in Bashan, thirteen towns.|en
527|6|63|63|米拉利族按著宗族拈鬮，在流便支派的地中，迦得支派的地中，西布倫支派的地中，得了十二座城。|zh
528|6|63|63|And to the sons of Merari, by their families, twelve towns were given by the Lord's decision, out of the tribe of Reuben, and out of the tribe of Gad, and out of the tribe of Zebulun.|en
529|6|64|64|以色列人將這些城與其郊野給了利未人。|zh
530|6|64|64|And the children of Israel gave to the Levites the towns with their outskirts.|en
531|6|65|65|這以上錄名的城，在猶大、西緬、便雅憫三支派的地中，以色列人拈鬮給了他們。|zh
532|6|65|65|And they gave by the Lord's decision out of the tribe of the children of Judah, and out of the tribe of the children of Simeon, and out of the tribe of the children of Benjamin, these towns whose names are given.|en
533|6|66|66|哥轄族中有幾家在以法蓮支派的地中也得了城邑，|zh
534|6|66|66|And to the families of the sons of Kohath were given towns by the Lord's decision out of the tribe of Ephraim.|en
535|6|67|67|在以法蓮山地得了逃城示劍與其郊野，又得了基色與其郊野，|zh
536|6|67|67|And they gave them the town to which men might go in flight and be safe, Shechem in the hill-country of Ephraim with its outskirts, and Gezer with its outskirts,|en
537|6|68|68|約緬與其郊野，伯和崙與其郊野，|zh
538|6|68|68|And Jokmeam with its outskirts, and Beth-horon with its outskirts,|en
539|6|69|69|亞雅崙與其郊野，迦特臨門與其郊野。|zh
540|6|69|69|And Aijalon with its outskirts, and Gath-rimmon with its outskirts;|en
541|6|70|70|哥轄族其餘的人在瑪拿西半支派的地中得了亞乃與其郊野，比連與其郊野。|zh
542|6|70|70|And out of the half-tribe of Manasseh, Aner with its outskirts, and Bileam with its outskirts, for the rest of the family of the sons of Kohath.|en
543|6|71|71|革順族在瑪拿西半支派的地中得了巴珊的哥蘭與其郊野，亞斯他錄與其郊野；|zh
544|6|71|71|To the sons of Gershom were given, out of the family of the half-tribe of Manasseh, Golan in Bashan with its outskirts, and Ashtaroth with its outskirts;|en
545|6|72|72|又在以薩迦支派的地中得了基低斯與其郊野，大比拉與其郊野，|zh
546|6|72|72|And out of the tribe of Issachar, Kedesh with its outskirts, and Daberath with its outskirts,|en
547|6|73|73|拉末與其郊野，亞年與其郊野；|zh
548|6|73|73|And Ramoth with its outskirts, and Anem with its outskirts;|en
549|6|74|74|在亞設支派的地中得了瑪沙與其郊野，押頓與其郊野，|zh
550|6|74|74|And out of the tribe of Asher, Mashal with its outskirts, and Abdon with its outskirts,|en
551|6|75|75|戶割與其郊野，利合與其郊野；|zh
552|6|75|75|And Hukok with its outskirts, and Rehob with its outskirts;|en
553|6|76|76|在拿弗他利支派的地中得了加利利的基低斯與其郊野，哈們與其郊野，基列亭與其郊野。|zh
554|6|76|76|And out of the tribe of Naphtali, Kedesh in Galilee with its outskirts, and Hammon with its outskirts, and Kiriathaim with its outskirts.|en
555|6|77|77|還有米拉利族的人在西布倫支派的地中得了臨摩挪與其郊野，他泊與其郊野；|zh
556|6|77|77|To the rest of the Levites, the sons of Merari, were given, out of the tribe of Zebulun, Rimmono with its outskirts, Tabor with its outskirts;|en
557|6|78|78|又在耶利哥的約但河東，在流便支派的地中得了曠野的比悉與其郊野，雅哈撒與其郊野，|zh
558|6|78|78|And on the other side of Jordan, at Jericho, on the east side of Jordan, were given them, out of the tribe of Reuben, Bezer in the waste land with its outskirts, and Jahzah with its outskirts,|en
559|6|79|79|基底莫與其郊野，米法押與其郊野；|zh
560|6|79|79|And Kedemoth with its outskirts, and Mephaath with its outskirts;|en
561|6|80|80|又在迦得支派的地中得了基列的拉末與其郊野，瑪哈念與其郊野，|zh
562|6|80|80|And out of the tribe of Gad, Ramoth in Gilead with its outskirts, and Mahanaim with its outskirts,|en
563|6|81|81|希實本與其郊野，雅謝與其郊野。|zh
564|6|81|81|And Heshbon with its outskirts, and Jazer with its outskirts.|en
565|7|1|1|以薩迦的兒子是陀拉、普瓦、雅述(創四六13是約伯)、伸崙，共四人。|zh
566|7|1|1|And of the sons of Issachar: Tola and Puah, Jashub and Shimron, four.|en
567|7|2|2|陀拉的兒子是烏西、利法雅、耶勒、雅買、易伯散、示母利，都是陀拉的族長，是大能的勇士。到大衛年間，他們的人數共有二萬二千六百名。|zh
568|7|2|2|And the sons of Tola: Uzzi and Rephaiah and Jeriel and Jahmai and Ibsam and Shemuel, heads of their families; they were men of war; in the record of their generations their number in the time of David was twenty-two thousand, six hundred.|en
569|7|3|3|烏西的兒子是伊斯拉希；伊斯拉希的兒子是米迦勒、俄巴底亞、約珥、伊示雅，共五人，都是族長。|zh
570|7|3|3|And the sons of Uzzi; Izrahiah; and the sons of Izrahiah: Michael and Obadiah and Joel and Isshiah, five; all of them chiefs.|en
571|7|4|4|他們所率領的，按著宗族出戰的軍隊，共有三萬六千人，因為他們的妻和子眾多。|zh
572|7|4|4|And with them, recorded in generations by their families, were bands of fighting-men, thirty-six thousand of them, for they had a great number of wives and sons.|en
573|7|5|5|他們的族弟兄在以薩迦各族中都是大能的勇士，按著家譜計算共有八萬七千人。|zh
574|7|5|5|And there were recorded among all the families of Issachar, great men of war, eighty-seven thousand.|en
575|7|6|6|便雅憫的兒子是比拉、比結、耶疊，共三人。|zh
576|7|6|6|The sons of Benjamin: Bela and Becher and Jediael, three.|en
577|7|7|7|比拉的兒子是以斯本、烏西、烏薛、耶利摩、以利，共五人，都是族長，是大能的勇士。按著家譜計算，他們的子孫共有二萬二千零三十四人。|zh
578|7|7|7|And the sons of Bela: Ezbon and Uzzi and Uzziel and Jerimoth and Iri, five; heads of their families, great men of war; there were twenty-two thousand and thirty-four of them recorded by their families.|en
579|7|8|8|比結的兒子是細米拉、約阿施、以利以謝、以利約乃、暗利、耶利摩、亞比雅、亞拿突、亞拉篾。這都是比結的兒子。|zh
580|7|8|8|And the sons of Becher: Zemirah and Joash and Eliezer and Elioenai and Omri and Jerimoth and Abijah and Anathoth and Alemeth. All these were the sons of Becher.|en
581|7|9|9|他們都是族長，是大能的勇士。按著家譜計算，他們的子孫共有二萬零二百人。|zh
582|7|9|9|And they were recorded by their generations, heads of their families, great men of war, twenty thousand, two hundred.|en
583|7|10|10|耶疊的兒子是比勒罕；比勒罕的兒子是耶烏施、便雅憫、以忽、基拿拿、細坦、他施、亞希沙哈。|zh
584|7|10|10|And the sons of Jediael: Bilhan; and the sons of Bilhan: Jeush and Benjamin and Ehud and Chenaanah and Zethan and Tarshish and Ahishahar.|en
585|7|11|11|這都是耶疊的兒子，都是族長，是大能的勇士；他們的子孫能上陣打仗的，共有一萬七千二百人。|zh
586|7|11|11|All these were the sons of Jediael, by the heads of their families, seventeen thousand, two hundred men of war, able to go out with the army for war.|en
587|7|12|12|還有以珥的兒子書品、戶品，並亞黑的兒子戶伸。|zh
588|7|12|12|And Shuppim and Huppim. The sons of Dan, Hushim his son, one.|en
589|7|13|13|拿弗他利的兒子是雅薛、沽尼、耶色、沙龍。這都是辟拉的子孫。|zh
590|7|13|13|The sons of Naphtali: Jahziel and Guni and Jezer and Shallum, the sons of Bilhah.|en
591|7|14|14|瑪拿西的兒子亞斯列是他妾亞蘭人所生的，又生了基列之父瑪吉。|zh
592|7|14|14|The sons of Manasseh by his servant-wife, the Aramaean woman: she gave birth to Machir, the father of Gilead;|en
593|7|15|15|瑪吉娶的妻是戶品、書品的妹子，名叫瑪迦。瑪拿西的次子名叫西羅非哈；西羅非哈但有幾個女兒。|zh
594|7|15|15|(And Gilead took a wife, whose name was Maacah, and his sister's name was Hammoleketh;) and the name of his brother was Zelophehad, who was the father of daughters.|en
595|7|16|16|瑪吉的妻瑪迦生了一個兒子，起名叫毗利施。毗利施的兄弟名叫示利施；示利施的兒子是烏蘭和利金。|zh
596|7|16|16|And Maacah, the wife of Gilead, gave birth to a son to whom she gave the name Peresh; and his brother was named Sheresh; and his sons were Ulam and Rakem.|en
597|7|17|17|烏蘭的兒子是比但。這都是基列的子孫。基列是瑪吉的兒子，瑪吉是瑪拿西的兒子。|zh
598|7|17|17|And the son of Ulam: Bedan. These were the sons of Gilead, the son of Machir the son of Manasseh.|en
599|7|18|18|基列的妹子哈摩利吉生了伊施荷、亞比以謝、瑪拉。|zh
600|7|18|18|And his sister Hammoleketh was the mother of Ishhod and Abiezer and Mahlah.|en
601|7|19|19|〈示米大的兒子是亞現、示劍、利克希、阿尼安。〉|zh
602|7|19|19|And the sons of Shemida were Ahian and Shechem and Likhi and Aniam.|en
603|7|20|20|以法蓮的兒子是書提拉；書提拉的兒子是比列；比列的兒子是他哈；他哈的兒子是以拉大；以拉大的兒子是他哈；|zh
604|7|20|20|And the sons of Ephraim: Shuthelah and Bered his son, and Tahath his son, and Eleadah his son, and Tahath his son,|en
605|7|21|21|他哈的兒子是撒拔；撒拔的兒子是書提拉。以法蓮又生以謝、以列；這二人因為下去奪取迦特人的牲畜，被本地的迦特人殺了。|zh
606|7|21|21|And Zabad his son, and Shuthelah his son, and Ezer and Elead, whom the men of Gath, who had been living in the land from their birth, put to death, because they came down to take away their cattle.|en
607|7|22|22|他們的父親以法蓮為他們悲哀了多日，他的弟兄都來安慰他。|zh
608|7|22|22|And for a long time Ephraim their father went on weeping for them, and his brothers came to give him comfort.|en
609|7|23|23|以法蓮與妻同房，他妻就懷孕生了一子，以法蓮因為家裡遭禍，就給這兒子起名叫比利亞。|zh
610|7|23|23|After that, he had connection with his wife, and she became with child and gave birth to a son, to whom his father gave the name of Beriah, because trouble had come on his family.|en
611|7|24|24|他的女兒名叫舍伊拉，就是建築上伯和崙、下伯和崙與烏羨舍伊拉的。|zh
612|7|24|24|And his daughter was Sheerah, the builder of Beth-horon the lower and the higher, and Uzzen-sheerah.|en
613|7|25|25|比利阿的兒子是利法和利悉。利悉的兒子是他拉；他拉的兒子是他罕；|zh
614|7|25|25|And Rephah was his son, and Resheph; his son was Telah, and his son was Tahan;|en
615|7|26|26|他罕的兒子是拉但；拉但的兒子是亞米忽；亞米忽的兒子是以利沙瑪；|zh
616|7|26|26|Ladan was his son, Ammihud his son, Elishama his son,|en
617|7|27|27|以利沙瑪的兒子是嫩；嫩的兒子是約書亞。|zh
618|7|27|27|Nun his son, Joshua his son.|en
619|7|28|28|以法蓮人的地業和住處是伯特利與其村莊；東邊拿蘭，西邊基色與其村莊；示劍與其村莊，直到迦薩與其村莊；|zh
620|7|28|28|Their heritage and their living-places were Beth-el and its daughter-towns, and Naaran to the east, and Gezer to the west, with its daughter-towns, as well as Shechem and its daughter-towns as far as Azzah and its daughter-towns;|en
621|7|29|29|還有靠近瑪拿西人的境界，伯善與其村莊；他納與其村莊；米吉多與其村莊；多珥與其村莊。以色列兒子約瑟的子孫住在這些地方。|zh
622|7|29|29|And by the limits of the children of Manasseh, Beth-shean and its daughter-towns, Taanach, Megiddo, and Dor, with their daughter-towns. In these the children of Joseph, the son of Israel, were living.|en
623|7|30|30|亞設的兒子是音拿、亦施瓦、亦施韋、比利亞，還有他們的妹子西拉。|zh
624|7|30|30|The sons of Asher: Imnah and Ishvah and Ishvi and Beriah and Serah, their sister.|en
625|7|31|31|比利亞的兒子是希別、瑪結；瑪結是比撒威的父親。|zh
626|7|31|31|And the sons of Beriah: Heber and Malchiel, who was the father of Birzaith.|en
627|7|32|32|希別生雅弗勒、朔默、何坦，和他們的妹子書雅。|zh
628|7|32|32|And Heber was the father of Japhlet and Shomer and Hotham and Shua, their sister.|en
629|7|33|33|雅弗勒的兒子是巴薩、賓哈、亞施法。這都是雅弗勒的兒子。|zh
630|7|33|33|And the sons of Japhlet: Pasach and Bimhal and Ashvath. These are the sons of Japhlet.|en
631|7|34|34|朔默的兒子是亞希、羅迦、耶戶巴、亞蘭。|zh
632|7|34|34|And the sons of Shomer: Ahi and Rohgah, Jehubbah and Aram.|en
633|7|35|35|朔默兄弟希連的兒子是瑣法、音那、示利斯、亞抹。|zh
634|7|35|35|And the sons of Hotham, his brother: Zophah and Imna and Shelesh and Amal.|en
635|7|36|36|瑣法的兒子是書亞、哈尼弗、書阿勒、比利、音拉、|zh
636|7|36|36|The sons of Zophah: Suah and Harnepher and Shual and Beri and Imrah,|en
637|7|37|37|比悉、河得、珊瑪、施沙、益蘭、比拉。|zh
638|7|37|37|Bezer and Hod and Shamma and Shilshah and Ithran and Beera.|en
639|7|38|38|益帖的兒子是耶孚尼、毗斯巴、亞拉。|zh
640|7|38|38|And the sons of Jether: Jephunneh and Pispah and Ara.|en
641|7|39|39|烏拉的兒子是亞拉、漢尼業、利寫。|zh
642|7|39|39|And the sons of Ulla: Arah and Hanniel and Rizia.|en
643|7|40|40|這都是亞設的子孫，都是族長，是精壯大能的勇士，也是首領中的頭目，按著家譜計算，他們的子孫能出戰的共有二萬六千人。|zh
644|7|40|40|All these were the children of Asher, heads of their families, specially strong men of war, chiefs of the rulers. They were recorded in the army for war, twenty-six thousand men in number.|en
645|8|1|1|便雅憫的長子比拉，次子亞實別，三子亞哈拉，|zh
646|8|1|1|And Benjamin was the father of Bela his oldest son, Ashbel the second, and Aharah the third,|en
647|8|2|2|四子挪哈，五子拉法。|zh
648|8|2|2|Nohah the fourth, and Rapha the fifth.|en
649|8|3|3|比拉的兒子是亞大、基拉、亞比忽、|zh
650|8|3|3|And Bela had sons, Addar and Gera, the father of Ehud,|en
651|8|4|4|亞比書、乃幔、亞何亞、|zh
652|8|4|4|And Abishua and Naaman and Ahoah|en
653|8|5|5|基拉、示孚汛、戶蘭。|zh
654|8|5|5|And Gera and Shephuphan and Huram.|en
655|8|6|6|以忽的兒子作迦巴居民的族長，被擄到瑪拿轄；|zh
656|8|6|6|And these are the sons of Ehud, heads of families of those living in Geba: Iglaam and Alemeth|en
657|8|7|7|以忽的兒子乃幔、亞希亞、基拉也被擄去。基拉生烏撒、亞希忽。|zh
658|8|7|7|And Naaman and Ahijah and Gera; and Iglaam was the father of Uzza and Ahihud.|en
659|8|8|8|沙哈連休他二妻戶伸和巴拉之後，在摩押地生了兒子。|zh
660|8|8|8|And Shaharaim became the father of children in the country of the Moabites after driving out Hushim and Beerah his wives;|en
661|8|9|9|他與妻賀得同房，生了約巴、洗比雅、米沙、瑪拉干、|zh
662|8|9|9|And by Hodesh his wife he became the father of Jobab and Zibia and Mesha and Malcam.|en
663|8|10|10|耶烏斯、沙迦、米瑪。他這些兒子都是族長。|zh
664|8|10|10|And Jeuz and Shachia and Mirmah. These were his sons, heads of families.|en
665|8|11|11|他的妻戶伸給他生的兒子有亞比突、以利巴力。|zh
666|8|11|11|And Hushim became the father of Abitub and Elpaal.|en
667|8|12|12|以利巴力的兒子是希伯、米珊、沙麥。沙麥建立阿挪和羅德二城與其村莊。|zh
668|8|12|12|And the sons of Elpaal: Eber and Misham and Shemed (he was the builder of Ono and Lod and their daughter-towns);|en
669|8|13|13|又有比利亞和示瑪是亞雅崙居民的族長，是驅逐迦特人的。|zh
670|8|13|13|And Beriah and Shema, who were heads of the families of those who were living in Aijalon, who put to flight the people living in Gath;|en
671|8|14|14|亞希約、沙煞、耶利末、|zh
672|8|14|14|And their brothers Shashak and Jeremoth.|en
673|8|15|15|西巴第雅、亞拉得、亞得、|zh
674|8|15|15|And Zebadiah and Arad and Eder|en
675|8|16|16|米迦勒、伊施巴、約哈都是比利亞的兒子。|zh
676|8|16|16|And Michael and Ishpah and Joha, the sons of Beriah;|en
677|8|17|17|西巴第雅、米書蘭、希西基、希伯、|zh
678|8|17|17|And Zebadiah and Meshullam and Hizki and Heber|en
679|8|18|18|伊施米萊、伊斯利亞、約巴都是以利巴力的兒子。|zh
680|8|18|18|And Ishmerai and Izliah and Jobab, the sons of Elpaal;|en
681|8|19|19|雅金、細基利、撒底、|zh
682|8|19|19|And Jakim and Zichri and Zabdi|en
683|8|20|20|以利乃、洗勒太、以列、|zh
684|8|20|20|And Elienai and Zillethai and Eliel|en
685|8|21|21|亞大雅、比拉雅、申拉都是示每的兒子。|zh
686|8|21|21|And Adaiah and Beraiah and Shimrath, the sons of Shimei;|en
687|8|22|22|伊施班、希伯、以列、|zh
688|8|22|22|And Ishpan and Eber and Eliel|en
689|8|23|23|亞伯頓、細基利、哈難、|zh
690|8|23|23|And Abdon and Zichri and Hanan|en
691|8|24|24|哈拿尼雅、以攔、安陀提雅、|zh
692|8|24|24|And Hananiah and Elam and Anathothijah|en
693|8|25|25|伊弗底雅、毗努伊勒都是沙煞的兒子。|zh
694|8|25|25|And Iphdeiah and Penuel, the sons of Shashak;|en
695|8|26|26|珊示萊、示哈利、亞他利雅、|zh
696|8|26|26|And Shamsherai and Shehariah and Athaliah|en
697|8|27|27|雅利西、以利亞、細基利都是耶羅罕的兒子。|zh
698|8|27|27|And Jaareshiah and Elijah and Zichri, the sons of Jeremoth.|en
699|8|28|28|這些人都是著名的族長，住在耶路撒冷。|zh
700|8|28|28|These were heads of families in their generations; chief men: these were living in Jerusalem.|en
701|8|29|29|在基遍住的有基遍的父親耶利。他的妻名叫瑪迦；|zh
702|8|29|29|And in Gibeon was living the father of Gibeon, Jeiel, whose wife's name was Maacah;|en
703|8|30|30|他長子是亞伯頓。他又生蘇珥、基士、巴力、拿答、|zh
704|8|30|30|And his oldest son Abdon, and Zur and Kish and Baal and Ner and Nadab|en
705|8|31|31|基多、亞希約、撒迦、米基羅。|zh
706|8|31|31|And Gedor and Ahio and Zechariah and Mikloth.|en
707|8|32|32|米基羅生示米暗。這些人和他們的弟兄在耶路撒冷對面居住。|zh
708|8|32|32|And Mikloth was the father of Shimeah. And they were living with their brothers in Jerusalem opposite their brothers.|en
709|8|33|33|尼珥生基士；基士生掃羅；掃羅生約拿單、麥基舒亞、亞比拿達、伊施巴力。|zh
710|8|33|33|And Ner was the father of Abner, and Kish was the father of Saul, and Saul was the father of Jonathan and Malchi-shua and Abinadab and Eshbaal.|en
711|8|34|34|約拿單的兒子是米力巴力(撒下四章四節作米非波設)；米力巴力生米迦。|zh
712|8|34|34|And the son of Jonathan was Merib-baal; and Merib-baal was the father of Micah.|en
713|8|35|35|米迦的兒子是毗敦、米勒、他利亞、亞哈斯；|zh
714|8|35|35|And the sons of Micah: Pithon and Melech and Tarea and Ahaz.|en
715|8|36|36|亞哈斯生耶何阿達；耶何阿達生亞拉篾、亞斯瑪威、心利；心利生摩撒；|zh
716|8|36|36|And Ahaz was the father of Jehoaddah; and Jehoaddah was the father of Alemeth and Azmaveth and Zimri; and Zimri was the father of Moza;|en
717|8|37|37|摩撒生比尼亞；比尼亞的兒子是拉法；拉法的兒子是以利亞薩；以利亞薩的兒子是亞悉。|zh
718|8|37|37|And Moza was the father of Binea: Raphah was his son, Eleasah his son, Azel his son;|en
719|8|38|38|亞悉有六個兒子，他們的名字是亞斯利干、波基路、以實瑪利、示亞利雅、俄巴底雅、哈難。這都是亞悉的兒子。|zh
720|8|38|38|And Azel had five sons, whose names are: Azrikam, his oldest, and Ishmael and Sheariah and Obadiah and Hanan. All these were the sons of Azel.|en
721|8|39|39|亞悉兄弟以設的長子是烏蘭，次子耶烏施，三子是以利法列。|zh
722|8|39|39|And the sons of Eshek his brother: Ulam his oldest son, Jeush the second, and Eliphelet the third.|en
723|8|40|40|烏蘭的兒子都是大能的勇士，是弓箭手，他們有許多的子孫，共一百五十名，都是便雅憫人。|zh
724|8|40|40|And the sons of Ulam were men of war, bowmen, and had a great number of sons and sons' sons, a hundred and fifty. All these were the sons of Benjamin.|en
725|9|1|1|以色列人都按家譜計算，寫在以色列諸王記上。猶大人因犯罪就被擄到巴比倫。|zh
726|9|1|1|So all Israel was listed by their families; and, truly, they are recorded in the book of the kings of Israel. And Judah was taken away as prisoners to Babylon because of their sin.|en
727|9|2|2|先從巴比倫回來，住在自己地業城邑中的有以色列人、祭司、利未人、尼提寧的首領。|zh
728|9|2|2|Now the first to take up their heritage in their towns were: Israel, the priests, the Levites, and the Nethinim.|en
729|9|3|3|住在耶路撒冷的有猶大人、便雅憫人、以法蓮人、瑪拿西人。|zh
730|9|3|3|And in Jerusalem there were living some of the sons of Judah, and of Benjamin, and of Ephraim and Manasseh;|en
731|9|4|4|猶大兒子法勒斯的子孫中有烏太。烏太是亞米忽的兒子；亞米忽是暗利的兒子；暗利是音利的兒子；音利是巴尼的兒子。|zh
732|9|4|4|Uthai, the son of Ammihud, the son of Omri, the son of Imri, the son of Bani, of the sons of Perez, the son of Judah.|en
733|9|5|5|示羅的子孫中有長子亞帥雅和他的眾子。|zh
734|9|5|5|And of the Shilonites: Asaiah the oldest, and his sons.|en
735|9|6|6|謝拉的子孫中有耶烏利和他的弟兄，共六百九十人。|zh
736|9|6|6|And of the sons of Zerah: Jeuel, and their brothers, six hundred and ninety.|en
737|9|7|7|便雅憫人中有哈西努的曾孫、何達威雅的孫子、米書蘭的兒子撒路，|zh
738|9|7|7|And of the sons of Benjamin: Sallu, the son of Meshullam, Judah, the son of Hassenuah,|en
739|9|8|8|又有耶羅罕的兒子伊比尼雅，米基立的孫子、烏西的兒子以拉，伊比尼雅的曾孫、流珥的孫子、示法提雅的兒子米書蘭，|zh
740|9|8|8|And Ibneiah, the son of Jeroham, and Elah, the son of Uzzi, the son of Michri, and Meshullam, the son of Shephatiah, the son of Reuel, the son of Ibnijah;|en
741|9|9|9|和他們的族弟兄，按著家譜計算共有九百五十六名。這些人都是他們的族長。|zh
742|9|9|9|And their brothers, in the list of their generations, nine hundred and fifty-six. All these men were heads of families, listed by the names of their fathers.|en
743|9|10|10|祭司中有耶大雅、耶何雅立、雅斤，|zh
744|9|10|10|And of the priests: Jedaiah and Jehoiarib and Jachin|en
745|9|11|11|還有管理神殿希勒家的兒子亞薩利雅。希勒家是米書蘭的兒子；米書蘭是撒督的兒子；撒督是米拉約的兒子；米拉約是亞希突的兒子。|zh
746|9|11|11|And Azariah, the son of Hilkiah, the son of Meshullam, the son of Zadok, the son of Meraioth, the son of Ahitub, the ruler of the house of God;|en
747|9|12|12|有瑪基雅的曾孫、巴施戶珥的孫子、耶羅罕的兒子亞大雅，又有亞第業的兒子瑪賽；亞第業是雅希細拉的兒子；雅希細拉是米書蘭的兒子；米書蘭是米實利密的兒子；米實利密是音麥的兒子。|zh
748|9|12|12|And Adaiah, the son of Jeroham, the son of Pashhur, the son of Malchijah, and Maasai, the son of Adiel, the son of Jahzerah, the son of Meshullam, the son of Meshillemith, the son of Immer;|en
749|9|13|13|他們和眾弟兄都是族長，共有一千七百六十人，是善於做神殿使用之工的。|zh
750|9|13|13|And their brothers, heads of their families, a thousand and seven hundred and sixty: able men, doing the work of the house of God.|en
751|9|14|14|利未人米拉利的子孫中，有哈沙比雅的曾孫、押利甘的孫子、哈述的兒子示瑪雅。|zh
752|9|14|14|And of the Levites: Shemaiah, the son of Hasshub, the son of Azrikam, the son of Hashabiah, of the sons of Merari;|en
753|9|15|15|有拔巴甲、黑勒施、迦拉，並亞薩的曾孫、細基利的孫子、米迦的兒子瑪探雅，|zh
754|9|15|15|And Bakbakkar, Heresh, and Galal, and Mattaniah, the son of Mica, the son of Zichri, the son of Asaph;|en
755|9|16|16|又有耶杜頓的曾孫、迦拉的孫子、示瑪雅的兒子俄巴底，還有以利加拿的孫子、亞撒的兒子比利家。他們都住在尼陀法人的村莊。|zh
756|9|16|16|And Obadiah, the son of Shemaiah, the son of Galal, the son of Jeduthun, and Berechiah, the son of Asa, the son of Elkanah, who were living in the small towns of the Netophathites.|en
757|9|17|17|守門的是沙龍、亞谷、達們、亞希幔，和他們的弟兄；沙龍為長。|zh
758|9|17|17|And the door-keepers: Shallum and Akkub and Talmon and Ahiman and their brothers: Shallum was the chief.|en
759|9|18|18|從前這些人看守朝東的王門，如今是利未營中守門的。|zh
760|9|18|18|Up till then they had been at the king's door to the east. They were door-keepers for the tents of the sons of Levi.|en
761|9|19|19|可拉的曾孫、以比雅撒的孫子、可利的兒子沙龍，和他的族弟兄可拉人都管理使用之工，並守會幕的門。他們的祖宗曾管理耶和華的營盤，又把守營門。|zh
762|9|19|19|And Shallum, the son of Kore, the son of Ebiasaph, the son of Korah, and his brothers, of his family, the Korahites, were responsible for everything which had to be done in connection with the order of worship, keepers of the doors of the Tent; their fathers had had the care of the tents of the Lord, being keepers of the doorway.|en
763|9|20|20|從前以利亞撒的兒子非尼哈管理他們，耶和華也與他同在。|zh
764|9|20|20|In the past Phinehas, the son of Eleazar, had been ruler over them; may the Lord be with him!|en
765|9|21|21|米施利米雅的兒子撒迦利雅是看守會幕之門的。|zh
766|9|21|21|Zechariah, the son of Meshelemiah, was keeper of the door of the Tent of meeting.|en
767|9|22|22|被選守門的人共有二百一十二名。他們在自己的村莊，按著家譜計算，是大衛和先見撒母耳所派當這緊要職任的。|zh
768|9|22|22|There were two hundred and twelve whose business it was to keep the doorway. These were listed by families in the country places where they were living, whom David and Samuel the seer put in their responsible positions.|en
769|9|23|23|他們和他們的子孫按著班次看守耶和華殿的門，就是會幕的門。|zh
770|9|23|23|So they and their sons had the care of the doors of the house of the Lord, the house of the Tent, as watchers.|en
771|9|24|24|在東西南北，四方都有守門的。|zh
772|9|24|24|There were keepers of the doors on the four sides, to the east, west, north, and south.|en
773|9|25|25|他們的族弟兄住在村莊，每七日來與他們換班。|zh
774|9|25|25|And their brothers, in the country places where they were living, were to come in every seven days to be with them from time to time.|en
775|9|26|26|這四個門領都是利未人，各有緊要的職任，看守神殿的倉庫。|zh
776|9|26|26|For the four chief door-keepers, who were Levites, had a special position, looking after the rooms and the store-houses of the house of God.|en
777|9|27|27|他們住在神殿的四圍，是因委託他們守殿，要每日早晨開門。|zh
778|9|27|27|Their sleeping-rooms were round the house of God, for they had the care of it, and were responsible for opening it morning by morning.|en
779|9|28|28|利未人中有管理使用器皿的，按著數目拿出拿入；|zh
780|9|28|28|Certain of them had the care of the vessels used in worship, to keep an account of them when they came in and when they were taken out again.|en
781|9|29|29|又有人管理器具和聖所的器皿，並細麵、酒、油、乳香、香料。|zh
782|9|29|29|And some of them were responsible for the holy things and for the vessels of the holy place, and the meal and the wine and the oil and the perfume and the spices.|en
783|9|30|30|祭司中有人用香料做膏油。|zh
784|9|30|30|And some of the sons of the priests were responsible for crushing the spices.|en
785|9|31|31|利未人瑪他提雅是可拉族沙龍的長子，他緊要的職任是管理盤中烤的物。|zh
786|9|31|31|And Mattithiah, one of the Levites, the oldest son of Shallum the Korahite, was responsible for cooking the flat cakes.|en
787|9|32|32|他們族弟兄哥轄子孫中，有管理陳設餅的，每安息日預備擺列。|zh
788|9|32|32|And some of their brothers, sons of the Kohathites, were responsible for the holy bread which was put in order before the Lord, to get it ready every Sabbath.|en
789|9|33|33|歌唱的有利未人的族長，住在屬殿的房屋，晝夜供職，不做別樣的工。|zh
790|9|33|33|And these were those who had the ordering of the music and songs, heads of families of the Levites, who were living in the rooms, and were free from other work, for their work went on day and night.|en
791|9|34|34|以上都是利未人著名的族長，住在耶路撒冷。|zh
792|9|34|34|These were heads of families of the Levites in their generations, chief men; they were living at Jerusalem.|en
793|9|35|35|在基遍住的有基遍的父親耶利。他的妻名叫瑪迦；|zh
794|9|35|35|And in Gibeon was living the father of Gibeon, Jeiel, whose wife's name was Maacah;|en
795|9|36|36|他長子是亞伯頓。他又生蘇珥、基士、巴力、尼珥、拿答、|zh
796|9|36|36|And Abdon his oldest son, and Zur and Kish and Baal and Ner and Nadab|en
797|9|37|37|基多、亞希約、撒迦利雅、米基羅。|zh
798|9|37|37|And Gedor and Ahio and Zechariah and Mikloth|en
799|9|38|38|米基羅生示米暗。這些人和他們的弟兄在耶路撒冷對面居住。|zh
800|9|38|38|Mikloth was the father of Shimeam. They were living with their brothers in Jerusalem opposite their brothers.|en
801|9|39|39|尼珥生基士；基士生掃羅；掃羅生約拿單、麥基舒亞、亞比拿達、伊施巴力。|zh
802|9|39|39|And Ner was the father of Kish; and Kish was the father of Saul; and Saul was the father of Jonathan and Malchi-shua and Abinadab and Eshbaal.|en
803|9|40|40|約拿單的兒子是米力巴力(即米非波設)；米力巴力生米迦。|zh
804|9|40|40|And the son of Jonathan was Merib-baal; and Merib-baal was the father of Micah.|en
805|9|41|41|米迦的兒子是毗敦、米勒、他利亞、亞哈斯。|zh
806|9|41|41|And the sons of Micah: Pithon and Melech and Tahrea and Ahaz.|en
807|9|42|42|亞哈斯生雅拉；雅拉生亞拉篾、亞斯瑪威、心利；心利生摩撒；|zh
808|9|42|42|And Ahaz was the father of Jarah; and Jarah was the father of Alemeth and Azmaveth and Zimri; and Zimri was the father of Moza.|en
809|9|43|43|摩撒生比尼亞；比尼亞生利法雅；利法雅的兒子是以利亞薩；以利亞薩的兒子是亞悉。|zh
810|9|43|43|And Moza was the father of Binea; and Rephaiah was his son, Eleasah his son, Azel his son.|en
811|9|44|44|亞悉有六個兒子，他們的名字是亞斯利干、波基路、以實瑪利、示亞利雅、俄巴底雅、哈難。這都是亞悉的兒子。|zh
812|9|44|44|And Azel had five sons, whose names are: Azrikam, his oldest son, and Ishmael and Sheariah and Obadiah and Hanan: these were the sons of Azel.|en
813|10|1|1|非利士人與以色列人爭戰，以色列人在非利士人面前逃跑，在基利波山有被殺仆倒的。|zh
814|10|1|1|Now the Philistines were fighting against Israel; and the men of Israel went in flight before the Philistines, falling down wounded in Mount Gilboa.|en
815|10|2|2|非利士人緊追掃羅和他兒子們，就殺了掃羅的兒子約拿單、亞比拿達、麥基舒亞。|zh
816|10|2|2|And the Philistines went hard after Saul and his sons, and put to death Jonathan and Abinadab and Malchi-shua, the sons of Saul.|en
817|10|3|3|勢派甚大，掃羅被弓箭手追上，射傷甚重，|zh
818|10|3|3|And the fight was going against Saul, and the archers came across him, and he was wounded by the archers.|en
819|10|4|4|就吩咐拿他兵器的人說：你拔出刀來，將我刺死，免得那些未受割禮的人來凌辱我。但拿兵器的人甚懼怕，不肯刺他；|zh
820|10|4|4|Then Saul said to the servant who had the care of his arms, Take your sword and put it through me, before these men without circumcision come and make sport of me. But his servant, full of fear, would not do so. Then Saul took out his sword, falling on it himself.|en
821|10|5|5|掃羅就自己伏在刀上死了。拿兵器的人見掃羅已死，也伏在刀上死了。|zh
822|10|5|5|And when his servant saw that Saul was dead, he did the same, and came to his death.|en
823|10|6|6|這樣，掃羅和他三個兒子，並他的全家都一同死亡。|zh
824|10|6|6|So death overtook Saul and his three sons; all his family came to an end together.|en
825|10|7|7|住平原的以色列眾人見以色列軍兵逃跑，掃羅和他兒子都死了，也就棄城逃跑，非利士人便來住在其中。|zh
826|10|7|7|And when all the men of Israel who were in the valley saw that the men of Israel had gone in flight and that Saul and his sons were dead, they went in flight away from their towns; and the Philistines came and took them for themselves.|en
827|10|8|8|次日，非利士人來剝那被殺之人的衣服，看見掃羅和他兒子仆倒在基利波山，|zh
828|10|8|8|Now the day after, when the Philistines came to take their goods from the dead, they saw Saul and his sons dead in Mount Gilboa.|en
829|10|9|9|就剝了他的軍裝，割下他的首級，打發人到(或作送到)非利士地的四境報信與他們的偶像和眾民，|zh
830|10|9|9|And they took everything off him, and took his head and his war-dress, and sent word into the land of the Philistines round about to give the news to their gods and to the people.|en
831|10|10|10|又將掃羅的軍裝放在他們神的廟裡，將他的首級釘在大袞廟中。|zh
832|10|10|10|And they put his war-dress in the house of their gods, and put up his head in the house of Dagon.|en
833|10|11|11|基列雅比人聽見非利士人向掃羅所行的一切事，|zh
834|10|11|11|And when the news came to Jabesh-gilead of what the Philistines had done to Saul,|en
835|10|12|12|他們中間所有的勇士就起身前去，將掃羅和他兒子的屍身送到雅比，將他們的屍骨葬在雅比的橡樹下，就禁食七日。|zh
836|10|12|12|All the fighting-men came up and took away Saul's body and the bodies of his sons, and took them to Jabesh, and put their bones to rest under the oak-tree in Jabesh, and took no food for seven days.|en
837|10|13|13|這樣，掃羅死了。因為他干犯耶和華，沒有遵守耶和華的命；又因他求問交鬼的婦人，|zh
838|10|13|13|So death came to Saul because of the sin which he did against the Lord, that is, because of the word of the Lord which he kept not; and because he went for directions to one who had an evil spirit,|en
839|10|14|14|沒有求問耶和華，所以耶和華使他被殺，把國歸於耶西的兒子大衛。|zh
840|10|14|14|And not to the Lord: for this reason, he put him to death and gave the kingdom to David, the son of Jesse.|en
841|11|1|1|以色列眾人聚集到希伯崙見大衛，說：我們原是你的骨肉。|zh
842|11|1|1|Then all Israel came together to David at Hebron, and said, Truly, we are your bone and your flesh.|en
843|11|2|2|從前掃羅作王的時候，率領以色列人出入的是你；耶和華─你的神也曾應許你說：你必牧養我的民以色列，作以色列的君。|zh
844|11|2|2|In the past, when Saul was king, it was you who went at the head of Israel when they went out or came in; and the Lord your God said to you, You are to be the keeper of my people Israel, and their ruler.|en
845|11|3|3|於是以色列的長老都來到希伯崙見大衛王。大衛在希伯崙耶和華面前與他們立約，他們就膏大衛作以色列的王，是照耶和華藉撒母耳所說的話。|zh
846|11|3|3|So all the responsible men of Israel came to the king at Hebron; and David made an agreement with them in Hebron before the Lord; and they put the holy oil on David and made him king over Israel, as the Lord had said by Samuel.|en
847|11|4|4|大衛和以色列眾人到了耶路撒冷，就是耶布斯；那時耶布斯人住在那裡。|zh
848|11|4|4|Then David and all Israel went to Jerusalem (which is Jebus); and the Jebusites, the people of the land, were there.|en
849|11|5|5|耶布斯人對大衛說：你決不能進這地方。然而大衛攻取錫安的保障，就是大衛的城。|zh
850|11|5|5|And the people of Jebus said to David, You will not come in here. But still, David took the strong place of Zion, which is the town of David.|en
851|11|6|6|大衛說：誰先攻打耶布斯人，必作首領元帥。洗魯雅的兒子約押先上去，就作了元帥。|zh
852|11|6|6|And David said, The first to overcome the Jebusites will be chief and captain. And Joab, the son of Zeruiah, went up first, and became chief.|en
853|11|7|7|大衛住在保障裡，所以那保障叫作大衛城。|zh
854|11|7|7|And David took the strong tower for his living-place, so it was named the town of David.|en
855|11|8|8|大衛又從米羅起，四圍建築城牆，其餘的是約押修理。|zh
856|11|8|8|And he took in hand the building of the town all round, starting from the Millo; and Joab put the rest of the town in order.|en
857|11|9|9|大衛日見強盛，因為萬軍之耶和華與他同在。|zh
858|11|9|9|And David became greater and greater in power, because the Lord of armies was with him.|en
859|11|10|10|以下記錄跟隨大衛勇士的首領，就是奮勇幫助他得國、照著耶和華吩咐以色列人的話、與以色列人一同立他作王的。|zh
860|11|10|10|Now these are the chief of David's men of war who were his strong supporters in the kingdom, and, with all Israel, made him king, as the Lord had said about Israel.|en
861|11|11|11|大衛勇士的數目記在下面：哈革摩尼的兒子雅朔班，他是軍長的統領，一時舉槍殺了三百人。|zh
862|11|11|11|This is the list of David's men of war: Ishbaal, the son of a Hachmonite, the chief of the three: he put to death three hundred at one time with his spear.|en
863|11|12|12|其次是亞合人犰多的兒子以利亞撒，他是三個勇士裡的一個。|zh
864|11|12|12|And after him was Eleazar, the son of Dodo the Ahohite, who was one of the three great fighters.|en
865|11|13|13|他從前與大衛在巴斯達閔，非利士人聚集要打仗。那裡有一塊長滿大麥的田，眾民就在非利士人面前逃跑；|zh
866|11|13|13|He was with David at Pas-dammim, where the Philistines had come together for the fight, near a bit of land full of barley; and the people went in flight before the Philistines.|en
867|11|14|14|這勇士便站在那田間擊殺非利士人，救護了那田。耶和華使以色列人大獲全勝。|zh
868|11|14|14|And he took up his position in the middle of the bit of land, and kept back their attack, and overcame the Philistines; and the Lord gave a great salvation.|en
869|11|15|15|三十個勇士中的三個人下到磐石那裡，進了亞杜蘭洞見大衛；非利士的軍隊在利乏音谷安營。|zh
870|11|15|15|And three of the thirty went down to David, to the rock, into the strong place of Adullam; and the army of the Philistines had taken up their position in the valley of Rephaim.|en
871|11|16|16|那時大衛在山寨，非利士人的防營在伯利恆。|zh
872|11|16|16|At that time David had taken cover in the strong place, and an armed force of the Philistines was in Beth-lehem.|en
873|11|17|17|大衛渴想，說：甚願有人將伯利恆城門旁井裡的水打來給我喝！|zh
874|11|17|17|And David, moved by a strong desire, said, If only someone would give me a drink of the water from the water-hole of Beth-lehem by the doorway into the town!|en
875|11|18|18|這三個勇士就闖過非利士人的營盤，從伯利恆城門旁的井裡打水，拿來奉給大衛。他卻不肯喝，將水奠在耶和華面前，|zh
876|11|18|18|So the three, forcing a way through the Philistine army, got water from the water-hole of Beth-lehem, by the doorway into the town, and took it back to David; but David would not take it, but made an offering of it, draining it out to the Lord,|en
877|11|19|19|說：我的神啊，這三個人冒死去打水，這水好像他們的血一般，我斷不敢喝！如此，大衛不肯喝。這是三個勇士所做的事。|zh
878|11|19|19|Saying, By my God, far be it from me to do this! How may I take as drink the life-blood of these men who have put their lives in danger? so he did not take it. These things did the three great men of war.|en
879|11|20|20|約押的兄弟亞比篩是這三個勇士的首領；他舉槍殺了三百人，就在三個勇士裡得了名。|zh
880|11|20|20|And Abishai, the brother of Joab, was chief of the thirty, for he put to death three hundred with his spear, but he had not a name among the three.|en
881|11|21|21|他在這三個勇士裡是最尊貴的，所以作他們的首領；只是不及前三個勇士。|zh
882|11|21|21|Of the thirty, he was the noblest, and was made their captain, but he was not equal to the first three.|en
883|11|22|22|有甲薛勇士耶何耶大的兒子比拿雅行過大能的事：他殺了摩押人亞利伊勒的兩個兒子，又在下雪的時候下坑裡去殺了一個獅子，|zh
884|11|22|22|Benaiah, the son of Jehoiada, a fighting-man of Kabzeel, had done great acts; he put to death two young lions going into their secret place; and he went down into a hole and put a lion to death in time of snow.|en
885|11|23|23|又殺了一個埃及人。埃及人身高五肘，手裡拿著槍，槍桿粗如織布的機軸；比拿雅只拿著棍子下去，從埃及人手裡奪過槍來，用那槍將他刺死。|zh
886|11|23|23|And he made an attack on an Egyptian, a very tall man about five cubits high, armed with a spear like a cloth-worker's rod; he went down to him with a stick, and pulling his spear out of the hand of the Egyptian, put him to death with that same spear.|en
887|11|24|24|這是耶何耶大的兒子比拿雅所行的事，就在三個勇士裡得了名。|zh
888|11|24|24|These were the acts of Benaiah, the son of Jehoiada, who had a great name among the thirty men of war.|en
889|11|25|25|他比那三十個勇士都尊貴，只是不及前三個勇士。大衛立他作護衛長。|zh
890|11|25|25|He was honoured over the thirty, but he was not equal to the first three: and David put him over his servants.|en
891|11|26|26|軍中的勇士有約押的兄弟亞撒黑，伯利恆人朵多的兒子伊勒哈難，|zh
892|11|26|26|And these were the great men of war: Asahel, the brother of Joab, Elhanan, the son of Dodo of Beth-lehem,|en
893|11|27|27|哈律人沙瑪，比倫人希利斯，|zh
894|11|27|27|Shammoth the Harodite, Helez the Pelonite,|en
895|11|28|28|提哥亞人益吉的兒子以拉，亞拿突人亞比以謝，|zh
896|11|28|28|Ira, the son of Ikkesh the Tekoite, Abiezer the Anathothite,|en
897|11|29|29|戶沙人西比該，亞合人以來，|zh
898|11|29|29|Sibbecai the Hushathite, Ilai the Ahohite,|en
899|11|30|30|尼陀法人瑪哈萊，尼陀法人巴拿的兒子希立，|zh
900|11|30|30|Maharai the Netophathite, Heled, the son of Baanah the Netophathite,|en
901|11|31|31|便雅憫族基比亞人利拜的兒子以太，比拉頓人比拿雅，|zh
902|11|31|31|Ithai, the son of Ribai of Gibeah, of the children of Benjamin, Benaiah the Pirathonite,|en
903|11|32|32|迦實溪人戶萊，亞拉巴人亞比，|zh
904|11|32|32|Hurai of Nahale-gaash, Abiel the Arbathite,|en
905|11|33|33|巴路米人押斯瑪弗，沙本人以利雅哈巴，|zh
906|11|33|33|Azmaveth of Bahurim, Eliahba the Shaalbonite,|en
907|11|34|34|基孫人哈深的眾子，哈拉人沙基的兒子約拿單，|zh
908|11|34|34|The sons of Hashem the Gizonite, Jonathan, the son of Shage the Hararite,|en
909|11|35|35|哈拉人沙甲的兒子亞希暗，吾珥的兒子以利法勒，|zh
910|11|35|35|Ahiam, the son of Sacar the Hararite, Eliphal, the son of Ur,|en
911|11|36|36|米基拉人希弗，比倫人亞希雅，|zh
912|11|36|36|Hepher the Mecherathite, Ahijah the Pelonite,|en
913|11|37|37|迦密人希斯羅，伊斯拜的兒子拿萊，|zh
914|11|37|37|Hezro the Carmelite, Naarai, the son of Ezbai,|en
915|11|38|38|拿單的兄弟約珥，哈基利的兒子彌伯哈，|zh
916|11|38|38|Joel, the brother of Nathan, Mibhar, the son of Hagri,|en
917|11|39|39|亞捫人洗勒，比錄人拿哈萊〈拿哈萊是給洗魯雅的兒子約押拿兵器的〉，|zh
918|11|39|39|Zelek the Ammonite, and Naharai the Berothite, the servant who had the care of the arms of Joab, the son of Zeruiah;|en
919|11|40|40|以帖人以拉，以帖人迦立，|zh
920|11|40|40|Ira the Ithrite, Gareb the Ithrite,|en
921|11|41|41|赫人烏利亞，亞萊的兒子撒拔，|zh
922|11|41|41|Uriah the Hittite, Zabad, the son of Ahlai,|en
923|11|42|42|流便人示撒的兒子亞第拿〈他是流便支派中的一個族長，率領三十人〉，|zh
924|11|42|42|Adina, the son of Shiza the Reubenite, a chief of the Reubenites, and thirty with him;|en
925|11|43|43|瑪迦的兒子哈難，彌特尼人約沙法，|zh
926|11|43|43|Hanan, the son of Maacah, and Joshaphat the Mithnite,|en
927|11|44|44|亞施他拉人烏西亞，亞羅珥人何坦的兒子沙瑪、耶利，|zh
928|11|44|44|Uzzia the Ashterathite, Shama and Jeiel, the sons of Hotham the Aroerite,|en
929|11|45|45|提洗人申利的兒子耶疊和他的兄弟約哈，|zh
930|11|45|45|Jediael, the son of Shimri, and Joha his brother, the Tizite,|en
931|11|46|46|瑪哈未人以利業，伊利拿安的兒子耶利拜、約沙未雅，摩押人伊特瑪、|zh
932|11|46|46|Eliel the Mahavite, and Jeribai and Joshaviah, the sons of Elnaam, and Ithmah the Moabite,|en
933|11|47|47|以利業、俄備得，並米瑣八人雅西業。|zh
934|11|47|47|Eliel and Obed, and Jaasiel the Mezobaite.|en
935|12|1|1|大衛因怕基士的兒子掃羅，躲在洗革拉的時候，有勇士到他那裡幫助他打仗。|zh
936|12|1|1|Now these are the men who came to David at Ziklag, while he was still shut up, because of Saul, the son of Kish; they were among the strong men, his helpers in war.|en
937|12|2|2|他們善於拉弓，能用左右兩手甩石射箭，都是便雅憫人掃羅的族弟兄。|zh
938|12|2|2|They were armed with bows, and were able to send stones, and arrows from the bow, with right hand or left: they were Saul's brothers, of Benjamin.|en
939|12|3|3|為首的是亞希以謝，其次是約阿施，都是基比亞人示瑪的兒子。還有亞斯瑪威的兒子耶薛和毗力，又有比拉迦，並亞拿突人耶戶，|zh
940|12|3|3|Ahiezer was their chief, then Joash, the sons of Shemaah the Gibeathite; and Jeziel and Pelet, the sons of Azmaveth; and Beracah and Jehu the Anathothite;|en
941|12|4|4|基遍人以實買雅〈他在三十人中是勇士，管理他們〉，且有耶利米、雅哈悉、約哈難，和基得拉人約撒拔、|zh
942|12|4|4|And Ishmaiah the Gibeonite, a great man among the thirty, and their chief; and Jeremiah and Jehaziel and Johanan and Jozabad the Gederathite;|en
943|12|5|5|伊利烏賽、耶利摩、比亞利雅、示瑪利雅，哈律弗人示法提雅，|zh
944|12|5|5|Eluzai and Jerimoth and Bealiah and Shemariah and Shephatiah the Haruphite;|en
945|12|6|6|可拉人以利加拿、耶西亞、亞薩列、約以謝、雅朔班，|zh
946|12|6|6|Elkanah and Isshiah and Azarel and Joezer and Jashobeam, the Korahites;|en
947|12|7|7|基多人耶羅罕的兒子猶拉和西巴第雅。|zh
948|12|7|7|And Joelah and Zebadiah, the sons of Jeroham of Gedor.|en
949|12|8|8|迦得支派中有人到曠野的山寨投奔大衛，都是大能的勇士，能拿盾牌和槍的戰士。他們的面貌好像獅子，快跑如同山上的鹿。|zh
950|12|8|8|And some of the Gadites, siding with David, went to his strong place in the waste land, great and strong men, trained for war, expert in the use of arms, whose faces were like the faces of lions, and they were quick-footed like roes on the mountains;|en
951|12|9|9|第一以薛，第二俄巴底雅，第三以利押，|zh
952|12|9|9|Ezer their chief, Obadiah the second, Eliab the third,|en
953|12|10|10|第四彌施瑪拿，第五耶利米，|zh
954|12|10|10|Mishmannah the fourth, Jeremiah the fifth,|en
955|12|11|11|第六亞太，第七以利業，|zh
956|12|11|11|Attai the sixth, Eliel the seventh,|en
957|12|12|12|第八約哈難，第九以利薩巴，|zh
958|12|12|12|Johanan the eighth, Elzabad the ninth,|en
959|12|13|13|第十耶利米，第十一末巴奈。|zh
960|12|13|13|Jeremiah the tenth, Machbannai the eleventh.|en
961|12|14|14|這都是迦得人中的軍長，至小的能抵一百人，至大的能抵一千人。|zh
962|12|14|14|These Gadites were captains of the army; the least of them was captain over a hundred men, and the greatest over a thousand.|en
963|12|15|15|正月，約但河水漲過兩岸的時候，他們過河，使一切住平原的人東奔西逃。|zh
964|12|15|15|It was they who went over Jordan in the first month, when the river was overflowing, and put to flight all the people of the valleys, to the east and to the west.|en
965|12|16|16|又有便雅憫和猶大人到山寨大衛那裡。|zh
966|12|16|16|And some of the children of Benjamin and Judah came to David in his strong place.|en
967|12|17|17|大衛出去迎接他們，對他們說：你們若是和和平平地來幫助我，我心就與你們相契；你們若是將我這無罪的人賣在敵人手裡，願我們列祖的神察看責罰。|zh
968|12|17|17|And David went out to them, and said to them, If you have come in peace to give me help, my heart will be united with yours; but if you have come to give me up to those who would take my life, though my hands are clean from wrongdoing, then may the God of our fathers see it and give you punishment.|en
969|12|18|18|那時神的靈感動那三十個勇士的首領亞瑪撒，他就說：大衛啊，我們是歸於你的！耶西的兒子啊，我們是幫助你的！願你平平安安，願幫助你的也都平安！因為你的神幫助你。大衛就收留他們，立他們作軍長。|zh
970|12|18|18|Then the spirit came on Amasai, who was chief of the captains, and he said, We are yours, David, we are on your side, O son of Jesse: may peace be with you and peace be with your helpers; for God is your helper. Then David took them into his army and made them captains of the band.|en
971|12|19|19|大衛從前與非利士人同去，要與掃羅爭戰，有些瑪拿西人來投奔大衛，他們卻沒有幫助非利士人；因為非利士人的首領商議，打發他們回去，說：恐怕大衛拿我們的首級，歸降他的主人掃羅。|zh
972|12|19|19|And some of the men of Manasseh came over to David, when he went with the Philistines to the war against Saul, but he gave them no help: for the lords of the Philistines, after discussion, sent him away, saying, He will go back to his master Saul, at the price of our lives.|en
973|12|20|20|大衛往洗革拉去的時候，有瑪拿西人的千夫長押拿、約撒拔、耶疊、米迦勒、約撒拔、以利戶、洗勒太都來投奔他。|zh
974|12|20|20|Then when he went back to Ziklag, there came over to him, of the men of Manasseh, Adnah and Jozabad and Jediael and Michael and Jozabad and Elihu and Zillethai, captains of thousands from the armies of Manasseh.|en
975|12|21|21|這些人幫助大衛攻擊群賊；他們都是大能的勇士，且作軍長。|zh
976|12|21|21|And they gave David help against the armed bands, for they were all great men of war, and captains in the army.|en
977|12|22|22|那時天天有人來幫助大衛，以致成了大軍，如神的軍一樣。|zh
978|12|22|22|And from day to day more supporters came to David, till he had a great army like the army of God.|en
979|12|23|23|預備打仗的兵來到希伯崙見大衛，要照著耶和華的話將掃羅的國位歸與大衛。他們的數目如下：|zh
980|12|23|23|These are the numbers of the chiefs of the armed men, ready for war, who came to David at Hebron, to give the kingdom of Saul into his hands, as the Lord had said.|en
981|12|24|24|猶大支派，拿盾牌和槍預備打仗的有六千八百人。|zh
982|12|24|24|There were six thousand, eight hundred spearmen of the children of Judah, armed for war;|en
983|12|25|25|西緬支派，能上陣大能的勇士有七千一百人。|zh
984|12|25|25|Seven thousand, one hundred of the children of Simeon, great men of war;|en
985|12|26|26|利未支派有四千六百人。|zh
986|12|26|26|Of the children of Levi, four thousand, six hundred.|en
987|12|27|27|耶何耶大是亞倫家的首領，跟從他的有三千七百人。|zh
988|12|27|27|And Jehoiada, chief of the family of Aaron, and with him three thousand, seven hundred men;|en
989|12|28|28|還有少年大能的勇士撒督，同著他的有族長二十二人。|zh
990|12|28|28|And Zadok, a young man, great and strong in war, with twenty-two captains from his father's people.|en
991|12|29|29|便雅憫支派，掃羅的族弟兄也有三千人，他們向來大半歸順掃羅家。|zh
992|12|29|29|And of the children of Benjamin, the brothers of Saul, three thousand; for up to that time the greater part of them had been true to Saul.|en
993|12|30|30|以法蓮支派大能的勇士，在本族著名的有二萬零八百人。|zh
994|12|30|30|And of the children of Ephraim, twenty thousand, eight hundred great men of war, men of great name in their families.|en
995|12|31|31|瑪拿西半支派，冊上有名的共一萬八千人，都來立大衛作王。|zh
996|12|31|31|And from the half-tribe of Manasseh, eighteen thousand, listed by name, came to make David king.|en
997|12|32|32|以薩迦支派，有二百族長都通達時務，知道以色列人所當行的；他們族弟兄都聽從他們的命令。|zh
998|12|32|32|And of the children of Issachar, there were two hundred chiefs, men who had expert knowledge of the times and what it was best for Israel to do, and all their brothers were under their orders.|en
999|12|33|33|西布倫支派，能上陣用各樣兵器打仗、行伍整齊、不生二心的有五萬人。|zh
1000|12|33|33|Of Zebulun, there were fifty thousand men, who went out with the army, expert in ordering the fight, to give help with all sorts of arms; true-hearted men.|en
1001|12|34|34|拿弗他利支派，有一千軍長；跟從他們、拿盾牌和槍的有三萬七千人。|zh
1002|12|34|34|And of Naphtali, a thousand captains with thirty-seven thousand spearmen.|en
1003|12|35|35|但支派，能擺陣的有二萬八千六百人。|zh
1004|12|35|35|And of the Danites, twenty-eight thousand, six hundred, expert in ordering the fight.|en
1005|12|36|36|亞設支派，能上陣打仗的有四萬人。|zh
1006|12|36|36|And of Asher, forty thousand who went out with the army, expert in ordering the fight.|en
1007|12|37|37|約但河東的流便支派、迦得支派、瑪拿西半支派，拿著各樣兵器打仗的有十二萬人。|zh
1008|12|37|37|From the other side of Jordan, there were a hundred and twenty thousand of the Reubenites and the Gadites and the men of the half-tribe of Manasseh, armed with every sort of instrument of war.|en
1009|12|38|38|以上都是能守行伍的戰士，他們都誠心來到希伯崙，要立大衛作以色列的王。以色列其餘的人也都一心要立大衛作王。|zh
1010|12|38|38|All these men of war, expert in ordering the fight, came to Hebron with the full purpose of making David king over all Israel; and all the rest of Israel were united in their desire to make David king.|en
1011|12|39|39|他們在那裡三日，與大衛一同吃喝，因為他們的族弟兄給他們預備了。|zh
1012|12|39|39|For three days they were there with David, feasting at his table, for their brothers had made ready food for them.|en
1013|12|40|40|靠近他們的人以及以薩迦、西布倫、拿弗他利人將許多麵餅、無花果餅、乾葡萄、酒、油，用驢、駱駝、騾子、牛馱來，又帶了許多的牛和羊來，因為以色列人甚是歡樂。|zh
1014|12|40|40|And those who were near, as far as Issachar and Zebulun and Naphtali, came with food on asses and camels and mules and oxen, with meal for food and cakes of figs and masses of grapes, and wine and oil and oxen and sheep in great numbers, for there was joy in Israel.|en
1015|13|1|1|大衛與千夫長、百夫長，就是一切首領商議。|zh
1016|13|1|1|Then David had discussions with the captains of thousands and the captains of hundreds and with every chief.|en
1017|13|2|2|大衛對以色列全會眾說：你們若以為美，見這事是出於耶和華─我們的神，我們就差遣人走遍以色列地，見我們未來的弟兄，又見住在有郊野之城的祭司利未人，使他們都到這裡來聚集。|zh
1018|13|2|2|And David said to all the men of Israel who had come together there, If it seems good to you and if it is the purpose of the Lord our God, let us send to all the rest of our brothers, everywhere in the land of Israel, and to the priests and the Levites in their towns and the country round them, and get them to come together here to us;|en
1019|13|3|3|我們要把神的約櫃運到我們這裡來；因為在掃羅年間，我們沒有在約櫃前求問　神。|zh
1020|13|3|3|And let us get back for ourselves the ark of our God: for in the days of Saul we did not go to it for directions.|en
1021|13|4|4|全會眾都說可以如此行；這事在眾民眼中都看為好。|zh
1022|13|4|4|And all the people said they would do so, for it seemed right to them.|en
1023|13|5|5|於是，大衛將以色列人從埃及的西曷河直到哈馬口都招聚了來，要從基列耶琳將神的約櫃運來。|zh
1024|13|5|5|So David sent for all Israel to come together, from Shihor, the river of Egypt, as far as the way into Hamath, to get the ark of God from Kiriath-jearim.|en
1025|13|6|6|大衛率領以色列眾人上到巴拉，就是屬猶大的基列耶琳，要從那裡將約櫃運來。這約櫃就是坐在二基路伯上耶和華神留名的約櫃。|zh
1026|13|6|6|And David went up, with all Israel, to Baalah, that is, to Kiriath-jearim in Judah, to get up from there the ark of God, over which the holy Name is named, the name of the Lord whose place is between the winged ones.|en
1027|13|7|7|他們將神的約櫃從亞比拿達的家裡抬出來，放在新車上。烏撒和亞希約趕車。|zh
1028|13|7|7|And they put the ark of God on a new cart, and took it out of the house of Abinadab; and Uzza and Ahio were the drivers of the cart.|en
1029|13|8|8|大衛和以色列眾人在神前用琴、瑟、鑼、鼓、號作樂，極力跳舞歌唱。|zh
1030|13|8|8|Then David and all Israel made melody before God with all their strength, with songs and corded instruments of music, and with brass instruments and horns.|en
1031|13|9|9|到了基頓(撒下六章六節作拿艮)的禾場；因為牛失前蹄(或作驚跳)，烏撒就伸手扶住約櫃。|zh
1032|13|9|9|And when they came to the grain-floor of Chidon, Uzza put out his hand to keep the ark in its place, for the oxen were slipping.|en
1033|13|10|10|耶和華向他發怒，因他伸手扶住約櫃擊殺他，他就死在神面前。|zh
1034|13|10|10|And the wrath of the Lord, burning against Uzza, sent destruction on him because he had put his hand on the ark, and death came to him there before God.|en
1035|13|11|11|大衛因耶和華擊殺(原文作闖殺)烏撒，心裡愁煩，就稱那地方為毗列斯烏撒，直到今日。|zh
1036|13|11|11|And David was angry because of the Lord's outburst of wrath against Uzza, and he gave that place the name Perez-uzza, to this day.|en
1037|13|12|12|那日，大衛懼怕神，說：　神的約櫃怎可運到我這裡來？|zh
1038|13|12|12|And so great was David's fear of God that day, that he said, How may I let the ark of God come to me?|en
1039|13|13|13|於是大衛不將約櫃運進大衛的城，卻運到迦特人俄別以東的家中。|zh
1040|13|13|13|So David did not let the ark come back to him to the town of David, but had it turned away and put into the house of Obed-edom the Gittite.|en
1041|13|14|14|神的約櫃在俄別以東家中三個月，耶和華賜福給俄別以東的家和他一切所有的。|zh
1042|13|14|14|And the ark of God was in the house of Obed-edom for three months; and the Lord sent a blessing on the house of Obed-edom and on all he had.|en
1043|14|1|1|推羅王希蘭將香柏木運到大衛那裡，又差遣使者和石匠、木匠給大衛建造宮殿。|zh
1044|14|1|1|And Hiram, king of Tyre, sent men to David with cedar-trees, and stoneworkers and woodworkers for the building of his house.|en
1045|14|2|2|大衛就知道耶和華堅立他作以色列王，又為自己的民以色列，使他的國興旺。|zh
1046|14|2|2|And David saw that the Lord had made his position safe as king over Israel, lifting up his kingdom on high because of his people Israel.|en
1047|14|3|3|大衛在耶路撒冷又立后妃，又生兒女。|zh
1048|14|3|3|And while he was living in Jerusalem, David took more wives and became the father of more sons and daughters.|en
1049|14|4|4|在耶路撒冷所生的眾子是沙母亞、朔罷、拿單、所羅門、|zh
1050|14|4|4|These are the names of the children he had in Jerusalem: Shammua and Shobab, Nathan and Solomon|en
1051|14|5|5|益轄、以利書亞、以法列、|zh
1052|14|5|5|And Ibhar and Elishua and Elpelet|en
1053|14|6|6|挪迦、尼斐、雅非亞、|zh
1054|14|6|6|And Nogah and Nepheg and Japhia|en
1055|14|7|7|以利沙瑪、比利雅大、以利法列。|zh
1056|14|7|7|And Elishama and Beeliada and Eliphelet.|en
1057|14|8|8|非利士人聽見大衛受膏作以色列眾人的王，非利士眾人就上來尋索大衛。大衛聽見，就出去迎敵。|zh
1058|14|8|8|And when the Philistines had news that David had been made king over all Israel, they went up in search of David, and David, hearing of it, went out against them.|en
1059|14|9|9|非利士人來了，布散在利乏音谷。|zh
1060|14|9|9|Now the Philistines had come, and had gone out in every direction in the valley of Rephaim.|en
1061|14|10|10|大衛求問神，說：我可以上去攻打非利士人麼？你將他們交在我手裡麼？耶和華說：你可以上去，我必將他們交在你手裡。|zh
1062|14|10|10|And David, desiring directions from God, said, Am I to go up against the Philistines? and will you give them into my hands? And the Lord said, Go up; for I will give them into your hands.|en
1063|14|11|11|非利士人來到巴力毗拉心，大衛在那裡殺敗他們。大衛說：神藉我的手沖破敵人，如同水沖去一般；因此稱那地方為巴力毗拉心。|zh
1064|14|11|11|So they went up to Baal-perazim, and David overcame them there, and David said, God has let the forces fighting against me be broken by my hand, as a wall is broken down by rushing water; so they gave that place the name of Baal-perazim.|en
1065|14|12|12|非利士人將神像撇在那裡，大衛吩咐人用火焚燒了。|zh
1066|14|12|12|And the Philistines did not take their images with them in their flight; and at David's orders they were burned with fire.|en
1067|14|13|13|非利士人又布散在利乏音谷。|zh
1068|14|13|13|Then the Philistines again went out in every direction in the valley.|en
1069|14|14|14|大衛又求問神。　神說：不要一直地上去，要轉到他們後頭，從桑林對面攻打他們。|zh
1070|14|14|14|And David went for directions to God; and God said to him, You are not to go up after them; but, turning away from them, come face to face with them opposite the spice-trees.|en
1071|14|15|15|你聽見桑樹梢上有腳步的聲音，就要出戰，因為神已經在你前頭去攻打非利士人的軍隊。|zh
1072|14|15|15|And at the sound of footsteps in the tops of the trees, go out to the fight, for God has gone out before you to overcome the army of the Philistines.|en
1073|14|16|16|大衛就遵著神所吩咐的，攻打非利士人的軍隊，從基遍直到基色。|zh
1074|14|16|16|And David did as the Lord had said; and they overcame the army of the Philistines, attacking them from Gibeon as far as Gezer.|en
1075|14|17|17|於是大衛的名傳揚到列國，耶和華使列國都懼怕他。|zh
1076|14|17|17|And David's name was honoured in all lands; and the Lord put the fear of him on all nations.|en
1077|15|1|1|大衛在大衛城為自己建造宮殿，又為神的約櫃預備地方，支搭帳幕。|zh
1078|15|1|1|And David made houses for himself in the town of David; and he got ready a place for the ark of God, and put up a tent for it.|en
1079|15|2|2|那時大衛說：除了利未人之外，無人可抬神的約櫃；因為耶和華揀選他們抬　神的約櫃，且永遠事奉他。|zh
1080|15|2|2|Then David said, The ark of God may not be moved by any but the Levites, for they have been marked out by God to take the ark of God, and to do his work for ever.|en
1081|15|3|3|大衛招聚以色列眾人眾人到耶路撒冷，要將耶和華的約櫃抬到他所預備的地方。|zh
1082|15|3|3|And David made all Israel come together at Jerusalem, to take the ark of the Lord to its place, which he had got ready for it.|en
1083|15|4|4|大衛又聚集亞倫的子孫和利未人。|zh
1084|15|4|4|And David got together the sons of Aaron, and the Levites;|en
1085|15|5|5|哥轄子孫中有族長烏列和他的弟兄一百二十人。|zh
1086|15|5|5|Of the sons of Kohath: Uriel the chief, and his brothers, a hundred and twenty;|en
1087|15|6|6|米拉利子孫中有族長亞帥雅和他的弟兄二百二十人。|zh
1088|15|6|6|Of the sons of Merari: Asaiah the chief, and his brothers, two hundred and twenty;|en
1089|15|7|7|革順子孫中有族長約珥和他的弟兄一百三十人。|zh
1090|15|7|7|Of the sons of Gershom: Joel the chief, and his brothers, a hundred and thirty;|en
1091|15|8|8|以利撒反子孫中有族長示瑪雅和他的弟兄二百人。|zh
1092|15|8|8|Of the sons of Elizaphan: Shemaiah the chief, and his brothers, two hundred;|en
1093|15|9|9|希伯崙子孫中有族長以列和他的弟兄八十人。|zh
1094|15|9|9|Of the sons of Hebron: Eliel the chief, and his brothers, eighty;|en
1095|15|10|10|烏薛子孫中有族長亞米拿達和他的弟兄一百一十二人。|zh
1096|15|10|10|Of the sons of Uzziel: Amminadab the chief, and his brothers, a hundred and twelve.|en
1097|15|11|11|大衛將祭司撒督和亞比亞他，並利未人烏列、亞帥雅、約珥、示瑪雅、以列、亞米拿達召來，|zh
1098|15|11|11|And David sent for Zadok and Abiathar the priests, and for the Levites, Uriel, Asaiah and Joel, Shemaiah and Eliel and Amminadab,|en
1099|15|12|12|對他們說：你們是利未人的族長，你們和你們的弟兄應當自潔，好將耶和華─以色列神的約櫃抬到我所預備的地方。|zh
1100|15|12|12|And said to them, You are the heads of the families of the Levites: make yourselves holy, you and your brothers, so that you may take the ark of the Lord, the God of Israel, to the place which I have made ready for it.|en
1101|15|13|13|因你們先前沒有抬這約櫃，按定例求問耶和華─我們的神，所以他刑罰(原文作闖殺)我們。|zh
1102|15|13|13|For because you did not take it at the first, the Lord our God sent punishment on us, because we did not get directions from him in the right way.|en
1103|15|14|14|於是祭司利未人自潔，好將耶和華─以色列神的約櫃抬上來。|zh
1104|15|14|14|So the priests and the Levites made themselves holy to take up the ark of the Lord, the God of Israel.|en
1105|15|15|15|利未子孫就用杠，肩抬神的約櫃，是照耶和華藉摩西所吩咐的。|zh
1106|15|15|15|And the sons of the Levites took up the ark of God, lifting it by its rods, as the Lord had said to Moses.|en
1107|15|16|16|大衛吩咐利未人的族長，派他們歌唱的弟兄用琴瑟和鈸作樂，歡歡喜喜地大聲歌頌。|zh
1108|15|16|16|And David gave orders to the chief of the Levites to put their brothers the music-makers in position, with instruments of music, corded instruments and brass, with glad voices making sounds of joy.|en
1109|15|17|17|於是利未人派約珥的兒子希幔和他弟兄中比利家的兒子亞薩，並他們族弟兄米拉利子孫裡古沙雅的兒子以探。|zh
1110|15|17|17|So Heman, the son of Joel, and, of his brothers, Asaph, the son of Berechiah; and of the sons of Merari their brothers, Ethan, the son of Kushaiah, were put in position by the Levites;|en
1111|15|18|18|其次還有他們的弟兄撒迦利雅、便雅薛、示米拉末、耶歇、烏尼、以利押、比拿雅、瑪西雅、瑪他提雅、以利斐利戶、彌克尼雅，並守門的俄別以東和耶利。|zh
1112|15|18|18|And with them their brothers of the second order, Zechariah, Bani and Jaaziel and Shemiramoth and Jehiel and Unni, Eliab and Benaiah and Maaseiah and Mattithiah and Eliphelehu and Mikneiah, and Obed-edom and Jeiel, the door-keepers.|en
1113|15|19|19|這樣，派歌唱的希幔、亞薩、以探敲銅鈸，大發響聲；|zh
1114|15|19|19|So those who made melody, Heman, Asaph, and Ethan, were put in position, with brass instruments, sounding loudly;|en
1115|15|20|20|派撒迦利雅、雅薛、示米拉末、耶歇、烏尼、以利押、瑪西雅、比拿雅鼓瑟，調用女音；|zh
1116|15|20|20|And Zechariah and Aziel and Shemiramoth and Jehiel, Unni and Eliab and Maaseiah and Benaiah, with corded instruments put to Alamoth.|en
1117|15|21|21|又派瑪他提雅、以利斐利戶、彌克尼雅、俄別以東、耶利、亞撒西雅領首彈琴，調用第八。|zh
1118|15|21|21|And Mattithiah and Eliphelehu and Mikneiah and Obed-edom and Jeiel and Azaziah, with corded instruments on the octave, to give the first note of the song.|en
1119|15|22|22|利未人的族長基拿尼雅是歌唱人的首領，又教訓人歌唱，因為他精通此事。|zh
1120|15|22|22|And Chenaniah, chief of the Levites, was master of the music: he gave directions about the song, because he was expert.|en
1121|15|23|23|比利家、以利加拿是約櫃前守門的。|zh
1122|15|23|23|And Berechiah and Elkanah were door-keepers for the ark.|en
1123|15|24|24|祭司示巴尼、約沙法、拿坦業、亞瑪賽、撒迦利雅、比拿亞、以利以謝在神的約櫃前吹號。俄別以東和耶希亞也是約櫃前守門的。|zh
1124|15|24|24|And Shebaniah and Joshaphat and Nethanel and Amasai and Zechariah and Benaiah and Eliezer, the priests, made music on the horns before the ark of God; and Obed-edom and Jehiah were door-keepers for the ark.|en
1125|15|25|25|於是，大衛和以色列的長老，並千夫長都去從俄別以東的家歡歡喜喜地將耶和華的約櫃抬上來。|zh
1126|15|25|25|So David, and the responsible men of Israel, and the captains over thousands, went with joy to get the ark of the agreement of the Lord out of the house of Obed-edom.|en
1127|15|26|26|神賜恩與抬耶和華約櫃的利未人，他們就獻上七隻公牛，七隻公羊。|zh
1128|15|26|26|And when God gave help to the Levites who were lifting up the ark of the agreement of the Lord, they made an offering of seven oxen and seven sheep.|en
1129|15|27|27|大衛和抬約櫃的利未人，並歌唱人的首領基拿尼雅，以及歌唱的人，都穿著細麻布的外袍；大衛另外穿著細麻布的以弗得。|zh
1130|15|27|27|And David was clothed with a robe of fair linen, as were all the Levites who took up the ark, and those who made melody, and Chenaniah the master of those who made melody; and David had on a linen ephod;|en
1131|15|28|28|這樣，以色列眾人歡呼吹角、吹號、敲鈸、鼓瑟、彈琴，大發響聲，將耶和華的約櫃抬上來。|zh
1132|15|28|28|So all Israel took up the ark of the agreement of the Lord, with loud cries and with horns and brass and corded instruments sounding loudly.|en
1133|15|29|29|耶和華的約櫃進了大衛城的時候，掃羅的女兒米甲從窗戶裡觀看，見大衛王踴躍跳舞，心裡就輕視他。|zh
1134|15|29|29|And when the ark of the agreement of the Lord came into the town of David, Michal, the daughter of Saul, looking out of the window, saw King David dancing and playing; and to her mind he seemed foolish.|en
1135|16|1|1|眾人將神的約櫃請進去，安放在大衛所搭的帳幕裡，就在　神面前獻燔祭和平安祭。|zh
1136|16|1|1|Then they took in the ark of God and put it inside the tent which David had put up for it; and they made offerings, burned offerings and peace-offerings before God.|en
1137|16|2|2|大衛獻完了燔祭和平安祭，就奉耶和華的名給民祝福，|zh
1138|16|2|2|And when David had come to an end of making the burned offerings and peace-offerings, he gave the people a blessing in the name of the Lord.|en
1139|16|3|3|並且分給以色列人，無論男女，每人一個餅，一塊肉，一個葡萄餅。|zh
1140|16|3|3|And he gave to everyone, every man and woman of Israel, a cake of bread, some meat, and a cake of dry grapes.|en
1141|16|4|4|大衛派幾個利未人在耶和華的約櫃前事奉，頌揚，稱謝，讚美耶和華─以色列的神：|zh
1142|16|4|4|And he put some of the Levites before the ark of the Lord as servants, to keep the acts of the Lord in memory, and to give worship and praise to the Lord, the God of Israel:|en
1143|16|5|5|為首的是亞薩，其次是撒迦利雅、雅薛、示米拉末、耶歇、瑪他提雅、以利押、比拿雅、俄別以東、耶利，鼓瑟彈琴；惟有亞薩敲鈸，大發響聲；|zh
1144|16|5|5|Asaph the chief, and second to him Zechariah, Uzziel and Shemiramoth and Jehiel and Mattithiah and Eliab and Benaiah and Obed-edom and Jeiel, with corded instruments of music; and Asaph, with brass instruments sounding loudly;|en
1145|16|6|6|祭司比拿雅和雅哈悉常在神的約櫃前吹號。|zh
1146|16|6|6|And Benaiah and Jahaziel the priests, blowing horns all the time before the ark of the agreement of God.|en
1147|16|7|7|那日，大衛初次藉亞薩和他的弟兄以詩歌稱頌耶和華，說：|zh
1148|16|7|7|Then on that day David first made the giving of praise to the Lord the work of Asaph and his brothers.|en
1149|16|8|8|你們要稱謝耶和華，求告他的名，在萬民中傳揚他的作為！|zh
1150|16|8|8|O give praise to the Lord; give honour to his name, talking of his doings among the peoples.|en
1151|16|9|9|要向他唱詩、歌頌，談論他一切奇妙的作為。|zh
1152|16|9|9|Let your voice be sounded in songs and melody; let all your thoughts be of the wonder of his works.|en
1153|16|10|10|要以他的聖名誇耀；尋求耶和華的人，心中應當歡喜。|zh
1154|16|10|10|Have glory in his holy name; let the hearts of those who are searching after the Lord be glad.|en
1155|16|11|11|要尋求耶和華與他的能力，時常尋求他的面。|zh
1156|16|11|11|Let your search be for the Lord and for his strength; let your hearts ever be turned to him.|en
1157|16|12|12,13 |他僕人以色列的後裔，他所揀選雅各的子孫哪，你們要記念他奇妙的作為和他的奇事，並他口中的判語。|zh
1158|16|12|12|Keep in mind the great works which he has done; his wonders, and the decisions of his mouth;|en
1159|16|13|13|O you seed of Israel his servant, you children of Jacob, his loved ones.|en
1160|16|14|14|他是耶和華─我們的神，全地都有他的判斷。|zh
1161|16|14|14|He is the Lord our God: he is judge of all the earth.|en
1162|16|15|15|你們要記念他的約，直到永遠；他所吩咐的話，直到千代，|zh
1163|16|15|15|He has kept his agreement in mind for ever, the word which he gave for a thousand generations;|en
1164|16|16|16|就是與亞伯拉罕所立的約，向以撒所起的誓。|zh
1165|16|16|16|The agreement which he made with Abraham, and his oath to Isaac;|en
1166|16|17|17|他又將這約向雅各定為律例，向以色列定為永遠的約，|zh
1167|16|17|17|And he gave it to Jacob for a law, and to Israel for an eternal agreement;|en
1168|16|18|18|說：我必將迦南地賜給你，作你產業的分。|zh
1169|16|18|18|Saying, To you will I give the land of Canaan, the measured line of your heritage:|en
1170|16|19|19|當時你們人丁有限，數目稀少，並且在那地為寄居的；|zh
1171|16|19|19|When you were still small in number, and strange in the land;|en
1172|16|20|20|他們從這邦游到那邦，從這國行到那國。|zh
1173|16|20|20|When they went about from one nation to another, and from one kingdom to another people;|en
1174|16|21|21|耶和華不容甚麼人欺負他們，為他們的緣故責備君王，|zh
1175|16|21|21|He would not let anyone do them wrong; he even kept back kings because of them,|en
1176|16|22|22|說：不可難為我受膏的人，也不可惡待我的先知！|zh
1177|16|22|22|Saying, Put not your hand on those who have been marked with my holy oil, and do my prophets no wrong.|en
1178|16|23|23|全地都要向耶和華歌唱！天天傳揚他的救恩，|zh
1179|16|23|23|Make songs to the Lord, all the earth; give the good news of his salvation day by day.|en
1180|16|24|24|在列邦中述說他的榮耀，在萬民中述說他的奇事。|zh
1181|16|24|24|Make clear his glory to the nations, and his wonders to all the peoples.|en
1182|16|25|25|因耶和華為大，當受極大的讚美；他在萬神之上，當受敬畏。|zh
1183|16|25|25|For the Lord is great, and greatly to be praised; and he is more to be feared than all other gods.|en
1184|16|26|26|外邦的神都屬虛無，惟獨耶和華創造諸天。|zh
1185|16|26|26|For all the gods of the nations are false gods; but the Lord made the heavens.|en
1186|16|27|27|有尊榮和威嚴在他面前，有能力和喜樂在他聖所。|zh
1187|16|27|27|Honour and glory are before him: strength and joy are in his holy place.|en
1188|16|28|28|民中的萬族啊，你們要將榮耀能力歸給耶和華，都歸給耶和華！|zh
1189|16|28|28|Give to the Lord, O you families of the peoples, give to the Lord glory and strength.|en
1190|16|29|29|要將耶和華的名所當得的榮耀歸給他，拿供物來奉到他面前；當以聖潔的(的或作為)妝飾敬拜耶和華。|zh
1191|16|29|29|Give to the Lord the glory of his name; take with you an offering and come before him; give worship to the Lord in holy robes.|en
1192|16|30|30|全地要在他面前戰抖，世界也堅定不得動搖。|zh
1193|16|30|30|Be in fear before him, all the earth: the world is ordered so that it may not be moved.|en
1194|16|31|31|願天歡喜，願地快樂；願人在列邦中說：耶和華作王了|zh
1195|16|31|31|Let the heavens have joy and let the earth be glad; let them say among the nations, The Lord is King.|en
1196|16|32|32|願海和其中所充滿的澎湃；願田和其中所有的都歡樂。|zh
1197|16|32|32|Let the sea be thundering with all its waters; let the field be glad, and everything which is in it;|en
1198|16|33|33|那時，林中的樹木都要在耶和華面前歡呼，因為他來要審判全地。|zh
1199|16|33|33|Then let all the trees of the wood be sounding with joy before the Lord, for he is come to be the judge of the earth.|en
1200|16|34|34|應當稱謝耶和華；因他本為善，他的慈愛永遠長存！|zh
1201|16|34|34|O give praise to the Lord, for he is good: for his mercy is unchanging for ever.|en
1202|16|35|35|要說：拯救我們的神啊，求你救我們，聚集我們，使我們脫離外邦，我們好稱讚你的聖名，以讚美你為誇勝。|zh
1203|16|35|35|And say, Be our saviour, O God of our salvation, and let us come back, and give us salvation from the nations, so that we may give honour to your holy name and have glory in your praise.|en
1204|16|36|36|耶和華─以色列的神，從亙古直到永遠，是應當稱頌的！眾民都說：阿們！並且讚美耶和華。|zh
1205|16|36|36|Praise be to the Lord, the God of Israel, for ever and for ever. And all the people said, So be it; and gave praise to the Lord.|en
1206|16|37|37|大衛派亞薩和他的弟兄在約櫃前常常事奉耶和華，一日盡一日的職分；|zh
1207|16|37|37|So he made Asaph and his brothers keep their places there before the ark of the agreement of the Lord, to do whatever had to be done before the ark at all times day by day:|en
1208|16|38|38|又派俄別以東和他的弟兄六十八人，與耶杜頓的兒子俄別以東，並何薩作守門的；|zh
1209|16|38|38|And Obed-edom, the son of Jeduthun, and Hosah, with their brothers, sixty-eight of them, to be door-keepers:|en
1210|16|39|39,40 |且派祭司撒督和他弟兄眾祭司在基遍的邱壇、耶和華的帳幕前燔祭壇上，每日早晚，照著耶和華律法書上所吩咐以色列人的，常給耶和華獻燔祭。|zh
1211|16|39|39|And Zadok the priest, with his brothers the priests, before the House of the Lord in the high place at Gibeon;|en
1212|16|40|40|To give burned offerings to the Lord on the altar of burned offerings morning and evening, every day, as it is ordered in the law of the Lord which he gave to Israel;|en
1213|16|41|41|與他們一同被派的有希幔、耶杜頓，和其餘被選名字錄在冊上的，稱謝耶和華，因他的慈愛永遠長存。|zh
1214|16|41|41|And with them Heman and Jeduthun, and the rest who were marked out by name to give praise to the Lord, for his mercy is unchanging for ever;|en
1215|16|42|42|希幔、耶杜頓同著他們吹號、敲鈸，大發響聲，並用別的樂器隨著歌頌神。耶杜頓的子孫作守門的。|zh
1216|16|42|42|And Heman and Jeduthun had horns and brass instruments sounding loudly, and instruments of music for the songs of God; and the sons of Jeduthun were to be at the door.|en
1217|16|43|43|於是眾民各歸各家；大衛也回去為家眷祝福。|zh
1218|16|43|43|And all the people went away, every man to his house; and David went back to give a blessing to his family.|en
1219|17|1|1|大衛住在自己宮中，對先知拿單說：看哪，我住在香柏木的宮中，耶和華的約櫃反在幔子裡。|zh
1220|17|1|1|Now when David was living in his house, he said to Nathan the prophet, See, I am living in a house of cedar-wood, but the ark of the Lord's agreement is under the curtains of a tent.|en
1221|17|2|2|拿單對大衛說：你可以照你的心意而行，因為神與你同在。|zh
1222|17|2|2|And Nathan said to David, Do whatever is in your heart, for God is with you.|en
1223|17|3|3|當夜，神的話臨到拿單，說：|zh
1224|17|3|3|But that same night, the word of God came to Nathan, saying,|en
1225|17|4|4|你去告訴我僕人大衛，說耶和華如此說：你不可建造殿宇給我居住。|zh
1226|17|4|4|Go and say to David my servant, The Lord says, You are not to make me a house for my living-place:|en
1227|17|5|5|自從我領以色列人出埃及，直到今日，我未曾住過殿宇，乃從這會幕到那會幕，從這帳幕到那帳幕。|zh
1228|17|5|5|For from the day when I took Israel up, till this day, I have had no house, but have gone from tent to tent, and from living-place to living-place.|en
1229|17|6|6|凡我同以色列人所走的地方，我何曾向以色列的一個士師，就是我吩咐牧養我民的說：你為何不給我建造香柏木的殿宇呢？|zh
1230|17|6|6|In all the places where I have gone with all Israel, did I ever say to any of the judges of Israel, whom I made the keepers of my people, Why have you not made for me a house of cedar?|en
1231|17|7|7|現在你要告訴我僕人大衛，說萬軍之耶和華如此說：我從羊圈中將你召來，叫你不再跟從羊群，立你作我民以色列的君。|zh
1232|17|7|7|So now, say to my servant David, The Lord of armies says, I took you from the fields, from keeping sheep, so that you might be a ruler over my people Israel;|en
1233|17|8|8|你無論往哪裡去，我常與你同在，剪除你的一切仇敵；我必使你得大名，好像世上大大有名的人一樣。|zh
1234|17|8|8|And I have been with you wherever you went, cutting off before you all those who were against you; and I will make your name like the name of the greatest ones of the earth.|en
1235|17|9|9|我必為我民以色列選定一個地方，栽培他們，使他們住自己的地方，不再遷移；凶惡之子也不像從前擾害他們，|zh
1236|17|9|9|And I will make a resting-place for my people Israel, planting them there, so that they may be in the place which is theirs and never again be moved; and never again will they be made waste by evil men, as they were at first,|en
1237|17|10|10|並不像我命士師治理我民以色列的時候一樣。我必治服你的一切仇敵，並且我─耶和華應許你，必為你建立家室。|zh
1238|17|10|10|From the time when I put judges over my people Israel; and I will overcome all those who are against you; and I will make you great and the head of a line of kings.|en
1239|17|11|11|你壽數滿足歸你列祖的時候，我必使你的後裔接續你的位，我也必堅定他的國。|zh
1240|17|11|11|And when the time comes for you to go to your fathers, I will put in your place your seed after you, one of your sons, and I will make his kingdom strong.|en
1241|17|12|12|他必為我建造殿宇；我必堅定他的國位直到永遠。|zh
1242|17|12|12|He will be the builder of my house, and I will make the seat of his authority certain for ever.|en
1243|17|13|13|我要作他的父，他要作我的子；並不使我的慈愛離開他，像離開在你以前的掃羅一樣。|zh
1244|17|13|13|I will be to him a father and he will be to me a son; and I will not take my mercy away from him as I took it from him who was before you;|en
1245|17|14|14|我卻要將他永遠堅立在我家裡和我國裡；他的國位也必堅定，直到永遠。|zh
1246|17|14|14|But I will make his place in my house and in my kingdom certain for ever; and the seat of his authority will never be overturned.|en
1247|17|15|15|拿單就按這一切話，照這默示告訴大衛。|zh
1248|17|15|15|So Nathan gave David an account of all these words and this vision.|en
1249|17|16|16|於是大衛王進去，坐在耶和華面前，說：耶和華神啊，我是誰，我的家算甚麼，你竟使我到這地步呢？|zh
1250|17|16|16|Then David the king went in and took his seat before the Lord, and said, Who am I, O Lord God, and what is my family, that you have been my guide till now?|en
1251|17|17|17|神啊，這在你眼中還看為小，又應許你僕人的家至於久遠。耶和華神啊，你看顧我好像看顧高貴的人。|zh
1252|17|17|17|And this was only a small thing to you, O God; but your words have even been about the far-off future of your servant's family, looking on me as on one of high position, O Lord God.|en
1253|17|18|18|你加於僕人的尊榮，我還有何言可說呢？因為你知道你的僕人。|zh
1254|17|18|18|What more may David say to you? for you have knowledge of your servant.|en
1255|17|19|19|耶和華啊，你行了這大事，並且顯明出來，是因你僕人的緣故，也是照你的心意。|zh
1256|17|19|19|O Lord, because of your servant, and from your heart, you have done all these great things and let them be seen.|en
1257|17|20|20|耶和華啊，照我們耳中聽見，沒有可比你的，除你以外再無神。|zh
1258|17|20|20|O Lord, there is no one like you, and no other God but you, as is clear from everything which has come to our ears.|en
1259|17|21|21|世上有何民能比你的民以色列呢？你神從埃及救贖他們作自己的子民，又在你贖出來的民面前行大而可畏的事，驅逐列邦人，顯出你的大名。|zh
1260|17|21|21|And what other nation in the earth, like your people Israel, did a god go out to take for himself, to be his people, making his name great and to be feared, driving out the nations from before your people whom you made free and took out of Egypt?|en
1261|17|22|22|你使以色列人作你的子民，直到永遠；你─耶和華也作他們的神。|zh
1262|17|22|22|For your people Israel you made yours for ever; and you, Lord, became their God.|en
1263|17|23|23|耶和華啊，你所應許僕人和僕人家的話，求你堅定，直到永遠，照你所說的而行。|zh
1264|17|23|23|And now, Lord, let your words about your servant and about his family be made certain for ever, and do as you have said.|en
1265|17|24|24|願你的名永遠堅立，被尊為大，說：萬軍之耶和華是以色列的神，是治理以色列的　神。這樣，你僕人大衛的家必在你面前堅立。|zh
1266|17|24|24|So let your words be made certain and your name be made great, when men say, The Lord of armies is the God of Israel; and when the family of David your servant is made strong before you.|en
1267|17|25|25|我的神啊，因你啟示僕人說，我必為你建立家室，所以僕人大膽在你面前祈禱。|zh
1268|17|25|25|For you, O my God, have let your servant see that you will make him head of a line of kings; and so it has come into your servant's heart to make his prayer to you.|en
1269|17|26|26|耶和華啊，惟有你是神，你也應許將這福氣賜給僕人。|zh
1270|17|26|26|And now, O Lord, you are God, and you have said you will give this good thing to your servant:|en
1271|17|27|27|現在你喜悅賜福與僕人的家，可以永存在你面前。耶和華啊，你已經賜福，還要賜福到永遠。|zh
1272|17|27|27|And now you have been pleased to give your blessing to the family of your servant, so that it may go on for ever before you; you, O Lord, have given your blessing, and a blessing will be on it for ever.|en
1273|18|1|1|此後，大衛攻打非利士人，把他們治服，從他們手下奪取了迦特和屬迦特的村莊；|zh
1274|18|1|1|And it came about after this that David made an attack on the Philistines and overcame them, and took Gath with its daughter-towns out of the hands of the Philistines.|en
1275|18|2|2|又攻打摩押，摩押人就歸服大衛，給他進貢。|zh
1276|18|2|2|And he overcame Moab, and the Moabites became his servants and gave him offerings.|en
1277|18|3|3|瑣巴王哈大利謝(撒下八章三節作哈大底謝)往伯拉河去，要堅定自己的國權，大衛就攻打他，直到哈馬，|zh
1278|18|3|3|Then David overcame Hadadezer, king of Zobah, near Hamath, when he was going to make his power seen by the river Euphrates.|en
1279|18|4|4|奪了他的戰車一千，馬兵七千，步兵二萬，將拉戰車的馬砍斷蹄筋，但留下一百輛車的馬。|zh
1280|18|4|4|And David took from him a thousand war-carriages and seven thousand horsemen and twenty thousand footmen: and he had the leg-muscles of all the horses cut, keeping only enough of them for a hundred war-carriages.|en
1281|18|5|5|大馬色的亞蘭人來幫助瑣巴王哈大利謝，大衛就殺了亞蘭人二萬二千。|zh
1282|18|5|5|And when the Aramaeans of Damascus came to the help of Hadadezer, king of Zobah, David put to the sword twenty-two thousand Aramaeans.|en
1283|18|6|6|於是大衛在大馬色的亞蘭地設立防營，亞蘭人就歸服他，給他進貢。大衛無論往哪裡去，耶和華都使他得勝。|zh
1284|18|6|6|Then David put armed forces in Damascus, and the Aramaeans became his servants and gave him offerings. And the Lord made David overcome wherever he went.|en
1285|18|7|7|他奪了哈大利謝臣僕所拿的金盾牌帶到耶路撒冷。|zh
1286|18|7|7|And the gold body-covers of the servants of Hadadezer, David took to Jerusalem.|en
1287|18|8|8|大衛又從屬哈大利謝的提巴(或作比他)和均二城中奪取了許多的銅。後來所羅門用此製造銅海、銅柱，和一切的銅器。|zh
1288|18|8|8|And from Tibhath and from Cun, towns of Hadadezer, David took a great store of brass, of which Solomon made the great brass water-vessel and the brass pillars and vessels.|en
1289|18|9|9|哈馬王陀烏聽見大衛殺敗瑣巴王哈大利謝的全軍，|zh
1290|18|9|9|Now when Tou, king of Hamath, had news that David had overcome all the army of Hadadezer, king of Zobah,|en
1291|18|10|10|就打發他兒子哈多蘭去見大衛王，問他的安，為他祝福，因為他殺敗了哈大利謝〈原來陀烏與哈大利謝常常爭戰〉。哈多蘭帶了金銀銅的各樣器皿來。|zh
1292|18|10|10|He sent his son Hadoram to King David, to give him words of peace and blessing, because he had overcome Hadadezer in the fight, for Hadadezer had been at war with Tou; and he gave him all sorts of vessels of gold and silver and brass.|en
1293|18|11|11|大衛王將這些器皿，並從各國奪來的金銀，就是從以東、摩押、亞捫、非利士、亞瑪力人所奪來的，都分別為聖獻給耶和華。|zh
1294|18|11|11|These King David made holy to the Lord, together with the silver and gold he had taken from all nations; from Edom and Moab and from the children of Ammon and from the Philistines and from Amalek.|en
1295|18|12|12|洗魯雅的兒子亞比篩在鹽谷擊殺了以東一萬八千人。|zh
1296|18|12|12|And when he came back from putting to the sword eighteen thousand of the Edomites in the Valley of Salt,|en
1297|18|13|13|大衛在以東地設立防營，以東人就都歸服他。大衛無論往哪裡去，耶和華都使他得勝。|zh
1298|18|13|13|David put armed forces in all the towns of Edom; and all the Edomites became servants to David. The Lord made David overcome wherever he went.|en
1299|18|14|14|大衛作以色列眾人的王，又向眾民秉公行義。|zh
1300|18|14|14|So David was king over all Israel, judging and giving right decisions for all his people.|en
1301|18|15|15|洗魯雅的兒子約押作元帥；亞希律的兒子約沙法作史官；|zh
1302|18|15|15|And Joab, the son of Zeruiah, was chief of the army; and Jehoshaphat, son of Ahilud, was keeper of the records.|en
1303|18|16|16|亞希突的兒子撒督和亞比亞他的兒子亞希米勒作祭司長；沙威沙作書記；|zh
1304|18|16|16|And Zadok, the son of Ahitub; and Ahimelech, the son of Abiathar, were priests; and Shavsha was the scribe;|en
1305|18|17|17|耶何耶大的兒子比拿雅統轄基利提人和比利提人。大衛的眾子都在王的左右作領袖。|zh
1306|18|17|17|And Benaiah, the son of Jehoiada, was over the Cherethites and the Pelethites; and the sons of David were chief of those whose places were at the king's side.|en
1307|19|1|1|此後，亞捫人的王拿轄死了，他兒子接續他作王。|zh
1308|19|1|1|Now it came about after this that death came to Nahash, the king of the children of Ammon, and his son became king in his place.|en
1309|19|2|2|大衛說：我要照哈嫩的父親拿轄厚待我的恩典厚待哈嫩。於是大衛差遣使者為他喪父安慰他。大衛的臣僕到了亞捫人的境內見哈嫩，要安慰他，|zh
1310|19|2|2|And David said, I will be a friend to Hanun, the son of Nahash, because his father was a friend to me. So David sent men to him, to give him words of comfort on account of his father. And the servants of David came to Hanun, to the land of the children of Ammon, offering him comfort.|en
1311|19|3|3|但亞捫人的首領對哈嫩說：大衛差人來安慰你，你想他是尊敬你父親麼？他的臣僕來見你不是為詳察窺探、傾覆這地麼？|zh
1312|19|3|3|But the chiefs of the children of Ammon said to Hanun, Does it seem to you that David is honouring your father, by sending comforters to you? is it not clear that these men have only come to go through the land and to make secret observation of it so that they may overcome it?|en
1313|19|4|4|哈嫩便將大衛臣僕的鬍鬚剃去一半，又割斷他們下半截的衣服，使他們露出下體，打發他們回去。|zh
1314|19|4|4|So Hanun took David's servants, and cutting off their hair and the skirts of their robes up to the middle, sent them away.|en
1315|19|5|5|有人將臣僕所遇的事告訴大衛，他就差人去迎接他們，因為他們甚覺羞恥；告訴他們說：可以住在耶利哥，等到鬍鬚長起再回來。|zh
1316|19|5|5|Then certain men went and gave David word of what had been done to them. And he sent out with the purpose of meeting them; for the men were greatly shamed. And the king said, Keep where you are at Jericho till your hair is long again, and then come back.|en
1317|19|6|6|亞捫人知道大衛憎惡他們，哈嫩和亞捫人就打發人拿一千他連得銀子，從米所波大米、亞蘭、瑪迦、瑣巴雇戰車和馬兵，|zh
1318|19|6|6|And when the children of Ammon saw that they had made themselves hated by David, Hanun and the children of Ammon sent a thousand talents of silver as payment for war-carriages and horsemen from Mesopotamia and Aram-maacah and Zobah.|en
1319|19|7|7|於是雇了三萬二千輛戰車和瑪迦王並他的軍兵；他們來安營在米底巴前。亞捫人也從他們的城裡出來，聚集交戰。|zh
1320|19|7|7|So with this money they got thirty-two thousand war-carriages, and the help of the king of Maacah and his people, who came and took up their position in front of Medeba. And the children of Ammon came together from their towns for the fight.|en
1321|19|8|8|大衛聽見了，就差派約押統帶勇猛的全軍出去。|zh
1322|19|8|8|And David, hearing of it, sent Joab with all the army of fighting-men.|en
1323|19|9|9|亞捫人出來在城門前擺陣，所來的諸王另在郊野擺陣。|zh
1324|19|9|9|So the children of Ammon came out and put their forces in position on the way into the town; and the kings who had come were stationed by themselves in the field.|en
1325|19|10|10|約押看見敵人在他前後擺陣，就從以色列軍中挑選精兵，使他們對著亞蘭人擺陣；|zh
1326|19|10|10|Now when Joab saw that their forces were in position against him in front and at his back, he took all the best men of Israel, and put them in line against the Aramaeans;|en
1327|19|11|11|其餘的兵交與他兄弟亞比篩，對著亞捫人擺陣。|zh
1328|19|11|11|And the rest of the people he put in position against the children of Ammon with Abishai, his brother, at their head.|en
1329|19|12|12|約押對亞比篩說：亞蘭人若強過我，你就來幫助我；亞捫人若強過你，我就去幫助你。|zh
1330|19|12|12|And he said, If the Aramaeans are stronger and get the better of me, then come to my help; and if the children of Ammon get the better of you, I will come to your help.|en
1331|19|13|13|我們都當剛強，為本國的民和神的城邑作大丈夫，願耶和華憑他的意旨而行。|zh
1332|19|13|13|Take heart, and let us be strong for our people and for the towns of our God; and may the Lord do what seems good to him.|en
1333|19|14|14|於是約押和跟隨他的人前進攻打亞蘭人；亞蘭人在約押面前逃跑。|zh
1334|19|14|14|So Joab and the people who were with him went forward into the fight against the Aramaeans, and they went in flight before him.|en
1335|19|15|15|亞捫人見亞蘭人逃跑，他們也在約押的兄弟亞比篩面前逃跑進城。約押就回耶路撒冷去了。|zh
1336|19|15|15|And when the children of Ammon saw the flight of the Aramaeans, they themselves went in flight from Abishai, his brother, and came into the town. Then Joab came back to Jerusalem.|en
1337|19|16|16|亞蘭人見自己被以色列人打敗，就打發使者將大河那邊的亞蘭人調來，哈大利謝的將軍朔法率領他們。|zh
1338|19|16|16|And when the Aramaeans saw that Israel had overcome them, they sent men to get the Aramaeans who were on the other side of the River, with Shophach, the captain of Hadadezer's army, at their head.|en
1339|19|17|17|有人告訴大衛，他就聚集以色列眾人過約但河，來到亞蘭人那裡，迎著他們擺陣。大衛既擺陣攻擊亞蘭人，亞蘭人就與他打仗。|zh
1340|19|17|17|And word of this was given to David; and he got all Israel together and went over Jordan and came to Helam and put his forces in position against them. And when David's forces were in position against the Aramaeans, the fight was started.|en
1341|19|18|18|亞蘭人在以色列人面前逃跑。大衛殺了亞蘭七千輛戰車的人，四萬步兵，又殺了亞蘭的將軍朔法。|zh
1342|19|18|18|And the Aramaeans went in flight before Israel; and David put to the sword the men of seven thousand Aramaean war-carriages and forty thousand footmen, and put to death Shophach, the captain of the army.|en
1343|19|19|19|屬哈大利謝的諸王見自己被以色列人打敗，就與大衛和好，歸服他。於是亞蘭人不敢再幫助亞捫人了。|zh
1344|19|19|19|And when the servants of Hadadezer saw that they were overcome by Israel, they made peace with David and became his servants: and the Aramaeans would give no more help to the children of Ammon.|en
1345|20|1|1|過了一年，到列王出戰的時候，約押率領軍兵毀壞亞捫人的地，圍攻拉巴；大衛仍住在耶路撒冷。約押攻打拉巴，將城傾覆。|zh
1346|20|1|1|Now in the spring, at the time when kings go out to war, Joab went out at the head of the armed forces and made waste all the land of the Ammonites and put his men in position before Rabbah, shutting it in. But David was still at Jerusalem. And Joab took Rabbah and made it waste.|en
1347|20|2|2|大衛奪了亞捫人之王(王或作瑪勒堪。瑪勒堪即米勒公，是亞捫族之神名)所戴的金冠冕，其上的金子重一他連得，又嵌著寶石；人將這冠冕戴在大衛頭上。大衛從城裡奪了許多財物，|zh
1348|20|2|2|And David took the crown of Milcom from off his head; its weight was a talent of gold and it had stones of great price in it; and it was put on David's head, and he took a great store of goods from the town.|en
1349|20|3|3|將城裡的人拉出來，放在鋸下，或鐵耙下，或鐵斧下(或作強他們用鋸，或用打糧食的鐵器，或用鐵斧作工)，大衛待亞捫各城的居民都是如此。其後大衛和眾軍都回耶路撒冷去了。|zh
1350|20|3|3|And he took the people out of the town and put them to work with wood-cutting instruments, and iron grain-crushers, and axes. And this he did to all the towns of the children of Ammon. Then David and all the people went back to Jerusalem.|en
1351|20|4|4|後來，以色列人在基色與非利士人打仗。戶沙人西比該殺了偉人的一個兒子細派，非利士人就被制伏了。|zh
1352|20|4|4|Now after this there was war with the Philistines at Gezer; then Sibbecai the Hushathite put to death Sippai, one of the offspring of the Rephaim; and they were overcome.|en
1353|20|5|5|又與非利士人打仗。睚珥的兒子伊勒哈難殺了迦特人歌利亞的兄弟拉哈米；這人的槍桿粗如織布的機軸。|zh
1354|20|5|5|And again there was war with the Philistines; and Elhanan, the son of Jair, put to death Lahmi, the brother of Goliath the Gittite, the stem of whose spear was like a cloth-worker's rod.|en
1355|20|6|6|又在迦特打仗。那裡有一個身量高大的人，手腳都是六指，共有二十四個指頭，他也是偉人的兒子。|zh
1356|20|6|6|And again there was war at Gath, where there was a very tall man, who had twenty-four fingers and toes, six fingers on his hands and six toes on his feet; he was one of the offspring of the Rephaim.|en
1357|20|7|7|這人向以色列人罵陣，大衛的哥哥示米亞的兒子約拿單就殺了他。|zh
1358|20|7|7|And when he put shame on Israel, Jonathan, the son of Shimea, David's brother, put him to death.|en
1359|20|8|8|這三個人是迦特偉人的兒子，都死在大衛和他僕人的手下。|zh
1360|20|8|8|These were of the offspring of the Rephaim in Gath; they came to their death by the hands of David and his servants.|en
1361|21|1|1|撒但起來攻擊以色列人，激動大衛數點他們。|zh
1362|21|1|1|Now Satan, designing evil against Israel, put into David's mind the impulse to take the number of Israel.|en
1363|21|2|2|大衛就吩咐約押和民中的首領說：你們去數點以色列人，從別是巴直到但，回來告訴我，我好知道他們的數目。|zh
1364|21|2|2|And David said to Joab and the captains of the people, Now let all Israel, from Beer-sheba to Dan, be numbered; and give me word so that I may be certain of their number.|en
1365|21|3|3|約押說：願耶和華使他的百姓比現在加增百倍。我主我王啊，他們不都是你的僕人麼？我主為何吩咐行這事，為何使以色列人陷在罪裡呢？|zh
1366|21|3|3|And Joab said, May the Lord make his people a hundred times more in number than they are; but, my lord king, are they not all my lord's servants? why would my lord have this done? why will he become a cause of sin to Israel?|en
1367|21|4|4|但王的命令勝過約押。約押就出去，走遍以色列地，回到耶路撒冷，|zh
1368|21|4|4|But the king's word was stronger than Joab's. So Joab went out and went through all Israel and came to Jerusalem.|en
1369|21|5|5|將百姓的總數奏告大衛：以色列人拿刀的有一百一十萬；猶大人拿刀的有四十七萬。|zh
1370|21|5|5|And Joab gave David the number of all the people; all the men of Israel, able to take up arms, were one million, one hundred thousand men; and those of Judah were four hundred and seventy thousand men, able to take up arms.|en
1371|21|6|6|惟有利未人和便雅憫人沒有數在其中，因為約押厭惡王的這命令。|zh
1372|21|6|6|But Levi and Benjamin were not numbered among them, for Joab was disgusted with the king's order.|en
1373|21|7|7|神不喜悅這數點百姓的事，便降災給以色列人。|zh
1374|21|7|7|And God was not pleased with this thing; so he sent punishment on Israel.|en
1375|21|8|8|大衛禱告神說：我行這事大有罪了！現在求你除掉僕人的罪孽，因我所行的甚是愚昧。|zh
1376|21|8|8|Then David said to God, Great has been my sin in doing this; but now, be pleased to take away the sin of your servant, for I have done very foolishly.|en
1377|21|9|9|耶和華吩咐大衛的先見迦得說：|zh
1378|21|9|9|Then the word of the Lord came to Gad, David's seer, saying,|en
1379|21|10|10|你去告訴大衛說，耶和華如此說：我有三樣災，隨你選擇一樣，我好降與你。|zh
1380|21|10|10|Go and say to David, The Lord says, Three things are offered to you: say which of them you will have, so that I may do it to you.|en
1381|21|11|11|於是，迦得來見大衛，對他說：耶和華如此說：你可以隨意選擇：|zh
1382|21|11|11|So Gad came to David and said to him, The Lord says, Take whichever you will:|en
1383|21|12|12|或三年的饑荒；或敗在你敵人面前，被敵人的刀追殺三個月；或在你國中有耶和華的刀，就是三日的瘟疫，耶和華的使者在以色列的四境施行毀滅。現在你要想一想，我好回覆那差我來的。|zh
1384|21|12|12|Three years when there will not be enough food; or three months of war, when you will go in flight before your haters, being in great danger of the sword; or three days of the sword of the Lord, disease in the land, and the angel of the Lord taking destruction through all the land of Israel. Now give thought to the answer I am to take back to him who sent me.|en
1385|21|13|13|大衛對迦得說：我甚為難。我願落在耶和華的手裡，因為他有豐盛的憐憫；我不願落在人的手裡。|zh
1386|21|13|13|And David said to Gad, This is a hard decision for me to make: let me come into the hands of the Lord, for great are his mercies: let me not come into the hands of men.|en
1387|21|14|14|於是，耶和華降瘟疫與以色列人，以色列人就死了七萬。|zh
1388|21|14|14|So the Lord sent disease on Israel, causing the death of seventy thousand men.|en
1389|21|15|15|神差遣使者去滅耶路撒冷，剛要滅的時候，耶和華看見後悔，就不降這災了，吩咐滅城的天使說：夠了，住手罷！那時，耶和華的使者站在耶布斯人阿珥楠的禾場那裡。|zh
1390|21|15|15|And God sent an angel to Jerusalem for its destruction: and when he was about to do so, the Lord saw, and had regret for the evil, and said to the angel of destruction, It is enough; do no more. Now the angel of the Lord was by the grain-floor of Ornan the Jebusite.|en
1391|21|16|16|大衛舉目，看見耶和華的使者站在天地間，手裡有拔出來的刀，伸在耶路撒冷以上。大衛和長老都身穿麻衣，面伏於地。|zh
1392|21|16|16|And David, lifting up his eyes, saw the angel of the Lord there between earth and heaven, with an uncovered sword in his hand stretched out over Jerusalem. Then David and the responsible men, clothed in haircloth, went down on their faces.|en
1393|21|17|17|大衛禱告神說：吩咐數點百姓的不是我麼？我犯了罪，行了惡，但這群羊做了甚麼呢？願耶和華─我　神的手攻擊我和我的父家，不要攻擊你的民，降瘟疫與他們。|zh
1394|21|17|17|And David said to God, Was it not I who gave the order for the people to be numbered? It is I who have done the sin and the great wrong; but these are only sheep; what have they done? let your hand, O Lord God, be lifted up against me and against my family, but not against your people to send disease on them.|en
1395|21|18|18|耶和華的使者吩咐迦得去告訴大衛，叫他上去，在耶布斯人阿珥楠的禾場上為耶和華築一座壇；|zh
1396|21|18|18|Then the angel of the Lord gave orders to Gad to say to David that he was to go and put up an altar to the Lord on the grain-floor of Ornan the Jebusite.|en
1397|21|19|19|大衛就照著迦得奉耶和華名所說的話上去了。|zh
1398|21|19|19|And David went up, as Gad had said in the name of the Lord.|en
1399|21|20|20|那時阿珥楠正打麥子，回頭看見天使，就和他四個兒子都藏起來了。|zh
1400|21|20|20|And Ornan, turning back, saw the angel, and his four sons who were with him went to a secret place. Now Ornan was crushing his grain.|en
1401|21|21|21|大衛到了阿珥楠那裡，阿珥楠看見大衛，就從禾場上出去，臉伏於地，向他下拜。|zh
1402|21|21|21|And when David came, Ornan, looking, saw him, and came out from the grain-floor and went down on his face to the earth before him.|en
1403|21|22|22|大衛對阿珥楠說：你將這禾場與相連之地賣給我，我必給你足價，我好在其上為耶和華築一座壇，使民間的瘟疫止住。|zh
1404|21|22|22|Then David said to Ornan, Give me the place where this grain-floor is, so that I may put up an altar here to the Lord: let me have it for its full price; so that this disease may be stopped among the people.|en
1405|21|23|23|阿珥楠對大衛說：你可以用這禾場，願我主我王照你所喜悅的去行。我也將牛給你作燔祭，把打糧的器具當柴燒，拿麥子作素祭。這些我都送給你。|zh
1406|21|23|23|And Ornan said to David, Take it, and let my lord the king do what seems right to him. See, I give you the oxen for burned offerings and the grain-cleaning instruments for fire-wood, and the grain for the meal offering; I give it all.|en
1407|21|24|24|大衛王對阿珥楠說：不然！我必要用足價向你買。我不用你的物獻給耶和華，也不用白得之物獻為燔祭。|zh
1408|21|24|24|And King David said to Ornan, No; I will certainly give you the full price for it, because I will not take for the Lord what is yours, or give a burned offering without payment.|en
1409|21|25|25|於是大衛為那塊地平了六百舍客勒金子給阿珥楠。|zh
1410|21|25|25|So David gave Ornan six hundred shekels of gold by weight for the place.|en
1411|21|26|26|大衛在那裡為耶和華築了一座壇，獻燔祭和平安祭，求告耶和華。耶和華就應允他，使火從天降在燔祭壇上。|zh
1412|21|26|26|And David put up an altar there to the Lord, offering burned offerings and peace-offerings with prayers to the Lord; and he gave him an answer from heaven, sending fire on the altar of burned offering.|en
1413|21|27|27|耶和華吩咐使者，他就收刀入鞘。|zh
1414|21|27|27|Then the Lord gave orders to the angel, and he put back his sword into its cover.|en
1415|21|28|28|那時，大衛見耶和華在耶布斯人阿珥楠的禾場上應允了他，就在那裡獻祭。|zh
1416|21|28|28|At that time, when David saw that the Lord had given him an answer on the grain-floor of Ornan the Jebusite, he made an offering there.|en
1417|21|29|29|摩西在曠野所造之耶和華的帳幕和燔祭壇都在基遍的高處；|zh
1418|21|29|29|For the House of the Lord, which Moses had made in the waste land, and the altar of burned offerings, were at that time in the high place at Gibeon.|en
1419|21|30|30|只是大衛不敢前去求問神，因為懼怕耶和華使者的刀。|zh
1420|21|30|30|But David was not able to go before it to get directions from the Lord, so great was his fear of the sword of the angel of the Lord.|en
1421|22|1|1|大衛說：這就是耶和華神的殿，為以色列人獻燔祭的壇。|zh
1422|22|1|1|Then David said, This is the house of the Lord God, and this is the altar for Israel's burned offerings.|en
1423|22|2|2|大衛吩咐聚集住以色列地的外邦人，從其中派石匠鑿石頭，要建造神的殿。|zh
1424|22|2|2|And David gave orders to get together all the men from strange lands who were in the land of Israel; and he put stone-cutters to work, cutting stones for building the house of God.|en
1425|22|3|3|大衛預備許多鐵做門上的釘子和鉤子，又預備許多銅，多得無法可稱；|zh
1426|22|3|3|And he got together a great store of iron, for the nails for the doors and for the joins; and brass, more in weight than might be measured;|en
1427|22|4|4|又預備無數的香柏木，因為西頓人和推羅人給大衛運了許多香柏木來。|zh
1428|22|4|4|And cedar-trees without number, for the Zidonians and the men of Tyre came with a great amount of cedar-trees for David.|en
1429|22|5|5|大衛說：我兒子所羅門還年幼嬌嫩，要為耶和華建造的殿宇必須高大輝煌，使名譽榮耀傳遍萬國；所以我要為殿預備材料。於是，大衛在未死之先預備的材料甚多。|zh
1430|22|5|5|And David said, Solomon my son is young and untested, and the house which is to be put up for the Lord is to be very great, a thing of wonder and glory through all countries; so I will make ready what is needed for it. So David got ready a great store of material before his death.|en
1431|22|6|6|大衛召了他兒子所羅門來，囑咐他給耶和華─以色列的神建造殿宇，|zh
1432|22|6|6|Then he sent for his son Solomon, and gave him orders for the building of a house for the Lord, the God of Israel.|en
1433|22|7|7|對所羅門說：我兒啊，我心裡本想為耶和華─我神的名建造殿宇，|zh
1434|22|7|7|And David said to Solomon, My son, it was my desire to put up a house for the name of the Lord my God.|en
1435|22|8|8|只是耶和華的話臨到我說：你流了多人的血，打了多次大仗，你不可為我的名建造殿宇，因為你在我眼前使多人的血流在地上。|zh
1436|22|8|8|But the word of the Lord came to me saying, You have taken lives without number and made great wars; I will not let you be the builder of a house for my name, because of the lives you have taken on the earth before my eyes.|en
1437|22|9|9|你要生一個兒子，他必作太平的人；我必使他安靜，不被四圍的仇敵擾亂。他的名要叫所羅門(即太平之意)。他在位的日子，我必使以色列人平安康泰。|zh
1438|22|9|9|But you will have a son who will be a man of rest; and I will give him rest from wars on every side. His name will be Solomon, and in his time I will give Israel peace and quiet;|en
1439|22|10|10|他必為我的名建造殿宇。他要作我的子；我要作他的父。他作以色列王；我必堅定他的國位，直到永遠。|zh
1440|22|10|10|He will be the builder of a house for my name; he will be to me a son, and I will be to him a father; and I will make the seat of his rule over Israel certain for ever.|en
1441|22|11|11|我兒啊，現今願耶和華與你同在，使你亨通，照他指著你說的話，建造耶和華─你神的殿。|zh
1442|22|11|11|Now, my son, may the Lord be with you; and may you do well, and put up the house of the Lord your God, as he has said of you.|en
1443|22|12|12|但願耶和華賜你聰明智慧，好治理以色列國，遵行耶和華─你神的律法。|zh
1444|22|12|12|Only may the Lord give you wisdom, and knowledge of his orders for Israel, so that you may keep the law of the Lord your God.|en
1445|22|13|13|你若謹守遵行耶和華藉摩西吩咐以色列的律例典章，就得亨通。你當剛強壯膽，不要懼怕，也不要驚惶。|zh
1446|22|13|13|And all will go well for you, if you take care to keep the laws and the rules which the Lord gave to Moses for Israel: be strong and take heart; have no fear and do not be troubled.|en
1447|22|14|14|我在困難之中為耶和華的殿預備了金子十萬他連得，銀子一百萬他連得，銅和鐵多得無法可稱；我也預備了木頭、石頭，你還可以增添。|zh
1448|22|14|14|Now see, poor though I am, I have got ready for the house of the Lord a hundred thousand talents of gold and a million talents of silver; and a weight of brass and iron greater than may be measured; and wood and stone have I made ready, and you may put more to it.|en
1449|22|15|15|你有許多匠人，就是石匠、木匠，和一切能做各樣工的巧匠，|zh
1450|22|15|15|And you have a great number of workmen, cutters and workers of stone and wood, and experts in every sort of work,|en
1451|22|16|16|並有無數的金銀銅鐵。你當起來辦事，願耶和華與你同在。|zh
1452|22|16|16|In gold and silver and brass and iron more than may be numbered. Up! then, and to work; and may the Lord be with you.|en
1453|22|17|17|大衛又吩咐以色列的眾首領幫助他兒子所羅門，說：|zh
1454|22|17|17|Then David gave orders to all the chiefs of Israel to give their help to Solomon his son, saying,|en
1455|22|18|18|耶和華─你們的神不是與你們同在麼？不是叫你們四圍都平安麼？因他已將這地的居民交在我手中，這地就在耶和華與他百姓面前制伏了。|zh
1456|22|18|18|Is not the Lord your God with you? and has he not given you rest on every side? for the Lord has given the people of the land into my hands, and the land is overcome before the Lord and before his people.|en
1457|22|19|19|現在你們應當立定心意，尋求耶和華─你們的神；也當起來建造耶和華　神的聖所，好將耶和華的約櫃和供奉　神的聖器皿都搬進為耶和華名建造的殿裡。|zh
1458|22|19|19|Now give your heart and soul to the worship of the Lord your God; and get to work on the building of the holy place of the Lord God, so that you may put the ark of the Lord's agreement and the holy vessels of God in the house which is to be made for the name of the Lord.|en
1459|23|1|1|大衛年紀老邁，日子滿足，就立他兒子所羅門作以色列的王。|zh
1460|23|1|1|Now David was old and full of days; and he made his son Solomon king over Israel.|en
1461|23|2|2|大衛招聚以色列的眾首領和祭司利未人。|zh
1462|23|2|2|And he got together all the chiefs of Israel, with the priests and the Levites.|en
1463|23|3|3|利未人從三十歲以外的都被數點，他們男丁的數目共有三萬八千；|zh
1464|23|3|3|And the Levites, all those of thirty years old and over, were numbered; and the number of them, by heads, man by man, was thirty-eight thousand.|en
1465|23|4|4|其中有二萬四千人管理耶和華殿的事，有六千人作官長和士師，|zh
1466|23|4|4|Of these, twenty-four thousand were to be overseers of the work of the house of the Lord, and six thousand were judges and men of authority;|en
1467|23|5|5|有四千人作守門的，又有四千人用大衛所做的樂器頌讚耶和華。|zh
1468|23|5|5|Four thousand were door-keepers; and four thousand gave praise to the Lord with the instruments which I made, said David, for giving praise.|en
1469|23|6|6|大衛將利未人革順、哥轄、米拉利的子孫分了班次。|zh
1470|23|6|6|And David put them into divisions under the names of the sons of Levi: Gershon, Kohath, and Merari.|en
1471|23|7|7|革順的子孫有拉但和示每。|zh
1472|23|7|7|Of the Gershonites: Ladan and Shimei.|en
1473|23|8|8|拉但的長子是耶歇，還有細坦和約珥，共三人。|zh
1474|23|8|8|The sons of Ladan: Jehiel the chief, and Zetham and Joel, three.|en
1475|23|9|9|示每的兒子是示羅密、哈薛、哈蘭三人。這是拉但族的族長。|zh
1476|23|9|9|The sons of Shimei: Shelomoth and Haziel and Haran, three; these were the heads of the families of Ladan.|en
1477|23|10|10|示每的兒子是雅哈、細拿、耶烏施、比利亞共四人。|zh
1478|23|10|10|And the sons of Shimei: Jahath, Zizah and Jeush and Beriah; these four were the sons of Shimei.|en
1479|23|11|11|雅哈是長子，細撒是次子。但耶烏施和比利亞的子孫不多，所以算為一族。|zh
1480|23|11|11|Jahath was the chief and Zizah the second; but Jeush and Beriah had only a small number of sons, so they were grouped together as one family.|en
1481|23|12|12|哥轄的兒子是暗蘭、以斯哈、希伯倫、烏薛共四人。|zh
1482|23|12|12|The sons of Kohath: Amram, Izhar, Hebron, and Uzziel, four.|en
1483|23|13|13|暗蘭的兒子是亞倫、摩西。亞倫和他的子孫分出來，好分別至聖的物，在耶和華面前燒香、事奉他，奉他的名祝福，直到永遠。|zh
1484|23|13|13|The sons of Amram: Aaron and Moses; and Aaron was made separate and holy, he and his sons for ever, for the care of the most holy things and the burning of offerings before the Lord, to do his work and give blessings in his name for ever.|en
1485|23|14|14|至於神人摩西，他的子孫名字記在利未支派的冊上。|zh
1486|23|14|14|And the sons of Moses, the man of God, were put into the list of the tribe of Levi.|en
1487|23|15|15|摩西的兒子是革舜和以利以謝。|zh
1488|23|15|15|The sons of Moses: Gershom and Eliezer.|en
1489|23|16|16|革舜的長子是細布業；|zh
1490|23|16|16|The sons of Gershom: Shebuel the first.|en
1491|23|17|17|以利以謝的兒子是利哈比雅。以利以謝沒有別的兒子，但利哈比雅的子孫甚多。|zh
1492|23|17|17|And the sons of Eliezer: Rehabiah the first; and Eliezer had no other sons, but Rehabiah had a great number.|en
1493|23|18|18|以斯哈的長子是示羅密。|zh
1494|23|18|18|The sons of Izhar: Shelomith the first.|en
1495|23|19|19|希伯倫的長子是耶利雅，次子是亞瑪利亞，三子是雅哈悉，四子是耶加面。|zh
1496|23|19|19|The sons of Hebron: Jeriah the first, Amariah the second, Jahaziel the third, and Jekameam the fourth.|en
1497|23|20|20|烏薛的長子是米迦，次子是耶西雅。|zh
1498|23|20|20|The sons of Uzziel: Micah the first, and Isshiah the second.|en
1499|23|21|21|米拉利的兒子是抹利、母示。抹利的兒子是以利亞撒、基士。|zh
1500|23|21|21|The sons of Merari: Mahli and Mushi; the sons of Mahli: Eleazar and Kish.|en
1501|23|22|22|以利亞撒死了，沒有兒子，只有女兒，他們本族基士的兒子娶了他們為妻。|zh
1502|23|22|22|And at his death Eleazar had no sons, but only daughters, and their relations, the sons of Kish, took them as wives.|en
1503|23|23|23|母示的兒子是末力、以得、耶利摩共三人。|zh
1504|23|23|23|The sons of Mushi: Mahli and Eder and Jeremoth, three.|en
1505|23|24|24|以上利未子孫作族長的，照著男丁的數目，從二十歲以外，都辦耶和華殿的事務。|zh
1506|23|24|24|These were the sons of Levi, grouped by families, the heads of the families of those who were numbered by name, by heads, all those of twenty years old and over who did the work of the house of the Lord.|en
1507|23|25|25|大衛說：耶和華─以色列的神已經使他的百姓平安，他永遠住在耶路撒冷。|zh
1508|23|25|25|For David said, The Lord, the God of Israel, has given his people rest, and he has made his resting-place in Jerusalem for ever;|en
1509|23|26|26|利未人不必再抬帳幕和其中所用的一切器皿了。|zh
1510|23|26|26|And from now, there will be no need for the House of the Lord, and the vessels used in it, to be moved about by the Levites.|en
1511|23|27|27|照著大衛臨終所吩咐的，利未人從二十歲以外的都被數點。|zh
1512|23|27|27|So among the last acts of David was the numbering of the sons of Levi, from twenty years old and over.|en
1513|23|28|28|他們的職任是服事亞倫的子孫，在耶和華的殿和院子，並屋中辦事，潔淨一切聖物，就是辦神殿的事務，|zh
1514|23|28|28|Their place was by the side of the sons of Aaron in all the work of the house of the Lord, in the open spaces and in the rooms, in the making clean of all the holy things, in doing all the work of the house of the Lord,|en
1515|23|29|29|並管理陳設餅，素祭的細麵，或無酵薄餅，或用盤烤，或用油調和的物，又管理各樣的升斗尺度；|zh
1516|23|29|29|The holy bread was in their care, and the crushed grain for the meal offering, of unleavened cakes or meal cooked over the fire or in water; they had control of all sorts of weights and measures;|en
1517|23|30|30|每日早晚，站立稱謝讚美耶和華，|zh
1518|23|30|30|They had to take their places every morning to give praise and make melody to the Lord, and in the same way at evening;|en
1519|23|31|31|又在安息日、月朔，並節期，按數照例，將燔祭常常獻給耶和華；|zh
1520|23|31|31|At every offering of burned offerings to the Lord, on Sabbaths, and at the new moons, and on the regular feasts, in the number ordered by the law, at all times before the Lord;|en
1521|23|32|32|又看守會幕和聖所，並守耶和華吩咐他們弟兄亞倫子孫的，辦耶和華殿的事。|zh
1522|23|32|32|And they had the care of the Tent of meeting and the holy place, under the direction of the sons of Aaron their brothers, for the work of the house of the Lord.|en
1523|24|1|1|亞倫子孫的班次記在下面：亞倫的兒子是拿答、亞比戶、以利亞撒、以他瑪。|zh
1524|24|1|1|Now the divisions into which the sons of Aaron were grouped were these: the sons of Aaron, Nadab and Abihu, Eleazar and Ithamar.|en
1525|24|2|2|拿答、亞比戶死在他們父親之先，沒有留下兒子；故此，以利亞撒、以他瑪供祭司的職分。|zh
1526|24|2|2|But Nadab and Abihu came to their end before their father, and had no children; so Eleazar and Ithamar did the work of priests.|en
1527|24|3|3|以利亞撒的子孫撒督和以他瑪的子孫亞希米勒，同著大衛將他們的族弟兄分成班次。|zh
1528|24|3|3|And David, with Zadok of the sons of Eleazar, and Ahimelech of the sons of Ithamar, made distribution of them into their positions for their work.|en
1529|24|4|4|以利亞撒子孫中為首的比以他瑪子孫中為首的更多，分班如下：以利亞撒的子孫中有十六個族長，以他瑪的子孫中有八個族長；|zh
1530|24|4|4|And there were more chiefs among the sons of Eleazar than among the sons of Ithamar; and this is how they were grouped: of the sons of Eleazar there were sixteen, all heads of families; and of the sons of Ithamar, heads of families, there were eight.|en
1531|24|5|5|都掣籤分立，彼此一樣。在聖所和神面前作首領的有以利亞撒的子孫，也有以他瑪的子孫。|zh
1532|24|5|5|So they were put into groups, by the Lord's decision, one with another; for there were rulers of the holy place and rulers of the house of God among the sons of Eleazar and the sons of Ithamar.|en
1533|24|6|6|作書記的利未人拿坦業的兒子示瑪雅在王和首領，與祭司撒督、亞比亞他的兒子亞希米勒，並祭司利未人的族長面前記錄他們的名字。在以利亞撒的子孫中取一族，在以他瑪的子孫中取一族。|zh
1534|24|6|6|And Shemaiah, the son of Nethanel the scribe, who was a Levite, put down their names in writing, the king being present with the rulers, and Zadok the priest, and Ahimelech, the son of Abiathar, and the heads of families of the priests and the Levites; one family being taken for Eleazar and then one for Ithamar, and so on.|en
1535|24|7|7|掣籤的時候，第一掣出來的是耶何雅立，第二是耶大雅，|zh
1536|24|7|7|Now the first name to come out was that of Jehoiarib; the second Jedaiah,|en
1537|24|8|8|第三是哈琳，第四是梭琳，|zh
1538|24|8|8|The third Harim, the fourth Seorim,|en
1539|24|9|9|第五是瑪基雅，第六是米雅民，|zh
1540|24|9|9|The fifth Malchijah, the sixth Mijamin,|en
1541|24|10|10|第七是哈歌斯，第八是亞比雅，|zh
1542|24|10|10|The seventh Hakkoz, the eighth Abijah,|en
1543|24|11|11|第九是耶書亞，第十是示迦尼，|zh
1544|24|11|11|The ninth Jeshua, the tenth Shecaniah,|en
1545|24|12|12|第十一是以利亞實，第十二是雅金，|zh
1546|24|12|12|The eleventh Eliashib, the twelfth Jakim,|en
1547|24|13|13|第十三是胡巴，第十四是耶是比押，|zh
1548|24|13|13|The thirteenth Huppah, the fourteenth Jeshebeab,|en
1549|24|14|14|第十五是璧迦，第十六是音麥，|zh
1550|24|14|14|The fifteenth Bilgah, the sixteenth Immer,|en
1551|24|15|15|第十七是希悉，第十八是哈闢悉，|zh
1552|24|15|15|The seventeenth Hezir, the eighteenth Happizzez,|en
1553|24|16|16|第十九是毗他希雅，第二十是以西結，|zh
1554|24|16|16|The nineteenth Pethahiah, the twentieth Jehezkel,|en
1555|24|17|17|第二十一是雅斤，第二十二是迦末，|zh
1556|24|17|17|The twenty-first Jachin, the twenty-second Gamul,|en
1557|24|18|18|第二十三是第來雅，第二十四是瑪西亞。|zh
1558|24|18|18|The twenty-third Delaiah, the twenty-fourth Maaziah.|en
1559|24|19|19|這就是他們的班次，要照耶和華─以色列的神藉他們祖宗亞倫所吩咐的條例進入耶和華的殿辦理事務。|zh
1560|24|19|19|So they were put into their different groups, to take their places in the house of the Lord, in agreement with the rules made by Aaron their father, as the Lord, the God of Israel, had given him orders.|en
1561|24|20|20|利未其餘的子孫如下：暗蘭的子孫裡有書巴業；書巴業的子孫裡有耶希底亞。|zh
1562|24|20|20|And of the rest of the sons of Levi: of the sons of Amram, Shubael; of the sons of Shubael, Jehdeiah.|en
1563|24|21|21|利哈比雅的子孫裡有長子伊示雅。|zh
1564|24|21|21|Of Rehabiah; of the sons of Rehabiah, Isshiah the chief.|en
1565|24|22|22|以斯哈的子孫裡有示羅摩；示羅摩的子孫裡有雅哈。|zh
1566|24|22|22|Of the Izharites, Shelomoth; of the sons of Shelomoth, Jahath.|en
1567|24|23|23|希伯倫的子孫裡有長子耶利雅，次子亞瑪利亞，三子雅哈悉，四子耶加面。|zh
1568|24|23|23|And the sons of Hebron: Jeriah the chief, Amariah the second, Jahaziel the third, Jekameam the fourth.|en
1569|24|24|24|烏薛的子孫裡有米迦；米迦的子孫裡有沙密。|zh
1570|24|24|24|The sons of Uzziel, Micah; of the sons of Micah, Shamir.|en
1571|24|25|25|米迦的兄弟是伊示雅；伊示雅的子孫裡有撒迦利雅。|zh
1572|24|25|25|The brother of Micah, Isshiah; of the sons of Isshiah, Zechariah.|en
1573|24|26|26|米拉利的兒子是抹利、母示、雅西雅；雅西雅的兒子有比挪；|zh
1574|24|26|26|The sons of Merari: Mahli and Mushi; the sons of Jaaziah.|en
1575|24|27|27|米拉利的子孫裡有雅西雅的兒子比挪、朔含、撒刻、伊比利。|zh
1576|24|27|27|The sons of Merari: of Jaaziah, Shoham and Zaccur and Ibri.|en
1577|24|28|28|抹利的兒子是以利亞撒；以利亞撒沒有兒子。|zh
1578|24|28|28|Of Mahli: Eleazar, who had no sons.|en
1579|24|29|29|基士的子孫裡有耶拉篾。|zh
1580|24|29|29|Of Kish: the sons of Kish, Jerahmeel.|en
1581|24|30|30|母示的兒子是末力、以得、耶利摩。按著宗族這都是利未的子孫。|zh
1582|24|30|30|And the sons of Mushi: Mahli and Eder and Jerimoth. These were the sons of the Levites by their families.|en
1583|24|31|31|他們在大衛王和撒督，並亞希米勒與祭司利未人的族長面前掣籤，正如他們弟兄亞倫的子孫一般。各族的長者與兄弟沒有分別。|zh
1584|24|31|31|Selection was made of these in the same way as of their brothers the sons of Aaron, David the king being present, with Zadok, and Ahimelech, and the heads of families of the priests and of the Levites; the families of the chief in the same way as those of his younger brother.|en
1585|25|1|1|大衛和眾首領分派亞薩、希幔，並耶杜頓的子孫彈琴、鼓瑟、敲鈸、唱歌(原文作說預言；本章同)。他們供職的人數記在下面：|zh
1586|25|1|1|Further, David and the chiefs of the servants of the holy place made selection of certain of the sons of Asaph and of Heman and of Jeduthun for the work of prophets, to make melody with corded instruments and brass; and the number of the men for the work they had to do was:|en
1587|25|2|2|亞薩的兒子撒刻、約瑟、尼探雅、亞薩利拉都歸亞薩指教，遵王的旨意唱歌。|zh
1588|25|2|2|Of the sons of Asaph: Zaccur and Joseph and Nethaniah and Asharelah, sons of Asaph; under the direction of Asaph, acting as a prophet under the orders of the king;|en
1589|25|3|3|耶杜頓的兒子基大利、西利、耶篩亞、哈沙比雅、瑪他提雅、示每共六人，都歸他們父親耶杜頓指教，彈琴，唱歌，稱謝，頌讚耶和華。|zh
1590|25|3|3|Of Jeduthun: the six sons of Jeduthun, Gedaliah and Zeri and Jeshaiah, Hashabiah and Mattithiah; under the direction of their father Jeduthun who, acting as a prophet, with corded instruments gave praise and glory to the Lord.|en
1591|25|4|4|希幔的兒子布基雅、瑪探雅、烏薛、細布業、耶利摩、哈拿尼雅、哈拿尼、以利亞他、基大利提、羅幔提•以謝、約施比加沙、瑪羅提、何提、瑪哈秀；|zh
1592|25|4|4|Of Heman, the sons of Heman: Bukkiah, Mattaniah, Uzziel, Shebuel and Jerimoth, Hananiah, Hanani, Eliathah, Giddalti and Romamti-ezer, Joshbekashah, Mallothi, Hothir, Mahazioth;|en
1593|25|5|5|這都是希幔的兒子，吹角頌讚。希幔奉神之命作王的先見。　神賜給希幔十四個兒子，三個女兒，|zh
1594|25|5|5|All these were sons of Heman, the king's seer in the words of God. And to make great his power God gave Heman fourteen sons and three daughters.|en
1595|25|6|6|都歸他們父親指教，在耶和華的殿唱歌、敲鈸、彈琴、鼓瑟，辦神殿的事務。亞薩、耶杜頓、希幔都是王所命定的。|zh
1596|25|6|6|All these, under the direction of their father, made music in the house of the Lord, with brass and corded instruments, for the worship of the house of God; Asaph, Jeduthun, and Heman being under the orders of the king.|en
1597|25|7|7|他們和他們的弟兄學習頌讚耶和華；善於歌唱的共有二百八十八人。|zh
1598|25|7|7|And the number of them, with their brothers who were trained and expert in making melody to the Lord, was two hundred and eighty-eight.|en
1599|25|8|8|這些人無論大小，為師的、為徒的，都一同掣籤分了班次。|zh
1600|25|8|8|And selection was made of them for their special work, all having equal chances, small as well as great, the teacher as the learner.|en
1601|25|9|9|掣籤的時候，第一掣出來的是亞薩的兒子約瑟。第二是基大利；他和他弟兄並兒子共十二人。|zh
1602|25|9|9|Now of the group of Asaph, the first name to come out was Joseph; the second Gedaliah; he and his brothers and sons were twelve?|en
1603|25|10|10|第三是撒刻；他和他兒子並弟兄共十二人。|zh
1604|25|10|10|The third Zaccur, with his sons and his brothers, twelve;|en
1605|25|11|11|第四是伊洗利；他和他兒子並弟兄共十二人。|zh
1606|25|11|11|The fourth Izri, with his sons and his brothers, twelve;|en
1607|25|12|12|第五是尼探雅；他和他兒子並弟兄共十二人。|zh
1608|25|12|12|The fifth Nethaniah, with his sons and his brothers, twelve;|en
1609|25|13|13|第六是布基雅；他和他兒子並弟兄共十二人。|zh
1610|25|13|13|The sixth Bukkiah, with his sons and his brothers, twelve;|en
1611|25|14|14|第七是耶薩利拉；他和他兒子並弟兄共十二人。|zh
1612|25|14|14|The seventh Jesharelah, with his sons and his brothers, twelve;|en
1613|25|15|15|第八是耶篩亞；他和他兒子並弟兄共十二人。|zh
1614|25|15|15|The eighth Jeshaiah, with his sons and his brothers, twelve;|en
1615|25|16|16|第九是瑪探雅；他和他兒子並弟兄共十二人。|zh
1616|25|16|16|The ninth Mattaniah, with his sons and his brothers, twelve;|en
1617|25|17|17|第十是示每；他和他兒子並弟兄共十二人。|zh
1618|25|17|17|The tenth Shimei, with his sons and his brothers, twelve;|en
1619|25|18|18|第十一是亞薩烈；他和他兒子並弟兄共十二人。|zh
1620|25|18|18|The eleventh Azarel, with his sons and his brothers, twelve;|en
1621|25|19|19|第十二是哈沙比雅；他和他兒子並弟兄共十二人。|zh
1622|25|19|19|The twelfth Hashabiah, with his sons and his brothers, twelve;|en
1623|25|20|20|第十三是書巴業；他和他兒子並弟兄共十二人。|zh
1624|25|20|20|The thirteenth Shubael, with his sons and his brothers, twelve;|en
1625|25|21|21|第十四是瑪他提雅；他和他兒子並弟兄共十二人。|zh
1626|25|21|21|The fourteenth Mattithiah, with his sons and his brothers, twelve;|en
1627|25|22|22|第十五是耶利摩；他和他兒子並弟兄共十二人。|zh
1628|25|22|22|The fifteenth Jeremoth, with his sons and his brothers, twelve;|en
1629|25|23|23|第十六是哈拿尼雅；他和他兒子並弟兄共十二人。|zh
1630|25|23|23|The sixteenth Hananiah, with his sons and his brothers, twelve;|en
1631|25|24|24|第十七是約施比加沙；他和他兒子並弟兄共十二人。|zh
1632|25|24|24|The seventeenth Joshbekashah, with his sons and his brothers, twelve;|en
1633|25|25|25|第十八是哈拿尼；他和他兒子並弟兄共十二人。|zh
1634|25|25|25|The eighteenth Hanani, with his sons and his brothers, twelve;|en
1635|25|26|26|第十九是瑪羅提；他和他兒子並弟兄共十二人。|zh
1636|25|26|26|The nineteenth Mallothi, with his sons and his brothers, twelve;|en
1637|25|27|27|第二十是以利亞他；他和他兒子並弟兄共十二人。|zh
1638|25|27|27|The twentieth Eliathah, with his sons and his brothers, twelve;|en
1639|25|28|28|第二十一是何提；他和他兒子並弟兄共十二人。|zh
1640|25|28|28|The twenty-first Hothir, with his sons and his brothers, twelve;|en
1641|25|29|29|第二十二是基大利提；他和他兒子並弟兄共十二人。|zh
1642|25|29|29|The twenty-second Giddalti, with his sons and his brothers, twelve;|en
1643|25|30|30|第二十三是瑪哈秀；他和他兒子並弟兄共十二人。|zh
1644|25|30|30|The twenty-third Mahazioth, with his sons and his brothers, twelve;|en
1645|25|31|31|第二十四是羅幔提•以謝；他和他兒子並弟兄共十二人。|zh
1646|25|31|31|The twenty-fourth Romamti-ezer, with his sons and his brothers, twelve.|en
1647|26|1|1|守門的班次記在下面：可拉族亞薩的子孫中，有可利的兒子米施利米雅。|zh
1648|26|1|1|For the divisions of the door-keepers: of the Korahites, Meshelemiah, the son of Kore, of the sons of Ebiasaph.|en
1649|26|2|2|米施利米雅的長子是撒迦利亞，次子是耶疊，三子是西巴第雅，四子是耶提聶，|zh
1650|26|2|2|And Meshelemiah had sons: Zechariah the oldest, Jediael the second, Zebadiah the third, Jathniel the fourth,|en
1651|26|3|3|五子是以攔，六子是約哈難，七子是以利約乃。|zh
1652|26|3|3|Elam the fifth, Jehohanan the sixth, Eliehoenai the seventh.|en
1653|26|4|4|俄別以東的長子是示瑪雅，次子是約薩拔，三子是約亞，四子是沙甲，五子是拿坦業，|zh
1654|26|4|4|And Obed-edom had sons: Shemaiah the oldest, Jehozabad the second, Joah the third, and Sacar the fourth, and Nethanel the fifth,|en
1655|26|5|5|六子是亞米利，七子是以薩迦，八子是毗烏利太，因為神賜福與俄別以東。|zh
1656|26|5|5|Ammiel the sixth, Issachar the seventh, Peullethai the eighth; for the blessing of God was on him.|en
1657|26|6|6|他的兒子示瑪雅有幾個兒子，都是大能的壯士，掌管父親的家。|zh
1658|26|6|6|And Shemaiah his son had sons, rulers over the family of their father, for they were able men.|en
1659|26|7|7|示瑪雅的兒子是俄得尼、利法益、俄備得、以利薩巴。以利薩巴的弟兄是壯士，還有以利戶和西瑪迦。|zh
1660|26|7|7|The sons of Shemaiah: Othni and Rephael and Obed, Elzabad, whose brothers were great men of war, Elihu and Semachiah.|en
1661|26|8|8|這都是俄別以東的子孫，他們和他們的兒子並弟兄，都是善於辦事的壯士。俄別以東的子孫共六十二人。|zh
1662|26|8|8|All these were sons of Obed-edom: they and their sons and their brothers, able men and strong for the work; sixty-two sons of Obed-edom.|en
1663|26|9|9|米施利米雅的兒子和弟兄都是壯士，共十八人。|zh
1664|26|9|9|Meshelemiah had sons and brothers, eighteen able men.|en
1665|26|10|10|米拉利子孫何薩有幾個兒子：長子是申利，他原不是長子，是他父親立他作長子。|zh
1666|26|10|10|And Hosah, a son of the children of Merari, had sons: Shimri the chief (for though he was not the oldest, his father made him chief);|en
1667|26|11|11|次子是希勒家，三子是底巴利雅，四子是撒迦利亞。何薩的兒子並弟兄共十三人。|zh
1668|26|11|11|Hilkiah the second, Tebaliah the third, Zechariah the fourth: Hosah had thirteen sons and brothers.|en
1669|26|12|12|這些人都是守門的班長，與他們的弟兄一同在耶和華殿裡按班供職。|zh
1670|26|12|12|Of these were the divisions of the door-keepers, men of authority, having responsible positions like their brothers to be servants in the house of the Lord.|en
1671|26|13|13|他們無論大小，都按著宗族掣籤分守各門。|zh
1672|26|13|13|And the families were taken by the decision of the Lord for every door; the small family had the same chance as the great.|en
1673|26|14|14|掣籤守東門的是示利米雅；他的兒子撒迦利亞是精明的謀士，掣籤守北門。|zh
1674|26|14|14|And the care of the door on the east came out for Shelemiah. Then the name of Zechariah his son, a man wise in discussion, came out, and the door on the north was given to him.|en
1675|26|15|15|俄別以東守南門，他的兒子守庫房。|zh
1676|26|15|15|To Obed-edom, that on the south; and to his sons, the store-house.|en
1677|26|16|16|書聘與何薩守西門，在靠近沙利基門、通著往上去的街道上，班與班相對。|zh
1678|26|16|16|To Hosah, the door on the west, by the door of Shallecheth, at the footway which goes up, watch by watch.|en
1679|26|17|17|每日東門有六個利未人，北門有四個，南門有四個，庫房有兩個，又有兩個輪班替換。|zh
1680|26|17|17|On the east were six Levites a day, and on the north and the south four a day, and for the store-house two and two.|en
1681|26|18|18|在西面街道上有四個，在遊廊上有兩個。|zh
1682|26|18|18|For the pillared way, on the west, four at the footway and two at the pillared way itself.|en
1683|26|19|19|以上是可拉子孫和米拉利子孫守門的班次。|zh
1684|26|19|19|These were the divisions of door-keepers, of the sons of the Korahites and of the sons of Merari.|en
1685|26|20|20|利未子孫中有亞希雅掌管神殿的府庫和聖物的府庫。|zh
1686|26|20|20|And the Levites their brothers were responsible for the stores of the house of God and the holy things.|en
1687|26|21|21|革順族、拉但子孫裡，作族長的是革順族拉但的子孫耶希伊利。|zh
1688|26|21|21|The sons of Ladan: sons of the Gershonites of the family of Ladan, heads of families of Ladan the Gershonite, Jehieli.|en
1689|26|22|22|耶希伊利的兒子西坦和他兄弟約珥掌管耶和華殿裡的府庫。|zh
1690|26|22|22|The sons of Jehieli: Zetham and Joel, his brother, had the care of the stores of the house of the Lord.|en
1691|26|23|23|暗蘭族、以斯哈族、希伯倫族、烏泄族也有職分。|zh
1692|26|23|23|Of the Amramites, of the Izharites, of the Hebronites, of the Uzzielites:|en
1693|26|24|24|摩西的孫子、革舜的兒子細布業掌管府庫。|zh
1694|26|24|24|And Shebuel, the son of Gershom, the son of Moses, was controller of the stores.|en
1695|26|25|25|還有他的弟兄以利以謝。以利以謝的兒子是利哈比雅；利哈比雅的兒子是耶篩亞；耶篩亞的兒子是約蘭；約蘭的兒子是細基利；細基利的兒子是示羅密。|zh
1696|26|25|25|And his brothers: of Eliezer, Rehabiah his son, and Jeshaiah his son, and Joram his son, and Zichri his son, and Shelomoth his son.|en
1697|26|26|26|這示羅密和他的弟兄掌管府庫的聖物，就是大衛王和眾族長、千夫長、百夫長，並軍長所分別為聖的物。|zh
1698|26|26|26|Shelomoth and his brothers were responsible for all the store of holy things which David the king and the heads of families, the captains of thousands and of hundreds, and the captains of the army, had given to the Lord.|en
1699|26|27|27|他們將爭戰時所奪的財物分別為聖，以備修造耶和華的殿。|zh
1700|26|27|27|From the goods taken in war, they gave, as a holy offering, materials for the building of the house of the Lord.|en
1701|26|28|28|先見撒母耳、基士的兒子掃羅、尼珥的兒子押尼珥、洗魯雅的兒子約押所分別為聖的物都歸示羅密和他的弟兄掌管。|zh
1702|26|28|28|And everything Samuel the prophet and Saul, the son of Kish, and Abner, the son of Ner, and Joab, the son of Zeruiah, had made holy; whatever anyone had given, it was under the care of Shelomoth and his brothers.|en
1703|26|29|29|以斯哈族有基拿尼雅和他眾子作官長和士師，管理以色列的外事。|zh
1704|26|29|29|Of the Izharites, Chenaniah and his sons had to do all the public business of Israel, in relation to judges and men in authority.|en
1705|26|30|30|希伯倫族有哈沙比雅和他弟兄一千七百人，都是壯士，在約但河西、以色列地辦理耶和華與王的事。|zh
1706|26|30|30|Of the Hebronites, Hashabiah and his brothers, seventeen hundred able men, were overseers of Israel on the other side of the Jordan, to the west, being responsible for all the work of the Lord's house and for the work done by the king's servants.|en
1707|26|31|31|希伯倫族中有耶利雅作族長。大衛作王第四十年，在基列的雅謝，從這族中尋得大能的勇士。|zh
1708|26|31|31|Of the Hebronites, Jerijah was the chief of all the Hebronites, in their generations by families. In the fortieth year of the rule of David a search was made, and able men were seen among them at Jazer of Gilead.|en
1709|26|32|32|耶利雅的弟兄有二千七百人，都是壯士，且作族長；大衛王派他們在流便支派、迦得支派、瑪拿西半支派中辦理神和王的事。|zh
1710|26|32|32|And his brothers were two thousand, seven hundred able men, heads of families, whom King David made overseers over the Reubenites and the Gadites and the half-tribe of Manasseh, in everything to do with God, and for the king's business.|en
1711|27|1|1|以色列人的族長、千夫長、百夫長，和官長都分定班次，每班是二萬四千人，週年按月輪流，替換出入服事王。|zh
1712|27|1|1|Now the number of the children of Israel, that is, the heads of families, and the captains of thousands and of hundreds, and the men in authority who were servants of the king in anything to do with the divisions which came in and went out month by month through all the months of the year, in every division were twenty-four thousand.|en
1713|27|2|2|正月第一班的班長是撒巴第業的兒子雅朔班；他班內有二萬四千人。|zh
1714|27|2|2|Over the first division for the first month was Ishbaal, the son of Zabdiel; and in his division were twenty-four thousand.|en
1715|27|3|3|他是法勒斯的子孫，統管正月班的一切軍長。|zh
1716|27|3|3|He was of the sons of Perez, and the chief of all the captains of the army for the first month.|en
1717|27|4|4|二月的班長是亞哈希人朵代，還有副官密基羅；他班內有二萬四千人。|zh
1718|27|4|4|And over the division for the second month was Eleazar, the son of Dodai the Ahohite, the ruler; and in his division were twenty-four thousand.|en
1719|27|5|5|三月第三班的班長(原文作軍長；下同)是祭司耶何耶大的兒子比拿雅；他班內有二萬四千人。|zh
1720|27|5|5|The third captain of the army for the third month was Benaiah, the son of Jehoiada the priest; and in his division were twenty-four thousand.|en
1721|27|6|6|這比拿雅是那三十人中的勇士，管理那三十人；他班內又有他兒子暗米薩拔。|zh
1722|27|6|6|This is the same Benaiah who was the great man of the thirty, chief of the thirty; and in his division was Ammizabad his son.|en
1723|27|7|7|四月第四班的班長是約押的兄弟亞撒黑。接續他的是他兒子西巴第雅；他班內有二萬四千人。|zh
1724|27|7|7|The fourth captain for the fourth month was Asahel, the brother of Joab, and Zebadiah his son after him; and in his division were twenty-four thousand.|en
1725|27|8|8|五月第五班的班長是伊斯拉人珊合；他班內有二萬四千人。|zh
1726|27|8|8|The fifth captain for the fifth month was Shamhuth the Izrahite; and in his division were twenty-four thousand.|en
1727|27|9|9|六月第六班的班長是提哥亞人益吉的兒子以拉；他班內有二萬四千人。|zh
1728|27|9|9|The sixth captain for the sixth month was Ira, the son of Ikkesh the Tekoite; and in his division were twenty-four thousand.|en
1729|27|10|10|七月第七班的班長是以法蓮族比倫人希利斯；他班內有二萬四千人。|zh
1730|27|10|10|The seventh captain for the seventh month was Helez the Pelonite, of the sons of Ephraim; and in his division were twenty-four thousand.|en
1731|27|11|11|八月第八班的班長是謝拉族戶沙人西比該；他班內有二萬四千人。|zh
1732|27|11|11|The eighth captain for the eighth month was Sibbecai the Hushathite, of the Zerahites; and in his division were twenty-four thousand.|en
1733|27|12|12|九月第九班的班長是便雅憫族亞拿突人亞比以謝；他班內有二萬四千人。|zh
1734|27|12|12|The ninth captain for the ninth month was Abiezer the Anathothite, of the Benjamites; and in his division were twenty-four thousand.|en
1735|27|13|13|十月第十班的班長是謝拉族尼陀法人瑪哈萊；他班內有二萬四千人。|zh
1736|27|13|13|The tenth captain for the tenth month was Maharai the Netophathite, of the Zerahites; and in his division were twenty-four thousand.|en
1737|27|14|14|十一月第十一班的班長是以法蓮族比拉頓人比拿雅；他班內有二萬四千人。|zh
1738|27|14|14|The eleventh captain for the eleventh month was Benaiah the Pirathonite, of the sons of Ephraim; and in his division were twenty-four thousand.|en
1739|27|15|15|十二月第十二班的班長是俄陀聶族尼陀法人黑玳；他班內有二萬四千人。|zh
1740|27|15|15|The twelfth captain for the twelfth month was Heldai the Netophathite, of Othniel; and in his division were twenty-four thousand.|en
1741|27|16|16|管理以色列眾支派的記在下面：管流便人的是細基利的兒子以利以謝；管西緬人的是瑪迦的兒子示法提雅；|zh
1742|27|16|16|And over the tribes of Israel: the ruler of the Reubenites was Eliezer, the son of Zichri; of the Simeonites, Shephatiah, the son of Maacah;|en
1743|27|17|17|管利未人的是基母利的兒子哈沙比雅；管亞倫子孫的是撒督；|zh
1744|27|17|17|Of Levi, Hashabiah, the son of Kemuel; of Aaron, Zadok;|en
1745|27|18|18|管猶大人的是大衛的一個哥哥以利戶，管以薩迦人的是米迦勒的兒子暗利；|zh
1746|27|18|18|Of Judah, Elihu, one of the brothers of David; of Issachar, Omri, the son of Michael;|en
1747|27|19|19|管西布倫人的是俄巴第雅的兒子伊施瑪雅；管拿弗他利人的是亞斯列的兒子耶利摩；|zh
1748|27|19|19|Of Zebulun, Ishmaiah, the son of Obadiah; of Naphtali, Jerimoth, the son of Azriel;|en
1749|27|20|20|管以法蓮人的是阿撒細雅的兒子何細亞；管瑪拿西半支派的是毗大雅的兒子約珥；|zh
1750|27|20|20|Of the children of Ephraim, Hoshea, the son of Azaziah; of the half-tribe of Manasseh, Joel, the son of Pedaiah;|en
1751|27|21|21|管基列地瑪拿西那半支派的是撒迦利亞的兒子易多；管便雅憫人的是押尼珥的兒子雅西業；|zh
1752|27|21|21|Of the half-tribe of Manasseh in Gilead, Iddo, the son of Zechariah; of Benjamin, Jaasiel, the son of Abner;|en
1753|27|22|22|管但人的是耶羅罕的兒子亞薩列。以上是以色列眾支派的首領。|zh
1754|27|22|22|Of Dan, Azarel, the son of Jeroham. These were the captains of the tribes of Israel.|en
1755|27|23|23|以色列人二十歲以內的，大衛沒有記其數目；因耶和華曾應許說，必加增以色列人如天上的星那樣多。|zh
1756|27|23|23|But David did not take the number of those who were under twenty years old, for the Lord had said that he would make Israel like the stars of heaven in number.|en
1757|27|24|24|洗魯雅的兒子約押動手數點，當時耶和華的烈怒臨到以色列人；因此，沒有點完，數目也沒有寫在大衛王記上。|zh
1758|27|24|24|The numbering was started by Joab, the son of Zeruiah, but he did not go on to the end; and because of it, wrath came on Israel and the number was not recorded in the history of King David.|en
1759|27|25|25|掌管王府庫的是亞疊的兒子押斯馬威。掌管田野城邑村莊保障之倉庫的是烏西雅的兒子約拿單。|zh
1760|27|25|25|And Azmaveth, the son of Adiel, was controller of the king's property; Jonathan, the son of Uzziah, had control of all store-houses in country places and in the towns and little towns and strong places;|en
1761|27|26|26|掌管耕田種地的是基綠的兒子以斯利。|zh
1762|27|26|26|Ezri, the son of Chelub, had authority over the field-workers and farmers;|en
1763|27|27|27|掌管葡萄園的是拉瑪人示每。掌管葡萄園酒窖的是實弗米人撒巴底。|zh
1764|27|27|27|Shimei the Ramathite was responsible for the vine-gardens; Zabdi the Shiphmite was responsible for the produce of the vine-gardens and for all the stores of wine;|en
1765|27|28|28|掌管高原橄欖樹和桑樹的是基第利人巴勒哈南。掌管油庫的是約阿施。|zh
1766|27|28|28|Baal-hanan the Gederite was responsible for the olive-trees and the sycamore-trees in the lowlands; and Joash for the stores of oil;|en
1767|27|29|29|掌管沙崙牧放牛群的是沙崙人施提賚。掌管山谷牧養牛群的是亞第賚的兒子沙法。|zh
1768|27|29|29|And Shitrai the Sharonite was responsible for the herds in the grass-lands of Sharon, and Shaphat, the son of Adlai, for those in the valleys;|en
1769|27|30|30|掌管駝群的是以實瑪利人阿比勒。掌管驢群的是米崙人耶希底亞。掌管羊群的是夏甲人雅悉。|zh
1770|27|30|30|Obil the Ishmaelite had control of the camels and Jehdeiah the Meronothite of the she-asses;|en
1771|27|31|31|這都是給大衛王掌管產業的。|zh
1772|27|31|31|The flocks were in the care of Jaziz the Hagarite. All these were the controllers of King David's property.|en
1773|27|32|32|大衛的叔叔約拿單作謀士；這人有智慧，又作書記。哈摩尼的兒子耶歇作王眾子的師傅。|zh
1774|27|32|32|Now Jonathan, David's father's brother, expert in discussion, and a man of good sense, was a scribe; and Jehiel the son of Hachmoni, had the care of the king's sons;|en
1775|27|33|33|亞希多弗也作王的謀士。亞基人戶篩作王的陪伴。|zh
1776|27|33|33|And Ahithophel was the king's expert in discussion and Hushai the Archite was the king's friend.|en
1777|27|34|34|亞希多弗之後，有比拿雅的兒子耶何耶大和亞比亞他接續他作謀士。約押作王的元帥。|zh
1778|27|34|34|After Ahithophel was Jehoiada, the son of Benaiah, and Abiathar; and the captain of the king's army was Joab.|en
1779|28|1|1|大衛招聚以色列各支派的首領和輪班服事王的軍長，與千夫長、百夫長，掌管王和王子產業牲畜的，並太監，以及大能的勇士，都到耶路撒冷來。|zh
1780|28|1|1|And David got together at Jerusalem all the rulers of Israel, the chiefs of the tribes and the captains of the divisions waiting on the king in turn, and the captains of thousands and the captains of hundreds and the controllers of all the goods and property of the king and his sons, with the unsexed servants and the great men of war.|en
1781|28|2|2|大衛王就站起來，說：我的弟兄，我的百姓啊，你們當聽我言，我心裡本想建造殿宇，安放耶和華的約櫃，作為我神的腳凳；我已經預備建造的材料。|zh
1782|28|2|2|Then David the king got up and said, Give ear to me, my brothers and my people; it was my desire to put up a house, a resting-place for the ark of the Lord's agreement, and for the foot-rest of our God; and I had got material ready for the building of it.|en
1783|28|3|3|只是神對我說：你不可為我的名建造殿宇；因你是戰士，流了人的血。|zh
1784|28|3|3|But God said to me, You are not to be the builder of a house for my name, because you are a man of war and have taken life;|en
1785|28|4|4|然而，耶和華─以色列的神在我父的全家揀選我作以色列的王，直到永遠。因他揀選猶大為首領；在猶大支派中揀選我父家，在我父的眾子裡喜悅我，立我作以色列眾人的王。|zh
1786|28|4|4|Though the Lord, the God of Israel, took me out of all my father's family, to be king over Israel for ever, marking out Judah to be chief, and, of the people of Judah, my father's family; and among the sons of my father he was pleased to make me king over all Israel;|en
1787|28|5|5|耶和華賜我許多兒子，在我兒子中揀選所羅門坐耶和華的國位，治理以色列人。|zh
1788|28|5|5|And of all my sons (for the Lord has given me a great number of sons) he has made selection of Solomon to take his place on the seat of the kingdom of the Lord over Israel.|en
1789|28|6|6|耶和華對我說：你兒子所羅門必建造我的殿和院宇；因為我揀選他作我的子，我也必作他的父。|zh
1790|28|6|6|And he said to me, Solomon your son will be the builder of my house and the open spaces round it; for I have taken him to be my son, and I will be his father.|en
1791|28|7|7|他若恆久遵行我的誡命典章如今日一樣，我就必堅定他的國位，直到永遠。|zh
1792|28|7|7|I will keep his kingdom in its place for ever, if he is strong at all times to do my orders and keep my rules, as at this day.|en
1793|28|8|8|現今在耶和華的會中，以色列眾人眼前所說的，我們的神也聽見了。你們應當尋求耶和華─你們　神的一切誡命，謹守遵行，如此你們可以承受這美地，遺留給你們的子孫，永遠為業。|zh
1794|28|8|8|So now, before the eyes of all Israel, the people of the Lord, and in the hearing of our God, keep and be true to the orders of the Lord your God; so that you may have this good land for yourselves and give it for a heritage to your children after you for ever.|en
1795|28|9|9|我兒所羅門哪，你當認識耶和華─你父的神，誠心樂意地事奉他；因為他鑒察眾人的心，知道一切心思意念。你若尋求他，他必使你尋見；你若離棄他，他必永遠丟棄你。|zh
1796|28|9|9|And you, Solomon my son, get knowledge of the God of your father, and be his servant with a true heart and with a strong desire, for the Lord is the searcher of all hearts, and has knowledge of all the designs of men's thoughts; if you make search for him, he will be near you; but if you are turned away from him, he will give you up for ever.|en
1797|28|10|10|你當謹慎，因耶和華揀選你建造殿宇作為聖所。你當剛強去行。|zh
1798|28|10|10|Now then, take note; for the Lord has made selection of you to be the builder of a house for the holy place. Be strong and do it.|en
1799|28|11|11|大衛將殿的遊廊、旁屋、府庫、樓房、內殿，和施恩所的樣式指示他兒子所羅門，|zh
1800|28|11|11|Then David gave to his son Solomon the design of the doorway of the house of God and of its houses and its store-houses, and the higher rooms and the inner rooms and the place for the mercy-seat;|en
1801|28|12|12|又將被靈感動所得的樣式，就是耶和華神殿的院子、周圍的房屋、殿的府庫，和聖物府庫的一切樣式都指示他；|zh
1802|28|12|12|And the design of all he had in his heart for the outer squares of the house of the Lord, and for the rooms all round it, and for the store-houses of the house of the Lord, and for the store-houses for the holy things;|en
1803|28|13|13|又指示他祭司和利未人的班次與耶和華殿裡各樣的工作，並耶和華殿裡一切器皿的樣式，|zh
1804|28|13|13|And for the divisions of the priests and Levites, and for all the work in connection with the worship of the house of the Lord, and all the vessels used in the house of the Lord;|en
1805|28|14|14|以及各樣應用金器的分兩和各樣應用銀器的分兩，|zh
1806|28|14|14|Of gold, by weight, for the vessels of gold, for all the vessels of different uses; and silver for all the vessels of silver by weight, for vessels of different uses;|en
1807|28|15|15|金燈臺和金燈的分兩，銀燈臺和銀燈的分兩，輕重各都合宜；|zh
1808|28|15|15|And gold by weight for the light-supports and the vessels for the lights, the weight of gold needed for every support and every vessel for lights; and for the silver light-supports, the weight of silver needed for every support and for the different vessels as every one was to be used;|en
1809|28|16|16|陳設餅金桌子的分兩，銀桌子的分兩，|zh
1810|28|16|16|And gold by weight for the tables for the holy bread for every table, and silver for the silver tables;|en
1811|28|17|17|精金的肉叉子、盤子，和爵的分兩，各金碗與各銀碗的分兩，|zh
1812|28|17|17|Clear gold for the meat-hooks and the basins and the cups; for the gold basins, gold enough by weight for every basin; and silver by weight for every silver basin;|en
1813|28|18|18|精金香壇的分兩，並用金子做基路伯(原文作用金子做車式的基路伯)；基路伯張開翅膀，遮掩耶和華的約櫃。|zh
1814|28|18|18|And the best gold for the altar of perfumes; and gold for the design of the carriage, for the winged ones whose wings were outstretched covering the ark of the Lord's agreement.|en
1815|28|19|19|大衛說：這一切工作的樣式都是耶和華用手劃出來使我明白的。|zh
1816|28|19|19|All this, said David, the design for all these things, has been made dear to me in writing by the hand of the Lord.|en
1817|28|20|20|大衛又對他兒子所羅門說：你當剛強壯膽去行！不要懼怕，也不要驚惶。因為耶和華神就是我的　神，與你同在；他必不撇下你，也不丟棄你，直到耶和華殿的工作都完畢了。|zh
1818|28|20|20|And David said to his son Solomon, Be strong and of a good heart and do your work; have no fear and do not be troubled, for the Lord God, my God, is with you; he will not give you up, and his face will not be turned away from you, till all the work necessary for the house of the Lord is complete.|en
1819|28|21|21|有祭司和利未人的各班，為要辦理神殿各樣的事，又有靈巧的人在各樣的工作上樂意幫助你；並有眾首領和眾民一心聽從你的命令。|zh
1820|28|21|21|And see, there are the divisions of the priests and Levites for all the work of the house of God; and every trained and expert workman will be ready to do for you whatever is needed; and the captains and the people will be under your orders in everything.|en
1821|29|1|1|大衛王對會眾說：我兒子所羅門是神特選的，還年幼嬌嫩；這工程甚大，因這殿不是為人，乃是為耶和華　神建造的。|zh
1822|29|1|1|And David the king said to all the people, Solomon my son, the only one who has been marked out by God, is still young and untested, and the work is great, for this great house is not for man, but for the Lord God.|en
1823|29|2|2|我為我神的殿已經盡力，預備金子做金器，銀子做銀器，銅做銅器，鐵做鐵器，木做木器，還有紅瑪瑙可鑲嵌的寶石，彩石和一切的寶石，並許多漢白玉。|zh
1824|29|2|2|Now as far as I am able, I have made ready what is needed for the house of my God; the gold for the things of gold, and the silver for the silver things, and the brass for the brass things, iron for the things of iron, and wood for the things of wood; beryls and jewels to be framed, and stones of different colours for ornament; all sorts of stones of great price, and polished building-stone, as much as is needed and more.|en
1825|29|3|3|且因我心中愛慕我神的殿，就在預備建造聖殿的材料之外，又將我自己積蓄的金銀獻上，建造我　神的殿，|zh
1826|29|3|3|And because this house of God is dear to me, I give my private store of gold and silver to the house of my God, in addition to all I have got ready for the holy house;|en
1827|29|4|4|就是俄斐金三千他連得、精鍊的銀子七千他連得，以貼殿牆。|zh
1828|29|4|4|Even three thousand talents of gold of Ophir and seven thousand talents of the best silver, for plating the walls of the house:|en
1829|29|5|5|金子做金器，銀子做銀器，並藉匠人的手製造一切。今日有誰樂意將自己獻給耶和華呢？|zh
1830|29|5|5|Gold for the gold things, and silver for the silver things, and for every sort of work to be done by the expert workmen. Who then will come forward, offering himself this day for the Lord's work?|en
1831|29|6|6|於是，眾族長和以色列各支派的首領、千夫長、百夫長，並監管王工的官長，都樂意獻上。|zh
1832|29|6|6|Then the heads of families and the chiefs of the tribes of Israel, and the captains of thousands and of hundreds, with the controllers of the king's business, freely gave themselves;|en
1833|29|7|7|他們為神殿的使用獻上金子五千他連得零一萬達利克，銀子一萬他連得，銅一萬八千他連得，鐵十萬他連得。|zh
1834|29|7|7|And they gave for the use of the house of the Lord, five thousand talents and ten thousand darics of gold, and ten thousand talents of silver, and eighteen thousand talents of brass, and a hundred thousand talents of iron.|en
1835|29|8|8|凡有寶石的都交給革順人耶歇，送入耶和華殿的府庫。|zh
1836|29|8|8|And those who had stones of great price gave them to the store of the house of the Lord, under the care of Jehiel the Gershonite.|en
1837|29|9|9|因這些人誠心樂意獻給耶和華，百姓就歡喜，大衛王也大大歡喜。|zh
1838|29|9|9|Then the people were glad because their offerings were freely given, for with a true heart they freely gave what they had to the Lord; and David the king was full of joy.|en
1839|29|10|10|所以，大衛在會眾面前稱頌耶和華說：耶和華─我們的父，以色列的神是應當稱頌，直到永永遠遠的！|zh
1840|29|10|10|So David gave praise to the Lord before all the people; and David said, Praise be to you, O Lord the God of Israel, our father for ever and ever.|en
1841|29|11|11|耶和華啊，尊大、能力、榮耀、強勝、威嚴都是你的；凡天上地下的都是你的；國度也是你的，並且你為至高，為萬有之首。|zh
1842|29|11|11|Yours, O Lord, is the strength and the power and the glory, and the authority and the honour: for everything in heaven and on earth is yours; yours is the kingdom, O Lord, and you are lifted up as head over all.|en
1843|29|12|12|豐富尊榮都從你而來，你也治理萬物。在你手裡有大能大力，使人尊大強盛都出於你。|zh
1844|29|12|12|Wealth and honour come from you, and you are ruler over all, and in your hand is power and strength; it is in your power to make great, and to give strength to all.|en
1845|29|13|13|我們的神啊，現在我們稱謝你，讚美你榮耀之名！|zh
1846|29|13|13|So now, our God, we give you praise, honouring the glory of your name.|en
1847|29|14|14|我算甚麼，我的民算甚麼，竟能如此樂意奉獻？因為萬物都從你而來，我們把從你而得的獻給你。|zh
1848|29|14|14|But who am I and what is my people, that we have power to give so freely in this way? for all things come from you, and what we have given you is yours.|en
1849|29|15|15|我們在你面前是客旅，是寄居的，與我們列祖一樣。我們在世的日子如影兒，不能長存(或作沒有長存的指望)。|zh
1850|29|15|15|For we, as all our fathers were, are like men from a strange country before you, who have got a place for a time in the land; our days on the earth are like a shade, and there is no hope of going on.|en
1851|29|16|16|耶和華─我們的神啊，我們預備這許多材料，要為你的聖名建造殿宇，都是從你而來，都是屬你的。|zh
1852|29|16|16|O Lord our God, all this store, which we have made ready for the building of a house for your holy name, comes from your hand and is yours.|en
1853|29|17|17|我的神啊，我知道你察驗人心，喜悅正直；我以正直的心樂意獻上這一切物。現在我喜歡見你的民在這裡都樂意奉獻與你。|zh
1854|29|17|17|And I am conscious, my God, that you are the searcher of hearts, taking pleasure in righteousness. As for me, with an upright heart I have freely given all these things; and I have seen with joy your people who are here to make their offerings freely to you.|en
1855|29|18|18|耶和華─我們列祖亞伯拉罕、以撒、以色列的神啊，求你使你的民常存這樣的心思意念，堅定他們的心歸向你，|zh
1856|29|18|18|O Lord, the God of Abraham, of Isaac, and of Israel, our fathers, keep this for ever in the deepest thoughts of your people, and let their hearts be fixed and true to you;|en
1857|29|19|19|又求你賜我兒子所羅門誠實的心，遵守你的命令、法度、律例，成就這一切的事，用我所預備的建造殿宇。|zh
1858|29|19|19|And give to Solomon my son a true heart, to keep your orders, your rules, and your laws, and to do all these things, and to put up this great house for which I have made ready.|en
1859|29|20|20|大衛對全會眾說：你們應當稱頌耶和華─你們的神。於是會眾稱頌耶和華─他們列祖的　神，低頭拜耶和華與王。|zh
1860|29|20|20|And David said to all the people, Now give praise to the Lord your God. And all the people gave praise to the Lord, the God of their fathers, with bent heads worshipping the Lord and the king.|en
1861|29|21|21|次日，他們向耶和華獻平安祭和燔祭，就是獻公牛一千隻，公綿羊一千隻，羊羔一千隻，並同獻的奠祭；又為以色列眾人獻許多的祭。那日，他們在耶和華面前吃喝，大大歡樂。|zh
1862|29|21|21|And they made offerings to the Lord, and gave burned offerings to the Lord, on the day after, a thousand oxen, a thousand sheep, and a thousand lambs, with their drink offerings, and a great wealth of offerings for all Israel.|en
1863|29|22|22|他們奉耶和華的命再膏大衛的兒子所羅門作王，又膏撒督作祭司。|zh
1864|29|22|22|And with great joy they made a feast before the Lord that day. And they made Solomon, the son of David, king a second time, putting the holy oil on him to make him holy to the Lord as ruler, and on Zadok as priest.|en
1865|29|23|23|於是所羅門坐在耶和華所賜的位上，接續他父親大衛作王，萬事亨通；以色列眾人也都聽從他。|zh
1866|29|23|23|So Solomon was put on the seat of the Lord as king in place of his father David, and everything went well for him; and all Israel was under his authority.|en
1867|29|24|24|眾首領和勇士，並大衛王的眾子，都順服所羅門王。|zh
1868|29|24|24|And all the chiefs and the men of war and all the sons of King David put themselves under the authority of Solomon the king.|en
1869|29|25|25|耶和華使所羅門在以色列眾人眼前甚為尊大，極其威嚴，勝過在他以前的以色列王。|zh
1870|29|25|25|And the Lord made Solomon great in the eyes of all Israel, clothing him with glory and honour such as no other king in Israel had had before him.|en
1871|29|26|26|耶西的兒子大衛作以色列眾人的王，|zh
1872|29|26|26|Now David, the son of Jesse, was king over all Israel.|en
1873|29|27|27|作王共四十年：在希伯崙作王七年，在耶路撒冷作王三十三年。|zh
1874|29|27|27|For forty years he was ruling as king over Israel, seven years in Hebron and thirty-three years in Jerusalem.|en
1875|29|28|28|他年紀老邁，日子滿足，享受豐富、尊榮，就死了。他兒子所羅門接續他作王。|zh
1876|29|28|28|And he came to his end after a long life, full of days and great wealth and honour; and Solomon his son became king in his place.|en
1877|29|29|29|大衛王始終的事都寫在先見撒母耳的書上和先知拿單並先見迦得的書上。|zh
1878|29|29|29|Now all the acts of David, first and last, are recorded in the words of Samuel the seer, and the words of Nathan the prophet, and the words of Gad the seer;|en
1879|29|30|30|他的國事和他的勇力，以及他和以色列並列國所經過的事都寫在這書上。|zh
1880|29|30|30|Together with all his rule and his power, and the events which took place in his time, in Israel and in all the kingdoms of other lands.|en
