|chapter|sec|no|content|lang
0|1|1|1|以色列人出埃及地後，第二年二月初一日，耶和華在西乃的曠野、會幕中曉諭摩西說：|zh
1|1|1|1|And the Lord said to Moses in the waste land of Sinai, in the Tent of meeting, on the first day of the second month, in the second year after they came out of the land of Egypt,|en
2|1|2|2|你要按以色列全會眾的家室、宗族、人名的數目計算所有的男丁。|zh
3|1|2|2|Take the full number of the children of Israel, by their families, and by their fathers' houses, every male by name;|en
4|1|3|3|凡以色列中，從二十歲以外，能出去打仗的，你和亞倫要照他們的軍隊數點。|zh
5|1|3|3|All those of twenty years old and over, who are able to go to war in Israel, are to be numbered by you and Aaron.|en
6|1|4|4|每支派中必有一人作本支派的族長，幫助你們。|zh
7|1|4|4|And to give you help, take one man from every tribe, the head of his father's house.|en
8|1|5|5|他們的名字：屬流便的，有示丟珥的兒子以利蓿；|zh
9|1|5|5|These are the names of those who are to be your helpers: from Reuben, Elizur, the son of Shedeur;|en
10|1|6|6|屬西緬的，有蘇利沙代的兒子示路蔑；|zh
11|1|6|6|From Simeon, Shelumiel, the son of Zurishaddai;|en
12|1|7|7|屬猶大的，有亞米拿達的兒子拿順；|zh
13|1|7|7|From Judah, Nahshon, the son of Amminadab;|en
14|1|8|8|屬以薩迦的，有蘇押的兒子拿坦業；|zh
15|1|8|8|From Issachar, Nethanel, the son of Zuar;|en
16|1|9|9|屬西布倫的，有希倫的兒子以利押；|zh
17|1|9|9|From Zebulun, Eliab, the son of Helon;|en
18|1|10|10|約瑟子孫、屬以法蓮的，有亞米忽的兒子以利沙瑪；屬瑪拿西的，有比大蓿的兒子迦瑪列；|zh
19|1|10|10|Of the children of Joseph: from Ephraim, Elishama, the son of Ammihud; from Manasseh, Gamaliel, the son of Pedahzur,|en
20|1|11|11|屬便雅憫的，有基多尼的兒子亞比但；|zh
21|1|11|11|From Benjamin, Abidan, the son of Gideoni;|en
22|1|12|12|屬但的，有亞米沙代的兒子亞希以謝；|zh
23|1|12|12|From Dan, Ahiezer, the son of Ammi-shaddai;|en
24|1|13|13|屬亞設的，有俄蘭的兒子帕結；|zh
25|1|13|13|From Asher, Pagiel, the son of Ochran;|en
26|1|14|14|屬迦得的，有丟珥的兒子以利雅薩；|zh
27|1|14|14|From Gad, Eliasaph, the son of Reuel;|en
28|1|15|15|屬拿弗他利的，有以南的兒子亞希拉。|zh
29|1|15|15|From Naphtali, Ahira, the son of Enan.|en
30|1|16|16|這都是從會中選召的，各作本支派的首領，都是以色列軍中的統領。|zh
31|1|16|16|These are the men named out of all the people, chiefs of their fathers' houses, heads of the tribes of Israel.|en
32|1|17|17|於是，摩西、亞倫帶著這些按名指定的人，|zh
33|1|17|17|And Moses and Aaron took these men, marked out by name;|en
34|1|18|18|當二月初一日招聚全會眾。會眾就照他們的家室、宗族、人名的數目，從二十歲以外的，都述說自己的家譜。|zh
35|1|18|18|And they got together all the people on the first day of the second month; and everyone made clear his family and his father's house, by the number of the names, from twenty years old and over.|en
36|1|19|19|耶和華怎樣吩咐摩西，他就怎樣在西乃的曠野數點他們。|zh
37|1|19|19|As the Lord had given orders to Moses, so they were numbered by him in the waste place of Sinai.|en
38|1|20|20,21 |以色列的長子，流便子孫的後代，照著家室、宗族、人名的數目，從二十歲以外，凡能出去打仗、被數的男丁，共有四萬六千五百名。|zh
39|1|20|20|The generations of the sons of Reuben, the oldest son of Israel, were numbered by their families and their fathers' houses, every male of twenty years old and over, who was able to go to war;|en
40|1|21|21|Forty-six thousand, five hundred of the tribe of Reuben were numbered.|en
41|1|22|22,23 |西緬子孫的後代，照著家室、宗族、人名的數目，從二十歲以外，凡能出去打仗、被數的男丁，共有五萬九千三百名。|zh
42|1|22|22|The generations of the sons of Simeon were numbered by their families and their fathers' houses, every male of twenty years old and over, who was able to go to war;|en
43|1|23|23|Fifty-nine thousand, three hundred of the tribe of Simeon were numbered.|en
44|1|24|24,25 |迦得子孫的後代，照著家室、宗族、人名的數目，從二十歲以外，凡能出去打仗、被數的，共有四萬五千六百五十名。|zh
45|1|24|24|The generations of the sons of Gad were numbered by their families and their fathers' houses, every male of twenty years old and over who was able to go to war;|en
46|1|25|25|Forty-five thousand, six hundred and fifty of the tribe of Gad were numbered.|en
47|1|26|26,27 |猶大子孫的後代，照著家室、宗族、人名的數目，從二十歲以外，凡能出去打仗、被數的，共有七萬四千六百名。|zh
48|1|26|26|The generations of the sons of Judah were numbered by their families and their fathers' houses, every male of twenty years old and over who was able to go to war;|en
49|1|27|27|Seventy-four thousand, six hundred of the tribe of Judah were numbered.|en
50|1|28|28,29 |以薩迦子孫的後代，照著家室、宗族、人名的數目，從二十歲以外，凡能出去打仗、被數的，共有五萬四千四百名。|zh
51|1|28|28|The generations of the sons of Issachar were numbered by their families and their fathers' houses, every male of twenty years old and over who was able to go to war;|en
52|1|29|29|Fifty-four thousand, four hundred of the tribe of Issachar were numbered.|en
53|1|30|30,31 |西布倫子孫的後代，照著家室、宗族、人名的數目，從二十歲以外，凡能出去打仗、被數的，共有五萬七千四百名。|zh
54|1|30|30|The generations of the sons of Zebulun were numbered by their families and their fathers' houses, every male of twenty years old and over who was able to go to war;|en
55|1|31|31|Fifty-seven thousand, four hundred of the tribe of Zebulun were numbered.|en
56|1|32|32,33 |約瑟子孫屬以法蓮子孫的後代，照著家室、宗族、人名的數目，從二十歲以外，凡能出去打仗、被數的，共有四萬零五百名。|zh
57|1|32|32|The generations of the sons of Joseph were numbered by their families and their fathers' houses, every male of twenty years old and over who was able to go to war;|en
58|1|33|33|Forty thousand, five hundred of the tribe of Ephraim were numbered.|en
59|1|34|34,35 |瑪拿西子孫的後代，照著家室、宗族、人名的數目，從二十歲以外，凡能出去打仗、被數的，共有三萬二千二百名。|zh
60|1|34|34|The generations of the sons of Manasseh were numbered by their families and their fathers' houses, every male of twenty years old and over who was able to go to war;|en
61|1|35|35|Thirty-two thousand, two hundred of the tribe of Manasseh were numbered.|en
62|1|36|36,37 |便雅憫子孫的後代，照著家室、宗族、人名的數目，從二十歲以外，凡能出去打仗、被數的，共有三萬五千四百名。|zh
63|1|36|36|The generations of the sons of Benjamin were numbered by their families and their fathers' houses, every male of twenty years old and over who was able to go to war;|en
64|1|37|37|Thirty-five thousand, four hundred of the tribe of Benjamin were numbered.|en
65|1|38|38,39 |但子孫的後代，照著家室、宗族、人名的數目，從二十歲以外，凡能出去打仗，被數的，共有六萬二千七百名。|zh
66|1|38|38|The generations of the sons of Dan were numbered by their families and their fathers' houses, every male of twenty years and over who was able to go to war;|en
67|1|39|39|Sixty-two thousand, seven hundred of the tribe of Dan were numbered.|en
68|1|40|40,41 |亞設子孫的後代，照著家室、宗族、人名的數目，從二十歲以外，凡能出去打仗、被數的，共有四萬一千五百名。|zh
69|1|40|40|The generations of the sons of Asher were numbered by their families and their fathers' houses, every male of twenty years old and over who was able to go to war;|en
70|1|41|41|Forty-one thousand, five hundred of the tribe of Asher were numbered.|en
71|1|42|42,43 |拿弗他利子孫的後代，照著家室、宗族、人名的數目，從二十歲以外，凡能出去打仗、被數的，共有五萬三千四百名。|zh
72|1|42|42|The generations of the sons of Naphtali were numbered by their families and their fathers' houses, every male of twenty years old and over who was able to go to war;|en
73|1|43|43|Fifty-three thousand, four hundred of the tribe of Naphtali were numbered.|en
74|1|44|44|這些就是被數點的，是摩西、亞倫，和以色列中十二個首領所數點的；這十二個人各作各宗族的代表。|zh
75|1|44|44|These are they who were numbered by Moses and Aaron and by the twelve chiefs of Israel, one from every tribe.|en
76|1|45|45,46 |這樣，凡以色列人中被數的，照著宗族，從二十歲以外，能出去打仗、被數的，共有六十萬零三千五百五十名。|zh
77|1|45|45|So all those who were numbered of the children of Israel, by their families, all those of twenty years old and over who were able to go to war,|en
78|1|46|46|Were six hundred and three thousand, five hundred and fifty.|en
79|1|47|47|利未人卻沒有按著支派數在其中，|zh
80|1|47|47|But the Levites, of the tribe of their fathers, were not numbered among them.|en
81|1|48|48|因為耶和華曉諭摩西說：|zh
82|1|48|48|For the Lord said to Moses,|en
83|1|49|49|惟獨利未支派你不可數點，也不可在以色列人中計算他們的總數。|zh
84|1|49|49|Only the tribe of Levi is not to be numbered among the children of Israel,|en
85|1|50|50|只要派利未人管法櫃的帳幕和其中的器具，並屬乎帳幕的；他們要抬帳幕和其中的器具，（抬或作：搬運）並要辦理帳幕的事，在帳幕的四圍安營。|zh
86|1|50|50|But to them you are to give the care of the Tent of meeting with its vessels and everything in it: they are to take up the Tent, and be responsible for everything to do with it, and put up their tents round it.|en
87|1|51|51|帳幕將往前行的時候，利未人要拆卸；將支搭的時候，利未人要豎起。近前來的外人必被治死。|zh
88|1|51|51|And when the Tent of meeting goes forward, the Levites are to take it down; and when it is to be put up, they are to do it: any strange person who comes near it is to be put to death.|en
89|1|52|52|以色列人支搭帳棚，要照他們的軍隊，各歸本營，各歸本纛。|zh
90|1|52|52|The children of Israel are to put up their tents, every man in his tent-circle round his flag.|en
91|1|53|53|但利未人要在法櫃帳幕的四圍安營，免得忿怒臨到以色列會眾；利未人並要謹守法櫃的帳幕。|zh
92|1|53|53|But the tents of the Levites are to be round the Tent of meeting, so that wrath may not come on the children of Israel: the Tent of meeting is to be in the care of the Levites.|en
93|1|54|54|以色列人就這樣行。凡耶和華所吩咐摩西的，他們就照樣行了。|zh
94|1|54|54|So the children of Israel did as the Lord had given orders to Moses.|en
95|2|1|1|耶和華曉諭摩西、亞倫說：|zh
96|2|1|1|And the Lord said to Moses and Aaron,|en
97|2|2|2|以色列人要各歸自己的纛下，在本族的旗號那裡，對著會幕的四圍安營。|zh
98|2|2|2|The children of Israel are to put up their tents in the order of their families, by the flags of their fathers' houses, facing the Tent of meeting on every side.|en
99|2|3|3|在東邊，向日出之地，照著軍隊安營的是猶大營的纛。有亞米拿達的兒子拿順作猶大人的首領。|zh
100|2|3|3|Those whose tents are on the east side, looking to the dawn, will be round the flag of the children of Judah, with Nahshon, the son of Amminadab, as their chief.|en
101|2|4|4|他軍隊被數的，共有七萬四千六百名。|zh
102|2|4|4|The number of his army was seventy-four thousand, six hundred.|en
103|2|5|5|挨著他安營的是以薩迦支派。有蘇押的兒子拿坦業作以薩迦人的首領。|zh
104|2|5|5|And nearest to him will be the tribe of Issachar, with Nethanel, the son of Zuar, as their chief.|en
105|2|6|6|他軍隊被數的，共有五萬四千四百名。|zh
106|2|6|6|The number of his army was fifty-four thousand, four hundred.|en
107|2|7|7|又有西布倫支派。希倫的兒子以利押作西布倫人的首領。|zh
108|2|7|7|After him, the tribe of Zebulun, with Eliab, the son of Helon, as their chief.|en
109|2|8|8|他軍隊被數的，共有五萬七千四百名。|zh
110|2|8|8|The number of his army was fifty-seven thousand, four hundred.|en
111|2|9|9|凡屬猶大營、按著軍隊被數的，共有十八萬六千四百名，要作第一隊往前行。|zh
112|2|9|9|The number of all the armies of Judah was a hundred and eighty-six thousand, four hundred. They go forward first.|en
113|2|10|10|在南邊，按著軍隊是流便營的纛。有示丟珥的兒子以利蓿作流便人的首領。|zh
114|2|10|10|On the south side is the flag of the children of Reuben, in the order of their armies, with Elizur, the son of Shedeur, as their chief.|en
115|2|11|11|他軍隊被數的，共有四萬六千五百名。|zh
116|2|11|11|The number of his army was forty-six thousand, five hundred.|en
117|2|12|12|挨著他安營的是西緬支派。蘇利沙代的兒子示路蔑作西緬人的首領。|zh
118|2|12|12|And nearest to him, the tribe of Simeon, with Shelumiel, the son of Zurishaddai, as their chief.|en
119|2|13|13|他軍隊被數的，共有五萬九千三百名。|zh
120|2|13|13|The number of his army was fifty-nine thousand, three hundred.|en
121|2|14|14|又有迦得支派。丟珥的兒子以利雅薩作迦得人的首領。|zh
122|2|14|14|Then the tribe of Gad, with Eliasaph, son of Reuel, as their chief.|en
123|2|15|15|他軍隊被數的，共有四萬五千六百五十名，|zh
124|2|15|15|The number of his army was forty-five thousand, six hundred and fifty.|en
125|2|16|16|凡屬流便營、按著軍隊被數的，共有十五萬一千四百五十名，要作第二隊往前行。|zh
126|2|16|16|The number of all the armies of Reuben together came to a hundred and fifty-one thousand, four hundred and fifty. They go forward second.|en
127|2|17|17|隨後，會幕要往前行，有利未營在諸營中間。他們怎樣安營就怎樣往前行，各按本位，各歸本纛。|zh
128|2|17|17|Then the Tent of meeting is to go forward, with the tents of the Levites, in the middle of the armies; in the same order as their tents are placed, they are to go forward, every man under his flag.|en
129|2|18|18|在西邊，按著軍隊是以法蓮營的纛。亞米忽的兒子以利沙瑪作以法蓮人的首領。|zh
130|2|18|18|On the west side will be the flag of the children of Ephraim, with Elishama, the son of Ammihud, as their chief.|en
131|2|19|19|他軍隊被數的，共有四萬零五百名。|zh
132|2|19|19|The number of his army was forty thousand, five hundred.|en
133|2|20|20|挨著他的是瑪拿西支派。比大蓿的兒子迦瑪列作瑪拿西人的首領。|zh
134|2|20|20|And by him the tribe of Manasseh with Gamaliel, the son of Pedahzur, as their chief.|en
135|2|21|21|他軍隊被數的，共有三萬二千二百名。|zh
136|2|21|21|The number of his army was thirty-two thousand, two hundred.|en
137|2|22|22|又有便雅憫支派。基多尼的兒子亞比但作便雅憫人的首領。|zh
138|2|22|22|Then the tribe of Benjamin, with Abidan, the son of Gideoni, as their chief.|en
139|2|23|23|他軍隊被數的，共有三萬五千四百名。|zh
140|2|23|23|The number of his army was thirty-five thousand, four hundred.|en
141|2|24|24|凡屬以法蓮營、按著軍隊被數的，共有十萬零八千一百名，要作第三隊往前行。|zh
142|2|24|24|The number of all the armies of Ephraim was a hundred and eight thousand, one hundred. They go forward third.|en
143|2|25|25|在北邊，按著軍隊是但營的纛。亞米沙代的兒子亞希以謝作但人的首領。|zh
144|2|25|25|On the north side will be the flag of the children of Dan, with Ahiezer, the son of Ammishaddai, as their chief.|en
145|2|26|26|他軍隊被數的，共有六萬二千七百名。|zh
146|2|26|26|The number of his army was sixty-two thousand, seven hundred.|en
147|2|27|27|挨著他安營的是亞設支派。俄蘭的兒子帕結作亞設人的首領。|zh
148|2|27|27|Nearest to him will be the tribe of Asher, with Pagiel, the son of Ochran, as their chief.|en
149|2|28|28|他軍隊被數的，共有四萬一千五百名。|zh
150|2|28|28|The number of his army was forty-one thousand, five hundred;|en
151|2|29|29|又有拿弗他利支派。以南的兒子亞希拉作拿弗他利人的首領。|zh
152|2|29|29|Then the tribe of Naphtali, with Ahira, the son of Enan, as their chief.|en
153|2|30|30|他軍隊被數的，共有五萬三千四百名。|zh
154|2|30|30|The number of his army was fifty-three thousand, four hundred.|en
155|2|31|31|凡但營被數的，共有十五萬七千六百名，要歸本纛作末隊往前行。|zh
156|2|31|31|The number of all the armies in the tents of Dan was a hundred and fifty-seven thousand, six hundred. They will go forward last, by their flags.|en
157|2|32|32|這些以色列人，照他們的宗族，按他們的軍隊，在諸營中被數的，共有六十萬零三千五百五十名。|zh
158|2|32|32|These are all who were numbered of the children of Israel, in the order of their fathers' families: all the armies in their tents together came to six hundred and three thousand, five hundred and fifty.|en
159|2|33|33|惟獨利未人沒有數在以色列人中，是照耶和華所吩咐摩西的。|zh
160|2|33|33|But the Levites were not numbered among the children of Israel, as the Lord said to Moses.|en
161|2|34|34|以色列人就這樣行，各人照他們的家室、宗族歸於本纛，安營起行，都是照耶和華所吩咐摩西的。|zh
162|2|34|34|So the children of Israel did as the Lord said to Moses, so they put up their tents by their flags, and they went forward in the same order, by their families, and by their fathers' houses.|en
163|3|1|1|耶和華在西乃山曉諭摩西的日子，亞倫和摩西的後代如下：|zh
164|3|1|1|Now these are the generations of Aaron and Moses, in the day when the word of the Lord came to Moses on Mount Sinai.|en
165|3|2|2|亞倫的兒子，長子名叫拿答，還有亞比戶、以利亞撒、以他瑪。|zh
166|3|2|2|These are the names of the sons of Aaron: Nadab the oldest, and Abihu, Eleazar, and Ithamar.|en
167|3|3|3|這是亞倫兒子的名字，都是受膏的祭司，是摩西叫他們承接聖職供祭司職分的。|zh
168|3|3|3|These are the names of the sons of Aaron, the priests, on whom the holy oil was put, who were marked out as priests.|en
169|3|4|4|拿答、亞比戶在西乃的曠野向耶和華獻凡火的時候就死在耶和華面前了。他們也沒有兒子。以利亞撒、以他瑪在他們的父親亞倫面前供祭司的職分。|zh
170|3|4|4|And Nadab and Abihu were put to death before the Lord when they made an offering of strange fire before the Lord, in the waste land of Sinai, and they had no children: and Eleazar and Ithamar did the work of priests before Aaron their father.|en
171|3|5|5|耶和華曉諭摩西說：|zh
172|3|5|5|And the Lord said to Moses,|en
173|3|6|6|你使利未支派近前來，站在祭司亞倫面前好服事他，|zh
174|3|6|6|Make the tribe of Levi come near, and put them before Aaron the priest, to be his helpers,|en
175|3|7|7|替他和會眾在會幕前守所吩咐的，辦理帳幕的事。|zh
176|3|7|7|In order that they may be responsible to him and to all Israel for the care of the Tent of meeting, and to do the work of the House;|en
177|3|8|8|又要看守會幕的器具，並守所吩咐以色列人的，辦理帳幕的事。|zh
178|3|8|8|And they will have the care of all the vessels of the Tent of meeting, and will do for the children of Israel all the necessary work of the House.|en
179|3|9|9|你要將利未人給亞倫和他的兒子，因為他們是從以色列人中選出來給他的。|zh
180|3|9|9|Give the Levites to Aaron and his sons; so that they may be his without question from among the children of Israel.|en
181|3|10|10|你要囑咐亞倫和他的兒子謹守自己祭司的職任。近前來的外人必被治死。|zh
182|3|10|10|And give orders that Aaron and his sons are to keep their place as priests; any strange person who comes near is to be put to death.|en
183|3|11|11|耶和華曉諭摩西說：|zh
184|3|11|11|And the Lord said to Moses,|en
185|3|12|12|我從以色列人中揀選了利未人，代替以色列人一切頭生的；利未人要歸我。|zh
186|3|12|12|See, I have taken the Levites out of the children of Israel to be mine in place of the first sons of the children of Israel;|en
187|3|13|13|因為凡頭生的是我的；我在埃及地擊殺一切頭生的那日就把以色列中一切頭生的，連人帶牲畜都分別為聖歸我；他們定要屬我。我是耶和華。|zh
188|3|13|13|For all the first sons are mine; on the day when I put to death all the first sons in the land of Egypt, I took for myself every first male birth of man and beast. They are mine; I am the Lord.|en
189|3|14|14|耶和華在西乃的曠野曉諭摩西說：|zh
190|3|14|14|And the Lord said to Moses in the waste land of Sinai,|en
191|3|15|15|你要照利未人的宗族、家室數點他們。凡一個月以外的男子都要數點。|zh
192|3|15|15|Let all the children of Levi be numbered by their families and their fathers' houses; let every male of a month old and over be numbered.|en
193|3|16|16|於是摩西照耶和華所吩咐的數點他們。|zh
194|3|16|16|So Moses did as the Lord said, numbering them as he had been ordered.|en
195|3|17|17|利未眾子的名字是革順、哥轄、米拉利。|zh
196|3|17|17|These were the sons of Levi by name: Gershon and Kohath and Merari.|en
197|3|18|18|革順的兒子，按著家室，是立尼、示每。|zh
198|3|18|18|And these are the names of the sons of Gershon, by their families: Libni and Shimei.|en
199|3|19|19|哥轄的兒子，按著家室，是暗蘭、以斯哈、希伯倫、烏薛。|zh
200|3|19|19|And the sons of Kohath, by their families: Amram and Izhar and Hebron and Uzziel.|en
201|3|20|20|米拉利的兒子，按著家室，是抹利、母示。這些按著宗族是利未人的家室。|zh
202|3|20|20|And the sons of Merari by their families: Mahli and Mushi. These are the families of the Levites in the order of their fathers' houses.|en
203|3|21|21|屬革順的，有立尼族、示每族。這是革順的二族。|zh
204|3|21|21|From Gershon come the Libnites and the Shimeites; these are the families of the Gershonites.|en
205|3|22|22|其中被數、從一個月以外所有的男子共有七千五百名。|zh
206|3|22|22|Those who were numbered of them, the males from one month old and over, were seven thousand, five hundred.|en
207|3|23|23|這革順的二族要在帳幕後西邊安營。|zh
208|3|23|23|The tents of the Gershonites are to be placed at the back of the House, to the west.|en
209|3|24|24|拉伊勒的兒子以利雅薩作革順人宗族的首領。|zh
210|3|24|24|The chief of the Gershonites is Eliasaph, the son of Lael.|en
211|3|25|25|革順的子孫在會幕中所要看守的，就是帳幕和罩棚，並罩棚的蓋與會幕的門簾，|zh
212|3|25|25|In the Tent of meeting, the Gershonites are to have the care of the House, and the Tent with its cover, and the veil for the door of the Tent of meeting,|en
213|3|26|26|院子的帷子和門簾（院子是圍帳幕和壇的），並一切使用的繩子。|zh
214|3|26|26|And the hangings for the open space round the House and the altar, and the curtain for its doorway, and all the cords needed for its use.|en
215|3|27|27|屬哥轄的，有暗蘭族、以斯哈族、希伯倫族、烏薛族。這是哥轄的諸族。|zh
216|3|27|27|From Kohath come the Amramites and the Izharites and the Hebronites and the Uzzielites; these are the families of the Kohathites.|en
217|3|28|28|按所有男子的數目，從一個月以外看守聖所的，共有八千六百名。|zh
218|3|28|28|Those who were numbered of them, the males from one month old and over, were eight thousand, six hundred, who were responsible for the care of the holy place.|en
219|3|29|29|哥轄兒子的諸族要在帳幕的南邊安營。|zh
220|3|29|29|The tents of the Kohathites are to be placed on the south side of the House.|en
221|3|30|30|烏薛的兒子以利撒反作哥轄宗族家室的首領。|zh
222|3|30|30|Their chief is Elizaphan, the son of Uzziel.|en
223|3|31|31|他們所要看守的是約櫃、桌子、燈臺、兩座壇與聖所內使用的器皿，並簾子和一切使用之物。|zh
224|3|31|31|In their care are the ark, and the table, and the lights, and the altars, and all the vessels used in the holy place, and the veil, and all they are used for.|en
225|3|32|32|祭司亞倫的兒子以利亞撒作利未人眾首領的領袖，要監察那些看守聖所的人。|zh
226|3|32|32|Eleazar, the son of Aaron the priest, will be head over all the Levites and overseer of those responsible for the care of the holy place.|en
227|3|33|33|屬米拉利的，有抹利族、母示族。這是米拉利的二族。|zh
228|3|33|33|From Merari come the Mahlites and the Mushites; these are the families of Merari.|en
229|3|34|34|他們被數的，按所有男子的數目，從一個月以外的，共有六千二百名。|zh
230|3|34|34|Those who were numbered of them, the males of a month old and over, were six thousand, two hundred.|en
231|3|35|35|亞比亥的兒子蘇列作米拉利二宗族的首領。他們要在帳幕的北邊安營。|zh
232|3|35|35|The chief of the families of Merari was Zuriel, the son of Abihail: their tents are to be placed on the north side of the House.|en
233|3|36|36|米拉利子孫的職分是看守帳幕的板、閂、柱子、帶卯的座，和帳幕一切所使用的器具，|zh
234|3|36|36|And in their care are to be all the boards of the Tent, with their rods and pillars and bases, and all the instruments, and all they are used for,|en
235|3|37|37|院子四圍的柱子、帶卯的座、橛子，和繩子。|zh
236|3|37|37|And the pillars of the open space round it, with their bases and nails and cords.|en
237|3|38|38|在帳幕前東邊，向日出之地安營的是摩西、亞倫，和亞倫的兒子。他們看守聖所，替以色列人守耶和華所吩咐的。近前來的外人必被治死。|zh
238|3|38|38|And those whose tents are to be placed on the east side of the House in front of the Tent of meeting, looking to the dawn, are Moses and Aaron and his sons, who will do the work of the holy place for the children of Israel; and any strange person who comes near will be put to death.|en
239|3|39|39|凡被數的利未人，就是摩西、亞倫照耶和華吩咐所數的，按著家室，從一個月以外的男子，共有二萬二千名。|zh
240|3|39|39|All the Levites numbered by Moses and Aaron at the order of the Lord, all the males of one month old and over numbered in the order of their families, were twenty-two thousand.|en
241|3|40|40|耶和華對摩西說：你要從以色列人中數點一個月以外、凡頭生的男子，把他們的名字記下。|zh
242|3|40|40|And the Lord said to Moses, Let all the first male children be numbered, and take the number of their names.|en
243|3|41|41|我是耶和華。你要揀選利未人歸我，代替以色列人所有頭生的，也取利未人的牲畜代替以色列所有頭生的牲畜。|zh
244|3|41|41|And give to me the Levites (I am the Lord) in place of the first sons of the children of Israel; and the cattle of the Levites in place of the first births among the cattle of the children of Israel.|en
245|3|42|42|摩西就照耶和華所吩咐的把以色列人頭生的都數點了。|zh
246|3|42|42|So Moses had all the first sons among the children of Israel numbered, as the Lord said to him.|en
247|3|43|43|按人名的數目，從一個月以外、凡頭生的男子，共有二萬二千二百七十三名。|zh
248|3|43|43|Every first son from a month old and over was numbered by name, and the number came to twenty-two thousand, two hundred and seventy-three.|en
249|3|44|44|耶和華曉諭摩西說：|zh
250|3|44|44|And the Lord said to Moses,|en
251|3|45|45|你揀選利未人代替以色列人所有頭生的，也取利未人的牲畜代替以色列人的牲畜。利未人要歸我；我是耶和華。|zh
252|3|45|45|Take the Levites in place of all the first sons of the children of Israel, and the cattle of the Levites in place of their cattle; the Levites are to be mine; I am the Lord.|en
253|3|46|46|以色列人中頭生的男子比利未人多二百七十三個，必當將他們贖出來。|zh
254|3|46|46|And the price you have to give for the two hundred and seventy-three first sons of the children of Israel which are in addition to the number of the Levites,|en
255|3|47|47|你要按人丁，照聖所的平，每人取贖銀五舍客勒（一舍客勒是二十季拉），|zh
256|3|47|47|Will be five shekels for every one, by the scale of the holy place (the shekel is twenty gerahs);|en
257|3|48|48|把那多餘之人的贖銀交給亞倫和他的兒子。|zh
258|3|48|48|And this money, the price of those over the number of the Levites, is to be given to Aaron and his sons.|en
259|3|49|49|於是摩西從那被利未人所贖以外的人取了贖銀。|zh
260|3|49|49|So Moses took the money, the price of those whose place had not been taken by the Levites;|en
261|3|50|50|從以色列人頭生的所取之銀，按聖所的平，有一千三百六十五舍客勒。|zh
262|3|50|50|From the first sons of Israel he took it, a thousand, three hundred and sixty-five shekels, by the scale of the holy place;|en
263|3|51|51|摩西照耶和華的話把這贖銀給亞倫和他的兒子，正如耶和華所吩咐的。|zh
264|3|51|51|And he gave the money to Aaron and his sons, as the Lord had said.|en
265|4|1|1|耶和華曉諭摩西、亞倫說：|zh
266|4|1|1|And the Lord said to Moses and Aaron,|en
267|4|2|2|你從利未人中，將哥轄子孫的總數，照他們的家室、宗族，|zh
268|4|2|2|Let the sons of Kohath, from among the sons of Levi, be numbered by their families, in the order of their fathers' houses;|en
269|4|3|3|從三十歲直到五十歲，凡前來任職、在會幕裡辦事的，全都計算。|zh
270|4|3|3|All those from thirty to fifty years old who are able to do the work of the Tent of meeting.|en
271|4|4|4|哥轄子孫在會幕搬運至聖之物，所辦的事乃是這樣：|zh
272|4|4|4|And this is to be the work of the sons of Kohath in connection with the most holy things.|en
273|4|5|5|起營的時候，亞倫和他兒子要進去摘下遮掩櫃的幔子，用以蒙蓋法櫃，|zh
274|4|5|5|When all the people go forward, Aaron is to go in with his sons, and take down the veil of the curtain, covering the ark of witness with it;|en
275|4|6|6|又用海狗皮蓋在上頭，再蒙上純藍色的毯子，把杠穿上。|zh
276|4|6|6|And putting over it the leather cover and over that a blue cloth; and putting its rods in place.|en
277|4|7|7|又用藍色毯子鋪在陳設餅的桌子上，將盤子、調羹、奠酒的爵，和杯擺在上頭。桌子上也必有常設的餅。|zh
278|4|7|7|And on the table of the holy bread they are to put a blue cloth, and on it all the vessels, the spoons and the basins and the cups; and the holy bread with them;|en
279|4|8|8|在其上又要蒙朱紅色的毯子，再蒙上海狗皮，把杠穿上。|zh
280|4|8|8|And over them they are to put a red cloth, covering it with a leather cover, and putting its rods in their places.|en
281|4|9|9|要拿藍色毯子，把燈臺和燈臺上所用的燈盞、剪子、蠟花盤，並一切盛油的器皿，全都遮蓋。|zh
282|4|9|9|And they are to take a blue cloth, covering with it the light-support with its lights and its instruments and its trays and all the oil vessels which are used for it:|en
283|4|10|10|又要把燈臺和燈臺的一切器具包在海狗皮裡，放在抬架上。|zh
284|4|10|10|All these they are to put in a leather cover, and put it on the frame.|en
285|4|11|11|在金壇上要鋪藍色毯子，蒙上海狗皮，把杠穿上。|zh
286|4|11|11|On the gold altar they are to put a blue cloth, covering it with a leather cover; and they are to put its rods in their places.|en
287|4|12|12|又要把聖所用的一切器具包在藍色毯子裡，用海狗皮蒙上，放在抬架上。|zh
288|4|12|12|All the vessels which are used in the holy place they are to put in a blue cloth, covering them with a leather cover, and put them on the frame.|en
289|4|13|13|要收去壇上的灰，把紫色毯子鋪在壇上；|zh
290|4|13|13|And they are to take away the burned waste from the altar, and put a purple cloth on it;|en
291|4|14|14|又要把所用的一切器具，就是火鼎、肉鍤子、鏟子、盤子，一切屬壇的器具都擺在壇上，又蒙上海狗皮，把杠穿上。|zh
292|4|14|14|Placing on the cloth all its vessels, the fire-baskets, the meat-hooks, the spades, and the basins; all the vessels of the altar; they are to put a leather cover over all these, and put its rods in their places.|en
293|4|15|15|將要起營的時候，亞倫和他兒子把聖所和聖所的一切器具遮蓋完了，哥轄的子孫就要來抬，只是不可摸聖物，免得他們死亡。會幕裡這些物件是哥轄子孫所當抬的。|zh
294|4|15|15|And after the holy place and all its vessels have been covered up by Aaron and his sons, when the tents of the people go forward, the sons of Kohath are to come and take it up; but the holy things may not be touched by them for fear of death.|en
295|4|16|16|祭司亞倫的兒子以利亞撒所要看守的是點燈的油與香料，並當獻的素祭和膏油，也要看守全帳幕與其中所有的，並聖所和聖所的器具。|zh
296|4|16|16|And Eleazar, the son of Aaron the priest, is to be responsible for the oil for the light, and the sweet perfumes for burning, and the regular meal offering, and the holy oil; the House and the holy place and everything in it will be in his care.|en
297|4|17|17|耶和華曉諭摩西、亞倫說：|zh
298|4|17|17|And the Lord said to Moses and Aaron,|en
299|4|18|18|你們不可將哥轄人的支派從利未人中剪除。|zh
300|4|18|18|Do not let the family of the Kohathites be cut off from among the Levites;|en
301|4|19|19|他們挨近至聖物的時候，亞倫和他兒子要進去派他們各人所當辦的，所當抬的。這樣待他們，好使他們活著，不至死亡。|zh
302|4|19|19|But do this to them, so that life and not death may be theirs when they come near the most holy things; let Aaron and his sons go in and give to every one his work and that which he is to take up;|en
303|4|20|20|只是他們連片時不可進去觀看聖所，免得他們死亡。|zh
304|4|20|20|But they themselves are not to go in to see the holy place, even for a minute, for fear of death.|en
305|4|21|21|耶和華曉諭摩西說：|zh
306|4|21|21|And the Lord said to Moses,|en
307|4|22|22|你要將革順子孫的總數，照著宗族、家室，|zh
308|4|22|22|Let the sons of Gershon be numbered by families, in the order of their fathers' houses;|en
309|4|23|23|從三十歲直到五十歲，凡前來任職、在會幕裡辦事的，全都數點。|zh
310|4|23|23|All those from thirty to fifty years old who are able to do the work of the Tent of meeting.|en
311|4|24|24|革順人各族所辦的事、所抬的物乃是這樣：|zh
312|4|24|24|This is to be the work of the Gershonites, the things they are to do and take up.|en
313|4|25|25|他們要抬帳幕的幔子和會幕，並會幕的蓋與其上的海狗皮，和會幕的門簾，|zh
314|4|25|25|They are to take up the curtains of the House, and the Tent of meeting with its cover and the leather cover over it, and the hangings for the door of the Tent of meeting;|en
315|4|26|26|院子的帷子和門簾（院子是圍帳幕和壇的）、繩子，並所用的器具，不論是做甚麼用的，他們都要經理。|zh
316|4|26|26|And the hangings for the open space round the House and the altar, and the curtain for its doorway, with the cords and all the things used for them; whatever is necessary for these, they are to do.|en
317|4|27|27|革順的子孫在一切抬物辦事之上都要憑亞倫和他兒子的吩咐；他們所當抬的，要派他們看守。|zh
318|4|27|27|From the mouth of Aaron and his sons the Gershonites will have word about all the things they are to do and take up; you are to give them their orders.|en
319|4|28|28|這是革順子孫的各族在會幕裡所辦的事；他們所看守的，必在祭司亞倫兒子以他瑪的手下。|zh
320|4|28|28|This is the work of the family of the Gershonites in the Tent of meeting, and they will be under the direction of Ithamar, the son of Aaron the priest.|en
321|4|29|29|至於米拉利的子孫，你要照著家室、宗族把他們數點。|zh
322|4|29|29|The sons of Merari are to be numbered by families, in the order of their fathers' houses;|en
323|4|30|30|從三十歲直到五十歲，凡前來任職、在會幕裡辦事的，你都要數點。|zh
324|4|30|30|Every one from thirty to fifty years old who is able to do the work of the Tent of meeting.|en
325|4|31|31|他們辦理會幕的事，就是抬帳幕的板、閂、柱子，和帶卯的座，|zh
326|4|31|31|And this is their part in the work of the Tent of meeting: the transport of the boards and the rods of the Tent, with the pillars and their bases;|en
327|4|32|32|院子四圍的柱子和其上帶卯的座、橛子、繩子，並一切使用的器具。他們所抬的器具，你們要按名指定。|zh
328|4|32|32|And the pillars of the open space outside it, with their bases and their nails and cords and all the instruments used, and everything which has to be done there; all the instruments for which they are responsible are to be numbered by name.|en
329|4|33|33|這是米拉利子孫各族在會幕裡所辦的事，都在祭司亞倫兒子以他瑪的手下。|zh
330|4|33|33|This is the work which the sons of Merari are to do in connection with the Tent of meeting, under the direction of Ithamar, the son of Aaron the priest.|en
331|4|34|34|摩西、亞倫與會眾的諸首領將哥轄的子孫，照著家室、宗族，|zh
332|4|34|34|So Moses and Aaron and the chiefs of the people took in hand the numbering of the sons of the Kohathites, by families, in the order of their fathers' houses;|en
333|4|35|35|從三十歲直到五十歲，凡前來任職、在會幕裡辦事的，都數點了。|zh
334|4|35|35|Numbering all those from thirty to fifty years old who were able to do the work in the Tent of meeting;|en
335|4|36|36|被數的共有二千七百五十名。|zh
336|4|36|36|And the number of all these was two thousand, seven hundred and fifty.|en
337|4|37|37|這是哥轄各族中被數的，是在會幕裡辦事的，就是摩西、亞倫照耶和華藉摩西所吩咐數點的。|zh
338|4|37|37|This is the number of those of the Kohathites who did the work in the Tent of meeting, as they were numbered by Moses and Aaron at the order of the Lord.|en
339|4|38|38|革順子孫被數的，照著家室、宗族，|zh
340|4|38|38|And those of the sons of Gershon who were numbered by families,|en
341|4|39|39,40 |從三十歲直到五十歲，凡前來任職、在會幕裡辦事的，共有二千六百三十名。|zh
342|4|39|39|All those from thirty to fifty years old who were able to do the work in the Tent of meeting,|en
343|4|40|40|Who were numbered by families in the order of their fathers' houses, were two thousand, six hundred and thirty.|en
344|4|41|41|這是革順子孫各族中被數的，是在會幕裡辦事的，就是摩西、亞倫照耶和華藉摩西所吩咐數點的。|zh
345|4|41|41|This is the number of the sons of Gershon who did the work in the Tent of meeting, as they were numbered by Moses and Aaron at the order of the Lord.|en
346|4|42|42|米拉利子孫中各族被數的，照著家室、宗族，|zh
347|4|42|42|And those of the sons of Merari who were numbered by families, in the order of their fathers' houses,|en
348|4|43|43,44 |從三十歲直到五十歲，凡前來任職、在會幕裡辦事的，共有三千二百名。|zh
349|4|43|43|All those from thirty to fifty years old who did the work in the Tent of meeting,|en
350|4|44|44|Who were numbered by families, were three thousand, two hundred.|en
351|4|45|45|這是米拉利子孫各族中被數的，就是摩西、亞倫照耶和華藉摩西所吩咐數點的。|zh
352|4|45|45|This is the number of the sons of Merari, numbered by Moses and Aaron at the order of the Lord.|en
353|4|46|46|凡被數的利未人，就是摩西、亞倫並以色列眾首領，照著家室、宗族所數點的，|zh
354|4|46|46|And all the Levites who were numbered by Moses and Aaron and the chiefs of the people, by families, in the order of their fathers' houses,|en
355|4|47|47,48 |從三十歲直到五十歲，凡前來任職、在會幕裡做抬物之工的，共有八千五百八十名。|zh
356|4|47|47|Those from thirty to fifty years old who were able to do the work of the Tent of meeting and of its transport,|en
357|4|48|48|Came to eight thousand, five hundred and eighty.|en
358|4|49|49|摩西按他們所辦的事、所抬的物，憑耶和華的吩咐數點他們；他們這樣被摩西數點，正如耶和華所吩咐他的。|zh
359|4|49|49|At the order of the Lord they were numbered by Moses, every one in relation to his work and to his part in the transport; so they were numbered by Moses at the order of the Lord.|en
360|5|1|1|耶和華曉諭摩西說：|zh
361|5|1|1|And the Lord said to Moses,|en
362|5|2|2|你吩咐以色列人，使一切長大痲瘋的，患漏症的，並因死屍不潔淨的，都出營外去。|zh
363|5|2|2|Give orders to the children of Israel to put outside the tent-circle every leper, and anyone who has any sort of flow from his body, and anyone who is unclean from the touch of the dead;|en
364|5|3|3|無論男女都要使他們出到營外，免得污穢他們的營；這營是我所住的。|zh
365|5|3|3|Male or female they are to be put outside the tent-circle, so that they may not make unclean my resting-place among them.|en
366|5|4|4|以色列人就這樣行，使他們出到營外。耶和華怎樣吩咐摩西，以色列人就怎樣行了。|zh
367|5|4|4|So the children of Israel did as the Lord had said to Moses, and put them outside the tent-circle.|en
368|5|5|5|耶和華對摩西說：|zh
369|5|5|5|And the Lord said to Moses,|en
370|5|6|6|你曉諭以色列人說：無論男女，若犯了人所常犯的罪，以至干犯耶和華，那人就有了罪。|zh
371|5|6|6|Say to the children of Israel, If a man or a woman does any of the sins of men, going against the word of the Lord, and is in the wrong;|en
372|5|7|7|他要承認所犯的罪，將所虧負人的，如數賠還，另外加上五分之一，也歸與所虧負的人。|zh
373|5|7|7|Let them say openly what they have done; and make payment for the wrong done, with the addition of a fifth part, and give it to him to whom the wrong was done.|en
374|5|8|8|那人若沒有親屬可受所賠還的，那所賠還的就要歸與服事耶和華的祭司；至於那為他贖罪的公羊是在外。|zh
375|5|8|8|But if the man has no relation to whom the payment may be made, then the payment for sin made to the Lord will be the priest's, in addition to the sheep offered to take away his sin.|en
376|5|9|9|以色列人一切的聖物中，所奉給祭司的舉祭都要歸與祭司。|zh
377|5|9|9|And every offering lifted up of all the holy things which the children of Israel give to the priest, will be his.|en
378|5|10|10|各人所分別為聖的物，無論是甚麼，都要歸給祭司。|zh
379|5|10|10|And every man's holy things will be his: whatever a man gives to the priest will be his.|en
380|5|11|11|耶和華對摩西說：|zh
381|5|11|11|And the Lord said to Moses,|en
382|5|12|12|你曉諭以色列人說：人的妻若有邪行，得罪他丈夫，|zh
383|5|12|12|Say to the children of Israel, If any man's wife does wrong, sinning against him|en
384|5|13|13|有人與他行淫，事情嚴密，瞞過他丈夫，而且他被玷污，沒有作見證的人，當他行淫的時候也沒有被捉住，|zh
385|5|13|13|By taking as her lover another man, and keeps it secret so that her husband has no knowledge of it, and there is no witness against her, and she is not taken in the act;|en
386|5|14|14|他丈夫生了疑恨的心，疑恨他，他是被玷污，或是他丈夫生了疑恨的心，疑恨他，他並沒有被玷污，|zh
387|5|14|14|If the spirit of doubt comes into her husband's heart, and he has doubts of his wife, with good cause; or if he has doubts of her without cause:|en
388|5|15|15|這人就要將妻送到祭司那裡，又為他帶著大麥麵伊法十分之一作供物，不可澆上油，也不可加上乳香；因為這是疑恨的素祭，是思念的素祭，使人思念罪孽。|zh
389|5|15|15|Then let him take her to the priest, offering for her the tenth part of an ephah of barley meal, without oil or perfume; for it is a meal offering of a bitter spirit, a meal offering keeping wrongdoing in mind.|en
390|5|16|16|祭司要使那婦人近前來，站在耶和華面前。|zh
391|5|16|16|And the priest will make her come near and put her before the Lord;|en
392|5|17|17|祭司要把聖水盛在瓦器裡，又從帳幕的地上取點塵土，放在水中。|zh
393|5|17|17|And the priest will take holy water in a pot and put in it dust from the floor of the House;|en
394|5|18|18|祭司要叫那婦人蓬頭散髮，站在耶和華面前，把思念的素祭，就是疑恨的素祭，放在他手中。祭司手裡拿著致咒詛的苦水，|zh
395|5|18|18|And he will make the woman come before the Lord with her hair loose, and will put the meal offering, the offering of a bitter spirit, in her hands; and the priest will take in his hand the bitter water causing the curse;|en
396|5|19|19|要叫婦人起誓，對他說：若沒有人與你行淫，也未曾背著丈夫做污穢的事，你就免受這致咒詛苦水的災。|zh
397|5|19|19|And he will make her take an oath, and say to her, If no man has been your lover and you have not been with another in place of your husband, you are free from this bitter water causing the curse;|en
398|5|20|20|你若背著丈夫行了污穢的事，在你丈夫以外有人與你行淫，|zh
399|5|20|20|But if you have been with another in place of your husband and have made yourself unclean with a lover:|en
400|5|21|21|（祭司叫婦人發咒起誓），願耶和華叫你大腿消瘦，肚腹發脹，使你在你民中被人咒詛，成了誓語；|zh
401|5|21|21|Then the priest will put the oath of the curse on the woman, and say to her, May the Lord make you a curse and an oath among your people, sending on you wasting of the legs and disease of the stomach;|en
402|5|22|22|並且這致咒詛的水入你的腸中，要叫你的肚腹發脹，大腿消瘦。婦人要回答說：阿們，阿們。|zh
403|5|22|22|And this water of the curse will go into your body, causing disease of your stomach and wasting of your legs: and the woman will say, So be it.|en
404|5|23|23|祭司要寫這咒詛的話，將所寫的字抹在苦水裡，|zh
405|5|23|23|And the priest will put these curses in a book, washing out the writing with the bitter water;|en
406|5|24|24|又叫婦人喝這致咒詛的苦水；這水要進入他裡面變苦了。|zh
407|5|24|24|And he will give to the woman the bitter water for drink; and the bitter water causing the curse will go into her.|en
408|5|25|25|祭司要從婦人的手中取那疑恨的素祭，在耶和華面前搖一搖，拿到壇前；|zh
409|5|25|25|And the priest will take from her hand the meal offering of doubt, waving it before the Lord, and will take it to the altar;|en
410|5|26|26|又要從素祭中取出一把，作為這事的紀念，燒在壇上，然後叫婦人喝這水。|zh
411|5|26|26|And he will take some of it in his hand, burning it on the altar as a sign, and then he will give the woman the bitter water.|en
412|5|27|27|叫他喝了以後，他若被玷污，得罪了丈夫，這致咒詛的水必進入他裡面變苦了，他的肚腹就要發脹，大腿就要消瘦，那婦人便要在他民中被人咒詛。|zh
413|5|27|27|And it will be that if the woman has become unclean, sinning against her husband, when she has taken the bitter water it will go into her body, causing disease of the stomach and wasting of the legs, and she will be a curse among her people.|en
414|5|28|28|若婦人沒有被玷污，卻是清潔的，就要免受這災，且要懷孕。|zh
415|5|28|28|But if she is clean she will be free and will have offspring.|en
416|5|29|29|妻子背著丈夫行了污穢的事，|zh
417|5|29|29|This is the law for testing a wife who goes with another in place of her husband and becomes unclean;|en
418|5|30|30|或是人生了疑恨的心，疑恨他的妻，就有這疑恨的條例。那時他要叫婦人站在耶和華面前，祭司要在他身上照這條例而行。|zh
419|5|30|30|Or for a husband who, in a bitter spirit, has doubts in his heart about his wife; let him take her to the priest, who will put in force this law.|en
420|5|31|31|男人就為無罪，婦人必擔當自己的罪孽。|zh
421|5|31|31|Then the man will be free from all wrong, and the woman's sin will be on her.|en
422|6|1|1|耶和華對摩西說：|zh
423|6|1|1|And the Lord said to Moses,|en
424|6|2|2|你曉諭以色列人說：無論男女許了特別的願，就是拿細耳人的願（拿細耳就是歸主的意思；下同），要離俗歸耶和華。|zh
425|6|2|2|Say to the children of Israel, If a man or a woman takes an oath to keep himself separate and give himself to the Lord;|en
426|6|3|3|他就要遠離清酒濃酒，也不可喝甚麼清酒濃酒做的醋；不可喝甚麼葡萄汁，也不可吃鮮葡萄和乾葡萄。|zh
427|6|3|3|He is to keep himself from wine and strong drink, and take no mixed wine or strong drink or any drink made from grapes, or any grapes, green or dry.|en
428|6|4|4|在一切離俗的日子，凡葡萄樹上結的，自核至皮所做的物，都不可吃。|zh
429|6|4|4|All the time he is separate he may take nothing made from the grape-vine, from its seeds to its skin.|en
430|6|5|5|在他一切許願離俗的日子，不可用剃頭刀剃頭，要由髮綹長長了。他要聖潔，直到離俗歸耶和華的日子滿了。|zh
431|6|5|5|All the time he is under his oath let no blade come near his head; till the days while he is separate are ended he is holy and his hair may not be cut.|en
432|6|6|6|在他離俗歸耶和華的一切日子，不可挨近死屍。|zh
433|6|6|6|All the time he is separate he may not come near any dead body.|en
434|6|7|7|他的父母或是弟兄姊妹死了的時候，他不可因他們使自己不潔淨，因為那離俗歸神的憑據是在他頭上。|zh
435|6|7|7|He may not make himself unclean for his father or his mother, his sister or his brother, if death comes to them; because he is under an oath to keep himself separate for God.|en
436|6|8|8|在他一切離俗的日子是歸耶和華為聖。|zh
437|6|8|8|All the time he is separate he is holy to the Lord.|en
438|6|9|9|若在他旁邊忽然有人死了，以至沾染了他離俗的頭，他要在第七日，得潔淨的時候，剃頭。|zh
439|6|9|9|If death comes suddenly to a man at his side, so that he becomes unclean, let his hair be cut off on the day when he is made clean, on the seventh day.|en
440|6|10|10|第八日，他要把兩隻斑鳩或兩隻雛鴿帶到會幕門口，交給祭司。|zh
441|6|10|10|And on the eighth day let him take to the priest, at the door of the Tent of meeting, two doves or two young pigeons;|en
442|6|11|11|祭司要獻一隻作贖罪祭，一隻作燔祭，為他贖那因死屍而有的罪，並要當日使他的頭成為聖潔。|zh
443|6|11|11|And the priest will give one for a sin-offering and the other for a burned offering to take away the sin which came on him on account of the dead, and he will make his head holy that same day.|en
444|6|12|12|他要另選離俗歸耶和華的日子，又要牽一隻一歲的公羊羔來作贖愆祭；但先前的日子要歸徒然，因為他在離俗之間被玷污了。|zh
445|6|12|12|And he will give to the Lord his days of being separate, offering a he-lamb of the first year as an offering for error: but the earlier days will be a loss, because he became unclean.|en
446|6|13|13|拿細耳人滿了離俗的日子乃有這條例：人要領他到會幕門口，|zh
447|6|13|13|And this is the law for him who is separate, when the necessary days are ended: he is to come to the door of the Tent of meeting,|en
448|6|14|14|他要將供物奉給耶和華，就是一隻沒有殘疾、一歲的公羊羔作燔祭，一隻沒有殘疾、一歲的母羊羔作贖罪祭，和一隻沒有殘疾的公綿羊作平安祭，|zh
449|6|14|14|And make his offering to the Lord; one he-lamb of the first year, without a mark, for a burned offering, and one female lamb of the first year, without a mark, for a sin-offering, and one male sheep, without a mark, for peace-offerings,|en
450|6|15|15|並一筐子無酵調油的細麵餅，與抹油的無酵薄餅，並同獻的素祭和奠祭。|zh
451|6|15|15|And a basket of unleavened bread, cakes of the best meal mixed with oil, and thin unleavened cakes covered with oil, with their meal offering and drink offerings.|en
452|6|16|16|祭司要在耶和華面前獻那人的贖罪祭和燔祭；|zh
453|6|16|16|And the priest will take them before the Lord, and make his sin-offering and his burned offering;|en
454|6|17|17|也要把那隻公羊和那筐無酵餅獻給耶和華作平安祭，又要將同獻的素祭和奠祭獻上。|zh
455|6|17|17|Giving the sheep of the peace-offerings, with the basket of unleavened bread; and at the same time, the priest will make his meal offering and his drink offering.|en
456|6|18|18|拿細耳人要在會幕門口剃離俗的頭，把離俗頭上的髮放在平安祭下的火上。|zh
457|6|18|18|Then let his long hair, the sign of his oath, be cut off at the door of the Tent of meeting, and let him put it on the fire on which the peace-offerings are burning.|en
458|6|19|19|他剃了以後，祭司就要取那已煮的公羊一條前腿，又從筐子裡取一個無酵餅和一個無酵薄餅，都放在他手上。|zh
459|6|19|19|And the priest will take the cooked leg of the sheep and one unleavened cake and one thin cake out of the basket, and put them on the hands of the separate one after his hair has been cut,|en
460|6|20|20|祭司要拿這些作為搖祭，在耶和華面前搖一搖；這與所搖的胸、所舉的腿同為聖物，歸給祭司。然後拿細耳人可以喝酒。|zh
461|6|20|20|Waving them for a wave offering before the Lord; this is holy for the priest, together with the waved breast and the leg which is lifted up; after that, the man may take wine.|en
462|6|21|21|許願的拿細耳人為離俗所獻的供物，和他以外所能得的獻給耶和華，就有這條例。他怎樣許願就當照離俗的條例行。|zh
463|6|21|21|This is the law for him who takes an oath to keep himself separate, and for his offering to the Lord on that account, in addition to what he may be able to get; this is the law of his oath, which he will have to keep.|en
464|6|22|22|耶和華曉諭摩西說：|zh
465|6|22|22|And the Lord said to Moses,|en
466|6|23|23|你告訴亞倫和他兒子說：你們要這樣為以色列人祝福，說：|zh
467|6|23|23|Say to Aaron and his sons, These are the words of blessing which are to be used by you in blessing the children of Israel; say to them,|en
468|6|24|24|願耶和華賜福給你，保護你。|zh
469|6|24|24|May the Lord send his blessing on you and keep you:|en
470|6|25|25|願耶和華使他的臉光照你，賜恩給你。|zh
471|6|25|25|May the light of the Lord's face be shining on you in grace:|en
472|6|26|26|願耶和華向你仰臉，賜你平安。|zh
473|6|26|26|May the Lord's approval be resting on you and may he give you peace.|en
474|6|27|27|他們要如此奉我的名為以色列人祝福；我也要賜福給他們。|zh
475|6|27|27|So they will put my name on the children of Israel, and I will give them my blessing.|en
476|7|1|1|摩西立完了帳幕，就把帳幕用膏抹了，使他成聖，又把其中的器具和壇，並壇上的器具，都抹了，使他成聖。|zh
477|7|1|1|And when Moses had put up the House completely, and had put oil on it and made it holy, with all the things in it, and had made the altar and all its vessels holy with oil;|en
478|7|2|2|當天，以色列的眾首領，就是各族的族長，都來奉獻。他們是各支派的首領，管理那些被數的人。|zh
479|7|2|2|Then the chiefs of Israel, the heads of their fathers' houses, made offerings; these were the chiefs of the tribes, who were over those who were numbered.|en
480|7|3|3|他們把自己的供物送到耶和華面前，就是六輛篷子車和十二隻公牛。每兩個首領奉獻一輛車，每首領奉獻一隻牛。他們把這些都奉到帳幕前。|zh
481|7|3|3|And they came with their offerings before the Lord, six covered carts and twelve oxen; a cart for every two of the chiefs, and for every one an ox.|en
482|7|4|4|耶和華曉諭摩西說：|zh
483|7|4|4|And the Lord said to Moses,|en
484|7|5|5|你要收下這些，好作會幕的使用，都要照利未人所辦的事交給他們。|zh
485|7|5|5|Take the things from them, to be used for the work of the Tent of meeting; and give them to the Levites, to every man what is needed for his work.|en
486|7|6|6|於是摩西收了車和牛，交給利未人，|zh
487|7|6|6|So Moses took the carts and the oxen and gave them to the Levites.|en
488|7|7|7|把兩輛車，四隻牛，照革順子孫所辦的事交給他們，|zh
489|7|7|7|Two carts and four oxen he gave to the sons of Gershon for their work;|en
490|7|8|8|又把四輛車，八隻牛，照米拉利子孫所辦的事交給他們；他們都在祭司亞倫的兒子以他瑪手下。|zh
491|7|8|8|And four carts and eight oxen he gave to the sons of Merari for their work, under the direction of Ithamar, the son of Aaron the priest.|en
492|7|9|9|但車與牛都沒有交給哥轄子孫；因為他們辦的是聖所的事，在肩頭上抬聖物。|zh
493|7|9|9|But to the sons of Kohath he gave nothing; because they had the care of the holy place, taking it about on their backs.|en
494|7|10|10|用膏抹壇的日子，首領都來行奉獻壇的禮，眾首領就在壇前獻供物。|zh
495|7|10|10|And the chiefs gave an offering for the altar on the day when the holy oil was put on it; they made their offering before the altar.|en
496|7|11|11|耶和華對摩西說：眾首領為行奉獻壇的禮，要每天一個首領來獻供物。|zh
497|7|11|11|And the Lord said to Moses, Let every chief on his day give his offering to make the altar holy.|en
498|7|12|12|頭一日獻供物的是猶大支派的亞米拿達的兒子拿順。|zh
499|7|12|12|And he who made his offering on the first day was Nahshon, the son of Amminadab, of the tribe of Judah:|en
500|7|13|13|他的供物是：一個銀盤子，重一百三十舍客勒，一個銀碗，重七十舍客勒，都是按聖所的平，也都盛滿了調油的細麵作素祭；|zh
501|7|13|13|And his offering was one silver plate, a hundred and thirty shekels in weight, one silver basin of seventy shekels, by the scale of the holy place; the two of them full of the best meal mixed with oil for a meal offering;|en
502|7|14|14|一個金盂，重十舍客勒，盛滿了香；|zh
503|7|14|14|One gold spoon of ten shekels, full of spice for burning;|en
504|7|15|15|一隻公牛犢，一隻公綿羊，一隻一歲的公羊羔作燔祭；|zh
505|7|15|15|One young ox, one male sheep, one he-lamb of the first year, for a burned offering;|en
506|7|16|16|一隻公山羊作贖罪祭；|zh
507|7|16|16|One male of the goats for a sin-offering;|en
508|7|17|17|兩隻公牛，五隻公綿羊，五隻公山羊，五隻一歲的公羊羔作平安祭。這是亞米拿達兒子拿順的供物。|zh
509|7|17|17|And for the peace-offerings, two oxen, five male sheep, five he-goats, five he-lambs of the first year: this was the offering of Nahshon, the son of Amminadab.|en
510|7|18|18|第二日來獻的是以薩迦子孫的首領、蘇押的兒子拿坦業。|zh
511|7|18|18|On the second day Nethanel, the son of Zuar, chief of Issachar, made his offering:|en
512|7|19|19|他獻為供物的是：一個銀盤子，重一百三十舍客勒，一個銀碗，重七十舍客勒，都是按聖所的平，也都盛滿了調油的細麵作素祭；|zh
513|7|19|19|He gave one silver plate, a hundred and thirty shekels in weight, one silver basin of seventy shekels, by the scale of the holy place; the two of them full of the best meal mixed with oil for a meal offering;|en
514|7|20|20|一個金盂，重十舍客勒，盛滿了香；|zh
515|7|20|20|One gold spoon of ten shekels, full of spice;|en
516|7|21|21|一隻公牛犢，一隻公綿羊，一隻一歲的公羊羔作燔祭；|zh
517|7|21|21|One young ox, one male sheep, one he-lamb of the first year, for a burned offering;|en
518|7|22|22|一隻公山羊作贖罪祭；|zh
519|7|22|22|One male of the goats for a sin-offering;|en
520|7|23|23|兩隻公牛，五隻公綿羊，五隻公山羊，五隻一歲的公羊羔作平安祭。這是蘇押兒子拿坦業的供物。|zh
521|7|23|23|And for the peace-offerings, two oxen, five male sheep, five he-goats, five he-lambs of the first year: this was the offering of Nethanel, the son of Zuar.|en
522|7|24|24|第三日來獻的是西布倫子孫的首領、希倫的兒子以利押。|zh
523|7|24|24|On the third day Eliab, the son of Helon, chief of the children of Zebulun:|en
524|7|25|25|他的供物是：一個銀盤子，重一百三十舍客勒，一個銀碗，重七十舍客勒，都是按聖所的平，也都盛滿了調油的細麵作素祭；|zh
525|7|25|25|His offering was one silver plate, a hundred and thirty shekels in weight, one silver basin of seventy shekels, by the scale of the holy place; the two of them full of the best meal mixed with oil for a meal offering;|en
526|7|26|26|一個金盂，重十舍客勒，盛滿了香；|zh
527|7|26|26|One gold spoon of ten shekels, full of spice;|en
528|7|27|27|一隻公牛犢，一隻公綿羊，一隻一歲的公羊羔作燔祭；|zh
529|7|27|27|One young ox, one male sheep, one he-lamb of the first year, for a burned offering;|en
530|7|28|28|一隻公山羊作贖罪祭；|zh
531|7|28|28|One male of the goats for a sin-offering;|en
532|7|29|29|兩隻公牛，五隻公綿羊，五隻公山羊，五隻一歲的公羊羔作平安祭。這是希倫兒子以利押的供物。|zh
533|7|29|29|And for the peace-offerings, two oxen, five male sheep, five he-goats, five he-lambs of the first year: this was the offering of Eliab, the son of Helon.|en
534|7|30|30|第四日來獻的是流便子孫的首領、示丟珥的兒子以利蓿。|zh
535|7|30|30|On the fourth day Elizur, the son of Shedeur, chief of the children of Reuben:|en
536|7|31|31|他的供物是：一個銀盤子，重一百三十舍客勒，一個銀碗，重七十舍客勒，都是按聖所的平，也都盛滿了調油的細麵作素祭；|zh
537|7|31|31|His offering was one silver plate, a hundred and thirty shekels in weight, one silver basin of seventy shekels, by the scale of the holy place; the two of them full of the best meal mixed with oil for a meal offering;|en
538|7|32|32|一個金盂，重十舍客勒，盛滿了香；|zh
539|7|32|32|One gold spoon of ten shekels, full of spice;|en
540|7|33|33|一隻公牛犢，一隻公綿羊，一隻一歲的公羊羔作燔祭；|zh
541|7|33|33|One young ox, one male sheep, one he-lamb of the first year, for a burned offering;|en
542|7|34|34|一隻公山羊作贖罪祭；|zh
543|7|34|34|One male of the goats for a sin-offering;|en
544|7|35|35|兩隻公牛，五隻公綿羊，五隻公山羊，五隻一歲的公羊羔作平安祭。這是示丟珥的兒子以利蓿的供物。|zh
545|7|35|35|And for the peace-offerings, two oxen, five male sheep, five he-goats, five he-lambs of the first year: this was the offering of Elizur, the son of Shedeur.|en
546|7|36|36|第五日來獻的是西緬子孫的首領、蘇利沙代的兒子示路蔑。|zh
547|7|36|36|On the fifth day Shelumiel, the son of Zurishaddai, chief of the children of Simeon:|en
548|7|37|37|他的供物是：一個銀盤子，重一百三十舍客勒，一個銀碗，重七十舍客勒，都是按聖所的平，也都盛滿了調油的細麵作素祭；|zh
549|7|37|37|His offering was one silver plate, a hundred and thirty shekels in weight, one silver basin of seventy shekels, by the scale of the holy place; the two of them full of the best meal mixed with oil for a meal offering;|en
550|7|38|38|一個金盂，重十舍客勒，盛滿了香；|zh
551|7|38|38|One gold spoon of ten shekels, full of spice;|en
552|7|39|39|一隻公牛犢，一隻公綿羊，一隻一歲的公羊羔作燔祭；|zh
553|7|39|39|One young ox, one male sheep, one he-lamb of the first year, for a burned offering;|en
554|7|40|40|一隻公山羊作贖罪祭；|zh
555|7|40|40|One male of the goats for a sin-offering;|en
556|7|41|41|兩隻公牛，五隻公綿羊，五隻公山羊，五隻一歲的公羊羔作平安祭。這是蘇利沙代兒子示路蔑的供物。|zh
557|7|41|41|And for the peace-offerings, two oxen, five male sheep, five he-goats, five he-lambs of the first year: this was the offering of Shelumiel, the son of Zurishaddai.|en
558|7|42|42|第六日來獻的是迦得子孫的首領、丟珥的兒子以利雅薩。|zh
559|7|42|42|On the sixth day Eliasaph, the son of Reuel, chief of the children of Gad:|en
560|7|43|43|他的供物是：一個銀盤子，重一百三十舍客勒，一個銀碗，重七十舍客勒，都是按聖所的平，也都盛滿了調油的細麵作素祭；|zh
561|7|43|43|His offering was one silver plate, a hundred and thirty shekels in weight, one silver basin of seventy shekels, by the scale of the holy place; the two of them full of the best meal mixed with oil for a meal offering;|en
562|7|44|44|一個金盂，重十舍客勒，盛滿了香；|zh
563|7|44|44|One gold spoon of ten shekels, full of spice;|en
564|7|45|45|一隻公牛犢，一隻公綿羊，一隻一歲的公羊羔作燔祭；|zh
565|7|45|45|One young ox, one male sheep, one he-lamb of the first year, for a burned offering;|en
566|7|46|46|一隻公山羊作贖罪祭；|zh
567|7|46|46|One male of the goats for a sin-offering;|en
568|7|47|47|兩隻公牛，五隻公綿羊，五隻公山羊，五隻一歲的公羊羔作平安祭。這是丟珥的兒子以利雅薩的供物。|zh
569|7|47|47|And for the peace-offerings, two oxen, five male sheep, five he-goats, five he-lambs of the first year: this was the offering of Eliasaph, the son of Reuel|en
570|7|48|48|第七日來獻的是以法蓮子孫的首領、亞米忽的兒子以利沙瑪。|zh
571|7|48|48|On the seventh day Elishama, the son of Ammihud, chief of the children of Ephraim:|en
572|7|49|49|他的供物是：一個銀盤子，重一百三十舍客勒，一個銀碗，重七十舍客勒，都是按聖所的平，也都盛滿了調油的細麵作素祭；|zh
573|7|49|49|His offering was one silver plate, a hundred and thirty shekels in weight, one silver basin of seventy shekels, by the scale of the holy place; the two of them full of the best meal mixed with oil for a meal offering;|en
574|7|50|50|一個金盂，重十舍客勒，盛滿了香；|zh
575|7|50|50|One gold spoon of ten shekels, full of spice;|en
576|7|51|51|一隻公牛犢，一隻公綿羊，一隻一歲的公羊羔作燔祭；|zh
577|7|51|51|One young ox, one male sheep, one he-lamb of the first year, for a burned offering;|en
578|7|52|52|一隻公山羊作贖罪祭；|zh
579|7|52|52|One male of the goats for a sin-offering;|en
580|7|53|53|兩隻公牛，五隻公綿羊，五隻公山羊，五隻一歲的公羊羔作平安祭。這是亞米忽兒子以利沙瑪的供物。|zh
581|7|53|53|And for the peace-offerings, two oxen, five male sheep, five he-goats, five he-lambs of the first year: this was the offering of Elishama, the son of Ammihud.|en
582|7|54|54|第八日來獻的是瑪拿西子孫的首領、比大蓿的兒子迦瑪列。|zh
583|7|54|54|On the eighth day Gamaliel, the son of Pedahzur, chief of the children of Manasseh:|en
584|7|55|55|他的供物是：一個銀盤子，重一百三十舍客勒，一個銀碗，重七十舍客勒，都是按聖所的平，也都盛滿了調油的細麵作素祭；|zh
585|7|55|55|His offering was one silver plate, a hundred and thirty shekels in weight, one silver basin of seventy shekels, by the scale of the holy place; the two of them full of the best meal mixed with oil for a meal offering;|en
586|7|56|56|一個金盂，重十舍客勒，盛滿了香；|zh
587|7|56|56|One gold spoon of ten shekels, full of spice;|en
588|7|57|57|一隻公牛犢，一隻公綿羊，一隻一歲的公羊羔作燔祭；|zh
589|7|57|57|One young ox, one male sheep, one he-lamb of the first year, for a burned offering;|en
590|7|58|58|一隻公山羊作贖罪祭；|zh
591|7|58|58|One male of the goats for a sin-offering;|en
592|7|59|59|兩隻公牛，五隻公綿羊，五隻公山羊，五隻一歲的公羊羔作平安祭。這是比大蓿兒子迦瑪列的供物。|zh
593|7|59|59|And for the peace-offerings, two oxen, five male sheep, five he-goats, five he-lambs of the first year: this was the offering of Gamaliel, the son of Pedahzur.|en
594|7|60|60|第九日來獻的是便雅憫子孫的首領、基多尼的兒子亞比但。|zh
595|7|60|60|On the ninth day Abidan, the son of Gideoni, chief of the children of Benjamin:|en
596|7|61|61|他的供物是：一個銀盤子，重一百三十舍客勒，一個銀碗，重七十舍客勒，都是按聖所的平，也都盛滿了調油的細麵作素祭；|zh
597|7|61|61|His offering was one silver plate, a hundred and thirty shekels in weight, one silver basin of seventy shekels, by the scale of the holy place; the two of them full of the best meal mixed with oil for a meal offering;|en
598|7|62|62|一個金盂，重十舍客勒，盛滿了香；|zh
599|7|62|62|One gold spoon of ten shekels, full of spice;|en
600|7|63|63|一隻公牛犢，一隻公綿羊，一隻一歲的公羊羔作燔祭；|zh
601|7|63|63|One young ox, one male sheep, one he-lamb of the first year for a burned offering;|en
602|7|64|64|一隻公山羊作贖罪祭；|zh
603|7|64|64|One male of the goats for a sin-offering;|en
604|7|65|65|兩隻公牛，五隻公綿羊，五隻公山羊，五隻一歲的公羊羔作平安祭。這是基多尼兒子亞比但的供物。|zh
605|7|65|65|And for the peace-offerings, two oxen, five male sheep, five he-goats, five he-lambs of the first year: this was the offering of Abidan, the son of Gideoni.|en
606|7|66|66|第十日來獻的是但子孫的首領、亞米沙代的兒子亞希以謝。|zh
607|7|66|66|On the tenth day Ahiezer; the son of Ammishaddai, chief of the children of Dan:|en
608|7|67|67|他的供物是：一個銀盤子，重一百三十舍客勒，一個銀碗，重七十舍客勒，都是按聖所的平，也都盛滿了調油的細麵作素祭；|zh
609|7|67|67|His offering was one silver plate, a hundred and thirty shekels in weight, one silver basin of seventy shekels, by the scale of the holy place; the two of them full of the best meal mixed with oil for a meal offering;|en
610|7|68|68|一個金盂，重十舍客勒，盛滿了香；|zh
611|7|68|68|One gold spoon of ten shekels, full of spice;|en
612|7|69|69|一隻公牛犢，一隻公綿羊，一隻一歲的公羊羔作燔祭；|zh
613|7|69|69|One young ox, one male sheep, one he-lamb of the first year, for a burned offering;|en
614|7|70|70|一隻公山羊作贖罪祭；|zh
615|7|70|70|One male of the goats for a sin-offering;|en
616|7|71|71|兩隻公牛，五隻公綿羊，五隻公山羊，五隻一歲的公羊羔作平安祭。這是亞米沙代兒子亞希以謝的供物。|zh
617|7|71|71|And for the peace-offerings, two oxen, five male sheep, five he-goats, five he-lambs of the first year: this was the offering of Ahiezer, the son of Ammishaddai.|en
618|7|72|72|第十一日來獻的是亞設子孫的首領、俄蘭的兒子帕結。|zh
619|7|72|72|On the eleventh day Pagiel, the son of Ochran, chief of the children of Asher:|en
620|7|73|73|他的供物是：一個銀盤子，重一百三十舍客勒，一個銀碗，重七十舍客勒，都是按聖所的平，也都盛滿了調油的細麵作素祭；|zh
621|7|73|73|His offering was one silver plate; a hundred and thirty shekels in weight, one silver basin of seventy shekels, by the scale of the holy place; the two of them full of the best meal mixed with oil for a meal offering;|en
622|7|74|74|一個金盂，重十舍客勒，盛滿了香；|zh
623|7|74|74|One gold spoon of ten shekels, full of spice;|en
624|7|75|75|一隻公牛犢，一隻公綿羊，一隻一歲的公羊羔作燔祭；|zh
625|7|75|75|One young ox, one male sheep, one he-lamb of the first year, for a burned offering;|en
626|7|76|76|一隻公山羊作贖罪祭；|zh
627|7|76|76|One male of the goats for a sin-offering;|en
628|7|77|77|兩隻公牛，五隻公綿羊，五隻公山羊，五隻一歲的公羊羔作平安祭。這是俄蘭兒子帕結的供物。|zh
629|7|77|77|And for the peace-offerings, two oxen, five male sheep, five he-goats, five he-lambs of the first year: this was the offering of Pagiel, the son of Ochran.|en
630|7|78|78|第十二日來獻的是拿弗他利子孫的首領、以南兒子亞希拉。|zh
631|7|78|78|On the twelfth day Ahira, the son of Enan, chief of the children of Naphtali:|en
632|7|79|79|他的供物是：一個銀盤子，重一百三十舍客勒，一個銀碗，重七十舍客勒，都是按聖所的平，也都盛滿了調油的細麵作素祭；|zh
633|7|79|79|His offering was one silver plate, a hundred and thirty shekels in weight, one silver basin of seventy shekels, by the scale of the holy place; the two of them full of the best meal mixed with oil for a meal offering;|en
634|7|80|80|一個金盂，重十舍客勒，盛滿了香；|zh
635|7|80|80|One gold spoon of ten shekels, full of spice;|en
636|7|81|81|一隻公牛犢，一隻公綿羊，一隻一歲的公羊羔作燔祭；|zh
637|7|81|81|One young ox, one male sheep, one he-lamb of the first year, for a burned offering;|en
638|7|82|82|一隻公山羊作贖罪祭；|zh
639|7|82|82|One male of the goats for a sin-offering;|en
640|7|83|83|兩隻公牛，五隻公綿羊，五隻公山羊，五隻一歲的公羊羔作平安祭。這是以南兒子亞希拉的供物。|zh
641|7|83|83|And for the peace-offerings, two oxen, five male sheep, five he-goats, five he-lambs of the first year: this was the offering of Ahira, the son of Enan.|en
642|7|84|84|用膏抹壇的日子，以色列的眾首領為行獻壇之禮所獻的是：銀盤子十二個，銀碗十二個，金盂十二個；|zh
643|7|84|84|These were the offerings given for the altar by the chiefs of Israel, when the holy oil was put on it: twelve silver plates, twelve silver basins, twelve gold spoons;|en
644|7|85|85|每盤子重一百三十舍客勒，每碗重七十舍客勒。一切器皿的銀子，按聖所的平，共有二千四百舍客勒。|zh
645|7|85|85|The weight of every silver plate was a hundred and thirty shekels, and of every basin seventy; the weight of all the silver of the vessels was two thousand and four hundred shekels, by the scale of the holy place;|en
646|7|86|86|十二個金盂盛滿了香，按聖所的平，每盂重十舍客勒，所有的金子共一百二十舍客勒。|zh
647|7|86|86|The weight of the twelve gold spoons of spice for burning was ten shekels for every one, by the scale of the holy place; all the gold of the spoons was a hundred and twenty shekels;|en
648|7|87|87|作燔祭的，共有公牛十二隻，公羊十二隻，一歲的公羊羔十二隻，並同獻的素祭作贖罪祭的公山羊十二隻；|zh
649|7|87|87|All the oxen, for the burned offering were twelve, the male sheep twelve, the he-lambs of the first year twelve, with their meal offering; and the males of the goats for sin-offering twelve;|en
650|7|88|88|作平安祭的，共有公牛二十四隻，公綿羊六十隻，公山羊六十隻，一歲的公羊羔六十隻。這就是用膏抹壇之後，為行奉獻壇之禮所獻的。|zh
651|7|88|88|And all the oxen for the peace-offerings, twenty-four oxen, the male sheep sixty, and the he-goats sixty, the he-lambs of the first year sixty. This was given for the altar after the holy oil was put on it.|en
652|7|89|89|摩西進會幕要與耶和華說話的時候，聽見法櫃的施恩座以上、二基路伯中間有與他說話的聲音，就是耶和華與他說話。|zh
653|7|89|89|And when Moses went into the Tent of meeting to have talk with him, then the Voice came to his ears from over the cover which was on the ark of witness, from between the two winged ones. And he had talk with him.|en
654|8|1|1|耶和華曉諭摩西說：|zh
655|8|1|1|And the Lord said to Moses,|en
656|8|2|2|你告訴亞倫說：點燈的時候，七盞燈都要向燈臺前面發光。|zh
657|8|2|2|Say to Aaron, When you put the lights in their places, the seven lights will give light in front of the support.|en
658|8|3|3|亞倫便這樣行。他點燈臺上的燈，使燈向前發光，是照耶和華所吩咐摩西的。|zh
659|8|3|3|And Aaron did so; he put the lights in their places so that they gave light in front of the support, as the Lord gave orders to Moses.|en
660|8|4|4|這燈臺的作法是用金子錘出來的，連座帶花都是錘出來的。摩西製造燈臺，是照耶和華所指示的樣式。|zh
661|8|4|4|The support for the lights was of hammered gold work, from its base to its flowers it was of hammered work; from the design which the Lord had given to Moses, he made the support for the lights.|en
662|8|5|5|耶和華曉諭摩西說：|zh
663|8|5|5|And the Lord said to Moses,|en
664|8|6|6|你從以色列人中選出利未人來，潔淨他們。|zh
665|8|6|6|Take the Levites out from among the children of Israel and make them clean.|en
666|8|7|7|潔淨他們當這樣行：用除罪水彈在他們身上，又叫他們用剃頭刀刮全身，洗衣服，潔淨自己。|zh
667|8|7|7|And this is how you are to make them clean: let the holy water which takes away sin be put on them, and let the hair all over their bodies be cut off with a sharp blade, and let their clothing be washed and their bodies made clean.|en
668|8|8|8|然後叫他們取一隻公牛犢，並同獻的素祭，就是調油的細麵；你要另取一隻公牛犢作贖罪祭。|zh
669|8|8|8|Then let them take a young ox and its meal offering, crushed grain mixed with oil, and take another ox for a sin-offering.|en
670|8|9|9|將利未人奉到會幕前，招聚以色列全會眾。|zh
671|8|9|9|And make the Levites come forward in front of the Tent of meeting, and let all the children of Israel come together:|en
672|8|10|10|將利未人奉到耶和華面前，以色列人要按手在他們頭上。|zh
673|8|10|10|And you are to take the Levites before the Lord: and the children of Israel are to put their hands on them:|en
674|8|11|11|亞倫也將他們奉到耶和華面前，為以色列人當作搖祭，使他們好辦耶和華的事。|zh
675|8|11|11|And Aaron is to give the Levites to the Lord as a wave offering from the children of Israel, so that they may do the Lord's work.|en
676|8|12|12|利未人要按手在那兩隻牛的頭上；你要將一隻作贖罪祭，一隻作燔祭，獻給耶和華，為利未人贖罪。|zh
677|8|12|12|And the Levites are to put their hands on the heads of the oxen, and one of the oxen is to be offered for a sin-offering and the other for a burned offering to the Lord to take away the sin of the Levites.|en
678|8|13|13|你也要使利未人站在亞倫和他兒子面前，將他們當作搖祭奉給耶和華。|zh
679|8|13|13|Then the Levites are to be put before Aaron and his sons, to be offered as a wave offering to the Lord.|en
680|8|14|14|這樣，你從以色列人中將利未人分別出來，利未人便要歸我。|zh
681|8|14|14|So you are to make the Levites separate from the children of Israel, and the Levites will be mine.|en
682|8|15|15|此後利未人要進去辦會幕的事，你要潔淨他們，將他們當作搖祭奉上；|zh
683|8|15|15|After that, the Levites will go in to do whatever has to be done in the Tent of meeting; you are to make them clean and give them as a wave offering.|en
684|8|16|16|因為他們是從以色列人中全然給我的，我揀選他們歸我，是代替以色列人中一切頭生的。|zh
685|8|16|16|For they have been given to me from among the children of Israel; in place of every mother's first son, the first to come to birth in Israel, I have taken them for myself.|en
686|8|17|17|以色列人中一切頭生的，連人帶牲畜，都是我的。我在埃及地擊殺一切頭生的那天，將他們分別為聖歸我。|zh
687|8|17|17|For every mother's first son among the children of Israel is mine, the first male birth of man or beast: on the day when I sent death on all the first sons in the land of Egypt, I made them mine.|en
688|8|18|18|我揀選利未人代替以色列人中一切頭生的。|zh
689|8|18|18|And in place of the first sons among the children of Israel, I have taken the Levites.|en
690|8|19|19|我從以色列人中將利未人當作賞賜給亞倫和他的兒子，在會幕中辦以色列人的事，又為以色列人贖罪，免得他們挨近聖所，有災殃臨到他們中間。|zh
691|8|19|19|And I have given them to Aaron and to his sons, from among the children of Israel, to undertake for them all the work of the Tent of meeting, and to take away sin from the children of Israel so that no evil may come on them when they come near the holy place.|en
692|8|20|20|摩西、亞倫，並以色列全會眾便向利未人如此行。凡耶和華指著利未人所吩咐摩西的，以色列人就向他們這樣行。|zh
693|8|20|20|All these things Moses and Aaron and the children of Israel did to the Levites; as the Lord gave orders to Moses about the Levites, so the children of Israel did.|en
694|8|21|21|於是利未人潔淨自己，除了罪，洗了衣服；亞倫將他們當作搖祭奉到耶和華面前，又為他們贖罪，潔淨他們。|zh
695|8|21|21|And the Levites were made clean from sin, and their clothing was washed, and Aaron gave them for a wave offering before the Lord; and Aaron took away their sin and made them clean.|en
696|8|22|22|然後利未人進去，在亞倫和他兒子面前，在會幕中辦事。耶和華指著利未人怎樣吩咐摩西，以色列人就怎樣向他們行了。|zh
697|8|22|22|And then the Levites went in to do their work in the Tent of meeting before Aaron and his sons: all the orders which the Lord had given Moses about the Levites were put into effect.|en
698|8|23|23|耶和華曉諭摩西說：|zh
699|8|23|23|And the Lord said to Moses,|en
700|8|24|24|利未人是這樣：從二十五歲以外，他們要前來任職，辦會幕的事。|zh
701|8|24|24|This is the rule for the Levites: those of twenty-five years old and over are to go in and do the work of the Tent of meeting;|en
702|8|25|25|到了五十歲要停工退任，不再辦事，|zh
703|8|25|25|But after they are fifty years old, they are to give up their work and do no more;|en
704|8|26|26|只要在會幕裡，和他們的弟兄一同伺候，謹守所吩咐的，不再辦事了。至於所吩咐利未人的，你要這樣向他們行。|zh
705|8|26|26|But be with their brothers in the Tent of meeting, taking care of it but doing no work. This is what you are to do in connection with the Levites and their work.|en
706|9|1|1|以色列人出埃及地以後，第二年正月，耶和華在西乃的曠野吩咐摩西說：|zh
707|9|1|1|And the Lord said to Moses, in the waste land of Sinai, in the first month of the second year after they had come out of the land of Egypt,|en
708|9|2|2|以色列人應當在所定的日期守逾越節，|zh
709|9|2|2|Let the children of Israel keep the Passover at its regular time.|en
710|9|3|3|就是本月十四日黃昏的時候，你們要在所定的日期守這節，要按這節的律例典章而守。|zh
711|9|3|3|In the fourteenth day of this month, at evening, you are to keep it at the regular time, and in the way ordered in the law.|en
712|9|4|4|於是摩西吩咐以色列人守逾越節。|zh
713|9|4|4|And Moses gave orders to the children of Israel to keep the Passover.|en
714|9|5|5|他們就在西乃的曠野，正月十四日黃昏的時候，守逾越節。凡耶和華所吩咐摩西的，以色列人都照樣行了。|zh
715|9|5|5|So they kept the Passover in the first month, on the fourteenth day of the month, at evening, in the waste land of Sinai: as the Lord gave orders to Moses, so the children of Israel did.|en
716|9|6|6|有幾個人因死屍而不潔淨，不能在那日守逾越節。當日他們到摩西、亞倫面前，|zh
717|9|6|6|And there were certain men who were unclean because of a dead body, so that they were not able to keep the Passover on that day; and they came before Moses and before Aaron on that day:|en
718|9|7|7|說：我們雖因死屍而不潔淨，為何被阻止、不得同以色列人在所定的日期獻耶和華的供物呢？|zh
719|9|7|7|And these men said to him, We have been made unclean by the dead body of a man; why may we not make the offering of the Lord at the regular time among the children of Israel?|en
720|9|8|8|摩西對他們說：你們暫且等候，我可以去聽耶和華指著你們是怎樣吩咐的。|zh
721|9|8|8|And Moses said to them, Do nothing till the Lord gives me directions about you.|en
722|9|9|9|耶和華對摩西說：|zh
723|9|9|9|And the Lord said to Moses,|en
724|9|10|10|你曉諭以色列人說：你們和你們後代中，若有人因死屍而不潔淨，或在遠方行路，還要向耶和華守逾越節。|zh
725|9|10|10|Say to the children of Israel, If any one of you or of your families is unclean because of a dead body, or is on a journey far away, still he is to keep the Passover to the Lord:|en
726|9|11|11|他們要在二月十四日黃昏的時候，守逾越節。要用無酵餅與苦菜，和逾越節的羊羔同吃。|zh
727|9|11|11|In the second month, on the fourteenth day, in the evening, they are to keep it, taking it with unleavened bread and bitter-tasting plants;|en
728|9|12|12|一點不可留到早晨；羊羔的骨頭一根也不可折斷。他們要照逾越節的一切律例而守。|zh
729|9|12|12|Nothing of it is to be kept till the morning, and no bone of it is to be broken: they are to keep it by the rules of the Passover.|en
730|9|13|13|那潔淨而不行路的人若推辭不守逾越節，那人要從民中剪除；因為他在所定的日期不獻耶和華的供物，應該擔當他的罪。|zh
731|9|13|13|But the man who, not being unclean or on a journey, does not keep the Passover, will be cut off from his people: because he did not make the offering of the Lord at the regular time, his sin will be on him.|en
732|9|14|14|若有外人寄居在你們中間，願意向耶和華守逾越節，他要照逾越節的律例典章行，不管是寄居的是本地人，同歸一例。|zh
733|9|14|14|And if a man from another country is among you and has a desire to keep the Passover to the Lord, let him do as is ordered in the law of the Passover: there is to be the same rule for the man from another nation and for him who had his birth in the land.|en
734|9|15|15|立起帳幕的那日，有雲彩遮蓋帳幕，就是法櫃的帳幕；從晚上到早晨，雲彩在其上，形狀如火。|zh
735|9|15|15|And on the day when the House was put up, the cloud came down on it, on the Tent of witness; and in the evening there was a light like fire over the House till the morning.|en
736|9|16|16|常是這樣，雲彩遮蓋帳幕，夜間形狀如火。|zh
737|9|16|16|And so it was at all times: it was covered by the cloud, and by a light as of fire by night.|en
738|9|17|17|雲彩幾時從帳幕收上去，以色列人就幾時起行；雲彩在那裡停住，以色列人就在那裡安營。|zh
739|9|17|17|And whenever the cloud was taken up from over the House, then the children of Israel went journeying on; and in the place where the cloud came to rest, there the children of Israel put up their tents.|en
740|9|18|18|以色列人遵耶和華的吩咐起行，也遵耶和華的吩咐安營。雲彩在帳幕上停住幾時，他們就住營幾時。|zh
741|9|18|18|At the order of the Lord the children of Israel went forward, and at the order of the Lord they put up their tents: as long as the cloud was resting on the House, they did not go away from that place.|en
742|9|19|19|雲彩在帳幕上停留許多日子，以色列人就守耶和華所吩咐的不起行。|zh
743|9|19|19|When the cloud was resting on the House for a long time the children of Israel, waiting for the order of the Lord, did not go on.|en
744|9|20|20|有時雲彩在帳幕上幾天，他們就照耶和華的吩咐住營，也照耶和華的吩咐起行。|zh
745|9|20|20|Sometimes the cloud was resting on the House for two or three days; then, by the order of the Lord, they kept their tents in that place, and when the Lord gave the order they went on.|en
746|9|21|21|有時從晚上到早晨，有這雲彩在帳幕上；早晨雲彩收上去，他們就起行。有時晝夜雲彩停在帳幕上，收上去的時候，他們就起行。|zh
747|9|21|21|And sometimes the cloud was there only from evening to morning; and when the cloud was taken up in the morning they went on their journey again: or if it was resting there by day and by night, whenever the cloud was taken up they went forward.|en
748|9|22|22|雲彩停留在帳幕上，無論是兩天，是一月，是一年，以色列人就住營不起行；但雲彩收上去，他們就起行。|zh
749|9|22|22|Or if the cloud came to rest on the House for two days or a month or a year without moving, the children of Israel went on waiting there and did not go on; but whenever it was taken up they went forward on their journey.|en
750|9|23|23|他們遵耶和華的吩咐安營，也遵耶和華的吩咐起行。他們守耶和華所吩咐的，都是憑耶和華吩咐摩西的。|zh
751|9|23|23|At the word of the Lord they put up their tents, and at the word of the Lord they went forward on their journey: they kept the orders of the Lord as he gave them by Moses.|en
752|10|1|1|耶和華曉諭摩西說：|zh
753|10|1|1|And the Lord said to Moses,|en
754|10|2|2|你要用銀子做兩枝號，都要錘出來的，用以招聚會眾，並叫眾營起行。|zh
755|10|2|2|Make two silver horns of hammered work, to be used for getting the people together and to give the sign for the moving of the tents.|en
756|10|3|3|吹這號的時候，全會眾要到你那裡，聚集在會幕門口。|zh
757|10|3|3|When they are sounded, all the people are to come together to you at the door of the Tent of meeting.|en
758|10|4|4|若單吹一枝，眾首領，就是以色列軍中的統領，要聚集到你那裡。|zh
759|10|4|4|If only one of them is sounded, then the chiefs, the heads of the thousands of Israel, are to come to you.|en
760|10|5|5|吹出大聲的時候，東邊安的營都要起行。|zh
761|10|5|5|When a loud note is sounded, the tents placed on the east side are to go forward.|en
762|10|6|6|二次吹出大聲的時候，南邊安的營都要起行。他們將起行，必吹出大聲。|zh
763|10|6|6|At the sound of a second loud note, the tents on the south side are to go forward: the loud note will be the sign to go forward.|en
764|10|7|7|但招聚會眾的時候，你們要吹號，卻不要吹出大聲。|zh
765|10|7|7|But when all the people are to come together, the horn is to be sounded but not loudly.|en
766|10|8|8|亞倫子孫作祭司的要吹這號；這要作你們世世代代永遠的定例。|zh
767|10|8|8|The horns are to be sounded by the sons of Aaron, the priests; this is to be a law for you for ever, from generation to generation.|en
768|10|9|9|你們在自己的地，與欺壓你們的敵人打仗，就要用號吹出大聲，便在耶和華─你們的神面前得蒙紀念，也蒙拯救脫離仇敵。|zh
769|10|9|9|And if you go to war in your land against any who do you wrong, then let the loud note of the horn be sounded; and the Lord your God will keep you in mind and give you salvation from those who are against you.|en
770|10|10|10|在你們快樂的日子和節期，並月朔，獻燔祭和平安祭，也要吹號，這都要在你們的神面前作為紀念。我是耶和華─你們的　神。|zh
771|10|10|10|And on days of joy and on your regular feasts and on the first day of every month, let the horns be sounded over your burned offerings and your peace-offerings; and they will put the Lord in mind of you: I am the Lord your God.|en
772|10|11|11|第二年二月二十日，雲彩從法櫃的帳幕收上去。|zh
773|10|11|11|Now in the second year, on the twentieth day of the second month, the cloud was taken up from over the Tent of witness.|en
774|10|12|12|以色列人就按站往前行，離開西乃的曠野，雲彩停住在巴蘭的曠野。|zh
775|10|12|12|And the children of Israel went on their journey out of the waste land of Sinai; and the cloud came to rest in the waste land of Paran.|en
776|10|13|13|這是他們照耶和華藉摩西所吩咐的，初次往前行。|zh
777|10|13|13|They went forward for the first time on their journey as the Lord had given orders by the hand of Moses.|en
778|10|14|14|按著軍隊首先往前行的是猶大營的纛。統領軍隊的是亞米拿達的兒子拿順。|zh
779|10|14|14|First the flag of the children of Judah went forward with their armies: and at the head of his army was Nahshon, the son of Amminadab.|en
780|10|15|15|統領以薩迦支派軍隊的是蘇押的兒子拿坦業。|zh
781|10|15|15|And at the head of the army of the children of Issachar was Nethanel, the son of Zuar.|en
782|10|16|16|統領西布倫支派軍隊的是希倫的兒子以利押。|zh
783|10|16|16|And at the head of the army of the children of Zebulun was Eliab, the son of Helon.|en
784|10|17|17|帳幕拆卸，革順的子孫和米拉利的子孫就抬著帳幕先往前行。|zh
785|10|17|17|Then the House was taken down; and the sons of Gershon and the sons of Merari, who were responsible for moving the House, went forward.|en
786|10|18|18|按著軍隊往前行的是流便營的纛。統領軍隊的是示丟珥的兒子以利蓿。|zh
787|10|18|18|Then the flag of the children of Reuben went forward with their armies: and at the head of his army was Elizur, the son of Shedeur.|en
788|10|19|19|統領西緬支派軍隊的是蘇利沙代的兒子示路蔑。|zh
789|10|19|19|And at the head of the army of the children of Simeon was Shelumiel, the son of Zurishaddai.|en
790|10|20|20|統領迦得支派軍隊的是丟珥的兒子以利雅薩。|zh
791|10|20|20|At the head of the army of the children of Gad was Eliasaph, the son of Reuel.|en
792|10|21|21|哥轄人抬著聖物先往前行。他們未到以前，抬帳幕的已經把帳幕支好。|zh
793|10|21|21|Then the Kohathites went forward with the holy place; the others put up the House ready for their coming.|en
794|10|22|22|按著軍隊往前行的是以法蓮營的纛，統領軍隊的是亞米忽的兒子以利沙瑪。|zh
795|10|22|22|Then the flag of the children of Ephraim went forward with their armies: and at the head of his army was Elishama, the son of Ammihud.|en
796|10|23|23|統領瑪拿西支派軍隊的是比大蓿的兒子迦瑪列。|zh
797|10|23|23|At the head of the army of the children of Manasseh was Gamaliel, the son of Pedahzur.|en
798|10|24|24|統領便雅憫支派軍隊的是基多尼的兒子亞比但。|zh
799|10|24|24|At the head of the army of the children of Benjamin was Abidan, the son of Gideoni.|en
800|10|25|25|在諸營末後的是但營的纛，按著軍隊往前行。統領軍隊的是亞米沙代的兒子亞希以謝。|zh
801|10|25|25|And the flag of the children of Dan, whose tents were moved last of all, went forward with their armies: and at the head of his army was Ahiezer, the son of Ammishaddai.|en
802|10|26|26|統領亞設支派軍隊的是俄蘭的兒子帕結。|zh
803|10|26|26|At the head of the army of the children of Asher was Pagiel, the son of Ochran.|en
804|10|27|27|統領拿弗他利支派軍隊的是以南的兒子亞希拉。|zh
805|10|27|27|And at the head of the army of the children of Naphtali was Ahira, the son of Enan.|en
806|10|28|28|以色列人按著軍隊往前行，就是這樣。|zh
807|10|28|28|This was the order in which the children of Israel were journeying by armies; so they went forward.|en
808|10|29|29|摩西對他岳父（或作：內兄）─米甸人流珥的兒子何巴─說：我們要行路，往耶和華所應許之地去；他曾說：我要將這地賜給你們。現在求你和我們同去，我們必厚待你，因為耶和華指著以色列人已經應許給好處。|zh
809|10|29|29|Then Moses said to Hobab, the son of his father-in-law Reuel the Midianite, We are journeying to that place of which the Lord has said, I will give it to you: so come with us, and it will be for your profit: for the Lord has good things in store for Israel.|en
810|10|30|30|何巴回答說：我不去；我要回本地本族那裡去。|zh
811|10|30|30|But he said, I will not go with you, I will go back to the land of my birth and to my relations.|en
812|10|31|31|摩西說：求你不要離開我們；因為你知道我們要在曠野安營，你可以當作我們的眼目。|zh
813|10|31|31|And he said, Do not go from us; for you will be eyes for us, guiding us to the right places in the waste land to put up our tents.|en
814|10|32|32|你若和我們同去，將來耶和華有甚麼好處待我們，我們也必以甚麼好處待你。|zh
815|10|32|32|And if you come with us, we will give you a part in whatever good the Lord does for us.|en
816|10|33|33|以色列人離開耶和華的山，往前行了三天的路程；耶和華的約櫃在前頭行了三天的路程，為他們尋找安歇的地方。|zh
817|10|33|33|So they went forward three days' journey from the mountain of the Lord; and the ark of the Lord's agreement went three days' journey before them, looking for a resting-place for them;|en
818|10|34|34|他們拔營往前行，日間有耶和華的雲彩在他們以上。|zh
819|10|34|34|And by day the cloud of the Lord went over them, when they went forward from the place where they had put up their tents.|en
820|10|35|35|約櫃往前行的時候，摩西就說：耶和華阿，求你興起！願你的仇敵四散！願恨你的人從你面前逃跑！|zh
821|10|35|35|And when the ark went forward Moses said, Come up, O Lord, and let the armies of those who are against you be broken, and let your haters go in flight before you.|en
822|10|36|36|約櫃停住的時候，他就說：耶和華阿，求你回到以色列的千萬人中！|zh
823|10|36|36|And when it came to rest, he said, Take rest, O Lord, and give a blessing to the families of Israel.|en
824|11|1|1|眾百姓發怨言，他們的惡語達到耶和華的耳中。耶和華聽見了就怒氣發作，使火在他們中間焚燒，直燒到營的邊界。|zh
825|11|1|1|Now the people were saying evil against the Lord; and the Lord, hearing it, was angry and sent fire on them, burning the outer parts of the tent-circle.|en
826|11|2|2|百姓向摩西哀求，摩西祈求耶和華，火就熄了。|zh
827|11|2|2|And the people made an outcry to Moses, and Moses made prayer to the Lord, and the fire was stopped.|en
828|11|3|3|那地方便叫做他備拉，因為耶和華的火燒在他們中間。|zh
829|11|3|3|So that place was named Taberah, because of the fire of the Lord which had been burning among them.|en
830|11|4|4|他們中間的閒雜人大起貪慾的心；以色列人又哭號說：誰給我們肉吃呢？|zh
831|11|4|4|And the mixed band of people who went with them were overcome by desire: and the children of Israel, weeping again, said, Who will give us flesh for our food?|en
832|11|5|5|我們記得，在埃及的時候不花錢就吃魚，也記得有黃瓜、西瓜、韭菜、蔥、蒜。|zh
833|11|5|5|Sweet is the memory of the fish we had in Egypt for nothing, and the fruit and green plants of every sort, sharp and pleasing to the taste:|en
834|11|6|6|現在我們的心血枯竭了，除這嗎哪以外，在我們眼前並沒有別的東西。|zh
835|11|6|6|But now our soul is wasted away; there is nothing at all: we have nothing but this manna before our eyes.|en
836|11|7|7|這嗎哪彷彿芫荽子，又好像珍珠。|zh
837|11|7|7|Now the manna was like a seed of grain, like small clear drops.|en
838|11|8|8|百姓周圍行走，把嗎哪收起來，或用磨推，或用臼搗，煮在鍋中，又做成餅，滋味好像新油。|zh
839|11|8|8|The people went about taking it up from the earth, crushing it between stones or hammering it to powder, and boiling it in pots, and they made cakes of it: its taste was like the taste of cakes cooked with oil.|en
840|11|9|9|夜間露水降在營中，嗎哪也隨著降下。|zh
841|11|9|9|When the dew came down on the tents at night, the manna came down with it.|en
842|11|10|10|摩西聽見百姓，各在各家的帳棚門口哭號。耶和華的怒氣便大發作，摩西就不喜悅。|zh
843|11|10|10|And at the sound of the people weeping, every man at his tent-door, the wrath of the Lord was great, and Moses was very angry.|en
844|11|11|11|摩西對耶和華說：你為何苦待僕人？我為何不在你眼前蒙恩，竟把這管理百姓的重任加在我身上呢？|zh
845|11|11|11|And Moses said to the Lord, Why have you done me this evil? and why have I not grace in your eyes, that you have put on me the care of all this people?|en
846|11|12|12|這百姓豈是我懷的胎，豈是我生下來的呢？你竟對我說：把他們抱在懷裡，如養育之父抱吃奶的孩子，直抱到你起誓應許給他們祖宗的地去。|zh
847|11|12|12|Am I the father of all this people? have I given them birth, that you say to me, Take them in your arms, like a child at the breast, to the land which you gave by an oath to their fathers?|en
848|11|13|13|我從那裡得肉給這百姓吃呢？他們都向我哭號說：你給我們肉吃罷！|zh
849|11|13|13|Where am I to get flesh to give to all this people? For they are weeping to me and saying, Give us flesh for our food.|en
850|11|14|14|管理這百姓的責任太重了，我獨自擔當不起。|zh
851|11|14|14|I am not able by myself to take the weight of all this people, for it is more than my strength.|en
852|11|15|15|你這樣待我，我若在你眼前蒙恩，求你立時將我殺了，不叫我見自己的苦情。|zh
853|11|15|15|If this is to be my fate, put me to death now in answer to my prayer, if I have grace in your eyes; and let me not see my shame.|en
854|11|16|16|耶和華對摩西說：你從以色列的長老中招聚七十個人，就是你所知道作百姓的長老和官長的，到我這裡來，領他們到會幕前，使他們和你一同站立。|zh
855|11|16|16|And the Lord said to Moses, Send for seventy of the responsible men of Israel, who are in your opinion men of weight and authority over the people; make them come to the Tent of meeting and be there with you.|en
856|11|17|17|我要在那裡降臨，與你說話，也要把降於你身上的靈分賜他們，他們就和你同當這管百姓的重任，免得你獨自擔當。|zh
857|11|17|17|And I will come down and have talk with you there: and I will take some of the spirit which is on you and put it on them, and they will take part of the weight of the people off you, so that you do not have to take it by yourself.|en
858|11|18|18|又要對百姓說：你們應當自潔，預備明天吃肉，因為你們哭號說：誰給我們肉吃！我們在埃及很好。這聲音達到了耶和華的耳中，所以他必給你們肉吃。|zh
859|11|18|18|And say to the people, Make yourselves clean before tomorrow and you will have flesh for your food: for in the ears of the Lord you have been weeping and saying, Who will give us flesh for food? for we were well off in Egypt: and so the Lord will give you flesh, and it will be your food;|en
860|11|19|19|你們不止吃一天、兩天、五天、十天、二十天，|zh
861|11|19|19|Not for one day only, or even for five or ten or twenty days;|en
862|11|20|20|要吃一個整月，甚至肉從你們鼻孔裡噴出來，使你們厭惡了，因為你們厭棄住在你們中間的耶和華，在他面前哭號說：我們為何出了埃及呢？|zh
863|11|20|20|But every day for a month, till you are tired of it, turning from it in disgust: because you have gone against the Lord who is with you, and have been weeping before him saying, Why did we come out of Egypt?|en
864|11|21|21|摩西對耶和華說：這與我同住的百姓、步行的男人有六十萬，你還說：我要把肉給他們，使他們可以吃一個整月。|zh
865|11|21|21|Then Moses said, The people, among whom I am, are six hundred thousand men on foot; and you have said, I will give them flesh to be their food for a month.|en
866|11|22|22|難道給他們宰了羊群牛群，或是把海中所有的魚都聚了來，就夠他們吃麼？|zh
867|11|22|22|Are flocks and herds to be put to death for them? or are all the fish in the sea to be got together so that they may be full?|en
868|11|23|23|耶和華對摩西說：耶和華的膀臂豈是縮短了麼？現在要看我的話向你應驗不應驗。|zh
869|11|23|23|And the Lord said to Moses, Has the Lord's hand become short? Now you will see if my word comes true for you or not.|en
870|11|24|24|摩西出去，將耶和華的話告訴百姓，又招聚百姓的長老中七十個人來，使他們站在會幕的四圍。|zh
871|11|24|24|And Moses went out and gave the people the words of the Lord: and he took seventy of the responsible men of the people, placing them round the Tent.|en
872|11|25|25|耶和華在雲中降臨，對摩西說話，把降與他身上的靈分賜那七十個長老。靈停在他們身上的時候，他們就受感說話，以後卻沒有再說。|zh
873|11|25|25|Then the Lord came down in the cloud and had talk with him, and put on the seventy men some of the spirit which was on him: now when the spirit came to rest on them, they were like prophets, but only at that time.|en
874|11|26|26|但有兩個人仍在營裡，一個名叫伊利達，一個名叫米達。他們本是在那些被錄的人中，卻沒有到會幕那裡去。靈停在他們身上，他們就在營裡說預言。|zh
875|11|26|26|But two men were still in the tent-circle one of them named Eldad and the other Medad: and the spirit came to rest on them; they were among those who had been sent for, but they had not gone out to the Tent: and the prophet's power came on them in the tent-circle.|en
876|11|27|27|有個少年人跑來告訴摩西說：伊利達、米達在營裡說預言。|zh
877|11|27|27|And a young man went running to Moses and said, Eldad and Medad are acting as prophets in the tent-circle.|en
878|11|28|28|摩西的幫手，嫩的兒子約書亞，就是摩西所揀選的一個人，說：請我主摩西禁止他們。|zh
879|11|28|28|Then Joshua, the son of Nun, who had been Moses' servant from the time when he was a child, said, My lord Moses, let them be stopped.|en
880|11|29|29|摩西對他說：你為我的緣故嫉妒人麼？惟願耶和華的百姓都受感說話！願耶和華把他的靈降在他們身上！|zh
881|11|29|29|And Moses said to him, Are you moved by envy on my account? If only all the Lord's people were prophets, and the Lord might put his spirit on them!|en
882|11|30|30|於是，摩西和以色列的長老都回到營裡去了。|zh
883|11|30|30|Then Moses, with the responsible men of Israel, went back to the tent-circle.|en
884|11|31|31|有風從耶和華那裡颳起，把鵪鶉由海面颳來，飛散在營邊和營的四圍；這邊約有一天的路程，那邊約有一天的路程，離地面約有二肘。|zh
885|11|31|31|Then the Lord sent a wind, driving little birds from the sea, so that they came down on the tents, and all round the tent-circle, about a day's journey on this side and on that, in masses about two cubits high over the face of the earth.|en
886|11|32|32|百姓起來，終日終夜，並次日一整天，捕取鵪鶉；至少的也取了十賀梅珥，為自己擺列在營的四圍。|zh
887|11|32|32|And all that day and all night and the day after, the people were taking up the birds; the smallest amount which anyone got was ten homers: and they put them out all round the tents.|en
888|11|33|33|肉在他們牙齒之間尚未嚼爛，耶和華的怒氣就向他們發作，用最重的災殃擊殺了他們。|zh
889|11|33|33|But while the meat was still between their teeth, before it was tasted, the wrath of the Lord was moved against the people and he sent a great outburst of disease on them.|en
890|11|34|34|那地方便叫做基博羅哈他瓦（就是貪慾之人的墳墓），因為他們在那裡葬埋那起貪慾之心的人。|zh
891|11|34|34|So that place was named Kibroth-hattaavah; because there they put in the earth the bodies of the people who had given way to their desires.|en
892|11|35|35|百姓從基博羅哈他瓦走到哈洗錄，就住在哈洗錄。|zh
893|11|35|35|From Kibroth-hattaavah the people went on to Hazeroth; and there they put up their tents.|en
894|12|1|1|摩西娶了古實女子為妻。米利暗和亞倫因他所娶的古實女子，就毀謗他，說：|zh
895|12|1|1|Now Miriam and Aaron said evil against Moses, because of the Cushite woman to whom he was married, for he had taken a Cushite woman as his wife.|en
896|12|2|2|難道耶和華單與摩西說話，不也與我們說話麼？這話耶和華聽見了。|zh
897|12|2|2|And they said, Have the words of the Lord been given to Moses only? have they not come to us? And the Lord took note of it.|en
898|12|3|3|摩西為人極其謙和，勝過世上的眾人。|zh
899|12|3|3|Now the man Moses was more gentle than any other man on earth.|en
900|12|4|4|耶和華忽然對摩西、亞倫、米利暗說：你們三個人都出來，到會幕這裡。他們三個人就出來了。|zh
901|12|4|4|And suddenly the Lord said to Moses and Aaron and Miriam, Come out, you three, to the Tent of meeting. And the three of them went out.|en
902|12|5|5|耶和華在雲柱中降臨，站在會幕門口，召亞倫和米利暗，二人就出來了。|zh
903|12|5|5|And the Lord came down in a pillar of cloud, taking his place at the door of the Tent, and made Aaron and Miriam come before him.|en
904|12|6|6|耶和華說：你們且聽我的話：你們中間若有先知，我─耶和華必在異象中向他顯現，在夢中與他說話。|zh
905|12|6|6|And he said, Now give ear to my words: if there is a prophet among you I will give him knowledge of myself in a vision and will let my words come to him in a dream.|en
906|12|7|7|我的僕人摩西不是這樣；他是在我全家盡忠的。|zh
907|12|7|7|My servant Moses is not so; he is true to me in all my house:|en
908|12|8|8|我要與他面對面說話，乃是明說，不用謎語，並且他必見我的形像。你們毀謗我的僕人摩西，為何不懼怕呢？|zh
909|12|8|8|With him I will have talk mouth to mouth, openly and not in dark sayings; and with his eyes he will see the form of the Lord: why then had you no fear of saying evil against my servant Moses?|en
910|12|9|9|耶和華就向他們二人發怒而去。|zh
911|12|9|9|And burning with wrath against them, the Lord went away.|en
912|12|10|10|雲彩從會幕上挪開了，不料，米利暗長了大痲瘋，有雪那樣白，亞倫一看米利暗長了大痲瘋，|zh
913|12|10|10|And the cloud was moved from over the Tent; and straight away Miriam became a leper, as white as snow: and Aaron, looking at Miriam, saw that she was a leper.|en
914|12|11|11|就對摩西說：我主阿，求你不要因我們愚昧犯罪，便將這罪加在我們身上。|zh
915|12|11|11|Then Aaron said to Moses, O my lord, let not our sin be on our heads, for we have done foolishly and are sinners.|en
916|12|12|12|求你不要使他像那出母腹、肉已半爛的死胎。|zh
917|12|12|12|Let her not be as one dead, whose flesh is half wasted when he comes out from the body of his mother.|en
918|12|13|13|於是摩西哀求耶和華說：神阿，求你醫治他！|zh
919|12|13|13|And Moses, crying to the Lord, said, Let my prayer come before you, O God, and make her well.|en
920|12|14|14|耶和華對摩西說：他父親若吐唾沫在他臉上，他豈不蒙羞七天麼？現在要把他在營外關鎖七天，然後才可以領他進來。|zh
921|12|14|14|And the Lord said to Moses, If her father had put a mark of shame on her, would she not be shamed for seven days? Let her be shut up outside the tent-circle for seven days, and after that she may come in again.|en
922|12|15|15|於是米利暗關鎖在營外七天。百姓沒有行路，直等到把米利暗領進來。|zh
923|12|15|15|So Miriam was shut up outside the tent-circle for seven days: and the people did not go forward on their journey till Miriam had come in again.|en
924|12|16|16|以後百姓從哈洗錄起行，在巴蘭的曠野安營。|zh
925|12|16|16|After that, the people went on from Hazeroth and put up their tents in the waste land of Paran.|en
926|13|1|1|耶和華曉諭摩西說：|zh
927|13|1|1|And the Lord said to Moses,|en
928|13|2|2|你打發人去窺探我所賜給以色列人的迦南地，他們每支派中要打發一個人，都要作首領的。|zh
929|13|2|2|Send men to get knowledge about the land of Canaan, which I am giving to the children of Israel; from every tribe of their fathers you are to send a man, every one a chief among them.|en
930|13|3|3|摩西就照耶和華的吩咐，從巴蘭的曠野打發他們去；他們都是以色列人的族長。|zh
931|13|3|3|And Moses sent them from the waste land of Paran as the Lord gave orders, all of them men who were heads of the children of Israel.|en
932|13|4|4|他們的名字：屬流便支派的有撒刻的兒子沙母亞。|zh
933|13|4|4|And these were their names: of the tribe of Reuben, Shammua, the son of Zaccur.|en
934|13|5|5|屬西緬支派的有何利的兒子的沙法。|zh
935|13|5|5|Of the tribe of Simeon, Shaphat, the son of Hori.|en
936|13|6|6|屬猶大支派的有耶孚尼的兒子迦勒。|zh
937|13|6|6|Of the tribe of Judah, Caleb, the son of Jephunneh.|en
938|13|7|7|屬以薩迦支派的有約色的兒子以迦。|zh
939|13|7|7|Of the tribe of Issachar, Igal, the son of Joseph.|en
940|13|8|8|屬以法蓮支派的有嫩的兒子何西阿。|zh
941|13|8|8|Of the tribe of Ephraim, Hoshea, the son of Nun.|en
942|13|9|9|屬便雅憫支派的有拉孚的兒子帕提。|zh
943|13|9|9|Of the tribe of Benjamin, Palti, the son of Raphu.|en
944|13|10|10|屬西布倫支派的有梭底的兒子迦疊。|zh
945|13|10|10|Of the tribe of Zebulun, Gaddiel, the son of Sodi.|en
946|13|11|11|約瑟的子孫屬瑪拿西支派的有穌西的兒子迦底。|zh
947|13|11|11|Of the tribe of Joseph, that is of the family of Manasseh, Gaddi, the son of Susi.|en
948|13|12|12|屬但支派的有基瑪利的兒子亞米利。|zh
949|13|12|12|Of the tribe of Dan, Ammiel, the son of Gemalli.|en
950|13|13|13|屬亞設支派的有米迦勒的兒子西帖。|zh
951|13|13|13|Of the tribe of Asher, Sethur, the son of Michael|en
952|13|14|14|屬拿弗他利支派的有縛西的兒子拿比。|zh
953|13|14|14|Of the tribe of Naphtali, Nahbi, the son of Vophsi.|en
954|13|15|15|屬迦得支派的有瑪基的兒子臼利。|zh
955|13|15|15|Of the tribe of Gad, Gevel, the son of Machi.|en
956|13|16|16|這就是摩西所打發窺探那地之人的名字。摩西就稱嫩的兒子何西阿為約書亞。|zh
957|13|16|16|These are the names of the men whom Moses sent to get knowledge about the land. And Moses gave to Hoshea, the son of Nun, the name of Joshua.|en
958|13|17|17|摩西打發他們去窺探迦南地，說：你們從南地上山地去，|zh
959|13|17|17|So Moses sent them to have a look at the land of Canaan, and said to them, Go up into the South and into the hill-country;|en
960|13|18|18|看那地如何，其中所住的民是強是弱，是多是少，|zh
961|13|18|18|And see what the land is like; and if the people living in it are strong or feeble, small or great in number;|en
962|13|19|19|所住之地是好是歹，所住之處是營盤是堅城。|zh
963|13|19|19|And what sort of land they are living in, if it is good or bad; and what their living-places are, tent-circles or walled towns;|en
964|13|20|20|又看那地土是肥美是瘠薄，其中有樹木沒有。你們要放開膽量，把那地的果子帶些來。那時正是葡萄初熟的時候。|zh
965|13|20|20|And if the land is fertile or poor, and if there is wood in it or not. And be of good heart, and come back with some of the produce of the land. Now it was the time when the first grapes were ready.|en
966|13|21|21|他們上去窺探那地，從尋的曠野到利合，直到哈馬口。|zh
967|13|21|21|So they went up and got a view of the land, from the waste land of Zin to Rehob, on the way to Hamath.|en
968|13|22|22|他們從南地上去，到了希伯崙；在那裡有亞衲族人亞希幔、示篩、撻買。原來希伯崙城被建造比埃及的鎖安城早七年。|zh
969|13|22|22|They went up into the South and came to Hebron; and Ahiman and Sheshai and Talmai, the children of Anak, were living there. (Now the building of Hebron took place seven years before that of Zoan in Egypt.)|en
970|13|23|23|他們到了以實各谷，從那裡砍了葡萄樹的一枝，上頭有一掛葡萄，兩個人用杠抬著，又帶了些石榴和無花果來。|zh
971|13|23|23|And they came to the valley of Eshcol, and cutting down a vine-branch with its grapes, two of them took it on a rod between them; and they took some pomegranates and figs.|en
972|13|24|24|因為以色列人從那裡砍來的那掛葡萄，所以那地方叫做以實各谷。|zh
973|13|24|24|That place was named the valley of Eshcol because of the grapes which the children of Israel took from there.|en
974|13|25|25|過了四十天，他們窺探那地才回來，|zh
975|13|25|25|At the end of forty days they came back from viewing the land.|en
976|13|26|26|到了巴蘭曠野的加低斯，見摩西、亞倫，並以色列的全會眾，回報摩西、亞倫，並全會眾，又把那地的果子給他們看；|zh
977|13|26|26|And they came back to Moses and Aaron and all the children of Israel, to Kadesh in the waste land of Paran; and gave an account to them and to all the people and let them see the produce of the land.|en
978|13|27|27|又告訴摩西說：我們到了你所打發我們去的那地，果然是流奶與蜜之地；這就是那地的果子。|zh
979|13|27|27|And they said, We came to the land where you sent us, and truly it is flowing with milk and honey: and here is some of the produce of it.|en
980|13|28|28|然而住那地的民強壯，城邑也堅固寬大，並且我們在那裡看見了亞衲族的人。|zh
981|13|28|28|But the people living in the land are strong, and the towns are walled and very great; further, we saw the children of Anak there.|en
982|13|29|29|亞瑪力人住在南地；赫人、耶布斯人、亞摩利人、住在山地；迦南人住在海邊並約但河旁。|zh
983|13|29|29|And the Amalekites are in the South; and the Hittites and the Jebusites and the Amorites are living in the hill-country; and the Canaanites by the sea and by the side of Jordan.|en
984|13|30|30|迦勒在摩西面前安撫百姓，說：我們立刻上去得那地罷！我們足能得勝。|zh
985|13|30|30|Then Caleb made signs to the people to keep quiet, and said to Moses, Let us go up straight away and take this land; for we are well able to overcome it.|en
986|13|31|31|但那些和他同去的人說：我們不能上去攻擊那民，因為他們比我們強壯。|zh
987|13|31|31|But the men who had gone up with him said, We are not able to go up against the people, for they are stronger than we.|en
988|13|32|32|探子中有人論到所窺探之地，向以色列人報惡信，說：我們所窺探、經過之地是吞吃居民之地，我們在那裡所看見的人民都身量高大。|zh
989|13|32|32|And they gave the children of Israel a bad account of the land they had been to see, saying, This land through which we went is a land causing destruction to those living in it; and all the people we saw there are men of more than common size.|en
990|13|33|33|我們在那裡看見亞衲族人，就是偉人；他們是偉人的後裔。據我們看，自己就如蚱蜢一樣；據他們看，我們也是如此。|zh
991|13|33|33|There we saw those great men, the sons of Anak, offspring of the Nephilim: and we seemed to ourselves no more than insects, and so we seemed to them.|en
992|14|1|1|當下，全會眾大聲喧嚷；那夜百姓都哭號。|zh
993|14|1|1|Then all the people gave load cries of grief, and all that night they gave themselves up to weeping.|en
994|14|2|2|以色列眾人向摩西、亞倫發怨言；全會眾對他們說：巴不得我們早死在埃及地，或是死在這曠野。|zh
995|14|2|2|And all the children of Israel, crying out against Moses and Aaron, said, If only we had come to our death in the land of Egypt, or even in this waste land!|en
996|14|3|3|耶和華為甚麼把我們領到那地，使我們倒在刀下呢？我們的妻子和孩子必被擄掠。我們回埃及去豈不好麼？|zh
997|14|3|3|Why is the Lord taking us into this land to come to our death by the sword? Our wives and our little ones will get into strange hands: would it not be better for us to go back to Egypt?|en
998|14|4|4|眾人彼此說：我們不如立一個首領回埃及去罷！|zh
999|14|4|4|And they said to one another, Let us make a captain over us, and go back to Egypt.|en
1000|14|5|5|摩西、亞倫就俯伏在以色列全會眾面前。|zh
1001|14|5|5|Then Moses and Aaron went down on their faces before the meeting of the people.|en
1002|14|6|6|窺探地的人中，嫩的兒子約書亞和耶孚尼的兒子迦勒撕裂衣服，|zh
1003|14|6|6|And Joshua, the son of Nun, and Caleb, the son of Jephunneh, two of those who had been to see the land, giving signs of grief,|en
1004|14|7|7|對以色列全會眾說：我們所窺探、經過之地是極美之地。|zh
1005|14|7|7|Said to all the children of Israel, This land which we went through to see is a very good land.|en
1006|14|8|8|耶和華若喜悅我們，就必將我們領進那地，把地賜給我們；那地原是流奶與蜜之地。|zh
1007|14|8|8|And if the Lord has delight in us, he will take us into this land and give it to us, a land flowing with milk and honey.|en
1008|14|9|9|但你們不可背叛耶和華，也不要怕那地的居民；因為他們是我們的食物，並且蔭庇他們的已經離開他們。有耶和華與我們同在，不要怕他們！|zh
1009|14|9|9|Only, do not go against the Lord or go in fear of the people of the land, for they will be our food; their strength has been taken from them and the Lord is with us: have no fear of them.|en
1010|14|10|10|但全會眾說：拿石頭打死他們二人。忽然，耶和華的榮光在會幕中向以色列眾人顯現。|zh
1011|14|10|10|But all the people said they were to be stoned. Then the glory of the Lord was seen in the Tent of meeting, before the eyes of all the children of Israel.|en
1012|14|11|11|耶和華對摩西說：這百姓藐視我要到幾時呢？我在他們中間行了這一切神蹟，他們還不信我要到幾時呢？|zh
1013|14|11|11|And the Lord said to Moses, How long will this people have no respect for me? how long will they be without faith, in the face of all the signs I have done among them?|en
1014|14|12|12|我要用瘟疫擊殺他們，使他們不得承受那地，叫你的後裔成為大國，比他們強勝。|zh
1015|14|12|12|I will send disease on them for their destruction, and take away their heritage, and I will make of you a nation greater and stronger than they.|en
1016|14|13|13|摩西對耶和華說：埃及人必聽見這事；因為你曾施展大能，將這百姓從他們中間領上來。|zh
1017|14|13|13|And Moses said to the Lord, Then it will come to the ears of the Egyptians; for by your power you took this people out from among them;|en
1018|14|14|14|埃及人要將這事傳給迦南地的居民；那民已經聽見你─耶和華是在這百姓中間；因為你面對面被人看見，有你的雲彩停在他們以上。你日間在雲柱中，夜間在火柱中，在他們前面行。|zh
1019|14|14|14|And they will give the news to the people of this land: they have had word that you, Lord, are present with this people, letting yourself be seen face to face, and that your cloud is resting over them, and that you go before them in a pillar of cloud by day and in a pillar of fire by night.|en
1020|14|15|15|如今你若把這百姓殺了，如殺一人，那些聽見你名聲的列邦必議論說：|zh
1021|14|15|15|Now if you put to death all this people as one man, then the nations who have had word of your glory will say,|en
1022|14|16|16|耶和華因為不能把這百姓領進他向他們起誓應許之地，所以在曠野把他們殺了。|zh
1023|14|16|16|Because the Lord was not able to take this people into the land which he made an oath to give them, he sent destruction on them in the waste land.|en
1024|14|17|17|現在求主大顯能力，照你所說過的話說：|zh
1025|14|17|17|So now, may my prayer come before you, and let the power of the Lord be great, as you said:|en
1026|14|18|18|耶和華不輕易發怒，並有豐盛的慈愛，赦免罪孽和過犯；萬不以有罪的為無罪，必追討他的罪，自父及子，直到三、四代。|zh
1027|14|18|18|The Lord is slow to wrath and great in mercy, overlooking wrongdoing and evil, and will not let wrongdoers go free; sending punishment on children for the sins of their fathers, to the third and fourth generation.|en
1028|14|19|19|求你照你的大慈愛赦免這百姓的罪孽，好像你從埃及到如今常赦免他們一樣。|zh
1029|14|19|19|May the sin of this people have forgiveness, in the measure of your great mercy, as you have had mercy on them from Egypt up till now.|en
1030|14|20|20|耶和華說：我照著你的話赦免了他們。|zh
1031|14|20|20|And the Lord said, I have had mercy, as you say:|en
1032|14|21|21|然我指著我的永生起誓，遍地要被我的榮耀充滿。|zh
1033|14|21|21|But truly, as I am living, and as all the earth will be full of the glory of the Lord;|en
1034|14|22|22|這些人雖看見我的榮耀和我在埃及與曠野所行的神蹟，仍然試探我這十次，不聽從我的話，|zh
1035|14|22|22|Because all these men, having seen my glory and the signs which I have done in Egypt and in the waste land, still have put me to the test ten times, and have not given ear to my voice;|en
1036|14|23|23|他們斷不得看見我向他們的祖宗所起誓應許之地。凡藐視我的，一個也不得看見；|zh
1037|14|23|23|They will not see the land about which I made an oath to their fathers; not one of these by whom I have not been honoured will see it.|en
1038|14|24|24|惟獨我的僕人迦勒，因他另有一個心志，專一跟從我，我就把他領進他所去過的那地；他的後裔也必得那地為業。|zh
1039|14|24|24|But my servant Caleb, because he had a different spirit in him, and has been true to me with all his heart, him I will take into that land into which he went, and his seed will have it for their heritage.|en
1040|14|25|25|亞瑪力人和迦南人住在谷中，明天你們要轉回，從紅海的路往曠野去。|zh
1041|14|25|25|Now the Amalekites and the Canaanites are in the valley; tomorrow, turning round, go into the waste land by the way to the Red Sea.|en
1042|14|26|26|耶和華對摩西、亞倫說：|zh
1043|14|26|26|Then the Lord said to Moses and Aaron,|en
1044|14|27|27|這惡會眾向我發怨言，我忍耐他們要到幾時呢？以色列人向我所發的怨言，我都聽見了。|zh
1045|14|27|27|How long am I to put up with this evil people and their outcries against me? The words which they say against me have come to my ears.|en
1046|14|28|28|你們告訴他們，耶和華說：我指著我的永生起誓，我必要照你們達到我耳中的話待你們。|zh
1047|14|28|28|Say to them, By my life, says the Lord, as certainly as your words have come to my ears, so certainly will I do this to you:|en
1048|14|29|29|你們的屍首必倒在這曠野，並且你們中間凡被數點、從二十歲以外、向我發怨言的，|zh
1049|14|29|29|Your dead bodies will be stretched out in this waste land; and of all your number, all those of twenty years old and over who have been crying out against me,|en
1050|14|30|30|必不得進我起誓應許叫你們住的那地；惟有耶孚尼的兒子迦勒和嫩的兒子約書亞才能進去。|zh
1051|14|30|30|Not one will come into the land which I gave my word you would have for your resting-place, but only Caleb, the son of Jephunneh, and Joshua, the son of Nun.|en
1052|14|31|31|但你們的婦人孩子，就是你們所說、要被擄掠的，我必把他們領進去，他們就得知你們所厭棄的那地。|zh
1053|14|31|31|And your little ones, whom you said would come into strange hands, I will take in, and they will see the land which you would not have.|en
1054|14|32|32|至於你們，你們的屍首必倒在這曠野；|zh
1055|14|32|32|But as for you, your dead bodies will be stretched in this waste land.|en
1056|14|33|33|你們的兒女必在曠野飄流四十年，擔當你們淫行的罪，直到你們的屍首在曠野消滅。|zh
1057|14|33|33|And your children will be wanderers in the waste land for forty years, undergoing punishment for your false ways, till your bodies become dust in the waste land.|en
1058|14|34|34|按你們窺探那地的四十日，一年頂一日，你們要擔當罪孽四十年，就知道我與你們疏遠了，|zh
1059|14|34|34|And as you went through the land viewing it for forty days, so for forty years, a year for every day, you will undergo punishment for your wrongdoing, and you will see that I am against you.|en
1060|14|35|35|我─耶和華說過，我總要這樣待這一切聚集敵我的惡會眾；他們必在這曠野消滅，在這裡死亡。|zh
1061|14|35|35|I the Lord have said it, and this I will certainly do to all this evil people who have come together against me: in this waste land destruction will come on them, and death will be their fate.|en
1062|14|36|36|摩西所打發、窺探那地的人回來，報那地的惡信，叫全會眾向摩西發怨言，|zh
1063|14|36|36|And the men whom Moses sent to see the land, and who, by the bad account they gave of the land, were the cause of the outcry the people made against Moses,|en
1064|14|37|37|這些報惡信的人都遭瘟疫，死在耶和華面前。|zh
1065|14|37|37|Those same men who said evil of the land, came to their death by disease before the Lord.|en
1066|14|38|38|其中惟有嫩的兒子約書亞和耶孚尼的兒子迦勒仍然存活。|zh
1067|14|38|38|But Joshua, the son of Nun, and Caleb, the son of Jephunneh, of those who went to see the land, were not touched by disease.|en
1068|14|39|39|摩西將這些話告訴以色列眾人，他們就甚悲哀。|zh
1069|14|39|39|And when Moses put these words before the children of Israel, the people were full of grief.|en
1070|14|40|40|清早起來，上山頂去，說：我們在這裡，我們有罪了；情願上耶和華所應許的地方去。|zh
1071|14|40|40|And early in the morning they got up and went to the top of the mountain, saying, We are here and we will go up to the place which the Lord said he would give us: for we have done wrong.|en
1072|14|41|41|摩西說：你們為何違背耶和華的命令呢？這事不能順利了。|zh
1073|14|41|41|And Moses said, Why are you now acting against the Lord's order, seeing that no good will come of it?|en
1074|14|42|42|不要上去；因為耶和華不在你們中間，恐怕你們被仇敵殺敗了。|zh
1075|14|42|42|Go not up, for the Lord is not with you, and you will be overcome by those who are fighting against you.|en
1076|14|43|43|亞瑪力人和迦南人都在你們面前，你們必倒在刀下；因你們退回不跟從耶和華，所以他必不與你們同在。|zh
1077|14|43|43|For the Amalekites and the Canaanites are there before you, and you will be put to death by their swords: because you have gone back from the way of the Lord, the Lord will not be with you.|en
1078|14|44|44|他們卻擅敢上山頂去，然而耶和華的約櫃和摩西沒有出營。|zh
1079|14|44|44|But they gave no attention to his words and went to the top of the mountain, though Moses and the ark of the Lord's agreement did not go out of the tent-circle.|en
1080|14|45|45|於是亞瑪力人和住在那山上的迦南人都下來擊打他們，把他們殺退了，直到何珥瑪。|zh
1081|14|45|45|Then the Amalekites came down, and the Canaanites who were living in the hill-country, and overcame them completely, driving them back as far as Hormah.|en
1082|15|1|1|耶和華對摩西說：|zh
1083|15|1|1|And the Lord said to Moses,|en
1084|15|2|2|你曉諭以色列人說：你們到了我所賜給你們居住的地，|zh
1085|15|2|2|Say to the children of Israel, When you have come into the land which I am giving to you for your resting-place,|en
1086|15|3|3|若願意從牛群羊群中取牛羊作火祭，獻給耶和華，無論是燔祭是平安祭，為要還特許的願，或是作甘心祭，或是逢你們節期獻的，都要奉給耶和華為馨香之祭。|zh
1087|15|3|3|And are going to make an offering by fire to the Lord, a burned offering or an offering in connection with an oath, or an offering freely given, or at your regular feasts, an offering for a sweet smell to the Lord, from the herd or the flock:|en
1088|15|4|4|那獻供物的就要將細麵伊法十分之一，並油一欣四分之一，調和作素祭，獻給耶和華。|zh
1089|15|4|4|Then let him who is making his offering, give to the Lord a meal offering of a tenth part of a measure of the best meal mixed with a fourth part of a hin of oil:|en
1090|15|5|5|無論是燔祭是平安祭，你要為每隻綿羊羔，一同預備奠祭的酒一欣四分之一。|zh
1091|15|5|5|And for the drink offering, you are to give with the burned offering or other offering, the fourth part of a hin of wine for every lamb.|en
1092|15|6|6|為公綿羊預備細麵伊法十分之二，並油一欣三分之一，調和作素祭，|zh
1093|15|6|6|Or for a male sheep, give as a meal offering two tenth parts of a measure of the best meal mixed with a third part of a hin of oil:|en
1094|15|7|7|又用酒一欣三分之一作奠祭，獻給耶和華為馨香之祭。|zh
1095|15|7|7|And for the drink offering give a third part of a hin of wine, for a sweet smell to the Lord.|en
1096|15|8|8|你預備公牛作燔祭，或是作平安祭，為要還特許的願，或是作平安祭，獻給耶和華，|zh
1097|15|8|8|And when you make ready a young ox for a burned or other offering, or for the effecting of an oath, or for peace-offerings to the Lord:|en
1098|15|9|9|就要把細麵伊法十分之三，並油半欣，調和作素祭，和公牛一同獻上，|zh
1099|15|9|9|Then with the ox give a meal offering of three tenth parts of a measure of the best meal mixed with half a hin of oil.|en
1100|15|10|10|又用酒半欣作奠祭，獻給耶和華為馨香的火祭。|zh
1101|15|10|10|And for the drink offering: give half a hin of wine, for an offering made by fire for a sweet smell to the Lord.|en
1102|15|11|11|獻公牛、公綿羊、綿羊羔、山羊羔，每隻都要這樣辦理。|zh
1103|15|11|11|This is to be done for every young ox and for every male sheep or he-lamb or young goat.|en
1104|15|12|12|照你們所預備的數目，按著隻數都要這樣辦理。|zh
1105|15|12|12|Whatever number you make ready, so you are to do for every one.|en
1106|15|13|13|凡本地人將馨香的火祭獻給耶和華，都要這樣辦理。|zh
1107|15|13|13|All those who are Israelites by birth are to do these things in this way, when giving an offering made by fire of a sweet smell to the Lord.|en
1108|15|14|14|若有外人和你們同居，或有人世世代代住在你們中間，願意將馨香的火祭獻給耶和華，你們怎樣辦理，他也要照樣辦理。|zh
1109|15|14|14|And if a man from another country or any other person living among you, through all your generations, has the desire to give an offering made by fire of a sweet smell to the Lord, let him do as you do.|en
1110|15|15|15|至於會眾，你們和同居的外人都歸一例，作為你們世世代代永遠的定例，在耶和華面前，你們怎樣，寄居的也要怎樣。|zh
1111|15|15|15|There is to be one law for you and for the man of another country living with you, one law for ever from generation to generation; as you are, so is he to be before the Lord.|en
1112|15|16|16|你們並與你們同居的外人當有一樣的條例，一樣的典章。|zh
1113|15|16|16|The law and the rule are to be the same for you and for those from other lands living with you.|en
1114|15|17|17|耶和華對摩西說：|zh
1115|15|17|17|And the Lord said to Moses,|en
1116|15|18|18|你曉諭以色列人說：你們到了我所領你們進去的那地，|zh
1117|15|18|18|Say to the children of Israel, When you come into the land where I am guiding you,|en
1118|15|19|19|吃那地的糧食，就要把舉祭獻給耶和華。|zh
1119|15|19|19|Then, when you take for your food the produce of the land, you are to give an offering lifted up before the Lord.|en
1120|15|20|20|你們要用初熟的麥子磨麵，做餅當舉祭奉獻；你們舉上，好像舉禾場的舉祭一樣，|zh
1121|15|20|20|Of the first of your rough meal you are to give a cake for a lifted offering, lifting it up before the Lord as the offering of the grain-floor is lifted up.|en
1122|15|21|21|你們世世代代要用初熟的麥子磨麵，當舉祭獻給耶和華。|zh
1123|15|21|21|From generation to generation you are to give to the Lord a lifted offering from the first of your rough meal.|en
1124|15|22|22|你們有錯誤的時候，不守耶和華所曉諭摩西的這一切命令，|zh
1125|15|22|22|And if in error you go against any of these laws which the Lord has given to Moses,|en
1126|15|23|23|就是耶和華藉摩西一切所吩咐你們的，自那日以至你們的世世代代，|zh
1127|15|23|23|All the laws which the Lord has given you by the hand of Moses, from the day when the Lord gave them, and ever after from generation to generation;|en
1128|15|24|24|若有誤行，是會眾所不知道的，後來全會眾就要將一隻公牛犢作燔祭，並照典章把素祭和奠祭一同獻給耶和華為馨香之祭，又獻一隻公山羊作贖罪祭。|zh
1129|15|24|24|Then, if the wrong is done in error, without the knowledge of the meeting of the people, let all the meeting give a young ox as a burned offering, a sweet smell to the Lord, with its meal offering and its drink offering, as is ordered in the law, together with a he-goat for a sin-offering.|en
1130|15|25|25|祭司要為以色列全會眾贖罪，他們就必蒙赦免，因為這是錯誤。他們又因自己的錯誤，把供物，就是向耶和華獻的火祭和贖罪祭，一並奉到耶和華面前。|zh
1131|15|25|25|So the priest will make the people free from sin, and they will have forgiveness; for it was an error, and they have given their offering made by fire to the Lord, and their sin-offering before the Lord, on account of their error:|en
1132|15|26|26|以色列全會眾和寄居在他們中間的外人就必蒙赦免，因為這罪是百姓誤犯的。|zh
1133|15|26|26|And all the meeting of the children of Israel, as well as those from other lands living among them, will have forgiveness; for it was an error on the part of the people.|en
1134|15|27|27|若有一個人誤犯了罪，他就要獻一歲的母山羊作贖罪祭。|zh
1135|15|27|27|And if one person does wrong, without being conscious of it, then let him give a she-goat of the first year for a sin-offering.|en
1136|15|28|28|那誤行的人犯罪的時候，祭司要在耶和華面前為他贖罪，他就必蒙赦免。|zh
1137|15|28|28|And the priest will take away the sin of the person who has done wrong, if the wrong was done unconsciously, and he will have forgiveness.|en
1138|15|29|29|以色列中的本地人和寄居在他們中間的外人，若誤行了甚麼事，必歸一樣的條例，|zh
1139|15|29|29|The law in connection with wrong done unconsciously is to be the same for him who is an Israelite by birth and for the man from another country who is living among them.|en
1140|15|30|30|但那擅敢行事的，無論是本地人是寄居的，他褻瀆了耶和華，必從民中剪除。|zh
1141|15|30|30|But the person who does wrong in the pride of his heart, if he is one of you or of another nation by birth, is acting without respect for the Lord, and will be cut off from his people.|en
1142|15|31|31|因他藐視耶和華的言語，違背耶和華的命令，那人總要剪除；他的罪孽要歸到他身上。|zh
1143|15|31|31|Because he had no respect for the word of the Lord, and did not keep his law, that man will be cut off without mercy and his sin will be on him.|en
1144|15|32|32|以色列人在曠野的時候，遇見一個人在安息日撿柴。|zh
1145|15|32|32|Now while the children of Israel were in the waste land, they saw a man who was getting sticks on the Sabbath day.|en
1146|15|33|33|遇見他撿柴的人，就把他帶到摩西、亞倫並全會眾那裡，|zh
1147|15|33|33|And those who saw him getting sticks took him before Moses and Aaron and all the people.|en
1148|15|34|34|將他收在監內；因為當怎樣辦他，還沒有指明。|zh
1149|15|34|34|And they had him shut up, because they had no directions about what was to be done with him.|en
1150|15|35|35|耶和華吩咐摩西說：總要把那人治死；全會眾要在營外用石頭把他打死。|zh
1151|15|35|35|Then the Lord said to Moses, Certainly the man is to be put to death: let him be stoned by all the people outside the tent-circle.|en
1152|15|36|36|於是全會眾將他帶到營外，用石頭打死他，是照耶和華所吩咐摩西的。|zh
1153|15|36|36|So all the people took him outside the tent-circle and he was stoned to death there, as the Lord gave orders to Moses.|en
1154|15|37|37|耶和華曉諭摩西說：|zh
1155|15|37|37|And the Lord said to Moses,|en
1156|15|38|38|你吩咐以色列人，叫他們世世代代在衣服邊上做繸子，又在底邊的繸子上釘一根藍細帶子。|zh
1157|15|38|38|Say to the children of Israel that through all their generations they are to put on the edges of their robes an ornament of twisted threads, and in every ornament a blue cord;|en
1158|15|39|39|你們佩帶這繸子，好叫你們看見就記念遵行耶和華一切的命令，不隨從自己的心意、眼目行邪淫，像你們素常一樣；|zh
1159|15|39|39|So that, looking on these ornaments, you may keep in mind the orders of the Lord and do them; and not be guided by the desires of your hearts and eyes, through which you have been untrue to me:|en
1160|15|40|40|使你們記念遵行我一切的命令，成為聖潔，歸與你們的神。|zh
1161|15|40|40|And that you may keep in mind all my orders and do them and be holy to your God.|en
1162|15|41|41|我是耶和華─你們的神，曾把你們從埃及地領出來，要作你們的　神。我是耶和華─你們的　神。|zh
1163|15|41|41|I am the Lord your God, who took you out of the land of Egypt, so that I might be your God: I am the Lord your God.|en
1164|16|1|1|利未的曾孫、哥轄的孫子、以斯哈的兒子可拉，和流便子孫中以利押的兒子大坍、亞比蘭，與比勒的兒子安，|zh
1165|16|1|1|Now Korah, the son of Izhar, the son of Kohath, the son of Levi, with Dathan and Abiram, the sons of Eliab, and On, the son of Pallu, the son of Reuben, made themselves ready,|en
1166|16|2|2|並以色列會中的二百五十個首領，就是有名望選入會中的人，在摩西面前一同起來，|zh
1167|16|2|2|And came before Moses, with certain of the children of Israel, two hundred and fifty chiefs of the people, men of good name who had a place in the meeting of the people.|en
1168|16|3|3|聚集攻擊摩西、亞倫，說：你們擅自專權！全會眾個個既是聖潔，耶和華也在他們中間，你們為甚麼自高，超過耶和華的會眾呢？|zh
1169|16|3|3|They came together against Moses and against Aaron, and said to them, You take overmuch on yourselves, seeing that all the people are holy, every one of them, and the Lord is among them; why then have you put yourselves in authority over the people of the Lord?|en
1170|16|4|4|摩西聽見這話就俯伏在地，|zh
1171|16|4|4|And Moses, hearing this, went down on his face;|en
1172|16|5|5|對可拉和他一黨的人說：到了早晨，耶和華必指示誰是屬他的，誰是聖潔的，就叫誰親近他；他所揀選的是誰，必叫誰親近他。|zh
1173|16|5|5|And he said to Korah and his band, In the morning the Lord will make clear who are his, and who is holy, and who may come near him: the man of his selection will be caused to come near him.|en
1174|16|6|6|可拉阿，你們要這樣行，你和你的一黨要拿香爐來。|zh
1175|16|6|6|So do this: let Korah and all his band take vessels for burning perfumes;|en
1176|16|7|7|明日，在耶和華面前，把火盛在爐中，把香放在其上。耶和華揀選誰，誰就為聖潔。你們這利未的子孫擅自專權了！|zh
1177|16|7|7|And put spices on the fire in them before the Lord tomorrow; then the man marked out by the Lord will be holy: you take overmuch on yourselves, you sons of Levi.|en
1178|16|8|8|摩西又對可拉說：利未的子孫哪，你們聽我說！|zh
1179|16|8|8|And Moses said to Korah, Give ear now, you sons of Levi:|en
1180|16|9|9|以色列的神從以色列會中將你們分別出來，使你們親近他，辦耶和華帳幕的事，並站在會眾面前替他們當差。|zh
1181|16|9|9|Does it seem only a small thing to you that the God of Israel has made you separate from the rest of Israel, letting you come near himself to do the work of the House of the Lord, and to take your place before the people to do what has to be done for them;|en
1182|16|10|10|耶和華又使你和你一切弟兄─利未的子孫─一同親近他，這豈為小事？你們還要求祭司的職任麼？|zh
1183|16|10|10|Letting you, and all your brothers the sons of Levi, come near to him? and would you now be priests?|en
1184|16|11|11|你和你一黨的人聚集是要攻擊耶和華。亞倫算甚麼，你們竟向他發怨言呢？|zh
1185|16|11|11|So you and all your band have come together against the Lord; and Aaron, who is he, that you are crying out against him?|en
1186|16|12|12|摩西打發人去召以利押的兒子大坍、亞比蘭。他們說：我們不上去！|zh
1187|16|12|12|Then Moses sent for Dathan and Abiram, the sons of Eliab: and they said, We will not come up:|en
1188|16|13|13|你將我們從流奶與蜜之地領上來，要在曠野殺我們，這豈為小事？你還要自立為王轄管我們麼？|zh
1189|16|13|13|Is it not enough that you have taken us from a land flowing with milk and honey, to put us to death in the waste land, but now you are desiring to make yourself a chief over us?|en
1190|16|14|14|並且你沒有將我們領到流奶與蜜之地，也沒有把田地和葡萄園給我們為業。難道你要剜這些人的眼睛麼？我們不上去！|zh
1191|16|14|14|And more than this, you have not taken us into a land flowing with milk and honey, or given us a heritage of fields and vine-gardens: will you put out the eyes of these men? We will not come up.|en
1192|16|15|15|摩西就甚發怒，對耶和華說：求你不要享受他們的供物。我並沒有奪過他們一匹驢，也沒有害過他們一個人。|zh
1193|16|15|15|Then Moses was very angry, and said to the Lord, Give no attention to their offering: not one of their asses have I taken, or done wrong to any of them.|en
1194|16|16|16|摩西對可拉說：明天，你和你一黨的人，並亞倫，都要站在耶和華面前；|zh
1195|16|16|16|And Moses said to Korah, You and all your band are to come before the Lord tomorrow, you and they and Aaron:|en
1196|16|17|17|各人要拿一個香爐，共二百五十個，把香放在上面，到耶和華面前。你和亞倫也各拿自己的香爐。|zh
1197|16|17|17|And let every man take a vessel for burning perfumes, and put sweet spices in them; let every man take his vessel before the Lord, two hundred and fifty vessels; you and Aaron and everyone with his vessel.|en
1198|16|18|18|於是他們各人拿一個香爐，盛上火，加上香，同摩西、亞倫站在會幕門前。|zh
1199|16|18|18|So every man took his vessel and they put fire in them, with spices, and came to the door of the Tent of meeting with Moses and Aaron.|en
1200|16|19|19|可拉招聚全會眾到會幕門前，要攻擊摩西、亞倫；耶和華的榮光就向全會眾顯現。|zh
1201|16|19|19|And Korah made all the people come together against them to the door of the Tent of meeting: and the glory of the Lord was seen by all the people.|en
1202|16|20|20|耶和華曉諭摩西、亞倫說：|zh
1203|16|20|20|And the Lord said to Moses and Aaron,|en
1204|16|21|21|你們離開這會眾，我好在轉眼之間把他們滅絕。|zh
1205|16|21|21|Come out from among this people, so that I may send sudden destruction on them.|en
1206|16|22|22|摩西、亞倫就俯伏在地，說：神，萬人之靈的神阿，一人犯罪，你就要向全會眾發怒麼？|zh
1207|16|22|22|Then falling down on their faces they said, O God, the God of the spirits of all flesh, because of one man's sin will your wrath be moved against all the people?|en
1208|16|23|23|耶和華曉諭摩西說：|zh
1209|16|23|23|And the Lord said to Moses,|en
1210|16|24|24|你吩咐會眾說：你們離開可拉、大坍、亞比蘭帳棚的四圍。|zh
1211|16|24|24|Say to the people, Come away from the tent of Korah Dathan, and Abiram.|en
1212|16|25|25|摩西起來，往大坍、亞比蘭那裡去；以色列的長老也隨著他去。|zh
1213|16|25|25|So Moses got up and went to Dathan and Abiram, and the responsible men of Israel went with him.|en
1214|16|26|26|他吩咐會眾說：你們離開這惡人的帳棚罷，他們的物件，甚麼都不可摸，恐怕你們陷在他們的罪中，與他們一同消滅。|zh
1215|16|26|26|And he said to the people, Come away now from the tents of these evil men, without touching anything of theirs, or you may be taken in the punishment of their sins.|en
1216|16|27|27|於是眾人離開可拉、大坍、亞比蘭帳棚的四圍。大坍、亞比蘭帶著妻子、兒女、小孩子，都出來，站在自己的帳棚門口。|zh
1217|16|27|27|So on every side they went away from the tent of Korah Dathan, and Abiram: and Dathan and Abiram came out to the door of their tents, with their wives and their sons and their little ones.|en
1218|16|28|28|摩西說：我行的這一切事本不是憑我自己心意行的，乃是耶和華打發我行的，必有證據使你們知道。|zh
1219|16|28|28|And Moses said, Now you will see that the Lord has sent me to do all these works, and I have not done them of myself.|en
1220|16|29|29|這些人死若與世人無異，或是他們所遭的與世人相同，就不是耶和華打發我來的。|zh
1221|16|29|29|If these men have the common death of men, or if the natural fate of all men overtakes them, then the Lord has not sent me.|en
1222|16|30|30|倘若耶和華創作一件新事，使地開口，把他們和一切屬他們的都吞下去，叫他們活活的墜落陰間，你們就明白這些人是藐視耶和華了。|zh
1223|16|30|30|But if the Lord does something new, opening the earth to take them in, with everything which is theirs, and they go down living into the underworld, then it will be clear to you that the Lord has not been honoured by these men.|en
1224|16|31|31|摩西剛說完了這一切話，他們腳下的地就開了口，|zh
1225|16|31|31|And while these words were on his lips, the earth under them was parted in two;|en
1226|16|32|32|把他們和他們的家眷，並一切屬可拉的人丁、財物，都吞下去。|zh
1227|16|32|32|And the earth, opening her mouth, took them in, with their families, and all the men who were joined to Korah, and their goods.|en
1228|16|33|33|這樣，他們和一切屬他們的，都活活的墜落陰間；地口在他們上頭照舊合閉，他們就從會中滅亡。|zh
1229|16|33|33|So they and all theirs went down living into the underworld, and the earth was shut over them, and they were cut off from among the meeting of the people.|en
1230|16|34|34|在他們四圍的以色列眾人聽他們呼號，就都逃跑，說：恐怕地也把我們吞下去。|zh
1231|16|34|34|And all Israel round about them went in flight at their cry, For fear, said they, that we go down into the heart of the earth.|en
1232|16|35|35|又有火從耶和華那裡出來，燒滅了那獻香的二百五十個人。|zh
1233|16|35|35|Then fire came out from the Lord, burning up the two hundred and fifty men who were offering the perfume.|en
1234|16|36|36|耶和華曉諭摩西說：|zh
1235|16|36|36|And the Lord said to Moses,|en
1236|16|37|37|你吩咐祭司亞倫的兒子以利亞撒從火中撿起那些香爐來，把火撒在別處，因為那些香爐是聖的。|zh
1237|16|37|37|Say to Eleazar, the son of Aaron the priest, that he is to take out of the flames the vessels with the perfumes in them, turning the fire out of them, for they are holy;|en
1238|16|38|38|把那些犯罪、自害己命之人的香爐，叫人錘成片子，用以包壇。那些香爐本是他們在耶和華面前獻過的，所以是聖的，並且可以給以色列人作記號。|zh
1239|16|38|38|And let the vessels of those men, who with their lives have made payment for their sin, be hammered out into plates as a cover for the altar; for they have been offered before the Lord and are holy; so that they may be a sign to the children of Israel.|en
1240|16|39|39|於是祭司以利亞撒將被燒之人所獻的銅香爐拿來，人就錘出來，用以包壇，|zh
1241|16|39|39|So Eleazar the priest took the brass vessels which had been offered by those who were burned up, and they were hammered out to make a cover for the altar:|en
1242|16|40|40|給以色列人作紀念，使亞倫後裔之外的人不得近前來在耶和華面前燒香，免得他遭可拉和他一黨所遭的。這乃是照耶和華藉著摩西所吩咐的。|zh
1243|16|40|40|To be a sign, kept in memory for ever by the children of Israel, that no man who is not of the seed of Aaron has the right of burning spices before the Lord, so that he may not be like Korah and his band: as the Lord said to him by the mouth of Moses.|en
1244|16|41|41|第二天，以色列全會眾都向摩西、亞倫發怨言說：你們殺了耶和華的百姓了。|zh
1245|16|41|41|But on the day after, all the children of Israel made an outcry against Moses and against Aaron, saying, You have put to death the Lord's people.|en
1246|16|42|42|會眾聚集攻擊摩西、亞倫的時候，向會幕觀看，不料，有雲彩遮蓋了，耶和華的榮光顯現。|zh
1247|16|42|42|Now when the people had come together against Moses and Aaron, looking in the direction of the Tent of meeting, they saw the cloud covering it, and the glory of the Lord came before their eyes.|en
1248|16|43|43|摩西、亞倫就來到會幕前。|zh
1249|16|43|43|Then Moses and Aaron came to the front of the Tent of meeting.|en
1250|16|44|44|耶和華吩咐摩西說：|zh
1251|16|44|44|And the Lord said to Moses,|en
1252|16|45|45|你們離開這會眾，我好在轉眼之間把他們滅絕。他們二人就俯伏於地。|zh
1253|16|45|45|Come out from among this people, so that I may send sudden destruction on them. And they went down on their faces.|en
1254|16|46|46|摩西對亞倫說：拿你的香爐，把壇上的火盛在其中，又加上香，快快帶到會眾那裡，為他們贖罪；因為有忿怒從耶和華那裡出來，瘟疫已經發作了。|zh
1255|16|46|46|And Moses said to Aaron, Take your vessel and put in it fire from the altar, and sweet spices, and take it quickly into the meeting of the people, and make them free from sin: for wrath has gone out from the Lord, and the disease is starting.|en
1256|16|47|47|亞倫照著摩西所說的拿來，跑到會中，不料，瘟疫在百姓中已經發作了。他就加上香，為百姓贖罪。|zh
1257|16|47|47|And at the words of Moses, Aaron took his vessel, and went running among the people; and even then the disease had made a start among them; and he put spices in his vessel to take away the sin of the people.|en
1258|16|48|48|他站在活人死人中間，瘟疫就止住了。|zh
1259|16|48|48|And he took his place between the dead and the living: and the disease was stopped.|en
1260|16|49|49|除了因可拉事情死的以外，遭瘟疫死的，共有一萬四千七百人。|zh
1261|16|49|49|Now fourteen thousand, seven hundred deaths were caused by that disease, in addition to those who came to their end because of what Korah had done.|en
1262|16|50|50|亞倫回到會幕門口，到摩西那裡，瘟疫已經止住了。|zh
1263|16|50|50|Then Aaron went back to Moses to the door of the Tent of meeting: and the disease came to a stop.|en
1264|17|1|1|耶和華對摩西說：|zh
1265|17|1|1|And the Lord said to Moses,|en
1266|17|2|2|你曉諭以色列人，從他們手下取杖，每支派一根；從他們所有的首領，按著支派，共取十二根。你要將各人的名字寫在各人的杖上，|zh
1267|17|2|2|Say to the children of Israel that they are to give you rods, one for every family, for every chief, the head of his father's house, making twelve rods; let every man's name be placed on his rod.|en
1268|17|3|3|並要將亞倫的名字寫在利未的杖上，因為各族長必有一根杖。|zh
1269|17|3|3|And let Aaron's name be placed on the rod of Levi: for there is to be one rod for the head of every family.|en
1270|17|4|4|你要把這些杖存在會幕內法櫃前，就是我與你們相會之處。|zh
1271|17|4|4|And let them be stored up in the Tent of meeting, in front of the ark of witness where I come to you.|en
1272|17|5|5|後來我所揀選的那人，他的杖必發芽。這樣，我必使以色列人向你們所發的怨言止息，不再達到我耳中。|zh
1273|17|5|5|And the rod of that man who is marked out by me for myself will have buds on it; so I will put a stop to the outcries which the children of Israel make to me against you.|en
1274|17|6|6|於是摩西曉諭以色列人，他們的首領就把杖交給他，按著支派，每首領一根，共有十二根；亞倫的杖也在其中。|zh
1275|17|6|6|So Moses gave these orders to the children of Israel, and all their chiefs gave him rods, one for the head of every family, making twelve rods: and Aaron's rod was among them.|en
1276|17|7|7|摩西就把杖存在法櫃的帳幕內，在耶和華面前。|zh
1277|17|7|7|And Moses put the rods before the Lord in the Tent of witness.|en
1278|17|8|8|第二天，摩西進法櫃的帳幕去。誰知利未族亞倫的杖已經發了芽，生了花苞，開了花，結了熟杏。|zh
1279|17|8|8|Now on the day after, Moses went into the Tent of witness; and he saw that Aaron's rod, the rod of the house of Levi, had put out buds, and was covered with buds and flowers and fruit.|en
1280|17|9|9|摩西就把所有的杖從耶和華面前拿出來，給以色列眾人看；他們看見了，各首領就把自己的杖拿去。|zh
1281|17|9|9|Then Moses took out all the rods from before the Lord, and gave them back to the children of Israel: and they saw them, and every man took his rod.|en
1282|17|10|10|耶和華吩咐摩西說：把亞倫的杖還放在法櫃前，給這些背叛之子留作記號。這樣，你就使他們向我發的怨言止息，免得他們死亡。|zh
1283|17|10|10|And the Lord said to Moses, Put Aaron's rod back in front of the ark of witness, to be kept for a sign against this false-hearted people, so that you may put a stop to their outcries against me, and death may not overtake them.|en
1284|17|11|11|摩西就這樣行。耶和華怎樣吩咐他，他就怎樣行了。|zh
1285|17|11|11|This Moses did: as the Lord gave orders, so he did.|en
1286|17|12|12|以色列人對摩西說：我們死喇！我們滅亡喇！都滅亡喇！|zh
1287|17|12|12|And the children of Israel said to Moses, Truly, destruction has come on us; an evil fate has overtaken us all.|en
1288|17|13|13|凡挨近耶和華帳幕的是必死的。我們都要死亡麼？|zh
1289|17|13|13|Death will overtake everyone who comes near, who comes near the House of the Lord: are we all to come to destruction?|en
1290|18|1|1|耶和華對亞倫說：你和你的兒子，並你本族的人，要一同擔當干犯聖所的罪孽。你和你的兒子也要一同擔當干犯祭司職任的罪孽。|zh
1291|18|1|1|And the Lord said to Aaron, You and your sons and your father's family are to be responsible for all wrongdoing in relation to the holy place: and you and your sons are to be responsible for the errors which come about in your work as priests.|en
1292|18|2|2|你要帶你弟兄利未人，就是你祖宗支派的人前來，使他們與你聯合，服事你，只是你和你的兒子，要一同在法櫃的帳幕前供職。|zh
1293|18|2|2|Let your brothers, the family of Levi, come near with you, so that they may be joined with you and be your servants: but you and your sons with you are to go in before the ark of witness.|en
1294|18|3|3|他們要守所吩咐你的，並守全帳幕，只是不可挨近聖所的器具和壇，免得他們和你們都死亡。|zh
1295|18|3|3|They are to do your orders and be responsible for the work of the Tent; but they may not come near the vessels of the holy place or the altar, so that death may not overtake them or you.|en
1296|18|4|4|他們要與你聯合，也要看守會幕，辦理帳幕一切的事，只是外人不可挨近你們。|zh
1297|18|4|4|They are to be joined with you in the care of the Tent of meeting, doing whatever is needed for the Tent: and no one of any other family may come near you.|en
1298|18|5|5|你們要看守聖所和壇，免得忿怒再臨到以色列人。|zh
1299|18|5|5|You are to be responsible for the holy place and the altar, so that wrath may never again come on the children of Israel.|en
1300|18|6|6|我已將你們的弟兄利未人從以色列人中揀選出來歸耶和華，是給你們為賞賜的，為要辦理會幕的事。|zh
1301|18|6|6|Now, see, I have taken your brothers the Levites from among the children of Israel: they are given to you and to the Lord, to do the work of the Tent of meeting.|en
1302|18|7|7|你和你的兒子要為一切屬壇和幔子內的事一同守祭司的職任。你們要這樣供職；我將祭司的職任給你們當作賞賜事奉我。凡挨近的外人必被治死。|zh
1303|18|7|7|And you and your sons with you are to be responsible as priests for the altar and everything on it, and everything inside the veil; you are to do the work of priests; I have given you your position as priests; and any other man who comes near will be put to death.|en
1304|18|8|8|耶和華曉諭亞倫說：我已將歸我的舉祭，就是以色列人一切分別為聖的物，交給你經管；因你受過膏，把這些都賜給你和你的子孫，當作永得的分。|zh
1305|18|8|8|And the Lord said to Aaron, See, I have given into your care my lifted offerings; even all the holy things of the children of Israel I have given to you and to your sons as your right for ever, because you have been marked with the holy oil.|en
1306|18|9|9|以色列人歸給我至聖的供物，就是一切的素祭、贖罪祭、贖愆祭，其中所有存留不經火的，都為至聖之物，要歸給你和你的子孫。|zh
1307|18|9|9|This is to be yours of the most holy things, out of the fire offerings; every offering of theirs, every meal offering and sin-offering, and every offering which they make on account of error, is to be most holy for you and your sons.|en
1308|18|10|10|你要拿這些當至聖物吃；凡男丁都可以吃。你當以此物為聖。|zh
1309|18|10|10|As most holy things they are to be your food: let every male have them for food; it is to be holy to you.|en
1310|18|11|11|以色列人所獻的舉祭並搖祭都是你的；我已賜給你和你的兒女，當作永得的分；凡在你家中的潔淨人都可以吃。|zh
1311|18|11|11|And this is yours: the lifted offering which they give and all the wave offerings of the children of Israel I have given to you and to your sons and to your daughters as your right for ever: everyone in your house who is clean may have them for food.|en
1312|18|12|12|凡油中、新酒中、五穀中至好的，就是以色列人所獻給耶和華初熟之物，我都賜給你。|zh
1313|18|12|12|All the best of the oil and the wine and the grain, the first-fruits of them which they give to the Lord, to you have I given them.|en
1314|18|13|13|凡從他們地上所帶來給耶和華初熟之物也都要歸與你。你家中的潔淨人都可以吃。|zh
1315|18|13|13|The earliest produce from their land which they take to the Lord is to be yours; everyone in your house who is clean may have it for his food.|en
1316|18|14|14|以色列中一切永獻的都必歸與你。|zh
1317|18|14|14|Everything given by oath to the Lord in Israel is to be yours.|en
1318|18|15|15|他們所有奉給耶和華的，連人帶牲畜，凡頭生的，都要歸給你；只是人頭生的，總要贖出來；不潔淨牲畜頭生的，也要贖出來。|zh
1319|18|15|15|The first birth of every living thing which is offered to the Lord, of man or beast, is to be yours; but for the first sons of man payment is to be made, and for the first young of unclean beasts.|en
1320|18|16|16|其中在一月之外所當贖的，要照你所估定的價，按聖所的平，用銀子五舍客勒贖出來（一舍客勒是二十季拉）。|zh
1321|18|16|16|Payment is to be made for these when they are a month old, at the value fixed by you, a price of five shekels by the scale of the holy place, that is, twenty gerahs to the shekel.|en
1322|18|17|17|只是頭生的牛，或是頭生的綿羊和山羊，必不可贖，都是聖的，要把他的血灑在壇上，把他的脂油焚燒，當作馨香的火祭獻給耶和華。|zh
1323|18|17|17|But no such payment may be made for the first birth of an ox or a sheep or a goat; these are holy: their blood is to be dropped on the altar, and their fat burned for an offering made by fire, a sweet smell to the Lord.|en
1324|18|18|18|他的肉必歸你，像被搖的胸、被舉的右腿歸你一樣。|zh
1325|18|18|18|Their flesh is to be yours; like the breast of the wave offering and the right leg, it is to be yours.|en
1326|18|19|19|凡以色列人所獻給耶和華聖物中的舉祭，我都賜給你和你的兒女，當作永得的分。這是給你和你的後裔、在耶和華面前作為永遠的鹽約（鹽即不廢壞的意思）。|zh
1327|18|19|19|All the lifted offerings of the holy things which the children of Israel give to the Lord, I have given to you and to your sons and to your daughters as a right for ever. This is an agreement made with salt before the Lord, to you and to your seed for ever.|en
1328|18|20|20|耶和華對亞倫說：你在以色列人的境內不可有產業，在他們中間也不可有分。我就是你的分，是你的產業。|zh
1329|18|20|20|And the Lord said to Aaron, You will have no heritage in their land, or any part among them; I am your part and your heritage among the children of Israel.|en
1330|18|21|21|凡以色列中出產的十分之一，我已賜給利未的子孫為業；因他們所辦的是會幕的事，所以賜給他們為酬他們的勞。|zh
1331|18|21|21|And to the children of Levi I have given as their heritage all the tenths offered in Israel, as payment for the work they do, the work of the Tent of meeting.|en
1332|18|22|22|從今以後，以色列人不可挨近會幕，免得他們擔罪而死。|zh
1333|18|22|22|In future the children of Israel are not to come near the Tent of meeting, so that death may not come to them because of sin.|en
1334|18|23|23|惟獨利未人要辦會幕的事，擔當罪孽；這要作你們世世代代永遠的定例。他們在以色列人中不可有產業；|zh
1335|18|23|23|But the Levites are to do the work of the Tent of meeting, and be responsible for errors in connection with it: this is a law for ever through all your generations; and among the children of Israel they will have no heritage.|en
1336|18|24|24|因為以色列人中出產的十分之一，就是獻給耶和華為舉祭的，我已賜給利未人為業。所以我對他們說：在以色列人中不可有產業。|zh
1337|18|24|24|For the tenths which the children of Israel give as a lifted offering to the Lord I have given to the Levites as their heritage. and so I have said to them, Among the children of Israel they will have no heritage.|en
1338|18|25|25|耶和華吩咐摩西說：|zh
1339|18|25|25|And the Lord said to Moses,|en
1340|18|26|26|你曉諭利未人說：你們從以色列人中所取的十分之一，就是我給你們為業的，要再從那十分之一中取十分之一作為舉祭獻給耶和華，|zh
1341|18|26|26|Say to the Levites, When you take from the children of Israel the tenth which I have given to you from them as your heritage, a tenth part of that tenth is to be offered as an offering lifted up before the Lord.|en
1342|18|27|27|這舉祭要算為你們場上的穀，又如滿酒醡的酒。|zh
1343|18|27|27|And this lifted offering is to be put to your credit as if it was grain from the grain-floor and wine from the vines.|en
1344|18|28|28|這樣，你們從以色列人中所得十分之一也要作舉祭獻給耶和華，從這十分之一中，將所獻給耶和華的舉祭歸給祭司亞倫。|zh
1345|18|28|28|So you are to make an offering lifted up to the Lord from all the tenths which you get from the children of Israel, giving out of it the Lord's lifted offering to Aaron the priest.|en
1346|18|29|29|奉給你們的一切禮物，要從其中將至好的，就是分別為聖的，獻給耶和華為舉祭。|zh
1347|18|29|29|From everything given to you, let the best of it, the holy part of it, be offered as a lifted offering to the Lord.|en
1348|18|30|30|所以你要對利未人說：你們從其中將至好的舉起，這就算為你們場上的糧，又如酒醡的酒。|zh
1349|18|30|30|Say to them, then, When the best of it is lifted up on high, it is to be put to the account of the Levites as the increase of the grain-floor and of the place where the grapes are crushed.|en
1350|18|31|31|你們和你們家屬隨處可以吃；這原是你們的賞賜，是酬你們在會幕裡辦事的勞。|zh
1351|18|31|31|It is to be your food, for you and your families in every place: it is your reward for your work in the Tent of meeting.|en
1352|18|32|32|你們從其中將至好的舉起，就不至因這物擔罪。你們不可褻瀆以色列人的聖物，免得死亡。|zh
1353|18|32|32|And no sin will be yours on account of it, when the best of it has been lifted up on high; you are not to make a wrong use of the holy things of the children of Israel, so that death may not overtake you.|en
1354|19|1|1|耶和華曉諭摩西、亞倫說：|zh
1355|19|1|1|And the Lord said to Moses and Aaron,|en
1356|19|2|2|耶和華命定律法中的一條律例乃是這樣說：你要吩咐以色列人，把一隻沒有殘疾、未曾負軛、純紅的母牛牽到你這裡來，|zh
1357|19|2|2|This is the rule of the law which the Lord has made, saying, Give orders to the children of Israel to give you a red cow without any mark on her, and on which the yoke has never been put:|en
1358|19|3|3|交給祭司以利亞撒；他必牽到營外，人就把牛宰在他面前。|zh
1359|19|3|3|Give her to Eleazar the priest and let him take her outside the tent-circle and have her put to death before him.|en
1360|19|4|4|祭司以利亞撒要用指頭蘸這牛的血，向會幕前面彈七次。|zh
1361|19|4|4|Then let Eleazar the priest take some of her blood on his finger, shaking the blood seven times in the direction of the front of the Tent of meeting:|en
1362|19|5|5|人要在他眼前把這母牛焚燒；牛的皮、肉、血、糞都要焚燒。|zh
1363|19|5|5|And the cow is to be burned before him, her skin and her flesh and her blood and her waste are to be burned:|en
1364|19|6|6|祭司要把香柏木、牛膝草、朱紅色線都丟在燒牛的火中。|zh
1365|19|6|6|Then let the priest take cedar-wood and hyssop and red thread, and put them into the fire where the cow is burning.|en
1366|19|7|7|祭司必不潔淨到晚上，要洗衣服，用水洗身，然後可以進營。|zh
1367|19|7|7|And the priest, after washing his clothing and bathing his body in water, may come back to the tent-circle, and will be unclean till evening.|en
1368|19|8|8|燒牛的人必不潔淨到晚上，也要洗衣服，用水洗身。|zh
1369|19|8|8|And he who does the burning is to have his clothing washed and his body bathed in water and be unclean till evening.|en
1370|19|9|9|必有一個潔淨的人收起母牛的灰，存在營外潔淨的地方，為以色列會眾調做除污穢的水。這本是除罪的。|zh
1371|19|9|9|Then let a man who is clean take the dust of the burned cow and put it outside the tent-circle in a clean place, where it is to be kept for the children of Israel and used in making the water which takes away what is unclean: it is a sin-offering.|en
1372|19|10|10|收起母牛灰的人必不潔淨到晚上，要洗衣服。這要給以色列人和寄居在他們中間的外人作為永遠的定例。|zh
1373|19|10|10|And he who takes up the dust of the burned cow is to have his clothing washed with water and be unclean till evening: this is to be a law for ever, for the children of Israel as well as for the man from another country who is living among them.|en
1374|19|11|11|摸了人死屍的，就必七天不潔淨。|zh
1375|19|11|11|Anyone touching a dead body will be unclean for seven days:|en
1376|19|12|12|那人到第三天要用這除污穢的水潔淨自己，第七天就潔淨了。他若在第三天不潔淨自己，第七天就不潔淨了。|zh
1377|19|12|12|On the third day and on the seventh day he is to make himself clean with the water, and so he will be clean: but if he does not do this on the third day and on the seventh day, he will not be clean.|en
1378|19|13|13|凡摸了人死屍、不潔淨自己的，就玷污了耶和華的帳幕，這人必從以色列中剪除；因為那除污穢的水沒有灑在他身上，他就為不潔淨，污穢還在他身上。|zh
1379|19|13|13|Anyone touching the body of a dead man without making himself clean in this way, makes the House of the Lord unclean; and that man will be cut off from Israel: because the water was not put on him, he will be unclean; his unclean condition is unchanged.|en
1380|19|14|14|人死在帳棚裡的條例乃是這樣：凡進那帳棚的，和一切在帳棚裡的，都必七天不潔淨。|zh
1381|19|14|14|This is the law when death comes to a man in his tent: everyone who comes into the tent, and everyone who is in the tent, will be unclean for seven days.|en
1382|19|15|15|凡敞口的器皿，就是沒有紮上蓋的，也是不潔淨。|zh
1383|19|15|15|And every open vessel without a cover fixed on it will be unclean.|en
1384|19|16|16|無論何人在田野裡摸了被刀殺的，或是屍首，或是人的骨頭，或是墳墓，就要七天不潔淨。|zh
1385|19|16|16|And anyone touching one who has been put to death with the sword in the open country, or the body of one who has come to his end by a natural death, or a man's bone, or the resting-place of a dead body, will be unclean for seven days.|en
1386|19|17|17|要為這不潔淨的人拿些燒成的除罪灰放在器皿裡，倒上活水。|zh
1387|19|17|17|And for the unclean, they are to take the dust of the burning of the sin-offering, and put flowing water on it in a vessel:|en
1388|19|18|18|必當有一個潔淨的人拿牛膝草蘸在這水中，把水灑在帳棚上，和一切器皿並帳棚內的眾人身上，又灑在摸了骨頭，或摸了被殺的，或摸了自死的，或摸了墳墓的那人身上。|zh
1389|19|18|18|And a clean person is to take hyssop and put it in the water, shaking it over the tent, and all the vessels, and the people who were there, and over him by whom the bone, or the body of one who has been put to death with the sword, or the body of one who has come to his end by a natural death, or the resting-place was touched.|en
1390|19|19|19|第三天和第七天，潔淨的人要灑水在不潔淨的人身上，第七天就使他成為潔淨。那人要洗衣服，用水洗澡，到晚上就潔淨了。|zh
1391|19|19|19|Let the clean person do this to the unclean on the third day and on the seventh day: and on the seventh day he is to make him clean; and after washing his clothing and bathing himself in water, he will be clean in the evening.|en
1392|19|20|20|但那污穢而不潔淨自己的，要將他從會中剪除，因為他玷污了耶和華的聖所。除污穢的水沒有灑在他身上，他是不潔淨的。|zh
1393|19|20|20|But the man who, being unclean, does not make himself clean in this way, will be cut off from the meeting of the people, because he has made the holy place of the Lord unclean: the water has not been put on him, he is unclean.|en
1394|19|21|21|這要給你們作為永遠的定例。並且那灑除污穢水的人要洗衣服。凡摸除污穢水的，必不潔淨到晚上。|zh
1395|19|21|21|This is to be a law for them for ever: he who puts the water on the unclean person is to have his clothing washed; and anyone touching the water will be unclean till evening.|en
1396|19|22|22|不潔淨人所摸的一切物就不潔淨；摸了這物的人必不潔淨到晚上。|zh
1397|19|22|22|Anything touched by the unclean person will be unclean; and any person touching it will be unclean till evening.|en
1398|20|1|1|正月間，以色列全會眾到了尋的曠野，就住在加低斯。米利暗死在那裡，就葬在那裡。|zh
1399|20|1|1|In the first month all the children of Israel came into the waste land of Zin, and put up their tents in Kadesh; there death came to Miriam, and they put her body to rest in the earth.|en
1400|20|2|2|會眾沒有水喝，就聚集攻擊摩西、亞倫。|zh
1401|20|2|2|And there was no water for the people: and they came together against Moses and against Aaron.|en
1402|20|3|3|百姓向摩西爭鬧說：我們的弟兄曾死在耶和華面前，我們恨不得與他們同死。|zh
1403|20|3|3|And the people were angry with Moses and said, If only death had overtaken us when our brothers came to their death before the Lord!|en
1404|20|4|4|你們為何把耶和華的會眾領到這曠野、使我們和牲畜都死在這裡呢？|zh
1405|20|4|4|Why have you taken the Lord's people into this waste, for death to come to us and to our cattle there?|en
1406|20|5|5|你們為何逼著我們出埃及、領我們到這壞地方呢？這地方不好撒種，也沒有無花果樹、葡萄樹、石榴樹，又沒有水喝。|zh
1407|20|5|5|Why have you made us come out of Egypt into this evil place? This is no place of seed or figs or vines or other fruits, and there is no water for drinking.|en
1408|20|6|6|摩西、亞倫離開會眾，到會幕門口，俯伏在地；耶和華的榮光向他們顯現。|zh
1409|20|6|6|Then Moses and Aaron went away from the people to the door of the Tent of meeting; and, falling on their faces there, they saw the glory of the Lord.|en
1410|20|7|7|耶和華曉諭摩西說：|zh
1411|20|7|7|And the Lord said to Moses,|en
1412|20|8|8|你拿著杖去，和你的哥哥亞倫招聚會眾，在他們眼前吩咐磐石發出水來，水就從磐石流出，給會眾和他們的牲畜喝。|zh
1413|20|8|8|Take the rod, you and Aaron, your brother, and make all the people come together, and before their eyes give orders to the rock to give out its water; and so make water come out of the rock for them, and give the people and their cattle drink.|en
1414|20|9|9|於是摩西照耶和華所吩咐的，從耶和華面前取了杖去。|zh
1415|20|9|9|And Moses took the rod from before the Lord as he gave him orders.|en
1416|20|10|10|摩西、亞倫就招聚會眾到磐石前。摩西說：你們這些背叛的人聽我說：我為你們使水從這磐石中流出來麼？|zh
1417|20|10|10|Then Moses and Aaron made the people come together in front of the rock, and he said to them, Give ear now, you people whose hearts are turned from the Lord; are we to get water for you out of the rock?|en
1418|20|11|11|摩西舉手，用杖擊打磐石兩下，就有許多水流出來，會眾和他們的牲畜都喝了。|zh
1419|20|11|11|And lifting up his hand, Moses gave the rock two blows with his rod: and water came streaming out, and the people and their cattle had drink enough.|en
1420|20|12|12|耶和華對摩西、亞倫說：因為你們不信我，不在以色列人眼前尊我為聖，所以你們必不得領這會眾進我所賜給他們的地去。|zh
1421|20|12|12|Then the Lord said to Moses and Aaron, Because you had not enough faith in me to keep my name holy before the children of Israel, you will not take this people into the land which I have given them.|en
1422|20|13|13|這水名叫米利巴水，是因以色列人向耶和華爭鬧，耶和華就在他們面前顯為聖。（米利巴就是爭鬧的意思）|zh
1423|20|13|13|These are the waters of Meribah; because the children of Israel went against the Lord, and they saw that he was holy among them.|en
1424|20|14|14|摩西從加低斯差遣使者去見以東王，說：你的弟兄以色列人這樣說：我們所遭遇的一切艱難，|zh
1425|20|14|14|Then Moses sent men from Kadesh to the king of Edom to say to him, Your brother Israel says, You have knowledge of all the things we have been through;|en
1426|20|15|15|就是我們的列祖下到埃及，我們在埃及久住；埃及人惡待我們的列祖和我們，|zh
1427|20|15|15|How our fathers went down into Egypt, and we were living in Egypt for a long time; and the Egyptians were cruel to us and to our fathers:|en
1428|20|16|16|我們哀求耶和華的時候，他聽了我們的聲音，差遣使者把我們從埃及領出來。這事你都知道。如今，我們在你邊界上的城加低斯。|zh
1429|20|16|16|And the Lord gave ear to the voice of our cry, and sent an angel and took us out of Egypt: and now we are in Kadesh, a town on the edge of your land;|en
1430|20|17|17|求你容我們從你的地經過。我們不走田間和葡萄園，也不喝井裡的水，只走大道（原文作王道），不偏左右，直到過了你的境界。|zh
1431|20|17|17|Let us now go through your land: we will not go into field or vine-garden, or take the water of the springs; we will go by the highway, not turning to the right or to the left, till we have gone past the limits of your land.|en
1432|20|18|18|以東王說：你不可從我的地經過，免得我帶刀出去攻擊你。|zh
1433|20|18|18|And Edom said, You are not to go through my land, for if you do I will come out against you with the sword.|en
1434|20|19|19|以色列人說：我們要走大道上去；我們和牲畜若喝你的水，必給你價值。不求別的，只求你容我們步行過去。|zh
1435|20|19|19|And the children of Israel said to him, We will go up by the highway: and if we or our cattle take of your water, we will give you a price for it: only let us go through on our feet, nothing more.|en
1436|20|20|20|以東王說：你們不可經過！就率領許多人出來，要用強硬的手攻擊以色列人。|zh
1437|20|20|20|But he said, You are not to go through. And Edom came out against them in his strength, with a great army.|en
1438|20|21|21|這樣，以東王不肯容以色列人從他的境界過去。於是他們轉去，離開他。|zh
1439|20|21|21|So Edom would not let Israel go through his land; and Israel went in another direction.|en
1440|20|22|22|以色列全會眾從加低斯起行，到了何珥山。|zh
1441|20|22|22|And they went on from Kadesh, and came, with all their people, to Mount Hor.|en
1442|20|23|23|耶和華在附近以東邊界的何珥山上曉諭摩西、亞倫說：|zh
1443|20|23|23|And at Mount Hor, at the edge of the land of Edom, the Lord said to Moses and Aaron,|en
1444|20|24|24|亞倫要歸到他列祖（原文作本民）那裡。他必不得入我所賜給以色列人的地；因為在米利巴水，你們違背了我的命。|zh
1445|20|24|24|Aaron will be put to rest with his people; he will not go into the land which I have given to the children of Israel, because you went against my word at the waters of Meribah.|en
1446|20|25|25|你帶亞倫和他的兒子以利亞撒上何珥山，|zh
1447|20|25|25|So take Aaron and Eleazar, his son, up into Mount Hor;|en
1448|20|26|26|把亞倫的聖衣脫下來，給他的兒子以利亞撒穿上；亞倫必死在那裡，歸他列祖。|zh
1449|20|26|26|And take Aaron's robes off him and put them on Eleazar, his son: and death will come to Aaron there, and he will be put to rest with his people.|en
1450|20|27|27|摩西就照耶和華所吩咐的行。三人當著會眾的眼前上了何珥山。|zh
1451|20|27|27|So Moses did as the Lord had said, and before the eyes of all the people they went up Mount Hor.|en
1452|20|28|28|摩西把亞倫的聖衣脫下來，給他的兒子以利亞撒穿上，亞倫就死在山頂那裡。於是摩西和以利亞撒下了山。|zh
1453|20|28|28|And Moses took off Aaron's robes, and put them on Eleazar, his son; and there on the top of the mountain death came to Aaron: then Moses and Eleazar came down from the mountain.|en
1454|20|29|29|全會眾，就是以色列全家，見亞倫已經死了，便都為亞倫哀哭了三十天。|zh
1455|20|29|29|And when the people saw that Aaron was dead, all the children of Israel gave themselves up to weeping for him for thirty days.|en
1456|21|1|1|住南地的迦南人亞拉得王，聽說以色列人從亞他林路來，就和以色列人爭戰，擄了他們幾個人。|zh
1457|21|1|1|And it came to the ears of the Canaanite, the king of Arad, living in the South, that Israel was coming by the way of Atharim, and he came out against them and took some of them prisoners.|en
1458|21|2|2|以色列人向耶和華發願說：你若將這民交付我手，我就把他們的城邑盡行毀滅。|zh
1459|21|2|2|Then Israel made an oath to the Lord, and said, If you will give up this people into my hands, then I will send complete destruction on all their towns.|en
1460|21|3|3|耶和華應允了以色列人，把迦南人交付他們，他們就把迦南人和迦南人的城邑盡行毀滅。那地方的名便叫何珥瑪（何珥瑪就是毀滅的意思）。|zh
1461|21|3|3|And the Lord, in answer to the voice of Israel, gave the Canaanites up to them; and they put them and their towns completely to destruction: and that place was named Hormah.|en
1462|21|4|4|他們從何珥山起行，往紅海那條路走，要繞過以東地。百姓因這路難行，心中甚是煩躁，|zh
1463|21|4|4|Then they went on from Mount Hor by the way to the Red Sea, going round the land of Edom: and the spirit of the people was overcome with weariness on the way.|en
1464|21|5|5|就怨讟神和摩西說：你們為甚麼把我們從埃及領出來、使我們死在曠野呢？這裡沒有糧，沒有水，我們的心厭惡這淡薄的食物。|zh
1465|21|5|5|And crying out against God and against Moses, they said, Why have you taken us out of Egypt to come to our death in the waste land? For there is no bread and no water, and this poor bread is disgusting to us.|en
1466|21|6|6|於是耶和華使火蛇進入百姓中間，蛇就咬他們。以色列人中死了許多。|zh
1467|21|6|6|Then the Lord sent poison-snakes among the people; and their bites were a cause of death to numbers of the people of Israel.|en
1468|21|7|7|百姓到摩西那裡，說：我們怨讟耶和華和你，有罪了。求你禱告耶和華，叫這些蛇離開我們。於是摩西為百姓禱告。|zh
1469|21|7|7|Then the people came to Moses and said, We have done wrong in crying out against the Lord and against you: make prayer to the Lord to take away the snakes from us. So Moses made prayer for the people.|en
1470|21|8|8|耶和華對摩西說：你製造一條火蛇，掛在杆子上；凡被咬的，一望這蛇，就必得活。|zh
1471|21|8|8|And the Lord said to Moses, Make an image of a snake and put it on a rod, and anyone who has been wounded by the snakes, looking on it will be made well.|en
1472|21|9|9|摩西便製造一條銅蛇，掛在杆子上；凡被蛇咬的，一望這銅蛇就活了。|zh
1473|21|9|9|So Moses made a snake of brass and put it on a rod; and anyone who had a snakebite, after looking on the snake of brass, was made well.|en
1474|21|10|10|以色列人起行，安營在阿伯。|zh
1475|21|10|10|Then the children of Israel went on and put up their tents in Oboth.|en
1476|21|11|11|又從阿伯起行，安營在以耶亞巴琳，與摩押相對的曠野，向日出之地。|zh
1477|21|11|11|And journeying on again from Oboth, they put up their tents in Iye-abarim, in the waste land before Moab looking east.|en
1478|21|12|12|從那裡起行，安營在撒烈谷。|zh
1479|21|12|12|And moving on from there, they put up their tents in the valley of Zered.|en
1480|21|13|13|從那裡起行，安營在亞嫩河那邊。這亞嫩河是在曠野，從亞摩利的境界流出來的；原來亞嫩河是摩押的邊界，在摩押和亞摩利人搭界的地方。|zh
1481|21|13|13|From there they went on and put up their tents on the other side of the Arnon, which is on the waste land at the edge of the land of the Amorites; for the Arnon is the line of division between Moab and the Amorites:|en
1482|21|14|14|所以耶和華的戰記上說：蘇法的哇哈伯與亞嫩河的谷，|zh
1483|21|14|14|As it says in the book of the Wars of the Lord, Vaheb in Suphah, and the valley of the Amon;|en
1484|21|15|15|並向亞珥城眾谷的下坡，是靠近摩押的境界。|zh
1485|21|15|15|The slope of the valleys going down to the tents of Ar and touching the edge of Moab.|en
1486|21|16|16|以色列人從那裡起行，到了比珥（比珥就是井的意思）。從前耶和華吩咐摩西說：招聚百姓，我好給他們水喝，說的就是這井。|zh
1487|21|16|16|From there they went on to Beer, the water-spring of which the Lord said to Moses, Make the people come together and I will give them water.|en
1488|21|17|17|當時，以色列人唱歌說：井阿，湧上水來！你們要向這井歌唱。|zh
1489|21|17|17|Then Israel gave voice to this song: Come up, O water-spring, let us make a song to it:|en
1490|21|18|18|這井是首領和民中的尊貴人用圭用杖所挖所掘的。以色列人從曠野往瑪他拿去，|zh
1491|21|18|18|The fountain made by the chiefs, made deep by the great ones of the people, with the law-givers' rod, and with their sticks. Then from the waste land they went on to Mattanah:|en
1492|21|19|19|從瑪他拿到拿哈列，從拿哈列到巴末，|zh
1493|21|19|19|And from Mattanah to Nahaliel: and from Nahaliel to Bamoth:|en
1494|21|20|20|從巴末到了摩押地的谷，又到那下望曠野之毘斯迦的山頂。|zh
1495|21|20|20|And from Bamoth to the valley in the open country of Moab, and to the top of Pisgah looking over Jeshimon.|en
1496|21|21|21|以色列人差遣使者去見亞摩利人的王西宏，說：|zh
1497|21|21|21|And Israel sent men to Sihon, king of the Amorites, saying,|en
1498|21|22|22|求你容我們從你的地經過；我們不偏入田間和葡萄園，也不喝井裡的水，只走大道（原文作王道），直到過了你的境界。|zh
1499|21|22|22|Let me go through your land: we will not go into field or vine-garden, or take the water of the springs; we will go by the highway till we have gone past the limits of your land.|en
1500|21|23|23|西宏不容以色列人從他的境界經過，就招聚他的眾民出到曠野，要攻擊以色列人，到了雅雜與以色列人爭戰。|zh
1501|21|23|23|And Sihon would not let Israel go through his land; but got all his people together and went out against Israel into the waste land, as far as Jahaz, to make war on Israel.|en
1502|21|24|24|以色列人用刀殺了他，得了他的地，從亞嫩河到雅博河，直到亞捫人的境界，因為亞捫人的境界多有堅壘。|zh
1503|21|24|24|But Israel overcame him, and took all his land from the Arnon to the Jabbok, as far as the country of the children of Ammon, for the country of the children of Ammon was strongly armed.|en
1504|21|25|25|以色列人奪取這一切的城邑，也住亞摩利人的城邑，就是希實本與希實本的一切鄉村。|zh
1505|21|25|25|And Israel took all their towns, living in Heshbon and all the towns and small places of the Amorites.|en
1506|21|26|26|這希實本是亞摩利王西宏的京城；西宏曾與摩押的先王爭戰，從他手中奪取了全地，直到亞嫩河。|zh
1507|21|26|26|For Heshbon was the town of Sihon, king of the Amorites, who had made war against an earlier king of Moab and taken from him all his land as far as the Arnon.|en
1508|21|27|27|所以那些作詩歌的說：你們來到希實本；願西宏的城被修造，被建立。|zh
1509|21|27|27|So the makers of wise sayings say, Come to Heshbon, building up the town of Sihon and making it strong:|en
1510|21|28|28|因為有火從希實本發出，有火燄出於西宏的城，燒盡摩押的亞珥和亞嫩河邱壇的祭司（祭司原文作主）。|zh
1511|21|28|28|For a fire has gone out of Heshbon, a flame from the town of Sihon: for the destruction of Ar in Moab, and the lords of the high places of the Arnon.|en
1512|21|29|29|摩押阿，你有禍了！基抹的民哪，你們滅亡了！基抹的男子逃奔，女子被擄，交付亞摩利的王西宏。|zh
1513|21|29|29|Sorrow is yours, O Moab! Destruction is your fate, O people of Chemosh: his sons have gone in flight, and his daughters are prisoners, in the hands of Sihon, king of the Amorites.|en
1514|21|30|30|我們射了他們；希實本直到底本盡皆毀滅。我們使地變成荒場，直到挪法；這挪法直延到米底巴。|zh
1515|21|30|30|They are wounded with our arrows; destruction has come on Heshbon, even to Dibon; and we have made the land waste as far as Nophah, stretching out to Medeba.|en
1516|21|31|31|這樣，以色列人就住在亞摩利人之地。|zh
1517|21|31|31|So Israel put up their tents in the land of the Amorites.|en
1518|21|32|32|摩西打發人去窺探雅謝，以色列人就佔了雅謝的鎮市，趕出那裡的亞摩利人。|zh
1519|21|32|32|And Moses sent men secretly to Jazer, and they took its towns, driving out the Amorites who were living there.|en
1520|21|33|33|以色列人轉回，向巴珊去。巴珊王噩和他的眾民都出來，在以得來與他們交戰。|zh
1521|21|33|33|Then turning they went up by the way of Bashan; and Og, king of Bashan, went out against them with all his people, to the fight at Edrei.|en
1522|21|34|34|耶和華對摩西說：不要怕他！因我已將他和他的眾民，並他的地，都交在你手中；你要待他像從前待住希實本的亞摩利王西宏一般。|zh
1523|21|34|34|And the Lord said to Moses, Have no fear of him: for I have given him up into your hands, with all his people and his land; do to him as you did to Sihon, king of the Amorites, at Heshbon.|en
1524|21|35|35|於是他們殺了他和他的眾子，並他的眾民，沒有留下一個，就得了他的地。|zh
1525|21|35|35|So they overcame him and his sons and his people, driving them all out: and they took his land for their heritage.|en
1526|22|1|1|以色列人起行，在摩押平原、約但河東，對著耶利哥安營。|zh
1527|22|1|1|Then the children of Israel, journeying on, put up their tents in the lowlands of Moab, on the other side of Jordan at Jericho.|en
1528|22|2|2|以色列人向亞摩利人所行的一切事，西撥的兒子巴勒都看見了。|zh
1529|22|2|2|Now Balak, the son of Zippor, saw what Israel had done to the Amorites.|en
1530|22|3|3|摩押人因以色列民甚多，就大大懼怕，心內憂急，|zh
1531|22|3|3|And in Moab there was great fear of the people, because their numbers were so great: and the feeling of Moab was bitter against the children of Israel.|en
1532|22|4|4|對米甸的長老說：現在這眾人要把我們四圍所有的一概餂盡，就如牛餂盡田間的草一般。那時西撥的兒子巴勒作摩押王。|zh
1533|22|4|4|Then Moab said to the responsible men of Midian, It is clear that this great people will be the destruction of everything round us, making a meal of us as the ox does of the grass of the field. At that time Balak, the son of Zippor, was king of Moab.|en
1534|22|5|5|他差遣使者往大河邊的毘奪去，到比珥的兒子巴蘭本鄉那裡，召巴蘭來，說：有一宗民從埃及出來，遮滿地面，與我對居。|zh
1535|22|5|5|So he sent men to Balaam, son of Beor, at Pethor by the River in the land of the children of his people, saying to him, See, a people has come out of Egypt, covering all the face of the earth, and they have put up their tents opposite to me:|en
1536|22|6|6|這民比我強盛，現在求你來為我咒詛他們，或者我能得勝，攻打他們，趕出此地。因為我知道，你為誰祝福，誰就得福；你咒詛誰，誰就受咒詛。|zh
1537|22|6|6|Come now, in answer to my prayer, and put a curse on this people, for they are greater than I: and then I may be strong enough to overcome them and send them out of the land: for it is clear that good comes to him who has your blessing, but he on whom you put your curse is cursed.|en
1538|22|7|7|摩押的長老和米甸的長老手裡拿著卦金，到了巴蘭那裡，將巴勒的話都告訴了他。|zh
1539|22|7|7|So the responsible men of Moab and Midian went away, taking in their hands rewards for the prophet; and they came to Balaam and said to him what Balak had given them orders to say.|en
1540|22|8|8|巴蘭說：你們今夜在這裡住宿，我必照耶和華所曉諭我的回報你們。摩押的使臣就在巴蘭那裡住下了。|zh
1541|22|8|8|And he said to them, Take your rest here tonight, and I will give you an answer after hearing what the Lord says; so the chiefs of Moab kept there with Balaam that night.|en
1542|22|9|9|神臨到巴蘭那裡，說：在你這裡的人都是誰？|zh
1543|22|9|9|And God came to Balaam and said, Who are these men with you?|en
1544|22|10|10|巴蘭回答說：是摩押王西撥的兒子巴勒打發人到我這裡來，說：|zh
1545|22|10|10|And Balaam said to God, Balak, the son of Zippor, king of Moab, has sent them to me, saying,|en
1546|22|11|11|從埃及出來的民遮滿地面，你來為我咒詛他們，或者我能與他們爭戰，把他們趕出去。|zh
1547|22|11|11|See, the people who have come out of Egypt are covering all the earth: now, put a curse on this people for me, so that I may be able to make war on them, driving them out of the land.|en
1548|22|12|12|神對巴蘭說：你不可同他們去，也不可咒詛那民，因為那民是蒙福的。|zh
1549|22|12|12|And God said to Balaam, You are not to go with them, or put a curse on this people, for they have my blessing.|en
1550|22|13|13|巴蘭早晨起來，對巴勒的使臣說：你們回本地去罷，因為耶和華不容我和你們同去。|zh
1551|22|13|13|In the morning Balaam got up and said to the chiefs of Balak, Go back to your land, for the Lord will not let me go with you.|en
1552|22|14|14|摩押的使臣就起來，回巴勒那裡去，說：巴蘭不肯和我們同來。|zh
1553|22|14|14|So the chiefs of Moab went back to Balak and said, Balaam will not come with us.|en
1554|22|15|15|巴勒又差遣使臣，比先前的又多又尊貴。|zh
1555|22|15|15|So Balak sent more chiefs, greater in number and of higher position than the others.|en
1556|22|16|16|他們到了巴蘭那裡，對他說：西撥的兒子巴勒這樣說：求你不容甚麼事攔阻你不到我這裡來，|zh
1557|22|16|16|And they came to Balaam and said, Balak, son of Zippor, says, Let nothing keep you from coming to me:|en
1558|22|17|17|因為我必使你得極大的尊榮。你向我要甚麼，我就給你甚麼；只求你來為我咒詛這民。|zh
1559|22|17|17|For I will give you a place of very great honour, and whatever you say to me I will do; so come, in answer to my prayer, and put a curse on this people.|en
1560|22|18|18|巴蘭回答巴勒的臣僕說：巴勒就是將他滿屋的金銀給我，我行大事小事也不得越過耶和華─我神的命。|zh
1561|22|18|18|But Balaam, in answer; said to the servants of Balak, Even if Balak gave me his house full of silver and gold, it would not be possible for me to do anything more or less than the orders of the Lord my God.|en
1562|22|19|19|現在我請你們今夜在這裡住宿，等我得知耶和華還要對我說甚麼。|zh
1563|22|19|19|So take your rest here this night, till I have knowledge what more the Lord has to say to me.|en
1564|22|20|20|當夜，神臨到巴蘭那裡，說：這些人若來召你，你就起來同他們去，你只要遵行我對你所說的話。|zh
1565|22|20|20|And that night God came to Balaam and said to him, If these men have come for you, go with them: but do only what I say to you.|en
1566|22|21|21|巴蘭早晨起來，備上驢，和摩押的使臣一同去了。|zh
1567|22|21|21|So in the morning Balaam got up and, making his ass ready, went with the chiefs of Moab.|en
1568|22|22|22|神因他去就發了怒；耶和華的使者站在路上敵擋他。他騎著驢，有兩個僕人跟隨他。|zh
1569|22|22|22|But God was moved to wrath because he went: and the angel of the Lord took up a position in the road to keep him from his purpose. Now he was seated on his ass, and his two servants were with him.|en
1570|22|23|23|驢看見耶和華的使者站在路上，手裡有拔出來的刀，就從路上跨進田間，巴蘭便打驢，要叫他回轉上路。|zh
1571|22|23|23|And the ass saw the angel of the Lord waiting in the road with his sword in his hand; and turning from the road, the ass went into the field; and Balaam gave the ass blows, to get her back on to the road.|en
1572|22|24|24|耶和華的使者就站在葡萄園的窄路上；這邊有牆，那邊也有牆。|zh
1573|22|24|24|Then the angel of the Lord took up his position in a narrow road through the vine-gardens, with a wall on this side and on that.|en
1574|22|25|25|驢看見耶和華的使者，就貼靠牆，將巴蘭的腳擠傷了；巴蘭又打驢。|zh
1575|22|25|25|And the ass saw the angel of the Lord, and went near the wall, crushing Balaam's foot against the wall; and he gave her more blows.|en
1576|22|26|26|耶和華的使者又往前去，站在狹窄之處，左右都沒有轉折的地方。|zh
1577|22|26|26|Then the angel of the Lord went further, stopping in a narrow place where there was no room for turning to the right or to the left.|en
1578|22|27|27|驢看見耶和華的使者，就臥在巴蘭底下，巴蘭發怒，用杖打驢。|zh
1579|22|27|27|And the ass saw the angel of the Lord and went down on the earth under Balaam; and full of wrath, Balaam gave her hard blows with his stick.|en
1580|22|28|28|耶和華叫驢開口，對巴蘭說：我向你行了甚麼，你竟打我這三次呢？|zh
1581|22|28|28|Then the Lord gave the ass the power of talking, and opening her mouth she said to Balaam, What have I done to you that you have given me blows these three times?|en
1582|22|29|29|巴蘭對驢說：因為你戲弄我，我恨不能手中有刀，把你殺了。|zh
1583|22|29|29|And Balaam said to the ass, You have made me seem foolish: if only I had a sword in my hand I would put you to death.|en
1584|22|30|30|驢對巴蘭說：我不是你從小時直到今日所騎的驢麼？我素常向你這樣行過麼？巴蘭說：沒有。|zh
1585|22|30|30|And the ass said to Balaam, Am I not your ass upon which you have gone all your life till this day? and have I ever done this to you before? And he said, No.|en
1586|22|31|31|當時，耶和華使巴蘭的眼目明亮，他就看見耶和華的使者站在路上，手裡有拔出來的刀，巴蘭便低頭俯伏在地。|zh
1587|22|31|31|Then the Lord made Balaam's eyes open, and he saw the angel of the Lord in the way with his sword in his hand: and he went down on his face to the earth.|en
1588|22|32|32|耶和華的使者對他說：你為何這三次打你的驢呢？我出來敵擋你，因你所行的，在我面前偏僻。|zh
1589|22|32|32|And the angel of the Lord said to him, Why have you given your ass blows these three times? See, I have come out against you to keep you back, because your purpose is not pleasing to me.|en
1590|22|33|33|驢看見我就三次從我面前偏過去；驢若沒有偏過去，我早把你殺了，留他存活。|zh
1591|22|33|33|And the ass saw me, turning to one side from me three times: if she had not gone to one side, I would certainly have put you to death and kept her safe.|en
1592|22|34|34|巴蘭對耶和華的使者說：我有罪了。我不知道你站在路上阻擋我；你若不喜歡我去，我就轉回。|zh
1593|22|34|34|And Balaam said to the angel of the Lord, I have done wrong, for I did not see that you were in the way against me: but now, if it is evil in your eyes, I will go back again.|en
1594|22|35|35|耶和華的使者對巴蘭說：你同這些人去罷！你只要說我對你說的話。於是巴蘭同著巴勒的使臣去了。|zh
1595|22|35|35|And the angel of the Lord said to Balaam, Go with the men; but say only what I give you to say. Then Balaam went on with the chiefs of Balak.|en
1596|22|36|36|巴勒聽見巴蘭來了，就往摩押京城去迎接他；這城是在邊界上，在亞嫩河旁。|zh
1597|22|36|36|Now Balak, hearing that Balaam had come, went to the chief town of Moab, on the edge of the Arnon, in the farthest part of the land, for the purpose of meeting him.|en
1598|22|37|37|巴勒對巴蘭說：我不是急急的打發人到你那裡去召你麼？你為何不到我這裡來呢？我豈不能使你得尊榮麼？|zh
1599|22|37|37|And Balak said to Balaam, Did I not send to you, requesting you with all my heart to come to me? why did you not come? am I not able to give you a place of honour?|en
1600|22|38|38|巴蘭說：我已經到你這裡來了！現在我豈能擅自說甚麼呢？神將甚麼話傳給我，我就說甚麼。|zh
1601|22|38|38|Then Balaam said to Balak, Now I have come to you; but have I power to say anything? Only what God puts into my mouth may I say.|en
1602|22|39|39|巴蘭和巴勒同行，來到基列胡瑣。|zh
1603|22|39|39|And Balaam went with Balak to Kiriath-huzoth.|en
1604|22|40|40|巴勒宰了（原文作獻）牛羊，送給巴蘭和陪伴的使臣。|zh
1605|22|40|40|And Balak made offerings of oxen and sheep, and sent to Balaam and the chiefs who were with him.|en
1606|22|41|41|到了早晨，巴勒領巴蘭到巴力的高處；巴蘭從那裡觀看以色列營的邊界。|zh
1607|22|41|41|And in the morning Balak took Balaam up to the high places of Baal, and from there he was able to see the outer limits of the people.|en
1608|23|1|1|巴蘭對巴勒說：你在這裡給我築七座壇，為我豫備七隻公牛，七隻公羊。|zh
1609|23|1|1|And Balaam said to Balak, Make me here seven altars and get ready seven oxen and seven male sheep.|en
1610|23|2|2|巴勒照巴蘭的話行了。巴勒和巴蘭在每座壇上獻一隻公牛，一隻公羊。|zh
1611|23|2|2|And Balak did as Balaam had said; and Balak and Balaam made an offering on every altar of an ox and a male sheep.|en
1612|23|3|3|巴蘭對巴勒說：你站在你的燔祭旁邊，我且往前去，或者耶和華來迎見我。他指示我甚麼，我必告訴你。於是巴蘭上一淨光的高處。|zh
1613|23|3|3|Then Balaam said to Balak, Take your place by your burned offering, and I will go and see if the Lord comes to me: and I will give you word of whatever he says to me. And he went to an open place on a hill.|en
1614|23|4|4|神迎見巴蘭；巴蘭說：我豫備了七座壇，在每座壇上獻了一隻公牛，一隻公羊。|zh
1615|23|4|4|And God came to Balaam, and Balaam said to him, I have made ready seven altars, offering an ox and a male sheep on every altar.|en
1616|23|5|5|耶和華將話傳給巴蘭，又說：你回到巴勒那裡，要如此如此說。|zh
1617|23|5|5|And the Lord put words in Balaam's mouth, and said, Go back to Balak, and this is what you are to say.|en
1618|23|6|6|他就回到巴勒那裡，見他同摩押的使臣都站在燔祭旁邊。|zh
1619|23|6|6|So he went back to him where he was waiting by his burned offering with all the chiefs of Moab.|en
1620|23|7|7|巴蘭便題起詩歌說：巴勒引我出亞蘭，摩押王引我出東山，說：來阿，為我咒詛雅各；來阿，怒罵以色列。|zh
1621|23|7|7|And in the words which the Lord had given him he said, From Aram Balak has sent for me, the king of Moab from the mountains of the East: come, put curses on Jacob for me and be angry with Israel.|en
1622|23|8|8|神沒有咒詛的，我焉能咒詛？耶和華沒有怒罵的，我焉能怒罵？|zh
1623|23|8|8|How may I put curses on him who is not cursed by God? how may I be angry with him with whom the Lord is not angry?|en
1624|23|9|9|我從高峰看他，從小山望他；這是獨居的民，不列在萬民中。|zh
1625|23|9|9|From the top of the rocks I see him, looking down on him from the hills: it is a people made separate, not to be numbered among the nations.|en
1626|23|10|10|誰能數點雅各的塵土？誰能計算以色列的四分之一？我願如義人之死而死；我願如義人之終而終。|zh
1627|23|10|10|Who is able to take the measure of the dust of Jacob or the number of the thousands of Israel? May my death be the death of the upright and my last end like his!|en
1628|23|11|11|巴勒對巴蘭說：你向我做的是甚麼事呢？我領你來咒詛我的仇敵，不料，你竟為他們祝福。|zh
1629|23|11|11|Then Balak said to Balaam, What have you done to me? I sent for you so that my haters might be cursed, and see, you have given them a blessing.|en
1630|23|12|12|他回答說：耶和華傳給我的話，我能不謹慎傳說麼？|zh
1631|23|12|12|And in answer he said, Am I not ordered to say only what the Lord puts into my mouth?|en
1632|23|13|13|巴勒說：求你同我往別處去，在那裡可以看見他們；你不能全看見，只能看見他們邊界上的人。在那裡要為我咒詛他們。|zh
1633|23|13|13|And Balak said to him, Come with me now into another place from which you will not be able to see them all, but only the outskirts of them; and you will send curses on them from there.|en
1634|23|14|14|於是領巴蘭到了瑣腓田，上了毘斯迦山頂，築了七座壇；每座壇上獻一隻公牛，一隻公羊。|zh
1635|23|14|14|So he took him into the country of Zophim, to the top of Pisgah, and there they made seven altars, offering an ox and a male sheep on every altar.|en
1636|23|15|15|巴蘭對巴勒說：你站在這燔祭旁邊，等我往那邊去迎見耶和華。|zh
1637|23|15|15|Then he said to Balak, Take your place here by your burned offering, while I go over there to the Lord.|en
1638|23|16|16|耶和華臨到巴蘭那裡，將話傳給他；又說：你回到巴勒那裡，要如此如此說。|zh
1639|23|16|16|And the Lord came to Balaam, and put words in his mouth, and said, Go back to Balak, and this is what you are to say.|en
1640|23|17|17|他就回到巴勒那裡，見他站在燔祭旁邊；摩押的使臣也和他在一處。巴勒問他說：耶和華說了甚麼話呢？|zh
1641|23|17|17|So he came to him where he was waiting by his burned offering with the chiefs of Moab by his side. And Balak said to him, What has the Lord said?|en
1642|23|18|18|巴蘭就題詩歌說：巴勒，你起來聽；西撥的兒子，你聽我言。|zh
1643|23|18|18|And in the words which the Lord had given him he said, Up! Balak, and give ear; give attention to me, O son of Zippor:|en
1644|23|19|19|神非人，必不致說謊，也非人子，必不致後悔。他說話豈不照著行呢？他發言豈不要成就呢？|zh
1645|23|19|19|God is not a man, to say what is false; or the son of man, that his purpose may be changed: what he has said, will he not do? and will he not give effect to the words of his mouth?|en
1646|23|20|20|我奉命祝福；神也曾賜福，此事我不能翻轉。|zh
1647|23|20|20|See, I have had orders to give blessing: and he has given a blessing which I have no power to take away.|en
1648|23|21|21|他未見雅各中有罪孽，也未見以色列中有奸惡。耶和華─他的神和他同在；有歡呼王的聲音在他們中間。|zh
1649|23|21|21|He has seen no evil in Jacob or wrongdoing in Israel: the Lord his God is with him, and the glad cry of a king is among them.|en
1650|23|22|22|神領他們出埃及；他們似乎有野牛之力。|zh
1651|23|22|22|It is God who has taken them out of Egypt; his horns are like those of the mountain ox.|en
1652|23|23|23|斷沒有法術可以害雅各，也沒有占卜可以害以色列。現在必有人論及雅各，就是論及以色列說：神為他行了何等的大事！|zh
1653|23|23|23|No evil power has effect against Jacob, no secret arts against Israel; at the right time it will be said of Jacob and of Israel, See what God has done!|en
1654|23|24|24|這民起來，彷彿母獅，挺身，好像公獅，未曾喫野食，未曾喝被傷者之血，決不躺臥。|zh
1655|23|24|24|See, Israel comes up like a she-lion, lifting himself up like a lion: he will take no rest till he has made a meal of those he has overcome, drinking the blood of those he has put to death.|en
1656|23|25|25|巴勒對巴蘭說：你一點不要咒詛他們，也不要為他們祝福。|zh
1657|23|25|25|Then Balak said to Balaam, If you will not put a curse on them, at all events do not give them a blessing.|en
1658|23|26|26|巴蘭回答巴勒說：我豈不是告訴你說凡耶和華所說的，我必須遵行麼？|zh
1659|23|26|26|But Balaam in answer said to Balak, Did I not say to you, I may only do what the Lord says?|en
1660|23|27|27|巴勒對巴蘭說：來罷，我領你往別處去，或者神喜歡你在那裡為我咒詛他們。|zh
1661|23|27|27|Then Balak said to Balaam, Come now, I will take you to another place; it may be that God will let you put a curse on them from there.|en
1662|23|28|28|巴勒就領巴蘭到那下望曠野的毘珥山頂上。|zh
1663|23|28|28|So Balak took Balaam to the top of Peor, looking down over the waste land.|en
1664|23|29|29|巴蘭對巴勒說：你在這裡為我築七座壇，又在這裡為我豫備七隻公牛，七隻公羊。|zh
1665|23|29|29|And Balaam said to Balak, Make me seven altars here and get seven oxen and seven male sheep ready for me.|en
1666|23|30|30|巴勒就照巴蘭的話行，在每座壇上獻一隻公牛，一隻公羊。|zh
1667|23|30|30|And Balak did as Balaam said, offering an ox and a male sheep on every altar.|en
1668|24|1|1|巴蘭見耶和華喜歡賜福與以色列，就不像前兩次去求法術，卻面向曠野。|zh
1669|24|1|1|Now when Balaam saw that it was the Lord's pleasure to give his blessing to Israel, he did not, as at other times, make use of secret arts, but turning his face to the waste land,|en
1670|24|2|2|巴蘭舉目，看見以色列人照著支派居住。神的靈就臨到他身上，|zh
1671|24|2|2|And lifting up his eyes, he saw Israel there, with their tents in the order of their tribes: and the spirit of God came on him.|en
1672|24|3|3|他便題起詩歌說：比珥的兒子巴蘭說，眼目閉住的人說，（閉住或作：睜開）|zh
1673|24|3|3|And moved by the spirit, he said, These are the words of Balaam, son of Beor, the words of the man whose eyes are open:|en
1674|24|4|4|得聽神的言語，得見全能者的異象，眼目睜開而仆倒的人說：|zh
1675|24|4|4|He says, whose ears are open to the words of God, who has seen the vision of the Ruler of all, falling down, but having his eyes open:|en
1676|24|5|5|雅各阿，你的帳棚何等華美！以色列阿，你的帳幕何其華麗！|zh
1677|24|5|5|How fair are your tents, O Jacob, your houses, O Israel!|en
1678|24|6|6|如接連的山谷，如河旁的園子，如耶和華所栽的沉香樹，如水邊的香柏木。|zh
1679|24|6|6|They are stretched out like valleys, like gardens by the riverside, like flowering trees planted by the Lord, like cedar-trees by the waters.|en
1680|24|7|7|水要從他的桶裡流出；種子要撒在多水之處。他的王必超過亞甲；他的國必要振興。|zh
1681|24|7|7|Peoples will be in fear before his strength, his arm will be on great nations: his king will be higher than Agag, and his kingdom made great in honour.|en
1682|24|8|8|神領他出埃及；他似乎有野牛之力。他要吞喫敵國，折斷他們的骨頭，用箭射透他們。|zh
1683|24|8|8|It is God who has taken him out of Egypt; his horns are like those of the mountain ox; the nations warring against him will be his food, their bones will be broken, they will be wounded with his arrows.|en
1684|24|9|9|他蹲如公獅，臥如母獅，誰敢惹他？凡給你祝福的，願他蒙福；凡咒詛你的，願他受咒詛。|zh
1685|24|9|9|He took his sleep stretched out like a lion, and like a she-lion: by whom will his rest be broken? May a blessing be on everyone who gives you blessing, and a curse on everyone by whom you are cursed.|en
1686|24|10|10|巴勒向巴蘭生氣，就拍起手來，對巴蘭說：我召你來為我咒詛仇敵，不料，你這三次竟為他們祝福。|zh
1687|24|10|10|Then Balak was full of wrath against Balaam, and angrily waving his hands he said to Balaam, I sent for you so that those who are against me might be cursed, but now, see, three times you have given them a blessing.|en
1688|24|11|11|如今你快回本地去罷！我想使你得大尊榮，耶和華卻阻止你不得尊榮。|zh
1689|24|11|11|Go back quickly to the place you came from: it was my purpose to give you a place of honour, but now the Lord has kept you back from honour.|en
1690|24|12|12|巴蘭對巴勒說：我豈不是對你所差遣到我那裡的使者說：|zh
1691|24|12|12|Then Balaam said to Balak, Did I not say to the men you sent to me,|en
1692|24|13|13|巴勒就是將他滿屋的金銀給我，我也不得越過耶和華的命，憑自己的心意行好行歹。耶和華說甚麼，我就要說甚麼？|zh
1693|24|13|13|Even if Balak gave me his house full of silver and gold, it would not be possible for me to go outside the orders of the Lord, doing good or evil at the impulse of my mind; whatever the Lord says I will say?|en
1694|24|14|14|現在我要回本族去。你來，我告訴你這民日後要怎樣待你的民。|zh
1695|24|14|14|So now I will go back to my people: but first let me make clear to you what this people will do to your people in days to come.|en
1696|24|15|15|他就題起詩歌說：比珥的兒子巴蘭說：眼目閉住的人說，（閉住或作：睜開）|zh
1697|24|15|15|Then he went on with his story and said, These are the words of Balaam, the son of Beor, the words of him whose eyes are open:|en
1698|24|16|16|得聽神的言語，明白至高者的意旨，看見全能者的異象，眼目睜開而仆倒的人說：|zh
1699|24|16|16|He says, whose ear is open to the words of God, who has knowledge of the Most High, who has seen the vision of the Ruler of all, falling down and having his eyes open:|en
1700|24|17|17|我看他卻不在現時；我望他卻不在近日。有星要出於雅各，有杖要興於以色列，必打破摩押的四角，毀壞擾亂.之子。|zh
1701|24|17|17|I see him, but not now: looking on him, but not near: a star will come out of Jacob, and a rod of authority out of Israel, sending destruction to the farthest limits of Moab and on the head of all the sons of Sheth.|en
1702|24|18|18|他必得以東為基業，又得仇敵之地西珥為產業；以色列必行事勇敢。|zh
1703|24|18|18|Edom will be his heritage, and he will put an end to the last of the people of Seir.|en
1704|24|19|19|有一位出於雅各的，必掌大權；他要除滅城中的餘民。|zh
1705|24|19|19|And Israel will go on in strength, and Jacob will have rule over his haters.|en
1706|24|20|20|巴蘭觀看亞瑪力，就題起詩歌說：亞瑪力原為諸國之首，但他終必沉淪。|zh
1707|24|20|20|Then, turning his eyes to Amalek, he went on with his story and said, Amalek was the first of the nations, but his part will be destruction for ever.|en
1708|24|21|21|巴蘭觀看基尼人，就題起詩歌說：你的住處本是堅固；你的窩巢做在巖穴中。|zh
1709|24|21|21|And looking on the Kenites he went on with his story and said, Strong is your living-place, and your secret place is safe in the rock.|en
1710|24|22|22|然而基尼必至衰微，直到亞述把你擄去。|zh
1711|24|22|22|But still the Kenites will be wasted, till Asshur takes you away prisoner.|en
1712|24|23|23|巴蘭又題起詩歌說：哀哉！神行這事，誰能得活？|zh
1713|24|23|23|Then he went on with his story and said, But who may keep his life when God does this?|en
1714|24|24|24|必有人乘船從基提界而來，苦害亞述，苦害希伯；他也必至沉淪。|zh
1715|24|24|24|But ships will come from the direction of Kittim, troubling Asshur and troubling Eber, and like the others their fate will be destruction.|en
1716|24|25|25|於是巴蘭起來，回他本地去；巴勒也回去了。|zh
1717|24|25|25|Then Balaam got up and went back to his place: and Balak went away.|en
1718|25|1|1|以色列人住在什亭，百姓與摩押女子行起淫亂。|zh
1719|25|1|1|Now when Israel was living in Shittim the people became false to the Lord, doing evil with the daughters of Moab:|en
1720|25|2|2|因為這女子叫百姓來，一同給他們的神獻祭，百姓就吃他們的祭物，跪拜他們的　神。|zh
1721|25|2|2|For they sent for the people to be present at the offerings made to their gods; and the people took part in their feasts and gave honour to their gods.|en
1722|25|3|3|以色列人與巴力毘珥連合，耶和華的怒氣就向以色列人發作。|zh
1723|25|3|3|So Israel had relations with the women of Moab in honour of the Baal of Peor: and the Lord was moved to wrath against Israel.|en
1724|25|4|4|耶和華吩咐摩西說：將百姓中所有的族長在我面前對著日頭懸掛，使我向以色列人所發的怒氣可以消了。|zh
1725|25|4|4|Then the Lord said to Moses, Take all the chiefs of the people, hanging them up in the sun before the Lord, so that the wrath of the Lord may be turned from Israel.|en
1726|25|5|5|於是摩西吩咐以色列的審判官說：凡屬你們的人，有與巴力毘珥連合的，你們各人要把他們殺了。|zh
1727|25|5|5|So Moses said to the judges of Israel, Let everyone put to death those of his men who have had relations with the women of Moab in honour of the Baal of Peor.|en
1728|25|6|6|摩西和以色列全會眾正在會幕門前哭泣的時候，誰知，有以色列中的一個人，當他們眼前，帶著一個米甸女人到他弟兄那裡去。|zh
1729|25|6|6|Then one of the children of Israel came to his brothers, taking with him a woman of Midian, before the eyes of Moses and all the meeting of the people, while they were weeping at the door of the Tent of meeting.|en
1730|25|7|7|祭司亞倫的孫子，以利亞撒的兒子非尼哈看見了，就從會中起來，手裡拿著槍，|zh
1731|25|7|7|And Phinehas, the son of Eleazar, the son of Aaron the priest, seeing it, got up from among the people and took a spear in his hand,|en
1732|25|8|8|跟隨那以色列人進亭子裡去，便將以色列人和那女人由腹中刺透。這樣，在以色列人中瘟疫就止息了。|zh
1733|25|8|8|And went after the man of Israel into the tent, driving the spear through the two of them, through the man of Israel and through the stomach of the woman. So the disease was stopped among the children of Israel.|en
1734|25|9|9|那時遭瘟疫死的，有二萬四千人。|zh
1735|25|9|9|But twenty-four thousand of them had come to their death by the disease.|en
1736|25|10|10|耶和華曉諭摩西說：|zh
1737|25|10|10|And the Lord said to Moses,|en
1738|25|11|11|祭司亞倫的孫子，以利亞撒的兒子非尼哈，使我向以色列人所發的怒消了；因他在他們中間，以我的忌邪為心，使我不在忌邪中把他們除滅。|zh
1739|25|11|11|Through Phinehas, and because of his passion for my honour, my wrath has been turned away from the children of Israel, so that I have not sent destruction on them all in my wrath.|en
1740|25|12|12|因此，你要說：我將我平安的約賜給他。|zh
1741|25|12|12|So say to them that I will make with him an agreement of peace:|en
1742|25|13|13|這約要給他和他的後裔，作為永遠當祭司職任的約；因他為神有忌邪的心，為以色列人贖罪。|zh
1743|25|13|13|And by this agreement, he and his sons after him have the right to be priests for ever; because, by his care for the honour of his God, he took away the sin of the children of Israel.|en
1744|25|14|14|那與米甸女人一同被殺的以色列人，名叫心利，是撒路的兒子，是西緬一個宗族的首領。|zh
1745|25|14|14|Now the man of Israel who was put to death with the woman of Midian was Zimri, the son of Salu, a chief of one of the families of the Simeonites.|en
1746|25|15|15|那被殺的米甸女人，名叫哥斯比，是蘇珥的女兒；這蘇珥是米甸.一個宗族的首領。|zh
1747|25|15|15|And the woman of Midian who was put to death was Cozbi, the daughter of Zur; he was the head of a family in Midian.|en
1748|25|16|16|耶和華曉諭摩西說：|zh
1749|25|16|16|Then the Lord said to Moses,|en
1750|25|17|17|你要擾害米甸人，擊殺他們；|zh
1751|25|17|17|Take up arms against the Midianites and overcome them;|en
1752|25|18|18|因為他們用詭計擾害你們，在毘珥的事上和他們的姊妹、米甸首領的女兒哥斯比的事上，用這詭計誘惑了你們；這哥斯比，當瘟疫流行的日子，因毘珥的事被殺了。|zh
1753|25|18|18|For they are a danger to you with their false ways, causing sin to come on you in the question of Peor, and because of Cozbi, their sister, the daughter of the chief of Midian, who was put to death at the time of the disease which came on you because of Peor.|en
1754|26|1|1|瘟疫之後，耶和華曉諭摩西和祭司亞倫的兒子以利亞撒說：|zh
1755|26|1|1|Now after the disease was over, the Lord said to Moses and Eleazar, the son of Aaron the priest,|en
1756|26|2|2|你們要將以色列全會眾，按他們的宗族，凡以色列中從二十歲以外、能出去打仗的，計算總數。|zh
1757|26|2|2|Let all the children of Israel be numbered, by the names of their fathers' families, all those of twenty years old and over who are able to go to war in Israel.|en
1758|26|3|3|摩西和祭司以利亞撒在摩押平原與耶利哥相對的約但河邊向以色列人說：|zh
1759|26|3|3|So Moses and Eleazar the priest gave them the order in the lowlands of Moab by Jordan at Jericho, saying,|en
1760|26|4|4|將你們中間從二十歲以外的計算總數；是照耶和華吩咐出埃及地的摩西和以色列人的話。|zh
1761|26|4|4|Let all the people of twenty years old and over be numbered, as the Lord has given orders to Moses and the children of Israel who have come out of Egypt.|en
1762|26|5|5|以色列的長子是流便。流便的眾子：屬哈諾的，有哈諾族；屬法路的，有法路族；|zh
1763|26|5|5|Reuben, the first son of Israel: the sons of Reuben by their families: of Hanoch, the family of the Hanochites: of Pallu, the family of the Palluites:|en
1764|26|6|6|屬希斯倫的，有希斯倫族；屬迦米的，有迦米族；|zh
1765|26|6|6|Of Hezron, the family of the Hezronites: of Carmi, the family of the Carmites.|en
1766|26|7|7|這就是流便的各族；其中被數的，共有四萬三千七百三十名。|zh
1767|26|7|7|These are the families of the Reubenites: their number was forty-three thousand, seven hundred and thirty.|en
1768|26|8|8|法路的兒子是以利押。|zh
1769|26|8|8|And the sons of Pallu, Eliab|en
1770|26|9|9|以利押的眾子是尼母利、大坍、亞比蘭。這大坍、亞比蘭，就是從會中選召的，與可拉一黨同向耶和華爭鬧的時候也向摩西、亞倫爭鬧；|zh
1771|26|9|9|And the sons of Eliab: Nemuel and Dathan and Abiram. These are the same Dathan and Abiram who had a place in the meeting of the people, who together with Korah made an outcry against Moses and Aaron and against the Lord:|en
1772|26|10|10|地便開口吞了他們，和可拉、可拉的黨類一同死亡。那時火燒滅了二百五十個人；他們就作了警戒。|zh
1773|26|10|10|And they went down into the open mouth of the earth, together with Korah, when death overtook him and all his band; at the time when two hundred and fifty men were burned in the fire, and they became a sign.|en
1774|26|11|11|然而可拉的眾子沒有死亡。|zh
1775|26|11|11|But death did not overtake the sons of Korah.|en
1776|26|12|12|按著家族，西緬的眾子：屬尼母利的，有尼母利族；屬雅憫的，有雅憫族；屬雅斤的，有雅斤族；|zh
1777|26|12|12|The sons of Simeon by their families: of Nemuel, the family of the Nemuelites: of Jamin, the family of the Jaminites: of Jachin, the family of the Jachinites:|en
1778|26|13|13|屬謝拉的，有謝拉族；屬掃羅的，有掃羅族。|zh
1779|26|13|13|Of Zerah, the family of the Zerahites: of Shaul, the family of the Shaulites.|en
1780|26|14|14|這就是西緬的各族，共有二萬二千二百名。|zh
1781|26|14|14|These are the families of the Simeonites, twenty-two thousand, two hundred.|en
1782|26|15|15|按著家族，迦得的眾子：屬洗分的，有洗分族；屬哈基的，有哈基族；屬書尼的，有書尼族；|zh
1783|26|15|15|The sons of Gad by their families: of Zephon, the family of the Zephonites: of Haggi, the family of the Haggites: of Shuni, the family of the Shunites:|en
1784|26|16|16|屬阿斯尼的，有阿斯尼族；屬以利的，有以利族；|zh
1785|26|16|16|Of Ozni, the family of the Oznites: of Eri, the family of the Erites:|en
1786|26|17|17|屬亞律的，有亞律族；屬亞列利的，有亞列利族。|zh
1787|26|17|17|Of Arod, the family of the Arodites: of Areli, the family of the Arelites.|en
1788|26|18|18|這就是迦得子孫的各族，照他們中間被數的，共有四萬零五百名。|zh
1789|26|18|18|These are the families of the sons of Gad as they were numbered, forty thousand, five hundred.|en
1790|26|19|19|猶大的兒子是珥和俄南。這珥和俄南死在迦南地。|zh
1791|26|19|19|The sons of Judah, Er and Onan: and Er and Onan had come to their death in the land of Canaan.|en
1792|26|20|20|按著家族，猶大其餘的眾子：屬示拉的，有示拉族；屬法勒斯的，有法勒斯族；屬謝拉的，有謝拉族。|zh
1793|26|20|20|And the sons of Judah by their families were: of Shelah, the family of the Shelahites: of Perez, the family of the Perezites: of Zerah, the family of the Zerahites.|en
1794|26|21|21|法勒斯的兒子：屬希斯倫的，有希斯倫族；屬哈母勒的，有哈母勒族。|zh
1795|26|21|21|And the sons of Perez were: of Hezron, the family of the Hezronites: of Hamul, the family of the Hamulites.|en
1796|26|22|22|這就是猶大的各族，照他們中間被數的，共有七萬六千五百名。|zh
1797|26|22|22|These are the families of Judah as they were numbered, seventy-six thousand, five hundred.|en
1798|26|23|23|按著家族，以薩迦的眾子：屬陀拉的，有陀拉族；屬普瓦的，有普瓦族；|zh
1799|26|23|23|The sons of Issachar by their families: of Tola, the family of the Tolaites: of Puvah, the family of the Punites:|en
1800|26|24|24|屬雅述的，有雅述族；屬伸崙的，有伸崙族。|zh
1801|26|24|24|Of Jashub, the family of the Jashubites: of Shimron, the family of the Shimronites.|en
1802|26|25|25|這就是以薩迦的各族，照他們中間被數的，共有六萬四千三百名。|zh
1803|26|25|25|These are the families of Issachar, as they were numbered, sixty-four thousand, three hundred.|en
1804|26|26|26|按著家族，西布倫的眾子：屬西烈的，有西烈族；屬以倫的，有以倫族；屬雅利的，有雅利族。|zh
1805|26|26|26|The sons of Zebulun by their families: of Sered, the family of the Seredites: of Elon, the family of the Elonites: of Jahleel, the family of the Jahleelites.|en
1806|26|27|27|這就是西布倫的各族，照他們中間被數的，共有六萬零五百名。|zh
1807|26|27|27|These are the families of the Zebulunites as they were numbered, sixty thousand, five hundred.|en
1808|26|28|28|按著家族，約瑟的兒子有瑪拿西、以法蓮。|zh
1809|26|28|28|The sons of Joseph by their families: Manasseh and Ephraim.|en
1810|26|29|29|瑪拿西的眾子：屬瑪吉的，有瑪吉族；瑪吉生基列；屬基列的，有基列族。|zh
1811|26|29|29|The sons of Manasseh: of Machir, the family of the Machirites: and Machir was the father of Gilead: of Gilead, the family of the Gileadites.|en
1812|26|30|30|基列的眾子：屬伊以謝的，有伊以謝族；屬希勒的，有希勒族；|zh
1813|26|30|30|These are the sons of Gilead: of Iezer, the family of the Iezerites: of Helek, the family of the Helekites:|en
1814|26|31|31|屬亞斯烈的，有亞斯烈族；屬示劍的，有示劍族；|zh
1815|26|31|31|And of Asriel, the family of the Asrielites: and of Shechem, the family of the Shechemites:|en
1816|26|32|32|屬示米大的，有示米大族；屬希弗的，有希弗族；。|zh
1817|26|32|32|And of Shemida, the family of the Shemidaites: and of Hepher, the family of the Hepherites.|en
1818|26|33|33|希弗的兒子西羅非哈沒兒子，只有女兒。西羅非哈女兒的名字就是瑪拉、挪阿、曷拉、密迦、得撒。|zh
1819|26|33|33|And Zelophehad, the son of Hepher, had no sons, but only daughters, and the names of the daughters of Zelophehad were Mahlah, and Noah, Hoglah, Milcah, and Tirzah.|en
1820|26|34|34|這就是瑪拿西的各族；他們中間被數的，共有五萬二千七百名。|zh
1821|26|34|34|These are the families of Manasseh; and those who were numbered of them were fifty-two thousand, seven hundred.|en
1822|26|35|35|按著家族，以法蓮的眾子：屬書提拉的，有書提拉族；屬比結的，有比結族；屬他罕的，有他罕族。|zh
1823|26|35|35|These are the sons of Ephraim by their families: of Shuthelah, the family of the Shuthelahites: of Becher, the family of the Becherites: of Tahan, the family of the Tahanites.|en
1824|26|36|36|書提拉的眾子：屬以蘭的，有以蘭族。|zh
1825|26|36|36|And these are the sons of Shuthelah: of Eran, the family of the Eranites:|en
1826|26|37|37|這就是以法蓮子孫的各族，照他們中間被數的，共有三萬二千五百名。按著家族，這都是約瑟的子孫。|zh
1827|26|37|37|These are the families of Ephraim as they were numbered, thirty-two thousand, five hundred. These are the sons of Joseph by their families.|en
1828|26|38|38|按著家族，便雅憫眾子，屬比拉的，有比拉族；屬亞實別的，有亞實別族；屬亞希蘭的，有亞希蘭族；|zh
1829|26|38|38|The sons of Benjamin by their families: of Bela, the family of the Belaites: of Ashbel, the family of the Ashbelites: of Ahiram, the family of the Ahiramites:|en
1830|26|39|39|屬書反的，有書反族；屬戶反的，有戶反族。|zh
1831|26|39|39|Of Shephupham, the family of the Shuphamites: and of Hupham, the family of the Huphamites.|en
1832|26|40|40|比拉的眾子是亞勒、乃幔。屬亞勒的，有亞勒族；屬乃幔的，有乃幔族。|zh
1833|26|40|40|And the sons of Bela were Ard and Naaman: of Ard, the family of the Ardites: of Naaman, the family of the Naamites.|en
1834|26|41|41|按著家族，這就是便雅憫的子孫，其中被數的，共有四萬五千六百名。|zh
1835|26|41|41|These are the sons of Benjamin by their families: and those who were numbered of them were forty-five thousand, six hundred.|en
1836|26|42|42|按著家族，但的眾子：屬書含的，有書含族。按著家族，這就是但的各族。|zh
1837|26|42|42|These are the sons of Dan by their families: of Shuham, the family of the Shuhamites. These are the families of Dan by their families.|en
1838|26|43|43|照其中被數的，書含所有的各族，共有六萬四千四百名。|zh
1839|26|43|43|All the families of the Shuhamites, as they were numbered, were sixty-four thousand, four hundred.|en
1840|26|44|44|按著家族，亞設的眾子：屬音拿的，有音拿族；屬亦施韋的，有亦施韋族；屬比利亞的，有比利亞族。|zh
1841|26|44|44|The sons of Asher by their families: of Imnah, the family of the Imnites: of Ishvi, the family of the Ishvites: of Beriah, the family of the Beriites.|en
1842|26|45|45|比利亞的眾子：屬希別的，有希別族；屬瑪結的，有瑪結族。|zh
1843|26|45|45|Of the sons of Beriah: of Heber, the family of the Heberites: of Malchiel, the family of the Malchielites:|en
1844|26|46|46|亞設的女兒名叫西拉。|zh
1845|26|46|46|And the name of the daughter of Asher was Serah.|en
1846|26|47|47|這就是亞設子孫的各族，照他們中間被數的，共有五萬三千四百名。|zh
1847|26|47|47|These are the families of the sons of Asher as they were numbered, fifty-three thousand, four hundred.|en
1848|26|48|48|按著家族，拿弗他利的眾子：屬雅薛的，有雅薛族；屬沽尼的，有沽尼族；|zh
1849|26|48|48|The sons of Naphtali by their families: of Jahzeel, the family of the Jahzeelites: of Guni, the family of the Gunites:|en
1850|26|49|49|屬耶色的，有耶色族；屬示冷的，有示冷族。|zh
1851|26|49|49|Of Jezer, the family of the Jezerites: of Shillem, the family of the Shillemites.|en
1852|26|50|50|按著家族，這就是拿弗他利的各族；他們中間被數的，共有四萬五千四百名。|zh
1853|26|50|50|These are the families of Naphtali by their families: and those who were numbered of them were forty-five thousand, four hundred.|en
1854|26|51|51|以色列人中被數的，共有六十萬零一千七百三十名。|zh
1855|26|51|51|Those who were numbered of the children of Israel were six hundred and one thousand, seven hundred and thirty.|en
1856|26|52|52|耶和華曉諭摩西說：|zh
1857|26|52|52|And the Lord said to Moses,|en
1858|26|53|53|你要按著人名的數目將地分給這些人為業。|zh
1859|26|53|53|Let there be a division of the land among these, for their heritage, in relation to the number of names.|en
1860|26|54|54|人多的，你要把產業多分給他們；人少的，你要把產業少分給他們；要照被數的人數，把產業分給各人。|zh
1861|26|54|54|To those families who are more in number, give a greater heritage; to those who are less in number, a smaller part: to every one let the heritage be given in relation to the number in his family.|en
1862|26|55|55|雖是這樣，還要拈鬮分地。他們要按著祖宗各支派的名字承受為業。|zh
1863|26|55|55|But let the distribution of the land be made by the decision of the Lord: by the names of the tribes of their fathers let their heritage be given them.|en
1864|26|56|56|要按著所拈的鬮，看人數多，人數少，把產業分給他們。|zh
1865|26|56|56|As it is ordered by the decision of the Lord, let distribution be made between those who are more in number and those who are less.|en
1866|26|57|57|利未人，按著他們的各族被數的：屬革順的，有革順族；屬哥轄的，有哥轄族；屬米拉利的，有米拉利族。|zh
1867|26|57|57|These were those of the Levites who were numbered by their families: of Gershon, the family of the Gershonites: of Kohath, the family of the Kohathites: of Merari, the family of the Merarites.|en
1868|26|58|58|利未的各族有立尼族、希伯倫族、瑪利族、母示族、可拉族。哥轄生暗蘭。|zh
1869|26|58|58|These are the families of Levi: the family of the Libnites, the family of the Hebronites, the family of the Mahlites, the family of the Mushites, the family of the Korahites. And Kohath was the father of Amram.|en
1870|26|59|59|暗蘭的妻名叫約基別，是利未女子，生在埃及。他給暗蘭生了亞倫、摩西，並他們的姊姊米利暗。|zh
1871|26|59|59|Amram's wife was Jochebed, the daughter of Levi, whom he had in Egypt: by Amram she had Moses and Aaron and their sister Miriam.|en
1872|26|60|60|亞倫生拿答、亞比戶、以利亞撒、以他瑪。|zh
1873|26|60|60|Aaron's sons were Nadab and Abihu, Eleazar and Ithamar.|en
1874|26|61|61|拿答、亞比戶在耶和華面前獻凡火的時候就死了。|zh
1875|26|61|61|Death overtook Nadab and Abihu when they made an offering of strange fire before the Lord.|en
1876|26|62|62|利未人中，凡一個月以外、被數的男丁，共有二萬三千。他們本來沒有數在以色列人中；因為在以色列人中，沒有分給他們產業。|zh
1877|26|62|62|Of these, twenty-three thousand males, from one month old and over, were numbered: they were not numbered with the rest of the children of Israel, for they had no heritage among the children of Israel.|en
1878|26|63|63|這些就是被摩西和祭司以利亞撒所數的；他們在摩押平原與耶利哥相對的約但河邊數點以色列人。|zh
1879|26|63|63|All these were numbered by Moses and Eleazar the priest when the children of Israel were numbered in the lowlands of Moab by the Jordan at Jericho.|en
1880|26|64|64|但被數的人中，沒有一個是摩西和祭司亞倫從前在西乃的曠野所數的以色列人，|zh
1881|26|64|64|But among all these was not one of those numbered by Moses and Aaron the priest when the children of Israel were numbered in the waste land of Sinai.|en
1882|26|65|65|因為耶和華論到他們說：他們必要死在曠野。所以，除了耶孚尼的兒子迦勒和嫩的兒子約書亞以外，連一個人也沒有存留。|zh
1883|26|65|65|For the Lord had said of them, Death will certainly overtake them in the waste land. And of them all, only Caleb, the son of Jephunneh, and Joshua, the son of Nun, were still living.|en
1884|27|1|1|屬約瑟的兒子瑪拿西的各族，有瑪拿西的玄孫，瑪吉的曾孫，基列的孫子，希弗的兒子西羅非哈的女兒，名叫瑪拉、挪阿、曷拉、密迦、得撒。他們前來，|zh
1885|27|1|1|Then the daughters of Zelophehad, the son of Hepher, the son of Gilead, the son of Machir, the son of Manasseh, of the families of Manasseh, the son of Joseph, came forward: their names are Mahlah, Noah, and Hoglah, and Milcah, and Tirzah.|en
1886|27|2|2|站在會幕門口，在摩西和祭司以利亞撒，並眾首領與全會眾面前，說：|zh
1887|27|2|2|They came before Moses and Eleazar the priest and the chiefs and all the people at the door of the Tent of meeting, and said,|en
1888|27|3|3|我們的父親死在曠野。他不與可拉同黨聚集攻擊耶和華，是在自己罪中死的；他也沒有兒子。|zh
1889|27|3|3|Death overtook our father in the waste land; he was not among those who were banded together with Korah against the Lord; but death came to him in his sin; and he had no sons.|en
1890|27|4|4|為甚麼因我們的父親沒有兒子就把他的名從他族中除掉呢？求你們在我們父親的弟兄中分給我們產業。|zh
1891|27|4|4|Why is the name of our father to be taken away from among his family, because he had no son? Give us a heritage among our father's brothers.|en
1892|27|5|5|於是，摩西將他們的案件呈到耶和華面前。|zh
1893|27|5|5|So Moses put their cause before the Lord.|en
1894|27|6|6|耶和華曉諭摩西說：|zh
1895|27|6|6|And the Lord said to Moses,|en
1896|27|7|7|西羅非哈的女兒說得有理。你定要在他們父親的弟兄中，把地分給他們為業；要將他們父親的產業歸給他們。|zh
1897|27|7|7|What the daughters of Zelophehad say is right: certainly you are to give them a heritage among their father's brothers: and let the property which would have been their father's go to them.|en
1898|27|8|8|你也要曉諭以色列人說：人若死了沒有兒子，就要把他的產業歸給他的女兒。|zh
1899|27|8|8|And say to the children of Israel, If a man has no son at the time of his death, let his heritage go to his daughter.|en
1900|27|9|9|他若沒有女兒，就要把他的產業給他的弟兄。|zh
1901|27|9|9|And if he has no daughter, then give his heritage to his brothers.|en
1902|27|10|10|他若沒有弟兄，就要把他的產業給他父親的弟兄。|zh
1903|27|10|10|And if he has no brothers, then give his heritage to his father's brothers.|en
1904|27|11|11|他父親若沒有弟兄，就要把他的產業給他族中最近的親屬，他便要得為業。這要作以色列人的律例典章，是照耶和華吩咐摩西的。|zh
1905|27|11|11|And if his father has no brothers, then give it to his nearest relation in the family, as his heritage: this is to be a decision made by law for the children of Israel, as the Lord gave orders to Moses.|en
1906|27|12|12|耶和華對摩西說：你上這亞巴琳山，觀看我所賜給以色列人的地。|zh
1907|27|12|12|And the Lord said to Moses, Go up into this mountain of Abarim so that you may see the land which I have given to the children of Israel.|en
1908|27|13|13|看了以後，你也必歸到你列祖（原文作本民）那裡，像你哥哥亞倫一樣。|zh
1909|27|13|13|And when you have seen it, you will be put to rest with your people, as your brother Aaron was:|en
1910|27|14|14|因為你們在尋的曠野，當會眾爭鬧的時候，違背了我的命，沒有在湧水之地、會眾眼前尊我為聖。（這水就是尋的曠野加低斯米利巴水。）|zh
1911|27|14|14|Because in the waste land of Zin, when the people were angry, you and he went against my word and did not keep my name holy before their eyes, at the waters. (These are the waters of Meribah in Kadesh in the waste land of Zin.)|en
1912|27|15|15|摩西對耶和華說：|zh
1913|27|15|15|Then Moses said to the Lord,|en
1914|27|16|16|願耶和華萬人之靈的神，立一個人治理會眾，|zh
1915|27|16|16|Let the Lord, the God of the spirits of all flesh, put a man at the head of this people,|en
1916|27|17|17|可以在他們面前出入，也可以引導他們，免得耶和華的會眾如同沒有牧人的羊群一般。|zh
1917|27|17|17|To go out and come in before them and be their guide; so that the people of the Lord may not be like sheep without a keeper.|en
1918|27|18|18|耶和華對摩西說：嫩的兒子約書亞是心中有聖靈的；你將他領來，按手在他頭上，|zh
1919|27|18|18|And the Lord said to Moses, Take Joshua, the son of Nun, a man in whom is the spirit, and put your hand on him;|en
1920|27|19|19|使他站在祭司以利亞撒和全會眾面前，囑咐他，|zh
1921|27|19|19|And take him before Eleazar the priest and all the meeting of the people, and give him his orders before their eyes.|en
1922|27|20|20|又將你的尊榮給他幾分，使以色列全會眾都聽從他。|zh
1923|27|20|20|And put your honour on him, so that all the children of Israel may be under his authority.|en
1924|27|21|21|他要站在祭司以利亞撒面前；以利亞撒要憑烏陵的判斷，在耶和華面前為他求問。他和以色列全會眾都要遵以利亞撒的命出入。|zh
1925|27|21|21|He will take his place before Eleazar the priest, so that he may get directions from the Lord for him, with the Urim: at his word they will go out, and at his word they will come in, he and all the children of Israel.|en
1926|27|22|22|於是摩西照耶和華所吩咐的將約書亞領來，使他站在祭司以利亞撒和全會眾面前。|zh
1927|27|22|22|So Moses did as the Lord said: he took Joshua and put him before Eleazar the priest and the meeting of the people:|en
1928|27|23|23|按手在他頭上，囑咐他，是照耶和華藉摩西所說的話。|zh
1929|27|23|23|And he put his hands on him and gave him his orders, as the Lord had said by Moses.|en
1930|28|1|1|耶和華曉諭摩西說：|zh
1931|28|1|1|And the Lord said to Moses,|en
1932|28|2|2|你要吩咐以色列人說：獻給我的供物，就是獻給我作馨香火祭的食物，你們要按日期獻給我；|zh
1933|28|2|2|Give orders to the children of Israel and say to them, Let it be your care to give me my offerings at their regular times, the food of the offerings made by fire to me for a sweet smell.|en
1934|28|3|3|又要對他們說：你們要獻給耶和華的火祭，就是沒有殘疾、一歲的公羊羔，每日兩隻，作為常獻的燔祭。|zh
1935|28|3|3|Say to them, This is the offering made by fire which you are to give to the Lord; he-lambs of the first year without any mark, two every day as a regular burned offering.|en
1936|28|4|4|早晨要獻一隻，黃昏的時候要獻一隻；|zh
1937|28|4|4|Let one be offered in the morning, and the other at evening;|en
1938|28|5|5|又用細麵伊法十分之一，並搗成的油一欣四分之一，調和作為素祭。|zh
1939|28|5|5|And the tenth part of an ephah of the best meal for a meal offering mixed with the fourth part of a hin of clear oil.|en
1940|28|6|6|這是西乃山所命定為常獻的燔祭，是獻給耶和華為馨香的火祭。|zh
1941|28|6|6|It is a regular burned offering, as it was ordered in Mount Sinai, for a sweet smell, an offering made by fire to the Lord.|en
1942|28|7|7|為這一隻羊羔，要同獻奠祭的酒一欣四分之一。在聖所中，你要將醇酒奉給耶和華為奠祭。|zh
1943|28|7|7|And for its drink offering take the fourth part of a hin for one lamb: in the holy place let the wine be drained out for a drink offering for the Lord.|en
1944|28|8|8|晚上，你要獻那一隻羊羔，必照早晨的素祭和同獻的奠祭獻上，作為馨香的火祭，獻給耶和華。|zh
1945|28|8|8|Let the other lamb be offered at evening; like the meal offering of the morning and its drink offering, let it be offered as an offering made by fire for a sweet smell to the Lord.|en
1946|28|9|9|當安息日，要獻兩隻沒有殘疾、一歲的公羊羔，並用調油的細麵伊法十分之二為素祭，又將同獻的奠祭獻上。|zh
1947|28|9|9|And on the Sabbath day, two he-lambs of the first year, without any mark, and two tenth parts of the best meal for a meal offering mixed with oil, and its drink offering:|en
1948|28|10|10|這是每安息日獻的燔祭；那常獻的燔祭和同獻的奠祭在外。|zh
1949|28|10|10|This is the burned offering for every Sabbath day, in addition to the regular burned offering, and its drink offering.|en
1950|28|11|11|每月朔，你們要將兩隻公牛犢，一隻公綿羊，七隻沒有殘疾、一歲的公羊羔，獻給耶和華為燔祭。|zh
1951|28|11|11|And on the first day of every month you are to give a burned offering to the Lord; two oxen, one male sheep, and seven he-lambs of the first year, without any mark;|en
1952|28|12|12|每隻公牛要用調油的細麵伊法十分之三作為素祭；那隻公羊也用調油的細麵伊法十分之二作為素祭；|zh
1953|28|12|12|And three tenth parts of the best meal for a meal offering mixed with oil, for every ox; and two tenth parts of the best meal for a meal offering mixed with oil, for the one sheep;|en
1954|28|13|13|每隻羊羔要用調油的細麵伊法十分之一作為素祭和馨香的燔祭，是獻給耶和華的火祭。|zh
1955|28|13|13|And a separate tenth part of the best meal mixed with oil for a meal offering for every lamb; for a burned offering of a sweet smell, an offering made by fire to the Lord.|en
1956|28|14|14|一隻公牛要奠酒半欣，一隻公羊要奠酒一欣三分之一，一隻羊羔也奠酒一欣四分之一。這是每月的燔祭，一年之中要月月如此。|zh
1957|28|14|14|And their drink offerings are to be half a hin of wine for an ox, and the third part of a hin for a male sheep, and the fourth part of a hin for a lamb: this is the burned offering for every month through all the months of the year.|en
1958|28|15|15|又要將一隻公山羊為贖罪祭，獻給耶和華；要獻在常獻的燔祭和同獻的奠祭以外。|zh
1959|28|15|15|And one he-goat for a sin-offering to the Lord; it is to be offered in addition to the regular burned offering and its drink offering.|en
1960|28|16|16|正月十四日是耶和華的逾越節。|zh
1961|28|16|16|And in the first month, on the fourteenth day of the month, is the Lord's Passover.|en
1962|28|17|17|這月十五日是節期，要吃無酵餅七日。|zh
1963|28|17|17|On the fifteenth day of this month there is to be a feast; for seven days let your food be unleavened cakes.|en
1964|28|18|18|第一日當有聖會；甚麼勞碌的工都不可做。|zh
1965|28|18|18|On the first day there is to be a holy meeting: you may do no sort of field-work:|en
1966|28|19|19|當將公牛犢兩隻，公綿羊一隻，一歲的公羊羔七隻，都要沒有殘疾的，用火獻給耶和華為燔祭。|zh
1967|28|19|19|And you are to give an offering made by fire, a burned offering to the Lord; two oxen, one male sheep, and seven he-lambs of the first year, without any mark:|en
1968|28|20|20|同獻的素祭用調油的細麵；為一隻公牛要獻伊法十分之三；為一隻公羊要獻伊法十分之二；|zh
1969|28|20|20|And their meal offering, the best meal mixed with oil: let three tenth parts of an ephah be offered for an ox and two tenth parts for a male sheep;|en
1970|28|21|21|為那七隻羊羔，每隻要獻伊法十分之一。|zh
1971|28|21|21|And a separate tenth part for every one of the seven lambs;|en
1972|28|22|22|並獻一隻公山羊作贖罪祭，為你們贖罪。|zh
1973|28|22|22|And one he-goat for a sin-offering to take away your sin.|en
1974|28|23|23|你們獻這些，要在早晨常獻的燔祭以外。|zh
1975|28|23|23|These are to be offered in addition to the morning burned offering, which is a regular burned offering at all times.|en
1976|28|24|24|一連七日，每日要照這例把馨香火祭的食物獻給耶和華，是在常獻的燔祭和同獻的奠祭以外。|zh
1977|28|24|24|In this way, every day for seven days, give the food of the offering made by fire, a sweet smell to the Lord: it is to be offered in addition to the regular burned offering, and its drink offering.|en
1978|28|25|25|第七日當有聖會，甚麼勞碌的工都不可做。|zh
1979|28|25|25|Then on the seventh day there will be a holy meeting; you may do no field-work.|en
1980|28|26|26|七七節莊稼初熟，你們獻新素祭給耶和華的日子，當有聖會；甚麼勞碌的工都不可做。|zh
1981|28|26|26|And at the time of the first-fruits, when you give an offering of new meal to the Lord at your feast of weeks, there is to be a holy meeting: you may do no field-work:|en
1982|28|27|27|只要將公牛犢兩隻，公綿羊一隻，一歲的公羊羔七隻，作為馨香的燔祭獻給耶和華。|zh
1983|28|27|27|And give a burned offering for a sweet smell to the Lord; two oxen, one male sheep, and seven he-lambs of the first year;|en
1984|28|28|28|同獻的素祭用調油的細麵；為每隻公牛要獻伊法十分之三；為一隻公羊要獻伊法十分之二；|zh
1985|28|28|28|And their meal offering, the best meal mixed with oil, three tenth parts for an ox, two tenth parts for a male sheep,|en
1986|28|29|29|為那七隻羊羔，每隻要獻伊法十分之一。|zh
1987|28|29|29|And a separate tenth part for every one of the seven lambs;|en
1988|28|30|30|並獻一隻公山羊為你們贖罪。|zh
1989|28|30|30|And one he-goat to take away your sin.|en
1990|28|31|31|這些，你們要獻在常獻的燔祭和同獻的素祭並同獻的奠祭以外，都要沒有殘疾的。|zh
1991|28|31|31|These are in addition to the regular burned offering and its meal offering; take care that they are without any mark, and let them be offered with their drink offerings.|en
1992|29|1|1|七月初一日，你們當有聖會；甚麼勞碌的工都不可做，是你們當守為吹角的日子。|zh
1993|29|1|1|In the seventh month, on the first day of the month, let there be a holy meeting; on it you may do no field-work; let the day be marked by the blowing of horns;|en
1994|29|2|2|你們要將公牛犢一隻，公綿羊一隻，沒有殘疾一歲的公羊羔七隻，作為馨香的燔祭獻給耶和華。|zh
1995|29|2|2|And give to the Lord a burned offering for a sweet smell; one ox, one male sheep, seven he-lambs of the first year, without any mark on them:|en
1996|29|3|3|同獻的素祭用調油的細麵；為一隻公牛要獻伊法十分之三；為一隻公羊要獻伊法十分之二；|zh
1997|29|3|3|And their meal offering, the best meal mixed with oil, three tenth parts for an ox, two tenth parts for a male sheep,|en
1998|29|4|4|為那七隻羊羔，每隻要獻伊法十分之一。|zh
1999|29|4|4|And a separate tenth part for every one of the seven lambs;|en
2000|29|5|5|又獻一隻公山羊作贖罪祭，為你們贖罪。|zh
2001|29|5|5|And one he-goat for a sin-offering, to take away your sin:|en
2002|29|6|6|這些是在月朔的燔祭和同獻的素祭，並常獻的燔祭與同獻的素祭，以及照例同獻的奠祭以外，都作為馨香的火祭獻給耶和華。|zh
2003|29|6|6|In addition to the burned offering of the new moon, and its meal offering, and the regular burned offering and its meal offering, and their drink offerings, as they are ordered, for a sweet smell, an offering made by fire to the Lord.|en
2004|29|7|7|七月初十日，你們當有聖會；要刻苦己心，甚麼工都不可做。|zh
2005|29|7|7|And on the tenth day of this seventh month there will be a holy meeting; keep yourselves from pleasure, and do no sort of work;|en
2006|29|8|8|只要將公牛犢一隻，公綿羊一隻，一歲的公羊羔七隻，都要沒有殘疾的，作為馨香的燔祭獻給耶和華。|zh
2007|29|8|8|And give to the Lord a burned offering for a sweet smell; one ox, one male sheep, seven he-lambs of the first year: only those without any mark on them may be used:|en
2008|29|9|9|同獻的素祭用調油的細麵：為一隻公牛要獻伊法十分之三；為一隻公羊要獻伊法十分之二；|zh
2009|29|9|9|And their meal offering, the best meal mixed with oil, three tenth parts for an ox, two tenth parts for a male sheep,|en
2010|29|10|10|為那七隻羊羔，每隻要獻伊法十分之一。|zh
2011|29|10|10|A separate tenth part for every one of the seven lambs;|en
2012|29|11|11|又獻一隻公山羊為贖罪祭。這是在贖罪祭和常獻的燔祭，與同獻的素祭並同獻的奠祭以外。|zh
2013|29|11|11|One he-goat for a sin-offering; in addition to the offering for taking away your sin, and the regular burned offering and its meal offering, and their drink offerings.|en
2014|29|12|12|七月十五日，你們當有聖會；甚麼勞碌的工都不可做，要向耶和華守節七日。|zh
2015|29|12|12|And on the fifteenth day of the seventh month let there be a holy meeting; do no field-work, and keep a feast to the Lord for seven days;|en
2016|29|13|13|又要將公牛犢十三隻，公綿羊兩隻，一歲的公羊羔十四隻，都要沒有殘疾的，用火獻給耶和華為馨香的燔祭。|zh
2017|29|13|13|And give a burned offering, an offering made by fire of a sweet smell to the Lord, thirteen oxen, two male sheep, fourteen he-lambs of the first year, all without any mark on them;|en
2018|29|14|14|同獻的素祭用調油的細麵；為那十三隻公牛，每隻要獻伊法十分之三；為那兩隻公羊，每隻要獻伊法十分之二；|zh
2019|29|14|14|And their meal offering, the best meal mixed with oil, three tenth parts for every one of the thirteen oxen, two tenth parts for every male sheep,|en
2020|29|15|15|為那十四隻羊羔，每隻要獻伊法十分之一。|zh
2021|29|15|15|And a separate tenth part for every one of the fourteen lambs;|en
2022|29|16|16|並獻一隻公山羊為贖罪祭，這是在常獻的燔祭和同獻的素祭並同獻的奠祭以外。|zh
2023|29|16|16|And one he-goat for a sin-offering; in addition to the regular burned offering, and its meal offering, and its drink offering.|en
2024|29|17|17|第二日要獻公牛犢十二隻，公綿羊兩隻，沒有殘疾、一歲的公羊羔十四隻；|zh
2025|29|17|17|On the second day of the feast give an offering of twelve oxen, two male sheep, fourteen he-lambs of the first year, without any mark on them;|en
2026|29|18|18|並為公牛、公羊，和羊羔，按數照例，獻同獻的素祭和同獻的奠祭。|zh
2027|29|18|18|And their meal offering and their drink offerings for the oxen and the sheep and the lambs, in relation to their number, as it is ordered:|en
2028|29|19|19|又要獻一隻公山羊為贖罪祭。這是在常獻的燔祭和同獻的素祭並同獻的奠祭以外。|zh
2029|29|19|19|And one he-goat for a sin-offering in addition to the regular burned offering, and its meal offering, and their drink offerings.|en
2030|29|20|20|第三日要獻公牛十一隻，公羊兩隻，沒有殘疾、一歲的公羊羔十四隻；|zh
2031|29|20|20|And on the third day eleven oxen, two male sheep, fourteen he-lambs of the first year, without any mark;|en
2032|29|21|21|並為公牛、公羊，和羊羔，按數照例，獻同獻的素祭和同獻的奠祭。|zh
2033|29|21|21|And their meal offering and drink offerings for the oxen, for the male sheep, and for the lambs, in relation to their number, as it is ordered:|en
2034|29|22|22|又要獻一隻公山羊為贖罪祭。這是在常獻的燔祭和同獻的素祭並同獻的奠祭以外。|zh
2035|29|22|22|And one he-goat for a sin-offering; in addition to the regular burned offering, and its meal offering, and its drink offering.|en
2036|29|23|23|第四日要獻公牛十隻，公羊兩隻，沒有殘疾、一歲的公羊羔十四隻；|zh
2037|29|23|23|And on the fourth day ten oxen, two male sheep, fourteen he-lambs of the first year, without any mark:|en
2038|29|24|24|並為公牛、公羊，和羊羔，按數照例，獻同獻的素祭和同獻的奠祭。|zh
2039|29|24|24|And their meal offering and their drink offerings for the oxen, for the male sheep, and for the lambs, in relation to their number, as it is ordered.|en
2040|29|25|25|又要獻一隻公山羊為贖罪祭。這是在常獻的燔祭和同獻的素祭並同獻的奠祭以外。|zh
2041|29|25|25|And one he-goat for a sin-offering; in addition to the regular burned offering, and its meal offering, and its drink offering.|en
2042|29|26|26|第五日要獻公牛九隻，公羊兩隻，沒有殘疾、一歲的公羊羔十四隻；|zh
2043|29|26|26|And on the fifth day nine oxen, two male sheep, fourteen he-lambs of the first year, without any mark:|en
2044|29|27|27|並為公牛、公羊，和羊羔，按數照例，獻同獻的素祭和同獻的奠祭。|zh
2045|29|27|27|And their meal offering and their drink offerings for the oxen, for the male sheep, and for the lambs, in relation to their number, as it is ordered:|en
2046|29|28|28|又要獻一隻公山羊為贖罪祭。這是在常獻的燔祭和同獻的素祭並同獻的奠祭以外。|zh
2047|29|28|28|And one he-goat for a sin-offering; in addition to the regular burned offering, and its meal offering, and its drink offering.|en
2048|29|29|29|第六日要獻公牛八隻，公羊兩隻，沒有殘疾、一歲的公羊羔十四隻；|zh
2049|29|29|29|And on the sixth day eight oxen, two male sheep, fourteen he-lambs of the first year, without any mark:|en
2050|29|30|30|並為公牛、公羊，和羊羔，按數照例，獻同獻的素祭和同獻的奠祭。|zh
2051|29|30|30|And their meal offering and their drink offerings for the oxen, for the male sheep, and for the lambs, in relation to their number, as it is ordered:|en
2052|29|31|31|又要獻一隻公山羊為贖罪祭。這是在常獻的燔祭和同獻的素祭並同獻的奠祭以外。|zh
2053|29|31|31|And one he-goat for a sin-offering; in addition to the regular burned offering, its meal offering, and its drink offerings.|en
2054|29|32|32|第七日要獻公牛七隻，公羊兩隻，沒有殘疾、一歲的公羊羔十四隻；|zh
2055|29|32|32|And on the seventh day seven oxen, two male sheep, fourteen he-lambs of the first year, without any mark:|en
2056|29|33|33|並為公牛、公羊，和羊羔，按數照例，獻同獻的素祭和同獻的奠祭。|zh
2057|29|33|33|And their meal offering and their drink offerings for the oxen, for the male sheep, and for the lambs, in relation to their number, as it is ordered:|en
2058|29|34|34|又要獻一隻公山羊為贖罪祭。這是在常獻的燔祭和同獻的素祭並同獻的奠祭以外。|zh
2059|29|34|34|And one he-goat for a sin-offering; in addition to the regular burned offering, its meal offering, and its drink offering.|en
2060|29|35|35|第八日你們當有嚴肅會；甚麼勞碌的工都不可做；|zh
2061|29|35|35|On the eighth day let there be a holy meeting: you may do no field-work;|en
2062|29|36|36|只要將公牛一隻，公羊一隻，沒有殘疾、一歲的公羊羔七隻作火祭，獻給耶和華為馨香的燔祭；|zh
2063|29|36|36|And give a burned offering, an offering made by fire of a sweet smell to the Lord: one ox, one male sheep, seven he-lambs of the first year, without any mark:|en
2064|29|37|37|並為公牛、公羊，和羊羔，按數照例，獻同獻的素祭和同獻的奠祭。|zh
2065|29|37|37|With the meal offering and the drink offerings for the ox, the male sheep, and the lambs, in relation to their number, as it is ordered:|en
2066|29|38|38|又要獻一隻公山羊為贖罪祭。這是在常獻的燔祭和同獻的素祭並同獻的奠祭以外。|zh
2067|29|38|38|And one he-goat for a sin-offering; in addition to the regular burned offering, and its meal offering, and its drink offering.|en
2068|29|39|39|這些祭要在你們的節期獻給耶和華，都在所許的願並甘心所獻的以外，作為你們的燔祭、素祭、奠祭，和平安祭。|zh
2069|29|39|39|These are the offerings which you are to give to the Lord at your regular feasts, in addition to the offerings for an oath, and the free offerings you give, for your burned offerings and your drink offerings and your peace-offerings.|en
2070|29|40|40|於是，摩西照耶和華所吩咐他的一切話告訴以色列人。|zh
2071|29|40|40|So Moses gave the children of Israel all these directions as the Lord had given him orders.|en
2072|30|1|1|摩西曉諭以色列各支派的首領說：耶和華所吩咐的乃是這樣：|zh
2073|30|1|1|And Moses said to the heads of the tribes of the children of Israel, This is the order of the Lord.|en
2074|30|2|2|人若向耶和華許願或起誓，要約束自己，就不可食言，必要按口中所出的一切話行。|zh
2075|30|2|2|When a man takes an oath to the Lord, or gives an undertaking having the force of an oath, let him not go back from his word, but let him do whatever he has said he will do.|en
2076|30|3|3|女子年幼、還在父家的時候，若向耶和華許願，要約束自己，|zh
2077|30|3|3|If a woman, being young and under the authority of her father, takes an oath to the Lord or gives an undertaking;|en
2078|30|4|4|他父親也聽見他所許的願並約束自己的話，卻向他默默不言，他所許的願並約束自己的話就都要為定.。|zh
2079|30|4|4|If her father, hearing of her oath or the undertaking she has given, says nothing to her, then all her oaths and every undertaking she has given will have force.|en
2080|30|5|5|但他父親聽見的日子若不應承他所許的願和約束自己的話，就都不得為定；耶和華也必赦免他，因為他父親不應承。|zh
2081|30|5|5|But if her father, hearing of it, makes her take back her word, then the oaths or the undertakings she has given will have no force; and she will have forgiveness from the Lord, because her oath was broken by her father.|en
2082|30|6|6|他若出了嫁，有願在身，或是口中出了約束自己的冒失話，|zh
2083|30|6|6|And if she is married to a husband at the time when she is under an oath or an undertaking given without thought;|en
2084|30|7|7|他丈夫聽見的日子，卻向他默默不言，他所許的願並約束自己的話就都要為定。|zh
2085|30|7|7|If her husband, hearing of it, says nothing to her at the time, then the oaths she made and the undertakings she gave will have force.|en
2086|30|8|8|但他丈夫聽見的日子，若不應承，就算廢了他所許的願和他出口約束自己的冒失話；耶和華也必赦免他。|zh
2087|30|8|8|But if her husband, hearing of it, makes her take it back, then the oath she made and the undertaking she gave without thought will have no force or effect, and she will have the Lord's forgiveness.|en
2088|30|9|9|寡婦或是被休的婦人所許的願，就是他約束自己的話，都要為定。|zh
2089|30|9|9|But an oath made by a widow or one who is no longer married to her husband, and every undertaking she has given, will have force.|en
2090|30|10|10|他若在丈夫家裡許了願或起了誓，約束自己，|zh
2091|30|10|10|If she made an oath while she was under the authority of her husband,|en
2092|30|11|11|丈夫聽見，卻向他默默不言，也沒有不應承，他所許的願並約束自己的話就都要為定。|zh
2093|30|11|11|And her husband, hearing of it, said nothing to her and did not put a stop to it, then all her oaths and every undertaking she gave will have force.|en
2094|30|12|12|丈夫聽見的日子，若把這兩樣全廢了，婦人口中所許的願或是約束自己的話就都不得為定，因他丈夫已經把這兩樣廢了；耶和華也必赦免他。|zh
2095|30|12|12|But if her husband, on hearing of it, made them without force or effect, then whatever she has said about her oaths or her undertaking has no force: her husband has made them without effect, and she will have the Lord's forgiveness.|en
2096|30|13|13|凡他所許的願和刻苦約束自己所起的誓，他丈夫可以堅定，也可以廢去。|zh
2097|30|13|13|Every oath, and every undertaking which she gives, to keep herself from pleasure, may be supported or broken by her husband.|en
2098|30|14|14|倘若他丈夫天天向他默默不言，就算是堅定他所許的願和約束自己的話；因丈夫聽見的日子向他默默不言，就使這兩樣堅定。|zh
2099|30|14|14|But if the days go on, and her husband says nothing whatever to her, then he is giving the support of his authority to her oaths and undertakings, because at the time of hearing them he said nothing to her.|en
2100|30|15|15|但他丈夫聽見以後，若使這兩樣全廢了，就要擔當婦人的罪孽。|zh
2101|30|15|15|But if at some time after hearing of them, he makes them without force, then he is responsible for her wrongdoing.|en
2102|30|16|16|這是丈夫待妻子，父親待女兒，女兒年幼、還在父家，耶和華所吩咐摩西的律例。|zh
2103|30|16|16|These are the laws which the Lord gave Moses in relation to a man and his wife, or a father and a young daughter who is under his authority.|en
2104|31|1|1|耶和華吩咐摩西說：|zh
2105|31|1|1|Then the Lord said to Moses,|en
2106|31|2|2|你要在米甸人身上報以色列人的仇，後來要歸到你列祖（原文作本民）那裡。|zh
2107|31|2|2|Give the Midianites punishment for the wrong they did to the children of Israel: and after that you will go to rest with your people.|en
2108|31|3|3|摩西吩咐百姓說：要從你們中間叫人帶兵器出去攻擊米甸，好在米甸人身上為耶和華報仇。|zh
2109|31|3|3|So Moses said to the people, Let men from among you be armed for war to put into effect against Midian the Lord's punishment on them.|en
2110|31|4|4|從以色列眾支派中，每支派要打發一千人去打仗。|zh
2111|31|4|4|From every tribe of Israel send a thousand to the war.|en
2112|31|5|5|於是從以色列千萬人中，每支派交出一千人，共一萬二千人，帶著兵器預備打仗。|zh
2113|31|5|5|So from the thousands of Israel a thousand were taken from every tribe, twelve thousand men armed for war.|en
2114|31|6|6|摩西就打發每支派的一千人去打仗，並打發祭司以利亞撒的兒子非尼哈同去；非尼哈手裡拿著聖所的器皿和吹大聲的號筒。|zh
2115|31|6|6|And Moses sent them out to war, a thousand from every tribe, and with them Phinehas, the son of Eleazar the priest, taking in his hands the vessels of the holy place and the horns for sounding the note of war.|en
2116|31|7|7|他們就照耶和華所吩咐摩西的，與米甸人打仗，殺了所有的男丁。|zh
2117|31|7|7|And they made war on Midian, as the Lord gave orders to Moses; and they put to death every male.|en
2118|31|8|8|在所殺的人中，殺了米甸的五王，就是以未、利金、蘇珥、戶珥、利巴，又用刀殺了比珥的兒子巴蘭。|zh
2119|31|8|8|They put the kings of Midian to death with the rest, Evi and Reken and Zur and Hur and Reba, the five kings of Midian: and Balaam, the son of Beor, they put to death with the sword.|en
2120|31|9|9|以色列人擄了米甸人的婦女孩子，並將他們的牲畜、羊群，和所有的財物都奪了來，當作擄物，|zh
2121|31|9|9|The women of Midian with their little ones the children of Israel took prisoner; and all their cattle and flocks and all their goods they took for themselves;|en
2122|31|10|10|又用火焚燒他們所住的城邑和所有的營寨，|zh
2123|31|10|10|And after burning all their towns and all their tent-circles,|en
2124|31|11|11|把一切所奪的、所擄的，連人帶牲畜都帶了去，|zh
2125|31|11|11|They went away with the goods they had taken, man and beast.|en
2126|31|12|12|將所擄的人，所奪的牲畜、財物，都帶到摩押平原，在約但河邊與耶利哥相對的營盤，交給摩西和祭司以利亞撒，並以色列的會眾。|zh
2127|31|12|12|And the prisoners and the goods and everything they had taken, they took to Moses and Eleazar the priest and the people of Israel, to the tent-circle in the lowlands of Moab by the Jordan at Jericho.|en
2128|31|13|13|摩西和祭司以利亞撒，並會眾一切的首領，都出到營外迎接他們。|zh
2129|31|13|13|Then Moses and Eleazar the priest and the chiefs of the people went out to them before they had come into the tent-circle.|en
2130|31|14|14|摩西向打仗回來的軍長，就是千夫長、百夫長，發怒，|zh
2131|31|14|14|And Moses was angry with the chiefs of the army, the captains of thousands and the captains of hundreds who had come back from the war.|en
2132|31|15|15|對他們說：你們要存留這一切婦女的活命麼？|zh
2133|31|15|15|And Moses said to them, Why have you kept all the women safe?|en
2134|31|16|16|這些婦女因巴蘭的計謀，叫以色列人在毘珥的事上得罪耶和華，以致耶和華的會眾遭遇瘟疫。|zh
2135|31|16|16|It was these who, moved by Balaam, were the cause of Israel's sin against the Lord in the question of Peor, because of which disease came on the people of the Lord.|en
2136|31|17|17|所以，你們要把一切的男孩和所有已嫁的女子都殺了。|zh
2137|31|17|17|So now put every male child to death, and every woman who has had sex relations with a man.|en
2138|31|18|18|但女孩子中，凡沒有出嫁的，你們都可以存留他的活命。|zh
2139|31|18|18|But all the female children who have had no sex relations with men, you may keep for yourselves.|en
2140|31|19|19|你們要在營外駐紮七日；凡殺了人的，和一切摸了被殺的，並你們所擄來的人口，第三日，第七日，都要潔淨自己，|zh
2141|31|19|19|You yourselves will have to keep outside the tent-circle for seven days, anyone of you who has put any person to death or come near a dead body; and on the third day and on the seventh day make yourselves and your prisoners clean.|en
2142|31|20|20|也要因一切的衣服、皮物、山羊毛織的物，和各樣的木器，潔淨自己。|zh
2143|31|20|20|And every bit of clothing, and anything made of leather or goats' hair or wood, you are to make clean.|en
2144|31|21|21|祭司以利亞撒對打仗回來的兵丁說：耶和華所吩咐摩西律法中的條例乃是這樣：|zh
2145|31|21|21|Then Eleazar the priest said to the men of war who had been to the fight, This is the rule of the law which the Lord has given to Moses:|en
2146|31|22|22|金、銀、銅、鐵、錫、鉛，|zh
2147|31|22|22|But gold and silver and brass and iron and tin and lead,|en
2148|31|23|23|凡能見火的，你們要叫他經火就為潔淨，然而還要用除污穢的水潔淨他；凡不能見火的，你們要叫他過水。|zh
2149|31|23|23|And anything which may be heated, is to go through the fire and be made clean; but in addition it is to be put in the water of cleaning: and anything which may not go through the fire is to be put in the water.|en
2150|31|24|24|第七日，你們要洗衣服，就為潔淨，然後可以進營。|zh
2151|31|24|24|And on the seventh day, after washing your clothing, you will be clean, and then you may come into the tent-circle.|en
2152|31|25|25|耶和華曉諭摩西說：|zh
2153|31|25|25|And the Lord said to Moses,|en
2154|31|26|26|你和祭司以利亞撒，並會眾的各族長，要計算所擄來的人口和牲畜的總數。|zh
2155|31|26|26|Get an account of everything which was taken in the war, of man and of beast, you and Eleazar the priest and the heads of families of the people:|en
2156|31|27|27|把所擄來的分作兩半：一半歸與出去打仗的精兵，一半歸與全會眾。|zh
2157|31|27|27|And let division be made of it into two parts, one for the men of war who went out to the fight, and one for all the people:|en
2158|31|28|28|又要從出去打仗所得的人口、牛、驢、羊群中，每五百取一，作為貢物奉給耶和華。|zh
2159|31|28|28|And from the men of war who went out let there be offered to the Lord one out of every five hundred, from the persons, and from the oxen and asses and sheep:|en
2160|31|29|29|從他們一半之中，要取出來交給祭司以利亞撒，作為耶和華的舉祭。|zh
2161|31|29|29|Take this from their part and give it to Eleazar the priest as an offering to be lifted up to the Lord.|en
2162|31|30|30|從以色列人的一半之中，就是從人口、牛、驢、羊群、各樣牲畜中，每五十取一，交給看守耶和華帳幕的利未人。|zh
2163|31|30|30|And from the part given to the children of Israel, take one out of every fifty, from the persons, and from the oxen and asses and sheep, and give it to the Levites who have the care of the House of the Lord.|en
2164|31|31|31|於是摩西和祭司以利亞撒照耶和華所吩咐摩西的行了。|zh
2165|31|31|31|So Eleazar and Moses did as the Lord had given orders to Moses.|en
2166|31|32|32|除了兵丁所奪的財物以外，所擄來的：羊六十七萬五千隻；|zh
2167|31|32|32|Now the beasts taken, in addition to what the fighting-men took for themselves, were six hundred and seventy-five thousand sheep,|en
2168|31|33|33|牛七萬二千隻；|zh
2169|31|33|33|And seventy-two thousand oxen,|en
2170|31|34|34|驢六萬一千匹；|zh
2171|31|34|34|And sixty-one thousand asses;|en
2172|31|35|35|女人共三萬二千口，都是沒有出嫁的。|zh
2173|31|35|35|And thirty-two thousand persons, that is, women who had never had sex relations with a man.|en
2174|31|36|36|出去打仗之人的分，就是他們所得的那一半，共計羊三十三萬七千五百隻，|zh
2175|31|36|36|And the half given as their part to the men who went to the war, was three hundred and thirty-seven thousand, five hundred sheep,|en
2176|31|37|37|從其中歸耶和華為貢物的，有六百七十五隻；|zh
2177|31|37|37|Of which the Lord's part was six hundred and seventy-five.|en
2178|31|38|38|牛三萬六千隻，從其中歸耶和華為貢物的，有七十二隻；|zh
2179|31|38|38|The number of oxen was thirty-six thousand, of which the Lord's part was seventy-two;|en
2180|31|39|39|驢三萬零五百匹，從其中歸耶和華為貢物的，有六十一匹；|zh
2181|31|39|39|The number of asses was thirty thousand, five hundred, of which the Lord's part was sixty-one.|en
2182|31|40|40|人一萬六千口，從其中歸耶和華的，有三十二口。|zh
2183|31|40|40|And the number of persons was sixteen thousand, of which the Lord's part was thirty-two persons.|en
2184|31|41|41|摩西把貢物，就是歸與耶和華的舉祭，交給祭司以利亞撒，是照耶和華所吩咐摩西的。|zh
2185|31|41|41|And Moses gave the Lord's part, lifted up as an offering, to Eleazar the priest, as the Lord had given orders to Moses.|en
2186|31|42|42|以色列人所得的那一半，就是摩西從打仗的人取來分給他們的。|zh
2187|31|42|42|And from the half given to the children of Israel, which Moses had kept separate from that given to the fighting-men,|en
2188|31|43|43|（會眾的那一半有：羊三十三萬七千五百隻；|zh
2189|31|43|43|(Now the people's half was three hundred and thirty-seven thousand, five hundred sheep,|en
2190|31|44|44|牛三萬六千隻；|zh
2191|31|44|44|And thirty-six thousand oxen,|en
2192|31|45|45|驢三萬零五百匹；|zh
2193|31|45|45|And thirty thousand, five hundred asses,|en
2194|31|46|46|人一萬六千口。）|zh
2195|31|46|46|And sixteen thousand persons;)|en
2196|31|47|47|無論是人口是牲畜，摩西每五十取一，交給看守耶和華帳幕的利未人，是照耶和華所吩咐摩西的。|zh
2197|31|47|47|Even from the children of Israel's half, Moses took one out of every fifty, men and beasts, and gave them to the Levites who had the care of the House of the Lord; as the Lord gave orders to Moses.|en
2198|31|48|48|帶領千軍的各軍長，就是千夫長、百夫長，都近前來見摩西，|zh
2199|31|48|48|Then the men in authority over the thousands of the army, the captains of thousands and captains of hundreds, came to Moses,|en
2200|31|49|49|對他說：僕人權下的兵已經計算總數，並不短少一人。|zh
2201|31|49|49|And said to him, Your servants have taken note of the number of all the fighting-men under our orders, and every one is present;|en
2202|31|50|50|如今我們將各人所得的金器，就是腳鍊子、鐲子、打印的戒指、耳環、手釧，都送來為耶和華的供物，好在耶和華面前為我們的生命贖罪。|zh
2203|31|50|50|And we have here an offering for the Lord from what every man took in the war, ornaments of gold, leg-chains and arm-rings, finger-rings, ear-rings, and neck-ornaments, to make our souls free from sin before the Lord.|en
2204|31|51|51|摩西和祭司以利亞撒就收了他們的金子，都是打成的器皿。|zh
2205|31|51|51|So Moses and Eleazar the priest took the gold from them, even all the worked ornaments.|en
2206|31|52|52|千夫長、百夫長所獻給耶和華為舉祭的金子共有一萬六千七百五十舍客勒。|zh
2207|31|52|52|And the gold which the captains of thousands and captains of hundreds gave, as an offering to be lifted up before the Lord, came to sixteen thousand, seven hundred and fifty shekels.|en
2208|31|53|53|各兵丁都為自己奪了財物。|zh
2209|31|53|53|(For every man of the army had taken goods for himself in the war.)|en
2210|31|54|54|摩西和祭司以利亞撒收了千夫長、百夫長的金子，就帶進會幕，在耶和華面前作為以色列人的紀念。|zh
2211|31|54|54|Then Moses and Eleazar the priest took the gold given by the captains of thousands and captains of hundreds, and took it into the Tent of meeting, to be a sign in memory of the children of Israel before the Lord.|en
2212|32|1|1|流便子孫和迦得子孫的牲畜極其眾多；他們看見雅謝地和基列地是可牧放牲畜之地，|zh
2213|32|1|1|Now the children of Reuben and the children of Gad had a great number of cattle: and when they saw that the land of Jazer and the land of Gilead was a good place for cattle;|en
2214|32|2|2|就來見摩西和祭司以利亞撒，並會眾的首領，說：|zh
2215|32|2|2|The children of Gad and the children of Reuben came and said to Moses and to Eleazar the priest and to the chiefs of the meeting,|en
2216|32|3|3|亞大錄、底本、雅謝、寧拉、希實本、以利亞利、示班、尼波、比穩，|zh
2217|32|3|3|Ataroth, and Dibon, and Jazer, and Nimrah, and Heshbon, and Elealeh, and Sebam, and Nebo, and Beon,|en
2218|32|4|4|就是耶和華在以色列會眾前面所攻取之地，是可牧放牲畜之地，你僕人也有牲畜；|zh
2219|32|4|4|The land which the Lord gave into the hands of the children of Israel, is a land for cattle, and your servants have cattle.|en
2220|32|5|5|又說：我們若在你眼前蒙恩，求你把這地給我們為業，不要領我們過約但河。|zh
2221|32|5|5|And they said, With your approval, let this land be given to your servants as their heritage: do not take us over Jordan.|en
2222|32|6|6|摩西對迦得子孫和流便子孫說：難道你們的弟兄去打仗，你們竟坐在這裡麼？|zh
2223|32|6|6|And Moses said to the children of Gad and the children of Reuben, Are your brothers to go to the war, while you take your rest here?|en
2224|32|7|7|你們為何使以色列人灰心喪膽、不過去進入耶和華所賜給他們的那地呢？|zh
2225|32|7|7|Why would you take from the children of Israel the desire to go over into the land which the Lord has given them?|en
2226|32|8|8|我先前從加低斯巴尼亞打發你們先祖去窺探那地，他們也是這樣行。|zh
2227|32|8|8|So did your fathers, when I sent them from Kadesh-barnea to see the land.|en
2228|32|9|9|他們上以實各谷，去窺探那地回來的時候，使以色列人灰心喪膽，不進入耶和華所賜給他們的地。|zh
2229|32|9|9|For when they went up to the valley of Eshcol, and saw the land, they took from the children of Israel the desire to go into the land which the Lord had given them.|en
2230|32|10|10|當日，耶和華的怒氣發作，就起誓說：|zh
2231|32|10|10|And at that time the Lord was moved to wrath, and made an oath, saying,|en
2232|32|11|11|凡從埃及上來、二十歲以外的人斷不得看見我對亞伯拉罕、以撒、雅各起誓應許之地，因為他們沒有專心跟從我。|zh
2233|32|11|11|Truly, not one of the men of twenty years old and over who came out of Egypt will see the land which I gave by oath to Abraham, Isaac, and Jacob; because they have not been true to me with all their heart;|en
2234|32|12|12|惟有基尼洗族耶孚尼的兒子迦勒和嫩的兒子約書亞可以看見，因為他們專心跟從我。|zh
2235|32|12|12|But only Caleb, the son of Jephunneh the Kenizzite, and Joshua, the son of Nun: because they have been true to the Lord.|en
2236|32|13|13|耶和華的怒氣向以色列人發作，使他們在曠野飄流四十年，等到在耶和華眼前行惡的那一代人都消滅了。|zh
2237|32|13|13|Then the Lord was angry with Israel, and he made them wanderers in the waste land for forty years? till all that generation who had done evil in the eyes of the Lord was dead.|en
2238|32|14|14|誰知，你們起來接續先祖，增添罪人的數目，使耶和華向以色列大發烈怒。|zh
2239|32|14|14|And now you have come to take the place of your fathers, another generation of sinners, increasing the wrath of the Lord against Israel.|en
2240|32|15|15|你們若退後不跟從他，他還要把以色列人撇在曠野，便是你們使這眾民滅亡。|zh
2241|32|15|15|For if you are turned away from him, he will send them wandering again in the waste land; and you will be the cause of the destruction of all this people.|en
2242|32|16|16|兩支派的人挨近摩西，說：我們要在這裡為牲畜壘圈，為婦人孩子造城。|zh
2243|32|16|16|Then they came to him, and said, We will make safe places for our cattle here, and towns for our little ones;|en
2244|32|17|17|我們自己要帶兵器行在以色列人的前頭，好把他們領到他們的地方；但我們的婦人孩子，因這地居民的緣故，要住在堅固的城內。|zh
2245|32|17|17|But we ourselves will be ready armed to go before the children of Israel till we have taken them to their place: but our little ones will be safe in the walled towns against the people of the land.|en
2246|32|18|18|我們不回家，直等到以色列人各承受自己的產業。|zh
2247|32|18|18|We will not come back to our houses till every one of the children of Israel has come into his heritage.|en
2248|32|19|19|我們不和他們在約但河那邊一帶之地同受產業，因為我們的產業是坐落在約但河東邊這裡。|zh
2249|32|19|19|For we will not have our heritage with them on the other side of Jordan and forward; because our heritage has come to us on this side of Jordan to the east.|en
2250|32|20|20|摩西對他們說：你們若這樣行，在耶和華面前帶著兵器出去打仗，|zh
2251|32|20|20|Then Moses said to them, If you will do this, arming yourselves to go before the Lord to the war,|en
2252|32|21|21|所有帶兵器的人都要在耶和華面前過約但河，等他趕出他的仇敵，|zh
2253|32|21|21|Every armed man of you going across Jordan before the Lord till he has overcome and sent in flight all who are against him,|en
2254|32|22|22|那地被耶和華制伏了，然後你們可以回來，向耶和華和以色列才為無罪，這地也必在耶和華面前歸你們為業。|zh
2255|32|22|22|And the land is under the rule of the Lord: then after that you may come back, having done no wrong to the Lord and to Israel; and this land will be yours for your heritage before the Lord.|en
2256|32|23|23|倘若你們不這樣行，就得罪耶和華，要知道你們的罪必追上你們。|zh
2257|32|23|23|But if you do not do this, then you are sinners against the Lord; and you may be certain that your sin will have its reward.|en
2258|32|24|24|如今你們口中所出的，只管去行，為你們的婦人孩子造城，為你們的羊群壘圈。|zh
2259|32|24|24|So get to work building your towns for your little ones, and safe places for your sheep; and do as you have said.|en
2260|32|25|25|迦得子孫和流便子孫對摩西說：僕人要照我主所吩咐的去行。|zh
2261|32|25|25|And the children of Gad and the children of Reuben said to Moses, Your servants will do as my lord says.|en
2262|32|26|26|我們的妻子、孩子、羊群，和所有的牲畜都要留在基列的各城。|zh
2263|32|26|26|Our little ones, our wives, and our flocks, and all our cattle, will be there in the towns of Gilead;|en
2264|32|27|27|但你的僕人，凡帶兵器的，都要照我主所說的話，在耶和華面前過去打仗。|zh
2265|32|27|27|But your servants will go over, every man armed for war, before the Lord to the fight, as my lord says.|en
2266|32|28|28|於是，摩西為他們囑咐祭司以利亞撒和嫩的兒子約書亞，並以色列眾支派的族長，說：|zh
2267|32|28|28|So Moses gave orders about them to Eleazar the priest and to Joshua, the son of Nun, and to the heads of families of the tribes of the children of Israel.|en
2268|32|29|29|迦得子孫和流便子孫，凡帶兵器在耶和華面前去打仗的，若與你們一同過約但河，那地被你們制伏了，你們就要把基列地給他們為業。|zh
2269|32|29|29|And Moses said to them, If the children of Gad and the children of Reuben go with you over Jordan, every man armed for the fight before the Lord, and all the land is given into your hands, then let them have the land of Gilead for a heritage:|en
2270|32|30|30|倘若他們不帶兵器和你們一同過去，就要在迦南地你們中間得產業。|zh
2271|32|30|30|But if they do not go over with you armed, they will have to take their heritage with you in the land of Canaan.|en
2272|32|31|31|迦得子孫和流便子孫回答說：耶和華怎樣吩咐僕人，僕人就怎樣行。|zh
2273|32|31|31|Then the children of Gad and the children of Reuben said, As the Lord has said to your servants, so will we do.|en
2274|32|32|32|我們要帶兵器，在耶和華面前過去，進入迦南地，只是約但河這邊、我們所得為業之地仍歸我們。|zh
2275|32|32|32|We will go over armed before the Lord into the land of Canaan, and you will give us our heritage on this side of Jordan.|en
2276|32|33|33|摩西將亞摩利王西宏的國和巴珊王噩的國，連那地和周圍的城邑，都給了迦得子孫和流便子孫，並約瑟的兒子瑪拿西半個支派。|zh
2277|32|33|33|So Moses gave to them, even to the children of Gad and the children of Reuben and to the half-tribe of Manasseh, the son of Joseph, the kingdom of Sihon, king of the Amorites and Og, king of Bashan, all the land with its towns and the country round them.|en
2278|32|34|34|迦得子孫建造底本、亞他錄、亞羅珥、|zh
2279|32|34|34|And the children of Gad were the builders of Dibon and Ataroth and Aroer;|en
2280|32|35|35|亞他錄朔反、雅謝、約比哈、|zh
2281|32|35|35|And Atroth-shophan and Jazer and Jogbehah;|en
2282|32|36|36|伯寧拉、伯哈蘭，都是堅固城。他們又壘羊圈。|zh
2283|32|36|36|And Beth-nimrah and Beth-haran: walled towns and shut-in places for sheep.|en
2284|32|37|37|流便子孫建造希實本、以利亞利、基列亭、|zh
2285|32|37|37|And the children of Reuben were the builders of Heshbon and Elealeh and Kiriathaim;|en
2286|32|38|38|尼波、巴力免、西比瑪（尼波、巴力免，名字是改了的），又給他們所建造的城另起別名。|zh
2287|32|38|38|And Nebo and Baal-meon, (their names being changed,) and Sibmah: and they gave other names to the towns they made.|en
2288|32|39|39|瑪拿西的兒子瑪吉，他的子孫往基列去，佔了那地，趕出那裡的亞摩利人。|zh
2289|32|39|39|And the children of Machir, the son of Manasseh, went to Gilead and took it, driving out the Amorites who were living there.|en
2290|32|40|40|摩西將基列賜給瑪拿西的兒子瑪吉，他子孫就住在那裡。|zh
2291|32|40|40|And Moses gave Gilead to Machir, the son of Manasseh; and he made it his living-place.|en
2292|32|41|41|瑪拿西的子孫睚珥去佔了基列的村莊，就稱這些村莊為哈倭特睚珥。|zh
2293|32|41|41|And Jair, the son of Manasseh, went and took the towns of Gilead, naming them Havvoth-Jair.|en
2294|32|42|42|挪巴去佔了基納和基納的鄉村，就按自己的名稱基納為挪巴。|zh
2295|32|42|42|And Nobah went and took Kenath and its small towns, naming it Nobah, after himself.|en
2296|33|1|1|以色列人按著軍隊，在摩西、亞倫的手下出埃及地所行的路程（或作：站口；下同）記在下面。|zh
2297|33|1|1|These are the journeys of the children of Israel, when they went out of the land of Egypt in their armies, under the direction of Moses and Aaron.|en
2298|33|2|2|摩西遵著耶和華的吩咐記載他們所行的路程，其路程乃是這樣：|zh
2299|33|2|2|And the stages of their journey on their way out were put down in writing by Moses at the order of the Lord: these are the stages of their journey and the way they went.|en
2300|33|3|3|正月十五日，就是逾越節的次日，以色列人從蘭塞起行，在一切埃及人眼前昂然無懼的出去。|zh
2301|33|3|3|On the fifteenth day of the first month they went out from Rameses; on the day after the Passover the children of Israel went out by the power of the Lord before the eyes of all the Egyptians,|en
2302|33|4|4|那時，埃及人正葬埋他們的長子，就是耶和華在他們中間所擊殺的；耶和華也敗壞他們的神。|zh
2303|33|4|4|While the Egyptians were placing in the earth the bodies of their sons on whom the Lord had sent destruction: and their gods had been judged by him.|en
2304|33|5|5|以色列人從蘭塞起行，安營在疏割。|zh
2305|33|5|5|So the children of Israel went from Rameses and put up their tents in Succoth.|en
2306|33|6|6|從疏割起行，安營在曠野邊的以倘。|zh
2307|33|6|6|And they went on from Succoth and put up their tents in Etham on the edge of the waste land.|en
2308|33|7|7|從以倘起行，轉到比哈希錄，是在巴力洗分對面，就在密奪安營。|zh
2309|33|7|7|And from Etham, turning back to Pi-hahiroth which is before Baal-zephon, they put up their tents before Migdol.|en
2310|33|8|8|從比哈希錄對面起行，經過海中到了書珥曠野，又在伊坦的曠野走了三天的路程，就安營在瑪拉。|zh
2311|33|8|8|And journeying on from before Hahiroth, they went through the sea into the waste land: they went three days' journey through the waste land of Etham and put up their tents in Marah.|en
2312|33|9|9|從瑪拉起行，來到以琳（以琳有十二股水泉，七十棵棕樹），就在那裡安營。|zh
2313|33|9|9|And from Marah they went on to Elim: and in Elim there were twelve water-springs and seventy palm-trees; and they put up their tents there.|en
2314|33|10|10|從以琳起行，安營在紅海邊。|zh
2315|33|10|10|And they went on from Elim and put up their tents by the Red Sea.|en
2316|33|11|11|從紅海邊起行，安營在汛的曠野。|zh
2317|33|11|11|Then from the Red Sea they went on and put up their tents in the waste land of Sin.|en
2318|33|12|12|從汛的曠野起行，安營在脫加。|zh
2319|33|12|12|And they went on from the waste land of Sin, and put up their tents in Dophkah.|en
2320|33|13|13|從脫加起行，安營在亞錄。|zh
2321|33|13|13|And they went on from Dophkah, and put up their tents in Alush.|en
2322|33|14|14|從亞錄起行，安營在利非訂；在那裡，百姓沒有水喝。|zh
2323|33|14|14|And they went on from Alush, and put up their tents in Rephidim, where there was no drinking-water for the people.|en
2324|33|15|15|從利非訂起行，安營在西乃的曠野。|zh
2325|33|15|15|And they went on from Rephidim, and put up their tents in the waste land of Sinai.|en
2326|33|16|16|從西乃的曠野起行，安營在基博羅哈他瓦。|zh
2327|33|16|16|And they went on from the waste land of Sinai and put up their tents in Kibroth-hattaavah.|en
2328|33|17|17|從基博羅哈他瓦起行，安營在哈洗錄。|zh
2329|33|17|17|And they went on from Kibroth-hattaavah, and put up their tents in Hazeroth.|en
2330|33|18|18|從哈洗錄起行，安營在利提瑪。|zh
2331|33|18|18|And they went on from Hazeroth, and put up their tents in Rithmah.|en
2332|33|19|19|從利提瑪起行，安營在臨門帕烈。|zh
2333|33|19|19|And they went on from Rithmah, and put up their tents in Rimmon-perez.|en
2334|33|20|20|從臨門帕烈起行，安營在立拿。|zh
2335|33|20|20|And they went on from Rimmon-perez, and put up their tents in Libnah.|en
2336|33|21|21|從立拿起行，安營在勒撒。|zh
2337|33|21|21|And they went on from Libnah, and put up their tents in Rissah.|en
2338|33|22|22|從勒撒起行，安營在基希拉他。|zh
2339|33|22|22|And they went on from Rissah, and put up their tents in Kehelathah.|en
2340|33|23|23|從基希拉他起行，安營在沙斐山。|zh
2341|33|23|23|And they went on from Kehelathah, and put up their tents in Mount Shepher.|en
2342|33|24|24|從沙斐山起行，安營在哈拉大。|zh
2343|33|24|24|And they went on from Mount Shepher, and put up their tents in Haradah.|en
2344|33|25|25|從哈拉大起行，安營在瑪吉希錄。|zh
2345|33|25|25|And they went on from Haradah, and put up their tents in Makheloth.|en
2346|33|26|26|從瑪吉希錄起行，安營在他哈。|zh
2347|33|26|26|And they went on from Makheloth, and put up their tents in Tahath.|en
2348|33|27|27|從他哈起行，安營在他拉。|zh
2349|33|27|27|And they went on from Tahath, and put up their tents in Terah.|en
2350|33|28|28|從他拉起行，安營在密加。|zh
2351|33|28|28|And they went on from Terah, and put up their tents in Mithkah.|en
2352|33|29|29|從密加起行，安營在哈摩拿。|zh
2353|33|29|29|And they went on from Mithkah, and put up their tents in Hashmonah.|en
2354|33|30|30|從哈摩拿起行，安營在摩西錄。|zh
2355|33|30|30|And they went on from Hashmonah, and put up their tents in Moseroth.|en
2356|33|31|31|從摩西錄起行，安營在比尼亞干。|zh
2357|33|31|31|And they went on from Moseroth, and put up their tents in Bene-jaakan.|en
2358|33|32|32|從比尼亞干起行，安營在曷哈及甲。|zh
2359|33|32|32|And they went on from Bene-jaakan, and put up their tents in Hor-haggidgad.|en
2360|33|33|33|從曷哈及甲起行，安營在約巴他。|zh
2361|33|33|33|And they went on from Hor-haggidgad, and put up their tents in Jotbathah.|en
2362|33|34|34|從約巴他起行，安營在阿博拿。|zh
2363|33|34|34|And they went on from Jotbathah, and put up their tents in Abronah.|en
2364|33|35|35|從阿博拿起行，安營在以旬迦別。|zh
2365|33|35|35|And they went on from Abronah, and put up their tents in Ezion-geber.|en
2366|33|36|36|從以旬迦別起行，安營在尋的曠野，就是加低斯。|zh
2367|33|36|36|And they went on from Ezion-geber, and put up their tents in the waste land of Zin (which is Kadesh).|en
2368|33|37|37|從加低斯起行，安營在何珥山，以東地的邊界。|zh
2369|33|37|37|And they went on from Kadesh, and put up their tents in Mount Hor, on the edge of the land of Edom.|en
2370|33|38|38|以色列人出了埃及地後四十年，五月初一日，祭司亞倫遵著耶和華的吩咐上何珥山，就死在那裡。|zh
2371|33|38|38|And Aaron the priest went up into the mountain at the order of the Lord, and came to his death there, in the fortieth year after the children of Israel had come out of the land of Egypt, in the fifth month, on the first day of the month.|en
2372|33|39|39|亞倫死在何珥山的時候年一百二十三歲。|zh
2373|33|39|39|Aaron was a hundred and twenty-three years old at the time of his death in Mount Hor.|en
2374|33|40|40|住在迦南南地的迦南人亞拉得王聽說以色列人來了。|zh
2375|33|40|40|And news of the coming of the children of Israel came to the king of Arad, the Canaanite, who was living in the South in the land of Canaan.|en
2376|33|41|41|以色列人從何珥山起行，安營在撒摩拿。|zh
2377|33|41|41|And from Mount Hor they went on, and put up their tents in Zalmonah.|en
2378|33|42|42|從撒摩拿起行，安營在普嫩。|zh
2379|33|42|42|And they went on from Zalmonah, and put up their tents in Punon.|en
2380|33|43|43|從普嫩起行，安營在阿伯。|zh
2381|33|43|43|And they went on from Punon, and put up their tents in Oboth.|en
2382|33|44|44|從阿伯起行，安營在以耶亞巴琳，摩押的邊界。|zh
2383|33|44|44|And they went on from Oboth, and put up their tents in Iye-abarim at the edge of Moab.|en
2384|33|45|45|從以耶亞巴琳起行，安營在底本迦得。|zh
2385|33|45|45|And they went on from Iyim, and put up their tents in Dibon-gad.|en
2386|33|46|46|從底本迦得起行，安營在亞門低比拉太音。|zh
2387|33|46|46|And from Dibon-gad they went on, and put up their tents in Almon-diblathaim.|en
2388|33|47|47|從亞門低比拉太音起行，安營在尼波對面的亞巴琳山裡。|zh
2389|33|47|47|And from Almon-diblathaim they went on, and put up their tents in the mountains of Abarim, before Nebo.|en
2390|33|48|48|從亞巴琳山起行，安營在摩押平原─約但河邊、耶利哥對面。|zh
2391|33|48|48|And they went on from the mountains of Abarim, and put up their tents in the lowlands of Moab by Jordan at Jericho;|en
2392|33|49|49|他們在摩押平原沿約但河邊安營，從伯耶施末直到亞伯什亭。|zh
2393|33|49|49|Planting their tents by the side of Jordan from Beth-jeshimoth as far as Abel-shittim in the lowlands of Moab.|en
2394|33|50|50|耶和華在摩押平原─約但河邊、耶利哥對面曉諭摩西說：|zh
2395|33|50|50|And in the lowlands of Moab by Jordan at Jericho, the Lord said to Moses,|en
2396|33|51|51|你吩咐以色列人說：你們過約但河進迦南地的時候，|zh
2397|33|51|51|Say to the children of Israel, When you go over Jordan into the land of Canaan,|en
2398|33|52|52|就要從你們面前趕出那裡所有的居民，毀滅他們一切鏨成的石像和他們一切鑄成的偶像，又拆毀他們一切的邱壇。|zh
2399|33|52|52|See that all the people of the land are forced out from before you, and put to destruction all their pictured stones, and all their metal images, and all their high places:|en
2400|33|53|53|你們要奪那地，住在其中，因我把那地賜給你們為業。|zh
2401|33|53|53|And take the land for yourselves, for your resting-place: for to you I have given the land as your heritage.|en
2402|33|54|54|你們要按家室拈鬮，承受那地；人多的，要把產業多分給他們；人少的，要把產業少分給他們。拈出何地給何人，就要歸何人。你們要按宗族的支派承受。|zh
2403|33|54|54|And you will take up your heritage in the land by the decision of the Lord, to every family its part; the greater the family the greater its heritage, and the smaller the family the smaller will be its heritage; wherever the decision of the Lord gives to any man his part, that will be his; distribution will be made to you by your fathers' tribes.|en
2404|33|55|55|倘若你們不趕出那地的居民，所容留的居民就必作你們眼中的刺，肋下的荊棘，也必在你們所住的地上擾害你們。|zh
2405|33|55|55|But if you are slow in driving out the people of the land, then those of them who are still there will be like pin-points in your eyes and like thorns in your sides, troubling you in the land where you are living.|en
2406|33|56|56|而且我素常有意怎樣待他們，也必照樣待你們。|zh
2407|33|56|56|And it will come about that as it was my purpose to do to them, so I will do to you.|en
2408|34|1|1|耶和華曉諭摩西說：|zh
2409|34|1|1|And the Lord said to Moses,|en
2410|34|2|2|你吩咐以色列人說：你們到了迦南地，就是歸你們為業的迦南四境之地，|zh
2411|34|2|2|Give orders to the children of Israel and say to them, When you come into the land of Canaan; (this is the land which is to be your heritage, the land of Canaan inside these limits,)|en
2412|34|3|3|南角要從尋的曠野，貼著以東的邊界；南界要從鹽海東頭起，|zh
2413|34|3|3|Then your south quarter will be from the waste land of Zin by the side of Edom, and your limit on the south will be from the east end of the Salt Sea,|en
2414|34|4|4|繞到亞克拉濱坡的南邊，接連到尋，直通到加低斯巴尼亞的南邊，又通到哈薩亞達，接連到押們，|zh
2415|34|4|4|And round to the south of the slope of Akrabbim, and on to Zin: and its direction will be south of Kadesh-barnea, and it will go as far as Hazar-addar and on to Azmon:|en
2416|34|5|5|從押們轉到埃及小河，直通到海為止。|zh
2417|34|5|5|And from Azmon it will go round to the stream of Egypt as far as the sea.|en
2418|34|6|6|西邊要以大海為界；這就是你們的西界。|zh
2419|34|6|6|And for your limit on the west you will have the Great Sea and its edge: this will be your limit on the west.|en
2420|34|7|7|北界要從大海起，畫到何珥山，|zh
2421|34|7|7|And your limit on the north will be the line from the Great Sea to Mount Hor:|en
2422|34|8|8|從何珥山劃到哈馬口，通到西達達，|zh
2423|34|8|8|And from Mount Hor the line will go in the direction of Hamath; the farthest point of it will be at Zedad:|en
2424|34|9|9|又通到西斐崙，直到哈薩以難。這要作你們的北界。|zh
2425|34|9|9|And the limit will go on to Ziphron, with its farthest point at Hazar-enan: this will be your limit on the north.|en
2426|34|10|10|你們要從哈薩以難劃到示番為東界。|zh
2427|34|10|10|And on the east, your limit will be marked out from Hazar-enan to Shepham,|en
2428|34|11|11|這界要從示番下到亞延東邊的利比拉，又要達到基尼烈湖的東邊。|zh
2429|34|11|11|Going down from Shepham to Riblah on the east side of Ain, and on as far as the east side of the sea of Chinnereth:|en
2430|34|12|12|這界要下到約但河，通到鹽海為止。這四圍的邊界以內，要作你們的地。|zh
2431|34|12|12|And so down to Jordan, stretching to the Salt Sea: all the land inside these limits will be yours.|en
2432|34|13|13|摩西吩咐以色列人說：這地就是耶和華吩咐拈鬮給九個半支派承受為業的；|zh
2433|34|13|13|And Moses gave orders to the children of Israel saying, This is the land which is to be your heritage, by the decision of the Lord, which by the Lord's order is to be given to the nine tribes and the half-tribe:|en
2434|34|14|14|因為流便支派和迦得支派按著宗族受了產業，瑪拿西半個支派也受了產業。|zh
2435|34|14|14|For the tribe of the children of Reuben, by their fathers' families, and the tribe of the children of Gad, by their fathers' families, and the half-tribe of Manasseh, have been given their heritage:|en
2436|34|15|15|這兩個半支派已經在耶利哥對面、約但河東、向日出之地受了產業。|zh
2437|34|15|15|The two tribes and the half-tribe have been given their heritage on the other side of Jordan at Jericho, on the east looking to the dawn.|en
2438|34|16|16|耶和華曉諭摩西說：|zh
2439|34|16|16|And the Lord said to Moses,|en
2440|34|17|17|要給你們分地為業之人的名字是祭司以利亞撒和嫩的兒子約書亞。|zh
2441|34|17|17|These are the names of the men who are to make the distribution of the land among you: Eleazar the priest and Joshua, the son of Nun.|en
2442|34|18|18|又要從每支派中選一個首領幫助他們。|zh
2443|34|18|18|And you are to take one chief from every tribe to make the distribution of the land.|en
2444|34|19|19|這些人的名字：猶大支派有耶孚尼的兒子迦勒。|zh
2445|34|19|19|And these are the names of the men: of the tribe of Judah, Caleb, the son of Jephunneh.|en
2446|34|20|20|西緬支派有亞米忽的兒子示母利。|zh
2447|34|20|20|And of the tribe of the children of Simeon, Shemuel, the son of Ammihud.|en
2448|34|21|21|便雅憫支派有基斯倫的兒子以利達。|zh
2449|34|21|21|Of the tribe of Benjamin, Elidad, the son of Chislon.|en
2450|34|22|22|但支派有一個首領，約利的兒子布基。|zh
2451|34|22|22|And of the tribe of the children of Dan, a chief, Bukki, the son of Jogli.|en
2452|34|23|23|約瑟的子孫瑪拿西支派有一個首領，以弗的兒子漢聶。|zh
2453|34|23|23|Of the children of Joseph: of the tribe of the children of Manasseh, a chief, Hanniel, the son of Ephod:|en
2454|34|24|24|以法蓮支派有一個首領，拾弗但的兒子基母利。|zh
2455|34|24|24|And of the tribe of the children of Ephraim, a chief, Kemuel, the son of Shiphtan.|en
2456|34|25|25|西布倫支派有一個首領，帕納的兒子以利撒番。|zh
2457|34|25|25|And of the tribe of the children of Zebulun, a chief, Elizaphan, the son of Parnach.|en
2458|34|26|26|以薩迦支派有一個首領，阿散的兒子帕鐵。|zh
2459|34|26|26|And of the tribe of the children of Issachar, a chief, Paltiel, the son of Azzan.|en
2460|34|27|27|亞設支派有一個首領，示羅米的兒子亞希忽。|zh
2461|34|27|27|And of the tribe of the children of Asher, a chief, Ahihud, the son of Shelomi.|en
2462|34|28|28|拿弗他利支派有一個首領，亞米忽的兒子比大黑。|zh
2463|34|28|28|And of the tribe of the children of Naphtali, a chief, Pedahel, the son of Ammihud.|en
2464|34|29|29|這些人就是耶和華所吩咐、在迦南地把產業分給以色列人的。|zh
2465|34|29|29|These are they to whom the Lord gave orders to make the distribution of the heritage among the children of Israel in the land of Canaan.|en
2466|35|1|1|耶和華在摩押平原─約但河邊、耶利哥對面曉諭摩西說：|zh
2467|35|1|1|And the Lord said to Moses in the lowlands of Moab by Jordan at Jericho,|en
2468|35|2|2|你吩咐以色列人，要從所得為業的地中把些城給利未人居住，也要把這城四圍的郊野給利未人。|zh
2469|35|2|2|Give orders to the children of Israel to give to the Levites, from the heritage which is theirs, towns for themselves, with land on the outskirts of the towns.|en
2470|35|3|3|這城邑要歸他們居住，城邑的郊野可以牧養他們的牛羊和各樣的牲畜，又可以安置他們的財物。|zh
2471|35|3|3|These towns are to be their living-places, with land round them for their cattle and their food and all their beasts,|en
2472|35|4|4|你們給利未人的郊野，要從城根起，四圍往外量一千肘。|zh
2473|35|4|4|Stretching from the wall of the towns a distance of a thousand cubits all round.|en
2474|35|5|5|另外東量二千肘，南量二千肘，西量二千肘，北量二千肘，為邊界，城在當中；這要歸他們作城邑的郊野。|zh
2475|35|5|5|The measure of this space of land is to be two thousand cubits outside the town on the east, and two thousand cubits on the south and on the west and on the north, the town being in the middle. This space will be the outskirts of their towns.|en
2476|35|6|6|你們給利未人的城邑，其中當有六座逃城，使誤殺人的可以逃到那裡。此外還要給他們四十二座城。|zh
2477|35|6|6|And the towns which you give the Levites are to be the six safe places to which the taker of life may go in flight; and in addition you are to give them forty-two towns.|en
2478|35|7|7|你們要給利未人的城，共有四十八座，連城帶郊野都要給他們。|zh
2479|35|7|7|Forty-eight towns are to be given to the Levites, all with land round them.|en
2480|35|8|8|以色列人所得的地業從中要把些城邑給利未人；人多的就多給，人少的就少給；各支派要按所承受為業之地把城邑給利未人。|zh
2481|35|8|8|And these towns are to be given out of the heritage of the children of Israel, taking the greater number from those who have much, and a smaller number from those who have little: everyone, in the measure of his heritage, is to give of his property to the Levites.|en
2482|35|9|9|耶和華曉諭摩西說：|zh
2483|35|9|9|And the Lord said to Moses,|en
2484|35|10|10|你吩咐以色列人說：你們過約但河，進了迦南地，|zh
2485|35|10|10|Say to the children of Israel, when you have gone over Jordan into the land of Canaan;|en
2486|35|11|11|就要分出幾座城，為你們作逃城，使誤殺人的可以逃到那裡。|zh
2487|35|11|11|Then let certain towns be marked out as safe places to which anyone who takes the life of another in error may go in flight.|en
2488|35|12|12|這些城可以作逃避報仇人的城，使誤殺人的不至於死，等他站在會眾面前聽審判。|zh
2489|35|12|12|In these towns you may be safe from him who has the right of punishment; so that death may not overtake the taker of life till he has been judged by the meeting of the people.|en
2490|35|13|13|你們所分出來的城，要作六座逃城。|zh
2491|35|13|13|Six of the towns which you give will be such safe places;|en
2492|35|14|14|在約但河東要分出三座城，在迦南地也要分出三座城，都作逃城。|zh
2493|35|14|14|Three on the other side of Jordan and three in the land of Canaan, to be safe places for flight.|en
2494|35|15|15|這六座城要給以色列人和他們中間的外人，並寄居的，作為逃城，使誤殺人的都可以逃到那裡。|zh
2495|35|15|15|For the children of Israel and for the man from another country who is living among them, these six towns are to be safe places, where anyone causing the death of another through error may go in flight.|en
2496|35|16|16|倘若人用鐵器打人，以致打死，他就是故殺人的；故殺人的必被治死。|zh
2497|35|16|16|But if a man gives another man a blow with an iron instrument, causing his death, he is a taker of life and is certainly to be put to death.|en
2498|35|17|17|若用可以打死人的石頭打死了人，他就是故殺人的；故殺人的必被治死。|zh
2499|35|17|17|Or if he gives him a blow with a stone in his hand, causing his death, he is a taker of life and is certainly to be put to death.|en
2500|35|18|18|若用可以打死人的木器打死了人，他就是故殺人的；故殺人的必被治死。|zh
2501|35|18|18|Or if he gave him blows with a wood instrument in his hands, causing his death, he is a taker of life and is certainly to be put to death.|en
2502|35|19|19|報血仇的必親自殺那故殺人的，一遇見就殺他。|zh
2503|35|19|19|He whose right it is to give punishment for blood, may himself put to death the taker of life when he comes face to face with him.|en
2504|35|20|20|人若因怨恨把人推倒，或是埋伏往人身上扔物，以致於死，|zh
2505|35|20|20|If in his hate he put a sword through him, or waiting secretly for him sent a spear or stone at him, causing his death;|en
2506|35|21|21|或是因仇恨用手打人，以致於死，那打人的必被治死。他是故殺人的；報血仇的一遇見就殺他。|zh
2507|35|21|21|Or in hate gave him blows with his hand, causing death; he who gave the death-blow is to be put to death; he is a taker of life: he whose right it is to give punishment for blood may put to death the taker of life when he comes face to face with him.|en
2508|35|22|22|倘若人沒有仇恨，忽然將人推倒，或是沒有埋伏把物扔在人身上，|zh
2509|35|22|22|But if a man has given a wound to another suddenly and not in hate, or without design has sent something against him,|en
2510|35|23|23|或是沒有看見的時候用可以打死人的石頭扔在人身上，以致於死，本來與他無仇，也無意害他。|zh
2511|35|23|23|Or has given him a blow with a stone, without seeing him, so causing his death, though he had nothing against him and no desire to do him evil:|en
2512|35|24|24|會眾就要照典章，在打死人的和報血仇的中間審判。|zh
2513|35|24|24|Then let the meeting of the people be judge between the man responsible for the death and him who has the right of punishment for blood, acting by these rules:|en
2514|35|25|25|會眾要救這誤殺人的脫離報血仇人的手，也要使他歸入逃城。他要住在其中，直等到受聖膏的大祭司死了。|zh
2515|35|25|25|And let the people keep the man responsible for the death safe from the hands of him who has the right of punishment for blood, and send him back to his safe town where he had gone in flight: there let him be till the death of the high priest who was marked with the holy oil.|en
2516|35|26|26|但誤殺人的，無論甚麼時候，若出了逃城的境外，|zh
2517|35|26|26|But if ever he goes outside the walls of the safe town where he had gone in flight,|en
2518|35|27|27|報血仇的在逃城境外遇見他，將他殺了，報血仇的就沒有流血之罪。|zh
2519|35|27|27|And the giver of punishment, meeting him outside the walls of the town, puts him to death, he will not be responsible for his blood:|en
2520|35|28|28|因為誤殺人的該住在逃城裡，等到大祭司死了。大祭司死了以後，誤殺人的才可以回到他所得為業之地。|zh
2521|35|28|28|Because he had been ordered to keep inside the safe town till the death of the high priest: but after the death of the high priest the taker of life may come back to the place of his heritage.|en
2522|35|29|29|這在你們一切的住處，要作你們世世代代的律例典章。|zh
2523|35|29|29|These rules are to be your guide in judging through all your generations wherever you may be living.|en
2524|35|30|30|無論誰故殺人，要憑幾個見證人的口把那故殺人的殺了，只是不可憑一個見證的口叫人死。|zh
2525|35|30|30|Anyone causing the death of another is himself to be put to death on the word of witnesses: but the word of one witness is not enough.|en
2526|35|31|31|故殺人、犯死罪的，你們不可收贖價代替他的命；他必被治死。|zh
2527|35|31|31|Further, no price may be given for the life of one who has taken life and whose right reward is death: he is certainly to be put to death.|en
2528|35|32|32|那逃到逃城的人，你們不可為他收贖價，使他在大祭司未死以先再來住在本地。|zh
2529|35|32|32|And no price may be offered for one who has gone in flight to a safe town, for the purpose of letting him come back to his place before the death of the high priest.|en
2530|35|33|33|這樣，你們就不污穢所住之地，因為血是污穢地的；若有在地上流人血的，非流那殺人者的血，那地就不得潔淨（潔淨原文作贖）。|zh
2531|35|33|33|So do not make the land where you are living unholy: for blood makes the land unholy: and there is no way of making the land free from the blood which has come on it, but only by the death of him who was the cause of it.|en
2532|35|34|34|你們不可玷污所住之地，就是我住在其中之地，因為我─耶和華住在以色列人中間。|zh
2533|35|34|34|Do not make unclean the land where you are living and in which is my House: for I the Lord am present among the children of Israel.|en
2534|36|1|1|約瑟的後裔，瑪拿西的孫子，瑪吉的兒子基列，他子孫中的諸族長來到摩西和作首領的以色列人族長面前，說：|zh
2535|36|1|1|Now the heads of the families of the children of Gilead, the son of Machir, the son of Manasseh, of the families of the sons of Joseph, came to Moses, the chiefs and the heads of families of the children of Israel being present,|en
2536|36|2|2|耶和華曾吩咐我主拈鬮分地給以色列人為業，我主也受了耶和華的吩咐將我們兄弟西羅非哈的產業分給他的眾女兒。|zh
2537|36|2|2|And said, The Lord gave orders to my lord to make distribution of the land as their heritage to the children of Israel: and my lord was ordered by the Lord to give the heritage of Zelophehad, our brother, to his daughters.|en
2538|36|3|3|他們若嫁以色列別支派的人，就必將我們祖宗所遺留的產業加在他們丈夫支派的產業中。這樣，我們拈鬮所得的產業就要減少了。|zh
2539|36|3|3|Now if they get married to any of the sons of other tribes of the children of Israel, then their property will be taken away from the heritage of our fathers, and become part of the heritage of the tribe into which they get married: and their heritage will be taken away from the heritage of our tribe.|en
2540|36|4|4|到了以色列人的禧年，這女兒的產業就必加在他們丈夫支派的產業上。這樣，我們祖宗支派的產業就減少了。|zh
2541|36|4|4|And at the time of the Jubilee of the children of Israel, their property will be joined to the heritage of the tribe of which they are part and will be taken away from the heritage of the tribe of our fathers.|en
2542|36|5|5|摩西照耶和華的話吩咐以色列人說：約瑟支派的人說得有理。|zh
2543|36|5|5|So by the direction of the Lord, Moses gave orders to the children of Israel, saying, What the tribe of the sons of Joseph have said is right.|en
2544|36|6|6|論到西羅非哈的眾女兒，耶和華這樣吩咐說：他們可以隨意嫁人，只是要嫁同宗支派的人。|zh
2545|36|6|6|This is the order of the Lord about the daughters of Zelophehad: The Lord says, Let them take as their husbands whoever is most pleasing to them, but only among the family of their father's tribe.|en
2546|36|7|7|這樣，以色列人的產業就不從這支派歸到那支派，因為以色列人要各守各祖宗支派的產業。|zh
2547|36|7|7|And so no property will be handed from tribe to tribe among the children of Israel; but every one of the children of Israel will keep the heritage of his father's tribe.|en
2548|36|8|8|凡在以色列支派中得了產業的女子必作同宗支派人的妻，好叫以色列人各自承受他祖宗的產業。|zh
2549|36|8|8|And every daughter owning property in any tribe of the children of Israel is to be married to one of the family of her father's tribe, so that every man of the children of Israel may keep the heritage of his fathers.|en
2550|36|9|9|這樣，他們的產業就不從這支派歸到那支派，因為以色列支派的人要各守各的產業。|zh
2551|36|9|9|And no property will be handed from one tribe to another, but every tribe of the children of Israel will keep its heritage.|en
2552|36|10|10|耶和華怎樣吩咐摩西，西羅非哈的眾女兒就怎樣行。|zh
2553|36|10|10|So the daughters of Zelophehad did as the Lord gave orders to Moses:|en
2554|36|11|11|西羅非哈的女兒瑪拉、得撒、曷拉、密迦、挪阿都嫁了他們伯叔的兒子。|zh
2555|36|11|11|For Mahlah, Tirzah, and Hoglah, and Milcah, and Noah, the daughters of Zelophehad, took as their husbands the sons of their father's brothers:|en
2556|36|12|12|他們嫁入約瑟兒子、瑪拿西子孫的族中；他們的產業仍留在同宗支派中。|zh
2557|36|12|12|And were married into the families of the sons of Manasseh, the son of Joseph, and their property was kept in the tribe of their father's family|en
2558|36|13|13|這是耶和華在摩押平原─約但河邊、耶利哥對面─藉著摩西所吩咐以色列人的命令典章。|zh
2559|36|13|13|These are the laws and the orders which the Lord gave to the children of Israel by Moses, in the lowlands of Moab by Jordan at Jericho.|en
