|chapter|sec|no|content|lang
0|1|1|1|亞哈死後，摩押背叛以色列。|zh
1|1|1|1|After the death of Ahab, Moab made itself free from the authority of Israel.|en
2|1|2|2|亞哈謝在撒瑪利亞，一日從樓上的欄杆裡掉下來，就病了；於是差遣使者說：你們去問以革倫的神巴力西卜，我這病能好不能好。|zh
3|1|2|2|Now Ahaziah had a fall from the window of his room in Samaria, and was ill. And he sent men, and said to them, Put a question to Baal-zebub, the god of Ekron, about the outcome of my disease, to see if I will get well or not.|en
4|1|3|3|但耶和華的使者對提斯比人以利亞說：你起來，去迎著撒瑪利亞王的使者，對他們說：你們去問以革倫神巴力西卜，豈因以色列中沒有　神麼？|zh
5|1|3|3|But the angel of the Lord said to Elijah the Tishbite, Go now, and, meeting the men sent by the king of Samaria, say to them, Is it because there is no God in Israel, that you are going to get directions from Baal-zebub, the god of Ekron?|en
6|1|4|4|所以耶和華如此說：你必不下你所上的床，必定要死！以利亞就去了。|zh
7|1|4|4|Give ear then to the words of the Lord: You will never again get down from the bed on to which you have gone up, but death will certainly come to you. Then Elijah went away.|en
8|1|5|5|使者回來見王，王問他們說：你們為甚麼回來呢？|zh
9|1|5|5|And the men he had sent came back to the king; and he said to them, Why have you come back?|en
10|1|6|6|使者回答說：有一個人迎著我們來，對我們說：你們回去見差你們來的王，對他說：耶和華如此說，你差人去問以革倫神巴力西卜，豈因以色列中沒有　神麼？所以你必不下所上的床，必定要死。|zh
11|1|6|6|And they said to him, On our way we had a meeting with a man who said, Go back to the king who sent you and say to him, The Lord says, Is it because there is no God in Israel that you send to put a question to Baal-zebub, the god of Ekron? For this reason, you will not come down from the bed on to which you have gone up, but death will certainly come to you.|en
12|1|7|7|王問他們說：迎著你們來告訴你們這話的，是怎樣的人？|zh
13|1|7|7|And he said to them, What sort of a man was it who came and said these words to you?|en
14|1|8|8|回答說：他身穿毛衣，腰束皮帶。王說：這必是提斯比人以利亞。|zh
15|1|8|8|And they said in answer, He was a man clothed in a coat of hair, with a leather band about his body. Then he said, It is Elijah the Tishbite.|en
16|1|9|9|於是，王差遣五十夫長，帶領五十人去見以利亞，他就上到以利亞那裡；以利亞正坐在山頂上。五十夫長對他說：神人哪，王吩咐你下來！|zh
17|1|9|9|Then the king sent to him a captain of fifty with his fifty men; and he went up to him where he was seated on the top of a hill, and said to him, O man of God, the king has said, Come down.|en
18|1|10|10|以利亞回答說：我若是神人，願火從天上降下來，燒滅你和你那五十人！於是有火從天上降下來，燒滅五十夫長和他那五十人。|zh
19|1|10|10|And Elijah in answer said to the captain of fifty, If I am a man of God, may fire come down from heaven on you and on your fifty men, and put an end to you. Then fire came down from heaven and put an end to him and his fifty men.|en
20|1|11|11|王第二次差遣一個五十夫長，帶領五十人去見以利亞。五十夫長對以利亞說：神人哪，王吩咐你快快下來！|zh
21|1|11|11|Then the king sent another captain of fifty with his fifty men; and he said to Elijah, O man of God, the king says, Come down quickly.|en
22|1|12|12|以利亞回答說：我若是神人，願火從天上降下來，燒滅你和你那五十人！於是　神的火從天上降下來，燒滅五十夫長和他那五十人。|zh
23|1|12|12|And Elijah in answer said, If I am a man of God, may fire come down from heaven on you and on your fifty men, and put an end to you. And the fire of God came down from heaven, and put an end to him and his fifty men.|en
24|1|13|13|王第三次差遣一個五十夫長，帶領五十人去。這五十夫長上去，雙膝跪在以利亞面前，哀求他說：神人哪，願我的性命和你這五十個僕人的性命在你眼前看為寶貴！|zh
25|1|13|13|Then he sent a third captain of fifty with his fifty men; and the third captain of fifty went up, and falling on his knees before Elijah, requesting mercy of him, said, O man of God, let my life and the life of these your fifty servants be of value to you.|en
26|1|14|14|已經有火從天上降下來，燒滅前兩次來的五十夫長和他們各自帶的五十人；現在願我的性命在你眼前看為寶貴！|zh
27|1|14|14|For fire came down from heaven and put an end to the first two captains of fifty and their fifties; but now let my life be of value in your eyes.|en
28|1|15|15|耶和華的使者對以利亞說：你同著他下去，不要怕他！以利亞就起來，同著他下去見王，|zh
29|1|15|15|Then the angel of the Lord said to Elijah, Go down with him; have no fear of him. So he got up and went down with him to the king.|en
30|1|16|16|對王說：耶和華如此說：你差人去問以革倫神巴力西卜，豈因以色列中沒有　神可以求問麼？所以你必不下所上的床，必定要死！|zh
31|1|16|16|And he said to him, This is the word of the Lord: Because you sent men to put a question to Baal-zebub, the god of Ekron, for this reason you will never again get down from the bed on to which you have gone up, but death will certainly come to you.|en
32|1|17|17|亞哈謝果然死了，正如耶和華藉以利亞所說的話。因他沒有兒子，他兄弟約蘭接續他作王，正在猶大王約沙法的兒子約蘭第二年。|zh
33|1|17|17|So death came to him, as the Lord had said by the mouth of Elijah. And Jehoram became king in his place in the second year of the rule of Jehoram, son of Jehoshaphat, king of Judah; because he had no son.|en
34|1|18|18|亞哈謝其餘所行的事都寫在以色列諸王記上。|zh
35|1|18|18|Now the rest of the acts of Ahaziah, are they not recorded in the book of the history of the kings of Israel?|en
36|2|1|1|耶和華要用旋風接以利亞升天的時候，以利亞與以利沙從吉甲前往。|zh
37|2|1|1|Now when the Lord was about to take Elijah up to heaven in a great wind, Elijah went with Elisha from Gilgal.|en
38|2|2|2|以利亞對以利沙說：耶和華差我往伯特利去，你可以在這裡等候。以利沙說：我指著永生的耶和華，又敢在你面前起誓，我必不離開你。於是二人下到伯特利。|zh
39|2|2|2|And Elijah said to Elisha, Come no farther for the Lord has sent me to Beth-el. But Elisha said, As the Lord is living and as your soul is living, I will not be parted from you. So they went down to Beth-el.|en
40|2|3|3|住伯特利的先知門徒出來見以利沙，對他說：耶和華今日要接你的師傅離開你，你知道不知道？他說：我知道，你們不要作聲。|zh
41|2|3|3|And at Beth-el the sons of the prophets came out to Elisha and said, Has it been made clear to you that the Lord is going to take away your master from over you today? And he said, Yes, I have knowledge of it: say no more.|en
42|2|4|4|以利亞對以利沙說：耶和華差遣我往耶利哥去，你可以在這裡等候。以利沙說：我指著永生的耶和華，又敢在你面前起誓，我必不離開你。於是二人到了耶利哥。|zh
43|2|4|4|Then Elijah said to him, Come no farther, for the Lord has sent me to Jericho. But he said, As the Lord is living and as your soul is living, I will not be parted from you. So they went on to Jericho.|en
44|2|5|5|住耶利哥的先知門徒就近以利沙，對他說：耶和華今日要接你的師傅離開你，你知道不知道？他說：我知道，你們不要作聲。|zh
45|2|5|5|And at Jericho the sons of the prophets came up to Elisha and said to him, Has it been made clear to you that the Lord is going to take away your master from over you today? And he said in answer, Yes, I have knowledge of it: say no more.|en
46|2|6|6|以利亞對以利沙說：耶和華差遣我往約但河去，你可以在這裡等候。以利沙說：我指著永生的耶和華，又敢在你面前起誓，我必不離開你。於是二人一同前往。|zh
47|2|6|6|Then Elijah said to him, Come no farther, for the Lord has sent me to Jordan. But he said, As the Lord is living and as your soul is living, I will not be parted from you. So they went on together.|en
48|2|7|7|有先知門徒去了五十人，遠遠地站在他們對面；二人在約但河邊站住。|zh
49|2|7|7|And fifty men of the sons of the prophets went out and took their places facing them a long way off, while the two of them were by the edge of Jordan.|en
50|2|8|8|以利亞將自己的外衣捲起來，用以打水，水就左右分開，二人走乾地而過。|zh
51|2|8|8|Then Elijah took off his robe, and, rolling it up, gave the water a blow with it, and the waters were parted, flowing back this way and that, so that they went over on dry land.|en
52|2|9|9|過去之後，以利亞對以利沙說：我未曾被接去離開你，你要我為你做甚麼，只管求我。以利沙說：願感動你的靈加倍地感動我。|zh
53|2|9|9|And when they had come to the other side, Elijah said to Elisha, Say what you would have me do for you before I am taken from you. And Elisha said, Be pleased to let a special measure of your spirit be on me.|en
54|2|10|10|以利亞說：你所求的難得。雖然如此，我被接去離開你的時候，你若看見我，就必得著；不然，必得不著了。|zh
55|2|10|10|And he said, You have made a hard request: still, if you see me when I am taken from you, you will get your desire; but if not, it will not be so.|en
56|2|11|11|他們正走著說話，忽有火車火馬將二人隔開，以利亞就乘旋風升天去了。|zh
57|2|11|11|And while they went on their way, going on talking together, suddenly there were carriages and horses of fire separating them from one another and Elijah went up to heaven in a great wind.|en
58|2|12|12|以利沙看見，就呼叫說：我父啊！我父啊！以色列的戰車馬兵啊！以後不再見他了。於是以利沙把自己的衣服撕為兩片。|zh
59|2|12|12|And when Elisha saw it he gave a cry, My father, my father, the carriages of Israel and its horsemen! And he saw him no longer; and he was full of grief.|en
60|2|13|13|他拾起以利亞身上掉下來的外衣，回去站在約但河邊。|zh
61|2|13|13|Then he took up Elijah's robe, which had been dropped from him, and went back till he came to the edge of Jordan.|en
62|2|14|14|他用以利亞身上掉下來的外衣打水，說：耶和華─以利亞的神在哪裡呢？打水之後，水也左右分開，以利沙就過來了。|zh
63|2|14|14|And he took Elijah's robe, which had been dropped from him, and giving the water a blow with it, said, Where is the Lord, the God of Elijah? and at his blow the waters were parted this way and that; and Elisha went over.|en
64|2|15|15|住耶利哥的先知門徒從對面看見他，就說：感動以利亞的靈感動以利沙了。他們就來迎接他，在他面前俯伏於地，|zh
65|2|15|15|And when the sons of the prophets who were facing him at Jericho saw him, they said, The spirit of Elijah is resting on Elisha. And they came out to him, and went down on the earth before him.|en
66|2|16|16|對他說：僕人們這裡有五十個壯士，求你容他們去尋找你師傅，或者耶和華的靈將他提起來，投在某山某谷。以利沙說：你們不必打發人去。|zh
67|2|16|16|And they said, Your servants have with us here fifty strong men; be pleased to let them go in search of Elijah; for it may be that the spirit of the Lord has taken him up and put him down on some mountain or in some valley. But he said, Do not send them.|en
68|2|17|17|他們再三催促他，他難以推辭，就說：你們打發人去罷！他們便打發五十人去，尋找了三天，也沒有找著。|zh
69|2|17|17|But when they kept on requesting him, he was shamed and said, Send, then. So they sent fifty men; but after searching for three days, they came back without having seen him.|en
70|2|18|18|以利沙仍然在耶利哥等候他們回到他那裡；他對他們說：我豈沒有告訴你們不必去麼？|zh
71|2|18|18|And they came back to him, while he was still at Jericho; and he said to them, Did I not say to you, Go not?|en
72|2|19|19|耶利哥城的人對以利沙說：這城的地勢美好，我主看見了；只是水惡劣，土產不熟而落。|zh
73|2|19|19|Now the men of the town said to Elisha, You see that the position of this town is good; but the water is bad, causing the young of the cattle to come to birth dead.|en
74|2|20|20|以利沙說：你們拿一個新瓶來，裝鹽給我；他們就拿來給他。|zh
75|2|20|20|So he said, Get me a new vessel, and put salt in it; and they took it to him.|en
76|2|21|21|他出到水源，將鹽倒在水中，說：耶和華如此說：我治好了這水，從此必不再使人死，也不再使地土不生產。|zh
77|2|21|21|Then he went out to the spring from which the water came, and put salt in it, and said, The Lord says, Now I have made this water sweet; no longer will it be death-giving or unfertile.|en
78|2|22|22|於是那水治好了，直到今日，正如以利沙所說的。|zh
79|2|22|22|And the water was made sweet again to this day, as Elisha said.|en
80|2|23|23|以利沙從那裡上伯特利去，正上去的時候，有些童子從城裡出來，戲笑他說：禿頭的上去罷！禿頭的上去罷！|zh
81|2|23|23|Then from there he went up to Beth-el; and on his way, some little boys came out from the town and made sport of him, crying, Go up, old no-hair! go up, old no-hair!|en
82|2|24|24|他回頭看見，就奉耶和華的名咒詛他們。於是有兩個母熊從林中出來，撕裂他們中間四十二個童子。|zh
83|2|24|24|And turning back, he saw them, and put a curse on them in the name of the Lord. And two she-bears came out of the wood and put forty-two of the children to death.|en
84|2|25|25|以利沙從伯特利上迦密山，又從迦密山回到撒瑪利亞。|zh
85|2|25|25|From there he went to Mount Carmel, and came back from there to Samaria.|en
86|3|1|1|猶大王約沙法十八年，亞哈的兒子約蘭在撒瑪利亞登基作了以色列王十二年。|zh
87|3|1|1|And Jehoram, the son of Ahab, became king over Israel in Samaria in the eighteenth year of the rule of Jehoshaphat, king of Judah; and he was king for twelve years.|en
88|3|2|2|他行耶和華眼中看為惡的事，但不至像他父母所行的，因為除掉他父所造巴力的柱像。|zh
89|3|2|2|He did evil in the eyes of the Lord; but not like his father and his mother, for he put away the stone pillar of Baal which his father had made.|en
90|3|3|3|然而，他貼近尼八的兒子耶羅波安使以色列人陷在罪裡的那罪，總不離開。|zh
91|3|3|3|But still he did the same sins which Jeroboam, the son of Nebat, did and made Israel do; he went on in them.|en
92|3|4|4|摩押王米沙牧養許多羊，每年將十萬羊羔的毛和十萬公綿羊的毛給以色列王進貢。|zh
93|3|4|4|Now Mesha, king of Moab, was a sheep-farmer; and he gave regularly to the king of Israel the wool from a hundred thousand lambs and a hundred thousand sheep.|en
94|3|5|5|亞哈死後，摩押王背叛以色列王。|zh
95|3|5|5|But when Ahab was dead, the king of Moab got free from the authority of the king of Israel.|en
96|3|6|6|那時約蘭王出撒瑪利亞，數點以色列眾人。|zh
97|3|6|6|At that time, King Jehoram went out from Samaria and got all Israel together in fighting order.|en
98|3|7|7|前行的時候，差人去見猶大王約沙法，說：摩押王背叛我，你肯同我去攻打摩押麼？他說：我肯上去，你我不分彼此，我的民與你的民一樣，我的馬與你的馬一樣。|zh
99|3|7|7|And he sent to Jehoshaphat, king of Judah, saying, The king of Moab has got free from my authority: will you go with me to make war on Moab? And he said, I will go with you: I am as you are, my people as your people, and my horses as your horses.|en
100|3|8|8|約蘭說：我們從哪條路上去呢？回答說：從以東曠野的路上去。|zh
101|3|8|8|And he said, Which way are we to go? And he said in answer, By the waste land of Edom.|en
102|3|9|9|於是，以色列王和猶大王，並以東王，都一同去繞行七日的路程；軍隊和所帶的牲畜沒有水喝。|zh
103|3|9|9|So the king of Israel went with the king of Judah and the king of Edom by a roundabout way for seven days: and there was no water for the army or for the beasts they had with them.|en
104|3|10|10|以色列王說：哀哉！耶和華招聚我們這三王，乃要交在摩押人的手裡。|zh
105|3|10|10|And the king of Israel said, Here is trouble: for the Lord has got these three kings together to give them into the hands of Moab.|en
106|3|11|11|約沙法說：這裡不是有耶和華的先知麼？我們可以託他求問耶和華。以色列王的一個臣子回答說：這裡有沙法的兒子以利沙，就是從前服事以利亞的(原文作倒水在以利亞手上的)。|zh
107|3|11|11|But Jehoshaphat said, Is there no prophet of the Lord here, through whom we may get directions from the Lord? And one of the king of Israel's men said in answer, Elisha, the son of Shaphat, is here, who was servant to Elijah.|en
108|3|12|12|約沙法說：他必有耶和華的話。於是以色列王和約沙法，並以東王都下去見他。|zh
109|3|12|12|And Jehoshaphat said, The word of the Lord is with him. So the king of Israel and Jehoshaphat and the king of Edom went down to him.|en
110|3|13|13|以利沙對以色列王說：我與你何干？去問你父親的先知和你母親的先知罷！以色列王對他說：不要這樣說，耶和華招聚我們這三王，乃要交在摩押人的手裡。|zh
111|3|13|13|But Elisha said to the king of Israel, What have I to do with you? go to the prophets of your father and your mother. And the king of Israel said, No; for the Lord has got these three kings together to give them up into the hands of Moab.|en
112|3|14|14|以利沙說：我指著所事奉永生的萬軍耶和華起誓，我若不看猶大王約沙法的情面，必不理你，不顧你。|zh
113|3|14|14|Then Elisha said, By the life of the Lord of armies whose servant I am, if it was not for the respect I have for Jehoshaphat, king of Judah, I would not give a look at you, or see you.|en
114|3|15|15|現在你們給我找一個彈琴的來。彈琴的時候，耶和華的靈(原文作手)就降在以利沙身上。|zh
115|3|15|15|But now, get me a player of music, and it will come about that while the man is playing, the hand of the Lord will come on me and I will give you the word of the Lord: and they got a player of music, and while the man was playing, the hand of the Lord was on him.|en
116|3|16|16|他便說：耶和華如此說：你們要在這谷中滿處挖溝；|zh
117|3|16|16|And he said, The Lord says, I will make this valley full of water-holes.|en
118|3|17|17|因為耶和華如此說：你們雖不見風，不見雨，這谷必滿了水，使你們和牲畜有水喝。|zh
119|3|17|17|For the Lord says, Though you see no wind or rain, the valley will be full of water, and you and your armies and your beasts will have drink.|en
120|3|18|18|在耶和華眼中這還算為小事，他也必將摩押人交在你們手中。|zh
121|3|18|18|And this will be only a small thing to the Lord: in addition he will give the Moabites into your hands.|en
122|3|19|19|你們必攻破一切堅城美邑，砍伐各種佳樹，塞住一切水泉，用石頭糟踏一切美田。|zh
123|3|19|19|And you are to put every walled town to destruction, cutting down every good tree, and stopping up every water-spring, and making all the good land rough with stones.|en
124|3|20|20|次日早晨，約在獻祭的時候，有水從以東而來，遍地就滿了水。|zh
125|3|20|20|Now in the morning, about the time when the offering was made, they saw water flowing from the direction of Edom till the country was full of water.|en
126|3|21|21|摩押眾人聽見這三王上來要與他們爭戰，凡能頂盔貫甲的，無論老少，盡都聚集站在邊界上。|zh
127|3|21|21|Now all Moab, hearing that the kings had come to make war against them, got together all who were able to take up arms and went forward to the edge of the country.|en
128|3|22|22|次日早晨，日光照在水上，摩押人起來，看見對面水紅如血，|zh
129|3|22|22|And early in the morning they got up, when the sun was shining on the water, and they saw the water facing them as red as blood.|en
130|3|23|23|就說：這是血啊！必是三王互相擊殺，俱都滅亡。摩押人哪，我們現在去搶奪財物罷！|zh
131|3|23|23|Then they said, This is blood: it is clear that destruction has come on the kings; they have been fighting one another: now come, Moab, let us take their goods.|en
132|3|24|24|摩押人到了以色列營，以色列人就起來攻打他們，以致他們在以色列人面前逃跑。以色列人往前追殺摩押人，直殺入摩押的境內，|zh
133|3|24|24|But when they came to the tents of Israel, the Israelites came out and made a violent attack on the Moabites, so that they went in flight before them; and they went forward still attacking them;|en
134|3|25|25|拆毀摩押的城邑，各人拋石填滿一切美田，塞住一切水泉，砍伐各種佳樹，只剩下吉珥哈列設的石牆；甩石的兵在四圍攻打那城。|zh
135|3|25|25|Pulling down the towns, covering every good field with stones, stopping up all the water-springs, and cutting down all the good trees; they went on driving Moab before them till only in Kir-hareseth were there any Moabites; and the fighting-men went round the town raining stones on it.|en
136|3|26|26|摩押王見陣勢甚大，難以對敵，就率領七百拿刀的兵，要衝過陣去到以東王那裡，卻是不能；|zh
137|3|26|26|And when the king of Moab saw that the fight was going against him, he took with him seven hundred men armed with swords, with the idea of forcing a way through to the king of Aram, but they were not able to do so.|en
138|3|27|27|便將那應當接續他作王的長子，在城上獻為燔祭。以色列人遭遇耶和華的大怒(或作招人痛恨)，於是三王離開摩押王，各回本國去了。|zh
139|3|27|27|Then he took his oldest son, who would have been king after him, offering him as a burned offering on the wall. So there was great wrath against Israel; and they went away from him, back to their country.|en
140|4|1|1|有一個先知門徒的妻哀求以利沙說：你僕人─我丈夫死了，他敬畏耶和華是你所知道的。現在有債主來，要取我兩個兒子作奴僕。|zh
141|4|1|1|Now a certain woman, the wife of one of the sons of the prophets, came crying to Elisha and said, Your servant my husband is dead; and to your knowledge he was a worshipper of the Lord; but now, the creditor has come to take my two children as servants in payment of his debt.|en
142|4|2|2|以利沙問他說：我可以為你做甚麼呢？你告訴我，你家裡有甚麼？他說：婢女家中除了一瓶油之外，沒有甚麼。|zh
143|4|2|2|Then Elisha said to her, What am I to do for you? say now, what have you in the house? And she said, Your servant has nothing in the house but a pot of oil.|en
144|4|3|3|以利沙說：你去，向你眾鄰舍借空器皿，不要少借；|zh
145|4|3|3|Then he said, Go out to all your neighbours and get vessels, a very great number of them.|en
146|4|4|4|回到家裡，關上門，你和你兒子在裡面將油倒在所有的器皿裡，倒滿了的放在一邊。|zh
147|4|4|4|Then go in, and, shutting the door on yourself and your sons, put oil into all these vessels, putting on one side the full ones.|en
148|4|5|5|於是，婦人離開以利沙去了，關上門，自己和兒子在裡面；兒子把器皿拿來，他就倒油。|zh
149|4|5|5|So she went away, and when the door was shut on her and her sons, they took the vessels to her and she put oil into them.|en
150|4|6|6|器皿都滿了，他對兒子說：再給我拿器皿來。兒子說：再沒有器皿了。油就止住了。|zh
151|4|6|6|And when all the vessels were full, she said to her son, Get me another vessel. And he said, There are no more. And the flow of oil was stopped.|en
152|4|7|7|婦人去告訴神人，神人說：你去賣油還債，所剩的你和你兒子可以靠著度日。|zh
153|4|7|7|So she came to the man of God and gave him word of what she had done. And he said, Go and get money for the oil and make payment of your debt, and let the rest be for the needs of yourself and your sons.|en
154|4|8|8|一日，以利沙走到書念，在那裡有一個大戶的婦人強留他吃飯。此後，以利沙每從那裡經過就進去吃飯。|zh
155|4|8|8|Now there came a day when Elisha went to Shunem, and there was a woman of high position living there, who made him come in and have a meal with her. And after that, every time he went by, he went into her house for a meal.|en
156|4|9|9|婦人對丈夫說：我看出那常從我們這裡經過的是聖潔的神人。|zh
157|4|9|9|And she said to her husband, Now I see that this is a holy man of God, who comes by day after day.|en
158|4|10|10|我們可以為他在牆上蓋一間小樓，在其中安放床榻、桌子、椅子、燈臺，他來到我們這裡，就可以住在其間。|zh
159|4|10|10|So let us make a little room on the wall; and put a bed there for him, and a table and a seat and a light; so that when he comes to us, he will be able to go in there.|en
160|4|11|11|一日，以利沙來到那裡，就進了那樓躺臥。|zh
161|4|11|11|Now one day, when he had gone there, he went into the little room and took his rest there.|en
162|4|12|12|以利沙吩咐僕人基哈西說：你叫這書念婦人來。他就把婦人叫了來，婦人站在以利沙面前。|zh
163|4|12|12|And he said to Gehazi, his servant, Send for this Shunammite. So in answer to his voice she came before him.|en
164|4|13|13|以利沙吩咐僕人說：你對他說：你既為我們費了許多心思，可以為你做甚麼呢？你向王或元帥有所求的沒有？他回答說：我在我本鄉安居無事。|zh
165|4|13|13|And he said to him, Now say to her, See, you have taken all this trouble for us; what is to be done for you? will you have any request made for you to the king or the captain of the army? But she said, I am living among my people.|en
166|4|14|14|以利沙對僕人說：究竟當為他做甚麼呢？基哈西說：他沒有兒子，他丈夫也老了。|zh
167|4|14|14|So he said, What then is to be done for her? And Gehazi made answer, Still there is this, she has no son and her husband is old.|en
168|4|15|15|以利沙說：再叫他來。於是叫了他來，他就站在門口。|zh
169|4|15|15|Then he said, Send for her. And in answer to his voice she took her place at the door.|en
170|4|16|16|以利沙說：明年到這時候，你必抱一個兒子。他說：神人，我主啊，不要那樣欺哄婢女。|zh
171|4|16|16|And Elisha said, At this time in the coming year you will have a son in your arms. And she said, No, my lord, O man of God, do not say what is false to your servant.|en
172|4|17|17|婦人果然懷孕，到了那時候，生了一個兒子，正如以利沙所說的。|zh
173|4|17|17|Then the woman became with child and gave birth to a son at the time named, in the year after, as Elisha had said to her.|en
174|4|18|18|孩子漸漸長大，一日到他父親和收割的人那裡，|zh
175|4|18|18|Now one day, when the child was older, he went out to his father to where the grain was being cut.|en
176|4|19|19|他對父親說：我的頭啊，我的頭啊！他父親對僕人說：把他抱到他母親那裡。|zh
177|4|19|19|And he said to his father, My head, my head! And the father said to a servant, Take him in to his mother.|en
178|4|20|20|僕人抱去，交給他母親；孩子坐在母親的膝上，到晌午就死了。|zh
179|4|20|20|And he took him in to his mother, and she took him on her knees and kept him there till the middle of the day, when his life went from him.|en
180|4|21|21|他母親抱他上了樓，將他放在神人的床上，關上門出來，|zh
181|4|21|21|Then she went up and put him on the bed of the man of God, shutting the door on him, and went out.|en
182|4|22|22|呼叫他丈夫說：你叫一個僕人給我牽一匹驢來，我要快快地去見神人，就回來。|zh
183|4|22|22|And she said to her husband, Send me one of the servants and one of the asses so that I may go quickly to the man of God and come back again.|en
184|4|23|23|丈夫說：今日不是月朔，也不是安息日，你為何要去見他呢？婦人說：平安無事。|zh
185|4|23|23|And he said, Why are you going to him today? it is not a new moon or a Sabbath. But she said, It is well.|en
186|4|24|24|於是備上驢，對僕人說：你快快趕著走，我若不吩咐你，就不要遲慢。|zh
187|4|24|24|Then she made the ass ready and said to her servant, Keep driving on; do not make a stop without orders from me.|en
188|4|25|25|婦人就往迦密山去見神人。　神人遠遠地看見他，對僕人基哈西說：看哪，書念的婦人來了！|zh
189|4|25|25|So she went, and came to Mount Carmel, to the man of God. And when the man of God saw her coming in his direction, he said to Gehazi, his servant, See, there is the Shunammite;|en
190|4|26|26|你跑去迎接他，問他說：你平安麼？你丈夫平安麼？孩子平安麼？他說：平安。|zh
191|4|26|26|Go quickly to her, and on meeting her say to her, Are you well? and your husband and the child, are they well? And she said in answer, All is well.|en
192|4|27|27|婦人上了山，到神人那裡，就抱住神人的腳。基哈西前來要推開他，　神人說：由他罷！因為他心裡愁苦，耶和華向我隱瞞，沒有指示我。|zh
193|4|27|27|And when she came to where the man of God was on the hill, she put her hands round his feet; and Gehazi came near with the purpose of pushing her away; but the man of God said, Let her be, for her soul is bitter in her; and the Lord has kept it secret from me, and has not given me word of it.|en
194|4|28|28|婦人說：我何嘗向我主求過兒子呢？我豈沒有說過，不要欺哄我麼？|zh
195|4|28|28|Then she said, Did I make a request to my lord for a son? did I not say, Do not give me false words?|en
196|4|29|29|以利沙吩咐基哈西說：你束上腰，手拿我的杖前去；若遇見人，不要向他問安；人若向你問安，也不要回答；要把我的杖放在孩子臉上。|zh
197|4|29|29|Then he said to Gehazi, Make yourself ready, and take my stick in your hand, and go: if you come across anyone on the way, give him no blessing, and if anyone gives you a blessing, give him no answer. And put my stick on the child's face.|en
198|4|30|30|孩子的母親說：我指著永生的耶和華，又敢在你面前起誓，我必不離開你。於是以利沙起身，隨著他去了。|zh
199|4|30|30|But the mother of the child said, As the Lord is living and as your soul is living, I will not go back without you. So he got up and went with her.|en
200|4|31|31|基哈西先去，把杖放在孩子臉上，卻沒有聲音，也沒有動靜。基哈西就迎著以利沙回來，告訴他說：孩子還沒有醒過來。|zh
201|4|31|31|And Gehazi went on before them and put the stick on the child's face; but there was no voice, and no one gave attention. So he went back, and meeting him gave him the news, saying, The child is not awake.|en
202|4|32|32|以利沙來到，進了屋子，看見孩子死了，放在自己的床上。|zh
203|4|32|32|And when Elisha came into the house he saw the child dead, stretched on his bed.|en
204|4|33|33|他就關上門，只有自己和孩子在裡面，他便祈禱耶和華，|zh
205|4|33|33|So he went in, and shutting the door on the two of them, made prayer to the Lord.|en
206|4|34|34|上床伏在孩子身上，口對口，眼對眼，手對手；既伏在孩子身上，孩子的身體就漸漸溫和了。|zh
207|4|34|34|Then he got up on the bed, stretching himself out on the child, and put his mouth on the child's mouth, his eyes on his eyes and his hands on his hands; and the child's body became warm.|en
208|4|35|35|然後他下來，在屋裡來往走了一趟，又上去伏在孩子身上，孩子打了七個噴嚏，就睜開眼睛了。|zh
209|4|35|35|Then he came back, and after walking once through the house and back, he went up, stretching himself out on the child seven times; and the child's eyes became open.|en
210|4|36|36|以利沙叫基哈西說：你叫這書念婦人來；於是叫了他來。以利沙說：將你兒子抱起來。|zh
211|4|36|36|And he gave orders to Gehazi, and said, Send for the Shunammite. And she came in answer to his voice. And he said, Take up your son.|en
212|4|37|37|婦人就進來，在以利沙腳前俯伏於地，抱起他兒子出去了。|zh
213|4|37|37|And she came in, and went down on her face to the earth at his feet; then she took her son in her arms and went out.|en
214|4|38|38|以利沙又來到吉甲，那地正有饑荒。先知門徒坐在他面前，他吩咐僕人說：你將大鍋放在火上，給先知門徒熬湯。|zh
215|4|38|38|And Elisha went back to Gilgal, now there was very little food in the land; and the sons of the prophets were seated before him. And he said to his servant, Put the great pot on the fire, and make soup for the sons of the prophets.|en
216|4|39|39|有一個人去到田野掐菜，遇見一棵野瓜籐，就摘了一兜野瓜回來，切了擱在熬湯的鍋中，因為他們不知道是甚麼東西；|zh
217|4|39|39|And one went out into the field to get green plants and saw a vine of the field, and pulling off the fruit of it till the fold of his robe was full, he came back and put the fruit, cut up small, into the pot of soup, having no idea what it was.|en
218|4|40|40|倒出來給眾人吃，吃的時候，都喊叫說：神人哪，鍋中有致死的毒物！所以眾人不能吃了。|zh
219|4|40|40|Then they gave the men soup from the pot. And while they were drinking the soup, they gave a cry, and said, O man of God, there is death in the pot; and they were not able to take any more food.|en
220|4|41|41|以利沙說：拿點麵來，就把麵撒在鍋中，說：倒出來，給眾人吃罷！鍋中就沒有毒了。|zh
221|4|41|41|But he said, Get some meal. And he put it into the pot, and said, Now give it to the people so that they may have food. And there was nothing bad in the pot.|en
222|4|42|42|有一個人從巴力沙利沙來，帶著初熟大麥做的餅二十個，並新穗子，裝在口袋裡送給神人。神人說：把這些給眾人吃。|zh
223|4|42|42|Now a man came from Baal-shalishah with an offering of first-fruits for the man of God, twenty barley cakes and garden fruit in his bag. And he said, Give these to the people for food.|en
224|4|43|43|僕人說：這一點豈可擺給一百人吃呢？以利沙說：你只管給眾人吃罷！因為耶和華如此說，眾人必吃了，還剩下。|zh
225|4|43|43|But his servant said, How am I to put this before a hundred men? But he said, Give it to the people for food; for the Lord says, There will be food for them and some over.|en
226|4|44|44|僕人就擺在眾人面前，他們吃了，果然還剩下，正如耶和華所說的。|zh
227|4|44|44|So he put it before them, and they had a meal and there was more than enough, as the Lord had said.|en
228|5|1|1|亞蘭王的元帥乃縵在他主人面前為尊為大，因耶和華曾藉他使亞蘭人得勝；他又是大能的勇士，只是長了大痲瘋。|zh
229|5|1|1|Now Naaman, chief of the army of the king of Aram, was a man of high position with his master, and greatly respected, because by him the Lord had given salvation to Aram; but he was a leper.|en
230|5|2|2|先前亞蘭人成群地出去，從以色列國擄了一個小女子，這女子就服事乃縵的妻。|zh
231|5|2|2|Now the Aramaeans had gone out in bands, and taken prisoner from Israel a little girl, who became servant to Naaman's wife.|en
232|5|3|3|他對主母說：巴不得我主人去見撒瑪利亞的先知，必能治好他的大痲瘋。|zh
233|5|3|3|And she said to her master's wife, If only my lord would go to the prophet in Samaria, he would make him well.|en
234|5|4|4|乃縵進去，告訴他主人說，以色列國的女子如此如此說。|zh
235|5|4|4|And someone went and said to his lord, This is what the girl from the land of Israel says.|en
236|5|5|5|亞蘭王說：你可以去，我也達信於以色列王。於是乃縵帶銀子十他連得，金子六千舍客勒，衣裳十套，就去了；|zh
237|5|5|5|So the king of Aram said, Go then; and I will send a letter to the king of Israel. And he went, taking with him ten talents of silver and six thousand shekels of gold, and ten changes of clothing.|en
238|5|6|6|且帶信給以色列王，信上說：我打發臣僕乃縵去見你，你接到這信，就要治好他的大痲瘋。|zh
239|5|6|6|And he took the letter to the king of Israel, in which the king of Aram had said, See, I have sent my servant Naaman to you to be made well, for he is a leper.|en
240|5|7|7|以色列王看了信就撕裂衣服，說：我豈是神，能使人死使人活呢？這人竟打發人來，叫我治好他的大痲瘋。你們看一看，這人何以尋隙攻擊我呢？|zh
241|5|7|7|But the king of Israel, after reading the letter, was greatly troubled and said, Am I God, to give death and life? why does this man send a leper to me to be made well? is it not clear that he is looking for a cause of war?|en
242|5|8|8|神人以利沙聽見以色列王撕裂衣服，就打發人去見王，說：你為甚麼撕了衣服呢？可使那人到我這裡來，他就知道以色列中有先知了。|zh
243|5|8|8|Now Elisha, the man of God, hearing that the king of Israel had done this, sent to the king, saying, Why are you troubled? send the man to me, so that he may see that there is a prophet in Israel.|en
244|5|9|9|於是，乃縵帶著車馬到了以利沙的家，站在門前。|zh
245|5|9|9|So Naaman, with all his horses and his carriages, came to the door of Elisha's house.|en
246|5|10|10|以利沙打發一個使者，對乃縵說：你去在約但河中沐浴七回，你的肉就必復原，而得潔淨。|zh
247|5|10|10|And Elisha sent a servant to him, saying, Go to Jordan, and after washing seven times in its waters your flesh will be well again and you will be clean.|en
248|5|11|11|乃縵卻發怒走了，說：我想他必定出來見我，站著求告耶和華─他神的名，在患處以上搖手，治好這大痲瘋。|zh
249|5|11|11|But Naaman was angry and went away and said, I had the idea that he would come out to see such an important person as I am, and make prayer to the Lord his God, and with a wave of his hand over the place make the leper well.|en
250|5|12|12|大馬色的河亞罷拿和法珥法豈不比以色列的一切水更好麼？我在那裡沐浴不得潔淨麼？於是氣忿忿地轉身去了。|zh
251|5|12|12|Are not Abana and Pharpar, rivers of Damascus, better than all the waters of Israel? may I not be washed in them and become clean? So turning, he went away in wrath.|en
252|5|13|13|他的僕人進前來，對他說：我父啊，先知若吩咐你做一件大事，你豈不做麼？何況說你去沐浴而得潔淨呢？|zh
253|5|13|13|Then his servants came to him and said, If the prophet had given you orders to do some great thing, would you not have done it? how much more then, when he says to you, Be washed and become clean?|en
254|5|14|14|於是乃縵下去，照著神人的話，在約但河裡沐浴七回；他的肉復原，好像小孩子的肉，他就潔淨了。|zh
255|5|14|14|Then he went down seven times into the waters of Jordan, as the man of God had said; and his flesh became like the flesh of a little child again, and he was clean.|en
256|5|15|15|乃縵帶著一切跟隨他的人，回到神人那裡，站在他面前，說：如今我知道，除了以色列之外，普天下沒有　神。現在求你收點僕人的禮物。|zh
257|5|15|15|Then he went back to the man of God, with all his train, and, taking his place before him, said, Now I am certain that there is no God in all the earth, but only in Israel: now then, take an offering from me.|en
258|5|16|16|以利沙說：我指著所事奉永生的耶和華起誓，我必不受。乃縵再三地求他，他卻不受。|zh
259|5|16|16|But he said, By the life of the Lord whose servant I am, I will take nothing from you. And he did his best to make him take it but he would not.|en
260|5|17|17|乃縵說：你若不肯受，請將兩騾子馱的土賜給僕人。從今以後，僕人必不再將燔祭或平安祭獻與別神，只獻給耶和華。|zh
261|5|17|17|Then Naaman said, If you will not, then let there be given to your servant as much earth as two beasts are able to take on their backs; because from now on, your servant will make no offering or burned offering to other gods, but only to the Lord.|en
262|5|18|18|惟有一件事，願耶和華饒恕你僕人：我主人進臨門廟叩拜的時候，我用手攙他在臨門廟，我也屈身。我在臨門廟屈身的這事，願耶和華饒恕我。|zh
263|5|18|18|But may your servant have the Lord's forgiveness for this one thing: when my master goes into the house of Rimmon for worship there, supported on my arm, and my head is bent in the house of Rimmon; when his head is bent in the house of Rimmon, may your servant have the Lord's forgiveness for this thing.|en
264|5|19|19|以利沙對他說：你可以平平安安地回去！乃縵就離開他去了；走了不遠，|zh
265|5|19|19|And he said to him, Go in peace. And he went from him some distance.|en
266|5|20|20|神人以利沙的僕人基哈西心裡說：我主人不願從這亞蘭人乃縵手裡受他帶來的禮物，我指著永生的耶和華起誓，我必跑去追上他，向他要些。|zh
267|5|20|20|But Gehazi, the servant of Elisha, the man of God, said, Now my master has taken nothing from Naaman, this Aramaean, of what he would have given him: by the living Lord, I will go after him and get something from him.|en
268|5|21|21|於是基哈西追趕乃縵。乃縵看見有人追趕，就急忙下車迎著他，說：都平安麼？|zh
269|5|21|21|So Gehazi went after Naaman. And when Naaman saw him running after him, he got down from his carriage and went back to him and said, Is all well?|en
270|5|22|22|說：都平安。我主人打發我來說：剛才有兩個少年人，是先知門徒，從以法蓮山地來見我，請你賜他們一他連得銀子，兩套衣裳。|zh
271|5|22|22|And he said, All is well: but my master has sent me, saying, Even now, two young men of the sons of the prophets have come to me from the hill-country of Ephraim; will you give me a talent of silver and two changes of clothing for them?|en
272|5|23|23|乃縵說：請受二他連得；再三地請受，便將二他連得銀子裝在兩個口袋裡，又將兩套衣裳交給兩個僕人；他們就在基哈西前頭抬著走。|zh
273|5|23|23|And Naaman said, Be good enough to take two talents. And forcing him to take them, he put two talents of silver in two bags, with two changes of clothing, and gave them to his two servants to take before him.|en
274|5|24|24|到了山岡，基哈西從他們手中接過來，放在屋裡，打發他們回去。|zh
275|5|24|24|When he came to the hill, he took them from their hands, and put them away in the house; and he sent the men away, and they went.|en
276|5|25|25|基哈西進去，站在他主人面前。以利沙問他說：基哈西你從哪裡來？回答說：僕人沒有往哪裡去。|zh
277|5|25|25|Then he came in and took his place before his master. And Elisha said to him, Where have you come from, Gehazi? And he said, Your servant went nowhere.|en
278|5|26|26|以利沙對他說：那人下車轉回迎你的時候，我的心豈沒有去呢？這豈是受銀子、衣裳、買橄欖園、葡萄園、牛羊、僕婢的時候呢？|zh
279|5|26|26|And he said to him, Did not my heart go with you, when the man got down from his carriage and went back to you? Is this a time for getting money, and clothing, and olive-gardens and vine-gardens, and sheep and oxen, and men-servants and women-servants?|en
280|5|27|27|因此，乃縵的大痲瘋必沾染你和你的後裔，直到永遠。基哈西從以利沙面前退出去，就長了大痲瘋，像雪那樣白。|zh
281|5|27|27|Because of what you have done, the disease of Naaman the leper will take you in its grip, and your seed after you, for ever. And he went out from before him a leper as white as snow.|en
282|6|1|1|先知門徒對以利沙說：看哪，我們同你所住的地方過於窄小，|zh
283|6|1|1|Now the sons of the prophets said to Elisha, There is not room enough for us in the place where we are living under your care;|en
284|6|2|2|求你容我們往約但河去，各人從那裡取一根木料建造房屋居住。他說：你們去罷！|zh
285|6|2|2|So let us go to Jordan, and let everyone get to work cutting boards, and we will make a living-place for ourselves there. And he said to them, Go, then.|en
286|6|3|3|有一人說：求你與僕人同去。回答說：我可以去。|zh
287|6|3|3|And one of them said, Be pleased to go with your servants. And he said, I will go.|en
288|6|4|4|於是以利沙與他們同去。到了約但河，就砍伐樹木。|zh
289|6|4|4|So he went with them. And when they came to Jordan, they got to work cutting down trees.|en
290|6|5|5|有一人砍樹的時候，斧頭掉在水裡，他就呼叫說：哀哉！我主啊，這斧子是借的。|zh
291|6|5|5|But one of them, while cutting a board, let the head of his axe go into the water; and he gave a cry, and said, This is a bad business, my master, for it is another's.|en
292|6|6|6|神人問說：掉在哪裡了？他將那地方指給以利沙看。以利沙砍了一根木頭，拋在水裡，斧頭就漂上來了。|zh
293|6|6|6|And the man of God said, Where did it go in? and when he saw the place where it had gone into the water, cutting a stick, he put it into the water, and the iron came up to the top of the water.|en
294|6|7|7|以利沙說：拿起來罷！那人就伸手拿起來了。|zh
295|6|7|7|Then he said, Take it up. So he put out his hand and took it.|en
296|6|8|8|亞蘭王與以色列人爭戰，和他的臣僕商議說：我要在某處某處安營。|zh
297|6|8|8|At that time the king of Aram was making war against Israel; and he had a meeting with the chiefs of his army and said, I will be waiting in secret in some named place.|en
298|6|9|9|神人打發人去見以色列王，說：你要謹慎，不要從某處經過，因為亞蘭人從那裡下來了。|zh
299|6|9|9|And the man of God sent to the king of Israel, saying, Take care to keep away from that place, for the Aramaeans are waiting there in secret.|en
300|6|10|10|以色列王差人去窺探神人所告訴所警戒他去的地方，就防備未受其害，不止一兩次。|zh
301|6|10|10|So the king of Israel sent to the place where the man of God had said there was danger, and kept clear of it more than once.|en
302|6|11|11|亞蘭王因這事心裡驚疑，召了臣僕來，對他們說：我們這裡有誰幫助以色列王，你們不指給我麼？|zh
303|6|11|11|And at this, the mind of the king of Aram was greatly troubled, and he sent for his servants and said to them, Will you not make clear to me which of us is helping the king of Israel?|en
304|6|12|12|有一個臣僕說：我主，我王！無人幫助他，只有以色列中的先知以利沙，將王在臥房所說的話告訴以色列王了。|zh
305|6|12|12|And one of them said, Not one of us, my lord king; but Elisha, the prophet in Israel, gives the king of Israel news of the words you say even in your bedroom.|en
306|6|13|13|王說：你們去探他在哪裡，我好打發人去捉拿他。有人告訴王說：他在多坍。|zh
307|6|13|13|Then he said, Go and see where he is, so that I may send and get him. And news came to him that he was in Dothan.|en
308|6|14|14|王就打發車馬和大軍往那裡去，夜間到了，圍困那城。|zh
309|6|14|14|So he sent there horses and carriages and a great army; and they came by night, circling the town.|en
310|6|15|15|神人的僕人清早起來出去，看見車馬軍兵圍困了城。僕人對神人說：哀哉！我主啊，我們怎樣行才好呢？|zh
311|6|15|15|Now the servant of the man of God, having got up early and gone out, saw an army with horses and carriages of war all round the town. And the servant said to him, O my master, what are we to do?|en
312|6|16|16|神人說：不要懼怕！與我們同在的比與他們同在的更多。|zh
313|6|16|16|And he said in answer, Have no fear; those who are with us are more than those who are with them.|en
314|6|17|17|以利沙禱告說：耶和華啊，求你開這少年人的眼目，使他能看見。耶和華開他的眼目，他就看見滿山有火車火馬圍繞以利沙。|zh
315|6|17|17|Then Elisha made a prayer to the Lord, saying, Lord, let his eyes be open so that he may see. And the Lord made the young man's eyes open; and he saw that all the mountain was full of horses and carriages of fire round Elisha.|en
316|6|18|18|敵人下到以利沙那裡，以利沙禱告耶和華說：求你使這些人的眼目昏迷。耶和華就照以利沙的話，使他們的眼目昏迷。|zh
317|6|18|18|Now when the Aramaeans came down to Elisha, he made a prayer to the Lord saying, Lord, make this people blind. And he made them blind at Elisha's request.|en
318|6|19|19|以利沙對他們說：這不是那道，也不是那城；你們跟我去，我必領你們到所尋找的人那裡。於是領他們到了撒瑪利亞。|zh
319|6|19|19|And Elisha said to them, This is not the way, and this is not the town: come after me so that I may take you to the man you are searching for. And he took them to Samaria.|en
320|6|20|20|他們進了撒瑪利亞，以利沙禱告說：耶和華啊，求你開這些人的眼目，使他們能看見。耶和華開他們的眼目，他們就看見了，不料，是在撒瑪利亞的城中。|zh
321|6|20|20|And when they had come into Samaria, Elisha said, Lord, let the eyes of these men be open so that they may see. And the Lord made their eyes open, and they saw that they were in the middle of Samaria.|en
322|6|21|21|以色列王見了他們，就問以利沙說：我父啊，我可以擊殺他們麼？|zh
323|6|21|21|And the king of Israel, when he saw them, said to Elisha, My father, am I to put them to the sword?|en
324|6|22|22|回答說：不可擊殺他們！就是你用刀用弓擄來的，豈可擊殺他們麼(或作也不可擊殺，何況這些人呢)？當在他們面前設擺飲食，使他們吃喝回到他們的主人那裡。|zh
325|6|22|22|But he said in answer, You are not to put them to death; have you any right to put to death those whom you have not taken prisoner with your sword and your bow? put bread and water before them, so that they may have food and drink and go to their master.|en
326|6|23|23|王就為他們預備了許多食物；他們吃喝完了，打發他們回到他們主人那裡。從此，亞蘭軍不再犯以色列境了。|zh
327|6|23|23|So he made ready a great feast for them, and when they had had food and drink, he sent them away and they went back to their master. And no more bands of Aramaeans came into the land of Israel.|en
328|6|24|24|此後，亞蘭王便哈達聚集他的全軍，上來圍困撒瑪利亞。|zh
329|6|24|24|Now after this, Ben-hadad, king of Aram, got together all his army and went up to make an attack on Samaria, shutting the town in on all sides with his forces.|en
330|6|25|25|於是撒瑪利亞被圍困，有饑荒，甚至一個驢頭值銀八十舍客勒，二升鴿子糞值銀五舍客勒。|zh
331|6|25|25|And they became very short of food in Samaria; for they kept it shut in till the price of an ass's head was eighty shekels of silver, and a small measure of doves' droppings was five shekels of silver.|en
332|6|26|26|一日，以色列王在城上經過，有一個婦人向他呼叫說：我主，我王啊！求你幫助。|zh
333|6|26|26|And when the king of Israel was going by on the wall, a woman came crying out to him, and said, Help! my lord king.|en
334|6|27|27|王說：耶和華不幫助你，我從何處幫助你？是從禾場，是從酒醡呢？|zh
335|6|27|27|And he said, If the Lord does not give you help, where am I to get help for you? from the grain-floor or the grape-crusher?|en
336|6|28|28|王問婦人說：你有甚麼苦處？他回答說：這婦人對我說：將你的兒子取來，我們今日可以吃，明日可以吃我的兒子。|zh
337|6|28|28|And the king said to her, What is troubling you? And she said in answer, This woman said to me, Give your son to be our food today, and we will have my son tomorrow.|en
338|6|29|29|我們就煮了我的兒子吃了。次日我對他說：要將你的兒子取來，我們可以吃。他卻將他的兒子藏起來了。|zh
339|6|29|29|So, boiling my son, we had a meal of him; and on the day after I said to her, Now give your son for our food; but she has put her son in a secret place.|en
340|6|30|30|王聽見婦人的話，就撕裂衣服；（王在城上經過）百姓看見王貼身穿著麻衣。|zh
341|6|30|30|Then the king, hearing what the woman said, took his robes in his hands, violently parting them; and, while he was walking on the wall, the people, looking, saw that under his robe he had haircloth on his flesh.|en
342|6|31|31|王說：我今日若容沙法的兒子以利沙的頭仍在他項上，願神重重地降罰與我！|zh
343|6|31|31|Then he said, May God's punishment come on me if Elisha, the son of Shaphat, keeps his head on his body after this day.|en
344|6|32|32|那時，以利沙正坐在家中，長老也與他同坐。王打發一個伺候他的人去；他還沒有到，以利沙對長老說：你們看這兇手之子，打發人來斬我的頭；你們看著使者來到，就關上門，用門將他推出去。在他後頭不是有他主人腳步的響聲麼？|zh
345|6|32|32|But Elisha was in his house, and the responsible men were seated there with him; and before the king got there, Elisha said to those who were with him, Do you see how this cruel and violent man has sent to take away my life?|en
346|6|33|33|正說話的時候，使者來到，王也到了，說：這災禍是從耶和華那裡來的，我何必再仰望耶和華呢？|zh
347|6|33|33|While he was still talking to them, the king came down and said, This evil is from the Lord; why am I to go on waiting any longer for the Lord?|en
348|7|1|1|以利沙說：你們要聽耶和華的話，耶和華如此說：明日約到這時候，在撒瑪利亞城門口，一細亞細麵要賣銀一舍客勒，二細亞大麥也要賣銀一舍客勒。|zh
349|7|1|1|Then Elisha said, Give ear to the word of the Lord: the Lord says, Tomorrow, about this time, a measure of good meal will be offered for the price of a shekel and two measures of barley for a shekel, in the market-place of Samaria.|en
350|7|2|2|有一個攙扶王的軍長對神人說：即便耶和華使天開了窗戶，也不能有這事。以利沙說：你必親眼看見，卻不得吃。|zh
351|7|2|2|Then the captain whose arm was supporting the king said to the man of God, Even if the Lord made windows in heaven, would such a thing be possible? And he said, Your eyes will see it, but you will not have a taste of the food.|en
352|7|3|3|在城門那裡有四個長大痲瘋的人，他們彼此說：我們為何坐在這裡等死呢？|zh
353|7|3|3|Now there were four lepers seated at the doorway into the town: and they said to one another, Why are we waiting here for death?|en
354|7|4|4|我們若說，進城去罷！城裡有饑荒，必死在那裡；若在這裡坐著不動，也必是死。來罷，我們去投降亞蘭人的軍隊，他們若留我們的活命，就活著；若殺我們，就死了罷！|zh
355|7|4|4|If we say, We will go into the town, there is no food in the town, and we will come to our end there; and if we go on waiting here, death will come to us. Come then, let us give ourselves up to the army of Aram: if they let us go on living, then life will be ours; and if they put us to death, then death will be ours.|en
356|7|5|5|黃昏的時候，他們起來往亞蘭人的營盤去；到了*營邊，不見一人在那裡。|zh
357|7|5|5|So in the half light they got up to go to the tents of Aram; but when they came to the outer line of tents, there was no one there.|en
358|7|6|6|因為主使亞蘭人的軍隊聽見車馬的聲音，是大軍的聲音；他們就彼此說：這必是以色列王賄買赫人的諸王和埃及人的諸王來攻擊我們。|zh
359|7|6|6|For the Lord had made the sound of carriages and horses, and the noise of a great army, come to the ears of the Aramaeans, so that they said to one another, Truly, the king of Israel has got the kings of the Hittites and of the Egyptians for a price to make an attack on us.|en
360|7|7|7|所以，在黃昏的時候他們起來逃跑，撇下帳棚、馬、驢，營盤照舊，只顧逃命。|zh
361|7|7|7|So they got up and went in flight, in the half light, without their tents or their horses or their asses or any of their goods; they went in flight, fearing for their lives.|en
362|7|8|8|那些長大痲瘋的到了營邊，進了帳棚，吃了喝了，且從其中拿出金銀和衣服來，去收藏了；回來又進了一座帳棚，從其中拿出財物來去收藏了。|zh
363|7|8|8|And when those lepers came to the outer line of tents, they went into one tent, and had food and drink, and took from it silver and gold and clothing, which they put in a secret place; then they came back and went into another tent from which they took more goods, which they put away in a secret place.|en
364|7|9|9|那時，他們彼此說：我們所做的不好！今日是有好信息的日子，我們竟不作聲！若等到天亮，罪必臨到我們。來罷，我們與王家報信去！|zh
365|7|9|9|Then they said to one another, We are not doing right. Today is a day of good news, and we say nothing: if we go on waiting here till the morning, punishment will come to us. So let us go and give the news to those of the king's house.|en
366|7|10|10|他們就去叫守城門的，告訴他們說：我們到了亞蘭人的營，不見一人在那裡，也無人聲，只有拴著的馬和驢，帳棚都照舊。|zh
367|7|10|10|So they came in, and, crying out to the door-keepers of the town, they gave them the news, saying, We came to the tents of the Aramaeans, and there was no one there and no voice of man, only the horses and the asses in their places, and the tents as they were.|en
368|7|11|11|守城門的叫了眾守門的人來，他們就進去與王家報信。|zh
369|7|11|11|Then the door-keepers, crying out, gave the news to those inside the king's house.|en
370|7|12|12|王夜間起來，對臣僕說：我告訴你們亞蘭人向我們如何行。他們知道我們飢餓，所以離營，埋伏在田野，說：以色列人出城的時候，我們就活捉他們，得以進城。|zh
371|7|12|12|Then the king got up in the night and said to his servants, This is my idea of what the Aramaeans have done to us. They have knowledge that we are without food; and so they have gone out of their tents, and are waiting secretly in the open country, saying, When they come out of the town, we will take them living and get into the town.|en
372|7|13|13|有一個臣僕對王說：我們不如用城裡剩下之馬中的五匹馬（馬和城裡剩下的以色列人都是一樣，快要滅絕），打發人去窺探。|zh
373|7|13|13|And one of his servants said in answer, Send men and let them take five of the horses which we still have in the town; if they keep their lives they will be the same as those of Israel who are still living here; if they come to their death they will be the same as all those of Israel who have gone to destruction: let us send and see.|en
374|7|14|14|於是取了兩輛車和馬，王差人去追尋亞蘭軍，說：你們去窺探窺探。|zh
375|7|14|14|So they took two horsemen; and the king sent them after the army of the Aramaeans, saying, Go and see.|en
376|7|15|15|他們就追尋到約但河，看見滿道上都是亞蘭人急跑時丟棄的衣服器具，使者就回來報告王。|zh
377|7|15|15|And they went after them as far as Jordan; and all the road was covered with clothing and vessels dropped by the Aramaeans in their flight. So those who were sent went back and gave the news to the king.|en
378|7|16|16|眾人就出去，擄掠亞蘭人的營盤。於是一細亞細麵賣銀一舍客勒，二細亞大麥也賣銀一舍客勒，正如耶和華所說的。|zh
379|7|16|16|Then the people went out and took the goods from the tents of the Aramaeans. So a measure of good meal was to be had for the price of a shekel, and two measures of barley for a shekel, as the Lord had said.|en
380|7|17|17|王派攙扶他的那軍長在城門口彈壓，眾人在那裡將他踐踏，他就死了，正如神人在王下來見他的時候所說的。|zh
381|7|17|17|And the king gave authority to that captain, on whose arm he was supported, to have control over the doorway into the town; but he was crushed to death there under the feet of the people, as the man of God had said when the king went down to him.|en
382|7|18|18|神人曾對王說：明日約到這時候，在撒瑪利亞城門口，二細亞大麥要賣銀一舍客勒，一細亞細麵也要賣銀一舍客勒。|zh
383|7|18|18|So the words of the man of God came true, which he said to the king: Two measures of barley will be offered for the price of a shekel and a measure of good meal for a shekel, tomorrow about this time in the market-place of Samaria.|en
384|7|19|19|那軍長對神人說：即便耶和華使天開了窗戶，也不能有這事。神人說：你必親眼看見，卻不得吃。|zh
385|7|19|19|And that captain said to the man of God, Even if the Lord made windows in heaven, would such a thing be possible? And he said to him, Your eyes will see it, but you will not have a taste of the food.|en
386|7|20|20|這話果然應驗在他身上；因為眾人在城門口將他踐踏，他就死了。|zh
387|7|20|20|And such was his fate; for he was crushed to death under the feet of the people, in the doorway into the town.|en
388|8|1|1|以利沙曾對所救活之子的那婦人說：你和你的全家要起身往你可住的地方去住，因為耶和華命饑荒降在這地七年。|zh
389|8|1|1|Now Elisha had said to the woman whose son he had given back to life, Go now, with all the people of your house, and get a living-place for yourselves wherever you are able; for by the word of the Lord, there will be great need of food in the land; and this will go on for seven years.|en
390|8|2|2|婦人就起身，照神人的話帶著全家往非利士地去，住了七年。|zh
391|8|2|2|So the woman got up and did as the man of God said; and she and the people of her house were living in the land of the Philistines for seven years.|en
392|8|3|3|七年完了，那婦人從非利士地回來，就出去為自己的房屋田地哀告王。|zh
393|8|3|3|And when the seven years were ended, the woman came back from the land of the Philistines and went to the king with a request for her house and her land.|en
394|8|4|4|那時王正與神人的僕人基哈西說：請你將以利沙所行的一切大事告訴我。|zh
395|8|4|4|Now the king was talking with Gehazi, the servant of the man of God, saying, Now, give me an account of all the great things Elisha has done.|en
396|8|5|5|基哈西告訴王以利沙如何使死人復活，恰巧以利沙所救活、他兒子的那婦人為自己的房屋田地來哀告王。基哈西說：我主我王，這就是那婦人，這是他的兒子，就是以利沙所救活的。|zh
397|8|5|5|And while he was giving the king the story of how Elisha had given life to the dead, the woman whose son had come back to life came to the king with a request for her house and her land. And Gehazi said, My lord king, this is the woman and this is her son, whose life Elisha gave back to him.|en
398|8|6|6|王問那婦人，他就把那事告訴王。於是王為他派一個太監，說：凡屬這婦人的都還給他，自從他離開本地直到今日，他田地的出產也都還給他。|zh
399|8|6|6|And in answer to the king's questions, the woman gave him all the story. So the king gave orders to one of his unsexed servants, saying, Give her back all her property, and all the produce of her fields from the day when she went away from the land up till now.|en
400|8|7|7|以利沙來到大馬色，亞蘭王便哈達正患病。有人告訴王說：神人來到這裡了。|zh
401|8|7|7|And Elisha came to Damascus; and Ben-hadad, king of Aram, was ill; and they said to him, The man of God has come.|en
402|8|8|8|王就吩咐哈薛說：你帶著禮物去見神人，託他求問耶和華，我這病能好不能好？|zh
403|8|8|8|Then the king said to Hazael, Take an offering with you, and go to see the man of God and get directions from the Lord by him, saying, Am I going to get better from my disease?|en
404|8|9|9|於是哈薛用四十個駱駝，馱著大馬色的各樣美物為禮物，去見以利沙。到了他那裡，站在他面前，說：你兒子亞蘭王便哈達打發我來見你，他問說：我這病能好不能好？|zh
405|8|9|9|So Hazael went to see him, taking with him forty camels with offerings on their backs of every sort of good thing from Damascus; and when he came before him, he said, Your son Ben-hadad, king of Aram, has sent me to you, saying, Will I get better from this disease?|en
406|8|10|10|以利沙對哈薛說：你回去告訴他說，這病必能好；但耶和華指示我，他必要死。|zh
407|8|10|10|And Elisha said to him, Go, say to him, You will certainly get better; but the Lord has made it clear to me that only death is before him.|en
408|8|11|11|神人定睛看著哈薛，甚至他慚愧。神人就哭了；|zh
409|8|11|11|And he kept his eyes fixed on him till he was shamed, and the man of God was overcome with weeping.|en
410|8|12|12|哈薛說：我主為甚麼哭？回答說：因為我知道你必苦害以色列人，用火焚燒他們的保障，用刀殺死他們的壯丁，摔死他們的嬰孩，剖開他們的孕婦。|zh
411|8|12|12|And Hazael said, Why is my lord weeping? Then he said in answer, Because I see the evil which you will do to the children of Israel: burning down their strong towns, putting their young men to death with the sword, smashing their little ones against the stones, and cutting open the women who are with child.|en
412|8|13|13|哈薛說：你僕人算甚麼，不過是一條狗，焉能行這大事呢？以利沙回答說：耶和華指示我，你必作亞蘭王。|zh
413|8|13|13|And Hazael said, How is it possible that your servant, who is only a dog, will do this great thing? And Elisha said, The Lord has made it clear to me that you will be king over Aram.|en
414|8|14|14|哈薛離開以利沙，回去見他的主人。主人問他說：以利沙對你說甚麼？回答說：他告訴我你必能好。|zh
415|8|14|14|Then he went away from Elisha and came in to his master, who said to him, What did Elisha say to you? And his answer was, He said that you would certainly get well.|en
416|8|15|15|次日，哈薛拿被窩浸在水中，蒙住王的臉，王就死了。於是哈薛篡了他的位。|zh
417|8|15|15|Now on the day after, Hazael took the bed-cover, and making it wet with water, put it over Ben-hadad's face, causing his death: and Hazael became king in his place.|en
418|8|16|16|以色列王亞哈的兒子約蘭第五年，猶大王約沙法還在位的時候，約沙法的兒子約蘭登基作了猶大王。|zh
419|8|16|16|In the fifth year of Joram, the son of Ahab, king of Israel, Jehoram, the son of Jehoshaphat, king of Judah, became king.|en
420|8|17|17|約蘭登基的時候年三十二歲，在耶路撒冷作王八年。|zh
421|8|17|17|He was thirty-two years old when he became king; and he was ruling in Jerusalem for eight years.|en
422|8|18|18|他行以色列諸王所行的，與亞哈家一樣；因為他娶了亞哈的女兒為妻，行耶和華眼中看為惡的事。|zh
423|8|18|18|He went in the ways of the kings of Israel, as the family of Ahab did: for the daughter of Ahab was his wife; and he did evil in the eyes of the Lord.|en
424|8|19|19|耶和華卻因他僕人大衛的緣故，仍不肯滅絕猶大，照他所應許大衛的話，永遠賜燈光與他的子孫。|zh
425|8|19|19|But it was not the Lord's purpose to send destruction on Judah, because of David his servant, to whom he had given his word that he would have a light for ever.|en
426|8|20|20|約蘭年間，以東人背叛猶大，脫離他的權下，自己立王。|zh
427|8|20|20|In his time, Edom made themselves free from the rule of Judah, and took a king for themselves.|en
428|8|21|21|約蘭率領所有的戰車往撒益去，夜間起來，攻打圍困他的以東人和車兵長；猶大兵就逃跑，各回各家去了。|zh
429|8|21|21|Then Joram went over to Zair, with all his war-carriages; ... made an attack by night on the Edomites, whose forces were all round him, ... the captains of the war-carriages; and the people went in flight to their tents.|en
430|8|22|22|這樣，以東人背叛猶大，脫離他的權下，直到今日。那時立拿人也背叛了。|zh
431|8|22|22|So Edom made themselves free from the rule of Judah to this day. And at the same time, Libnah made itself free.|en
432|8|23|23|約蘭其餘的事，凡他所行的，都寫在猶大列王記上。|zh
433|8|23|23|Now the rest of the acts of Joram, and all he did, are they not recorded in the book of the history of the kings of Judah?|en
434|8|24|24|約蘭與他列祖同睡，葬在大衛城他列祖的墳地裡。他兒子亞哈謝接續他作王。|zh
435|8|24|24|And Joram went to rest with his fathers and was put into the earth with his fathers in the town of David: and Ahaziah his son became king in his place.|en
436|8|25|25|以色列王亞哈的兒子約蘭十二年，猶大王約蘭的兒子亞哈謝登基。|zh
437|8|25|25|In the twelfth year that Joram, the son of Ahab, was king of Israel, Ahaziah, the son of Jehoram, king of Judah, became king;|en
438|8|26|26|他登基的時候年二十二歲，在耶路撒冷作王一年。他母親名叫亞他利雅，是以色列王暗利的孫女。|zh
439|8|26|26|Ahaziah was twenty-two years old when he became king, and he was ruling in Jerusalem for one year. His mother's name was Athaliah, the daughter of Omri, king of Israel.|en
440|8|27|27|亞哈謝效法亞哈家行耶和華眼中看為惡的事，與亞哈家一樣，因為他是亞哈家的女婿。|zh
441|8|27|27|He went in the ways of the family of Ahab, and did evil in the eyes of the Lord as the family of Ahab did, for he was a son-in-law of the family of Ahab.|en
442|8|28|28|他與亞哈的兒子約蘭同往基列的拉末去，與亞蘭王哈薛爭戰。亞蘭人打傷了約蘭，|zh
443|8|28|28|He went with Joram, the son of Ahab, to make war on Hazael, king of Aram, at Ramoth-gilead: and Joram was wounded by the Aramaeans.|en
444|8|29|29|約蘭王回到耶斯列，醫治在拉末與亞蘭王哈薛打仗的時候所受的傷。猶大王約蘭的兒子亞哈謝因為亞哈的兒子約蘭病了，就下到耶斯列看望他。|zh
445|8|29|29|So King Joram went back to Jezreel to get well from the wounds which the bowmen had given him at Ramah, when he was fighting against Hazael, king of Aram. And Ahaziah, the son of Jehoram, king of Judah, went down to see Joram, the son of Ahab, in Jezreel, because he was ill.|en
446|9|1|1|先知以利沙叫了一個先知門徒來，吩咐他說：你束上腰，手拿這瓶膏油往基列的拉末去。|zh
447|9|1|1|And Elisha the prophet sent for one of the sons of the prophets, and said to him, Make yourself ready for a journey, and take this bottle of oil in your hand, and go to Ramoth-gilead.|en
448|9|2|2|到了那裡，要尋找寧示的孫子、約沙法的兒子耶戶，使他從同僚中起來，帶他進嚴密的屋子，|zh
449|9|2|2|And when you get there, go in search of Jehu, the son of Jehoshaphat, the son of Nimshi; and go in and make him get up from among his brothers, and take him to an inner room.|en
450|9|3|3|將瓶裡的膏油倒在他頭上，說：耶和華如此說：我膏你作以色列王。說完了，就開門逃跑，不要遲延。|zh
451|9|3|3|Then take the bottle and put the oil on his head, and say, The Lord says, I have put the holy oil on you to make you king over Israel. Then, opening the door, go in flight, without waiting.|en
452|9|4|4|於是那少年先知往基列的拉末去了。|zh
453|9|4|4|So the young prophet went to Ramoth-gilead.|en
454|9|5|5|到了那裡，看見眾軍長都坐著，就說：將軍哪，我有話對你說。耶戶說：我們眾人裡，你要對哪一個說呢？回答說：將軍哪，我要對你說。|zh
455|9|5|5|And when he came, he saw the captains of the army seated together; and he said, I have something to say to you, O captain. And Jehu said, To which of us? And he said, To you, O captain.|en
456|9|6|6|耶戶就起來，進了屋子，少年人將膏油倒在他頭上，對他說：耶和華─以色列的神如此說：我膏你作耶和華民以色列的王。|zh
457|9|6|6|And he got up and went into the house; then he put the holy oil on his head and said to him, The Lord, the God of Israel, says, I have made you king over the people of the Lord, over Israel.|en
458|9|7|7|你要擊殺你主人亞哈的全家，我好在耶洗別身上伸我僕人眾先知和耶和華一切僕人流血的冤。|zh
459|9|7|7|You are to see that the family of Ahab your master is cut off, so that I may take from Jezebel payment for the blood of my servants the prophets, and for the blood of all the servants of the Lord.|en
460|9|8|8|亞哈全家必都滅亡，凡屬亞哈的男丁，無論是困住的、自由的，我必從以色列中剪除，|zh
461|9|8|8|For the family of Ahab will come to an end; every male of Ahab's family will be cut off, he who is shut up and he who goes free in Israel.|en
462|9|9|9|使亞哈的家像尼八兒子耶羅波安的家，又像亞希雅兒子巴沙的家。|zh
463|9|9|9|I will make the family of Ahab like that of Jeroboam, the son of Nebat, and Baasha, the son of Ahijah.|en
464|9|10|10|耶洗別必在耶斯列田裡被狗所吃，無人葬埋。說完了，少年人就開門逃跑了。|zh
465|9|10|10|And Jezebel will become food for the dogs in the heritage of Jezreel, and there will be no one to put her body into the earth. Then, opening the door, he went in flight.|en
466|9|11|11|耶戶出來，回到他主人的臣僕那裡，有一人問他說：平安麼？這狂妄的人來見你有甚麼事呢？回答說：你們認得那人，也知道他說甚麼。|zh
467|9|11|11|Then Jehu came out again to the servants of his lord, and one said to him, Is all well? why did this man, who is off his head, come to you? And he said to them, You have knowledge of the man and of his talk.|en
468|9|12|12|他們說：這是假話，你據實地告訴我們。回答說：他如此如此對我說。他說：耶和華如此說：我膏你作以色列王。|zh
469|9|12|12|And they said, That is not true; now give us his story. Then he said, This is what he said to me: The Lord says, I have made you king over Israel.|en
470|9|13|13|他們就急忙各將自己的衣服鋪在上層臺階，使耶戶坐在其上；他們吹角，說：耶戶作王了！|zh
471|9|13|13|Then straight away everyone took his robe and put it under him on the top of the steps, and, sounding the horn, they said, Jehu is king.|en
472|9|14|14|這樣，寧示的孫子、約沙法的兒子耶戶背叛約蘭。先是約蘭和以色列眾人因為亞蘭王哈薛的緣故，把守基列的拉末；|zh
473|9|14|14|So Jehu, the son of Jehoshaphat, the son of Nimshi, made designs against Joram. (Now Joram and all the army of Israel were keeping watch on Ramoth-gilead because of Hazael, king of Aram:|en
474|9|15|15|但約蘭王回到耶斯列，醫治與亞蘭王哈薛打仗所受的傷。耶戶說：若合你們的意思，就不容人逃出城往耶斯列報信去。|zh
475|9|15|15|But King Joram had gone back to Jezreel to get well from the wounds which the Aramaeans had given him when he was fighting against Hazael, king of Aram.) And Jehu said, If this is your purpose, then let no one get away and go out of the town to give news of it in Jezreel.|en
476|9|16|16|於是耶戶坐車往耶斯列去，因為約蘭病臥在那裡。猶大王亞哈謝已經下去看望他。|zh
477|9|16|16|So Jehu got into his carriage and went to Jezreel, for Joram was ill in bed there; and Ahaziah, king of Judah, had come down to see Joram.|en
478|9|17|17|有一個守望的人站在耶斯列的樓上，看見耶戶帶著一群人來，就說：我看見一群人。約蘭說：打發一個騎馬的去迎接他們，問說：平安不平安？|zh
479|9|17|17|And the watchman on the tower in Jezreel saw Jehu and his band coming, and said, I see a band of people. And Joram said, Send out a horseman to them, and let him say, Is it peace?|en
480|9|18|18|騎馬的就去迎接耶戶，說：王問說，平安不平安？耶戶說：平安不平安與你何干？你轉在我後頭罷！守望的人又說：使者到了他們那裡，卻不回來。|zh
481|9|18|18|So a horseman went out to them and said, The king says, Is it peace? And Jehu said, What have you to do with peace? come after me. And the watchman gave them word, saying, The horseman went up to them, but has not come back.|en
482|9|19|19|王又打發一個騎馬的去。這人到了他們那裡，說：王問說，平安不平安？耶戶說：平安不平安與你何干？你轉在我後頭罷！|zh
483|9|19|19|Then he sent out a second horseman, who came up to them and said, The king says, Is it peace? And Jehu said in answer, What have you to do with peace? come after me.|en
484|9|20|20|守望的人又說：他到了他們那裡，也不回來；車趕得甚猛，像寧示的孫子耶戶的趕法。|zh
485|9|20|20|And the watchman gave them word, saying, He went up to them and has not come back again; and the driving is like the driving of Jehu, son of Nimshi, for he is driving violently.|en
486|9|21|21|約蘭吩咐說：套車！人就給他套車。以色列王約蘭和猶大王亞哈謝各坐自己的車出去迎接耶戶，在耶斯列人拿伯的田那裡遇見他。|zh
487|9|21|21|Then Joram said, Make ready. So they made his carriage ready; and Joram, king of Israel, with Ahaziah, king of Judah, went out in their carriages for the purpose of meeting Jehu; and they came face to face with him at the field of Naboth the Jezreelite.|en
488|9|22|22|約蘭見耶戶就說：耶戶啊，平安麼？耶戶說：你母親耶洗別的淫行邪術這樣多，焉能平安呢？|zh
489|9|22|22|Now when Joram saw Jehu he said, Is it peace, Jehu? And he said in answer, What peace is possible while all the land is full of the disgusting sins of your mother Jezebel, and her secret arts?|en
490|9|23|23|約蘭就轉車逃跑，對亞哈謝說：亞哈謝啊，反了！|zh
491|9|23|23|Then Joram, turning his horses in flight, said to Ahaziah, Broken faith, O Ahaziah!|en
492|9|24|24|耶戶開滿了弓，射中約蘭的脊背，箭從心窩穿出，約蘭就仆倒在車上。|zh
493|9|24|24|Then Jehu took his bow in his hand, and with all his strength sent an arrow, wounding Joram between the arms; and the arrow came out at his heart, and he went down on his face in his carriage.|en
494|9|25|25|耶戶對他的軍長畢甲說：你把他拋在耶斯列人拿伯的田間。你當追想，你我一同坐車跟隨他父亞哈的時候，耶和華對亞哈所說的預言，|zh
495|9|25|25|Then Jehu said to Bidkar, his captain, Take him up, and put him in the field of Naboth the Jezreelite: for is not that day in your memory when you and I together on our horses were going after Ahab, his father, and the Lord put this fate on him, saying:|en
496|9|26|26|說：我昨日看見拿伯的血和他眾子的血，我必在這塊田上報應你。這是耶和華說的，現在你要照著耶和華的話，把他拋在這田間。|zh
497|9|26|26|I saw the blood of Naboth and of his sons yesterday; and I will give you full payment in this field, says the Lord? So now, take him and put him in this field, as the Lord said.|en
498|9|27|27|猶大王亞哈謝見這光景，就從園亭之路逃跑。耶戶追趕他，說：把這人也殺在車上。到了靠近以伯蓮的姑珥坡上擊傷了他。他逃到米吉多，就死在那裡。|zh
499|9|27|27|Now when Ahaziah, king of Judah, saw this, he went in flight by the way of the garden house. And Jehu came after him and said, Put him to death in the same way; and they gave him a death-wound in his carriage, on the slope up to Gur, by Ibleam; and he went in flight to Megiddo, where death came to him.|en
500|9|28|28|他的臣僕用車將他的屍首送到耶路撒冷，葬在大衛城他自己的墳墓裡，與他列祖同葬。|zh
501|9|28|28|And his servants took him in a carriage to Jerusalem, and put him into the earth with his fathers in the town of David.|en
502|9|29|29|亞哈謝登基作猶大王的時候，是在亞哈的兒子約蘭第十一年。|zh
503|9|29|29|(In the eleventh year of the rule of Joram, the son of Ahab, Ahaziah became king over Judah.)|en
504|9|30|30|耶戶到了耶斯列；耶洗別聽見就擦粉、梳頭，從窗戶裡往外觀看。|zh
505|9|30|30|And when Jehu came to Jezreel, Jezebel had news of it; and, painting her eyes and dressing her hair with ornaments, she put her head out of the window.|en
506|9|31|31|耶戶進門的時候，耶洗別說：殺主人的心利啊，平安麼？|zh
507|9|31|31|And when Jehu was coming into the town, she said, Is all well, O Zimri, taker of your master's life?|en
508|9|32|32|耶戶抬頭向窗戶觀看，說：誰順從我？有兩三個太監從窗戶往外看他。|zh
509|9|32|32|Then, looking up to the window, he said, Who is on my side, who? and two or three unsexed servants put out their heads.|en
510|9|33|33|耶戶說：把他扔下來！他們就把他扔下來。他的血濺在牆上和馬上；於是把他踐踏了。|zh
511|9|33|33|And he said, Take her and put her out of the window. So they sent her down with force, and her blood went in a shower on the wall and on the horses; and she was crushed under their feet.|en
512|9|34|34|耶戶進去，吃了喝了，吩咐說：你們把這被咒詛的婦人葬埋了，因為他是王的女兒。|zh
513|9|34|34|And he came in, and took food and drink; then he said, Now see to this cursed woman, and put her body into the earth, for she is a king's daughter.|en
514|9|35|35|他們就去葬埋他，只尋得他的頭骨和腳，並手掌。|zh
515|9|35|35|And they went out to put her body into the earth, but nothing of her was to be seen, only the bones of her head, and her feet, and parts of her hands.|en
516|9|36|36|他們回去告訴耶戶，耶戶說：這正應驗耶和華藉他僕人提斯比人以利亞所說的話，說：在耶斯列田間，狗必吃耶洗別的肉；|zh
517|9|36|36|So they came back and gave him word of it. And he said, This is what the Lord said by his servant Elijah the Tishbite, saying, In the heritage of Jezreel the flesh of Jezebel will become food for dogs;|en
518|9|37|37|耶洗別的屍首必在耶斯列田間如同糞土，甚至人不能說這是耶洗別。|zh
519|9|37|37|And the dead body of Jezebel will be like waste dropped on the face of the earth in the heritage of Jezreel; so that they will not be able to say, This is Jezebel.|en
520|10|1|1|亞哈有七十個兒子在撒瑪利亞。耶戶寫信送到撒瑪利亞，通知耶斯列的首領，就是長老和教養亞哈眾子的人，說：|zh
521|10|1|1|Now there were in Samaria seventy of Ahab's sons. And Jehu sent letters to Samaria, to the rulers of the town, and to the responsible men, and to those who had the care of the sons of Ahab, saying,|en
522|10|2|2|你們那裡既有你們主人的眾子和車馬、器械、堅固城，|zh
523|10|2|2|Straight away, when you get this letter, seeing that your master's sons are with you, and that you have carriages and horses and a walled town and arms;|en
524|10|3|3|接了這信，就可以在你們主人的眾子中選擇一個賢能合宜的，使他坐他父親的位，你們也可以為你們主人的家爭戰。|zh
525|10|3|3|Take the best and most upright of your master's sons, and make him king in his father's place, and put up a fight for your master's family.|en
526|10|4|4|他們卻甚懼怕，彼此說：二王在他面前尚且站立不住，我們怎能站得住呢。|zh
527|10|4|4|But they were full of fear, and said, The two kings have gone down before him: how may we keep our place?|en
528|10|5|5|家宰、邑宰，和長老，並教養眾子的人，打發人去見耶戶，說：我們是你的僕人，凡你所吩咐我們的都必遵行，我們不立誰作王，你看怎樣好就怎樣行。|zh
529|10|5|5|So the controller of the king's house, with the ruler of the town, and the responsible men, and those who had the care of Ahab's sons, sent to Jehu, saying, We are your servants and will do all your orders; we will not make any man king; do whatever seems best to you.|en
530|10|6|6|耶戶又給他們寫信說：你們若歸順我，聽從我的話，明日這時候，要將你們主人眾子的首級帶到耶斯列來見我。那時王的兒子七十人都住在教養他們那城中的尊貴人家裡。|zh
531|10|6|6|Then he sent them a second letter, saying, If you are on my side, and if you will do my orders, come to me at Jezreel by this time tomorrow, with the heads of your master's sons. Now the king's seventy sons were with the great men of the town, who had the care of them.|en
532|10|7|7|信一到，他們就把王的七十個兒子殺了，將首級裝在筐裡，送到在耶斯列的耶戶那裡。|zh
533|10|7|7|And when the letter came to them, they took the king's sons and put them to death, all the seventy, and put their heads in baskets and sent them to him at Jezreel.|en
534|10|8|8|有使者來告訴耶戶說：他們將王眾子的首級送來了。耶戶說：將首級在城門口堆作兩堆，擱到明日。|zh
535|10|8|8|And a man came and said to him, They have come with the heads of the king's sons. And he said, Put them down in two masses at the doorway of the town till the morning.|en
536|10|9|9|次日早晨，耶戶出來，站著對眾民說：你們都是公義的，我背叛我主人，將他殺了；這些人卻是誰殺的呢？|zh
537|10|9|9|And in the morning he went out and, stopping, said to all the people there, You are upright men: it is true that I made designs against my master, and put him to death; but who is responsible for the death of all these?|en
538|10|10|10|由此可知，耶和華指著亞哈家所說的話一句沒有落空，因為耶和華藉他僕人以利亞所說的話都成就了。|zh
539|10|10|10|You may be certain that nothing which the Lord has said about the family of Ahab will be without effect; for the Lord has done what he said by his servant Elijah.|en
540|10|11|11|凡亞哈家在耶斯列所剩下的人和他的大臣、密友、祭司，耶戶盡都殺了，沒有留下一個。|zh
541|10|11|11|So Jehu put to death all the rest of the seed of Ahab in Jezreel, and all his relations and his near friends and his priests, till there were no more of them.|en
542|10|12|12|耶戶起身往撒瑪利亞去。在路上、牧人剪羊毛之處，|zh
543|10|12|12|Then he got up and came to Samaria. And he was at the meeting-place of the keepers of sheep, by the way,|en
544|10|13|13|遇見猶大王亞哈謝的弟兄，問他們說：你們是誰？回答說：我們是亞哈謝的弟兄，現在下去要問王和太后的眾子安。|zh
545|10|13|13|When he came across the brothers of Ahaziah, king of Judah, and said, Who are you? And they said, We are the brothers of Ahaziah, king of Judah; we are going down to see the children of the king and of the queen.|en
546|10|14|14|耶戶吩咐說：活捉他們！跟從的人就活捉了他們，將他們殺在剪羊毛之處的坑邊，共四十二人，沒有留下一個。|zh
547|10|14|14|And he said, Take them living. So they took them living, and put them to death in the water-hole of Beth-eked; of the forty-two men he put every one to death;|en
548|10|15|15|耶戶從那裡前行，恰遇利甲的兒子約拿達來迎接他，耶戶問他安，對他說：你誠心待我像我誠心待你麼？約拿達回答說：是。耶戶說：若是這樣，你向我伸手，他就伸手；耶戶拉他上車。|zh
549|10|15|15|And when he had gone away from there, he came across Jehonadab, the son of Rechab: and he said good-day to him, and said to him, Is your heart true to mine, as mine is to yours? And Jehonadab in answer said, It is; and Jehu said, If it is, give me your hand. And he gave him his hand, and he made him come up into his carriage.|en
550|10|16|16|耶戶說：你和我同去，看我為耶和華怎樣熱心；於是請他坐在車上，|zh
551|10|16|16|And he said, Come with me and see how I am on fire for the Lord's cause. So he made him go with him in his carriage.|en
552|10|17|17|到了撒瑪利亞，就把撒瑪利亞的亞哈家剩下的人都殺了，直到滅盡，正如耶和華對以利亞所說的。|zh
553|10|17|17|And when he came to Samaria, he put to death all those of Ahab's family who were still in Samaria, till there were no more of them, as the Lord had said to Elijah.|en
554|10|18|18|耶戶招聚眾民，對他們說：亞哈事奉巴力還冷淡，耶戶卻更熱心。|zh
555|10|18|18|Then Jehu got all the people together and said to them, Ahab was Baal's servant in a small way, but Jehu will be his servant on a great scale.|en
556|10|19|19|現在我要給巴力獻大祭。應當叫巴力的眾先知和一切拜巴力的人，並巴力的眾祭司，都到我這裡來，不可缺少一個；凡不來的必不得活。耶戶這樣行，是用詭計要殺盡拜巴力的人。|zh
557|10|19|19|Now send for all the prophets of Baal and all his servants and all his priests, to come to me; let no one keep away: for I have a great offering to make to Baal; anyone who is not present, will be put to death. This Jehu did with deceit, his purpose being the destruction of the servants of Baal.|en
558|10|20|20|耶戶說：要為巴力宣告嚴肅會！於是宣告了。|zh
559|10|20|20|And Jehu said, Let there be a special holy meeting for the worship of Baal. So a public statement was made.|en
560|10|21|21|耶戶差人走遍以色列地；凡拜巴力的人都來齊了，沒有一個不來的。他們進了巴力廟，巴力廟中從前邊直到後邊都滿了人。|zh
561|10|21|21|And Jehu sent out through all Israel; and all the servants of Baal came, not one kept away. And they came into the house of Baal, so that it was full from end to end.|en
562|10|22|22|耶戶吩咐掌管禮服的人說：拿出禮服來，給一切拜巴力的人穿。他就拿出禮服來給了他們。|zh
563|10|22|22|And Jehu said to him who kept the robes, Get out robes for all the servants of Baal. So he got out robes for them.|en
564|10|23|23|耶戶和利甲的兒子約拿達進了巴力廟，對拜巴力的人說：你們察看察看，在你們這裡不可有耶和華的僕人，只可容留拜巴力的人。|zh
565|10|23|23|And Jehu, with Jehonadab, the son of Rechab, went into the house of Baal; and he said to the servants of Baal, Make a search with care, to see that no servant of the Lord is with you, but only servants of Baal.|en
566|10|24|24|耶戶和約拿達進去，獻平安祭和燔祭。耶戶先安排八十人在廟外，吩咐說：我將這些人交在你們手中，若有一人脫逃，誰放的必叫他償命！|zh
567|10|24|24|Then they went in to make offerings and burned offerings. Now Jehu had put eighty men outside, and said to them, If any man whom I give into your hands gets away, the life of him who lets him go will be the price of his life.|en
568|10|25|25|耶戶獻完了燔祭，就出來吩咐護衛兵和眾軍長說：你們進去殺他們，不容一人出來！護衛兵和軍長就用刀殺他們，將屍首拋出去，便到巴力廟的城去了，|zh
569|10|25|25|Then when the burned offering was ended, straight away Jehu said to the armed men and the captains, Go in and put them to death; let not one come out. So they put them to the sword; and, pulling the images to the earth, they went into the holy place of the house of Baal.|en
570|10|26|26|將巴力廟中的柱像都拿出來燒了；|zh
571|10|26|26|And they took out the image of Asherah from the house of Baal, and had it burned.|en
572|10|27|27|毀壞了巴力柱像，拆毀了巴力廟作為廁所，直到今日。|zh
573|10|27|27|The altar of Baal was pulled down and the house of Baal was broken up and made an unclean place, as it is to this day.|en
574|10|28|28|這樣，耶戶在以色列中滅了巴力。|zh
575|10|28|28|So Jehu put an end to the worship of Baal in Israel.|en
576|10|29|29|只是耶戶不離開尼八的兒子耶羅波安使以色列人陷在罪裡的那罪，就是拜伯特利和但的金牛犢。|zh
577|10|29|29|But Jehu did not keep himself from all the sins of Jeroboam, the son of Nebat, and the evil he made Israel do; the gold oxen were still in Beth-el and in Dan.|en
578|10|30|30|耶和華對耶戶說：因你辦好我眼中看為正的事，照我的心意待亞哈家，你的子孫必接續你坐以色列的國位，直到四代。|zh
579|10|30|30|And the Lord said to Jehu, Because you have done well in doing what is right in my eyes and effecting all my purpose for the family of Ahab, your sons will be kings of Israel to the fourth generation.|en
580|10|31|31|只是耶戶不盡心遵守耶和華─以色列神的律法，不離開耶羅波安使以色列人陷在罪裡的那罪。|zh
581|10|31|31|But Jehu did not take care to keep the law of the Lord with all his heart: he did not keep himself from the sin which Jeroboam did and made Israel do.|en
582|10|32|32|在那些日子，耶和華才割裂以色列國，使哈薛攻擊以色列的境界，|zh
583|10|32|32|In those days the Lord was angry first with Israel; and Hazael made attacks on all the land of Israel,|en
584|10|33|33|乃是約但河東、基列全地，從靠近亞嫩谷邊的亞羅珥起，就是基列和巴珊的迦得人、流便人、瑪拿西人之地。|zh
585|10|33|33|East of Jordan, in all the land of Gilead, the Gadites and the Reubenites and the Manassites, from Aroer by the valley of the Arnon, all Gilead and Bashan.|en
586|10|34|34|耶戶其餘的事，凡他所行的和他的勇力都寫在以色列諸王記上。|zh
587|10|34|34|Now the rest of the acts of Jehu, and all he did, and his great power, are they not recorded in the book of the history of the kings of Israel?|en
588|10|35|35|耶戶與他列祖同睡，葬在撒瑪利亞；他兒子約哈斯接續他作王。|zh
589|10|35|35|And Jehu went to rest with his fathers, and was put into the earth in Samaria. And Jehoahaz his son became king in his place.|en
590|10|36|36|耶戶在撒瑪利亞作以色列王二十八年。|zh
591|10|36|36|And the time of Jehu's rule over Israel in Samaria was twenty-eight years.|en
592|11|1|1|亞哈謝的母親亞他利雅見他兒子死了，就起來剿滅王室。|zh
593|11|1|1|Now when Athaliah, the mother of Ahaziah, saw that her son was dead, she had all the rest of the seed of the kingdom put to death.|en
594|11|2|2|但約蘭王的女兒，亞哈謝的妹子約示巴，將亞哈謝的兒子約阿施從那被殺的王子中偷出來，把他和他的乳母都藏在臥房裡，躲避亞他利雅，免得被殺。|zh
595|11|2|2|But Jehosheba, the daughter of King Joram, sister of Ahaziah, secretly took Joash, the son of Ahaziah, with the woman who took care of him, away from among the king's sons who were put to death, and put him in the bedroom; and they kept him safe from Athaliah, so that he was not put to death.|en
596|11|3|3|約阿施和他的乳母藏在耶和華的殿裡六年；亞他利雅篡了國位。|zh
597|11|3|3|And for six years she kept him safe in the house of the Lord, while Athaliah was ruling over the land.|en
598|11|4|4|第七年，耶何耶大打發人叫迦利人(或作親兵)和護衛兵的眾百夫長來，領他們進了耶和華的殿，與他們立約，使他們在耶和華殿裡起誓，又將王的兒子指給他們看，|zh
599|11|4|4|Then in the seventh year, Jehoiada sent for the captains of hundreds of the Carians, and the armed men, and taking them into the house of the Lord, made an agreement with them, and made them take an oath in the house of the Lord, and let them see the king's son.|en
600|11|5|5|吩咐他們說：你們當這樣行：凡安息日進班的三分之一要看守王宮，|zh
601|11|5|5|And he gave them orders, saying, This is what you are to do: the third part of you, who come in on the Sabbath and keep the watch of the king's house,|en
602|11|6|6|三分之一要在蘇珥門，三分之一要在護衛兵院的後門。這樣把守王宮，攔阻閒人。|zh
603|11|6|6|...|en
604|11|7|7|你們安息日所有出班的三分之二要在耶和華的殿裡護衛王；|zh
605|11|7|7|And the two divisions of you, who go out on the Sabbath and keep the watch of the house of the Lord,|en
606|11|8|8|各人手拿兵器，四圍護衛王。凡擅入你們班次的必當治死，王出入的時候，你們當跟隨他。|zh
607|11|8|8|Will make a circle round the king, every man being armed; and whoever comes inside your lines is to be put to death; keep with the king, when he goes out and when he comes in.|en
608|11|9|9|眾百夫長就照著祭司耶何耶大一切所吩咐的去行，各帶所管安息日進班出班的人來見祭司耶何耶大。|zh
609|11|9|9|And the captains of hundreds did as Jehoiada the priest gave them orders; every one took with him his men, those who came in and those who went out on the Sabbath, and they came in to Jehoiada the priest.|en
610|11|10|10|祭司便將耶和華殿裡所藏大衛王的槍和盾牌交給百夫長。|zh
611|11|10|10|And the priest gave to the captains of hundreds the spears and body-covers which had been King David's, and which were kept in the house of the Lord.|en
612|11|11|11|護衛兵手中各拿兵器，在壇和殿那裡，從殿右直到殿左，站在王子的四圍。|zh
613|11|11|11|Then the armed men took up their positions, every man with his instruments of war in his hand, from the right side of the house to the left, round about the altar and the house.|en
614|11|12|12|祭司領王子出來，給他戴上冠冕，將律法書交給他，膏他作王；眾人就拍掌說：願王萬歲！|zh
615|11|12|12|Then he made the king's son come out, and put the crown on him and the arm-bands, and made him king, and put the holy oil on him; and they all, making sounds of joy with their hands, said, Long life to the king.|en
616|11|13|13|亞他利雅聽見護衛兵和民的聲音，就到民那裡，進耶和華的殿，|zh
617|11|13|13|Now Athaliah, hearing the noise made by the people, came to the people in the house of the Lord;|en
618|11|14|14|看見王照例站在柱旁，百夫長和吹號的人侍立在王左右，國中的眾民歡樂吹號；亞他利雅就撕裂衣服，喊叫說：反了！反了！|zh
619|11|14|14|And looking, she saw the king in his regular place by the pillar, and the captains and the horns near him; and all the people of the land giving signs of joy and sounding the horns. Then Athaliah, violently parting her robes, gave a cry, saying, Broken faith, broken faith!|en
620|11|15|15|祭司耶何耶大吩咐管轄軍兵的百夫長說：將他趕出班外，凡跟隨他的必用刀殺死！因為祭司說不可在耶和華殿裡殺他，|zh
621|11|15|15|Then Jehoiada the priest gave orders to those who were placed in authority over the army, saying, Take her outside the lines, and let anyone who goes after her be put to death with the sword, for he said, Let her not be put to death in the house of the Lord.|en
622|11|16|16|眾兵就閃開讓他去；他從馬路上王宮去，便在那裡被殺。|zh
623|11|16|16|So they put their hands on her, and she went to the king's house by the doorway of the horses, and there she was put to death.|en
624|11|17|17|耶何耶大使王和民與耶和華立約，作耶和華的民；又使王與民立約。|zh
625|11|17|17|And Jehoiada made an agreement between the Lord and the king and the people, that they would be the Lord's people; and in the same way between the king and the people.|en
626|11|18|18|於是國民都到巴力廟，拆毀了廟，打碎壇和像，又在壇前將巴力的祭司瑪坦殺了。祭司耶何耶大派官看守耶和華的殿，|zh
627|11|18|18|Then all the people of the land went to the house of Baal and had it pulled down: its altars and images were all broken to bits, and Mattan, the priest of Baal, they put to death before the altars. And the priest put overseers over the Lord's house.|en
628|11|19|19|又率領百夫長和迦利人(或作親兵)與護衛兵，以及國中的眾民，請王從耶和華殿下來，由護衛兵的門進入王宮，他就坐了王位。|zh
629|11|19|19|Then he took the captains of hundreds, and the Carians, and the armed men, and all the people of the land; and they came down with the king from the house of the Lord, through the doorway of the armed men, to the king's house. And he took his place on the seat of the kings.|en
630|11|20|20|國民都歡樂，閤城都安靜。眾人已將亞他利雅在王宮那裡用刀殺了。|zh
631|11|20|20|So all the people of the land were glad, and the town was quiet; and they had put Athaliah to death with the sword at the king's house.|en
632|11|21|21|約阿施登基的時候年方七歲。|zh
633|11|21|21|And Jehoash was seven years old when he became king.|en
634|12|1|1|耶戶第七年，約阿施登基，在耶路撒冷作王四十年。他母親名叫西比亞，是別是巴人。|zh
635|12|1|1|In the seventh year of Jehu's rule, Jehoash became king; and he was ruling for forty years in Jerusalem; his mother's name was Zibiah of Beer-sheba.|en
636|12|2|2|約阿施在祭司耶何耶大教訓他的時候，就行耶和華眼中看為正的事；|zh
637|12|2|2|Jehoash did what was right in the eyes of the Lord all his days, because he was guided by the teaching of Jehoiada the priest.|en
638|12|3|3|只是邱壇還沒有廢去，百姓仍在那裡獻祭燒香。|zh
639|12|3|3|But the high places were not taken away; the people went on making offerings and burning them in the high places.|en
640|12|4|4|約阿施對眾祭司說：凡奉到耶和華殿分別為聖之物所值通用的銀子，或各人當納的身價，或樂意奉到耶和華殿的銀子，|zh
641|12|4|4|And Jehoash said to the priests, All the money of the holy things, which comes into the house of the Lord, (the amount fixed for every man's payment,) and all the money given by any man freely from the impulse of his heart,|en
642|12|5|5|你們當從所認識的人收了來，修理殿的一切破壞之處。|zh
643|12|5|5|Let the priests take, every man from his friends and neighbours, to make good what is damaged in the house, wherever it is to be seen.|en
644|12|6|6|無奈到了約阿施王二十三年，祭司仍未修理殿的破壞之處。|zh
645|12|6|6|But in the twenty-third year of King Jehoash, the priests had not made good the damaged parts of the house.|en
646|12|7|7|所以約阿施王召了大祭司耶何耶大和眾祭司來，對他們說：你們怎麼不修理殿的破壞之處呢？從今以後，你們不要從所認識的人再收銀子，要將所收的交出來，修理殿的破壞之處。|zh
647|12|7|7|Then King Jehoash sent for Jehoiada the priest, and the other priests, and said to them, Why have you not made good what is damaged in the house? now take no more money from your neighbours, but give it for the building up of the house.|en
648|12|8|8|眾祭司答應不再收百姓的銀子，也不修理殿的破壞之處。|zh
649|12|8|8|So the priests made an agreement to take no more money from the people, and not to make good what was damaged in the house.|en
650|12|9|9|祭司耶何耶大取了一個櫃子，在櫃蓋上鑽了一個窟窿，放於壇旁，在進耶和華殿的右邊；守門的祭司將奉到耶和華殿的一切銀子投在櫃裡。|zh
651|12|9|9|But Jehoiada the priest took a chest, and making a hole in the cover of it, put it by the altar, on the right side when one comes into the house of the Lord; and the priests who kept the door put in it regularly all the money which was taken into the house of the Lord.|en
652|12|10|10|他們見櫃裡的銀子多了，便叫王的書記和大祭司上來，將耶和華殿裡的銀子數算包起來。|zh
653|12|10|10|And when they saw that there was much money in the chest, the king's scribe and the high priest came and put it in bags, noting the amount of all the money there was in the house of the Lord.|en
654|12|11|11|把所平的銀子交給督工的，就是耶和華殿裡辦事的人；他們把銀子轉交修理耶和華殿的木匠和工人，|zh
655|12|11|11|And the money which was measured out they gave regularly to those who were responsible for overseeing the work, and these gave it in payment to the woodworkers and the builders who were working on the house of the Lord,|en
656|12|12|12|並瓦匠、石匠，又買木料和鑿成的石頭，修理耶和華殿的破壞之處，以及修理殿的各樣使用。|zh
657|12|12|12|And to the wall-builders and the stone-cutters, and to get wood and cut stone for building up the broken parts of the house of the Lord, and for everything needed to put the house in good order.|en
658|12|13|13|但那奉到耶和華殿的銀子，沒有用以做耶和華殿裡的銀杯、蠟剪、碗、號，和別樣的金銀器皿，|zh
659|12|13|13|But the money was not used for making silver cups or scissors or basins or wind-instruments or any vessels of gold or silver for the house of the Lord;|en
660|12|14|14|乃將那銀子交給督工的人修理耶和華的殿；|zh
661|12|14|14|But it was all given to the workmen who were building up the house.|en
662|12|15|15|且將銀子交給辦事的人轉交做工的人，不與他們算賬，因為他們辦事誠實。|zh
663|12|15|15|And they did not get any statement of accounts from the men to whom the money was given for the workmen, for they made use of it with good faith.|en
664|12|16|16|惟有贖愆祭、贖罪祭的銀子沒有奉到耶和華的殿，都歸祭司。|zh
665|12|16|16|The money of the offerings for error and the sin-offerings was not taken into the house of the Lord; it was the priests'.|en
666|12|17|17|那時，亞蘭王哈薛上來攻打迦特，攻取了，就定意上來攻打耶路撒冷。|zh
667|12|17|17|Then Hazael, king of Aram, went up against Gath and took it; and his purpose was to go up to Jerusalem.|en
668|12|18|18|猶大王約阿施將他列祖猶大王約沙法、約蘭、亞哈謝所分別為聖的物和自己所分別為聖的物，並耶和華殿與王宮府庫裡所有的金子都送給亞蘭王哈薛；哈薛就不上耶路撒冷來了。|zh
669|12|18|18|Then Jehoash, king of Judah, took all the holy things which Jehoshaphat and Jehoram and Ahaziah his fathers, the kings of Judah, had given to the Lord, together with the things he himself had given, and all the gold in the Temple store and in the king's house, and sent it to Hazael, king of Aram; and he went away from Jerusalem.|en
670|12|19|19|約阿施其餘的事，凡他所行的都寫在猶大列王記上。|zh
671|12|19|19|Now the rest of the acts of Joash, and all he did, are they not recorded in the book of the history of the kings of Israel?|en
672|12|20|20|約阿施的臣僕起來背叛，在下悉拉的米羅宮那裡將他殺了。|zh
673|12|20|20|And his servants made a secret design and put Joash to death at the house of Millo on the way down to Silla.|en
674|12|21|21|殺他的那臣僕就是示米押的兒子約撒甲和朔默的兒子約薩拔。眾人將他葬在大衛城他列祖的墳地裡。他兒子亞瑪謝接續他作王。|zh
675|12|21|21|And Jozacar, the son of Shimeath, and Jehozabad, the son of Shomer, his servants, came to him and put him to death; and they put him into the earth with his fathers in the town of David; and Amaziah his son became king in his place.|en
676|13|1|1|猶大王亞哈謝的兒子約阿施二十三年，耶戶的兒子約哈斯在撒瑪利亞登基作以色列王十七年。|zh
677|13|1|1|In the twenty-third year of Joash, the son of Ahaziah, king of Judah, Jehoahaz, the son of Jehu, became king over Israel in Samaria, ruling for seventeen years.|en
678|13|2|2|約哈斯行耶和華眼中看為惡的事，效法尼八的兒子耶羅波安使以色列人陷在罪裡的那罪，總不離開。|zh
679|13|2|2|He did evil in the eyes of the Lord, copying the sins of Jeroboam, the son of Nebat, which he did and made Israel do; he did not keep himself from them.|en
680|13|3|3|於是，耶和華的怒氣向以色列人發作，將他們屢次交在亞蘭王哈薛和他兒子便哈達的手裡。|zh
681|13|3|3|So the wrath of the Lord was burning against Israel, and he gave them up into the power of Hazael, king of Aram, and into the power of Ben-hadad, the son of Hazael, again and again.|en
682|13|4|4|約哈斯懇求耶和華，耶和華就應允他，因為見以色列人所受亞蘭王的欺壓。|zh
683|13|4|4|Then Jehoahaz made prayer to the Lord, and the Lord gave ear to him, for he saw how cruelly Israel was crushed by the king of Aram.|en
684|13|5|5|耶和華賜給以色列人一位拯救者，使他們脫離亞蘭人的手；於是以色列人仍舊安居在家裡。|zh
685|13|5|5|(And the Lord gave Israel a saviour, so that they became free from the hands of the Aramaeans; and the children of Israel were living in their tents as in the past.|en
686|13|6|6|然而他們不離開耶羅波安家使以色列人陷在罪裡的那罪，仍然去行，並且在撒瑪利亞留下亞舍拉。|zh
687|13|6|6|But still they did not give up the sin of Jeroboam, which he made Israel do, but went on with it; and there was an image of Asherah in Samaria.)|en
688|13|7|7|亞蘭王滅絕約哈斯的民，踐踏他們如禾場上的塵沙，只給約哈斯留下五十馬兵，十輛戰車，一萬步兵。|zh
689|13|7|7|For out of all his army, Jehoahaz had only fifty horsemen and ten carriages and ten thousand footmen; the king of Aram had given them up to destruction, crushing them like dust.|en
690|13|8|8|約哈斯其餘的事，凡他所行的和他的勇力都寫在以色列諸王記上。|zh
691|13|8|8|Now the rest of the acts of Jehoahaz, and all he did, and his great power, are they not recorded in the book of the history of the kings of Israel?|en
692|13|9|9|約哈斯與他列祖同睡，葬在撒瑪利亞。他兒子約阿施接續他作王。|zh
693|13|9|9|And Jehoahaz went to rest with his fathers, and was put into the earth in Samaria; and Joash his son became king in his place.|en
694|13|10|10|猶大王約阿施三十七年，約哈斯的兒子約阿施在撒瑪利亞登基作以色列王十六年。|zh
695|13|10|10|In the thirty-seventh year of the rule of Joash, king of Judah, Joash, the son of Jehoahaz, became king over Israel in Samaria, ruling for sixteen years.|en
696|13|11|11|他行耶和華眼中看為惡的事，不離開尼八的兒子耶羅波安使以色列人陷在罪裡的一切罪，仍然去行。|zh
697|13|11|11|He did evil in the eyes of the Lord, not turning away from the sin of Jeroboam, the son of Nebat, which he did and made Israel do, but he went on with it.|en
698|13|12|12|約阿施其餘的事，凡他所行的和他與猶大王亞瑪謝爭戰的勇力，都寫在以色列諸王記上。|zh
699|13|12|12|Now the rest of the acts of Joash, and all he did, and the force with which he went to war against Amaziah, king of Judah, are they not recorded in the book of the history of the kings of Israel?|en
700|13|13|13|約阿施與他列祖同睡，耶羅波安坐了他的位。約阿施與以色列諸王一同葬在撒瑪利亞。|zh
701|13|13|13|And Joash went to rest with his fathers and Jeroboam took his place as king; and Joash was put into the earth in Samaria with the kings of Israel.|en
702|13|14|14|以利沙得了必死的病，以色列王約阿施下來看他，伏在他臉上哭泣，說：我父啊！我父啊！以色列的戰車馬兵啊！|zh
703|13|14|14|Now Elisha became ill with the disease which was the cause of his death: and Joash, king of Israel, came down to him, and weeping over him said, My father, my father, the war-carriages of Israel and its horsemen!|en
704|13|15|15|以利沙對他說：你取弓箭來。王就取了弓箭來；|zh
705|13|15|15|Then Elisha said to him, Take bow and arrows: and he took bow and arrows.|en
706|13|16|16|又對以色列王說：你用手拿弓。王就用手拿弓。以利沙按手在王的手上，|zh
707|13|16|16|And he said to the king of Israel, Put your hand on the bow: and he put his hand on it; and Elisha put his hands on the king's hands.|en
708|13|17|17|說：你開朝東的窗戶。他就開了。以利沙說：射箭罷！他就射箭。以利沙說：這是耶和華的得勝箭，就是戰勝亞蘭人的箭；因為你必在亞弗攻打亞蘭人，直到滅盡他們。|zh
709|13|17|17|Then he said; Let the window be open to the east: and he got it open. Then Elisha said, Let the arrow go; and he let it go. And he said, The Lord's arrow of salvation, of salvation over Aram; for you will overcome the Aramaeans in Aphek and put an end to them.|en
710|13|18|18|以利沙又說：取幾枝箭來。他就取了來。以利沙說：打地罷！他打了三次，便止住了。|zh
711|13|18|18|And he said, Take the arrows: and he took them. And he said to the king of Israel, Send them down into the earth; and he did so three times and no more.|en
712|13|19|19|神人向他發怒，說：應當擊打五六次，就能攻打亞蘭人直到滅盡；現在只能打敗亞蘭人三次。|zh
713|13|19|19|Then the man of God was angry with him and said, If you had done it five or six times, then you would have overcome Aram completely; but now you will only overcome them three times.|en
714|13|20|20|以利沙死了，人將他葬埋。到了新年，有一群摩押人犯境，|zh
715|13|20|20|And death came to Elisha and they put his body into the earth. Now in the spring of the year, armed bands of Moabites frequently came, overrunning the land.|en
716|13|21|21|有人正葬死人，忽然看見一群人，就把死人拋在以利沙的墳墓裡，一碰著以利沙的骸骨，死人就復活，站起來了。|zh
717|13|21|21|And while they were putting a dead man into the earth, they saw a band coming; and they put the man quickly into the place where Elisha's body was; and the dead man, on touching Elisha's bones, came to life again, and got up on his feet.|en
718|13|22|22|約哈斯年間，亞蘭王哈薛屢次欺壓以色列人。|zh
719|13|22|22|And Israel was crushed under the power of Hazael, king of Aram, all the days of Jehoahaz.|en
720|13|23|23|耶和華卻因與亞伯拉罕、以撒、雅各所立的約，仍施恩給以色列人，憐恤他們，眷顧他們，不肯滅盡他們，尚未趕逐他們離開自己面前。|zh
721|13|23|23|But the Lord was kind to them and had pity on them, caring for them, because of his agreement with Abraham, Isaac, and Jacob; he would not put them to destruction or send them away from before his face till now.|en
722|13|24|24|亞蘭王哈薛死了，他兒子便哈達接續他作王。|zh
723|13|24|24|Then Hazael, king of Aram, came to his end; and Ben-hadad his son became king in his place.|en
724|13|25|25|從前哈薛和約阿施的父親約哈斯爭戰，攻取了些城邑，現在約哈斯的兒子約阿施三次打敗哈薛的兒子便哈達，就收回了以色列的城邑。|zh
725|13|25|25|And Jehoash, the son of Jehoahaz, took again from Ben-hadad, the son of Hazael, the towns which he had taken from Jehoahaz his father in war. Three times Jehoash overcame him and got back the towns of Israel.|en
726|14|1|1|以色列王約哈斯的兒子約阿施第二年，猶大王約阿施的兒子亞瑪謝登基。|zh
727|14|1|1|In the second year of Joash, son of Joahaz, king of Israel, Amaziah, the son of Joash, became king of Judah.|en
728|14|2|2|他登基的時候年二十五歲，在耶路撒冷作王二十九年。他母親名叫約耶但，是耶路撒冷人。|zh
729|14|2|2|He was twenty-five years old when he became king; and he was ruling in Jerusalem for twenty-nine years; his mother's name was Jehoaddin of Jerusalem.|en
730|14|3|3|亞瑪謝行耶和華眼中看為正的事，但不如他祖大衛，乃效法他父約阿施一切所行的；|zh
731|14|3|3|He did what was right in the eyes of the Lord, though not like David his father; he did as Joash his father had done.|en
732|14|4|4|只是邱壇還沒有廢去，百姓仍在那裡獻祭燒香。|zh
733|14|4|4|But still the high places were not taken away; the people went on making offerings and burning them in the high places.|en
734|14|5|5|國一堅定，就把殺他父王的臣僕殺了，|zh
735|14|5|5|Now when he became strong in the kingdom, straight away he put to death those servants who had taken the life of the king his father;|en
736|14|6|6|卻沒有治死殺王之人的兒子，是照摩西律法書上耶和華所吩咐的說：不可因子殺父，也不可因父殺子，各人要為本身的罪而死。|zh
737|14|6|6|But he did not put their children to death; for the orders of the Lord recorded in the book of the law of Moses say, The fathers are not to be put to death for the children, or the children for their fathers; but a man is to be put to death for the sin which he himself has done.|en
738|14|7|7|亞瑪謝在鹽谷殺了以東人一萬，又攻取了西拉，改名叫約帖，直到今日。|zh
739|14|7|7|He put to the sword twelve thousand men of Edom in the Valley of Salt, and took Sela in war, naming it Joktheel, as it is to this day.|en
740|14|8|8|那時，亞瑪謝差遣使者去見耶戶的孫子約哈斯的兒子以色列王約阿施，說：你來，我們二人相見於戰場。|zh
741|14|8|8|Then Amaziah sent representatives to Jehoash, the son of Jehoahaz, son of Jehu, king of Israel, saying, Come, let us have a meeting face to face.|en
742|14|9|9|以色列王約阿施差遣使者去見猶大王亞瑪謝，說：利巴嫩的蒺藜差遣使者去見利巴嫩的香柏樹，說：將你的女兒給我兒子為妻。後來利巴嫩有一個野獸經過，把蒺藜踐踏了。|zh
743|14|9|9|And Jehoash, king of Israel, sent to Amaziah, king of Judah, saying, The thorn-tree in Lebanon sent to the cedar in Lebanon, saying, Give your daughter to my son for a wife: and a beast from the woodland in Lebanon went by, crushing the thorn under his feet.|en
744|14|10|10|你打敗了以東人就心高氣傲，你以此為榮耀，在家裡安居就罷了，為何要惹禍，使自己和猶大國一同敗亡呢？|zh
745|14|10|10|It is true that you have overcome Edom and your heart is uplifted; let that glory be enough for you, and keep in your country; why do you make causes of trouble, putting yourself, and Judah with you, in danger of downfall?|en
746|14|11|11|亞瑪謝卻不肯聽這話。於是以色列王約阿施上來，在猶大的伯示麥與猶大王亞瑪謝相見於戰場。|zh
747|14|11|11|But Amaziah gave no attention. So Jehoash, king of Israel, went up, and he and Amaziah, king of Judah, came face to face at Beth-shemesh, which is in Judah.|en
748|14|12|12|猶大人敗在以色列人面前，各自逃回家裡去了。|zh
749|14|12|12|And Judah was overcome before Israel, so that they went in flight, every man to his tent.|en
750|14|13|13|以色列王約阿施在伯示麥擒住亞哈謝的孫子、約阿施的兒子猶大王亞瑪謝，就來到耶路撒冷，拆毀耶路撒冷的城牆，從以法蓮門直到角門共四百肘，|zh
751|14|13|13|And Jehoash, king of Israel, made Amaziah, king of Judah, the son of Jehoash, son of Ahaziah, prisoner at Beth-shemesh, and came to Jerusalem, and had the wall of Jerusalem pulled down from the doorway of Ephraim to the door in the angle, four hundred cubits.|en
752|14|14|14|又將耶和華殿裡與王宮府庫裡所有的金銀和器皿都拿了去，並帶人去為質，就回撒瑪利亞去了。|zh
753|14|14|14|And he took all the gold and silver and all the vessels which were in the house of the Lord and in the store-house of the king, together with those whose lives would be the price of broken faith, and went back to Samaria.|en
754|14|15|15|約阿施其餘所行的事和他的勇力，並與猶大王亞瑪謝爭戰的事，都寫在以色列諸王記上。|zh
755|14|15|15|Now the rest of the acts of Jehoash, and his power, and how he went to war with Amaziah, king of Judah, are they not recorded in the book of the history of the kings of Israel?|en
756|14|16|16|約阿施與他列祖同睡，葬在撒瑪利亞，以色列諸王的墳地裡。他兒子耶羅波安接續他作王。|zh
757|14|16|16|And Jehoash went to rest with his fathers, and was put into the earth in Samaria with the kings of Israel; and Jeroboam his son became king in his place.|en
758|14|17|17|以色列王約哈斯的兒子約阿施死後，猶大王約阿施的兒子亞瑪謝又活了十五年。|zh
759|14|17|17|Amaziah, the son of Joash, king of Judah, went on living for fifteen years after the death of Jehoash, son of Jehoahaz, king of Israel.|en
760|14|18|18|亞瑪謝其餘的事都寫在猶大列王記上。|zh
761|14|18|18|And the rest of the acts of Amaziah, are they not recorded in the book of the history of the kings of Judah?|en
762|14|19|19|耶路撒冷有人背叛亞瑪謝，他就逃到拉吉；叛黨卻打發人到拉吉將他殺了。|zh
763|14|19|19|Now they made a secret design against him in Jerusalem; and he went in flight to Lachish, but they sent after him to Lachish and put him to death there.|en
764|14|20|20|人就用馬將他的屍首馱到耶路撒冷，葬在大衛城他列祖的墳地裡。|zh
765|14|20|20|And they took his body on horseback and put it into the earth with his fathers in Jerusalem, the town of David.|en
766|14|21|21|猶大眾民立亞瑪謝的兒子亞撒利雅(又名烏西雅)接續他父作王，那時他年十六歲。|zh
767|14|21|21|Then all the people of Judah took Azariah, who was sixteen years old, and made him king in place of his father Amaziah.|en
768|14|22|22|亞瑪謝與他列祖同睡之後，亞撒利雅收回以拉他仍歸猶大，又重新修理。|zh
769|14|22|22|He was the builder of Elath, which he got back for Judah after the death of the king.|en
770|14|23|23|猶大王約阿施的兒子亞瑪謝十五年，以色列王約阿施的兒子耶羅波安在撒瑪利亞登基，作王四十一年。|zh
771|14|23|23|In the fifteenth year of the rule of Amaziah, son of Joash, king of Judah, Jeroboam, the son of Joash, king of Israel, became king in Samaria, ruling for forty-one years.|en
772|14|24|24|他行耶和華眼中看為惡的事，不離開尼八的兒子耶羅波安使以色列人陷在罪裡的一切罪。|zh
773|14|24|24|He did evil in the eyes of the Lord, not turning away from the sin which Jeroboam, the son of Nebat, did and made Israel do.|en
774|14|25|25|他收回以色列邊界之地，從哈馬口直到亞拉巴海，正如耶和華─以色列的神藉他僕人迦特希弗人亞米太的兒子先知約拿所說的。|zh
775|14|25|25|He got back the old limits of Israel from the way into Hamath to the sea of the Arabah, as the Lord had said by his servant Jonah, the son of Amittai, the prophet of Gath-hepher.|en
776|14|26|26|因為耶和華看見以色列人甚是艱苦，無論困住的、自由的都沒有了，也無人幫助以色列人。|zh
777|14|26|26|For the Lord saw how bitter was the trouble of Israel, and that everyone was cut off, he who was shut up and he who went free, and that Israel had no helper.|en
778|14|27|27|耶和華並沒有說要將以色列的名從天下塗抹，乃藉約阿施的兒子耶羅波安拯救他們。|zh
779|14|27|27|And the Lord had not said that the name of Israel was to be taken away from the earth; but he gave them a saviour in Jeroboam, the son of Joash.|en
780|14|28|28|耶羅波安其餘的事，凡他所行的和他的勇力，他怎樣爭戰，怎樣收回大馬色和先前屬猶大的哈馬歸以色列，都寫在以色列諸王記上。|zh
781|14|28|28|Now the rest of the acts of Jeroboam, and all he did, and his power, and how he went to war with Damascus, causing the wrath of the Lord to be turned away from Israel, are they not recorded in the book of the history of the kings of Israel?|en
782|14|29|29|耶羅波安與他列祖以色列諸王同睡。他兒子撒迦利雅接續他作王。|zh
783|14|29|29|And Jeroboam went to rest with his fathers, and was put into the earth with the kings of Israel; and Zechariah his son became king in his place.|en
784|15|1|1|以色列王耶羅波安二十七年，猶大王亞瑪謝的兒子亞撒利雅登基，|zh
785|15|1|1|In the twenty-seventh year of the rule of Jeroboam, king of Israel, Azariah, son of Amaziah, became king of Judah.|en
786|15|2|2|他登基的時候年十六歲，在耶路撒冷作王五十二年。他母親名叫耶可利雅，是耶路撒冷人。|zh
787|15|2|2|He was sixteen years old when he became king, and he was ruling in Jerusalem for fifty-two years; his mother's name was Jecoliah of Jerusalem.|en
788|15|3|3|亞撒利雅行耶和華眼中看為正的事，效法他父親亞瑪謝一切所行的；|zh
789|15|3|3|And he did what was right in the eyes of the Lord, as his father Amaziah had done.|en
790|15|4|4|只是邱壇還沒有廢去，百姓仍在那裡獻祭燒香。|zh
791|15|4|4|But he did not take away the high places, and the people still went on making offerings and burning them in the high places.|en
792|15|5|5|耶和華降災與王，使他長大痲瘋，直到死日，他就住在別的宮裡。他的兒子約坦管理家事，治理國民。|zh
793|15|5|5|And the Lord sent disease on the king and he became a leper, and to the day of his death he was living separately in his private house. And Jotham his son was over his house, judging the people of the land.|en
794|15|6|6|亞撒利雅其餘的事，凡他所行的都寫在猶大列王記上。|zh
795|15|6|6|Now the rest of the acts of Azariah, and all he did, are they not recorded in the book of the history of the kings of Judah?|en
796|15|7|7|亞撒利雅與他列祖同睡，葬在大衛城他列祖的墳地裡。他兒子約坦接續他作王。|zh
797|15|7|7|And Azariah went to rest with his fathers and was put into the earth with his fathers in the town of David; and Jotham his son became king in his place.|en
798|15|8|8|猶大王亞撒利雅三十八年，耶羅波安的兒子撒迦利雅在撒瑪利亞作以色列王六個月。|zh
799|15|8|8|In the thirty-eighth year of Azaliah, king of Judah, Zechariah, son of Jeroboam, was king over Israel for six months.|en
800|15|9|9|他行耶和華眼中看為惡的事，效法他列祖所行的，不離開尼八的兒子耶羅波安使以色列人陷在罪裡的那罪。|zh
801|15|9|9|And he did evil in the eyes of the Lord, as his father had done, not turning away from the sin which Jeroboam, the son of Nebat, did and made Israel do.|en
802|15|10|10|雅比的兒子沙龍背叛他，在百姓面前擊殺他，篡了他的位。|zh
803|15|10|10|And Shallum, the son of Jabesh, made a secret design against him, and, attacking him in Ibleam, put him to death and became king in his place.|en
804|15|11|11|撒迦利雅其餘的事都寫在以色列諸王記上。|zh
805|15|11|11|Now the rest of the acts of Zechariah are recorded in the book of the history of the kings of Israel.|en
806|15|12|12|這是從前耶和華應許耶戶說：你的子孫必坐以色列的國位直到四代。這話果然應驗了。|zh
807|15|12|12|This was what the Lord had said to Jehu, Your sons to the fourth generation will be kings of Israel. And so it came about.|en
808|15|13|13|猶大王烏西雅(就是亞撒利雅)三十九年，雅比的兒子沙龍登基在撒瑪利亞作王一個月。|zh
809|15|13|13|Shallum, the son of Jabesh, became king in the thirty-ninth year of Uzziah, king of Judah; and he was ruling in Samaria for the space of one month.|en
810|15|14|14|迦底的兒子米拿現從得撒上撒瑪利亞，殺了雅比的兒子沙龍，篡了他的位。|zh
811|15|14|14|Then Menahem, the son of Gadi, went up from Tirzah and came to Samaria, and attacking Shallum, son of Jabesh, in Samaria, put him to death and made himself king in his place.|en
812|15|15|15|沙龍其餘的事和他背叛的情形都寫在以色列諸王記上。|zh
813|15|15|15|Now the rest of the acts of Shallum, and the secret design which he made, are recorded in the book of the history of the kings of Israel.|en
814|15|16|16|那時米拿現從得撒起攻打提斐薩和其四境，擊殺城中一切的人，剖開其中所有的孕婦，都因他們沒有給他開城。|zh
815|15|16|16|Then Menahem sent destruction on Tappuah and all the people in it, and its limits, from Tirzah, because they would not let him come in; and he had all the women who were with child cut open.|en
816|15|17|17|猶大王亞撒利雅三十九年，迦底的兒子米拿現登基，在撒瑪利亞作以色列王十年。|zh
817|15|17|17|In the thirty-ninth year of Azariah, king of Judah, Menahem, the son of Gadi, became king over Israel, and was ruling in Samaria for ten years.|en
818|15|18|18|他行耶和華眼中看為惡的事，終身不離開尼八的兒子耶羅波安使以色列人陷在罪裡的那罪。|zh
819|15|18|18|He did evil in the eyes of the Lord; he did not keep himself from the sin which Jeroboam, the son of Nebat, did and made Israel do.|en
820|15|19|19|亞述王普勒來攻擊以色列國，米拿現給他一千他連得銀子，請普勒幫助他堅定國位。|zh
821|15|19|19|In his day, Pul, the king of Assyria, came up against the land; and Menahem gave Pul a thousand talents of silver so that he might let him keep the kingdom.|en
822|15|20|20|米拿現向以色列一切大富戶索要銀子，使他們各出五十舍客勒，就給了亞述王。於是亞述王回去，不在國中停留。|zh
823|15|20|20|And Menahem got the money from Israel, from all the men of wealth, fifty silver shekels from every man, to give to the king of Assyria. So the king of Assyria went back without stopping in the land.|en
824|15|21|21|米拿現其餘的事，凡他所行的都寫在以色列諸王記上。|zh
825|15|21|21|Now the rest of the acts of Menahem, and all he did, are they not recorded in the book of the history of the kings of Israel?|en
826|15|22|22|米拿現與他列祖同睡。他兒子比加轄接續他作王。|zh
827|15|22|22|And Menahem went to rest with his fathers; and Pekahiah his son became king in his place.|en
828|15|23|23|猶大王亞撒利雅五十年，米拿現的兒子比加轄在撒瑪利亞登基作以色列王二年。|zh
829|15|23|23|In the fiftieth year of Azariah king of Judah, Pekahiah, the son of Menahem, became king over Israel in Samaria, ruling for two years.|en
830|15|24|24|他行耶和華眼中看為惡的事，不離開尼八的兒子耶羅波安使以色列人陷在罪裡的那罪。|zh
831|15|24|24|He did evil in the eyes of the Lord, not turning from the sin which Jeroboam, the son of Nebat, did and made Israel do.|en
832|15|25|25|比加轄的將軍、利瑪利的兒子比加背叛他，在撒瑪利亞王宮裡的衛所殺了他。亞珥歌伯和亞利耶並基列的五十人幫助比加；比加擊殺他，篡了他的位。|zh
833|15|25|25|And Pekah, the son of Remaliah, his captain, made a secret design against him, attacking him in the king's great house in Samaria; and with him were fifty men of Gilead; and he put him to death and became king in his place.|en
834|15|26|26|比加轄其餘的事，凡他所行的都寫在以色列諸王記上。|zh
835|15|26|26|Now the rest of the acts of Pekahiah, and all he did, are recorded in the book of the history of the kings of Israel.|en
836|15|27|27|猶大王亞撒利雅五十二年，利瑪利的兒子比加在撒瑪利亞登基作以色列王二十年。|zh
837|15|27|27|In the fifty-second year of Azariah, king of Judah, Pekah, the son of Remaliah, became king over Israel in Samaria, ruling for twenty years.|en
838|15|28|28|他行耶和華眼中看為惡的事，不離開尼八的兒子耶羅波安使以色列人陷在罪裡的那罪。|zh
839|15|28|28|He did evil in the eyes of the Lord, not turning from the sin which Jeroboam, the son of Nebat, did and made Israel do.|en
840|15|29|29|以色列王比加年間，亞述王提革拉毗列色來奪了以雲、亞伯伯瑪迦、亞挪、基低斯、夏瑣、基列、加利利，和拿弗他利全地，將這些地方的居民都擄到亞述去了。|zh
841|15|29|29|In the days of Pekah, king of Israel, Tiglath-pileser, king of Assyria, came and took Ijon and Abel-beth-maacah and Janoah and Kedesh and Hazor and Gilead and Galilee and all the land of Naphtali; and he took the people away to Assyria.|en
842|15|30|30|烏西雅的兒子約坦二十年，以拉的兒子何細亞背叛利瑪利的兒子比加，擊殺他，篡了他的位。|zh
843|15|30|30|And Hoshea, the son of Elah, made a secret design against Pekah, the son of Remaliah, and, attacking him, put him to death and became king in his place, in the twentieth year of Jotham, the son of Uzziah.|en
844|15|31|31|比加其餘的事，凡他所行的都寫在以色列諸王記上。|zh
845|15|31|31|Now the rest of the acts of Pekah, and all he did, are recorded in the book of the history of the kings of Israel.|en
846|15|32|32|以色列王利瑪利的兒子比加第二年，猶大王烏西雅的兒子約坦登基。|zh
847|15|32|32|In the second year of Pekah, the son of Remaliah, king of Israel, Jotham, the son of Uzziah, became king of Judah.|en
848|15|33|33|他登基的時候年二十五歲，在耶路撒冷作王十六年。他母親名叫耶路沙，是撒督的女兒。|zh
849|15|33|33|He was twenty-five years old when he became king, and he was ruling for sixteen years in Jerusalem; and his mother's name was Jerusha, the daughter of Zadok.|en
850|15|34|34|約坦行耶和華眼中看為正的事，效法他父親烏西雅一切所行的；|zh
851|15|34|34|And he did what was right in the eyes of the Lord, as his father Uzziah had done.|en
852|15|35|35|只是邱壇還沒有廢去，百姓仍在那裡獻祭燒香。約坦建立耶和華殿的上門。|zh
853|15|35|35|But he did not take away the high places, and the people still went on making offerings and burning them in the high places. He was the builder of the higher doorway of the house of the Lord.|en
854|15|36|36|約坦其餘的事，凡他所行的都寫在猶大列王記上。|zh
855|15|36|36|Now the rest of the acts of Jotham, and all he did, are they not recorded in the book of the history of the kings of Judah?|en
856|15|37|37|在那些日子，耶和華才使亞蘭王利汛和利瑪利的兒子比加去攻擊猶大。|zh
857|15|37|37|In those days the Lord first sent against Judah, Rezin, the king of Aram, and Pekah, the son of Remaliah.|en
858|15|38|38|約坦與他列祖同睡，葬在他祖大衛城他列祖的墳地裡。他兒子亞哈斯接續他作王。|zh
859|15|38|38|And Jotham went to rest with his fathers, and was put into the earth in the town of David his father; and Ahaz his son became king in his place.|en
860|16|1|1|利瑪利的兒子比加十七年，猶大王約坦的兒子亞哈斯登基。|zh
861|16|1|1|In the seventeenth year of Pekah, the son of Remaliah, Ahaz, the son of Jotham, became king of Judah.|en
862|16|2|2|他登基的時候年二十歲，在耶路撒冷作王十六年；不像他祖大衛行耶和華─他神眼中看為正的事，|zh
863|16|2|2|Ahaz was twenty years old when he became king; he was ruling for sixteen years in Jerusalem. He did not do what was right in the eyes of the Lord his God, as David his father did.|en
864|16|3|3|卻效法以色列諸王所行的，又照著耶和華從以色列人面前趕出的外邦人所行可憎的事，使他的兒子經火，|zh
865|16|3|3|But he went in the ways of the kings of Israel, and even made his son go through the fire, copying the disgusting ways of the nations whom the Lord had sent out of the land before the children of Israel.|en
866|16|4|4|並在邱壇上、山岡上、各青翠樹下獻祭燒香。|zh
867|16|4|4|And he made offerings, burning them in the high places and on the hills and under every green tree.|en
868|16|5|5|亞蘭王利汛和以色列王利瑪利的兒子比加上來攻打耶路撒冷，圍困亞哈斯，卻不能勝他。|zh
869|16|5|5|Then Rezin, king of Aram, and Pekah, son of Remaliah, king of Israel, came up to Jerusalem to make war; and they made an attack on Ahaz, shutting him in, but were not able to overcome him.|en
870|16|6|6|當時亞蘭王利汛收回以拉他歸與亞蘭，將猶大人從以拉他趕出去。亞蘭人(有作以東人的)就來到以拉他，住在那裡，直到今日。|zh
871|16|6|6|At that time the king of Edom got Elath back for Edom, and sent the Jews out of Elath; and the Edomites came back to Elath where they are living to this day.|en
872|16|7|7|亞哈斯差遣使者去見亞述王提革拉毗列色，說：我是你的僕人、你的兒子。現在亞蘭王和以色列王攻擊我，求你來救我脫離他們的手。|zh
873|16|7|7|So Ahaz sent representatives to Tiglath-pileser, king of Assyria, saying, I am your servant and your son; come to my help against the kings of Aram and Israel who have taken up arms against me.|en
874|16|8|8|亞哈斯將耶和華殿裡和王宮府庫裡所有的金銀都送給亞述王為禮物。|zh
875|16|8|8|And Ahaz took the silver and gold which were in the house of the Lord and in the king's store-house, and sent them as an offering to the king of Assyria.|en
876|16|9|9|亞述王應允了他，就上去攻打大馬色，將城攻取，殺了利汛，把居民擄到吉珥。|zh
877|16|9|9|And the king of Assyria, in answer to his request, went up against Damascus and took it, and took its people away as prisoners to Kir, and put Rezin to death.|en
878|16|10|10|亞哈斯王上大馬色去迎接亞述王提革拉毗列色，在大馬色看見一座壇，就照壇的規模樣式作法畫了圖樣，送到祭司烏利亞那裡。|zh
879|16|10|10|Then King Ahaz went to Damascus for a meeting with Tiglath-pileser, king of Assyria; and there he saw the altar which was at Damascus; and King Ahaz sent to Urijah the priest a copy of the altar, giving the design of it and all the details of its structure.|en
880|16|11|11|祭司烏利亞照著亞哈斯王從大馬色送來的圖樣，在亞哈斯王沒有從大馬色回來之先，建築一座壇。|zh
881|16|11|11|And from the copy King Ahaz sent from Damascus, Urijah made an altar and had it ready by the time King Ahaz came back from Damascus.|en
882|16|12|12|王從大馬色回來看見壇，就近前來，在壇上獻祭；|zh
883|16|12|12|And when the king came from Damascus, he saw the altar; and he went up on it and made an offering on it.|en
884|16|13|13|燒燔祭、素祭、澆奠祭，將平安祭牲的血灑在壇上，|zh
885|16|13|13|He made his burned offering and his meal offering and his drink offering there, draining out the blood of his peace-offerings on the altar.|en
886|16|14|14|又將耶和華面前的銅壇從耶和華殿和新壇的中間搬到新壇的北邊。|zh
887|16|14|14|And the brass altar, which was before the Lord, he took from the front of the house, from between his altar and the house of the Lord, and put it on the north side of his altar.|en
888|16|15|15|亞哈斯王吩咐祭司烏利亞說：早晨的燔祭、晚上的素祭，王的燔祭、素祭，國內眾民的燔祭、素祭、奠祭都要燒在大壇上。燔祭牲和平安祭牲的血也要灑在這壇上，只是銅壇我要用以求問耶和華。|zh
889|16|15|15|And King Ahaz gave orders to Urijah the priest, saying, Make the morning burned offering and the evening meal offering and the king's burned offering and meal offering, with the burned offerings of all the people and their meal offerings and drink offerings, on the great altar, and put on it all the blood of the burned offerings and of the beasts which are offered; but the brass altar will be for my use to get directions from the Lord.|en
890|16|16|16|祭司烏利亞就照著亞哈斯王所吩咐的行了。|zh
891|16|16|16|So Urijah the priest did everything as the king said|en
892|16|17|17|亞哈斯王打掉盆座四面鑲著的心子，把盆從座上挪下來，又將銅海從馱海的銅牛上搬下來，放在鋪石地；|zh
893|16|17|17|And King Ahaz took off the sides of the wheeled bases, and took down the great water-vessel from off the brass oxen which were under it and put it on a floor of stone.|en
894|16|18|18|又因亞述王的緣故，將耶和華殿為安息日所蓋的廊子和王從外入殿的廊子挪移，圍繞耶和華的殿。|zh
895|16|18|18|*** the house of the Lord, because of the king of Assyria.|en
896|16|19|19|亞哈斯其餘所行的事都寫在猶大列王記上。|zh
897|16|19|19|Now the rest of the things which Ahaz did, are they not recorded in the book of the history of the kings of Judah?|en
898|16|20|20|亞哈斯與他列祖同睡，葬在大衛城他列祖的墳地裡。他兒子希西家接續他作王。|zh
899|16|20|20|And Ahaz went to rest with his fathers, and was put into the earth with his fathers in the town of David; and Hezekiah his son became king in his place.|en
900|17|1|1|猶大王亞哈斯十二年，以拉的兒子何細亞在撒瑪利亞登基作以色列王九年。|zh
901|17|1|1|In the twelfth year of Ahaz, king of Judah, Hoshea, the son of Elah, became king over Israel in Samaria, ruling for nine years.|en
902|17|2|2|他行耶和華眼中看為惡的事，只是不像在他以前的以色列諸王。|zh
903|17|2|2|He did evil in the eyes of the Lord, though not like the kings of Israel before him.|en
904|17|3|3|亞述王撒縵以色上來攻擊何細亞，何細亞就服事他，給他進貢。|zh
905|17|3|3|Against him came up Shalmaneser, king of Assyria, and Hoshea became his servant and sent him offerings.|en
906|17|4|4|何細亞背叛，差人去見埃及王梭，不照往年所行的與亞述王進貢。亞述王知道了，就把他鎖禁，囚在監裡。|zh
907|17|4|4|But Hoshea's broken faith became clear to the king of Assyria because he had sent representatives to So, king of Egypt, and did not send his offering to the king of Assyria, as he had done year by year: so the king of Assyria had him shut up in prison and put in chains.|en
908|17|5|5|亞述王上來攻擊以色列遍地，上到撒瑪利亞，圍困三年。|zh
909|17|5|5|Then the king of Assyria went through all the land and came up to Samaria, shutting it in with his forces for three years.|en
910|17|6|6|何細亞第九年亞述王攻取了撒瑪利亞，將以色列人擄到亞述，把他們安置在哈臘與歌散的哈博河邊，並瑪代人的城邑。|zh
911|17|6|6|In the ninth year of Hoshea, the king of Assyria took Samaria, and took Israel away to Assyria, placing them in Halah and in Habor on the river Gozan, and in the towns of the Medes.|en
912|17|7|7|這是因以色列人得罪那領他們出埃及地、脫離埃及王法老手的耶和華─他們的神，去敬畏別　神，|zh
913|17|7|7|And the wrath of the Lord came on Israel because they had done evil against the Lord their God, who took them out of the land of Egypt from under the yoke of Pharaoh, king of Egypt, and had become worshippers of other gods,|en
914|17|8|8|隨從耶和華在他們面前所趕出外邦人的風俗和以色列諸王所立的條規。|zh
915|17|8|8|Living by the rules of the nations whom the Lord had sent out from before the children of Israel.|en
916|17|9|9|以色列人暗中行不正的事，違背耶和華─他們的神，在他們所有的城邑，從瞭望樓直到堅固城，建築邱壇；|zh
917|17|9|9|And the children of Israel did secretly against the Lord their God things which were not right, building high places for themselves in all their towns, from the tower of the watchmen to the walled town.|en
918|17|10|10|在各高岡上、各青翠樹下立柱像和木偶；|zh
919|17|10|10|They put up pillars of stone and wood on every high hill and under every green tree:|en
920|17|11|11|在邱壇上燒香，效法耶和華在他們面前趕出的外邦人所行的，又行惡事惹動耶和華的怒氣；|zh
921|17|11|11|Burning their offerings in all the high places, as those nations did whom the Lord sent away from before them; they did evil things, moving the Lord to wrath;|en
922|17|12|12|且事奉偶像，就是耶和華警戒他們不可行的。|zh
923|17|12|12|And they made themselves servants of disgusting things, though the Lord had said, You are not to do this.|en
924|17|13|13|但耶和華藉眾先知、先見勸戒以色列人和猶大人說：當離開你們的惡行，謹守我的誡命律例，遵行我吩咐你們列祖，並藉我僕人眾先知所傳給你們的律法。|zh
925|17|13|13|And he gave witness to Israel and Judah, by every prophet and seer, saying, Come back from your evil ways, and do my orders and keep my rules, and be guided by the law which I gave to your fathers and sent to you by my servants the prophets.|en
926|17|14|14|他們卻不聽從，竟硬著頸項，效法他們列祖，不信服耶和華─他們的神，|zh
927|17|14|14|And they did not give ear, but became stiff-necked, like their fathers who had no faith in the Lord their God.|en
928|17|15|15|厭棄他的律例和他與他們列祖所立的約，並勸戒他們的話，隨從虛無的神，自己成為虛妄，效法周圍的外邦人，就是耶和華囑咐他們不可效法的；|zh
929|17|15|15|And they went against his rules, and the agreement which he made with their fathers, and his laws which he gave them; they gave themselves up to things without sense or value, and became foolish like the nations round them, of whom the Lord had said, Do not as they do.|en
930|17|16|16|離棄耶和華─他們神的一切誡命，為自己鑄了兩個牛犢的像，立了亞舍拉，敬拜天上的萬象，事奉巴力，|zh
931|17|16|16|And turning their backs on all the orders which the Lord had given them, they made for themselves images of metal, and the image of Asherah, worshipping all the stars of heaven and becoming servants to Baal.|en
932|17|17|17|又使他們的兒女經火，用占卜，行法術賣了自己，行耶和華眼中看為惡的事，惹動他的怒氣。|zh
933|17|17|17|And they made their sons and their daughters go through the fire, and they made use of secret arts and unnatural powers, and gave themselves up to doing evil in the eyes of the Lord, till he was moved to wrath.|en
934|17|18|18|所以耶和華向以色列人大大發怒，從自己面前趕出他們，只剩下猶大一個支派。|zh
935|17|18|18|So the Lord was very angry with Israel, and his face was turned away from them: only the tribe of Judah kept its place.|en
936|17|19|19|猶大人也不遵守耶和華─他們神的誡命，隨從以色列人所立的條規。|zh
937|17|19|19|(But even Judah did not keep the orders of the Lord their God, but were guided by the rules which Israel had made.|en
938|17|20|20|耶和華就厭棄以色列全族，使他們受苦，把他們交在搶奪他們的人手中，以致趕出他們離開自己面前，|zh
939|17|20|20|So the Lord would have nothing to do with all the offspring of Israel, and sent trouble on them, and gave them up into the hands of their attackers, till he had sent them away from before his face.)|en
940|17|21|21|將以色列國從大衛家奪回；他們就立尼八的兒子耶羅波安作王。耶羅波安引誘以色列人不隨從耶和華，陷在大罪裡。|zh
941|17|21|21|For Israel was broken off from the family of David, and they made Jeroboam, the son of Nebat, king, who, driving them away from the laws of the Lord, made them do a great sin.|en
942|17|22|22|以色列人犯耶羅波安所犯的一切罪，總不離開，|zh
943|17|22|22|And the children of Israel went on with all the sins which Jeroboam did; they did not keep themselves from them;|en
944|17|23|23|以致耶和華從自己面前趕出他們，正如藉他僕人眾先知所說的。這樣，以色列人從本地被擄到亞述，直到今日。|zh
945|17|23|23|Till the Lord put Israel away from before his face, as he had said by all his servants the prophets. So Israel was taken away from their land to Assyria, to this day.|en
946|17|24|24|亞述王從巴比倫、古他、亞瓦、哈馬，和西法瓦音遷移人來，安置在撒瑪利亞的城邑，代替以色列人；他們就得了撒瑪利亞，住在其中。|zh
947|17|24|24|Then the king of Assyria took men from Babylon and from Cuthah and Avva and Hamath and Sepharvaim, and put them in the towns of Samaria in place of the children of Israel; so they got Samaria for their heritage, living in its towns.|en
948|17|25|25|他們才住那裡的時候，不敬畏耶和華，所以耶和華叫獅子進入他們中間，咬死了些人。|zh
949|17|25|25|Now when first they were living there they did not give worship to the Lord. So the Lord sent lions among them, causing the death of some of them.|en
950|17|26|26|有人告訴亞述王說：你所遷移安置在撒瑪利亞各城的那些民，不知道那地之神的規矩，所以那　神叫獅子進入他們中間，咬死他們。|zh
951|17|26|26|So they said to the king of Assyria, The nations whom you have taken as prisoners and put in the towns of Samaria, have no knowledge of the way of the god of the land: so he has sent lions among them, causing their death, because they have no knowledge of his way.|en
952|17|27|27|亞述王就吩咐說：叫所擄來的祭司回去一個，使他住在那裡，將那地之神的規矩指教那些民。|zh
953|17|27|27|Then the king of Assyria gave orders, saying, Send there one of the priests whom you took away, and let him be living there and teaching the people the way of the god of the land.|en
954|17|28|28|於是有一個從撒瑪利亞擄去的祭司回來，住在伯特利，指教他們怎樣敬畏耶和華。|zh
955|17|28|28|So one of the priests whom they had taken away as a prisoner from Samaria came back, and, living in Beth-el, became their teacher in the worship of the Lord.|en
956|17|29|29|然而，各族之人在所住的城裡各為自己製造神像，安置在撒瑪利亞人所造有邱壇的殿中。|zh
957|17|29|29|And every nation made gods for themselves, and put them in the houses of the high places which the Samaritans had made, every nation in the towns where they were living.|en
958|17|30|30|巴比倫人造疏割•比訥像；古他人造匿甲像；哈馬人造亞示瑪像；|zh
959|17|30|30|The men of Babylon made Succoth-benoth, and the men of Cuth made Nergal, and the men of Hamath made Ashima,|en
960|17|31|31|亞瓦人造匿哈和他珥他像；西法瓦音人用火焚燒兒女，獻給西法瓦音的神亞得米勒和亞拿米勒。|zh
961|17|31|31|The Avvites made Nibhaz and Tartak, and the Sepharvites gave their children to be burned in the fire to Adrammelech and Anammelech, the gods of Sepharvaim.|en
962|17|32|32|他們懼怕耶和華，也從他們中間立邱壇的祭司，為他們在有邱壇的殿中獻祭。|zh
963|17|32|32|So they went on worshipping the Lord, and made for themselves, from among all the people, priests for the high places, to make offerings for them in the houses of the high places.|en
964|17|33|33|他們又懼怕耶和華，又事奉自己的神，從何邦遷移，就隨何邦的風俗。|zh
965|17|33|33|They gave worship to the Lord, but they gave honour to their gods like the nations did from whom they had been taken as prisoners.|en
966|17|34|34|他們直到如今仍照先前的風俗去行，不專心敬畏耶和華，不全守自己的規矩、典章，也不遵守耶和華吩咐雅各後裔的律法、誡命。〈雅各，就是從前耶和華起名叫以色列的。〉|zh
967|17|34|34|So to this day they go on in their old ways, not worshipping the Lord or keeping his orders or his ways or the law and the rule which the Lord gave to the children of Jacob, to whom he gave the name Israel;|en
968|17|35|35|耶和華曾與他們立約，囑咐他們說：不可敬畏別神，不可跪拜事奉他，也不可向他獻祭。|zh
969|17|35|35|And the Lord made an agreement with them and gave them orders, saying, You are to have no other gods; you are not to give worship to them or be their servants or make them offerings:|en
970|17|36|36|但那用大能和伸出來的膀臂領你們出埃及地的耶和華，你們當敬畏，跪拜，向他獻祭。|zh
971|17|36|36|But the Lord, who took you out of the land of Egypt with his great power and his outstretched arm, he is your God, to whom you are to give worship and make offerings:|en
972|17|37|37|他給你們寫的律例、典章、律法、誡命，你們應當永遠謹守遵行，不可敬畏別神。|zh
973|17|37|37|And the rules and the orders and the law which he put in writing for you, you are to keep and do for ever; you are to have no other gods.|en
974|17|38|38|我─耶和華與你們所立的約你們不可忘記，也不可敬畏別神。|zh
975|17|38|38|And you are to keep in memory the agreement which I have made with you; and you are to have no other gods.|en
976|17|39|39|但要敬畏耶和華─你們的神，他必救你們脫離一切仇敵的手。|zh
977|17|39|39|And you are to give worship to the Lord your God; for it is he who will give you salvation from the hands of all who are against you.|en
978|17|40|40|他們卻不聽從，仍照先前的風俗去行。|zh
979|17|40|40|But they gave no attention, but went on in their old way.|en
980|17|41|41|如此這些民又懼怕耶和華，又事奉他們的偶像。他們子子孫孫也都照樣行，效法他們的祖宗，直到今日。|zh
981|17|41|41|So these nations, worshipping the Lord, still were servants to the images they had made; their children and their children's children did the same; as their fathers did, so do they, to this day.|en
982|18|1|1|以色列王以拉的兒子何細亞第三年，猶大王亞哈斯的兒子希西家登基。|zh
983|18|1|1|Now in the third year of Hoshea, son of Elah, king of Israel, Hezekiah, the son of Ahaz, became king of Judah.|en
984|18|2|2|他登基的時候年二十五歲，在耶路撒冷作王二十九年。他母親名叫亞比，是撒迦利雅的女兒。|zh
985|18|2|2|He was twenty-five years old when he became king, ruling in Jerusalem for twenty-nine years; his mother's name was Abi, the daughter of Zechariah.|en
986|18|3|3|希西家行耶和華眼中看為正的事，效法他祖大衛一切所行的。|zh
987|18|3|3|He did what was right in the eyes of the Lord as David his father had done.|en
988|18|4|4|他廢去邱壇，毀壞柱像，砍下木偶，打碎摩西所造的銅蛇，因為到那時以色列人仍向銅蛇燒香。希西家叫銅蛇為銅塊(或作人稱銅蛇為銅像)。|zh
989|18|4|4|He had the high places taken away, and the stone pillars broken to bits, and the Asherah cut down; and the brass snake which Moses had made was crushed to powder at his order, because in those days the children of Israel had offerings burned before it, and he gave it the name Nehushtan.|en
990|18|5|5|希西家倚靠耶和華─以色列的神，在他前後的猶大列王中沒有一個及他的。|zh
991|18|5|5|He had faith in the Lord, the God of Israel; so that there was no one like him among all the kings of Judah who were before him.|en
992|18|6|6|因為他專靠耶和華，總不離開，謹守耶和華所吩咐摩西的誡命。|zh
993|18|6|6|For his heart was fixed on the Lord, not turning from his ways, and he did his orders which the Lord gave to Moses.|en
994|18|7|7|耶和華與他同在，他無論往何處去盡都亨通。他背叛、不肯事奉亞述王。|zh
995|18|7|7|And the Lord was with him; he did well in all his undertakings: and he took up arms against the king of Assyria and was his servant no longer.|en
996|18|8|8|希西家攻擊非利士人，直到迦薩，並迦薩的四境，從瞭望樓到堅固城。|zh
997|18|8|8|He overcame the Philistines as far as Gaza and its limits, from the tower of the watchman to the walled town.|en
998|18|9|9|希西家王第四年，就是以色列王以拉的兒子何細亞第七年，亞述王撒縵以色上來圍困撒瑪利亞；|zh
999|18|9|9|Now in the fourth year of King Hezekiah, which was the seventh year of Hoshea, son of Elah, king of Israel, Shalmaneser, king of Assyria, came up against Samaria, shutting it in with his armies.|en
1000|18|10|10|過了三年就攻取了城。希西家第六年，以色列王何細亞第九年，撒瑪利亞被攻取了。|zh
1001|18|10|10|And at the end of three years they took it; in the sixth year of Hezekiah's rule, which was the ninth year of Hoshea, king of Israel, Samaria was taken.|en
1002|18|11|11|亞述王將以色列人擄到亞述，把他們安置在哈臘與歌散的哈博河邊，並瑪代人的城邑；|zh
1003|18|11|11|And the king of Assyria took Israel away as prisoners into Assyria, placing them in Halah and in Habor on the river Gozan, and in the towns of the Medes;|en
1004|18|12|12|都因他們不聽從耶和華─他們神的話，違背他的約，就是耶和華僕人摩西吩咐他們所當守的。|zh
1005|18|12|12|Because they did not give ear to the voice of the Lord their God, but went against his agreement, even against everything ordered by Moses, the servant of the Lord, and they did not give ear to it or do it.|en
1006|18|13|13|希西家王十四年，亞述王西拿基立上來攻擊猶大的一切堅固城，將城攻取。|zh
1007|18|13|13|Now in the fourteenth year of king Hezekiah, Sennacherib, king of Assyria, came up against all the walled towns of Judah and took them.|en
1008|18|14|14|猶大王希西家差人往拉吉去見亞述王，說：我有罪了，求你離開我；凡你罰我的，我必承當。於是亞述王罰猶大王希西家銀子三百他連得，金子三十他連得。|zh
1009|18|14|14|And Hezekiah, king of Judah, sent to Lachish, to the king of Assyria, saying, I have done wrong; give up attacking me, and whatever you put on me I will undergo. And the payment he was to make was fixed by the king of Assyria at three hundred talents of silver and thirty talents of gold.|en
1010|18|15|15|希西家就把耶和華殿裡和王宮府庫裡所有的銀子都給了他。|zh
1011|18|15|15|So Hezekiah gave him all the silver in the house of the Lord, and in the king's store-house.|en
1012|18|16|16|那時，猶大王希西家將耶和華殿門上的金子和他自己包在柱上的金子都刮下來，給了亞述王。|zh
1013|18|16|16|And at that time Hezekiah had the gold from the doors of the Lord's house, and from the door-pillars plated by him, cut off and gave it to the king of Assyria.|en
1014|18|17|17|亞述王從拉吉差遣他珥探、拉伯撒利，和拉伯沙基率領大軍往耶路撒冷，到希西家王那裡去。他們上到耶路撒冷，就站在上池的水溝旁，在漂布地的大路上。|zh
1015|18|17|17|Then the king of Assyria sent the Tartan and the Rab-saris and the Rab-shakeh from Lachish to Jerusalem, to King Hezekiah, with a strong force. And they went up and came to Jerusalem, and took up their position by the stream of the higher pool, by the highway of the washerman's field.|en
1016|18|18|18|他們呼叫王的時候，就有希勒家的兒子家宰以利亞敬，並書記舍伯那和亞薩的兒子史官約亞，出來見他們。|zh
1017|18|18|18|And they sent for the king, and Eliakim, the son of Hilkiah, who was over the house, and Shebna the scribe, and Joah, the son of Asaph, the recorder, came out to them.|en
1018|18|19|19|拉伯沙基說：你們去告訴希西家說，亞述大王如此說：你所倚靠的有甚麼可仗賴的呢？|zh
1019|18|19|19|And the Rab-shakeh said to them, Say now to Hezekiah, These are the words of the great king, the king of Assyria: In what are you placing your hope?|en
1020|18|20|20|你說有打仗的計謀和能力，我看不過是虛話。你到底倚靠誰才背叛我呢？|zh
1021|18|20|20|You say you have a design, and strength for war, but these are only words. Now to whom are you looking for support, that you have gone against my authority?|en
1022|18|21|21|看哪，你所倚靠的埃及是那壓傷的葦杖；人若靠這杖，就必刺透他的手。埃及王法老向一切倚靠他的人也是這樣。|zh
1023|18|21|21|See, now, you are basing your hope on that broken rod of Egypt, which will go through a man's hand if he makes use of it for a support; for so is Pharaoh, king of Egypt, to all who put their faith in him.|en
1024|18|22|22|你們若對我說：我們倚靠耶和華─我們的神，希西家豈不是將　神的邱壇和祭壇廢去，且對猶大和耶路撒冷的人說：你們當在耶路撒冷這壇前敬拜麼？|zh
1025|18|22|22|And if you say to me, Our hope is in the Lord our God: is it not he, whose high places and altars Hezekiah has taken away, saying to Judah and Jerusalem that worship may only be given before this altar in Jerusalem?|en
1026|18|23|23|現在你把當頭給我主亞述王，我給你二千匹馬，看你這一面騎馬的人夠不夠。|zh
1027|18|23|23|And now, take a chance with my master, the king of Assyria, and I will give you two thousand horses, if you are able to put horsemen on them.|en
1028|18|24|24|若不然，怎能打敗我主臣僕中最小的軍長呢？你竟倚靠埃及的戰車馬兵麼？|zh
1029|18|24|24|How then may you put to shame the least of my master's servants? and you have put your hope in Egypt for war-carriages and horsemen:|en
1030|18|25|25|現在我上來攻擊毀滅這地，豈沒有耶和華的意思麼？耶和華吩咐我說：你上去攻擊毀滅這地罷！|zh
1031|18|25|25|And have I now come up to send destruction on this place without the Lord's authority? It was the Lord himself who said to me, Go up against this land and make it waste.|en
1032|18|26|26|希勒家的兒子以利亞敬和舍伯那，並約亞，對拉伯沙基說：求你用亞蘭言語和僕人說話，因為我們懂得；不要用猶大言語和我們說話，達到城上百姓的耳中。|zh
1033|18|26|26|Then Eliakim, the son of Hilkiah, and Shebna and Joah said to the Rab-shakeh, Will you kindly make use of the Aramaean language in talking to your servants, for we are used to it, and do not make use of the Jews' language in the hearing of the people on the wall.|en
1034|18|27|27|拉伯沙基說：我主差遣我來，豈是單對你和你的主說這些話麼？不也是對這些坐在城上、要與你們一同吃自己糞、喝自己尿的人說麼？|zh
1035|18|27|27|But the Rab-shakeh said to them, Is it to your master or to you that my master has sent me to say these words? has he not sent me to the men seated on the wall? for they are the people who will be short of food with you when the town is shut in.|en
1036|18|28|28|於是拉伯沙基站著，用猶大言語大聲喊著說：你們當聽亞述大王的話！|zh
1037|18|28|28|Then the Rab-shakeh got up and said with a loud voice in the Jews' language, Give ear to the words of the great king, the king of Assyria;|en
1038|18|29|29|王如此說：你們不要被希西家欺哄了；因他不能救你們脫離我的手。|zh
1039|18|29|29|This is what the king says: Do not be tricked by Hezekiah, for there is no salvation for you in him.|en
1040|18|30|30|也不要聽希西家使你們倚靠耶和華，說耶和華必要拯救我們，這城必不交在亞述王的手中。|zh
1041|18|30|30|And do not let Hezekiah make you put your faith in the Lord, saying, The Lord will certainly keep us safe, and this town will not be given into the hands of the king of Assyria.|en
1042|18|31|31|不要聽希西家的話！因亞述王如此說：你們要與我和好，出來投降我，各人就可以吃自己葡萄樹和無花果樹的果子，喝自己井裡的水。|zh
1043|18|31|31|Do not give ear to Hezekiah, for this is what the king of Assyria says: Make peace with me and come out to me; and everyone will be free to take the fruit of his vine and of his fig-tree, and the water of his spring;|en
1044|18|32|32|等我來領你們到一個地方與你們本地一樣，就是有五穀和新酒之地，有糧食和葡萄園之地，有橄欖樹和蜂蜜之地，好使你們存活，不至於死。希西家勸導你們，說耶和華必拯救我們；你們不要聽他的話。|zh
1045|18|32|32|Till I come and take you away to a land like yours, a land of grain and wine, a land of bread and vine-gardens, a land of oil-giving olives and of honey, so that life and not death may be your fate. Give no attention to Hezekiah when he says to you, The Lord will keep us safe.|en
1046|18|33|33|列國的神有哪一個救他本國脫離亞述王的手呢？|zh
1047|18|33|33|Has any one of the gods of the nations kept his land from falling into the hands of the king of Assyria?|en
1048|18|34|34|哈馬、亞珥拔的神在哪裡呢？西法瓦音、希拿、以瓦的　神在哪裡呢？他們曾救撒瑪利亞脫離我的手麼？|zh
1049|18|34|34|Where are the gods of Hamath and of Arpad? where are the gods of Sepharvaim, of Hena and Ivvah? have they kept Samaria out of my hands?|en
1050|18|35|35|這些國的神有誰曾救自己的國脫離我的手呢？難道耶和華能救耶路撒冷脫離我的手麼？|zh
1051|18|35|35|Who among all the gods of these countries have kept their country from falling into my hands, to give cause for the thought that the Lord will keep Jerusalem from falling into my hands?|en
1052|18|36|36|百姓靜默不言，並不回答一句，因為王曾吩咐說：不要回答他。|zh
1053|18|36|36|But the people kept quiet and gave him no answer: for the king's order was, Give him no answer.|en
1054|18|37|37|當下，希勒家的兒子家宰以利亞敬和書記舍伯那，並亞薩的兒子史官約亞，都撕裂衣服，來到希西家那裡，將拉伯沙基的話告訴了他。|zh
1055|18|37|37|Then Eliakim, the son of Hilkiah, who was over the house, and Shebna the scribe, and Joah, the son of Asaph, the recorder, came to Hezekiah, with their clothing parted as a sign of grief, and gave him an account of what the Rab-shakeh had said.|en
1056|19|1|1|希西家王聽見，就撕裂衣服，披上麻布，進了耶和華的殿；|zh
1057|19|1|1|And on hearing it, King Hezekiah took off his robe, and put on haircloth, and went into the house of the Lord.|en
1058|19|2|2|使家宰以利亞敬和書記舍伯那，並祭司中的長老，都披上麻布，去見亞摩斯的兒子先知以賽亞，|zh
1059|19|2|2|And he sent Eliakim, who was over the house, and Shebna the scribe, and the chief priests, dressed in haircloth, to Isaiah the prophet, the son of Amoz.|en
1060|19|3|3|對他說：希西家如此說：今日是急難、責罰、凌辱的日子，就如婦人將要生產嬰孩，卻沒有力量生產。|zh
1061|19|3|3|And they said to him, Hezekiah says, This day is a day of trouble and punishment and shame; for the children are ready to come to birth, but there is no strength to give birth to them.|en
1062|19|4|4|或者耶和華─你的神聽見拉伯沙基的一切話，就是他主人亞述王打發他來辱罵永生　神的話，耶和華─你的　神聽見這話，就發斥責。故此，求你為餘剩的民揚聲禱告。|zh
1063|19|4|4|It may be that the Lord your God will give ear to the words of the Rab-shakeh, whom the king of Assyria, his master, sent to say evil things against the living God, and will make his words come to nothing: so then make your prayer for the rest of the people.|en
1064|19|5|5|希西家王的臣僕就去見以賽亞。|zh
1065|19|5|5|So the servants of King Hezekiah came to Isaiah.|en
1066|19|6|6|以賽亞對他們說：要這樣對你們的主人說，耶和華如此說：你聽見亞述王的僕人褻瀆我的話，不要懼怕。|zh
1067|19|6|6|And Isaiah said to them, This is what you are to say to your master: The Lord says, Be not troubled by the words which the servants of the king of Assyria have said against me in your hearing.|en
1068|19|7|7|我必驚動(原文作使靈進入)他的心，他要聽見風聲就歸回本地。我必使他在那裡倒在刀下。|zh
1069|19|7|7|See, I will put a spirit into him, and bad news will come to his ears, and he will go back to his land; and there I will have him put to death by the sword.|en
1070|19|8|8|拉伯沙基回去，正遇見亞述王攻打立拿，原來他早聽見亞述王拔營離開拉吉。|zh
1071|19|8|8|So the Rab-shakeh went back, and when he got there the king of Assyria was making war against Libnah, for it had come to his ears that he had gone away from Lachish.|en
1072|19|9|9|亞述王聽見人論古實王特哈加說：他出來要與你爭戰。於是亞述王又打發使者去見希西家，吩咐他們說：|zh
1073|19|9|9|And when news came to him that Tirhakah, king of Ethiopia, had made an attack on him, he sent representatives to Hezekiah again, saying,|en
1074|19|10|10|你們對猶大王希西家如此說：不要聽你所倚靠的神欺哄你，說耶路撒冷必不交在亞述王的手中。|zh
1075|19|10|10|This is what you are to say to Hezekiah, king of Judah: Let not your God, in whom is your faith, give you a false hope, saying, Jerusalem will not be given into the hands of the king of Assyria.|en
1076|19|11|11|你總聽說亞述諸王向列國所行的，乃是盡行滅絕，難道你還能得救麼？|zh
1077|19|11|11|No doubt the story has come to your ears of what the kings of Assyria have done to all lands, putting them to the curse; and will you be kept safe?|en
1078|19|12|12|我列祖所毀滅的，就是歌散、哈蘭、利色，和屬提•拉撒的伊甸人，這些國的神何曾拯救這些國呢？|zh
1079|19|12|12|Did the gods of the nations keep safe those on whom my fathers sent destruction, Gozan and Haran and Rezeph and the children of Eden who were in Telassar?|en
1080|19|13|13|哈馬的王、亞珥拔的王、西法瓦音城的王、希拿，和以瓦的王都在哪裡呢？|zh
1081|19|13|13|Where is the king of Hamath, and the king of Arpad, and the king of the town of Sepharvaim, of Hena and of Ivvah?|en
1082|19|14|14|希西家從使者手裡接過書信來，看完了，就上耶和華的殿，將書信在耶和華面前展開。|zh
1083|19|14|14|And Hezekiah took the letter from the hands of those who had come with it; and after reading it, Hezekiah went up to the house of the Lord, opening the letter there before the Lord.|en
1084|19|15|15|希西家向耶和華禱告說：坐在二基路伯上耶和華─以色列的神啊，你是天下萬國的　神，你曾創造天地。|zh
1085|19|15|15|And Hezekiah made his prayer to the Lord, saying, O Lord, the God of Israel, seated between the winged ones, you only are the God of all the kingdoms of the earth; you have made heaven and earth.|en
1086|19|16|16|耶和華啊，求你側耳而聽！耶和華啊，求你睜眼而看！要聽西拿基立打發使者來辱罵永生神的話。|zh
1087|19|16|16|Let your ear be turned to us, O Lord, and let your eyes be open, O Lord, and see; take note of all the words of Sennacherib who has sent men to say evil against the living God.|en
1088|19|17|17|耶和華啊，亞述諸王果然使列國和列國之地變為荒涼，|zh
1089|19|17|17|Truly, O Lord, the kings of Assyria have made waste the nations and their lands,|en
1090|19|18|18|將列國的神像都扔在火裡；因為他本不是　神，乃是人手所造的，是木頭石頭的，所以滅絕他。|zh
1091|19|18|18|And have given their gods to the fire; for they were no gods, but wood and stone, the work of men's hands; so they have given them to destruction.|en
1092|19|19|19|耶和華─我們的神啊，現在求你救我們脫離亞述王的手，使天下萬國都知道惟獨你─耶和華是　神！|zh
1093|19|19|19|But now, O Lord our God, give us salvation from his hands, so that it may be clear to all the kingdoms of the earth that you and only you, O Lord, are God.|en
1094|19|20|20|亞摩斯的兒子以賽亞就打發人去見希西家，說：耶和華─以色列的神如此說：你既然求我攻擊亞述王西拿基立，我已聽見了。|zh
1095|19|20|20|Then Isaiah, the son of Amoz, sent to Hezekiah, saying, The Lord, the God of Israel, says, The prayer which you have made to me against Sennacherib, king of Assyria, has come to my ears.|en
1096|19|21|21|耶和華論他這樣說：錫安的處女藐視你，嗤笑你；耶路撒冷的女子向你搖頭。|zh
1097|19|21|21|This is the word which the Lord has said about him: In the eyes of the virgin daughter of Zion you are shamed and laughed at; the daughter of Jerusalem has made sport of you.|en
1098|19|22|22|你辱罵誰？褻瀆誰？揚起聲來，高舉眼目攻擊誰呢？乃是攻擊以色列的聖者！|zh
1099|19|22|22|Against whom have you said evil and bitter things? against whom has your voice been loud and your eyes lifted up? even against the Holy One of Israel.|en
1100|19|23|23|你藉你的使者辱罵主，並說：我率領許多戰車上山頂，到利巴嫩極深之處；我要砍伐其中高大的香柏樹和佳美的松樹；我必上極高之處，進入肥田的樹林。|zh
1101|19|23|23|You have sent your servants with evil words against the Lord, and have said, With all my war-carriages I have come up to the top of the mountains, to the inmost parts of Lebanon; its tall cedars will be cut down, and the best trees of its woods; I will come up into his highest places, into his thick woods.|en
1102|19|24|24|我已經在外邦挖井喝水；我必用腳掌踏乾埃及的一切河。|zh
1103|19|24|24|I have made water-holes and taken their waters, and with my foot I have made all the rivers of Egypt dry.|en
1104|19|25|25|耶和華說，我早先所做的，古時所立的，就是現在藉你使堅固城荒廢，變為亂堆，這事你豈沒有聽見麼？|zh
1105|19|25|25|Has it not come to your ears how I did it long before, purposing it in times long past? Now I have given effect to my design, so that by you strong towns might be turned into masses of broken walls.|en
1106|19|26|26|所以其中的居民力量甚小，驚惶羞愧。他們像野草，像青菜，如房頂上的草，又如未長成而枯乾的禾稼。|zh
1107|19|26|26|This is why their townsmen had no power, they were broken and put to shame; they were like the grass of the field and the green plant, like grass on the house-tops.|en
1108|19|27|27|你坐下，你出去，你進來，你向我發烈怒，我都知道。|zh
1109|19|27|27|But I have knowledge of your getting up and your resting, of your going out and your coming in.|en
1110|19|28|28|因你向我發烈怒，又因你狂傲的話達到我耳中，我就要用鉤子鉤上你的鼻子，把嚼環放在你口裡，使你從你來的路轉回去。|zh
1111|19|28|28|Because your wrath against me and your words of pride have come up to my ears, I will put my hook in your nose and my cord in your lips, and I will make you go back by the way you came.|en
1112|19|29|29|以色列人哪，我賜你們一個證據：你們今年要吃自生的，明年也要吃自長的；至於後年，你們要耕種收割，栽植葡萄園，吃其中的果子。|zh
1113|19|29|29|And this will be the sign to you: you will get your food this year from what comes up of itself; and in the second year from the produce of the same; and in the third year you will put in your seed and get in the grain and make vine-gardens and take of their fruit.|en
1114|19|30|30|猶大家所逃脫餘剩的，仍要往下扎根，向上結果。|zh
1115|19|30|30|And those of Judah who are still living will again take root in the earth and give fruit.|en
1116|19|31|31|必有餘剩的民從耶路撒冷而出；必有逃脫的人從錫安山而來。耶和華的熱心必成就這事。|zh
1117|19|31|31|For from Jerusalem those who have been kept safe will go out, and those who are still living will go out of Mount Zion: by the fixed purpose of the Lord of armies this will be done.|en
1118|19|32|32|所以，耶和華論亞述王如此說：他必不得來到這城，也不在這裡射箭，不得拿盾牌到城前，也不築壘攻城。|zh
1119|19|32|32|For this cause the Lord says about the king of Assyria, He will not come into this town, or send an arrow against it; he will not come before it with arms, or put up an earthwork against it;|en
1120|19|33|33|他從哪條路來，必從那條路回去，必不得來到這城。這是耶和華說的。|zh
1121|19|33|33|By the way he came he will go back, and he will not get into this town, says the Lord.|en
1122|19|34|34|因我為自己的緣故，又為我僕人大衛的緣故，必保護拯救這城。|zh
1123|19|34|34|For I will keep this town safe, for my honour, and for the honour of my servant David.|en
1124|19|35|35|當夜，耶和華的使者出去，在亞述營中殺了十八萬五千人。清早有人起來，一看，都是死屍了。|zh
1125|19|35|35|And that night the angel of the Lord went out and put to death in the army of the Assyrians a hundred and eighty-five thousand men; and when the people got up early in the morning, there was nothing to be seen but dead bodies.|en
1126|19|36|36|亞述王西拿基立就拔營回去，住在尼尼微。|zh
1127|19|36|36|So Sennacherib, king of Assyria, went back to his place at Nineveh.|en
1128|19|37|37|一日在他的神尼斯洛廟裡叩拜，他兒子亞得米勒和沙利色用刀殺了他，就逃到亞拉臘地。他兒子以撒哈頓接續他作王。|zh
1129|19|37|37|And it came about, when he was worshipping in the house of Nisroch his god, that his sons Adrammelech and Sharezer put him to death with the sword; and they went in flight into the land of Ararat. And Esar-haddon his son became king in his place.|en
1130|20|1|1|那時，希西家病得要死。亞摩斯的兒子先知以賽亞去見他，對他說：耶和華如此說：你當留遺命與你的家，因為你必死，不能活了。|zh
1131|20|1|1|In those days Hezekiah was ill and near death. And Isaiah the prophet, the son of Amoz, came to him, and said to him, The Lord says, Put your house in order, for your death is near.|en
1132|20|2|2|希西家就轉臉朝牆，禱告耶和華說：|zh
1133|20|2|2|Then, turning his face to the wall, he made his prayer to the Lord, saying,|en
1134|20|3|3|耶和華啊，求你記念我在你面前怎樣存完全的心，按誠實行事，又做你眼中所看為善的。希西家就痛哭了。|zh
1135|20|3|3|O Lord, keep in mind how I have been true to you with all my heart, and have done what is good in your eyes. And Hezekiah gave way to bitter weeping.|en
1136|20|4|4|以賽亞出來，還沒有到中院(院或作城)，耶和華的話就臨到他，說：|zh
1137|20|4|4|Now before Isaiah had gone out of the middle of the town, the word of the Lord came to him, saying,|en
1138|20|5|5|你回去告訴我民的君希西家說：耶和華─你祖大衛的神如此說：我聽見了你的禱告，看見了你的眼淚，我必醫治你；到第三日，你必上到耶和華的殿。|zh
1139|20|5|5|Go back and say to Hezekiah, the ruler of my people, The Lord, the God of David your father, says, Your prayer has come to my ears, and I have seen your weeping; see, I will make you well: on the third day you will go up to the house of the Lord.|en
1140|20|6|6|我必加增你十五年的壽數，並且我要救你和這城脫離亞述王的手。我為自己和我僕人大衛的緣故，必保護這城。|zh
1141|20|6|6|I will give you fifteen more years of life; and I will keep you and this town safe from the hands of the king of Assyria; I will keep this town safe, for my honour, and for the honour of my servant David.|en
1142|20|7|7|以賽亞說：當取一塊無花果餅來。人就取了來，貼在瘡上，王便痊愈了。|zh
1143|20|7|7|Then Isaiah said, Take a cake of figs. So they took it and put it on his wound, and he got better.|en
1144|20|8|8|希西家問以賽亞說：耶和華必醫治我，到第三日，我能上耶和華的殿，有甚麼兆頭呢？|zh
1145|20|8|8|And Hezekiah said to Isaiah, What is to be the sign that the Lord will make me well, and that I will go up to the house of the Lord on the third day?|en
1146|20|9|9|以賽亞說：耶和華必成就他所說的。這是他給你的兆頭：你要日影向前進十度呢？是要往後退十度呢？|zh
1147|20|9|9|And Isaiah said, This is the sign the Lord will give you, that he will do what he has said; will the shade go forward ten degrees or back?|en
1148|20|10|10|希西家回答說：日影向前進十度容易，我要日影往後退十度。|zh
1149|20|10|10|And Hezekiah said in answer, It is a simple thing for the shade to go forward; but let it go back ten degrees.|en
1150|20|11|11|先知以賽亞求告耶和華，耶和就使亞哈斯的日晷向前進的日影，往後退了十度。|zh
1151|20|11|11|Then Isaiah the prophet made prayer to the Lord, and he made the shade go back ten degrees from its position on the steps of Ahaz.|en
1152|20|12|12|那時，巴比倫王巴拉但的兒子比羅達•巴拉但聽見希西家病而痊愈，就送書信和禮物給他。|zh
1153|20|12|12|At that time, Merodach-baladan, the son of Baladan, king of Babylon, sent letters with an offering to Hezekiah, because he had news that Hezekiah had been ill.|en
1154|20|13|13|希西家聽從使者的話，就把他寶庫的金子、銀子、香料、貴重的膏油，和他武庫的一切軍器，並他所有的財寶，都給他們看。他家中和他全國之內，希西家沒有一樣不給他們看的。|zh
1155|20|13|13|And Hezekiah was glad at their coming and let them see all his store of wealth, the silver and the gold and the spices and the oil of great price, and the house of his arms, and everything there was in his stores; there was nothing in all his house or his kingdom which Hezekiah did not let them see.|en
1156|20|14|14|於是先知以賽亞來見希西家王，問他說：這些人說甚麼？他們從哪裡來見你？希西家說：他們從遠方的巴比倫來。|zh
1157|20|14|14|Then Isaiah the prophet came to King Hezekiah and said to him, What did these men say and where did they come from? And Hezekiah said, They came from a far country, even from Babylon.|en
1158|20|15|15|以賽亞說：他們在你家裡看見了甚麼？希西家說：凡我家中所有的，他們都看見了；我財寶中沒有一樣不給他們看的。|zh
1159|20|15|15|And he said, What have they seen in your house? And Hezekiah said in answer, They saw everything in my house: there is nothing among my stores which I did not let them see.|en
1160|20|16|16|以賽亞對希西家說：你要聽耶和華的話，|zh
1161|20|16|16|And Isaiah said to Hezekiah, Give ear to the word of the Lord.|en
1162|20|17|17|日子必到，凡你家裡所有的，並你列祖積蓄到如今的，都要被擄到巴比倫去，不留下一樣。這是耶和華說的。|zh
1163|20|17|17|Truly, days are coming when everything in your house, and whatever your fathers have put in store till this day, will be taken away to Babylon: all will be gone, says the Lord.|en
1164|20|18|18|並且從你本身所生的眾子，其中必有被擄去在巴比倫王宮裡當太監的。|zh
1165|20|18|18|And your sons, the offspring of your body, they will take away to be unsexed servants in the house of the king of Babylon.|en
1166|20|19|19|希西家對以賽亞說：你所說耶和華的話甚好！若在我的年日中有太平和穩固的景況，豈不是好麼？|zh
1167|20|19|19|Then Hezekiah said to Isaiah, Good is the word of the Lord which you have said. Then he said, ... if in my time there is peace and righteousness?|en
1168|20|20|20|希西家其餘的事和他的勇力，他怎樣挖池、挖溝、引水入城，都寫在猶大列王記上。|zh
1169|20|20|20|Now the rest of the acts of Hezekiah, and his power, and how he made the pool and the stream, to take water into the town, are they not recorded in the book of the history of the kings of Judah?|en
1170|20|21|21|希西家與他列祖同睡。他兒子瑪拿西接續他作王。|zh
1171|20|21|21|And Hezekiah went to rest with his fathers; and Manasseh his son became king in his place.|en
1172|21|1|1|瑪拿西登基的時候年十二歲，在耶路撒冷作王五十五年。他母親名叫協西巴。|zh
1173|21|1|1|Manasseh was twelve years old when he became king; for fifty-five years he was ruling in Jerusalem; and his mother's name was Hephzi-bah.|en
1174|21|2|2|瑪拿西行耶和華眼中看為惡的事，效法耶和華在以色列人面前趕出的外邦人所行可憎的事。|zh
1175|21|2|2|He did evil in the eyes of the Lord, copying the disgusting ways of those nations whom the Lord had sent out before the children of Israel.|en
1176|21|3|3|重新建築他父希西家所毀壞的邱壇，又為巴力築壇，做亞舍拉像，效法以色列王亞哈所行的，且敬拜事奉天上的萬象；|zh
1177|21|3|3|He put up again the high places which had been pulled down by Hezekiah his father; he made altars for Baal, and an Asherah, as Ahab, king of Israel, had done; he was a worshipper and servant of all the stars of heaven.|en
1178|21|4|4|在耶和華殿宇中築壇。耶和華曾指著這殿說：我必立我的名在耶路撒冷。|zh
1179|21|4|4|And he put up altars in the house of the Lord, of which the Lord had said, In Jerusalem will I put my name.|en
1180|21|5|5|他在耶和華殿的兩院中為天上的萬象築壇，|zh
1181|21|5|5|And he put up altars for all the stars of heaven in the two outer squares of the house of the Lord.|en
1182|21|6|6|並使他的兒子經火，又觀兆，用法術，立交鬼的和行巫術的，多行耶和華眼中看為惡的事，惹動他的怒氣；|zh
1183|21|6|6|And he made his son go through the fire, and made use of secret arts and signs for reading the future; he gave positions to those who had control of spirits and to wonder-workers; he did much evil in the eyes of the Lord, moving him to wrath.|en
1184|21|7|7|又在殿內立雕刻的亞舍拉像。耶和華曾對大衛和他兒子所羅門說：我在以色列眾支派中所選擇的耶路撒冷和這殿，必立我的名，直到永遠。|zh
1185|21|7|7|He put the image of Asherah which he had made in the house of which the Lord had said to David and to Solomon his son, In this house, and in Jerusalem, the town which I have made mine out of all the tribes of Israel, I will put my name for ever.|en
1186|21|8|8|以色列人若謹守遵行我一切所吩咐他們的和我僕人摩西所吩咐他們的一切律法，我就不再使他們挪移離開我所賜給他們列祖之地。|zh
1187|21|8|8|And never again will I send the feet of Israel wandering from the land which I gave to their fathers; if only they will take care to do all my orders, and keep all the law which my servant Moses gave them.|en
1188|21|9|9|他們卻不聽從。瑪拿西引誘他們行惡，比耶和華在以色列人面前所滅的列國更甚。|zh
1189|21|9|9|But they did not give ear; and Manasseh made them do more evil than those nations did, whom the Lord gave up to destruction before the children of Israel.|en
1190|21|10|10|耶和華藉他僕人眾先知說：|zh
1191|21|10|10|And the Lord said, by his servants the prophets,|en
1192|21|11|11|因猶大王瑪拿西行這些可憎的惡事比先前亞摩利人所行的更甚，使猶大人拜他的偶像，陷在罪裡；|zh
1193|21|11|11|Because Manasseh, king of Judah, has done these disgusting things, doing more evil than all the Amorites before him, and making Judah do evil with his false gods,|en
1194|21|12|12|所以耶和華─以色列的神如此說：我必降禍與耶路撒冷和猶大，叫一切聽見的人無不耳鳴。|zh
1195|21|12|12|For this cause, says the Lord, the God of Israel, I will send such evil on Jerusalem and Judah that the ears of all to whom the news comes will be burning.|en
1196|21|13|13|我必用量撒瑪利亞的準繩和亞哈家的線鉈拉在耶路撒冷上，必擦淨耶路撒冷，如人擦盤，將盤倒扣。|zh
1197|21|13|13|And over Jerusalem will be stretched the line of Samaria and the weight of Ahab; Jerusalem will be washed clean as a plate is washed, and turned over on its face.|en
1198|21|14|14|我必棄掉所餘剩的子民(原文作產業)，把他們交在仇敵手中，使他們成為一切仇敵擄掠之物；|zh
1199|21|14|14|And I will put away from me the rest of my heritage, and give them up into the hands of their haters, who will take their property and their goods for themselves;|en
1200|21|15|15|是因他們自從列祖出埃及直到如今，常行我眼中看為惡的事，惹動我的怒氣。|zh
1201|21|15|15|Because they have done evil in my eyes, moving me to wrath, from the day when their fathers came out of Egypt till this day.|en
1202|21|16|16|瑪拿西行耶和華眼中看為惡的事，使猶大人陷在罪裡，又流許多無辜人的血，充滿了耶路撒冷，從這邊直到那邊。|zh
1203|21|16|16|More than this, Manasseh took the lives of upright men, till Jerusalem from one end to the other was full of blood; in addition to his sin in making Judah do evil in the eyes of the Lord.|en
1204|21|17|17|瑪拿西其餘的事，凡他所行的和他所犯的罪都寫在猶大列王記上。|zh
1205|21|17|17|Now the rest of the acts of Manasseh, and all he did, and his sins, are they not recorded in the book of the history of the kings of Judah?|en
1206|21|18|18|瑪拿西與他列祖同睡，葬在自己宮院烏撒的園內；他兒子亞們接續他作王。|zh
1207|21|18|18|So Manasseh went to rest with his fathers, and was put into the earth in the garden of his house, in the garden of Uzza; and Amon his son became king in his place.|en
1208|21|19|19|亞們登基的時候年二十二歲，在耶路撒冷作王二年。他母親名叫米舒利密，是約提巴人哈魯斯的女兒。|zh
1209|21|19|19|Amon was twenty-two years old when he became king, ruling in Jerusalem for two years; his mother's name was Meshullemeth, the daughter of Haruz of Jotbah.|en
1210|21|20|20|亞們行耶和華眼中看為惡的事，與他父親瑪拿西所行的一樣；|zh
1211|21|20|20|He did evil in the eyes of the Lord, as Manasseh his father had done.|en
1212|21|21|21|行他父親一切所行的，敬奉他父親所敬奉的偶像，|zh
1213|21|21|21|He went in all the ways of his father, being a servant and worshipper of the false gods to which his father had been a servant;|en
1214|21|22|22|離棄耶和華─他列祖的神，不遵行耶和華的道。|zh
1215|21|22|22|Turning away from the Lord, the God of his fathers, and not walking in his ways.|en
1216|21|23|23|亞們王的臣僕背叛他，在宮裡殺了他。|zh
1217|21|23|23|And the servants of Amon made a secret design against him, and put the king to death in his house.|en
1218|21|24|24|但國民殺了那些背叛亞們王的人，立他兒子約西亞接續他作王。|zh
1219|21|24|24|But the people of the land put to death all those who had taken part in the design against the king, and made Josiah his son king in his place.|en
1220|21|25|25|亞們其餘所行的事都寫在猶大列王記上。|zh
1221|21|25|25|Now the rest of the acts which Amon did, are they not recorded in the book of the history of the kings of Judah?|en
1222|21|26|26|亞們葬在烏撒的園內自己的墳墓裡。他兒子約西亞接續他作王。|zh
1223|21|26|26|He was put in his last resting-place in the garden of Uzza, and Josiah his son became king in his place.|en
1224|22|1|1|約西亞登基的時候年八歲，在耶路撒冷作王三十一年。他母親名叫耶底大，是波斯加人亞大雅的女兒。|zh
1225|22|1|1|Josiah was eight years old when he became king; and he was ruling in Jerusalem for thirty-one years; his mother's name was Jedidah, daughter of Adaiah of Bozkath.|en
1226|22|2|2|約西亞行耶和華眼中看為正的事，行他祖大衛一切所行的，不偏左右。|zh
1227|22|2|2|He did what was right in the eyes of the Lord, walking in the ways of David his father, without turning to the right hand or to the left.|en
1228|22|3|3|約西亞王十八年，王差遣米書蘭的孫子、亞薩利的兒子─書記沙番上耶和華殿去，吩咐他說：|zh
1229|22|3|3|Now in the eighteenth year after he became king, Josiah sent Shaphan, the son of Azaliah, the son of Meshullam, the scribe, to the house of the Lord, saying to him,|en
1230|22|4|4|你去見大祭司希勒家，使他將奉到耶和華殿的銀子，就是守門的從民中收聚的銀子，數算數算，|zh
1231|22|4|4|Go up to Hilkiah, the chief priest, and let him give out the money which is taken into the house of the Lord, which the keepers of the door have got together from the people;|en
1232|22|5|5|交給耶和華殿裡辦事的人，使他們轉交耶和華殿裡做工的人，好修理殿的破壞之處，|zh
1233|22|5|5|And let it be given to the overseers of the work of the Lord's house, to give to the workmen who are making good what was damaged in the house of the Lord;|en
1234|22|6|6|就是轉交木匠和工人，並瓦匠，又買木料和鑿成的石頭修理殿宇，|zh
1235|22|6|6|To the woodworkers and the builders and the stone-cutters; and for getting wood and cut stones for the building up of the house.|en
1236|22|7|7|將銀子交在辦事的人手裡，不與他們算帳，因為他們辦事誠實。|zh
1237|22|7|7|They did not have to give any account of the money which was handed to them, for they made use of it with good faith.|en
1238|22|8|8|大祭司希勒家對書記沙番說：我在耶和華殿裡得了律法書。希勒家將書遞給沙番，沙番就看了。|zh
1239|22|8|8|Then Hilkiah, the chief priest, said to Shaphan the scribe, I have made discovery of the book of the law in the house of the Lord. So Hilkiah gave it to Shaphan;|en
1240|22|9|9|書記沙番到王那裡，回覆王說：你的僕人已將殿裡的銀子倒出數算，交給耶和華殿裡辦事的人了。|zh
1241|22|9|9|Then, after reading it, Shaphan the scribe went in to the king and gave him an account of what had been done, saying, Your servants have given out the money which was in the house, and have given it to the overseers of the work of the house of the Lord.|en
1242|22|10|10|書記沙番又對王說：祭司希勒家遞給我一卷書。沙番就在王面前讀那書。|zh
1243|22|10|10|Then Shaphan the scribe said to the king, Hilkiah the priest has given me a book; and he was reading it before the king.|en
1244|22|11|11|王聽見律法書上的話，便撕裂衣服，|zh
1245|22|11|11|And the king, hearing the words of the book of the law, took his robe in his hands, violently parting it as a sign of his grief;|en
1246|22|12|12|吩咐祭司希勒家與沙番的兒子亞希甘、米該亞的兒子亞革波、書記沙番和王的臣僕亞撒雅，說：|zh
1247|22|12|12|And he gave orders to Hilkiah the priest, and Ahikam, the son of Shaphan, and Achbor, the son of Micaiah, and Shaphan the scribe, and Asaiah the king's servant, saying,|en
1248|22|13|13|你們去為我、為民、為猶大眾人，以這書上的話求問耶和華；因為我們列祖沒有聽從這書上的言語，沒有遵著書上所吩咐我們的去行，耶和華就向我們大發烈怒。|zh
1249|22|13|13|Go and get directions from the Lord for me and for the people and for all Judah, about the words of this book which has come to light; for great is the wrath of the Lord which is burning against us, because our fathers have not given ear to the words of this book, to do all the things which are recorded in it.|en
1250|22|14|14|於是，祭司希勒家和亞希甘、亞革波、沙番、亞撒雅都去見女先知戶勒大。戶勒大是掌管禮服沙龍的妻；沙龍是哈珥哈斯的孫子、特瓦的兒子。戶勒大住在耶路撒冷第二區。他們請問於他。|zh
1251|22|14|14|So Hilkiah the priest, and Ahikam and Achbor and Shaphan and Asaiah, went to Huldah the woman prophet, the wife of Shallum, the son of Tikvah, the son of Harhas, keeper of the robes, (now she was living in Jerusalem, in the second part of the town;) and they had talk with her.|en
1252|22|15|15|他對他們說：耶和華─以色列的神如此說：你們可以回覆那差遣你們來見我的人說，|zh
1253|22|15|15|And she said to them, The Lord, the God of Israel, says, Say to the man who sent you to me,|en
1254|22|16|16|耶和華如此說：我必照著猶大王所讀那書上的一切話，降禍與這地和其上的居民。|zh
1255|22|16|16|These are the words of the Lord: See, I will send evil on this place and on its people, even everything which the king of Judah has been reading in the book;|en
1256|22|17|17|因為他們離棄我，向別神燒香，用他們手所做的惹我發怒，所以我的忿怒必向這地發作，總不止息。|zh
1257|22|17|17|Because they have given me up, burning offerings to other gods and moving me to wrath by all the work of their hands; so my wrath will be on fire against this place, and will not be put out.|en
1258|22|18|18|然而，差遣你們來求問耶和華的猶大王，你們要這樣回覆他說：耶和華─以色列的神如此說：至於你所聽見的話，|zh
1259|22|18|18|But to the king of Judah who sent you to get directions from the Lord, say, This is what the Lord, the God of Israel, has said: As to the words which have come to your ears,|en
1260|22|19|19|就是聽見我指著這地和其上的居民所說、要使這地變為荒場、民受咒詛的話，你便心裡敬服，在我面前自卑，撕裂衣服，向我哭泣，因此我應允了你。這是我─耶和華說的。|zh
1261|22|19|19|Because your heart was soft, and you made yourself low before me, when you had word of what I said against this place and its people, that they would become a waste and a curse, and you gave signs of grief, weeping before me: truly, I have given ear to you, says the Lord.|en
1262|22|20|20|我必使你平平安安地歸到墳墓到你列祖那裡；我要降與這地的一切災禍，你也不至親眼看見。他們就回覆王去了。|zh
1263|22|20|20|For this cause I will let you go to your fathers and be put in your last resting-place in peace, and your eyes will not see all the evil which I will send on this place. So they took this news back to the king.|en
1264|23|1|1|王差遣人招聚猶大和耶路撒冷的眾長老來。|zh
1265|23|1|1|Then the king sent and got together all the responsible men of Judah and of Jerusalem.|en
1266|23|2|2|王和猶大眾人與耶路撒冷的居民，並祭司、先知，和所有的百姓，無論大小，都一同上到耶和華的殿；王就把耶和華殿裡所得的約書念給他們聽。|zh
1267|23|2|2|And the king went up to the house of the Lord, with all the men of Judah and all the people of Jerusalem, and the priests and the prophets and all the people, small and great; and they were present at his reading of the book of the law which had come to light in the house of the Lord.|en
1268|23|3|3|王站在柱旁，在耶和華面前立約，要盡心盡性地順從耶和華，遵守他的誡命、法度、律例，成就這書上所記的約言。眾民都服從這約。|zh
1269|23|3|3|And the king took his place by the pillar, and made an agreement before the Lord, to go in the way of the Lord, and keep his orders and his decisions and his rules with all his heart and all his soul, and to keep the words of the agreement recorded in the book; and all the people gave their word to keep the agreement.|en
1270|23|4|4|王吩咐大祭司希勒家和副祭司，並把門的，將那為巴力和亞舍拉，並天上萬象所造的器皿，都從耶和華殿裡搬出來，在耶路撒冷外汲淪溪旁的田間燒了，把灰拿到伯特利去。|zh
1271|23|4|4|Then the king gave orders to Hilkiah, the chief priest, and to the priests of the second order, and to the keepers of the door, to take out of the house of the Lord all the vessels made for Baal and for the Asherah and for all the stars of heaven; and he had them burned outside Jerusalem in the fields of Kidron, and took the dust of them to Beth-el.|en
1272|23|5|5|從前猶大列王所立拜偶像的祭司，在猶大城邑的邱壇和耶路撒冷的周圍燒香，現在王都廢去，又廢去向巴力和日、月、行星(或作十二宮)，並天上萬象燒香的人；|zh
1273|23|5|5|And he put an end to the false priests, who had been put in their positions by the kings of Judah to see to the burning of offerings in the high places in the towns of Judah and the outskirts of Jerusalem, and all those who made offerings to Baal and to the sun and the moon and the twelve signs and all the stars of heaven.|en
1274|23|6|6|又從耶和華殿裡將亞舍拉搬到耶路撒冷外汲淪溪邊焚燒，打碎成灰，將灰撒在平民的墳上；|zh
1275|23|6|6|And he took the Asherah from the house of the Lord, outside Jerusalem to the stream Kidron, burning it by the stream and crushing it to dust, and he put the dust on the place where the bodies of the common people were put to rest.|en
1276|23|7|7|又拆毀耶和華殿裡孌童的屋子，就是婦女為亞舍拉織帳子的屋子，|zh
1277|23|7|7|And he had the houses pulled down of those who were used for sex purposes in the house of the Lord, where women were making robes for the Asherah.|en
1278|23|8|8|並且從猶大的城邑帶眾祭司來，污穢祭司燒香的邱壇，從迦巴直到別是巴，又拆毀城門旁的邱壇，這邱壇在邑宰約書亞門前，進城門的左邊。|zh
1279|23|8|8|And he made all the priests from the towns of Judah come into Jerusalem, and he made unclean the high places where the priests had been burning offerings, from Geba to Beer-sheba; and he had the high places of the evil spirits pulled down which were by the doorway of Joshua, the ruler of the town, on the left side of the way into the town.|en
1280|23|9|9|但是邱壇的祭司不登耶路撒冷耶和華的壇，只在他們弟兄中間吃無酵餅。|zh
1281|23|9|9|Still the priests of the high places never came up to the altar of the Lord in Jerusalem; but they took their food of unleavened bread among their brothers.|en
1282|23|10|10|又污穢欣嫩子谷的陀斐特，不許人在那裡使兒女經火獻給摩洛；|zh
1283|23|10|10|And Topheth, in the valley of the sons of Hinnom, he made unclean, so that no man might make his son or his daughter go through the fire to Molech.|en
1284|23|11|11|又將猶大列王在耶和華殿門旁、太監拿單米勒靠近遊廊的屋子、向日頭所獻的馬廢去，且用火焚燒日車。|zh
1285|23|11|11|And he took away the horses which the kings of Judah had given to the sun, at the way into the house of the Lord, by the room of Nathan-melech, the unsexed servant, which was in the outer part of the building, and the carriages of the sun he put on fire.|en
1286|23|12|12|猶大列王在亞哈斯樓頂上所築的壇和瑪拿西在耶和華殿兩院中所築的壇，王都拆毀打碎了，就把灰倒在汲淪溪中。|zh
1287|23|12|12|And the altars on the roof of the high room of Ahaz, which the kings of Judah had made, and the altars which Manasseh had made in the two outer squares of the house of the Lord, were pulled down and crushed to bits, and the dust of them was put into the stream Kidron.|en
1288|23|13|13|從前以色列王所羅門在耶路撒冷前、邪僻山右邊為西頓人可憎的神亞斯他錄、摩押人可憎的神基抹、亞捫人可憎的神米勒公所築的邱壇，王都污穢了，|zh
1289|23|13|13|And the high places before Jerusalem, on the south side of the mountain of destruction, which Solomon, king of Israel, had made for Ashtoreth, the disgusting god of the Zidonians, and for Chemosh, the disgusting god of Moab, and for Milcom, the disgusting god of the children of Ammon, the king made unclean.|en
1290|23|14|14|又打碎柱像，砍下木偶，將人的骨頭充滿了那地方。|zh
1291|23|14|14|The stone pillars were broken to bits and the wood pillars cut down, and the places where they had been were made full of the bones of the dead.|en
1292|23|15|15|他將伯特利的壇，就是叫以色列人陷在罪裡、尼八的兒子耶羅波安所築的那壇，都拆毀焚燒，打碎成灰，並焚燒了亞舍拉。|zh
1293|23|15|15|And the altar at Beth-el, and the high place put up by Jeroboam, the son of Nebat, who made Israel do evil, that altar and that high place were pulled down; and the high place was burned and crushed to dust and the Asherah was burned.|en
1294|23|16|16|約西亞回頭，看見山上的墳墓，就打發人將墳墓裡的骸骨取出來，燒在壇上，污穢了壇，正如從前神人宣傳耶和華的話。|zh
1295|23|16|16|Then Josiah, turning round, saw on the mountain the places of the dead, and he sent and had the bones taken out of their places and burned on the altar, so making it unclean, as the Lord had said by the man of God when Jeroboam was in his place by the altar on that feast-day. And he, turning his eyes to the resting-place of the man of God who had given word of these things, said:|en
1296|23|17|17|約西亞問說：我所看見的是甚麼碑？那城裡的人回答說：先前有神人從猶大來，預先說王現在向伯特利壇所行的事，這就是他的墓碑。|zh
1297|23|17|17|What is that headstone I see over there? And the men of the town said to him, It is the resting-place of the man of God who came from Judah and gave word of all these things which you have done to the altar of Beth-el.|en
1298|23|18|18|約西亞說：由他罷！不要挪移他的骸骨。他們就不動他的骸骨，也不動從撒瑪利亞來那先知的骸骨。|zh
1299|23|18|18|So he said, Let him be; let not his bones be moved. So they let his bones be with the bones of the prophet who came from Samaria.|en
1300|23|19|19|從前以色列諸王在撒瑪利亞的城邑建築邱壇的殿，惹動耶和華的怒氣，現在約西亞都廢去了，就如他在伯特利所行的一般；|zh
1301|23|19|19|Then Josiah took away all the houses of the high places in the towns of Samaria, which the kings of Israel had put up, moving the Lord to wrath, and he did with them as he had done in Beth-el.|en
1302|23|20|20|又將邱壇的祭司都殺在壇上，並在壇上燒人的骨頭，就回耶路撒冷去了。|zh
1303|23|20|20|And all the priests of the high places there he put to death on the altars, burning the bones of the dead on them; and then he went back to Jerusalem.|en
1304|23|21|21|王吩咐眾民說：你們當照這約書上所寫的，向耶和華─你們的神守逾越節。|zh
1305|23|21|21|And the king gave orders to all the people, saying, Keep the Passover to the Lord your God, as it says in this book of the law.|en
1306|23|22|22|自從士師治理以色列人和以色列王、猶大王的時候，直到如今，實在沒有守過這樣的逾越節；|zh
1307|23|22|22|Truly, such a Passover had not been kept in all the days of the judges of Israel or of the kings of Israel or the kings of Judah;|en
1308|23|23|23|只有約西亞王十八年在耶路撒冷向耶和華守這逾越節。|zh
1309|23|23|23|In the eighteenth year of the rule of King Josiah this Passover was kept to the Lord in Jerusalem.|en
1310|23|24|24|凡猶大國和耶路撒冷所有交鬼的、行巫術的，與家中的神像和偶像，並一切可憎之物，約西亞盡都除掉，成就了祭司希勒家在耶和華殿裡所得律法書上所寫的話。|zh
1311|23|24|24|And all those who had control of spirits, and the wonder-workers, and the images, and the false gods, and all the disgusting things which were seen in the land of Judah and in Jerusalem, Josiah put away, so that he might give effect to the words of the agreement recorded in the book which Hilkiah the priest made discovery of in the house of the Lord.|en
1312|23|25|25|在約西亞以前沒有王像他盡心、盡性、盡力地歸向耶和華，遵行摩西的一切律法；在他以後也沒有興起一個王像他。|zh
1313|23|25|25|Never before had there been a king like him, turning to the Lord with all his heart and with all his soul and with all his power, as the law of Moses says; and after him there was no king like him.|en
1314|23|26|26|然而，耶和華向猶大所發猛烈的怒氣仍不止息，是因瑪拿西諸事惹動他。|zh
1315|23|26|26|But still the heat of the Lord's wrath was not turned back from Judah, because of all Manasseh had done in moving him to wrath.|en
1316|23|27|27|耶和華說：我必將猶大人從我面前趕出，如同趕出以色列人一般；我必棄掉我從前所選擇的這城─耶路撒冷和我所說立我名的殿。|zh
1317|23|27|27|And the Lord said, I will send Judah away from before my face, as I have sent Israel; I will have nothing more to do with this town, which I had made mine, even Jerusalem, and the holy house of which I said, My name will be there.|en
1318|23|28|28|約西亞其餘的事，凡他所行的都寫在猶大列王記上。|zh
1319|23|28|28|Now the rest of the acts of Josiah, and all he did, are they not recorded in the book of the history of the kings of Judah?|en
1320|23|29|29|約西亞年間，埃及王法老尼哥上到伯拉河攻擊亞述王；約西亞王去抵擋他。埃及王遇見約西亞在米吉多，就殺了他。|zh
1321|23|29|29|In his days, Pharaoh-necoh, king of Egypt, sent his armies against the king of Assyria to the river Euphrates; and King Josiah went out against him; and he put him to death at Megiddo, when he had seen him.|en
1322|23|30|30|他的臣僕用車將他的屍首從米吉多送到耶路撒冷，葬在他自己的墳墓裡。國民膏約西亞的兒子約哈斯接續他父親作王。|zh
1323|23|30|30|And his servants took his body in a carriage from Megiddo to Jerusalem, and put him into the earth there. And the people of the land took Jehoahaz, the son of Josiah, and put the holy oil on him and made him king in place of his father.|en
1324|23|31|31|約哈斯登基的時候年二十三歲，在耶路撒冷作王三個月。他母親名叫哈慕他，是立拿人耶利米的女兒。|zh
1325|23|31|31|Jehoahaz was twenty-three years old when he became king, ruling in Jerusalem for three months; his mother's name was Hamutal, the daughter of Jeremiah of Libnah.|en
1326|23|32|32|約哈斯行耶和華眼中看為惡的事，效法他列祖一切所行的。|zh
1327|23|32|32|He did evil in the eyes of the Lord, as his fathers had done.|en
1328|23|33|33|法老尼哥將約哈斯鎖禁在哈馬地的利比拉，不許他在耶路撒冷作王，又罰猶大國銀子一百他連得，金子一他連得。|zh
1329|23|33|33|And Pharaoh-necoh put him in chains at Riblah in the land of Hamath, so that he might not be king in Jerusalem; and took from the land a tax of a hundred talents of silver and a talent of gold.|en
1330|23|34|34|法老尼哥立約西亞的兒子以利亞敬接續他父親約西亞作王，給他改名叫約雅敬，卻將約哈斯帶到埃及，他就死在那裡。|zh
1331|23|34|34|Then Pharaoh-necoh made Eliakim, the son of Josiah, king in place of Josiah his father, changing his name to Jehoiakim; but Jehoahaz he took away to Egypt, where he was till his death.|en
1332|23|35|35|約雅敬將金銀給法老，遵著法老的命向國民徵取金銀，按著各人的力量派定，索要金銀，好給法老尼哥。|zh
1333|23|35|35|And Jehoiakim gave the silver and gold to Pharaoh, taxing the land by his orders to get the money; the people of the land had to give silver and gold, everyone as he was taxed, to make the payment to Pharaoh-necoh.|en
1334|23|36|36|約雅敬登基的時候年二十五歲，在耶路撒冷作王十一年。他母親名叫西布大，是魯瑪人毗大雅的女兒。|zh
1335|23|36|36|Jehoiakim was twenty-five years old when he became king; he was ruling in Jerusalem for eleven years; his mother's name was Zebidah, the daughter of Pedaiah of Rumah.|en
1336|23|37|37|約雅敬行耶和華眼中看為惡的事，效法他列祖一切所行的。|zh
1337|23|37|37|He did evil in the eyes of the Lord as his fathers had done.|en
1338|24|1|1|約雅敬年間，巴比倫王尼布甲尼撒上到猶大；約雅敬服事他三年，然後背叛他。|zh
1339|24|1|1|In his days, Nebuchadnezzar, king of Babylon, came up and Jehoiakim was his servant for three years; then he took up arms against him.|en
1340|24|2|2|耶和華使迦勒底軍、亞蘭軍、摩押軍，和亞捫人的軍來攻擊約雅敬，毀滅猶大，正如耶和華藉他僕人眾先知所說的。|zh
1341|24|2|2|And the Lord sent against him bands of the Chaldaeans and of the Edomites and of the Moabites and of the children of Ammon; sending them against Judah for its destruction, as he had said by his servants the prophets.|en
1342|24|3|3|這禍臨到猶大人，誠然是耶和華所命的，要將他們從自己面前趕出，是因瑪拿西所犯的一切罪；|zh
1343|24|3|3|Only by the word of the Lord did this fate come on Judah, to take them away from before his face; because of the sins of Manasseh and all the evil he did;|en
1344|24|4|4|又因他流無辜人的血，充滿了耶路撒冷；耶和華決不肯赦免。|zh
1345|24|4|4|And because of the death of those who had done no wrong, for he made Jerusalem full of the blood of the upright; and the Lord had no forgiveness for it.|en
1346|24|5|5|約雅敬其餘的事，凡他所行的都寫在猶大列王記上。|zh
1347|24|5|5|Now the rest of the acts of Jehoiakim, and all he did, are they not recorded in the book of the history of the kings of Judah?|en
1348|24|6|6|約雅敬與他列祖同睡。他兒子約雅斤接續他作王。|zh
1349|24|6|6|So Jehoiakim went to rest with his fathers; and Jehoiachin his son became king in his place.|en
1350|24|7|7|埃及王不再從他國中出來；因為巴比倫王將埃及王所管之地，從埃及小河直到伯拉河都奪去了。|zh
1351|24|7|7|And the king of Egypt did not come out of his land again, for the king of Babylon had taken all his country, from the stream of Egypt to the river Euphrates.|en
1352|24|8|8|約雅斤登基的時候年十八歲，在耶路撒冷作王三個月。他母親名叫尼護施他，是耶路撒冷人以利拿單的女兒。|zh
1353|24|8|8|Jehoiachin was eighteen years old when he became king, he was ruling in Jerusalem for three months, and his mother's name was Nehushta, the daughter of Elnathan of Jerusalem.|en
1354|24|9|9|約雅斤行耶和華眼中看為惡的事，效法他父親一切所行的。|zh
1355|24|9|9|He did evil in the eyes of the Lord, as his father had done.|en
1356|24|10|10|那時，巴比倫王尼布甲尼撒的軍兵上到耶路撒冷，圍困城。|zh
1357|24|10|10|At that time the armies of Nebuchadnezzar came up to Jerusalem and the town was shut in on every side.|en
1358|24|11|11|當他軍兵圍困城的時候，巴比倫王尼布甲尼撒就親自來了。|zh
1359|24|11|11|And Nebuchadnezzar, king of Babylon, came there, while his servants were shutting in the town;|en
1360|24|12|12|猶大王約雅斤和他母親、臣僕、首領、太監一同出城，投降巴比倫王；巴比倫王便拿住他。那時是巴比倫王第八年。|zh
1361|24|12|12|Then Jehoiachin, king of Judah, went out to the king of Babylon, with his mother and his servants and his chiefs and his unsexed servants; and in the eighth year of his rule the king of Babylon took him.|en
1362|24|13|13|巴比倫王將耶和華殿和王宮裡的寶物都拿去了，將以色列王所羅門所造耶和華殿裡的金器都毀壞了，正如耶和華所說的；|zh
1363|24|13|13|And he took away all the stored wealth of the Lord's house, and the goods from the king's store-house, cutting up all the gold vessels which Solomon, king of Israel, had made in the house of the Lord, as the Lord had said.|en
1364|24|14|14|又將耶路撒冷的眾民和眾首領，並所有大能的勇士，共一萬人，連一切木匠、鐵匠都擄了去；除了國中極貧窮的人以外，沒有剩下的；|zh
1365|24|14|14|And he took away all the people of Jerusalem and all the chiefs and all the men of war, ten thousand prisoners; and all the expert workmen and the metal-workers; only the poorest sort of the people of the land were not taken away.|en
1366|24|15|15|並將約雅斤和王母、后妃、太監，與國中的大官，都從耶路撒冷擄到巴比倫去了；|zh
1367|24|15|15|He took Jehoiachin a prisoner to Babylon, with his mother and his wives and his unsexed servants and the great men of the land; he took them all as prisoners from Jerusalem to Babylon.|en
1368|24|16|16|又將一切勇士七千人和木匠、鐵匠一千人，都是能上陣的勇士，全擄到巴比倫去了。|zh
1369|24|16|16|And all the men of war, seven thousand of them, and a thousand expert workmen and metal-workers, all of them strong and able to take up arms, the king of Babylon took away as prisoners into Babylon.|en
1370|24|17|17|巴比倫王立約雅斤的叔叔瑪探雅代替他作王，給瑪探雅改名叫西底家。|zh
1371|24|17|17|And the king of Babylon made Mattaniah, his father's brother, king in place of Jehoiachin, changing his name to Zedekiah.|en
1372|24|18|18|西底家登基的時候年二十一歲，在耶路撒冷作王十一年。他母親名叫哈慕他，是立拿人耶利米的女兒。|zh
1373|24|18|18|Zedekiah was twenty-one years old when he became king, and he was king in Jerusalem for eleven years; his mother's name was Hamutal, daughter of Jeremiah of Libnah.|en
1374|24|19|19|西底家行耶和華眼中看為惡的事，是照約雅敬一切所行的。|zh
1375|24|19|19|He did evil in the eyes of the Lord, as Jehoiakim had done.|en
1376|24|20|20|因此耶和華的怒氣在耶路撒冷和猶大發作，以致將人民從自己面前趕出。|zh
1377|24|20|20|And because of the wrath of the Lord, this came about in Jerusalem and Judah, till he had sent them all away from before him: and Zedekiah took up arms against the king of Babylon.|en
1378|25|1|1|西底家背叛巴比倫王。他作王第九年十月初十日，巴比倫王尼布甲尼撒率領全軍來攻擊耶路撒冷，對城安營，四圍築壘攻城。|zh
1379|25|1|1|Now in the ninth year of his rule, on the tenth day of the tenth month, Nebuchadnezzar, king of Babylon, came against Jerusalem with all his army and took up his position before it, building earthworks all round the town.|en
1380|25|2|2|於是城被圍困，直到西底家王十一年。|zh
1381|25|2|2|And the town was shut in by their forces till the eleventh year of King Zedekiah.|en
1382|25|3|3|四月初九日，城裡有大饑荒，甚至百姓都沒有糧食。|zh
1383|25|3|3|Now on the ninth day of the fourth month, the store of food in the town was almost gone, so that there was no food for the people of the land.|en
1384|25|4|4|城被攻破，一切兵丁就在夜間從靠近王園兩城中間的門逃跑。迦勒底人正在四圍攻城，王就向亞拉巴逃走。|zh
1385|25|4|4|So an opening was made in the wall of the town, and all the men of war went in flight by night through the doorway between the two walls which was by the king's garden; (now the Chaldaeans were stationed round the town:) and the king went by the way of the Arabah.|en
1386|25|5|5|迦勒底的軍隊追趕王，在耶利哥的平原追上他；他的全軍都離開他四散了。|zh
1387|25|5|5|But the Chaldaean army went after the king, and overtook him in the lowlands of Jericho, and all his army went in flight from him in every direction.|en
1388|25|6|6|迦勒底人就拿住王，帶他到在利比拉的巴比倫王那裡審判他。|zh
1389|25|6|6|And they made the king a prisoner and took him up to the king of Babylon at Riblah to be judged.|en
1390|25|7|7|在西底家眼前殺了他的眾子，並且剜了西底家的眼睛，用銅鍊鎖著他，帶到巴比倫去。|zh
1391|25|7|7|And they put the sons of Zedekiah to death before his eyes, and then they put out his eyes, and chaining him with iron bands, took him to Babylon.|en
1392|25|8|8|巴比倫王尼布甲尼撒十九年五月初七日，巴比倫王的臣僕、護衛長尼布撒拉旦來到耶路撒冷，|zh
1393|25|8|8|Now in the fifth month, on the seventh day of the month, in the nineteenth year of Nebuchadnezzar, king of Babylon, Nebuzaradan, the captain of the armed men, a servant of the king of Babylon, came to Jerusalem;|en
1394|25|9|9|用火焚燒耶和華的殿和王宮，又焚燒耶路撒冷的房屋，就是各大戶家的房屋。|zh
1395|25|9|9|And he had the house of the Lord and the king's house and all the houses of Jerusalem, even every great house, burned with fire;|en
1396|25|10|10|跟從護衛長迦勒底的全軍就拆毀耶路撒冷四圍的城牆。|zh
1397|25|10|10|And the walls round Jerusalem were broken down by the Chaldaean army which was with the captain.|en
1398|25|11|11|那時護衛長尼布撒拉旦將城裡所剩下的百姓，並已經投降巴比倫王的人，以及大眾所剩下的人，都擄去了。|zh
1399|25|11|11|And the rest of the people who were still in the town, and all those who had given themselves up to the king of Babylon, and all the rest of the workmen, Nebuzaradan, the captain of the armed men, took away as prisoners;|en
1400|25|12|12|但護衛長留下些民中最窮的，使他們修理葡萄園，耕種田地。|zh
1401|25|12|12|But he let the poorest of the land go on living there, to take care of the vines and the fields.|en
1402|25|13|13|耶和華殿的銅柱，並耶和華殿的盆座和銅海，迦勒底人都打碎了，將那銅運到巴比倫去了，|zh
1403|25|13|13|And the brass pillars in the house of the Lord, and the wheeled bases, and the great brass water-vessel in the house of the Lord, were broken up by the Chaldaeans, who took the brass to Babylon.|en
1404|25|14|14|又帶去鍋、鏟子、蠟剪、調羹，並所用的一切銅器，|zh
1405|25|14|14|And the pots and the spades and the scissors for the lights and the spoons, and all the brass vessels used in the Lord's house, they took away.|en
1406|25|15|15|火鼎、碗，無論金的銀的，護衛長也都帶去了。|zh
1407|25|15|15|And the fire-trays and the basins; the gold of the gold vessels and the silver of the silver vessels, were all taken away by the captain of the armed men.|en
1408|25|16|16|所羅門為耶和華殿所造的兩根銅柱、一個銅海，和幾個盆座，這一切的銅，多得無法可稱。|zh
1409|25|16|16|The two pillars, the great water-vessel and the wheeled bases, which Solomon had made for the house of the Lord: the brass of all these vessels was without weight.|en
1410|25|17|17|這一根柱子高十八肘，柱上有銅頂，高三肘；銅頂的周圍有網子和石榴，都是銅的。那一根柱子，照此一樣，也有網子。|zh
1411|25|17|17|One of the pillars was eighteen cubits high, with a crown of brass on it; the crown was three cubits high, circled with a network and apples all of brass; and the second pillar had the same.|en
1412|25|18|18|護衛長拿住大祭司西萊雅、副祭司西番亞，和三個把門的，|zh
1413|25|18|18|And the captain of the armed men took Seraiah, the chief priest, and Zephaniah, the second priest, and the three door-keepers;|en
1414|25|19|19|又從城中拿住一個管理兵丁的官(或作太監)，並在城裡所遇常見王面的五個人和檢點國民軍長的書記，以及城裡遇見的國民六十個人。|zh
1415|25|19|19|And from the town he took the unsexed servant who was over the men of war, and five of the king's near friends who were in the town, and the scribe of the captain of the army, who was responsible for getting the people of the land together in military order, and sixty men of the people of the land who were in the town.|en
1416|25|20|20|護衛長尼布撒拉旦將這些人帶到在利比拉的巴比倫王那裡。|zh
1417|25|20|20|These Nebuzaradan, the captain of the armed men, took with him to the king of Babylon at Riblah.|en
1418|25|21|21|巴比倫王就把他們擊殺在哈馬地的利比拉。這樣，猶大人被擄去離開本地。|zh
1419|25|21|21|And the king of Babylon put them to death at Riblah in the land of Hamath. So Judah was taken away prisoner from his land.|en
1420|25|22|22|至於猶大國剩下的民，就是巴比倫王尼布甲尼撒所剩下的，巴比倫王立了沙番的孫子、亞希甘的兒子基大利作他們的省長。|zh
1421|25|22|22|As for the people who were still living in the land of Judah, whom Nebuchadnezzar, king of Babylon, did not take away, he made Gedaliah, the son of Ahikam, the son of Shaphan, ruler over them.|en
1422|25|23|23|眾軍長和屬他們的人聽見巴比倫王立了基大利作省長，於是軍長尼探雅的兒子以實瑪利、加利亞的兒子約哈難、尼陀法人單戶蔑的兒子西萊雅、瑪迦人的兒子雅撒尼亞，和屬他們的人都到米斯巴見基大利。|zh
1423|25|23|23|Now the captains of the armed forces, hearing that the king of Babylon had made Gedaliah ruler, came with their men to Gedaliah at Mizpah; Ishmael, the son of Nethaniah, and Johanan, the son of Kareah, and Seraiah, the son of Tanhumeth the Netophathite, and Jaazaniah, the son of the Maacathite, came with all their men.|en
1424|25|24|24|基大利向他們和屬他們的人起誓說：你們不必懼怕迦勒底臣僕，只管住在這地服事巴比倫王，就可以得福。|zh
1425|25|24|24|Then Gedaliah gave his oath to them and their men, saying, Have no fear because of the servants of the Chaldaeans; go on living in the land under the rule of the king of Babylon, and all will be well.|en
1426|25|25|25|七月間，宗室以利沙瑪的孫子、尼探雅的兒子以實瑪利帶著十個人來，殺了基大利和同他在米斯巴的猶大人與迦勒底人。|zh
1427|25|25|25|But in the seventh month, Ishmael, the son of Nethaniah, the son of Elishama, of the king's seed, came with ten men and made an attack on Gedaliah, causing his death and the death of the Jews and the Chaldaeans who were with him at Mizpah.|en
1428|25|26|26|於是眾民，無論大小，連眾軍長；因為懼怕迦勒底人，都起身往埃及去了。|zh
1429|25|26|26|Then all the people, small and great, and the captains of the forces, got up and went away to Egypt, for fear of the Chaldaeans.|en
1430|25|27|27|猶大王約雅斤被擄後三十七年，巴比倫王以未米羅達元年十二月二十七日，使猶大王約雅斤抬頭，提他出監；|zh
1431|25|27|27|And in the thirty-seventh year after Jehoiachin, king of Judah, had been taken prisoner, in the twelfth month, on the twenty-seventh day of the month, Evil-merodach, king of Babylon, in the first year of his rule, took Jehoiachin, king of Judah, out of prison;|en
1432|25|28|28|又對他說恩言，使他的位高過與他一同在巴比倫眾王的位，|zh
1433|25|28|28|And said kind words to him, and put his seat higher than the seats of the other kings who were with him in Babylon.|en
1434|25|29|29|給他脫了囚服。他終身常在巴比倫王面前吃飯。|zh
1435|25|29|29|And his prison clothing was changed, and he was a guest at the king's table every day for the rest of his life.|en
1436|25|30|30|王賜他所需用的食物，日日賜他一分，終身都是這樣。|zh
1437|25|30|30|And for his food, the king gave him a regular amount every day for the rest of his life.|en
