|chapter|sec|no|content|lang
0|1|1|1|以下所記的是摩西在約但河東的曠野、疏弗對面的亞拉巴─就是巴蘭、陀弗、拉班、哈洗錄、底撒哈中間─向以色列眾人所說的話。|zh
1|1|1|1|These are the words which Moses said to all Israel on the far side of Jordan, in the waste land in the Arabah opposite Suph, between Paran on the one side, and Tophel, Laban, Hazeroth, and Dizahab on the other.|en
2|1|2|2|從何烈山經過西珥山到加低斯巴尼亞有十一天的路程。）|zh
3|1|2|2|It is eleven days' journey from Horeb by the way of Mount Seir to Kadesh-barnea.|en
4|1|3|3|出埃及第四十年十一月初一日，摩西照耶和華藉著他所吩咐以色列人的話都曉諭他們。|zh
5|1|3|3|Now in the fortieth year, on the first day of the eleventh month, Moses gave to the children of Israel all the orders which the Lord had given him for them;|en
6|1|4|4|那時，他已經擊殺了住希實本的亞摩利王西宏和住以得來、亞斯他錄的巴珊王噩。|zh
7|1|4|4|After he had overcome Sihon, king of the Amorites, ruling in Heshbon, and Og, king of Bashan, ruling in Ashtaroth, at Edrei:|en
8|1|5|5|摩西在約但河東的摩押地講律法說：|zh
9|1|5|5|On the far side of Jordan in the land of Moab, Moses gave the people this law, saying,|en
10|1|6|6|耶和華─我們的神在何烈山曉諭我們說：你們在這山上住的日子夠了；|zh
11|1|6|6|The Lord our God said to us in Horeb, You have been long enough in this mountain:|en
12|1|7|7|要起行轉到亞摩利人的山地和靠近這山地的各處，就是亞拉巴、山地、高原、南地，沿海一帶迦南人的地，並利巴嫩山又到伯拉大河。|zh
13|1|7|7|Make a move now, and go on your way into the hill-country of the Amorites and the places near it, in the Arabah and the hill-country and in the lowlands and in the South and by the seaside, all the land of the Canaanites, and Lebanon, as far as the great river, the river Euphrates.|en
14|1|8|8|如今我將這地擺在你們面前；你們要進去得這地，就是耶和華向你們列祖亞伯拉罕、以撒、雅各起誓應許賜給他們和他們後裔為業之地。|zh
15|1|8|8|See, all the land is before you: go in and take for yourselves the land which the Lord gave by an oath to your fathers, Abraham, Isaac, and Jacob, and to their seed after them.|en
16|1|9|9|那時，我對你們說：管理你們的重任，我獨自擔當不起。|zh
17|1|9|9|At that time I said to you, I am not able to undertake the care of you by myself;|en
18|1|10|10|耶和華─你們的神使你們多起來。看哪，你們今日像天上的星那樣多。|zh
19|1|10|10|The Lord your God has given you increase, and now you are like the stars of heaven in number.|en
20|1|11|11|惟願耶和華─你們列祖的神使你們比如今更多千倍，照他所應許你們的話賜福與你們。|zh
21|1|11|11|May the Lord, the God of your fathers, make you a thousand times greater in number than you are, and give you his blessing as he has said!|en
22|1|12|12|但你們的麻煩，和管理你們的重任，並你們的爭訟，我獨自一人怎能擔當得起呢？|zh
23|1|12|12|How is it possible for me by myself to be responsible for you, and undertake the weight of all your troubles and your arguments?|en
24|1|13|13|你們要按著各支派選舉有智慧、有見識、為眾人所認識的，我立他們為你們的首領。|zh
25|1|13|13|Take for yourselves men who are wise, far-seeing, and respected among you, from your tribes, and I will make them rulers over you.|en
26|1|14|14|你們回答我說：照你所說的行了為妙。|zh
27|1|14|14|And you made answer and said to me, It is good for us to do as you say.|en
28|1|15|15|我便將你們各支派的首領，有智慧、為眾人所認識的，照你們的支派，立他們為官長、千夫長、百夫長、五十夫長、十夫長，管理你們。|zh
29|1|15|15|So I took the heads of your tribes, wise men and respected, and made them rulers over you, captains of thousands and captains of hundreds and captains of fifties and captains of tens, and overseers of your tribes.|en
30|1|16|16|當時，我囑咐你們的審判官說：你們聽訟，無論是弟兄彼此爭訟，是與同居的外人爭訟，都要按公義判斷。|zh
31|1|16|16|And at that time I gave orders to your judges, saying, Let all questions between your brothers come before you for hearing, and give decisions uprightly between a man and his brother or one from another nation who is with him.|en
32|1|17|17|審判的時候，不可看人的外貌；聽訟不可分貴賤，不可懼怕人，因為審判是屬乎神的。若有難斷的案件，可以呈到我這裡，我就判斷。|zh
33|1|17|17|In judging, do not let a man's position have any weight with you; give hearing equally to small and great; have no fear of any man, for it is God who is judge: and any cause in which you are not able to give a decision, you are to put before me and I will give it a hearing.|en
34|1|18|18|那時，我將你們所當行的事都吩咐你們了。|zh
35|1|18|18|And at that time I gave you all the orders which you were to do.|en
36|1|19|19|我們照著耶和華─我們神所吩咐的從何烈山起行，經過你們所看見那大而可怕的曠野，往亞摩利人的山地去，到了加低斯巴尼亞。|zh
37|1|19|19|Then we went on from Horeb, through all that great and cruel waste which you saw, on our way to the hill-country of the Amorites, as the Lord gave us orders; and we came to Kadesh-barnea.|en
38|1|20|20|我對你們說：你們已經到了耶和華─我們神所賜給我們的亞摩利人之山地。|zh
39|1|20|20|And I said to you, You have come to the hill-country of the Amorites, which the Lord our God is giving us.|en
40|1|21|21|看哪，耶和華─你的神已將那地擺在你面前，你要照耶和華─你列祖的　神所說的上去得那地為業；不要懼怕，也不要驚惶。|zh
41|1|21|21|See now, the Lord your God has put the land into your hands: go up and take it, as the Lord, the God of your fathers, has said to you; have no fear and do not be troubled.|en
42|1|22|22|你們都就近我來說：我們要先打發人去，為我們窺探那地，將我們上去該走何道，必進何城，都回報我們。|zh
43|1|22|22|And you came near to me, every one of you, and said, Let us send men before us to go through the land with care and give us an account of the way we are to go and the towns to which we will come.|en
44|1|23|23|這話我以為美，就從你們中間選了十二個人，每支派一人。|zh
45|1|23|23|And what you said seemed good to me, and I took twelve men from among you, one from every tribe;|en
46|1|24|24|於是他們起身上山地去，到以實各谷，窺探那地。|zh
47|1|24|24|And they went up into the hill-country and came to the valley of Eshcol, and saw what was there.|en
48|1|25|25|他們手裡拿著那地的果子下來，到我們那裡，回報說：耶和華─我們的神所賜給我們的是美地。|zh
49|1|25|25|And taking in their hands some of the fruit of the land, they came down again to us, and gave us their account, saying, It is a good land which the Lord our God is giving us.|en
50|1|26|26|你們卻不肯上去，竟違背了耶和華─你們神的命令，|zh
51|1|26|26|But going against the order of the Lord your God, you would not go up:|en
52|1|27|27|在帳棚內發怨言說：耶和華因為恨我們，所以將我們從埃及地領出來，要交在亞摩利人手中，除滅我們。|zh
53|1|27|27|And you made an angry outcry in your tents, and said, In his hate for us the Lord has taken us out of the land of Egypt, to give us up into the hands of the Amorites for our destruction.|en
54|1|28|28|我們上那裡去呢？我們的弟兄使我們的心消化，說那地的民比我們又大又高，城邑又廣大又堅固，高得頂天，並且我們在那裡看見亞衲族的人。|zh
55|1|28|28|Where are we going up? Our brothers have made our hearts feeble with fear by saying, The people are greater and taller than we are, and the towns are great and walled up to heaven; and more than this, we have seen the sons of the Anakim there.|en
56|1|29|29|我就對你們說：不要驚恐，也不要怕他們。|zh
57|1|29|29|Then I said to you, Have no fear of them.|en
58|1|30|30|在你們前面行的耶和華─你們的神必為你們爭戰，正如他在埃及和曠野，在你們眼前所行的一樣。|zh
59|1|30|30|The Lord your God who goes before you will be fighting for you, and will do such wonders as he did for you in Egypt before your eyes;|en
60|1|31|31|你們在曠野所行的路上，也曾見耶和華─你們的神撫養你們，如同人撫養兒子一般，直等你們來到這地方。|zh
61|1|31|31|And in the waste land, where you have seen how the Lord was supporting you, as a man does his son, in all your journeying till you came to this place.|en
62|1|32|32|你們在這事上卻不信耶和華─你們的神。|zh
63|1|32|32|But for all this, you had no faith in the Lord your God,|en
64|1|33|33|他在路上，在你們前面行，為你們找安營的地方；夜間在火柱裡，日間在雲柱裡，指示你們所當行的路。|zh
65|1|33|33|Who goes before you on your way, looking for a place where you may put up your tents, in fire by night, lighting up the way you are to go, and in a cloud by day.|en
66|1|34|34|耶和華聽見你們這話，就發怒，起誓說：|zh
67|1|34|34|And the Lord, hearing your words, was angry, and said with an oath,|en
68|1|35|35|這惡世代的人，連一個也不得見我起誓應許賜給你們列祖的美地；|zh
69|1|35|35|Truly, not one of this evil generation will see that good land which I said I would give to your fathers,|en
70|1|36|36|惟有耶孚尼的兒子迦勒必得看見，並且我要將他所踏過的地{賜給他和他的子孫，因為他專心跟從我。|zh
71|1|36|36|But only Caleb, the son of Jephunneh, he will see it; and to him and to his children I will give the land over which his feet have gone, because he has been true to the Lord with all his heart.|en
72|1|37|37|耶和華為你們的緣故也向我發怒，說：你必不得進入那地。|zh
73|1|37|37|And, in addition, the Lord was angry with me because of you, saying, You yourself will not go into it:|en
74|1|38|38|伺候你、嫩的兒子約書亞，他必得進入那地；你要勉勵他，因為他要使以色列人承受那地為業。|zh
75|1|38|38|Joshua, the son of Nun, your servant, he will go into the land: say to him that he is to be strong, for he will be Israel's guide into their heritage.|en
76|1|39|39|並且你們的婦人孩子，就是你們所說、必被擄掠的，和今日不知善惡的兒女，必進入那地。我要將那地賜給他們，他們必得為業。|zh
77|1|39|39|And your little ones, who, you said, would come into strange hands, your children, who now have no knowledge of good or evil, they will go into that land, and to them I will give it and it will be theirs.|en
78|1|40|40|至於你們，要轉回，從紅海的路往曠野去。|zh
79|1|40|40|But as for you, go back, journeying into the waste land by the way of the Red Sea.|en
80|1|41|41|那時，你們回答我說：我們得罪了耶和華，情願照耶和華─我們神一切所吩咐的上去爭戰。於是你們各人帶著兵器，爭先上山地去了。|zh
81|1|41|41|Then you said to me, We have done evil against the Lord, we will go up to the attack, as the Lord our God has given us orders. And arming yourselves every one, you made ready to go up without care into the hill-country.|en
82|1|42|42|耶和華吩咐我說：你對他們說：不要上去，也不要爭戰；因我不在你們中間，恐怕你們被仇敵殺敗了。|zh
83|1|42|42|And the Lord said to me, Say to them, Do not go up to the attack; for I am not among you, and you will be overcome by those who are against you.|en
84|1|43|43|我就告訴了你們，你們卻不聽從，竟違背耶和華的命令，擅自上山地去了。|zh
85|1|43|43|This I said to you, but you gave no attention and went against the orders of the Lord, and in your pride went up into the hill-country.|en
86|1|44|44|住那山地的亞摩利人就出來攻擊你們，追趕你們，如蜂擁一般，在西珥殺退你們，直到何珥瑪。|zh
87|1|44|44|And the Amorites who were in the hill-country came out against you and put you to flight, rushing after you like bees, and overcame you in Seir, driving you even as far as Hormah.|en
88|1|45|45|你們便回來，在耶和華面前哭號；耶和華卻不聽你們的聲音，也不向你們側耳。|zh
89|1|45|45|And you came back, weeping before the Lord; but the Lord gave no attention to your cries and did not give ear to you.|en
90|1|46|46|於是你們在加低斯住了許多日子。|zh
91|1|46|46|So you were kept waiting in Kadesh for a long time.|en
92|2|1|1|此後，我們轉回，從紅海的路往曠野去，是照耶和華所吩咐我的。我們在西珥山繞行了許多日子。|zh
93|2|1|1|Then we went back, journeying into the waste land by the way to the Red Sea, as the Lord had said to me: and we were a long time going round Mount Seir.|en
94|2|2|2|耶和華對我說：|zh
95|2|2|2|And the Lord said to me,|en
96|2|3|3|你們繞行這山的日子夠了，要轉向北去。|zh
97|2|3|3|You have been journeying round this mountain long enough: now go to the north;|en
98|2|4|4|你吩咐百姓說：你們弟兄以掃的子孫住在西珥，你們要經過他們的境界。他們必懼怕你們，所以你們要分外謹慎。|zh
99|2|4|4|And give the people orders, saying, You are about to go through the land of your brothers, the children of Esau, who are living in Seir; and they will have fear of you; so take care what you do:|en
100|2|5|5|不可與他們爭戰；他們的地，連腳掌可踏之處，我都不給你們，因我已將西珥山賜給以掃為業。|zh
101|2|5|5|Make no attack on them, for I will not give you any of their land, not even space enough for a man's foot: because I have given Mount Seir to Esau for his heritage.|en
102|2|6|6|你們要用錢向他們買糧吃，也要用錢向他們買水喝。|zh
103|2|6|6|You may get food for your needs from them for a price, and water for drinking.|en
104|2|7|7|因為耶和華─你的神在你手裡所辦的一切事上已賜福與你。你走這大曠野，他都知道了。這四十年，耶和華─你的　神常與你同在，故此你一無所缺。|zh
105|2|7|7|For the blessing of the Lord your God has been on you in all the work of your hands: he has knowledge of your wanderings through this great waste: these forty years the Lord your God has been with you, and you have been short of nothing.|en
106|2|8|8|於是，我們離了我們弟兄以掃子孫所住的西珥，從亞拉巴的路，經過以拉他、以旬迦別，轉向摩押曠野的路去。|zh
107|2|8|8|So we went on past our brothers, the children of Esau, living in Seir, by the road through the Arabah, from Elath and Ezion-geber. And turning, we went by the road through the waste land of Moab.|en
108|2|9|9|耶和華吩咐我說：不可擾害摩押人，也不可與他們爭戰。他們的地，我不賜給你為業，因我已將亞珥賜給羅得的子孫為業。|zh
109|2|9|9|And the Lord said to me, Make no attack on Moab and do not go to war with them, for I will not give you any of his land: because I have given Ar to the children of Lot for their heritage.|en
110|2|10|10|（先前，有以米人住在那裡，民數眾多，身體高大，像亞衲人一樣。|zh
111|2|10|10|(In the past the Emim were living there; a great people, equal in numbers to the Anakim and as tall;|en
112|2|11|11|這以米人像亞衲人；也算為利乏音人；摩押人稱他們為以米人。|zh
113|2|11|11|They are numbered among the Rephaim, like the Anakim; but are named Emim by the Moabites.|en
114|2|12|12|先前，何利人也住在西珥，但以掃的子孫將他們除滅，得了他們的地，接著居住，就如以色列在耶和華賜給他為業之地所行的一樣。）|zh
115|2|12|12|And the Horites in earlier times were living in Seir, but the children of Esau took their place; they sent destruction on them and took their land for themselves, as Israel did to the land of his heritage which the Lord gave them.)|en
116|2|13|13|現在，起來過撒烈溪！於是我們過了撒烈溪。|zh
117|2|13|13|Get up now, and go over the stream Zered. So we went over the stream Zered.|en
118|2|14|14|自從離開加低斯巴尼亞，到過了撒烈溪的時候，共有三十八年，等那世代的兵丁都從營中滅盡，正如耶和華向他們所起的誓。|zh
119|2|14|14|Thirty-eight years had gone by from the time when we came away from Kadesh-barnea till we went over the stream Zered; by that time all the generation of the men of war among us were dead, as the Lord had said.|en
120|2|15|15|耶和華的手也攻擊他們，將他們從營中除滅，直到滅盡。|zh
121|2|15|15|For the hand of the Lord was against them, working their destruction, till all were dead.|en
122|2|16|16|兵丁從民中都滅盡死亡以後，|zh
123|2|16|16|So when death had overtaken all the men of war among the people,|en
124|2|17|17|耶和華吩咐我說：|zh
125|2|17|17|The word of the Lord came to me, saying,|en
126|2|18|18|你今天要從摩押的境界亞珥經過，|zh
127|2|18|18|You are about to go by Ar, the limit of the country of Moab;|en
128|2|19|19|走近亞捫人之地，不可擾害他們，也不可與他們爭戰。亞捫人的地，我不賜給你們為業，因我已將那地賜給羅得的子孫為業。|zh
129|2|19|19|And when you come near the land of the children of Ammon, give them no cause of trouble and do not make war on them, for I will not give you any of the land of the children of Ammon for your heritage: because I have given it to the children of Lot.|en
130|2|20|20|（那地也算為利乏音人之地，先前利乏音人住在那裡，亞捫人稱他們為散送冥。|zh
131|2|20|20|(That land is said to have been a land of the Rephaim, for Rephaim had been living there in earlier times, but they were named Zamzummim by the Ammonites;|en
132|2|21|21|那民眾多，身體高大，像亞衲人一樣，但耶和華從亞捫人面前除滅他們，亞捫人就得了他們的地，接著居住。|zh
133|2|21|21|They were a great people, tall as the Anakim, and equal to them in number; but the Lord sent destruction on them and the children of Ammon took their place, living in their land;|en
134|2|22|22|正如耶和華從前為住西珥的以掃子孫將何利人從他們面前除滅、他們得了何利人的地、接著居住一樣，直到今日。|zh
135|2|22|22|As he did for the children of Esau living in Seir, when he sent destruction on the Horites before them, and they took their land where they are living to this day:|en
136|2|23|23|從迦斐託出來的迦斐託人將先前住在鄉村直到迦薩的亞衛人除滅，接著居住。）|zh
137|2|23|23|And the Avvim, living in the small towns as far as Gaza, came to destruction by the hands of the Caphtorim who came out from Caphtor and took their land.)|en
138|2|24|24|你們起來前往，過亞嫩谷；我已將亞摩利人希實本王西宏和他的地交在你手中，你要與他爭戰，得他的地為業。|zh
139|2|24|24|Get up now, and go on your journey, crossing over the valley of the Arnon: see, I have given into your hands Sihon, the Amorite, king of Heshbon, and all his land: go forward to make it yours, and make war on him,|en
140|2|25|25|從今日起，我要使天下萬民聽見你的名聲都驚恐懼怕，且因你發顫傷慟。|zh
141|2|25|25|From now on I will put the fear of you in all peoples under heaven, who, hearing of you, will be shaking with fear and grief of heart because of you.|en
142|2|26|26|我從基底莫的曠野差遣使者去見希實本王西宏，用和睦的話說：|zh
143|2|26|26|Then from the waste land of Kedemoth I sent representatives to Sihon, king of Heshbon, with words of peace, saying,|en
144|2|27|27|求你容我從你的地經過，只走大道，不偏左右。|zh
145|2|27|27|Let me go through your land: I will keep to the highway, not turning to the right or to the left;|en
146|2|28|28|你可以賣糧給我吃，也可以賣水給我喝，只要容我步行過去，|zh
147|2|28|28|Let me have food, at a price, for my needs, and water for drinking: only let me go through on foot;|en
148|2|29|29|就如住西珥的以掃子孫和住亞珥的摩押人待我一樣，等我過了約但河，好進入耶和華─我們神所賜給我們的地。|zh
149|2|29|29|As the children of Esau did for me in Seir and the Moabites in Ar; till I have gone over Jordan into the land which the Lord our God is giving us.|en
150|2|30|30|但希實本王西宏不容我們從他那裡經過；因為耶和華─你的神使他心中剛硬，性情頑梗，為要將他交在你手中，像今日一樣。|zh
151|2|30|30|But Sihon, king of Heshbon, would not let us go through; for the Lord your God made his spirit hard and his heart strong, so that he might give him up into your hands as at this day.|en
152|2|31|31|耶和華對我說：從此起首，我要將西宏和他的地交給你；你要得他的地為業。|zh
153|2|31|31|And the Lord said to me, See, from now on I have given Sihon and his land into your hands: go forward now to take his land and make it yours.|en
154|2|32|32|那時，西宏和他的眾民出來攻擊我們，在雅雜與我們交戰。|zh
155|2|32|32|Then Sihon came out against us with all his people, to make an attack on us at Jahaz.|en
156|2|33|33|耶和華─我們的神將他交給我們，我們就把他和他的兒子，並他的眾民，都擊殺了。|zh
157|2|33|33|And the Lord our God gave him into our hands; and we overcame him and his sons and all his people.|en
158|2|34|34|我們奪了他的一切城邑，將有人煙的各城，連女人帶孩子，盡都毀滅，沒有留下一個。|zh
159|2|34|34|At that time we took all his towns, and gave them over to complete destruction, together with men, women, and children; we had no mercy on any:|en
160|2|35|35|惟有牲畜和所奪的各城，並其中的財物，都取為自己的掠物。|zh
161|2|35|35|Only the cattle we took for ourselves, with the goods from the towns we had taken.|en
162|2|36|36|從亞嫩谷邊的亞羅珥和谷中的城，直到基列，耶和華─我們的神都交給我們了，沒有一座城高得使我們不能攻取的。|zh
163|2|36|36|From Aroer on the edge of the valley of the Arnon and from the town in the valley as far as Gilead, no town was strong enough to keep us out; the Lord our God gave them all into our hands:|en
164|2|37|37|惟有亞捫人之地，凡靠近雅博河的地，並山地的城邑，與耶和華─我們神所禁止我們去的地方，都沒有挨近。|zh
165|2|37|37|But you did not go near the land of the children of Ammon, that is, all the side of the river Jabbok or the towns of the hill-country, wherever the Lord our God had said we were not to go.|en
166|3|1|1|以後，我們轉回，向巴珊去。巴珊王噩和他的眾民都出來，在以得來與我們交戰。|zh
167|3|1|1|Then turning we took the road to Bashan: and Og, king of Bashan, came out against us with all his people, and made an attack on us at Edrei.|en
168|3|2|2|耶和華對我說：不要怕他！因我已將他和他的眾民，並他的地，都交在你手中；你要待他像從前待住希實本的亞摩利王西宏一樣。|zh
169|3|2|2|And the Lord said to me, Have no fear of him: for I have given him and all his people and his land into your hands; do to him as you did to Sihon, king of the Amorites, who was ruling in Heshbon.|en
170|3|3|3|於是耶和華─我們的神也將巴珊王噩和他的眾民都交在我們手中；我們殺了他們，沒有留下一個。|zh
171|3|3|3|So the Lord our God gave up Og, king of Bashan, and all his people into our hands; and we overcame him so completely that all his people came to their end in the fight.|en
172|3|4|4|那時，我們奪了他所有的城，共有六十座，沒有一座城不被我們所奪。這為亞珥歌伯的全境，就是巴珊地噩王的國。|zh
173|3|4|4|At that time we took all his towns; there was not one town of the sixty towns, all the country of Argob, the kingdom of Og in Bashan, which we did not take.|en
174|3|5|5|這些城都有堅固的高牆，有門有閂。此外還有許多無城牆的鄉村。|zh
175|3|5|5|All these towns had high walls round them with doors and locks; and in addition we took a great number of unwalled towns.|en
176|3|6|6|我們將這些都毀滅了，像從前待希實本王西宏一樣，把有人煙的各城，連女人帶孩子，盡都毀滅；|zh
177|3|6|6|And we put them to the curse, every town together with men, women, and children.|en
178|3|7|7|惟有一切牲畜和城中的財物都取為自己的掠物。|zh
179|3|7|7|But we took for ourselves all the cattle and the stored wealth of the towns.|en
180|3|8|8|那時，我們從約但河東兩個亞摩利王的手將亞嫩谷直到黑門山之地奪過來|zh
181|3|8|8|At that time we took their land from the two kings of the Amorites on the far side of Jordan, from the valley of the Arnon to Mount Hermon;|en
182|3|9|9|（這黑門山，西頓人稱為西連，亞摩利人稱為示尼珥），|zh
183|3|9|9|(By the Sidonians, Hermon is named Sirion, and by the Amorites Shenir;)|en
184|3|10|10|就是奪了平原的各城、基列全地、巴珊全地，直到撒迦和以得來，都是巴珊王噩國內的城邑。|zh
185|3|10|10|All the towns of the table-land and all Gilead and Bashan as far as Salecah and Edrei, towns of the kingdom of Og in Bashan.|en
186|3|11|11|（利乏音人所剩下的只有巴珊王噩。他的床是鐵的，長九肘，寬四肘，都是以人肘為度。現今豈不是在亞捫人的拉巴麼？）|zh
187|3|11|11|(For Og, king of Bashan, was the last of all the Rephaim; his bed was made of iron; is it not in Rabbah, in the land of the children of Ammon? It was nine cubits long and four cubits wide, measured by the common cubit.)|en
188|3|12|12|那時，我們得了這地。從亞嫩谷邊的亞羅珥起，我將基列山地的一半，並其中的城邑，都給了流便人和迦得人。|zh
189|3|12|12|And this land which we took at that time, from Aroer by the valley of the Arnon, and half the hill-country of Gilead with its towns, I gave to the Reubenites and the Gadites.|en
190|3|13|13|其餘的基列地和巴珊全地，就是噩王的國，我給了瑪拿西半支派。亞珥歌伯全地乃是巴珊全地；這叫做利乏音人之地。|zh
191|3|13|13|The rest of Gilead and all Bashan, the kingdom of Og, all the land of Argob, together with Bashan, I gave to the half-tribe of Manasseh. (This land is named the land of the Rephaim.|en
192|3|14|14|瑪拿西的子孫睚珥佔了亞珥歌伯全境，直到基述人和瑪迦人的交界，就按自己的名稱這巴珊地為哈倭特睚珥，直到今日。|zh
193|3|14|14|Jair, the son of Manasseh, took all the land of Argob, as far as the country of the Geshurites and the Maacathites, naming it, Bashan, Havvoth-Jair after himself, as it is to this day.)|en
194|3|15|15|我又將基列給了瑪吉。|zh
195|3|15|15|And Gilead I gave to Machir.|en
196|3|16|16|從基列到亞嫩谷，以谷中為界，直到亞捫人交界的雅博河，我給了流便人和迦得人，|zh
197|3|16|16|And the land from Gilead to the valley of the Arnon, with the middle of the valley as a limit, as far as the river Jabbok which is the limit of the country of the children of Ammon, I gave to the Reubenites and the Gadites;|en
198|3|17|17|又將亞拉巴和靠近約但河之地，從基尼烈直到亞拉巴海，就是鹽海，並毘斯迦山根東邊之地，都給了他們。|zh
199|3|17|17|As well as the Arabah, with the river Jordan as their limit, from Chinnereth to the Salt Sea, under the slopes of Pisgah to the east.|en
200|3|18|18|那時，我吩咐你們說：耶和華─你們的神已將這地賜給你們為業；你們所有的勇士都要帶著兵器，在你們的弟兄以色列人前面過去。|zh
201|3|18|18|At that time I gave you orders, saying, The Lord has given you this land for your heritage: all the men of war are to go over armed before your brothers the children of Israel.|en
202|3|19|19|但你們的妻子、孩子、牲畜（我知道你們有許多的牲畜）可以住在我所賜給你們的各城裡。|zh
203|3|19|19|But your wives and your little ones and your cattle (for it is clear that you have much cattle) may go on living in the towns I have given you;|en
204|3|20|20|等到你們弟兄在約但河那邊，也得耶和華─你們神所賜給他們的地，又使他們得享平安，與你們一樣，你們才可以回到我所賜給你們為業之地。|zh
205|3|20|20|Till the Lord has given rest to your brothers as to you, and till they have taken for themselves the land which the Lord your God is giving them on the other side of Jordan: then you may go back, every man of you, to the heritage which I have given you.|en
206|3|21|21|那時我吩咐約書亞說：你親眼看見了耶和華─你神向這二王所行的；耶和華也必向你所要去的各國照樣行。|zh
207|3|21|21|And I gave orders to Joshua at that time, saying, Your eyes have seen what the Lord your God has done to these two kings: so will the Lord do to all the kingdoms into which you come.|en
208|3|22|22|你不要怕他們，因那為你爭戰的是耶和華─你的神。|zh
209|3|22|22|Have no fear of them, for the Lord your God will be fighting for you.|en
210|3|23|23|那時，我懇求耶和華說：|zh
211|3|23|23|And at that time I made request to the Lord, saying,|en
212|3|24|24|主耶和華阿，你已將你的大力大能顯給僕人看。在天上，在地下，有甚麼神能像你行事、像你有大能的作為呢？|zh
213|3|24|24|O Lord God, you have now for the first time let your servant see your great power and the strength of your hand; for what god is there in heaven or on earth able to do such great works and such acts of power?|en
214|3|25|25|求你容我過去，看約但河那邊的美地，就是那佳美的山地和利巴嫩。|zh
215|3|25|25|Let me go over, O Lord, and see the good land on the other side of Jordan, and that fair mountain country, even Lebanon.|en
216|3|26|26|但耶和華因你們的緣故向我發怒，不應允我，對我說：罷了！你不要向我再題這事。|zh
217|3|26|26|But the Lord was angry with me because of you and would not give ear to my prayer; and the Lord said to me, Let it be enough, say no more about this thing.|en
218|3|27|27|你且上毘斯迦山頂去，向東、西、南、北舉目觀望，因為你必不能過這約但河。|zh
219|3|27|27|Go up to the top of Pisgah, and turning your eyes to the west and the north, to the south and the east, see the land with your eyes: for you are not to go over Jordan.|en
220|3|28|28|你卻要囑咐約書亞，勉勵他，使他膽壯；因為他必在這百姓前面過去，使他們承受你所要觀看之地。|zh
221|3|28|28|But give my orders to Joshua, comforting him and making him strong; for he is to go over Jordan at the head of this people, and he will give them this land which you will see for their heritage.|en
222|3|29|29|於是我們住在伯毘珥對面的谷中。|zh
223|3|29|29|So we were waiting in the valley facing Beth-peor.|en
224|4|1|1|以色列人哪，現在我所教訓你們的律例典章，你們要聽從遵行，好叫你們存活，得以進入耶和華─你們列祖之神所賜給你們的地，承受為業。|zh
225|4|1|1|And now give ear, O Israel, to the laws and the decisions which I am teaching you, and do them; so that life may be yours, and you may go in and take for yourselves the land which the Lord, the God of your fathers, is giving you.|en
226|4|2|2|所吩咐你們的話，你們不可加添，也不可刪減，好叫你們遵守我所吩咐的，就是耶和華─你們神的命令。|zh
227|4|2|2|Make no addition to the orders which I give you, and take nothing from them, but keep the orders of the Lord your God which I give you.|en
228|4|3|3|耶和華因巴力毘珥的事所行的，你們親眼看見了。凡隨從巴力毘珥的人，耶和華─你們的神都從你們中間除滅了。|zh
229|4|3|3|Your eyes have seen what the Lord did because of Baal-peor: for destruction came from the Lord on all those among you who went after Baal-peor.|en
230|4|4|4|惟有你們專靠耶和華─你們神的人，今日全都存活。|zh
231|4|4|4|But you who kept faith with the Lord are living, every one of you, today.|en
232|4|5|5|我照著耶和華─我神所吩咐的將律例典章教訓你們，使你們在所要進去得為業的地上遵行。|zh
233|4|5|5|I have been teaching you laws and decisions, as I was ordered to do by the Lord my God, so that you might keep them in the land to which you are going to take it for your heritage.|en
234|4|6|6|所以你們要謹守遵行；這就是你們在萬民眼前的智慧、聰明。他們聽見這一切律例，必說：這大國的人真是有智慧，有聰明！|zh
235|4|6|6|So keep these laws and do them; for so will your wisdom and good sense be clear in the eyes of the peoples, who hearing all these laws will say, Truly, this great nation is a wise and far-seeing people.|en
236|4|7|7|那一大國的人有神與他們相近，像耶和華─我們的　神、在我們求告他的時候與我們相近呢？|zh
237|4|7|7|For what great nation has a god so near to them as the Lord our God is, whenever we are turned to him in prayer?|en
238|4|8|8|又那一大國有這樣公義的律例典章、像我今日在你們面前所陳明的這一切律法呢？|zh
239|4|8|8|And what great nation has laws and decisions so right as all this law which I put before you today?|en
240|4|9|9|你只要謹慎，殷勤保守你的心靈，免得忘記你親眼所看見的事，又免得你一生這事離開你的心；總要傳給你的子子孫孫。|zh
241|4|9|9|Only take care, and keep watch on your soul, for fear that the things which your eyes have seen go from your memory and from your heart all the days of your life; but let the knowledge of them be given to your children and to your children's children;|en
242|4|10|10|你在何烈山站在耶和華─你神面前的那日，耶和華對我說：你為我招聚百姓，我要叫他們聽見我的話，使他們存活在世的日子，可以學習敬畏我，又可以教訓兒女這樣行。|zh
243|4|10|10|That day when you were waiting before the Lord your God in Horeb, and the Lord said to me, Make all the people come together, so that hearing my words they may go in fear of me all the days of their life on earth and give this teaching to their children.|en
244|4|11|11|那時你們近前來，站在山下；山上有火焰沖天，並有昏黑、密雲、幽暗。|zh
245|4|11|11|And you came near, waiting at the foot of the mountain; and flames of fire went up from the mountain to the heart of heaven, with dark clouds, and all was black as night.|en
246|4|12|12|耶和華從火焰中對你們說話，你們只聽見聲音，卻沒有看見形像。|zh
247|4|12|12|And the voice of the Lord came to you out of the fire: the sound of his words came to your ears but you saw no form; there was nothing but a voice.|en
248|4|13|13|他將所吩咐你們當守的約指示你們，就是十條誡，並將這誡寫在兩塊石版上。|zh
249|4|13|13|And he gave you his agreement with you, the ten rules which you were to keep, which he put in writing on the two stones of the law.|en
250|4|14|14|那時耶和華又吩咐我將律例典章教訓你們，使你們在所要過去得為業的地上遵行。|zh
251|4|14|14|And the Lord gave me orders at that time to make clear to you these laws and decisions, so that you might do them in the land to which you are going, and which is to be your heritage.|en
252|4|15|15|所以，你們要分外謹慎；因為耶和華在何烈山、從火中對你們說話的那日，你們沒有看見甚麼形像。|zh
253|4|15|15|So keep watch on yourselves with care; for you saw no form of any sort on the day when the voice of the Lord came to you in Horeb out of the heart of the fire:|en
254|4|16|16|惟恐你們敗壞自己，雕刻偶像，彷彿甚麼男像女像，|zh
255|4|16|16|So that you may not be turned to evil ways and make for yourselves an image in the form of any living thing, male or female,|en
256|4|17|17|或地上走獸的像，或空中飛鳥的像，|zh
257|4|17|17|Or any beast of the earth, or winged bird of the air,|en
258|4|18|18|或地上爬物的像，或地底下水中魚的像。|zh
259|4|18|18|Or of anything which goes flat on the earth, or any fish in the water under the earth.|en
260|4|19|19|又恐怕你向天舉目觀看，見耶和華─你的神為天下萬民所擺列的日月星，就是天上的萬象，自己便被勾引敬拜事奉他。|zh
261|4|19|19|And when your eyes are lifted up to heaven, and you see the sun and the moon and the stars, all the army of heaven, do not let yourselves be moved to give them worship, or become the servants of what the Lord has given equally to all peoples under heaven.|en
262|4|20|20|耶和華將你們從埃及領出來，脫離鐵爐，要特作自己產業的子民，像今日一樣。|zh
263|4|20|20|But the Lord has taken you out of the flaming fire, out of Egypt, to be to him the people of his heritage, as you are today.|en
264|4|21|21|耶和華又因你們的緣故向我發怒，起誓必不容我過約但河，也不容我進入耶和華─你神所賜你為業的那美地。|zh
265|4|21|21|And the Lord was angry with me because of you, and made an oath that I was not to go over Jordan into the good land which the Lord is giving you for your heritage:|en
266|4|22|22|我只得死在這地，不能過約但河；但你們必過去得那美地。|zh
267|4|22|22|But death is to come to me in this land, I may not go over Jordan: but you will go over and take that good land for your heritage.|en
268|4|23|23|你們要謹慎，免得忘記耶和華─你們神與你們所立的約，為自己雕刻偶像，就是耶和華─你　神所禁止你做的偶像；|zh
269|4|23|23|Take care that you do not let the agreement of the Lord your God, which he has made with you, go out of your mind, or make for yourselves images of any sort, against the orders which the Lord your God has given you.|en
270|4|24|24|因為耶和華─你的神乃是烈火，是忌邪的　神。|zh
271|4|24|24|For the Lord your God is an all-burning fire, and he will not let the honour which is his be given to any other.|en
272|4|25|25|你們在那地住久了，生子生孫，就雕刻偶像，彷彿甚麼形像，敗壞自己，行耶和華─你神眼中看為惡的事，惹他發怒。|zh
273|4|25|25|If, when you have had children and children's children, and have been living a long time in the land, you are turned to evil ways, and make an image of any sort, and do evil in the eyes of the Lord your God, moving him to wrath:|en
274|4|26|26|我今日呼天喚地向你們作見證，你們必在過約但河得為業的地上速速滅盡！你們不能在那地上長久，必盡行除滅。|zh
275|4|26|26|May heaven and earth be my witnesses against you today, that destruction will quickly overtake you, cutting you off from that land which you are going over Jordan to take; your days will not be long in that land, but you will come to a complete end.|en
276|4|27|27|耶和華必使你們分散在萬民中；在他所領你們到的萬國裡，你們剩下的人數稀少。|zh
277|4|27|27|And the Lord will send you wandering among the peoples; only a small band of you will be kept from death among the nations where the Lord will send you.|en
278|4|28|28|在那裡，你們必事奉人手所造的神，就是用木石造成、不能看、不能聽、不能吃、不能聞的　神。|zh
279|4|28|28|There you will be the servants of gods, made by men's hands, of wood and stone, having no power of seeing or hearing or taking food or smelling.|en
280|4|29|29|但你們在那裡必尋求耶和華─你的神。你盡心盡性尋求他的時候，就必尋見。|zh
281|4|29|29|But if in those lands you are turned again to the Lord your God, searching for him with all your heart and soul, he will not keep himself from you.|en
282|4|30|30|日後你遭遇一切患難的時候，你必歸回耶和華─你的神，聽從他的話。|zh
283|4|30|30|When you are in trouble and all these things have come on you, if, in the future, you are turned again to the Lord your God, and give ear to his voice:|en
284|4|31|31|耶和華─你神原是有憐憫的　神；他總不撇下你，不滅絕你，也不忘記他起誓與你列祖所立的約。|zh
285|4|31|31|Because the Lord your God is a God of mercy, he will not take away his help from you or let destruction overtake you, or be false to the agreement which he made by an oath with your fathers.|en
286|4|32|32|你且考察在你以前的世代，自神造人在世以來，從天這邊到天那邊，曾有何民聽見　神在火中說話的聲音，像你聽見還能存活呢？|zh
287|4|32|32|Give thought now to the days which are past, before your time, from the day when God first gave life to man on the earth, and searching from one end of heaven to the other, see if such a great thing as this has ever been, or if anything like it has been talked of in story.|en
288|4|33|33|這樣的大事何曾有、何曾聽見呢？|zh
289|4|33|33|Has any people ever gone on living after hearing the voice of God out of the heart of the fire as you did?|en
290|4|34|34|神何曾從別的國中將一國的人民領出來，用試驗、神蹟、奇事、爭戰、大能的手，和伸出來的膀臂，並大可畏的事，像耶和華─你們的神在埃及，在你們眼前為你們所行的一切事呢？|zh
291|4|34|34|Has God ever before taken a nation for himself from out of another nation, by punishments and signs and wonders, by war and by a strong hand and a stretched-out arm and great acts of wonder and fear, as the Lord your God did for you in Egypt, before your very eyes?|en
292|4|35|35|這是顯給你看，要使你知道，惟有耶和華─他是神，除他以外，再無別神。|zh
293|4|35|35|All this he let you see, so that you might be certain that the Lord is God and there is no other.|en
294|4|36|36|他從天上使你聽見他的聲音，為要教訓你，又在地上使你看見他的烈火，並且聽見他從火中所說的話。|zh
295|4|36|36|Out of heaven itself his voice came to you, teaching you; and on earth he let you see his great fire; and his words came to your ears out of the heart of the fire.|en
296|4|37|37|因他愛你的列祖，所以揀選他們的後裔，用大能親自領你出了埃及，|zh
297|4|37|37|And because of his love for your fathers, he took their seed and made it his, and he himself, present among you, took you out of Egypt by his great power;|en
298|4|38|38|要將比你強大的國民從你面前趕出，領你進去，將他們的地賜你為業，像今日一樣。|zh
299|4|38|38|Driving out before you nations greater and stronger than you, to take you into their land and give it to you for your heritage, as at this day.|en
300|4|39|39|所以，今日你要知道，也要記在心上，天上地下惟有耶和華他是神，除他以外，再無別神。|zh
301|4|39|39|So today be certain, and keep the knowledge deep in your hearts, that the Lord is God, in heaven on high and here on earth; there is no other God.|en
302|4|40|40|我今日將他的律例誡命曉諭你，你要遵守，使你和你的子孫可以得福，並使你的日子在耶和華─你神所賜的地上得以長久。|zh
303|4|40|40|Then keep his laws and his orders which I give you today, so that it may be well for you and for your children after you, and that your lives may be long in the land which the Lord your God is giving you for ever.|en
304|4|41|41|那時，摩西在約但河東，向日出之地，分定三座城，|zh
305|4|41|41|Then Moses had three towns marked out on the far side of Jordan looking to the east;|en
306|4|42|42|使那素無仇恨、無心殺了人的，可以逃到這三城之中的一座城，就得存活：|zh
307|4|42|42|To which anyone causing the death of his neighbour in error and not through hate, might go in flight; so that in one of these towns he might be kept from death:|en
308|4|43|43|為流便人分定曠野平原的比悉；為迦得人分定基列的拉末；為瑪拿西人分定巴珊的哥蘭。|zh
309|4|43|43|The names of the towns were Bezer in the waste land, in the table-land, for the Reubenites; and Ramoth in Gilead for the Gadites; and Golan in Bashan for Manasseh.|en
310|4|44|44|摩西在以色列人面前所陳明的律法─|zh
311|4|44|44|This is the law which Moses put before the children of Israel:|en
312|4|45|45|就是摩西在以色列人出埃及後所傳給他們的法度、律例、典章；|zh
313|4|45|45|These are the rules and the laws and the decisions which Moses gave to the children of Israel after they came out of Egypt;|en
314|4|46|46|在約但河東伯毘珥對面的谷中，在住希實本、亞摩利王西宏之地；這西宏是摩西和以色列人出埃及後所擊殺的。|zh
315|4|46|46|On the far side of Jordan, in the valley facing Beth-peor, in the land of Sihon, king of the Amorites, who was ruling in Heshbon, whom Moses and the children of Israel overcame after they had come out of Egypt:|en
316|4|47|47|他們得了他的地，又得了巴珊王噩的地，就是兩個亞摩利王，在約但河東向日出之地。|zh
317|4|47|47|And they took his land for a heritage, and the land of Og, king of Bashan, the two kings of the Amorites, whose lands were on the other side of Jordan to the east;|en
318|4|48|48|從亞嫩谷邊的亞羅珥，直到西雲山，就是黑門山。|zh
319|4|48|48|From Aroer on the edge of the valley of the Arnon as far as Mount Sion, which is Hermon,|en
320|4|49|49|還有約但河東的全亞拉巴，直到亞拉巴海，靠近毘斯迦山根。|zh
321|4|49|49|And all the Arabah on the far side of Jordan to the east, as far as the sea of the Arabah under the slopes of Pisgah.|en
322|5|1|1|摩西將以色列眾人召了來，對他們說：以色列人哪，我今日曉諭你們的律例典章，你們要聽，可以學習，謹守遵行。|zh
323|5|1|1|And Moses sent for all Israel, and said to them, Give ear, O Israel, to the laws and the decisions which I give you today, and give attention to them so that you may keep and do them.|en
324|5|2|2|耶和華─我們的神在何烈山與我們立約。|zh
325|5|2|2|The Lord our God made an agreement with us in Horeb.|en
326|5|3|3|這約不是與我們列祖立的，乃是與我們今日在這裡存活之人立的。|zh
327|5|3|3|The Lord did not make this agreement with our fathers but with us, who are all living and present here today.|en
328|5|4|4|耶和華在山上，從火中，面對面與你們說話─|zh
329|5|4|4|The word of the Lord came to you face to face on the mountain, out of the heart of the fire,|en
330|5|5|5|那時我站在耶和華和你們中間，要將耶和華的話傳給你們；因為你們懼怕那火，沒有上山─說：|zh
331|5|5|5|(I was between the Lord and you at that time, to make clear to you the word of the Lord: because, through fear of the fire, you did not go up the mountain;) saying,|en
332|5|6|6|我是耶和華─你的神，曾將你從埃及地為奴之家領出來。|zh
333|5|6|6|I am the Lord your God, who took you out of the land of Egypt, out of the prison-house.|en
334|5|7|7|除了我以外，你不可有別的神。|zh
335|5|7|7|You are to have no other gods but me.|en
336|5|8|8|不可為自己雕刻偶像，也不可做甚麼形像，彷彿上天、下地和地底下、水中的百物。|zh
337|5|8|8|You may not make for yourselves an image in the form of anything in heaven or on earth or in the waters under the earth:|en
338|5|9|9|不可跪拜那些像，也不可事奉他，因為我耶和華─你的神是忌邪的　神。恨我的，我必追討他的罪，自父及子，直到三、四代；|zh
339|5|9|9|You may not go down on your faces before them or give them worship: for I, the Lord your God, am a God who will not give his honour to another; and I will send punishment on the children for the wrongdoing of their fathers, to the third and fourth generation of my haters;|en
340|5|10|10|愛我、守我誡命的，我必向他們發慈愛，直到千代。|zh
341|5|10|10|And I will have mercy through a thousand generations on those who have love for me and keep my laws.|en
342|5|11|11|不可妄稱耶和華─你神的名；因為妄稱耶和華名的，耶和華必不以他為無罪。|zh
343|5|11|11|You are not to make use of the name of the Lord your God for an evil purpose; whoever takes the Lord's name on his lips for an evil purpose will be judged as a sinner by the Lord.|en
344|5|12|12|當照耶和華─你神所吩咐的守安息日為聖日。|zh
345|5|12|12|Keep the Sabbath day as a holy day, as you have been ordered by the Lord your God.|en
346|5|13|13|六日要勞碌做你一切的工，|zh
347|5|13|13|On six days do all your work:|en
348|5|14|14|但第七日是向耶和華─你神當守的安息日。這一日，你和你的兒女、僕婢、牛、驢、牲畜，並在你城裡寄居的客旅，無論何工都不可做，使你的僕婢可以和你一樣安息。|zh
349|5|14|14|But the seventh day is a Sabbath to the Lord your God; on that day do no work, you or your son or your daughter, or your man-servant or your woman-servant, or your ox or your ass or any of your cattle, or the man from a strange country who is living among you; so that your man-servant and your woman-servant may have rest as well as you.|en
350|5|15|15|你也要記念你在埃及地作過奴僕；耶和華─你神用大能的手和伸出來的膀臂將你從那裡領出來。因此，耶和華─你的　神吩咐你守安息日。|zh
351|5|15|15|And keep in mind that you were a servant in the land of Egypt, and that the Lord your God took you out of that land by his strong hand and his stretched-out arm: for this reason the Lord has given you orders to keep the Sabbath day.|en
352|5|16|16|當照耶和華─你神所吩咐的孝敬父母，使你得福，並使你的日子在耶和華─你　神所賜你的地上得以長久。|zh
353|5|16|16|Give honour to your father and your mother, as you have been ordered by the Lord your God; so that your life may be long and all may be well for you in the land which the Lord your God is giving you.|en
354|5|17|17|不可殺人。|zh
355|5|17|17|Do not put anyone to death without cause.|en
356|5|18|18|不可姦淫。|zh
357|5|18|18|Do not be false to the married relation.|en
358|5|19|19|不可偷盜。|zh
359|5|19|19|Do not take the property of another.|en
360|5|20|20|不可作假見證陷害人。|zh
361|5|20|20|Do not give false witness against your neighbour;|en
362|5|21|21|不可貪戀人的妻子；也不可貪圖人的房屋、田地、僕婢、牛、驢，並他一切所有的。|zh
363|5|21|21|Or let your desire be turned to your neighbour's wife, or his house or his field or his man-servant or his woman-servant or his ox or his ass or anything which is your neighbour's.|en
364|5|22|22|這些話是耶和華在山上，從火中、雲中、幽暗中，大聲曉諭你們全會眾的；此外並沒有添別的話。他就把這話寫在兩塊石版上，交給我了。|zh
365|5|22|22|These words the Lord said to all of you together on the mountain, out of the heart of the fire, out of the cloud and the dark, with a great voice: and he said no more; he put them in writing on the two stones of the law and gave them to me.|en
366|5|23|23|那時，火焰燒山，你們聽見從黑暗中出來的聲音；你們支派中所有的首領和長老都來就近我，|zh
367|5|23|23|And after hearing the voice which came out of the dark while the mountain was burning with fire, all the heads of your tribes and your chiefs came to me,|en
368|5|24|24|說：看哪，耶和華─我們神將他的榮光和他的大能顯給我們看，我們又聽見他的聲音從火中出來。今日我們得見　神與人說話，人還存活。|zh
369|5|24|24|And said, The Lord has let us see his glory and his power, and his voice has come to us out of the fire: today we have seen that a man may go on living even after hearing the voice of God.|en
370|5|25|25|現在這大火將要燒滅我們，我們何必冒死呢？若再聽見耶和華─我們神的聲音就必死亡。|zh
371|5|25|25|Why then is death to be our fate? For if the voice of the Lord our God comes to us any more, death will overtake us, and we will be burned up in this great fire.|en
372|5|26|26|凡屬血氣的，曾有何人聽見永生神的聲音從火中出來，像我們聽見還能存活呢？|zh
373|5|26|26|For what man is there in all the earth, who, hearing the voice of the living God as we have, out of the heart of the fire, has been kept from death?|en
374|5|27|27|求你近前去，聽耶和華─我們神所要說的一切話，將他對你說的話都傳給我們，我們就聽從遵行。|zh
375|5|27|27|Do you go near: and after hearing everything which the Lord our God has to say, give us an account of all he has said to you, and we will give ear, and do it.|en
376|5|28|28|你們對我說的話，耶和華都聽見了。耶和華對我說：這百姓的話，我聽見了；他們所說的都是。|zh
377|5|28|28|Then the Lord, hearing your words to me, said to me, The words which this people have said to you have come to my ears: what they have said is well said.|en
378|5|29|29|惟願他們存這樣的心敬畏我，常遵守我的一切誡命，使他們和他們的子孫永遠得福。|zh
379|5|29|29|If only they had such a heart in them at all times, so that they might go in fear of me and keep my orders and that it might be well for them and for their children for ever!|en
380|5|30|30|你去對他們說：你們回帳棚去罷！|zh
381|5|30|30|Now say to them, Go back to your tents.|en
382|5|31|31|至於你，可以站在我這裡，我要將一切誡命、律例、典章傳給你；你要教訓他們，使他們在我賜他們為業的地上遵行。|zh
383|5|31|31|But as for you, keep your place here by me, and I will give you all the orders and the laws and the decisions which you are to make clear to them, so that they may do them in the land which I am giving them for their heritage.|en
384|5|32|32|所以，你們要照耶和華─你們神所吩咐的謹守遵行，不可偏離左右。|zh
385|5|32|32|Take care, then, to do whatever the Lord your God has given you orders to do; let there be no turning away to the right hand or to the left.|en
386|5|33|33|耶和華─你們神所吩咐你們行的，你們都要去行，使你們可以存活得福，並使你們的日子在所要承受的地上得以長久。|zh
387|5|33|33|Go on walking in the way ordered for you by the Lord your God, so that life may be yours and it may be well for you, and your days may be long in the land of your heritage.|en
388|6|1|1|這是耶和華─你們神所吩咐教訓你們的誡命、律例、典章，使你們在所要過去得為業的地上遵行，|zh
389|6|1|1|Now these are the orders and the laws and the decisions which the Lord your God gave me for your teaching, so that you might do them in the land of your heritage to which you are going:|en
390|6|2|2|好叫你和你子子孫孫一生敬畏耶和華─你的神，謹守他的一切律例誡命，就是我所吩咐你的，使你的日子得以長久。|zh
391|6|2|2|So that living in the fear of the Lord your God, you may keep all his laws and his orders, which I give you: you and your son and your son's son, all the days of your life; and so that your life may be long.|en
392|6|3|3|以色列阿，你要聽，要謹守遵行，使你可以在那流奶與蜜之地得以享福，人數極其增多，正如耶和華─你列祖的神所應許你的。|zh
393|6|3|3|So give ear, O Israel, and take care to do this; so that it may be well for you, and you may be greatly increased, as the Lord the God of your fathers has given you his word, in a land flowing with milk and honey.|en
394|6|4|4|以色列阿，你要聽！耶和華─我們神是獨一的主。|zh
395|6|4|4|Give ear, O Israel: the Lord our God is one Lord:|en
396|6|5|5|你要盡心、盡性、盡力愛耶和華─你的神。|zh
397|6|5|5|And the Lord your God is to be loved with all your heart and with all your soul and with all your strength.|en
398|6|6|6|我今日所吩咐你的話都要記在心上，|zh
399|6|6|6|Keep these words, which I say to you this day, deep in your hearts;|en
400|6|7|7|也要殷勤教訓你的兒女。無論你坐在家裡，行在路上，躺下，起來，都要談論。|zh
401|6|7|7|Teaching them to your children with all care, talking of them when you are at rest in your house or walking by the way, when you go to sleep and when you get up.|en
402|6|8|8|也要繫在手上為記號，戴在額上為經文；|zh
403|6|8|8|Let them be fixed as a sign on your hand, and marked on your brow;|en
404|6|9|9|又要寫在你房屋的門框上，並你的城門上。|zh
405|6|9|9|Have them lettered on the pillars of your houses and over the doors of your towns.|en
406|6|10|10|耶和華─你的神領你進他向你列祖亞伯拉罕、以撒、雅各起誓應許給你的地。那裡有城邑，又大又美，非你所建造的；|zh
407|6|10|10|And when the Lord your God has taken you into the land which he gave his oath to your fathers, to Abraham, to Isaac, and to Jacob, that he would give you; with great and fair towns which were not of your building;|en
408|6|11|11|有房屋，裝滿各樣美物，非你所裝滿的；有鑿成的水井，非你所鑿成的；還有葡萄園、橄欖園，非你所栽種的；你吃了而且飽足。|zh
409|6|11|11|And houses full of good things not stored up by you, and places for storing water which you did not make, and vine-gardens and olive-trees not of your planting; and you have taken food and are full;|en
410|6|12|12|那時你要謹慎，免得你忘記將你從埃及地、為奴之家領出來的耶和華。|zh
411|6|12|12|Then take care that you keep your hearts true to the Lord, who took you out of the land of Egypt, out of the prison-house.|en
412|6|13|13|你要敬畏耶和華─你的神，事奉他，指著他的名起誓。|zh
413|6|13|13|Let the fear of the Lord your God be in your hearts, and be his servants, taking your oaths by his name.|en
414|6|14|14|不可隨從別神，就是你們四圍國民的　神；|zh
415|6|14|14|Do not go after other gods, the gods of the peoples round about you;|en
416|6|15|15|因為在你們中間的耶和華─你神是忌邪的　神，惟恐耶和華─你　神的怒氣向你發作，就把你從地上除滅。|zh
417|6|15|15|For the Lord your God who is with you is a God who will not let his honour be given to another; or the wrath of the Lord will be burning against you, causing your destruction from the face of the earth.|en
418|6|16|16|你們不可試探耶和華─你們的神，像你們在瑪撒那樣試探他。|zh
419|6|16|16|Do not put the Lord your God to the test as you did in Massah.|en
420|6|17|17|要留意遵守耶和華─你們神所吩咐的誡命、法度、律例。|zh
421|6|17|17|Keep with care the orders of the Lord your God, and his rules and his laws which he has given you;|en
422|6|18|18|耶和華眼中看為正、看為善的，你都要遵行，使你可以享福，並可以進去得耶和華向你列祖起誓應許的那美地，|zh
423|6|18|18|And do what is upright and good in the eyes of the Lord your God, so that it may be well for you and you may go in and take for your heritage that good land from which the Lord undertook by an oath to your fathers,|en
424|6|19|19|照耶和華所說的，從你面前攆出你的一切仇敵。|zh
425|6|19|19|To send out from before you all those who are against you.|en
426|6|20|20|日後，你的兒子問你說：耶和華─我們神吩咐你們的這些法度、律例、典章是甚麼意思呢？|zh
427|6|20|20|And when your son says to you in time to come, What is the reason for these rules and laws and decisions which the Lord our God has given you?|en
428|6|21|21|你就告訴你的兒子說：我們在埃及作過法老的奴僕；耶和華用大能的手將我們從埃及領出來，|zh
429|6|21|21|Then you will say to your son, We were servants under Pharaoh's yoke in Egypt; and the Lord took us out of Egypt with a strong hand:|en
430|6|22|22|在我們眼前，將重大可怕的神蹟奇事施行在埃及地和法老並他全家的身上，|zh
431|6|22|22|And the Lord did great signs and wonders against Egypt, and against Pharaoh and all his house, before our eyes:|en
432|6|23|23|將我們從那裡領出來，要領我們進入他向我們列祖起誓應許之地，把這地賜給我們。|zh
433|6|23|23|And he took us out from that place, guiding us here to give us this land, as he said in his oath to our fathers.|en
434|6|24|24|耶和華又吩咐我們遵行這一切律例，要敬畏耶和華─我們的神，使我們常得好處，蒙他保全我們的生命，像今日一樣。|zh
435|6|24|24|And the Lord gave us orders to keep all these laws, in the fear of the Lord our God, so that it might be well for us for ever, and that he might keep us from death, as he has done to this day.|en
436|6|25|25|我們若照耶和華─我們神所吩咐的一切誡命謹守遵行，這就是我們的義了。|zh
437|6|25|25|And it will be our righteousness if we take care to keep all this order before the Lord our God as he has given it to us.|en
438|7|1|1|耶和華─你神領你進入要得為業之地，從你面前趕出許多國民，就是赫人、革迦撒人、亞摩利人、迦南人、比利洗人、希未人、耶布斯人，共七國的民，都比你強大。|zh
439|7|1|1|When the Lord your God takes you into the land where you are going, which is to be your heritage, and has sent out the nations before you, the Hittites and the Girgashites and the Amorites and the Canaanites and the Perizzites and the Hivites and the Jebusites, seven nations greater and stronger than you;|en
440|7|2|2|耶和華─你神將他們交給你擊殺，那時你要把他們滅絕淨盡，不可與他們立約，也不可憐恤他們。|zh
441|7|2|2|And when the Lord has given them up into your hands and you have overcome them, give them up to complete destruction: make no agreement with them, and have no mercy on them:|en
442|7|3|3|不可與他們結親。不可將你的女兒嫁他們的兒子，也不可叫你的兒子娶他們的女兒；|zh
443|7|3|3|Do not take wives or husbands from among them; do not give your daughters to their sons, or take their daughters for your sons.|en
444|7|4|4|因為他必使你兒子轉離不跟從主，去事奉別神，以致耶和華的怒氣向你們發作，就速速地將你們滅絕。|zh
445|7|4|4|For through them your sons will be turned from me to the worship of other gods: and the Lord will be moved to wrath against you and send destruction on you quickly.|en
446|7|5|5|你們卻要這樣待他們：拆毀他們的祭壇，打碎他們的柱像，砍下他們的木偶，用火焚燒他們雕刻的偶像。|zh
447|7|5|5|But this is what you are to do to them: their altars are to be pulled down and their pillars broken, and their holy trees cut down and their images burned with fire.|en
448|7|6|6|因為你歸耶和華─你神為聖潔的民；耶和華─你　神從地上的萬民中揀選你，特作自己的子民。|zh
449|7|6|6|For you are a holy people to the Lord your God: marked out by the Lord your God to be his special people out of all the nations on the face of the earth.|en
450|7|7|7|耶和華專愛你們，揀選你們，並非因你們的人數多於別民，原來你們的人數在萬民中是最少的。|zh
451|7|7|7|The Lord did not give you his love or take you for himself because you were more in number than any other people; for you were the smallest of the nations:|en
452|7|8|8|只因耶和華愛你們，又因要守他向你們列祖所起的誓，就用大能的手領你們出來，從為奴之家救贖你們脫離埃及王法老的手。|zh
453|7|8|8|But because of his love for you, and in order to keep his oath to your fathers, the Lord took you out with the strength of his hand, making you free from the prison-house and from the hand of Pharaoh, king of Egypt.|en
454|7|9|9|所以，你要知道耶和華─你的神，他是　神，是信實的　神；向愛他、守他誡命的人守約，施慈愛，直到千代；|zh
455|7|9|9|Be certain, then, that the Lord your God is God; whose faith and mercy are unchanging, who keeps his word through a thousand generations to those who have love for him and keep his laws;|en
456|7|10|10|向恨他的人當面報應他們，將他們滅絕。凡恨他的人必報應他們，決不遲延。|zh
457|7|10|10|Rewarding his haters to their face with destruction; he will have no mercy on his hater, but will give him open punishment.|en
458|7|11|11|所以，你要謹守遵行我今日所吩咐你的誡命、律例、典章。|zh
459|7|11|11|So keep the orders and the laws and the decisions which I give you today and do them.|en
460|7|12|12|你們果然聽從這些典章，謹守遵行，耶和華─你神就必照他向你列祖所起的誓守約，施慈愛。|zh
461|7|12|12|And it will be, that if you give attention to these decisions and keep and do them, then the Lord will keep his agreement with you and his mercy, as he said in his oath to your fathers.|en
462|7|13|13|他必愛你，賜福與你，使你人數增多，也必在他向你列祖起誓應許給你的地上賜福與你身所生的，地所產的，並你的五穀、新酒，和油，以及牛犢、羊羔。|zh
463|7|13|13|And he will give you his love, blessing you and increasing you: he will send his blessing on the offspring of your body and the fruit of your land, your grain and your wine and your oil, the increase of your cattle and the young of your flock, in the land which by his oath to your fathers he undertook to give you.|en
464|7|14|14|你必蒙福勝過萬民；你們的男女沒有不能生養的，牲畜也沒有不能生育的。|zh
465|7|14|14|You will have greater blessings than any other people: no male or female among you or among your cattle will be without offspring.|en
466|7|15|15|耶和華必使一切的病症離開你；你所知道埃及各樣的惡疾，他不加在你身上，只加在一切恨你的人身上。|zh
467|7|15|15|And the Lord will take away from you all disease, and will not put on you any of the evil diseases of Egypt which you have seen, but will put them on your haters.|en
468|7|16|16|耶和華─你神所要交給你的一切人民，你要將他們除滅；你眼不可顧惜他們。你也不可事奉他們的　神，因這必成為你的網羅。|zh
469|7|16|16|And you are to send destruction on all the peoples which the Lord your God gives into your hands; have no pity on them, and do not give worship to their gods; for that will be a cause of sin to you.|en
470|7|17|17|你若心裡說，這些國的民比我更多，我怎能趕出他們呢？|zh
471|7|17|17|If you say in your hearts, These nations are greater in number than we are: how are we to take their land from them?|en
472|7|18|18|你不要懼怕他們，要牢牢記念耶和華─你神向法老和埃及全地所行的事，|zh
473|7|18|18|Have no fear of them, but keep well in mind what the Lord your God did to Pharaoh and to all Egypt;|en
474|7|19|19|就是你親眼所看見的大試驗、神蹟、奇事，和大能的手，並伸出來的膀臂，都是耶和華─你神領你出來所用的。耶和華─你　神必照樣待你所懼怕的一切人民。|zh
475|7|19|19|The great punishments which your eyes saw, and the signs and the wonders and the strong hand and the stretched-out arm, by which the Lord your God took you out: so will the Lord your God do to all the peoples who are the cause of your fears.|en
476|7|20|20|並且耶和華─你神必打發黃蜂飛到他們中間，直到那剩下而藏躲的人從你面前滅亡。|zh
477|7|20|20|And the Lord will send a hornet among them, till all the rest who have kept themselves safe from you in secret places have been cut off.|en
478|7|21|21|你不要因他們驚恐，因為耶和華─你神在你們中間是大而可畏的　神。|zh
479|7|21|21|Have no fear of them: for the Lord your God is with you, a great God greatly to be feared.|en
480|7|22|22|耶和華─你神必將這些國的民從你面前漸漸趕出；你不可把他們速速滅盡，恐怕野地的獸多起來害你。|zh
481|7|22|22|The Lord your God will send out the nations before you little by little; they are not to be rooted out quickly, for fear that the beasts of the field may be increased overmuch against you.|en
482|7|23|23|耶和華─你神必將他們交給你，大大的擾亂他們，直到他們滅絕了；|zh
483|7|23|23|But the Lord your God will give them up into your hands, overpowering them till their destruction is complete.|en
484|7|24|24|又要將他們的君王交在你手中，你就使他們的名從天下消滅。必無一人能在你面前站立得住，直到你將他們滅絕了。|zh
485|7|24|24|He will give their kings into your hands, and you will put their names out of existence under heaven; there is not one of them who will not give way before you, till their destruction is complete.|en
486|7|25|25|他們雕刻的神像，你們要用火焚燒；其上的金銀，你不可貪圖，也不可收取，免得你因此陷入網羅；這原是耶和華─你　神所憎惡的。|zh
487|7|25|25|The images of their gods are to be burned with fire: have no desire for the gold and silver on them, and do not take it for yourselves, for it will be a danger to you: it is a thing disgusting to the Lord your God:|en
488|7|26|26|可憎的物，你不可帶進家去；不然，你就成了當毀滅的，與那物一樣。你要十分厭惡，十分憎嫌，因為這是當毀滅的物。|zh
489|7|26|26|And you may not take a disgusting thing into your house, and so become cursed with its curse: but keep yourselves from it, turning from it with fear and hate, for it is a cursed thing.|en
490|8|1|1|我今日所吩咐的一切誡命，你們要謹守遵行，好叫你們存活，人數增多，且進去得耶和華向你們列祖起誓應許的那地。|zh
491|8|1|1|Take care to keep all the orders which I give you today, so that you may have life and be increased and go in and take as a heritage the land which the Lord, by his oath to your fathers, undertook to give you.|en
492|8|2|2|你也要記念耶和華─你的神在曠野引導你這四十年，是要苦煉你，試驗你，要知道你心內如何，肯守他的誡命不肯。|zh
493|8|2|2|And keep in mind the way by which the Lord your God has taken you through the waste land these forty years, so that he might make low your pride and put you to the test, to see what was in your heart and if you would keep his orders or not.|en
494|8|3|3|他苦煉你，任你飢餓，將你和你列祖所不認識的嗎哪賜給你吃，使你知道，人活著不是單靠食物，乃是靠耶和華口裡所出的一切話。|zh
495|8|3|3|And he made low your pride and let you be without food and gave you manna for your food, a thing new to you, which your fathers never saw; so that he might make it clear to you that bread is not man's only need, but his life is in every word which comes out of the mouth of the Lord.|en
496|8|4|4|這四十年，你的衣服沒有穿破，你的腳也沒有腫。|zh
497|8|4|4|Through all these forty years your clothing did not get old or your feet become tired.|en
498|8|5|5|你當心裡思想，耶和華─你神管教你，好像人管教兒子一樣。|zh
499|8|5|5|Keep in mind this thought, that as a son is trained by his father, so you have been trained by the Lord your God.|en
500|8|6|6|你要謹守耶和華─你神的誡命，遵行他的道，敬畏他。|zh
501|8|6|6|Then keep the orders of the Lord your God, fearing him and walking in his ways.|en
502|8|7|7|因為耶和華─你神領你進入美地，那地有河，有泉，有源，從山谷中流出水來。|zh
503|8|7|7|For the Lord your God is guiding you into a good land, a land of water-springs, of fountains, and deep streams flowing out from the valleys and the hills;|en
504|8|8|8|那地有小麥、大麥、葡萄樹、無花果樹、石榴樹、橄欖樹，和蜜。|zh
505|8|8|8|A land of grain and vines and fig-trees and fair fruits; a land of oil-giving olive-trees and honey;|en
506|8|9|9|你在那地不缺食物，一無所缺。那地的石頭是鐵，山內可以挖銅。|zh
507|8|9|9|Where there will be bread for you in full measure and you will be in need of nothing; a land where the very stones are iron and from whose hills you may get copper.|en
508|8|10|10|你吃得飽足，就要稱頌耶和華─你的神，因他將那美地賜給你了。|zh
509|8|10|10|And you will have food enough and be full, praising the Lord your God for the good land he has given you.|en
510|8|11|11|你要謹慎，免得忘記耶和華─你的神，不守他的誡命、典章、律例，就是我今日所吩咐你的；|zh
511|8|11|11|Then take care that you are not turned away from the Lord your God and from keeping his orders and decisions and laws which I give you this day:|en
512|8|12|12|恐怕你吃得飽足，建造美好的房屋居住，|zh
513|8|12|12|And when you have taken food and are full, and have made fair houses for yourselves and are living in them;|en
514|8|13|13|你的牛羊加多，你的金銀增添，並你所有的全都加增，|zh
515|8|13|13|And when your herds and your flocks are increased, and your stores of silver and gold, and you have wealth of every sort;|en
516|8|14|14|你就心高氣傲，忘記耶和華─你的神，就是將你從埃及地為奴之家領出來的，|zh
517|8|14|14|Take care that your hearts are not lifted up in pride, giving no thought to the Lord your God who took you out of the land of Egypt, out of the prison-house;|en
518|8|15|15|引你經過那大而可怕的曠野，那裡有火蛇、蠍子、乾旱無水之地。他曾為你使水從堅硬的磐石中流出來，|zh
519|8|15|15|Who was your guide through that great and cruel waste, where there were poison-snakes and scorpions and a dry land without water; who made water come out of the hard rock for you;|en
520|8|16|16|又在曠野將你列祖所不認識的嗎哪賜給你吃，是要苦煉你，試驗你，叫你終久享福；|zh
521|8|16|16|Who gave you manna for your food in the waste land, a food which your fathers had never seen; so that your pride might be broken and your hearts tested for your good in the end;|en
522|8|17|17|恐怕你心裡說：這貨財是我力量、我能力得來的。|zh
523|8|17|17|Say not then, in your hearts, My power and the strength of my hands have got me this wealth.|en
524|8|18|18|你要記念耶和華─你的神，因為得貨財的力量是他給你的，為要堅定他向你列祖起誓所立的約，像今日一樣。|zh
525|8|18|18|But keep in mind the Lord your God: for it is he who gives you the power to get wealth, so that he may give effect to the agreement which he made by his oath with your fathers, as at this day.|en
526|8|19|19|你若忘記耶和華─你的神，隨從別　神，事奉敬拜，你們必定滅亡；這是我今日警戒你們的。|zh
527|8|19|19|And it is certain that if at any time you are turned away from the Lord your God, and go after other gods, to be their servants and to give them worship, destruction will overtake you.|en
528|8|20|20|耶和華在你們面前怎樣使列國的民滅亡，你們也必照樣滅亡，因為你們不聽從耶和華─你們神的話。|zh
529|8|20|20|Like the nations which the Lord is cutting off before you, so you will be cut off; because you would not give ear to the voice of the Lord your God.|en
530|9|1|1|以色列阿，你當聽！你今日要過約但河，進去趕出比你強大的國民，得著廣大堅固、高得頂天的城邑。|zh
531|9|1|1|Give ear, O Israel: today you are to go over Jordan, to take the heritage of nations greater and stronger than yourselves, and towns of great size with walls as high as heaven;|en
532|9|2|2|那民是亞衲族的人，又大又高，是你所知道的；也曾聽見有人指著他們說：誰能在亞衲族人面前站立得住呢？|zh
533|9|2|2|A people great and tall, the sons of the Anakim, of whom you have knowledge and of whom it has been said, All are forced to give way before the sons of Anak.|en
534|9|3|3|你今日當知道，耶和華─你的神在你前面過去，如同烈火，要滅絕他們，將他們制伏在你面前。這樣，你就要照耶和華所說的趕出他們，使他們速速滅亡。|zh
535|9|3|3|Be certain then today that it is the Lord your God who goes over before you like an all-burning fire; he will send destruction on them, crushing them before you; and you will send them in flight, putting an end to them quickly, as the Lord has said.|en
536|9|4|4|耶和華─你的神將這些國民從你面前攆出以後，你心裡不可說：耶和華將我領進來得這地是因我的義。其實，耶和華將他們從你面前趕出去是因他們的惡。|zh
537|9|4|4|And after the Lord has sent them in flight from before you, say not in your heart, Because of my righteousness the Lord has given me this land; when it is because of their evil-doing that the Lord is driving these nations out before you.|en
538|9|5|5|你進去得他們的地，並不是因你的義，也不是因你心裡正直，乃是因這些國民的惡，耶和華─你的神將他們從你面前趕出去，又因耶和華要堅定他向你列祖亞伯拉罕、以撒、雅各起誓所應許的話。|zh
539|9|5|5|Not for your righteousness or because your hearts are upright are you going in to take their land; but because of the evil-doing of these nations the Lord your God is driving them out from before you, and to give effect to his oath to your fathers, Abraham, Isaac, and Jacob.|en
540|9|6|6|你當知道，耶和華─你神將這美地賜你為業，並不是因你的義；你本是硬著頸項的百姓。|zh
541|9|6|6|Be certain then that the Lord your God is not giving you this good land as a reward for your righteousness; for you are a stiff-necked people.|en
542|9|7|7|你當記念不忘，你在曠野怎樣惹耶和華─你神發怒。自從你出了埃及地的那日，直到你們來到這地方，你們時常悖逆耶和華。|zh
543|9|7|7|Keep well in mind how you made the Lord your God angry in the waste land; from the day when you went out of Egypt till you came to this place, you have gone against the orders of the Lord.|en
544|9|8|8|你們在何烈山又惹耶和華發怒；他惱怒你們，要滅絕你們。|zh
545|9|8|8|Again in Horeb you made the Lord angry, and in his wrath he would have put an end to you.|en
546|9|9|9|我上了山，要領受兩塊石版，就是耶和華與你們立約的版。那時我在山上住了四十晝夜，沒有吃飯，也沒有喝水。|zh
547|9|9|9|When I had gone up into the mountain to be given the stones on which was recorded the agreement which the Lord made with you, I was on the mountain for forty days and forty nights without taking food or drinking water.|en
548|9|10|10|耶和華把那兩塊石版交給我，是神用指頭寫的。版上所寫的是照耶和華在大會的日子、在山上、從火中對你們所說的一切話。|zh
549|9|10|10|And the Lord gave me the two stones with writing on them done by the finger of God: on them were recorded all the words which the Lord said to you on the mountain out of the heart of the fire, on the day of the great meeting.|en
550|9|11|11|過了四十晝夜，耶和華把那兩塊石版，就是約版，交給我。|zh
551|9|11|11|Then at the end of forty days and forty nights the Lord gave me those stones, the stones of the agreement.|en
552|9|12|12|對我說：你起來，趕快下去！因為你從埃及領出來的百姓已經敗壞了自己；他們快快的偏離了我所吩咐的道，為自己鑄成了偶像。|zh
553|9|12|12|And the Lord said to me, Get up now, and go down quickly from this place; for the people you have taken out of Egypt have given themselves over to evil; they have quickly been turned from the way in which I gave them orders to go; they have made themselves a metal image.|en
554|9|13|13|耶和華又對我說：我看這百姓是硬著頸項的百姓。|zh
555|9|13|13|And then the Lord said to me, I have seen that this people is stiff-necked:|en
556|9|14|14|你且由著我，我要滅絕他們，將他們的名從天下塗抹，使你的後裔比他們成為更大更強的國。|zh
557|9|14|14|Let me send destruction on them till their very name is cut off; and I will make of you a nation greater and stronger than they.|en
558|9|15|15|於是我轉身下山，山被火燒著，兩塊約版在我兩手之中。|zh
559|9|15|15|So turning round I came down from the mountain, and the mountain was burning with fire; and the two stones of the agreement were in my hands.|en
560|9|16|16|我一看見你們得罪了耶和華─你們的神，鑄成了牛犢，快快的偏離了耶和華所吩咐你們的道，|zh
561|9|16|16|And I saw that you had done evil against the Lord, and had made for yourselves a metal image of a young ox: you had quickly been turned from the way in which the Lord had given you orders to go.|en
562|9|17|17|我就把那兩塊版從我手中扔下去，在你們眼前摔碎了。|zh
563|9|17|17|And I let the stones go from my hands, and they were broken before your eyes.|en
564|9|18|18|因你們所犯的一切罪，行了耶和華眼中看為惡的事，惹他發怒，我就像從前俯伏在耶和華面前四十晝夜，沒有吃飯，也沒有喝水。|zh
565|9|18|18|And I went down on my face before the Lord, as at the first, for forty days and forty nights, without taking food or drinking water, because of all your sin, in doing evil in the eyes of the Lord and moving him to wrath.|en
566|9|19|19|我因耶和華向你們大發烈怒，要滅絕你們，就甚害怕；但那次耶和華又應允了我。|zh
567|9|19|19|For I was full of fear because of the wrath of the Lord which was burning against you, with your destruction in view. But again the Lord's ear was open to my prayer.|en
568|9|20|20|耶和華也向亞倫甚是發怒，要滅絕他；那時我又為亞倫祈禱。|zh
569|9|20|20|And the Lord, in his wrath, would have put Aaron to death: and I made prayer for Aaron at the same time.|en
570|9|21|21|我把那叫你們犯罪所鑄的牛犢用火焚燒，又搗碎磨得很細，以至細如灰塵，我就把這灰塵撒在從山上流下來的溪水中。|zh
571|9|21|21|And I took your sin, the image which you had made, and put it in the fire and had it hammered and crushed very small till it was only dust: and the dust I put in the stream flowing down from the mountain.|en
572|9|22|22|你們在他備拉、瑪撒、基博羅哈他瓦又惹耶和華發怒。|zh
573|9|22|22|Again at Taberah and at Massah and at Kibroth-hattaavah you made the Lord angry.|en
574|9|23|23|耶和華打發你們離開加低斯巴尼亞，說：你們上去得我所賜給你們的地。那時你們違背了耶和華─你們神的命令，不信服他，不聽從他的話。|zh
575|9|23|23|And when the Lord sent you from Kadesh-barnea, saying, Go up and take the land which I have given you; you went against the orders of the Lord your God, and had no faith in him, and would not give ear to his voice.|en
576|9|24|24|自從我認識你們以來，你們常常悖逆耶和華。|zh
577|9|24|24|From the day when I first had knowledge of you, you have gone against the word of the Lord.|en
578|9|25|25|我因耶和華說要滅絕你們，就在耶和華面前照舊俯伏四十晝夜。|zh
579|9|25|25|So I went down on my face in prayer before the Lord for forty days and forty nights as I did at first; because the Lord had said that he would put an end to you.|en
580|9|26|26|我祈禱耶和華說：主耶和華阿，求你不要滅絕你的百姓。他們是你的產業，是你用大力救贖的，用大能從埃及領出來的。|zh
581|9|26|26|And I made prayer to the Lord and said, O Lord God, do not send destruction on your people and your heritage, to whom, by your great power, you have given salvation, whom you have taken out of Egypt by the strength of your hand.|en
582|9|27|27|求你記念你的僕人亞伯拉罕、以撒、雅各，不要想念這百姓的頑梗、邪惡、罪過，|zh
583|9|27|27|Keep in mind your servants, Abraham, Isaac, and Jacob, not looking at the hard heart of this people, or their evil-doing and their sin:|en
584|9|28|28|免得你領我們出來的那地之人說，耶和華因為不能將這百姓領進他所應許之地，又因恨他們，所以領他們出去，要在曠野殺他們。|zh
585|9|28|28|Or it may be said in the land from which you have taken them, Because the Lord was not able to take them into the land which he said he would give them, and because of his hate for them, he has taken them out to put them to death in the waste land.|en
586|9|29|29|其實他們是你的百姓，你的產業，是你用大能和伸出來的膀臂領出來的。|zh
587|9|29|29|But still they are your people and your heritage, whom you took out by your great power and by your stretched-out arm.|en
588|10|1|1|那時，耶和華吩咐我說：你要鑿出兩塊石版，和先前的一樣，上山到我這裡來，又要做一木櫃。|zh
589|10|1|1|At that time the Lord said to me, Make two other stones, cut like the first two, and come up to me on the mountain, and make an ark of wood.|en
590|10|2|2|你先前摔碎的那版，其上的字我要寫在這版上；你要將這版放在櫃中。|zh
591|10|2|2|And I will put on the stones the words which were on the first stones which were broken by you, and you are to put them into the ark.|en
592|10|3|3|於是我用皂莢木做了一櫃，又鑿出兩塊石版，和先前的一樣，手裡拿這兩塊版上山去了。|zh
593|10|3|3|So I made an ark of hard wood, and had two stones cut like the others, and went up the mountain with the stones in my hands.|en
594|10|4|4|耶和華將那大會之日、在山上從火中所傳與你們的十條誡，照先前所寫的，寫在這版上，將版交給我了。|zh
595|10|4|4|And he put on the stones, as in the first writing, the ten rules which the Lord gave you on the mountain out of the fire on the day of the great meeting: and the Lord gave the stones to me.|en
596|10|5|5|我轉身下山，將這版放在我所做的櫃中，現今還在那裡，正如耶和華所吩咐我的。|zh
597|10|5|5|And turning round I came down from the mountain and put the stones in the ark which I had made; and there they are as the Lord gave me orders.|en
598|10|6|6|（以色列人從比羅比尼亞干（或作：亞干井）起行，到了摩西拉。亞倫死在那裡，就葬在那裡。他兒子以利亞撒接續他供祭司的職分。|zh
599|10|6|6|(And the children of Israel went on from Beeroth Bene-jaakan to Moserah: there death came to Aaron and he was put to rest in the earth; and Eleazar, his son, took his place as priest.|en
600|10|7|7|他們從那裡起行，到了谷歌大，又從谷歌大到了有溪水之地的約巴他。|zh
601|10|7|7|From there they went on to Gudgodah, and from Gudgodah to Jotbathah, a land of streams of water.|en
602|10|8|8|那時，耶和華將利未支派分別出來，抬耶和華的約櫃，又侍立在耶和華面前事奉他，奉他的名祝福，直到今日。|zh
603|10|8|8|At that time the Lord had the tribe of Levi marked out to take up the ark of the Lord's agreement, to be before the Lord and to do his work and to give blessings in his name, to this day.|en
604|10|9|9|所以利未人在他弟兄中無分無業，耶和華是他的產業，正如耶和華─你神所應許他的。）|zh
605|10|9|9|For this reason Levi has no part or heritage for himself among his brothers: the Lord is his heritage, as the Lord your God said to him.)|en
606|10|10|10|我又像從前在山上住了四十晝夜。那次耶和華也應允我，不忍將你滅絕。|zh
607|10|10|10|And I was in the mountain, as at the first time, for forty days and forty nights; and again the ears of the Lord were open to my prayer, and he did not send destruction on you.|en
608|10|11|11|耶和華吩咐我說：你起來引導這百姓，使他們進去得我向他們列祖起誓應許所賜之地。|zh
609|10|11|11|Then the Lord said to me, Get up and go on your journey before the people, so that they may go in and take the land which I said in my oath to their fathers that I would give them.|en
610|10|12|12|以色列阿，現在耶和華─你神向你所要的是甚麼呢？只要你敬畏耶和華─你的　神，遵行他的道，愛他，盡心盡性事奉他，|zh
611|10|12|12|And now, Israel, what would the Lord your God have you do, but to go in the fear of the Lord your God, walking in all his ways and loving him and doing his pleasure with all your heart and all your soul,|en
612|10|13|13|遵守他的誡命律例，就是我今日所吩咐你的，為要叫你得福。|zh
613|10|13|13|Doing the orders of the Lord and keeping his laws which I give you this day for your good?|en
614|10|14|14|看哪，天和天上的天，地和地上所有的，都屬耶和華─你的神。|zh
615|10|14|14|The Lord your God is ruler of heaven, of the heaven of heavens, and of the earth with everything in it.|en
616|10|15|15|耶和華但喜悅你的列祖，愛他們，從萬民中揀選他們的後裔，就是你們，像今日一樣。|zh
617|10|15|15|But the Lord had delight in your fathers and love for them, marking out for himself their seed after them, even you, from all peoples, as at this day.|en
618|10|16|16|所以你們要將心裡的污穢除掉，不可再硬著頸項。|zh
619|10|16|16|Let your circumcision be of the heart, and put away your pride.|en
620|10|17|17|因為耶和華─你們的神─他是萬　神之　神，萬主之主，至大的　神，大有能力，大而可畏，不以貌取人，也不受賄賂。|zh
621|10|17|17|For the Lord your God is God of gods and Lord of lords, the great God, strong in power and greatly to be feared, who has no respect for any man's position and takes no rewards:|en
622|10|18|18|他為孤兒寡婦伸冤，又憐愛寄居的，賜給他衣食。|zh
623|10|18|18|Judging uprightly in the cause of the widow and of the child who has no father, and giving food and clothing in his mercy to the man from a strange country.|en
624|10|19|19|所以你們要憐愛寄居的，因為你們在埃及地也作過寄居的。|zh
625|10|19|19|So be kind to the man from a strange country who is living among you, for you yourselves were living in a strange country in the land of Egypt.|en
626|10|20|20|你要敬畏耶和華─你的神，事奉他，專靠他，也要指著他的名起誓。|zh
627|10|20|20|Let the fear of the Lord your God be before you, give him worship and be true to him at all times, taking your oaths in his name.|en
628|10|21|21|他是你所讚美的，是你的神，為你做了那大而可畏的事，是你親眼所看見的。|zh
629|10|21|21|He is your God, the God of your praise, your God who has done for you all these works of power which your eyes have seen.|en
630|10|22|22|你的列祖七十人下埃及；現在耶和華─你的神使你如同天上的星那樣多。|zh
631|10|22|22|Your fathers went down into Egypt with seventy persons; and now the Lord your God has made you like the stars of heaven in number.|en
632|11|1|1|你要愛耶和華─你的神，常守他的吩咐、律例、典章、誡命。|zh
633|11|1|1|So have love for the Lord your God, and give him worship, and keep his laws and his decisions and his orders at all times.|en
634|11|2|2|你們今日當知道，我本不是和你們的兒女說話；因為他們不知道，也沒有看見耶和華─你們神的管教、威嚴、大能的手，和伸出來的膀臂，|zh
635|11|2|2|And be certain in your minds this day; for these words are not said to your children, who have had no experience of the training of the Lord your God, and who have not seen his great power or his strong hand and his stretched-out arm,|en
636|11|3|3|並他在埃及中向埃及王法老和其全地所行的神蹟奇事；|zh
637|11|3|3|Or his signs and wonders which he did in Egypt, to Pharaoh, king of Egypt, and all his land;|en
638|11|4|4|也沒有看見他怎樣待埃及的軍兵、車馬，他們追趕你們的時候，耶和華怎樣使紅海的水淹沒他們，將他們滅絕，直到今日，|zh
639|11|4|4|And what he did to the army of Egypt, to their horses and their war-carriages; how he made the waters of the Red Sea come up over them when they went after you, and how the Lord put an end to them even to this day;|en
640|11|5|5|並他在曠野怎樣待你們，以至你們來到這地方；|zh
641|11|5|5|And what he did for you in the waste land, till you came to this place;|en
642|11|6|6|也沒有看見他怎樣待流便子孫以利押的兒子大坍、亞比蘭，地怎樣在以色列人中間開口，吞了他們和他們的家眷，並帳棚與跟他們的一切活物。|zh
643|11|6|6|And what he did to Dathan and Abiram, the sons of Eliab, the son of Reuben; when they went down into the open mouth of the earth, with their families and their tents and every living thing which was theirs, before the eyes of all Israel:|en
644|11|7|7|惟有你們親眼看見耶和華所做的一切大事。|zh
645|11|7|7|But your eyes have seen all the great works of the Lord which he has done.|en
646|11|8|8|所以，你們要守我今日所吩咐的一切誡命，使你們膽壯，能以進去，得你們所要得的那地，|zh
647|11|8|8|So keep all the orders which I give you today, so that you may be strong, and go in and take the land which is to be your heritage;|en
648|11|9|9|並使你們的日子在耶和華向你們列祖起誓、應許給他們和他們後裔的地上得以長久；那是流奶與蜜之地。|zh
649|11|9|9|And that your days may be long in the land which the Lord gave by an oath to your fathers and to their seed after them, a land flowing with milk and honey.|en
650|11|10|10|你要進去得為業的那地，本不像你出來的埃及地。你在那裡撒種，用腳澆灌，像澆灌菜園一樣。|zh
651|11|10|10|For the land where you are going is not like the land of Egypt from which you have come, where you put in your seeds, watering them with your foot, like a planted garden:|en
652|11|11|11|你們要過去得為業的那地乃是有山有谷、雨水滋潤之地，|zh
653|11|11|11|But the land where you are going is a land of hills and valleys, drinking in the rain of heaven:|en
654|11|12|12|是耶和華─你神所眷顧的；從歲首到年終，耶和華─你　神的眼目時常看顧那地。|zh
655|11|12|12|A land cared for by the Lord your God: the eyes of the Lord your God are on it at all times from one end of the year to the other.|en
656|11|13|13|你們若留意聽從我今日所吩咐的誡命，愛耶和華─你們的神，盡心盡性事奉他，|zh
657|11|13|13|And it will be that if you truly give ear to the orders which I put before you this day, loving the Lord your God and worshipping him with all your heart and all your soul,|en
658|11|14|14|他（原文是我）必按時降秋雨春雨在你們的地上，使你們可以收藏五穀、新酒和油，|zh
659|11|14|14|Then I will send rain on your land at the right time, the early rains and the late rains, so that you may get in your grain and your wine and your oil.|en
660|11|15|15|也必使你吃得飽足，並使田野為你的牲畜長草。|zh
661|11|15|15|And I will give grass in your fields for your cattle, so that you may have food in full measure.|en
662|11|16|16|你們要謹慎，免得心中受迷惑，就偏離正路，去事奉敬拜別神。|zh
663|11|16|16|But take care that your hearts are not turned to false ways so that you become servants and worshippers of other gods;|en
664|11|17|17|耶和華的怒氣向你們發作，就使天閉塞不下雨，地也不出產，使你們在耶和華所賜給你們的美地上速速滅亡。|zh
665|11|17|17|For if you do so, the wrath of the Lord will be burning against you, and the heaven will be shut up so that there is no rain and the land will give no fruit; and in a very little time you will be cut off from the good land which the Lord is giving you.|en
666|11|18|18|你們要將我這話存在心內，留在意中，繫在手上為記號，戴在額上為經文；|zh
667|11|18|18|So keep these words deep in your heart and in your soul, and have them fixed on your hand for a sign and marked on your brow;|en
668|11|19|19|也要教訓你們的兒女，無論坐在家裡，行在路上，躺下，起來，都要談論；|zh
669|11|19|19|Teaching them to your children, and talking of them when you are at rest in your house or walking by the way, when you go to sleep and when you get up:|en
670|11|20|20|又要寫在房屋的門框上，並城門上，|zh
671|11|20|20|Writing them on the pillars of your houses and over the doors of your towns:|en
672|11|21|21|使你們和你們子孫的日子在耶和華向你們列祖起誓、應許給他們的地上得以增多，如天覆地的日子那樣多。|zh
673|11|21|21|So that your days, and the days of your children, may be long in the land which the Lord by his oath to your fathers said he would give them, like the days of the eternal heavens.|en
674|11|22|22|你們若留意謹守遵行我所吩咐這一切的誡命，愛耶和華─你們的神，行他的道，專靠他，|zh
675|11|22|22|For if you take care to keep all the orders which I give you, and to do them; loving the Lord your God and walking in all his ways and being true to him:|en
676|11|23|23|他必從你們面前趕出這一切國民，就是比你們更大更強的國民，你們也要得他們的地。|zh
677|11|23|23|Then the Lord will send these nations in flight before you, and you will take the lands of nations greater and stronger than yourselves.|en
678|11|24|24|凡你們腳掌所踏之地都必歸你們；從曠野和利巴嫩，並伯拉大河，直到西海，都要作你們的境界。|zh
679|11|24|24|Every place where you put your foot will be yours: from the waste land and Lebanon, from the river, the river Euphrates as far as the Great Sea, will be the limits of your land.|en
680|11|25|25|必無一人能在你們面前站立得住；耶和華─你們的神必照他所說的，使懼怕驚恐臨到你們所踏之地的居民。|zh
681|11|25|25|All people will give way before you: for the Lord your God will put the fear of you on all the land through which you go, as he has said.|en
682|11|26|26|看哪，我今日將祝福與咒詛的話都陳明在你們面前。|zh
683|11|26|26|Today I put before you a blessing and a curse:|en
684|11|27|27|你們若聽從耶和華─你們神的誡命，就是我今日所吩咐你們的，就必蒙福。|zh
685|11|27|27|The blessing if you give ear to the orders of the Lord your God, which I give you this day:|en
686|11|28|28|你們若不聽從耶和華─你們神的誡命，偏離我今日所吩咐你們的道，去事奉你們素來所不認識的別　神，就必受禍。|zh
687|11|28|28|And the curse if you do not give ear to the orders of the Lord your God, but let yourselves be turned from the way which I have put before you this day, and go after other gods which are not yours.|en
688|11|29|29|及至耶和華─你的神領你進入要去得為業的那地，你就要將祝福的話陳明在基利心山上，將咒詛的話陳明在以巴路山上。|zh
689|11|29|29|And when the Lord your God has taken you into the land of your heritage, you are to put the blessing on Mount Gerizim and the curse on Mount Ebal.|en
690|11|30|30|這二山豈不是在約但河那邊，日落之處，在住亞拉巴的迦南人之地與吉甲相對，靠近摩利橡樹麼？|zh
691|11|30|30|Are they not on the other side of Jordan, looking west, in the land of the Canaanites living in the Arabah, opposite Gilgal, by the holy tree of Moreh?|en
692|11|31|31|你們要過約但河，進去得耶和華─你們神所賜你們為業之地，在那地居住。|zh
693|11|31|31|For you are about to go over Jordan to take the heritage which the Lord your God is giving you, and it will be your resting-place.|en
694|11|32|32|你們要謹守遵行我今日在你們面前所陳明的一切律例典章。|zh
695|11|32|32|And you are to take care to keep all the laws and the decisions which I put before you today.|en
696|12|1|1|你們存活於世的日子，在耶和華─你們列祖的神所賜你們為業的地上，要謹守遵行的律例典章乃是這些：|zh
697|12|1|1|These are the laws and the decisions which you are to keep with care in the land which the Lord, the God of your fathers, has given you to be your heritage all the days of your life on earth.|en
698|12|2|2|你們要將所趕出的國民事奉神的各地方，無論是在高山，在小山，在各青翠樹下，都毀壞了；|zh
699|12|2|2|You are to give up to the curse all those places where the nations, whom you are driving out, gave worship to their gods, on the high mountains and the hills and under every green tree:|en
700|12|3|3|也要拆毀他們的祭壇，打碎他們的柱像，用火焚燒他們的木偶，砍下他們雕刻的神像，並將其名從那地方除滅。|zh
701|12|3|3|Their altars and their pillars are to be broken down, and their holy trees burned with fire, and the images of their gods cut down; you are to take away their names out of that place.|en
702|12|4|4|你們不可照他們那樣事奉耶和華─你們的神。|zh
703|12|4|4|Do not so to the Lord your God.|en
704|12|5|5|但耶和華─你們的神從你們各支派中選擇何處為立他名的居所，你們就當往那裡去求問，|zh
705|12|5|5|But let your hearts be turned to the place which will be marked out by the Lord your God, among your tribes, to put his name there;|en
706|12|6|6|將你們的燔祭、平安祭、十分取一之物，和手中的舉祭，並還願祭、甘心祭，以及牛群羊群中頭生的，都奉到那裡。|zh
707|12|6|6|And there you are to take your burned offerings and other offerings, and the tenth part of your goods, and the offerings to be lifted up to the Lord, and the offerings of your oaths, and those which you give freely from the impulse of your hearts, and the first births among your herds and your flocks;|en
708|12|7|7|在那裡，耶和華─你們神的面前，你們和你們的家屬都可以吃，並且因你手所辦的一切事蒙耶和華─你的　神賜福，就都歡樂。|zh
709|12|7|7|There you and all your families are to make a feast before the Lord your God, with joy in everything to which you put your hand, because the Lord has given you his blessing.|en
710|12|8|8|我們今日在這裡所行的是各人行自己眼中看為正的事，你們將來不可這樣行；|zh
711|12|8|8|You are not to do things then in the way in which we now do them here, every man as it seems right to him:|en
712|12|9|9|因為你們還沒有到耶和華─你神所賜你的安息地，所給你的產業。|zh
713|12|9|9|For you have not come to the rest and the heritage which the Lord your God is giving you.|en
714|12|10|10|但你們過了約但河，得以住在耶和華─你們神使你們承受為業之地，又使你們太平，不被四圍的一切仇敵擾亂，安然居住。|zh
715|12|10|10|But when you have gone over Jordan and are living in the land which the Lord your God is giving you as your heritage, and when he has given you rest from all those on every side who are fighting against you, and you are living there safely;|en
716|12|11|11|那時要將我所吩咐你們的燔祭、平安祭、十分取一之物，和手中的舉祭，並向耶和華許願獻的一切美祭，都奉到耶和華─你們神所選擇要立為他名的居所。|zh
717|12|11|11|Then there will be a place marked out by the Lord your God as the resting-place for his name, and there you will take all the things which I give you orders to take: your burned offerings and other offerings, and the tenth part of your goods, and the offerings to be lifted up, and the offerings of your oaths which you make to the Lord;|en
718|12|12|12|你們和兒女、僕婢，並住在你們城裡無分無業的利未人，都要在耶和華─你們的神面前歡樂。|zh
719|12|12|12|And you will be glad before the Lord your God, you and your sons and your daughters, and your men-servants and your women-servants, and the Levite who is with you in your house, because he has no part or heritage among you.|en
720|12|13|13|你要謹慎，不可在你所看中的各處獻燔祭。|zh
721|12|13|13|Take care that you do not make your burned offerings in any place you see:|en
722|12|14|14|惟獨耶和華從你那一支派中所選擇的地方，你就要在那裡獻燔祭，行我一切所吩咐你的。|zh
723|12|14|14|But in the place marked out by the Lord in one of your tribes, there let your burned offerings be offered, and there do what I have given you orders to do.|en
724|12|15|15|然而，在你各城裡都可以照耶和華─你神所賜你的福分，隨心所欲宰牲吃肉；無論潔淨人不潔淨人都可以吃，就如吃羚羊與鹿一般。|zh
725|12|15|15|Only you may put to death animals, such as the gazelle or the roe, for your food in any of your towns, at the desire of your soul, in keeping with the blessing of the Lord your God which he has given you: the unclean and the clean may take of it.|en
726|12|16|16|只是不可吃血，要倒在地上，如同倒水一樣。|zh
727|12|16|16|But you may not take the blood for food, it is to be drained out on the earth like water.|en
728|12|17|17|你的五穀、新酒，和油的十分之一，或是牛群羊群中頭生的，或是你許願獻的，甘心獻的，或是手中的舉祭，都不可在你城裡吃。|zh
729|12|17|17|In your towns you are not to take as food the tenth part of your grain, or of your wine or your oil, or the first births of your herds or of your flocks, or anything offered under an oath, or freely offered to the Lord, or given as a lifted offering;|en
730|12|18|18|但要在耶和華─你的神面前吃，在耶和華─你　神所要選擇的地方，你和兒女、僕婢，並住在你城裡的利未人，都可以吃；也要因你手所辦的，在耶和華─你　神面前歡樂。|zh
731|12|18|18|But they will be your food before the Lord your God in the place of his selection, where you may make a feast of them, with your son and your daughter, and your man-servant and your woman-servant, and the Levite who is living with you: and you will have joy before the Lord your God in everything to which you put your hand.|en
732|12|19|19|你要謹慎，在你所住的地方永不可丟棄利未人。|zh
733|12|19|19|See that you do not give up caring for the Levite as long as you are living in your land.|en
734|12|20|20|耶和華─你的神照他所應許擴張你境界的時候，你心裡想要吃肉，說：我要吃肉，就可以隨心所欲地吃肉。|zh
735|12|20|20|When the Lord your God makes wide the limit of your land, as he has said, and you say, I will take flesh for my food, because you have a desire for it; then you may take whatever flesh you have a desire for.|en
736|12|21|21|耶和華─你神所選擇要立他名的地方若離你太遠，就可以照我所吩咐的，將耶和華賜給你的牛羊取些宰了，可以隨心所欲在你城裡吃。|zh
737|12|21|21|If the place marked out by the Lord your God as the resting-place for his name is far away from you, then take from your herds and from your flocks which the Lord has given you, as I have said, and have a meal of it in the towns where you may be living.|en
738|12|22|22|你吃那肉，要像吃羚羊與鹿一般；無論潔淨人不潔淨人都可以吃。|zh
739|12|22|22|It will be your food, like the gazelle and the roe; the unclean and the clean may take of it.|en
740|12|23|23|只是你要心意堅定，不可吃血，因為血是生命；不可將血（原文作生命）與肉同吃。|zh
741|12|23|23|But see that you do not take the blood for food; for the blood is the life; and you may not make use of the life as food with the flesh.|en
742|12|24|24|不可吃血，要倒在地上，如同倒水一樣。|zh
743|12|24|24|Do not take it for food but let it be drained out on the earth like water.|en
744|12|25|25|不可吃血。這樣，你行耶和華眼中看為正的事，你和你的子孫就可以得福。|zh
745|12|25|25|Do not take it for food; so that it may be well for you and for your children after you, while you do what is right in the eyes of the Lord.|en
746|12|26|26|只是你分別為聖的物和你的還願祭要奉到耶和華所選擇的地方去。|zh
747|12|26|26|But the holy things which you have, and the offerings of your oaths, you are to take to the place which will be marked out by the Lord:|en
748|12|27|27|你的燔祭，連肉帶血，都要獻在耶和華─你神的壇上。平安祭的血要倒在耶和華─你　神的壇上；平安祭的肉，你自己可以吃。|zh
749|12|27|27|Offering the flesh and the blood of your burned offerings on the altar of the Lord your God; and the blood of your offerings is to be drained out on the altar of the Lord your God, and the flesh will be your food.|en
750|12|28|28|你要謹守聽從我所吩咐的一切話，行耶和華─你神眼中看為善，看為正的事。這樣，你和你的子孫就可以永遠享福。|zh
751|12|28|28|Take note of all these orders I am giving you and give attention to them, so that it may be well for you and for your children after you for ever, while you do what is good and right in the eyes of the Lord your God.|en
752|12|29|29|耶和華─你神將你要去趕出的國民從你面前剪除，你得了他們的地居住，|zh
753|12|29|29|When the people of the land where you are going have been cut off before you by the Lord your God, and you have taken their land and are living in it;|en
754|12|30|30|那時就要謹慎，不可在他們除滅之後隨從他們的惡俗，陷入網羅，也不可訪問他們的神說：這些國民怎樣事奉他們的　神，我也要照樣行。|zh
755|12|30|30|After their destruction take care that you do not go in their ways, and that you do not give thought to their gods, saying, How did these nations give worship to their gods? I will do as they did.|en
756|12|31|31|你不可向耶和華─你的神這樣行，因為他們向他們的　神行了耶和華所憎嫌所恨惡的一切事，甚至將自己的兒女用火焚燒，獻與他們的　神。|zh
757|12|31|31|Do not so to the Lord your God: for everything which is disgusting to the Lord and hated by him they have done in honour of their gods: even burning their sons and daughters in the fire to their gods.|en
758|12|32|32|凡我所吩咐的，你們都要謹守遵行，不可加添，也不可刪減。|zh
759|12|32|32|You are to keep with care all the words I give you, making no addition to them and taking nothing from them.|en
760|13|1|1|你們中間若有先知或是做夢的起來，向你顯個神蹟奇事，|zh
761|13|1|1|If ever you have among you a prophet or a dreamer of dreams and he gives you a sign or a wonder,|en
762|13|2|2|對你說：我們去隨從你素來所不認識的別神，事奉他罷。他所顯的神蹟奇事雖有應驗，|zh
763|13|2|2|And the sign or the wonder takes place, and he says to you, Let us go after other gods, which are strange to you, and give them worship;|en
764|13|3|3|你也不可聽那先知或是那做夢之人的話；因為這是耶和華─你們的神試驗你們，要知道你們是盡心盡性愛耶和華─你們的　神不是。|zh
765|13|3|3|Then give no attention to the words of that prophet or that dreamer of dreams: for the Lord your God is testing you, to see if all the love of your heart and soul is given to him.|en
766|13|4|4|你們要順從耶和華─你們的神，敬畏他，謹守他的誡命，聽從他的話，事奉他，專靠他。|zh
767|13|4|4|But keep on in the ways of the Lord your God, fearing him and keeping his orders and hearing his voice, worshipping him and being true to him.|en
768|13|5|5|那先知或是那做夢的既用言語叛逆那領你們出埃及地、救贖你脫離為奴之家的耶和華─你們的神，要勾引你離開耶和華─你　神所吩咐你行的道，你便要將他治死。這樣，就把那惡從你們中間除掉。|zh
769|13|5|5|And that prophet or that dreamer of dreams is to be put to death; for his words were said with the purpose of turning you away from the Lord your God, who took you out of the land of Egypt and made you free from the prison-house; and of forcing you out of the way in which the Lord your God has given you orders to go. So you are to put away the evil from among you.|en
770|13|6|6|你的同胞弟兄，或是你的兒女，或是你懷中的妻，或是如同你性命的朋友，若暗中引誘你，說：我們不如去事奉你和你列祖素來所不認識的別神─|zh
771|13|6|6|If your brother, the son of your mother, or your son or your daughter or the wife of your heart, or the friend who is as dear to you as your life, working on you secretly says to you, Let us go and give worship to other gods, strange to you and to your fathers;|en
772|13|7|7|是你四圍列國的神。無論是離你近，離你遠，從地這邊到地那邊的神，|zh
773|13|7|7|Gods of the peoples round about you, near or far, from one end of the earth to the other;|en
774|13|8|8|你不可依從他，也不可聽從他，眼不可顧惜他。你不可憐恤他，也不可遮庇他，|zh
775|13|8|8|Do not be guided by him or give attention to him; have no pity on him or mercy, and give him no cover;|en
776|13|9|9|總要殺他；你先下手，然後眾民也下手，將他治死。|zh
777|13|9|9|But put him to death without question; let your hand be the first stretched out against him to put him to death, and then the hands of all the people.|en
778|13|10|10|要用石頭打死他，因為他想要勾引你離開那領你出埃及地為奴之家的耶和華─你的神。|zh
779|13|10|10|Let him be stoned with stones till he is dead; because it was his purpose to make you false to the Lord your God, who took you out of the land of Egypt, out of the prison-house.|en
780|13|11|11|以色列眾人都要聽見害怕，就不敢在你們中間再行這樣的惡了。|zh
781|13|11|11|And all Israel, hearing of it, will be full of fear, and no one will again do such evil as this among you.|en
782|13|12|12,13 |在耶和華─你神所賜你居住的各城中，你若聽人說，有些匪類從你們中間的一座城出來勾引本城的居民，說：我們不如去事奉你們素來所不認識的別　神；|zh
783|13|12|12|And if word comes to you, in one of the towns which the Lord your God is giving you for your resting-place,|en
784|13|13|13|That good-for-nothing persons have gone out from among you, turning the people of their town from the right way and saying, Let us go and give worship to other gods, of whom you have no knowledge;|en
785|13|14|14|你就要探聽，查究，細細地訪問，果然是真，準有這可憎惡的事行在你們中間，|zh
786|13|14|14|Then let a full search be made, and let questions be put with care; and if it is true and certain that such a disgusting thing has been done among you;|en
787|13|15|15|你必要用刀殺那城裡的居民，把城裡所有的，連牲畜，都用刀殺盡。|zh
788|13|15|15|Then take up arms against the people of that town and give it up to the curse, with all its cattle and everything in it.|en
789|13|16|16|你從那城裡所奪的財物都要堆積在街市上，用火將城和其內所奪的財物都在耶和華─你神面前燒盡；那城就永為荒堆，不可再建造。|zh
790|13|16|16|And take all the goods into the middle of its open space, burning the town and all its property with fire as an offering to the Lord your God; it is to be a waste for ever; there is to be no more building there.|en
791|13|17|17,18 |那當毀滅的物連一點都不可粘你的手。你要聽從耶和華─你神的話，遵守我今日所吩咐你的一切誡命，行耶和華─你　神眼中看為正的事，耶和華就必轉意，不發烈怒，恩待你，憐恤你，照他向你列祖所起的誓使你人數增多。|zh
792|13|17|17|Keep not a thing of what is cursed for yourselves: so the Lord may be turned away from the heat of his wrath, and have mercy on you, and give you increase as he said in his oath to your fathers:|en
793|13|18|18|So long as you give ear to the voice of the Lord your God, and keep all his orders which I give you today, and do what is right in the eyes of the Lord your God.|en
794|14|1|1|你們是耶和華─你們神的兒女。不可為死人用刀劃身，也不可將額上剃光。|zh
795|14|1|1|You are the children of the Lord your God: you are not to make cuts on your bodies or take off the hair on your brows in honour of the dead;|en
796|14|2|2|因為你歸耶和華─你神為聖潔的民，耶和華從地上的萬民中揀選你特作自己的子民。|zh
797|14|2|2|For you are a holy people to the Lord your God, and the Lord has taken you to be his special people out of all the nations on the face of the earth.|en
798|14|3|3|凡可憎的物都不可吃。|zh
799|14|3|3|No disgusting thing may be your food.|en
800|14|4|4|可吃的牲畜就是牛、綿羊、山羊、|zh
801|14|4|4|These are the beasts which you may have for food: the ox, the sheep, and the goat;|en
802|14|5|5|鹿、羚羊、麃子、野山羊、麋鹿、黃羊、青羊。|zh
803|14|5|5|The hart, the gazelle, and the roe, the mountain goat and the pygarg and the antelope and the mountain sheep.|en
804|14|6|6|凡分蹄成為兩瓣又倒嚼的走獸，你們都可以吃。|zh
805|14|6|6|Any beast which has a division in the horn of its foot and whose food comes back into its mouth to be crushed again, may be used for food.|en
806|14|7|7|但那些倒嚼或是分蹄之中不可吃的乃是駱駝、兔子、沙番─因為是倒嚼不分蹄，就與你們不潔淨；|zh
807|14|7|7|But even among these, there are some which may not be used for food: such as the camel, the hare, and the coney, which are unclean to you, because, though their food comes back, the horn of their feet is not parted in two.|en
808|14|8|8|豬─因為是分蹄卻不倒嚼，就與你們不潔淨。這些獸的肉，你們不可吃，死的也不可摸。|zh
809|14|8|8|And the pig is unclean to you, because though it has a division in the horn of its foot, its food does not come back; their flesh may not be used for food or their dead bodies touched by you.|en
810|14|9|9|水中可吃的乃是這些：凡有翅有鱗的都可以吃；|zh
811|14|9|9|And of the things living in the waters, you may take all those who have wings for swimming with and skins formed of thin plates.|en
812|14|10|10|凡無翅無鱗的都不可吃，是與你們不潔淨。|zh
813|14|10|10|But any which have no skin-plates or wings for swimming, you may not take; they are unclean for you.|en
814|14|11|11|凡潔淨的鳥，你們都可以吃。|zh
815|14|11|11|All clean birds may be used for food.|en
816|14|12|12|不可吃的乃是鵰、狗頭鵰、紅頭鵰、|zh
817|14|12|12|But these birds you may not take: the eagle and the gier-eagle and the ospray;|en
818|14|13|13|鸇、小鷹、鷂鷹與其類，|zh
819|14|13|13|The falcon and the kite, and birds of that sort;|en
820|14|14|14|烏鴉與其類，|zh
821|14|14|14|Every raven, and all birds of that sort;|en
822|14|15|15|鴕鳥、夜鷹、魚鷹、鷹與其類，|zh
823|14|15|15|And the ostrich and the night-hawk and the sea-hawk and birds of that sort;|en
824|14|16|16|鴞鳥、貓頭鷹、角鴟、|zh
825|14|16|16|The little owl and the great owl and the water-hen;|en
826|14|17|17|鵜鶘、禿鵰、鸕鶿、|zh
827|14|17|17|And the pelican and the vulture and the cormorant;|en
828|14|18|18|鸛、鷺鷥與其類，戴鵀與蝙蝠。|zh
829|14|18|18|The stork and the heron and birds of that sort, and the hoopoe and the bat.|en
830|14|19|19|凡有翅膀爬行的物是與你們不潔淨，都不可吃。|zh
831|14|19|19|Every winged thing which goes flat on the earth is unclean to you and may not be used as food.|en
832|14|20|20|凡潔淨的鳥，你們都可以吃。|zh
833|14|20|20|But all clean birds you may take.|en
834|14|21|21|凡自死的，你們都不可吃，可以給你城裡寄居的吃，或賣與外人吃，因為你是歸耶和華─你神為聖潔的民。不可用山羊羔母的奶煮山羊羔。|zh
835|14|21|21|You may not have as food anything which has come to a natural death; the man from another country who is living with you may take it for food, or you may get a price for it from one of another nation; for you are a holy people to the Lord your God. The young goat is not to be cooked in its mother's milk.|en
836|14|22|22|你要把你撒種所產的，就是你田地每年所出的，十分取一分；|zh
837|14|22|22|Put on one side a tenth of all the increase of your seed, produced year by year.|en
838|14|23|23|又要把你的五穀、新酒、和油的十分之一，並牛群羊群中頭生的，吃在耶和華─你神面前，就是他所選擇要立為他名的居所。這樣，你可以學習時常敬畏耶和華─你的　神。|zh
839|14|23|23|And make a feast before the Lord your God, in the place which is to be marked out, where his name will be for ever, of the tenth part of your grain and your wine and your oil, and the first births of your herds and your flocks; so that you may have the fear of the Lord your God in your hearts at all times.|en
840|14|24|24|當耶和華─你神賜福與你的時候，耶和華─你　神所選擇要立為他名的地方若離你太遠，那路也太長，使你不能把這物帶到那裡去，|zh
841|14|24|24|And if the way is so long that you are not able to take these things to the place marked out by the Lord your God for his name, when he has given you his blessing, because it is far away from you;|en
842|14|25|25|你就可以換成銀子，將銀子包起來，拿在手中，往耶和華─你神所要選擇的地方去。|zh
843|14|25|25|Then let these things be exchanged for money, and, taking the money in your hand, go to the place marked out by the Lord your God for himself;|en
844|14|26|26|你用這銀子，隨心所欲，或買牛羊，或買清酒濃酒，凡你心所想的都可以買；你和你的家屬在耶和華─你神的面前吃喝快樂。|zh
845|14|26|26|And with the money get whatever you have a desire for, oxen or sheep or wine or strong drink, whatever your soul's desire may be: and make a feast there before the Lord your God, and be glad, you and all your house;|en
846|14|27|27|住在你城裡的利未人，你不可丟棄他，因為他在你們中間無分無業。|zh
847|14|27|27|And give a thought to the Levite who is living among you, for he has no part or heritage in the land.|en
848|14|28|28|每逢三年的末一年，你要將本年的土產十分之一都取出來，積存在你的城中。|zh
849|14|28|28|At the end of every three years take a tenth part of all your increase for that year, and put it in store inside your walls:|en
850|14|29|29|在你城裡無分無業的利未人，和你城裡寄居的，並孤兒寡婦，都可以來，吃得飽足。這樣，耶和華─你的神必在你手裡所辦的一切事上賜福與你。|zh
851|14|29|29|And the Levite, because he has no part or heritage in the land, and the man from a strange country, and the child who has no father, and the widow, who are living among you, will come and take food and have enough; and so the blessing of the Lord your God will be on you in everything you do.|en
852|15|1|1|每逢七年末一年，你要施行豁免。|zh
853|15|1|1|At the end of every seven years there is to be a general forgiveness of debt.|en
854|15|2|2|豁免的定例乃是這樣：凡債主要把所借給鄰舍的豁免了；不可向鄰舍和弟兄追討，因為耶和華的豁免年已經宣告了。|zh
855|15|2|2|This is how it is to be done: every creditor is to give up his right to whatever he has let his neighbour have; he is not to make his neighbour, his countryman, give it back; because a general forgiveness has been ordered by the Lord.|en
856|15|3|3|若借給外邦人，你可以向他追討；但借給你弟兄，無論是甚麼，你要鬆手豁免了。|zh
857|15|3|3|A man of another nation may be forced to make payment of his debt, but if your brother has anything of yours, let it go;|en
858|15|4|4,5 |你若留意聽從耶和華─你神的話，謹守遵行我今日所吩咐你這一切的命令，就必在你們中間沒有窮人了（在耶和華─你　神所賜你為業的地上，耶和華必大大賜福與你。）|zh
859|15|4|4|But there will be no poor among you; for the Lord will certainly give you his blessing in the land which the Lord your God is giving you for your heritage;|en
860|15|5|5|If only you give ear to the voice of the Lord your God, and take care to keep all these orders which I give you today.|en
861|15|6|6|因為耶和華─你的神必照他所應許你的賜福與你。你必借給許多國民，卻不至向他們借貸；你必管轄許多國民，他們卻不能管轄你。|zh
862|15|6|6|For the Lord your God will give you his blessing as he has said: you will let other nations have the use of your money, but you will not make use of theirs; you will be rulers over a number of nations, but they will not be your rulers.|en
863|15|7|7|在耶和華─你神所賜你的地上，無論那一座城裡，你弟兄中若有一個窮人，你不可忍著心、揝著手不幫補你窮乏的弟兄。|zh
864|15|7|7|If in any of your towns in the land which the Lord your God is giving you, there is a poor man, one of your countrymen, do not let your heart be hard or your hand shut to him;|en
865|15|8|8|總要向他鬆開手，照他所缺乏的借給他，補他的不足。|zh
866|15|8|8|But let your hand be open to give him the use of whatever he is in need of.|en
867|15|9|9|你要謹慎，不可心裡起惡念，說：第七年的豁免年快到了，你便惡眼看你窮乏的弟兄，甚麼都不給他，以致他因你求告耶和華，罪便歸於你了。|zh
868|15|9|9|And see that there is no evil thought in your heart, moving you to say to yourself, The seventh year, the year of forgiveness is near; and so looking coldly on your poor countryman you give him nothing; and he will make an outcry to the Lord against you, and it will be judged as sin in you.|en
869|15|10|10|你總要給他，給他的時候心裡不可愁煩；因耶和華─你的神必在你這一切所行的，並你手裡所辦的事上，賜福與你。|zh
870|15|10|10|But it is right for you to give to him, without grief of heart: for because of this, the blessing of the Lord your God will be on all your work and on everything to which you put your hand.|en
871|15|11|11|原來那地上的窮人永不斷絕；所以我吩咐你說：總要向你地上困苦窮乏的弟兄鬆開手。|zh
872|15|11|11|For there will never be a time when there are no poor in the land; and so I give orders to you, Let your hand be open to your countrymen, to those who are poor and in need in your land.|en
873|15|12|12|你弟兄中，若有一個希伯來男人或希伯來女人被賣給你，服事你六年，到第七年就要任他自由出去。|zh
874|15|12|12|If one of your countrymen, a Hebrew man or woman, becomes your servant for a price and does work for you six years, in the seventh year let him go free.|en
875|15|13|13|你任他自由的時候，不可使他空手而去，|zh
876|15|13|13|And when you make him free, do not let him go away with nothing in his hands:|en
877|15|14|14|要從你羊群、禾場、酒醡之中多多的給他；耶和華─你的神怎樣賜福與你，你也要照樣給他。|zh
878|15|14|14|But give him freely from your flock and from your grain and your wine: in the measure of the wealth which the Lord your God has given you, you are to give to him.|en
879|15|15|15|要記念你在埃及地作過奴僕，耶和華─你的神將你救贖；因此，我今日吩咐你這件事。|zh
880|15|15|15|And keep in mind that you yourself were a servant in the land of Egypt, and the Lord your God made you free: so I give you this order today.|en
881|15|16|16|他若對你說：我不願意離開你，是因他愛你和你的家，且因在你那裡很好，|zh
882|15|16|16|But if he says to you, I have no desire to go away from you; because you and your family are dear to him and he is happy with you;|en
883|15|17|17|你就要拿錐子將他的耳朵在門上刺透，他便永為你的奴僕了。你待婢女也要這樣。|zh
884|15|17|17|Then take a sharp-pointed instrument, driving it through his ear into the door, and he will be your servant for ever. And you may do the same for your servant-girl.|en
885|15|18|18|你任他自由的時候，不可以為難事，因他服事你六年，較比雇工的工價多加一倍了。耶和華─你的神就必在你所做的一切事上賜福與你。|zh
886|15|18|18|Let it not seem hard to you that you have to send him away free; for he has been working for you for six years, which is twice the regular time for a servant: and the blessing of the Lord your God will be on you in everything you do.|en
887|15|19|19|你牛群羊群中頭生的，凡是公的，都要分別為聖，歸耶和華─你的神。牛群中頭生的，不可用他耕地；羊群中頭生的，不可剪毛。|zh
888|15|19|19|All the first males to come to birth in your herd and your flock are to be holy to the Lord your God: the first birth of your ox is not to be used for work, the wool of your first lamb is not to be cut.|en
889|15|20|20|這頭生的，你和你的家屬，每年要在耶和華所選擇的地方，在耶和華─你神面前吃。|zh
890|15|20|20|But year by year you and all your house are to take a meal of it before the Lord, in the place of his selection.|en
891|15|21|21|這頭生的若有甚麼殘疾，就如瘸腿的、瞎眼的，無論有甚麼惡殘疾，都不可獻給耶和華─你的神；|zh
892|15|21|21|But if it has any mark on it, if it is blind or has damaged legs, or if there is anything wrong with it, it may not be offered to the Lord your God.|en
893|15|22|22|可以在你城裡吃；潔淨人與不潔淨人都可以吃，就如吃羚羊與鹿一般。|zh
894|15|22|22|It may be used for food in your houses: the unclean and the clean may take of it, as of the gazelle and the roe.|en
895|15|23|23|只是不可吃他的血；要倒在地上，如同倒水一樣。|zh
896|15|23|23|Only do not take its blood for food, but let it be drained out on the earth like water.|en
897|16|1|1|你要注意亞筆月，向耶和華─你的神守逾越節，因為耶和華─你的　神在亞筆月夜間領你出埃及。|zh
898|16|1|1|Take note of the month of Abib and keep the Passover to the Lord your God: for in the month of Abib the Lord your God took you out of Egypt by night.|en
899|16|2|2|你當在耶和華所選擇要立為他名的居所，從牛群羊群中，將逾越節的祭牲獻給耶和華─你的神。|zh
900|16|2|2|The Passover offering, from your flock or your herd, is to be given to the Lord your God in the place marked out by him as the resting-place of his name.|en
901|16|3|3|你吃這祭牲，不可吃有酵的餅；七日之內要吃無酵餅，就是困苦餅─你本是急忙出了埃及地─要叫你一生一世記念你從埃及地出來的日子。|zh
902|16|3|3|Take no leavened bread with it; for seven days let your food be unleavened bread, that is, the bread of sorrow; for you came out of the land of Egypt quickly: so the memory of that day, when you came out of the land of Egypt, will be with you all your life.|en
903|16|4|4|在你四境之內，七日不可見麵酵，頭一日晚上所獻的肉，一點不可留到早晨。|zh
904|16|4|4|For seven days let no leaven be used through all your land; and nothing of the flesh which is put to death in the evening of the first day is to be kept through the night till morning.|en
905|16|5|5|在耶和華─你神所賜的各城中，你不可獻逾越節的祭；|zh
906|16|5|5|The Passover offering is not to be put to death in any of the towns which the Lord your God gives you:|en
907|16|6|6|只當在耶和華─你神所選擇要立為他名的居所，晚上日落的時候，乃是你出埃及的時候，獻逾越節的祭。|zh
908|16|6|6|But in the place marked out by the Lord your God as the resting-place of his name, there you are to put the Passover to death in the evening, at sundown, at that time of the year when you came out of Egypt.|en
909|16|7|7|當在耶和華─你神所選擇的地方把肉烤了吃（烤：或作煮），次日早晨就回到你的帳棚去。|zh
910|16|7|7|It is to be cooked and taken as food in the place marked out by the Lord: and in the morning you are to go back to your tents.|en
911|16|8|8|你要吃無酵餅六日，第七日要向耶和華─你的神守嚴肅會，不可做工。|zh
912|16|8|8|For six days let your food be unleavened bread; and on the seventh day there is to be a holy meeting to the Lord your God; no work is to be done.|en
913|16|9|9|你要計算七七日：從你開鐮收割禾稼時算起，共計七七日。|zh
914|16|9|9|Let seven weeks be numbered from the first day when the grain is cut.|en
915|16|10|10|你要照耶和華─你神所賜你的福，手裡拿著甘心祭，獻在耶和華─你的　神面前，守七七節。|zh
916|16|10|10|Then keep the feast of weeks to the Lord your God, with an offering freely given to him from the wealth he has given you:|en
917|16|11|11|你和你兒女、僕婢，並住在你城裡的利未人，以及在你們中間寄居的與孤兒寡婦，都要在耶和華─你神所選擇立為他名的居所，在耶和華─你的　神面前歡樂。|zh
918|16|11|11|Then you are to be glad before the Lord your God, you and your son and your daughter, your man-servant and your woman-servant, and the Levite who is with you, and the man from a strange country, and the child without a father, and the widow, who are living among you, in the place marked out by the Lord your God as a resting-place for his name.|en
919|16|12|12|你也要記念你在埃及作過奴僕。你要謹守遵行這些律例。|zh
920|16|12|12|And you will keep in mind that you were a servant in the land of Egypt: and you will take care to keep all these laws.|en
921|16|13|13|你把禾場的穀、酒醡的酒收藏以後，就要守住棚節七日。|zh
922|16|13|13|You are to keep the feast of tents for seven days after you have got in all your grain and made your wine:|en
923|16|14|14|守節的時候，你和你兒女、僕婢，並住在你城裡的利未人，以及寄居的與孤兒寡婦，都要歡樂。|zh
924|16|14|14|You are to keep the feast with joy, you and your son and your daughter, your man-servant and your woman-servant, and the Levite, and the man from a strange country, and the child without a father, and the widow, who are living among you.|en
925|16|15|15|在耶和華所選擇的地方，你當向耶和華─你的神守節七日；因為耶和華─你　神在你一切的土產上和你手裡所辦的事上要賜福與你，你就非常的歡樂。|zh
926|16|15|15|Keep the feast to the Lord your God for seven days, in the place marked out by the Lord: because the blessing of the Lord your God will be on all the produce of your land and all the work of your hands, and you will have nothing but joy.|en
927|16|16|16|你一切的男丁要在除酵節、七七節、住棚節，一年三次，在耶和華─你神所選擇的地方朝見他，卻不可空手朝見。|zh
928|16|16|16|Three times in the year let all your males come before the Lord your God in the place named by him; at the feast of unleavened bread, the feast of weeks, and the feast of tents: and they are not to come before the Lord with nothing in their hands;|en
929|16|17|17|各人要按自己的力量，照耶和華─你神所賜的福分，奉獻禮物。|zh
930|16|17|17|Every man is to give as he is able, in the measure of the blessing which the Lord your God has given you.|en
931|16|18|18|你要在耶和華─你神所賜的各城裡，按著各支派設立審判官和官長。他們必按公義的審判判斷百姓。|zh
932|16|18|18|You are to make judges and overseers in all your towns which the Lord your God gives you, for every tribe: and they are to be upright men, judging the people in righteousness.|en
933|16|19|19|不可屈枉正直；不可看人的外貌。也不可受賄賂；因為賄賂能叫智慧人的眼變瞎了，又能顛倒義人的話。|zh
934|16|19|19|You are not to be moved in your judging by a man's position, you are not to take rewards; for rewards make the eyes of the wise man blind, and the decisions of the upright false.|en
935|16|20|20|你要追求至公至義，好叫你存活，承受耶和華─你神所賜你的地。|zh
936|16|20|20|Let righteousness be your guide, so that you may have life, and take for your heritage the land which the Lord your God is giving you.|en
937|16|21|21|你為耶和華─你的神築壇，不可在壇旁栽甚麼樹木作為木偶。|zh
938|16|21|21|Let no holy tree of any sort be planted by the altar of the Lord your God which you will make.|en
939|16|22|22|也不可為自己設立柱像；這是耶和華─你神所恨惡的。|zh
940|16|22|22|You are not to put up stone pillars, for they are hated by the Lord your God.|en
941|17|1|1|凡有殘疾，或有甚麼惡病的牛羊，你都不可獻給耶和華─你的神，因為這是耶和華─你　神所憎惡的。|zh
942|17|1|1|No ox or sheep which has a mark on it or is damaged in any way may be offered to the Lord your God: for that is disgusting to the Lord your God.|en
943|17|2|2|在你們中間，在耶和華─你神所賜你的諸城中，無論那座城裡，若有人，或男或女，行耶和華─你　神眼中看為惡的事，違背了他的約，|zh
944|17|2|2|If there is any man or woman among you, in any of the towns which the Lord your God gives you, who does evil in the eyes of the Lord your God, sinning against his agreement,|en
945|17|3|3|去事奉敬拜別神，或拜日頭，或拜月亮，或拜天象，是主不曾吩咐的；|zh
946|17|3|3|By becoming a servant of other gods and worshipping them or the sun or the moon or all the stars of heaven, against my orders;|en
947|17|4|4|有人告訴你，你也聽見了，就要細細的探聽，果然是真，準有這可憎惡的事行在以色列中，|zh
948|17|4|4|If word of this comes to your ears, then let this thing be looked into with care, and if there is no doubt that it is true, and such evil has been done in Israel;|en
949|17|5|5|你就要將行這惡事的男人或女人拉到城門外，用石頭將他打死。|zh
950|17|5|5|Then you are to take the man or woman who has done the evil to the public place of your town, and they are to be stoned with stones till they are dead.|en
951|17|6|6|要憑兩三個人的口作見證將那當死的人治死；不可憑一個人的口作見證將他治死。|zh
952|17|6|6|On the word of two or three witnesses, a man may be given the punishment of death; but he is not to be put to death on the word of one witness.|en
953|17|7|7|見證人要先下手，然後眾民也下手將他治死。這樣，就把那惡從你們中間除掉。|zh
954|17|7|7|The hands of the witnesses will be the first to put him to death, and after them the hands of all the people. So you are to put away the evil from among you.|en
955|17|8|8|你城中若起了爭訟的事，或因流血，或因爭競，或因毆打，是你難斷的案件，你就當起來，往耶和華─你神所選擇的地方|zh
956|17|8|8|If you are not able to give a decision as to who is responsible for a death, or who is right in a cause, or who gave the first blow in a fight, and there is a division of opinion about it in your town: then go to the place marked out by the Lord your God;|en
957|17|9|9|去見祭司利未人，並當時的審判官，求問他們，他們必將判語指示你。|zh
958|17|9|9|And come before the priests, the Levites, or before him who is judge at the time: and they will go into the question and give you a decision:|en
959|17|10|10|他們在耶和華所選擇的地方指示你的判語，你必照著他們所指教你的一切話謹守遵行。|zh
960|17|10|10|And you are to be guided by the decision they give in the place named by the Lord, and do whatever they say:|en
961|17|11|11|要按他們所指教你的律法，照他們所斷定的去行；他們所指示你的判語，你不可偏離左右。|zh
962|17|11|11|Acting in agreement with their teaching and the decision they give: not turning to one side or the other from the word they have given you.|en
963|17|12|12|若有人擅敢不聽從那侍立在耶和華─你神面前的祭司，或不聽從審判官，那人就必治死；這樣，便將那惡從以色列中除掉。|zh
964|17|12|12|And any man who, in his pride, will not give ear to the priest whose place is there before the Lord your God, or to the judge, is to be put to death: you are to put away the evil from Israel.|en
965|17|13|13|眾百姓都要聽見害怕，不再擅敢行事。|zh
966|17|13|13|And all the people, hearing of it, will be full of fear and put away their pride.|en
967|17|14|14|到了耶和華─你神所賜你的地，得了那地居住的時候，若說：我要立王治理我，像四圍的國一樣。|zh
968|17|14|14|When you have come into the land which the Lord your God is giving you, and have taken it for a heritage and are living in it, if it is your desire to have a king over you, like the other nations round about you;|en
969|17|15|15|你總要立耶和華─你神所揀選的人為王。必從你弟兄中立一人；不可立你弟兄以外的人為王。|zh
970|17|15|15|Then see that you take as your king the man named by the Lord your God: let your king be one of your countrymen, not a man of another nation who is not one of yourselves.|en
971|17|16|16|只是王不可為自己加添馬匹，也不可使百姓回埃及去，為要加添他的馬匹，因耶和華曾吩咐你們說：不可再回那條路去。|zh
972|17|16|16|And he is not to get together a great army of horses for himself, or make the people go back to Egypt to get horses for him: because the Lord has said, You will never again go back that way.|en
973|17|17|17|他也不可為自己多立妃嬪，恐怕他的心偏邪；也不可為自己多積金銀。|zh
974|17|17|17|And he is not to have a great number of wives, for fear that his heart may be turned away; or great wealth of silver and gold.|en
975|17|18|18|他登了國位，就要將祭司利未人面前的這律法書，為自己抄錄一本，|zh
976|17|18|18|And when he has taken his place on the seat of his kingdom, he is to make in a book a copy of this law, from that which the priests, the Levites, have in their care:|en
977|17|19|19|存在他那裡，要平生誦讀，好學習敬畏耶和華─他的神，謹守遵行這律法書上的一切言語和這些律例，|zh
978|17|19|19|And it is to be with him for his reading all the days of his life, so that he may be trained in the fear of the Lord his God to keep and do all the words of this teaching and these laws:|en
979|17|20|20|免得他向弟兄心高氣傲，偏左偏右，離了這誡命。這樣，他和他的子孫便可在以色列中，在國位上年長日久。|zh
980|17|20|20|So that his heart may not be lifted up over his countrymen, and he may not be turned away from the orders, to one side or the other: but that his life and the lives of his children may be long in his kingdom in Israel.|en
981|18|1|1|祭司利未人和利未全支派必在以色列中無分無業；他們所吃用的就是獻給耶和華的火祭和一切所捐的。|zh
982|18|1|1|The priests, the Levites, that is, all the tribe of Levi, will have no part or heritage with Israel: their food and their heritage will be the offerings of the Lord made by fire.|en
983|18|2|2|他們在弟兄中必沒有產業；耶和華是他們的產業，正如耶和華所應許他們的。|zh
984|18|2|2|And they will have no heritage among their countrymen: the Lord is their heritage, as he has said to them.|en
985|18|3|3|祭司從百姓所當得的分乃是這樣：凡獻牛或羊為祭的，要把前腿和兩腮並脾胃給祭司。|zh
986|18|3|3|And this is to be the priests' right: those who make an offering of a sheep or an ox are to give to the priest the top part of the leg and the two sides of the head and the stomach.|en
987|18|4|4|初收的五穀、新酒和油，並初剪的羊毛，也要給他；|zh
988|18|4|4|And in addition you are to give him the first of your grain and wine and oil, and the first wool cut from your sheep.|en
989|18|5|5|因為耶和華─你的神從你各支派中將他揀選出來，使他和他子孫永遠奉耶和華的名侍立，事奉。|zh
990|18|5|5|For he, and his sons after him for ever, have been marked out by the Lord your God from all your tribes, to do the work of priests in the name of the Lord.|en
991|18|6|6|利未人無論寄居在以色列中的那一座城，若從那裡出來，一心願意到耶和華所選擇的地方，|zh
992|18|6|6|And if a Levite, moved by a strong desire, comes from any town in all Israel where he is living to the place marked out by the Lord;|en
993|18|7|7|就要奉耶和華─他神的名事奉，像他眾弟兄利未人侍立在耶和華面前事奉一樣。|zh
994|18|7|7|Then he will do the work of a priest in the name of the Lord his God, with all his brothers the Levites who are there before the Lord.|en
995|18|8|8|除了他賣祖父產業所得的以外，還要得一分祭物與他們同吃。|zh
996|18|8|8|His food will be the same as theirs, in addition to what has come to him as the price of his property.|en
997|18|9|9|你到了耶和華─你神所賜之地，那些國民所行可憎惡的事，你不可學著行。|zh
998|18|9|9|When you have come into the land which the Lord your God is giving you, do not take as your example the disgusting ways of those nations.|en
999|18|10|10|你們中間不可有人使兒女經火，也不可有占卜的、觀兆的、用法術的、行邪術的、|zh
1000|18|10|10|Let there not be seen among you anyone who makes his son or his daughter go through the fire, or anyone using secret arts, or a maker of strange sounds, or a reader of signs, or any wonder-worker,|en
1001|18|11|11|用迷術的、交鬼的、行巫術的、過陰的。|zh
1002|18|11|11|Or anyone using secret force on people, or putting questions to a spirit, or having secret knowledge, or going to the dead for directions.|en
1003|18|12|12|凡行這些事的都為耶和華所憎惡；因那些國民行這可憎惡的事，所以耶和華─你的神將他們從你面前趕出。|zh
1004|18|12|12|For all who do such things are disgusting to the Lord; and because of these disgusting things the Lord your God is driving them out before you.|en
1005|18|13|13|你要在耶和華─你的神面前作完全人。|zh
1006|18|13|13|You are to be upright in heart before the Lord your God.|en
1007|18|14|14|因你所要趕出的那些國民都聽信觀兆的和占卜的，至於你，耶和華─你的神從來不許你這樣行。|zh
1008|18|14|14|For these nations, whose land you are taking, give attention to readers of signs and to those using secret arts: but the Lord your God will not let you do so.|en
1009|18|15|15|耶和華─你的神要從你們弟兄中間給你興起一位先知，像我，你們要聽從他。|zh
1010|18|15|15|The Lord your God will give you a prophet from among your people, like me; you will give ear to him;|en
1011|18|16|16|正如你在何烈山大會的日子求耶和華─你神一切的話，說：求你不再叫我聽見耶和華─我　神的聲音，也不再叫我看見這大火，免得我死亡。|zh
1012|18|16|16|In answer to the request you made to the Lord your God in Horeb on the day of the great meeting, when you said, Let not the voice of the Lord my God come to my ears again, and let me not see this great fire any more, or death will overtake me.|en
1013|18|17|17|耶和華就對我說：他們所說的是。|zh
1014|18|17|17|Then the Lord said to me, What they have said is well said.|en
1015|18|18|18|我必在他們弟兄中間給他們興起一位先知，像你。我要將當說的話傳給他；他要將我一切所吩咐的都傳給他們。|zh
1016|18|18|18|I will give them a prophet from among themselves, like you, and I will put my words in his mouth, and he will say to them whatever I give him orders to say.|en
1017|18|19|19|誰不聽他奉我名所說的話，我必討誰的罪。|zh
1018|18|19|19|And whoever does not give ear to my words which he will say in my name, will be responsible to me.|en
1019|18|20|20|若有先知擅敢託我的名說我所未曾吩咐他說的話，或是奉別神的名說話，那先知就必治死。|zh
1020|18|20|20|But the prophet who takes it on himself to say words in my name which I have not given him orders to say, or who says anything in the name of other gods, will come to his death.|en
1021|18|21|21|你心裡若說：耶和華所未曾吩咐的話，我們怎能知道呢？|zh
1022|18|21|21|And if you say in your hearts, How are we to be certain that the word does not come from the Lord?|en
1023|18|22|22|先知託耶和華的名說話，所說的若不成就，也無效驗，這就是耶和華所未曾吩咐的，是那先知擅自說的，你不要怕他。|zh
1024|18|22|22|When a prophet makes a statement in the name of the Lord, if what he says does not take place and his words do not come true, then his word is not the word of the Lord: the words of the prophet were said in the pride of his heart, and you are to have no fear of him.|en
1025|19|1|1|耶和華─你神將列國之民剪除的時候，耶和華─你　神也將他們的地賜給你，你接著住他們的城邑並他們的房屋，|zh
1026|19|1|1|When the nations, whose land the Lord your God is giving you, have been cut off by him, and you have taken their place and are living in their towns and in their houses;|en
1027|19|2|2|就要在耶和華─你神所賜你為業的地上分定三座城。|zh
1028|19|2|2|You are to have three towns marked out in the land which the Lord your God is giving you for your heritage.|en
1029|19|3|3|要將耶和華─你神使你承受為業的地分為三段；又要預備道路，使誤殺人的，都可以逃到那裡去。|zh
1030|19|3|3|You are to make ready a way, and see that the land which the Lord your God is giving you for your heritage, is marked out into three parts, to which any taker of life may go in flight.|en
1031|19|4|4|誤殺人的逃到那裡可以存活，定例乃是這樣：凡素無仇恨，無心殺了人的，|zh
1032|19|4|4|This is to be the rule for anyone who goes in flight there, after causing the death of his neighbour in error and not through hate;|en
1033|19|5|5|就如人與鄰舍同入樹林砍伐樹木，手拿斧子一砍，本想砍下樹木，不料，斧頭脫了把，飛落在鄰舍身上，以致於死，這人逃到那些城的一座城，就可以存活，|zh
1034|19|5|5|For example, if a man goes into the woods with his neighbour for the purpose of cutting down trees, and when he takes his axe to give a blow to the tree, the head of the axe comes off, and falling on to his neighbour gives him a wound causing his death; then the man may go in flight to one of these towns and be safe:|en
1035|19|6|6|免得報血仇的，心中火熱追趕他，因路遠就追上，將他殺死；其實他不該死，因為他與被殺的素無仇恨。|zh
1036|19|6|6|For if not, he who has the right of punishment may go running after the taker of life in the heat of his wrath, and overtake him because the way is long, and give him a death-blow; though it is not right for him to be put to death because he was not moved by hate.|en
1037|19|7|7|所以我吩咐你說，要分定三座城。|zh
1038|19|7|7|And so I am ordering you to see that three towns are marked out for this purpose.|en
1039|19|8|8|耶和華─你神若照他向你列祖所起的誓擴張你的境界，將所應許賜你列祖的地全然給你，|zh
1040|19|8|8|And if the Lord your God makes wide the limits of your land, as he said in his oath to your fathers, and gives you all the land which he undertook to give to your fathers;|en
1041|19|9|9|你若謹守遵行我今日所吩咐的這一切誡命，愛耶和華─你的神，常常遵行他的道，就要在這三座城之外，再添三座城，|zh
1042|19|9|9|If you keep and do all these orders which I give you today, loving the Lord your God and walking ever in his ways; then let three more towns, in addition to these three, be marked out for you:|en
1043|19|10|10|免得無辜之人的血流在耶和華─你神所賜你為業的地上，流血的罪就歸於你。|zh
1044|19|10|10|So that in all your land, which the Lord your God is giving you for your heritage, no man may be wrongly put to death, for which you will be responsible.|en
1045|19|11|11|若有人恨他的鄰舍，埋伏著起來擊殺他，以致於死，便逃到這些城的一座城，|zh
1046|19|11|11|But if any man has hate for his neighbour, and waiting for him secretly makes an attack on him and gives him a blow causing his death, and then goes in flight to one of these towns;|en
1047|19|12|12|本城的長老就要打發人去，從那裡帶出他來，交在報血仇的手中，將他治死。|zh
1048|19|12|12|The responsible men of his town are to send and take him, and give him up to the one who has the right of punishment to be put to death.|en
1049|19|13|13|你眼不可顧惜他，卻要從以色列中除掉流無辜血的罪，使你可以得福。|zh
1050|19|13|13|Have no pity on him, so that Israel may be clear from the crime of putting a man to death without cause, and it will be well for you.|en
1051|19|14|14|在耶和華─你神所賜你承受為業之地，不可挪移你鄰舍的地界，那是先人所定的。|zh
1052|19|14|14|Your neighbour's landmark, which was put in its place by the men of old times, is not to be moved or taken away in the land of your heritage which the Lord your God is giving you.|en
1053|19|15|15|人無論犯甚麼罪，作甚麼惡，不可憑一個人的口作見證，總要憑兩三個人的口作見證才可定案。|zh
1054|19|15|15|One witness may not make a statement against a man in relation to any sin or wrongdoing which he has done: on the word of two or three witnesses a question is to be judged.|en
1055|19|16|16|若有凶惡的見證人起來，見證某人作惡，|zh
1056|19|16|16|If a false witness makes a statement against a man, saying that he has done wrong,|en
1057|19|17|17|這兩個爭訟的人就要站在耶和華面前，和當時的祭司，並審判官面前，|zh
1058|19|17|17|Then the two men, between whom the argument has taken place, are to come before the Lord, before the priests and judges who are then in power;|en
1059|19|18|18|審判官要細細的查究，若見證人果然是作假見證的，以假見證陷害弟兄，|zh
1060|19|18|18|And the judges will have the question looked into with care: and if the witness is seen to be false and to have made a false statement against his brother,|en
1061|19|19|19|你們就要待他如同他想要待的弟兄。這樣，就把那惡從你們中間除掉。|zh
1062|19|19|19|Then do to him what it was his purpose to do to his brother: and so put away the evil from among you.|en
1063|19|20|20|別人聽見都要害怕，就不敢在你們中間再行這樣的惡了。|zh
1064|19|20|20|And the rest of the people, hearing of it, will be full of fear, and never again do such evil among you.|en
1065|19|21|21|你眼不可顧惜，要以命償命，以眼還眼，以牙還牙，以手還手，以腳還腳。|zh
1066|19|21|21|Have no pity; let life be given for life, eye for eye, tooth for tooth, hand for hand, foot for foot.|en
1067|20|1|1|你出去與仇敵爭戰的時候，看見馬匹、車輛，並有比你多的人民，不要怕他們，因為領你出埃及地的耶和華─你神與你同在。|zh
1068|20|1|1|When you go out to war against other nations, and come face to face with horses and war-carriages and armies greater in number than yourselves, have no fear of them: for the Lord your God is with you, who took you up out of the land of Egypt.|en
1069|20|2|2|你們將要上陣的時候，祭司要到百姓面前宣告|zh
1070|20|2|2|And when you are on the point of attacking, let the priest come forward and say to the people,|en
1071|20|3|3|說：以色列人哪，你們當聽，你們今日將要與仇敵爭戰，不要膽怯，不要懼怕戰兢，也不要因他們驚恐；|zh
1072|20|3|3|Give ear, O Israel: today you are going forward to the fight; let your heart be strong; do not let uncontrolled fear overcome you because of those who are against you;|en
1073|20|4|4|因為耶和華─你們的神與你們同去，要為你們與仇敵爭戰，拯救你們。|zh
1074|20|4|4|For the Lord your God goes with you, fighting for you to give you salvation from those who are against you.|en
1075|20|5|5|官長也要對百姓宣告說：誰建造房屋，尚未奉獻，他可以回家去，恐怕他陣亡，別人去奉獻。|zh
1076|20|5|5|And let the overseers say to the people, If there is any man who has made for himself a new house and has not gone into it, let him go back to his house, so that in the event of his death in the fight, another may not take his house for himself.|en
1077|20|6|6|誰種葡萄園，尚未用所結的果子，他可以回家去，恐怕他陣亡，別人去用。|zh
1078|20|6|6|Or if any man has made a vine-garden without taking the first-fruits of it, let him go back to his house, so that in the event of his death in the fight, another may not be the first to make use of the fruit.|en
1079|20|7|7|誰聘定了妻，尚未迎娶，他可以回家去，恐怕他陣亡，別人去娶。|zh
1080|20|7|7|Or if any man is newly married and has had no sex relations with his wife, let him go back to his house, so that in the event of his death in the fight, another man may not take her.|en
1081|20|8|8|官長又要對百姓宣告說：誰懼怕膽怯，他可以回家去，恐怕他弟兄的心消化，和他一樣。|zh
1082|20|8|8|And let the overseers go on to say to the people, If there is any man whose heart is feeble with fear, let him go back to his house before he makes the hearts of his countrymen feeble.|en
1083|20|9|9|官長對百姓宣告完了，就當派軍長率領他們。|zh
1084|20|9|9|Then, after saying these words to the people, let the overseers put captains over the army.|en
1085|20|10|10|你臨近一座城、要攻打的時候，先要對城裡的民宣告和睦的話。|zh
1086|20|10|10|When you come to a town, before attacking it, make an offer of peace.|en
1087|20|11|11|他們若以和睦的話回答你，給你開了城，城裡所有的人都要給你效勞，服事你；|zh
1088|20|11|11|And if it gives you back an answer of peace, opening its doors to you, then all the people in it may be put to forced work as your servants.|en
1089|20|12|12|若不肯與你和好，反要與你打仗，你就要圍困那城。|zh
1090|20|12|12|If however it will not make peace with you, but war, then let it be shut in on all sides:|en
1091|20|13|13|耶和華─你的神把城交付你手，你就要用刀殺盡這城的男丁。|zh
1092|20|13|13|And when the Lord your God has given it into your hands, let every male in it be put to death without mercy.|en
1093|20|14|14|惟有婦女、孩子、牲畜，和城內一切的財物，你可以取為自己的掠物。耶和華─你神把你仇敵的財物賜給你，你可以吃用。|zh
1094|20|14|14|But the women and the children and the cattle and everything in the town and all its wealth, you may take for yourselves: the wealth of your haters, which the Lord your God has given you, will be your food.|en
1095|20|15|15|離你甚遠的各城，不是這些國民的城，你都要這樣待他。|zh
1096|20|15|15|So you are to do to all the towns far away, which are not the towns of these nations.|en
1097|20|16|16|但這些國民的城，耶和華─你神既賜你為業，其中凡有氣息的，一個不可存留；|zh
1098|20|16|16|But in the towns of these peoples whose land the Lord your God is giving you for your heritage, let no living thing be kept from death:|en
1099|20|17|17|只要照耶和華─你神所吩咐的將這赫人、亞摩利人、迦南人、比利洗人、希未人、耶布斯人都滅絕淨盡，|zh
1100|20|17|17|Give them up to the curse; the Hittite, the Amorite, the Canaanite, the Perizzite, the Hivite, and the Jebusite, as the Lord your God has given you orders:|en
1101|20|18|18|免得他們教導你們學習一切可憎惡的事，就是他們向自己神所行的，以致你們得罪耶和華─你們的　神。|zh
1102|20|18|18|So that you may not take them as your example and do all the disgusting things which they do in the worship of their gods, so sinning against the Lord your God.|en
1103|20|19|19|你若許久圍困、攻打所要取的一座城，就不可舉斧子砍壞樹木；因為你可以吃那樹上的果子，不可砍伐。田間的樹木豈是人，叫你蹧蹋麼？|zh
1104|20|19|19|If in war a town is shut in by your armies for a long time, do not let its trees be cut down and made waste; for their fruit will be your food; are the trees of the countryside men for you to take up arms against them?|en
1105|20|20|20|惟獨你所知道不是結果毀壞、砍伐，用以修築營壘，攻擊那與你打仗的城，直到攻塌了。|zh
1106|20|20|20|Only those trees which you are certain are not used for food may be cut down and put to destruction: and you are to make walls of attack against the town till it is taken.|en
1107|21|1|1|在耶和華─你神所賜你為業的地上，若遇見被殺的人倒在田野，不知道是誰殺的，|zh
1108|21|1|1|If, in the land which the Lord your God is giving you, you come across the dead body of a man in the open country, and you have no idea who has put him to death:|en
1109|21|2|2|長老和審判官就要出去，從被殺的人那裡量起，直量到四圍的城邑，|zh
1110|21|2|2|Then your responsible men and your judges are to come out, and give orders for the distance from the dead body to the towns round about it to be measured;|en
1111|21|3|3|看哪城離被殺的人最近，那城的長老就要從牛群中取一隻未曾耕地、未曾負軛的母牛犢，|zh
1112|21|3|3|And whichever town is nearest to the body, the responsible men of that town are to take from the herd a young cow which has never been used for work or put under the yoke;|en
1113|21|4|4|把母牛犢牽到流水、未曾耕種的山谷去，在谷中打折母牛犢的頸項。|zh
1114|21|4|4|And they are to take the cow into a valley where there is flowing water, and which is not ploughed or planted, and there the neck of the cow is to be broken:|en
1115|21|5|5|祭司利未的子孫要近前來；因為耶和華─你的神揀選了他們事奉他，奉耶和華的名祝福，所有爭訟毆打的事都要憑他們判斷。|zh
1116|21|5|5|Then the priests, the sons of Levi, are to come near; for they have been marked out by the Lord your God to be his servants and to give blessings in the name of the Lord; and by their decision every argument and every blow is to be judged:|en
1117|21|6|6|那城的眾長老，就是離被殺的人最近的，要在那山谷中，在所打折頸項的母牛犢以上洗手，|zh
1118|21|6|6|And all the responsible men of that town which is nearest to the dead man, washing their hands over the cow whose neck was broken in the valley,|en
1119|21|7|7|禱告（原文作回答）說：我們的手未曾流這人的血；我們的眼也未曾看見這事。|zh
1120|21|7|7|Will say, This death is not the work of our hands and our eyes have not seen it.|en
1121|21|8|8|耶和華阿，求你赦免你所救贖的以色列民，不要使流無辜血的罪歸在你的百姓以色列中間。這樣，流血的罪必得赦免。|zh
1122|21|8|8|Have mercy, O Lord, on your people Israel whom you have made free, and take away from your people the crime of a death without cause. Then they will no longer be responsible for the man's death.|en
1123|21|9|9|你行耶和華眼中看為正的事，就可以從你們中間除掉流無辜血的罪。|zh
1124|21|9|9|So you will take away the crime of a death without cause from among you, when you do what is right in the eyes of the Lord.|en
1125|21|10|10|你出去與仇敵爭戰的時候，耶和華─你的神將他們交在你手中，你就擄了他們去。|zh
1126|21|10|10|When you go out to war against other nations, and the Lord your God gives them up into your hands and you take them as prisoners;|en
1127|21|11|11|若在被擄的人中見有美貌的女子，戀慕他，要娶他為妻，|zh
1128|21|11|11|If among the prisoners you see a beautiful woman and it is your desire to make her your wife;|en
1129|21|12|12|就可以領他到你家裡去；他便要剃頭髮，修指甲，|zh
1130|21|12|12|Then take her back to your house; and let her hair and her nails be cut;|en
1131|21|13|13|脫去被擄時所穿的衣服，住在你家裡哀哭父母一個整月，然後可以與他同房。你作他的丈夫，他作你的妻子。|zh
1132|21|13|13|And let her take off the dress in which she was made prisoner and go on living in your house and weeping for her father and mother for a full month: and after that you may go in to her and be her husband and she will be your wife.|en
1133|21|14|14|後來你若不喜悅他，就要由他隨意出去，決不可為錢賣他，也不可當婢女待他，因為你玷污了他。|zh
1134|21|14|14|But if you have no delight in her, you are to let her go wherever she will; you may not take a price for her as if she was your property, for you have made use of her for your pleasure.|en
1135|21|15|15|人若有二妻，一為所愛，一為所惡，所愛的、所惡的都給他生了兒子，但長子是所惡之妻生的。|zh
1136|21|15|15|If a man has two wives, one greatly loved and the other hated, and the two of them have had children by him; and if the first son is the child of the hated wife:|en
1137|21|16|16|到了把產業分給兒子承受的時候，不可將所愛之妻生的兒子立為長子，在所惡之妻生的兒子以上，|zh
1138|21|16|16|Then when he gives his property to his sons for their heritage, he is not to put the son of his loved one in the place of the first son, the son of the hated wife:|en
1139|21|17|17|卻要認所惡之妻生的兒子為長子，將產業多加一分給他；因這兒子是他力量強壯的時候生的，長子的名分本當歸他。|zh
1140|21|17|17|But he is to give his first son his birthright, and twice as great a part of his property: for he is the first-fruits of his strength and the right of the first son is his.|en
1141|21|18|18|人若有頑梗悖逆的兒子，不聽從父母的話，他們雖懲治他，他仍不聽從，|zh
1142|21|18|18|If a man has a son who is hard-hearted and uncontrolled, who gives no attention to the voice of his father and mother, and will not be ruled by them, though they give him punishment:|en
1143|21|19|19|父母就要抓住他，將他帶到本地的城門、本城的長老那裡，|zh
1144|21|19|19|Then let his father and mother take him to the responsible men of the town, to the public place;|en
1145|21|20|20|對長老說：我們這兒子頑梗悖逆，不聽從我們的話，是貪食好酒的人。|zh
1146|21|20|20|And say to them, This son of ours is hard-hearted and uncontrolled, he will not give attention to us; he gives himself up to pleasure and strong drink.|en
1147|21|21|21|本城的眾人就要用石頭將他打死。這樣，就把那惡從你們中間除掉，以色列眾人都要聽見害怕。|zh
1148|21|21|21|Then he is to be stoned to death by all the men of the town: so you are to put away the evil from among you; and all Israel, hearing of it, will be full of fear.|en
1149|21|22|22|人若犯該死的罪，被治死了，你將他挂在木頭上，|zh
1150|21|22|22|If a man does a crime for which the punishment is death, and he is put to death by hanging him on a tree;|en
1151|21|23|23|他的屍首不可留在木頭上過夜，必要當日將他葬埋，免得玷污了耶和華─你神所賜你為業之地。因為被挂的人是在　神面前受咒詛的。|zh
1152|21|23|23|Do not let his body be on the tree all night, but put it to rest in the earth the same day; for the man who undergoes hanging is cursed by God; so do not make unclean the land which the Lord your God is giving you for your heritage.|en
1153|22|1|1|你若看見弟兄的牛或羊失迷了路，不可佯為不見，總要把他牽回來交給你的弟兄。|zh
1154|22|1|1|If you see your brother's ox or his sheep wandering, do not go by without helping, but take them back to your brother.|en
1155|22|2|2|你弟兄若離你遠，或是你不認識他，就要牽到你家去，留在你那裡，等你弟兄來尋找就還給他。|zh
1156|22|2|2|If their owner is not near, or if you are not certain who he is, then take the beast to your house and keep it till its owner comes in search of it, and then you are to give it back to him.|en
1157|22|3|3|你的弟兄無論失落甚麼，或是驢，或是衣服，你若遇見，都要這樣行，不可佯為不見。|zh
1158|22|3|3|Do the same with his ass or his robe or anything which has gone from your brother's keeping and which you have come across: do not keep it to yourself.|en
1159|22|4|4|你若看見弟兄的牛或驢跌倒在路上，不可佯為不見，總要幫助他拉起來。|zh
1160|22|4|4|If you see your brother's ox or his ass falling down on the road, do not go by without giving him help in lifting it up again.|en
1161|22|5|5|婦女不可穿戴男子所穿戴的，男子也不可穿婦女的衣服，因為這樣行都是耶和華─你神所憎惡的。|zh
1162|22|5|5|It is not right for a woman to be dressed in man's clothing, or for a man to put on a woman's robe: whoever does such things is disgusting to the Lord your God.|en
1163|22|6|6|你若路上遇見鳥窩，或在樹上或在地上，裡頭有雛或有蛋，母鳥伏在雛上或在蛋上，你不可連母帶雛一併取去。|zh
1164|22|6|6|If by chance you see a place which a bird has made for itself in a tree or on the earth, with young ones or eggs, and the mother bird seated on the young ones or on the eggs, do not take the mother bird with the young:|en
1165|22|7|7|總要放母，只可取雛，這樣你就可以享福，日子得以長久。|zh
1166|22|7|7|See that you let the mother bird go, but the young ones you may take; so it will be well for you and your life will be long.|en
1167|22|8|8|你若建造房屋，要在房上的四圍安欄杆，免得有人從房上掉下來，流血的罪就歸於你家。|zh
1168|22|8|8|If you are building a house, make a railing for the roof, so that the blood of any man falling from it will not come on your house.|en
1169|22|9|9|不可把兩樣種子種在你的葡萄園裡，免得你撒種所結的和葡萄園的果子都要充公。|zh
1170|22|9|9|Do not have your vine-garden planted with two sorts of seed: or all of it may become a loss, the seed you have put in as well as the increase.|en
1171|22|10|10|不可並用牛、驢耕地。|zh
1172|22|10|10|Do not do your ploughing with an ox and an ass yoked together.|en
1173|22|11|11|不可穿羊毛、細麻兩樣攙雜料做的衣服。|zh
1174|22|11|11|Do not have clothing made of two sorts of thread, wool and linen together.|en
1175|22|12|12|你要在所披的外衣上四圍做繸子。|zh
1176|22|12|12|On the four edges of your robe, with which your body is covered, put ornaments of twisted threads.|en
1177|22|13|13|人若娶妻，與他同房之後恨惡他，|zh
1178|22|13|13|If any man takes a wife, and having had connection with her, has no delight in her,|en
1179|22|14|14|信口說他，將醜名加在他身上，說：我娶了這女子，與他同房，見他沒有貞潔的憑據；|zh
1180|22|14|14|And says evil things about her and gives her a bad name, saying, I took this woman, and when I had connection with her it was clear to me that she was not a virgin:|en
1181|22|15|15|女子的父母就要把女子貞潔的憑據拿出來，帶到本城門長老那裡。|zh
1182|22|15|15|Then let the girl's father and mother put before the responsible men of the town, in the public place, signs that the girl was a virgin:|en
1183|22|16|16|女子的父親要對長老說：我將我的女兒給這人為妻，他恨惡他，|zh
1184|22|16|16|And let the girl's father say to the responsible men, I gave my daughter to this man for his wife, but he has no love for her;|en
1185|22|17|17|信口說他，說：我見你的女兒沒有貞潔的憑據；其實這就是我女兒貞潔的憑據。父母就把那布鋪在本城的長老面前。|zh
1186|22|17|17|And now he has put shame on her, saying that she is not a virgin; but here is the sign that she is a virgin. Then they are to put her clothing before the responsible men of the town.|en
1187|22|18|18|本城的長老要拿住那人，懲治他，|zh
1188|22|18|18|Then the responsible men of the town are to give the man his punishment;|en
1189|22|19|19|並要罰他一百舍客勒銀子，給女子的父親，因為他將醜名加在以色列的一個處女身上。女子仍作他的妻，終身不可休他。|zh
1190|22|19|19|They will take from him a hundred shekels of silver, which are to be given to the father of the girl, because he has given an evil name to a virgin of Israel: she will go on being his wife, he may never put her away all his life.|en
1191|22|20|20|但這事若是真的，女子沒有貞潔的憑據，|zh
1192|22|20|20|But if what he has said is true, and she is seen to be not a virgin,|en
1193|22|21|21|就要將女子帶到他父家的門口，本城的人要用石頭將他打死；因為他在父家行了淫亂，在以色列中做了醜事。這樣，就把那惡從你們中間除掉。|zh
1194|22|21|21|Then they are to make the girl come to the door of her father's house and she will be stoned to death by the men of the town, because she has done evil and put shame on Israel, by acting as a loose woman in her father's house: so you are to put away evil from among you.|en
1195|22|22|22|若遇見人與有丈夫的婦人行淫，就要將姦夫淫婦一併治死。這樣，就把那惡從以色列中除掉。|zh
1196|22|22|22|If a man is taken in the act of going in to a married woman, the two of them, the man as well as the woman, are to be put to death: so you are to put away the evil from Israel.|en
1197|22|23|23|若有處女已經許配丈夫，有人在城裡遇見他，與他行淫，|zh
1198|22|23|23|If a young virgin has given her word to be married to a man, and another man meeting her in the town, has connection with her;|en
1199|22|24|24|你們就要把這二人帶到本城門，用石頭打死─女子是因為雖在城裡卻沒有喊叫；男子是因為玷污別人的妻。這樣，就把那惡從你們中間除掉。|zh
1200|22|24|24|Then you are to take the two of them to the doorway of the town, and have them stoned to death; the young virgin, because she gave no cry for help, though it was in the town, and the man, because he has put shame on his neighbour's wife: so you are to put away evil from among you.|en
1201|22|25|25|若有男子在田野遇見已經許配人的女子，強與他行淫，只要將那男子治死。|zh
1202|22|25|25|But if the man, meeting such a virgin in the open country, takes her by force, then only the man is to be put to death;|en
1203|22|26|26|但不可辦女子；他本沒有該死的罪，這事就類乎人起來攻擊鄰舍，將他殺了一樣。|zh
1204|22|26|26|Nothing is to be done to the virgin, because there is no cause of death in her: it is the same as if a man made an attack on his neighbour and put him to death:|en
1205|22|27|27|因為男子是在田野遇見那已經許配人的女子，女子喊叫，並無人救他。|zh
1206|22|27|27|For he came across her in the open country, and there was no one to come to the help of the virgin in answer to her cry.|en
1207|22|28|28|若有男子遇見沒有許配人的處女，抓住他，與他行淫，被人看見，|zh
1208|22|28|28|If a man sees a young virgin, who has not given her word to be married to anyone, and he takes her by force and has connection with her, and discovery is made of it;|en
1209|22|29|29|這男子就要拿五十舍客勒銀子給女子的父親；因他玷污了這女子，就要娶他為妻，終身不可休他。|zh
1210|22|29|29|Then the man will have to give the virgin's father fifty shekels of silver and make her his wife, because he has put shame on her; he may never put her away all his life.|en
1211|22|30|30|人不可娶繼母為妻；不可掀開他父親的衣襟。|zh
1212|22|30|30|A man may not take his father's wife or have sex relations with a woman who is his father's.|en
1213|23|1|1|凡外腎受傷的，或被閹割的，不可入耶和華的會。|zh
1214|23|1|1|No man whose private parts have been wounded or cut off may come into the meeting of the Lord's people.|en
1215|23|2|2|私生子不可入耶和華的會；他的子孫，直到十代，也不可入耶和華的會。|zh
1216|23|2|2|One whose father and mother are not married may not come into the meeting of the Lord's people, or any of his family to the tenth generation.|en
1217|23|3|3|亞捫人或是摩押人不可入耶和華的會；他們的子孫，雖過十代，也永不可入耶和華的會。|zh
1218|23|3|3|No Ammonite or Moabite or any of their people to the tenth generation may come into the meeting of the Lord's people:|en
1219|23|4|4|因為你們出埃及的時候，他們沒有拿食物和水在路上迎接你們，又因他們雇了米所波大米的毘奪人比珥的兒子巴蘭來咒詛你們。|zh
1220|23|4|4|Because they gave you no bread or water on your way, when you came out of Egypt: and they got Balaam, the son of Peor, from Pethor in Aram-naharaim to put curses on you.|en
1221|23|5|5|然而耶和華─你的神不肯聽從巴蘭，咒詛的言語變為祝福的話，因為耶和華─你的　神愛你。|zh
1222|23|5|5|But the Lord your God would not give ear to Balaam, but let the curse be changed into a blessing to you, because of his love for you.|en
1223|23|6|6|你一生一世永不可求他們的平安和他們的利益。|zh
1224|23|6|6|Do nothing for their peace or well-being for ever.|en
1225|23|7|7|不可憎惡以東人，因為他是你的弟兄。不可憎惡埃及人，因為你在他的地上作過寄居的。|zh
1226|23|7|7|But have no hate for an Edomite, because he is your brother, or for an Egyptian, for you were living in his land.|en
1227|23|8|8|他們第三代子孫入耶和華的會。|zh
1228|23|8|8|Their children in the third generation may come into the meeting of the Lord's people.|en
1229|23|9|9|你出兵攻打仇敵，就要遠避諸惡。|zh
1230|23|9|9|When you go out to war and put your tents in position, keep from every evil thing.|en
1231|23|10|10|你們中間，若有人夜間偶然夢遺，不潔淨，就要出到營外，不可入營；|zh
1232|23|10|10|If any man among you becomes unclean through anything which has taken place in the night, he is to go out from the tent-circle and keep outside it:|en
1233|23|11|11|到傍晚的時候，他要用水洗澡，及至日落了才可以入營。|zh
1234|23|11|11|But when evening comes near, let him take a bath: and after sundown he may come back to the tents.|en
1235|23|12|12|你在營外也該定出一個地方作為便所。|zh
1236|23|12|12|Let there be a place outside the tent-circle to which you may go;|en
1237|23|13|13|在你器械之中當預備一把鍬，你出營外便溺以後，用以鏟土，轉身掩蓋。|zh
1238|23|13|13|And have among your arms a spade; and when you have been to that place, let that which comes from you be covered up with earth:|en
1239|23|14|14|因為耶和華─你的神常在你營中行走，要救護你，將仇敵交給你，所以你的營理當聖潔，免得他見你那裡有污穢，就離開你。|zh
1240|23|14|14|For the Lord your God is walking among your tents, to keep you safe and to give up into your hands those who are fighting against you; then let your tents be holy, so that he may see no unclean thing among you, and be turned away from you.|en
1241|23|15|15|若有奴僕脫了主人的手，逃到你那裡，你不可將他交付他的主人。|zh
1242|23|15|15|Do not give back to his master a servant who has gone in flight from his master and come to you:|en
1243|23|16|16|他必在你那裡與你同住，在你的城邑中，要由他選擇一個所喜悅的地方居住；你不可欺負他。|zh
1244|23|16|16|Let him go on living among you in whatever place is most pleasing to him: do not be hard on him.|en
1245|23|17|17|以色列的女子中不可有妓女；以色列的男子中不可有孌童。|zh
1246|23|17|17|No daughter of Israel is to let herself be used as a loose woman for a strange god, and no son of Israel is to give himself to a man.|en
1247|23|18|18|娼妓所得的錢，或孌童（原文作狗）所得的價，你不可帶入耶和華─你神的殿還願，因為這兩樣都是耶和華─你　神所憎惡的。|zh
1248|23|18|18|Do not take into the house of the Lord your God, as an offering for an oath, the price of a loose woman or the money given to one used for sex purposes in the worship of the gods: for these two things are disgusting to the Lord your God.|en
1249|23|19|19|你借給你弟兄的，或是錢財或是糧食，無論甚麼可生利的物，都不可取利。|zh
1250|23|19|19|Do not take interest from an Israelite on anything, money or food or any other goods, which you let him have:|en
1251|23|20|20|借給外邦人可以取利，只是借給你弟兄不可取利。這樣，耶和華─你神必在你所去得為業的地上和你手裡所辦的一切事上賜福與你。|zh
1252|23|20|20|From men of other nations you may take interest, but not from an Israelite: so that the blessing of the Lord your God may be on everything to which you put your hand, in the land which you are about to take as your heritage.|en
1253|23|21|21|你向耶和華─你的神許願，償還不可遲延；因為耶和華─你的　神必定向你追討，你不償還就有罪。|zh
1254|23|21|21|When you take an oath to the Lord, do not be slow to give effect to it: for without doubt the Lord your God will make you responsible, and will put it to your account as sin.|en
1255|23|22|22|你若不許願，倒無罪。|zh
1256|23|22|22|But if you take no oath, there will be no sin.|en
1257|23|23|23|你嘴裡所出的，就是你口中應許甘心所獻的，要照你向耶和華─你神所許的願謹守遵行。|zh
1258|23|23|23|Whatever your lips have said, see that you do it; for you gave your word freely to the Lord your God.|en
1259|23|24|24|你進了鄰舍的葡萄園，可以隨意吃飽了葡萄，只是不可裝在器皿中。|zh
1260|23|24|24|When you go into your neighbour's vine-garden, you may take of his grapes at your pleasure, but you may not take them away in your vessel.|en
1261|23|25|25|你進了鄰舍站著的禾稼，可以用手摘穗子，只是不可用鐮刀割取禾稼。|zh
1262|23|25|25|When you go into your neighbour's field, you may take the heads of grain with your hand; but you may not put your blade to his grain.|en
1263|24|1|1|人若娶妻以後，見他有甚麼不合理的事，不喜悅他，就可以寫休書交在他手中，打發他離開夫家。|zh
1264|24|1|1|If a man takes a wife, and after they are married she is unpleasing to him because of some bad quality in her, let him give her a statement in writing and send her away from his house.|en
1265|24|2|2|婦人離開夫家以後，可以去嫁別人。|zh
1266|24|2|2|And when she has gone away from him, she may become another man's wife.|en
1267|24|3|3|後夫若恨惡他，寫休書交在他手中，打發他離開夫家，或是娶他為妻的後夫死了，|zh
1268|24|3|3|And if the second husband has no love for her and, giving her a statement in writing, sends her away; or if death comes to the second husband to whom she was married;|en
1269|24|4|4|打發他去的前夫不可在婦人玷污之後再娶他為妻，因為這是耶和華所憎惡的；不可使耶和華─你神所賜為業之地被玷污了。|zh
1270|24|4|4|Her first husband, who had sent her away, may not take her back after she has been wife to another; for that is disgusting to the Lord: and you are not to be a cause of sin in the land which the Lord your God is giving you for your heritage.|en
1271|24|5|5|新娶妻之人不可從軍出征，也不可託他辦理甚麼公事，可以在家清閒一年，使他所娶的妻快活。|zh
1272|24|5|5|A newly married man will not have to go out with the army or undertake any business, but may be free for one year, living in his house for the comfort of his wife.|en
1273|24|6|6|不可拿人的全盤磨石或是上磨石作當頭，因為這是拿人的命作當頭。|zh
1274|24|6|6|No one is to take, on account of a debt, the stones with which grain is crushed: for in doing so he takes a man's living.|en
1275|24|7|7|若遇見人拐帶以色列中的一個弟兄，當奴才待他，或是賣了他，那拐帶人的就必治死。這樣，便將那惡從你們中間除掉。|zh
1276|24|7|7|If a man takes by force one of his countrymen, the children of Israel, using him as his property or getting a price for him, that thief is to be put to death: so you are to put away evil from among you.|en
1277|24|8|8|在大痲瘋的災病上，你們要謹慎，照祭司利未人一切所指教你們的留意遵行。我怎樣吩咐他們，你們要怎樣遵行。|zh
1278|24|8|8|In connection with the leper's disease, take care to keep and do every detail of the teaching of the priests, the Levites: as I gave them orders, so you are to do.|en
1279|24|9|9|當記念出埃及後，在路上，耶和華─你神向米利暗所行的事。|zh
1280|24|9|9|Keep in mind what the Lord your God did to Miriam on the way, when you came out of Egypt.|en
1281|24|10|10|你借給鄰舍，不拘是甚麼，不可進他家拿他的當頭。|zh
1282|24|10|10|If you let your brother have the use of anything which is yours, do not go into his house and take anything of his as a sign of his debt;|en
1283|24|11|11|要站在外面，等那向你借貸的人把當頭拿出來交給你。|zh
1284|24|11|11|But keep outside till he comes out and gives it to you.|en
1285|24|12|12|他若是窮人，你不可留他的當頭過夜。|zh
1286|24|12|12|If he is a poor man, do not keep his property all night;|en
1287|24|13|13|日落的時候，總要把當頭還他，使他用那件衣服蓋著睡覺，他就為你祝福；這在耶和華─你神面前就是你的義了。|zh
1288|24|13|13|But be certain to give it back to him when the sun goes down, so that he may have his clothing for sleeping in, and will give you his blessing: and this will be put to your account as righteousness before the Lord your God.|en
1289|24|14|14|困苦窮乏的雇工，無論是你的弟兄或是在你城裡寄居的，你不可欺負他。|zh
1290|24|14|14|Do not be hard on a servant who is poor and in need, if he is one of your countrymen or a man from another nation living with you in your land.|en
1291|24|15|15|要當日給他工價，不可等到日落─因為他窮苦，把心放在工價上─恐怕他因你求告耶和華，罪便歸你了。|zh
1292|24|15|15|Give him his payment day by day, not keeping it back over night; for he is poor and his living is dependent on it; and if his cry against you comes to the ears of the Lord, it will be judged as sin in you.|en
1293|24|16|16|不可因子殺父，也不可因父殺子；凡被殺的都為本身的罪。|zh
1294|24|16|16|Fathers are not to be put to death for their children or children for their fathers: every man is to be put to death for the sin which he himself has done.|en
1295|24|17|17|你不可向寄居的和孤兒屈枉正直，也不可拿寡婦的衣裳作當頭。|zh
1296|24|17|17|Be upright in judging the cause of the man from a strange country and of him who has no father; do not take a widow's clothing on account of a debt:|en
1297|24|18|18|要記念你在埃及作過奴僕。耶和華─你的神從那裡將你救贖，所以我吩咐你這樣行。|zh
1298|24|18|18|But keep in mind that you were a servant in the land of Egypt, and the Lord your God made you free: for this is why I give you orders to do this.|en
1299|24|19|19|你在田間收割莊稼，若忘下一捆，不可回去再取，要留給寄居的與孤兒寡婦。這樣，耶和華─你神必在你手裡所辦的一切事上賜福與你。|zh
1300|24|19|19|When you get in the grain from your field, if some of the grain has been dropped by chance in the field, do not go back and get it, but let it be for the man from a strange land, the child without a father, and the widow: so that the blessing of the Lord your God may be on all the work of your hands.|en
1301|24|20|20|你打橄欖樹，枝上剩下的，不可再打；要留給寄居的與孤兒寡婦。|zh
1302|24|20|20|When you are shaking the fruit from your olive-trees, do not go over the branches a second time: let some be for the man from a strange land, the child without a father, and the widow.|en
1303|24|21|21|你摘葡萄園的葡萄，所剩下的，不可再摘；要留給寄居的與孤兒寡婦。|zh
1304|24|21|21|When you are pulling the grapes from your vines, do not take up those which have been dropped; let them be for the man from a strange land, the child without a father, and the widow.|en
1305|24|22|22|你也要記念你在埃及地作過奴僕，所以我吩咐你這樣行。|zh
1306|24|22|22|Keep in mind that you were a servant in the land of Egypt: for this is why I give you orders to do this.|en
1307|25|1|1|人若有爭訟，來聽審判，審判官就要定義人有理，定惡人有罪。|zh
1308|25|1|1|If there is an argument between men and they go to law with one another, let the judges give their decision for the upright, and against the wrongdoer.|en
1309|25|2|2|惡人若該受責打，審判官就要叫他當面伏在地上，按著他的罪照數責打。|zh
1310|25|2|2|And if the wrongdoer is to undergo punishment by whipping, the judge will give orders for him to go down on his face and be whipped before him, the number of the blows being in relation to his crime.|en
1311|25|3|3|只可打他四十下，不可過數；若過數，便是輕賤你的弟兄了。|zh
1312|25|3|3|He may be given forty blows, not more; for if more are given, your brother may be shamed before you.|en
1313|25|4|4|牛在場上踹穀的時候，不可籠住他的嘴。|zh
1314|25|4|4|Do not keep the ox from taking the grain when he is crushing it.|en
1315|25|5|5|弟兄同居，若死了一個，沒有兒子，死人的妻不可出嫁外人，他丈夫的兄弟當盡弟兄的本分，娶他為妻，與他同房。|zh
1316|25|5|5|If brothers are living together and one of them, at his death, has no son, the wife of the dead man is not to be married outside the family to another man: let her husband's brother go in to her and make her his wife, doing as it is right for a brother-in-law to do.|en
1317|25|6|6|婦人生的長子必歸死兄的名下，免得他的名在以色列中塗抹了。|zh
1318|25|6|6|Then the first male child she has will take the rights of the brother who is dead, so that his name may not come to an end in Israel.|en
1319|25|7|7|那人若不願意娶他哥哥的妻，他哥哥的妻就要到城門長老那裡，說：我丈夫的兄弟不肯在以色列中興起他哥哥的名字，不給我盡弟兄的本分。|zh
1320|25|7|7|But if the man says he will not take his brother's wife, then let the wife go to the responsible men of the town, and say, My husband's brother will not keep his brother's name living in Israel; he will not do what it is right for a husband's brother to do.|en
1321|25|8|8|本城的長老就要召那人來問他，他若執意說：我不願意娶他，|zh
1322|25|8|8|Then the responsible men of the town will send for the man, and have talk with him: and if he still says, I will not take her;|en
1323|25|9|9|他哥哥的妻就要當著長老到那人的跟前，脫了他的鞋，吐唾沫在他臉上，說：凡不為哥哥建立家室的都要這樣待他。|zh
1324|25|9|9|Then his brother's wife is to come to him, before the responsible men of the town, and take his shoe off his foot, and put shame on him, and say, So let it be done to the man who will not take care of his brother's name.|en
1325|25|10|10|在以色列中，他的名必稱為脫鞋之家。|zh
1326|25|10|10|And his family will be named in Israel, The house of him whose shoe has been taken off.|en
1327|25|11|11|若有二人爭鬥，這人的妻近前來，要救他丈夫脫離那打他丈夫之人的手，抓住那人的下體，|zh
1328|25|11|11|If two men are fighting, and the wife of one of them, coming to the help of her husband, takes the other by the private parts;|en
1329|25|12|12|就要砍斷婦人的手，眼不可顧惜他。|zh
1330|25|12|12|Her hand is to be cut off; have no pity on her.|en
1331|25|13|13|你囊中不可有一大一小兩樣的法碼。|zh
1332|25|13|13|Do not have in your bag different weights, a great and a small;|en
1333|25|14|14|你家裡不可有一大一小兩樣的升斗。|zh
1334|25|14|14|Or in your house different measures, a great and a small.|en
1335|25|15|15|當用對準公平的法碼，公平的升斗。這樣，在耶和華─你神所賜你的地上，你的日子就可以長久。|zh
1336|25|15|15|But have a true weight and a true measure: so that your life may be long in the land which the Lord your God is giving you.|en
1337|25|16|16|因為行非義之事的人都是耶和華─你神所憎惡的。|zh
1338|25|16|16|For all who do such things, and all whose ways are not upright, are disgusting to the Lord your God.|en
1339|25|17|17|你要記念你們出埃及的時候，亞瑪力人在路上怎樣待你。|zh
1340|25|17|17|Keep in mind what Amalek did to you on your way from Egypt;|en
1341|25|18|18|他們在路上遇見你，趁你疲乏困倦擊殺你儘後邊軟弱的人，並不敬畏神。|zh
1342|25|18|18|How, meeting you on the way, he made an attack on you when you were tired and without strength, cutting off all the feeble ones at the end of your line; and the fear of God was not in him.|en
1343|25|19|19|所以耶和華─你神使你不被四圍一切的仇敵擾亂，在耶和華─你　神賜你為業的地上得享平安。那時，你要將亞瑪力的名號從天下塗抹了，不可忘記。|zh
1344|25|19|19|So when the Lord your God has given you rest from all who are against you on every side, in the land which the Lord your God is giving you for your heritage, see to it that the memory of Amalek is cut off from the earth; keep this in mind.|en
1345|26|1|1|你進去得了耶和華─你神所賜你為業之地居住，|zh
1346|26|1|1|Now when you have come into the land which the Lord is giving you for your heritage, and you have made it yours and are living in it;|en
1347|26|2|2|就要從耶和華─你神賜你的地上將所收的各種初熟的土產取些來，盛在筐子裡，往耶和華─你　神所選擇要立為他名的居所去，|zh
1348|26|2|2|You are to take a part of the first-fruits of the earth, which you get from the land which the Lord your God is giving you, and put it in a basket, and go to the place marked out by the Lord your God, as the resting-place of his name.|en
1349|26|3|3|見當時作祭司的，對他說：我今日向耶和華─你神明認，我已來到耶和華向我們列祖起誓應許賜給我們的地。|zh
1350|26|3|3|And you are to come to him who is priest at that time, and say to him, I give witness today before the Lord your God, that I have come into the land which the Lord made an oath to our fathers to give us.|en
1351|26|4|4|祭司就從你手裡取過筐子來，放在耶和華─你神的壇前。|zh
1352|26|4|4|Then the priest will take the basket from your hand and put it down in front of the altar of the Lord your God.|en
1353|26|5|5|你要在耶和華─你神面前說：我祖原是一個將亡的亞蘭人，下到埃及寄居。他人口稀少，在那裡卻成了又大又強、人數很多的國民。|zh
1354|26|5|5|And these are the words which you will say before the Lord your God: My father was a wandering Aramaean, and he went down with a small number of people into Egypt; there he became a great and strong nation:|en
1355|26|6|6|埃及人惡待我們，苦害我們，將苦工加在我們身上。|zh
1356|26|6|6|And the Egyptians were cruel to us, crushing us under a hard yoke:|en
1357|26|7|7|於是我們哀求耶和華─我們列祖的神，耶和華聽見我們的聲音，看見我們所受的困苦、勞碌、欺壓，|zh
1358|26|7|7|And our cry went up to the Lord, the God of our fathers, and the Lord's ear was open to the voice of our cry, and his eyes took note of our grief and the crushing weight of our work:|en
1359|26|8|8|他就用大能的手和伸出來的膀臂，並大可畏的事與神蹟奇事，領我們出了埃及，|zh
1360|26|8|8|And the Lord took us out of Egypt with a strong hand and a stretched-out arm, with works of power and signs and wonders:|en
1361|26|9|9|將我們領進這地方，把這流奶與蜜之地賜給我們。|zh
1362|26|9|9|And he has been our guide to this place, and has given us this land, a land flowing with milk and honey.|en
1363|26|10|10|耶和華阿，現在我把你所賜給我地上初熟的土產奉了來。隨後你要把筐子放在耶和華─你神面前，向耶和華─你的　神下拜。|zh
1364|26|10|10|So now, I have come here with the first of the fruits of the earth which you, O Lord, have given me. Then you will put it down before the Lord your God and give him worship:|en
1365|26|11|11|你和利未人，並在你們中間寄居的，要因耶和華─你神所賜你和你家的一切福分歡樂。|zh
1366|26|11|11|And you will have joy in every good thing which the Lord your God has given to you and to your family; and the Levite, and the man from a strange land who is with you, will take part in your joy.|en
1367|26|12|12|每逢三年，就是十分取一之年，你取完了一切土產的十分之一，要分給利未人和寄居的，與孤兒寡婦，使他們在你城中可以吃得飽足。|zh
1368|26|12|12|When you have taken out a tenth from the tenth of all your produce in the third year, which is the year when this has to be done, give it to the Levite, and the man from a strange land, and the child without a father, and the widow, so that they may have food in your towns and be full;|en
1369|26|13|13|你又要在耶和華─你神面前說：我已將聖物從我家裡拿出來，給了利未人和寄居的，與孤兒寡婦，是照你所吩咐我的一切命令。你的命令我都沒有違背，也沒有忘記。|zh
1370|26|13|13|And say before the Lord your God, I have taken all the holy things out of my house and have given them to the Levite, and the man from a strange land, and him who has no father, and the widow, as you have given me orders: I have kept in mind all your orders, in nothing have I gone against them:|en
1371|26|14|14|我守喪的時候，沒有吃這聖物；不潔淨的時候，也沒有拿出來，又沒有為死人送去。我聽從了耶和華─我神的話，都照你所吩咐的行了。|zh
1372|26|14|14|No part of these things has been used for food in a time of weeping, or put away when I was unclean, or given for the dead: I have given ear to the voice of the Lord my God, and have done all you have given me orders to do.|en
1373|26|15|15|求你從天上、你的聖所垂看，賜福給你的百姓以色列與你所賜給我們的地，就是你向我們列祖起誓賜我們流奶與蜜之地。|zh
1374|26|15|15|So, looking down from your holy place in heaven, send your blessing on your people Israel and on the land which you have given us, as you said in your oath to our fathers, a land flowing with milk and honey.|en
1375|26|16|16|耶和華─你的神今日吩咐你行這些律例典章，所以你要盡心盡性謹守遵行。|zh
1376|26|16|16|Today the Lord your God gives you orders to keep all these laws and decisions: so then keep and do them with all your heart and all your soul.|en
1377|26|17|17|你今日認耶和華為你的神，應許遵行他的道，謹守他的律例、誡命、典章，聽從他的話。|zh
1378|26|17|17|Today you have given witness that the Lord is your God, and that you will go in his ways and keep his laws and his orders and his decisions and give ear to his voice:|en
1379|26|18|18|耶和華今日照他所應許你的，也認你為他的子民，使你謹守他的一切誡命，|zh
1380|26|18|18|And the Lord has made it clear this day that you are a special people to him, as he gave you his word; and that you are to keep all his orders;|en
1381|26|19|19|又使你得稱讚、美名、尊榮，超乎他所造的萬民之上，並照他所應許的使你歸耶和華─你神為聖潔的民。|zh
1382|26|19|19|And that he will make you high over all the nations he has made, in praise, in name, and in honour, and that you are to be a holy people to the Lord your God as he has said.|en
1383|27|1|1|摩西和以色列的眾長老吩咐百姓說：你們要遵守我今日所吩咐的一切誡命。|zh
1384|27|1|1|Then Moses and the responsible men of Israel gave the people these orders: Keep all the orders which I have given you this day;|en
1385|27|2|2|你們過約但河，到了耶和華─你神所賜給你的地，當天要立起幾塊大石頭，墁上石灰，|zh
1386|27|2|2|And on the day when you go over Jordan into the land which the Lord your God is giving you, put up great stones, coating them with building-paste,|en
1387|27|3|3|把這律法的一切話寫在石頭上。你過了河，可以進入耶和華─你神所賜你流奶與蜜之地，正如耶和華─你列祖之　神所應許你的。|zh
1388|27|3|3|And writing on them all the words of this law, after you have gone over; so that you may take the heritage which the Lord your God is giving you, a land flowing with milk and honey, as the Lord, the God of your fathers, has said.|en
1389|27|4|4|你們過了約但河，就要在以巴路山上照我今日所吩咐的，將這些石頭立起來，墁上石灰。|zh
1390|27|4|4|And when you have gone over Jordan, you are to put up these stones, as I have said to you today, in Mount Ebal, and have them coated with building-paste.|en
1391|27|5|5|在那裡要為耶和華─你的神築一座石壇；在石頭上不可動鐵器。|zh
1392|27|5|5|There you are to make an altar to the Lord your God, of stones on which no iron instrument has been used.|en
1393|27|6|6|要用沒有鑿過的石頭築耶和華─你神的壇，在壇上要將燔祭獻給耶和華─你的　神。|zh
1394|27|6|6|You are to make the altar of the Lord your God of uncut stones; offering on it burned offerings to the Lord your God:|en
1395|27|7|7|又要獻平安祭，且在那裡吃，在耶和華─你的神面前歡樂。|zh
1396|27|7|7|And you are to make your peace-offerings, feasting there with joy before the Lord your God.|en
1397|27|8|8|你要將這律法的一切話明明的寫在石頭上。|zh
1398|27|8|8|And put on the stones all the words of this law, writing them very clearly.|en
1399|27|9|9|摩西和祭司利未人曉諭以色列眾人說：以色列阿，要默默靜聽。你今日成為耶和華─你神的百姓了。|zh
1400|27|9|9|Then Moses and the priests, the Levites, said to all Israel, Be quiet and give ear, O Israel; today you have become the people of the Lord your God.|en
1401|27|10|10|所以要聽從耶和華─你神的話，遵行他的誡命律例，就是我今日所吩咐你的。|zh
1402|27|10|10|For this cause you are to give ear to the voice of the Lord your God, and do his orders and his laws which I give you this day.|en
1403|27|11|11|當日，摩西囑咐百姓說：|zh
1404|27|11|11|That same day Moses said to the people,|en
1405|27|12|12|你們過了約但河，西緬、利未、猶大、以薩迦、約瑟、便雅憫六個支派的人都要站在基利心山上為百姓祝福。|zh
1406|27|12|12|These are to take their places on Mount Gerizim for blessing the people when you have gone over Jordan: Simeon and Levi and Judah and Issachar and Joseph and Benjamin;|en
1407|27|13|13|流便、迦得、亞設、西布倫、但、拿弗他利六個支派的人都要站在以巴路山上宣布咒詛。|zh
1408|27|13|13|And these are to be on Mount Ebal for the curse: Reuben, Gad, and Asher, and Zebulun, Dan, and Naphtali.|en
1409|27|14|14|利未人要向以色列眾人高聲說：|zh
1410|27|14|14|Then the Levites are to say in a loud voice to all the men of Israel,|en
1411|27|15|15|有人製造耶和華所憎惡的偶像，或雕刻，或鑄造，就是工匠手所做的，在暗中設立，那人必受咒詛！百姓都要答應說：阿們！|zh
1412|27|15|15|Cursed is the man who makes any image of wood or stone or metal, disgusting to the Lord, the work of man's hands, and puts it up in secret. And let all the people say, So be it.|en
1413|27|16|16|輕慢父母的，必受咒詛！百姓都要說：阿們！|zh
1414|27|16|16|Cursed is he who does not give honour to his father or mother. And let all the people say, So be it.|en
1415|27|17|17|挪移鄰舍地界的，必受咒詛！百姓都要說：阿們！|zh
1416|27|17|17|Cursed is he who takes his neighbour's landmark from its place. And let all the people say, So be it.|en
1417|27|18|18|使瞎子走差路的，必受咒詛！百姓都要說：阿們！|zh
1418|27|18|18|Cursed is he by whom the blind are turned out of the way. And let all the people say, So be it.|en
1419|27|19|19|向寄居的和孤兒寡婦屈枉正直的，必受咒詛！百姓都要說：阿們！|zh
1420|27|19|19|Cursed is he who gives a wrong decision in the cause of a man from a strange land, or of one without a father, or of a widow. And let all the people say, So be it.|en
1421|27|20|20|與繼母行淫的，必受咒詛！因為掀開他父親的衣襟。百姓都要說：阿們！|zh
1422|27|20|20|Cursed is he who has sex relations with his father's wife, for he has put shame on his father. And let all the people say, So be it.|en
1423|27|21|21|與獸淫合的，必受咒詛！百姓都要說：阿們！|zh
1424|27|21|21|Cursed is he who has sex relations with any sort of beast. And let all the people say, So be it.|en
1425|27|22|22|與異母同父，或異父同母的姊妹行淫的，必受咒詛！百姓都要說：阿們！|zh
1426|27|22|22|Cursed is he who has sex relations with his sister, the daughter of his father or of his mother. And let all the people say, So be it.|en
1427|27|23|23|與岳母行淫的，必受咒詛！百姓都要說：阿們！|zh
1428|27|23|23|Cursed is he who has sex relations with his mother-in-law. And let all the people say, So be it.|en
1429|27|24|24|暗中殺人的，必受咒詛！百姓都要說：阿們！|zh
1430|27|24|24|Cursed is he who takes his neighbour's life secretly. And let all the people say, So be it.|en
1431|27|25|25|受賄賂害死無辜之人的，必受咒詛！百姓都要說：阿們！|zh
1432|27|25|25|Cursed is he who for a reward puts to death one who has done no wrong. And let all the people say, So be it.|en
1433|27|26|26|不堅守遵行這律法言語的，必受咒詛！百姓都要說：阿們！|zh
1434|27|26|26|Cursed is he who does not take this law to heart to do it. And let all the people say, So be it.|en
1435|28|1|1|你若留意聽從耶和華─你神的話，謹守遵行他的一切誡命，就是我今日所吩咐你的，他必使你超乎天下萬民之上。|zh
1436|28|1|1|Now if you give ear to the voice of the Lord your God, and keep with care all these orders which I have given you today, then the Lord your God will put you high over all the nations of the earth:|en
1437|28|2|2|你若聽從耶和華─你神的話，這以下的福必追隨你，臨到你身上：|zh
1438|28|2|2|And all these blessings will come on you and overtake you, if your ears are open to the voice of the Lord your God.|en
1439|28|3|3|你在城裡必蒙福，在田間也必蒙福。|zh
1440|28|3|3|A blessing will be on you in the town, and a blessing in the field.|en
1441|28|4|4|你身所生的，地所產的，牲畜所下的，以及牛犢、羊羔，都必蒙福。|zh
1442|28|4|4|A blessing will be on the fruit of your body, and on the fruit of your land, on the fruit of your cattle, the increase of your herd, and the young of your flock.|en
1443|28|5|5|你的筐子和你的摶麵盆都必蒙福。|zh
1444|28|5|5|A blessing will be on your basket and on your bread-basin.|en
1445|28|6|6|你出也蒙福，入也蒙福。|zh
1446|28|6|6|A blessing will be on your coming in and on your going out.|en
1447|28|7|7|仇敵起來攻擊你，耶和華必使他們在你面前被你殺敗；他們從一條路來攻擊你，必從七條路逃跑。|zh
1448|28|7|7|By the power of the Lord, those who take arms against you will be overcome before you: they will come out against you one way, and will go in flight from you seven ways.|en
1449|28|8|8|在你倉房裡，並你手所辦的一切事上，耶和華所命的福必臨到你。耶和華─你神也要在所給你的地上賜福與你。|zh
1450|28|8|8|The Lord will send his blessing on your store-houses and on everything to which you put your hand: his blessing will be on you in the land which the Lord your God is giving you.|en
1451|28|9|9|你若謹守耶和華─你神的誡命，遵行他的道，他必照著向你所起的誓立你作為自己的聖民。|zh
1452|28|9|9|The Lord will keep you as a people holy to himself, as he has said to you in his oath, if you keep the orders of the Lord your God and go on walking in his ways.|en
1453|28|10|10|天下萬民見你歸在耶和華的名下，就要懼怕你。|zh
1454|28|10|10|And all the peoples of the earth will see that the name of the Lord is on you, and they will go in fear of you.|en
1455|28|11|11|你在耶和華向你列祖起誓應許賜你的地上，他必使你身所生的，牲畜所下的，地所產的，都綽綽有餘。|zh
1456|28|11|11|And the Lord will make you fertile in every good thing, in the fruit of your body, and the fruit of your cattle, and the fruit of your fields, in the land which the Lord, by his oath to your fathers, said he would give you.|en
1457|28|12|12|耶和華必為你開天上的府庫，按時降雨在你的地上。在你手裡所辦的一切事上賜福與你。你必借給許多國民，卻不至向他們借貸。|zh
1458|28|12|12|Opening his store-house in heaven, the Lord will send rain on your land at the right time, blessing all the work of your hands: other nations will make use of your wealth, and you will have no need of theirs.|en
1459|28|13|13,14 |你若聽從耶和華─你神的誡命，就是我今日所吩咐你的，謹守遵行，不偏左右，也不隨從事奉別神，耶和華就必使你作首不作尾，但居上不居下。|zh
1460|28|13|13|The Lord will make you the head and not the tail; and you will ever have the highest place, if you give ear to the orders of the Lord your God which I give you today, to keep and to do them;|en
1461|28|14|14|Not turning away from any of the orders which I give you today, to the right hand or to the left, or going after any other gods to give them worship.|en
1462|28|15|15|你若不聽從耶和華─你神的話，不謹守遵行他的一切誡命律例，就是我今日所吩咐你的，這以下的咒詛都必追隨你，臨到你身上：|zh
1463|28|15|15|But if you do not give ear to the voice of the Lord your God, and take care to do all his orders and his laws which I give you today, then all these curses will come on you and overtake you:|en
1464|28|16|16|你在城裡必受咒詛，在田間也必受咒詛。|zh
1465|28|16|16|You will be cursed in the town and cursed in the field.|en
1466|28|17|17|你的筐子和你的摶麵盆都必受咒詛。|zh
1467|28|17|17|A curse will be on your basket and on your bread-basin.|en
1468|28|18|18|你身所生的，地所產的，以及牛犢、羊羔，都必受咒詛。|zh
1469|28|18|18|A curse will be on the fruit of your body, and on the fruit of your land, on the increase of your cattle, and the young of your flock.|en
1470|28|19|19|你出也受咒詛，入也受咒詛。|zh
1471|28|19|19|You will be cursed when you come in and cursed when you go out.|en
1472|28|20|20|耶和華因你行惡離棄他，必在你手裡所辦的一切事上，使咒詛、擾亂、責罰臨到你，直到你被毀滅，速速的滅亡。|zh
1473|28|20|20|The Lord will send on you cursing and trouble and punishment in everything to which you put your hand, till sudden destruction overtakes you; because of your evil ways in which you have been false to me.|en
1474|28|21|21|耶和華必使瘟疫貼在你身上，直到他將你從所進去得為業的地上滅絕。|zh
1475|28|21|21|The Lord will send disease after disease on you, till you have been cut off by death from the land to which you are going.|en
1476|28|22|22|耶和華要用癆病、熱病、火症、瘧疾、刀劍、旱風（或作：乾旱）、霉爛攻擊你。這都要追趕你，直到你滅亡。|zh
1477|28|22|22|The Lord will send wasting disease, and burning pain, and flaming heat against you, keeping back the rain till your land is waste and dead; so will it be till your destruction is complete.|en
1478|28|23|23|你頭上的天要變為銅，腳下的地要變為鐵。|zh
1479|28|23|23|And the heaven over your heads will be brass, and the earth under you hard as iron.|en
1480|28|24|24|耶和華要使那降在你地上的雨變為塵沙，從天臨在你身上，直到你滅亡|zh
1481|28|24|24|The Lord will make the rain of your land powder and dust, sending it down on you from heaven till your destruction is complete.|en
1482|28|25|25|耶和華必使你敗在仇敵面前，你從一條路去攻擊他們，必從七條路逃跑。你必在天下萬國中拋來拋去。|zh
1483|28|25|25|The Lord will let you be overcome by your haters: you will go out against them one way, and you will go in flight before them seven ways: you will be the cause of fear among all the kingdoms of the earth.|en
1484|28|26|26|你的屍首必給空中的飛鳥和地上的走獸作食物，並無人鬨趕。|zh
1485|28|26|26|Your bodies will be meat for all the birds of the air and the beasts of the earth; there will be no one to send them away.|en
1486|28|27|27|耶和華必用埃及人的瘡並痔瘡、牛皮癬與疥攻擊你，使你不能醫治。|zh
1487|28|27|27|The Lord will send on you the disease of Egypt, and other sorts of skin diseases which nothing will make well.|en
1488|28|28|28|耶和華必用癲狂、眼瞎、心驚攻擊你。|zh
1489|28|28|28|He will make your minds diseased, and your eyes blind, and your hearts wasted with fear:|en
1490|28|29|29|你必在午間摸索，好像瞎子在暗中摸索一樣。你所行的必不亨通，時常遭遇欺壓、搶奪，無人搭救。|zh
1491|28|29|29|You will go feeling your way when the sun is high, like a blind man for whom all is dark, and nothing will go well for you: you will be crushed and made poor for ever, and you will have no saviour.|en
1492|28|30|30|你聘定了妻，別人必與他同房；你建造房屋，不得住在其內；你栽種葡萄園，也不得用其中的果子。|zh
1493|28|30|30|You will take a wife, but another man will have the use of her: the house which your hands have made will never be your resting-place: you will make a vine-garden, and never take the fruit of it.|en
1494|28|31|31|你的牛在你眼前宰了，你必不得吃他的肉；你的驢在你眼前被搶奪，不得歸還；你的羊歸了仇敵，無人搭救。|zh
1495|28|31|31|Your ox will be put to death before your eyes, but its flesh will not be your food: your ass will be violently taken away before your face, and will not be given back to you: your sheep will be given to your haters, and there will be no saviour for you.|en
1496|28|32|32|你的兒女必歸與別國的民；你的眼目終日切望，甚至失明，你手中無力拯救。|zh
1497|28|32|32|Your sons and your daughters will be given to another people, and your eyes will be wasted away with looking and weeping for them all the day: and you will have no power to do anything.|en
1498|28|33|33|你的土產和你勞碌得來的，必被你所不認識的國民吃盡。你時常被欺負，受壓制，|zh
1499|28|33|33|The fruit of your land and all the work of your hands will be food for a nation which is strange to you and to your fathers; you will only be crushed down and kept under for ever:|en
1500|28|34|34|甚至你因眼中所看見的，必致瘋狂。|zh
1501|28|34|34|So that the things which your eyes have to see will send you out of your minds.|en
1502|28|35|35|耶和華必攻擊你，使你膝上腿上，從腳掌到頭頂，長毒瘡無法醫治。|zh
1503|28|35|35|The Lord will send a skin disease, attacking your knees and your legs, bursting out from your feet to the top of your head, so that nothing will make you well.|en
1504|28|36|36|耶和華必將你和你所立的王領到你和你列祖素不認識的國去；在那裡你必事奉木頭石頭的神。|zh
1505|28|36|36|And you, and the king whom you have put over you, will the Lord take away to a nation strange to you and to your fathers; there you will be servants to other gods of wood and stone.|en
1506|28|37|37|你在耶和華領你到的各國中，要令人驚駭、笑談、譏誚。|zh
1507|28|37|37|And you will become a wonder and a name of shame among all the nations where the Lord will take you.|en
1508|28|38|38|你帶到田間的種子雖多，收進來的卻少，因為被蝗蟲吃了。|zh
1509|28|38|38|You will take much seed out into the field, and get little in; for the locust will get it.|en
1510|28|39|39|你栽種、修理葡萄園，卻不得收葡萄，也不得喝葡萄酒，因為被蟲子吃了。|zh
1511|28|39|39|You will put in vines and take care of them, but you will get no wine or grapes from them; for they will be food for worms.|en
1512|28|40|40|你全境有橄欖樹，卻不得其油抹身，因為樹上的橄欖不熟自落了。|zh
1513|28|40|40|Your land will be full of olive-trees, but there will be no oil for the comfort of your body; for your olive-tree will give no fruit.|en
1514|28|41|41|你生兒養女，卻不算是你的，因為必被擄去。|zh
1515|28|41|41|You will have sons and daughters, but they will not be yours; for they will go away prisoners into a strange land.|en
1516|28|42|42|你所有的樹木和你地裡的出產必被蝗蟲所吃。|zh
1517|28|42|42|All your trees and the fruit of your land will be the locust's.|en
1518|28|43|43|在你中間寄居的，必漸漸上升，比你高而又高；你必漸漸下降，低而又低。|zh
1519|28|43|43|The man from a strange land who is living among you will be lifted up higher and higher over you, while you go down lower and lower.|en
1520|28|44|44|他必借給你，你卻不能借給他；他必作首，你必作尾。|zh
1521|28|44|44|He will let you have his wealth at interest, and will have no need of yours: he will be the head and you the tail.|en
1522|28|45|45|這一切咒詛必追隨你，趕上你，直到你滅亡；因為你不聽從耶和華─你神的話，不遵守他所吩咐的誡命律例。|zh
1523|28|45|45|And all these curses will come after you and overtake you, till your destruction is complete; because you did not give ear to the voice of the Lord your God, or keep his laws and his orders which he gave you:|en
1524|28|46|46|這些咒詛必在你和你後裔的身上成為異蹟奇事，直到永遠！|zh
1525|28|46|46|These things will come on you and on your seed, to be a sign and a wonder for ever;|en
1526|28|47|47|因為你富有的時候，不歡心樂意的事奉耶和華─你的神，|zh
1527|28|47|47|Because you did not give honour to the Lord your God, worshipping him gladly, with joy in your hearts on account of all your wealth of good things;|en
1528|28|48|48|所以你必在飢餓、乾渴、赤露、缺乏之中事奉耶和華所打發來攻擊你的仇敵。他必把鐵軛加在你的頸項上，直到將你滅絕。|zh
1529|28|48|48|For this cause you will become servants to those whom the Lord your God will send against you, without food and drink and clothing, and in need of all things: and he will put a yoke of iron on your neck till he has put an end to you.|en
1530|28|49|49|耶和華要從遠方、地極帶一國的民，如鷹飛來攻擊你。這民的言語，你不懂得。|zh
1531|28|49|49|The Lord will send a nation against you from the farthest ends of the earth, coming with the flight of an eagle; a nation whose language is strange to you;|en
1532|28|50|50|這民的面貌凶惡，不顧恤年老的，也不恩待年少的。|zh
1533|28|50|50|A hard-faced nation, who will have no respect for the old or mercy for the young:|en
1534|28|51|51|他們必吃你牲畜所下的和你地土所產的，直到你滅亡。你的五穀、新酒，和油，以及牛犢、羊羔，都不給你留下，直到將你滅絕。|zh
1535|28|51|51|He will take the fruit of your cattle and of your land till death puts an end to you: he will let you have nothing of your grain or wine or oil or any of the increase of your cattle or the young of your flock, till he has made your destruction complete.|en
1536|28|52|52|他們必將你困在你各}城裡，直到你所倚靠、高大堅固的城牆都被攻塌。他們必將你困在耶和華─你神所賜你遍地的各城裡。|zh
1537|28|52|52|Your towns will be shut in by his armies, till your high walls, in which you put your faith, have come down: his armies will be round your towns, through all your land which the Lord your God has given you.|en
1538|28|53|53|你在仇敵圍困窘迫之中，必吃你本身所生的，就是耶和華─你神所賜給你的兒女之肉。|zh
1539|28|53|53|And your food will be the fruit of your body, the flesh of the sons and daughters which the Lord your God has given you; because of your bitter need and the cruel grip of your haters.|en
1540|28|54|54|你們中間，柔弱嬌嫩的人必惡眼看他弟兄和他懷中的妻，並他餘剩的兒女；|zh
1541|28|54|54|That man among you who is soft and used to comfort will be hard and cruel to his brother, and to his dear wife, and to of those his children who are still living;|en
1542|28|55|55|甚至在你受仇敵圍困窘迫的城中，他要吃兒女的肉，不肯分一點給他的親人，因為他一無所剩。|zh
1543|28|55|55|And will not give to any of them the flesh of his children which will be his food because he has no other; in the cruel grip of your haters on all your towns.|en
1544|28|56|56|你們中間，柔弱嬌嫩的婦人，是因嬌嫩柔弱不肯把腳踏地的，必惡眼看他懷中的丈夫和他的兒女。|zh
1545|28|56|56|The most soft and delicate of your women, who would not so much as put her foot on the earth, so delicate is she, will be hard-hearted to her husband and to her son and to her daughter;|en
1546|28|57|57|他兩腿中間出來的嬰孩與他所要生的兒女，他因缺乏一切就要在你受仇敵圍困窘迫的城中將他們暗暗地吃了。|zh
1547|28|57|57|And to her baby newly come to birth, and to the children of her body; for having no other food, she will make a meal of them secretly, because of her bitter need and the cruel grip of your haters on all your towns.|en
1548|28|58|58,59 |這書上所寫律法的一切話是叫你敬畏耶和華─你神可榮可畏的名。你若不謹守遵行，耶和華就必將奇災，就是至大至長的災，至重至久的病，加在你和你後裔的身上，|zh
1549|28|58|58|If you will not take care to do all the words of this law, recorded in this book, honouring that name of glory and of fear, THE LORD YOUR GOD;|en
1550|28|59|59|Then the Lord your God will make your punishment, and the punishment of your seed, a thing to be wondered at; great punishments and cruel diseases stretching on through long years.|en
1551|28|60|60|也必使你所懼怕、埃及人的病都臨到你，貼在你身上，|zh
1552|28|60|60|He will send on you again all the diseases of Egypt, which were a cause of fear to you, and they will take you in their grip.|en
1553|28|61|61|又必將沒有寫在這律法書上的各樣疾病、災殃降在你身上，直到你滅亡。|zh
1554|28|61|61|And all the diseases and the pains not recorded in the book of this law will the Lord send on you till your destruction is complete.|en
1555|28|62|62|你們先前雖然像天上的星那樣多，卻因不聽從耶和華─你神的話，所剩的人數就稀少了。|zh
1556|28|62|62|And you will become a very small band, though your numbers were like the stars of heaven; because you did not give ear to the voice of the Lord your God.|en
1557|28|63|63|先前耶和華怎樣喜悅善待你們，使你們眾多，也要照樣喜悅毀滅你們，使你們滅亡；並且你們從所要進去得的地上必被拔除。|zh
1558|28|63|63|And as the Lord took delight in doing you good and increasing you, so the Lord will take pleasure in cutting you off and causing your destruction, and you will be uprooted from the land which you are about to take as your heritage.|en
1559|28|64|64|耶和華必使你們分散在萬民中，從地這邊到地那邊，你必在那裡事奉你和你列祖素不認識、木頭石頭的神。|zh
1560|28|64|64|And the Lord will send you wandering among all peoples, from one end of the earth to the other: there you will be servants to other gods, of wood and stone, gods of which you and your fathers had no knowledge.|en
1561|28|65|65|在那些國中，你必不得安逸，也不得落腳之地；耶和華卻使你在那裡心中跳動，眼目失明，精神消耗。|zh
1562|28|65|65|And even among these nations there will be no peace for you, and no rest for your feet: but the Lord will give you there a shaking heart and wasting eyes and weariness of soul:|en
1563|28|66|66|你的性命必懸懸無定；你晝夜恐懼，自料性命難保。|zh
1564|28|66|66|Your very life will be hanging in doubt before you, and day and night will be dark with fears, and nothing in life will be certain:|en
1565|28|67|67|你因心裡所恐懼的，眼中所看見的，早晨必說，巴不得到晚上才好；晚上必說，巴不得到早晨才好。|zh
1566|28|67|67|In the morning you will say, If only it was evening! And at evening you will say, If only morning would come! Because of the fear in your hearts and the things which your eyes will see.|en
1567|28|68|68|耶和華必使你坐船回埃及去，走我曾告訴你不得再見的路；在那裡你必賣己身與仇敵作奴婢，卻無人買。|zh
1568|28|68|68|And the Lord will take you back to Egypt again in ships, by the way of which I said to you, You will never see it again: there you will be offering yourselves as men-servants and women-servants to your haters for a price, and no man will take you.|en
1569|29|1|1|這是耶和華在摩押地吩咐摩西與以色列人立約的話，是在他和他們於何烈山所立的約之外。|zh
1570|29|1|1|These are the words of the agreement which Moses was ordered by the Lord to make with the children of Israel in the land of Moab, in addition to the agreement which he made with them in Horeb.|en
1571|29|2|2|摩西召了以色列眾人來，對他們說：耶和華在埃及地，在你們眼前向法老和他眾臣僕，並他全地所行的一切事，你們都看見了，|zh
1572|29|2|2|And Moses said in the hearing of all Israel, You have seen all the Lord did before your eyes in the land of Egypt to Pharaoh and to all his servants and all his land;|en
1573|29|3|3|就是你親眼看見的大試驗和神蹟，並那些大奇事。|zh
1574|29|3|3|The great tests which your eyes saw, and the signs and wonders:|en
1575|29|4|4|但耶和華到今日沒有使你們心能明白，眼能看見，耳能聽見。|zh
1576|29|4|4|But even to this day the Lord has not given you a mind open to knowledge, or seeing eyes or hearing ears.|en
1577|29|5|5|我領你們在曠野四十年，你們身上的衣服並沒有穿破，腳上的鞋也沒有穿壞。|zh
1578|29|5|5|For forty years I have been your guide through the waste land: your clothing has not become old on your backs, or your shoes on your feet.|en
1579|29|6|6|你們沒有吃餅，也沒有喝清酒濃酒。這要使你們知道，耶和華是你們的神。|zh
1580|29|6|6|You have had no bread, or wine, or strong drink: so that you might see that I am the Lord your God.|en
1581|29|7|7|你們來到這地方，希實本王西宏、巴珊王噩都出來與我們交戰，我們就擊殺了他們，|zh
1582|29|7|7|When you came to this place, Sihon, king of Heshbon, and Og, king of Bashan, came out to make war against us and we overcame them:|en
1583|29|8|8|取了他們的地給流便支派、迦得支派，和瑪拿西半支派為業。|zh
1584|29|8|8|And we took their land and gave it to the Reubenites and the Gadites and the half-tribe of Manasseh, for their heritage.|en
1585|29|9|9|所以你們要謹守遵行這約的話，好叫你們在一切所行的事上亨通。|zh
1586|29|9|9|So keep the words of this agreement and do them, so that it may be well for you in everything you do.|en
1587|29|10|10,11 |今日，你們的首領、族長（原文作支派）、長老、官長、以色列的男丁，你們的妻子兒女，和營中寄居的，以及為你們劈柴挑水的人，都站在耶和華─你們的神面前，|zh
1588|29|10|10|You have come here today, all of you, before the Lord your God; the heads of your tribes, the overseers, and those who are in authority over you, with all the men of Israel,|en
1589|29|11|11|And your little ones, your wives, and the men of other lands who are with you in your tents, down to the wood-cutter and the servant who gets water for you:|en
1590|29|12|12|為要你順從耶和華─你神今日與你所立的約，向你所起的誓。|zh
1591|29|12|12|With the purpose of taking part in the agreement of the Lord your God, and his oath which he makes with you today:|en
1592|29|13|13|這樣，他要照他向你所應許的話，又向你列祖亞伯拉罕、以撒、雅各所起的誓，今日立你作他的子民，他作你的神。這樣，他要照他向你所應許的話，又向你列祖亞伯拉罕、以撒、雅各所起的誓，今日立你作他的子民，他作你的　神。|zh
1593|29|13|13|And so that he may make you his people today, and be your God, as he has said to you, and as he made an oath to your fathers, Abraham, Isaac, and Jacob.|en
1594|29|14|14|我不但與你們立這約，起這誓，|zh
1595|29|14|14|And not with you only do I make this agreement and this oath;|en
1596|29|15|15|凡與我們一同站在耶和華─我們神面前的，並今日不在我們這裡的人，我也與他們立這約，起這誓。|zh
1597|29|15|15|But with everyone who is here with us today before the Lord our God, as well as with those who are not here:|en
1598|29|16|16|我們曾住過埃及地，也從列國經過；這是你們知道的。|zh
1599|29|16|16|(For you have in mind how we were living in the land of Egypt; and how we came through all the nations which were on your way;|en
1600|29|17|17|你們也看見他們中間可憎之物，並他們木、石、金、銀的偶像。|zh
1601|29|17|17|And you have seen their disgusting doings, and the images of wood and stone and silver and gold which were among them:)|en
1602|29|18|18|惟恐你們中間，或男或女，或族長或支派長，今日心裡偏離耶和華─我們的神，去事奉那些國的　神；又怕你們中間有惡根生出苦菜和茵蔯來，|zh
1603|29|18|18|So that there may not be among you any man or woman or family or tribe whose heart is turned away from the Lord our God today, to go after other gods and give them worship; or any root among you whose fruit is poison and bitter sorrow;|en
1604|29|19|19|聽見這咒詛的話，心裡仍是自誇說：我雖然行事心裡頑梗，連累眾人，卻還是平安。|zh
1605|29|19|19|If such a man, hearing the words of this oath, takes comfort in the thought that he will have peace even if he goes on in the pride of his heart, taking whatever chance may give him:|en
1606|29|20|20|耶和華必不饒恕他；耶和華的怒氣與憤恨要向他發作，如煙冒出，將這書上所寫的一切咒詛都加在他身上。耶和華又要從天下塗抹他的名，|zh
1607|29|20|20|The Lord will have no mercy on him, but the wrath of the Lord will be burning against that man, and all the curses recorded in this book will be waiting for him, and the Lord will take away his name completely from the earth.|en
1608|29|21|21|也必照著寫在律法書上、約中的一切咒詛將他從以色列眾支派中分別出來，使他受禍。|zh
1609|29|21|21|He will be marked out by the Lord, from all the tribes of Israel, for an evil fate, in keeping with all the curses of the agreement recorded in this book of the law.|en
1610|29|22|22|你們的後代，就是以後興起來的子孫，和遠方來的外人，看見這地的災殃，並耶和華所降與這地的疾病，|zh
1611|29|22|22|And future generations, your children coming after you, and travellers from far countries, will say, when they see the punishments of that land and the diseases which the Lord has sent on it;|en
1612|29|23|23|又看見遍地有硫磺，有鹽鹵，有火跡，沒有耕種，沒有出產，連草都不生長─好像耶和華在忿怒中所傾覆的所多瑪、蛾摩拉、押瑪、洗扁一樣─|zh
1613|29|23|23|And that all the land is a salt and smoking waste, not planted or giving fruit or clothed with grass, but wasted like Sodom and Gomorrah, Admah and Zeboiim, on which the Lord sent destruction in the heat of his wrath:|en
1614|29|24|24|所看見的人，連萬國人，都必問說：耶和華為何向此地這樣行呢？這樣大發烈怒是甚麼意思呢？|zh
1615|29|24|24|Truly all the nations will say, Why has the Lord done so to this land? what is the reason for this great and burning wrath?|en
1616|29|25|25|人必回答說：是因這地的人離棄了耶和華─他們列祖的神，領他們出埃及地的時候與他們所立的約，|zh
1617|29|25|25|Then men will say, Because they gave up the agreement of the Lord, the God of their fathers, which he made with them when he took them out of the land of Egypt:|en
1618|29|26|26|去事奉敬拜素不認識的別神，是耶和華所未曾給他們安排的。|zh
1619|29|26|26|And they went after other gods and gave them worship, gods who were strange to them, and whom he had not given them:|en
1620|29|27|27|所以耶和華的怒氣向這地發作，將這書上所寫的一切咒詛都降在這地上。|zh
1621|29|27|27|And so the wrath of the Lord was moved against this land, to send on it all the curse recorded in this book:|en
1622|29|28|28|耶和華在怒氣、忿怒、大惱恨中將他們從本地拔出來，扔在別的地上，像今日一樣。|zh
1623|29|28|28|Rooting them out of their land, in the heat of his wrath and passion, and driving them out into another land, as at this day.|en
1624|29|29|29|隱祕的事是屬耶和華─我們神的；惟有明顯的事是永遠屬我們和我們子孫的，好叫我們遵行這律法上的一切話。|zh
1625|29|29|29|The secret things are the Lord our God's: but the things which have been made clear are ours and our children's for ever, so that we may do all the words of this law.|en
1626|30|1|1|我所陳明在你面前的這一切咒詛都臨到你身上；你在耶和華─你神追趕你到的萬國中必心裡追念祝福的話；|zh
1627|30|1|1|Now when all these things have come on you, the blessing and the curse which I have put before you, if the thought of them comes back to your minds, when you are living among the nations where the Lord your God has sent you,|en
1628|30|2|2|你和你的子孫若盡心盡性歸向耶和華─你的神，照著我今日一切所吩咐的聽從他的話；|zh
1629|30|2|2|And your hearts are turned again to the Lord your God, and you give ear to his word which I give you today, you and your children, with all your heart and with all your soul:|en
1630|30|3|3|那時，耶和華─你的神必憐恤你，救回你這被擄的子民；耶和華─你的　神要回轉過來，從分散你到的萬民中將你招聚回來。|zh
1631|30|3|3|Then the Lord will have pity on you, changing your fate, and taking you back again from among all the nations where you have been forced to go.|en
1632|30|4|4|你被趕散的人，就是在天涯的，耶和華─你的神也必從那裡將你招聚回來。|zh
1633|30|4|4|Even if those who have been forced out are living in the farthest part of heaven, the Lord your God will go in search of you, and take you back;|en
1634|30|5|5|耶和華─你的神必領你進入你列祖所得的地，使你可以得著；又必善待你，使你的人數比你列祖眾多。|zh
1635|30|5|5|Placing you again in the land of your fathers as your heritage; and he will do you good, increasing you till you are more in number than your fathers were.|en
1636|30|6|6|耶和華─你神必將你心裡和你後裔心裡的污穢除掉，好叫你盡心盡性愛耶和華─你的　神，使你可以存活。|zh
1637|30|6|6|And the Lord your God will give to you and to your seed a circumcision of the heart, so that, loving him with all your heart and all your soul, you may have life.|en
1638|30|7|7|耶和華─你的神必將這一切咒詛加在你仇敵和恨惡你、逼迫你的人身上。|zh
1639|30|7|7|And the Lord your God will put all these curses on those who are against you, and on your haters who put a cruel yoke on you.|en
1640|30|8|8|你必歸回，聽從耶和華的話，遵行他的一切誡命，就是我今日所吩咐你的。|zh
1641|30|8|8|And you will again give ear to the voice of the Lord, and do all his orders which I have given you today.|en
1642|30|9|9,10 |你若聽從耶和華─你神的話，謹守這律法書上所寫的誡命律例，又盡心盡性歸向耶和華─你的　神，他必使你手裡所辦的一切事，並你身所生的，牲畜所下的，地土所產的，都綽綽有餘；因為耶和華必再喜悅你，降福與你，像從前喜悅你列祖一樣。|zh
1643|30|9|9|And the Lord your God will make you fertile in all good things, blessing the work of your hands, and the fruit of your body, and the fruit of your cattle, and the fruit of your land: for the Lord will have joy in you, as he had in your fathers:|en
1644|30|10|10|If you give ear to the voice of the Lord your God, keeping his orders and his laws which are recorded in this book of the law, and turning to the Lord your God with all your heart and with all your soul.|en
1645|30|11|11|我今日所吩咐你的誡命不是你難行的，也不是離你遠的；|zh
1646|30|11|11|For these orders which I have given you today are not strange and secret, and are not far away.|en
1647|30|12|12|不是在天上，使你說：誰替我們上天取下來，使我們聽見可以遵行呢？|zh
1648|30|12|12|They are not in heaven, for you to say, Who will go up to heaven for us and give us knowledge of them so that we may do them?|en
1649|30|13|13|也不是在海外，使你說：誰替我們過海取了來，使我們聽見可以遵行呢？|zh
1650|30|13|13|And they are not across the sea, for you to say, Who will go over the sea for us and give us news of them so that we may do them?|en
1651|30|14|14|這話卻離你甚近，就在你口中，在你心裡，使你可以遵行。|zh
1652|30|14|14|But the word is very near you, in your mouth and in your heart, so that you may do it.|en
1653|30|15|15|看哪，我今日將生與福，死與禍，陳明在你面前。|zh
1654|30|15|15|See, I have put before you today, life and good, and death and evil;|en
1655|30|16|16|吩咐你愛耶和華─你的神，遵行他的道，謹守他的誡命、律例、典章，使你可以存活，人數增多，耶和華─你　神就必在你所要進去得為業的地上賜福與你。|zh
1656|30|16|16|In giving you orders today to have love for the Lord your God, to go in his ways and keep his laws and his orders and his decisions, so that you may have life and be increased, and that the blessing of the Lord your God may be with you in the land where you are going, the land of your heritage.|en
1657|30|17|17|倘若你心裡偏離，不肯聽從，卻被勾引去敬拜事奉別神，|zh
1658|30|17|17|But if your heart is turned away and your ear is shut, and you go after those who would make you servants and worshippers of other gods:|en
1659|30|18|18|我今日明明告訴你們，你們必要滅亡；在你過約但河、進去得為業的地上，你的日子必不長久。|zh
1660|30|18|18|I give witness against you this day that destruction will certainly be your fate, and your days will be cut short in the land where you are going, the land of your heritage on the other side of Jordan.|en
1661|30|19|19|我今日呼天喚地向你作見證；我將生死禍福陳明在你面前，所以你要揀選生命，使你和你的後裔都得存活；|zh
1662|30|19|19|Let heaven and earth be my witnesses against you this day that I have put before you life and death, a blessing and a curse: so take life for yourselves and for your seed:|en
1663|30|20|20|且且愛耶和華─你的神，聽從他的話，專靠他；因為他是你的生命，你的日子長久也在乎他。這樣，你就可以在耶和華向你列祖亞伯拉罕、以撒、雅各起誓應許所賜的地上居住。|zh
1664|30|20|20|In loving the Lord your God, hearing his voice and being true to him: for he is your life and by him will your days be long: so that you may go on living in the land which the Lord gave by an oath to your fathers, Abraham, Isaac and Jacob.|en
1665|31|1|1|摩西去告訴以色列眾人|zh
1666|31|1|1|So Moses said all these things to Israel.|en
1667|31|2|2|說：我現在一百二十歲了，不能照常出入；耶和華也曾對我說：你必不得過這約但河。|zh
1668|31|2|2|Then he said to them, I am now a hundred and twenty years old; I am no longer able to go out and come in: and the Lord has said to me, You are not to go over Jordan.|en
1669|31|3|3|耶和華─你們的神必引導你們過去，將這些國民在你們面前滅絕，你們就得他們的地。約書亞必引導你們過去，正如耶和華所說的。|zh
1670|31|3|3|The Lord your God, he will go over before you; he will send destruction on all those nations, and you will take their land as your heritage: and Joshua will go over at your head as the Lord has said.|en
1671|31|4|4|耶和華必待他們，如同從前待他所滅絕的亞摩利二王西宏與噩以及他們的國一樣。|zh
1672|31|4|4|The Lord will do to them as he did to Sihon and to Og, the kings of the Amorites, and to their land, whom he put to destruction.|en
1673|31|5|5|耶和華必將他們交給你們；你們要照我所吩咐的一切命令待他們。|zh
1674|31|5|5|The Lord will give them up into your hands, and you are to do to them as I have given you orders.|en
1675|31|6|6|你們當剛強壯膽，不要害怕，也不要畏懼他們，因為耶和華─你的神和你同去。他必不撇下你，也不丟棄你。|zh
1676|31|6|6|Be strong and take heart, and have no fear of them: for it is the Lord your God who is going with you; he will not take away his help from you.|en
1677|31|7|7|摩西召了約書亞來，在以色列眾人眼前對他說：你當剛強壯膽！因為，你要和這百姓一同進入耶和華向他們列祖起誓應許所賜之地；你也要使他們承受那地為業。|zh
1678|31|7|7|Then Moses sent for Joshua, and before the eyes of all Israel said to him, Be strong and take heart: for you are to go with this people into the land which the Lord, by his oath to their fathers, has given them; by your help they will take it for their heritage.|en
1679|31|8|8|耶和華必在你前面行；他必與你同在，必不撇下你，也不丟棄你。不要懼怕，也不要驚惶。|zh
1680|31|8|8|It is the Lord who goes before you; he will be with you, he will not take away his help from you or give you up: so have no fear.|en
1681|31|9|9|摩西將這律法寫出來，交給抬耶和華約櫃的祭司利未子孫和以色列的眾長老。|zh
1682|31|9|9|Then Moses put all this law in writing, and gave it to the priests, the sons of Levi, who take up the ark of the Lord's agreement, and to all the responsible men of Israel.|en
1683|31|10|10|摩西吩咐他們說：每逢七年的末一年，就在豁免年的定期住棚節的時候，|zh
1684|31|10|10|And Moses said to them, At the end of every seven years, at the time fixed for the ending of debts, at the feast of tents,|en
1685|31|11|11|以色列眾人來到耶和華─你神所選擇的地方朝見他。那時，你要在以色列眾人面前將這律法念給他們聽。|zh
1686|31|11|11|When all Israel has come before the Lord your God in the place named by him, let a reading be given of this law in the hearing of all Israel.|en
1687|31|12|12|要招聚他們男、女、孩子，並城裡寄居的，使他們聽，使他們學習，好敬畏耶和華─你們的神，謹守、遵行這律法的一切話，|zh
1688|31|12|12|Make all the people come together, men and women and children, and anyone from another country who is with you, so that hearing they may become wise in the fear of the Lord your God, and take care to do all the words of this law;|en
1689|31|13|13|也使他們未曾曉得這律法的兒女得以聽見，學習敬畏耶和華─你們的神，在你們過約但河要得為業之地，存活的日子，常常這樣行。|zh
1690|31|13|13|And so that your children, to whom it is new, may give ear and be trained in the fear of the Lord your God, while you are living in the land which you are going over Jordan to take for your heritage.|en
1691|31|14|14|耶和華對摩西說：你的死期臨近了；要召約書亞來，你們二人站在會幕裡，我好囑咐他。於是摩西和約書亞去站在會幕裡。|zh
1692|31|14|14|At that time the Lord said to Moses, The day of your death is near: send for Joshua, and come to the Tent of meeting so that I may give him his orders. So Moses and Joshua went to the Tent of meeting.|en
1693|31|15|15|耶和華在會幕裡雲柱中顯現，雲柱停在會幕門以上。|zh
1694|31|15|15|And the Lord was seen in the Tent in a pillar of cloud resting by the door of the Tent.|en
1695|31|16|16|耶和華又對摩西說：你必和你列祖同睡。這百姓要起來，在他們所要去的地上，在那地的人中，隨從外邦神行邪淫，離棄我，違背我與他們所立的約。|zh
1696|31|16|16|And the Lord said to Moses, Now you are going to rest with your fathers; and this people will be false to me, uniting themselves to the strange gods of the land where they are going; they will be turned away from me and will not keep the agreement I have made with them.|en
1697|31|17|17|那時，我的怒氣必向他們發作；我也必離棄他們，掩面不顧他們，以致他們被吞滅，並有許多的禍患災難臨到他們。那日他們必說：這些禍患臨到我們，豈不是因我們的神不在我們中間麼？|zh
1698|31|17|17|In that day my wrath will be moved against them, and I will be turned away from them, veiling my face from them, and destruction will overtake them, and unnumbered evils and troubles will come on them; so that in that day they will say, Have not these evils come on us because our God is not with us?|en
1699|31|18|18|那時，因他們偏向別神所行的一切惡，我必定掩面不顧他們。|zh
1700|31|18|18|Truly, my face will be turned away from them in that day, because of all the evil they have done in going after other gods.|en
1701|31|19|19|現在你要寫一篇歌，教導以色列人，傳給他們，使這歌見證他們的不是；|zh
1702|31|19|19|Make then this song for yourselves, teaching it to the children of Israel: put it in their mouths, so that this song may be a witness for me against the children of Israel.|en
1703|31|20|20|因為我將他們領進我向他們列祖起誓應許那流奶與蜜之地，他們在那裡吃得飽足，身體肥胖，就必偏向別神，事奉他們，藐視我，背棄我的約。|zh
1704|31|20|20|For when I have taken them into the land named in my oath to their fathers, a land flowing with milk and honey, and they have made themselves full of food and are fat, then they will be turned to other gods and will give them worship, no longer honouring me or keeping my agreement.|en
1705|31|21|21|那時，有許多禍患災難臨到他們，這歌必在他們面前作見證，他們後裔的口中必念誦不忘。我未領他們到我所起誓應許之地以先，他們所懷的意念我都知道了。|zh
1706|31|21|21|Then when evils and troubles without number have overtaken them, this song will be a witness to them, for the words of it will be clear in the memories of their children: for I see the thoughts which are moving in their hearts even now, before I have taken them into the land of my oath.|en
1707|31|22|22|當日摩西就寫了一篇歌，教導以色列人。|zh
1708|31|22|22|So that same day Moses made this song, teaching it to the children of Israel.|en
1709|31|23|23|耶和華囑咐嫩的兒子約書亞說：你當剛強壯膽，因為你必領以色列人進我所起誓應許他們的地；我必與你同在。|zh
1710|31|23|23|Then he gave orders to Joshua, the son of Nun, saying to him, Be strong and take heart: for you are to go at the head of the children of Israel into the land which I made an oath to give them; and I will be with you.|en
1711|31|24|24|摩西將這律法的話寫在書上，及至寫完了，|zh
1712|31|24|24|Now after writing all the words of this law in a book till the record of them was complete,|en
1713|31|25|25|就吩咐抬耶和華約櫃的利未人說：|zh
1714|31|25|25|Moses said to the Levites who were responsible for taking up the ark of the Lord's agreement,|en
1715|31|26|26|將這律法書放在耶和華─你們神的約櫃旁，可以在那裡見證以色列人的不是；|zh
1716|31|26|26|Take this book of the law and put it by the ark of the Lord's agreement, so that it may be a witness against you.|en
1717|31|27|27|因為我知道你們是悖逆的，是硬著頸項的。我今日還活著與你們同在，你們尚且悖逆耶和華，何況我死後呢？|zh
1718|31|27|27|For I have knowledge of your hard and uncontrolled hearts: even now, while I am still living, you will not be ruled by the Lord; how much less after my death?|en
1719|31|28|28|你們要將你們支派的眾長老和官長都招聚了來，我好將這些話說與他們聽，並呼天喚地見證他們的不是。|zh
1720|31|28|28|Get together before me all those who are in authority in your tribes, and your overseers, so that I may say these things in their hearing, and make heaven and earth my witnesses against them.|en
1721|31|29|29|我知道我死後，你們必全然敗壞，偏離我所吩咐你們的道，行耶和華眼中看為惡的事，以手所做的惹他發怒；日後必有禍患臨到你們。|zh
1722|31|29|29|For I am certain that after my death you will give yourselves up to sin, wandering from the way which I have given you; and evil will overtake you in the end, because you will do evil in the eyes of the Lord, moving him to wrath by the work of your hands.|en
1723|31|30|30|摩西將這一篇歌的話都說與以色列全會眾聽。|zh
1724|31|30|30|Then in the hearing of all the meeting of Israel, Moses said the words of this song, to the end.|en
1725|32|1|1|諸天哪，側耳，我要說話；願地也聽我口中的言語。|zh
1726|32|1|1|Give ear, O heavens, to my voice; let the earth take note of the words of my mouth:|en
1727|32|2|2|我的教訓要淋漓如雨；我的言語要滴落如露，如細雨降在嫩草上，如甘霖降在菜蔬中。|zh
1728|32|2|2|My teaching is dropping like rain, coming down like dew on the fields; like rain on the young grass and showers on the garden plants:|en
1729|32|3|3|我要宣告耶和華的名；你們要將大德歸與我們的神。|zh
1730|32|3|3|For I will give honour to the name of the Lord: let our God be named great.|en
1731|32|4|4|他是磐石，他的作為完全；他所行的無不公平，是誠實無偽的神，又公義，又正直。|zh
1732|32|4|4|He is the Rock, complete is his work; for all his ways are righteousness: a God without evil who keeps faith, true and upright is he.|en
1733|32|5|5|這乖僻彎曲的世代向他行事邪僻；有這弊病就不是他的兒女。|zh
1734|32|5|5|They have become false, they are not his children, the mark of sin is on them; they are an evil and hard-hearted generation.|en
1735|32|6|6|愚昧無知的民哪，你們這樣報答耶和華麼？他豈不是你的父、將你買來的麼？他是製造你、建立你的。|zh
1736|32|6|6|Is this your answer to the Lord, O foolish people and unwise? Is he not your father who has given you life? He has made you and given you your place.|en
1737|32|7|7|你當追想上古之日，思念歷代之年；問你的父親，他必指示你；問你的長者，他必告訴你。|zh
1738|32|7|7|Keep in mind the days of the past, give thought to the years of generations gone by: go to your father and he will make it clear to you, to the old men and they will give you the story.|en
1739|32|8|8|至高者將地業賜給列邦，將世人分開，就照以色列人的數目立定萬民的疆界。|zh
1740|32|8|8|When the Most High gave the nations their heritage, separating into groups the children of men, he had the limits of the peoples marked out, keeping in mind the number of the children of Israel.|en
1741|32|9|9|耶和華的分本是他的百姓；他的產業本是雅各。|zh
1742|32|9|9|For the Lord's wealth is his people; Jacob is the land of his heritage.|en
1743|32|10|10|耶和華遇見他在曠野─荒涼野獸吼叫之地，就環繞他，看顧他，保護他，如同保護眼中的瞳人。|zh
1744|32|10|10|He came to him in the waste land, in the unpeopled waste of sand: putting his arms round him and caring for him, he kept him as the light of his eye.|en
1745|32|11|11|又如鷹攪動巢窩，在雛鷹以上兩翅搧展，接取雛鷹，背在兩翼之上。|zh
1746|32|11|11|As an eagle, teaching her young to make their flight, with her wings outstretched over them, takes them up on her strong feathers:|en
1747|32|12|12|這樣，耶和華獨自引導他，並無外邦神與他同在。|zh
1748|32|12|12|So the Lord only was his guide, no other god was with him.|en
1749|32|13|13|耶和華使他乘駕地的高處，得吃田間的土產；又使他從磐石中咂蜜，從堅石中吸油；|zh
1750|32|13|13|He put him on the high places of the earth, his food was the increase of the field; honey he gave him out of the rock and oil out of the hard rock;|en
1751|32|14|14|也吃牛的奶油，羊的奶，羊羔的脂油，巴珊所出的公綿羊和山羊，與上好的麥子，也喝葡萄汁釀的酒。|zh
1752|32|14|14|Butter from his cows and milk from his sheep, with fat of lambs and sheep of Bashan, and goats, and the heart of the grain; and for your drink, wine from the blood of the grape.|en
1753|32|15|15|但耶書崙漸漸肥胖，粗壯，光潤，踢跳，奔跑，便離棄造他的神，輕看救他的磐石；|zh
1754|32|15|15|But Jeshurun became fat and would not be controlled: you have become fat, you are thick and full of food: then he was untrue to the God who made him, giving no honour to the Rock of his salvation.|en
1755|32|16|16|敬拜別神，觸動神的憤恨，行可憎惡的事，惹了他的怒氣。|zh
1756|32|16|16|The honour which was his they gave to strange gods; by their disgusting ways he was moved to wrath.|en
1757|32|17|17|所祭祀的鬼魔並非真神，乃是素不認識的神，是近來新興的，是你列祖所不畏懼的。|zh
1758|32|17|17|They made offerings to evil spirits which were not God, to gods who were strange to them, which had newly come up, not feared by your fathers.|en
1759|32|18|18|你輕忽生你的磐石，忘記產你的神。|zh
1760|32|18|18|You have no thought for the Rock, your father, you have no memory of the God who gave you birth.|en
1761|32|19|19|耶和華看見他的兒女惹動他，就厭惡他們，說：|zh
1762|32|19|19|And the Lord saw with disgust the evil-doing of his sons and daughters.|en
1763|32|20|20|我要向他們掩面，看他們的結局如何。他們本是極乖僻的族類，心中無誠實的兒女。|zh
1764|32|20|20|And he said, My face will be veiled from them, I will see what their end will be: for they are an uncontrolled generation, children in whom is no faith.|en
1765|32|21|21|他們以那不算為神的觸動我的憤恨，以虛無的神惹了我的怒氣。我也要以那不成子民的觸動他們的憤恨，以愚昧的國民惹了他們的怒氣。|zh
1766|32|21|21|They have given my honour to that which is not God, moving me to wrath with their false worship: I will give their honour to those who are not a people, moving them to wrath by a foolish nation,|en
1767|32|22|22|因為在我怒中有火燒起，直燒到極深的陰間，把地和地的出產盡都焚燒，山的根基也燒著了。|zh
1768|32|22|22|For my wrath is a flaming fire, burning to the deep parts of the underworld, burning up the earth with her increase, and firing the deep roots of the mountains.|en
1769|32|23|23|我要將禍患堆在他們身上，把我的箭向他們射盡。|zh
1770|32|23|23|I will send a rain of troubles on them, my arrows will be showered on them.|en
1771|32|24|24|他們必因飢餓消瘦，被炎熱苦毒吞滅。我要打發野獸用牙齒咬他們，並土中腹行的，用毒氣害他們。|zh
1772|32|24|24|They will be wasted from need of food, and overcome by burning heat and bitter destruction; and the teeth of beasts I will send on them, with the poison of the worms of the dust.|en
1773|32|25|25|外頭有刀劍，內室有驚恐，使人喪亡，使少男、童女、吃奶的、白髮的，盡都滅絕。|zh
1774|32|25|25|Outside they will be cut off by the sword, and in the inner rooms by fear; death will take the young man and the virgin, the baby at the breast and the grey-haired man.|en
1775|32|26|26|我說，我必將他們分散遠方，使他們的名號從人間除滅。|zh
1776|32|26|26|I said I would send them wandering far away, I would make all memory of them go from the minds of men:|en
1777|32|27|27|惟恐仇敵惹動我，只怕敵人錯看，說：是我們手的能力，並非耶和華所行的。|zh
1778|32|27|27|But for the fear that their haters, uplifted in their pride, might say, Our hand is strong, the Lord has not done all this.|en
1779|32|28|28|因為以色列民毫無計謀，心中沒有聰明。|zh
1780|32|28|28|For they are a nation without wisdom; there is no sense in them.|en
1781|32|29|29|惟願他們有智慧，能明白這事，肯思念他們的結局。|zh
1782|32|29|29|If only they were wise, if only this was clear to them, and they would give thought to their future!|en
1783|32|30|30|若不是他們的磐石賣了他們，若不是耶和華交出他們，一人焉能追趕他們千人？二人焉能使萬人逃跑呢？|zh
1784|32|30|30|How would it be possible for one to overcome a thousand, and two to send ten thousand in flight, if their rock had not let them go, if the Lord had not given them up?|en
1785|32|31|31|據我們的仇敵自己斷定，他們的磐石不如我們的磐石。|zh
1786|32|31|31|For their rock is not like our Rock, even our haters themselves being judges.|en
1787|32|32|32|他們的葡萄樹是所多瑪的葡萄樹，蛾摩拉田園所生的；他們的葡萄是毒葡萄，全挂都是苦的。|zh
1788|32|32|32|For their vine is the vine of Sodom, from the fields of Gomorrah: their grapes are the grapes of evil, and the berries are bitter:|en
1789|32|33|33|他們的酒是大蛇的毒氣，是虺蛇殘害的惡毒。|zh
1790|32|33|33|Their wine is the poison of dragons, the cruel poison of snakes.|en
1791|32|34|34|這不都是積蓄在我這裡，封鎖在我府庫中麼？|zh
1792|32|34|34|Is not this among my secrets, kept safe in my store-house?|en
1793|32|35|35|他們失腳的時候，伸冤報應在我；因他們遭災的日子近了；那要臨在他們身上的必速速來到。|zh
1794|32|35|35|Punishment is mine and reward, at the time of the slipping of their feet: for the day of their downfall is near, sudden will be their fate.|en
1795|32|36|36|耶和華見他百姓毫無能力，無論困住的、自由的都沒有剩下，就必為他們伸冤，為他的僕人後悔。|zh
1796|32|36|36|For the Lord will be judge of his people, he will have pity for his servants; when he sees that their power is gone, there is no one, shut up or free.|en
1797|32|37|37|他必說：他們的神，他們所投靠的磐石，|zh
1798|32|37|37|And he will say, Where are their gods, the rock in which they put their faith?|en
1799|32|38|38|就是向來吃他們祭牲的脂油，喝他們奠祭之酒的，在那裡呢？他可以興起幫助你們，護衛你們。|zh
1800|32|38|38|Who took the fat of their offerings, and the wine of their drink offering? Let them now come to your help, let them be your salvation.|en
1801|32|39|39|你們如今要知道：我，惟有我是神；在我以外並無別神。我使人死，我使人活；我損傷，我也醫治，並無人能從我手中救出來。|zh
1802|32|39|39|See now, I myself am he; there is no other god but me: giver of death and life, wounding and making well: and no one has power to make you free from my hand.|en
1803|32|40|40|我向天舉手說：我憑我的永生起誓：|zh
1804|32|40|40|For lifting up my hand to heaven I say, By my unending life,|en
1805|32|41|41|我若磨我閃亮的刀，手掌審判之權，就必報復我的敵人，報應恨我的人。|zh
1806|32|41|41|If I make sharp my shining sword, and my hand is outstretched for judging, I will give punishment to those who are against me, and their right reward to my haters.|en
1807|32|42|42|我要使我的箭飲血飲醉，就是被殺被擄之人的血。我的刀要吃肉，乃是仇敵中首領之頭的肉。|zh
1808|32|42|42|I will make my arrows red with blood, my sword will be feasting on flesh, with the blood of the dead and the prisoners, of the long-haired heads of my haters.|en
1809|32|43|43|你們外邦人當與主的百姓一同歡呼；因他要伸他僕人流血的冤，報應他的敵人，潔淨他的地，救贖他的百姓。|zh
1810|32|43|43|Be glad, O you his people, over the nations; for he will take payment for the blood of his servants, and will give punishment to his haters, and take away the sin of his land, for his people.|en
1811|32|44|44|摩西和嫩的兒子約書亞去將這歌的一切話說給百姓聽。|zh
1812|32|44|44|So Moses said all the words of this song in the hearing of the people, he and Hoshea, the son of Nun.|en
1813|32|45|45|摩西向以色列眾人說完了這一切的話，|zh
1814|32|45|45|And after saying all this to the people,|en
1815|32|46|46|又說：我今日所警教你們的，你們都要放在心上；要吩咐你們的子孫謹守遵行這律法上的話。|zh
1816|32|46|46|Moses said to them, Let the words which I have said to you today go deep into your hearts, and give orders to your children to do every word of this law.|en
1817|32|47|47|因為這不是虛空、與你們無關的事，乃是你們的生命；在你們過約但河要得為業的地上必因這事日子得以長久。|zh
1818|32|47|47|And this is no small thing for you, but it is your life, and through this you may make your days long in the land which you are going over Jordan to take for your heritage.|en
1819|32|48|48|當日，耶和華吩咐摩西說：|zh
1820|32|48|48|That same day the Lord said to Moses,|en
1821|32|49|49|你上這亞巴琳山中的尼波山去，在摩押地與耶利哥相對，觀看我所要賜給以色列人為業的迦南地。|zh
1822|32|49|49|Go up into this mountain of Abarim, to Mount Nebo in the land of Moab opposite Jericho; there you may see the land of Canaan, which I am giving to the children of Israel for their heritage:|en
1823|32|50|50|你必死在你所登的山上，歸你列祖（原文作本民）去，像你哥哥亞倫死在何珥山上，歸他的列祖一樣。|zh
1824|32|50|50|And let death come to you on the mountain where you are going, and be put to rest with your people; as death came to Aaron, your brother, on Mount Hor, where he was put to rest with his people:|en
1825|32|51|51|因為你們在尋的曠野，加低斯的米利巴水，在以色列人中沒有尊我為聖，得罪了我。|zh
1826|32|51|51|Because of your sin against me before the children of Israel at the waters of Meribath Kadesh in the waste land of Zin; because you did not keep my name holy among the children of Israel.|en
1827|32|52|52|我所賜給以色列人的地，你可以遠遠地觀看，卻不得進去。|zh
1828|32|52|52|So you will see the land before you, but you will not go into the land which I am giving to the children of Israel.|en
1829|33|1|1|以下是神人摩西在未死之先為以色列人所祝的福：|zh
1830|33|1|1|Now this is the blessing which Moses, the man of God, gave to the children of Israel before his death.|en
1831|33|2|2|他說：耶和華從西乃而來，從西珥向他們顯現，從巴蘭山發出光輝，從萬萬聖者中來臨，從他右手為百姓傳出烈火的律法。|zh
1832|33|2|2|He said, The Lord came from Sinai, dawning on them from Seir; shining out from Mount Paran, coming from Meribath Kadesh: from his right hand went flames of fire: his wrath made waste the peoples.|en
1833|33|3|3|他疼愛百姓；眾聖徒都在他手中。他們坐在他的腳下，領受他的言語。|zh
1834|33|3|3|All his holy ones are at his hand; they go at his feet; they are lifted up on his wings.|en
1835|33|4|4|摩西將律法傳給我們，作為雅各會眾的產業。|zh
1836|33|4|4|Moses gave us a law, a heritage for the people of Jacob.|en
1837|33|5|5|百姓的眾首領，以色列的各支派，一同聚會的時候，耶和華（原文作他）在耶書崙中為王。|zh
1838|33|5|5|And there was a king in Jeshurun, when the heads of the people and the tribes of Israel came together.|en
1839|33|6|6|願流便存活，不至死亡；願他人數不致稀少。|zh
1840|33|6|6|Let life not death be Reuben's, let not the number of his men be small.|en
1841|33|7|7|為猶大祝福說：求耶和華俯聽猶大的聲音，引導他歸於本族；他曾用手為自己爭戰，你必幫助他攻擊敵人。|zh
1842|33|7|7|And this is the blessing of Judah: he said, Give ear, O Lord, to the voice of Judah and make him one with his people: let your hands take up his cause, and be his help against his attackers.|en
1843|33|8|8|論利未說：耶和華阿，你的土明和烏陵都在你的虔誠人那裡。你在瑪撒曾試驗他，在米利巴水與他爭論。|zh
1844|33|8|8|And of Levi he said, Give your Thummim to Levi and let the Urim be with your loved one, whom you put to the test at Massah, with whom you were angry at the waters of Meribah;|en
1845|33|9|9|他論自己的父母說：我未曾看見；他也不承認弟兄，也不認識自己的兒女。這是因利未人遵行你的話，謹守你的約。|zh
1846|33|9|9|Who said of his father, Who is he? and of his mother, I have not seen her; he kept himself separate from his brothers and had no knowledge of his children: for they have given ear to your word and kept your agreement.|en
1847|33|10|10|他們要將你的典章教訓雅各，將你的律法教訓以色列。他們要把香焚在你面前，把全牲的燔祭獻在你的壇上。|zh
1848|33|10|10|They will be the teachers of your decisions to Jacob and of your law to Israel: the burning of perfumes before you will be their right, and the ordering of burned offerings on your altar.|en
1849|33|11|11|求耶和華降福在他的財物上，悅納他手裡所辦的事。那些起來攻擊他和恨惡他的人，願你刺透他們的腰，使他們不得再起來。|zh
1850|33|11|11|Let your blessing, O Lord, be on his substance, may the work of his hands be pleasing to you: may those who take up arms against him and all who have hate for him, be wounded through the heart, never to be lifted up again.|en
1851|33|12|12|論便雅憫說：耶和華所親愛的必同耶和華安然居住；耶和華終日遮蔽他，也住在他兩肩之中。|zh
1852|33|12|12|And of Benjamin he said, Benjamin is the loved one of the Lord, he will be kept safe at all times; he will be covered by the Most High, resting between his arms.|en
1853|33|13|13|論約瑟說：願他的地蒙耶和華賜福，得天上的寶物、甘露，以及地裡所藏的泉水；|zh
1854|33|13|13|And of Joseph he said, Let the blessing of the Lord be on his land; for the good things of heaven on high, and the deep waters flowing under the earth,|en
1855|33|14|14|得太陽所曬熟的美果，月亮所養成的寶物；|zh
1856|33|14|14|And the good things of the fruits of the sun, and the good things of the growth of the moons,|en
1857|33|15|15|得上古之山的至寶，永世之嶺的寶物；|zh
1858|33|15|15|And the chief things of the oldest mountains, and the good things of the eternal hills,|en
1859|33|16|16|得地和其中所充滿的寶物，並住荊棘中上主的喜悅。願這些福都歸於約瑟的頭上，歸於那與弟兄迥別之人的頂上。|zh
1860|33|16|16|The good things of the earth and all its wealth, the good pleasure of him who was seen in the burning tree: may they come on the head of Joseph, on the head of him who was prince among his brothers.|en
1861|33|17|17|他為牛群中頭生的，有威嚴；他的角是野牛的角，用以牴觸萬邦，直到地極。這角是以法蓮的萬萬，瑪拿西的千千。|zh
1862|33|17|17|He is a young ox, glory is his; his horns are the horns of the mountain ox, with which all peoples will be wounded, even to the ends of the earth: they are the ten thousands of Ephraim and the thousands of Manasseh.|en
1863|33|18|18|論西布倫說：西布倫哪，你出外可以歡喜。以薩迦阿，在你帳棚裡可以快樂。|zh
1864|33|18|18|And of Zebulun he said, Be glad, Zebulun, in your going out; and, Issachar, in your tents.|en
1865|33|19|19|他們要將列邦召到山上，在那裡獻公義的祭；因為他們要吸取海裡的豐富，並沙中所藏的珍寶。|zh
1866|33|19|19|They will send out the word for the people to come to the mountain, taking there the offerings of righteousness: for the store of the seas will be theirs, and the secret wealth of the sand.|en
1867|33|20|20|論迦得說：使迦得擴張的應當稱頌！迦得住如母獅；他撕裂膀臂，連頭頂也撕裂。|zh
1868|33|20|20|Of Gad he said, A blessing be on him who makes wide the limits of Gad: he takes his rest like a she-lion, taking for himself the arm and the crown of the head.|en
1869|33|21|21|他為自己選擇頭一段地，因在那裡有設立律法者的分存留。他與百姓的首領同來；他施行耶和華的公義和耶和華與以色列所立的典章。|zh
1870|33|21|21|He kept for himself the first part, for his was the ruler's right: he put in force the righteousness of the Lord, and his decisions for Israel.|en
1871|33|22|22|論但說：但為小獅子，從巴珊跳出來。|zh
1872|33|22|22|And of Dan he said, Dan is a young lion, springing out from Bashan.|en
1873|33|23|23|論拿弗他利說：拿弗他利阿，你足沾恩惠，滿得耶和華的福，可以得西方和南方為業。|zh
1874|33|23|23|And of Naphtali he said, O Naphtali, made glad with grace and full of the blessing of the Lord: the sea and its fishes will be his.|en
1875|33|24|24|論亞設說：願亞設享受多子的福樂，得他弟兄的喜悅，可以把腳蘸在油中。|zh
1876|33|24|24|And of Asher he said, Let Asher have the blessing of children; may he be pleasing to his brothers, and let his foot be wet with oil.|en
1877|33|25|25|你的門閂（門閂或作：鞋）是銅的，鐵的。你的日子如何，你的力量也必如何。|zh
1878|33|25|25|Your shoes will be iron and brass; and as your days, so may your work be.|en
1879|33|26|26|耶書崙哪，沒有能比神的。他為幫助你，乘在天空，顯其威榮，駕行穹蒼。|zh
1880|33|26|26|No other is like the God of Jeshurun, coming on the heavens to your help, and letting his glory be seen in the skies.|en
1881|33|27|27|永生的神是你的居所；他永久的膀臂在你以下。他在你前面攆出仇敵，說：毀滅罷。|zh
1882|33|27|27|The God of your fathers is your safe resting-place, and under you are his eternal arms: driving out the forces of your haters from before you, he said, Let destruction overtake them.|en
1883|33|28|28|以色列安然居住；雅各的本源獨居五穀新酒之地。他的天也滴甘露。|zh
1884|33|28|28|And Israel is living in peace, the fountain of Jacob by himself, in a land of grain and wine, with dew dropping from the heavens.|en
1885|33|29|29|以色列阿，你是有福的！誰像你這蒙耶和華所拯救的百姓呢？他是你的盾牌，幫助你，是你威榮的刀劍。你的仇敵必投降你；你必踏在他們的高處。|zh
1886|33|29|29|Happy are you, O Israel: who is like you, a people whose saviour is the Lord, whose help is your cover, whose sword is your strength! All those who are against you will put themselves under your rule, and your feet will be planted on their high places.|en
1887|34|1|1|摩西從摩押平原登尼波山，上了那與耶利哥相對的毘斯迦山頂。耶和華把基列全地直到但，|zh
1888|34|1|1|And Moses went up from the table-lands of Moab to Mount Nebo, to the top of Pisgah which is facing Jericho. And the Lord let him see all the land, the land of Gilead as far as Dan;|en
1889|34|2|2|拿弗他利全地，以法蓮、瑪拿西的地，猶大全地直到西海，|zh
1890|34|2|2|And all Naphtali and the land of Ephraim and Manasseh, and all the land of Judah, as far as the Great Sea of the west;|en
1891|34|3|3|南地和棕樹城耶利哥的平原，直到瑣珥，都指給他看。|zh
1892|34|3|3|And the South, and the circle of the valley of Jericho, the town of palm-trees, as far as Zoar.|en
1893|34|4|4|耶和華對他說：這就是我向亞伯拉罕、以撒、雅各起誓應許之地，說：我必將這地賜給你的後裔。現在我使你眼睛看見了，你卻不得過到那裡去。|zh
1894|34|4|4|And the Lord said to him, This is the land about which I made an oath to Abraham, Isaac, and Jacob, saying, I will give it to your seed: now I have let you see it with your eyes, but you will not go in there.|en
1895|34|5|5|於是，耶和華的僕人摩西死在摩押地，正如耶和華所說的。|zh
1896|34|5|5|So death came to Moses, the servant of the Lord, there in the land of Moab, as the Lord had said.|en
1897|34|6|6|耶和華將他埋葬在摩押地、伯毘珥對面的谷中，只是到今日沒有人知道他的墳墓。|zh
1898|34|6|6|And the Lord put him to rest in the valley in the land of Moab opposite Beth-peor: but no man has knowledge of his resting-place to this day.|en
1899|34|7|7|摩西死的時候年一百二十歲；眼目沒有昏花，精神沒有衰敗。|zh
1900|34|7|7|And Moses at his death was a hundred and twenty years old: his eye had not become clouded, or his natural force become feeble.|en
1901|34|8|8|以色列人在摩押平原為摩西哀哭了三十日，為摩西居喪哀哭的日子就滿了。|zh
1902|34|8|8|For thirty days the children of Israel were weeping for Moses in the table-lands of Moab, till the days of weeping and sorrow for Moses were ended.|en
1903|34|9|9|嫩的兒子約書亞；因為摩西曾按手在他頭上，就被智慧的靈充滿，以色列人便聽從他，照著耶和華吩咐摩西的行了。|zh
1904|34|9|9|And Joshua, the son of Nun, was full of the spirit of wisdom; for Moses had put his hands on him: and the children of Israel gave ear to him, and did as the Lord had given orders to Moses.|en
1905|34|10|10|以後以色列中再沒有興起先知像摩西的。他是耶和華面對面所認識的。|zh
1906|34|10|10|There has never been another prophet in Israel like Moses, whom the Lord had knowledge of face to face;|en
1907|34|11|11|耶和華打發他在埃及地向法老和他的一切臣僕，並他的全地，行各樣神蹟奇事，|zh
1908|34|11|11|In all the signs and wonders which the Lord sent him to do in the land of Egypt, to Pharaoh and to all his servants and all his land;|en
1909|34|12|12|又在以色列.眾人眼前顯大能的手，行一切大而可畏的事。|zh
1910|34|12|12|And in all the acts of power and fear which Moses did before the eyes of all Israel.|en
