|chapter|sec|no|content|lang
0|1|1|1|以色列王大衛兒子所羅門的箴言：|zh
1|1|1|1|The wise sayings of Solomon, the son of David, king of Israel.|en
2|1|2|2|要使人曉得智慧和訓誨，分辨通達的言語，|zh
3|1|2|2|To have knowledge of wise teaching; to be clear about the words of reason:|en
4|1|3|3|使人處事領受智慧、仁義、公平、正直的訓誨，|zh
5|1|3|3|To be trained in the ways of wisdom, in righteousness and judging truly and straight behaviour:|en
6|1|4|4|使愚人靈明，使少年人有知識和謀略，|zh
7|1|4|4|To make the simple-minded sharp, and to give the young man knowledge, and serious purpose:|en
8|1|5|5|使智慧人聽見，增長學問，使聰明人得著智謀|zh
9|1|5|5|(The wise man, hearing, will get greater learning, and the acts of the man of good sense will be wisely guided:)|en
10|1|6|6|使人明白箴言和譬喻，懂得智慧人的言詞和謎語。|zh
11|1|6|6|To get the sense of wise sayings and secrets, and of the words of the wise and their dark sayings.|en
12|1|7|7|敬畏耶和華是知識的開端；愚妄人藐視智慧和訓誨。|zh
13|1|7|7|The fear of the Lord is the start of knowledge: but the foolish have no use for wisdom and teaching.|en
14|1|8|8|我兒，要聽你父親的訓誨，不可離棄你母親的法則（或譯：指教）；|zh
15|1|8|8|My son, give ear to the training of your father, and do not give up the teaching of your mother:|en
16|1|9|9|因為這要作你頭上的華冠，你項上的金鍊。|zh
17|1|9|9|For they will be a crown of grace for your head, and chain-ornaments about your neck.|en
18|1|10|10|我兒，惡人若引誘你，你不可隨從。|zh
19|1|10|10|My son, if sinners would take you out of the right way, do not go with them.|en
20|1|11|11|他們若說：你與我們同去，我們要埋伏流人之血，要蹲伏害無罪之人；|zh
21|1|11|11|If they say, Come with us; let us make designs against the good, waiting secretly for the upright, without cause;|en
22|1|12|12|我們好像陰間，把他們活活吞下；他們如同下坑的人，被我們囫圇吞了；|zh
23|1|12|12|Let us overcome them living, like the underworld, and in their strength, as those who go down to death;|en
24|1|13|13|我們必得各樣寶物，將所擄來的，裝滿房屋；|zh
25|1|13|13|Goods of great price will be ours, our houses will be full of wealth;|en
26|1|14|14|你與我們大家同分，我們共用一個囊袋；|zh
27|1|14|14|Take your chance with us, and we will all have one money-bag:|en
28|1|15|15|我兒，不要與他們同行一道，禁止你腳走他們的路。|zh
29|1|15|15|My son, do not go with them; keep your feet from their ways:|en
30|1|16|16|因為，他們的腳奔跑行惡；他們急速流人的血，|zh
31|1|16|16|For their feet are running after evil, and they are quick to take a man's life.|en
32|1|17|17|好像飛鳥，網羅設在眼前仍不躲避。|zh
33|1|17|17|Truly, to no purpose is the net stretched out before the eyes of the bird:|en
34|1|18|18|這些人埋伏，是為自流己血；蹲伏，是為自害己命。|zh
35|1|18|18|And they are secretly waiting for their blood and making ready destruction for themselves.|en
36|1|19|19|凡貪戀財利的，所行之路都是如此；這貪戀之心乃奪去得財者之命。|zh
37|1|19|19|Such is the fate of everyone who goes in search of profit; it takes away the life of its owners.|en
38|1|20|20|智慧在街市上呼喊，在寬闊處發聲，|zh
39|1|20|20|Wisdom is crying out in the street; her voice is loud in the open places;|en
40|1|21|21|在熱鬧街頭喊叫，在城門口，在城中發出言語，|zh
41|1|21|21|Her words are sounding in the meeting-places, and in the doorways of the town:|en
42|1|22|22|說：你們愚昧人喜愛愚昧，褻慢人喜歡褻慢，愚頑人恨惡知識，要到幾時呢？|zh
43|1|22|22|How long, you simple ones, will foolish things be dear to you? and pride a delight to the haters of authority? how long will the foolish go on hating knowledge?|en
44|1|23|23|你們當因我的責備回轉；我要將我的靈澆灌你們，將我的話指示你們。|zh
45|1|23|23|Be turned again by my sharp words: see, I will send the flow of my spirit on you, and make my words clear to you.|en
46|1|24|24|我呼喚，你們不肯聽從；我伸手，無人理會；|zh
47|1|24|24|Because your ears were shut to my voice; no one gave attention to my out-stretched hand;|en
48|1|25|25|反輕棄我一切的勸戒，不肯受我的責備。|zh
49|1|25|25|You were not controlled by my guiding, and would have nothing to do with my sharp words:|en
50|1|26|26|你們遭災難，我就發笑；驚恐臨到你們，我必嗤笑。|zh
51|1|26|26|So in the day of your trouble I will be laughing; I will make sport of your fear;|en
52|1|27|27|驚恐臨到你們，好像狂風；災難來到，如同暴風；急難痛苦臨到你們身上。|zh
53|1|27|27|When your fear comes on you like a storm, and your trouble like a rushing wind; when pain and sorrow come on you.|en
54|1|28|28|那時，你們必呼求我，我卻不答應，懇切地尋找我，卻尋不見。|zh
55|1|28|28|Then I will give no answer to their cries; searching for me early, they will not see me:|en
56|1|29|29|因為，你們恨惡知識，不喜愛敬畏耶和華，|zh
57|1|29|29|For they were haters of knowledge, and did not give their hearts to the fear of the Lord:|en
58|1|30|30|不聽我的勸戒，藐視我一切的責備，|zh
59|1|30|30|They had no desire for my teaching, and my words of protest were as nothing to them.|en
60|1|31|31|所以必吃自結的果子，充滿自設的計謀.。|zh
61|1|31|31|So the fruit of their way will be their food, and with the designs of their hearts they will be made full.|en
62|1|32|32|愚昧人背道，必殺己身；愚頑人安逸，必害己命。|zh
63|1|32|32|For the turning back of the simple from teaching will be the cause of their death, and the peace of the foolish will be their destruction.|en
64|1|33|33|惟有聽從我的，必安然居住，得享安靜，不怕災禍。|zh
65|1|33|33|But whoever gives ear to me will take his rest safely, living in peace without fear of evil.|en
66|2|1|1|我兒，你若領受我的言語，存記我的命令，|zh
67|2|1|1|My son, if you will take my words to your heart, storing up my laws in your mind;|en
68|2|2|2|側耳聽智慧，專心求聰明，|zh
69|2|2|2|So that your ear gives attention to wisdom, and your heart is turned to knowledge;|en
70|2|3|3|呼求明哲，揚聲求聰明，|zh
71|2|3|3|Truly, if you are crying out for good sense, and your request is for knowledge;|en
72|2|4|4|尋找他，如尋找銀子，搜求他，如搜求隱藏的珍寶，|zh
73|2|4|4|If you are looking for her as for silver, and searching for her as for stored-up wealth;|en
74|2|5|5|你就明白敬畏耶和華，得以認識神。|zh
75|2|5|5|Then the fear of the Lord will be clear to you, and knowledge of God will be yours.|en
76|2|6|6|因為，耶和華賜人智慧；知識和聰明都由他口而出。|zh
77|2|6|6|For the Lord gives wisdom; out of his mouth come knowledge and reason:|en
78|2|7|7|他給正直人存留真智慧，給行為純正的人作盾牌，|zh
79|2|7|7|He has salvation stored up for the upright, he is a breastplate to those in whom there is no evil;|en
80|2|8|8|為要保守公平人的路，護庇虔敬人的道。|zh
81|2|8|8|He keeps watch on the ways which are right, and takes care of those who have the fear of him.|en
82|2|9|9|你也必明白仁義、公平、正直、一切的善道。|zh
83|2|9|9|Then you will have knowledge of righteousness and right acting, and upright behaviour, even of every good way.|en
84|2|10|10|智慧必入你心；你的靈要以知識為美。|zh
85|2|10|10|For wisdom will come into your heart, and knowledge will be pleasing to your soul;|en
86|2|11|11|謀略必護衛你；聰明必保守你，|zh
87|2|11|11|Wise purposes will be watching over you, and knowledge will keep you;|en
88|2|12|12|要救你脫離惡道（或譯：惡人的道），脫離說乖謬話的人。|zh
89|2|12|12|Giving you salvation from the evil man, from those whose words are false;|en
90|2|13|13|那等人捨棄正直的路，行走黑暗的道，|zh
91|2|13|13|Who give up the way of righteousness, to go by dark roads;|en
92|2|14|14|歡喜作惡，喜愛惡人的乖僻，|zh
93|2|14|14|Who take pleasure in wrongdoing, and have joy in the evil designs of the sinner;|en
94|2|15|15|在他們的道中彎曲，在他們的路上偏僻。|zh
95|2|15|15|Whose ways are not straight, and whose footsteps are turned to evil:|en
96|2|16|16|智慧要救你脫離淫婦，就是那油嘴滑舌的外女。|zh
97|2|16|16|To take you out of the power of the strange woman, who says smooth words with her tongue;|en
98|2|17|17|他離棄幼年的配偶，忘了神的盟約。|zh
99|2|17|17|Who is false to the husband of her early years, and does not keep the agreement of her God in mind:|en
100|2|18|18|他的家陷入死地；他的路偏向陰間。|zh
101|2|18|18|For her house is on the way down to death; her footsteps go down to the shades:|en
102|2|19|19|凡到他那裡去的，不得轉回，也得不著生命的路。|zh
103|2|19|19|Those who go to her do not come back again; their feet do not keep in the ways of life:|en
104|2|20|20|智慧必使你行善人的道，守義人的路。|zh
105|2|20|20|So that you may go in the way of good men, and keep in the footsteps of the upright.|en
106|2|21|21|正直人必在世上居住；完全人必在地上存留。|zh
107|2|21|21|For the upright will be living in the land, and the good will have it for their heritage.|en
108|2|22|22|惟有惡人必然剪除；奸詐的，必然拔出。|zh
109|2|22|22|But sinners will be cut off from the land, and those whose acts are false will be uprooted.|en
110|3|1|1|我兒，不要忘記我的法則（或譯：指教）；你心要謹守我的誡命；|zh
111|3|1|1|My son, keep my teaching in your memory, and my rules in your heart:|en
112|3|2|2|因為他必將長久的日子，生命的年數與平安，加給你。|zh
113|3|2|2|For they will give you increase of days, years of life, and peace.|en
114|3|3|3|不可使慈愛、誠實離開你，要繫在你頸項上，刻在你心版上。|zh
115|3|3|3|Let not mercy and good faith go from you; let them be hanging round your neck, recorded on your heart;|en
116|3|4|4|這樣，你必在神和世人眼前蒙恩寵，有聰明。|zh
117|3|4|4|So you will have grace and a good name in the eyes of God and men.|en
118|3|5|5|你要專心仰賴耶和華，不可倚靠自己的聰明，|zh
119|3|5|5|Put all your hope in God, not looking to your reason for support.|en
120|3|6|6|在你一切所行的事上都要認定他，他必指引你的路。|zh
121|3|6|6|In all your ways give ear to him, and he will make straight your footsteps.|en
122|3|7|7|不要自以為有智慧；要敬畏耶和華，遠離惡事。|zh
123|3|7|7|Put no high value on your wisdom: let the fear of the Lord be before you, and keep yourself from evil:|en
124|3|8|8|這便醫治你的肚臍，滋潤你的百骨。|zh
125|3|8|8|This will give strength to your flesh, and new life to your bones.|en
126|3|9|9|你要以財物和一切初熟的土產尊榮耶和華。|zh
127|3|9|9|Give honour to the Lord with your wealth, and with the first-fruits of all your increase:|en
128|3|10|10|這樣，你的倉房必充滿有餘；你的酒醡有新酒盈溢。|zh
129|3|10|10|So your store-houses will be full of grain, and your vessels overflowing with new wine.|en
130|3|11|11|我兒，你不可輕看耶和華的管教（或譯：懲治），也不可厭煩他的責備；|zh
131|3|11|11|My son, do not make your heart hard against the Lord's teaching; do not be made angry by his training:|en
132|3|12|12|因為耶和華所愛的，他必責備，正如父親責備所喜愛的兒子。|zh
133|3|12|12|For to those who are dear to him the Lord says sharp words, and makes the son in whom he has delight undergo pain.|en
134|3|13|13|得智慧，得聰明的，這人便為有福。|zh
135|3|13|13|Happy is the man who makes discovery of wisdom, and he who gets knowledge.|en
136|3|14|14|因為得智慧勝過得銀子，其利益強如精金，|zh
137|3|14|14|For trading in it is better than trading in silver, and its profit greater than bright gold.|en
138|3|15|15|比珍珠（或譯：紅寶石）寶貴；你一切所喜愛的，都不足與比較。|zh
139|3|15|15|She is of more value than jewels, and nothing for which you may have a desire is fair in comparison with her.|en
140|3|16|16|他右手有長壽，左手有富貴。|zh
141|3|16|16|Long life is in her right hand, and in her left are wealth and honour.|en
142|3|17|17|他的道是安樂；他的路全是平安。|zh
143|3|17|17|Her ways are ways of delight, and all her goings are peace.|en
144|3|18|18|他與持守他的作生命樹；持定他的，俱各有福。|zh
145|3|18|18|She is a tree of life to all who take her in their hands, and happy is everyone who keeps her.|en
146|3|19|19|耶和華以智慧立地，以聰明定天，|zh
147|3|19|19|The Lord by wisdom put in position the bases of the earth; by reason he put the heavens in their place.|en
148|3|20|20|以知識使深淵裂開，使天空滴下甘露。|zh
149|3|20|20|By his knowledge the deep was parted, and dew came dropping from the skies.|en
150|3|21|21|我兒，要謹守真智慧和謀略，不可使他離開你的眼目。|zh
151|3|21|21|My son, keep good sense, and do not let wise purpose go from your eyes.|en
152|3|22|22|這樣，他必作你的生命，頸項的美飾。|zh
153|3|22|22|So they will be life for your soul, and grace for your neck.|en
154|3|23|23|你就坦然行路，不致碰腳。|zh
155|3|23|23|Then you will go safely on your way, and your feet will have no cause for slipping.|en
156|3|24|24|你躺下，必不懼怕；你躺臥，睡得香甜。|zh
157|3|24|24|When you take your rest you will have no fear, and on your bed sleep will be sweet to you.|en
158|3|25|25|忽然來的驚恐，不要害怕；惡人遭毀滅，也不要恐懼。|zh
159|3|25|25|Have no fear of sudden danger, or of the storm which will come on evil-doers:|en
160|3|26|26|因為耶和華是你所倚靠的；他必保守你的腳不陷入網羅。|zh
161|3|26|26|For the Lord will be your hope, and will keep your foot from being taken in the net.|en
162|3|27|27|你手若有行善的力量，不可推辭，就當向那應得的人施行。|zh
163|3|27|27|Do not keep back good from those who have a right to it, when it is in the power of your hand to do it.|en
164|3|28|28|你那裡若有現成的，不可對鄰舍說：去罷，明天再來，我必給你。|zh
165|3|28|28|Say not to your neighbour, Go, and come again, and tomorrow I will give; when you have it by you at the time.|en
166|3|29|29|你的鄰舍既在你附近安居，你不可設計害他。|zh
167|3|29|29|Do not make evil designs against your neighbour, when he is living with you without fear.|en
168|3|30|30|人未曾加害與你，不可無故與他相爭。|zh
169|3|30|30|Do not take up a cause at law against a man for nothing, if he has done you no wrong.|en
170|3|31|31|不可嫉妒強暴的人，也不可選擇他所行的路。|zh
171|3|31|31|Have no envy of the violent man, or take any of his ways as an example.|en
172|3|32|32|因為，乖僻人為耶和華所憎惡；正直人為他所親密。|zh
173|3|32|32|For the wrong-hearted man is hated by the Lord, but he is a friend to the upright.|en
174|3|33|33|耶和華咒詛惡人的家庭，賜福與義人的居所。|zh
175|3|33|33|The curse of the Lord is on the house of the evil-doer, but his blessing is on the tent of the upright.|en
176|3|34|34|他譏誚那好譏誚的人，賜恩給謙卑的人。|zh
177|3|34|34|He makes sport of the men of pride, but he gives grace to the gentle-hearted.|en
178|3|35|35|智慧人必承受尊榮；愚昧人高升也成為羞辱。|zh
179|3|35|35|The wise will have glory for their heritage, but shame will be the reward of the foolish.|en
180|4|1|1|眾子啊，要聽父親的教訓，留心得知聰明。|zh
181|4|1|1|Give ear, my sons, to the teaching of a father; give attention so that you may have knowledge:|en
182|4|2|2|因我所給你們的是好教訓；不可離棄我的法則（或譯：指教）。|zh
183|4|2|2|For I give you good teaching; do not give up the knowledge you are getting from me.|en
184|4|3|3|我在父親面前為孝子，在母親眼中為獨一的嬌兒。|zh
185|4|3|3|For I was a son to my father, a gentle and an only one to my mother.|en
186|4|4|4|父親教訓我說：你心要存記我的言語，遵守我的命令，便得存活。|zh
187|4|4|4|And he gave me teaching, saying to me, Keep my words in your heart; keep my rules so that you may have life:|en
188|4|5|5|要得智慧，要得聰明，不可忘記，也不可偏離我口中的言語。|zh
189|4|5|5|Get wisdom, get true knowledge; keep it in memory, do not be turned away from the words of my mouth.|en
190|4|6|6|不可離棄智慧，智慧就護衛你；要愛他，他就保守你。|zh
191|4|6|6|Do not give her up, and she will keep you; give her your love, and she will make you safe.|en
192|4|7|7|智慧為首；所以，要得智慧。在你一切所得之內必得聰明.（或譯：用你一切所得的去換聰明）。|zh
193|4|7|7|The first sign of wisdom is to get wisdom; go, give all you have to get true knowledge.|en
194|4|8|8|高舉智慧，他就使你高升；懷抱智慧，他就使你尊榮。|zh
195|4|8|8|Put her in a high place, and you will be lifted up by her; she will give you honour, when you give her your love.|en
196|4|9|9|他必將華冠加在你頭上，把榮冕交給你。|zh
197|4|9|9|She will put a crown of grace on your head, giving you a head-dress of glory.|en
198|4|10|10|我兒，你要聽受我的言語，就必延年益壽。|zh
199|4|10|10|Give ear, O my son, and let your heart be open to my sayings; and long life will be yours.|en
200|4|11|11|我已指教你走智慧的道，引導你行正直的路。|zh
201|4|11|11|I have given you teaching in the way of wisdom, guiding your steps in the straight way.|en
202|4|12|12|你行走，腳步必不致狹窄；你奔跑，也不致跌倒。|zh
203|4|12|12|When you go, your way will not be narrow, and in running you will not have a fall.|en
204|4|13|13|要持定訓誨，不可放鬆；必當謹守，因為他是你的生命。|zh
205|4|13|13|Take learning in your hands, do not let her go: keep her, for she is your life.|en
206|4|14|14|不可行惡人的路；不要走壞人的道。|zh
207|4|14|14|Do not go in the road of sinners, or be walking in the way of evil men.|en
208|4|15|15|要躲避，不可經過；要轉身而去。|zh
209|4|15|15|Keep far from it, do not go near; be turned from it, and go on your way.|en
210|4|16|16|這等人若不行惡，不得睡覺；不使人跌倒，睡臥不安；|zh
211|4|16|16|For they take no rest till they have done evil; their sleep is taken away if they have not been the cause of someone's fall.|en
212|4|17|17|因為他們以奸惡吃餅，以強暴喝酒。|zh
213|4|17|17|The bread of evil-doing is their food, the wine of violent acts their drink.|en
214|4|18|18|但義人的路好像黎明的光，越照越明，直到日午。|zh
215|4|18|18|But the way of the upright is like the light of early morning, getting brighter and brighter till the full day.|en
216|4|19|19|惡人的道好像幽暗，自己不知因甚麼跌倒。|zh
217|4|19|19|The way of sinners is dark; they see not the cause of their fall.|en
218|4|20|20|我兒，要留心聽我的言詞，側耳聽我的話語，|zh
219|4|20|20|My son, give attention to my words; let your ear be turned to my sayings.|en
220|4|21|21|都不可離你的眼目，要存記在你心中。|zh
221|4|21|21|Let them not go from your eyes; keep them deep in your heart.|en
222|4|22|22|因為得著他的，就得了生命，又得了醫全體的良藥。|zh
223|4|22|22|For they are life to him who gets them, and strength to all his flesh.|en
224|4|23|23|你要保守你心，勝過保守一切（或譯：你要切切保守你心），因為一生的果效是由心發出。|zh
225|4|23|23|And keep watch over your heart with all care; so you will have life.|en
226|4|24|24|你要除掉邪僻的口，棄絕乖謬的嘴。|zh
227|4|24|24|Put away from you an evil tongue, and let false lips be far from you.|en
228|4|25|25|你的眼目要向前正看；你的眼睛（原文是皮）當向前直觀。|zh
229|4|25|25|Keep your eyes on what is in front of you, looking straight before you.|en
230|4|26|26|要修平你腳下的路，堅定你一切的道。|zh
231|4|26|26|Keep a watch on your behaviour; let all your ways be rightly ordered.|en
232|4|27|27|不可偏向左右；要使你的腳離開邪惡。|zh
233|4|27|27|Let there be no turning to the right or to the left, keep your feet from evil.|en
234|5|1|1|我兒，要留心我智慧的話語，側耳聽我聰明的言詞，|zh
235|5|1|1|My son, give attention to my wisdom; let your ear be turned to my teaching:|en
236|5|2|2|為要使你謹守謀略，嘴唇保存知識。|zh
237|5|2|2|So that you may be ruled by a wise purpose, and your lips may keep knowledge.|en
238|5|3|3|因為淫婦的嘴滴下蜂蜜；他的口比油更滑，|zh
239|5|3|3|For honey is dropping from the lips of the strange woman, and her mouth is smoother than oil;|en
240|5|4|4|至終卻苦似茵蔯，快如兩刃的刀。|zh
241|5|4|4|But her end is bitter as wormwood, and sharp as a two-edged sword;|en
242|5|5|5|他的腳下入死地；他腳步踏住陰間，|zh
243|5|5|5|Her feet go down to death, and her steps to the underworld;|en
244|5|6|6|以致他找不著生命平坦的道。他的路變遷不定，自己還不知道。|zh
245|5|6|6|She never keeps her mind on the road of life; her ways are uncertain, she has no knowledge.|en
246|5|7|7|眾子啊，現在要聽從我；不可離棄我口中的話。|zh
247|5|7|7|Give ear to me then, my sons, and do not put away my words from you.|en
248|5|8|8|你所行的道要離他遠，不可就近他的房門，|zh
249|5|8|8|Go far away from her, do not come near the door of her house;|en
250|5|9|9|恐怕將你的尊榮給別人，將你的歲月給殘忍的人；|zh
251|5|9|9|For fear that you may give your honour to others, and your wealth to strange men:|en
252|5|10|10|恐怕外人滿得你的力量，你勞碌得來的，歸入外人的家；|zh
253|5|10|10|And strange men may be full of your wealth, and the fruit of your work go to the house of others;|en
254|5|11|11|終久，你皮肉和身體消毀，你就悲歎，|zh
255|5|11|11|And you will be full of grief at the end of your life, when your flesh and your body are wasted;|en
256|5|12|12|說：我怎麼恨惡訓誨，心中藐視責備，|zh
257|5|12|12|And you will say, How was teaching hated by me, and my heart put no value on training;|en
258|5|13|13|也不聽從我師傅的話，又不側耳聽那教訓我的人？|zh
259|5|13|13|I did not give attention to the voice of my teachers, my ear was not turned to those who were guiding me!|en
260|5|14|14|我在聖會裡，幾乎落在諸般惡中。|zh
261|5|14|14|I was in almost all evil in the company of the people.|en
262|5|15|15|你要喝自己池中的水，飲自己井裡的活水。|zh
263|5|15|15|Let water from your store and not that of others be your drink, and running water from your fountain.|en
264|5|16|16|你的泉源豈可漲溢在外？你的河水豈可流在街上？|zh
265|5|16|16|Let not your springs be flowing in the streets, or your streams of water in the open places.|en
266|5|17|17|惟獨歸你一人，不可與外人同用。|zh
267|5|17|17|Let them be for yourself only, not for other men with you.|en
268|5|18|18|要使你的泉源蒙福；要喜悅你幼年所娶的妻。|zh
269|5|18|18|Let blessing be on your fountain; have joy in the wife of your early years.|en
270|5|19|19|他如可愛的麀鹿，可喜的母鹿；願他的胸懷使你時時知足，他的愛情使你常常戀慕。|zh
271|5|19|19|As a loving hind and a gentle doe, let her breasts ever give you rapture; let your passion at all times be moved by her love.|en
272|5|20|20|我兒，你為何戀慕淫婦？為何抱外女的胸懷？|zh
273|5|20|20|Why let yourself, my son, go out of the way with a strange woman, and take another woman in your arms?|en
274|5|21|21|因為，人所行的道都在耶和華眼前；他也修平人一切的路。|zh
275|5|21|21|For a man's ways are before the eyes of the Lord, and he puts all his goings in the scales.|en
276|5|22|22|惡人必被自己的罪孽捉住；他必被自己的罪惡如繩索纏繞。|zh
277|5|22|22|The evil-doer will be taken in the net of his crimes, and prisoned in the cords of his sin.|en
278|5|23|23|他因不受訓誨就必死亡；又因愚昧過甚，必走差了路。|zh
279|5|23|23|He will come to his end for need of teaching; he is so foolish that he will go wandering from the right way.|en
280|6|1|1|我兒，你若為朋友作保，替外人擊掌，|zh
281|6|1|1|My son, if you have made yourself responsible for your neighbour, or given your word for another,|en
282|6|2|2|你就被口中的話語纏住，被嘴裡的言語捉住。|zh
283|6|2|2|You are taken as in a net by the words of your mouth, the sayings of your lips have overcome you.|en
284|6|3|3|我兒，你既落在朋友手中，就當這樣行才可救自己：你要自卑，去懇求你的朋友。|zh
285|6|3|3|Do this, my son, and make yourself free, because you have come into the power of your neighbour; go without waiting, and make a strong request to your neighbour.|en
286|6|4|4|不要容你的眼睛睡覺；不要容你的眼皮打盹。|zh
287|6|4|4|Give no sleep to your eyes, or rest to them;|en
288|6|5|5|要救自己，如鹿脫離獵戶的手，如鳥脫離捕鳥人的手。|zh
289|6|5|5|Make yourself free, like the roe from the hand of the archer, and the bird from him who puts a net for her.|en
290|6|6|6|懶惰人哪，你去察看螞蟻的動作就可得智慧。|zh
291|6|6|6|Go to the ant, you hater of work; give thought to her ways and be wise:|en
292|6|7|7|螞蟻沒有元帥，沒有官長，沒有君王，|zh
293|6|7|7|Having no chief, overseer, or ruler,|en
294|6|8|8|尚且在夏天預備食物，在收割時聚斂糧食。|zh
295|6|8|8|She gets her meat in the summer, storing up food at the time of the grain-cutting.|en
296|6|9|9|懶惰人哪，你要睡到幾時呢？你何時睡醒呢？|zh
297|6|9|9|How long will you be sleeping, O hater of work? when will you get up from your sleep?|en
298|6|10|10|再睡片時，打盹片時，抱著手躺臥片時，|zh
299|6|10|10|A little sleep, a little rest, a little folding of the hands in sleep:|en
300|6|11|11|你的貧窮就必如強盜速來，你的缺乏彷彿拿兵器的人來到。|zh
301|6|11|11|Then loss will come on you like an outlaw, and your need like an armed man|en
302|6|12|12|無賴的惡徒，行動就用乖僻的口，|zh
303|6|12|12|A good-for-nothing man is an evil-doer; he goes on his way causing trouble with false words;|en
304|6|13|13|用眼傳神，用腳示意，用指點劃，|zh
305|6|13|13|Making signs with his eyes, rubbing with his feet, and giving news with his fingers;|en
306|6|14|14|心中乖僻，常設惡謀，布散紛爭。|zh
307|6|14|14|His mind is ever designing evil: he lets loose violent acts.|en
308|6|15|15|所以，災難必忽然臨到他身；他必頃刻敗壞，無法可治。|zh
309|6|15|15|For this cause his downfall will be sudden; quickly he will be broken, and there will be no help for him.|en
310|6|16|16|耶和華所恨惡的有六樣，連他心所憎惡的共有七樣：|zh
311|6|16|16|Six things are hated by the Lord; seven things are disgusting to him:|en
312|6|17|17|就是高傲的眼，撒謊的舌，流無辜人血的手，|zh
313|6|17|17|Eyes of pride, a false tongue, hands which take life without cause;|en
314|6|18|18|圖謀惡計的心，飛跑行惡的腳，|zh
315|6|18|18|A heart full of evil designs, feet which are quick in running after sin;|en
316|6|19|19|吐謊言的假見證，並弟兄中布散紛爭的人。|zh
317|6|19|19|A false witness, breathing out untrue words, and one who lets loose violent acts among brothers.|en
318|6|20|20|我兒，要謹守你父親的誡命；不可離棄你母親的法則（或譯：指教），|zh
319|6|20|20|My son, keep the rule of your father, and have in memory the teaching of your mother:|en
320|6|21|21|要常繫在你心上，掛在你項上。|zh
321|6|21|21|Keep them ever folded in your heart, and have them hanging round your neck.|en
322|6|22|22|你行走，他必引導你；你躺臥，他必保守你；你睡醒，他必與你談論。|zh
323|6|22|22|In your walking, it will be your guide; when you are sleeping, it will keep watch over you; when you are awake, it will have talk with you.|en
324|6|23|23|因為誡命是燈，法則（或譯：指教）是光，訓誨的責備是生命的道，|zh
325|6|23|23|For the rule is a light, and the teaching a shining light; and the guiding words of training are the way of life.|en
326|6|24|24|能保你遠離惡婦，遠離外女諂媚的舌頭。|zh
327|6|24|24|They will keep you from the evil woman, from the smooth tongue of the strange woman.|en
328|6|25|25|你心中不要戀慕他的美色，也不要被他眼皮勾引。|zh
329|6|25|25|Let not your heart's desire go after her fair body; let not her eyes take you prisoner.|en
330|6|26|26|因為，妓女能使人只剩一塊餅；淫婦獵取人寶貴的生命。|zh
331|6|26|26|For a loose woman is looking for a cake of bread, but another man's wife goes after one's very life.|en
332|6|27|27|人若懷裡搋火，衣服豈能不燒呢？|zh
333|6|27|27|May a man take fire to his breast without burning his clothing?|en
334|6|28|28|人若在火炭上走，腳豈能不燙呢？|zh
335|6|28|28|Or may one go on lighted coals, and his feet not be burned?|en
336|6|29|29|親近鄰舍之妻的，也是如此；凡挨近他的，不免受罰。|zh
337|6|29|29|So it is with him who goes in to his neighbour's wife; he who has anything to do with her will not go free from punishment.|en
338|6|30|30|賊因飢餓偷竊充飢，人不藐視他，|zh
339|6|30|30|Men do not have a low opinion of a thief who takes food when he is in need of it:|en
340|6|31|31|若被找著，他必賠還七倍，必將家中所有的盡都償還。|zh
341|6|31|31|But if he is taken in the act he will have to give back seven times as much, giving up all his property which is in his house.|en
342|6|32|32|與婦人行淫的，便是無知；行這事的，必喪掉生命。|zh
343|6|32|32|He who takes another man's wife is without all sense: he who does it is the cause of destruction to his soul.|en
344|6|33|33|他必受傷損，必被凌辱；他的羞恥不得塗抹。|zh
345|6|33|33|Wounds will be his and loss of honour, and his shame may not be washed away.|en
346|6|34|34|因為人的嫉恨成了烈怒，報仇的時候決不留情。|zh
347|6|34|34|For bitter is the wrath of an angry husband; in the day of punishment he will have no mercy.|en
348|6|35|35|甚麼贖價，他都不顧；你雖送許多禮物，他也不肯干休。|zh
349|6|35|35|He will not take any payment; and he will not make peace with you though your money offerings are increased.|en
350|7|1|1|我兒，你要遵守我的言語，將我的命令存記在心。|zh
351|7|1|1|My son, keep my sayings, and let my rules be stored up with you.|en
352|7|2|2|遵守我的命令就得存活；保守我的法則（或譯：指教），好像保守眼中的瞳人，|zh
353|7|2|2|Keep my rules and you will have life; let my teaching be to you as the light of your eyes;|en
354|7|3|3|繫在你指頭上，刻在你心版上。|zh
355|7|3|3|Let them be fixed to your fingers, and recorded in your heart.|en
356|7|4|4|對智慧說：你是我的姊妹，稱呼聰明為你的親人，|zh
357|7|4|4|Say to wisdom, You are my sister; let knowledge be named your special friend:|en
358|7|5|5|他就保你遠離淫婦，遠離說諂媚話的外女。|zh
359|7|5|5|So that they may keep you from the strange woman, even from her whose words are smooth.|en
360|7|6|6|我曾在我房屋的窗戶內，從我窗櫺之間往外觀看：|zh
361|7|6|6|Looking out from my house, and watching through the window,|en
362|7|7|7|見愚蒙人內，少年人中，分明有一個無知的少年人，|zh
363|7|7|7|I saw among the young men one without sense,|en
364|7|8|8|從街上經過，走近淫婦的巷口，直往通他家的路去，|zh
365|7|8|8|Walking in the street near the turn of her road, going on the way to her house,|en
366|7|9|9|在黃昏，或晚上，或半夜，或黑暗之中。|zh
367|7|9|9|At nightfall, in the evening of the day, in the black dark of the night.|en
368|7|10|10|看哪，有一個婦人來迎接他，是妓女的打扮，有詭詐的心思。|zh
369|7|10|10|And the woman came out to him, in the dress of a loose woman, with a designing heart;|en
370|7|11|11|這婦人喧嚷，不守約束，在家裡停不住腳，|zh
371|7|11|11|She is full of noise and uncontrolled; her feet keep not in her house.|en
372|7|12|12|有時在街市上，有時在寬闊處，或在各巷口蹲伏，|zh
373|7|12|12|Now she is in the street, now in the open spaces, waiting at every turning of the road.|en
374|7|13|13|拉住那少年人，與他親嘴，臉無羞恥對他說：|zh
375|7|13|13|So she took him by his hand, kissing him, and without a sign of shame she said to him:|en
376|7|14|14|平安祭在我這裡，今日才還了我所許的願。|zh
377|7|14|14|I have a feast of peace-offerings, for today my oaths have been effected.|en
378|7|15|15|因此，我出來迎接你，懇切求見你的面，恰巧遇見了你。|zh
379|7|15|15|So I came out in the hope of meeting you, looking for you with care, and now I have you.|en
380|7|16|16|我已經用繡花毯子和埃及線織的花紋布鋪了我的床。|zh
381|7|16|16|My bed is covered with cushions of needlework, with coloured cloths of the cotton thread of Egypt;|en
382|7|17|17|我又用沒藥、沉香、桂皮薰了我的榻。|zh
383|7|17|17|I have made my bed sweet with perfumes and spices.|en
384|7|18|18|你來，我們可以飽享愛情，直到早晨；我們可以彼此親愛歡樂。|zh
385|7|18|18|Come, let us take our pleasure in love till the morning, having joy in love's delights.|en
386|7|19|19|因為我丈夫不在家，出門行遠路；|zh
387|7|19|19|For the master of the house is away on a long journey:|en
388|7|20|20|他手拿銀囊，必到月望才回家。|zh
389|7|20|20|He has taken a bag of money with him; he is coming back at the full moon.|en
390|7|21|21|淫婦用許多巧言誘他隨從，用諂媚的嘴逼他同行。|zh
391|7|21|21|With her fair words she overcame him, forcing him with her smooth lips.|en
392|7|22|22|少年人立刻跟隨他，好像牛往宰殺之地，又像愚昧人帶鎖鍊去受刑罰，|zh
393|7|22|22|The simple man goes after her, like an ox going to its death, like a roe pulled by a cord;|en
394|7|23|23|直等箭穿他的肝，如同雀鳥急入網羅，卻不知是自喪己命。|zh
395|7|23|23|Like a bird falling into a net; with no thought that his life is in danger, till an arrow goes into his side.|en
396|7|24|24|眾子啊，現在要聽從我，留心聽我口中的話。|zh
397|7|24|24|So now, my sons, give ear to me; give attention to the sayings of my mouth;|en
398|7|25|25|你的心不可偏向淫婦的道，不要入他的迷途。|zh
399|7|25|25|Let not your heart be turned to her ways, do not go wandering in her footsteps.|en
400|7|26|26|因為，被他傷害仆倒的不少；被他殺戮的而且甚多。|zh
401|7|26|26|For those wounded and made low by her are great in number; and all those who have come to their death through her are a great army.|en
402|7|27|27|他的家是在陰間之路，下到死亡之宮。|zh
403|7|27|27|Her house is the way to the underworld, going down to the rooms of death.|en
404|8|1|1|智慧豈不呼叫？聰明豈不發聲？|zh
405|8|1|1|Is not wisdom crying out, and the voice of knowledge sounding?|en
406|8|2|2|他在道旁高處的頂上，在十字路口站立，|zh
407|8|2|2|At the top of the highways, at the meeting of the roads, she takes her place;|en
408|8|3|3|在城門旁，在城門口，在城門洞，大聲說：|zh
409|8|3|3|Where the roads go into the town her cry goes out, at the doorways her voice is loud:|en
410|8|4|4|眾人哪，我呼叫你們，我向世人發聲。|zh
411|8|4|4|I am crying out to you, O men; my voice comes to the sons of men.|en
412|8|5|5|說：愚蒙人哪，你們要會悟靈明；愚昧人哪，你們當心裡明白。|zh
413|8|5|5|Become expert in reason, O you simple ones; you foolish ones, take training to heart.|en
414|8|6|6|你們當聽，因我要說極美的話；我張嘴要論正直的事。|zh
415|8|6|6|Give ear, for my words are true, and my lips are open to give out what is upright.|en
416|8|7|7|我的口要發出真理；我的嘴憎惡邪惡。|zh
417|8|7|7|For good faith goes out of my mouth, and false lips are disgusting to me.|en
418|8|8|8|我口中的言語都是公義，並無彎曲乖僻。|zh
419|8|8|8|All the words of my mouth are righteousness; there is nothing false or twisted in them.|en
420|8|9|9|有聰明的，以為明顯，得知識的，以為正直。|zh
421|8|9|9|They are all true to him whose mind is awake, and straightforward to those who get knowledge.|en
422|8|10|10|你們當受我的教訓，不受白銀；寧得知識，勝過黃金。|zh
423|8|10|10|Take my teaching, and not silver; get knowledge in place of the best gold.|en
424|8|11|11|因為智慧比珍珠（或譯：紅寶石）更美；一切可喜愛的都不足與比較。|zh
425|8|11|11|For wisdom is better than jewels, and all things which may be desired are nothing in comparison with her.|en
426|8|12|12|我─智慧以靈明為居所，又尋得知識和謀略。|zh
427|8|12|12|I, wisdom, have made wise behaviour my near relation; I am seen to be the special friend of wise purposes.|en
428|8|13|13|敬畏耶和華在乎恨惡邪惡；那驕傲、狂妄，並惡道，以及乖謬的口，都為我所恨惡。|zh
429|8|13|13|The fear of the Lord is seen in hating evil: pride, a high opinion of oneself, the evil way, and the false tongue, are unpleasing to me.|en
430|8|14|14|我有謀略和真知識；我乃聰明，我有能力。|zh
431|8|14|14|Wise design and good sense are mine; reason and strength are mine.|en
432|8|15|15|帝王藉我坐國位；君王藉我定公平。|zh
433|8|15|15|Through me kings have their power, and rulers give right decisions.|en
434|8|16|16|王子和首領，世上一切的審判官，都是藉我掌權。|zh
435|8|16|16|Through me chiefs have authority, and the noble ones are judging in righteousness.|en
436|8|17|17|愛我的，我也愛他；懇切尋求我的，必尋得見。|zh
437|8|17|17|Those who have given me their love are loved by me, and those who make search for me with care will get me.|en
438|8|18|18|豐富尊榮在我；恆久的財並公義也在我。|zh
439|8|18|18|Wealth and honour are in my hands, even wealth without equal and righteousness.|en
440|8|19|19|我的果實勝過黃金，強如精金；我的出產超乎高銀。|zh
441|8|19|19|My fruit is better than gold, even than the best gold; and my increase is more to be desired than silver.|en
442|8|20|20|我在公義的道上走，在公平的路中行，|zh
443|8|20|20|I go in the road of righteousness, in the way of right judging:|en
444|8|21|21|使愛我的，承受貨財，並充滿他們的府庫。|zh
445|8|21|21|So that I may give my lovers wealth for their heritage, making their store-houses full.|en
446|8|22|22|在耶和華造化的起頭，在太初創造萬物之先，就有了我。|zh
447|8|22|22|The Lord made me as the start of his way, the first of his works in the past.|en
448|8|23|23|從亙古，從太初，未有世界以前，我已被立。|zh
449|8|23|23|From eternal days I was given my place, from the birth of time, before the earth was.|en
450|8|24|24|沒有深淵，沒有大水的泉源，我已生出。|zh
451|8|24|24|When there was no deep I was given birth, when there were no fountains flowing with water.|en
452|8|25|25|大山未曾奠定，小山未有之先，我已生出。|zh
453|8|25|25|Before the mountains were put in their places, before the hills was my birth:|en
454|8|26|26|耶和華還沒有創造大地和田野，並世上的土質，我已生出。|zh
455|8|26|26|When he had not made the earth or the fields or the dust of the world.|en
456|8|27|27|他立高天，我在那裡；他在淵面的周圍，劃出圓圈。|zh
457|8|27|27|When he made ready the heavens I was there: when he put an arch over the face of the deep:|en
458|8|28|28|上使穹蒼堅硬，下使淵源穩固，|zh
459|8|28|28|When he made strong the skies overhead: when the fountains of the deep were fixed:|en
460|8|29|29|為滄海定出界限，使水不越過他的命令，立定大地的根基。|zh
461|8|29|29|When he put a limit to the sea, so that the waters might not go against his word: when he put in position the bases of the earth:|en
462|8|30|30|那時，我在他那裡為工師，日日為他所喜愛，常常在他面前踴躍，|zh
463|8|30|30|Then I was by his side, as a master workman: and I was his delight from day to day, playing before him at all times;|en
464|8|31|31|踴躍在他為人預備可住之地，也喜悅住在世人之間。|zh
465|8|31|31|Playing in his earth; and my delight was with the sons of men.|en
466|8|32|32|眾子啊，現在要聽從我，因為謹守我道的，便為有福。|zh
467|8|32|32|Give ear to me then, my sons: for happy are those who keep my ways.|en
468|8|33|33|要聽教訓就得智慧，不可棄絕。|zh
469|8|33|33|Take my teaching and be wise; do not let it go.|en
470|8|34|34|聽從我、日日在我門口仰望、在我門框旁邊等候的，那人便為有福。|zh
471|8|34|34|Happy is the man who gives ear to me, watching at my doors day by day, keeping his place by the pillars of my house.|en
472|8|35|35|因為尋得我的，就尋得生命，也必蒙耶和華的恩惠。|zh
473|8|35|35|For whoever gets me gets life, and grace from the Lord will come to him.|en
474|8|36|36|得罪我的，卻害了自己的性命；恨惡我的，都喜愛死亡。|zh
475|8|36|36|But he who does evil to me, does wrong to his soul: all my haters are in love with death.|en
476|9|1|1|智慧建造房屋，鑿成七根柱子，|zh
477|9|1|1|Wisdom has made her house, putting up her seven pillars.|en
478|9|2|2|宰殺牲畜，調和旨酒，設擺筵席；|zh
479|9|2|2|She has put her fat beasts to death; her wine is mixed, her table is ready.|en
480|9|3|3|打發使女出去，自己在城中至高處呼叫，|zh
481|9|3|3|She has sent out her women-servants; her voice goes out to the highest places of the town, saying,|en
482|9|4|4|說：誰是愚蒙人，可以轉到這裡來！又對那無知的人說：|zh
483|9|4|4|Whoever is simple, let him come in here; and to him who has no sense, she says:|en
484|9|5|5|你們來，吃我的餅，喝我調和的酒。|zh
485|9|5|5|Come, take of my bread, and of my wine which is mixed.|en
486|9|6|6|你們愚蒙人，要捨棄愚蒙，就得存活，並要走光明的道。|zh
487|9|6|6|Give up the simple ones and have life, and go in the way of knowledge.|en
488|9|7|7|指斥褻慢人的，必受辱罵；責備惡人的，必被玷污。|zh
489|9|7|7|He who gives teaching to a man of pride gets shame for himself; he who says sharp words to a sinner gets a bad name.|en
490|9|8|8|不要責備褻慢人，恐怕他恨你；要責備智慧人，他必愛你。|zh
491|9|8|8|Do not say sharp words to a man of pride, or he will have hate for you; make them clear to a wise man, and you will be dear to him.|en
492|9|9|9|教導智慧人，他就越發有智慧；指示義人，他就增長學問。|zh
493|9|9|9|Give teaching to a wise man, and he will become wiser; give training to an upright man, and his learning will be increased.|en
494|9|10|10|敬畏耶和華是智慧的開端；認識至聖者便是聰明。|zh
495|9|10|10|The fear of the Lord is the start of wisdom, and the knowledge of the Holy One gives a wise mind|en
496|9|11|11|你藉著我，日子必增多，年歲也必加添。|zh
497|9|11|11|For by me your days will be increased, and the years of your life will be long.|en
498|9|12|12|你若有智慧，是與自己有益；你若褻慢，就必獨自擔當。|zh
499|9|12|12|If you are wise, you are wise for yourself; if your heart is full of pride, you only will have the pain of it.|en
500|9|13|13|愚昧的婦人喧嚷；他是愚蒙，一無所知。|zh
501|9|13|13|The foolish woman is full of noise; she has no sense at all.|en
502|9|14|14|他坐在自己的家門口，坐在城中高處的座位上，|zh
503|9|14|14|Seated at the door of her house, in the high places of the town,|en
504|9|15|15|呼叫過路的，就是直行其道的人，|zh
505|9|15|15|Crying out to those who go by, going straight on their way, she says:|en
506|9|16|16|說：誰是愚蒙人，可以轉到這裡來！又對那無知的人說：|zh
507|9|16|16|Whoever is simple, let him come in here: and to him who is without sense, she says:|en
508|9|17|17|偷來的水是甜的，暗吃的餅是好的。|zh
509|9|17|17|Drink taken without right is sweet, and food in secret is pleasing.|en
510|9|18|18|人卻不知有陰魂在他那裡；他的客在陰間的深處。|zh
511|9|18|18|But he does not see that the dead are there, that her guests are in the deep places of the underworld.|en
512|10|1|1|所羅門的箴言：智慧之子使父親歡樂；愚昧之子叫母親擔憂。|zh
513|10|1|1|A wise son makes a glad father, but a foolish son is a sorrow to his mother.|en
514|10|2|2|不義之財毫無益處；惟有公義能救人脫離死亡。|zh
515|10|2|2|Wealth which comes from sin is of no profit, but righteousness gives salvation from death.|en
516|10|3|3|耶和華不使義人受飢餓；惡人所欲的，他必推開。|zh
517|10|3|3|The Lord will not let the upright be in need of food, but he puts far from him the desire of the evil-doers.|en
518|10|4|4|手懶的，要受貧窮；手勤的，卻要富足。|zh
519|10|4|4|He who is slow in his work becomes poor, but the hand of the ready worker gets in wealth.|en
520|10|5|5|夏天聚斂的，是智慧之子；收割時沉睡的，是貽羞之子。|zh
521|10|5|5|He who in summer gets together his store is a son who does wisely; but he who takes his rest when the grain is being cut is a son causing shame.|en
522|10|6|6|福祉臨到義人的頭；強暴蒙蔽惡人的口。|zh
523|10|6|6|Blessings are on the head of the upright, but the face of sinners will be covered with sorrow.|en
524|10|7|7|義人的紀念被稱讚；惡人的名字必朽爛。|zh
525|10|7|7|The memory of the upright is a blessing, but the name of the evil-doer will be turned to dust.|en
526|10|8|8|心中智慧的，必受命令；口裡愚妄的，必致傾倒。|zh
527|10|8|8|The wise-hearted man will let himself be ruled, but the man whose talk is foolish will have a fall.|en
528|10|9|9|行正直路的，步步安穩；走彎曲道的，必致敗露。|zh
529|10|9|9|He whose ways are upright will go safely, but he whose ways are twisted will be made low.|en
530|10|10|10|以眼傳神的，使人憂患；口裡愚妄的，必致傾倒。|zh
531|10|10|10|He who makes signs with his eyes is a cause of trouble, but he who makes a man see his errors is a cause of peace.|en
532|10|11|11|義人的口是生命的泉源；強暴蒙蔽惡人的口。|zh
533|10|11|11|The mouth of the upright man is a fountain of life, but the mouth of the evil-doer is a bitter cup.|en
534|10|12|12|恨能挑啟爭端；愛能遮掩一切過錯。|zh
535|10|12|12|Hate is a cause of violent acts, but all errors are covered up by love.|en
536|10|13|13|明哲人嘴裡有智慧；無知人背上受刑杖。|zh
537|10|13|13|In the lips of him who has knowledge wisdom is seen; but a rod is ready for the back of him who is without sense.|en
538|10|14|14|智慧人積存知識；愚妄人的口速致敗壞。|zh
539|10|14|14|Knowledge is stored up by the wise, but the mouth of the foolish man is a destruction which is near.|en
540|10|15|15|富戶的財物是他的堅城；窮人的貧乏是他的敗壞。|zh
541|10|15|15|The property of the man of wealth is his strong town: the poor man's need is his destruction.|en
542|10|16|16|義人的勤勞致生；惡人的進項致死（死：原文是罪）。|zh
543|10|16|16|The work of the upright gives life: the increase of the evil-doer is a cause of sin.|en
544|10|17|17|謹守訓誨的，乃在生命的道上；違棄責備的，便失迷了路。|zh
545|10|17|17|He who takes note of teaching is a way of life, but he who gives up training is a cause of error.|en
546|10|18|18|隱藏怨恨的，有說謊的嘴；口出讒謗的，是愚妄的人。|zh
547|10|18|18|Hate is covered up by the lips of the upright man, but he who lets out evil about another is foolish.|en
548|10|19|19|多言多語難免有過；禁止嘴唇是有智慧。|zh
549|10|19|19|Where there is much talk there will be no end to sin, but he who keeps his mouth shut does wisely.|en
550|10|20|20|義人的舌乃似高銀；惡人的心所值無幾。|zh
551|10|20|20|The tongue of the upright man is like tested silver: the heart of the evil-doer is of little value.|en
552|10|21|21|義人的口教養多人；愚昧人因無知而死亡。|zh
553|10|21|21|The lips of the upright man give food to men, but the foolish come to death for need of sense.|en
554|10|22|22|耶和華所賜的福使人富足，並不加上憂慮。|zh
555|10|22|22|The blessing of the Lord gives wealth: hard work makes it no greater.|en
556|10|23|23|愚妄人以行惡為戲耍；明哲人卻以智慧為樂。|zh
557|10|23|23|It is sport to the foolish man to do evil, but the man of good sense takes delight in wisdom.|en
558|10|24|24|惡人所怕的，必臨到他；義人所願的，必蒙應允。|zh
559|10|24|24|The thing feared by the evil-doer will come to him, but the upright man will get his desire.|en
560|10|25|25|暴風一過，惡人歸於無有；義人的根基卻是永久。|zh
561|10|25|25|When the storm-wind is past, the sinner is seen no longer, but the upright man is safe for ever.|en
562|10|26|26|懶惰人叫差他的人如醋倒牙，如煙薰目。|zh
563|10|26|26|Like acid drink to the teeth and as smoke to the eyes, so is the hater of work to those who send him.|en
564|10|27|27|敬畏耶和華使人日子加多；但惡人的年歲必被減少。|zh
565|10|27|27|The fear of the Lord gives long life, but the years of the evil-doer will be cut short.|en
566|10|28|28|義人的盼望必得喜樂；惡人的指望必致滅沒。|zh
567|10|28|28|The hope of the upright man will give joy, but the waiting of the evil-doer will have its end in sorrow.|en
568|10|29|29|耶和華的道是正直人的保障，卻成了作孽人的敗壞。|zh
569|10|29|29|The way of the Lord is a strong tower for the upright man, but destruction to the workers of evil.|en
570|10|30|30|義人永不挪移；惡人不得住在地上。|zh
571|10|30|30|The upright man will never be moved, but evil-doers will not have a safe resting-place in the land.|en
572|10|31|31|義人的口滋生智慧；乖謬的舌必被割斷。|zh
573|10|31|31|The mouth of the upright man is budding with wisdom, but the twisted tongue will be cut off.|en
574|10|32|32|義人的嘴能令人喜悅；惡人的口說乖謬的話。|zh
575|10|32|32|The lips of the upright man have knowledge of what is pleasing, but twisted are the mouths of evil-doers.|en
576|11|1|1|詭詐的天平為耶和華所憎惡；公平的法碼為他所喜悅。|zh
577|11|1|1|Scales of deceit are hated by the Lord, but a true weight is his delight.|en
578|11|2|2|驕傲來，羞恥也來；謙遜人卻有智慧。|zh
579|11|2|2|When pride comes, there comes shame, but wisdom is with the quiet in spirit.|en
580|11|3|3|正直人的純正必引導自己；奸詐人的乖僻必毀滅自己。|zh
581|11|3|3|The righteousness of the upright will be their guide, but the twisted ways of the false will be their destruction.|en
582|11|4|4|發怒的日子資財無益；惟有公義能救人脫離死亡。|zh
583|11|4|4|Wealth is of no profit in the day of wrath, but righteousness keeps a man safe from death.|en
584|11|5|5|完全人的義必指引他的路；但惡人必因自己的惡跌倒。|zh
585|11|5|5|The righteousness of the good man will make his way straight, but the sin of the evil-doer will be the cause of his fall.|en
586|11|6|6|正直人的義必拯救自己；奸詐人必陷在自己的罪孽中。|zh
587|11|6|6|The righteousness of the upright will be their salvation, but the false will themselves be taken in their evil designs.|en
588|11|7|7|惡人一死，他的指望必滅絕；罪人的盼望也必滅沒。|zh
589|11|7|7|At the death of an upright man his hope does not come to an end, but the hope of the evil-doer comes to destruction.|en
590|11|8|8|義人得脫離患難，有惡人來代替他。|zh
591|11|8|8|The upright man is taken out of trouble, and in his place comes the sinner.|en
592|11|9|9|不虔敬的人用口敗壞鄰舍；義人卻因知識得救。|zh
593|11|9|9|With his mouth the evil man sends destruction on his neighbour; but through knowledge the upright are taken out of trouble.|en
594|11|10|10|義人享福，合城喜樂；惡人滅亡，人都歡呼。|zh
595|11|10|10|When things go well for the upright man, all the town is glad; at the death of sinners, there are cries of joy.|en
596|11|11|11|城因正直人祝福便高舉，卻因邪惡人的口就傾覆。|zh
597|11|11|11|By the blessing of the upright man the town is made great, but it is overturned by the mouth of the evil-doer.|en
598|11|12|12|藐視鄰舍的，毫無智慧；明哲人卻靜默不言。|zh
599|11|12|12|He who has a poor opinion of his neighbour has no sense, but a wise man keeps quiet.|en
600|11|13|13|往來傳舌的，洩漏密事；心中誠實的，遮隱事情。|zh
601|11|13|13|He who goes about talking of others makes secrets public, but the true-hearted man keeps things covered.|en
602|11|14|14|無智謀，民就敗落；謀士多，人便安居。|zh
603|11|14|14|When there is no helping suggestion the people will have a fall, but with a number of wise guides they will be safe.|en
604|11|15|15|為外人作保的，必受虧損；恨惡擊掌的，卻得安穩。|zh
605|11|15|15|He who makes himself responsible for a strange man will undergo much loss; but the hater of such undertakings will be safe.|en
606|11|16|16|恩德的婦女得尊榮；強暴的男子得資財。|zh
607|11|16|16|A woman who is full of grace is honoured, but a woman hating righteousness is a seat of shame: those hating work will undergo loss, but the strong keep their wealth.|en
608|11|17|17|仁慈的人善待自己；殘忍的人擾害己身。|zh
609|11|17|17|The man who has mercy will be rewarded, but the cruel man is the cause of trouble to himself.|en
610|11|18|18|惡人經營，得虛浮的工價；撒義種的，得實在的果效。|zh
611|11|18|18|The sinner gets the payment of deceit; but his reward is certain who puts in the seed of righteousness.|en
612|11|19|19|恆心為義的，必得生命；追求邪惡的，必致死亡。|zh
613|11|19|19|So righteousness gives life; but he who goes after evil gets death for himself.|en
614|11|20|20|心中乖僻的，為耶和華所憎惡；行事完全的，為他所喜悅。|zh
615|11|20|20|The uncontrolled are hated by the Lord, but those whose ways are without error are his delight|en
616|11|21|21|惡人雖然連手，必不免受罰；義人的後裔必得拯救。|zh
617|11|21|21|Certainly the evil-doer will not go free from punishment, but the seed of the upright man will be safe.|en
618|11|22|22|婦女美貌而無見識，如同金環帶在豬鼻上。|zh
619|11|22|22|Like a ring of gold in the nose of a pig, is a beautiful woman who has no sense.|en
620|11|23|23|義人的心願盡得好處；惡人的指望致干忿怒。|zh
621|11|23|23|The desire of the upright man is only for good, but wrath is waiting for the evil-doer.|en
622|11|24|24|有施散的，卻更增添；有吝惜過度的，反致窮乏。|zh
623|11|24|24|A man may give freely, and still his wealth will be increased; and another may keep back more than is right, but only comes to be in need.|en
624|11|25|25|好施捨的，必得豐裕；滋潤人的，必得滋潤。|zh
625|11|25|25|He who gives blessing will be made fat, but the curser will himself be cursed.|en
626|11|26|26|屯糧不賣的，民必咒詛他；情願出賣的，人必為他祝福。|zh
627|11|26|26|He who keeps back grain will be cursed by the people; but a blessing will be on the head of him who lets them have it for a price.|en
628|11|27|27|懇切求善的，就求得恩惠；惟獨求惡的，惡必臨到他身。|zh
629|11|27|27|He who, with all his heart, goes after what is good is searching for grace; but he who is looking for trouble will get it.|en
630|11|28|28|倚仗自己財物的，必跌倒；義人必發旺，如青葉。|zh
631|11|28|28|He who puts his faith in wealth will come to nothing; but the upright man will be full of growth like the green leaf.|en
632|11|29|29|擾害己家的，必承受清風；愚昧人必作慧心人的僕人。|zh
633|11|29|29|The troubler of his house will have the wind for his heritage, and the foolish will be servant to the wise-hearted.|en
634|11|30|30|義人所結的果子就是生命樹；有智慧的，必能得人。|zh
635|11|30|30|The fruit of righteousness is a tree of life, but violent behaviour takes away souls.|en
636|11|31|31|看哪，義人在世尚且受報，何況惡人和罪人呢？|zh
637|11|31|31|If the upright man is rewarded on earth, how much more the evil-doer and the sinner!|en
638|12|1|1|喜愛管教的，就是喜愛知識；恨惡責備的，卻是畜類。|zh
639|12|1|1|A lover of training is a lover of knowledge; but a hater of teaching is like a beast.|en
640|12|2|2|善人必蒙耶和華的恩惠；設詭計的人，耶和華必定他的罪。|zh
641|12|2|2|A good man has grace in the eyes of the Lord; but the man of evil designs gets punishment from him.|en
642|12|3|3|人靠惡行不能堅立；義人的根必不動搖。|zh
643|12|3|3|No man will make himself safe through evil-doing; but the root of upright men will never be moved.|en
644|12|4|4|才德的婦人是丈夫的冠冕；貽羞的婦人如同朽爛在他丈夫的骨中。|zh
645|12|4|4|A woman of virtue is a crown to her husband; but she whose behaviour is a cause of shame is like a wasting disease in his bones.|en
646|12|5|5|義人的思念是公平；惡人的計謀是詭詐。|zh
647|12|5|5|The purposes of upright men are right, but the designs of evil-doers are deceit.|en
648|12|6|6|惡人的言論是埋伏流人的血；正直人的口必拯救人。|zh
649|12|6|6|The words of sinners are destruction for the upright; but the mouth of upright men is their salvation.|en
650|12|7|7|惡人傾覆，歸於無有；義人的家必站得住。|zh
651|12|7|7|Evil-doers are overturned and never seen again, but the house of upright men will keep its place.|en
652|12|8|8|人必按自己的智慧被稱讚；心中乖謬的，必被藐視。|zh
653|12|8|8|A man will be praised in the measure of his wisdom, but a wrong-minded man will be looked down on.|en
654|12|9|9|被人輕賤，卻有僕人，強如自尊，缺少食物。|zh
655|12|9|9|He who is of low position and has a servant, is better than one who has a high opinion of himself and is in need of bread.|en
656|12|10|10|義人顧惜他牲畜的命；惡人的憐憫也是殘忍。|zh
657|12|10|10|An upright man has thought for the life of his beast, but the hearts of evil-doers are cruel.|en
658|12|11|11|耕種自己田地的，必得飽食；追隨虛浮的，卻是無知。|zh
659|12|11|11|He who does work on his land will not be short of bread; but he who goes after foolish men is without sense.|en
660|12|12|12|惡人想得壞人的網羅；義人的根得以結實。|zh
661|12|12|12|The resting-place of the sinner will come to destruction, but the root of upright men is for ever.|en
662|12|13|13|惡人嘴中的過錯是自己的網羅；但義人必脫離患難。|zh
663|12|13|13|In the sin of the lips is a net which takes the sinner, but the upright man will come out of trouble.|en
664|12|14|14|人因口所結的果子，必飽得美福；人手所做的，必為自己的報應。|zh
665|12|14|14|From the fruit of his mouth will a man have good food in full measure, and the work of a man's hands will be rewarded.|en
666|12|15|15|愚妄人所行的，在自己眼中看為正直；惟智慧人肯聽人的勸教。|zh
667|12|15|15|The way of the foolish man seems right to him? but the wise man gives ear to suggestions.|en
668|12|16|16|愚妄人的惱怒立時顯露；通達人能忍辱藏羞。|zh
669|12|16|16|A foolish man lets his trouble be openly seen, but a sharp man keeps shame secret.|en
670|12|17|17|說出真話的，顯明公義；作假見證的，顯出詭詐。|zh
671|12|17|17|The breathing out of true words gives knowledge of righteousness; but a false witness gives out deceit.|en
672|12|18|18|說話浮躁的，如刀刺人；智慧人的舌頭卻為醫人的良藥。|zh
673|12|18|18|There are some whose uncontrolled talk is like the wounds of a sword, but the tongue of the wise makes one well again.|en
674|12|19|19|口吐真言，永遠堅立；舌說謊話，只存片時。|zh
675|12|19|19|True lips are certain for ever, but a false tongue is only for a minute.|en
676|12|20|20|圖謀惡事的，心存詭詐；勸人和睦的，便得喜樂。|zh
677|12|20|20|Deceit is in the heart of those whose designs are evil, but for those purposing peace there is joy.|en
678|12|21|21|義人不遭災害；惡人滿受禍患。|zh
679|12|21|21|No trouble will come to upright men, but sinners will be full of evil.|en
680|12|22|22|說謊言的嘴為耶和華所憎惡；行事誠實的，為他所喜悅。|zh
681|12|22|22|False lips are hated by the Lord, but those whose acts are true are his delight.|en
682|12|23|23|通達人隱藏知識；愚昧人的心彰顯愚昧。|zh
683|12|23|23|A sharp man keeps back his knowledge; but the heart of foolish men makes clear their foolish thoughts.|en
684|12|24|24|殷勤人的手必掌權；懶惰的人必服苦。|zh
685|12|24|24|The hand of the ready worker will have authority, but he who is slow in his work will be put to forced work.|en
686|12|25|25|人心憂慮，屈而不伸；一句良言，使心歡樂。|zh
687|12|25|25|Care in the heart of a man makes it weighted down, but a good word makes it glad.|en
688|12|26|26|義人引導他的鄰舍；惡人的道叫人失迷。|zh
689|12|26|26|The upright man is a guide to his neighbour, but the way of evil-doers is a cause of error to them.|en
690|12|27|27|懶惰的人不烤打獵所得的；殷勤的人卻得寶貴的財物。|zh
691|12|27|27|He who is slow in his work does not go in search of food; but the ready worker gets much wealth.|en
692|12|28|28|在公義的道上有生命；其路之中並無死亡。|zh
693|12|28|28|In the road of righteousness is life, but the way of the evil-doer goes to death.|en
694|13|1|1|智慧子聽父親的教訓；褻慢人不聽責備。|zh
695|13|1|1|A wise son is a lover of teaching, but the ears of the haters of authority are shut to sharp words.|en
696|13|2|2|人因口所結的果子，必享美福；奸詐人必遭強暴。|zh
697|13|2|2|A man will get good from the fruit of his lips, but the desire of the false is for violent acts.|en
698|13|3|3|謹守口的，得保生命；大張嘴的，必致敗亡。|zh
699|13|3|3|He who keeps a watch on his mouth keeps his life; but he whose lips are open wide will have destruction.|en
700|13|4|4|懶惰人羨慕，卻無所得；殷勤人必得豐裕。|zh
701|13|4|4|The hater of work does not get his desires, but the soul of the hard workers will be made fat.|en
702|13|5|5|義人恨惡謊言；惡人有臭名，且致慚愧。|zh
703|13|5|5|The upright man is a hater of false words: the evil-doer gets a bad name and is put to shame.|en
704|13|6|6|行為正直的，有公義保守；犯罪的，被邪惡傾覆。|zh
705|13|6|6|Righteousness keeps safe him whose way is without error, but evil-doers are overturned by sin.|en
706|13|7|7|假作富足的，卻一無所有；裝作窮乏的，卻廣有財物。|zh
707|13|7|7|A man may be acting as if he had wealth, but have nothing; another may seem poor, but have great wealth.|en
708|13|8|8|人的資財是他生命的贖價；窮乏人卻聽不見威嚇的話。|zh
709|13|8|8|A man will give his wealth in exchange for his life; but the poor will not give ear to sharp words.|en
710|13|9|9|義人的光明亮（原文是歡喜）；惡人的燈要熄滅.。|zh
711|13|9|9|There is a glad dawn for the upright man, but the light of the sinner will be put out.|en
712|13|10|10|驕傲只啟爭競；聽勸言的，卻有智慧。|zh
713|13|10|10|The only effect of pride is fighting; but wisdom is with the quiet in spirit.|en
714|13|11|11|不勞而得之財必然消耗；勤勞積蓄的，必見加增。|zh
715|13|11|11|Wealth quickly got will become less; but he who gets a store by the work of his hands will have it increased.|en
716|13|12|12|所盼望的遲延未得，令人心憂；所願意的臨到，卻是生命樹。|zh
717|13|12|12|Hope put off is a weariness to the heart; but when what is desired comes, it is a tree of life.|en
718|13|13|13|藐視訓言的，自取滅亡；敬畏誡命的，必得善報。|zh
719|13|13|13|He who makes sport of the word will come to destruction, but the respecter of the law will be rewarded.|en
720|13|14|14|智慧人的法則（或譯：指教）是生命的泉源，可以使人離開死亡的網羅。|zh
721|13|14|14|The teaching of the wise is a fountain of life, turning men away from the nets of death.|en
722|13|15|15|美好的聰明使人蒙恩；奸詐人的道路崎嶇難行。|zh
723|13|15|15|Wise behaviour gets approval, but the way of the false is their destruction.|en
724|13|16|16|凡通達人都憑知識行事；愚昧人張揚自己的愚昧。|zh
725|13|16|16|A sharp man does everything with knowledge, but a foolish man makes clear his foolish thoughts.|en
726|13|17|17|奸惡的使者必陷在禍患裡；忠信的使臣乃醫人的良藥。|zh
727|13|17|17|A man taking false news is a cause of trouble, but he who gives news rightly makes things well.|en
728|13|18|18|棄絕管教的，必致貧受辱；領受責備的，必得尊榮。|zh
729|13|18|18|Need and shame will be the fate of him who is uncontrolled by training; but he who takes note of teaching will be honoured.|en
730|13|19|19|所欲的成就，心覺甘甜；遠離惡事，為愚昧人所憎惡。|zh
731|13|19|19|To get one's desire is sweet to the soul, but to give up evil is disgusting to the foolish.|en
732|13|20|20|與智慧人同行的，必得智慧；和愚昧人作伴的，必受虧損。|zh
733|13|20|20|Go with wise men and be wise: but he who keeps company with the foolish will be broken.|en
734|13|21|21|禍患追趕罪人；義人必得善報。|zh
735|13|21|21|Evil will overtake sinners, but the upright will be rewarded with good.|en
736|13|22|22|善人給子孫遺留產業；罪人為義人積存資財。|zh
737|13|22|22|The heritage of the good man is handed down to his children's children; and the wealth of the sinner is stored up for the upright man.|en
738|13|23|23|窮人耕種多得糧食，但因不義，有消滅的。|zh
739|13|23|23|There is much food in the ploughed land of the poor; but it is taken away by wrongdoing.|en
740|13|24|24|不忍用杖打兒子的，是恨惡他；疼愛兒子的，隨時管教。|zh
741|13|24|24|He who keeps back his rod is unkind to his son: the loving father gives punishment with care.|en
742|13|25|25|義人吃得飽足；惡人肚腹缺糧。|zh
743|13|25|25|The upright man has food to the full measure of his desire, but there will be no food for the stomach of evil-doers.|en
744|14|1|1|智慧婦人建立家室；愚妄婦人親手拆毀。|zh
745|14|1|1|Wisdom is building her house, but the foolish woman is pulling it down with her hands.|en
746|14|2|2|行動正直的，敬畏耶和華；行事乖僻的，卻藐視他。|zh
747|14|2|2|He who goes on his way in righteousness has before him the fear of the Lord; but he whose ways are twisted gives him no honour.|en
748|14|3|3|愚妄人口中驕傲，如杖責打己身；智慧人的嘴必保守自己。|zh
749|14|3|3|In the mouth of the foolish man is a rod for his back, but the lips of the wise will keep them safe.|en
750|14|4|4|家裡無牛，槽頭乾淨；土產加多乃憑牛力。|zh
751|14|4|4|Where there are no oxen, their food-place is clean; but much increase comes through the strength of the ox.|en
752|14|5|5|誠實見證人不說謊話；假見證人吐出謊言。|zh
753|14|5|5|A true witness does not say what is false, but a false witness is breathing out deceit.|en
754|14|6|6|褻慢人尋智慧，卻尋不著；聰明人易得知識。|zh
755|14|6|6|The hater of authority, searching for wisdom, does not get it; but knowledge comes readily to the open-minded man.|en
756|14|7|7|到愚昧人面前，不見他嘴中有知識。|zh
757|14|7|7|Go away from the foolish man, for you will not see the lips of knowledge.|en
758|14|8|8|通達人的智慧在乎明白己道；愚昧人的愚妄乃是詭詐（或譯：自歎）。|zh
759|14|8|8|The wisdom of the man of good sense makes his way clear; but the unwise behaviour of the foolish is deceit.|en
760|14|9|9|愚妄人犯罪，以為戲耍（或譯：贖愆祭愚弄愚妄人）；正直人互相喜悅。|zh
761|14|9|9|In the tents of those hating authority there is error, but in the house of the upright man there is grace.|en
762|14|10|10|心中的苦楚，自己知道；心裡的喜樂，外人無干。|zh
763|14|10|10|No one has knowledge of a man's grief but himself; and a strange person has no part in his joy.|en
764|14|11|11|奸惡人的房屋必傾倒；正直人的帳棚必興盛。|zh
765|14|11|11|The house of the sinner will be overturned, but the tent of the upright man will do well.|en
766|14|12|12|有一條路，人以為正，至終成為死亡之路。|zh
767|14|12|12|There is a way which seems straight before a man, but its end is the ways of death.|en
768|14|13|13|人在喜笑中，心也憂愁；快樂至極就生愁苦。|zh
769|14|13|13|Even while laughing the heart may be sad; and after joy comes sorrow.|en
770|14|14|14|心中背道的，必滿得自己的結果；善人必從自己的行為得以知足。|zh
771|14|14|14|He whose heart is turned away will have the reward of his ways in full measure; but a good man will have the reward of his doings.|en
772|14|15|15|愚蒙人是話都信；通達人步步謹慎。|zh
773|14|15|15|The simple man has faith in every word, but the man of good sense gives thought to his footsteps.|en
774|14|16|16|智慧人懼怕，就遠離惡事；愚妄人卻狂傲自恃。|zh
775|14|16|16|The wise man, fearing, keeps himself from evil; but the foolish man goes on in his pride, with no thought of danger.|en
776|14|17|17|輕易發怒的，行事愚妄；設立詭計的，被人恨惡。|zh
777|14|17|17|He who is quickly angry will do what is foolish, but the man of good sense will have quiet.|en
778|14|18|18|愚蒙人得愚昧為產業；通達人得知識為冠冕。|zh
779|14|18|18|Foolish behaviour is the heritage of the simple, but men of good sense are crowned with knowledge.|en
780|14|19|19|壞人俯伏在善人面前；惡人俯伏在義人門口。|zh
781|14|19|19|The knees of the evil are bent before the good; and sinners go down in the dust at the doors of the upright.|en
782|14|20|20|貧窮人連鄰舍也恨他；富足人朋友最多。|zh
783|14|20|20|The poor man is hated even by his neighbour, but the man of wealth has numbers of friends.|en
784|14|21|21|藐視鄰舍的，這人有罪；憐憫貧窮的，這人有福。|zh
785|14|21|21|He who has no respect for his neighbour is a sinner, but he who has pity for the poor is happy.|en
786|14|22|22|謀惡的，豈非走入迷途麼？謀善的，必得慈愛和誠實。|zh
787|14|22|22|Will not the designers of evil come into error? But mercy and good faith are for the designers of good.|en
788|14|23|23|諸般勤勞都有益處；嘴上多言乃致窮乏。|zh
789|14|23|23|In all hard work there is profit, but talk only makes a man poor.|en
790|14|24|24|智慧人的財為自己的冠冕；愚妄人的愚昧終是愚昧。|zh
791|14|24|24|Their wisdom is a crown to the wise, but their foolish behaviour is round the head of the unwise.|en
792|14|25|25|作真見證的，救人性命；吐出謊言的，施行詭詐。|zh
793|14|25|25|A true witness is the saviour of lives; but he who says false things is a cause of deceit.|en
794|14|26|26|敬畏耶和華的，大有倚靠；他的兒女也有避難所。|zh
795|14|26|26|For him in whose heart is the fear of the Lord there is strong hope: and his children will have a safe place.|en
796|14|27|27|敬畏耶和華就是生命的泉源，可以使人離開死亡的網羅。|zh
797|14|27|27|The fear of the Lord is a fountain of life, by which one may be turned from the nets of death.|en
798|14|28|28|帝王榮耀在乎民多；君王衰敗在乎民少。|zh
799|14|28|28|A king's glory is in the number of his people: and for need of people a ruler may come to destruction.|en
800|14|29|29|不輕易發怒的，大有聰明；性情暴躁的，大顯愚妄。|zh
801|14|29|29|He who is slow to be angry has great good sense; but he whose spirit is over-quick gives support to what is foolish.|en
802|14|30|30|心中安靜是肉體的生命；嫉妒是骨中的朽爛。|zh
803|14|30|30|A quiet mind is the life of the body, but envy is a disease in the bones.|en
804|14|31|31|欺壓貧寒的，是辱沒造他的主；憐憫窮乏的，乃是尊敬主。|zh
805|14|31|31|He who is hard on the poor puts shame on his Maker; but he who has mercy on those who are in need gives him honour.|en
806|14|32|32|惡人在所行的惡上必被推倒；義人臨死，有所投靠。|zh
807|14|32|32|The sinner is overturned in his evil-doing, but the upright man has hope in his righteousness.|en
808|14|33|33|智慧存在聰明人心中；愚昧人心裡所存的，顯而易見。|zh
809|14|33|33|Wisdom has her resting-place in the mind of the wise, but she is not seen among the foolish.|en
810|14|34|34|公義使邦國高舉；罪惡是人民的羞辱。|zh
811|14|34|34|By righteousness a nation is lifted up, but sin is a cause of shame to the peoples.|en
812|14|35|35|智慧的臣子蒙王恩惠；貽羞的僕人遭其震怒。|zh
813|14|35|35|The king has pleasure in a servant who does wisely, but his wrath is against him who is a cause of shame.|en
814|15|1|1|回答柔和，使怒消退；言語暴戾，觸動怒氣。|zh
815|15|1|1|By a soft answer wrath is turned away, but a bitter word is a cause of angry feelings.|en
816|15|2|2|智慧人的舌善發知識；愚昧人的口吐出愚昧。|zh
817|15|2|2|Knowledge is dropping from the tongue of the wise; but from the mouth of the foolish comes a stream of foolish words.|en
818|15|3|3|耶和華的眼目無處不在；惡人善人，他都鑒察。|zh
819|15|3|3|The eyes of the Lord are in every place, keeping watch on the evil and the good.|en
820|15|4|4|溫良的舌是生命樹；乖謬的嘴使人心碎。|zh
821|15|4|4|A comforting tongue is a tree of life, but a twisted tongue is a crushing of the spirit.|en
822|15|5|5|愚妄人藐視父親的管教；領受責備的，得著見識。|zh
823|15|5|5|A foolish man puts no value on his father's training; but he who has respect for teaching has good sense.|en
824|15|6|6|義人家中多有財寶；惡人得利反受擾害。|zh
825|15|6|6|In the house of the upright man there is a great store of wealth; but in the profits of the sinner there is trouble.|en
826|15|7|7|智慧人的嘴播揚知識；愚昧人的心並不如此。|zh
827|15|7|7|The lips of the wise keep knowledge, but the heart of the foolish man is not right.|en
828|15|8|8|惡人獻祭，為耶和華所憎惡；正直人祈禱，為他所喜悅。|zh
829|15|8|8|The offering of the evil-doer is disgusting to the Lord, but the prayer of the upright man is his delight.|en
830|15|9|9|惡人的道路，為耶和華所憎惡；追求公義的，為他所喜愛。|zh
831|15|9|9|The way of the evil-doer is disgusting to the Lord, but he who goes after righteousness is dear to him.|en
832|15|10|10|捨棄正路的，必受嚴刑；恨惡責備的，必致死亡。|zh
833|15|10|10|There is bitter punishment for him who is turned from the way; and death will be the fate of the hater of teaching.|en
834|15|11|11|陰間和滅亡尚在耶和華眼前，何況世人的心呢？|zh
835|15|11|11|Before the Lord are the underworld and destruction: how much more, then, the hearts of the children of men!|en
836|15|12|12|褻慢人不愛受責備；他也不就近智慧人。|zh
837|15|12|12|The hater of authority has no love for teaching: he will not go to the wise.|en
838|15|13|13|心中喜樂，面帶笑容；心裡憂愁，靈被損傷。|zh
839|15|13|13|A glad heart makes a shining face, but by the sorrow of the heart the spirit is broken.|en
840|15|14|14|聰明人心求知識；愚昧人口吃愚昧。|zh
841|15|14|14|The heart of the man of good sense goes in search of knowledge, but foolish things are the food of the unwise.|en
842|15|15|15|困苦人的日子都是愁苦；心中歡暢的，常享豐筵。|zh
843|15|15|15|All the days of the troubled are evil; but he whose heart is glad has an unending feast.|en
844|15|16|16|少有財寶，敬畏耶和華，強如多有財寶，煩亂不安。|zh
845|15|16|16|Better is a little with the fear of the Lord, than great wealth together with trouble.|en
846|15|17|17|吃素菜，彼此相愛，強如吃肥牛，彼此相恨。|zh
847|15|17|17|Better is a simple meal where love is, than a fat ox and hate with it.|en
848|15|18|18|暴怒的人挑啟爭端；忍怒的人止息紛爭。|zh
849|15|18|18|An angry man makes men come to blows, but he who is slow to get angry puts an end to fighting.|en
850|15|19|19|懶惰人的道像荊棘的籬笆；正直人的路是平坦的大道。|zh
851|15|19|19|Thorns are round the way of the hater of work; but the road of the hard worker becomes a highway.|en
852|15|20|20|智慧子使父親喜樂；愚昧人藐視母親。|zh
853|15|20|20|A wise son makes a glad father, but a foolish man has no respect for his mother.|en
854|15|21|21|無知的人以愚妄為樂；聰明的人按正直而行。|zh
855|15|21|21|Foolish behaviour is joy to the unwise; but a man of good sense makes his way straight.|en
856|15|22|22|不先商議，所謀無效；謀士眾多，所謀乃成。|zh
857|15|22|22|Where there are no wise suggestions, purposes come to nothing; but by a number of wise guides they are made certain.|en
858|15|23|23|口善應對，自覺喜樂；話合其時，何等美好。|zh
859|15|23|23|A man has joy in the answer of his mouth: and a word at the right time, how good it is!|en
860|15|24|24|智慧人從生命的道上升，使他遠離在下的陰間。|zh
861|15|24|24|Acting wisely is the way of life, guiding a man away from the underworld.|en
862|15|25|25|耶和華必拆毀驕傲人的家，卻要立定寡婦的地界。|zh
863|15|25|25|The house of the man of pride will be uprooted by the Lord, but he will make safe the heritage of the widow.|en
864|15|26|26|惡謀為耶和華所憎惡；良言乃為純淨。|zh
865|15|26|26|Evil designs are disgusting to the Lord, but the words of the clean-hearted are pleasing.|en
866|15|27|27|貪戀財利的，擾害己家；恨惡賄賂的，必得存活。|zh
867|15|27|27|He whose desires are fixed on profit is a cause of trouble to his family; but he who has no desire for offerings will have life.|en
868|15|28|28|義人的心，思量如何回答；惡人的口吐出惡言。|zh
869|15|28|28|The heart of the upright gives thought to his answer; but from the mouth of the evil-doer comes a stream of evil things.|en
870|15|29|29|耶和華遠離惡人，卻聽義人的禱告。|zh
871|15|29|29|The Lord is far from sinners, but his ear is open to the prayer of the upright.|en
872|15|30|30|眼有光，使心喜樂；好信息，使骨滋潤。|zh
873|15|30|30|The light of the eyes is a joy to the heart, and good news makes the bones fat.|en
874|15|31|31|聽從生命責備的，必常在智慧人中。|zh
875|15|31|31|The man whose ear is open to the teaching of life will have his place among the wise.|en
876|15|32|32|棄絕管教的，輕看自己的生命；聽從責備的，卻得智慧。|zh
877|15|32|32|He who will not be controlled by training has no respect for his soul, but he who gives ear to teaching will get wisdom.|en
878|15|33|33|敬畏耶和華是智慧的訓誨；尊榮以前，必有謙卑。|zh
879|15|33|33|The fear of the Lord is the teaching of wisdom; and a low opinion of oneself goes before honour.|en
880|16|1|1|心中的謀算在乎人；舌頭的應對由於耶和華。|zh
881|16|1|1|The designs of the heart are man's, but the answer of the tongue comes from the Lord.|en
882|16|2|2|人一切所行的，在自己眼中看為清潔；惟有耶和華衡量人心。|zh
883|16|2|2|All a man's ways are clean to himself; but the Lord puts men's spirits into his scales.|en
884|16|3|3|你所做的，要交託耶和華，你所謀的，就必成立。|zh
885|16|3|3|Put your works into the hands of the Lord, and your purposes will be made certain.|en
886|16|4|4|耶和華所造的，各適其用；就是惡人也為禍患的日子所造。|zh
887|16|4|4|The Lord has made everything for his purpose, even the sinner for the day of evil.|en
888|16|5|5|凡心裡驕傲的，為耶和華所憎惡；雖然連手，他必不免受罰。|zh
889|16|5|5|Everyone who has pride in his heart is disgusting to the Lord: he will certainly not go free from punishment.|en
890|16|6|6|因憐憫誠實，罪孽得贖；敬畏耶和華的，遠離惡事。|zh
891|16|6|6|By mercy and good faith evil-doing is taken away: and by the fear of the Lord men are turned away from evil.|en
892|16|7|7|人所行的，若蒙耶和華喜悅，耶和華也使他的仇敵與他和好。|zh
893|16|7|7|When a man's ways are pleasing to the Lord, he makes even his haters be at peace with him.|en
894|16|8|8|多有財利，行事不義，不如少有財利，行事公義。|zh
895|16|8|8|Better is a little with righteousness, than great wealth with wrongdoing.|en
896|16|9|9|人心籌算自己的道路；惟耶和華指引他的腳步。|zh
897|16|9|9|A man may make designs for his way, but the Lord is the guide of his steps.|en
898|16|10|10|王的嘴中有神語，審判之時，他的口必不差錯。|zh
899|16|10|10|Decision is in the lips of the king: his mouth will not go wrong in judging.|en
900|16|11|11|公道的天平和秤都屬耶和華；囊中一切法碼都為他所定。|zh
901|16|11|11|True measures and scales are the Lord's: all the weights of the bag are his work.|en
902|16|12|12|作惡，為王所憎惡，因國位是靠公義堅立。|zh
903|16|12|12|Evil-doing is disgusting to kings: for the seat of the ruler is based on righteousness.|en
904|16|13|13|公義的嘴為王所喜悅；說正直話的，為王所喜愛。|zh
905|16|13|13|Lips of righteousness are the delight of kings; and he who says what is upright is dear to him.|en
906|16|14|14|王的震怒如殺人的使者；但智慧人能止息王怒。|zh
907|16|14|14|The wrath of the king is like those who give news of death, but a wise man will put peace in place of it.|en
908|16|15|15|王的臉光使人有生命；王的恩典好像春雲時雨。|zh
909|16|15|15|In the light of the king's face there is life; and his approval is like a cloud of spring rain.|en
910|16|16|16|得智慧勝似得金子；選聰明強如選銀子。|zh
911|16|16|16|How much better it is to get wisdom than gold! and to get knowledge is more to be desired than silver.|en
912|16|17|17|正直人的道是遠離惡事；謹守己路的，是保全性命。|zh
913|16|17|17|The highway of the upright is to be turned away from evil: he who takes care of his way will keep his soul.|en
914|16|18|18|驕傲在敗壞以先；狂心在跌倒之前。|zh
915|16|18|18|Pride goes before destruction, and a stiff spirit before a fall.|en
916|16|19|19|心裡謙卑與窮乏人來往，強如將擄物與驕傲人同分。|zh
917|16|19|19|Better it is to have a gentle spirit with the poor, than to take part in the rewards of war with men of pride.|en
918|16|20|20|謹守訓言的，必得好處；倚靠耶和華的，便為有福。|zh
919|16|20|20|He who gives attention to the law of right will get good; and whoever puts his faith in the Lord is happy.|en
920|16|21|21|心中有智慧，必稱為通達人；嘴中的甜言，加增人的學問。|zh
921|16|21|21|The wise-hearted will be named men of good sense: and by pleasing words learning is increased.|en
922|16|22|22|人有智慧就有生命的泉源；愚昧人必被愚昧懲治。|zh
923|16|22|22|Wisdom is a fountain of life to him who has it; but the punishment of the foolish is their foolish behaviour.|en
924|16|23|23|智慧人的心教訓他的口，又使他的嘴增長學問。|zh
925|16|23|23|The heart of the wise man is the teacher of his mouth, and gives increased learning to his lips.|en
926|16|24|24|良言如同蜂房，使心覺甘甜，使骨得醫治。|zh
927|16|24|24|Pleasing words are like honey, sweet to the soul and new life to the bones.|en
928|16|25|25|有一條路，人以為正，至終成為死亡之路。|zh
929|16|25|25|There is a way which seems straight before a man, but its end is the ways of death.|en
930|16|26|26|勞力人的胃口使他勞力，因為他的口腹催逼他。|zh
931|16|26|26|The desire of the working man is working for him, for his need of food is driving him on.|en
932|16|27|27|匪徒圖謀奸惡，嘴上彷彿有燒焦的火。|zh
933|16|27|27|A good-for-nothing man is a designer of evil, and in his lips there is a burning fire.|en
934|16|28|28|乖僻人播散紛爭；傳舌的，離間密友。|zh
935|16|28|28|A man of twisted purposes is a cause of fighting everywhere: and he who says evil secretly makes trouble between friends.|en
936|16|29|29|強暴人誘惑鄰舍，領他走不善之道。|zh
937|16|29|29|A violent man puts desire of evil into his neighbour's mind, and makes him go in a way which is not good.|en
938|16|30|30|眼目緊合的，圖謀乖僻；嘴唇緊閉的，成就邪惡。|zh
939|16|30|30|He whose eyes are shut is a man of twisted purposes, and he who keeps his lips shut tight makes evil come about.|en
940|16|31|31|白髮是榮耀的冠冕，在公義的道上必能得著。|zh
941|16|31|31|The grey head is a crown of glory, if it is seen in the way of righteousness.|en
942|16|32|32|不輕易發怒的，勝過勇士；治服己心的，強如取城。|zh
943|16|32|32|He who is slow to be angry is better than a man of war, and he who has control over his spirit than he who takes a town.|en
944|16|33|33|籤放在懷裡，定事由耶和華。|zh
945|16|33|33|A thing may be put to the decision of chance, but it comes about through the Lord.|en
946|17|1|1|設筵滿屋，大家相爭，不如有塊乾餅，大家相安。|zh
947|17|1|1|Better a bit of dry bread in peace, than a house full of feasting and violent behaviour.|en
948|17|2|2|僕人辦事聰明，必管轄貽羞之子，又在眾子中同分產業。|zh
949|17|2|2|A servant who does wisely will have rule over a son causing shame, and will have his part in the heritage among brothers.|en
950|17|3|3|鼎為煉銀，爐為煉金；惟有耶和華熬煉人心。|zh
951|17|3|3|The heating-pot is for silver and the oven-fire for gold, but the Lord is the tester of hearts.|en
952|17|4|4|行惡的，留心聽奸詐之言；說謊的，側耳聽邪惡之語。|zh
953|17|4|4|A wrongdoer gives attention to evil lips, and a man of deceit gives ear to a damaging tongue.|en
954|17|5|5|戲笑窮人的，是辱沒造他的主；幸災樂禍的，必不免受罰。|zh
955|17|5|5|Whoever makes sport of the poor puts shame on his Maker; and he who is glad because of trouble will not go free from punishment.|en
956|17|6|6|子孫為老人的冠冕；父親是兒女的榮耀。|zh
957|17|6|6|Children's children are the crown of old men, and the glory of children is their fathers.|en
958|17|7|7|愚頑人說美言本不相宜，何況君王說謊話呢？|zh
959|17|7|7|Fair words are not to be looked for from a foolish man, much less are false lips in a ruler.|en
960|17|8|8|賄賂在餽送的人眼中看為寶玉，隨處運動都得順利。|zh
961|17|8|8|An offering of money is like a stone of great price in the eyes of him who has it: wherever he goes, he does well.|en
962|17|9|9|遮掩人過的，尋求人愛；屢次挑錯的，離間密友。|zh
963|17|9|9|He who keeps a sin covered is looking for love; but he who keeps on talking of a thing makes division between friends.|en
964|17|10|10|一句責備話深入聰明人的心，強如責打愚昧人一百下。|zh
965|17|10|10|A word of protest goes deeper into one who has sense than a hundred blows into a foolish man.|en
966|17|11|11|惡人只尋背叛，所以必有嚴厲的使者奉差攻擊他。|zh
967|17|11|11|An uncontrolled man is only looking for trouble, so a cruel servant will be sent against him.|en
968|17|12|12|寧可遇見丟崽子的母熊，不可遇見正行愚妄的愚昧人。|zh
969|17|12|12|It is better to come face to face with a bear whose young ones have been taken away than with a foolish man acting foolishly.|en
970|17|13|13|以惡報善的，禍患必不離他的家。|zh
971|17|13|13|If anyone gives back evil for good, evil will never go away from his house.|en
972|17|14|14|紛爭的起頭如水放開，所以，在爭鬧之先必當止息爭競。|zh
973|17|14|14|The start of fighting is like the letting out of water: so give up before it comes to blows.|en
974|17|15|15|定惡人為義的，定義人為惡的，這都為耶和華所憎惡。|zh
975|17|15|15|He who gives a decision for the evil-doer and he who gives a decision against the upright, are equally disgusting to the Lord.|en
976|17|16|16|愚昧人既無聰明，為何手拿價銀買智慧呢？|zh
977|17|16|16|How will money in the hand of the foolish get him wisdom, seeing that he has no sense?|en
978|17|17|17|朋友乃時常親愛，弟兄為患難而生。|zh
979|17|17|17|A friend is loving at all times, and becomes a brother in times of trouble.|en
980|17|18|18|在鄰舍面前擊掌作保乃是無知的人。|zh
981|17|18|18|A man without sense gives his hand in an agreement, and makes himself responsible before his neighbour.|en
982|17|19|19|喜愛爭競的，是喜愛過犯；高立家門的，乃自取敗壞。|zh
983|17|19|19|The lover of fighting is a lover of sin: he who makes high his doorway is looking for destruction.|en
984|17|20|20|心存邪僻的，尋不著好處；舌弄是非的，陷在禍患中。|zh
985|17|20|20|Nothing good comes to him whose heart is fixed on evil purposes: and he who has an evil tongue will come to trouble.|en
986|17|21|21|生愚昧子的，必自愁苦；愚頑人的父毫無喜樂。|zh
987|17|21|21|He who has an unwise son gets sorrow for himself, and the father of a foolish son has no joy.|en
988|17|22|22|喜樂的心乃是良藥；憂傷的靈使骨枯乾。|zh
989|17|22|22|A glad heart makes a healthy body, but a crushed spirit makes the bones dry.|en
990|17|23|23|惡人暗中受賄賂，為要顛倒判斷。|zh
991|17|23|23|A sinner takes an offering out of his robe, to get a decision for himself in a cause.|en
992|17|24|24|明哲人眼前有智慧；愚昧人眼望地極。|zh
993|17|24|24|Wisdom is before the face of him who has sense; but the eyes of the foolish are on the ends of the earth.|en
994|17|25|25|愚昧子使父親愁煩，使母親憂苦。|zh
995|17|25|25|A foolish son is a grief to his father, and bitter pain to her who gave him birth.|en
996|17|26|26|刑罰義人為不善；責打君子為不義。|zh
997|17|26|26|To give punishment to the upright is not good, or to give blows to the noble for their righteousness.|en
998|17|27|27|寡少言語的，有知識；性情溫良的，有聰明。|zh
999|17|27|27|He who has knowledge says little: and he who has a calm spirit is a man of good sense.|en
1000|17|28|28|愚昧人若靜默不言也可算為智慧；閉口不說也可算為聰明。|zh
1001|17|28|28|Even the foolish man, when he keeps quiet, is taken to be wise: when his lips are shut he is credited with good sense.|en
1002|18|1|1|與眾寡合的，獨自尋求心願，並惱恨一切真智慧。|zh
1003|18|1|1|He who keeps himself separate for his private purpose goes against all good sense.|en
1004|18|2|2|愚昧人不喜愛明哲，只喜愛顯露心意。|zh
1005|18|2|2|A foolish man has no pleasure in good sense, but only to let what is in his heart come to light.|en
1006|18|3|3|惡人來，藐視隨來；羞恥到，辱罵同到。|zh
1007|18|3|3|When the evil-doer comes, a low opinion comes with him, and with the loss of honour comes shame.|en
1008|18|4|4|人口中的言語如同深水；智慧的泉源好像湧流的河水。|zh
1009|18|4|4|The words of a man's mouth are like deep waters: the fountain of wisdom is like a flowing stream.|en
1010|18|5|5|瞻徇惡人的情面，偏斷義人的案件，都為不善。|zh
1011|18|5|5|To have respect for the person of the evil-doer is not good, or to give a wrong decision against the upright.|en
1012|18|6|6|愚昧人張嘴啟爭端，開口招鞭打。|zh
1013|18|6|6|A foolish man's lips are a cause of fighting, and his mouth makes him open to blows.|en
1014|18|7|7|愚昧人的口自取敗壞；他的嘴是他生命的網羅。|zh
1015|18|7|7|The mouth of a foolish man is his destruction, and his lips are a net for his soul.|en
1016|18|8|8|傳舌人的言語如同美食，深入人的心腹。|zh
1017|18|8|8|The words of one who says evil of his neighbour secretly are like sweet food, and go down into the inner parts of the stomach.|en
1018|18|9|9|做工懈怠的，與浪費人為弟兄。|zh
1019|18|9|9|He who does not give his mind to his work is brother to him who makes destruction.|en
1020|18|10|10|耶和華的名是堅固臺；義人奔入便得安穩。|zh
1021|18|10|10|The name of the Lord is a strong tower: the upright man running into it is safe.|en
1022|18|11|11|富足人的財物是他的堅城，在他心想，猶如高牆。|zh
1023|18|11|11|The property of a man of wealth is his strong town, and it is as a high wall in the thoughts of his heart.|en
1024|18|12|12|敗壞之先，人心驕傲；尊榮以前，必有謙卑。|zh
1025|18|12|12|Before destruction the heart of man is full of pride, and before honour goes a gentle spirit.|en
1026|18|13|13|未曾聽完先回答的，便是他的愚昧和羞辱。|zh
1027|18|13|13|To give an answer before hearing is a foolish thing and a cause of shame.|en
1028|18|14|14|人有疾病，心能忍耐；心靈憂傷，誰能承當呢？|zh
1029|18|14|14|The spirit of a man will be his support when he is ill; but how may a broken spirit be lifted up?|en
1030|18|15|15|聰明人的心得知識；智慧人的耳求知識。|zh
1031|18|15|15|The heart of the man of good sense gets knowledge; the ear of the wise is searching for knowledge.|en
1032|18|16|16|人的禮物為他開路，引他到高位的人面前。|zh
1033|18|16|16|A man's offering makes room for him, letting him come before great men.|en
1034|18|17|17|先訴情由的，似乎有理；但鄰舍來到，就察出實情。|zh
1035|18|17|17|The man who first puts his cause before the judge seems to be in the right; but then his neighbour comes and puts his cause in its true light.|en
1036|18|18|18|掣籤能止息爭競，也能解散強勝的人。|zh
1037|18|18|18|The decision of chance puts an end to argument, parting the strong.|en
1038|18|19|19|弟兄結怨，勸他和好，比取堅固城還難；這樣的爭競如同堅寨的門閂。|zh
1039|18|19|19|A brother wounded is like a strong town, and violent acts are like a locked tower.|en
1040|18|20|20|人口中所結的果子，必充滿肚腹；他嘴所出的，必使他飽足。|zh
1041|18|20|20|With the fruit of a man's mouth his stomach will be full; the produce of his lips will be his in full measure.|en
1042|18|21|21|生死在舌頭的權下，喜愛他的，必吃他所結的果子。|zh
1043|18|21|21|Death and life are in the power of the tongue; and those to whom it is dear will have its fruit for their food.|en
1044|18|22|22|得著賢妻的，是得著好處，也是蒙了耶和華的恩惠。|zh
1045|18|22|22|Whoever gets a wife gets a good thing, and has the approval of the Lord.|en
1046|18|23|23|貧窮人說哀求的話；富足人用威嚇的話回答。|zh
1047|18|23|23|The poor man makes requests for grace, but the man of wealth gives a rough answer.|en
1048|18|24|24|濫交朋友的，自取敗壞；但有一朋友比弟兄更親密。|zh
1049|18|24|24|There are friends who may be a man's destruction, but there is a lover who keeps nearer than a brother.|en
1050|19|1|1|行為純正的貧窮人勝過乖謬愚妄的富足人。|zh
1051|19|1|1|Better is the poor man whose ways are upright, than the man of wealth whose ways are twisted.|en
1052|19|2|2|心無知識的，乃為不善；腳步急快的，難免犯罪。|zh
1053|19|2|2|Further, without knowledge desire is not good; and he who is over-quick in acting goes out of the right way.|en
1054|19|3|3|人的愚昧傾敗他的道；他的心也抱怨耶和華。|zh
1055|19|3|3|By his foolish behaviour a man's ways are turned upside down, and his heart is bitter against the Lord.|en
1056|19|4|4|財物使朋友增多；但窮人朋友遠離。|zh
1057|19|4|4|Wealth makes a great number of friends; but the poor man is parted from his friend.|en
1058|19|5|5|作假見證的，必不免受罰；吐出謊言的，終不能逃脫。|zh
1059|19|5|5|A false witness will not go without punishment, and the breather out of deceit will not go free.|en
1060|19|6|6|好施散的，有多人求他的恩情；愛送禮的，人都為他的朋友。|zh
1061|19|6|6|Great numbers will make attempts to get the approval of a ruler: and every man is the special friend of him who has something to give.|en
1062|19|7|7|貧窮人，弟兄都恨他；何況他的朋友，更遠離他！他用言語追隨，他們卻走了。|zh
1063|19|7|7|All the brothers of the poor man are against him: how much more do his friends go far from him! ...|en
1064|19|8|8|得著智慧的，愛惜生命；保守聰明的，必得好處。|zh
1065|19|8|8|He who gets wisdom has love for his soul: he who keeps good sense will get what is truly good.|en
1066|19|9|9|作假見證的，不免受罰；吐出謊言的，也必滅亡。|zh
1067|19|9|9|A false witness will not go without punishment, and the breather out of deceit will be cut off.|en
1068|19|10|10|愚昧人宴樂度日是不合宜的；何況僕人管轄王子呢？|zh
1069|19|10|10|Material comfort is not good for the foolish; much less for a servant to be put over rulers.|en
1070|19|11|11|人有見識就不輕易發怒；寬恕人的過失便是自己的榮耀。|zh
1071|19|11|11|A man's good sense makes him slow to wrath, and the overlooking of wrongdoing is his glory.|en
1072|19|12|12|王的忿怒好像獅子吼叫；他的恩典卻如草上的甘露。|zh
1073|19|12|12|The king's wrath is like the loud cry of a lion, but his approval is like dew on the grass.|en
1074|19|13|13|愚昧的兒子是父親的禍患；妻子的爭吵如雨連連滴漏。|zh
1075|19|13|13|A foolish son is the destruction of his father; and the bitter arguments of a wife are like drops of rain falling without end.|en
1076|19|14|14|房屋錢財是祖宗所遺留的；惟有賢慧的妻是耶和華所賜的。|zh
1077|19|14|14|House and wealth are a heritage from fathers, but a wife with good sense is from the Lord.|en
1078|19|15|15|懶惰使人沉睡；懈怠的人必受飢餓。|zh
1079|19|15|15|Hate of work sends deep sleep on a man: and he who has no industry will go without food.|en
1080|19|16|16|謹守誡命的，保全生命；輕忽己路的，必致死亡。|zh
1081|19|16|16|He who keeps the law keeps his soul; but death will be the fate of him who takes no note of the word.|en
1082|19|17|17|憐憫貧窮的，就是借給耶和華；他的善行，耶和華必償還。|zh
1083|19|17|17|He who has pity on the poor gives to the Lord, and the Lord will give him his reward.|en
1084|19|18|18|趁有指望，管教你的兒子；你的心不可任他死亡。|zh
1085|19|18|18|Give your son training while there is hope; let not your heart be purposing his death.|en
1086|19|19|19|暴怒的人必受刑罰；你若救他，必須再救。|zh
1087|19|19|19|A man of great wrath will have to take his punishment: for if you get him out of trouble you will have to do it again.|en
1088|19|20|20|你要聽勸教，受訓誨，使你終久有智慧。|zh
1089|19|20|20|Let your ear be open to suggestion and take teaching, so that at the end you may be wise.|en
1090|19|21|21|人心多有計謀；惟有耶和華的籌算才能立定。|zh
1091|19|21|21|A man's heart may be full of designs, but the purpose of the Lord is unchanging.|en
1092|19|22|22|施行仁慈的，令人愛慕；窮人強如說謊言的。|zh
1093|19|22|22|The ornament of a man is his mercy, and a poor man is better than one who is false.|en
1094|19|23|23|敬畏耶和華的，得著生命；他必恆久知足，不遭禍患。|zh
1095|19|23|23|The fear of the Lord gives life: and he who has it will have need of nothing; no evil will come his way.|en
1096|19|24|24|懶惰人放手在盤子裡，就是向口撤回，他也不肯。|zh
1097|19|24|24|The hater of work puts his hand deep into the basin, and will not even take it to his mouth again.|en
1098|19|25|25|鞭打褻慢人，愚蒙人必長見識；責備明哲人，他就明白知識。|zh
1099|19|25|25|When blows overtake the man of pride, the simple will get sense; say sharp words to the wise, and knowledge will be made clear to him.|en
1100|19|26|26|虐待父親、攆出母親的，是貽羞致辱之子。|zh
1101|19|26|26|He who is violent to his father, driving away his mother, is a son causing shame and a bad name.|en
1102|19|27|27|我兒，不可聽了教訓而又偏離知識的言語。|zh
1103|19|27|27|A son who no longer gives attention to teaching is turned away from the words of knowledge.|en
1104|19|28|28|匪徒作見證戲笑公平；惡人的口吞下罪孽。|zh
1105|19|28|28|A good-for-nothing witness makes sport of the judge's decision: and the mouth of evil-doers sends out evil like a stream.|en
1106|19|29|29|刑罰是為褻慢人預備的；鞭打是為愚昧人的背預備的。|zh
1107|19|29|29|Rods are being made ready for the man of pride, and blows for the back of the foolish.|en
1108|20|1|1|酒能使人褻慢，濃酒使人喧嚷；凡因酒錯誤的，就無智慧。|zh
1109|20|1|1|Wine makes men foolish, and strong drink makes men come to blows; and whoever comes into error through these is not wise.|en
1110|20|2|2|王的威嚇如同獅子吼叫；惹動他怒的，是自害己命。|zh
1111|20|2|2|The wrath of a king is like the loud cry of a lion: he who makes him angry does wrong against himself.|en
1112|20|3|3|遠離紛爭是人的尊榮；愚妄人都愛爭鬧。|zh
1113|20|3|3|It is an honour for a man to keep from fighting, but the foolish are ever at war.|en
1114|20|4|4|懶惰人因冬寒不肯耕種，到收割的時候，他必討飯而無所得。|zh
1115|20|4|4|The hater of work will not do his ploughing because of the winter; so at the time of grain-cutting he will be requesting food and will get nothing.|en
1116|20|5|5|人心懷藏謀略，好像深水，惟明哲人才能汲引出來。|zh
1117|20|5|5|The purpose in the heart of a man is like deep water, but a man of good sense will get it out.|en
1118|20|6|6|人多述說自己的仁慈，但忠信人誰能遇著呢？|zh
1119|20|6|6|Most men make no secret of their kind acts: but where is a man of good faith to be seen?|en
1120|20|7|7|行為純正的義人，他的子孫是有福的！|zh
1121|20|7|7|An upright man goes on in his righteousness: happy are his children after him!|en
1122|20|8|8|王坐在審判的位上，以眼目驅散諸惡。|zh
1123|20|8|8|A king on the seat of judging puts to flight all evil with his eyes.|en
1124|20|9|9|誰能說，我潔淨了我的心，我脫淨了我的罪？|zh
1125|20|9|9|Who is able to say, I have made my heart clean, I am free from my sin?|en
1126|20|10|10|兩樣的法碼，兩樣的升斗，都為耶和華所憎惡。|zh
1127|20|10|10|Unequal weights and unequal measures, they are all disgusting to the Lord.|en
1128|20|11|11|孩童的動作是清潔，是正直，都顯明他的本性。|zh
1129|20|11|11|Even a child may be judged by his doings, if his work is free from sin and if it is right.|en
1130|20|12|12|能聽的耳，能看的眼，都是耶和華所造的。|zh
1131|20|12|12|The hearing ear and the seeing eye are equally the Lord's work.|en
1132|20|13|13|不要貪睡，免致貧窮；眼要睜開，你就吃飽。|zh
1133|20|13|13|Do not be a lover of sleep, or you will become poor: keep your eyes open, and you will have bread enough.|en
1134|20|14|14|買物的說：不好，不好；及至買去，他便自誇。|zh
1135|20|14|14|A poor thing, a poor thing, says he who is giving money for goods: but when he has gone on his way, then he makes clear his pride in what he has got.|en
1136|20|15|15|有金子和許多珍珠（或譯：紅寶石），惟有知識的嘴乃為貴重的珍寶。|zh
1137|20|15|15|There is gold and a store of corals: but the lips of knowledge are a jewel of great price.|en
1138|20|16|16|誰為生人作保，就拿誰的衣服；誰為外人作保，誰就要承當。|zh
1139|20|16|16|Take a man's clothing if he makes himself responsible for a strange man, and get an undertaking from him who gives his word for strange men.|en
1140|20|17|17|以虛謊而得的食物，人覺甘甜；但後來，他的口必充滿塵沙。|zh
1141|20|17|17|Bread of deceit is sweet to a man; but after, his mouth will be full of sand.|en
1142|20|18|18|計謀都憑籌算立定；打仗要憑智謀。|zh
1143|20|18|18|Every purpose is put into effect by wise help: and by wise guiding make war.|en
1144|20|19|19|往來傳舌的，洩漏密事；大張嘴的，不可與他結交。|zh
1145|20|19|19|He who goes about talking of the business of others gives away secrets: so have nothing to do with him whose lips are open wide.|en
1146|20|20|20|咒罵父母的，他的燈必滅，變為漆黑的黑暗。|zh
1147|20|20|20|If anyone puts a curse on his father or his mother, his light will be put out in the blackest night.|en
1148|20|21|21|起初速得的產業，終久卻不為福。|zh
1149|20|21|21|A heritage may be got quickly at first, but the end of it will not be a blessing.|en
1150|20|22|22|你不要說，我要以惡報惡；要等候耶和華，他必拯救你。|zh
1151|20|22|22|Do not say, I will give punishment for evil: go on waiting for the Lord, and he will be your saviour.|en
1152|20|23|23|兩樣的法碼為耶和華所憎惡；詭詐的天平也為不善。|zh
1153|20|23|23|Unequal weights are disgusting to the Lord, and false scales are not good.|en
1154|20|24|24|人的腳步為耶和華所定；人豈能明白自己的路呢？|zh
1155|20|24|24|A man's steps are of the Lord; how then may a man have knowledge of his way?|en
1156|20|25|25|人冒失說，這是聖物，許願之後才查問，就是自陷網羅。|zh
1157|20|25|25|It is a danger to a man to say without thought, It is holy, and, after taking his oaths, to be questioning if it is necessary to keep them.|en
1158|20|26|26|智慧的王簸散惡人，用碌碡滾軋他們。|zh
1159|20|26|26|A wise king puts evil-doers to flight, and makes their evil-doing come back on them.|en
1160|20|27|27|人的靈是耶和華的燈，鑒察人的心腹。|zh
1161|20|27|27|The Lord keeps watch over the spirit of man, searching all the deepest parts of the body.|en
1162|20|28|28|王因仁慈和誠實得以保全他的國位，也因仁慈立穩。|zh
1163|20|28|28|Mercy and good faith keep the king safe, and the seat of his power is based on upright acts.|en
1164|20|29|29|強壯乃少年人的榮耀；白髮為老年人的尊榮。|zh
1165|20|29|29|The glory of young men is their strength, and the honour of old men is their grey hairs.|en
1166|20|30|30|鞭傷除淨人的罪惡；責打能入人的心腹。|zh
1167|20|30|30|By the wounds of the rod evil is taken away, and blows make clean the deepest parts of the body.|en
1168|21|1|1|王的心在耶和華手中，好像隴溝的水隨意流轉。|zh
1169|21|1|1|The king's heart in the hands of the Lord is like the water streams, and by him it is turned in any direction at his pleasure.|en
1170|21|2|2|人所行的，在自己眼中都看為正；惟有耶和華衡量人心。|zh
1171|21|2|2|Every way of a man seems right to himself, but the Lord is the tester of hearts.|en
1172|21|3|3|行仁義公平比獻祭更蒙耶和華悅納。|zh
1173|21|3|3|To do what is right and true is more pleasing to the Lord than an offering.|en
1174|21|4|4|惡人發達（發達：原文是燈），眼高心傲，這乃是罪。|zh
1175|21|4|4|A high look and a heart of pride, *** of the evil-doer is sin.|en
1176|21|5|5|殷勤籌劃的，足致豐裕；行事急躁的，都必缺乏。|zh
1177|21|5|5|The purposes of the man of industry have their outcome only in wealth; but one who is over-quick in acting will only come to be in need.|en
1178|21|6|6|用詭詐之舌求財的，就是自己取死；所得之財乃是吹來吹去的浮雲。|zh
1179|21|6|6|He who gets stores of wealth by a false tongue, is going after what is only breath, and searching for death.|en
1180|21|7|7|惡人的強暴必將自己掃除，因他們不肯按公平行事。|zh
1181|21|7|7|By their violent acts the evil-doers will be pulled away, because they have no desire to do what is right.|en
1182|21|8|8|負罪之人的路甚是彎曲；至於清潔的人，他所行的乃是正直。|zh
1183|21|8|8|Twisted is the way of him who is full of crime; but as for him whose heart is clean, his work is upright.|en
1184|21|9|9|寧可住在房頂的角上，不在寬闊的房屋與爭吵的婦人同住。|zh
1185|21|9|9|It is better to be living in an angle of the house-top, than with a bitter-tongued woman in a wide house.|en
1186|21|10|10|惡人的心樂人受禍；他眼並不憐恤鄰舍。|zh
1187|21|10|10|The desire of the evil-doer is fixed on evil: he has no kind feeling for his neighbour.|en
1188|21|11|11|褻慢的人受刑罰，愚蒙的人就得智慧；智慧人受訓誨，便得知識。|zh
1189|21|11|11|When the man of pride undergoes punishment, the simple man gets wisdom; and by watching the wise he gets knowledge.|en
1190|21|12|12|義人思想惡人的家，知道惡人傾倒，必致滅亡。|zh
1191|21|12|12|The Upright One, looking on the house of the evil-doer, lets sinners be overturned to their destruction.|en
1192|21|13|13|塞耳不聽窮人哀求的，他將來呼籲也不蒙應允。|zh
1193|21|13|13|He whose ears are stopped at the cry of the poor, will himself get no answer to his cry for help.|en
1194|21|14|14|暗中送的禮物挽回怒氣；懷中搋的賄賂止息暴怒。|zh
1195|21|14|14|By a secret offering wrath is turned away, and the heat of angry feelings by money in the folds of the robe.|en
1196|21|15|15|秉公行義使義人喜樂，使作孽的人敗壞。|zh
1197|21|15|15|It is a joy to the good man to do right, but it is destruction to the workers of evil.|en
1198|21|16|16|迷離通達道路的，必住在陰魂的會中。|zh
1199|21|16|16|The wanderer from the way of knowledge will have his resting-place among the shades.|en
1200|21|17|17|愛宴樂的，必致窮乏；好酒，愛膏油的，必不富足。|zh
1201|21|17|17|The lover of pleasure will be a poor man: the lover of wine and oil will not get wealth.|en
1202|21|18|18|惡人作了義人的贖價；奸詐人代替正直人。|zh
1203|21|18|18|The evil-doer will be given as a price for the life of the good man, and the worker of deceit in the place of the upright.|en
1204|21|19|19|寧可住在曠野，不與爭吵使氣的婦人同住。|zh
1205|21|19|19|It is better to be living in a waste land, than with a bitter-tongued and angry woman.|en
1206|21|20|20|智慧人家中積蓄寶物膏油；愚昧人隨得來隨吞下。|zh
1207|21|20|20|There is a store of great value in the house of the wise, but it is wasted by the foolish man.|en
1208|21|21|21|追求公義仁慈的，就尋得生命、公義，和尊榮。|zh
1209|21|21|21|He who goes after righteousness and mercy will get life, righteousness, and honour.|en
1210|21|22|22|智慧人爬上勇士的城牆，傾覆他所倚靠的堅壘。|zh
1211|21|22|22|A wise man goes up into the town of the strong ones, and overcomes its strength in which they put their faith.|en
1212|21|23|23|謹守口與舌的，就保守自己免受災難。|zh
1213|21|23|23|He who keeps watch over his mouth and his tongue keeps his soul from troubles.|en
1214|21|24|24|心驕氣傲的人名叫褻慢；他行事狂妄，都出於驕傲。|zh
1215|21|24|24|The man of pride, lifted up in soul, is named high-hearted; he is acting in an outburst of pride.|en
1216|21|25|25|懶惰人的心願將他殺害，因為他手不肯做工。|zh
1217|21|25|25|The desire of the hater of work is death to him, for his hands will do no work.|en
1218|21|26|26|有終日貪得無饜的；義人施捨而不吝惜。|zh
1219|21|26|26|All the day the sinner goes after his desire: but the upright man gives freely, keeping nothing back.|en
1220|21|27|27|惡人的祭物是可憎的；何況他存惡意來獻呢？|zh
1221|21|27|27|The offering of evil-doers is disgusting: how much more when they give it with an evil purpose!|en
1222|21|28|28|作假見證的必滅亡；惟有聽真情而言的，其言長存。|zh
1223|21|28|28|A false witness will be cut off, ...|en
1224|21|29|29|惡人臉無羞恥；正直人行事堅定。|zh
1225|21|29|29|The evil-doer makes his face hard, but as for the upright, he gives thought to his way.|en
1226|21|30|30|沒有人能以智慧、聰明、謀略敵擋耶和華。|zh
1227|21|30|30|Wisdom and knowledge and wise suggestions are of no use against the Lord.|en
1228|21|31|31|馬是為打仗之日預備的；得勝乃在乎耶和華。|zh
1229|21|31|31|The horse is made ready for the day of war, but power to overcome is from the Lord.|en
1230|22|1|1|美名勝過大財；恩寵強如金銀。|zh
1231|22|1|1|A good name is more to be desired than great wealth, and to be respected is better than silver and gold.|en
1232|22|2|2|富戶窮人在世相遇，都為耶和華所造。|zh
1233|22|2|2|The man of wealth and the poor man come face to face: the Lord is the maker of them all.|en
1234|22|3|3|通達人見禍藏躲；愚蒙人前往受害。|zh
1235|22|3|3|The sharp man sees the evil and takes cover: the simple go straight on and get into trouble.|en
1236|22|4|4|敬畏耶和華心存謙卑，就得富有、尊榮、生命為賞賜。|zh
1237|22|4|4|The reward of a gentle spirit and the fear of the Lord is wealth and honour and life.|en
1238|22|5|5|乖僻人的路上有荊棘和網羅；保守自己生命的，必要遠離。|zh
1239|22|5|5|Thorns and nets are in the way of the twisted: he who keeps watch over his soul will be far from them.|en
1240|22|6|6|教養孩童，使他走當行的道，就是到老他也不偏離。|zh
1241|22|6|6|If a child is trained up in the right way, even when he is old he will not be turned away from it.|en
1242|22|7|7|富戶管轄窮人；欠債的是債主的僕人。|zh
1243|22|7|7|The man of wealth has rule over the poor, and he who gets into debt is a servant to his creditor.|en
1244|22|8|8|撒罪孽的，必收災禍；他逞怒的杖也必廢掉。|zh
1245|22|8|8|By planting the seed of evil a man will get in the grain of sorrow, and the rod of his wrath will be broken.|en
1246|22|9|9|眼目慈善的，就必蒙福，因他將食物分給窮人。|zh
1247|22|9|9|He who is kind will have a blessing, for he gives of his bread to the poor.|en
1248|22|10|10|趕出褻慢人，爭端就消除；紛爭和羞辱也必止息。|zh
1249|22|10|10|Send away the man of pride, and argument will go out; truly fighting and shame will come to an end.|en
1250|22|11|11|喜愛清心的人因他嘴上的恩言，王必與他為友。|zh
1251|22|11|11|He whose heart is clean is dear to the Lord; for the grace of his lips the king will be his friend.|en
1252|22|12|12|耶和華的眼目眷顧聰明人，卻傾敗奸詐人的言語。|zh
1253|22|12|12|The eyes of the Lord keep knowledge, but by him the acts of the false man will be overturned.|en
1254|22|13|13|懶惰人說：外頭有獅子；我在街上就必被殺。|zh
1255|22|13|13|The hater of work says, There is a lion outside: I will be put to death in the streets.|en
1256|22|14|14|淫婦的口為深坑；耶和華所憎惡的，必陷在其中。|zh
1257|22|14|14|The mouth of strange women is a deep hole: he with whom the Lord is angry will go down into it.|en
1258|22|15|15|愚蒙迷住孩童的心，用管教的杖可以遠遠趕除。|zh
1259|22|15|15|Foolish ways are deep-seated in the heart of a child, but the rod of punishment will send them far from him.|en
1260|22|16|16|欺壓貧窮為要利己的，並送禮與富戶的，都必缺乏。|zh
1261|22|16|16|He who is cruel to the poor for the purpose of increasing his profit, and he who gives to the man of wealth, will only come to be in need.|en
1262|22|17|17|你須側耳聽受智慧人的言語，留心領會我的知識。|zh
1263|22|17|17|Let your ear be bent down for hearing my words, and let your heart give thought to knowledge.|en
1264|22|18|18|你若心中存記，嘴上咬定，這便為美。|zh
1265|22|18|18|For it is a delight to keep them in your heart, to have them ready on your lips.|en
1266|22|19|19|我今日以此特特指教你，為要使你倚靠耶和華。|zh
1267|22|19|19|So that your faith may be in the Lord, I have made them clear to you this day, even to you.|en
1268|22|20|20|謀略和知識的美事，我豈沒有寫給你麼？|zh
1269|22|20|20|Have I not put in writing for you thirty sayings, with wise suggestions and knowledge,|en
1270|22|21|21|要使你知道真言的實理，你好將真言回覆那打發你來的人。|zh
1271|22|21|21|To make you see how certain are true words, so that you may give a true answer to those who put questions to you?|en
1272|22|22|22|貧窮人，你不可因他貧窮就搶奪他的物，也不可在城門口欺壓困苦人；|zh
1273|22|22|22|Do not take away the property of the poor man because he is poor, or be cruel to the crushed ones when they come before the judge:|en
1274|22|23|23|因耶和華必為他辨屈；搶奪他的，耶和華必奪取那人的命。|zh
1275|22|23|23|For the Lord will give support to their cause, and take the life of those who take their goods.|en
1276|22|24|24|好生氣的人，不可與他結交；暴怒的人，不可與他來往；|zh
1277|22|24|24|Do not be friends with a man who is given to wrath; do not go in the company of an angry man:|en
1278|22|25|25|恐怕你效法他的行為，自己就陷在網羅裡。|zh
1279|22|25|25|For fear of learning his ways and making a net ready for your soul.|en
1280|22|26|26|不要與人擊掌，不要為欠債的作保。|zh
1281|22|26|26|Be not one of those who give their hands in an agreement, or of those who make themselves responsible for debts:|en
1282|22|27|27|你若沒有甚麼償還，何必使人奪去你睡臥的床呢？|zh
1283|22|27|27|If you have nothing with which to make payment, he will take away your bed from under you.|en
1284|22|28|28|你先祖所立的地界，你不可挪移。|zh
1285|22|28|28|Let not the old landmark be moved which your fathers have put in place.|en
1286|22|29|29|你看見辦事殷勤的人麼？他必站在君王面前，必不站在下賤人面前。|zh
1287|22|29|29|Have you seen a man who is expert in his business? he will take his place before kings; his place will not be among low persons.|en
1288|23|1|1|你若與官長坐席，要留意在你面前的是誰。|zh
1289|23|1|1|When you take your seat at the feast with a ruler, give thought with care to what is before you;|en
1290|23|2|2|你若是貪食的，就當拿刀放在喉嚨上。|zh
1291|23|2|2|And put a knife to your throat, if you have a strong desire for food.|en
1292|23|3|3|不可貪戀他的美食，因為是哄人的食物。|zh
1293|23|3|3|Have no desire for his delicate food, for it is the bread of deceit.|en
1294|23|4|4|不要勞碌求富，休仗自己的聰明。|zh
1295|23|4|4|Take no care to get wealth; let there be an end to your desire for money.|en
1296|23|5|5|你豈要定睛在虛無的錢財上麼？因錢財必長翅膀，如鷹向天飛去。|zh
1297|23|5|5|Are your eyes lifted up to it? it is gone: for wealth takes to itself wings, like an eagle in flight up to heaven.|en
1298|23|6|6|不要吃惡眼人的飯，也不要貪他的美味；|zh
1299|23|6|6|Do not take the food of him who has an evil eye, or have any desire for his delicate meat:|en
1300|23|7|7|因為他心怎樣思量，他為人就是怎樣。他雖對你說，請吃，請喝，他的心卻與你相背。|zh
1301|23|7|7|For as the thoughts of his heart are, so is he: Take food and drink, he says to you; but his heart is not with you.|en
1302|23|8|8|你所吃的那點食物必吐出來；你所說的甘美言語也必落空。|zh
1303|23|8|8|The food which you have taken will come up again, and your pleasing words will be wasted.|en
1304|23|9|9|你不要說話給愚昧人聽，因他必藐視你智慧的言語。|zh
1305|23|9|9|Say nothing in the hearing of a foolish man, for he will put no value on the wisdom of your words.|en
1306|23|10|10|不可挪移古時的地界，也不可侵入孤兒的田地；|zh
1307|23|10|10|Do not let the landmark of the widow be moved, and do not go into the fields of those who have no father;|en
1308|23|11|11|因他們的救贖主大有能力，他必向你為他們辨屈。|zh
1309|23|11|11|For their saviour is strong, and he will take up their cause against you.|en
1310|23|12|12|你要留心領受訓誨，側耳聽從知識的言語。|zh
1311|23|12|12|Give your heart to teaching, and your ears to the words of knowledge.|en
1312|23|13|13|不可不管教孩童；你用杖打他，他必不至於死。|zh
1313|23|13|13|Do not keep back training from the child: for even if you give him blows with the rod, it will not be death to him.|en
1314|23|14|14|你要用杖打他，就可以救他的靈魂免下陰間。|zh
1315|23|14|14|Give him blows with the rod, and keep his soul safe from the underworld.|en
1316|23|15|15|我兒，你心若存智慧，我的心也甚歡喜。|zh
1317|23|15|15|My son, if your heart becomes wise, I, even I, will be glad in heart;|en
1318|23|16|16|你的嘴若說正直話，我的心腸也必快樂。|zh
1319|23|16|16|And my thoughts in me will be full of joy when your lips say right things.|en
1320|23|17|17|你心中不要嫉妒罪人，只要終日敬畏耶和華；|zh
1321|23|17|17|Have no envy of sinners in your heart, but keep in the fear of the Lord all through the day;|en
1322|23|18|18|因為至終必有善報，你的指望也不致斷絕。|zh
1323|23|18|18|For without doubt there is a future, and your hope will not be cut off.|en
1324|23|19|19|我兒，你當聽，當存智慧，好在正道上引導你的心。|zh
1325|23|19|19|Give ear, my son, and be wise, guiding your heart in the right way.|en
1326|23|20|20|好飲酒的，好吃肉的，不要與他們來往；|zh
1327|23|20|20|Do not be among those who give themselves to wine-drinking, or among those who make themselves full with meat:|en
1328|23|21|21|因為好酒貪食的，必致貧窮；好睡覺的，必穿破爛衣服。|zh
1329|23|21|21|For those who take delight in drink and feasting will come to be in need; and through love of sleep a man will be poorly clothed.|en
1330|23|22|22|你要聽從生你的父親；你母親老了，也不可藐視他。|zh
1331|23|22|22|Give ear to your father whose child you are, and do not keep honour from your mother when she is old.|en
1332|23|23|23|你當買真理；就是智慧、訓誨，和聰明也都不可賣。|zh
1333|23|23|23|Get for yourself that which is true, and do not let it go for money; get wisdom and teaching and good sense.|en
1334|23|24|24|義人的父親必大得快樂；人生智慧的兒子，必因他歡喜。|zh
1335|23|24|24|The father of the upright man will be glad, and he who has a wise child will have joy because of him.|en
1336|23|25|25|你要使父母歡喜，使生你的快樂。|zh
1337|23|25|25|Let your father and your mother be glad, let her who gave you birth have joy.|en
1338|23|26|26|我兒，要將你的心歸我；你的眼目也要喜悅我的道路。|zh
1339|23|26|26|My son, give me your heart, and let your eyes take delight in my ways.|en
1340|23|27|27|妓女是深坑；外女是窄阱。|zh
1341|23|27|27|For a loose woman is a deep hollow, and a strange woman is a narrow water-hole.|en
1342|23|28|28|他埋伏好像強盜；他使人中多有奸詐的。|zh
1343|23|28|28|Yes, she is waiting secretly like a beast for its food, and deceit by her is increased among men.|en
1344|23|29|29|誰有禍患？誰有憂愁？誰有爭鬥？誰有哀歎（或譯：怨言）？誰無故受傷？誰眼目紅赤？|zh
1345|23|29|29|Who says, Oh! who says, Ah! who has violent arguments, who has grief, who has wounds without cause, whose eyes are dark?|en
1346|23|30|30|就是那流連飲酒、常去尋找調和酒的人。|zh
1347|23|30|30|Those who are seated late over the wine: those who go looking for mixed wine.|en
1348|23|31|31,32 |酒發紅，在杯中閃爍，你不可觀看，雖然下咽舒暢，終久是咬你如蛇，刺你如毒蛇。|zh
1349|23|31|31|Keep your eyes from looking on the wine when it is red, when its colour is bright in the cup, when it goes smoothly down:|en
1350|23|32|32|In the end, its bite is like that of a snake, its wound like the wound of a poison-snake.|en
1351|23|33|33|你眼必看見異怪的事（或譯：淫婦）；你心必發出乖謬的話。|zh
1352|23|33|33|Your eyes will see strange things, and you will say twisted things.|en
1353|23|34|34|你必像躺在海中，或像臥在桅杆上。|zh
1354|23|34|34|Yes, you will be like him who takes his rest on the sea, or on the top of a sail-support.|en
1355|23|35|35|你必說：人打我，我卻未受傷；人鞭打我，我竟不覺得。我幾時清醒，我仍去尋酒。|zh
1356|23|35|35|They have overcome me, you will say, and I have no pain; they gave me blows without my feeling them: when will I be awake from my wine? I will go after it again.|en
1357|24|1|1|你不要嫉妒惡人，也不要起意與他們相處；|zh
1358|24|1|1|Have no envy for evil men, or any desire to be with them:|en
1359|24|2|2|因為，他們的心圖謀強暴，他們的口談論奸惡。|zh
1360|24|2|2|For the purposes of their hearts are destruction, and their lips are talking of trouble.|en
1361|24|3|3|房屋因智慧建造，又因聰明立穩；|zh
1362|24|3|3|The building of a house is by wisdom, and by reason it is made strong:|en
1363|24|4|4|其中因知識充滿各樣美好寶貴的財物。|zh
1364|24|4|4|And by knowledge its rooms are full of all dear and pleasing things.|en
1365|24|5|5|智慧人大有能力；有知識的人力上加力。|zh
1366|24|5|5|A wise man is strong; and a man of knowledge makes strength greater.|en
1367|24|6|6|你去打仗，要憑智謀；謀士眾多，人便得勝。|zh
1368|24|6|6|For by wise guiding you will overcome in war: and in a number of wise guides there is salvation.|en
1369|24|7|7|智慧極高，非愚昧人所能及，所以在城門內不敢開口。|zh
1370|24|7|7|Wisdom is outside the power of the foolish: he keeps his mouth shut in the public place.|en
1371|24|8|8|設計作惡的，必稱為奸人。|zh
1372|24|8|8|He whose purposes are bad will be named a man of evil designs.|en
1373|24|9|9|愚妄人的思念乃是罪惡；褻慢者為人所憎惡。|zh
1374|24|9|9|The purpose of the foolish is sin: and the hater of authority is disgusting to others.|en
1375|24|10|10|你在患難之日若膽怯，你的力量就微小。|zh
1376|24|10|10|If you give way in the day of trouble, your strength is small.|en
1377|24|11|11|人被拉到死地，你要解救；人將被殺，你須攔阻。|zh
1378|24|11|11|Be the saviour of those who are given up to death, and do not keep back help from those who are slipping to destruction.|en
1379|24|12|12|你若說：這事我未曾知道，那衡量人心的豈不明白麼？保守你命的豈不知道麼？他豈不按各人所行的報應各人麼？|zh
1380|24|12|12|If you say, See, we had no knowledge of this: does not the tester of hearts give thought to it? and he who keeps your soul, has he no knowledge of it? and will he not give to every man the reward of his work?|en
1381|24|13|13|我兒，你要吃蜜，因為是好的；吃蜂房下滴的蜜便覺甘甜。|zh
1382|24|13|13|My son, take honey, for it is good; and the flowing honey, which is sweet to your taste:|en
1383|24|14|14|你心得了智慧，也必覺得如此。你若找著，至終必有善報；你的指望也不致斷絕。|zh
1384|24|14|14|So let your desire be for wisdom: if you have it, there will be a future, and your hope will not be cut off.|en
1385|24|15|15|你這惡人，不要埋伏攻擊義人的家；不要毀壞他安居之所。|zh
1386|24|15|15|Do not keep a secret watch, O evil-doer, against the fields of the upright man, or send destruction on his resting-place:|en
1387|24|16|16|因為，義人雖七次跌倒，仍必興起；惡人卻被禍患傾倒。|zh
1388|24|16|16|For an upright man, after falling seven times, will get up again: but trouble is the downfall of the evil.|en
1389|24|17|17|你仇敵跌倒，你不要歡喜；他傾倒，你心不要快樂；|zh
1390|24|17|17|Do not be glad at the fall of your hater, and let not your heart have joy at his downfall:|en
1391|24|18|18|恐怕耶和華看見就不喜悅，將怒氣從仇敵身上轉過來。|zh
1392|24|18|18|For fear that the Lord may see it, and it may be evil in his eyes, and his wrath may be turned away from him.|en
1393|24|19|19|不要為作惡的心懷不平，也不要嫉妒惡人；|zh
1394|24|19|19|Do not be troubled because of evil-doers, or have envy of sinners:|en
1395|24|20|20|因為，惡人終不得善報；惡人的燈也必熄滅。|zh
1396|24|20|20|For there will be no future for the evil man; the light of sinners will be put out.|en
1397|24|21|21|我兒，你要敬畏耶和華與君王，不要與反覆無常的人結交，|zh
1398|24|21|21|My son, go in fear of the Lord and the king: have nothing to do with those who are in high positions:|en
1399|24|22|22|因為他們的災難必忽然而起。耶和華與君王所施行的毀滅，誰能知道呢？|zh
1400|24|22|22|For their downfall will come suddenly; and who has knowledge of the destruction of those in high positions?|en
1401|24|23|23|以下也是智慧人的箴言：審判時看人情面是不好的。|zh
1402|24|23|23|These are more sayings of the wise: To have respect for a person's position when judging is not good.|en
1403|24|24|24|對惡人說：你是義人的，這人萬民必咒詛，列邦必憎惡。|zh
1404|24|24|24|He who says to the evil-doer, You are upright, will be cursed by peoples and hated by nations.|en
1405|24|25|25|責備惡人的，必得喜悅；美好的福也必臨到他。|zh
1406|24|25|25|But those who say sharp words to him will have delight, and a blessing of good will come on them.|en
1407|24|26|26|應對正直的，猶如與人親嘴。|zh
1408|24|26|26|He gives a kiss with his lips who gives a right answer.|en
1409|24|27|27|你要在外頭預備工料，在田間辦理整齊，然後建造房屋。|zh
1410|24|27|27|Put your work in order outside, and make it ready in the field; and after that, see to the building of your house.|en
1411|24|28|28|不可無故作見證陷害鄰舍，也不可用嘴欺騙人。|zh
1412|24|28|28|Do not be a violent witness against your neighbour, or let your lips say what is false.|en
1413|24|29|29|不可說：人怎樣待我，我也怎樣待他；我必照他所行的報復他。|zh
1414|24|29|29|Say not, I will do to him as he has done to me; I will give the man the reward of his work.|en
1415|24|30|30|我經過懶惰人的田地、無知人的葡萄園，|zh
1416|24|30|30|I went by the field of the hater of work, and by the vine-garden of the man without sense;|en
1417|24|31|31|荊棘長滿了地皮，刺草遮蓋了田面，石牆也坍塌了。|zh
1418|24|31|31|And it was all full of thorns, and covered with waste plants, and its stone wall was broken down.|en
1419|24|32|32|我看見就留心思想；我看著就領了訓誨。|zh
1420|24|32|32|Then looking at it, I gave thought: I saw, and I got teaching from it.|en
1421|24|33|33|再睡片時，打盹片時，抱著手躺臥片時，|zh
1422|24|33|33|A little sleep, a little rest, a little folding of the hands in sleep:|en
1423|24|34|34|你的貧窮就必如強盜速來，你的缺乏彷彿拿兵器的人來到。|zh
1424|24|34|34|So loss will come on you like an outlaw, and your need like an armed man.|en
1425|25|1|1|以下也是所羅門的箴言，是猶大王希西家的人所謄錄的。|zh
1426|25|1|1|These are more wise sayings of Solomon, copied out by the men of Hezekiah, king of Judah.|en
1427|25|2|2|將事隱祕乃神的榮耀；將事察清乃君王的榮耀。|zh
1428|25|2|2|It is the glory of God to keep a thing secret: but the glory of kings is to have it searched out.|en
1429|25|3|3|天之高，地之厚，君王之心也測不透。|zh
1430|25|3|3|The heaven is high and the earth is deep, and the hearts of kings may not be searched out.|en
1431|25|4|4|除去銀子的渣滓就有銀子出來，銀匠能以做器皿。|zh
1432|25|4|4|Take away the waste from silver, and a vessel will come out for the silver-worker.|en
1433|25|5|5|除去王面前的惡人，國位就靠公義堅立。|zh
1434|25|5|5|Take away evil-doers from before the king, and the seat of his power will be made strong in righteousness.|en
1435|25|6|6|不要在王面前妄自尊大；不要在大人的位上站立。|zh
1436|25|6|6|Do not take glory for yourself before the king, and do not put yourself in the place of the great:|en
1437|25|7|7|寧可有人說：請你上來，強如在你覲見的王子面前叫你退下。|zh
1438|25|7|7|For it is better to have it said to you, Come up here; than for you to be put down in a lower place before the ruler.|en
1439|25|8|8|不要冒失出去與人爭競，免得至終被他羞辱，你就不知道怎樣行了。|zh
1440|25|8|8|Do not be quick to go to law about what you have seen, for what will you do in the end, when your neighbour has put you to shame?|en
1441|25|9|9|你與鄰舍爭訟，要與他一人辯論，不可洩漏人的密事，|zh
1442|25|9|9|Have a talk with your neighbour himself about your cause, but do not give away the secret of another:|en
1443|25|10|10|恐怕聽見的人罵你，你的臭名就難以脫離。|zh
1444|25|10|10|Or your hearer may say evil of you, and your shame will not be turned away.|en
1445|25|11|11|一句話說得合宜，就如金蘋果在銀網子裡。|zh
1446|25|11|11|A word at the right time is like apples of gold in a network of silver.|en
1447|25|12|12|智慧人的勸戒，在順從的人耳中，好像金耳環和精金的妝飾。|zh
1448|25|12|12|Like a nose-ring of gold and an ornament of the best gold, is a wise man who says sharp words to an ear ready to give attention.|en
1449|25|13|13|忠信的使者叫差他的人心裡舒暢，就如在收割時有冰雪的涼氣。|zh
1450|25|13|13|As the cold of snow in the time of grain-cutting, so is a true servant to those who send him; for he gives new life to the soul of his master.|en
1451|25|14|14|空誇贈送禮物的，好像無雨的風雲。|zh
1452|25|14|14|As clouds and wind without rain, so is one who takes credit for an offering he has not given.|en
1453|25|15|15|恆常忍耐可以勸動君王；柔和的舌頭能折斷骨頭。|zh
1454|25|15|15|A judge is moved by one who for a long time undergoes wrongs without protest, and by a soft tongue even bone is broken.|en
1455|25|16|16|你得了蜜麼？只可吃夠而已，恐怕你過飽就嘔吐出來。|zh
1456|25|16|16|If you have honey, take only as much as is enough for you; for fear that, being full of it, you may not be able to keep it down.|en
1457|25|17|17|你的腳要少進鄰舍的家，恐怕他厭煩你，恨惡你。|zh
1458|25|17|17|Let not your foot be frequently in your neighbour's house, or he may get tired of you, and his feeling be turned to hate.|en
1459|25|18|18|作假見證陷害鄰舍的，就是大槌，是利刀，是快箭。|zh
1460|25|18|18|One who gives false witness against his neighbour is a hammer and a sword and a sharp arrow.|en
1461|25|19|19|患難時倚靠不忠誠的人，好像破壞的牙，錯骨縫的腳。|zh
1462|25|19|19|Putting one's faith in a false man in time of trouble is like a broken tooth and a shaking foot.|en
1463|25|20|20|對傷心的人唱歌，就如冷天脫衣服，又如鹼上倒醋。|zh
1464|25|20|20|Like one who takes off clothing in cold weather and like acid on a wound, is he who makes melody to a sad heart.|en
1465|25|21|21|你的仇敵若餓了，就給他飯吃；若渴了，就給他水喝；|zh
1466|25|21|21|If your hater is in need of food, give him bread; and if he is in need of drink, give him water:|en
1467|25|22|22|因為，你這樣行就是把炭火堆在他的頭上；耶和華也必賞賜你。|zh
1468|25|22|22|For so you will put coals of fire on his head, and the Lord will give you your reward.|en
1469|25|23|23|北風生雨，讒謗人的舌頭也生怒容。|zh
1470|25|23|23|As the north wind gives birth to rain, so is an angry face caused by a tongue saying evil secretly.|en
1471|25|24|24|寧可住在房頂的角上，不在寬闊的房屋與爭吵的婦人同住。|zh
1472|25|24|24|It is better to be living in an angle of the house-top, than with a bitter-tongued woman in a wide house.|en
1473|25|25|25|有好消息從遠方來，就如拿涼水給口渴的人喝。|zh
1474|25|25|25|As cold water to a tired soul, so is good news from a far country.|en
1475|25|26|26|義人在惡人面前退縮，好像逿渾之泉，弄濁之井。|zh
1476|25|26|26|Like a troubled fountain and a dirty spring, is an upright man who has to give way before evil-doers.|en
1477|25|27|27|吃蜜過多是不好的；考究自己的榮耀也是可厭的。|zh
1478|25|27|27|It is not good to take much honey: so he who is not looking for honour will be honoured.|en
1479|25|28|28|人不制伏自己的心，好像毀壞的城邑沒有牆垣。|zh
1480|25|28|28|He whose spirit is uncontrolled is like an unwalled town which has been broken into.|en
1481|26|1|1|夏天落雪，收割時下雨，都不相宜；愚昧人得尊榮也是如此。|zh
1482|26|1|1|Like snow in summer and rain when the grain is being cut, so honour is not natural for the foolish.|en
1483|26|2|2|麻雀往來，燕子翻飛；這樣，無故的咒詛也必不臨到。|zh
1484|26|2|2|As the sparrow in her wandering and the swallow in her flight, so the curse does not come without a cause.|en
1485|26|3|3|鞭子是為打馬，轡頭是為勒驢；刑杖是為打愚昧人的背。|zh
1486|26|3|3|A whip for the horse, a mouth-bit for the ass, and a rod for the back of the foolish.|en
1487|26|4|4|不要照愚昧人的愚妄話回答他，恐怕你與他一樣。|zh
1488|26|4|4|Do not give to the foolish man a foolish answer, or you will be like him.|en
1489|26|5|5|要照愚昧人的愚妄話回答他，免得他自以為有智慧。|zh
1490|26|5|5|Give a foolish man a foolish answer, or he will seem wise to himself.|en
1491|26|6|6|藉愚昧人手寄信的，是砍斷自己的腳，自受（原文是：喝）損害。|zh
1492|26|6|6|He who sends news by the hand of a foolish man is cutting off his feet and drinking in damage.|en
1493|26|7|7|瘸子的腳空存無用；箴言在愚昧人的口中也是如此。|zh
1494|26|7|7|The legs of one who has no power of walking are hanging loose; so is a wise saying in the mouth of the foolish.|en
1495|26|8|8|將尊榮給愚昧人的，好像人把石子包在機弦裡。|zh
1496|26|8|8|Giving honour to a foolish man is like attempting to keep a stone fixed in a cord.|en
1497|26|9|9|箴言在愚昧人的口中，好像荊棘刺入醉漢的手。|zh
1498|26|9|9|Like a thorn which goes up into the hand of a man overcome by drink, so is a wise saying in the mouth of a foolish man.|en
1499|26|10|10|雇愚昧人的，與雇過路人的，就像射傷眾人的弓箭手。|zh
1500|26|10|10|Like an archer wounding all who go by, is a foolish man overcome by drink.|en
1501|26|11|11|愚昧人行愚妄事，行了又行，就如狗轉過來吃他所吐的。|zh
1502|26|11|11|Like a dog going back to the food which he has not been able to keep down, is the foolish man doing his foolish acts over again.|en
1503|26|12|12|你見自以為有智慧的人麼？愚昧人比他更有指望。|zh
1504|26|12|12|Have you seen a man who seems to himself to be wise? There is more hope for the foolish than for him.|en
1505|26|13|13|懶惰人說：道上有猛獅，街上有壯獅。|zh
1506|26|13|13|The hater of work says, There is a lion in the way; a lion is in the streets.|en
1507|26|14|14|門在樞紐轉動，懶惰人在床上也是如此。|zh
1508|26|14|14|A door is turned on its pillar, and the hater of work on his bed.|en
1509|26|15|15|懶惰人放手在盤子裡，就是向口撤回也以為勞乏。|zh
1510|26|15|15|The hater of work puts his hand deep into the basin: lifting it again to his mouth is a weariness to him.|en
1511|26|16|16|懶惰人看自己比七個善於應對的人更有智慧。|zh
1512|26|16|16|The hater of work seems to himself wiser than seven men who are able to give an answer with good sense.|en
1513|26|17|17|過路被事激動，管理不干己的爭競，好像人揪住狗耳。|zh
1514|26|17|17|He who gets mixed up in a fight which is not his business, is like one who takes a dog by the ears while it is going by.|en
1515|26|18|18,19 |人欺凌鄰舍，卻說：我豈不是戲耍麼？他就像瘋狂的人拋擲火把、利箭，與殺人的兵器（原文是死亡）。|zh
1516|26|18|18|As one who is off his head sends about flaming sticks and arrows of death,|en
1517|26|19|19|So is the man who gets the better of his neighbour by deceit, and says, Am I not doing so in sport?|en
1518|26|20|20|火缺了柴就必熄滅；無人傳舌，爭競便止息。|zh
1519|26|20|20|Without wood, the fire goes out; and where there is no secret talk, argument is ended.|en
1520|26|21|21|好爭競的人煽惑爭端，就如餘火加炭，火上加柴一樣。|zh
1521|26|21|21|Like breath on coals and wood on fire, so a man given to argument gets a fight started.|en
1522|26|22|22|傳舌人的言語，如同美食，深入人的心腹。|zh
1523|26|22|22|The words of one who says evil of his neighbour secretly are like sweet food, they go down into the inner parts of the stomach.|en
1524|26|23|23|火熱的嘴，奸惡的心，好像銀渣包的瓦器。|zh
1525|26|23|23|Smooth lips and an evil heart are like a vessel of earth plated with silver waste.|en
1526|26|24|24|怨恨人的，用嘴粉飾，心裡卻藏著詭詐；|zh
1527|26|24|24|With his lips the hater makes things seem what they are not, but deceit is stored up inside him;|en
1528|26|25|25|他用甜言蜜語，你不可信他，因為他心中有七樣可憎惡的。|zh
1529|26|25|25|When he says fair words, have no belief in him; for in his heart are seven evils:|en
1530|26|26|26|他雖用詭詐遮掩自己的怨恨，他的邪惡必在會中顯露。|zh
1531|26|26|26|Though his hate is covered with deceit, his sin will be seen openly before the meeting of the people.|en
1532|26|27|27|挖陷坑的，自己必掉在其中；滾石頭的，石頭必反滾在他身上。|zh
1533|26|27|27|He who makes a hole in the earth will himself go falling into it: and on him by whom a stone is rolled the stone will come back again.|en
1534|26|28|28|虛謊的舌恨他所壓傷的人；諂媚的口敗壞人的事。|zh
1535|26|28|28|A false tongue has hate for those who have clean hearts, and a smooth mouth is a cause of falling.|en
1536|27|1|1|不要為明日自誇，因為一日要生何事，你尚且不能知道。|zh
1537|27|1|1|Do not make a noise about tomorrow, for you are not certain what a day's outcome may be.|en
1538|27|2|2|要別人誇獎你，不可用口自誇；等外人稱讚你，不可用嘴自稱。|zh
1539|27|2|2|Let another man give you praise, and not your mouth; one who is strange to you, and not your lips.|en
1540|27|3|3|石頭重，沙土沉，愚妄人的惱怒比這兩樣更重。|zh
1541|27|3|3|A stone has great weight, and sand is crushing; but the wrath of the foolish is of greater weight than these.|en
1542|27|4|4|忿怒為殘忍，怒氣為狂瀾，惟有嫉妒，誰能敵得住呢？|zh
1543|27|4|4|Wrath is cruel, and angry feeling an overflowing stream; but who does not give way before envy?|en
1544|27|5|5|當面的責備強如背地的愛情。|zh
1545|27|5|5|Better is open protest than love kept secret.|en
1546|27|6|6|朋友加的傷痕出於忠誠；仇敵連連親嘴卻是多餘。|zh
1547|27|6|6|The wounds of a friend are given in good faith, but the kisses of a hater are false.|en
1548|27|7|7|人吃飽了，厭惡蜂房的蜜；人飢餓了，一切苦物都覺甘甜。|zh
1549|27|7|7|The full man has no use for honey, but to the man in need of food every bitter thing is sweet.|en
1550|27|8|8|人離本處飄流，好像雀鳥離窩遊飛。|zh
1551|27|8|8|Like a bird wandering from the place of her eggs is a man wandering from his station.|en
1552|27|9|9|膏油與香料使人心喜悅；朋友誠實的勸教也是如此甘美。|zh
1553|27|9|9|Oil and perfume make glad the heart, and the wise suggestion of a friend is sweet to the soul.|en
1554|27|10|10|你的朋友和父親的朋友，你都不可離棄。你遭難的日子，不要上弟兄的家去；相近的鄰舍強如遠方的弟兄。|zh
1555|27|10|10|Do not give up your friend and your father's friend; and do not go into your brother's house in the day of your trouble: better is a neighbour who is near than a brother far off.|en
1556|27|11|11|我兒，你要作智慧人，好叫我的心歡喜，使我可以回答那譏誚我的人。|zh
1557|27|11|11|My son, be wise and make my heart glad, so that I may give back an answer to him who puts me to shame.|en
1558|27|12|12|通達人見禍藏躲；愚蒙人前往受害。|zh
1559|27|12|12|The sharp man sees the evil and takes cover: the simple go straight on and get into trouble.|en
1560|27|13|13|誰為生人作保，就拿誰的衣服；誰為外女作保，誰就承當。|zh
1561|27|13|13|Take a man's clothing if he makes himself responsible for a strange man, and get an undertaking from him who gives his word for strange men.|en
1562|27|14|14|清晨起來，大聲給朋友祝福的，就算是咒詛他。|zh
1563|27|14|14|He who gives a blessing to his friend with a loud voice, getting up early in the morning, will have it put to his account as a curse.|en
1564|27|15|15|大雨之日連連滴漏，和爭吵的婦人一樣；|zh
1565|27|15|15|Like an unending dropping on a day of rain is a bitter-tongued woman.|en
1566|27|16|16|想攔阻他的，便是攔阻風，也是右手抓油。|zh
1567|27|16|16|He who keeps secret the secret of his friend, will get himself a name for good faith.|en
1568|27|17|17|鐵磨鐵，磨出刃來；朋友相感（原文是磨朋友的臉）也是如此。|zh
1569|27|17|17|Iron makes iron sharp; so a man makes sharp his friend.|en
1570|27|18|18|看守無花果樹的，必吃樹上的果子；敬奉主人的，必得尊榮。|zh
1571|27|18|18|Whoever keeps a fig-tree will have its fruit; and the servant waiting on his master will be honoured.|en
1572|27|19|19|水中照臉，彼此相符；人與人，心也相對。|zh
1573|27|19|19|Like face looking at face in water, so are the hearts of men to one another.|en
1574|27|20|20|陰間和滅亡永不滿足；人的眼目也是如此。|zh
1575|27|20|20|The underworld and Abaddon are never full, and the eyes of man have never enough.|en
1576|27|21|21|鼎為煉銀，爐為煉金，人的稱讚也試煉人。|zh
1577|27|21|21|The heating-pot is for silver and the oven-fire for gold, and a man is measured by what he is praised for.|en
1578|27|22|22|你雖用杵將愚妄人與打碎的麥子一同搗在臼中，他的愚妄還是離不了他。|zh
1579|27|22|22|Even if a foolish man is crushed with a hammer in a vessel among crushed grain, still his foolish ways will not go from him.|en
1580|27|23|23|你要詳細知道你羊群的景況，留心料理你的牛群；|zh
1581|27|23|23|Take care to have knowledge about the condition of your flocks, looking well after your herds;|en
1582|27|24|24|因為資財不能永有，冠冕豈能存到萬代？|zh
1583|27|24|24|For wealth is not for ever, and money does not go on for all generations.|en
1584|27|25|25|乾草割去，嫩草發現，山上的菜蔬也被收斂。|zh
1585|27|25|25|The grass comes up and the young grass is seen, and the mountain plants are got in.|en
1586|27|26|26|羊羔之毛是為你作衣服；山羊是為作田地的價值，|zh
1587|27|26|26|The lambs are for your clothing, and the he-goats make the value of a field:|en
1588|27|27|27|並有母山羊奶夠你吃，也夠你的家眷吃，且夠養你的婢女。|zh
1589|27|27|27|There will be goats' milk enough for your food, and for the support of your servant-girls.|en
1590|28|1|1|惡人雖無人追趕也逃跑；義人卻膽壯像獅子。|zh
1591|28|1|1|The evil man goes running away when no man is after him, but the upright are without fear, like the lion.|en
1592|28|2|2|邦國因有罪過，君王就多更換；因有聰明知識的人，國必長存。|zh
1593|28|2|2|Because of the sin of the land, its troubles are increased; but by a man of wisdom and knowledge they will be put out like a fire.|en
1594|28|3|3|窮人欺壓貧民，好像暴雨沖沒糧食。|zh
1595|28|3|3|A man of wealth who is cruel to the poor is like a violent rain causing destruction of food.|en
1596|28|4|4|違棄律法的，誇獎惡人；遵守律法的，卻與惡人相爭。|zh
1597|28|4|4|Those who have no respect for the law give praise to the evil-doer; but such as keep the law are against him.|en
1598|28|5|5|壞人不明白公義；惟有尋求耶和華的，無不明白。|zh
1599|28|5|5|Evil men have no knowledge of what is right; but those who go after the Lord have knowledge of all things.|en
1600|28|6|6|行為純正的窮乏人勝過行事乖僻的富足人。|zh
1601|28|6|6|Better is the poor man whose ways are upright, than the man of wealth whose ways are not straight.|en
1602|28|7|7|謹守律法的，是智慧之子；與貪食人作伴的，卻羞辱其父。|zh
1603|28|7|7|He who keeps the law is a wise son, but he who keeps company with feasters puts shame on his father.|en
1604|28|8|8|人以厚利加增財物，是給那憐憫窮人者積蓄的。|zh
1605|28|8|8|He who makes his wealth greater by taking interest, only gets it together for him who has pity on the poor.|en
1606|28|9|9|轉耳不聽律法的，他的祈禱也為可憎。|zh
1607|28|9|9|As for the man whose ear is turned away from hearing the law, even his prayer is disgusting.|en
1608|28|10|10|誘惑正直人行惡道的，必掉在自己的坑裡；惟有完全人必承受福分。|zh
1609|28|10|10|Anyone causing the upright to go wandering in an evil way, will himself go down into the hole he has made; but the upright will have good things for their heritage.|en
1610|28|11|11|富足人自以為有智慧，但聰明的貧窮人能將他查透。|zh
1611|28|11|11|The man of wealth seems to himself to be wise, but the poor man who has sense has a low opinion of him.|en
1612|28|12|12|義人得志，有大榮耀；惡人興起，人就躲藏。|zh
1613|28|12|12|When the upright do well, there is great glory; but when evil-doers are lifted up, men do not let themselves be seen.|en
1614|28|13|13|遮掩自己罪過的，必不亨通；承認離棄罪過的，必蒙憐恤。|zh
1615|28|13|13|He who keeps his sins secret will not do well; but one who is open about them, and gives them up, will get mercy.|en
1616|28|14|14|常存敬畏的，便為有福；心存剛硬的，必陷在禍患裡。|zh
1617|28|14|14|Happy is the man in whom is the fear of the Lord at all times; but he whose heart is hard will come into trouble.|en
1618|28|15|15|暴虐的君王轄制貧民，好像吼叫的獅子、覓食的熊。|zh
1619|28|15|15|Like a loud-voiced lion and a wandering bear, is an evil ruler over a poor people.|en
1620|28|16|16|無知的君多行暴虐；以貪財為可恨的，必年長日久。|zh
1621|28|16|16|The prince who has no sense is a cruel ruler; but he who has no desire to get profit for himself will have long life.|en
1622|28|17|17|背負流人血之罪的，必往坑裡奔跑，誰也不可攔阻他。|zh
1623|28|17|17|One who has been the cause of a man's death will go in flight to the underworld: let no man give him help.|en
1624|28|18|18|行動正直的，必蒙拯救；行事彎曲的，立時跌倒。|zh
1625|28|18|18|He whose ways are upright will be safe, but sudden will be the fall of him whose ways are twisted.|en
1626|28|19|19|耕種自己田地的，必得飽食；追隨虛浮的，足受窮乏。|zh
1627|28|19|19|By ploughing his land a man will have bread in full measure; but he who goes after good-for-nothing persons will be poor enough.|en
1628|28|20|20|誠實人必多得福；想要急速發財的，不免受罰。|zh
1629|28|20|20|A man of good faith will have great blessing, but one attempting to get wealth quickly will not go free from punishment.|en
1630|28|21|21|看人的情面乃為不好；人因一塊餅枉法也為不好。|zh
1631|28|21|21|It is not good to have respect for a man's position: for a man will do wrong for a bit of bread.|en
1632|28|22|22|人有惡眼想要急速發財，卻不知窮乏必臨到他身。|zh
1633|28|22|22|He who is ever desiring wealth goes running after money, and does not see that need will come on him.|en
1634|28|23|23|責備人的，後來蒙人喜悅，多於那用舌頭諂媚人的。|zh
1635|28|23|23|He who says words of protest to a man will later have more approval than one who says smooth words with his tongue.|en
1636|28|24|24|偷竊父母的，說：這不是罪，此人就是與強盜同類。|zh
1637|28|24|24|He who takes from his father or his mother what is theirs by right, and says, It is no sin; is the same as a taker of life.|en
1638|28|25|25|心中貪婪的，挑起爭端；倚靠耶和華的，必得豐裕。|zh
1639|28|25|25|He who is ever desiring profit is a cause of fighting; but he who puts his faith in the Lord will be made fat.|en
1640|28|26|26|心中自是的，便是愚昧人；憑智慧行事的，必蒙拯救。|zh
1641|28|26|26|He whose faith is in himself is foolish; but everyone walking wisely will be kept safe.|en
1642|28|27|27|賙濟貧窮的，不致缺乏；佯為不見的，必多受咒詛。|zh
1643|28|27|27|He who gives to the poor will never be in need, but great curses will be on him who gives no attention to them.|en
1644|28|28|28|惡人興起，人就躲藏；惡人敗亡，義人增多。|zh
1645|28|28|28|When evil-doers are lifted up, men take cover; but when destruction overtakes them, the upright are increased.|en
1646|29|1|1|人屢次受責罰，仍然硬著頸項；他必頃刻敗壞，無法可治。|zh
1647|29|1|1|A man hating sharp words and making his heart hard, will suddenly be broken and will not be made well again.|en
1648|29|2|2|義人增多，民就喜樂；惡人掌權，民就歎息。|zh
1649|29|2|2|When the upright have power, the people are glad; when an evil man is ruler, grief comes on the people.|en
1650|29|3|3|愛慕智慧的，使父親喜樂；與妓女結交的，卻浪費錢財。|zh
1651|29|3|3|A man who is a lover of wisdom is a joy to his father: but he who goes in the company of loose women is a waster of wealth.|en
1652|29|4|4|王藉公平，使國堅定；索要賄賂，使國傾敗。|zh
1653|29|4|4|A king, by right rule, makes the land safe; but one full of desires makes it a waste.|en
1654|29|5|5|諂媚鄰舍的，就是設網羅絆他的腳。|zh
1655|29|5|5|A man who says smooth things to his neighbour is stretching out a net for his steps.|en
1656|29|6|6|惡人犯罪，自陷網羅；惟獨義人歡呼喜樂。|zh
1657|29|6|6|In the steps of an evil man there is a net for him, but the upright man gets away quickly and is glad.|en
1658|29|7|7|義人知道查明窮人的案；惡人沒有聰明，就不得而知。|zh
1659|29|7|7|The upright man gives attention to the cause of the poor: the evil-doer gives no thought to it.|en
1660|29|8|8|褻慢人煽惑通城；智慧人止息眾怒。|zh
1661|29|8|8|Men of pride are the cause of violent acts in a town, but by wise men wrath is turned away.|en
1662|29|9|9|智慧人與愚妄人相爭，或怒或笑，總不能使他止息。|zh
1663|29|9|9|If a wise man goes to law with a foolish man, he may be angry or laughing, but there will be no rest.|en
1664|29|10|10|好流人血的，恨惡完全人，索取正直人的性命。|zh
1665|29|10|10|Men of blood are haters of the good man, and evil-doers go after his soul.|en
1666|29|11|11|愚妄人怒氣全發；智慧人忍氣含怒。|zh
1667|29|11|11|A foolish man lets out all his wrath, but a wise man keeps it back quietly.|en
1668|29|12|12|君王若聽謊言，他一切臣僕都是奸惡。|zh
1669|29|12|12|If a ruler gives attention to false words, all his servants are evil-doers.|en
1670|29|13|13|貧窮人、強暴人在世相遇；他們的眼目都蒙耶和華光照。|zh
1671|29|13|13|The poor man and his creditor come face to face: the Lord gives light to their eyes equally.|en
1672|29|14|14|君王憑誠實判斷窮人；他的國位必永遠堅立。|zh
1673|29|14|14|The king who is a true judge in the cause of the poor, will be safe for ever on the seat of his power.|en
1674|29|15|15|杖打和責備能加增智慧；放縱的兒子使母親羞愧。|zh
1675|29|15|15|The rod and sharp words give wisdom: but a child who is not guided is a cause of shame to his mother.|en
1676|29|16|16|惡人加多，過犯也加多，義人必看見他們跌倒。|zh
1677|29|16|16|When evil men are in power, wrongdoing is increased; but the upright will have pleasure when they see their downfall.|en
1678|29|17|17|管教你的兒子，他就使你得安息，也必使你心裡喜樂。|zh
1679|29|17|17|Give your son training, and he will give you rest; he will give delight to your soul.|en
1680|29|18|18|沒有異象（或譯：默示），民就放肆；惟遵守律法的，便為有福。|zh
1681|29|18|18|Where there is no vision, the people are uncontrolled; but he who keeps the law will be happy.|en
1682|29|19|19|只用言語，僕人不肯受管教；他雖然明白，也不留意。|zh
1683|29|19|19|A servant will not be trained by words; for though the sense of the words is clear to him, he will not give attention.|en
1684|29|20|20|你見言語急躁的人嗎？愚昧人比他更有指望。|zh
1685|29|20|20|Have you seen a man who is quick with his tongue? There is more hope for a foolish man than for him.|en
1686|29|21|21|人將僕人從小嬌養，這僕人終久必成了他的兒子。|zh
1687|29|21|21|If a servant is gently cared for from his early years, he will become a cause of sorrow in the end.|en
1688|29|22|22|好氣的人挑啟爭端；暴怒的人多多犯罪。|zh
1689|29|22|22|An angry man is the cause of fighting, and a man given to wrath does much wrong.|en
1690|29|23|23|人的高傲必使他卑下；心裡謙遜的，必得尊榮。|zh
1691|29|23|23|A man's pride will be the cause of his fall, but he who has a gentle spirit will get honour.|en
1692|29|24|24|人與盜賊分贓，是恨惡自己的性命；他聽見叫人發誓的聲音，卻不言語。|zh
1693|29|24|24|A man who takes part with a thief has hate for his soul; he is put under oath, but says nothing.|en
1694|29|25|25|懼怕人的，陷入網羅；惟有倚靠耶和華的，必得安穩。|zh
1695|29|25|25|The fear of man is a cause of danger: but whoever puts his faith in the Lord will have a safe place on high.|en
1696|29|26|26|求王恩的人多；定人事乃在耶和華。|zh
1697|29|26|26|The approval of a ruler is desired by great numbers: but the decision in a man's cause comes from the Lord.|en
1698|29|27|27|為非作歹的，被義人憎嫌；行事正直的，被惡人憎惡。|zh
1699|29|27|27|An evil man is disgusting to the upright, and he who is upright is disgusting to evil-doers.|en
1700|30|1|1|雅基的兒子亞古珥的言語就是真言。這人對以鐵和烏甲說：|zh
1701|30|1|1|The words of Agur, the son of Jakeh, from Massa. The man says: I am full of weariness, O God, I am full of weariness; O God, I have come to an end:|en
1702|30|2|2|我比眾人更蠢笨，也沒有人的聰明。|zh
1703|30|2|2|For I am more like a beast than any man, I have no power of reasoning like a man:|en
1704|30|3|3|我沒有學好智慧，也不認識至聖者。|zh
1705|30|3|3|I have not got wisdom by teaching, so that I might have the knowledge of the Holy One.|en
1706|30|4|4|誰升天又降下來？誰聚風在掌握中？誰包水在衣服裡？誰立定地的四極？他名叫甚麼？他兒子名叫甚麼？你知道嗎？|zh
1707|30|4|4|Who has gone up to heaven and come down? who has taken the winds in his hands, prisoning the waters in his robe? by whom have all the ends of the earth been fixed? what is his name, and what is his son's name, if you are able to say?|en
1708|30|5|5|神的言語句句都是煉淨的；投靠他的，他便作他們的盾牌。|zh
1709|30|5|5|Every word of God is tested: he is a breastplate to those who put their faith in him.|en
1710|30|6|6|他的言語，你不可加添，恐怕他責備你，你就顯為說謊言的。|zh
1711|30|6|6|Make no addition to his words, or he will make clear your error, and you will be seen to be false.|en
1712|30|7|7|我求你兩件事，在我未死之先，不要不賜給我：|zh
1713|30|7|7|I have made request to you for two things; do not keep them from me before my death:|en
1714|30|8|8|求你使虛假和謊言遠離我；使我也不貧窮也不富足；賜給我需用的飲食，|zh
1715|30|8|8|Put far from me all false and foolish things: do not give me great wealth or let me be in need, but give me only enough food:|en
1716|30|9|9|恐怕我飽足不認你，說：耶和華是誰呢？又恐怕我貧窮就偷竊，以致褻瀆我神的名。|zh
1717|30|9|9|For fear that if I am full, I may be false to you and say, Who is the Lord? or if I am poor, I may become a thief, using the name of my God wrongly.|en
1718|30|10|10|你不要向主人讒謗僕人，恐怕他咒詛你，你便算為有罪。|zh
1719|30|10|10|Do not say evil of a servant to his master, or he will put a curse on you, and you will get into trouble.|en
1720|30|11|11|有一宗人（宗：原文是代；下同），咒詛父親，不給母親祝福。|zh
1721|30|11|11|There is a generation who put a curse on their father, and do not give a blessing to their mother.|en
1722|30|12|12|有一宗人，自以為清潔，卻沒有洗去自己的污穢。|zh
1723|30|12|12|There is a generation who seem to themselves to be free from sin, but are not washed from their unclean ways.|en
1724|30|13|13|有一宗人，眼目何其高傲，眼皮也是高舉。|zh
1725|30|13|13|There is a generation, O how full of pride are their eyes! O how their brows are lifted up!|en
1726|30|14|14|有一宗人，牙如劍，齒如刀，要吞滅地上的困苦人和世間的窮乏人。|zh
1727|30|14|14|There is a generation whose teeth are like swords, their strong teeth like knives, for the destruction of the poor from the earth, and of those who are in need from among men.|en
1728|30|15|15|螞蟥有兩個女兒，常說：給呀，給呀！有三樣不知足的，連不說夠的共有四樣：|zh
1729|30|15|15|The night-spirit has two daughters, Give, give. There are three things which are never full, even four which never say, Enough:|en
1730|30|16|16|就是陰間和石胎，浸水不足的地，並火。|zh
1731|30|16|16|The underworld, and the woman without a child; the earth which never has enough water, and the fire which never says, Enough.|en
1732|30|17|17|戲笑父親、藐視而不聽從母親的，他的眼睛必為谷中的烏鴉啄出來，為鷹雛所吃。|zh
1733|30|17|17|The eye which makes sport of a father, and sees no value in a mother when she is old will be rooted out by the ravens of the valley, and be food for the young eagles.|en
1734|30|18|18|我所測不透的奇妙有三樣，連我所不知道的共有四樣：|zh
1735|30|18|18|There are three things, the wonder of which overcomes me, even four things outside my knowledge:|en
1736|30|19|19|就是鷹在空中飛的道；蛇在磐石上爬的道；船在海中行的道；男與女交合的道。|zh
1737|30|19|19|The way of an eagle in the air; the way of a snake on a rock; the way of a ship in the heart of the sea; and the way of a man with a girl.|en
1738|30|20|20|淫婦的道也是這樣：他吃了，把嘴一擦就說：我沒有行惡。|zh
1739|30|20|20|This is the way of a false wife; she takes food, and, cleaning her mouth, says, I have done no wrong.|en
1740|30|21|21|使地震動的有三樣，連地擔不起的共有四樣：|zh
1741|30|21|21|For three things the earth is moved, and there are four which it will not put up with:|en
1742|30|22|22|就是僕人作王；愚頑人吃飽；|zh
1743|30|22|22|A servant when he becomes a king; a man without sense when his wealth is increased;|en
1744|30|23|23|醜惡的女子出嫁；婢女接續主母。|zh
1745|30|23|23|A hated woman when she is married; and a servant-girl who takes the place of her master's wife.|en
1746|30|24|24|地上有四樣小物，卻甚聰明：|zh
1747|30|24|24|There are four things which are little on the earth, but they are very wise:|en
1748|30|25|25|螞蟻是無力之類，卻在夏天預備糧食。|zh
1749|30|25|25|The ants are a people not strong, but they put by a store of food in the summer;|en
1750|30|26|26|沙番是軟弱之類，卻在磐石中造房。|zh
1751|30|26|26|The conies are only a feeble people, but they make their houses in the rocks;|en
1752|30|27|27|蝗蟲沒有君王，卻分隊而出。|zh
1753|30|27|27|The locusts have no king, but they all go out in bands;|en
1754|30|28|28|守宮用爪抓牆，卻住在王宮。|zh
1755|30|28|28|You may take the lizard in your hands, but it is in kings' houses.|en
1756|30|29|29|步行威武的有三樣，連行走威武的共有四樣：|zh
1757|30|29|29|There are three things whose steps are good to see, even four whose goings are fair:|en
1758|30|30|30|就是獅子─乃百獸中最為猛烈、無所躲避的，|zh
1759|30|30|30|The lion, which is strongest among beasts, not turning from his way for any;|en
1760|30|31|31|獵狗，公山羊，和無人能敵的君王。|zh
1761|30|31|31|The war-horse, and the he-goat, and the king when his army is with him.|en
1762|30|32|32|你若行事愚頑，自高自傲，或是懷了惡念，就當用手摀口。|zh
1763|30|32|32|If you have done foolishly in lifting yourself up, or if you have had evil designs, put your hand over your mouth.|en
1764|30|33|33|搖牛奶必成奶油；扭鼻子必出血。照樣，激動怒氣必起爭端。|zh
1765|30|33|33|The shaking of milk makes butter, and the twisting of the nose makes blood come: so the forcing of wrath is a cause of fighting.|en
1766|31|1|1|利慕伊勒王的言語，是他母親教訓他的真言。|zh
1767|31|1|1|The words of Lemuel, king of Massa: the teaching which he had from his mother.|en
1768|31|2|2|我的兒啊，我腹中生的兒啊，我許願得的兒啊！我當怎樣教訓你呢？|zh
1769|31|2|2|What am I to say to you, O Lemuel, my oldest son? and what, O son of my body? and what, O son of my oaths?|en
1770|31|3|3|不要將你的精力給婦女；也不要有敗壞君王的行為。|zh
1771|31|3|3|Do not give your strength to women, or your ways to that which is the destruction of kings.|en
1772|31|4|4|利慕伊勒啊，君王喝酒，君王喝酒不相宜；王子說濃酒在那裡也不相宜；|zh
1773|31|4|4|It is not for kings, O Lemuel, it is not for kings to take wine, or for rulers to say, Where is strong drink?|en
1774|31|5|5|恐怕喝了就忘記律例，顛倒一切困苦人的是非。|zh
1775|31|5|5|For fear that through drinking they may come to have no respect for the law, wrongly judging the cause of those who are in trouble.|en
1776|31|6|6|可以把濃酒給將亡的人喝，把清酒給苦心的人喝，|zh
1777|31|6|6|Give strong drink to him who is near to destruction, and wine to him whose soul is bitter:|en
1778|31|7|7|讓他喝了，就忘記他的貧窮，不再記念他的苦楚。|zh
1779|31|7|7|Let him have drink, and his need will go from his mind, and the memory of his trouble will be gone.|en
1780|31|8|8|你當為啞巴（或譯：不能自辯的）開口，為一切孤獨的伸冤。|zh
1781|31|8|8|Let your mouth be open for those who have no voice, in the cause of those who are ready for death.|en
1782|31|9|9|你當開口按公義判斷，為困苦和窮乏的辨屈。|zh
1783|31|9|9|Let your mouth be open, judging rightly, and give right decisions in the cause of the poor and those in need.|en
1784|31|10|10|才德的婦人誰能得著呢？他的價值遠勝過珍珠。|zh
1785|31|10|10|Who may make discovery of a woman of virtue? For her price is much higher than jewels.|en
1786|31|11|11|他丈夫心裡倚靠他，必不缺少利益.；|zh
1787|31|11|11|The heart of her husband has faith in her, and he will have profit in full measure.|en
1788|31|12|12|他一生使丈夫有益無損。|zh
1789|31|12|12|She does him good and not evil all the days of her life.|en
1790|31|13|13|他尋找羊羢和麻，甘心用手做工。|zh
1791|31|13|13|She gets wool and linen, working at the business of her hands.|en
1792|31|14|14|他好像商船從遠方運糧來，|zh
1793|31|14|14|She is like the trading-ships, getting food from far away.|en
1794|31|15|15|未到黎明他就起來，把食物分給家中的人，將當做的工分派婢女。|zh
1795|31|15|15|She gets up while it is still night, and gives meat to her family, and their food to her servant-girls.|en
1796|31|16|16|他想得田地就買來；用手所得之利栽種葡萄園。|zh
1797|31|16|16|After looking at a field with care, she gets it for a price, planting a vine-garden with the profit of her work.|en
1798|31|17|17|他以能力束腰，使膀臂有力。|zh
1799|31|17|17|She puts a band of strength round her, and makes her arms strong.|en
1800|31|18|18|他覺得所經營的有利；他的燈終夜不滅|zh
1801|31|18|18|She sees that her marketing is of profit to her: her light does not go out by night.|en
1802|31|19|19|他手拿撚線竿，手把紡線車。|zh
1803|31|19|19|She puts her hands to the cloth-working rod, and her fingers take the wheel.|en
1804|31|20|20|他張手賙濟困苦人，伸手幫補窮乏人。|zh
1805|31|20|20|Her hands are stretched out to the poor; yes, she is open-handed to those who are in need.|en
1806|31|21|21|他不因下雪為家裡的人擔心，因為全家都穿著朱紅衣服。|zh
1807|31|21|21|She has no fear of the snow for her family, for all those in her house are clothed in red.|en
1808|31|22|22|他為自己製作繡花毯子；他的衣服是細麻和紫色布作的。|zh
1809|31|22|22|She makes for herself cushions of needlework; her clothing is fair linen and purple.|en
1810|31|23|23|他丈夫在城門口與本地的長老同坐，為眾人所認識。|zh
1811|31|23|23|Her husband is a man of note in the public place, when he takes his seat among the responsible men of the land.|en
1812|31|24|24|他做細麻布衣裳出賣，又將腰帶賣與商家。|zh
1813|31|24|24|She makes linen robes and gets a price for them, and traders take her cloth bands for a price.|en
1814|31|25|25|能力和威儀是他的衣服；他想到日後的景況就喜笑。|zh
1815|31|25|25|Strength and self-respect are her clothing; she is facing the future with a smile.|en
1816|31|26|26|他開口就發智慧；他舌上有仁慈的法則。|zh
1817|31|26|26|Her mouth is open to give out wisdom, and the law of mercy is on her tongue.|en
1818|31|27|27|他觀察家務，並不吃閒飯。|zh
1819|31|27|27|She gives attention to the ways of her family, she does not take her food without working for it.|en
1820|31|28|28|他的兒女起來，稱他有福；他的丈夫也稱讚他，|zh
1821|31|28|28|Her children get up and give her honour, and her husband gives her praise, saying,|en
1822|31|29|29|說：才德的女子很多，惟獨你超過一切。|zh
1823|31|29|29|Unnumbered women have done well, but you are better than all of them.|en
1824|31|30|30|艷麗是虛假的，美容是虛浮的；惟敬畏耶和華的婦女必得稱讚。|zh
1825|31|30|30|Fair looks are a deceit, and a beautiful form is of no value; but a woman who has the fear of the Lord is to be praised.|en
1826|31|31|31|願他享受操作所得的；願他的工作在城門口榮耀他。|zh
1827|31|31|31|Give her credit for what her hands have made: let her be praised by her works in the public place.|en
