|chapter|sec|no|content|lang
0|1|1|1|太初有道，道與神同在，道就是神。|zh
1|1|1|1|From the first he was the Word, and the Word was in relation with God and was God.|en
2|1|2|2|這道太初與神同在。|zh
3|1|2|2|This Word was from the first in relation with God.|en
4|1|3|3|萬物是藉著他造的；凡被造的，沒有一樣不是藉著他造的。|zh
5|1|3|3|All things came into existence through him, and without him nothing was.|en
6|1|4|4|生命在他裡頭，這生命就是人的光。|zh
7|1|4|4|What came into existence in him was life, and the life was the light of men.|en
8|1|5|5|光照在黑暗裡，黑暗卻不接受光。|zh
9|1|5|5|And the light goes on shining in the dark; it is not overcome by the dark.|en
10|1|6|6|有一個人，是從神那裡差來的，名叫約翰。|zh
11|1|6|6|There was a man sent from God, whose name was John.|en
12|1|7|7|這人來，為要作見證，就是為光作見證，叫眾人因他可以信。|zh
13|1|7|7|He came for witness, to give witness about the light, so that all men might have faith through him.|en
14|1|8|8|他不是那光，乃是要為光作見證。|zh
15|1|8|8|He himself was not the light: he was sent to give witness about the light.|en
16|1|9|9|那光是真光，照亮一切生在世上的人。|zh
17|1|9|9|The true light, which gives light to every man, was then coming into the world.|en
18|1|10|10|他在世界，世界也是藉著他造的，世界卻不認識他。|zh
19|1|10|10|He was in the world, the world which came into being through him, but the world had no knowledge of him.|en
20|1|11|11|他到自己的地方來，自己的人倒不接待他。|zh
21|1|11|11|He came to the things which were his and his people did not take him to their hearts.|en
22|1|12|12|凡接待他的，就是信他名的人，他就賜他們權柄，作神的兒女。|zh
23|1|12|12|To all those who did so take him, however, he gave the right of becoming children of God--that is, to those who had faith in his name:|en
24|1|13|13|這等人不是從血氣生的，不是從情慾生的，也不是從人意生的，乃是從神生的。|zh
25|1|13|13|Whose birth was from God and not from blood, or from an impulse of the flesh and man's desire.|en
26|1|14|14|道成了肉身，住在我們中間，充充滿滿的有恩典有真理。我們也見過他的榮光，正是父獨生子的榮光。|zh
27|1|14|14|And so the Word became flesh and took a place among us for a time; and we saw his glory--such glory as is given to an only son by his father--saw it to be true and full of grace.|en
28|1|15|15|約翰為他作見證，喊著說：「這就是我曾說：『那在我以後來的，反成了在我以前的，因他本來在我以前。』」|zh
29|1|15|15|John gave witness about him, crying, This is he of whom I said, He who is coming after me is put over me because he was in existence before me.|en
30|1|16|16|從他豐滿的恩典裡，我們都領受了，而且恩上加恩。|zh
31|1|16|16|From his full measure we have all been given grace on grace.|en
32|1|17|17|律法本是藉著摩西傳的；恩典和真理都是由耶穌基督來的。|zh
33|1|17|17|For the law was given through Moses; grace and the true way of life are ours through Jesus Christ.|en
34|1|18|18|從來沒有人看見神，只有在父懷裡的獨生子將他表明出來。|zh
35|1|18|18|No man has seen God at any time; the only Son, who is on the breast of the Father, he has made clear what God is.|en
36|1|19|19|約翰所作的見證記在下面：猶太人從耶路撒冷差祭司和利未人到約翰那裡，問他說：「你是誰？」|zh
37|1|19|19|And this is the witness of John when the Jews sent priests and Levites from Jerusalem to him with the question, Who are you?|en
38|1|20|20|他就明說，並不隱瞞，明說：「我不是基督。」|zh
39|1|20|20|He said quite openly and straightforwardly, I am not the Christ.|en
40|1|21|21|他們又問他說：「這樣，你是誰呢？是以利亞嗎？」他說：「我不是。」「是那先知嗎？」他回答說：「不是。」|zh
41|1|21|21|And they said to him, What then? Are you Elijah? And he said, I am not. Are you the prophet? And his answer was, I am not.|en
42|1|22|22|於是他們說：「你到底是誰，叫我們好回覆差我們來的人。你自己說，你是誰？」|zh
43|1|22|22|So they said to him, Who are you then? We have to give some answer to those who sent us. What have you to say about yourself?|en
44|1|23|23|他說：「我就是那在曠野有人聲喊著說：『修直主的道路』，正如先知以賽亞所說的。」|zh
45|1|23|23|He said, I am the voice of one crying in the waste land, Make straight the way of the Lord, as said Isaiah the prophet.|en
46|1|24|24|那些人是法利賽人差來的（或作：那差來的是法利賽人）；|zh
47|1|24|24|Those who had been sent came from the Pharisees.|en
48|1|25|25|他們就問他說：「你既不是基督，不是以利亞，也不是那先知，為甚麼施洗呢？」|zh
49|1|25|25|And they put this question to him, saying, Why then are you giving baptism if you are not the Christ, or Elijah, or the prophet?|en
50|1|26|26|約翰回答說：「我是用水施洗，但有一位站在你們中間，是你們不認識的，|zh
51|1|26|26|John's answer was: I give baptism with water; but there is one among you of whom you have no knowledge;|en
52|1|27|27|就是那在我以後來的，我給他解鞋帶也不配。」|zh
53|1|27|27|It is he who is coming after me; I am not good enough to undo his shoes.|en
54|1|28|28|這是在約但河外伯大尼（有古卷：伯大巴喇），約翰施洗的地方作的見證。|zh
55|1|28|28|These things took place at Bethany on the other side of the Jordan, where John was giving baptism.|en
56|1|29|29|次日，約翰看見耶穌來到他那裡，就說：「看哪，神的羔羊，除去（或譯：背負）世人罪孽的！|zh
57|1|29|29|The day after, John sees Jesus coming to him and says, See, here is the Lamb of God who takes away the sin of the world!|en
58|1|30|30|這就是我曾說：『有一位在我以後來、反成了在我以前的，因他本來在我以前。』|zh
59|1|30|30|This is he of whom I said, One is coming after me who is put over me because he was in existence before me.|en
60|1|31|31|我先前不認識他，如今我來用水施洗，為要叫他顯明給以色列人。」|zh
61|1|31|31|I myself had no knowledge of him, but I came giving baptism with water so that he might be seen openly by Israel.|en
62|1|32|32|約翰又作見證說：「我曾看見聖靈，彷彿鴿子從天降下，住在他的身上。|zh
63|1|32|32|And John gave this witness, saying, I saw the Spirit coming down from heaven like a dove and resting on him.|en
64|1|33|33|我先前不認識他，只是那差我來用水施洗的、對我說：『你看見聖靈降下來，住在誰的身上，誰就是用聖靈施洗的。』|zh
65|1|33|33|I had no knowledge who he was, but he who sent me to give baptism with water said to me, The one on whom you see the Spirit coming down and resting, it is he who gives baptism with the Holy Spirit.|en
66|1|34|34|我看見了，就證明這是神的兒子。」|zh
67|1|34|34|This I saw myself and my witness is that he is the Son of God.|en
68|1|35|35|再次日，約翰同兩個門徒站在那裡。|zh
69|1|35|35|The day after, John was there again with two of his disciples;|en
70|1|36|36|他見耶穌行走，就說：「看哪，這是神的羔羊！」|zh
71|1|36|36|And looking at Jesus while he was walking he said, See, there is the Lamb of God!|en
72|1|37|37|兩個門徒聽見他的話，就跟從了耶穌。|zh
73|1|37|37|Hearing what he said, the two disciples went after Jesus.|en
74|1|38|38|耶穌轉過身來，看見他們跟著，就問他們說：「你們要甚麼？」他們說：「拉比，在哪裡住？」（拉比翻出來就是夫子。）|zh
75|1|38|38|And Jesus, turning round, saw them coming after him and said to them, What are you looking for? They said to him, Rabbi (which is to say, Master), where are you living?|en
76|1|39|39|耶穌說：「你們來看。」他們就去看他在那裡住，這一天便與他同住；那時約有申正了。|zh
77|1|39|39|He said to them, Come and see. They went with him then and saw where he was living; and they were with him all that day: it was then about the tenth hour of the day.|en
78|1|40|40|聽見約翰的話跟從耶穌的那兩個人，一個是西門彼得的兄弟安得烈。|zh
79|1|40|40|Andrew, Simon Peter's brother, was one of the two men who, hearing what John said, went after Jesus.|en
80|1|41|41|他先找著自己的哥哥西門，對他說：「我們遇見彌賽亞了。」（彌賽亞繙出來就是基督。）|zh
81|1|41|41|Early in the morning he came across his brother and said to him, We have made discovery! It is the Messiah! (which is to say, the Christ).|en
82|1|42|42|於是領他去見耶穌。耶穌看著他，說：「你是約翰的兒子西門（約翰在馬太16：17稱約拿），你要稱為磯法。」（磯法翻出來就是彼得。）|zh
83|1|42|42|And he took him to Jesus. Looking at him fixedly Jesus said, You are Simon, the son of John; your name will be Cephas (which is to say, Peter).|en
84|1|43|43|又次日，耶穌想要往加利利去，遇見腓力，就對他說：「來跟從我吧。」|zh
85|1|43|43|The day after this, Jesus had a desire to go into Galilee. He came across Philip and said to him, Come and be my disciple.|en
86|1|44|44|這腓力是伯賽大人，和安得烈、彼得同城。|zh
87|1|44|44|Now Philip's town was Beth-saida, where Andrew and Peter came from.|en
88|1|45|45|腓力找著拿但業，對他說「摩西在律法上所寫的和眾先知所記的那一位，我們遇見了，就是約瑟的兒子拿撒勒人耶穌。」|zh
89|1|45|45|Philip came across Nathanael and said to him, We have made a discovery! It is he of whom Moses, in the law, and the prophets were writing, Jesus of Nazareth, the son of Joseph.|en
90|1|46|46|拿但業對他說：「拿撒勒還能出甚麼好的嗎？」腓力說：「你來看！」|zh
91|1|46|46|Nazareth! said Nathanael, Is it possible for any good to come out of Nazareth? Philip said to him, Come and see.|en
92|1|47|47|耶穌看見拿但業來，就指著他說：「看哪，這是個真以色列人，他心裡是沒有詭詐的。」|zh
93|1|47|47|Jesus saw Nathanael coming to him and said of him, See, here is a true son of Israel in whom there is nothing false.|en
94|1|48|48|拿但業對耶穌說：「你從哪知道我呢？」耶穌回答說：「腓力還沒有招呼你，你在無花果樹底下，我就看見你了。」|zh
95|1|48|48|Nathanael said to him, Where did you get knowledge of me? In answer Jesus said, Before Philip was talking with you, while you were still under the fig-tree, I saw you.|en
96|1|49|49|拿但業說：「拉比，你是神的兒子，你是以色列的王！」|zh
97|1|49|49|Nathanael said to him, Rabbi, you are the Son of God, you are King of Israel!|en
98|1|50|50|耶穌對他說：「因為我說『在無花果樹底下看見你』，你就信嗎？你將要看見比這更大的事」；|zh
99|1|50|50|In answer Jesus said to him, You have faith because I said to you, I saw you under the fig-tree. You will see greater things than these.|en
100|1|51|51|又說：「我實實在在地告訴你們，你們將要看見天開了，神的使者上去下來在人子身上。」|zh
101|1|51|51|And he said to him, Truly I say to you all, You will see heaven opening and God's angels going up and coming down on the Son of man.|en
102|2|1|1|第三日，在加利利的迦拿有娶親的筵席，耶穌的母親在那裡。|zh
103|2|1|1|On the third day two people were going to be married at Cana in Galilee. The mother of Jesus was there:|en
104|2|2|2|耶穌和他的門徒也被請去赴席。|zh
105|2|2|2|And Jesus with his disciples came as guests.|en
106|2|3|3|酒用盡了，耶穌的母親對他說：「他們沒有酒了。」|zh
107|2|3|3|When they had not enough wine, the mother of Jesus said to him, They have no wine.|en
108|2|4|4|耶穌說：「母親（原文是婦人），我與你有甚麼相干？我的時候還沒有到。」|zh
109|2|4|4|Jesus said to her, Woman, this is not your business; my time is still to come.|en
110|2|5|5|他母親對用人說：「他告訴你們甚麼，你們就做甚麼。」|zh
111|2|5|5|His mother said to the servants, Whatever he says to you, do it.|en
112|2|6|6|照猶太人潔淨的規矩，有六口石缸擺在那裡，每口可以盛兩三桶水。|zh
113|2|6|6|Now six pots of stone, every one taking two or three firkins of water, were placed there for the purpose of washing, as is the way of the Jews.|en
114|2|7|7|耶穌對用人說：「把缸倒滿了水。他們就倒滿了，直到缸口。」|zh
115|2|7|7|Jesus said to the servants, Make the pots full of water. And they made them full to the top.|en
116|2|8|8|耶穌又說：「現在可以舀出來，送給管筵席的。他們就送了去。」|zh
117|2|8|8|Then he said to them, Now take some, and give it to the master of the feast. So they took it to him.|en
118|2|9|9|管筵席的嘗了那水變的酒，並不知道是那裡來的，只有舀水的用人知道。管筵席的便叫新郎來，|zh
119|2|9|9|After tasting the water which had now become wine, the master of the feast (having no idea where it came from, though it was clear to the servants who took the water out) sent for the newly-married man,|en
120|2|10|10|對他說：「人都是先擺上好酒，等客喝足了，才擺上次的，你倒把好酒留到如今！」|zh
121|2|10|10|And said to him, Every man first puts out his best wine and when all have had enough he puts out what is not so good; but you have kept the good wine till now.|en
122|2|11|11|這是耶穌所行的頭一件神蹟，是在加利利的迦拿行的，顯出他的榮耀來；他的門徒就信他了。|zh
123|2|11|11|This, the first of his signs, Jesus did at Cana in Galilee and let his glory be seen openly; and his disciples put their faith in him.|en
124|2|12|12|這事以後，耶穌與他的母親、弟兄、和門徒都下迦百農去，在那裡住了不多幾日。|zh
125|2|12|12|After this he went down to Capernaum, with his mother, his brothers, and his disciples, and they were there not more than two or three days.|en
126|2|13|13|猶太人的逾越節近了，耶穌就上耶路撒冷去。|zh
127|2|13|13|The time of the Passover of the Jews was near and Jesus went up to Jerusalem.|en
128|2|14|14|看見殿裡有賣牛、羊、鴿子的，並有兌換銀錢的人坐在那裡，|zh
129|2|14|14|And there in the Temple he saw men trading in oxen and sheep and doves, and he saw the changers of money in their seats:|en
130|2|15|15|耶穌就拿繩子做成鞭子，把牛羊都趕出殿去，倒出兌換銀錢之人的銀錢，推翻他們的桌子，|zh
131|2|15|15|And he made a whip of small cords and put them all out of the Temple, with the sheep and the oxen, sending in all directions the small money of the changers and overturning their tables;|en
132|2|16|16|又對賣鴿子的說：「把這些東西拿去！不要將我父的殿當作買賣的地方。」|zh
133|2|16|16|And to those who were trading in doves he said, Take these things away; do not make my Father's house a market.|en
134|2|17|17|他的門徒就想起經上記著說：「我為你的殿心裡焦急，如同火燒。」|zh
135|2|17|17|And it came to the minds of the disciples that the Writings say, I am on fire with passion for your house.|en
136|2|18|18|因此猶太人問他說：「你既做這些事，還顯甚麼神蹟給我們看呢？」|zh
137|2|18|18|Then the Jews put this question to him: What sign of authority have you to give us, seeing that you do these things?|en
138|2|19|19|耶穌回答說：「你們拆毀這殿，我三日內要再建立起來。」|zh
139|2|19|19|And Jesus said to them, Send destruction on this Temple and I will put it up again in three days.|en
140|2|20|20|猶太人便說：「這殿是四十六年才造成的，你三日內就再建立起來嗎？」|zh
141|2|20|20|The Jews said, The building of this Temple took forty-six years; and you will put it up in three days!|en
142|2|21|21|但耶穌這話是以他的身體為殿。|zh
143|2|21|21|But his words were about that holy building which was his body.|en
144|2|22|22|所以到他從死裡復活以後，門徒就想起他說過這話，便信了聖經和耶穌所說的。|zh
145|2|22|22|So when he had come back again from the dead, the memory of these words came back to the disciples, and they had faith in the holy Writings and in the word which Jesus had said.|en
146|2|23|23|當耶穌在耶路撒冷過逾越節的時候，有許多人看見他所行的神蹟，就信了他的名。|zh
147|2|23|23|Now while he was in Jerusalem at the feast of the Passover, a great number of people came to have faith in his name, after seeing the signs which he did.|en
148|2|24|24|耶穌卻不將自己交託他們；因為他知道萬人，|zh
149|2|24|24|But Jesus did not have faith in them, because he had knowledge of them all.|en
150|2|25|25|也用不著誰見證人怎樣，因他知道人心裡所存的。|zh
151|2|25|25|He had no need for any witness about man; for he himself had knowledge of what was in man.|en
152|3|1|1|有一個法利賽人，名叫尼哥底母，是猶太人的官。|zh
153|3|1|1|Now there was among the Pharisees a man named Nicodemus, who was one of the rulers of the Jews.|en
154|3|2|2|這人夜裡來見耶穌，說「拉比，我們知道你是由神那來作師傅的；因為你所行的神蹟，若沒有神同在，無人能行。」|zh
155|3|2|2|He came to Jesus by night and said to him, Rabbi, we are certain that you have come from God as a teacher, because no man would be able to do these signs which you do if God was not with him.|en
156|3|3|3|耶穌回答說：「我實實在在地告訴你，人若不重生，就不能見神的國。」|zh
157|3|3|3|Jesus said to him, Truly, I say to you, Without a new birth no man is able to see the kingdom of God.|en
158|3|4|4|尼哥底母說：「人已經老了，如何能重生呢？豈能再進母腹生出來嗎？」|zh
159|3|4|4|Nicodemus said to him, How is it possible for a man to be given birth when he is old? Is he able to go into his mother's body a second time and come to birth again?|en
160|3|5|5|耶穌說：「我實實在在的告訴你，人若不是從水和聖靈生的，就不能進神的國。|zh
161|3|5|5|Jesus said in answer, Truly, I say to you, If a man's birth is not from water and from the Spirit, it is not possible for him to go into the kingdom of God.|en
162|3|6|6|從肉身生的就是肉身；從靈生的就是靈。|zh
163|3|6|6|That which has birth from the flesh is flesh, and that which has birth from the Spirit is spirit.|en
164|3|7|7|我說：『你們必須重生』，你不要以為希奇。|zh
165|3|7|7|Do not be surprised that I say to you, It is necessary for you to have a second birth.|en
166|3|8|8|風隨著意思吹，你聽見風的響聲，卻不曉得從那裡來，往那裡去；凡從聖靈生的，也是如此。」|zh
167|3|8|8|The wind goes where its pleasure takes it, and the sound of it comes to your ears, but you are unable to say where it comes from and where it goes: so it is with everyone whose birth is from the Spirit.|en
168|3|9|9|尼哥底母問他說：「怎能有這事呢？」|zh
169|3|9|9|And Nicodemus said to him, How is it possible for these things to be?|en
170|3|10|10|耶穌回答說：「你是以色列人的先生，還不明白這事嗎？|zh
171|3|10|10|And Jesus, answering, said, Are you the teacher of Israel and have no knowledge of these things?|en
172|3|11|11|我實實在在的告訴你，我們所說的是我們知道的；我們所見證的是我們見過的；你們卻不領受我們的見證。|zh
173|3|11|11|Truly, I say to you, We say that of which we have knowledge; we give witness of what we have seen; and you do not take our witness to be true.|en
174|3|12|12|我對你們說地上的事，你們尚且不信，若說天上的事，如何能信呢？|zh
175|3|12|12|If you have no belief when my words are about the things of earth, how will you have belief if my words are about the things of heaven?|en
176|3|13|13|除了從天降下、仍舊在天的人子，沒有人升過天。|zh
177|3|13|13|And no one has ever gone up to heaven but he who came down from heaven, the Son of man.|en
178|3|14|14|摩西在曠野怎樣舉蛇，人子也必照樣被舉起來，|zh
179|3|14|14|As the snake was lifted up by Moses in the waste land, even so it is necessary for the Son of man to be lifted up:|en
180|3|15|15|叫一切信他的都得永生（或作：叫一切信的人在他裡面得永生）。|zh
181|3|15|15|So that whoever has faith may have in him eternal life.|en
182|3|16|16|「神愛世人，甚至將他的獨生子賜給他們，叫一切信他的，不至滅亡，反得永生。|zh
183|3|16|16|For God had such love for the world that he gave his only Son, so that whoever has faith in him may not come to destruction but have eternal life.|en
184|3|17|17|因為神差他的兒子降世，不是要定世人的罪（或作：審判世人；下同），乃是要叫世人因他得救。|zh
185|3|17|17|God did not send his Son into the world to be judge of the world; he sent him so that the world might have salvation through him.|en
186|3|18|18|信他的人，不被定罪；不信的人，罪已經定了，因為他不信神獨生子的名。|zh
187|3|18|18|The man who has faith in him does not come up to be judged; but he who has no faith in him has been judged even now, because he has no faith in the name of the only Son of God.|en
188|3|19|19|光來到世間，世人因自己的行為是惡的，不愛光，倒愛黑暗，定他們的罪就是在此。|zh
189|3|19|19|And this is the test by which men are judged: the light has come into the world and men have more love for the dark than for the light, because their acts are evil.|en
190|3|20|20|凡作惡的便恨光，並不來就光，恐怕他的行為受責備。|zh
191|3|20|20|The light is hated by everyone whose acts are evil and he does not come to the light for fear that his acts will be seen.|en
192|3|21|21|但行真理的必來就光，要顯明他所行的是靠神而行。」|zh
193|3|21|21|But he whose life is true comes to the light, so that it may be clearly seen that his acts have been done by the help of God.|en
194|3|22|22|這事以後，耶穌和門徒到了猶太地，在那裡居住，施洗。|zh
195|3|22|22|After these things Jesus and his disciples went into the land of Judaea, and there he was with them for some time, giving baptism.|en
196|3|23|23|約翰在靠近撒冷的哀嫩也施洗；因為那裡水多，眾人都去受洗。|zh
197|3|23|23|Now John was then giving baptism at Aenon near Salim, because there was much water there; and people came and were given baptism.|en
198|3|24|24|（那時約翰還沒有下在監計。）|zh
199|3|24|24|For at this time John had not been put into prison.|en
200|3|25|25|約翰的門徒和一個猶太人辯論潔淨的禮，|zh
201|3|25|25|Then a question came up between John's disciples and a Jew about washing.|en
202|3|26|26|就來見約翰，說：「拉比，從前同你在約旦河外、你所見證的那位，現在施洗，眾人都往他那裡去了。」|zh
203|3|26|26|And they went to John and said to him, Rabbi, the man who was with you on the other side of the Jordan, the man to whom you gave witness, is now giving baptism, and everyone is going to him.|en
204|3|27|27|約翰說：「若不是從天上賜的，人就不能得甚麼。|zh
205|3|27|27|And this was John's answer: A man is unable to have anything if it is not given to him from heaven.|en
206|3|28|28|我曾說：『我不是基督，是奉差遣在他前面的』，你們自己可以給我作見證。|zh
207|3|28|28|You yourselves give witness that I said, I am not the Christ. What I said was, I am sent before the Christ.|en
208|3|29|29|娶新婦的就是新郎；新郎的朋友站著，聽見新郎的聲音就甚喜樂。故此，我這喜樂滿足了。|zh
209|3|29|29|He who has the bride is the husband: but the husband's friend, whose place is by his side and whose ears are open to him, is full of joy because of the husband's voice: such is my joy, and it is complete.|en
210|3|30|30|他必興旺，我必衰微。」|zh
211|3|30|30|He has to become greater while I become less.|en
212|3|31|31|「從天上來的是在萬有之上；從地上來的是屬乎地，他所說的也是屬乎地。從天上來的是在萬有之上。|zh
213|3|31|31|He who comes from heaven is greater than all others: he who comes from earth is of the earth, and of the earth are his words: he who comes from heaven is over all.|en
214|3|32|32|他將所見所聞的見證出來，只是沒有人領受他的見證。|zh
215|3|32|32|He gives witness of what he has seen and of what has come to his ears; and no man takes his witness as true.|en
216|3|33|33|那領受他見證的，就印上印，證明神是真的。|zh
217|3|33|33|He who so takes his witness has made clear his faith that God is true.|en
218|3|34|34|神所差來的就說神的話，因為神賜聖靈給他是沒有限量的。|zh
219|3|34|34|For he whom God has sent says God's words; and God does not give him the Spirit by measure.|en
220|3|35|35|父愛子，已將萬有交在他手裡。|zh
221|3|35|35|The Father has love for the Son and has put all things into his hands.|en
222|3|36|36|信子的人有永生；不信子的人得不著永生（原文作不得見永生），神的震怒常在他身上。」|zh
223|3|36|36|He who has faith in the Son has eternal life; but he who has not faith in the Son will not see life; God's wrath is resting on him.|en
224|4|1|1|主知道法利賽人聽見他收門徒，施洗，比約翰還多，|zh
225|4|1|1|Now when it was clear to the Lord that word had come to the ears of the Pharisees that Jesus was making more disciples than John and was giving them baptism|en
226|4|2|2|（其實不是耶穌親自施洗，乃是他的門徒施洗，）|zh
227|4|2|2|(Though, in fact, it was his disciples who gave baptism, not Jesus himself),|en
228|4|3|3|他就離了猶太，又往加利利去。|zh
229|4|3|3|He went out of Judaea into Galilee again.|en
230|4|4|4|必須經過撒瑪利亞，|zh
231|4|4|4|And it was necessary for him to go through Samaria.|en
232|4|5|5|於是到了撒瑪利亞的一座城，名叫敘加，靠近雅各給他兒子約瑟的那塊地。|zh
233|4|5|5|So he came to a town of Samaria which was named Sychar, near to the bit of land which Jacob gave to his son Joseph:|en
234|4|6|6|在那裡有雅各井；耶穌因走路困乏，就坐在井旁。那時約有午正。|zh
235|4|6|6|Now Jacob's fountain was there. Jesus, being tired after his journey, was resting by the fountain. It was about the sixth hour.|en
236|4|7|7|有一個撒瑪利亞的婦人來打水。耶穌對他說：「請你給我水喝。」|zh
237|4|7|7|A woman of Samaria came to get water, and Jesus said to her, Give me some water.|en
238|4|8|8|（那時門徒進城買食物去了。〉|zh
239|4|8|8|For his disciples had gone to the town to get food.|en
240|4|9|9|撒瑪利亞的婦人對他說：「你既是猶太人，怎麼向我一個撒馬利亞婦人要水喝呢？」原來猶太人和撒瑪利亞人沒有來往。|zh
241|4|9|9|The woman of Samaria said to him, Why do you, a Jew, make a request for water to me, a woman of Samaria? She said this because Jews have nothing to do with the people of Samaria.|en
242|4|10|10|耶穌回答說：「你若知道神的恩賜，和對你說『給我水喝』的是誰，你必早求他，他也必早給了你活水。」|zh
243|4|10|10|In answer Jesus said, If you had knowledge of what God gives freely and who it is who says to you, Give me water, you would make your prayer to him, and he would give you living water.|en
244|4|11|11|婦人說：「先生，沒有打水的器具，井又深，你從那裡得活水呢？|zh
245|4|11|11|The woman said to him, Sir, you have no vessel and the fountain is deep; from where will you get the living water?|en
246|4|12|12|我們的祖宗雅各將這井留給我們，他自己和兒子並牲畜也都喝這井裡的水，難道你比他還大嗎？」|zh
247|4|12|12|Are you greater than our father Jacob who gave us the fountain and took the water of it himself, with his children and his cattle?|en
248|4|13|13|耶穌回答說：凡喝這水的還要再渴；|zh
249|4|13|13|Jesus said to her, Everyone who takes this water will be in need of it again:|en
250|4|14|14|人若喝我所賜的水就永遠不渴。我所賜的水要在他裡頭成為泉源，直湧到永生。」|zh
251|4|14|14|But whoever takes the water I give him will never be in need of drink again; for the water I give him will become in him a fountain of eternal life.|en
252|4|15|15|婦人說：「先生，請把這水賜給我，叫我不渴，也不用來這麼遠打水。」|zh
253|4|15|15|The woman said to him, Sir, give me this water, so that I may not be in need again of drink and will not have to come all this way for it.|en
254|4|16|16|耶穌說：「你去叫你丈夫也到這裡來。」|zh
255|4|16|16|Jesus said to her, Go, get your husband and come back here with him.|en
256|4|17|17|婦人說：「我沒有丈夫。」耶穌說：「你說沒有丈夫是不錯的。|zh
257|4|17|17|In answer, the woman said, I have no husband. Jesus said to her, You have said rightly, I have no husband:|en
258|4|18|18|你已經有五個丈夫，你現在有的並不是你的丈夫。你這話是真的。」|zh
259|4|18|18|You have had five husbands, and the man you have now is not your husband: that was truly said.|en
260|4|19|19|婦人說：先生，我看出你是先知。|zh
261|4|19|19|The woman said to him, Sir, I see that you are a prophet.|en
262|4|20|20|我們的祖宗在這山上禮拜，你們倒說，應當禮拜的地方是在耶路撒冷。」|zh
263|4|20|20|Our fathers gave worship on this mountain, but you Jews say that the right place for worship is in Jerusalem.|en
264|4|21|21|耶穌說：婦人，你當信我。時候將到，你們拜父，也不在這山上，也不在耶路撒冷。|zh
265|4|21|21|Jesus said to her, Woman, take my word for this; the time is coming when you will not give worship to the Father on this mountain or in Jerusalem.|en
266|4|22|22|你們所拜的，你們不知道；我們所拜的，我們知道，因為救恩是從猶太人出來的。|zh
267|4|22|22|You give worship, but without knowledge of what you are worshipping: we give worship to what we have knowledge of: for salvation comes from the Jews.|en
268|4|23|23|時候將到，如今就是了，那真正拜父的，要用心靈和誠實拜他，因為父要這樣的人拜他。|zh
269|4|23|23|But the time is coming, and is even now here, when the true worshippers will give worship to the Father in the true way of the spirit, for these are the worshippers desired by the Father.|en
270|4|24|24|神是個靈（或無個字），所以拜他的必須用心靈和誠實拜他。」|zh
271|4|24|24|God is Spirit: then let his worshippers give him worship in the true way of the spirit.|en
272|4|25|25|婦人說：「我知道彌賽亞（就是那稱為基督的）要來；他來了，必將一切的事都告訴我們。」|zh
273|4|25|25|The woman said to him, I am certain that the Messiah, who is named Christ, is coming; when he comes he will make all things clear to us.|en
274|4|26|26|耶穌說：「這和你說話的就是他！」|zh
275|4|26|26|Jesus said to her, I, who am talking to you, am he.|en
276|4|27|27|當下門徒回來，就希奇耶穌和一個婦人說話；只是沒有人說：「你是要甚麼？」或說：「你為甚麼和他說話？」|zh
277|4|27|27|At that point the disciples came back, and they were surprised to see him talking to a woman; but not one of them said to him, What is your purpose? or, Why are you talking to her?|en
278|4|28|28|那婦人就留下水罐子，往城裡去，對眾人說：|zh
279|4|28|28|Then the woman put down her water-pot and went into the town, and said to the people,|en
280|4|29|29|「你們來看！有一個人將我素來所行的一切事都給我說出來了，莫非這就是基督嗎？」|zh
281|4|29|29|Come and see a man who has been talking to me of everything I ever did! Is it possible that this is the Christ?|en
282|4|30|30|眾人就出城，往耶穌那裡去。|zh
283|4|30|30|So they went out of the town and came to him.|en
284|4|31|31|這其間，門徒對耶穌說：「拉比，請吃。」|zh
285|4|31|31|While this was taking place, the disciples were saying to Jesus, Master, take some food.|en
286|4|32|32|耶穌說：「我有食物吃，是你們不知道的。」|zh
287|4|32|32|But he said to them, I have food of which you have no knowledge.|en
288|4|33|33|門徒就彼此對問說：「莫非有人拿甚麼給他吃嗎？」|zh
289|4|33|33|So the disciples said one to another, Did anyone give him food?|en
290|4|34|34|耶穌說：「我的食物就是遵行差我來者的旨意，做成他的工。|zh
291|4|34|34|Jesus said, My food is to do the pleasure of him who sent me and to make his work complete.|en
292|4|35|35|你們豈不說『到收割的時候還有四個月』嗎？我告訴你們，舉目向田觀看，莊稼已經熟了（原文是發白），可以收割了。|zh
293|4|35|35|You would say, Four months from now is the time of the grain-cutting. Take a look, I say to you, at the fields; they are even now white for cutting.|en
294|4|36|36|收割的人得工價，積蓄五穀到永生，叫撒種的和收割的一同快樂。|zh
295|4|36|36|He who does the cutting now has his reward; he is getting together fruit for eternal life, so that he who did the planting and he who gets in the grain may have joy together.|en
296|4|37|37|俗語說：：『那人撒種，這人收割』，這話可見是真的。|zh
297|4|37|37|In this the saying is a true one, One does the planting, and another gets in the grain.|en
298|4|38|38|我差你們去收你們所沒有勞苦的；別人勞苦，你們享受他們所勞苦的。」|zh
299|4|38|38|I sent you to get in grain which you had no hand in planting: other men did that work, and you take the reward.|en
300|4|39|39|那城裡有好些撒瑪利亞人信了耶穌，因為那婦人作見證說：「他將我素來所行的一切事都給我說出來了。」|zh
301|4|39|39|Now a number of the people of that town had faith in him because of the woman's witness: He has been talking to me of everything I ever did.|en
302|4|40|40|於是撒瑪利亞人來見耶穌，求他在他們那裡住下，他便在那裡住了兩天。|zh
303|4|40|40|So when the people came to him they made request to him to be among them for a time, and he was there two days.|en
304|4|41|41|因耶穌的話，信的人就更多了，|zh
305|4|41|41|And a great number more of them came to have faith in him because of what he himself said.|en
306|4|42|42|便對婦人說：「現在我們信，不是因為你的話，是我們親自聽見了，知道這真是救世主。」|zh
307|4|42|42|And they said to the woman, Now we have faith, but not because of your story: we ourselves have given ear to his words, and we are certain that he is truly the Saviour of the world.|en
308|4|43|43|過了那兩天，耶穌離了那地方，往加利利去。|zh
309|4|43|43|And after the two days he went on from there into Galilee.|en
310|4|44|44|因為耶穌自己作過見證說：「先知在本地是沒有人尊敬的。」|zh
311|4|44|44|For Jesus himself said that a prophet has no honour in the country of his birth.|en
312|4|45|45|到了加利利，加利利人既然看見他在耶路撒冷過節所行的一切事，就接待他，因為他們也是上去過節。|zh
313|4|45|45|So when he came into Galilee, the Galilaeans took him to their hearts because of the things which they had seen him do in Jerusalem at the feast--they themselves having been there at the feast.|en
314|4|46|46|耶穌又到了加利利的迦拿，就是他從前變水為酒的地方。有一個大臣，他的兒子在迦百農患病。|zh
315|4|46|46|So he came to Cana in Galilee, where he had made the water wine. And there was a certain man of high position whose son was ill at Capernaum.|en
316|4|47|47|他聽見耶穌從猶太到了加利利，就來見他，求他下去醫治他的兒子，因為他兒子快要死了。|zh
317|4|47|47|When it came to his ears that Jesus had come from Judaea into Galilee, he went to him and made a request that he would come down to his son, who was near to death, and make him well.|en
318|4|48|48|耶穌就對他說：「若不看見神蹟奇事，你們總是不信。」|zh
319|4|48|48|Then Jesus said to him, You will not have faith if you do not see signs and wonders.|en
320|4|49|49|那大臣說：「先生，求你趁著我的孩子還沒有死就下去。」|zh
321|4|49|49|The man said, Sir, come down before my boy is dead.|en
322|4|50|50|耶穌對他說：「回去吧，你的兒子活了！」那人信耶穌所說的話就回去了。|zh
323|4|50|50|And Jesus said, Go in peace; your son is living. The man had faith in the word which Jesus said to him and went away.|en
324|4|51|51|正下去的時候，他的僕人迎見他，說他的兒子活了。|zh
325|4|51|51|And while he was going down, his servants came to him and said, Your boy is living.|en
326|4|52|52|他就問甚麼時候見好的。他們說：「昨日未時熱就退了。」|zh
327|4|52|52|So he put a question to them as to the hour when he became better; and they said to him, The disease went from him yesterday at the seventh hour.|en
328|4|53|53|他便知道這正是耶穌對他說「你兒子活了」的時候；他自己和全家就都信了。|zh
329|4|53|53|It was clear then to the father that this was the very time at which Jesus said to him, Your son is living. And he had faith in Jesus, he and all his family.|en
330|4|54|54|這是耶穌在加利利行的第二件神蹟，是他從猶太回去以後行的。|zh
331|4|54|54|Now this is the second sign which Jesus did after he had come out of Judaea into Galilee.|en
332|5|1|1|這事以後，到了猶太人的一個節期，耶穌就上耶路撒冷去。|zh
333|5|1|1|After these things there was a feast of the Jews, and Jesus went up to Jerusalem.|en
334|5|2|2|在耶路撒冷，靠近羊門有一個池子，希伯來話叫作畢士大，旁邊有五個廊子；|zh
335|5|2|2|Now in Jerusalem near the sheep-market there is a public bath which in Hebrew is named Beth-zatha. It has five doorways.|en
336|5|3|3|裡面躺著瞎眼的、瘸腿的、血氣枯乾的許多病人。（有古卷在此有：等候水動；|zh
337|5|3|3|In these doorways there were a great number of people with different diseases: some unable to see, some without the power of walking, some with wasted bodies.|en
338|5|4|4|因為有天使按時下池子攪動那水，水動之後，誰先下去，無論害甚麼病就痊愈了。）|zh
339|5|4|4|[]|en
340|5|5|5|在那裡有一個人，病了三十八年。|zh
341|5|5|5|One man was there who had been ill for thirty-eight years.|en
342|5|6|6|耶穌看見他躺著，知道他病了許久，就問他說：你要痊瘉麼？|zh
343|5|6|6|When Jesus saw him there on the floor it was clear to him that he had been now a long time in that condition, and so he said to the man, Is it your desire to get well?|en
344|5|7|7|病人回答說：先生，水動的時候，沒有人把我放在池子裡；我正去的時候，就有別人比我先下去。|zh
345|5|7|7|The ill man said in answer, Sir, I have nobody to put me into the bath when the water is moving; and while I am on the way down some other person gets in before me.|en
346|5|8|8|耶穌對他說：起來，拿你的褥子走罷！|zh
347|5|8|8|Jesus said to him, Get up, take your bed and go.|en
348|5|9|9|那人立刻痊愈，就拿起褥子來走了。|zh
349|5|9|9|And the man became well straight away, and took up his bed and went. Now that day was the Sabbath.|en
350|5|10|10|那天是安息日，所以猶太人對那醫好的人說：今天是安息日，你拿褥子是不可的。|zh
351|5|10|10|So the Jews said to the man who had been made well, It is the Sabbath; and it is against the law for you to take up your bed.|en
352|5|11|11|他卻回答說：那使我痊愈的，對我說：拿你的褥子走罷。|zh
353|5|11|11|He said to them, But he who made me well, said to me, Take up your bed and go.|en
354|5|12|12|他們問他說：對你說拿褥子走的是甚麼人？|zh
355|5|12|12|Then they put to him the question: Who is the man who said to you, Take it up and go?|en
356|5|13|13|那醫好的人不知道是誰；因為那裡的人多，耶穌已經躲開了。|zh
357|5|13|13|Now he who had been made well had no knowledge who it was, Jesus having gone away because of the number of people who were in that place.|en
358|5|14|14|後來耶穌在殿裡遇見他，對他說：你已經痊愈了，不要再犯罪，恐怕你遭遇的更加利害。|zh
359|5|14|14|After a time Jesus came across him in the Temple and said to him, See, you are well and strong; do no more sin for fear a worse thing comes to you.|en
360|5|15|15|那人就去告訴猶太人，使他痊愈的是耶穌。|zh
361|5|15|15|The man went away and said to the Jews that it was Jesus who had made him well.|en
362|5|16|16|所以猶太人逼迫耶穌，因為他在安息日做了這事。|zh
363|5|16|16|And for this reason the Jews were turned against Jesus, because he was doing these things on the Sabbath.|en
364|5|17|17|耶穌就對他們說：我父做事直到如今，我也做事。|zh
365|5|17|17|But his answer was: My Father is still working even now, and so I am working.|en
366|5|18|18|所以猶太人越發想要殺他；因他不但犯了安息日，並且稱神為他的父，將自己和神當作平等。|zh
367|5|18|18|For this cause the Jews had an even greater desire to put Jesus to death, because not only did he not keep the Sabbath but he said God was his Father, so making himself equal with God.|en
368|5|19|19|耶穌對他們說：我實實在在的告訴你們，子憑著自己不能做甚麼，惟有看見父所做的，子才能做；父所做的事，子也照樣做。|zh
369|5|19|19|So Jesus made answer and said, Truly I say to you, The Son is not able to do anything himself; he is able to do only what he sees the Father doing; whatever the Father does the Son does it in the same way.|en
370|5|20|20|父愛子，將自己所做的一切事指給他看，還要將比這更大的事指給他看，叫你們希奇。|zh
371|5|20|20|For the Father has love for the Son and lets him see everything which he does: and he will let him see greater works than these so that you may be full of wonder.|en
372|5|21|21|父怎樣叫死人起來，使他們活著，子也照樣隨自己的意思使人活著。|zh
373|5|21|21|In the same way, as the Father gives life to the dead, even so the Son gives life to those to whom he is pleased to give it.|en
374|5|22|22|父不審判甚麼人，乃將審判的事全交與子，|zh
375|5|22|22|The Father is not the judge of men, but he has given all decisions into the hands of the Son;|en
376|5|23|23|叫人都尊敬子如同尊敬父一樣。不尊敬子的，就是不尊敬差子來的父。|zh
377|5|23|23|So that all men may give honour to the Son even as they give honour to the Father. He who gives no honour to the Son gives no honour to the Father who sent him.|en
378|5|24|24|我實實在在的告訴你們，那聽我話、又信差我來者的，就有永生；不至於定罪，是已經出死入生了。|zh
379|5|24|24|Truly I say to you, The man whose ears are open to my word and who has faith in him who sent me, has eternal life; he will not be judged, but has come from death into life.|en
380|5|25|25|我實實在在的告訴你們，時候將到，現在就是了，死人要聽見神兒子的聲音，聽見的人就要活了。|zh
381|5|25|25|Truly I say to you, The time is coming, it has even now come, when the voice of the Son of God will come to the ears of the dead, and those hearing it will have life.|en
382|5|26|26|因為父怎樣在自己有生命，就賜給他兒子也照樣在自己有生命，|zh
383|5|26|26|For even as the Father has life in himself, so he has given to the Son to have life in himself.|en
384|5|27|27|並且因為他是人子，就賜給他行審判的權柄。|zh
385|5|27|27|And he has given him authority to be judge because he is the Son of man.|en
386|5|28|28|你們不要把這事看作希奇。時候要到，凡在墳墓裡的，都要聽見他的聲音，就出來；|zh
387|5|28|28|Do not be surprised at this: for the time is coming when his voice will come to all who are in the place of the dead,|en
388|5|29|29|行善的，復活得生；作惡的，復活定罪。|zh
389|5|29|29|And they will come out; those who have done good, into the new life; and those who have done evil, to be judged.|en
390|5|30|30|我憑著自己不能做甚麼，我怎麼聽見就怎麼審判。我的審判也是公平的；因為我不求自己的意思，只求那差我來者的意思。|zh
391|5|30|30|Of myself I am unable to do anything: as the voice comes to me so I give a decision: and my decision is right because I have no desire to do what is pleasing to myself, but only what is pleasing to him who sent me.|en
392|5|31|31|我若為自己作見證，我的見證就不真。|zh
393|5|31|31|If I gave witness about myself, my witness would not be true.|en
394|5|32|32|另有一位給我作見證，我也知道他給我作的見證是真的。|zh
395|5|32|32|There is another who gives witness about me and I am certain that the witness he gives about me is true.|en
396|5|33|33|你們曾差人到約翰那裡，他為真理作過見證。|zh
397|5|33|33|You sent to John and he gave true witness.|en
398|5|34|34|其實，我所受的見證不是從人來的；然而，我說這些話，為要叫你們得救。|zh
399|5|34|34|But I have no need of a man's witness: I only say these things so that you may have salvation.|en
400|5|35|35|約翰是點著的明燈，你們情願暫時喜歡他的光。|zh
401|5|35|35|He was a burning and shining light, and for a time you were ready to be happy in his light.|en
402|5|36|36|但我有比約翰更大的見證；因為父交給我要我成就的事，就是我所做的事，這便見證我是父所差來的。|zh
403|5|36|36|But the witness which I have is greater than that of John: the work which the Father has given me to do, the very work which I am now doing, is a witness that the Father has sent me.|en
404|5|37|37|差我來的父也為我作過見證。你們從來沒有聽見他的聲音，也沒有看見他的形像。|zh
405|5|37|37|And the Father himself who sent me has given witness about me. Not one of you has ever given ear to his voice; his form you have not seen.|en
406|5|38|38|你們並沒有他的道存在心裡；因為他所差來的，你們不信。|zh
407|5|38|38|And you have not kept his word in your hearts, because you have not faith in him whom he has sent.|en
408|5|39|39|你們查考聖經（或作：應當查考聖經），因你們以為內中有永生；給我作見證的就是這經。|zh
409|5|39|39|You make search in the holy Writings, in the belief that through them you get eternal life; and it is those Writings which give witness about me.|en
410|5|40|40|然而，你們不肯到我這裡來得生命。|zh
411|5|40|40|And still you have no desire to come to me so that you may have life.|en
412|5|41|41|我不受從人來的榮耀。|zh
413|5|41|41|I do not take honour from men;|en
414|5|42|42|但我知道，你們心裡沒有神的愛。|zh
415|5|42|42|But I have knowledge of you that you have no love for God in your hearts.|en
416|5|43|43|我奉我父的名來，你們並不接待我；若有別人奉自己的名來，你們倒要接待他。|zh
417|5|43|43|I have come in my Father's name, and your hearts are not open to me. If another comes with no other authority but himself, you will give him your approval.|en
418|5|44|44|你們互相受榮耀，卻不求從獨一之神來的榮耀，怎能信我呢？|zh
419|5|44|44|How is it possible for you to have faith while you take honour one from another and have no desire for the honour which comes from the only God?|en
420|5|45|45|不要想我在父面前要告你們；有一位告你們的，就是你們所仰賴的摩西。|zh
421|5|45|45|Put out of your minds the thought that I will say things against you to the Father: the one who says things against you is Moses, on whom you put your hopes.|en
422|5|46|46|你們如果信摩西，也必信我，因為他書上有指著我寫的話。|zh
423|5|46|46|If you had belief in Moses you would have belief in me; for his writings are about me.|en
424|5|47|47|你們若不信他的書，怎能信我的話呢？|zh
425|5|47|47|If you have no belief in his writings, how will you have belief in my words?|en
426|6|1|1|這事以後，耶穌渡過加利利海，就是提比哩亞海。|zh
427|6|1|1|After these things Jesus went away to the other side of the sea of Galilee--that is, the sea of Tiberias.|en
428|6|2|2|有許多人因為看見他在病人身上所行的神蹟，就跟隨他。|zh
429|6|2|2|And a great number of people went after him because they saw the signs which he did on those who were ill.|en
430|6|3|3|耶穌上了山，和門徒一同坐在那裡。|zh
431|6|3|3|Then Jesus went up the mountain and was seated there with his disciples.|en
432|6|4|4|那時猶太人的逾越節近了。|zh
433|6|4|4|Now the Passover, a feast of the Jews, was near.|en
434|6|5|5|耶穌舉目看見許多人來，就對腓力說：我們從那裡買餅叫這些人吃呢？|zh
435|6|5|5|Lifting up his eyes, Jesus saw a great number of people coming to where he was, and he said to Philip, Where may we get bread for all these people?|en
436|6|6|6|他說這話是要試驗腓力；他自己原知道要怎樣行。|zh
437|6|6|6|This he said, testing him: for he had no doubt what he himself would do.|en
438|6|7|7|腓力回答說：就是二十兩銀子的餅，叫他們各人吃一點也是不夠的。|zh
439|6|7|7|Philip made answer, Bread to the value of two hundred pence would not be enough even to give everyone a little.|en
440|6|8|8|有一個門徒，就是西門彼得的兄弟安得烈，對耶穌說：|zh
441|6|8|8|One of his disciples, Andrew, the brother of Simon Peter, said to Jesus,|en
442|6|9|9|在這裡有一個孩童，帶著五個大麥餅、兩條魚，只是分給這許多人還算甚麼呢？|zh
443|6|9|9|There is a boy here with five barley cakes and two fishes: but what is that among such a number?|en
444|6|10|10|耶穌說：你們叫眾人坐下。原來那地方的草多，眾人就坐下，數目約有五千。|zh
445|6|10|10|Jesus said, Let the people be seated. Now there was much grass in that place. And those seated on the grass were about five thousand.|en
446|6|11|11|耶穌拿起餅來，祝謝了，就分給那坐著的人；分魚也是這樣，都隨著他們所要的。|zh
447|6|11|11|Then Jesus took the cakes and having given praise to God, he gave them to the people who were seated, and the fishes in the same way, as much as they had need of.|en
448|6|12|12|他們吃飽了，耶穌對門徒說：把剩下的零碎收拾起來，免得有糟蹋的。|zh
449|6|12|12|And when they had had enough, Jesus said to his disciples, Take up the broken bits which are over, so that nothing may be wasted.|en
450|6|13|13|他們便將那五個大麥餅的零碎，就是眾人吃了剩下的，收拾起來，裝滿了十二個籃子。|zh
451|6|13|13|So they took them up: twelve baskets full of broken bits of the five cakes which were over after the people had had enough.|en
452|6|14|14|眾人看見耶穌所行的神蹟，就說：這真是那要到世間來的先知！|zh
453|6|14|14|And when the people saw the sign which he had done, they said, Truly, this is the prophet who is to come into the world.|en
454|6|15|15|耶穌既知道眾人要來強逼他作王，就獨自又退到山上去了。|zh
455|6|15|15|Now when Jesus saw that the people were about to come and take him by force to make him a king, he went away again up the mountain by himself.|en
456|6|16|16|到了晚上，他的門徒下海邊去，|zh
457|6|16|16|When evening came the disciples went down to the sea;|en
458|6|17|17|上了船，要過海往迦百農去。天已經黑了，耶穌還沒有來到他們那裡。|zh
459|6|17|17|And they took a boat and went across the sea in the direction of Capernaum. By then it was dark and still Jesus had not come to them.|en
460|6|18|18|忽然狂風大作，海就翻騰起來。|zh
461|6|18|18|The sea was getting rough because of a strong wind which was blowing.|en
462|6|19|19|門徒搖櫓，約行了十里多路，看見耶穌在海面上走，漸漸近了船，他們就害怕。|zh
463|6|19|19|After they had gone three or four miles they saw Jesus walking on the sea and coming near to the boat; and they had great fear.|en
464|6|20|20|耶穌對他們說：是我，不要怕！|zh
465|6|20|20|But he said to them, It is I, have no fear.|en
466|6|21|21|門徒就喜歡接他上船，船立時到了他們所要去的地方。|zh
467|6|21|21|Then they readily took him into the boat: and straight away the boat was at the land to which they were going.|en
468|6|22|22|第二日，站在海那邊的眾人知道那裡沒有別的船，只有一隻小船，又知道耶穌沒有同他的門徒上船，乃是門徒自己去的。|zh
469|6|22|22|The day after, the people who were on the other side of the sea saw that only one small boat had been there, that Jesus had not gone in that boat with the disciples, but that the disciples had gone away by themselves.|en
470|6|23|23|然而，有幾隻小船從提比哩亞來，靠近主祝謝後分餅給人吃的地方。|zh
471|6|23|23|Some other boats, however, came from Tiberias near to the place where they had taken the bread after the Lord had given praise.|en
472|6|24|24|眾人見耶穌和門徒都不在那裡，就上了船，往迦百農去找耶穌。|zh
473|6|24|24|So when the people saw that Jesus was not there, or his disciples, they got into those boats and went over to Capernaum looking for Jesus.|en
474|6|25|25|既在海那邊找著了，就對他說：拉比，是幾時到這裡來的？|zh
475|6|25|25|And when they came across him on the other side of the sea they said, Rabbi, when did you come here?|en
476|6|26|26|耶穌回答說：我實實在在的告訴你們，你們找我，並不是因見了神蹟，乃是因吃餅得飽。|zh
477|6|26|26|Jesus, answering them, said, Truly I say to you, You come after me, not because you saw signs, but because you were given the bread and had enough.|en
478|6|27|27|不要為那必壞的食物勞力，要為那存到永生的食物勞力，就是人子要賜給你們的，因為人子是父神所印證的。|zh
479|6|27|27|Let your work not be for the food which comes to an end, but for the food which goes on for eternal life, which the Son of man will give to you, for on him has God the Father put his mark.|en
480|6|28|28|眾人問他說：我們當行甚麼，才算做神的工呢？|zh
481|6|28|28|Then they said to him, How may we do the works of God?|en
482|6|29|29|耶穌回答說：信神所差來的，這就是做神的工。|zh
483|6|29|29|Jesus, answering, said to them, This is to do the work of God: to have faith in him whom God has sent.|en
484|6|30|30|他們又說：你行甚麼神蹟，叫我們看見就信你；你到底做甚麼事呢？|zh
485|6|30|30|So they said, What sign do you give us, so that we may see and have faith in you? What do you do?|en
486|6|31|31|我們的祖宗在曠野吃過嗎哪，如經上寫著說：他從天上賜下糧來給他們吃。|zh
487|6|31|31|Our fathers had the manna in the waste land, as the Writings say, He gave them bread from heaven.|en
488|6|32|32|耶穌說：我實實在在的告訴你們，那從天上來的糧不是摩西賜給你們的，乃是我父將天上來的真糧賜給你們。|zh
489|6|32|32|Jesus then said to them, Truly I say to you, What Moses gave you was not the bread from heaven; it is my Father who gives you the true bread from heaven.|en
490|6|33|33|因為神的糧就是那從天上降下來、賜生命給世界的。|zh
491|6|33|33|The bread of God is the bread which comes down out of heaven and gives life to the world.|en
492|6|34|34|他們說：主阿，常將這糧賜給我們！|zh
493|6|34|34|Ah, Lord, they said, give us that bread for ever!|en
494|6|35|35|耶穌說：我就是生命的糧。到我這裡來的，必定不餓；信我的，永遠不渴。|zh
495|6|35|35|And this was the answer of Jesus: I am the bread of life. He who comes to me will never be in need of food, and he who has faith in me will never be in need of drink.|en
496|6|36|36|只是我對你們說過，你們已經看見我，還是不信。|zh
497|6|36|36|But it is as I said to you: you have seen me, and still you have no faith.|en
498|6|37|37|凡父所賜給我的人必到我這裡來；到我這裡來的，我總不丟棄他。|zh
499|6|37|37|Whatever the Father gives to me will come to me; and I will not send away anyone who comes to me.|en
500|6|38|38|因為我從天上降下來，不是要按自己的意思行，乃是要按那差我來者的意思行。|zh
501|6|38|38|For I have come down from heaven, not to do my pleasure, but the pleasure of him who sent me.|en
502|6|39|39|差我來者的意思就是：他所賜給我的，叫我一個也不失落，在末日卻叫他復活。|zh
503|6|39|39|And this is the pleasure of him who sent me, that I am not to let out of my hands anything which he has given me, but I am to give it new life on the last day.|en
504|6|40|40|因為我父的意思是叫一切見子而信的人得永生，並且在末日我要叫他復活。|zh
505|6|40|40|This, I say, is my Father's pleasure, that everyone who sees the Son and has faith in him may have eternal life: and I will take him up on the last day.|en
506|6|41|41|猶太人因為耶穌說我是從天上降下來的糧，就私下議論他，|zh
507|6|41|41|Now the Jews said bitter things about Jesus because of his words, I am the bread which came down from heaven.|en
508|6|42|42|說：這不是約瑟的兒子耶穌麼？他的父母我們豈不認得麼？他如今怎麼說我是從天上降下來的呢？|zh
509|6|42|42|And they said, Is not this Jesus, the son of Joseph, whose father and mother we have seen? How is it then that he now says, I have come down from heaven?|en
510|6|43|43|耶穌回答說：你們不要大家議論。|zh
511|6|43|43|Jesus made answer and said, Do not say things against me, one to another.|en
512|6|44|44|若不是差我來的父吸引人，就沒有能到我這裡來的；到我這裡來的，在末日我要叫他復活。|zh
513|6|44|44|No man is able to come to me if the Father who sent me does not give him the desire to come: and I will take him up from the dead on the last day.|en
514|6|45|45|在先知書上寫著說：他們都要蒙神的教訓。凡聽見父之教訓又學習的，就到我這裡來。|zh
515|6|45|45|The writings of the prophets say, And they will all have teaching from God. Everyone whose ears have been open to the teaching of the Father comes to me.|en
516|6|46|46|這不是說有人看見過父；惟獨從神來的，他看見過父。|zh
517|6|46|46|Not that anyone has ever seen the Father; only he who is from God, he has seen the Father.|en
518|6|47|47|我實實在在的告訴你們，信的人有永生。|zh
519|6|47|47|Truly I say to you, He who has faith in me has eternal life.|en
520|6|48|48|我就是生命的糧。|zh
521|6|48|48|I am the bread of life.|en
522|6|49|49|你們的祖宗在曠野吃過嗎哪，還是死了。|zh
523|6|49|49|Your fathers took the manna in the waste land--and they are dead.|en
524|6|50|50|這是從天上降下來的糧，叫人吃了就不死。|zh
525|6|50|50|The bread which comes from heaven is such bread that a man may take it for food and never see death.|en
526|6|51|51|我是從天上降下來生命的糧；人若吃這糧，就必永遠活著。我所要賜的糧就是我的肉，為世人之生命所賜的。|zh
527|6|51|51|I am the living bread which has come from heaven: if any man takes this bread for food he will have life for ever: and more than this, the bread which I will give is my flesh which I will give for the life of the world.|en
528|6|52|52|因此，猶太人彼此爭論說：這個人怎能把他的肉給我們吃呢？|zh
529|6|52|52|Then the Jews had an angry discussion among themselves, saying, How is it possible for this man to give us his flesh for food?|en
530|6|53|53|耶穌說：我實實在在的告訴你們，你們若不吃人子的肉，不喝人子的血，就沒有生命在你們裡面。|zh
531|6|53|53|Then Jesus said to them, Truly I say to you, If you do not take the flesh of the Son of man for food, and if you do not take his blood for drink, you have no life in you.|en
532|6|54|54|吃我肉、喝我血的人就有永生，在末日我要叫他復活。|zh
533|6|54|54|He who takes my flesh for food and my blood for drink has eternal life: and I will take him up from the dead at the last day.|en
534|6|55|55|我的肉真是可吃的，我的血真是可喝的。|zh
535|6|55|55|My flesh is true food and my blood is true drink.|en
536|6|56|56|吃我肉、喝我血的人常在我裡面，我也常在他裡面。|zh
537|6|56|56|He who takes my flesh for food and my blood for drink is in me and I in him.|en
538|6|57|57|永活的父怎樣差我來，我又因父活著；照樣，吃我肉的人也要因我活著。|zh
539|6|57|57|As the living Father has sent me, and I have life because of the Father, even so he who takes me for his food will have life because of me.|en
540|6|58|58|這就是從天上降下來的糧。吃這糧的人就永遠活著，不像你們的祖宗吃過嗎哪還是死了。|zh
541|6|58|58|This is the bread which has come down from heaven. It is not like the food which your fathers had: they took of the manna, and are dead; but he who takes this bread for food will have life for ever.|en
542|6|59|59|這些話是耶穌在迦百農會堂裡教訓人說的。|zh
543|6|59|59|Jesus said these things in the Synagogue while he was teaching at Capernaum.|en
544|6|60|60|他的門徒中有好些人聽見了，就說：這話甚難，誰能聽呢？|zh
545|6|60|60|Then, hearing this, a number of his disciples said, This is a hard saying; who is able to take in such teaching?|en
546|6|61|61|耶穌心裡知道門徒為這話議論，就對他們說：這話是叫你們厭棄（原文是跌倒）麼？|zh
547|6|61|61|When Jesus became conscious that his disciples were protesting about what he said, he said to them, Does this give you trouble?|en
548|6|62|62|倘或你們看見人子升到他原來所在之處，怎麼樣呢？|zh
549|6|62|62|What then will you say if you see the Son of man going up to where he was before?|en
550|6|63|63|叫人活著的乃是靈，肉體是無益的。我對你們所說的話就是靈，就是生命。|zh
551|6|63|63|The spirit is the life giver; the flesh is of no value: the words which I have said to you are spirit and they are life.|en
552|6|64|64|只是你們中間有不信的人。耶穌從起頭就知道誰不信他，誰要賣他。|zh
553|6|64|64|But still some of you have no faith. For it was clear to Jesus from the first who they were who had no faith, and who it was who would be false to him.|en
554|6|65|65|耶穌又說：所以我對你們說過，若不是蒙我父的恩賜，沒有人能到我這裡來。|zh
555|6|65|65|And he said, This is why I said to you, No man is able to come to me if he is not given the power to do so by the Father.|en
556|6|66|66|從此，他門徒中多有退去的，不再和他同行。|zh
557|6|66|66|Because of what he said, a number of the disciples went back and would no longer go with him.|en
558|6|67|67|耶穌就對那十二個門徒說：你們也要去麼？|zh
559|6|67|67|So Jesus said to the twelve, Have you a desire to go away?|en
560|6|68|68|西門彼得回答說：主阿，你有永生之道，我們還歸從誰呢？|zh
561|6|68|68|Then Simon Peter gave this answer: Lord, to whom are we to go? you have the words of eternal life;|en
562|6|69|69|我們已經信了，又知道你是神的聖者。|zh
563|6|69|69|And we have faith and are certain that you are the Holy One of God.|en
564|6|70|70|耶穌說：我不是揀選了你們十二個門徒麼？但你們中間有一個是魔鬼。|zh
565|6|70|70|Then Jesus said, Did I not make a selection of you, the twelve, and one of you is a son of the Evil One?|en
566|6|71|71|耶穌這話是指著加略人西門的兒子猶大說的；他本是十二個門徒裡的一個，後來要賣耶穌的。|zh
567|6|71|71|He was talking of Judas, the son of Simon Iscariot. It was he who was to be false to Jesus--one of the twelve.|en
568|7|1|1|這事以後，耶穌在加利利遊行，不願在猶太遊行，因為猶太人想要殺他。|zh
569|7|1|1|After this, Jesus went from place to place in Galilee. He did not go about in Judaea, because the Jews were looking for a chance to put him to death.|en
570|7|2|2|當時猶太人的住棚節近了。|zh
571|7|2|2|But the feast of the Jews, the feast of tents, was near.|en
572|7|3|3|耶穌的弟兄就對他說：你離開這裡上猶太去罷，叫你的門徒也看見你所行的事。|zh
573|7|3|3|So his brothers said to him, Go away from here into Judaea so that your disciples may see the works which you do.|en
574|7|4|4|人要顯揚名聲，沒有在暗處行事的；你如果行這些事，就當將自己顯明給世人看。|zh
575|7|4|4|Because no man does things secretly if he has a desire that men may have knowledge of him. If you do these things, let yourself be seen by all men.|en
576|7|5|5|因為連他的弟兄說這話，是因為不信他。|zh
577|7|5|5|For even his brothers had no belief in him.|en
578|7|6|6|耶穌就對他們說：我的時候還沒有到；你們的時候常是方便的。|zh
579|7|6|6|Jesus said to them, My time is still to come, but any time is good for you.|en
580|7|7|7|世人不能恨你們，卻是恨我，因為我指證他們所做的事是惡的。|zh
581|7|7|7|It is not possible for you to be hated by the world; but I am hated by it, because I give witness that what it does is evil.|en
582|7|8|8|你們上去過節罷，我現在不上去過這節，因為我的時候還沒有滿。|zh
583|7|8|8|Go you up to the feast: I am not going up now to the feast because my time has not fully come.|en
584|7|9|9|耶穌說了這話，仍舊住在加利利。|zh
585|7|9|9|Having said these things to them, he still kept in Galilee.|en
586|7|10|10|但他弟兄上去以後，他也上去過節，不是明去，似乎是暗去的。|zh
587|7|10|10|But after his brothers had gone up to the feast, then he went up, not publicly, but in secret.|en
588|7|11|11|正在節期，猶太人尋找耶穌，說：他在那裡？|zh
589|7|11|11|At the feast the Jews were looking for him and saying, Where is he?|en
590|7|12|12|眾人為他紛紛議論，有的說：他是好人。有的說：不然，他是迷惑眾人的。|zh
591|7|12|12|And there was much discussion about him among the mass of the people. Some said, He is a good man; but others said, No, he is giving people false ideas.|en
592|7|13|13|只是沒有人明明的講論他，因為怕猶太人。|zh
593|7|13|13|But no man said anything about him openly for fear of the Jews.|en
594|7|14|14|到了節期，耶穌上殿裡去教訓人。|zh
595|7|14|14|Now in the middle of the feast Jesus went up to the Temple and was teaching.|en
596|7|15|15|猶太人就希奇，說：這個人沒有學過，怎麼明白書呢？|zh
597|7|15|15|Then the Jews were surprised and said, How has this man got knowledge of books? He has never been to school.|en
598|7|16|16|耶穌說：我的教訓不是我自己的，乃是那差我來者的。|zh
599|7|16|16|Jesus gave them this answer: It is not my teaching, but his who sent me.|en
600|7|17|17|人若立志遵著他的旨意行，就必曉得這教訓或是出於神，或是我憑著自己說的。|zh
601|7|17|17|If any man is ready to do God's pleasure he will have knowledge of the teaching and of where it comes from--from God or from myself.|en
602|7|18|18|人憑著自己說，是求自己的榮耀；惟有求那差他來者的榮耀，這人是真的，在他心裡沒有不義。|zh
603|7|18|18|The man whose words come from himself is looking for glory for himself, but he who is looking for the glory of him who sent him--that man is true and there is no evil in him.|en
604|7|19|19|摩西豈不是傳律法給你們麼？你們卻沒有一個人守律法。為甚麼想要殺我呢？|zh
605|7|19|19|Did not Moses give you the law? Even so, not one of you keeps the law. Why have you a desire to put me to death?|en
606|7|20|20|眾人回答說：你是被鬼附著了！誰想要殺你？|zh
607|7|20|20|The people said in answer, You have an evil spirit: who has any desire to put you to death?|en
608|7|21|21|耶穌說：我做了一件事，你們都以為希奇。|zh
609|7|21|21|This was the answer of Jesus: I have done one work and you are all surprised at it.|en
610|7|22|22|摩西傳割禮給你們（其實不是從摩西起的，乃是從祖先起的），因此你們也在安息日給人行割禮。|zh
611|7|22|22|Moses gave you circumcision--not that it comes from Moses, but from the fathers--and even on the Sabbath you give a child circumcision.|en
612|7|23|23|人若在安息日受割禮，免得違背摩西的律法，我在安息日叫一個人全然好了，你們就向我生氣麼？|zh
613|7|23|23|If a child is given circumcision on the Sabbath so that the law of Moses may not be broken, why are you angry with me because I made a man completely well on the Sabbath?|en
614|7|24|24|不可按外貌斷定是非，總要按公平斷定是非。|zh
615|7|24|24|Let not your decisions be based on what you see, but on righteousness.|en
616|7|25|25|耶路撒冷人中有的說：這不是他們想要殺的人麼？|zh
617|7|25|25|Then some of the people of Jerusalem said, Is not this the man whose death is desired?|en
618|7|26|26|你看他還明明的講道，他們也不向他說甚麼，難道官長真知道這是基督麼？|zh
619|7|26|26|And here he is talking openly and they say nothing to him! Is it possible that the rulers have knowledge that this is truly the Christ?|en
620|7|27|27|然而，我們知道這個人從那裡來；只是基督來的時候，沒有人知道他從那裡來。|zh
621|7|27|27|However, it is clear to us where this man comes from: but when the Christ comes no one will have knowledge where he comes from.|en
622|7|28|28|那時，耶穌在殿裡教訓人，大聲說：你們也知道我，也知道我從那裡來；我來並不是由於自己。但那差我來的是真的。你們不認識他，|zh
623|7|28|28|Then, when he was teaching in the Temple, Jesus said with a loud voice, You have knowledge of me and you have knowledge of where I come from; and I have not come of myself; but there is One who has sent me; he is true, but you have no knowledge of him.|en
624|7|29|29|我卻認識他；因為我是從他來的，他也是差了我來。|zh
625|7|29|29|I have knowledge of him because I came from him and he sent me.|en
626|7|30|30|他們就想要捉拿耶穌；只是沒有人下手，因為他的時候還沒有到。|zh
627|7|30|30|Then they had a desire to take him: but no man put hands on him because his hour was still to come.|en
628|7|31|31|但眾人中間有好些信他的，說：基督來的時候，他所行的神蹟豈能比這人所行的更多麼？|zh
629|7|31|31|And numbers of the people had belief in him, and they said, When the Christ comes will he do more signs than this man has done?|en
630|7|32|32|法利賽人聽見眾人為耶穌這樣紛紛議論，祭司長和法利賽人就打發差役去捉拿他。|zh
631|7|32|32|This discussion of the people came to the ears of the Pharisees; and the chief priests and the Pharisees sent servants to take him.|en
632|7|33|33|於是耶穌說：我還有不多的時候和你們同在，以後就回到差我來的那裡去。|zh
633|7|33|33|Then Jesus said, I will be with you a little longer and then I go to him who sent me.|en
634|7|34|34|你們要找我，卻找不著；我所在的地方你們不能到。|zh
635|7|34|34|You will be looking for me, and you will not see me: and where I am you may not come.|en
636|7|35|35|猶太人就彼此對問說：這人要往那裡去，叫我們找不著呢？難道他要往散住希利尼中的猶太人那裡去教訓希利尼人麼？|zh
637|7|35|35|So the Jews said among themselves, To what place is he going where we will not see him? will he go to the Jews living among the Greeks and become the teacher of the Greeks?|en
638|7|36|36|他說：你們要找我，卻找不著；我所在的地方，你們不能到，這話是甚麼意思呢？|zh
639|7|36|36|What is this saying of his, You will be looking for me and will not see me, and where I am you may not come?|en
640|7|37|37|節期的末日，就是最大之日，耶穌站著高聲說：人若渴了，可以到我這裡來喝。|zh
641|7|37|37|On the last day, the great day of the feast, Jesus got up and said in a loud voice, If any man is in need of drink let him come to me and I will give it to him.|en
642|7|38|38|信我的人就如經上所說：從他腹中要流出活水的江河來。|zh
643|7|38|38|He who has faith in me, out of his body, as the Writings have said, will come rivers of living water.|en
644|7|39|39|耶穌這話是指著信他之人要受聖靈說的。那時還沒有賜下聖靈來，因為耶穌尚未得著榮耀。|zh
645|7|39|39|This he said of the Spirit which would be given to those who had faith in him: the Spirit had not been given then, because the glory of Jesus was still to come.|en
646|7|40|40|眾人聽見這話，有的說：這真是那先知。|zh
647|7|40|40|When these words came to their ears, some of the people said, This is certainly the prophet.|en
648|7|41|41|有的說：這是基督。但也有的說：基督豈是從加利利出來的麼？|zh
649|7|41|41|Others said, This is the Christ. But others said, Not so; will the Christ come from Galilee?|en
650|7|42|42|經上豈不是說基督是大衛的後裔，從大衛本鄉伯利恆出來的麼？|zh
651|7|42|42|Do not the Writings say that the Christ comes of the seed of David and from Beth-lehem, the little town where David was?|en
652|7|43|43|於是眾人因著耶穌起了分爭。|zh
653|7|43|43|So there was a division among the people because of him.|en
654|7|44|44|其中有人要捉拿他，只是無人下手。|zh
655|7|44|44|And some of them had a desire to take him; but no man put hands on him.|en
656|7|45|45|差役回到祭司長和法利賽人那裡。他們對差役說；你們為甚麼沒有帶他來呢？|zh
657|7|45|45|Then the servants went back to the chief priests and Pharisees, who said to them, Why have you not got him with you?|en
658|7|46|46|差役回答說：從來沒有像他這樣說話的！|zh
659|7|46|46|The servants made answer, No man ever said things like this man.|en
660|7|47|47|法利賽人說：你們也受了迷惑麼？|zh
661|7|47|47|Then the Pharisees said to them, Have you, like the others, been given false ideas?|en
662|7|48|48|官長或是法利賽人豈有信他的呢？|zh
663|7|48|48|Have any of the rulers belief in him, or any one of the Pharisees?|en
664|7|49|49|但這些不明白律法的百姓是被咒詛的！|zh
665|7|49|49|But these people who have no knowledge of the law are cursed.|en
666|7|50|50|內中有尼哥底母，就是從前去見耶穌的，對他們說：|zh
667|7|50|50|Nicodemus--he who had come to Jesus before, being himself one of them--said to them,|en
668|7|51|51|不先聽本人的口供，不知道他所做的事，難道我們的律法還定他的罪麼？|zh
669|7|51|51|Is a man judged by our law before it has given him a hearing and has knowledge of what he has done?|en
670|7|52|52|他們回答說：你也是出於加利利麼？你且去查考，就可知道加利利沒有出過先知。|zh
671|7|52|52|This was their answer: And do you come from Galilee? Make search and you will see that no prophet comes out of Galilee.|en
672|8|1|1|於是各人都回家去了；耶穌卻往橄欖山去，|zh
673|8|1|1|But Jesus went to the Mountain of Olives.|en
674|8|2|2|清早又回到殿裡。眾百姓都到他那裡去，他就坐下，教訓他們。|zh
675|8|2|2|And early in the morning he came again into the Temple and all the people came to him and he was seated teaching them.|en
676|8|3|3|文士和法利賽人帶著一個行淫時被拿的婦人來，叫他站在當中，|zh
677|8|3|3|Now the scribes and Pharisees came, with a woman who had been taken in the act of sinning against the married relation;|en
678|8|4|4|就對耶穌說：夫子，這婦人是正行淫之時被拿的。|zh
679|8|4|4|And putting her forward, they said to him, Master, this woman has been taken in the very act of sinning against the married relation.|en
680|8|5|5|摩西在律法上吩咐我們把這樣的婦人用石頭打死。你說該把他怎麼樣呢？|zh
681|8|5|5|Now in the law Moses gave directions that such women were to be stoned; what do you say about it?|en
682|8|6|6|他們說這話，乃試探耶穌，要得著告他的把柄。耶穌卻彎著腰，用指頭在地上畫字。|zh
683|8|6|6|They said this, testing him, so that they might have something against him. But Jesus, with his head bent down, made letters on the floor with his finger.|en
684|8|7|7|他們還是不住的問他，耶穌就直起腰來，對他們說：你們中間誰是沒有罪的，誰就可以先拿石頭打他。|zh
685|8|7|7|But when they went on with their questions, he got up and said to them, Let him among you who is without sin be the first to send a stone at her.|en
686|8|8|8|於是又彎著腰，用指頭在地上畫字。|zh
687|8|8|8|And again, with bent head, he made letters on the floor.|en
688|8|9|9|他們聽見這話，就從老到少，一個一個的都出去了，只剩下耶穌一人，還有那婦人仍然站在當中。|zh
689|8|9|9|And when his words came to their ears, they went out one by one, starting with the oldest even to the last, because they were conscious of what was in their hearts: and Jesus was there by himself with the woman before him.|en
690|8|10|10|耶穌就直起腰來，對他說：婦人，那些人在那裡呢？沒有人定你的罪麼？|zh
691|8|10|10|Then Jesus got up, and seeing nobody but the woman, he said to her, Where are the men who said things against you? did no one give a decision against you?|en
692|8|11|11|他說：主阿，沒有。耶穌說：我也不定你的罪。去罷，從此不要再犯罪了！|zh
693|8|11|11|And she said, No man, Lord. And Jesus said, And I do not give a decision against you: go, and never do wrong again.]|en
694|8|12|12|耶穌又對眾人說：我是世界的光。跟從我的，就不在黑暗裡走，必要得著生命的光。|zh
695|8|12|12|Then again Jesus said to them, I am the light of the world; he who comes with me will not be walking in the dark but will have the light of life.|en
696|8|13|13|法利賽人對他說：你是為自己作見證，你的見證不真。|zh
697|8|13|13|So the Pharisees said to him, The witness you give is about yourself: your witness is not true.|en
698|8|14|14|耶穌說：我雖然為自己作見證，我的見證還是真的；因我知道我從那裡來，往那裡去；你們卻不知道我從那裡來，往那裡去。|zh
699|8|14|14|Jesus said in answer, Even if I give witness about myself, my witness is true, because I have knowledge of where I came from and where I am going; but you have no knowledge of where I come from or of where I am going.|en
700|8|15|15|你們是以外貌（原文是憑肉身）判斷人，我卻不判斷人。|zh
701|8|15|15|You are judging from what you see; I am judging no man.|en
702|8|16|16|就是判斷人，我的判斷也是真的；因為不是我獨自在這裡，還有差我來的父與我同在。|zh
703|8|16|16|Even if I am judging, my decision is right, because I am not by myself--with me is the Father who sent me.|en
704|8|17|17|你們的律法上也記著說：兩個人的見證是真的。|zh
705|8|17|17|Even in your law it is said that the witness of two men is true.|en
706|8|18|18|我是為自己作見證，還有差我來的父也是為我作見證。|zh
707|8|18|18|I give witness about myself and the Father who sent me gives witness about me.|en
708|8|19|19|他們就問他說：你的父在那裡？耶穌回答說：你們不認識我，也不認識我的父；若是認識我，也就認識我的父。|zh
709|8|19|19|Then they said to him, Where is your Father? Jesus said in answer, You have no knowledge of me or of my Father: if you had knowledge of me you would have knowledge of my Father.|en
710|8|20|20|這些話是耶穌在殿裡的庫房、教訓人時所說的，也沒有人拿他，因為他的時候還沒有到。|zh
711|8|20|20|Jesus said these words in the place where the offerings were stored, while he was teaching in the Temple: but no man took him because his time was still to come.|en
712|8|21|21|耶穌又對他們說：我要去了，你們要找我，並且你們要死在罪中。我所去的地方，你們不能到。|zh
713|8|21|21|Then he said to them again, I am going away and you will be looking for me, but death will overtake you in your sins. It is not possible for you to come where I am going.|en
714|8|22|22|猶太人說：他說：我所去的地方，你們不能到，難道他要自盡麼？|zh
715|8|22|22|So the Jews said, Will he take his life? Is that why he says, Where I go it is not possible for you to come?|en
716|8|23|23|耶穌對他們說：你們是從下頭來的，我是從上頭來的；你們是屬這世界的，我不是屬這世界的。|zh
717|8|23|23|And he said to them, You are of the earth; I am from heaven: you are of this world; I am not of this world.|en
718|8|24|24|所以我對你們說，你們要死在罪中。你們若不信我是基督，必要死在罪中。|zh
719|8|24|24|For this reason I said to you that death will overtake you in your sins: for if you have not faith that I am he, death will come to you while you are in your sins.|en
720|8|25|25|他們就問他說：你是誰？耶穌對他們說：就是我從起初所告訴你們的。|zh
721|8|25|25|Then they said to him, Who are you? Jesus said, What I said to you from the first.|en
722|8|26|26|我有許多事講論你們，判斷你們；但那差我來的是真的，我在他那裡所聽見的，我就傳給世人。|zh
723|8|26|26|I have much to say about you and against you: but he who sent me is true and what he has said to me I say to the world.|en
724|8|27|27|他們不明白耶穌是指著父說的。|zh
725|8|27|27|They did not see that his words were about the Father.|en
726|8|28|28|所以耶穌說：你們舉起人子以後，必知道我是基督，並且知道我沒有一件事是憑著自己作的。我說這些話乃是照著父所教訓我的。|zh
727|8|28|28|So Jesus said, When the Son of man has been lifted up by you, then it will be clear to you who I am, and that I do nothing of myself, but say as the Father gave me teaching.|en
728|8|29|29|那差我來的是與我同在；他沒有撇下我獨自在這裡，因為我常做他所喜悅的事。|zh
729|8|29|29|He who sent me is with me; he has not gone from me, because at all times I do the things which are pleasing to him.|en
730|8|30|30|耶穌說這話的時候，就有許多人信他。|zh
731|8|30|30|When he said this a number came to have faith in him.|en
732|8|31|31|耶穌對信他的猶太人說：你們若常常遵守我的道，就真是我的門徒；|zh
733|8|31|31|Then Jesus said to the Jews who had faith in him, If you keep my word, then you are truly my disciples;|en
734|8|32|32|你們必曉得真理，真理必叫你們得以自由。|zh
735|8|32|32|And you will have knowledge of what is true, and that will make you free.|en
736|8|33|33|他們回答說：我們是亞伯拉罕的後裔，從來沒有作過誰的奴僕。你怎麼說你們必得自由呢？|zh
737|8|33|33|They said to him in answer, We are Abraham's seed and have never been any man's servant: why do you say, You will become free?|en
738|8|34|34|耶穌回答說：我實實在在的告訴你們，所有犯罪的就是罪的奴僕。|zh
739|8|34|34|And this was the answer Jesus gave them: Truly I say to you, Everyone who does evil is the servant of sin.|en
740|8|35|35|奴僕不能永遠住在家裡；兒子是永遠住在家裡。|zh
741|8|35|35|Now the servant does not go on living in the house for ever, but the son does.|en
742|8|36|36|所以天父的兒子若叫你們自由，你們就真自由了。|zh
743|8|36|36|If then the son makes you free, you will be truly free.|en
744|8|37|37|我知道你們是亞伯拉罕的子孫，你們卻想要殺我，因為你們心裡容不下我的道。|zh
745|8|37|37|I am conscious that you are Abraham's seed; but you have a desire to put me to death because my word has no place in you.|en
746|8|38|38|我所說的是在我父那裡看見的；你們所行的是在你們的父那裡聽見的。|zh
747|8|38|38|I say the things which I have seen in my Father's house: and you do the things which come to you from your father's house.|en
748|8|39|39|他們說：我們的父就是亞伯拉罕。耶穌說：你們若是亞伯拉罕的兒子，就必行亞伯拉罕所行的事。|zh
749|8|39|39|In answer they said to him, Our father is Abraham. Jesus said to them, If you were Abraham's children you would do what Abraham did.|en
750|8|40|40|我將在神那裡所聽見的真理告訴了你們，現在你們卻想要殺我，這不是亞伯拉罕所行的事。|zh
751|8|40|40|But now you have a desire to put me to death, a man who has said to you what is true, as I had it from God: Abraham did not do that.|en
752|8|41|41|你們是行你們父所行的事。他們說：我們不是從淫亂生的；我們只有一位父，就是神。|zh
753|8|41|41|You are doing the works of your father. They said to him, We are true sons of Abraham; we have one Father, who is God.|en
754|8|42|42|耶穌說：倘若神是你們的父，你們就必愛我；因為我本是出於神，也是從神而來，並不是由著自己來，乃是他差我來。|zh
755|8|42|42|Jesus said to them, If God was your Father you would have love for me, because it was from God I came and am here. I did not come of myself, but he sent me.|en
756|8|43|43|你們為甚麼不明白我的話呢？無非是因你們不能聽我的道。|zh
757|8|43|43|Why are my words not clear to you? It is because your ears are shut to my teaching.|en
758|8|44|44|你們是出於你們的父魔鬼，你們父的私慾你們偏要行。他從起初是殺人的，不守真理，因他心裡沒有真理。他說謊是出於自己；因他本來是說謊的，也是說謊之人的父。|zh
759|8|44|44|You are the children of your father the Evil One and it is your pleasure to do his desires. From the first he was a taker of life; and he did not go in the true way because there is no true thing in him. When he says what is false, it is natural to him, for he is false and the father of what is false.|en
760|8|45|45|我將真理告訴你們，你們就因此不信我。|zh
761|8|45|45|But because I say what is true, you have no belief in me.|en
762|8|46|46|你們中間誰能指證我有罪呢？我既然將真理告訴你們，為甚麼不信我呢？|zh
763|8|46|46|Which of you is able truly to say that I am a sinner? If I say what is true, why have you no belief in me?|en
764|8|47|47|出於神的，必聽神的話；你們不聽，因為你們不是出於神。|zh
765|8|47|47|He who is a child of God gives ear to the words of God: your ears are not open to them because you are not from God.|en
766|8|48|48|猶太人回答說：我們說你是撒瑪利亞人，並且是鬼附著的，這話豈不正對麼？|zh
767|8|48|48|The Jews said to him in answer, Are we not right in saying that you are of Samaria and have an evil spirit?|en
768|8|49|49|耶穌說：我不是鬼附著的；我尊敬我的父，你們倒輕慢我。|zh
769|8|49|49|And this was the answer of Jesus: I have not an evil spirit; but I give honour to my Father and you do not give honour to me.|en
770|8|50|50|我不求自己的榮耀，有一位為我求榮耀、定是非的。|zh
771|8|50|50|I, however, am not in search of glory for myself: there is One who is searching for it and he is judge.|en
772|8|51|51|我實實在在的告訴你們，人若遵守我的道，就永遠不見死。|zh
773|8|51|51|Truly I say to you, If a man keeps my word he will never see death.|en
774|8|52|52|猶太人對他說：現在我們知道你是鬼附著的。亞伯拉罕死了，眾先知也死了，你還說：人若遵守我的道，就永遠不嘗死味。|zh
775|8|52|52|The Jews said to him, Now we are certain that you have an evil spirit. Abraham is dead, and the prophets are dead; and you say, If a man keeps my word he will never see death.|en
776|8|53|53|難道你比我們的祖宗亞伯拉罕還大麼？他死了，眾先知也死了，你將自己當作甚麼人呢？|zh
777|8|53|53|Are you greater than our father Abraham, who is dead? and the prophets are dead: who do you say that you are?|en
778|8|54|54|耶穌回答說：我若榮耀自己，我的榮耀就算不得甚麼；榮耀我的乃是我的父，就是你們所說是你們的神。|zh
779|8|54|54|Jesus said in answer, If I take glory for myself, my glory is nothing: it is my Father who gives me glory, of whom you say that he is your God.|en
780|8|55|55|你們未曾認識他；我卻認識他。我若說不認識他，我就是說謊的，像你們一樣；但我認識他，也遵守他的道。|zh
781|8|55|55|You have no knowledge of him, but I have knowledge of him; and if I said I have no knowledge of him I would be talking falsely like you: but I have full knowledge of him, and I keep his word.|en
782|8|56|56|你們的祖宗亞伯拉罕歡歡喜喜的仰望我的日子，既看見了就快樂。|zh
783|8|56|56|Your father Abraham was full of joy at the hope of seeing my day: he saw it and was glad.|en
784|8|57|57|猶太人說：你還沒有五十歲，豈見過亞伯拉罕呢？|zh
785|8|57|57|Then the Jews said to him, You are not fifty years old; have you seen Abraham?|en
786|8|58|58|耶穌說：我實實在在的告訴你們，還沒有亞伯拉罕就有了我。|zh
787|8|58|58|Jesus said to them, Truly I say to you, Before Abraham came into being, I am.|en
788|8|59|59|於是他們拿石頭要打他；耶穌卻躲藏，從殿去了。|zh
789|8|59|59|So they took up stones to send at him: but Jesus got secretly out of their way and went out of the Temple.|en
790|9|1|1|耶穌過去的時候，看見一個人生來是瞎眼的。|zh
791|9|1|1|And when he went on his way, he saw a man blind from birth.|en
792|9|2|2|門徒問耶穌說：拉比，這人生來是瞎眼的，是誰犯了罪？是這人呢？是他父母呢？|zh
793|9|2|2|And his disciples put a question to him, saying, Master, was it because of this man's sin, or the sin of his father and mother, that he has been blind from birth?|en
794|9|3|3|耶穌回答說：也不是這人犯了罪，也不是他父母犯了罪，是要在他身上顯出神的作為來。|zh
795|9|3|3|Jesus said in answer, It was not because of his sin, or because of his father's or mother's; it was so that the works of God might be seen openly in him.|en
796|9|4|4|趁著白日，我們必須做那差我來者的工；黑夜將到，就沒有人能做工了。|zh
797|9|4|4|While it is day we have to do the works of him who sent me: the night comes when no work may be done.|en
798|9|5|5|我在世上的時候，是世上的光。|zh
799|9|5|5|As long as I am in the world, I am the light of the world.|en
800|9|6|6|耶穌說了這話，就吐唾沫在地上，用唾沫和泥抹在瞎子的眼睛上，|zh
801|9|6|6|Having said these words, he put earth, mixed with water from his mouth, on the man's eyes,|en
802|9|7|7|對他說：你往西羅亞池子裡去洗（西羅亞繙出來就是奉差遣）。他去一洗，回頭就看見了。|zh
803|9|7|7|And said to him, Go and make yourself clean in the bath of Siloam (the sense of the name is, Sent). So he went away and, after washing, came back able to see.|en
804|9|8|8|他的鄰舍和那素常見他是討飯的，就說：這不是那從前坐著討飯的人麼？|zh
805|9|8|8|Then the neighbours and others who had seen him before in the street, with his hand out for money, said, Is not this the man who got money from people?|en
806|9|9|9|有人說：是他；又有人說；不是，卻是像他。他自己說：是我。|zh
807|9|9|9|Some said, It is he: others said, No, but he is like him. He said, I am he.|en
808|9|10|10|他們對他說：你的眼睛是怎麼開的呢？|zh
809|9|10|10|So they said to him, How then were your eyes made open?|en
810|9|11|11|他回答說：有一個人，名叫耶穌，他和泥抹我的眼睛，對我說：你往西羅亞池子去洗。我去一洗，就看見了。|zh
811|9|11|11|His answer was: The man who is named Jesus put earth mixed with water on my eyes, and said to me, Go and make yourself clean in Siloam: so I went away and, after washing, am now able to see.|en
812|9|12|12|他們說：那個人在那裡？他說：我不知道。|zh
813|9|12|12|And they said to him, Where is he? His answer was: I have no knowledge.|en
814|9|13|13|他們把從前瞎眼的人帶到法利賽人那裡。|zh
815|9|13|13|They took him before the Pharisees--this man who had been blind.|en
816|9|14|14|耶穌和泥開他眼睛的日子是安息日。|zh
817|9|14|14|Now the day on which the earth was mixed by Jesus and the man's eyes were made open was the Sabbath.|en
818|9|15|15|法利賽人也問他是怎麼得看見的。瞎子對他們說：他把泥抹在我的眼睛上，我去一洗，就看見了。|zh
819|9|15|15|So the Pharisees put more questions to him about how his eyes had been made open. And he said to them, He put earth on my eyes, and I had a wash and am able to see.|en
820|9|16|16|法利賽人中有的說：這個人不是從神來的，因為他不守安息日。又有人說：一個罪人怎能行這樣的神蹟呢？他們就起了分爭。|zh
821|9|16|16|Then some of the Pharisees said, That man has not come from God, for he does not keep the Sabbath. Others said, How is it possible for a sinner to do such signs? So there was a division among them.|en
822|9|17|17|他們又對瞎子說：他既然開了你的眼睛，你說他是怎樣的人呢？他說：是個先知。|zh
823|9|17|17|Again they said to the blind man, What have you to say about him for opening your eyes? And he said, He is a prophet.|en
824|9|18|18|猶太人不信他從前是瞎眼，後來能看見的，等到叫了他的父母來，|zh
825|9|18|18|Now the Jews had no belief in the statement that he had been blind and was now able to see, till they sent for the father and mother of the man whose eyes had been made open,|en
826|9|19|19|問他們說：這是你們的兒子麼？你們說他生來是瞎眼的，如今怎麼能看見了呢？|zh
827|9|19|19|And put the question to them, saying, Is this your son, of whom you say that he was blind at birth? how is it then that he is now able to see?|en
828|9|20|20|他父母回答說：他是我們的兒子，生來就瞎眼，這是我們知道的。|zh
829|9|20|20|In answer his father and mother said, We are certain that this is our son and that he was blind at birth:|en
830|9|21|21|至於他如今怎麼能看見，我們卻不知道；是誰開了他的眼睛，我們也不知道。他已經成了人，你們問他罷，他自己必能說。|zh
831|9|21|21|But how it is he is now able to see, or who made his eyes open, we are not able to say: put the question to him; he is old enough to give an answer for himself.|en
832|9|22|22|他父母說這話，是怕猶太人；因為猶太人已經商議定了，若有認耶穌是基督的，要把他趕出會堂。|zh
833|9|22|22|They said this because of their fear of the Jews: for the Jews had come to an agreement that if any man said that Jesus was the Christ he would be put out of the Synagogue.|en
834|9|23|23|因此他父母說：他已經成了人，你們問他罷。|zh
835|9|23|23|That was the reason why they said, He is old enough; put the question to him.|en
836|9|24|24|所以法利賽人第二次叫了那從前瞎眼的人來，對他說：你該將榮耀歸給神，我們知道這人是個罪人。|zh
837|9|24|24|So they sent a second time for the man who had been blind and they said to him, Give glory to God: it is clear to us that this man is a sinner.|en
838|9|25|25|他說：他是個罪人不是，我不知道；有一件事我知道，從前我是眼瞎的，如今能看見了。|zh
839|9|25|25|He said in answer, I have no knowledge if he is a sinner or not, but one thing I am certain about; I was blind, and now I see.|en
840|9|26|26|他們就問他說：他向你做甚麼？是怎麼開了你的眼睛呢？|zh
841|9|26|26|Then they said to him, What did he do to you? how did he give you the use of your eyes?|en
842|9|27|27|他回答說：我方才告訴你們，你們不聽，為甚麼又要聽呢？莫非你們也要作他的門徒麼？|zh
843|9|27|27|His answer was: I have said it before, but your ears were shut: why would you have me say it again? is it your desire to become his disciples?|en
844|9|28|28|他們就罵他說：你是他的門徒；我們是摩西的門徒。|zh
845|9|28|28|And they were angry with him and said, You are his disciple, but we are disciples of Moses.|en
846|9|29|29|神對摩西說話是我們知道的；只是這個人，我們不知道他從那裡來！|zh
847|9|29|29|We are certain that God gave his word to Moses: but as for this man, we have no knowledge where he comes from.|en
848|9|30|30|那人回答說：他開了我的眼睛，你們竟不知道他從那裡來，這真是奇怪！|zh
849|9|30|30|The man said in answer, Why, here is a strange thing! You have no knowledge where he comes from though he gave me the use of my eyes.|en
850|9|31|31|我們知道神不聽罪人，惟有敬奉神、遵行他旨意的，神才聽他。|zh
851|9|31|31|We have knowledge that God does not give ear to sinners, but if any man is a worshipper of God and does his pleasure, to him God's ears are open.|en
852|9|32|32|從創世以來，未曾聽見有人把生來是瞎子的眼睛開了。|zh
853|9|32|32|In all the years nobody has ever before seen the eyes of a man blind from birth made open.|en
854|9|33|33|這人若不是從神來的，甚麼也不能做。|zh
855|9|33|33|If this man did not come from God he would be unable to do anything.|en
856|9|34|34|他們回答說：你全然生在罪孽中，還要教訓我們麼？於是把他趕出去了。|zh
857|9|34|34|Their answer was: You came to birth through sin; do you make yourself our teacher? And they put him out of the Synagogue.|en
858|9|35|35|耶穌聽說他們把他趕出去，後來遇見他，就說：你信神的兒子麼？|zh
859|9|35|35|It came to the ears of Jesus that they had put him out, and meeting him he said, Have you faith in the Son of man?|en
860|9|36|36|他回答說：主阿，誰是神的兒子，叫我信他呢？|zh
861|9|36|36|He said in answer, And who is he, Lord? Say, so that I may have faith in him.|en
862|9|37|37|耶穌說：你已經看見他，現在和你說話的就是他。|zh
863|9|37|37|Jesus said to him, You have seen him; it is he who is talking to you.|en
864|9|38|38|他說：主阿，我信！就拜耶穌。|zh
865|9|38|38|And he said, Lord, I have faith. And he gave him worship.|en
866|9|39|39|耶穌說：我為審判到這世上來，叫不能看見的，可以看見；能看見的，反瞎了眼。|zh
867|9|39|39|And Jesus said, I came into this world to be a judge, so that those who do not see may see, and those who see may become blind.|en
868|9|40|40|同他在那裡的法利賽人聽見這話，就說：難道我們也瞎了眼麼？|zh
869|9|40|40|These words came to the ears of the Pharisees who were with him and they said to him, Are we, then, blind?|en
870|9|41|41|耶穌對他們說：你們若瞎了眼，就沒有罪了；但如今你們說我們能看見，所以你們的罪還在。|zh
871|9|41|41|Jesus said to them, If you were blind you would have no sin: but now that you say, We see; your sin is there still.|en
872|10|1|1|我實實在在的告訴你們，人進羊圈，不從門進去，倒從別處爬進去，那人就是賊，就是強盜。|zh
873|10|1|1|Truly I say to you, He who does not go through the door into the place where the sheep are kept, but gets in by some other way, is a thief and an outlaw.|en
874|10|2|2|從門進去的，才是羊的牧人。|zh
875|10|2|2|He who goes in by the door is the keeper of the sheep.|en
876|10|3|3|看門的就給他開門；羊也聽他的聲音。他按著名叫自己的羊，把羊領出來。|zh
877|10|3|3|The porter lets him in; and the sheep give ear to his voice; he says over the names of the sheep, and takes them out.|en
878|10|4|4|既放出自己的羊來，就在前頭走，羊也跟著他，因為認得他的聲音。|zh
879|10|4|4|When he has got them all out, he goes before them, and the sheep go after him, for they have knowledge of his voice.|en
880|10|5|5|羊不跟著生人；因為不認得他的聲音。必要逃跑。|zh
881|10|5|5|They will not go after another who is not their keeper, but will go from him in flight, because his voice is strange to them.|en
882|10|6|6|耶穌將這比喻告訴他們，但他們不明白所說的是甚麼意思。|zh
883|10|6|6|In this Jesus was teaching them in the form of a story: but what he said was not clear to them.|en
884|10|7|7|所以，耶穌又對他們說：我實實在在的告訴你們，我就是羊的門。|zh
885|10|7|7|So Jesus said again, Truly I say to you, I am the door of the sheep.|en
886|10|8|8|凡在我以先來的都是賊，是強盜；羊卻不聽他們。|zh
887|10|8|8|All who came before me are thieves and outlaws: but the sheep did not give ear to them.|en
888|10|9|9|我就是門；凡從我進來的，必然得救，並且出入得草吃。|zh
889|10|9|9|I am the door: if any man goes in through me he will have salvation, and will go in and go out, and will get food.|en
890|10|10|10|盜賊來，無非要偷竊，殺害，毀壞；我來了，是要叫羊（或作：人）得生命，並且得的更豐盛。|zh
891|10|10|10|The thief comes only to take the sheep and to put them to death: he comes for their destruction: I have come so that they may have life and have it in greater measure.|en
892|10|11|11|我是好牧人；好牧人為羊捨命。|zh
893|10|11|11|I am the good keeper of sheep: the good keeper gives his life for the sheep.|en
894|10|12|12|若是雇工，不是牧人，羊也不是他自己的，他看見狼來，就撇下羊逃走；狼抓住羊，趕散了羊群。|zh
895|10|12|12|He who is a servant, and not the keeper or the owner of the sheep, sees the wolf coming and goes in flight, away from the sheep; and the wolf comes down on them and sends them in all directions:|en
896|10|13|13|雇工逃走，因他是雇工，並不顧念羊。|zh
897|10|13|13|Because he is a servant he has no interest in the sheep.|en
898|10|14|14|我是好牧人；我認識我的羊，我的羊也認識我，|zh
899|10|14|14|I am the good keeper; I have knowledge of my sheep, and they have knowledge of me,|en
900|10|15|15|正如父認識我，我也認識父一樣；並且我為羊捨命。|zh
901|10|15|15|Even as the Father has knowledge of me and I of the Father; and I am giving my life for the sheep.|en
902|10|16|16|我另外有羊，不是這圈裡的；我必須領他們來，他們也要聽我的聲音，並且要合成一群，歸一個牧人了。|zh
903|10|16|16|And I have other sheep which are not of this field: I will be their guide in the same way, and they will give ear to my voice, so there will be one flock and one keeper.|en
904|10|17|17|我父愛我；因我將命捨去，好再取回來。|zh
905|10|17|17|For this reason am I loved by the Father, because I give up my life so that I may take it again.|en
906|10|18|18|沒有人奪我的命去，是我自己捨的。我有權柄捨了，也有權柄取回來。這是我從我父所受的命令。|zh
907|10|18|18|No one takes it away from me; I give it up of myself. I have power to give it up, and I have power to take it again. These orders I have from my Father.|en
908|10|19|19|猶太人為這些話又起了分爭。|zh
909|10|19|19|There was a division again among the Jews because of these words.|en
910|10|20|20|內中有好些人說：他是被鬼附著，而且瘋了，為甚麼聽他呢？|zh
911|10|20|20|And a number of them said, He has an evil spirit and is out of his mind; why do you give ear to him?|en
912|10|21|21|又有人說：這不是鬼附之人所說的話。鬼豈能叫瞎子的眼睛開了呢？|zh
913|10|21|21|Others said, These are not the words of one who has an evil spirit. Is it possible for an evil spirit to make blind people see?|en
914|10|22|22|在耶路撒冷有修殿節，是冬天的時候。|zh
915|10|22|22|Then came the feast of the opening of the Temple in Jerusalem: it was winter;|en
916|10|23|23|耶穌在殿裡所羅門的廊下行走。|zh
917|10|23|23|And Jesus was walking in the Temple, in Solomon's covered way.|en
918|10|24|24|猶太人圍著他，說：你叫我們猶疑不定到幾時呢？你若是基督，就明明的告訴我們。|zh
919|10|24|24|Then the Jews came round him, saying, how long are you going to keep us in doubt? If you are the Christ, say so clearly.|en
920|10|25|25|耶穌回答說：我已經告訴你們，你們不信。我奉我父之名所行的事可以為我作見證；|zh
921|10|25|25|Jesus said in answer, I have said it and you have no belief: the works which I do in my Father's name, these give witness about me.|en
922|10|26|26|只是你們不信，因為你們不是我的羊。|zh
923|10|26|26|But you have no belief because you are not of my sheep.|en
924|10|27|27|我的羊聽我的聲音，我也認識他們，他們也跟著我。|zh
925|10|27|27|My sheep give ear to my voice, and I have knowledge of them, and they come after me:|en
926|10|28|28|我又賜給他們永生；他們永不滅亡，誰也不能從我手裡把他們奪去。|zh
927|10|28|28|And I give them eternal life; they will never come to destruction, and no one will ever take them out of my hand.|en
928|10|29|29|我父把羊賜給我，他比萬有都大，誰也不能從我父手裡把他們奪去。|zh
929|10|29|29|That which my Father has given to me has more value than all; and no one is able to take anything out of the Father's hand.|en
930|10|30|30|我與父原為一。|zh
931|10|30|30|I and my Father are one.|en
932|10|31|31|猶太人又拿起石頭來要打他。|zh
933|10|31|31|Then the Jews took up stones again to send at him.|en
934|10|32|32|耶穌對他們說：我從父顯出許多善事給你們看，你們是為那一件拿石頭打我呢？|zh
935|10|32|32|Jesus said to them in answer, I have let you see a number of good works from the Father; for which of those works are you stoning me?|en
936|10|33|33|猶太人回答說：我們不是為善事拿石頭打你，是為你說僭妄的話；又為你是個人，反將自己當作神。|zh
937|10|33|33|This was their answer: We are not stoning you for a good work but for evil words; because being a man you make yourself God.|en
938|10|34|34|耶穌說：你們的律法上豈不是寫著我曾說你們是神麼？|zh
939|10|34|34|In answer, Jesus said, Is there not a saying in your law, I said, You are gods?|en
940|10|35|35|經上的話是不能廢的；若那些承受神道的人尚且稱為神，|zh
941|10|35|35|If he said they were gods, to whom the word of God came (and the Writings may not be broken),|en
942|10|36|36|父所分別為聖、又差到世間來的，他自稱是神的兒子，你們還向他說你說僭妄的話麼？|zh
943|10|36|36|Do you say of him whom the Father made holy and sent into the world, Your words are evil; because I said, I am God's Son?|en
944|10|37|37|我若不行我父的事，你們就不必信我；|zh
945|10|37|37|If I am not doing the works of my Father, do not have belief in me;|en
946|10|38|38|我若行了，你們縱然不信我，也當信這些事，叫你們又知道又明白父在我裡面，我也在父裡面。|zh
947|10|38|38|But if I am doing them, then have belief in the works even if you have no belief in me; so that you may see clearly and be certain that the Father is in me and I am in the Father.|en
948|10|39|39|他們又要拿他，他卻逃出他們的手走了。|zh
949|10|39|39|Then again they made an attempt to take him; but he got away from them.|en
950|10|40|40|耶穌又往約但河外去，到了約翰起初施洗的地方，就住在那裡。|zh
951|10|40|40|And he went again to the other side of the Jordan, to the place where John first gave baptism; and he was there for a time.|en
952|10|41|41|有許多人來到他那裡。他們說：約翰一件神蹟沒有行過，但約翰指著這人所說的一切話都是真的。|zh
953|10|41|41|And a great number of people came to him, saying, John did no sign: but everything John said of this man was true.|en
954|10|42|42|在那裡，信耶穌的人就多了。|zh
955|10|42|42|And a number came to have faith in him there.|en
956|11|1|1|有一個患病的人，名叫拉撒路，住在伯大尼，就是馬利亞和他姐姐馬大的村莊。|zh
957|11|1|1|Now a certain man named Lazarus was ill; he was of Bethany, the town of Mary and her sister Martha.|en
958|11|2|2|這馬利亞就是那用香膏抹主，又用頭髮擦他腳的；患病的拉撒路是他的兄弟。|zh
959|11|2|2|(The Mary whose brother Lazarus was ill, was the Mary who put perfumed oil on the Lord and made his feet dry with her hair.)|en
960|11|3|3|他姐妹兩個就打發人去見耶穌，說：主阿，你所愛的人病了。|zh
961|11|3|3|So the sisters sent to him, saying, Lord, your dear friend is ill.|en
962|11|4|4|耶穌聽見，就說：這病不至於死，乃是為神的榮耀，叫神的兒子因此得榮耀。|zh
963|11|4|4|When this came to his ears, Jesus said, The end of this disease is not death, but the glory of God, so that the Son of God may have glory because of it.|en
964|11|5|5|耶穌素來愛馬大和他妹子並拉撒路。|zh
965|11|5|5|Now Jesus had love in his heart for Martha and her sister and Lazarus.|en
966|11|6|6|聽見拉撒路病了。就在所居之地仍住了兩天。|zh
967|11|6|6|So when the news came to him that Lazarus was ill, he did not go from the place where he was for two days.|en
968|11|7|7|然後對門徒說：我們再往猶太去罷。|zh
969|11|7|7|Then after that time he said to his disciples, Let us go into Judaea again.|en
970|11|8|8|門徒說：拉比，猶太人近來要拿石頭打你，你還往那裡去麼？|zh
971|11|8|8|The disciples said to him, Master, the Jews were attempting only the other day to have you stoned, and are you going back there again?|en
972|11|9|9|耶穌回答說：白日不是有十二小時麼？人在白日走路，就不至跌倒，因為看見這世上的光。|zh
973|11|9|9|Then Jesus said in answer, Are there not twelve hours in the day? A man may go about in the day without falling, because he sees the light of this world.|en
974|11|10|10|若在黑夜走路，就必跌倒，因為他沒有光。|zh
975|11|10|10|But if a man goes about in the night, he may have a fall because the light is not in him.|en
976|11|11|11|耶穌說了這話，隨後對他們說：我們的朋友拉撒路睡了，我去叫醒他。|zh
977|11|11|11|These things said he: and after that he said to them, Lazarus our friend is at rest; but I go so that I may make him come out of his sleep.|en
978|11|12|12|門徒說：主阿，他若睡了，就必好了。|zh
979|11|12|12|Then his disciples said to him, Lord, if he is resting he will get well.|en
980|11|13|13|耶穌這話是指著他死說的，他們卻以為是說照常睡了。|zh
981|11|13|13|Jesus, however, was talking of his death: but they had the idea that he was talking about taking rest in sleep.|en
982|11|14|14|耶穌就明明的告訴他們說：拉撒路死了。|zh
983|11|14|14|Then Jesus said to them clearly, Lazarus is dead.|en
984|11|15|15|我沒有在那裡就歡喜，這是為你們的緣故，好叫你們相信。如今我們可以往他那裡去罷。|zh
985|11|15|15|And because of you I am glad I was not there, so that you may have faith; but let us go to him.|en
986|11|16|16|多馬，又稱為低土馬，就對那同作門徒的說：我們也去和他同死罷。|zh
987|11|16|16|Then Thomas, who was named Didymus, said to the other disciples, Let us go so that we may be with him in death.|en
988|11|17|17|耶穌到了，就知道拉撒路在墳墓裡已經四天了。|zh
989|11|17|17|Now when Jesus came, he made the discovery that Lazarus had been put into the earth four days before.|en
990|11|18|18|伯大尼離耶路撒冷不遠，約有六里路。|zh
991|11|18|18|Now Bethany was near to Jerusalem, about two miles away;|en
992|11|19|19|有好些猶太人來看馬大和馬利亞，要為他們的兄弟安慰他們。|zh
993|11|19|19|And a number of Jews had come to Martha and Mary to give them comfort about their brother.|en
994|11|20|20|馬大聽見耶穌來了，就出去迎接他；馬利亞卻仍然坐在家裡。|zh
995|11|20|20|When Martha had the news that Jesus was on the way, she went out to him, but Mary did not go from the house.|en
996|11|21|21|馬大對耶穌說：主阿，你若早在這裡，我兄弟必不死。|zh
997|11|21|21|Then Martha said to Jesus, Lord, if you had been here my brother would not be dead.|en
998|11|22|22|就是現在，我也知道，你無論向神求甚麼，神也必賜給你。|zh
999|11|22|22|But I am certain that, even now, whatever request you make to God, God will give it to you.|en
1000|11|23|23|耶穌說：你兄弟必然復活。|zh
1001|11|23|23|Jesus said to her, Your brother will come to life again.|en
1002|11|24|24|馬大說：我知道在末日復活的時候，他必復活。|zh
1003|11|24|24|Martha said to him, I am certain that he will come to life again when all come back from the dead at the last day.|en
1004|11|25|25|耶穌對他說：復活在我，生命也在我。信我的人雖然死了，也必復活，|zh
1005|11|25|25|Jesus said to her, I am myself that day and that life; he who has faith in me will have life even if he is dead;|en
1006|11|26|26|凡活著信我的人必永遠不死。你信這話麼？|zh
1007|11|26|26|And no one who is living and has faith in me will ever see death. Is this your faith?|en
1008|11|27|27|馬大說：主阿，是的，我信你是基督，是神的兒子，就是那要臨到世界的。|zh
1009|11|27|27|She said to him, Yes, Lord: my faith is that you are the Christ, the Son of God, who was to come into the world.|en
1010|11|28|28|馬大說了這話，就回去暗暗的叫他妹子馬利亞，說：夫子來了，叫你。|zh
1011|11|28|28|And having said this, she went away and said secretly to her sister Mary, The Master is here and has sent for you.|en
1012|11|29|29|馬利亞聽見了，就急忙起來，到耶穌那裡去。|zh
1013|11|29|29|And Mary, hearing this, got up quickly and went to him.|en
1014|11|30|30|那時，耶穌還沒有進村子，仍在馬大迎接他的地方。|zh
1015|11|30|30|Now Jesus had not at this time come into the town, but was still in the place where Martha had seen him.|en
1016|11|31|31|那些同馬利亞在家裡安慰他的猶太人，見他急忙起來出去，就跟著他，以為他要往墳墓那裡去哭。|zh
1017|11|31|31|Then the Jews who were with her in the house, comforting her, when they saw Mary get up quickly and go out, went after her in the belief that she was going to the place of the dead and would be weeping there.|en
1018|11|32|32|馬利亞到了耶穌那裡，看見他，就俯伏在他腳前，說：主阿，你若早在這裡，我兄弟必不死。|zh
1019|11|32|32|When Mary came to where Jesus was and saw him, she went down at his feet, saying, Lord, if you had been here my brother would not be dead.|en
1020|11|33|33|耶穌看見他哭，並看見與他同來的猶太人也哭，就心裡悲歎，又甚憂愁，|zh
1021|11|33|33|And when Jesus saw her weeping, and saw the Jews weeping who came with her, his spirit was moved and he was troubled,|en
1022|11|34|34|便說：你們把他安放在那裡？他們回答說：請主來看。|zh
1023|11|34|34|And said, Where have you put him? They said, Come and see, Lord.|en
1024|11|35|35|耶穌哭了。|zh
1025|11|35|35|And Jesus himself was weeping.|en
1026|11|36|36|猶太人就說：你看他愛這人是何等懇切。|zh
1027|11|36|36|So the Jews said, See how dear he was to him!|en
1028|11|37|37|其中有人說：他既然開了瞎子的眼睛，豈不能叫這人不死麼？|zh
1029|11|37|37|But some of them said, This man, who made open the eyes of the blind man, was he not able to keep his friend from death?|en
1030|11|38|38|耶穌又心裡悲歎，來到墳墓前；那墳墓是個洞，有一塊石頭擋著。|zh
1031|11|38|38|So Jesus, deeply troubled in heart, came to the place of the dead. It was a hole in the rock, and a stone was over the opening.|en
1032|11|39|39|耶穌說：你們把石頭挪開。那死人的姐姐馬大對他說：主阿，他現在必是臭了，因為他死了已經四天了。|zh
1033|11|39|39|Jesus said, Take away the stone. Martha, the sister of him who was dead, said, Lord, by this time the body will be smelling, for he has been dead four days.|en
1034|11|40|40|耶穌說：我不是對你說過，你若信，就必看見神的榮耀麼？|zh
1035|11|40|40|Jesus said to her, Did I not say to you that if you had faith you would see the glory of God?|en
1036|11|41|41|他們就把石頭挪開。耶穌舉目望天，說：父阿，我感謝你，因為你已經聽我。|zh
1037|11|41|41|So they took away the stone. And Jesus, looking up to heaven, said, Father, I give praise to you for hearing me.|en
1038|11|42|42|我也知道你常聽我，但我說這話是為周圍站著的眾人，叫他們信是你差了我來。|zh
1039|11|42|42|I was certain that your ears are at all times open to me, but I said it because of these who are here, so that they may see that you sent me.|en
1040|11|43|43|說了這話，就大聲呼叫說：拉撒路出來！|zh
1041|11|43|43|Then he said in a loud voice, Lazarus, come out!|en
1042|11|44|44|那死人就出來了，手腳裹著布，臉上包著手巾。耶穌對他們說，解開，叫他走！|zh
1043|11|44|44|And he who was dead came out, with linen bands folded tightly about his hands and feet, and a cloth about his face. Jesus said to them, Make him free and let him go.|en
1044|11|45|45|那些來看馬利亞的猶太人見了耶穌所做的事，就多有信他的；|zh
1045|11|45|45|Then a number of the Jews who had come to Mary and had seen the things which Jesus did had belief in him.|en
1046|11|46|46|但其中也有去見法利賽人的，將耶穌所做的事告訴他們。|zh
1047|11|46|46|But some of them went to the Pharisees with the news of what Jesus had done.|en
1048|11|47|47|祭司長和法利賽人聚集公會，說：這人行好些神蹟，我們怎麼辦呢？|zh
1049|11|47|47|Then the high priests and the Pharisees had a meeting and said, What are we doing? This man is doing a number of signs.|en
1050|11|48|48|若這樣由著他，人人都要信他，羅馬人也要來奪我們的地土和我們的百姓。|zh
1051|11|48|48|If we let him go on in this way, everybody will have belief in him and the Romans will come and take away our place and our nation.|en
1052|11|49|49|內中有一個人，名叫該亞法，本年作大祭司，對他們說：你們不知道甚麼。|zh
1053|11|49|49|But one of them, Caiaphas, who was high priest that year, said to them, You have no knowledge of anything;|en
1054|11|50|50|獨不想一個人替百姓死，免得通國滅亡，就是你們的益處。|zh
1055|11|50|50|You do not see that it is in your interest for one man to be put to death for the people, so that all the nation may not come to destruction.|en
1056|11|51|51|他這話不是出於自己，是因他本年作大祭司，所以預言耶穌將要替這一國死；|zh
1057|11|51|51|He did not say this of himself, but being the high priest that year he said, as a prophet, that Jesus would be put to death for the nation;|en
1058|11|52|52|也不但替這一國死，並要將神四散的子民都聚集歸一。|zh
1059|11|52|52|And not for that nation only, but for the purpose of uniting in one body the children of God all over the world.|en
1060|11|53|53|從那日起，他們就商議要殺耶穌。|zh
1061|11|53|53|And from that day they took thought together how to put him to death.|en
1062|11|54|54|所以，耶穌不再顯然行在猶太人中間，就離開那裡往靠近曠野的地方去，到了一座城，名叫以法蓮，就在那裡和門徒同住。|zh
1063|11|54|54|So Jesus no longer went about publicly among the Jews, but went from there into the country near to the waste land, to a town named Ephraim, where he was for some time with the disciples.|en
1064|11|55|55|猶太人的逾越節近了，有許多人從鄉下上耶路撒冷去，要在節前潔淨自己。|zh
1065|11|55|55|Now the Passover of the Jews was near, and numbers of people went up from the country to Jerusalem to make themselves clean before the Passover.|en
1066|11|56|56|他們就尋找耶穌，站在殿裡彼此說：你們的意思如何，他不來過節麼？|zh
1067|11|56|56|They were looking for Jesus and saying to one another while they were in the Temple, What is your opinion? Will he not come to the feast?|en
1068|11|57|57|那時，祭司長和法利賽人早已吩咐說，若有人知道耶穌在那裡，就要報明，好去拿他。|zh
1069|11|57|57|Now the chief priests and the Pharisees had given orders that if anyone had knowledge where he was, he was to give them word, so that they might take him.|en
1070|12|1|1|逾越節前六日，耶穌來到伯大尼，就是他叫拉撒路從死裡復活之處。|zh
1071|12|1|1|Then, six days before the Passover, Jesus came to Bethany where Lazarus was, whom Jesus had made to come back from the dead.|en
1072|12|2|2|有人在那裡給耶穌預備筵席；馬大伺候，拉撒路也在那同耶穌坐席的人中。|zh
1073|12|2|2|So they made him a meal there, and he was waited on by Martha, and Lazarus was among those who were seated with him at table.|en
1074|12|3|3|馬利亞就拿著一斤極貴的真哪噠香膏，抹耶穌的腳，又用自己頭髮去擦，屋裡就滿了膏的香氣。|zh
1075|12|3|3|Then Mary, taking a pound of perfumed oil of great value, put it on the feet of Jesus and made them dry with her hair: and the house became full of the smell of the perfume.|en
1076|12|4|4|有一個門徒，就是那將要賣耶穌的加略人猶大，|zh
1077|12|4|4|But one of his disciples, Judas Iscariot (who was to give him up), said,|en
1078|12|5|5|說：這香膏為甚麼不賣三十兩銀子賙濟窮人呢？|zh
1079|12|5|5|Why was not this perfume traded for three hundred pence, and the money given to the poor?|en
1080|12|6|6|他說這話，並不是掛念窮人，乃因他是個賊，又帶著錢囊，常取其中所存的。|zh
1081|12|6|6|(He said this, not because he had any love for the poor; but because he was a thief, and, having the money-bag, took for himself what was put into it.)|en
1082|12|7|7|耶穌說：由他罷！他是為我安葬之日存留的。|zh
1083|12|7|7|Then Jesus said, Let her be. Let her keep what she has for the day of my death.|en
1084|12|8|8|因為常有窮人和你們同在，只是你們不常有我。|zh
1085|12|8|8|The poor you have ever with you, but me you have not for ever.|en
1086|12|9|9|有許多猶太人知道耶穌在那裡，就來了，不但是為耶穌的緣故，也是要看他從死裡所復活的拉撒路。|zh
1087|12|9|9|Then a great number of the Jews had news that he was there: and they came, not only because of Jesus, but so that they might see Lazarus who had been dead and to whom he had given life.|en
1088|12|10|10|但祭司長商議連拉撒路也要殺了；|zh
1089|12|10|10|Now there was talk among the chief priests of putting Lazarus to death;|en
1090|12|11|11|因有好些猶太人為拉撒路的緣故，回去信了耶穌。|zh
1091|12|11|11|For because of him a great number of the Jews went away and had belief in Jesus.|en
1092|12|12|12|第二天，有許多上來過節的人聽見耶穌將到耶路撒冷，|zh
1093|12|12|12|The day after, a great number of people who were there for the feast, when they had the news that Jesus was coming to Jerusalem,|en
1094|12|13|13|就拿著棕樹枝出去迎接他，喊著說：和散那！奉主名來的以色列王是應當稱頌的！|zh
1095|12|13|13|Took branches of palm-trees and went out to him, crying, A blessing on him who comes in the name of the Lord, the King of Israel!|en
1096|12|14|14|耶穌得了一個驢駒，就騎上，如經上所記的說：|zh
1097|12|14|14|And Jesus saw a young ass and took his seat on it; as the Writings say,|en
1098|12|15|15|錫安的民（原文作女子）哪，不要懼怕！你的王騎著驢駒來了。|zh
1099|12|15|15|Have no fear, daughter of Zion: see your King is coming, seated on a young ass.|en
1100|12|16|16|這些事門徒起先不明白，等到耶穌得了榮耀以後才想起這話是指著他寫的，並且眾人果然向他這樣行了。|zh
1101|12|16|16|(These things were not clear to his disciples at first: but when Jesus had been lifted up into his glory, then it came to their minds that these things in the Writings were about him and that they had been done to him.)|en
1102|12|17|17|當耶穌呼喚拉撒路，叫他從死復活出墳墓的時候，同耶穌在那裡的眾人就作見證。|zh
1103|12|17|17|Now the people who were with him when his voice came to Lazarus in the place of the dead, and gave him life again, had been talking about it.|en
1104|12|18|18|眾人因聽見耶穌行了這神蹟，就去迎接他。|zh
1105|12|18|18|And that was the reason the people went out to him, because it had come to their ears that he had done this sign.|en
1106|12|19|19|法利賽人彼此說：看哪，你們是徒勞無益，世人都隨從他去了。|zh
1107|12|19|19|Then the Pharisees said one to another, You see, you are unable to do anything: the world has gone after him.|en
1108|12|20|20|那時，上來過節禮拜的人中，有幾個希利尼人。|zh
1109|12|20|20|Now there were some Greeks among the people who had come up to give worship at the feast:|en
1110|12|21|21|他們來見加利利伯賽大的腓力，求他說：先生，我們願意見耶穌。|zh
1111|12|21|21|They came to Philip, who was of Beth-saida in Galilee, and made a request, saying, Sir, we have a desire to see Jesus.|en
1112|12|22|22|腓力去告訴安得烈，安得烈同腓力去告訴耶穌。|zh
1113|12|22|22|Philip went and gave word of it to Andrew; and Andrew went with Philip to Jesus.|en
1114|12|23|23|耶穌說：人子得榮耀的時候到了。|zh
1115|12|23|23|And Jesus said to them in answer, The hour of the glory of the Son of man has come.|en
1116|12|24|24|我實實在在的告訴你們，一粒麥子不落在地裡死了，仍舊是一粒，若是死了，就結出許多子粒來。|zh
1117|12|24|24|Truly I say to you, If a seed of grain does not go into the earth and come to an end, it is still a seed and no more; but through its death it gives much fruit.|en
1118|12|25|25|愛惜自己生命的，就失喪生命；在這世上恨惡自己生命的，就要保守生命到永生。|zh
1119|12|25|25|He who is in love with life will have it taken from him; and he who has no care for his life in this world will keep it for ever and ever.|en
1120|12|26|26|若有人服事我，就當跟從我；我在那裡，服事我的人也要在那裡；若有人服事我，我父必尊重他。|zh
1121|12|26|26|If any man is my servant, let him come after me; and where I am, there will my servant be. If any man becomes my servant, my Father will give him honour.|en
1122|12|27|27|我現在心裡憂愁，我說甚麼才好呢？父阿，救我脫離這時候；但我原是為這時候來的。|zh
1123|12|27|27|Now is my soul troubled; and what am I to say? Father, keep me from this hour. No: for this purpose have I come to this hour.|en
1124|12|28|28|父阿，願你榮耀你的名！當時就有聲音從天上來，說：我已經榮耀了我的名，還要再榮耀。|zh
1125|12|28|28|Father, give glory to your name. Then there came a voice out of heaven, saying, I have given it glory, and I will give it glory again.|en
1126|12|29|29|站在旁邊的眾人聽見，就說：打雷了。還有人說：有天使對他說話。|zh
1127|12|29|29|Hearing the sound, a number of people who were there said that it was thunder: others said, An angel was talking to him.|en
1128|12|30|30|耶穌說：這聲音不是為我，是為你們來的。|zh
1129|12|30|30|Jesus said in answer, This voice came not for me but for you.|en
1130|12|31|31|現在這世界受審判，這世界的王要被趕出去。|zh
1131|12|31|31|Now is this world to be judged: now will the ruler of this world be sent out.|en
1132|12|32|32|我若從地上被舉起來，就要吸引萬人來歸我。|zh
1133|12|32|32|And I, if I am lifted up from the earth, will make all men come to me.|en
1134|12|33|33|耶穌這話原是指著自己將要怎樣死說的。|zh
1135|12|33|33|(This he said, pointing to the sort of death he would have.)|en
1136|12|34|34|眾人回答說：我們聽見律法上有話說，基督是永存的，你怎麼說人子必須被舉起來呢？這人子是誰呢？|zh
1137|12|34|34|Then the people in answer said to him, The law says that the Christ will have life without end: how say you then that it is necessary for the Son of man to be lifted up? Who is this Son of man?|en
1138|12|35|35|耶穌對他們說：光在你們中間還有不多的時候，應當趁著有光行走，免得黑暗臨到你們；那在黑暗裡行走的，不知道往何處去。|zh
1139|12|35|35|Jesus said to them, For a little time longer the light will be among you; while you have the light go on walking in it, so that the dark may not overtake you: one walking in the dark has no knowledge of where he is going.|en
1140|12|36|36|你們應當趁著有光，信從這光，使你們成為光明之子。耶穌說了這話，就離開隱藏了。|zh
1141|12|36|36|In so far as you have the light, put your faith in the light so that you may become sons of light. With these words Jesus went away and for a time was not seen again by them.|en
1142|12|37|37|他雖然在他們面前行了許多神蹟，他們還是不信他。|zh
1143|12|37|37|But though he had done such a number of signs before them, they still had no belief in him:|en
1144|12|38|38|這是要應驗先知以賽亞的話，說：主阿，我們所傳的有誰信呢？主的膀臂向誰顯露呢？|zh
1145|12|38|38|So that the words of the prophet Isaiah might come true, when he said, Lord, who has any belief in our preaching? and the arm of the Lord, to whom has it been unveiled?|en
1146|12|39|39|他們所以不能信，因為以賽亞又說：|zh
1147|12|39|39|For this reason they were unable to have belief, because Isaiah said again,|en
1148|12|40|40|主叫他們瞎了眼，硬了心，免得他們眼睛看見，心裡明白，回轉過來，我就醫治他們。|zh
1149|12|40|40|He has made their eyes blind, and their hearts hard; for fear that they might see with their eyes and get knowledge with their hearts, and be changed, and I might make them well.|en
1150|12|41|41|以賽亞因為看見他的榮耀，就指著他說這話。|zh
1151|12|41|41|(Isaiah said these words because he saw his glory. His words were about him.)|en
1152|12|42|42|雖然如此，官長中卻有好些信他的，只因法利賽人的緣故，就不承認，恐怕被趕出會堂。|zh
1153|12|42|42|However, a number even of the rulers had belief in him, but because of the Pharisees they did not say so openly for fear that they might be shut out from the Synagogue:|en
1154|12|43|43|這是因他們愛人的榮耀過於愛神的榮耀。|zh
1155|12|43|43|For the praise of men was dearer to them than the approval of God.|en
1156|12|44|44|耶穌大聲說：信我的，不是信我，乃是信那差我來的。|zh
1157|12|44|44|Then Jesus said with a loud voice, He who has faith in me, has faith not in me, but in him who sent me.|en
1158|12|45|45|人看見我，就是看見那差我來的。|zh
1159|12|45|45|And he who sees me, sees him who sent me.|en
1160|12|46|46|我到世上來，乃是光，叫凡信我的，不住在黑暗裡。|zh
1161|12|46|46|I have come as a light into the world, so that no one who has faith in me will go on living in the dark.|en
1162|12|47|47|若有人聽見我的話不遵守，我不審判他。我來本不是要審判世界，乃是要拯救世界。|zh
1163|12|47|47|And if any man gives ear to my words and does not keep them, I am not his judge: I did not come to be judge of the world but to give salvation to the world.|en
1164|12|48|48|棄絕我、不領受我話的人，有審判他的─就是我所講的道在末日要審判他。|zh
1165|12|48|48|He who puts me on one side and does not take my words to heart, is not without a judge: the word which I have said will be his judge on the last day.|en
1166|12|49|49|因為我沒有憑著自己講，惟有差我來的父已經給我命令，叫我說甚麼，講甚麼。|zh
1167|12|49|49|For I have not said it on my authority, but the Father who sent me gave me orders what to say and how to say it.|en
1168|12|50|50|我也知道他的命令就是永生。故此，我所講的話正是照著父對我所說的。|zh
1169|12|50|50|And I have knowledge that his order is eternal life: so that the things which I say, I say them even as the Father says them to me.|en
1170|13|1|1|逾越節以前，耶穌知道自己離世歸父的時候到了。他既然愛世間屬自己的人，就愛他們到底。|zh
1171|13|1|1|Now before the feast of the Passover, it was clear to Jesus that the time had come for him to go away from this world to the Father. Having once had love for those in the world who were his, his love for them went on to the end.|en
1172|13|2|2|吃晚飯的時候，魔鬼已將賣耶穌的意思放在西門的兒子加略人猶大心裡。|zh
1173|13|2|2|So while a meal was going on, the Evil One having now put it into the heart of Judas Iscariot, Simon's son, to be false to him,|en
1174|13|3|3|耶穌知道父已將萬有交在他手裡，且知道自己是從神出來的，又要歸到神那裡去，|zh
1175|13|3|3|Jesus, being conscious that the Father had put everything into his hands, and that he came from God and was going to God,|en
1176|13|4|4|就離席站起來，脫了衣服，拿一條手巾束腰，|zh
1177|13|4|4|Got up from table, put off his robe and took a cloth and put it round him.|en
1178|13|5|5|隨後把水倒在盆裡，就洗門徒的腳，並用自己所束的手巾擦乾。|zh
1179|13|5|5|Then he put water into a basin and was washing the feet of the disciples and drying them with the cloth which was round him.|en
1180|13|6|6|挨到西門彼得，彼得對他說：主阿，你洗我的腳麼？|zh
1181|13|6|6|So he came to Simon Peter. Peter said, Lord, are my feet to be washed by you?|en
1182|13|7|7|耶穌回答說：我所做的，你如今不知道，後來必明白。|zh
1183|13|7|7|And Jesus, answering, said to him, What I do is not clear to you now, but it will be clear to you in time to come.|en
1184|13|8|8|彼得說：你永不可洗我的腳！耶穌說：我若不洗你，你就與我無分了。|zh
1185|13|8|8|Peter said, I will never let my feet be washed by you, never. Jesus said in answer, If I do not make you clean you have no part with me.|en
1186|13|9|9|西門彼得說：主阿，不但我的腳，連手和頭也要洗。|zh
1187|13|9|9|Simon Peter said to him, Lord, not my feet only, but my hands and my head.|en
1188|13|10|10|耶穌說：凡洗過澡的人，只要把腳一洗，全身就乾淨了。你們是乾淨的，然而不都是乾淨的。|zh
1189|13|10|10|Jesus said to him, He who is bathed has need only to have his feet washed and then he is clean all over: and you, my disciples, are clean, but not all of you.|en
1190|13|11|11|耶穌原知道要賣他的是誰，所以說：你們不都是乾淨的。|zh
1191|13|11|11|(He had knowledge who was false to him; that is why he said, You are not all clean.)|en
1192|13|12|12|耶穌洗完了他們的腳，就穿上衣服，又坐下，對他們說：我向你們所做的，你們明白麼？|zh
1193|13|12|12|Then, after washing their feet and putting on his robe again, he took his seat and said to them, Do you see what I have done to you?|en
1194|13|13|13|你們稱呼我夫子，稱呼我主，你們說的不錯，我本來是。|zh
1195|13|13|13|You give me the name of Master and Lord: and you are right; that is what I am.|en
1196|13|14|14|我是你們的主，你們的夫子，尚且洗你們的腳，你們也當彼此洗腳。|zh
1197|13|14|14|If then I, the Lord and the Master, have made your feet clean, it is right for you to make one another's feet clean.|en
1198|13|15|15|我給你們做了榜樣，叫你們照著我向你們所做的去做。|zh
1199|13|15|15|I have given you an example, so that you may do what I have done to you.|en
1200|13|16|16|我實實在在的告訴你們，僕人不能大於主人，差人也不能大於差他的人。|zh
1201|13|16|16|Truly I say to you, A servant is not greater than his lord; and he who is sent is not greater than the one who sent him.|en
1202|13|17|17|你們既知道這事，若是去行就有福了。|zh
1203|13|17|17|If these things are clear to you, happy are you if you do them.|en
1204|13|18|18|我這話不是指著你們眾人說的，我知道我所揀選的是誰。現在要應驗經上的話，說：同我吃飯的人用腳踢我。|zh
1205|13|18|18|I am not talking of you all: I have knowledge of my true disciples, but things are as they are, so that the Writings may come true, The foot of him who takes bread with me is lifted up against me.|en
1206|13|19|19|如今事情還沒有成就，我要先告訴你們，叫你們到事情成就的時候可以信我是基督。|zh
1207|13|19|19|From this time forward, I give you knowledge of things before they come about, so that when they come about you may have belief that I am he.|en
1208|13|20|20|我實實在在的告訴你們，有人接待我所差遣的，就是接待我；接待我，就是接待那差遣我的。|zh
1209|13|20|20|Truly I say to you, He who takes to his heart anyone whom I send, takes me to his heart; and he who so takes me, takes him who sent me.|en
1210|13|21|21|耶穌說了這話，心裡憂愁，就明說：我實實在在的告訴你們，你們中間有一個人要賣我了。|zh
1211|13|21|21|When Jesus had said this he was troubled in spirit, and gave witness, saying, Truly I say to you, that one of you will be false to me.|en
1212|13|22|22|門徒彼此對看，猜不透所說的是誰。|zh
1213|13|22|22|Then the eyes of the disciples were turned on one another, in doubt as to whom he had in mind.|en
1214|13|23|23|有一個門徒，是耶穌所愛的，側身挨近耶穌的懷裡。|zh
1215|13|23|23|There was at table one of his disciples, the one dear to Jesus, resting his head on Jesus' breast.|en
1216|13|24|24|西門彼得點頭對他說：你告訴我們，主是指著誰說的。|zh
1217|13|24|24|Making a sign to him, Simon Peter said, Who is it he is talking about?|en
1218|13|25|25|那門徒便就勢靠著耶穌的胸膛，問他說：主阿，是誰呢？|zh
1219|13|25|25|He, then, resting his head on Jesus' breast, said to him, Lord, who is it?|en
1220|13|26|26|耶穌回答說：我蘸一點餅給誰，就是誰。耶穌就蘸了一點餅，遞給加略人西門的兒子猶大。|zh
1221|13|26|26|This was the answer Jesus gave: It is the one to whom I will give this bit of bread after I have put it in the vessel. Then he took the bit of bread, put it into the vessel, and gave it to Judas, the son of Simon Iscariot.|en
1222|13|27|27|他吃了以後，撒但就入了他的心。耶穌便對他說：你所做的，快做罷！|zh
1223|13|27|27|And when Judas took the bread Satan went into him. Then Jesus said to him, Do quickly what you have to do.|en
1224|13|28|28|同席的人沒有一個知道是為甚麼對他說這話。|zh
1225|13|28|28|Now it was not clear to anyone at table why he said this to him.|en
1226|13|29|29|有人因猶大帶著錢囊，以為耶穌是對他說：你去買我們過節所應用的東西，或是叫他拿甚麼賙濟窮人。|zh
1227|13|29|29|Some were of the opinion that because Judas kept the money-bag Jesus said to him, Get the things we have need of for the feast; or, that he was to give something to the poor.|en
1228|13|30|30|猶大受了那點餅，立刻就出去。那時候是夜間了。|zh
1229|13|30|30|So Judas, having taken the bit of bread, straight away went out: and it was night.|en
1230|13|31|31|他既出去，耶穌就說：如今人子得了榮耀，神在人子身上也得了榮耀。|zh
1231|13|31|31|Then when he had gone out, Jesus said, Now is glory given to the Son of man, and God is given glory in him.|en
1232|13|32|32|神要因自己榮耀人子，並且要快快的榮耀他。|zh
1233|13|32|32|If God is given glory in him, God will give him glory in himself, and will give him glory even now.|en
1234|13|33|33|小子們，我還有不多的時候與你們同在；後來你們要找我，但我所去的地方你們不能到。這話我曾對猶太人說過，如今也照樣對你們說。|zh
1235|13|33|33|My dear children, I am only to be with you a little longer. Then you will be looking for me: and as I said to the Jews, so now I say to you, Where I am going you may not come.|en
1236|13|34|34|我賜給你們一條新命令，乃是叫你們彼此相愛；我怎樣愛你們，你們也要怎樣相愛。|zh
1237|13|34|34|I give you a new law: Have love one for another; even as I have had love for you, so are you to have love one for another.|en
1238|13|35|35|你們若有彼此相愛的心，眾人因此就認出你們是我的門徒了。|zh
1239|13|35|35|By this it will be clear to all men that you are my disciples, if you have love one for another.|en
1240|13|36|36|西門彼得問耶穌說：主往那裡去？耶穌回答說：我所去的地方，你現在不能跟我去，後來卻要跟我去。|zh
1241|13|36|36|Simon Peter said to him, Lord, where are you going? Jesus said in answer, Where I am going you may not come with me now, but you will come later.|en
1242|13|37|37|彼得說：主阿，我為甚麼現在不能跟你去？我願意為你捨命！|zh
1243|13|37|37|Peter said to him, Why may I not come with you even now? I will give up my life for you.|en
1244|13|38|38|耶穌說：你願意為我捨命麼？我實實在在的告訴你，雞叫以先，你要三次不認我。|zh
1245|13|38|38|Jesus said in answer, Will you give up your life for me? Truly I say to you, Before the cry of the cock you will have said three times that you are not my disciple.|en
1246|14|1|1|你們心裡不要憂愁；你們信神，也當信我。|zh
1247|14|1|1|Let not your heart be troubled: have faith in God and have faith in me.|en
1248|14|2|2|在我父的家裡有許多住處；若是沒有，我就早已告訴你們了。我去原是為你們預備地方去。|zh
1249|14|2|2|In my Father's house are rooms enough; if it was not so, would I have said that I am going to make ready a place for you?|en
1250|14|3|3|我若去為你們預備了地方，就必再來接你們到我那裡去，我在那裡，叫你們也在那裡。|zh
1251|14|3|3|And if I go and make ready a place for you, I will come back again and will take you to be with me, so that you may be where I am.|en
1252|14|4|4|我往那裡去，你們知道；那條路，你們也知道（有古卷作：我往那裡去，你們知道那條路）。|zh
1253|14|4|4|And you all have knowledge of where I am going, and of the way to it.|en
1254|14|5|5|多馬對他說：主阿，我們不知道你往那裡去，怎麼知道那條路呢？|zh
1255|14|5|5|Thomas said, Lord, we have no knowledge of where you are going; how may we have knowledge of the way?|en
1256|14|6|6|耶穌說我就是道路、真理、生命；若不藉著我，沒有人能到父那裡去。|zh
1257|14|6|6|Jesus said to him, I am the true and living way: no one comes to the Father but by me.|en
1258|14|7|7|你們若認識我，也就認識我的父。從今以後，你們認識他，並且已經看見他。|zh
1259|14|7|7|If you had knowledge of me, you would have knowledge of my Father: you have knowledge of him now and have seen him.|en
1260|14|8|8|腓力對他說：求主將父顯給我們看，我們就知足了。|zh
1261|14|8|8|Philip said to him, Lord, let us see the Father, and we have need of nothing more.|en
1262|14|9|9|耶穌對他說：腓力，我與你們同在這樣長久，你還不認識我麼？人看見了我，就是看見了父；你怎麼說將父顯給我們看呢？|zh
1263|14|9|9|Jesus said to him, Philip, have I been with you all this time, and still you have no knowledge of me? He who has seen me has seen the Father. Why do you say, Let us see the Father?|en
1264|14|10|10|我在父裡面，父在我裡面，你不信麼？我對你們所說的話，不是憑著自己說的，乃是住在我裡面的父做他自己的事。|zh
1265|14|10|10|Have you not faith that I am in the Father and the Father is in me? The words which I say to you, I say not from myself: but the Father who is in me all the time does his works.|en
1266|14|11|11|你們當信我，我在父裡面，父在我裡面；即或不信，也當因我所做的事信我。|zh
1267|14|11|11|Have faith that I am in the Father and that the Father is in me: at least, have faith in me because of what I do.|en
1268|14|12|12|我實實在在的告訴你們，我所做的事，信我的人也要做，並且要做比這更大的事，因為我往父那裡去。|zh
1269|14|12|12|Truly I say to you, He who puts his faith in me will do the very works which I do, and he will do greater things than these, because I am going to my Father.|en
1270|14|13|13|你們奉我的名無論求甚麼，我必成就，叫父因兒子得榮耀。|zh
1271|14|13|13|And whatever request you make in my name, that I will do, so that the Father may have glory in the Son.|en
1272|14|14|14|你們若奉我的名求甚麼，我必成就。|zh
1273|14|14|14|If you make any request to me in my name, I will do it.|en
1274|14|15|15|你們若愛我，就必遵守我的命令。|zh
1275|14|15|15|If you have love for me, you will keep my laws.|en
1276|14|16|16|我要求父，父就另外賜給你們一位保惠師（或作：訓慰師；下同），叫他永遠與你們同在，|zh
1277|14|16|16|And I will make prayer to the Father and he will give you another Helper to be with you for ever,|en
1278|14|17|17|就是真理的聖靈，乃世人不能接受的；因為不見他，也不認識他。你們卻認識他，因他常與你們同在，也要在你們裡面。|zh
1279|14|17|17|Even the Spirit of true knowledge. That Spirit the world is not able to take to its heart because it sees him not and has no knowledge of him: but you have knowledge of him, because he is ever with you and will be in you.|en
1280|14|18|18|我不撇下你們為孤兒，我必到你們這裡來。|zh
1281|14|18|18|I will not let you be without a friend: I am coming to you.|en
1282|14|19|19|還有不多的時候，世人不再看見我，你們卻看見我；因為我活著，你們也要活著。|zh
1283|14|19|19|A little time longer, and the world will see me no more; but you will see me; and you will be living because I am living.|en
1284|14|20|20|到那日，你們就知道我在父裡面，你們在我裡面，我也在你們裡面。|zh
1285|14|20|20|At that time it will be clear to you that I am in my Father, and you are in me, and I in you.|en
1286|14|21|21|有了我的命令又遵守的，這人就是愛我的；愛我的必蒙我父愛他，我也要愛他，並且要向他顯現。|zh
1287|14|21|21|He who has my laws and keeps them, he it is who has love for me: and he who has love for me will be loved by my Father, and I will have love for him and will let myself be seen clearly by him.|en
1288|14|22|22|猶大（不是加略人猶大）問耶穌說：主阿，為甚麼要向我們顯現，不向世人顯現呢？|zh
1289|14|22|22|Judas (not Iscariot) said to him, How is it that you will let yourself be seen clearly by us and not by the world?|en
1290|14|23|23|耶穌回答說：人若愛我，就必遵守我的道；我父也必愛他，並且我們要到他那裡去，與他同住。|zh
1291|14|23|23|Jesus said to him in answer, If anyone has love for me, he will keep my words: and he will be dear to my Father; and we will come to him and make our living-place with him.|en
1292|14|24|24|不愛我的人就不遵守我的道。你們所聽見的道不是我的，乃是差我來之父的道。|zh
1293|14|24|24|He who has no love for me does not keep my words; and the word which you are hearing is not my word but the Father's who sent me.|en
1294|14|25|25|我還與你們同住的時候，已將這些話對你們說了。|zh
1295|14|25|25|I have said all this to you while I am still with you.|en
1296|14|26|26|但保惠師，就是父因我的名所要差來的聖靈，他要將一切的事指教你們，並且要叫你們想起我對你們所說的一切話。|zh
1297|14|26|26|But the Helper, the Holy Spirit, whom the Father will send in my name, will be your teacher in all things and will put you in mind of everything I have said to you.|en
1298|14|27|27|我留下平安給你們；我將我的平安賜給你們。我所賜的，不像世人所賜的。你們心裡不要憂愁，也不要膽怯。|zh
1299|14|27|27|May peace be with you; my peace I give to you: I give it not as the world gives. Let not your heart be troubled; let it be without fear.|en
1300|14|28|28|你們聽見我對你們說了，我去還要到你們這裡來。你們若愛我，因我到父那裡去，就必喜樂，因為父是比我大的。|zh
1301|14|28|28|Keep in mind how I said to you, I go away and come to you again. If you had love for me you would be glad, because I am going to the Father: for the Father is greater than I.|en
1302|14|29|29|現在事情還沒有成就，我預先告訴你們，叫你們到事情成就的時候就可以信。|zh
1303|14|29|29|And now I have given you word of it before it comes, so that, when it comes, you may have faith.|en
1304|14|30|30|以後我不再和你們多說話，因為這世界的王將到。他在我裡面是毫無所有；|zh
1305|14|30|30|After this I will not say much to you, because the ruler of this world comes: and he has no power over me;|en
1306|14|31|31|但要叫世人知道我愛父，並且父怎樣吩咐我，我就怎樣行。起來，我們走罷！|zh
1307|14|31|31|But he comes so that the world may see that I have love for the Father, and that I am doing as I am ordered by the Father. Get up, and let us go.|en
1308|15|1|1|我是真葡萄樹，我父是栽培的人。|zh
1309|15|1|1|I am the true vine and my Father is the gardener.|en
1310|15|2|2|凡屬我不結果子的枝子，他就剪去；凡結果子的，他就修理乾淨，使枝子結果子更多。|zh
1311|15|2|2|He takes away every branch in me which has no fruit, and every branch which has fruit he makes clean, so that it may have more fruit.|en
1312|15|3|3|現在你們因我講給你們的道，已經乾淨了。|zh
1313|15|3|3|You are clean, even now, through the teaching which I have given you.|en
1314|15|4|4|你們要常在我裡面，我也常在你們裡面。枝子若不常在葡萄樹上，自己就不能結果子；你們若不常在我裡面，也是這樣。|zh
1315|15|4|4|Be in me at all times as I am in you. As the branch is not able to give fruit of itself, if it is not still on the vine, so you are not able to do so if you are not in me.|en
1316|15|5|5|我是葡萄樹，你們是枝子。常在我裡面的，我也常在他裡面，這人就多結果子；因為離了我，你們就不能做甚麼。|zh
1317|15|5|5|I am the vine, you are the branches: he who is in me at all times as I am in him, gives much fruit, because without me you are able to do nothing.|en
1318|15|6|6|人若不常在我裡面，就像枝子丟在外面枯乾，人拾起來，扔在火裡燒了。|zh
1319|15|6|6|If a man does not keep himself in me, he becomes dead and is cut off like a dry branch; such branches are taken up and put in the fire and burned.|en
1320|15|7|7|你們若常在我裡面，我的話也常在你們裡面，凡你們所願意的，祈求，就給你們成就。|zh
1321|15|7|7|If you are in me at all times, and my words are in you, then anything for which you make a request will be done for you.|en
1322|15|8|8|你們多結果子，我父就因此得榮耀，你們也就是我的門徒了。|zh
1323|15|8|8|Here is my Father's glory, in that you give much fruit and so are my true disciples.|en
1324|15|9|9|我愛你們，正如父愛我一樣；你們要常在我的愛裡。|zh
1325|15|9|9|Even as the Father has given me his love, so I have given my love to you: be ever in my love.|en
1326|15|10|10|你們若遵守我的命令，就常在我的愛裡，正如我遵守了我父的命令，常在他的愛裡。|zh
1327|15|10|10|If you keep my laws, you will be ever in my love, even as I have kept my Father's laws, and am ever in his love.|en
1328|15|11|11|這些事我已經對你們說了，是要叫我的喜樂存在你們心裡，並叫你們的喜樂可以滿足。|zh
1329|15|11|11|I have said these things to you so that I may have joy in you and so that your joy may be complete.|en
1330|15|12|12|你們要彼此相愛，像我愛你們一樣；這就是我的命令。|zh
1331|15|12|12|This is the law I give you: Have love one for another, even as I have love for you.|en
1332|15|13|13|人為朋友捨命，人的愛心沒有比這個大的。|zh
1333|15|13|13|Greater love has no man than this, that a man gives up his life for his friends.|en
1334|15|14|14|你們若遵行我所吩咐的，就是我的朋友了。|zh
1335|15|14|14|You are my friends, if you do what I give you orders to do.|en
1336|15|15|15|以後我不再稱你們為僕人，因僕人不知道主人所做的事。我乃稱你們為朋友；因我從我父所聽見的，已經都告訴你們了。|zh
1337|15|15|15|No longer do I give you the name of servants; because a servant is without knowledge of what his master is doing: I give you the name of friends, because I have given you knowledge of all the things which my Father has said to me.|en
1338|15|16|16|不是你們揀選了我，是我揀選了你們，並且分派你們去結果子，叫你們的果子常存，使你們奉我的名，無論向父求甚麼，他就賜給你們。|zh
1339|15|16|16|You did not take me for yourselves, but I took you for myself; and I gave you the work of going about and producing fruit which will be for ever; so that whatever request you make to the Father in my name he may give it to you.|en
1340|15|17|17|我這樣吩咐你們，是要叫你們彼此相愛。|zh
1341|15|17|17|So this is my law for you: Have love one for another.|en
1342|15|18|18|世人若恨你們，你們知道（或作：該知道），恨你們以先已經恨我了。|zh
1343|15|18|18|If you are hated by the world, keep in mind that I was hated by the world before you.|en
1344|15|19|19|你們若屬世界，世界必愛屬自己的；只因你們不屬世界，乃是我從世界中揀選了你們，所以世界就恨你們。|zh
1345|15|19|19|If you were of the world, you would be loved by the world: but because you are not of the world, but I have taken you out of the world, you are hated by the world.|en
1346|15|20|20|你們要記念我從前對你們所說的話：僕人不能大於主人。他們若逼迫了我，也要逼迫你們；若遵守了我的話，也要遵守你們的話。|zh
1347|15|20|20|Keep in mind the words I said to you, A servant is not greater than his lord. If they were cruel to me, they will be cruel to you; if they kept my words, they will keep yours.|en
1348|15|21|21|但他們因我的名要向你們行這一切的事，因為他們不認識那差我來的。|zh
1349|15|21|21|They will do all this to you because of my name--because they have no knowledge of him who sent me.|en
1350|15|22|22|我若沒有來教訓他們，他們就沒有罪；但如今他們的罪無可推諉了。|zh
1351|15|22|22|If I had not come and been their teacher they would have had no sin: but now they have no reason to give for their sin.|en
1352|15|23|23|恨我的，也恨我的父。|zh
1353|15|23|23|He who has hate for me has hate for my Father.|en
1354|15|24|24|我若沒有在他們中間行過別人未曾行的事，他們就沒有罪；但如今連我與我的父，他們也看見也恨惡了。|zh
1355|15|24|24|If I had not done among them the works which no other man ever did, they would have had no sin: but now they have seen, and they have had hate in their hearts for me and my Father.|en
1356|15|25|25|這要應驗他們律法上所寫的話，說：他們無故的恨我。|zh
1357|15|25|25|This comes about so that the writing in their law may be made true, Their hate for me was without cause.|en
1358|15|26|26|但我要從父那裡差保惠師來，就是從父出來真理的聖靈；他來了，就要為我作見證。|zh
1359|15|26|26|When the Helper comes, whom I will send to you from the Father even the Spirit of true knowledge who comes from the Father--he will give witness about me;|en
1360|15|27|27|你們也要作見證，因為你們從起頭就與我同在。|zh
1361|15|27|27|And you, in addition, will give witness because you have been with me from the first.|en
1362|16|1|1|我已將這些事告訴你們，使你們不至於跌倒。|zh
1363|16|1|1|I have said these things to you so that you may not be in doubt.|en
1364|16|2|2|人要把你們趕出會堂，並且時候將到，凡殺你們的就以為是事奉神。|zh
1365|16|2|2|They will put you out of the Synagogues: yes, the time is coming when whoever puts you to death will have the belief that he is doing God's pleasure.|en
1366|16|3|3|他們這樣行，是因未曾認識父，也未曾認識我。|zh
1367|16|3|3|They will do these things to you because they have not had knowledge of the Father or of me.|en
1368|16|4|4|我將這事告訴你們，是叫你們到了時候可以想起我對你們說過了。我起先沒有將這事告訴你們，因為我與你們同在。|zh
1369|16|4|4|I have said these things to you so that when the time comes, what I have said may come to your mind. I did not say them to you at the first, because then I was still with you.|en
1370|16|5|5|現今我往差我來的父那裡去，你們中間並沒有人問我：你往那裡去？|zh
1371|16|5|5|But now I am going to him who sent me; and not one of you says to me, Where are you going?|en
1372|16|6|6|只因我將這事告訴你們，你們就滿心憂愁。|zh
1373|16|6|6|But your hearts are full of sorrow because I have said these things.|en
1374|16|7|7|然而，我將真情告訴你們，我去是與你們有益的；我若不去，保惠師就不到你們這裡來；我若去，就差他來。|zh
1375|16|7|7|But what I am saying is true: my going is for your good: for if I do not go away, the Helper will not come to you; but if I go, I will send him to you.|en
1376|16|8|8|他既來了，就要叫世人為罪、為義、為審判，自己責備自己。|zh
1377|16|8|8|And he, when he comes, will make the world conscious of sin, and of righteousness, and of being judged:|en
1378|16|9|9|為罪，是因他們不信我；|zh
1379|16|9|9|Of sin, because they have not faith in me;|en
1380|16|10|10|為義，是因我往父那裡去，你們就不再見我；|zh
1381|16|10|10|Of righteousness, because I go to the Father and you will see me no more;|en
1382|16|11|11|為審判，是因這世界的王受了審判。|zh
1383|16|11|11|Of being judged, because the ruler of this world has been judged.|en
1384|16|12|12|我還有好些事要告訴你們，但你們現在擔當不了（或作：不能領會）。|zh
1385|16|12|12|I have still much to say to you, but you are not strong enough for it now.|en
1386|16|13|13|只等真理的聖靈來了，他要引導你們明白（原文作進入）一切的真理；因為他不是憑自己說的，乃是把他所聽見的都說出來，並要把將來的事告訴你們。|zh
1387|16|13|13|However, when he, the Spirit of true knowledge, has come, he will be your guide into all true knowledge: for his words will not come from himself, but whatever has come to his hearing, that he will say: and he will make clear to you the things to come.|en
1388|16|14|14|他要榮耀我，因為他要將受於我的告訴你們。|zh
1389|16|14|14|He will give me glory, because he will take of what is mine, and make it clear to you.|en
1390|16|15|15|凡父所有的，都是我的；所以我說，他要將受於我的告訴你們。|zh
1391|16|15|15|Everything which the Father has is mine: that is why I say, He will take of what is mine and will make it clear to you.|en
1392|16|16|16|等不多時，你們就不得見我；再等不多時，你們還要見我。|zh
1393|16|16|16|After a little time you will see me no longer; and then again, after a little time, you will see me.|en
1394|16|17|17|有幾個門徒就彼此說：他對我們說：等不多時，你們就不得見我；再等不多時，你們還要見我；又說：因我往父那裡去。這是甚麼意思呢？|zh
1395|16|17|17|So some of the disciples said one to another, What is this he is saying, After a little time, you will see me no longer; and then again, after a little time, you will see me? and, I am going to the Father?|en
1396|16|18|18|門徒彼此說：他說等不多時到底是甚麼意思呢？我們不明白他所說的話。|zh
1397|16|18|18|So they said again and again, What is this he is saying, A little time? His words are not clear to us.|en
1398|16|19|19|耶穌看出他們要問他，就說：我說等不多時，你們就不得見我；再等不多時，你們還要見我，你們為這話彼此相問麼？|zh
1399|16|19|19|Jesus saw that they had a desire to put the question to him, so he said to them, Is this what you are questioning one with another, why I said, After a little time, you will see me no longer; and then again, after a little time, you will see me?|en
1400|16|20|20|我實實在在的告訴你們，你們將要痛哭、哀號，世人倒要喜樂；你們將要憂愁，然而你們的憂愁要變為喜樂。|zh
1401|16|20|20|Truly I say to you, You will be weeping and sorrowing, but the world will be glad: you will be sad, but your sorrow will be turned into joy.|en
1402|16|21|21|婦人生產的時候就憂愁，因為他的時候到了；既生了孩子，就不再記念那苦楚，因為歡喜世上生了一個人。|zh
1403|16|21|21|When a woman is about to give birth she has sorrow, because her hour is come; but when she has given birth to the child, the pain is put out of her mind by the joy that a man has come into the world.|en
1404|16|22|22|你們現在也是憂愁，但我要再見你們，你們的心就喜樂了；這喜樂也沒有人能奪去。|zh
1405|16|22|22|So you have sorrow now: but I will see you again, and your hearts will be glad, and no one will take away your joy.|en
1406|16|23|23|到那日，你們甚麼也就不問我了。我實實在在的告訴你們，你們若向父求甚麼，他必因我的名賜給你們。|zh
1407|16|23|23|And on that day you will put no questions to me. Truly I say to you, Whatever request you make to the Father, he will give it to you in my name.|en
1408|16|24|24|向來你們沒有奉我的名求甚麼，如今你們求，就必得著，叫你們的喜樂可以滿足。|zh
1409|16|24|24|Up to now you have made no request in my name: do so, and it will be answered, so that your hearts may be full of joy.|en
1410|16|25|25|這些事，我是用比喻對你們說的；時候將到，我不再用比喻對你們說，乃要將父明明的告訴你們。|zh
1411|16|25|25|All this I have said to you in veiled language: but the time is coming when I will no longer say things in veiled language but will give you knowledge of the Father clearly.|en
1412|16|26|26|到那日，你們要奉我的名祈求；我並不對你們說，我要為你們求父。|zh
1413|16|26|26|In that day you will make requests in my name: and I do not say that I will make prayer to the Father for you,|en
1414|16|27|27|父自己愛你們；因為你們已經愛我，又信我是從父出來的。|zh
1415|16|27|27|For the Father himself gives his love to you, because you have given your love to me and have had faith that I came from God.|en
1416|16|28|28|我從父出來，到了世界；我又離開世界，往父那裡去。|zh
1417|16|28|28|I came out from the Father and have come into the world: again, I go away from the world and go to the Father.|en
1418|16|29|29|門徒說：如今你是明說，並不用比喻了。|zh
1419|16|29|29|His disciples said, Now you are talking clearly and not in veiled language.|en
1420|16|30|30|現在我們曉得你凡事都知道，也不用人問你，因此我們信你是從神出來的。|zh
1421|16|30|30|Now we are certain that you have knowledge of all things and have no need for anyone to put questions to you: through this we have faith that you came from God.|en
1422|16|31|31|耶穌說：現在你們信麼？|zh
1423|16|31|31|Jesus made answer, Have you faith now?|en
1424|16|32|32|看哪，時候將到，且是已經到了，你們要分散，各歸自己的地方去，留下我獨自一人；其實我不是獨自一人，因為有父與我同在。|zh
1425|16|32|32|See, a time is coming, yes, it is now here, when you will go away in all directions, every man to his house, and I will be by myself: but I am not by myself, because the Father is with me.|en
1426|16|33|33|我將這些事告訴你們，是要叫你們在我裡面有平安。在世上，你們有苦難；但你們可以放心，我已經勝了世界。|zh
1427|16|33|33|I have said all these things to you so that in me you may have peace. In the world you have trouble: but take heart! I have overcome the world.|en
1428|17|1|1|耶穌說了這話，就舉目望天，說：父阿，時候到了，願你榮耀你的兒子，使兒子也榮耀你；|zh
1429|17|1|1|Jesus said these things; then, lifting his eyes to heaven, he said, Father, the time has now come; give glory to your Son, so that the Son may give glory to you:|en
1430|17|2|2|正如你曾賜給他權柄管理凡有血氣的，叫他將永生賜給你所賜給他的人。|zh
1431|17|2|2|Even as you gave him authority over all flesh, to give eternal life to all those whom you have given to him.|en
1432|17|3|3|認識你─獨一的真神，並且認識你所差來的耶穌基督，這就是永生。|zh
1433|17|3|3|And this is eternal life: to have knowledge of you, the only true God, and of him whom you have sent, even Jesus Christ.|en
1434|17|4|4|我在地上已經榮耀你，你所託付我的事，我已成全了。|zh
1435|17|4|4|I have given you glory on the earth, having done all the work which you gave me to do.|en
1436|17|5|5|父阿，現在求你使我同你享榮耀，就是未有世界以先，我同你所有的榮耀。|zh
1437|17|5|5|And now, Father, let me have glory with you, even that glory which I had with you before the world was.|en
1438|17|6|6|你從世上賜給我的人，我已將你的名顯明與他們。他們本是你的，你將他們賜給我，他們也遵守了你的道。|zh
1439|17|6|6|I have given knowledge of your name to the men whom you gave me out of the world: yours they were, and you gave them to me, and they have kept your words.|en
1440|17|7|7|如今他們知道，凡你所賜給我的，都是從你那裡來的；|zh
1441|17|7|7|Now it is clear to them that whatever you have given to me comes from you:|en
1442|17|8|8|因為你所賜給我的道，我已經賜給他們，他們也領受了，又確實知道，我是從你出來的，並且信你差了我來。|zh
1443|17|8|8|Because I have given them the words which you gave to me; and they have taken them to heart, and have certain knowledge that I came from you, and they have faith that you sent me.|en
1444|17|9|9|我為他們祈求，不為世人祈求，卻為你所賜給我的人祈求，因他們本是你的。|zh
1445|17|9|9|My prayer is for them: my prayer is not for the world, but for those whom you have given to me, because they are yours|en
1446|17|10|10|凡是我的，都是你的；你的也是我的，並且我因他們得了榮耀。|zh
1447|17|10|10|(All mine are yours, and yours are mine) and I have glory in them.|en
1448|17|11|11|從今以後，我不在世上，他們卻在世上；我往你那裡去。聖父阿，求你因你所賜給我的名保守他們，叫他們合而為一像我們一樣。|zh
1449|17|11|11|And now I will be no longer in the world, but they are in the world and I come to you. Holy Father, keep them in your name which you have given to me, so that they may be one even as we are one.|en
1450|17|12|12|我與他們同在的時候，因你所賜給我的名保守了他們，我也護衛了他們；其中除了那滅亡之子，沒有一個滅亡的，好叫經上的話得應驗。|zh
1451|17|12|12|While I was with them I kept them safe in your name which you have given to me: I took care of them and not one of them has come to destruction, but only the son of destruction, so that the Writings might come true.|en
1452|17|13|13|現在我往你那裡去，我還在世上說這話，是叫他們心裡充滿我的喜樂。|zh
1453|17|13|13|And now I come to you; and these things I say in the world so that they may have my joy complete in them.|en
1454|17|14|14|我已將你的道賜給他們。世界又恨他們；因為他們不屬世界，正如我不屬世界一樣。|zh
1455|17|14|14|I have given your word to them; and they are hated by the world, because they are not of the world, even as I am not of the world.|en
1456|17|15|15|我不求你叫他們離開世界，只求你保守他們脫離那惡者（或作：脫離罪惡）。|zh
1457|17|15|15|My prayer is not that you will take them out of the world, but that you will keep them from the Evil One.|en
1458|17|16|16|他們不屬世界，正如我不屬世界一樣。|zh
1459|17|16|16|They are not of the world any more than I am of the world.|en
1460|17|17|17|求你用真理使他們成聖；你的道就是真理。|zh
1461|17|17|17|Make them holy by the true word: your word is the true word.|en
1462|17|18|18|你怎樣差我到世上，我也照樣差他們到世上。|zh
1463|17|18|18|Even as you have sent me into the world, so I have sent them into the world.|en
1464|17|19|19|我為他們的緣故，自己分別為聖，叫他們也因真理成聖。|zh
1465|17|19|19|And for them I make myself holy, so that they may be made truly holy.|en
1466|17|20|20|我不但為這些人祈求，也為那些因他們的話信我的人祈求，|zh
1467|17|20|20|My prayer is not for them only, but for all who will have faith in me through their word;|en
1468|17|21|21|使他們都合而為一。正如你父在我裡面，我在你裡面，使他們也在我們裡面，叫世人可以信你差了我來。|zh
1469|17|21|21|May they all be one! Even as you, Father, are in me and I am in you, so let them be in us, so that all men may come to have faith that you sent me.|en
1470|17|22|22|你所賜給我的榮耀，我已賜給他們，使他們合而為一，像我們合而為一。|zh
1471|17|22|22|And the glory which you have given to me I have given to them, so that they may be one even as we are one;|en
1472|17|23|23|我在他們裡面，你在我裡面，使他們完完全全的合而為一，叫世人知道你差了我來，也知道你愛他們如同愛我一樣。|zh
1473|17|23|23|I in them, and you in me, so that they may be made completely one, and so that it may become clear to all men that you have sent me and that they are loved by you as I am loved by you.|en
1474|17|24|24|父阿，我在那裡，願你所賜給我的人也同我在那裡，叫他們看見你所賜給我的榮耀；因為創立世界以前，你已經愛我了。|zh
1475|17|24|24|Father, it is my desire that these whom you have given to me may be by my side where I am, so that they may see my glory which you have given to me, because you had love for me before the world came into being.|en
1476|17|25|25|公義的父阿，世人未曾認識你，我卻認識你；這些人也知道你差了我來。|zh
1477|17|25|25|Father of righteousness, I have knowledge of you, though the world has not; and to these it is clear that you sent me;|en
1478|17|26|26|我已將你的名指示他們，還要指示他們，使你所愛我的愛在他們裡面，我也在他們裡面。|zh
1479|17|26|26|And I have given to them knowledge of your name, and will give it, so that the love which you have for me may be in them and I in them.|en
1480|18|1|1|耶穌說了這話，就同門徒出去，過了汲淪溪。在那裡有一個園子，他和門徒進去了。|zh
1481|18|1|1|When Jesus had said these words he went out with his disciples over the stream Kedron to a garden, into which he went with his disciples.|en
1482|18|2|2|賣耶穌的猶大也知道那地方，因為耶穌和門徒屢次上那裡去聚集。|zh
1483|18|2|2|And Judas, who was false to him, had knowledge of the place because Jesus went there frequently with his disciples.|en
1484|18|3|3|猶大領了一隊兵，和祭司長並法利賽人的差役，拿著燈籠、火把、兵器，就來到園裡。|zh
1485|18|3|3|So Judas, getting a band of armed men and police from the chief priests and Pharisees, went there with lights and with arms.|en
1486|18|4|4|耶穌知道將要臨到自己的一切事，就出來對他們說：你們找誰？|zh
1487|18|4|4|Then Jesus, having knowledge of everything which was coming on him, went forward and said to them, Who are you looking for?|en
1488|18|5|5|他們回答說：找拿撒勒人耶穌。耶穌說：我就是。賣他的猶大也同他們站在那裡。|zh
1489|18|5|5|Their answer was, Jesus the Nazarene. Jesus said, I am he. And Judas, who was false to him, was there at their side.|en
1490|18|6|6|耶穌一說我就是，他們就退後倒在地上。|zh
1491|18|6|6|And when he said to them, I am he, they went back, falling to the earth.|en
1492|18|7|7|他又問他們說：你們找誰？他們說：找拿撒勒人耶穌。|zh
1493|18|7|7|So again he put the question to them, Who are you looking for? And they said, Jesus the Nazarene.|en
1494|18|8|8|耶穌說：我已經告訴你們，我就是。你們若找我，就讓這些人去罷。|zh
1495|18|8|8|Jesus made answer, I have said that I am he; if you are looking for me, let these men go away.|en
1496|18|9|9|這要應驗耶穌從前的話，說：你所賜給我的人，我沒有失落一個。|zh
1497|18|9|9|(He said this so that his words might come true, I have kept safe all those whom you gave to me.)|en
1498|18|10|10|西門彼得帶著一把刀，就拔出來，將大祭司的僕人砍了一刀，削掉他的右耳；那僕人名叫馬勒古。|zh
1499|18|10|10|Then Simon Peter, who had a sword, took it out and gave the high priest's servant a blow, cutting off his right ear. The servant's name was Malchus.|en
1500|18|11|11|耶穌就對彼得說：收刀入鞘罷，我父所給我的那杯，我豈可不喝呢？|zh
1501|18|11|11|Then Jesus said to Peter, Put back your sword: am I not to take the cup which my Father has given to me?|en
1502|18|12|12|那隊兵和千夫長，並猶太人的差役就拿住耶穌，把他捆綁了，|zh
1503|18|12|12|Then the band and the chief captain and the police took Jesus and put cords round him.|en
1504|18|13|13|先帶到亞那面前，因為亞那是本年作大祭司該亞法的岳父。|zh
1505|18|13|13|They took him first to Annas, because Annas was the father-in-law of Caiaphas who was the high priest that year.|en
1506|18|14|14|這該亞法就是從前向猶太人發議論說一個人替百姓死是有益的那位。|zh
1507|18|14|14|It was Caiaphas who had said to the Jews that it was in their interest for one man to be put to death for the people.|en
1508|18|15|15|西門彼得跟著耶穌，還有一個門徒跟著。那門徒是大祭司所認識的，他就同耶穌進了大祭司的院子。|zh
1509|18|15|15|And Simon Peter went after Jesus with another disciple. Now that disciple was a friend of the high priest and he went in with Jesus into the house of the high priest;|en
1510|18|16|16|彼得卻站在門外。大祭司所認識的那個門徒出來，和看門的使女說了一聲，就領彼得進去。|zh
1511|18|16|16|But Peter was kept outside at the door. Then this other disciple, who was a friend of the high priest, came out and had a word with the girl who kept the door, and took Peter in.|en
1512|18|17|17|那看門的使女對彼得說：你不也是這人的門徒麼？他說：我不是。|zh
1513|18|17|17|Then the girl who was the door-keeper said to Peter, Are you not one of this man's disciples? In answer he said, I am not.|en
1514|18|18|18|僕人和差役因為天冷，就生了炭火，站在那裡烤火；彼得也同他們站著烤火。|zh
1515|18|18|18|Now the servants and the police had made a fire of coals because it was cold; they were warming themselves in front of it and Peter was there with them, warming himself.|en
1516|18|19|19|大祭司就以耶穌的門徒和他的教訓盤問他。|zh
1517|18|19|19|Then the high priest put questions to Jesus about his disciples and his teaching.|en
1518|18|20|20|耶穌回答說：我從來是明明的對世人說話。我常在會堂和殿裡，就是猶太人聚集的地方教訓人；我在暗地裡並沒有說甚麼。|zh
1519|18|20|20|Jesus made answer, I said things openly to the world at all times; I have given my teaching in the Synagogues and in the Temple to which all the Jews come; and I have said nothing secretly.|en
1520|18|21|21|你為甚麼問我呢？可以問那聽見的人，我對他們說的是甚麼；我所說的，他們都知道。|zh
1521|18|21|21|Why are you questioning me? put questions to my hearers about what I have said to them: they have knowledge of what I said.|en
1522|18|22|22|耶穌說了這話，旁邊站著的一個差役用手掌打他，說：你這樣回答大祭司麼？|zh
1523|18|22|22|When he said this, one of the police by his side gave him a blow with his open hand, saying, Do you give such an answer to the high priest?|en
1524|18|23|23|耶穌說：我若說的不是，你可以指證那不是；我若說的是，你為甚麼打我呢？|zh
1525|18|23|23|Jesus said in answer, If I have said anything evil, give witness to the evil: but if I said what is true, why do you give me blows?|en
1526|18|24|24|亞那就把耶穌解到大祭司該亞法那裡，仍是捆著解去的。|zh
1527|18|24|24|Then Annas sent him chained to Caiaphas, the high priest.|en
1528|18|25|25|西門彼得正站著烤火，有人對他說：你不也是他的門徒麼？彼得不承認，說：我不是。|zh
1529|18|25|25|But Simon Peter was still there warming himself by the fire. They said to him, Are you not one of his disciples? He said, No, I am not.|en
1530|18|26|26|有大祭司的一個僕人，是彼得削掉耳朵那人的親屬，說：我不是看見你同他在園子裡麼？|zh
1531|18|26|26|One of the servants of the high priest, a relation of him whose ear had been cut off by Peter, said, Did I not see you with him in the garden?|en
1532|18|27|27|彼得又不承認。立時雞就叫了。|zh
1533|18|27|27|Then again Peter said, No. And straight away a cock gave its cry.|en
1534|18|28|28|眾人將耶穌從該亞法那裡往衙門內解去，那時天還早。他們自己卻不進衙門，恐怕染了污穢，不能吃逾越節的筵席。|zh
1535|18|28|28|So they took Jesus from the house of Caiaphas to the Praetorium. It was early. They themselves did not go into the Praetorium, so that they might not become unclean, but might take the Passover.|en
1536|18|29|29|彼拉多就出來，到他們那裡，說：你們告這人是為甚麼事呢？|zh
1537|18|29|29|So Pilate came out to them and put the question: What have you to say against this man?|en
1538|18|30|30|他們回答說：這人若不是作惡的，我們就不把他交給你。|zh
1539|18|30|30|They said to him in answer, If the man was not a wrongdoer we would not have given him up to you.|en
1540|18|31|31|彼拉多說：你們自己帶他去，按著你們的律法審問他罷。猶太人說：我們沒有殺人的權柄。|zh
1541|18|31|31|Then Pilate said to them, Take him yourselves and let him be judged by your law. But the Jews said to him, We have no right to put any man to death.|en
1542|18|32|32|這要應驗耶穌所說自己將要怎樣死的話了。|zh
1543|18|32|32|(That the word of Jesus might come true, pointing to the sort of death he would have.)|en
1544|18|33|33|彼拉多又進了衙門，叫耶穌來，對他說：你是猶太人的王麼？|zh
1545|18|33|33|Then Pilate went back into the Praetorium and sent for Jesus and said to him, Are you the King of the Jews?|en
1546|18|34|34|耶穌回答說：這話是你自己說的，還是別人論我對你說的呢？|zh
1547|18|34|34|Jesus made answer, Do you say this of yourself, or did others say it about me?|en
1548|18|35|35|彼拉多說：我豈是猶太人呢？你本國的人和祭司長把你交給我。你做了甚麼事呢？|zh
1549|18|35|35|Pilate said, Am I a Jew? Your nation and the chief priests have given you into my hands: what have you done?|en
1550|18|36|36|耶穌回答說：我的國不屬這世界；我的國若屬這世界，我的臣僕必要爭戰，使我不至於被交給猶太人。只是我的國不屬這世界。|zh
1551|18|36|36|Jesus said in answer, My kingdom is not of this world: if my kingdom was of this world, my disciples would have made a good fight to keep me out of the hands of the Jews: but my kingdom is not here.|en
1552|18|37|37|彼拉多就對他說：這樣，你是王麼？耶穌回答說：你說我是王。我為此而生，也為此來到世間，特為給真理作見證。凡屬真理的人就聽我的話。|zh
1553|18|37|37|Then Pilate said to him, Are you then a king? Jesus made answer, You say that I am a king. For this purpose was I given birth, and for this purpose I came into the world, that I might give witness to what is true. Every lover of what is true gives ear to my voice.|en
1554|18|38|38|彼拉多說：真理是甚麼呢？說了這話，又出來到猶太人那裡，對他們說：我查不出他有甚麼罪來。|zh
1555|18|38|38|Pilate said to him, True? what is true? Having said this he went out again to the Jews and said to them, I see no wrong in him.|en
1556|18|39|39|但你們有個規矩，在逾越節要我給你們釋放一個人，你們要我給你們釋放猶太人的王麼？|zh
1557|18|39|39|But every year you make a request to me to let a prisoner go free at the Passover. Is it your desire that I let the King of the Jews go free?|en
1558|18|40|40|他們又喊著說：不要這人，要巴拉巴！這巴拉巴是個強盜。|zh
1559|18|40|40|Then again they gave a loud cry, Not this man, but Barabbas. Now Barabbas was an outlaw.|en
1560|19|1|1|當下彼拉多將耶穌鞭打了。|zh
1561|19|1|1|Then Pilate took Jesus and had him whipped with cords.|en
1562|19|2|2|兵丁用荊棘編作冠冕戴在他頭上，給他穿上紫袍，|zh
1563|19|2|2|And the men of the army made a crown of thorns and put it on his head, and they put a purple robe on him.|en
1564|19|3|3|又挨近他，說：恭喜，猶太人的王阿！他們就用手掌打他。|zh
1565|19|3|3|And they kept coming and saying, Long life to the King of the Jews! And they gave him blows with their hands.|en
1566|19|4|4|彼拉多又出來對眾人說：我帶他出來見你們，叫你們知道我查不出他有甚麼罪來。|zh
1567|19|4|4|And Pilate went out again and said to them, See, I let him come out to you to make it clear to you that I see no wrong in him.|en
1568|19|5|5|耶穌出來，戴著荊棘冠冕，穿著紫袍。彼拉多對他們說：你們看這個人！|zh
1569|19|5|5|Then Jesus came out with the crown of thorns and the purple robe. And Pilate said to them, Here is the man!|en
1570|19|6|6|祭司長和差役看見他，就喊著說：釘他十字架！釘他十字架！彼拉多說：你們自己把他釘十字架罷！我查不出他有甚麼罪來。|zh
1571|19|6|6|So when the chief priests and the police saw him they gave a loud cry, To the cross! to the cross! Pilate said to them, Take him yourselves and put him on the cross: I see no crime in him.|en
1572|19|7|7|猶太人回答說：我們有律法，按那律法，他是該死的，因他以自己為神的兒子。|zh
1573|19|7|7|And the Jews made answer, We have a law, and by that law it is right for him to be put to death because he said he was the Son of God.|en
1574|19|8|8|彼拉多聽見這話，越發害怕，|zh
1575|19|8|8|When this saying came to Pilate's ears his fear became greater;|en
1576|19|9|9|又進衙門，對耶穌說：你是那裡來的？耶穌卻不回答。|zh
1577|19|9|9|And he went again into the Praetorium and said to Jesus, Where do you come from? But Jesus gave him no answer.|en
1578|19|10|10|彼拉多說：你不對我說話麼？你豈不知我有權柄釋放你，也有權柄把你釘十字架麼？|zh
1579|19|10|10|Then Pilate said to him, You say nothing to me? is it not clear to you that I have power to let you go free and power to put you to death on the cross?|en
1580|19|11|11|耶穌回答說：若不是從上頭賜給你的，你就毫無權柄辦我。所以，把我交給你的那人罪更重了。|zh
1581|19|11|11|Jesus gave this answer: You would have no power at all over me if it was not given to you by God; so that he who gave me up to you has the greater sin.|en
1582|19|12|12|從此，彼拉多想要釋放耶穌，無奈猶太人喊著說：你若釋放這個人，就不是該撒的忠臣（原文作朋友）。凡以自己為王的，就是背叛該撒了。|zh
1583|19|12|12|Hearing this, Pilate had a desire to let him go free, but the Jews said in a loud voice, If you let this man go, you are not Caesar's friend: everyone who makes himself a king goes against Caesar.|en
1584|19|13|13|彼拉多聽見這話，就帶耶穌出來，到了一個地方，名叫鋪華石處，希伯來話叫厄巴大，就在那裡坐堂。|zh
1585|19|13|13|So when these words came to Pilate's ear, he took Jesus out, seating himself in the judge's seat in a place named in Hebrew, Gabbatha, or the Stone Floor.|en
1586|19|14|14|那日是預備逾越節的日子，約有午正。彼拉多對猶太人說：看哪，這是你們的王！|zh
1587|19|14|14|(It was the day when they made ready for the Passover; and it was about the sixth hour.) And he said to the Jews, There is your King!|en
1588|19|15|15|他們喊著說：除掉他！除掉他！釘他在十字架上！彼拉多說：我可以把你們的王釘十字架麼？祭司長回答說：除了該撒，我們沒有王。|zh
1589|19|15|15|Then they gave a loud cry, Away with him! away with him! to the cross! Pilate said to them, Am I to put your King to death on the cross? The chief priests said in answer, We have no king but Caesar.|en
1590|19|16|16|於是彼拉多將耶穌交給他們去釘十字架。|zh
1591|19|16|16|So then he gave him up to them to be put to death on the cross. And they took Jesus away;|en
1592|19|17|17|他們就把耶穌帶了去。耶穌背著自己的十字架出來，到了一個地方，名叫髑髏地，希伯來話叫各各他。|zh
1593|19|17|17|And he went out with his cross on him to the place which is named Dead Man's Head (in Hebrew, Golgotha):|en
1594|19|18|18|他們就在那裡釘他在十字架上，還有兩個人和他一同釘著，一邊一個，耶穌在中間。|zh
1595|19|18|18|Where they put him on the cross with two others, one on this side and one on that, and Jesus in the middle.|en
1596|19|19|19|彼拉多又用牌子寫了一個名號，安在十字架上，寫的是：猶太人的王，拿撒勒人耶穌。|zh
1597|19|19|19|And Pilate put on the cross a statement in writing. The writing was: JESUS THE NAZARENE, THE KING OF THE JEWS.|en
1598|19|20|20|有許多猶太人念這名號；因為耶穌被釘十字架的地方與城相近，並且是用希伯來、羅馬、希利尼三樣文字寫的。|zh
1599|19|20|20|The writing was seen by a number of the Jews, for the place where Jesus was put to death on the cross was near the town; and the writing was in Hebrew and Latin and Greek.|en
1600|19|21|21|猶太人的祭司長就對彼拉多說：不要寫猶太人的王，要寫他自己說：我是猶太人的王。|zh
1601|19|21|21|Then the chief priests of the Jews said to Pilate, Do not put, The King of the Jews, but, He said, I am the King of the Jews.|en
1602|19|22|22|彼拉多說：我所寫的，我已經寫上了。|zh
1603|19|22|22|But Pilate made answer, What I have put in writing will not be changed.|en
1604|19|23|23|兵丁既然將耶穌釘在十字架上，就拿他的衣服分為四分，每兵一分；又拿他的裡衣，這件裡衣原來沒有縫兒，是上下一片織成的。|zh
1605|19|23|23|And when Jesus was nailed to the cross, the men of the army took his clothing, and made a division of it into four parts, to every man a part, and they took his coat: now the coat was without a join, made out of one bit of cloth.|en
1606|19|24|24|他們就彼此說：我們不要撕開，只要拈鬮，看誰得著。這要應驗經上的話說：他們分了我的外衣，為我的裡衣拈鬮。兵丁果然做了這事。|zh
1607|19|24|24|So they said among themselves, Let this not be cut up, but let us put it to the decision of chance and see who gets it. (They did this so that the Writings might come true, which say, They made a distribution of my clothing among them, and my coat they put to the decision of chance.) This was what the men of the army did.|en
1608|19|25|25|站在耶穌十字架旁邊的，有他母親與他母親的姊妹，並革羅罷的妻子馬利亞，和抹大拉的馬利亞。|zh
1609|19|25|25|Now by the side of the cross of Jesus were his mother, and his mother's sister Mary, the wife of Cleopas, and Mary Magdalene.|en
1610|19|26|26|耶穌見母親和他所愛的那門徒站在旁邊，就對他母親說：母親（原文作婦人），看，你的兒子！|zh
1611|19|26|26|So when Jesus saw his mother and the disciple who was dear to him, he said to his mother, Mother, there is your son!|en
1612|19|27|27|又對那門徒說：看，你的母親！從此，那門徒就接他到自己家裡去了。|zh
1613|19|27|27|Then he said to the disciple, There is your mother! And from that hour the disciple took her to his house.|en
1614|19|28|28|這事以後，耶穌知道各樣的事已經成了，為要使經上的話應驗，就說：我渴了。|zh
1615|19|28|28|After this, being conscious that all things had now been done so that the Writings might come true, Jesus said, Give me water.|en
1616|19|29|29|有一個器皿盛滿了醋，放在那裡；他們就拿海絨蘸滿了醋，綁在牛膝草上，送到他口。|zh
1617|19|29|29|Now there was a vessel ready, full of bitter wine, and they put a sponge full of it on a stick and put it to his mouth.|en
1618|19|30|30|耶穌嘗（原文作受）了那醋，就說：成了！便低下頭，將靈魂交付神了。|zh
1619|19|30|30|So when Jesus had taken the wine he said, All is done. And with his head bent he gave up his spirit.|en
1620|19|31|31|猶太人因這日是預備日，又因那安息日是個大日，就求彼拉多叫人打斷他們的腿，把他們拿去，免得屍首當安息日留在十字架上。|zh
1621|19|31|31|Now it was the day of getting ready for the Passover, and so that the bodies might not be on the cross on the Sabbath (because the day of that Sabbath was a great day), the Jews made a request to Pilate that their legs might be broken, and that they might be taken away.|en
1622|19|32|32|於是兵丁來，把頭一個人的腿，並與耶穌同釘第二個人的腿，都打斷了。|zh
1623|19|32|32|So the men of the army came, and the legs of the first were broken and then of the other who was put to death on the cross with Jesus:|en
1624|19|33|33|只是來到耶穌那裡，見他已經死了，就不打斷他的腿。|zh
1625|19|33|33|But when they came to Jesus, they saw that he was dead by this time, and so his legs were not broken;|en
1626|19|34|34|惟有一個兵拿槍扎他的肋旁，隨即有血和水流出來。|zh
1627|19|34|34|But one of the men made a wound in his side with a spear, and straight away there came out blood and water.|en
1628|19|35|35|看見這事的那人就作見證─他的見證也是真的，並且他知道自己所說的是真的─叫你們也可以信。|zh
1629|19|35|35|And he who saw it has given witness (and his witness is true; he is certain that what he says is true) so that you may have belief.|en
1630|19|36|36|這些事成了，為要應驗經上的話說：他的骨頭一根也不可折斷。|zh
1631|19|36|36|These things came about so that the Writings might be true, No bone of his body will be broken.|en
1632|19|37|37|經上又有一句說：他們要仰望自己所扎的人。|zh
1633|19|37|37|And again another verse says, They will see him who was wounded by their spears.|en
1634|19|38|38|這些事以後，有亞利馬太人約瑟，是耶穌的門徒，只因怕猶太人，就暗暗的作門徒。他來求彼拉多，要把耶穌的身體領去。彼拉多允准，他就把耶穌的身體領去了。|zh
1635|19|38|38|After these things, Joseph of Arimathaea, who was a disciple of Jesus, but secretly for fear of the Jews, made a request to Pilate to let him take away the body of Jesus: and Pilate said he might do so. So he went and took away his body.|en
1636|19|39|39|又有尼哥底母，就是先前夜裡去見耶穌的，帶著沒藥和沉香約有一百斤前來。|zh
1637|19|39|39|And Nicodemus came (he who had first come to Jesus by night) with a roll of myrrh and aloes mixed, about a hundred pounds.|en
1638|19|40|40|他們就照猶太人殯葬的規矩，把耶穌的身體用細麻布加上香料裹好了。|zh
1639|19|40|40|Then they took the body of Jesus, folding linen about it with the spices, as is the way of the Jews when they put the dead to rest.|en
1640|19|41|41|在耶穌釘十字架的地方有一個園子，園子裡有一座新墳墓，是從來沒有葬過人的。|zh
1641|19|41|41|Now there was a garden near the cross, and in the garden a new place for the dead in which no man had ever been put.|en
1642|19|42|42|只因是猶太人的預備日，又因那墳墓近，他們就把耶穌安放在那裡。|zh
1643|19|42|42|So they put Jesus there, because it was the Jews' day of getting ready for the Passover, and the place was near.|en
1644|20|1|1|七日的第一日清早，天還黑的時候，抹大拉的馬利亞來到墳墓那裡，看見石頭從墳墓挪開了，|zh
1645|20|1|1|Now on the first day of the week, very early, while it was still dark, Mary Magdalene came to the place and saw that the stone had been taken away from it.|en
1646|20|2|2|就跑來見西門彼得和耶穌所愛的那個門徒，對他們說：有人把主從墳墓裡挪了去，我們不知道放在那裡。|zh
1647|20|2|2|Then she went running to Simon Peter, and to the other disciple who was loved by Jesus, and said to them, They have taken away the Lord out of the place of the dead and we have no knowledge where they have put him.|en
1648|20|3|3|彼得和那門徒就出來，往墳墓那裡去。|zh
1649|20|3|3|So Peter and the other disciple went out to the place of the dead.|en
1650|20|4|4|兩個人同跑，那門徒比彼得跑的更快，先到了墳墓，|zh
1651|20|4|4|They went running together, and the other disciple got in front of Peter and came first to the hole in the rock;|en
1652|20|5|5|低頭往裡看，就見細麻布還放在那裡，只是沒有進去。|zh
1653|20|5|5|And looking in, he saw the linen bands on the earth; but he did not go in,|en
1654|20|6|6|西門彼得隨後也到了，進墳墓裡去，就看見細麻布還放在那裡，|zh
1655|20|6|6|Then Simon Peter came after him and went into the hole in the rock; and he saw the linen bands on the earth,|en
1656|20|7|7|又看見耶穌的裹頭巾沒有和細麻布放在一處，是另在一處捲著。|zh
1657|20|7|7|And the cloth, which had been round his head, not with the linen bands but rolled up in a place by itself.|en
1658|20|8|8|先到墳墓的那門徒也進去，看見就信了。|zh
1659|20|8|8|Then the other disciple who came there first went in; and he saw and belief came to him.|en
1660|20|9|9|因為他們還不明白聖經的意思，就是耶穌必要從死裡復活。|zh
1661|20|9|9|For at that time they had no knowledge that the Writings said that he would have to come again from the dead.|en
1662|20|10|10|於是兩個門徒回自己的住處去了。|zh
1663|20|10|10|So then the disciples went away again to their houses.|en
1664|20|11|11|馬利亞卻站在墳墓外面哭。哭的時候，低頭往墳墓裡看，|zh
1665|20|11|11|But Mary was still there outside the hole in the rock, weeping; and while she was weeping and looking into the hole,|en
1666|20|12|12|就見兩個天使，穿著白衣，在安放耶穌身體的地方坐著，一個在頭，一個在腳。|zh
1667|20|12|12|She saw two angels in white seated where the body of Jesus had been, one at the head and the other at the feet.|en
1668|20|13|13|天使對他說：婦人，你為甚麼哭？他說：因為有人把我主挪了去，我不知道放在那裡。|zh
1669|20|13|13|They said to her, Woman, why are you weeping? She said to them, Because they have taken away my Lord, and I have no knowledge where they have put him.|en
1670|20|14|14|說了這話，就轉過身來，看見耶穌站在那裡，卻不知道是耶穌。|zh
1671|20|14|14|And then looking round, she saw Jesus there, but had no idea that it was Jesus.|en
1672|20|15|15|耶穌問他說：婦人，為甚麼哭？你找誰呢？馬利亞以為是看園的，就對他說：先生，若是你把他移了去，請告訴我，你把他放在那裡，我便去取他。|zh
1673|20|15|15|Jesus said to her, Woman, why are you weeping? who are you looking for? She, taking him for the gardener, said to him, Sir, if you have taken him away from here, say where you have put him and I will take him away.|en
1674|20|16|16|耶穌說：馬利亞。馬利亞就轉過來，用希伯來話對他說：拉波尼！（拉波尼就是夫子的意思。）|zh
1675|20|16|16|Jesus said to her, Mary! Turning, she said to him in Hebrew, Rabboni! (which is to say, Master).|en
1676|20|17|17|耶穌說：不要摸我，因我還沒有升上去見我的父。你往我弟兄那裡去，告訴他們說，我要升上去見我的父，也是你們的父，見我的神，也是你們的神。|zh
1677|20|17|17|Jesus said to her, Do not put your hand on me, for I have not gone up to the Father: but go to my brothers and say to them, I go up to my Father and your Father, to my God and your God.|en
1678|20|18|18|抹大拉的馬利亞就去告訴門徒說：我已經看見了主。他又將主對他說的這話告訴他們。|zh
1679|20|18|18|Mary Magdalene went with the news to the disciples, and said she had seen the Lord and that he had said these things to her.|en
1680|20|19|19|那日（就是七日的第一日）晚上，門徒所在的地方，因怕猶太人，門都關了。耶穌來，站在當中，對他們說：願你們平安！|zh
1681|20|19|19|At evening on that day, the first day of the week, when, for fear of the Jews, the doors were shut where the disciples were, Jesus came among them and said to them, May peace be with you!|en
1682|20|20|20|說了這話，就把手和肋旁指給他們看。門徒看見主，就喜樂了。|zh
1683|20|20|20|And when he had said this, he let them see his hands and his side. Then the disciples were glad when they saw the Lord.|en
1684|20|21|21|耶穌又對他們說：願你們平安！父怎樣差遣了我，我也照樣差遣你們。|zh
1685|20|21|21|And Jesus said to them again, May peace be with you! As the Father sent me, even so I now send you.|en
1686|20|22|22|說了這話，就向他們吹一口氣，說：你們受聖靈！|zh
1687|20|22|22|And when he had said this, breathing on them, he said to them, Let the Holy Spirit come on you:|en
1688|20|23|23|你們赦免誰的罪，誰的罪就赦免了；你們留下誰的罪，誰的罪就留下了。|zh
1689|20|23|23|Any to whom you give forgiveness, will be made free from their sins; and any from whom you keep back forgiveness, will still be in their sins.|en
1690|20|24|24|那十二個門徒中，有稱為低土馬的多馬；耶穌來的時候，他沒有和他們同在。|zh
1691|20|24|24|Now Thomas, one of the twelve, named Didymus, was not with them when Jesus came.|en
1692|20|25|25|那些門徒就對他說：我們已經看見主了。多馬卻說：我非看見他手上的釘痕，用指頭探入那釘痕，又用手探入他的肋旁，我總不信。|zh
1693|20|25|25|So the other disciples said to him, We have seen the Lord. But he said to them, If I do not see in his hands the print of the nails and put my finger into the print of the nails, and if I do not put my hand into his side, I will never have belief.|en
1694|20|26|26|過了八日，門徒又在屋裡，多馬也和他們同在，門都關了。耶穌來，站在當中說：願你們平安！|zh
1695|20|26|26|And after eight days, his disciples were again in the house and Thomas was with them. Though the doors were shut, Jesus came, and taking his place in the middle of them, he said, May peace be with you!|en
1696|20|27|27|就對多馬說：伸過你的指頭來，摸（原文是看）我的手；伸出你的手來，探入我的肋旁。不要疑惑，總要信。|zh
1697|20|27|27|Then he said to Thomas, Put out your finger, and see my hands; and put your hand here into my side: and be no longer in doubt but have belief.|en
1698|20|28|28|多馬說：我的主！我的神！|zh
1699|20|28|28|And Thomas said in answer, My Lord and my God!|en
1700|20|29|29|耶穌對他說：你因看見了我才信；那沒有看見就信的有福了。|zh
1701|20|29|29|Jesus said to him, Because you have seen me you have belief: a blessing will be on those who have belief though they have not seen me!|en
1702|20|30|30|耶穌在門徒面前另外行了許多神蹟，沒有記在這書上。|zh
1703|20|30|30|A number of other signs Jesus did before his disciples which are not recorded in this book:|en
1704|20|31|31|但記這些事要叫你們信耶穌是基督，是神的兒子，並且叫你們信了他，就可以因他的名得生命。|zh
1705|20|31|31|But these are recorded, so that you may have faith that Jesus is the Christ, the Son of God, and so that, having this faith you may have life in his name.|en
1706|21|1|1|這些事以後，耶穌在提比哩亞海邊又向門徒顯現。他怎樣顯現記在下面：|zh
1707|21|1|1|After these things Jesus let himself be seen again by the disciples at the sea of Tiberias; and it came about in this way.|en
1708|21|2|2|有西門彼得和稱為低土馬的多馬，並加利利的迦拿人拿但業，還有西庇太的兩個兒子，又有兩個門徒，都在一處。|zh
1709|21|2|2|Simon Peter, Thomas named Didymus, Nathanael of Cana in Galilee, the sons of Zebedee, and two others of his disciples were all together.|en
1710|21|3|3|西門彼得對他們說：我打魚去。他們說：我們也和你同去。他們就出去，上了船；那一夜並沒有打著甚麼。|zh
1711|21|3|3|Simon Peter said to them, I am going fishing. They said to him, And we will come with you. They went out and got into the boat; but that night they took no fish.|en
1712|21|4|4|天將亮的時候，耶穌站在岸上，門徒卻不知道是耶穌。|zh
1713|21|4|4|Now very early in the morning Jesus was there by the edge of the sea (though the disciples were not conscious that it was Jesus).|en
1714|21|5|5|耶穌就對他們說：小子！你們有吃的沒有？他們回答說：沒有。|zh
1715|21|5|5|So Jesus said to them, Children, have you taken any fish? They made answer, No.|en
1716|21|6|6|耶穌說：你們把網撒在船的右邊，就必得著。他們便撒下網去，竟拉不上來了，因為魚甚多。|zh
1717|21|6|6|And he said to them, Let down the net on the right side of the boat and you will get some. So they put it in the water and now they were not able to get it up again because of the great number of fish.|en
1718|21|7|7|耶穌所愛的那門徒對彼得說：是主！那時西門彼得赤著身子，一聽見是主，就束上一件外衣，跳在海裡。|zh
1719|21|7|7|So the disciple who was dear to Jesus said to Peter, It is the Lord! Hearing that it was the Lord, Peter put his coat round him (because he was not clothed) and went into the sea.|en
1720|21|8|8|其餘的門徒離岸不遠，約有二百肘（古代以肘為尺，一肘約有今時尺半），就在小船上把那網魚拉過來。|zh
1721|21|8|8|And the other disciples came in the little boat (they were not far from land, only about two hundred cubits off) pulling the net full of fish.|en
1722|21|9|9|他們上了岸，就看見那裡有炭火，上面有魚，又有餅。|zh
1723|21|9|9|When they got to land, they saw a fire of coals there, with fish cooking on it, and bread.|en
1724|21|10|10|耶穌對他們說：把剛才打的魚拿幾條來。|zh
1725|21|10|10|Jesus said to them, Get some of the fish which you have now taken.|en
1726|21|11|11|西門彼得就去（或作：上船），把網拉到岸上。那網滿了大魚，共一百五十三條；魚雖這樣多，網卻沒有破。|zh
1727|21|11|11|So Peter went to the boat and came back pulling the net to land, full of great fish, a hundred and fifty-three; and though there was such a number the net was not broken.|en
1728|21|12|12|耶穌說：你們來吃早飯。門徒中沒有一個敢問他：你是誰？因為知道是主。|zh
1729|21|12|12|Jesus said to them, Come and take some food. And all the disciples were in fear of putting the question, Who are you? being conscious that it was the Lord.|en
1730|21|13|13|耶穌就來拿餅和魚給他們。|zh
1731|21|13|13|Then Jesus came and took the bread and gave it to them, and the fish in the same way.|en
1732|21|14|14|耶穌從死裡復活以後，向門徒顯現，這是第三次。|zh
1733|21|14|14|Now this was the third time that Jesus let himself be seen by the disciples after he had come back from the dead.|en
1734|21|15|15|他們吃完了早飯，耶穌對西門彼得說：約翰（在太16：17稱約拿）的兒子西門，你愛我比這些更深麼？彼得說：主阿，是的，你知道我愛你。耶穌對他說：你餵養我的小羊。|zh
1735|21|15|15|Then when they had taken food, Jesus said to Simon Peter, Simon, son of John, is your love for me greater than the love of these others? He said to him, Yes, Lord; you are certain of my love for you. He said to him, Then give my lambs food.|en
1736|21|16|16|耶穌第二次又對他說：約翰的兒子西門，你愛我麼？彼得說：主阿，是的，你知道我愛你。耶穌說：你牧養我的羊。|zh
1737|21|16|16|Again, a second time, he said to him, Simon, son of John, have you any love for me? Yes, Lord, he said, you are certain of my love for you. Then take care of my sheep, said Jesus.|en
1738|21|17|17|第三次對他說：約翰的兒子西門﹐你愛我麼？彼得因為耶穌第三次對他說你愛我麼，就憂愁，對耶穌說：主阿，你是無所不知的；你知道我愛你。耶穌說：你餵養我的羊。|zh
1739|21|17|17|He said to him a third time, Simon, son of John, am I dear to you? Now Peter was troubled in his heart because he put the question a third time, Am I dear to you? And he said to him, Lord, you have knowledge of all things; you see that you are dear to me. Jesus said to him, Then give my sheep food.|en
1740|21|18|18|我實實在在的告訴你，你年少的時候，自己束上帶子，隨意往來；但年老的時候，你要伸出手來，別人要把你束上，帶你到不願意去的地方。|zh
1741|21|18|18|Truly I say to you, When you were young, you made yourself ready and went wherever you had a desire to go: but when you are old, you will put out your hands and another will make you ready, and you will be taken where you have no desire to go.|en
1742|21|19|19|耶穌說這話是指著彼得要怎樣死，榮耀神。說了這話，就對他說：你跟從我罷！|zh
1743|21|19|19|Now this he said, pointing out the sort of death by which he would give God glory. And after saying this, he said to him, Come after me.|en
1744|21|20|20|彼得轉過來，看見耶穌所愛的那門徒跟著，就是在晚飯的時候，靠著耶穌胸膛說：主阿，賣你的是誰？的那門徒。|zh
1745|21|20|20|Then Peter, turning round, saw the disciple who was dear to Jesus coming after them--the disciple who was resting on his breast at the last meal, and said, Lord, who is it who will be false to you?|en
1746|21|21|21|彼得看見他，就問耶穌說：主阿，這人將來如何？|zh
1747|21|21|21|Seeing him, Peter said to Jesus, What about this man?|en
1748|21|22|22|耶穌對他說：我若要他等到我來的時候，與你何干？你跟從我罷！|zh
1749|21|22|22|Jesus said to him, If it is my desire for him to be here till I come back, what is that to you? come yourself after me.|en
1750|21|23|23|於是這話傳在弟兄中間，說那門徒不死。其實，耶穌不是說他不死，乃是說：我若要他等到我來的時候，與你何干？|zh
1751|21|23|23|So this saying went about among the brothers that this disciple would not undergo death: Jesus, however, did not say that he would not undergo death, but, If it is my desire for him to be here till I come back, what is that to you?|en
1752|21|24|24|為這些事作見證，並且記載這些事的就是這門徒；我們也知道他的見證是真的。|zh
1753|21|24|24|This is the disciple who gives witness about these things and who put them in writing: and we have knowledge that his witness is true.|en
1754|21|25|25|耶穌所行的事還有許多，若是一一的都寫出來，我想，所寫的書就是世界也容不下了。|zh
1755|21|25|25|And Jesus did such a number of other things that, if every one was recorded, it is my opinion that even the world itself is not great enough for the books there would be.|en
