|chapter|sec|no|content|lang
0|1|1|1|當三十年四月初五日，以西結（原文是我）在迦巴魯河邊被擄的人中，天就開了，得見神的異象。|zh
1|1|1|1|Now it came about in the thirtieth year, in the fourth month, on the fifth day of the month, while I was by the river Chebar among those who had been made prisoners, that the heavens were made open and I saw visions of God.|en
2|1|2|2|正是約雅斤王被擄去第五年四月初五日，|zh
3|1|2|2|On the fifth day of the month, in the fifth year after King Jehoiachin had been made a prisoner,|en
4|1|3|3|在迦勒底人之地、迦巴魯河邊，耶和華的話特特臨到布西的兒子祭司以西結；耶和華的靈（原文是手）降在他身上。|zh
5|1|3|3|The word of the Lord came to me, Ezekiel the priest, the son of Buzi, in the land of the Chaldaeans by the river Chebar; and the hand of the Lord was on me there.|en
6|1|4|4|我觀看，見狂風從北方颳來，隨著有一朵包括閃爍火的大雲，周圍有光輝；從其中的火內發出好像光耀的精金；|zh
7|1|4|4|And, looking, I saw a storm-wind coming out of the north, a great cloud with flames of fire coming after one another, and a bright light shining round about it and in the heart of it was something coloured like electrum.|en
8|1|5|5|又從其中顯出四個活物的形像來。他們的形狀是這樣：有人的形像，|zh
9|1|5|5|And in the heart of it were the forms of four living beings. And this was what they were like; they had the form of a man.|en
10|1|6|6|各有四個臉面，四個翅膀。|zh
11|1|6|6|And every one had four faces, and every one of them had four wings.|en
12|1|7|7|他們的腿是直的，腳掌好像牛犢之蹄，都燦爛如光明的銅。|zh
13|1|7|7|And their feet were straight feet; and the under sides of their feet were like the feet of oxen; and they were shining like polished brass.|en
14|1|8|8|在四面的翅膀以下有人的手。這四個活物的臉和翅膀乃是這樣：|zh
15|1|8|8|And they had the hands of a man under their wings; the four of them had faces on their four sides.|en
16|1|9|9|翅膀彼此相接，行走並不轉身，俱各直往前行。|zh
17|1|9|9|They went without turning, every one went straight forward.|en
18|1|10|10|至於臉的形像：前面各有人的臉，右面各有獅子的臉，左面各有牛的臉，後面各有鷹的臉。|zh
19|1|10|10|As for the form of their faces, they had the face of a man, and the four of them had the face of a lion on the right side, and the four of them had the face of an ox on the left side, and the four of them had the face of an eagle.|en
20|1|11|11|各展開上邊的兩個翅膀相接，各以下邊的兩個翅膀遮體。|zh
21|1|11|11|And their wings were separate at the top; two of the wings of every one were joined one to another, and two were covering their bodies.|en
22|1|12|12|他們俱各直往前行。靈往哪裡去，他們就往那裡去，行走並不轉身。|zh
23|1|12|12|Every one of them went straight forward; wherever the spirit was to go they went; they went on without turning.|en
24|1|13|13|至於四活物的形像，就如燒著火炭的形狀，又如火把的形狀。火在四活物中間上去下來，這火有光輝，從火中發出閃電。|zh
25|1|13|13|And between the living beings it was like burning coals of fire, as if flames were going one after the other between the living beings; and the fire was bright, and out of the fire went thunder-flames.|en
26|1|14|14|這活物往來奔走，好像電光一閃。|zh
27|1|14|14|And the living beings went out and came back as quickly as a thunder-flame.|en
28|1|15|15|我正觀看活物的時候，見活物的臉旁各有一輪在地上。|zh
29|1|15|15|Now while I was looking at the four living beings, I saw one wheel on the earth, by the side of the living beings, for the four of them.|en
30|1|16|16|輪的形狀和顏色（原文是作法）好像水蒼玉。四輪都是一個樣式，形狀和作法好像輪中套輪。|zh
31|1|16|16|The form of the wheels and their work was like a beryl; the four of them had the same form and design, and they were like a wheel inside a wheel.|en
32|1|17|17|輪行走的時候，向四方都能直行，並不掉轉。|zh
33|1|17|17|The four of them went straight forward without turning to one side.|en
34|1|18|18|至於輪輞，高而可畏；四個輪輞周圍滿有眼睛。|zh
35|1|18|18|And I saw that they had edges, and their edges, even of the four, were full of eyes round about.|en
36|1|19|19|活物行走，輪也在旁邊行走；活物從地上升，輪也都上升。|zh
37|1|19|19|And when the living beings went on, the wheels went by their side; and when the living beings were lifted up from the earth, the wheels were lifted up.|en
38|1|20|20|靈往哪裡去，活物就往那裡去；活物上升，輪也在活物旁邊上升，因為活物的靈在輪中。|zh
39|1|20|20|Wherever the spirit was to go they went; and the wheels were lifted up by their side: for the spirit of the living beings was in the wheels.|en
40|1|21|21|那些行走，這些也行走；那些站住，這些也站住；那些從地上升，輪也在旁邊上升，因為活物的靈在輪中。|zh
41|1|21|21|When these went on, the others went; and when these came to rest, the others came to rest; and when these were lifted up from the earth, the wheels were lifted up by their side: for the spirit of the living beings was in the wheels.|en
42|1|22|22|活物的頭以上有穹蒼的形像，看著像可畏的水晶，鋪張在活物的頭以上。|zh
43|1|22|22|And over the heads of the living beings there was the form of an arch, looking like ice, stretched out over their heads on high.|en
44|1|23|23|穹蒼以下，活物的翅膀直張，彼此相對；每活物有兩個翅膀遮體。|zh
45|1|23|23|Under the arch their wings were straight, one stretched out to another: every one had two wings covering their bodies on this side and two covering their bodies on that side.|en
46|1|24|24|活物行走的時候，我聽見翅膀的響聲，像大水的聲音，像全能者的聲音，也像軍隊鬨嚷的聲音。活物站住的時候，便將翅膀垂下。|zh
47|1|24|24|And when they went, the sound of their wings was like the sound of great waters to my ears, like the voice of the Ruler of all, a sound like the rushing of an army: when they came to rest they let down their wings.|en
48|1|25|25|在他們頭以上的穹蒼之上有聲音。他們站住的時候，便將翅膀垂下。|zh
49|1|25|25|And there was a voice from the top of the arch which was over their heads: when they came to rest they let down their wings.|en
50|1|26|26|在他們頭以上的穹蒼之上有寶座的形像，彷彿藍寶石；在寶座形像以上有彷彿人的形狀。|zh
51|1|26|26|And on the top of the arch which was over their heads was the form of a king's seat, like a sapphire stone; and on the form of the seat was the form of a man seated on it on high.|en
52|1|27|27|我見從他腰以上有彷彿光耀的精金，周圍都有火的形狀，又見從他腰以下有彷彿火的形狀，周圍也有光輝。|zh
53|1|27|27|And I saw it coloured like electrum, with the look of fire in it and round it, going up from what seemed to be the middle of his body; and going down from what seemed to be the middle of his body I saw what was like fire, and there was a bright light shining round him.|en
54|1|28|28|下雨的日子，雲中虹的形狀怎樣，周圍光輝的形狀也是怎樣。這就是耶和華榮耀的形像。我一看見就俯伏在地，又聽見一位說話的聲音。|zh
55|1|28|28|Like the bow in the cloud on a day of rain, so was the light shining round him. And this is what the glory of the Lord was like. And when I saw it I went down on my face, and the voice of one talking came to my ears.|en
56|2|1|1|他對我說：人子啊，你站起來，我要和你說話。|zh
57|2|1|1|And he said to me, Son of man, get up on your feet, so that I may say words to you.|en
58|2|2|2|他對我說話的時候，靈就進入我裡面，使我站起來，我便聽見那位對我說話的聲音。|zh
59|2|2|2|And at his words the spirit came into me and put me on my feet; and his voice came to my ears.|en
60|2|3|3|他對我說：人子啊，我差你往悖逆的國民以色列人那裡去。他們是悖逆我的，他們和他們的列祖違背我，直到今日。|zh
61|2|3|3|And he said to me, Son of man, I am sending you to the children of Israel, to an uncontrolled nation which has gone against me: they and their fathers have been sinners against me even to this very day.|en
62|2|4|4|這眾子面無羞恥，心裡剛硬。我差你往他們那裡去，你要對他們說：主耶和華如此說。|zh
63|2|4|4|And the children are hard and stiff-hearted; I am sending you to them: and you are to say to them, These are the words of the Lord.|en
64|2|5|5|他們或聽，或不聽，（他們是悖逆之家），必知道在他們中間有了先知。|zh
65|2|5|5|And they, if they give ear to you or if they do not give ear (for they are an uncontrolled people), will see that there has been a prophet among them.|en
66|2|6|6|人子啊，雖有荊棘和蒺藜在你那裡，你又住在蠍子中間，總不要怕他們，也不要怕他們的話；他們雖是悖逆之家，還不要怕他們的話，也不要因他們的臉色驚惶。|zh
67|2|6|6|And you, son of man, have no fear of them or of their words, even if sharp thorns are round you and you are living among scorpions: have no fear of their words and do not be overcome by their looks, for they are an uncontrolled people.|en
68|2|7|7|他們或聽，或不聽，你只管將我的話告訴他們；他們是極其悖逆的。|zh
69|2|7|7|And you are to give them my words, if they give ear to you or if they do not: for they are uncontrolled.|en
70|2|8|8|人子啊，要聽我對你所說的話，不要悖逆像那悖逆之家，你要開口吃我所賜給你的。|zh
71|2|8|8|But you, son of man, give ear to what I say to you, and do not be uncontrolled like that uncontrolled people: let your mouth be open and take what I give you.|en
72|2|9|9|我觀看，見有一隻手向我伸出來，手中有一書卷。|zh
73|2|9|9|And looking, I saw a hand stretched out to me, and I saw the roll of a book in it;|en
74|2|10|10|他將書卷在我面前展開，內外都寫著字，其上所寫的有哀號、歎息、悲痛的話。|zh
75|2|10|10|And he put it open before me, and it had writing on the front and on the back; words of grief and sorrow and trouble were recorded in it.|en
76|3|1|1|他對我說：人子啊，要吃你所得的，要吃這書卷，好去對以色列家講說。|zh
77|3|1|1|And he said to me, Son of man, take this roll for your food, and go and say my words to the children of Israel.|en
78|3|2|2|於是我開口，他就使我吃這書卷，|zh
79|3|2|2|And, on my opening my mouth, he made me take the roll as food.|en
80|3|3|3|又對我說：人子啊，要吃我所賜給你的這書卷，充滿你的肚腹。我就吃了，口中覺得其甜如蜜。|zh
81|3|3|3|And he said to me, Son of man, let your stomach make a meal of it and let your inside be full of this roll which I am giving you. Then I took it, and it was sweet as honey in my mouth.|en
82|3|4|4|他對我說：人子啊，你往以色列家那裡去，將我的話對他們講說。|zh
83|3|4|4|And he said to me, Son of man, go now to the children of Israel, and say my words to them.|en
84|3|5|5|你奉差遣不是往那說話深奧、言語難懂的民那裡去，乃是往以色列家去；|zh
85|3|5|5|For you are not sent to a people whose talk is strange and whose language is hard, but to the children of Israel;|en
86|3|6|6|不是往那說話深奧、言語難懂的多國去，他們的話語是你不懂得的。我若差你往他們那裡去，他們必聽從你。|zh
87|3|6|6|Not to a number of peoples whose talk is strange and whose language is hard and whose words are not clear to you. Truly, if I sent you to them they would give ear to you.|en
88|3|7|7|以色列家卻不肯聽從你，因為他們不肯聽從我；原來以色列全家是額堅心硬的人。|zh
89|3|7|7|But the children of Israel will not give ear to you; for they have no mind to give ear to me: for all the children of Israel have a hard brow and a stiff heart.|en
90|3|8|8|看哪，我使你的臉硬過他們的臉，使你的額硬過他們的額。|zh
91|3|8|8|See, I have made your face hard against their faces, and your brow hard against their brows.|en
92|3|9|9|我使你的額像金鋼鑽，比火石更硬。他們雖是悖逆之家，你不要怕他們，也不要因他們的臉色驚惶。|zh
93|3|9|9|Like a diamond harder than rock I have made your brow: have no fear of them and do not be overcome by their looks, for they are an uncontrolled people.|en
94|3|10|10|他又對我說：人子啊，我對你所說的一切話，要心裡領會，耳中聽聞。|zh
95|3|10|10|Then he said to me, Son of man, take into your heart all my words which I am about to say to you, and let your ears be open to them.|en
96|3|11|11|你往你本國被擄的子民那裡去，他們或聽，或不聽，你要對他們講說，告訴他們這是主耶和華說的。|zh
97|3|11|11|And go now to those who have been taken away as prisoners, to the children of your people, and say to them, This is what the Lord has said; if they give ear or if they do not.|en
98|3|12|12|那時，靈將我舉起，我就聽見在我身後有震動轟轟的聲音，說：從耶和華的所在顯出來的榮耀是該稱頌的！|zh
99|3|12|12|Then I was lifted up by the wind, and at my back the sound of a great rushing came to my ears when the glory of the Lord was lifted up from his place.|en
100|3|13|13|我又聽見那活物翅膀相碰，與活物旁邊輪子旋轉震動轟轟的響聲。|zh
101|3|13|13|And there was the sound of the wings of the living beings touching one another, and the sound of the wheels at their side, the sound of a great rushing.|en
102|3|14|14|於是靈將我舉起，帶我而去。我心中甚苦，靈性忿激，並且耶和華的靈（原文是手）在我身上大有能力。|zh
103|3|14|14|And the wind, lifting me up, took me away: and I went in the heat of my spirit, and the hand of the Lord was strong on me.|en
104|3|15|15|我就來到提勒亞畢，住在迦巴魯河邊被擄的人那裡，到他們所住的地方，在他們中間憂憂悶悶地坐了七日。|zh
105|3|15|15|Then I came to those who had been taken away as prisoners, who were at Telabib by the river Chebar, and I was seated among them full of wonder for seven days.|en
106|3|16|16|過了七日，耶和華的話臨到我說：|zh
107|3|16|16|And at the end of seven days, the word of the Lord came to me, saying,|en
108|3|17|17|人子啊，我立你作以色列家守望的人，所以你要聽我口中的話，替我警戒他們。|zh
109|3|17|17|Son of man, I have made you a watchman for the children of Israel: so give ear to the word of my mouth, and give them word from me of their danger.|en
110|3|18|18|我何時指著惡人說：他必要死；你若不警戒他，也不勸戒他，使他離開惡行，拯救他的性命，這惡人必死在罪孽之中；我卻要向你討他喪命的罪（原文是血）。|zh
111|3|18|18|When I say to the evil-doer, Death will certainly be your fate; and you give him no word of it and say nothing to make clear to the evil-doer the danger of his evil way, so that he may be safe; that same evil man will come to death in his evil-doing; but I will make you responsible for his blood.|en
112|3|19|19|倘若你警戒惡人，他仍不轉離罪惡，也不離開惡行，他必死在罪孽之中，你卻救自己脫離了罪。|zh
113|3|19|19|But if you give the evil-doer word of his danger, and he is not turned from his sin or from his evil way, death will overtake him in his evil-doing; but your life will be safe.|en
114|3|20|20|再者，義人何時離義而犯罪，我將絆腳石放在他面前，他就必死；因你沒有警戒他，他必死在罪中，他素來所行的義不被記念；我卻要向你討他喪命的罪（原文是血）。|zh
115|3|20|20|Again, when an upright man, turning away from his righteousness, does evil, and I put a cause of falling in his way, death will overtake him: because you have given him no word of his danger, death will overtake him in his evil-doing, and there will be no memory of the upright acts which he has done; but I will make you responsible for his blood.|en
116|3|21|21|倘若你警戒義人，使他不犯罪，他就不犯罪；他因受警戒就必存活，你也救自己脫離了罪。|zh
117|3|21|21|But if you say to the upright man that he is not to do evil, he will certainly keep his life because he took note of your word; and your life will be safe.|en
118|3|22|22|耶和華的靈（原文是手）在那裡降在我身上。他對我說：你起來往平原去，我要在那裡和你說話。|zh
119|3|22|22|And the hand of the Lord was on me there; and he said, Get up and go out into the valley and there I will have talk with you.|en
120|3|23|23|於是我起來往平原去，不料，耶和華的榮耀正如我在迦巴魯河邊所見的一樣，停在那裡，我就俯伏於地。|zh
121|3|23|23|Then I got up and went out into the valley; and I saw the glory of the Lord resting there as I had seen it by the river Chebar; and I went down on my face.|en
122|3|24|24|靈就進入我裡面，使我站起來。耶和華對我說：你進房屋去，將門關上。|zh
123|3|24|24|Then the spirit came into me and put me on my feet; and he had talk with me and said to me, Go and keep yourself shut up inside your house.|en
124|3|25|25|人子啊，人必用繩索捆綁你，你就不能出去在他們中間來往。|zh
125|3|25|25|But see, O son of man, I will put bands on you, prisoning you in them, and you will not go out among them:|en
126|3|26|26|我必使你的舌頭貼住上膛，以致你啞口，不能作責備他們的人；他們原是悖逆之家。|zh
127|3|26|26|And I will make your tongue fixed to the roof of your mouth, so that you have no voice and may not make protests to them: for they are an uncontrolled people.|en
128|3|27|27|但我對你說話的時候，必使你開口，你就要對他們說：主耶和華如此說。聽的可以聽，不聽的任他不聽，因為他們是悖逆之家。|zh
129|3|27|27|But when I have talk with you I will make your mouth open, and you are to say to them, This is what the Lord has said: Let the hearer give ear; and as for him who will not, let him keep his ears shut: for they are an uncontrolled people.|en
130|4|1|1|人子啊，你要拿一塊磚，擺在你面前，將一座耶路撒冷城畫在其上，|zh
131|4|1|1|And you, son of man, take a back and put it before you and on it make a picture of a town, even Jerusalem.|en
132|4|2|2|又圍困這城，造臺築壘，安營攻擊，在四圍安設撞錘攻城，|zh
133|4|2|2|And make an attack on it, shutting it in, building strong places against it, and making high an earthwork against it; and put up tents against it, placing engines all round it for smashing down its walls.|en
134|4|3|3|又要拿個鐵鏊，放在你和城的中間，作為鐵牆。你要對面攻擊這城，使城被困；這樣，好作以色列家的預兆。|zh
135|4|3|3|And take a flat iron plate, and put it for a wall of iron between you and the town: and let your face be turned to it, and it will be shut in and you will make an attack on it. This will be a sign to the children of Israel.|en
136|4|4|4|你要向左側臥，承當以色列家的罪孽；要按你向左側臥的日數，擔當他們的罪孽。|zh
137|4|4|4|Then, stretching yourself out on your left side, take the sin of the children of Israel on yourself: for as long as you are stretched out, so long will the sin of the children of Israel be on you.|en
138|4|5|5|因為我已將他們作孽的年數定為你向左側臥的日數，就是三百九十日，你要這樣擔當以色列家的罪孽。|zh
139|4|5|5|For I have had the years of their sin measured for you by a number of days, even three hundred and ninety days: and you will take on yourself the sin of the children of Israel.|en
140|4|6|6|再者，你滿了這些日子，還要向右側臥，擔當猶大家的罪孽。我給你定規側臥四十日，一日頂一年。|zh
141|4|6|6|And when these days are ended, turning on your right side, you are to take on yourself the sin of the children of Judah: forty days, a day for a year, I have had it fixed for you.|en
142|4|7|7|你要露出膀臂，面向被困的耶路撒冷，說預言攻擊這城。|zh
143|4|7|7|And let your face be turned to where Jerusalem is shut in, with your arm uncovered, and be a prophet against it.|en
144|4|8|8|我用繩索捆綁你，使你不能輾轉，直等你滿了困城的日子。|zh
145|4|8|8|And see, I will put bands on you; and you will be stretched out without turning from one side to the other till the days of your attack are ended.|en
146|4|9|9|你要取小麥、大麥、豆子、紅豆、小米、粗麥，裝在一個器皿中，用以為自己做餅；要按你側臥的三百九十日吃這餅。|zh
147|4|9|9|And take for yourself wheat and barley and different sorts of grain, and put them in one vessel and make bread for yourself from them; all the days when you are stretched on your side it will be your food.|en
148|4|10|10|你所吃的要按分兩吃，每日二十舍客勒，按時而吃。|zh
149|4|10|10|And you are to take your food by weight, twenty shekels a day: you are to take it at regular times.|en
150|4|11|11|你喝水也要按制子，每日喝一欣六分之一，按時而喝。|zh
151|4|11|11|And you are to take water by measure, the sixth part of a hin: you are to take it at regular times.|en
152|4|12|12|你吃這餅像吃大麥餅一樣，要用人糞在眾人眼前燒烤。|zh
153|4|12|12|And let your food be barley cakes, cooking it before their eyes with the waste which comes out of a man.|en
154|4|13|13|耶和華說：以色列人在我所趕他們到的各國中，也必這樣吃不潔淨的食物。|zh
155|4|13|13|And the Lord said, Even so the children of Israel will have unclean bread for their food among the nations where I am driving them.|en
156|4|14|14|我說：哎！主耶和華啊，我素來未曾被玷污，從幼年到如今沒有吃過自死的，或被野獸撕裂的，那可憎的肉也未曾入我的口。|zh
157|4|14|14|Then I said, Ah, Lord! see, my soul has never been unclean, and I have never taken as my food anything which has come to a natural death or has been broken by beasts, from the time when I was young even till now; no disgusting flesh has ever come into my mouth.|en
158|4|15|15|於是他對我說：看哪，我給你牛糞代替人糞，你要將你的餅烤在其上。|zh
159|4|15|15|Then he said to me, See, I have given you cow's waste in place of man's waste, and you will make your bread ready on it.|en
160|4|16|16|他又對我說：人子啊，我必在耶路撒冷折斷他們的杖，就是斷絕他們的糧。他們吃餅要按分兩，憂慮而吃；喝水也要按制子，驚惶而喝；|zh
161|4|16|16|And he said to me, Son of man, see, I will take away from Jerusalem her necessary bread: they will take their bread by weight and with care, measuring out their drinking-water with fear and wonder:|en
162|4|17|17|使他們缺糧缺水，彼此驚惶，因自己的罪孽消滅。|zh
163|4|17|17|So that they may be in need of bread and water and be wondering at one another, wasting away in their sin.|en
164|5|1|1|人子啊，你要拿一把快刀，當作剃頭刀，用這刀剃你的頭髮和你的鬍鬚，用天平將鬚髮平分。|zh
165|5|1|1|And you, son of man, take a sharp sword, using it like a haircutter's blade, and making it go over your head and the hair of your chin: and take scales for separating the hair by weight.|en
166|5|2|2|圍困城的日子滿了，你要將三分之一在城中用火焚燒，將三分之一在城的四圍用刀砍碎，將三分之一任風吹散；我也要拔刀追趕。|zh
167|5|2|2|You are to have a third part burned with fire inside the town, when the days of the attack are ended; and a third part you are to take and give blows with the sword round about it; and give a third part for the wind to take away, and let loose a sword after them.|en
168|5|3|3|你要從其中取幾根包在衣襟裡，|zh
169|5|3|3|And take from them a small number of hairs, folding them in your skirts.|en
170|5|4|4|再從這幾根中取些扔在火中焚燒，從裡面必有火出來燒入以色列全家。|zh
171|5|4|4|And again take some of these and put them in the fire, burning them up in the fire; and say to all the children of Israel,|en
172|5|5|5|主耶和華如此說：這就是耶路撒冷。我曾將他安置在列邦之中；列國都在他的四圍。|zh
173|5|5|5|This is what the Lord has said: This is Jerusalem: I have put her among the nations, and countries are round her on every side;|en
174|5|6|6|他行惡，違背我的典章，過於列國；干犯我的律例，過於四圍的列邦，因為他棄掉我的典章。至於我的律例，他並沒有遵行。|zh
175|5|6|6|And she has gone against my orders by doing evil more than the nations, and against my rules more than the countries round her: for they have given up my orders, and as for my rules, they have not gone in the way of them.|en
176|5|7|7|所以主耶和華如此說：因為你們紛爭過於四圍的列國，也不遵行我的律例，不謹守我的典章，並以遵從四圍列國的惡規尚不滿意，|zh
177|5|7|7|For this cause the Lord has said: Because you have been more uncontrolled than the nations round about you, and have not been guided by my rules or kept my orders, but have kept the orders of the nations round about you;|en
178|5|8|8|所以主耶和華如此說：看哪，我與你反對，必在列國的眼前，在你中間，施行審判；|zh
179|5|8|8|For this cause the Lord has said: See, I, even I, am against you; and I will be judging among you before the eyes of the nations.|en
180|5|9|9|並且因你一切可憎的事，我要在你中間行我所未曾行的，以後我也不再照著行。|zh
181|5|9|9|And I will do in you what I have not done and will not do again, because of all your disgusting ways.|en
182|5|10|10|在你中間父親要吃兒子，兒子要吃父親。我必向你施行審判，我必將你所剩下的分散四方（方：原文是風）。|zh
183|5|10|10|For this cause fathers will take their sons for food among you, and sons will make a meal of their fathers; and I will be judge among you, and all the rest of you I will send away to every wind.|en
184|5|11|11|主耶和華說：我指著我的永生起誓，因你用一切可憎的物、可厭的事玷污了我的聖所，故此，我定要使你人數減少，我眼必不顧惜你，也不可憐你。|zh
185|5|11|11|For this cause, by my life, says the Lord, because you have made my holy place unclean with all your hated things and all your disgusting ways, you will become disgusting to me; my eye will have no mercy and I will have no pity.|en
186|5|12|12|你的民三分之一必遭瘟疫而死，在你中間必因饑荒消滅；三分之一必在你四圍倒在刀下；我必將三分之一分散四方（方：原文是風），並要拔刀追趕他們。|zh
187|5|12|12|A third of you will come to death from disease, wasting away among you through need of food; a third will be put to the sword round about you; and a third I will send away to every wind, letting loose a sword after them.|en
188|5|13|13|我要這樣成就怒中所定的；我向他們發的忿怒止息了，自己就得著安慰。我在他們身上成就怒中所定的那時，他們就知道我─耶和華所說的是出於熱心；|zh
189|5|13|13|So my wrath will be complete and my passion will come to rest on them; and they will be certain that I the Lord have given the word of decision, when my wrath against them is complete.|en
190|5|14|14|並且我必使你在四圍的列國中，在經過的眾人眼前，成了荒涼和羞辱。|zh
191|5|14|14|And I will make you a waste and a name of shame among the nations round about you, in the eyes of everyone who goes by.|en
192|5|15|15|這樣，我必以怒氣和忿怒，並烈怒的責備，向你施行審判。那時，你就在四圍的列國中成為羞辱、譏刺、警戒、驚駭。這是我─耶和華說的。|zh
193|5|15|15|And you will be a name of shame and a cause of bitter words, an example and a wonder to the nations round about you, when I give effect to my judging among you in wrath and in passion and in burning protests: I the Lord have said it:|en
194|5|16|16|那時，我要將滅人、使人饑荒的惡箭，就是射去滅人的，射在你們身上，並要加增你們的饑荒，斷絕你們所倚靠的糧食；|zh
195|5|16|16|When I send on you the evil arrows of disease, causing destruction, which I will send to put an end to you; and, further, I will take away your necessary food.|en
196|5|17|17|又要使饑荒和惡獸到你那裡，叫你喪子，瘟疫和流血的事也必盛行在你那裡；我也要使刀劍臨到你。這是我─耶和華說的。|zh
197|5|17|17|And I will send on you need of food and evil beasts, and they will be a cause of loss to you; and disease and violent death will go through you; and I will send the sword on you: I the Lord have said it.|en
198|6|1|1|耶和華的話臨到我說：|zh
199|6|1|1|And the word of the Lord came to me, saying,|en
200|6|2|2|人子啊，你要面向以色列的眾山說預言，|zh
201|6|2|2|Son of man, let your face be turned to the mountains of Israel, and be a prophet to them, and say,|en
202|6|3|3|說：以色列的眾山哪，要聽主耶和華的話。主耶和華對大山、小岡、水溝、山谷如此說：我必使刀劍臨到你們，也必毀滅你們的邱壇。|zh
203|6|3|3|You mountains of Israel, give ear to the words of the Lord: this is what the Lord has said to the mountains and the hills, to the waterways and the valleys: See, I, even I, am sending on you a sword for the destruction of your high places.|en
204|6|4|4|你們的祭壇必然荒涼，你們的日像必被打碎。我要使你們被殺的人倒在你們的偶像面前；|zh
205|6|4|4|And your altars will be made waste, and your sun-images will be broken: and I will have your dead men placed before your images.|en
206|6|5|5|我也要將以色列人的屍首放在他們的偶像面前，將你們的骸骨拋散在你們祭壇的四圍。|zh
207|6|5|5|And I will put the dead bodies of the children of Israel in front of their images, sending your bones in all directions about your altars.|en
208|6|6|6|在你們一切的住處，城邑要變為荒場，邱壇必然淒涼，使你們的祭壇荒廢，將你們的偶像打碎。你們的日像被砍倒，你們的工作被毀滅。|zh
209|6|6|6|In all your living-places the towns will become broken walls, and the high places made waste; so that your altars may be broken down and made waste, and your images broken and ended, and so that your sun-images may be cut down and your works rubbed out.|en
210|6|7|7|被殺的人必倒在你們中間，你們就知道我是耶和華。|zh
211|6|7|7|And the dead will be falling down among you, and you will be certain that I am the Lord.|en
212|6|8|8|你們分散在各國的時候，我必在列邦中使你們有剩下脫離刀劍的人。|zh
213|6|8|8|But still, I will keep a small band safe from the sword among the nations, when you are sent wandering among the countries.|en
214|6|9|9|那脫離刀劍的人必在所擄到的各國中記念我，為他們心中何等傷破，是因他們起淫心，遠離我，眼對偶像行邪淫。他們因行一切可憎的惡事，必厭惡自己。|zh
215|6|9|9|And those of you who are kept safe will have me in mind among the nations where they have been taken away as prisoners, how I sent punishment on their hearts which were untrue to me, and on their eyes which were turned to their false gods: and they will be full of hate for themselves because of the evil things which they have done in all their disgusting ways.|en
216|6|10|10|他們必知道我是耶和華；我說要使這災禍臨到他們身上，並非空話。|zh
217|6|10|10|And they will be certain that I am the Lord: not for nothing did I say that I would do this evil to them.|en
218|6|11|11|主耶和華如此說：你當拍手頓足，說：哀哉！以色列家行這一切可憎的惡事，他們必倒在刀劍、饑荒、瘟疫之下。|zh
219|6|11|11|This is what the Lord has said: Give blows with your hand, stamping with your foot, and say, O sorrow! because of all the evil and disgusting ways of the children of Israel: for death will overtake them by the sword and through need of food and by disease.|en
220|6|12|12|在遠處的，必遭瘟疫而死；在近處的，必倒在刀劍之下；那存留被圍困的，必因饑荒而死；我必這樣在他們身上成就我怒中所定的。|zh
221|6|12|12|He who is far away will come to his death by disease; he who is near will be put to the sword; he who is shut up will come to his death through need of food; and I will give full effect to my passion against them.|en
222|6|13|13|他們被殺的人倒在他們祭壇四圍的偶像中，就是各高岡、各山頂、各青翠樹下、各茂密的橡樹下，乃是他們獻馨香的祭牲給一切偶像的地方。那時，他們就知道我是耶和華。|zh
223|6|13|13|And you will be certain that I am the Lord, when their dead men are stretched among their images round about their altars on every high hill, on all the tops of the mountains, and under every branching tree, and under every thick oak-tree, the places where they made sweet smells to all their images.|en
224|6|14|14|我必伸手攻擊他們，使他們的地從曠野到第伯拉他一切住處極其荒涼，他們就知道我是耶和華。|zh
225|6|14|14|And my hand will be stretched out against them, making the land waste and unpeopled, from the waste land to Riblah, through all their living-places: and they will be certain that I am the Lord.|en
226|7|1|1|耶和華的話又臨到我說：|zh
227|7|1|1|And the word of the Lord came to me, saying,|en
228|7|2|2|人子啊，主耶和華對以色列地如此說：結局到了，結局到了地的四境！|zh
229|7|2|2|And you, son of man, say, This is what the Lord has said to the land of Israel: An end has come, the end has come on the four quarters of the land.|en
230|7|3|3|現在你的結局已經臨到，我必使我的怒氣歸與你，也必按你的行為審判你，照你一切可憎的事刑罰你。|zh
231|7|3|3|Now the end has come on you, and I will send my wrath on you, judging you for your ways, I will send punishment on you for all your disgusting acts.|en
232|7|4|4|我眼必不顧惜你，也不可憐你，卻要按你所行的報應你，照你中間可憎的事刑罰你。你就知道我是耶和華。|zh
233|7|4|4|My eye will not have mercy on you, and I will have no pity: but I will send the punishment of your ways on you, and your disgusting works will be among you: and you will be certain that I am the Lord.|en
234|7|5|5|主耶和華如此說：有一災，獨有一災；看哪，臨近了！|zh
235|7|5|5|This is what the Lord has said: An evil, even one evil; see, it is coming.|en
236|7|6|6|結局來了，結局來了，向你興起。看哪，來到了！|zh
237|7|6|6|An end has come, the end has come; see, it is coming on you.|en
238|7|7|7|境內的居民哪，所定的災臨到你，時候到了，日子近了，乃是鬨嚷並非在山上歡呼的日子。|zh
239|7|7|7|The crowning time has come on you, O people of the land: the time has come, the day is near; the day will not be slow in coming, it will not keep back.|en
240|7|8|8|我快要將我的忿怒傾在你身上，向你成就我怒中所定的，按你的行為審判你，照你一切可憎的事刑罰你。|zh
241|7|8|8|Now, in a little time, I will let loose my passion on you, and give full effect to my wrath against you, judging you for your ways, and sending punishment on you for all your disgusting works.|en
242|7|9|9|我眼必不顧惜你，也不可憐你，必按你所行的報應你，照你中間可憎的事刑罰你。你就知道擊打你的是我耶和華。|zh
243|7|9|9|My eye will not have mercy, and I will have no pity: I will send on you the punishment of your ways, and your disgusting works will be among you; and you will see that I am the Lord who gives punishment.|en
244|7|10|10|看哪，看哪，日子快到了，所定的災已經發出。杖已經開花，驕傲已經發芽。|zh
245|7|10|10|See, the day; see, it is coming: the crowning time has gone out; the twisted way is flowering, pride has put out buds.|en
246|7|11|11|強暴興起，成了罰惡的杖。以色列人，或是他們的群眾，或是他們的財寶，無一存留，他們中間也沒有得尊榮的。|zh
247|7|11|11|Violent behaviour has been lifted up into a rod of evil; it will not be slow in coming, it will not keep back.|en
248|7|12|12|時候到了，日子近了，買主不可歡喜，賣主不可愁煩，因為烈怒已經臨到他們眾人身上。|zh
249|7|12|12|The time has come, the day is near: let not him who gives a price for goods be glad, or him who gets the price have sorrow:|en
250|7|13|13|賣主雖然存活，卻不能歸回再得所賣的，因為這異象關乎他們眾人。誰都不得歸回，也沒有人在他的罪孽中堅立自己。|zh
251|7|13|13|For the trader will not go back to the things for which he had his price, even while he is still living:|en
252|7|14|14|他們已經吹角，預備齊全，卻無一人出戰，因為我的烈怒臨到他們眾人身上。|zh
253|7|14|14|And he who has given a price for goods will not get them, for my wrath is on all of them.|en
254|7|15|15|在外有刀劍，在內有瘟疫、饑荒；在田野的，必遭刀劍而死；在城中的，必有饑荒、瘟疫吞滅他。|zh
255|7|15|15|Outside is the sword, and inside disease and need of food: he who is in the open country will be put to the sword; he who is in the town will come to his end through need of food and disease.|en
256|7|16|16|其中所逃脫的就必逃脫，各人因自己的罪孽在山上發出悲聲，好像谷中的鴿子哀鳴。|zh
257|7|16|16|And those of them who get away safely will go and be in the secret places like the doves of the valleys, all of them will come to death, every one in his sin.|en
258|7|17|17|手都發軟，膝弱如水。|zh
259|7|17|17|All hands will be feeble and all knees without strength, like water.|en
260|7|18|18|要用麻布束腰，被戰兢所蓋；各人臉上羞愧，頭上光禿。|zh
261|7|18|18|And they will put haircloth round them, and deep fear will be covering them; and shame will be on all faces, and the hair gone from all their heads.|en
262|7|19|19|他們要將銀子拋在街上，金子看如污穢之物。當耶和華發怒的日子，他們的金銀不能救他們，不能使心裡知足，也不能使肚腹飽滿，因為這金銀作了他們罪孽的絆腳石。|zh
263|7|19|19|They will put out their silver into the streets, and their gold will be as an unclean thing; their silver and their gold will not be able to keep them safe in the day of the wrath of the Lord; they will not get their desire or have food for their need: because it has been the cause of their falling into sin.|en
264|7|20|20|論到耶和華妝飾華美的殿，他建立得威嚴，他們卻在其中製造可憎可厭的偶像，所以這殿我使他們看如污穢之物。|zh
265|7|20|20|As for their beautiful ornament, they had put it on high, and had made the images of their disgusting and hated things in it: for this cause I have made it an unclean thing to them.|en
266|7|21|21|我必將這殿交付外邦人為掠物，交付地上的惡人為擄物；他們也必褻瀆這殿。|zh
267|7|21|21|And I will give it into the hands of men from strange lands who will take it by force, and to the evil-doers of the earth to have for themselves; and they will make it unholy.|en
268|7|22|22|我必轉臉不顧以色列人，他們褻瀆我隱密之所，強盜也必進去褻瀆。|zh
269|7|22|22|And my face will be turned away from them, and they will make my secret place unholy: violent men will go into it and make it unholy.|en
270|7|23|23|要製造鎖鍊；因為這地遍滿流血的罪，城邑充滿強暴的事，|zh
271|7|23|23|Make the chain: for the land is full of crimes of blood, and the town is full of violent acts.|en
272|7|24|24|所以我必使列國中最惡的人來佔據他們的房屋；我必使強暴人的驕傲止息，他們的聖所都要被褻瀆。|zh
273|7|24|24|For this reason I will send the worst of the nations and they will take their houses for themselves: I will make the pride of their strength come to an end; and their holy places will be made unclean.|en
274|7|25|25|毀滅臨近了，他們要求平安，卻無平安可得。|zh
275|7|25|25|Shaking fear is coming; and they will be looking for peace, and there will be no peace.|en
276|7|26|26|災害加上災害，風聲接連風聲；他們必向先知求異象，但祭司講的律法、長老設的謀略都必斷絕。|zh
277|7|26|26|Destruction will come on destruction, and one story after another; and the vision of the prophet will be shamed, and knowledge of the law will come to an end among the priests, and wisdom among the old.|en
278|7|27|27|君要悲哀，王要披淒涼為衣，國民的手都發顫。我必照他們的行為待他們，按他們應得的審判他們，他們就知道我是耶和華。|zh
279|7|27|27|The king will give himself up to sorrow, and the ruler will be clothed with wonder, and the hands of the people of the land will be troubled: I will give them punishment for their ways, judging them as it is right for them to be judged; and they will be certain that I am the Lord.|en
280|8|1|1|第六年六月初五日，我坐在家中；猶大的眾長老坐在我面前。在那裡主耶和華的靈（原文是手）降在我身上。|zh
281|8|1|1|Now in the sixth year, in the sixth month, on the fifth day of the month, when I was in my house and the responsible men of Judah were seated before me, the hand of the Lord came on me there.|en
282|8|2|2|我觀看，見有形像彷彿火的形狀，從他腰以下的形狀有火，從他腰以上有光輝的形狀，彷彿光耀的精金。|zh
283|8|2|2|And looking, I saw a form like fire; from the middle of his body and down there was fire: and up from the middle of his body a sort of shining, like electrum.|en
284|8|3|3|他伸出彷彿一隻手的樣式，抓住我的一綹頭髮，靈就將我舉到天地中間，在神的異象中，帶我到耶路撒冷朝北的內院門口，在那裡有觸動主怒偶像的坐位，就是惹動忌邪的。|zh
285|8|3|3|And he put out the form of a hand and took me by the hair of my head; and the wind, lifting me up between the earth and the heaven, took me in the visions of God to Jerusalem, to the way into the inner door facing to the north; where was the seat of the image of envy.|en
286|8|4|4|誰知，在那裡有以色列神的榮耀，形狀與我在平原所見的一樣。|zh
287|8|4|4|And I saw the glory of the Lord there, as in the vision which I saw in the valley.|en
288|8|5|5|神對我說：人子啊，你舉目向北觀看。我就舉目向北觀看，見祭壇門的北邊，在門口有這惹忌邪的偶像；|zh
289|8|5|5|Then he said to me, Son of man, now let your eyes be lifted up in the direction of the north; and on looking in the direction of the north, to the north of the doorway of the altar, I saw this image of envy by the way in.|en
290|8|6|6|又對我說：人子啊，以色列家所行的，就是在此行這大可憎的事，使我遠離我的聖所，你看見了麼？你還要看見另有大可憎的事。|zh
291|8|6|6|And he said to me, Son of man, do you see what they are doing? even the very disgusting things which the children of Israel are doing here, causing me to go far away from my holy place? but you will see other most disgusting things.|en
292|8|7|7|他領我到院門口。我觀看，見牆上有個窟窿。|zh
293|8|7|7|And he took me to the door of the open place; and looking, I saw a hole in the wall.|en
294|8|8|8|他對我說：人子啊，你要挖牆。我一挖牆，見有一門。|zh
295|8|8|8|And he said to me, Son of man, make a hole in the wall: and after making a hole in the wall I saw a door.|en
296|8|9|9|他說：你進去，看他們在這裡所行可憎的惡事。|zh
297|8|9|9|And he said to me, Go in and see the evil and disgusting things which they are doing here.|en
298|8|10|10|我進去一看，誰知，在四面牆上畫著各樣爬物和可憎的走獸，並以色列家一切的偶像。|zh
299|8|10|10|So I went in and saw; and there every sort of living thing which goes flat on the earth, and unclean beasts, and all the images of the children of Israel, were pictured round about on the wall.|en
300|8|11|11|在這些像前有以色列家的七十個長老站立，沙番的兒子雅撒尼亞也站在其中。各人手拿香爐，煙雲的香氣上騰。|zh
301|8|11|11|And before them seventy of the responsible men of the children of Israel had taken their places, every man with a vessel for burning perfumes in his hand, and in the middle of them was Jaazaniah, the son of Shaphan; and a cloud of smoke went up from the burning perfume.|en
302|8|12|12|他對我說：人子啊，以色列家的長老暗中在各人畫像屋裡所行的，你看見了麼？他們常說：耶和華看不見我們；耶和華已經離棄這地。|zh
303|8|12|12|And he said to me, Son of man, have you seen what the responsible men of the children of Israel do in the dark, every man in his room of pictured images? for they say, The Lord does not see us; the Lord has gone away from the land.|en
304|8|13|13|他又說：你還要看見他們另外行大可憎的事。|zh
305|8|13|13|Then he said to me, You will see even more disgusting things which they do.|en
306|8|14|14|他領我到耶和華殿外院朝北的門口。誰知，在那裡有婦女坐著，為搭模斯哭泣。|zh
307|8|14|14|Then he took me to the door of the way into the Lord's house looking to the north; and there women were seated weeping for Tammuz.|en
308|8|15|15|他對我說：人子啊，你看見了麼？你還要看見比這更可憎的事。|zh
309|8|15|15|Then he said to me, Have you seen this, O son of man? you will see even more disgusting things than these.|en
310|8|16|16|他又領我到耶和華殿的內院。誰知，在耶和華的殿門口、廊子和祭壇中間，約有二十五個人背向耶和華的殿，面向東方拜日頭。|zh
311|8|16|16|And he took me into the inner square of the Lord's house, and at the door of the Temple of the Lord, between the covered way and the altar, there were about twenty-five men with their backs turned to the Temple of the Lord and their faces turned to the east; and they were worshipping the sun, turning to the east.|en
312|8|17|17|他對我說：人子啊，你看見了麼？猶大家在此行這可憎的事還算為小麼？他們在這地遍行強暴，再三惹我發怒，他們手拿枝條舉向鼻前。|zh
313|8|17|17|Then he said to me, Have you seen this, O son of man? is it a small thing to the children of Judah that they do the disgusting things which they are doing here? for they have made the land full of violent behaviour, making me angry again and again: and see, they put the branch to my nose.|en
314|8|18|18|因此，我也要以忿怒行事，我眼必不顧惜，也不可憐他們；他們雖向我耳中大聲呼求，我還是不聽。|zh
315|8|18|18|For this reason I will let loose my wrath: my eye will not have mercy, and I will have no pity.|en
316|9|1|1|他向我耳中大聲喊叫說：要使那監管這城的人手中各拿滅命的兵器前來。|zh
317|9|1|1|Then crying out in my hearing in a loud voice, he said, Let the overseers of the town come near, every man armed.|en
318|9|2|2|忽然有六個人從朝北的上門而來，各人手拿殺人的兵器；內中有一人身穿細麻衣，腰間帶著墨盒子。他們進來，站在銅祭壇旁。|zh
319|9|2|2|And six men came from the way of the higher doorway looking to the north, every man with his axe in his hand: and one man among them was clothed in linen, with a writer's inkpot at his side. And they went in and took their places by the brass altar.|en
320|9|3|3|以色列神的榮耀本在基路伯上，現今從那裡升到殿的門檻。　神將那身穿細麻衣、腰間帶著墨盒子的人召來。|zh
321|9|3|3|And the glory of the God of Israel had gone up from the winged ones on which it was resting, to the doorstep of the house. And crying out to the man clothed in linen who had the writer's inkpot at his side,|en
322|9|4|4|耶和華對他說：你去走遍耶路撒冷全城，那些因城中所行可憎之事歎息哀哭的人，畫記號在額上。|zh
323|9|4|4|The Lord said to him, Go through the town, through the middle of Jerusalem, and put a mark on the brows of the men who are sorrowing and crying for all the disgusting things which are done in it.|en
324|9|5|5|我耳中聽見他對其餘的人說：要跟隨他走遍全城，以行擊殺。你們的眼不要顧惜，也不要可憐他們。|zh
325|9|5|5|And to these he said in my hearing, Go through the town after him using your axes: do not let your eyes have mercy, and have no pity:|en
326|9|6|6|要將年老的、年少的，並處女、嬰孩，和婦女，從聖所起全都殺盡，只是凡有記號的人不要挨近他。於是他們從殿前的長老殺起。|zh
327|9|6|6|Give up to destruction old men and young men and virgins, little children and women: but do not come near any man who has the mark on him: and make a start at my holy place. So they made a start with the old men who were before the house.|en
328|9|7|7|他對他們說：要污穢這殿，使院中充滿被殺的人。你們出去罷！他們就出去，在城中擊殺。|zh
329|9|7|7|And he said to them, Make the house unclean, make the open places full of dead: go forward and send destruction on the town.|en
330|9|8|8|他們擊殺的時候，我被留下，我就俯伏在地，說：哎！主耶和華啊，你將忿怒傾在耶路撒冷，豈要將以色列所剩下的人都滅絕麼？|zh
331|9|8|8|Now while they were doing so, and I was untouched, I went down on my face, and crying out, I said, Ah, Lord! will you give all the rest of Israel to destruction in letting loose your wrath on Jerusalem?|en
332|9|9|9|他對我說：以色列家和猶大家的罪孽極其重大。遍地有流血的事，滿城有冤屈，因為他們說：耶和華已經離棄這地，他看不見我們。|zh
333|9|9|9|Then he said to me, The sin of the children of Israel and Judah is very, very great, and the land is full of blood and the town full of evil ways: for they say, The Lord has gone away from the land, and the Lord does not see.|en
334|9|10|10|故此，我眼必不顧惜，也不可憐他們，要照他們所行的報應在他們頭上。|zh
335|9|10|10|And as for me, my eye will not have mercy, and I will have no pity, but I will send the punishment of their ways on their heads.|en
336|9|11|11|那穿細麻衣、腰間帶著墨盒子的人將這事回覆說：我已經照你所吩咐的行了。|zh
337|9|11|11|Then the man clothed in linen, who had the inkpot at his side, came back and said, I have done what you gave me orders to do.|en
338|10|1|1|我觀看，見基路伯頭上的穹蒼之中，顯出藍寶石的形狀，彷彿寶座的形像。|zh
339|10|1|1|Then looking, I saw that on the arch which was over the head of the winged ones there was seen over them what seemed like a sapphire stone, having the form of a king's seat.|en
340|10|2|2|主對那穿細麻衣的人說：你進去，在旋轉的輪內基路伯以下，從基路伯中間將火炭取滿兩手，撒在城上。我就見他進去。|zh
341|10|2|2|And he said to the man clothed in linen, Go in between the wheels, under the winged ones, and get your two hands full of burning coals from between the winged ones and send them in a shower over the town. And he went in before my eyes.|en
342|10|3|3|那人進去的時候，基路伯站在殿的右邊，雲彩充滿了內院。|zh
343|10|3|3|Now the winged ones were stationed on the right side of the house when the man went in; and the inner square was full of the cloud.|en
344|10|4|4|耶和華的榮耀從基路伯那裡上升，停在門檻以上；殿內滿了雲彩，院宇也被耶和華榮耀的光輝充滿。|zh
345|10|4|4|And the glory of the Lord went up from the winged ones and came to rest over the doorstep of the house; and the house was full of the cloud and the open square was full of the shining of the Lord's glory.|en
346|10|5|5|基路伯翅膀的響聲聽到外院，好像全能神說話的聲音。|zh
347|10|5|5|And the sound of the wings of the winged ones was clear even in the outer square, like the voice of the Ruler of all.|en
348|10|6|6|他吩咐那穿細麻衣的人說：要從旋轉的輪內基路伯中間取火。那人就進去站在一個輪子旁邊。|zh
349|10|6|6|And when he gave orders to the man clothed in linen, saying, Take fire from between the wheels, from between the winged ones, then he went in and took his place at the side of a wheel.|en
350|10|7|7|有一個基路伯從基路伯中伸手到基路伯中間的火那裡，取些放在那穿細麻衣的人兩手中，那人就拿出去了。|zh
351|10|7|7|And stretching out his hand to the fire which was between the winged ones, he took some of it and went out.|en
352|10|8|8|在基路伯翅膀之下，顯出有人手的樣式。|zh
353|10|8|8|And I saw the form of a man's hands among the winged ones under their wings.|en
354|10|9|9|我又觀看，見基路伯旁邊有四個輪子。這基路伯旁有一個輪子，那基路伯旁有一個輪子，每基路伯都是如此；輪子的顏色（原文是形狀）彷彿水蒼玉。|zh
355|10|9|9|And looking, I saw four wheels by the side of the winged ones, one wheel by the side of a winged one and another wheel by the side of another: and the wheels were like the colour of a beryl stone to the eye.|en
356|10|10|10|至於四輪的形狀，都是一個樣式，彷彿輪中套輪。|zh
357|10|10|10|In form the four of them were all the same, they seemed like a wheel inside a wheel.|en
358|10|11|11|輪行走的時候，向四方都能直行，並不掉轉。頭向何方，他們也隨向何方，行走的時候並不掉轉。|zh
359|10|11|11|When they were moving, they went on their four sides without turning; they went after the head in the direction in which it was looking; they went without turning.|en
360|10|12|12|他們全身，連背帶手和翅膀，並輪周圍都滿了眼睛。這四個基路伯的輪子都是如此。|zh
361|10|12|12|And the edges of the four wheels were full of eyes round about.|en
362|10|13|13|至於這些輪子，我耳中聽見說是旋轉的。|zh
363|10|13|13|As for the wheels, they were named in my hearing, the circling wheels.|en
364|10|14|14|基路伯各有四臉：第一是基路伯的臉，第二是人的臉，第三是獅子的臉，第四是鷹的臉。|zh
365|10|14|14|And every one had four faces: the first face was the face of a winged one, and the second was the face of a man, and the third the face of a lion, and the fourth the face of an eagle.|en
366|10|15|15|基路伯升上去了；這是我在迦巴魯河邊所見的活物。|zh
367|10|15|15|And the winged ones went up on high: this is the living being which I saw by the river Chebar.|en
368|10|16|16|基路伯行走，輪也在旁邊行走。基路伯展開翅膀，離地上升，輪也不轉離他們旁邊。|zh
369|10|16|16|And when the winged ones went, the wheels went by their side: and when their wings were lifted to take them up from the earth, the wheels were not turned from their side.|en
370|10|17|17|那些站住，這些也站住；那些上升，這些也一同上升，因為活物的靈在輪中。|zh
371|10|17|17|When they were at rest in their place, these were at rest; when they were lifted up, these went up with them: for the spirit of life was in them.|en
372|10|18|18|耶和華的榮耀從殿的門檻那裡出去，停在基路伯以上。|zh
373|10|18|18|Then the glory of the Lord went out from the doorstep of the house, and came to rest over the winged ones.|en
374|10|19|19|基路伯出去的時候，就展開翅膀，在我眼前離地上升。輪也在他們的旁邊，都停在耶和華殿的東門口。在他們以上有以色列神的榮耀。|zh
375|10|19|19|And the winged ones, lifting up their wings, went up from the earth before my eyes, with the wheels by their side: and they came to rest at the east doorway of the Lord's house; and the glory of the God of Israel was over them on high.|en
376|10|20|20|這是我在迦巴魯河邊所見、以色列神榮耀以下的活物，我就知道他們是基路伯。|zh
377|10|20|20|This is the living being which I saw under the God of Israel by the river Chebar; and it was clear to me that they were the winged ones.|en
378|10|21|21|各有四個臉面，四個翅膀，翅膀以下有人手的樣式。|zh
379|10|21|21|Every one had four faces and every one had four wings; and hands like a man's hands were under their wings.|en
380|10|22|22|至於他們臉的模樣，並身體的形像，是我從前在迦巴魯河邊所看見的。他們俱各直往前行。|zh
381|10|22|22|As for the form of their faces, they were the faces whose form I saw by the river Chebar; when they went, every one of them went straight forward.|en
382|11|1|1|靈將我舉起，帶到耶和華殿向東的東門。誰知，在門口有二十五個人，我見其中有民間的首領押朔的兒子雅撒尼亞和比拿雅的兒子毗拉提。|zh
383|11|1|1|And the wind, lifting me up, took me to the east doorway of the Lord's house, looking to the east: and at the door I saw twenty-five men; and among them I saw Jaazaniah, the son of Azzur, and Pelatiah, the son of Benaiah, rulers of the people.|en
384|11|2|2|耶和華對我說：人子啊，這就是圖謀罪孽的人，在這城中給人設惡謀。|zh
385|11|2|2|Then he said to me, Son of man, these are the men who are designing evil, who are teaching evil ways in this town:|en
386|11|3|3|他們說：蓋房屋的時候尚未臨近；這城是鍋，我們是肉。|zh
387|11|3|3|Who say, This is not the time for building houses: this town is the cooking-pot and we are the flesh.|en
388|11|4|4|人子啊，因此你當說預言，說預言攻擊他們。|zh
389|11|4|4|For this cause be a prophet against them, be a prophet, O son of man.|en
390|11|5|5|耶和華的靈降在我身上，對我說：你當說，耶和華如此說：以色列家啊，你們口中所說的，心裡所想的，我都知道。|zh
391|11|5|5|And the spirit of the Lord came on me, and he said to me, Say, These are the words of the Lord: This is what you have said, O children of Israel; what comes into your mind is clear to me.|en
392|11|6|6|你們在這城中殺人增多，使被殺的人充滿街道。|zh
393|11|6|6|You have made great the number of your dead in this town, you have made its streets full of dead men.|en
394|11|7|7|所以主耶和華如此說：你們殺在城中的人就是肉，這城就是鍋；你們卻要從其中被帶出去。|zh
395|11|7|7|For this reason the Lord has said: Your dead whom you have put down in its streets, they are the flesh, and this town is the cooking-pot: but I will make you come out from inside it.|en
396|11|8|8|你們怕刀劍，我必使刀劍臨到你們。這是主耶和華說的。|zh
397|11|8|8|You have been fearing the sword, and I will send the sword on you, says the Lord.|en
398|11|9|9|我必從這城中帶出你們去，交在外邦人的手中，且要在你們中間施行審判。|zh
399|11|9|9|I will make you come out from inside the town and will give you up into the hands of men from other lands, and will be judge among you.|en
400|11|10|10|你們必倒在刀下；我必在以色列的境界審判你們，你們就知道我是耶和華。|zh
401|11|10|10|You will come to your death by the sword; and I will be your judge in the land of Israel; and you will be certain that I am the Lord.|en
402|11|11|11|這城必不作你們的鍋，你們也不作其中的肉。我必在以色列的境界審判你們，|zh
403|11|11|11|This town will not be your cooking-pot, and you will not be the flesh inside it; I will be your judge at the limit of the land of Israel;|en
404|11|12|12|你們就知道我是耶和華；因為你們沒有遵行我的律例，也沒有順從我的典章，卻隨從你們四圍列國的惡規。|zh
405|11|12|12|And you will be certain that I am the Lord: for you have not been guided by my rules or given effect to my orders, but you have been living by the orders of the nations round about you.|en
406|11|13|13|我正說預言的時候，比拿雅的兒子毗拉提死了。於是我俯伏在地，大聲呼叫說：哎！主耶和華啊，你要將以色列剩下的人滅絕淨盡麼？|zh
407|11|13|13|Now while I was saying these things, death came to Pelatiah, the son of Benaiah. Then falling down on my face and crying out with a loud voice, I said, Ah, Lord! will you put an end to all the rest of Israel?|en
408|11|14|14|耶和華的話臨到我說：|zh
409|11|14|14|And the word of the Lord came to me, saying,|en
410|11|15|15|人子啊，耶路撒冷的居民對你的弟兄、你的本族、你的親屬、以色列全家，就是對大眾說：你們遠離耶和華罷！這地是賜給我們為業的。|zh
411|11|15|15|Son of man, your countrymen, your relations, and all the children of Israel, all of them, are those to whom the people of Jerusalem have said, Go far from the Lord; this land is given to us for a heritage:|en
412|11|16|16|所以你當說：耶和華如此說：我雖將以色列全家遠遠遷移到列國中，將他們分散在列邦內，我還要在他們所到的列邦，暫作他們的聖所。|zh
413|11|16|16|For this reason say, This is what the Lord has said: Though I have had them moved far off among the nations, and though I have sent them wandering among the countries, still I have been a safe place for them for a little time in the countries where they have come.|en
414|11|17|17|你當說：主耶和華如此說：我必從萬民中招聚你們，從分散的列國內聚集你們，又要將以色列地賜給你們。|zh
415|11|17|17|Then say, This is what the Lord has said: I will get you together from the peoples, and make you come out of the countries where you have been sent in flight, and I will give you the land of Israel.|en
416|11|18|18|他們必到那裡，也必從其中除掉一切可憎可厭的物。|zh
417|11|18|18|And they will come there, and take away all the hated and disgusting things from it.|en
418|11|19|19|我要使他們有合一的心，也要將新靈放在他們裡面，又從他們肉體中除掉石心，賜給他們肉心，|zh
419|11|19|19|And I will give them a new heart, and I will put a new spirit in them; and I will take the heart of stone out of their flesh and give them a heart of flesh:|en
420|11|20|20|使他們順從我的律例，謹守遵行我的典章。他們要作我的子民，我要作他們的神。|zh
421|11|20|20|So that they may be guided by my rules and keep my orders and do them: and they will be to me a people, and I will be to them a God.|en
422|11|21|21|至於那些心中隨從可憎可厭之物的，我必照他們所行的報應在他們頭上。這是主耶和華說的。|zh
423|11|21|21|But as for those whose heart goes after their hated and disgusting things, I will send on their heads the punishment of their ways, says the Lord.|en
424|11|22|22|於是，基路伯展開翅膀，輪子都在他們旁邊；在他們以上有以色列神的榮耀。|zh
425|11|22|22|Then the wings of the winged ones were lifted up, and the wheels were by their side; and the glory of the God of Israel was over them on high.|en
426|11|23|23|耶和華的榮耀從城中上升，停在城東的那座山上。|zh
427|11|23|23|And the glory of the Lord went up from inside the town, and came to rest on the mountain on the east side of the town.|en
428|11|24|24|靈將我舉起，在異象中藉著神的靈將我帶進迦勒底地，到被擄的人那裡；我所見的異象就離我上升去了。|zh
429|11|24|24|And the wind, lifting me up, took me in the visions of God into Chaldaea, to those who had been taken away as prisoners. So the vision which I had seen went away from me.|en
430|11|25|25|我便將耶和華所指示我的一切事都說給被擄的人聽。|zh
431|11|25|25|Then I gave an account to those who had been taken prisoners of all the things which the Lord had made me see.|en
432|12|1|1|耶和華的話又臨到我說：|zh
433|12|1|1|And the word of the Lord came to me, saying,|en
434|12|2|2|人子啊，你住在悖逆的家中。他們有眼睛看不見，有耳朵聽不見，因為他們是悖逆之家。|zh
435|12|2|2|Son of man, you are living among an uncontrolled people, who have eyes to see but see not, and ears for hearing but they do not give ear; for they are an uncontrolled people.|en
436|12|3|3|所以人子啊，你要預備擄去使用的物件，在白日當他們眼前從你所住的地方移到別處去；他們雖是悖逆之家，或者可以揣摩思想。|zh
437|12|3|3|And you, O son of man, by day, before their eyes, get ready the vessels of one who is taken away, and go away from your place to another place before their eyes: it may be that they will see, though they are an uncontrolled people.|en
438|12|4|4|你要在白日當他們眼前帶出你的物件去，好像預備擄去使用的物件。到了晚上，你要在他們眼前親自出去，像被擄的人出去一樣。|zh
439|12|4|4|By day, before their eyes, take out your vessels like those of one who is taken away: and go out in the evening before their eyes, like those who are taken away as prisoners.|en
440|12|5|5|你要在他們眼前挖通了牆，從其中將物件帶出去。|zh
441|12|5|5|Make a hole in the wall, before their eyes, and go out through it.|en
442|12|6|6|到天黑時，你要當他們眼前搭在肩頭上帶出去，並要蒙住臉看不見地，因為我立你作以色列家的預兆。|zh
443|12|6|6|And before their eyes, take your goods on your back and go out in the dark; go with your face covered: for I have made you a sign to the children of Israel.|en
444|12|7|7|我就照著所吩咐的去行，白日帶出我的物件，好像預備擄去使用的物件。到了晚上，我用手挖通了牆。天黑的時候，就當他們眼前搭在肩頭上帶出去。|zh
445|12|7|7|And I did as I was ordered: I took out my vessels by day, like those of one who is taken away, and in the evening I made a hole through the wall with a tent-pin; and in the dark I went out, taking my things on my back before their eyes.|en
446|12|8|8|次日早晨，耶和華的話臨到我說：|zh
447|12|8|8|And in the morning the word of the Lord came to me, saying,|en
448|12|9|9|人子啊，以色列家，就是那悖逆之家，豈不是問你說：你做什麼呢？|zh
449|12|9|9|Son of man, has not Israel, the uncontrolled people, said to you, What are you doing?|en
450|12|10|10|你要對他們說：主耶和華如此說：這是關乎耶路撒冷的君王和他周圍以色列全家的預表（原文是擔子）。|zh
451|12|10|10|You are to say to them, This is what the Lord has said: This word has to do with the ruler in Jerusalem and all the children of Israel in it.|en
452|12|11|11|你要說：我作你們的預兆：我怎樣行，他們所遭遇的也必怎樣，他們必被擄去。|zh
453|12|11|11|Say, I am your sign: as I have done, so will it be done to them: they will go away as prisoners.|en
454|12|12|12|他們中間的君王也必在天黑的時候將物件搭在肩頭上帶出去。他們要挖通了牆，從其中帶出去。他必蒙住臉，眼看不見地。|zh
455|12|12|12|And the ruler who is among them will take his goods on his back in the dark and go out: he will make a hole in the wall through which to go out: he will have his face covered so that he may not be seen.|en
456|12|13|13|我必將我的網撒在他身上，他必在我的網羅中纏住。我必帶他到迦勒底人之地的巴比倫；他雖死在那裡，卻看不見那地。|zh
457|12|13|13|And my net will be stretched out on him, and he will be taken in my cords: and I will take him to Babylon to the land of the Chaldaeans; but he will not see it, and there death will come to him.|en
458|12|14|14|周圍一切幫助他的和他所有的軍隊，我必分散四方（方：原文是風），也要拔刀追趕他們。|zh
459|12|14|14|And all his helpers round about him and all his armies I will send in flight to every wind; and I will let loose a sword after them.|en
460|12|15|15|我將他們四散在列國、分散在列邦的時候，他們就知道我是耶和華。|zh
461|12|15|15|And they will be certain that I am the Lord, when I send them in flight among the nations, driving them out through the countries.|en
462|12|16|16|我卻要留下他們幾個人得免刀劍、饑荒、瘟疫，使他們在所到的各國中述說他們一切可憎的事，人就知道我是耶和華。|zh
463|12|16|16|But a small number of them I will keep from the sword, from the need of food, and from disease, so that they may make clear all their disgusting ways among the nations where they come; and they will be certain that I am the Lord.|en
464|12|17|17|耶和華的話又臨到我說：|zh
465|12|17|17|Then the word of the Lord came to me, saying,|en
466|12|18|18|人子啊，你吃飯必膽戰，喝水必惶惶憂慮。|zh
467|12|18|18|Son of man, take your food with shaking fear, and your water with trouble and care;|en
468|12|19|19|你要對這地的百姓說：主耶和華論耶路撒冷和以色列地的居民如此說，他們吃飯必憂慮，喝水必驚惶。因其中居住的眾人所行強暴的事，這地必然荒廢，一無所存。|zh
469|12|19|19|And say to the people of the land, This is what the Lord has said about the people of Jerusalem and the land of Israel: They will take their food with care and their drink with wonder, so that all the wealth of their land may be taken from it because of the violent ways of the people living in it.|en
470|12|20|20|有居民的城邑必變為荒場，地也必變為荒廢；你們就知道我是耶和華。|zh
471|12|20|20|And the peopled towns will be made waste, and the land will become a wonder; and you will be certain that I am the Lord.|en
472|12|21|21|耶和華的話臨到我說：|zh
473|12|21|21|And the word of the Lord came to me, saying,|en
474|12|22|22|人子啊，在你們以色列地怎麼有這俗語，說日子遲延，一切異象都落了空呢？|zh
475|12|22|22|Son of man, what is this saying which you have about the land of Israel, The time is long and every vision comes to nothing?|en
476|12|23|23|你要告訴他們說：主耶和華如此說：我必使這俗語止息，以色列中不再用這俗語。你卻要對他們說：日子臨近，一切的異象必都應驗。|zh
477|12|23|23|For this cause say to them, This is what the Lord has said: I have made this saying come to an end, and it will no longer be used as a common saying in Israel; but say to them, The days are near, and the effect of every vision.|en
478|12|24|24|從此，在以色列家中必不再有虛假的異象和奉承的占卜。|zh
479|12|24|24|For there will be no more false visions or smooth use of secret arts in Israel.|en
480|12|25|25|我─耶和華說話，所說的必定成就，不再耽延。你們這悖逆之家，我所說的話必趁你們在世的日子成就。這是主耶和華說的。|zh
481|12|25|25|For I am the Lord; I will say the word and what I say I will do; it will not be put off: for in your days, O uncontrolled people, I will say the word and do it, says the Lord.|en
482|12|26|26|耶和華的話又臨到我說：|zh
483|12|26|26|Again the word of the Lord came to me, saying,|en
484|12|27|27|人子啊，以色列家的人說：他所見的異象是關乎後來許多的日子，所說的預言是指著極遠的時候。|zh
485|12|27|27|Son of man, see, the children of Israel say, The vision which he sees is for the days which are a long way off, and his words are of times still far away.|en
486|12|28|28|所以你要對他們說：主耶和華如此說：我的話沒有一句再耽延的，我所說的必定成就。這是主耶和華說的。|zh
487|12|28|28|Say to them then, This is what the Lord has said: Not one of my words will be put off any longer, but what I say I will do, says the Lord.|en
488|13|1|1|耶和華的話臨到我說：|zh
489|13|1|1|And the word of the Lord came to me, saying,|en
490|13|2|2|人子啊，你要說預言攻擊以色列中說預言的先知，對那些本己心發預言的說：你們當聽耶和華的話。|zh
491|13|2|2|Son of man, be a prophet against the prophets of Israel, and say to those prophets whose words are the invention of their hearts, Give ear to the word of the Lord;|en
492|13|3|3|主耶和華如此說：愚頑的先知有禍了，他們隨從自己的心意，卻一無所見。|zh
493|13|3|3|This is what the Lord has said: A curse on the foolish prophets who go after the spirit which is in them and have seen nothing!|en
494|13|4|4|以色列啊，你的先知好像荒場中的狐狸，|zh
495|13|4|4|O Israel, your prophets have been like jackals in the waste places.|en
496|13|5|5|沒有上去堵擋破口，也沒有為以色列家重修牆垣，使他們當耶和華的日子在陣上站立得住。|zh
497|13|5|5|You have not gone up into the broken places or made up the wall for the children of Israel to take your place in the fight in the day of the Lord.|en
498|13|6|6|這些人所見的是虛假，是謊詐的占卜。他們說是耶和華說的，其實耶和華並沒有差遣他們，他們倒使人指望那話必然立定。|zh
499|13|6|6|They have seen visions without substance and made use of secret arts, who say, The Lord has said; and the Lord has not sent them: hoping that the word would have effect.|en
500|13|7|7|你們豈不是見了虛假的異象麼？豈不是說了謊詐的占卜麼？你們說，這是耶和華說的，其實我沒有說。|zh
501|13|7|7|Have you not seen a vision without substance and have you not falsely made use of secret arts, when you say, The Lord has said; though I have said nothing?|en
502|13|8|8|所以主耶和華如此說：因你們說的是虛假，見的是謊詐，我就與你們反對。這是主耶和華說的。|zh
503|13|8|8|So this is what the Lord has said: Because your words are without substance and your visions are false, see, I am against you, says the Lord.|en
504|13|9|9|我的手必攻擊那見虛假異象、用謊詐占卜的先知，他們必不列在我百姓的會中，不錄在以色列家的冊上，也不進入以色列地；你們就知道我是主耶和華。|zh
505|13|9|9|And my hand will be against the prophets who see visions without substance and who make false use of secret arts: they will not be in the secret of my people, and they will not be recorded in the list of the children of Israel, and they will not come into the land of Israel; and it will be clear to you that I am the Lord.|en
506|13|10|10|因為他們誘惑我的百姓，說：平安！其實沒有平安，就像有人立起牆壁，他們倒用未泡透的灰抹上。|zh
507|13|10|10|Because, even because they have been guiding my people into error, saying, Peace; when there is no peace; and in the building of a division wall they put whitewash on it:|en
508|13|11|11|所以你要對那些抹上未泡透灰的人說：牆要倒塌，必有暴雨漫過。大冰雹啊，你們要降下，狂風也要吹裂這牆。|zh
509|13|11|11|Say to those who put whitewash on it, There will be an overflowing shower; and you, O ice-drops, will come raining down; and it will be broken in two by the storm-wind.|en
510|13|12|12|這牆倒塌之後，人豈不問你們說：你們抹上未泡透的灰在哪裡呢？|zh
511|13|12|12|And when the wall has come down, will they not say to you, Where is the whitewash which you put on it?|en
512|13|13|13|所以主耶和華如此說：我要發怒，使狂風吹裂這牆，在怒中使暴雨漫過，又發怒降下大冰雹，毀滅這牆。|zh
513|13|13|13|For this reason, the Lord has said: I will have it broken in two by a storm-wind in my passion; and there will be an overflowing shower in my wrath, and you, O ice-drops, will come raining angrily down.|en
514|13|14|14|我要這樣拆毀你們那未泡透灰所抹的牆，拆平到地，以致根基露出，牆必倒塌，你們也必在其中滅亡；你們就知道我是耶和華。|zh
515|13|14|14|So I will let the wall, which you were covering with whitewash, be broken down; I will have it levelled to the earth so that its base is uncovered: it will come down, and destruction will come on you with it; and it will be clear to you that I am the Lord.|en
516|13|15|15|我要這樣向牆和用未泡透灰抹牆的人成就我怒中所定的，並要對你們說：牆和抹牆的人都沒有了。|zh
517|13|15|15|So I will let loose my passion on the wall in full measure, and on those who put whitewash on it; and I will say to you, Where is the wall, and where are those who put whitewash on it?|en
518|13|16|16|這抹牆的就是以色列的先知，他們指著耶路撒冷說預言，為這城見了平安的異象，其實沒有平安。這是主耶和華說的。|zh
519|13|16|16|Even the prophets of Israel who say words to Jerusalem, who see visions of peace for her when there is no peace, says the Lord.|en
520|13|17|17|人子啊，你要面向本民中、從己心發預言的女子說預言，攻擊他們，|zh
521|13|17|17|And you, son of man, let your face be turned against the daughters of your people, who are acting the part of prophets at their pleasure; be a prophet against them, and say,|en
522|13|18|18|說主耶和華如此說：這些婦女有禍了！他們為眾人的膀臂縫靠枕，給高矮之人做下垂的頭巾，為要獵取人的性命。難道你們要獵取我百姓的性命，為利己將人救活麼？|zh
523|13|18|18|This is what the Lord has said: A curse is on the women who are stitching bands on all arms and putting veils on the heads of those of every size, so that they may go after souls! Will you go after the souls of my people and keep yourselves safe from death?|en
524|13|19|19|你們為兩把大麥，為幾塊餅，在我民中褻瀆我，對肯聽謊言的民說謊，殺死不該死的人，救活不該活的人。|zh
525|13|19|19|And you have put me to shame among my people for a little barley and some bits of bread, sending death on souls for whom there is no cause of death, and keeping those souls living who have no right to life, by the false words you say to my people who give ear to what is false.|en
526|13|20|20|所以主耶和華如此說：看哪，我與你們的靠枕反對，就是你們用以獵取人、使人的性命如鳥飛的。我要將靠枕從你們的膀臂上扯去，釋放你們獵取如鳥飛的人。|zh
527|13|20|20|For this cause the Lord has said: See, I am against your bands with which you go after souls, and I will violently take them off their arms; and I will let loose the souls, even the souls whom you go after freely.|en
528|13|21|21|我也必撕裂你們下垂的頭巾，救我百姓脫離你們的手，不再被獵取，落在你們手中。你們就知道我是耶和華。|zh
529|13|21|21|And I will have your veils violently parted in two, and will make my people free from your hands, and they will no longer be in your power for you to go after them; and you will be certain that I am the Lord.|en
530|13|22|22|我不使義人傷心，你們卻以謊話使他傷心，又堅固惡人的手，使他不回頭離開惡道得以救活。|zh
531|13|22|22|Because with your false words you have given pain to the heart of the upright man when I had not made him sad; in order to make strong the hands of the evil-doer so that he may not be turned from his evil way and get life:|en
532|13|23|23|你們就不再見虛假的異象，也不再行占卜的事；我必救我的百姓脫離你們的手；你們就知道我是耶和華。|zh
533|13|23|23|For this cause you will see no more foolish visions or make false use of secret arts: and I will make my people free from your power; and you will be certain that I am the Lord.|en
534|14|1|1|有幾個以色列長老到我這裡來，坐在我面前。|zh
535|14|1|1|Then certain of the responsible men of Israel came to me and took their seats before me.|en
536|14|2|2|耶和華的話就臨到我說：|zh
537|14|2|2|And the word of the Lord came to me, saying,|en
538|14|3|3|人子啊，這些人已將他們的假神接到心裡，把陷於罪的絆腳石放在面前，我豈能絲毫被他們求問麼？|zh
539|14|3|3|Son of man, these men have taken their false gods into their hearts and put before their faces the sin which is the cause of their fall: am I to give ear when they come to me for directions?|en
540|14|4|4|所以你要告訴他們：主耶和華如此說：以色列家的人中，凡將他的假神接到心裡，把陷於罪的絆腳石放在面前，又就了先知來的，我─耶和華在他所求的事上，必按他眾多的假神回答他（或譯：必按他拜許多假神的罪報應他），|zh
541|14|4|4|For this cause say to them, These are the words of the Lord: Every man of Israel who has taken his false god into his heart, and put before his face the sin which is the cause of his fall, and comes to the prophet; I the Lord will give him an answer by myself in agreement with the number of his false gods;|en
542|14|5|5|好在以色列家的心事上捉住他們，因為他們都藉著假神與我生疏。|zh
543|14|5|5|So as to take the children of Israel in the thoughts of their hearts, because they have become strange to me through their false gods.|en
544|14|6|6|所以你要告訴以色列家說：主耶和華如此說：回頭罷！離開你們的偶像，轉臉莫從你們一切可憎的事。|zh
545|14|6|6|For this cause say to the children of Israel, These are the words of the Lord: Come back and give up your false gods and let your faces be turned from your disgusting things.|en
546|14|7|7|因為以色列家的人，或在以色列中寄居的外人，凡與我隔絕，將他的假神接到心裡，把陷於罪的絆腳石放在面前，又就了先知來要為自己的事求問我的，我─耶和華必親自回答他。|zh
547|14|7|7|When any one of the men of Israel, or of those from other lands who are living in Israel, who has become strange to me, and takes his false gods into his heart, and puts before his face the sin which is the cause of his fall, comes to the prophet to get directions from me; I the Lord will give him an answer by myself:|en
548|14|8|8|我必向那人變臉，使他作了警戒，笑談，令人驚駭，並且我要將他從我民中剪除；你們就知道我是耶和華。|zh
549|14|8|8|And my face will be turned against that man, and I will make him a sign and a common saying, cutting him off from among my people; and you will be certain that I am the Lord.|en
550|14|9|9|先知若被迷惑說一句預言，是我─耶和華任那先知受迷惑，我也必向他伸手，將他從我民以色列中除滅。|zh
551|14|9|9|And if the prophet, tricked by deceit, says anything, it is I the Lord by whom he has been tricked, and I will put out my hand against him, and he will be cut off from among my people Israel.|en
552|14|10|10|他們必擔當自己的罪孽。先知的罪孽和求問之人的罪孽都是一樣，|zh
553|14|10|10|And the punishment of their sin will be on them: the sin of the prophet will be the same as the sin of him who goes to him for directions;|en
554|14|11|11|好使以色列家不再走迷離開我，不再因各樣的罪過玷污自己，只要作我的子民，我作他們的神。這是主耶和華說的。|zh
555|14|11|11|So that the children of Israel may no longer go wandering away from me, or make themselves unclean with all their wrongdoing; but they will be my people, and I will be their God, says the Lord.|en
556|14|12|12|耶和華的話臨到我說：|zh
557|14|12|12|And the word of the Lord came to me, saying,|en
558|14|13|13|人子啊，若有一國犯罪干犯我，我也向他伸手折斷他們的杖，就是斷絕他們的糧，使饑荒臨到那地，將人與牲畜從其中剪除；|zh
559|14|13|13|Son of man, when a land, sinning against me, does wrong, and my hand is stretched out against it, and the support of its bread is broken, and I make it short of food, cutting off man and beast from it:|en
560|14|14|14|其中雖有挪亞、但以理、約伯這三人，他們只能因他們的義救自己的性命。這是主耶和華說的。|zh
561|14|14|14|Even if these three men, Noah, Daniel, and Job, were in it, only themselves would they keep safe by their righteousness, says the Lord.|en
562|14|15|15|我若使惡獸經過糟踐那地，使地荒涼，以致因這些獸，人都不得經過；|zh
563|14|15|15|Or if I send evil beasts through the land causing destruction and making it waste, so that no man may go through because of the beasts:|en
564|14|16|16|雖有這三人在其中，主耶和華說：我指著我的永生起誓，他們連兒帶女都不能得救，只能自己得救，那地仍然荒涼。|zh
565|14|16|16|Even if these three men were in it, by my life, says the Lord, they would not keep safe their sons or daughters, but only themselves, and the land would be made waste.|en
566|14|17|17|或者我使刀劍臨到那地，說：刀劍哪，要經過那地，以致我將人與牲畜從其中剪除；|zh
567|14|17|17|Or if I send a sword against that land, and say, Sword, go through the land, cutting off from it man and beast:|en
568|14|18|18|雖有這三人在其中，主耶和華說：我指著我的永生起誓，他們連兒帶女都不能得救，只能自己得救。|zh
569|14|18|18|Even if these three men were in it, by my life, says the Lord, they would not keep safe their sons or daughters, but only themselves.|en
570|14|19|19|或者我叫瘟疫流行那地，使我滅命（原文是帶血）的忿怒傾在其上，好將人與牲畜從其中剪除；|zh
571|14|19|19|Or if I send disease into that land, letting loose my wrath on it in blood, cutting off from it man and beast:|en
572|14|20|20|雖有挪亞、但以理、約伯在其中，主耶和華說：我指著我的永生起誓，他們連兒帶女都不能救，只能因他們的義救自己的性命。|zh
573|14|20|20|Even if Noah, Daniel, and Job were in it, by my life, says the Lord, they would not keep son or daughter safe; only themselves would they keep safe through their righteousness.|en
574|14|21|21|主耶和華如此說：我將這四樣大災─就是刀劍、饑荒、惡獸、瘟疫降在耶路撒冷，將人與牲畜從其中剪除，豈不更重麼？|zh
575|14|21|21|For this is what the Lord has said: How much more when I send my four bitter punishments on Jerusalem, the sword and need of food and evil beasts and disease, cutting off from it man and beast?|en
576|14|22|22|然而其中必有剩下的人，他們連兒帶女必帶到你們這裡來，你們看見他們所行所為的，要因我降給耶路撒冷的一切災禍，便得了安慰。|zh
577|14|22|22|But truly, there will still be a small band who will be safe, even sons and daughters: and they will come out to you, and you will see their ways and their doings: and you will be comforted about the evil which I have sent on Jerusalem, even about everything I have sent on it.|en
578|14|23|23|你們看見他們所行所為的，得了安慰，就知道我在耶路撒冷中所行的並非無故。這是主耶和華說的。|zh
579|14|23|23|They will give you comfort when you see their ways and their doings: and you will be certain that not for nothing have I done all the things I have done in it, says the Lord.|en
580|15|1|1|耶和華的話臨到我說：|zh
581|15|1|1|And the word of the Lord came to me, saying,|en
582|15|2|2|人子啊，葡萄樹比別樣樹有甚麼強處？葡萄枝比眾樹枝有甚麼好處？|zh
583|15|2|2|Son of man, what is the vine-tree more than any branching tree which is among the trees of the woods?|en
584|15|3|3|其上可以取木料做甚麼工用，可以取來做釘子掛甚麼器皿麼？|zh
585|15|3|3|Will its wood be used for any work? do men make of it a pin for hanging any vessel on?|en
586|15|4|4|看哪，已經拋在火中當作柴燒，火既燒了兩頭，中間也被燒了，還有益於工用麼？|zh
587|15|4|4|See, it is put into the fire for burning: the fire has made a meal of its two ends and the middle part of it is burned; is it good for any work?|en
588|15|5|5|完全的時候尚且不合乎甚麼工用，何況被火燒壞，還能合乎甚麼工用麼？|zh
589|15|5|5|Truly, before it was cut down, it was not used for any purpose: how much less, when the fire has made a meal of it and it is burned, will it be made into anything?|en
590|15|6|6|所以，主耶和華如此說：眾樹以內的葡萄樹，我怎樣使他在火中當柴，也必照樣待耶路撒冷的居民。|zh
591|15|6|6|For this cause the Lord has said: Like the vine-tree among the trees of the woods which I have given to the fire for burning, so will I give the people of Jerusalem.|en
592|15|7|7|我必向他們變臉；他們雖從火中出來，火卻要燒滅他們。我向他們變臉的時候，你們就知道我是耶和華。|zh
593|15|7|7|And my face will be turned against them; and though they have come out of the fire they will be burned up by it; and it will be clear to you that I am the Lord when my face is turned against them.|en
594|15|8|8|我必使地土荒涼，因為他們行事干犯我。這是主耶和華說的。|zh
595|15|8|8|And I will make the land a waste because they have done evil, says the Lord.|en
596|16|1|1|耶和華的話又臨到我說：|zh
597|16|1|1|And the word of the Lord came to me, saying,|en
598|16|2|2|人子啊，你要使耶路撒冷知道他那些可憎的事，|zh
599|16|2|2|Son of man, make clear to Jerusalem her disgusting ways,|en
600|16|3|3|說主耶和華對耶路撒冷如此說：你根本，你出世，是在迦南地；你父親是亞摩利人，你母親是赫人。|zh
601|16|3|3|And say, This is what the Lord has said to Jerusalem: Your start and your birth was from the land of the Canaanite; an Amorite was your father and your mother was a Hittite.|en
602|16|4|4|論到你出世的景況，在你初生的日子沒有為你斷臍帶，也沒有用水洗你，使你潔淨，絲毫沒有撒鹽在你身上，也沒有用布裹你。|zh
603|16|4|4|As for your birth, on the day of your birth your cord was not cut and you were not washed in water to make you clean; you were not salted or folded in linen bands.|en
604|16|5|5|誰的眼也不可憐你，為你做一件這樣的事憐恤你；但你初生的日子扔在田野，是因你被厭惡。|zh
605|16|5|5|No eye had pity on you to do any of these things to you or to be kind to you; but you were put out into the open country, because your life was hated at the time of your birth.|en
606|16|6|6|我從你旁邊經過，見你滾在血中，就對你說：你雖在血中，仍可存活；你雖在血中，仍可存活。|zh
607|16|6|6|And when I went past you and saw you stretched out in your blood, I said to you, Though you are stretched out in your blood, have life;|en
608|16|7|7|我使你生長好像田間所長的，你就漸漸長大，以致極其俊美，兩乳成形，頭髮長成，你卻仍然赤身露體。|zh
609|16|7|7|And be increased in number like the buds of the field; and you were increased and became great, and you came to the time of love: your breasts were formed and your hair was long; but you were uncovered and without clothing.|en
610|16|8|8|我從你旁邊經過，看見你的時候正動愛情，便用衣襟搭在你身上，遮蓋你的赤體；又向你起誓，與你結盟，你就歸於我。這是主耶和華說的。|zh
611|16|8|8|Now when I went past you, looking at you, I saw that your time was the time of love; and I put my skirts over you, covering your unclothed body: and I gave you my oath and made an agreement with you, says the Lord, and you became mine.|en
612|16|9|9|那時我用水洗你，洗淨你身上的血，又用油抹你。|zh
613|16|9|9|Then I had you washed with water, washing away all your blood and rubbing you with oil.|en
614|16|10|10|我也使你身穿繡花衣服，腳穿海狗皮鞋，並用細麻布給你束腰，用絲綢為衣披在你身上，|zh
615|16|10|10|And I had you clothed with needlework, and put leather shoes on your feet, folding fair linen about you and covering you with silk.|en
616|16|11|11|又用妝飾打扮你，將鐲子戴在你手上，將金鍊戴在你項上。|zh
617|16|11|11|And I made you fair with ornaments and put jewels on your hands and a chain on your neck.|en
618|16|12|12|我也將環子戴在你鼻子上，將耳環戴在你耳朵上，將華冠戴在你頭上。|zh
619|16|12|12|And I put a ring in your nose and ear-rings in your ears and a beautiful crown on your head.|en
620|16|13|13|這樣，你就有金銀的妝飾，穿的是細麻衣和絲綢，並繡花衣；吃的是細麵、蜂蜜，並油。你也極其美貌，發達到王后的尊榮。|zh
621|16|13|13|So you were made beautiful with gold and silver; and your clothing was of the best linen and silk and needlework; your food was the best meal and honey and oil: and you were very beautiful.|en
622|16|14|14|你美貌的名聲傳在列邦中，你十分美貌，是因我加在你身上的威榮。這是主耶和華說的。|zh
623|16|14|14|You were so beautiful that the story of you went out into all nations; you were completely beautiful because of my glory which I had put on you, says the Lord.|en
624|16|15|15|只是你仗著自己的美貌，又因你的名聲就行邪淫。你縱情淫亂，使過路的任意而行。|zh
625|16|15|15|But you put your faith in the fact that you were beautiful, acting like a loose woman because you were widely talked of, and offering your cheap love to everyone who went by, whoever it might be.|en
626|16|16|16|你用衣服為自己在高處結彩，在其上行邪淫。這樣的事將來必沒有，也必不再行了。|zh
627|16|16|16|And you took your robes and made high places for yourself ornamented with every colour, acting like a loose woman on them, without shame or fear.|en
628|16|17|17|你又將我所給你那華美的金銀、寶器為自己製造人像，與他行邪淫；|zh
629|16|17|17|And you took the fair jewels, my silver and gold which I had given to you, and made for yourself male images, acting like a loose woman with them;|en
630|16|18|18|又用你的繡花衣服給他披上，並將我的膏油和香料擺在他跟前；|zh
631|16|18|18|And you took your robes of needlework for their clothing, and put my oil and my perfume before them.|en
632|16|19|19|又將我賜給你的食物，就是我賜給你吃的細麵、油，和蜂蜜，都擺在他跟前為馨香的供物。這是主耶和華說的。|zh
633|16|19|19|And my bread which I gave you, the best meal and oil and honey which I gave you for your food, you put it before them for a sweet smell, says the Lord.|en
634|16|20|20|並且你將給我所生的兒女焚獻給他。|zh
635|16|20|20|And you took your sons and your daughters whom I had by you, offering even these to them to be their food. Was your loose behaviour so small a thing,|en
636|16|21|21|你行淫亂豈是小事，竟將我的兒女殺了，使他們經火歸與他麼？|zh
637|16|21|21|That you put my children to death and gave them up to go through the fire to them?|en
638|16|22|22|你行這一切可憎和淫亂的事，並未追念你幼年赤身露體滾在血中的日子。|zh
639|16|22|22|And in all your disgusting and false behaviour you had no memory of your early days, when you were uncovered and without clothing, stretched out in your blood.|en
640|16|23|23|你行這一切惡事之後（主耶和華說：你有禍了！有禍了！）|zh
641|16|23|23|And it came about, after all your evil-doing, says the Lord,|en
642|16|24|24|又為自己建造圓頂花樓，在各街上做了高臺。|zh
643|16|24|24|That you made for yourself an arched room in every open place.|en
644|16|25|25|你在一切市口上建造高臺，使你的美貌變為可憎的，又與一切過路的多行淫亂。|zh
645|16|25|25|You put up your high places at the top of every street, and made the grace of your form a disgusting thing, opening your feet to everyone who went by, increasing your loose ways.|en
646|16|26|26|你也和你鄰邦放縱情慾的埃及人行淫，加增你的淫亂，惹我發怒。|zh
647|16|26|26|And you went with the Egyptians, your neighbours, great of flesh; increasing your loose ways, moving me to wrath.|en
648|16|27|27|因此我伸手攻擊你，減少你應用的糧食，又將你交給恨你的非利士眾女（眾女是城邑的意思；本章下同），使他們任意待你。他們見你的淫行，為你羞恥。|zh
649|16|27|27|Now, then, my hand is stretched out against you, cutting down your fixed amount, and I have given you up to the desire of your haters, the daughters of the Philistines who are shamed by your loose ways.|en
650|16|28|28|你因貪色無厭，又與亞述人行淫，與他們行淫之後，仍不滿意，|zh
651|16|28|28|And you went with the Assyrians, because of your desire which was without measure; you were acting like a loose woman with them, and still you had not enough.|en
652|16|29|29|並且多行淫亂，直到那貿易之地，就是迦勒底，你仍不滿意。|zh
653|16|29|29|And you went on in your loose ways, even as far as the land of Chaldaea, and still you had not enough.|en
654|16|30|30|主耶和華說：你行這一切事，都是不知羞恥妓女所行的，可見你的心是何等懦弱！|zh
655|16|30|30|How feeble is your heart, says the Lord, seeing that you do all these things, the work of a loose and overruling woman;|en
656|16|31|31|因你在一切市口上建造圓頂花樓，在各街上做了高臺，你卻藐視賞賜，不像妓女。|zh
657|16|31|31|For you have made your arched room at the top of every street, and your high place in every open place; though you were not like a loose woman in getting together your payment.|en
658|16|32|32|哎！你這行淫的妻啊，寧肯接外人，不接丈夫。|zh
659|16|32|32|The untrue wife who takes strange lovers in place of her husband!|en
660|16|33|33|凡妓女是得人贈送，你反倒贈送你所愛的人，賄賂他們從四圍來與你行淫。|zh
661|16|33|33|They give payment to all loose women: but you give rewards to your lovers, offering them payment so that they may come to you on every side for your cheap love.|en
662|16|34|34|你行淫與別的婦女相反，因為不是人從你行淫；你既贈送人，人並不贈送你；所以你與別的婦女相反。|zh
663|16|34|34|And in your loose behaviour you are different from other women, for no one goes after you to make love to you: and because you give payment and no payment is given to you, in this you are different from them.|en
664|16|35|35|你這妓女啊，要聽耶和華的話。|zh
665|16|35|35|For this cause, O loose woman, give ear to the voice of the Lord:|en
666|16|36|36|主耶和華如此說：因你的污穢傾洩了，你與你所愛的行淫露出下體，又因你拜一切可憎的偶像，流兒女的血獻給他，|zh
667|16|36|36|This is what the Lord has said: Because your unclean behaviour was let loose and your body uncovered in your loose ways with your lovers and with your disgusting images, and for the blood of your children which you gave to them;|en
668|16|37|37|我就要將你一切相歡相愛的和你一切所恨的都聚集來，從四圍攻擊你；又將你的下體露出，使他們看盡了。|zh
669|16|37|37|For this cause I will get together all your lovers with whom you have taken your pleasure, and all those to whom you have given your love, with all those who were hated by you; I will even make them come together against you on every side, and I will have you uncovered before them so that they may see your shame.|en
670|16|38|38|我也要審判你，好像官長審判淫婦和流人血的婦女一樣。我因忿怒忌恨，使流血的罪歸到你身上。|zh
671|16|38|38|And you will be judged by me as women are judged who have been untrue to their husbands and have taken life; and I will let loose against you passion and bitter feeling.|en
672|16|39|39|我又要將你交在他們手中；他們必拆毀你的圓頂花樓，毀壞你的高臺，剝去你的衣服，奪取你的華美寶器，留下你赤身露體。|zh
673|16|39|39|I will give you into their hands, and your arched room will be overturned and your high places broken down; they will take your clothing off you and take away your fair jewels: and when they have done, you will be uncovered and shamed.|en
674|16|40|40|他們也必帶多人來攻擊你，用石頭打死你，用刀劍刺透你，|zh
675|16|40|40|And they will get together a meeting against you, stoning you with stones and wounding you with their swords.|en
676|16|41|41|用火焚燒你的房屋，在許多婦人眼前向你施行審判。我必使你不再行淫，也不再贈送與人。|zh
677|16|41|41|And they will have you burned with fire, sending punishments on you before the eyes of great numbers of women; and I will put an end to your loose ways, and you will no longer give payment.|en
678|16|42|42|這樣，我就止息向你發的忿怒，我的忌恨也要離開你，我要安靜不再惱怒。|zh
679|16|42|42|And the heat of my wrath against you will have an end, and my bitter feeling will be turned away from you, and I will be quiet and will be angry no longer.|en
680|16|43|43|因你不追念你幼年的日子，在這一切的事上向我發烈怒，所以我必照你所行的報應在你頭上，你就不再貪淫，行那一切可憎的事。這是主耶和華說的。|zh
681|16|43|43|Because you have not kept in mind the days when you were young, but have been troubling me with all these things; for this reason I will make the punishment of your ways come on your head, says the Lord, because you have done this evil thing in addition to all your disgusting acts.|en
682|16|44|44|凡說俗語的必用俗語攻擊你，說：母親怎樣，女兒也怎樣。|zh
683|16|44|44|See, in every common saying about you it will be said, As the mother is, so is her daughter.|en
684|16|45|45|你正是你母親的女兒，厭棄丈夫和兒女；你正是你姊妹的姊妹，厭棄丈夫和兒女。你母親是赫人，你父親是亞摩利人。|zh
685|16|45|45|You are the daughter of your mother whose soul is turned in disgust from her husband and her children; and you are the sister of your sisters who were turned in disgust from their husbands and their children: your mother was a Hittite and your father an Amorite.|en
686|16|46|46|你的姊姊是撒瑪利亞，他和他的眾女住在你左邊；你的妹妹是所多瑪，他和他的眾女住在你右邊。|zh
687|16|46|46|Your older sister is Samaria, living at your left hand, she and her daughters: and your younger sister, living at your right hand, is Sodom and her daughters.|en
688|16|47|47|你沒有效法他們的行為，也沒有照他們可憎的事去做，你以那為小事，你一切所行的倒比他們更壞。|zh
689|16|47|47|Still you have not gone in their ways or done the disgusting things which they have done; but, as if that was only a little thing, you have gone deeper in evil than they in all your ways.|en
690|16|48|48|主耶和華說：我指著我的永生起誓，你妹妹所多瑪與他的眾女尚未行你和你眾女所行的事。|zh
691|16|48|48|By my life, says the Lord, Sodom your sister never did, she or her daughters, what you and your daughters have done.|en
692|16|49|49|看哪，你妹妹所多瑪的罪孽是這樣：他和他的眾女都心驕氣傲，糧食飽足，大享安逸，並沒有扶助困苦和窮乏人的手。|zh
693|16|49|49|Truly, this was the sin of your sister Sodom: pride, a full measure of food, and the comforts of wealth in peace, were seen in her and her daughters, and she gave no help to the poor or to those in need.|en
694|16|50|50|他們狂傲，在我面前行可憎的事，我看見便將他們除掉。|zh
695|16|50|50|They were full of pride and did what was disgusting to me: and so I took them away as you have seen.|en
696|16|51|51|撒瑪利亞沒有犯你一半的罪，你行可憎的事比他更多，使你的姊妹因你所行一切可憎的事，倒顯為義。|zh
697|16|51|51|And Samaria has not done half your sins; but you have made the number of your disgusting acts greater than theirs, making your sisters seem more upright than you by all the disgusting things which you have done.|en
698|16|52|52|你既斷定你姊妹為義（為義：或譯當受羞辱），就要擔當自己的羞辱；因你所犯的罪比他們更為可憎，他們就比你更顯為義；你既使你的姊妹顯為義，你就要抱愧擔當自己的羞辱。|zh
699|16|52|52|And you yourself will be put to shame, in that you have given the decision for your sisters; through your sins, which are more disgusting than theirs, they are more upright than you: truly, you will be shamed and made low, for you have made your sisters seem upright.|en
700|16|53|53|我必叫他們被擄的歸回，就是叫所多瑪和他的眾女，撒瑪利亞和他的眾女，並你們中間被擄的，都要歸回，|zh
701|16|53|53|And I will let their fate be changed, the fate of Sodom and her daughters, and the fate of Samaria and her daughters, and your fate with theirs.|en
702|16|54|54|好使你擔當自己的羞辱，並因你一切所行的使他們得安慰，你就抱愧。|zh
703|16|54|54|So that you will be shamed and made low because of all you have done, when I have mercy on you.|en
704|16|55|55|你的妹妹所多瑪和他的眾女必歸回原位；撒瑪利亞和他的眾女，你和你的眾女，也必歸回原位。|zh
705|16|55|55|And your sisters, Sodom and her daughters, will go back to their first condition, and Samaria and her daughters will go back to their first condition, and you and your daughters will go back to your first condition.|en
706|16|56|56,57 |在你驕傲的日子，你的惡行沒有顯露以先，你的口就不提你的妹妹所多瑪。那受了凌辱的亞蘭眾女和亞蘭四圍非利士的眾女都恨惡你，藐視你。|zh
707|16|56|56|Was not your sister Sodom an oath in your mouth in the day of your pride,|en
708|16|57|57|Before your shame was uncovered? Now you have become like her a word of shame to the daughters of Edom and all who are round about you, the daughters of the Philistines who put shame on you round about.|en
709|16|58|58|耶和華說：你貪淫和可憎的事，你已經擔當了。|zh
710|16|58|58|The reward of your evil designs and your disgusting ways has come on you, says the Lord.|en
711|16|59|59|主耶和華如此說：你這輕看誓言、背棄盟約的，我必照你所行的待你。|zh
712|16|59|59|For this is what the Lord has said: I will do to you as you have done, you who, putting the oath on one side, have let the agreement be broken.|en
713|16|60|60|然而我要追念在你幼年時與你所立的約，也要與你立定永約。|zh
714|16|60|60|But still I will keep in mind the agreement made with you in the days when you were young, and I will make with you an eternal agreement.|en
715|16|61|61|你接待你姊姊和你妹妹的時候，你要追念你所行的，自覺慚愧；並且我要將他們賜你為女兒，卻不是按著前約。|zh
716|16|61|61|Then at the memory of your ways you will be overcome with shame, when I take your sisters, the older and the younger, and give them to you for daughters, but not by your agreement.|en
717|16|62|62|我要堅定與你所立的約（你就知道我是耶和華），|zh
718|16|62|62|And I will make my agreement with you; and you will be certain that I am the Lord:|en
719|16|63|63|好使你在我赦免你一切所行的時候，心裡追念，自覺抱愧，又因你的羞辱就不再開口。這是主耶和華說的。|zh
720|16|63|63|So that, at the memory of these things, you may be at a loss, never opening your mouth because of your shame; when you have my forgiveness for all you have done, says the Lord.|en
721|17|1|1|耶和華的話臨到我說：|zh
722|17|1|1|And the word of the Lord came to me, saying,|en
723|17|2|2|人子啊，你要向以色列家出謎語，設比喻，|zh
724|17|2|2|Son of man, give out a dark saying, and make a comparison for the children of Israel,|en
725|17|3|3|說主耶和華如此說：有一大鷹，翅膀大，翎毛長，羽毛豐滿，彩色俱備，來到利巴嫩，將香柏樹梢擰去，|zh
726|17|3|3|And say, This is what the Lord has said: A great eagle with great wings, full of long feathers of different colours, came to Lebanon, and took the top of the cedar:|en
727|17|4|4|就是折去香柏樹儘尖的嫩枝，叼到貿易之地，放在買賣城中；|zh
728|17|4|4|Biting off the highest of its young branches, he took it to the land of Canaan, and put it in a town of traders.|en
729|17|5|5|又將以色列地的枝子栽於肥田裡，插在大水旁，如插柳樹，|zh
730|17|5|5|And he took some of the seed of the land, planting it in fertile earth, placing it by great waters; he put it in like a willow-tree.|en
731|17|6|6|就漸漸生長，成為蔓延矮小的葡萄樹。其枝轉向那鷹，其根在鷹以下，於是成了葡萄樹，生出枝子，發出小枝。|zh
732|17|6|6|And its growth went on and it became a vine, low and widely stretching, whose branches were turned to him and its roots were under him: so it became a vine, putting out branches and young leaves.|en
733|17|7|7|又有一大鷹，翅膀大，羽毛多。這葡萄樹從栽種的畦中向這鷹彎過根來，發出枝子，好得他的澆灌。|zh
734|17|7|7|And there was another eagle with great wings and thick feathers: and now this vine, pushing out its roots to him, sent out its branches in his direction from the bed where it was planted, so that he might give it water.|en
735|17|8|8|這樹栽於肥田多水的旁邊，好生枝子，結果子，成為佳美的葡萄樹。|zh
736|17|8|8|He had it planted in a good field by great waters so that it might put out branches and have fruit and be a strong vine.|en
737|17|9|9|你要說，主耶和華如此說：這葡萄樹豈能發旺呢？鷹豈不拔出他的根來，芟除他的果子，使他枯乾，使他發的嫩葉都枯乾了麼？也不用大力和多民，就拔出他的根來。|zh
738|17|9|9|Say, This is what the Lord has said: Will it do well? will he not have its roots pulled up and its branches cut off, so that all its young leaves may become dry and it may be pulled up by its roots?|en
739|17|10|10|葡萄樹雖然栽種，豈能發旺呢？一經東風，豈不全然枯乾麼？必在生長的畦中枯乾了。|zh
740|17|10|10|And if it is planted will it do well? will it not become quite dry at the touch of the east wind, drying up in the bed where it was planted?|en
741|17|11|11|耶和華的話臨到我說：|zh
742|17|11|11|Then the word of the Lord came to me, saying,|en
743|17|12|12|你對那悖逆之家說：你們不知道這些事是甚麼意思麼？你要告訴他們說，巴比倫王曾到耶路撒冷，將其中的君王和首領帶到巴比倫自己那裡去。|zh
744|17|12|12|Say now to this uncontrolled people, Are these things not clear to you? Say to them, See, the king of Babylon came to Jerusalem and took its king and its rulers away with him to Babylon;|en
745|17|13|13|從以色列的宗室中取一人與他立約，使他發誓，並將國中有勢力的人擄去，|zh
746|17|13|13|And he took one of the sons of the king and made an agreement with him; and he put him under an oath, and took away the great men of the land:|en
747|17|14|14|使國低微不能自強，惟因守盟約得以存立。|zh
748|17|14|14|So that the kingdom might be made low with no power of lifting itself up, but might keep his agreement to be his servants.|en
749|17|15|15|他卻背叛巴比倫王，打發使者往埃及去，要他們給他馬匹和多民。他豈能亨通呢？行這樣事的人豈能逃脫呢？他背約豈能逃脫呢？|zh
750|17|15|15|But he went against his authority in sending representatives to Egypt to get from them horses and a great army. Will he do well? will he be safe who does such things? if the agreement is broken will he be safe?|en
751|17|16|16|他輕看向王所起的誓，背棄王與他所立的約。主耶和華說：我指著我的永生起誓，他定要死在立他作王、巴比倫王的京都。|zh
752|17|16|16|By my life, says the Lord, truly in the place of the king who made him king, whose oath he put on one side and let his agreement with him be broken, even in Babylon he will come to his death.|en
753|17|17|17|敵人築壘造臺，與他打仗的時候，為要剪除多人，法老雖領大軍隊和大群眾，還是不能幫助他。|zh
754|17|17|17|And Pharaoh with his strong army and great forces will be no help to him in the war, when they put up earthworks and make strong walls for the cutting off of lives:|en
755|17|18|18|他輕看誓言，背棄盟約，已經投降，卻又做這一切的事，他必不能逃脫。|zh
756|17|18|18|For he put his oath on one side in letting the agreement be broken; and though he had given his hand to it, he did all these things; he will not get away safe.|en
757|17|19|19|所以主耶和華如此說：我指著我的永生起誓，他既輕看指我所起的誓，背棄指我所立的約，我必要使這罪歸在他頭上。|zh
758|17|19|19|And so the Lord has said, By my life, truly, for my oath which he put on one side, and my agreement which has been broken, I will send punishment on his head.|en
759|17|20|20|我必將我的網撒在他身上，他必在我的網羅中纏住。我必帶他到巴比倫，並要在那裡因他干犯我的罪刑罰他。|zh
760|17|20|20|My net will be stretched out over him, and he will be taken in my cords, and I will send him to Babylon, and there I will be his judge for the wrong which he has done against me.|en
761|17|21|21|他的一切軍隊，凡逃跑的，都必倒在刀下；所剩下的，也必分散四方（方：原文是風）。你們就知道說這話的是我─耶和華。|zh
762|17|21|21|All his best fighting-men will be put to the sword, and the rest will be sent away to every wind: and you will be certain that I the Lord have said it.|en
763|17|22|22|主耶和華如此說：我要將香柏樹梢擰去栽上，就是從儘尖的嫩枝中折一嫩枝，栽於極高的山上；|zh
764|17|22|22|This is what the Lord has said: Further, I will take the highest top of the cedar and put it in the earth; cutting off from the highest of his young branches a soft one, I will have it planted on a high and great mountain;|en
765|17|23|23|在以色列高處的山栽上。他就生枝子，結果子，成為佳美的香柏樹，各類飛鳥都必宿在其下，就是宿在枝子的蔭下。|zh
766|17|23|23|It will be planted on the high mountain of Israel: it will put out branches and have fruit and be a fair cedar: under it all birds of every sort will make their living-place, resting in the shade of its branches.|en
767|17|24|24|田野的樹木都必知道我─耶和華使高樹矮小，矮樹高大；青樹枯乾，枯樹發旺。我─耶和華如此說，也如此行了。|zh
768|17|24|24|And it will be clear to all the trees of the field that I the Lord have made low the high tree and made high the low tree, drying up the green tree and making the dry tree full of growth; I the Lord have said it and have done it.|en
769|18|1|1|耶和華的話又臨到我說：|zh
770|18|1|1|The word of the Lord came to me again, saying,|en
771|18|2|2|你們在以色列地怎麼用這俗語說父親吃了酸葡萄，兒子的牙酸倒了呢？|zh
772|18|2|2|Why do you make use of this saying about the land of Israel, The fathers have been tasting bitter grapes and the children's teeth are on edge?|en
773|18|3|3|主耶和華說：我指著我的永生起誓，你們在以色列中，必不再有用這俗語的因由。|zh
774|18|3|3|By my life, says the Lord, you will no longer have this saying in Israel.|en
775|18|4|4|看哪，世人都是屬我的；為父的怎樣屬我，為子的也照樣屬我；犯罪的，他必死亡。|zh
776|18|4|4|See, all souls are mine; as the soul of the father, so the soul of the son is mine: death will be the fate of the sinner's soul.|en
777|18|5|5|人若是公義，且行正直與合理的事：|zh
778|18|5|5|But if a man is upright, living rightly and doing righteousness,|en
779|18|6|6|未曾在山上吃過祭偶像之物，未曾仰望以色列家的偶像，未曾玷污鄰舍的妻，未曾在婦人的經期內親近他，|zh
780|18|6|6|And has not taken flesh with the blood for food, or given worship to the images of the children of Israel; if he has not had connection with his neighbour's wife, or come near to a woman at the time when she is unclean;|en
781|18|7|7|未曾虧負人，乃將欠債之人的當頭還給他；未曾搶奪人的物件，卻將食物給飢餓的人吃，將衣服給赤身的人穿；|zh
782|18|7|7|And has done no wrong to any, but has given back to the debtor what is his, and has taken no one's goods by force, and has given food to him who was in need of it, and clothing to him who was without it;|en
783|18|8|8|未曾向借錢的弟兄取利，也未曾向借糧的弟兄多要，縮手不作罪孽，在兩人之間，按至理判斷；|zh
784|18|8|8|And has not given his money out at interest or taken great profits, and, turning his hand from evil-doing, has kept faith between man and man,|en
785|18|9|9|遵行我的律例，謹守我的典章，按誠實行事─這人是公義的，必定存活。這是主耶和華說的。|zh
786|18|9|9|And has been guided by my rules and has kept my laws and done them: he is upright, life will certainly be his, says the Lord.|en
787|18|10|10,11 |他若生一個兒子，作強盜，是流人血的，不行以上所說之善，反行其中之惡，乃在山上吃過祭偶像之物，並玷污鄰舍的妻，|zh
788|18|10|10|If he has a son who is a thief, a taker of life, who does any of these things,|en
789|18|11|11|Who has taken flesh with the blood as food, and has had connection with his neighbour's wife,|en
790|18|12|12|虧負困苦和窮乏的人，搶奪人的物，未曾將當頭還給人，仰望偶像，並行可憎的事，|zh
791|18|12|12|Has done wrong to the poor and to him who is in need, and taken property by force, and has not given back to one in his debt what is his, and has given worship to images and has done disgusting things,|en
792|18|13|13|向借錢的弟兄取利，向借糧的弟兄多要─這人豈能存活呢？他必不能存活。他行這一切可憎的事，必要死亡，他的罪（原文是血）必歸到他身上。|zh
793|18|13|13|And has given out his money at interest and taken great profits: he will certainly not go on living: he has done all these disgusting things: death will certainly be his fate; his blood will be on him.|en
794|18|14|14|他若生一個兒子，見父親所犯的一切罪便懼怕（有古卷：思量），不照樣去做；|zh
795|18|14|14|Now if he has a son who sees all his father's sins which he has done, and in fear does not do the same:|en
796|18|15|15|未曾在山上吃過祭偶像之物，未曾仰望以色列家的偶像，未曾玷污鄰舍的妻，|zh
797|18|15|15|Who has not taken the flesh with the blood for food, or given worship to the images of the children of Israel, and has not had connection with his neighbour's wife,|en
798|18|16|16|未曾虧負人，未曾取人的當頭，未曾搶奪人的物件，卻將食物給飢餓的人吃，將衣服給赤身的人穿，|zh
799|18|16|16|Or done wrong to any, or taken anything from one in his debt, or taken goods by force, but has given food to him who was in need of it, and clothing to him who was without it;|en
800|18|17|17|縮手不害貧窮人，未曾向借錢的弟兄取利，也未曾向借糧的弟兄多要；他順從我的典章，遵行我的律例，就不因父親的罪孽死亡，定要存活。|zh
801|18|17|17|Who has kept his hand from evil-doing and has not taken interest or great profits, who has done my orders and been guided by my rules: he will certainly not be put to death for the evil-doing of his father; life will certainly be his.|en
802|18|18|18|至於他父親；因為欺人太甚，搶奪弟兄，在本國的民中行不善，他必因自己的罪孽死亡。|zh
803|18|18|18|As for his father, because he was cruel, took goods by force, and did what is not good among his people, truly, death will overtake him in his evil-doing.|en
804|18|19|19|你們還說：兒子為何不擔當父親的罪孽呢？兒子行正直與合理的事，謹守遵行我的一切律例，他必定存活。|zh
805|18|19|19|But you say, Why does not the son undergo punishment for the evil-doing of the father? When the son has done what is ordered and right, and has kept my rules and done them, life will certainly be his.|en
806|18|20|20|惟有犯罪的，他必死亡。兒子必不擔當父親的罪孽，父親也不擔當兒子的罪孽。義人的善果必歸自己，惡人的惡報也必歸自己。|zh
807|18|20|20|The soul which does sin will be put to death: the son will not be made responsible for the evil-doing of the father, or the father for the evil-doing of the son; the righteousness of the upright will be on himself, and the evil-doing of the evil-doer on himself.|en
808|18|21|21|惡人若回頭離開所做的一切罪惡，謹守我一切的律例，行正直與合理的事，他必定存活，不致死亡。|zh
809|18|21|21|But if the evil-doer, turning away from all the sins which he has done, keeps my rules and does what is ordered and right, life will certainly be his; death will not be his fate.|en
810|18|22|22|他所犯的一切罪過都不被記念，因所行的義，他必存活。|zh
811|18|22|22|Not one of the sins which he has done will be kept in memory against him: in the righteousness which he has done he will have life.|en
812|18|23|23|主耶和華說：惡人死亡，豈是我喜悅的麼？不是喜悅他回頭離開所行的道存活麼？|zh
813|18|23|23|Have I any pleasure in the death of the evil-doer? says the Lord: am I not pleased if he is turned from his way so that he may have life?|en
814|18|24|24|義人若轉離義行而作罪孽，照著惡人所行一切可憎的事而行，他豈能存活麼？他所行的一切義都不被記念；他必因所犯的罪、所行的惡死亡。|zh
815|18|24|24|But when the upright man, turning away from his righteousness, does evil, like all the disgusting things which the evil man does, will he have life? Not one of his upright acts will be kept in memory: in the wrong which he has done and in his sin death will overtake him.|en
816|18|25|25|你們還說：主的道不公平！以色列家啊，你們當聽，我的道豈不公平麼？你們的道豈不是不公平麼？|zh
817|18|25|25|But you say, The way of the Lord is not equal. Give ear, now, O children of Israel; is my way not equal? are not your ways unequal?|en
818|18|26|26|義人若轉離義行而作罪孽死亡，他是因所作的罪孽死亡。|zh
819|18|26|26|When the upright man, turning away from his righteousness, does evil, death will overtake him; in the evil which he has done death will overtake him.|en
820|18|27|27|再者，惡人若回頭離開所行的惡，行正直與合理的事，他必將性命救活了。|zh
821|18|27|27|Again, when the evil-doer, turning away from the evil he has done, does what is ordered and right, he will have life for his soul.|en
822|18|28|28|因為他思量，回頭離開所犯的一切罪過，必定存活，不致死亡。|zh
823|18|28|28|Because he had fear and was turned away from all the wrong which he had done, life will certainly be his, death will not be his fate.|en
824|18|29|29|以色列家還說：主的道不公平！以色列家啊，我的道豈不公平麼？你們的道豈不是不公平麼？|zh
825|18|29|29|But still the children of Israel say, The way of the Lord is not equal. O children of Israel, are my ways not equal? are not your ways unequal?|en
826|18|30|30|所以主耶和華說：以色列家啊，我必按你們各人所行的審判你們。你們當回頭離開所犯的一切罪過。這樣，罪孽必不使你們敗亡。|zh
827|18|30|30|For this cause I will be your judge, O children of Israel, judging every man by his ways, says the Lord. Come back and be turned from all your sins; so that they may not be the cause of your falling into evil.|en
828|18|31|31|你們要將所犯的一切罪過盡行拋棄，自做一個新心和新靈。以色列家啊，你們何必死亡呢？|zh
829|18|31|31|Put away all your evil-doing in which you have done sin; and make for yourselves a new heart and a new spirit: why are you desiring death, O children of Israel?|en
830|18|32|32|主耶和華說：我不喜悅那死人之死，所以你們當回頭而存活。|zh
831|18|32|32|For I have no pleasure in the death of him on whom death comes, says the Lord: be turned back then, and have life.|en
832|19|1|1|你當為以色列的王作起哀歌，|zh
833|19|1|1|Take up now a song of grief for the ruler of Israel, and say,|en
834|19|2|2|說：你的母親是甚麼呢？是個母獅子，蹲伏在獅子中間，在少壯獅子中養育小獅子。|zh
835|19|2|2|What was your mother? Like a she-lion among lions, stretched out among the young lions she gave food to her little ones.|en
836|19|3|3|在他小獅子中養大一個，成了少壯獅子，學會抓食而吃人。|zh
837|19|3|3|And one of her little ones came to growth under her care, and became a young lion, learning to go after beasts for his food; and he took men for his meat.|en
838|19|4|4|列國聽見了就把他捉在他們的坑中，用鉤子拉到埃及地去。|zh
839|19|4|4|And the nations had news of him; he was taken in the hole they had made: and, pulling him with hooks, they took him into the land of Egypt.|en
840|19|5|5|母獅見自己等候失了指望，就從他小獅子中又將一個養為少壯獅子。|zh
841|19|5|5|Now when she saw that her hope was made foolish and gone, she took another of her little ones and made him into a young lion.|en
842|19|6|6|他在眾獅子中走來走去，成了少壯獅子，學會抓食而吃人。|zh
843|19|6|6|And he went up and down among the lions and became a young lion, learning to go after beasts for his food; and he took men for his meat.|en
844|19|7|7|他知道列國的宮殿，又使他們的城邑變為荒場；因他咆哮的聲音，遍地和其中所有的就都荒廢。|zh
845|19|7|7|And he sent destruction on their widows and made waste their towns; and the land and everything in it became waste because of the loud sound of his voice.|en
846|19|8|8|於是四圍邦國各省的人來攻擊他，將網撒在他身上，捉在他們的坑中。|zh
847|19|8|8|Then the nations came against him from the kingdoms round about: their net was stretched over him and he was taken in the hole they had made.|en
848|19|9|9|他們用鉤子鉤住他，將他放在籠中，帶到巴比倫王那裡，將他放入堅固之所，使他的聲音在以色列山上不再聽見。|zh
849|19|9|9|They made him a prisoner with hooks, and took him to the king of Babylon; they put him in the strong place so that his voice might be sounding no longer on the mountains of Israel.|en
850|19|10|10|你的母親先前如葡萄樹，極其茂盛（原文是在你血中），栽於水旁。因為水多，就多結果子，滿生枝子；|zh
851|19|10|10|Your mother was in comparison like a vine, planted by the waters: she was fertile and full of branches because of the great waters.|en
852|19|11|11|生出堅固的枝幹，可作掌權者的杖。這枝幹高舉在茂密的枝中，而且他生長高大，枝子繁多，遠遠可見。|zh
853|19|11|11|And she had a strong rod for a rod of authority for the rulers, and it became tall among the clouds and it was seen lifted up among the number of its branches.|en
854|19|12|12|但這葡萄樹因忿怒被拔出摔在地上；東風吹乾其上的果子，堅固的枝幹折斷枯乾，被火燒燬了；|zh
855|19|12|12|But she was uprooted in burning wrath, and made low on the earth; the east wind came, drying her up, and her branches were broken off; her strong rod became dry, the fire made a meal of it.|en
856|19|13|13|如今栽於曠野乾旱無水之地。|zh
857|19|13|13|And now she is planted in the waste land, in a dry and unwatered country.|en
858|19|14|14|火也從他枝幹中發出，燒滅果子，以致沒有堅固的枝幹可作掌權者的杖。這是哀歌，也必用以作哀歌。|zh
859|19|14|14|And fire has gone out from her rod, causing the destruction of her branches, so that there is no strong rod in her to be the ruler's rod of authority. This is a song of grief, and it was for a song of grief.|en
860|20|1|1|第七年五月初十日，有以色列的幾個長老來求問耶和華，坐在我面前。|zh
861|20|1|1|Now it came about in the seventh year, in the fifth month, on the tenth day of the month, that certain of the responsible men of Israel came to get directions from the Lord and were seated before me.|en
862|20|2|2|耶和華的話臨到我說：|zh
863|20|2|2|Then the word of the Lord came to me, saying,|en
864|20|3|3|人子啊，你要告訴以色列的長老說，主耶和華如此說：你們來是求問我麼？主耶和華說：我指著我的永生起誓，我必不被你們求問。|zh
865|20|3|3|Son of man, say to the responsible men of Israel, This is what the Lord has said: Have you come to get directions from me? By my life, says the Lord, you will get no directions from me.|en
866|20|4|4|人子啊，你要審問審問他們麼？你當使他們知道他們列祖那些可憎的事，|zh
867|20|4|4|Will you be their judge, O son of man, will you be their judge? make clear to them the disgusting ways of their fathers,|en
868|20|5|5|對他們說，主耶和華如此說：當日我揀選以色列，向雅各家的後裔起誓，在埃及地將自己向他們顯現，說：我是耶和華─你們的神。|zh
869|20|5|5|And say to them, This is what the Lord has said: In the day when I took Israel for myself, when I made an oath to the seed of the family of Jacob, and I gave them knowledge of myself in the land of Egypt, saying to them with an oath, I am the Lord your God;|en
870|20|6|6|那日我向他們起誓，必領他們出埃及地，到我為他們察看的流奶與蜜之地；那地在萬國中是有榮耀的。|zh
871|20|6|6|In that day I gave my oath to take them out of the land of Egypt into a land which I had been searching out for them, a land flowing with milk and honey, the glory of all lands:|en
872|20|7|7|我對他們說，你們各人要拋棄眼所喜愛那可憎之物，不可因埃及的偶像玷污自己。我是耶和華─你們的神。|zh
873|20|7|7|And I said to them, Let every man among you put away the disgusting things to which his eyes are turned, and do not make yourselves unclean with the images of Egypt; I am the Lord your God.|en
874|20|8|8|他們卻悖逆我，不肯聽從我，不拋棄他們眼所喜愛那可憎之物，不離棄埃及的偶像。我就說，我要將我的忿怒傾在他們身上，在埃及地向他們成就我怒中所定的。|zh
875|20|8|8|But they would not be controlled by me, and did not give ear to me; they did not put away the disgusting things to which their eyes were turned, or give up the images of Egypt: then I said I would let loose my passion on them to give full effect to my wrath against them in the land of Egypt.|en
876|20|9|9|我卻為我名的緣故沒有這樣行，免得我名在他們所住的列國人眼前被褻瀆；我領他們出埃及地，在這列國人的眼前將自己向他們顯現。|zh
877|20|9|9|And I was acting for the honour of my name, so that it might not be made unclean before the eyes of the nations among whom they were, and before whose eyes I gave them knowledge of myself, by taking them out of the land of Egypt.|en
878|20|10|10|這樣，我就使他們出埃及地，領他們到曠野，|zh
879|20|10|10|So I made them go out of the land of Egypt and took them into the waste land.|en
880|20|11|11|將我的律例賜給他們，將我的典章指示他們；人若遵行就必因此活著。|zh
881|20|11|11|And I gave them my rules and made clear to them my orders, which, if a man keeps them, will be life to him.|en
882|20|12|12|又將我的安息日賜給他們，好在我與他們中間為證據，使他們知道我─耶和華是叫他們成為聖的。|zh
883|20|12|12|And further, I gave them my Sabbaths, to be a sign between me and them, so that it might be clear that I, who make them holy, am the Lord.|en
884|20|13|13|以色列家卻在曠野悖逆我，不順從我的律例，厭棄我的典章（人若遵行就必因此活著），大大干犯我的安息日。我就說，要在曠野將我的忿怒傾在他們身上，滅絕他們。|zh
885|20|13|13|But the children of Israel would not be controlled by me in the waste land: they were not guided by my rules, and they were turned away from my orders, which, if a man does them, will be life to him; and they had no respect for my Sabbaths: then I said that I would let loose my passion on them in the waste land, and put an end to them.|en
886|20|14|14|我卻為我名的緣故，沒有這樣行，免得我的名在我領他們出埃及的列國人眼前被褻瀆。|zh
887|20|14|14|And I was acting for the honour of my name, so that it might not be made unclean in the eyes of the nations, before whose eyes I had taken them out.|en
888|20|15|15|並且我在曠野向他們起誓，必不領他們進入我所賜給他們流奶與蜜之地（那地在萬國中是有榮耀的）；|zh
889|20|15|15|And further, I gave my oath to them in the waste land, that I would not take them into the land which I had given them, a land flowing with milk and honey, the glory of all lands;|en
890|20|16|16|因為他們厭棄我的典章，不順從我的律例，干犯我的安息日，他們的心隨從自己的偶像。|zh
891|20|16|16|Because they were turned away from my orders, and were not guided by my rules, and had no respect for my Sabbaths: for their hearts went after their images.|en
892|20|17|17|雖然如此，我眼仍顧惜他們，不毀滅他們，不在曠野將他們滅絕淨盡。|zh
893|20|17|17|But still my eye had pity on them and I kept them from destruction and did not put an end to them completely in the waste land.|en
894|20|18|18|我在曠野對他們的兒女說：不要遵行你們父親的律例，不要謹守他們的惡規，也不要因他們的偶像玷污自己。|zh
895|20|18|18|And I said to their children in the waste land, Do not be guided by the rules of your fathers or keep their orders or make yourselves unclean with their images:|en
896|20|19|19|我是耶和華─你們的神，你們要順從我的律例，謹守遵行我的典章，|zh
897|20|19|19|I am the Lord your God; be guided by my rules and keep my orders and do them:|en
898|20|20|20|且以我的安息日為聖。這日在我與你們中間為證據，使你們知道我是耶和華─你們的神。|zh
899|20|20|20|And keep my Sabbaths holy; and they will be a sign between me and you so that it may be clear to you that I am the Lord your God.|en
900|20|21|21|只是他們的兒女悖逆我，不順從我的律例，也不謹守遵行我的典章（人若遵行就必因此活著），干犯我的安息日。我就說，要將我的忿怒傾在他們身上，在曠野向他們成就我怒中所定的。|zh
901|20|21|21|But the children would not be controlled by me; they were not guided by my rules, and they did not keep and do my orders, which, if a man does them, will be life to him; and they had no respect for my Sabbaths: then I said I would let loose my passion on them to give full effect to my wrath against them in the waste land.|en
902|20|22|22|雖然如此，我卻為我名的緣故縮手沒有這樣行，免得我的名在我領他們出埃及的列國人眼前被褻瀆。|zh
903|20|22|22|And I was acting for the honour of my name, so that it might not be made unclean in the eyes of the nations, before whose eyes I had taken them out.|en
904|20|23|23|並且我在曠野向他們起誓，必將他們分散在列國，四散在列邦；|zh
905|20|23|23|Further, I gave my oath to them in the waste land that I would send them wandering among the nations, driving them out among the countries;|en
906|20|24|24|因為他們不遵行我的典章，竟厭棄我的律例，干犯我的安息日，眼目仰望他們父親的偶像。|zh
907|20|24|24|Because they had not done my orders, but had been turned away from my rules, and had not given respect to my Sabbaths, and their eyes were turned to the images of their fathers.|en
908|20|25|25|我也任他們遵行不美的律例，謹守不能使人活著的惡規。|zh
909|20|25|25|And further, I gave them rules which were not good and orders in which there was no life for them;|en
910|20|26|26|因他們將一切頭生的經火，我就任憑他們在這供獻的事上玷污自己，好叫他們淒涼，使他們知道我是耶和華。|zh
911|20|26|26|I made them unclean in the offerings they gave, causing them to make every first child go through the fire, so that I might put an end to them.|en
912|20|27|27|人子啊，你要告訴以色列家說，主耶和華如此說：你們的列祖在得罪我的事上褻瀆我；|zh
913|20|27|27|For this cause, son of man, say to the children of Israel, This is what the Lord has said: In this your fathers have further put shame on my name by doing wrong against me.|en
914|20|28|28|因為我領他們到了我起誓應許賜給他們的地，他們看見各高山、各茂密樹，就在那裡獻祭，奉上惹我發怒的供物，也在那裡焚燒馨香的祭牲，並澆上奠祭。|zh
915|20|28|28|For when I had taken them into the land which I made an oath to give to them, then they saw every high hill and every branching tree and made their offerings there, moving me to wrath by their offerings; and there the sweet smell of their offerings went up and their drink offerings were drained out.|en
916|20|29|29|我就對他們說：你們所上的那高處叫甚麼呢？（那高處的名字叫巴麻直到今日。）|zh
917|20|29|29|Then I said to them, What is this high place where you go to no purpose? And it is named Bamah to this day.|en
918|20|30|30|所以你要對以色列家說，主耶和華如此說：你們仍照你們列祖所行的玷污自己麼？仍照他們可憎的事行邪淫麼？|zh
919|20|30|30|For this cause say to the children of Israel, This is what the Lord has said: Are you making yourselves unclean as your fathers did? are you being untrue to me by going after their disgusting works?|en
920|20|31|31|你們奉上供物使你們兒子經火的時候，仍將一切偶像玷污自己，直到今日麼？以色列家啊，我豈被你們求問麼？主耶和華說：我指著我的永生起誓，我必不被你們求問。|zh
921|20|31|31|And when you give your offerings, causing your sons to go through the fire, you make yourselves unclean with all your images to this day; and will you come to me for directions, O children of Israel? By my life, says the Lord, you will get no direction from me.|en
922|20|32|32|你們說：我們要像外邦人和列國的宗族一樣，去事奉木頭與石頭。你們所起的這心意萬不能成就。|zh
923|20|32|32|And that which comes into your minds will never take place; when you say, We will be like the nations, like the families of the countries, servants of wood and stone;|en
924|20|33|33|主耶和華說：我指著我的永生起誓，我總要作王，用大能的手和伸出來的膀臂，並傾出來的忿怒，治理你們。|zh
925|20|33|33|By my life, says the Lord, truly, with a strong hand and with an outstretched arm and with burning wrath let loose, I will be King over you:|en
926|20|34|34|我必用大能的手和伸出來的膀臂，並傾出來的忿怒，將你們從萬民中領出來，從分散的列國內聚集你們。|zh
927|20|34|34|And I will take you out from the peoples and get you together out of the countries where you are wandering, with a strong hand and with an outstretched arm and with burning wrath let loose:|en
928|20|35|35|我必帶你們到外邦人的曠野，在那裡當面刑罰你們。|zh
929|20|35|35|And I will take you into the waste land of the peoples, and there I will take up the cause with you face to face.|en
930|20|36|36|我怎樣在埃及地的曠野刑罰你們的列祖，也必照樣刑罰你們。這是主耶和華說的。|zh
931|20|36|36|As I took up the cause with your fathers in the waste land of the land of Egypt, so will I take up the cause with you says the Lord.|en
932|20|37|37|我必使你們從杖下經過，使你們被約拘束。|zh
933|20|37|37|And I will make you go under the rod and will make you small in number:|en
934|20|38|38|我必從你們中間除淨叛逆和得罪我的人，將他們從所寄居的地方領出來，他們卻不得入以色列地。你們就知道我是耶和華。|zh
935|20|38|38|Clearing out from among you all those who are uncontrolled and who are sinning against me; I will take them out of the land where they are living, but they will not come into the land of Israel: and you will be certain that I am the Lord.|en
936|20|39|39|以色列家啊，至於你們，主耶和華如此說：從此以後若不聽從我，就任憑你們去事奉偶像，只是不可再因你們的供物和偶像褻瀆我的聖名。|zh
937|20|39|39|As for you, O children of Israel, the Lord has said: Let every man completely put away his images and give ear to me: and let my holy name no longer be shamed by your offerings and your images.|en
938|20|40|40|主耶和華說：在我的聖山，就是以色列高處的山，所有以色列的全家都要事奉我。我要在那裡悅納你們，向你們要供物和初熟的土產，並一切的聖物。|zh
939|20|40|40|For in my holy mountain, in the high mountain of Israel, says the Lord, there all the children of Israel, all of them, will be my servants in the land; there I will take pleasure in them, and there I will be worshipped with your offerings and the first-fruits of the things you give, and with all your holy things.|en
940|20|41|41|我從萬民中領你們出來，從分散的列國內聚集你們，那時我必悅納你們好像馨香之祭，要在外邦人眼前在你們身上顯為聖。|zh
941|20|41|41|I will take pleasure in you as in a sweet smell, when I take you out from the peoples and get you together from the countries where you have been sent in flight; and I will make myself holy in you before the eyes of the nations.|en
942|20|42|42|我領你們進入以色列地，就是我起誓應許賜給你們列祖之地，那時你們就知道我是耶和華。|zh
943|20|42|42|And you will be certain that I am the Lord, when I take you into the land of Israel, into the country which I made an oath to give to your fathers.|en
944|20|43|43|你們在那裡要追念玷污自己的行動作為，又要因所做的一切惡事厭惡自己。|zh
945|20|43|43|And there, at the memory of your ways and of all the things you did to make yourselves unclean, you will have bitter hate for yourselves because of all the evil things you have done.|en
946|20|44|44|主耶和華說：以色列家啊，我為我名的緣故，不照著你們的惡行和你們的壞事待你們；你們就知道我是耶和華。|zh
947|20|44|44|And you will be certain that I am the Lord, when I take you in hand for the honour of my name, and not for your evil ways or your unclean doings, O children of Israel, says the Lord.|en
948|20|45|45|耶和華的話臨到我說：|zh
949|20|45|45|Then the word of the Lord came to me, saying,|en
950|20|46|46|人子啊，你要面向南方，向南滴下預言攻擊南方田野的樹林。|zh
951|20|46|46|Son of man, let your face be turned to the south, let your words be dropped to the south, and be a prophet against the woodland of the South;|en
952|20|47|47|對南方的樹林說，要聽耶和華的話。主耶和華如此說：我必使火在你中間著起，燒滅你中間的一切青樹和枯樹，猛烈的火燄必不熄滅。從南到北，人的臉面都被燒焦。|zh
953|20|47|47|And say to the woodland of the South, Give ear to the words of the Lord: this is what the Lord has said: See, I will have a fire lighted in you, for the destruction of every green tree in you and every dry tree: the flaming flame will not be put out, and all faces from the south to the north will be burned by it.|en
954|20|48|48|凡有血氣的都必知道是我─耶和華使火著起，這火必不熄滅。|zh
955|20|48|48|And all flesh will see that I the Lord have had it lighted: it will not be put out.|en
956|20|49|49|於是我說：哎！主耶和華啊，人都指著我說：他豈不是說比喻的麼？|zh
957|20|49|49|Then I said, Ah, Lord! they say of me, Is he not a maker of stories?|en
958|21|1|1|耶和華的話臨到我說：|zh
959|21|1|1|And the word of the Lord came to me, saying,|en
960|21|2|2|人子啊，你要面向耶路撒冷和聖所滴下預言，攻擊以色列地。|zh
961|21|2|2|Son of man, let your face be turned to Jerusalem, let your words be dropped in the direction of her holy place, and be a prophet against the land of Israel;|en
962|21|3|3|對以色列地說，耶和華如此說：我與你為敵，並要拔刀出鞘，從你中間將義人和惡人一併剪除。|zh
963|21|3|3|And say to the land of Israel, These are the words of the Lord: See, I am against you, and I will take my sword out of its cover, cutting off from you the upright and the evil.|en
964|21|4|4|我既要從你中間剪除義人和惡人，所以我的刀要出鞘，自南至北攻擊一切有血氣的；|zh
965|21|4|4|Because I am going to have the upright and the evil cut off from you, for this cause my sword will go out from its cover against all flesh from the south to the north:|en
966|21|5|5|一切有血氣的就知道我─耶和華已經拔刀出鞘，必不再入鞘。|zh
967|21|5|5|And all flesh will see that I the Lord have taken my sword out of its cover: and it will never go back.|en
968|21|6|6|人子啊，你要歎息，在他們眼前彎著腰，苦苦地歎息。|zh
969|21|6|6|Make sounds of grief, son of man; with body bent and a bitter heart make sounds of grief before their eyes.|en
970|21|7|7|他們問你說：為何歎息呢﹖你就說：因為有風聲、災禍要來。人心都必消化，手都發軟，精神衰敗，膝弱如水。看哪，這災禍臨近，必然成就。這是主耶和華說的。|zh
971|21|7|7|And when they say to you, Why are you making sounds of grief? then say, Because of the news, for it is coming: and every heart will become soft, and all hands will be feeble, and every spirit will be burning low, and all knees will be turned to water: see, it is coming and it will be done, says the Lord.|en
972|21|8|8|耶和華的話臨到我說：|zh
973|21|8|8|And the word of the Lord came to me, saying,|en
974|21|9|9|人子啊，你要預言。耶和華吩咐我如此說：有刀、有刀，是磨快擦亮的；|zh
975|21|9|9|Son of man, say as a prophet, These are the words of the Lord: Say, A sword, a sword which has been made sharp and polished:|en
976|21|10|10|磨快為要行殺戮，擦亮為要像閃電。我們豈可快樂麼﹖罰我子的杖藐視各樹。|zh
977|21|10|10|It has been made sharp to give death; it is polished so that it may be like a thunder-flame: ...|en
978|21|11|11|這刀已經交給人擦亮，為要應手使用。這刀已經磨快擦亮，好交在行殺戮的人手中。|zh
979|21|11|11|And I have given it to the polisher so that it may be taken in the hand: he has made the sword sharp, he has had it polished, to put it into the hand of him who gives death.|en
980|21|12|12|人子啊，你要呼喊哀號，因為這刀臨到我的百姓和以色列一切的首領。他們和我的百姓都交在刀下，所以你要拍腿歎息。|zh
981|21|12|12|Give loud cries and make sounds of grief, O son of man: for it has come on my people, it has come on all the rulers of Israel: fear of the sword has come on my people: for this cause give signs of grief.|en
982|21|13|13|有試驗的事；若那藐視的杖歸於無有，怎麼樣呢﹖這是主耶和華說的。|zh
983|21|13|13|...|en
984|21|14|14|人子啊，你要拍掌預言。我─耶和華要使這刀，就是致死傷的刀，一連三次加倍刺人，進入他們的內屋，使大人受死傷的就是這刀。|zh
985|21|14|14|So then, son of man, be a prophet, and put your hands together with a loud sound, and give two blows with the sword, and even three; it is the sword of those who are wounded, even the sword of the wounded; the great sword which goes round about them.|en
986|21|15|15|我設立這恐嚇人的刀，攻擊他們的一切城門，使他們的心消化，加增他們跌倒的事。哎！這刀造得像閃電，磨得尖利，要行殺戮。|zh
987|21|15|15|In order that hearts may become soft, and the number of those who are falling may be increased, I have sent death by the sword against all their doors: you are made like a flame, you are polished for death.|en
988|21|16|16|刀啊，你歸在右邊，擺在左邊；你面向哪方，就向那方殺戮。|zh
989|21|16|16|Be pointed to the right, to the left, wherever your edge is ordered.|en
990|21|17|17|我也要拍掌，並要使我的忿怒止息。這是我─耶和華說的。|zh
991|21|17|17|And I will put my hands together with a loud sound, and I will let my wrath have rest: I the Lord have said it.|en
992|21|18|18|耶和華的話又臨到我說：|zh
993|21|18|18|And the word of the Lord came to me again, saying,|en
994|21|19|19|人子啊，你要定出兩條路，好使巴比倫王的刀來。這兩條路必從一地分出來，又要在通城的路口上畫出一隻手來。|zh
995|21|19|19|And you, son of man, have two ways marked out, so that the sword of the king of Babylon may come; let the two of them come out of one land: and let there be a pillar at the top of the road:|en
996|21|20|20|你要定出一條路，使刀來到亞捫人的拉巴；又要定出一條路，使刀來到猶大的堅固城耶路撒冷。|zh
997|21|20|20|Put a pillar at the top of the road for the sword to come to Rabbah in the land of the children of Ammon, and to Judah and to Jerusalem in the middle of her.|en
998|21|21|21|因為巴比倫王站在岔路那裡，在兩條路口上要占卜。他搖籤（原文是箭）求問神像，察看犧牲的肝；|zh
999|21|21|21|For the king of Babylon took his place at the parting of the ways, at the top of the two roads, to make use of secret arts: shaking the arrows this way and that, he put questions to the images of his gods, he took note of the inner parts of dead beasts.|en
1000|21|22|22|在右手中拿著為耶路撒冷占卜的籤，使他安設撞城錘，張口叫殺，揚聲吶喊，築壘造臺，以撞城錘，攻打城門。|zh
1001|21|22|22|At his right hand was the fate of Jerusalem, to give orders for destruction, to send up the war-cry, to put engines of war against the doors, lifting up earthworks, building walls.|en
1002|21|23|23|據那些曾起誓的猶大人看來，這是虛假的占卜；但巴比倫王要使他們想起罪孽，以致將他們捉住。|zh
1003|21|23|23|And this answer given by secret arts will seem false to those who have given their oaths and have let them be broken: but he will keep the memory of evil-doing so that they may be taken.|en
1004|21|24|24|主耶和華如此說：因你們的過犯顯露，使你們的罪孽被記念，以致你們的罪惡在行為上都彰顯出來；又因你們被記念，就被捉住。|zh
1005|21|24|24|For this cause the Lord has said: Because you have made your evil-doing come to mind by the uncovering of your wrongdoing, causing your sins to be seen in all your evil-doings; because you have come to mind, you will be taken in them.|en
1006|21|25|25|你這受死傷行惡的以色列王啊，罪孽的盡頭到了，受報的日子已到。|zh
1007|21|25|25|And you, O evil one, wounded to death, O ruler of Israel, whose day has come in the time of the last punishment;|en
1008|21|26|26|主耶和華如此說：當除掉冠，摘下冕，景況必不再像先前；要使卑者升為高，使高者降為卑。|zh
1009|21|26|26|This is what the Lord has said: Take away the holy head-dress, take off the crown: this will not be again: let that which is low be lifted up, and that which is high be made low.|en
1010|21|27|27|我要將這國傾覆，傾覆，而又傾覆；這國也必不再有，直等到那應得的人來到，我就賜給他。|zh
1011|21|27|27|I will let it be overturned, overturned, overturned: this will not be again till he comes whose right it is; and I will give it to him.|en
1012|21|28|28|人子啊，要發預言說：主耶和華論到亞捫人和他們的凌辱，吩咐我如此說：有刀，有拔出來的刀，已經擦亮，為行殺戮，使他像閃電以行吞滅。|zh
1013|21|28|28|And you, son of man, say as a prophet, This is what the Lord has said about the children of Ammon and about their shame: Say, A sword, even a sword let loose, polished for death, to make it shining so that it may be like a flame:|en
1014|21|29|29|人為你見虛假的異象，行謊詐的占卜，使你倒在受死傷之惡人的頸項上。他們罪孽到了盡頭，受報的日子已到。|zh
1015|21|29|29|Your vision is to no purpose, your use of secret arts gives a false answer, to put it on the necks of evil-doers who are wounded to death, whose day has come, in the time of the last punishment.|en
1016|21|30|30|你將刀收入鞘罷！在你受造之處、生長之地，我必刑罰你。|zh
1017|21|30|30|Go back into your cover. In the place where you were made, in the land from which you were taken, I will be your judge.|en
1018|21|31|31|我必將我的惱恨倒在你身上，將我烈怒的火噴在你身上；又將你交在善於殺滅的畜類人手中。|zh
1019|21|31|31|And I will let loose my burning passion on you, breathing out on you the fire of my wrath: and I will give you up into the hands of men like beasts, trained to destruction.|en
1020|21|32|32|你必當柴被火焚燒，你的血必流在國中，你必不再被記念，因為這是我─耶和華說的。|zh
1021|21|32|32|You will be food for the fire; your blood will be drained out in the land; there will be no more memory of you: for I the Lord have said it.|en
1022|22|1|1|耶和華的話又臨到我說：|zh
1023|22|1|1|And the word of the Lord came to me, saying,|en
1024|22|2|2|人子啊，你要審問審問這流人血的城麼﹖當使他知道他一切可憎的事。|zh
1025|22|2|2|And you, son of man, will you be a judge, will you be a judge of the town of blood? then make clear to her all her disgusting ways.|en
1026|22|3|3|你要說，主耶和華如此說：哎！這城有流人血的事在其中，叫他受報的日期來到，又做偶像玷污自己，陷害自己。|zh
1027|22|3|3|And you are to say, This is what the Lord has said: A town causing blood to be drained out in her streets so that her time may come, and making images in her to make her unclean!|en
1028|22|4|4|你因流了人的血，就為有罪；你做了偶像，就玷污自己，使你受報之日臨近，報應之年來到。所以我叫你受列國的凌辱和列邦的譏誚。|zh
1029|22|4|4|You are responsible for the blood drained out by you, and you are unclean through the images which you have made; and you have made your day come near, and the time of your judging has come; for this cause I have made you a name of shame to the nations and a cause of laughing to all countries.|en
1030|22|5|5|你這名臭、多亂的城啊，那些離你近、離你遠的都必譏誚你。|zh
1031|22|5|5|Those who are near and those who are far from you will make sport of you; your name is unclean, you are full of sounds of fear.|en
1032|22|6|6|看哪，以色列的首領各逞其能，在你中間流人之血。|zh
1033|22|6|6|See, the rulers of Israel, every one in his family, have been causing death in you.|en
1034|22|7|7|在你中間有輕慢父母的，有欺壓寄居的，有虧負孤兒寡婦的。|zh
1035|22|7|7|In you they have had no respect for father and mother; in you they have been cruel to the man from a strange land; in you they have done wrong to the child without a father and to the widow.|en
1036|22|8|8|你藐視了我的聖物，干犯了我的安息日。|zh
1037|22|8|8|You have made little of my holy things, and have made my Sabbaths unclean.|en
1038|22|9|9|在你中間有讒謗人、流人血的；有在山上吃過祭偶像之物的，有行淫亂的。|zh
1039|22|9|9|In you there are men who say evil of others, causing death; in you they have taken the flesh with the blood for food; in your streets they have put evil designs into effect.|en
1040|22|10|10|在你中間有露繼母下體羞辱父親的，有玷辱月經不潔淨之婦人的。|zh
1041|22|10|10|In you they have let the shame of their fathers be seen; in you they have done wrong to a woman at the time when she was unclean.|en
1042|22|11|11|這人與鄰舍的妻行可憎的事；那人貪淫玷污兒婦；還有玷辱同父之姊妹的。|zh
1043|22|11|11|And in you one man has done what was disgusting with his neighbour's wife; and another has made his daughter-in-law unclean; and another has done wrong to his sister, his father's daughter.|en
1044|22|12|12|在你中間有為流人血受賄賂的；有向借錢的弟兄取利，向借糧的弟兄多要的。且因貪得無饜，欺壓鄰舍奪取財物，竟忘了我。這是主耶和華說的。|zh
1045|22|12|12|In you they have taken rewards as the price of blood; you have taken interest and great profits, and you have taken away your neighbours' goods by force, and have not kept me in mind, says the Lord.|en
1046|22|13|13|看哪，我因你所得不義之財和你中間所流的血，就拍掌歎息。|zh
1047|22|13|13|See, then, I have made my hands come together in wrath against your taking of goods by force and against the blood which has been flowing in you.|en
1048|22|14|14|到了我懲罰你的日子，你的心還能忍受麼﹖你的手還能有力麼﹖我─耶和華說了這話，就必照著行。|zh
1049|22|14|14|Will your heart be high or your hands strong in the days when I take you in hand? I the Lord have said it and will do it.|en
1050|22|15|15|我必將你分散在列國，四散在列邦。我也必從你中間除掉你的污穢。|zh
1051|22|15|15|And I will send you in flight among the nations and wandering among the countries; and I will completely take away out of you everything which is unclean.|en
1052|22|16|16|你必在列國人的眼前因自己所行的被褻瀆，你就知道我是耶和華。|zh
1053|22|16|16|And you will be made low before the eyes of the nations; and it will be clear to you that I am the Lord.|en
1054|22|17|17|耶和華的話臨到我說：|zh
1055|22|17|17|And the word of the Lord came to me, saying,|en
1056|22|18|18|人子啊，以色列家在我看為渣滓。他們都是爐中的銅、錫、鐵、鉛，都是銀渣滓。|zh
1057|22|18|18|Son of man, the children of Israel have become like the poorest sort of waste metal to me: they are all silver and brass and tin and iron and lead mixed with waste.|en
1058|22|19|19|所以主耶和華如此說：因你們都成為渣滓，我必聚集你們在耶路撒冷中。|zh
1059|22|19|19|For this cause the Lord has said: Because you have all become waste metal, see, I will get you together inside Jerusalem.|en
1060|22|20|20|人怎樣將銀、銅、鐵、鉛、錫聚在爐中，吹火鎔化；照樣，我也要發怒氣和忿怒，將你們聚集放在城中，鎔化你們。|zh
1061|22|20|20|As they put silver and brass and iron and lead and tin together inside the oven, heating up the fire on it to make it soft; so will I get you together in my wrath and in my passion, and, heating the fire with my breath, will make you soft.|en
1062|22|21|21|我必聚集你們，把我烈怒的火吹在你們身上，你們就在其中鎔化。|zh
1063|22|21|21|Yes, I will take you, breathing on you the fire of my wrath, and you will become soft in it.|en
1064|22|22|22|銀子怎樣鎔化在爐中，你們也必照樣鎔化在城中，你們就知道我─耶和華是將忿怒倒在你們身上了。|zh
1065|22|22|22|As silver becomes soft in the oven, so you will become soft in it; and you will be certain that I the Lord have let loose my passion on you.|en
1066|22|23|23|耶和華的話臨到我說：|zh
1067|22|23|23|And the word of the Lord came to me, saying,|en
1068|22|24|24|人子啊，你要對這地說：你是未得潔淨之地，在惱恨的日子也沒有雨下在你以上。|zh
1069|22|24|24|Son of man, say to her, You are a land on which no rain or thunderstorm has come in the day of wrath.|en
1070|22|25|25|其中的先知同謀背叛，如咆哮的獅子抓撕掠物。他們吞滅人民，搶奪財寶，使這地多有寡婦。|zh
1071|22|25|25|Her rulers in her are like a loud-voiced lion violently taking his food; they have made a meal of souls; they have taken wealth and valued property; they have made great the number of widows in her.|en
1072|22|26|26|其中的祭司強解我的律法，褻瀆我的聖物，不分別聖的和俗的，也不使人分辨潔淨的和不潔淨的，又遮眼不顧我的安息日；我也在他們中間被褻慢。|zh
1073|22|26|26|Her priests have been acting violently against my law; they have made my holy things unclean: they have made no division between what is holy and what is common, and they have not made it clear that the unclean is different from the clean, and their eyes have been shut to my Sabbaths, and I am not honoured among them.|en
1074|22|27|27|其中的首領彷彿豺狼抓撕掠物，殺人流血，傷害人命，要得不義之財。|zh
1075|22|27|27|Her rulers in her are like wolves violently taking their food; putting men to death and causing the destruction of souls, so that they may get their profit.|en
1076|22|28|28|其中的先知為百姓用未泡透的灰抹牆，就是為他們見虛假的異象，用謊詐的占卜，說：主耶和華如此說，其實耶和華沒有說。|zh
1077|22|28|28|And her prophets have been using whitewash, seeing foolish visions and making false use of secret arts, saying, This is what the Lord has said, when the Lord has said nothing.|en
1078|22|29|29|國內眾民一味地欺壓，慣行搶奪，虧負困苦窮乏的，背理欺壓寄居的。|zh
1079|22|29|29|The people of the land have been acting cruelly, taking men's goods by force; they have been hard on the poor and those in need, and have done wrong to the man from a strange land.|en
1080|22|30|30|我在他們中間尋找一人重修牆垣，在我面前為這國站在破口防堵，使我不滅絕這國，卻找不著一個。|zh
1081|22|30|30|And I was looking for a man among them who would make up the wall and take his station in the broken place before me for the land, so that I might not send destruction on it: but there was no one.|en
1082|22|31|31|所以我將惱恨倒在他們身上，用烈怒的火滅了他們，照他們所行的報應在他們頭上。這是主耶和華說的。|zh
1083|22|31|31|And I let loose my passion on them, and have put an end to them in the fire of my wrath: I have made the punishment of their ways come on their heads, says the Lord.|en
1084|23|1|1|耶和華的話又臨到我說：|zh
1085|23|1|1|The word of the Lord came to me again, saying,|en
1086|23|2|2|人子啊，有兩個女子，是一母所生，|zh
1087|23|2|2|Son of man, there were two women, daughters of one mother:|en
1088|23|3|3|他們在埃及行邪淫，在幼年時行邪淫。他們在那裡作處女的時候，有人擁抱他們的懷，撫摸他們的乳。|zh
1089|23|3|3|They were acting like loose women in Egypt; when they were young their behaviour was loose: there their breasts were crushed, even the points of their young breasts were crushed.|en
1090|23|4|4|他們的名字，姊姊名叫阿荷拉，妹妹名叫阿荷利巴。他們都歸於我，生了兒女。論到他們的名字，阿荷拉就是撒瑪利亞，阿荷利巴就是耶路撒冷。|zh
1091|23|4|4|Their names were Oholah, the older, and Oholibah, her sister: and they became mine, and gave birth to sons and daughters. As for their names, Samaria is Oholah, and Jerusalem, Oholibah.|en
1092|23|5|5|阿荷拉歸我之後行邪淫，貪戀所愛的人，就是他的鄰邦亞述人。|zh
1093|23|5|5|And Oholah was untrue to me when she was mine; she was full of desire for her lovers, even for the Assyrians, her neighbours,|en
1094|23|6|6|這些人都穿藍衣，作省長、副省長，都騎著馬，是可愛的少年人。|zh
1095|23|6|6|Who were clothed in blue, captains and rulers, all of them young men to be desired, horsemen seated on horses.|en
1096|23|7|7|阿荷拉就與亞述人中最美的男子放縱淫行，他因所戀愛之人的一切偶像，玷污自己。|zh
1097|23|7|7|And she gave her unclean love to them, all of them the noblest men of Assyria: and she made herself unclean with the images of all who were desired by her.|en
1098|23|8|8|自從在埃及的時候，他就沒有離開淫亂，因為他年幼作處女的時候，埃及人與他行淫，撫摸他的乳，縱慾與他行淫。|zh
1099|23|8|8|And she has not given up her loose ways from the time when she was in Egypt; for when she was young they were her lovers, and by them her young breasts were crushed, and they let loose on her their unclean desire.|en
1100|23|9|9|因此，我將他交在他所愛的人手中，就是他所戀愛的亞述人手中。|zh
1101|23|9|9|For this cause I gave her up into the hands of her lovers, into the hands of the Assyrians on whom her desire was fixed.|en
1102|23|10|10|他們就露了他的下體，擄掠他的兒女，用刀殺了他，使他在婦女中留下臭名，因他們向他施行審判。|zh
1103|23|10|10|By these her shame was uncovered: they took her sons and daughters and put her to death with the sword: and she became a cause of wonder to women; for they gave her the punishment which was right.|en
1104|23|11|11|他妹妹阿荷利巴雖然看見了，卻還貪戀，比他姊姊更醜；行淫亂比他姊姊更多。|zh
1105|23|11|11|And her sister Oholibah saw this, but her desire was even more unmeasured, and her loose behaviour was worse than that of her sister.|en
1106|23|12|12|他貪戀鄰邦的亞述人，就是穿極華美的衣服，騎著馬的省長、副省長，都是可愛的少年人。|zh
1107|23|12|12|She was full of desire for the Assyrians, captains and rulers, her neighbours, clothed in blue, horsemen going on horses, all of them young men to be desired.|en
1108|23|13|13|我看見他被玷污了，他姊妹二人同行一路。|zh
1109|23|13|13|And I saw that she had become unclean; the two of them went the same way.|en
1110|23|14|14|阿荷利巴又加增淫行，因他看見人像畫在牆上，就是用丹色所畫迦勒底人的像，|zh
1111|23|14|14|And her loose behaviour became worse; for she saw men pictured on a wall, pictures of the Chaldaeans painted in bright red,|en
1112|23|15|15|腰間繫著帶子，頭上有下垂的裹頭巾，都是軍長的形狀，仿照巴比倫人的形像；他們的故土就是迦勒底。|zh
1113|23|15|15|With bands round their bodies and with head-dresses hanging round their heads, all of them looking like rulers, like the Babylonians, the land of whose birth is Chaldaea.|en
1114|23|16|16|阿荷利巴一看見就貪戀他們，打發使者往迦勒底去見他們。|zh
1115|23|16|16|And when she saw them she was full of desire for them, and sent servants to them in Chaldaea.|en
1116|23|17|17|巴比倫人就來登他愛情的床，與他行淫玷污他。他被玷污，隨後心裡與他們生疏。|zh
1117|23|17|17|And the Babylonians came to her, into the bed of love, and made her unclean with their loose desire, and she became unclean with them, and her soul was turned from them.|en
1118|23|18|18|這樣，他顯露淫行，又顯露下體；我心就與他生疏，像先前與他姊姊生疏一樣。|zh
1119|23|18|18|So her loose behaviour was clearly seen and her shame uncovered: then my soul was turned from her as it had been turned from her sister.|en
1120|23|19|19|他還加增他的淫行，追念他幼年在埃及地行邪淫的日子，|zh
1121|23|19|19|But still she went on the more with her loose behaviour, keeping in mind the early days when she had been a loose woman in the land of Egypt.|en
1122|23|20|20|貪戀情人身壯精足，如驢如馬。|zh
1123|23|20|20|And she was full of desire for her lovers, whose flesh is like the flesh of asses and whose seed is like the seed of horses.|en
1124|23|21|21|這樣，你就想起你幼年的淫行。那時，埃及人擁抱你的懷，撫摸你的乳。|zh
1125|23|21|21|And she made the memory of the loose ways of her early years come back to mind, when her young breasts were crushed by the Egyptians.|en
1126|23|22|22|阿荷利巴啊，主耶和華如此說：我必激動你先愛而後生疏的人來攻擊你。我必使他們來，在你四圍攻擊你。|zh
1127|23|22|22|For this cause, O Oholibah, this is what the Lord has said: See, I will make your lovers come up against you, even those from whom your soul is turned away in disgust; and I will make them come up against you on every side;|en
1128|23|23|23|所來的就是巴比倫人、迦勒底的眾人、比割人、書亞人、哥亞人，同著他們的還有亞述眾人，乃是作省長、副省長、作軍長有名聲的，都騎著馬，是可愛的少年人。|zh
1129|23|23|23|The Babylonians and all the Chaldaeans, Pekod and Shoa and Koa, and all the Assyrians with them: young men to be desired, captains and rulers all of them, and chiefs, her neighbours, all of them on horseback.|en
1130|23|24|24|他們必帶兵器、戰車、輜重車，率領大眾來攻擊你。他們要拿大小盾牌，頂盔擺陣，在你四圍攻擊你。我要將審判的事交給他們，他們必按著自己的條例審判你。|zh
1131|23|24|24|And they will come against you from the north on horseback, with war-carriages and a great band of peoples; they will put themselves in order against you with breastplate and body-cover and metal head-dress round about you: and I will make them your judges, and they will give their decision against you as seems right to them.|en
1132|23|25|25|我必以忌恨攻擊你；他們必以忿怒辦你。他們必割去你的鼻子和耳朵；你遺留（或譯：餘剩；下同）的人必倒在刀下。他們必擄去你的兒女；你所遺留的必被火焚燒。|zh
1133|23|25|25|And my bitter feeling will be working against you, and they will take you in hand with passion; they will take away your nose and your ears, and the rest of you will be put to the sword: they will take your sons and daughters, and the rest of you will be burned up in the fire.|en
1134|23|26|26|他們必剝去你的衣服，奪取你華美的寶器。|zh
1135|23|26|26|And they will take all your clothing off you and take away your ornaments.|en
1136|23|27|27|這樣，我必使你的淫行和你從埃及地染來的淫亂止息了，使你不再仰望亞述，也不再追念埃及。|zh
1137|23|27|27|So I will put an end to your evil ways and your loose behaviour which came from the land of Egypt: and your eyes will never be lifted up to them again, and you will have no more memory of Egypt.|en
1138|23|28|28|主耶和華如此說：我必將你交在你所恨惡的人手中，就是你心與他生疏的人手中。|zh
1139|23|28|28|For this is what the Lord has said: See, I will give you up into the hands of those who are hated by you, into the hands of those from whom your soul is turned away in disgust:|en
1140|23|29|29|他們必以恨惡辦你，奪取你一切勞碌得來的，留下你赤身露體。你淫亂的下體，連你的淫行，帶你的淫亂，都被顯露。|zh
1141|23|29|29|And they will take you in hand with hate, and take away all the fruit of your work, and let you be unveiled and without clothing: and the shame of your loose behaviour will be uncovered, your evil designs and your loose ways.|en
1142|23|30|30|人必向你行這些事；因為你隨從外邦人行邪淫，被他們的偶像玷污了。|zh
1143|23|30|30|They will do these things to you because you have been untrue to me, and have gone after the nations, and have become unclean with their images.|en
1144|23|31|31|你走了你姊姊所走的路，所以我必將他的杯交在你手中。|zh
1145|23|31|31|You have gone in the way of your sister; and I will give her cup into your hand.|en
1146|23|32|32|主耶和華如此說：你必喝你姊姊所喝的杯；那杯又深又廣，盛得甚多，使你被人嗤笑譏刺。|zh
1147|23|32|32|This is what the Lord has said: You will take a drink from your sister's cup, which is deep and wide: you will be laughed at and looked down on, more than you are able to undergo.|en
1148|23|33|33|你必酩酊大醉，滿有愁苦，喝乾你姊姊撒瑪利亞的杯，就是令人驚駭淒涼的杯。|zh
1149|23|33|33|You will be broken and full of sorrow, with the cup of wonder and destruction, with the cup of your sister Samaria.|en
1150|23|34|34|你必喝這杯，以致喝盡。杯破又齦杯片，撕裂自己的乳；因為這事我曾說過。這是主耶和華說的。|zh
1151|23|34|34|And after drinking it and draining it out, you will take the last drops of it to the end, pulling off your breasts: for I have said it, says the Lord.|en
1152|23|35|35|主耶和華如此說：因你忘記我，將我丟在背後，所以你要擔當你淫行和淫亂的報應。|zh
1153|23|35|35|So this is what the Lord has said: Because you have not kept me in your memory, and because your back has been turned to me, you will even undergo the punishment of your evil designs and your loose ways.|en
1154|23|36|36|耶和華又對我說：人子啊，你要審問阿荷拉與阿荷利巴麼﹖當指出他們所行可憎的事。|zh
1155|23|36|36|Then the Lord said to me: Son of man, will you be the judge of Oholibah? then make clear to her the disgusting things she has done.|en
1156|23|37|37|他們行淫，手中有殺人的血，又與偶像行淫，並使他們為我所生的兒女經火燒給偶像。|zh
1157|23|37|37|For she has been false to me, and blood is on her hands, and with her images she has been untrue; and more than this, she made her sons, whom she had by me, go through the fire to them to be burned up.|en
1158|23|38|38|此外，他們還有向我所行的，就是同日玷污我的聖所，干犯我的安息日。|zh
1159|23|38|38|Further, this is what she has done to me: she has made my holy place unclean and has made my Sabbaths unclean.|en
1160|23|39|39|他們殺了兒女獻與偶像，當天又入我的聖所，將聖所褻瀆了。他們在我殿中所行的乃是如此。|zh
1161|23|39|39|For when she had made an offering of her children to her images, she came into my holy place to make it unclean; see, this is what she has done inside my house.|en
1162|23|40|40|況且你們二婦打發使者去請遠方人。使者到他們那裡，他們就來了。你們為他們沐浴己身，粉飾眼目，佩戴妝飾，|zh
1163|23|40|40|And she even sent for men to come from far away, to whom a servant was sent, and they came: for whom she was washing her body and painting her eyes and making herself fair with ornaments.|en
1164|23|41|41|坐在華美的床上，前面擺設桌案，將我的香料膏油擺在其上。|zh
1165|23|41|41|And she took her seat on a great bed, with a table put ready before it on which she put my perfume and my oil.|en
1166|23|42|42|在那裡有群眾安逸歡樂的聲音，並有粗俗的人和酒徒從曠野同來，把鐲子戴在二婦的手上，把華冠戴在他們的頭上。|zh
1167|23|42|42|... and they put jewels on her hands and beautiful crowns on her head.|en
1168|23|43|43|我論這行淫衰老的婦人說：現在人還要與他行淫，他也要與人行淫。|zh
1169|23|43|43|Then I said ... now she will go on with her loose ways.|en
1170|23|44|44|人與阿荷拉，並阿荷利巴二淫婦茍合，好像與妓女苟合。|zh
1171|23|44|44|And they went in to her, as men go to a loose woman: so they went in to Oholibah, the loose woman.|en
1172|23|45|45|必有義人，照審判淫婦和流人血的婦人之例，審判他們；因為他們是淫婦，手中有殺人的血。|zh
1173|23|45|45|And upright men will be her judges, judging her as false wives and women who take lives are judged; because she has been untrue to me and blood is on her hands.|en
1174|23|46|46|主耶和華如此說：我必使多人來攻擊他們，使他們拋來拋去，被人搶奪。|zh
1175|23|46|46|For this is what the Lord has said: I will make a great meeting of the people come together against her, and will send on her shaking fear and take everything from her.|en
1176|23|47|47|這些人必用石頭打死他們，用刀劍殺害他們，又殺戮他們的兒女，用火焚燒他們的房屋。|zh
1177|23|47|47|And the meeting, after stoning her with stones, will put an end to her with their swords; they will put her sons and daughters to death and have her house burned up with fire.|en
1178|23|48|48|這樣，我必使淫行從境內止息，好叫一切婦人都受警戒，不效法你們的淫行。|zh
1179|23|48|48|And I will put an end to evil in all the land, teaching all women not to do as you have done.|en
1180|23|49|49|人必照著你們的淫行報應你們；你們要擔當拜偶像的罪，就知道我是主耶和華。|zh
1181|23|49|49|And I will send on you the punishment of your evil ways, and you will be rewarded for your sins with your images: and you will be certain that I am the Lord.|en
1182|24|1|1|第九年十月初十日，耶和華的話又臨到我說：|zh
1183|24|1|1|And the word of the Lord came to me in the ninth year, in the tenth month, on the tenth day of the month, saying,|en
1184|24|2|2|人子啊，今日正是巴比倫王就近耶路撒冷的日子，你要將這日記下，|zh
1185|24|2|2|Son of man, put down in writing this very day: The king of Babylon let loose the weight of his attack against Jerusalem on this very day.|en
1186|24|3|3|要向這悖逆之家設比喻說，主耶和華如此說：將鍋放在火上，放好了，就倒水在其中；|zh
1187|24|3|3|And make a comparison for this uncontrolled people, and say to them, This is what the Lord has said: Put on the cooking-pot, put it on the fire and put water in it:|en
1188|24|4|4|將肉塊，就是一切肥美的肉塊、腿，和肩都聚在其中，拿美好的骨頭把鍋裝滿；|zh
1189|24|4|4|And get the bits together, the fat tail, every good part, the leg and the top part of it: make it full of the best bones.|en
1190|24|5|5|取羊群中最好的，將柴堆在鍋下，使鍋開滾，好把骨頭煮在其中。|zh
1191|24|5|5|Take the best of the flock, put much wood under it: see that its bits are boiling well; let the bones be cooked inside it.|en
1192|24|6|6|主耶和華如此說：禍哉！這流人血的城，就是長鏽的鍋。其中的鏽未曾除掉，須要將肉塊從其中一一取出來，不必為他拈鬮。|zh
1193|24|6|6|For this is what the Lord has said: A curse is on the town of blood, the cooking-pot which is unclean inside, which has never been made clean! take out its bits; its fate is still to come on it.|en
1194|24|7|7|城中所流的血倒在淨光的磐石上，不倒在地上，用土掩蓋。|zh
1195|24|7|7|For her blood is in her; she has put it on the open rock not draining it on to the earth so that it might be covered with dust;|en
1196|24|8|8|這城中所流的血倒在淨光的磐石上，不得掩蓋，乃是出於我，為要發忿怒施行報應。|zh
1197|24|8|8|In order that it might make wrath come up to give punishment, she has put her blood on the open rock, so that it may not be covered.|en
1198|24|9|9|所以主耶和華如此說：禍哉！這流人血的城，我也必大堆火柴，|zh
1199|24|9|9|For this cause the Lord has said: A curse is on the town of blood! and I will make great the burning mass.|en
1200|24|10|10|添上木柴，使火著旺，將肉煮爛，把湯熬濃，使骨頭烤焦；|zh
1201|24|10|10|Put on much wood, heating up the fire, boiling the flesh well, and making the soup thick, and let the bones be burned.|en
1202|24|11|11|把鍋倒空坐在炭火上，使鍋燒熱，使銅燒紅，鎔化其中的污穢，除淨其上的鏽。|zh
1203|24|11|11|And I will put her on the coals so that she may be heated and her brass burned, so that what is unclean in her may become soft and her waste be completely taken away.|en
1204|24|12|12|這鍋勞碌疲乏，所長的大鏽仍未除掉；這鏽就是用火也不能除掉。|zh
1205|24|12|12|I have made myself tired to no purpose: still all the waste which is in her has not come out, it has an evil smell.|en
1206|24|13|13|在你污穢中有淫行，我潔淨你，你卻不潔淨。你的污穢再不能潔淨，直等我向你發的忿怒止息。|zh
1207|24|13|13|As for your unclean purpose: because I have been attempting to make you clean, but you have not been made clean from it, you will not be made clean till I have let loose my passion on you in full measure.|en
1208|24|14|14|我─耶和華說過的必定成就，必照話而行，必不返回，必不顧惜，也不後悔。人必照你的舉動行為審判你。這是主耶和華說的。|zh
1209|24|14|14|I the Lord have said the word and I will do it; I will not go back or have mercy, and my purpose will not be changed; in the measure of your ways and of your evil doings you will be judged, says the Lord.|en
1210|24|15|15|耶和華的話又臨到我說：|zh
1211|24|15|15|And the word of the Lord came to me, saying,|en
1212|24|16|16|人子啊，我要將你眼目所喜愛的忽然取去，你卻不可悲哀哭泣，也不可流淚，|zh
1213|24|16|16|Son of man, see, I am taking away the desire of your eyes by disease: but let there be no sorrow or weeping or drops running from your eyes.|en
1214|24|17|17|只可歎息，不可出聲，不可辦理喪事；頭上仍勒裹頭巾，腳上仍穿鞋，不可蒙著嘴唇，也不可吃弔喪的食物。|zh
1215|24|17|17|Let there be no sound of sorrow; make no weeping for your dead, put on your head-dress and your shoes on your feet, let not your lips be covered, and do not take the food of those in grief.|en
1216|24|18|18|於是我將這事早晨告訴百姓，晚上我的妻就死了。次日早晨我便遵命而行。|zh
1217|24|18|18|So in the morning I was teaching the people and in the evening death took my wife; and in the morning I did what I had been ordered to do.|en
1218|24|19|19|百姓問我說：你這樣行與我們有甚麼關係，你不告訴我們麼﹖|zh
1219|24|19|19|And the people said to me, Will you not make clear to us the sense of these things; is it for us you do them?|en
1220|24|20|20|我回答他們：耶和華的話臨到我說：|zh
1221|24|20|20|Then I said to them, The word of the Lord came to me, saying,|en
1222|24|21|21|你告訴以色列家，主耶和華如此說：我必使我的聖所，就是你們勢力所誇耀、眼裡所喜愛、心中所愛惜的被褻瀆，並且你們所遺留的兒女必倒在刀下。|zh
1223|24|21|21|Say to the people of Israel, The Lord has said, See, I will make my holy place unclean, the pride of your strength, the pleasure of your eyes, and the desire of your soul; and your sons and daughters, who did not come with you here, will be put to the sword.|en
1224|24|22|22|那時，你們必行我僕人所行的，不蒙著嘴唇，也不吃弔喪的食物。|zh
1225|24|22|22|And you will do as I have done, not covering your lips or taking the food of those in grief.|en
1226|24|23|23|你們仍要頭上勒裹頭巾，腳上穿鞋；不可悲哀哭泣。你們必因自己的罪孽相對歎息，漸漸消滅。|zh
1227|24|23|23|And your head-dresses will be on your heads and your shoes on your feet: there will be no sorrow or weeping; but you will be wasting away in the punishment of your evil-doing, and you will be looking at one another in wonder.|en
1228|24|24|24|以西結必這樣為你們作預兆；凡他所行的，你們也必照樣行。那事來到，你們就知道我是主耶和華。|zh
1229|24|24|24|And Ezekiel will be a sign to you; everything he has done you will do: when this takes place, you will be certain that I am the Lord.|en
1230|24|25|25|人子啊，我除掉他們所倚靠、所歡喜的榮耀，並眼中所喜愛、心裡所重看的兒女。|zh
1231|24|25|25|And as for you, son of man, your mouth will be shut in the day when I take from them their strength, the joy of their glory, the desire of their eyes, and that on which their hearts are fixed, and their sons and daughters.|en
1232|24|26|26|那日逃脫的人豈不來到你這裡，使你耳聞這事麼﹖|zh
1233|24|26|26|In that day, one who has got away safe will come to you to give you news of it.|en
1234|24|27|27|你必向逃脫的人開口說話，不再啞口。你必這樣為他們作預兆，他們就知道我是耶和華。|zh
1235|24|27|27|In that day your mouth will be open to him who has got away safe, and you will say words to him and your lips will no longer be shut: so you will be a sign to them and they will be certain that I am the Lord.|en
1236|25|1|1|耶和華的話臨到我說：|zh
1237|25|1|1|And the word of the Lord came to me, saying,|en
1238|25|2|2|人子啊，你要面向亞捫人說預言，攻擊他們，|zh
1239|25|2|2|Son of man, let your face be turned to the children of Ammon, and be a prophet against them:|en
1240|25|3|3|說：你們當聽主耶和華的話。主耶和華如此說：我的聖所被褻瀆，以色列地變荒涼，猶大家被擄掠；那時，你便因這些事說：阿哈！|zh
1241|25|3|3|And say to the children of Ammon, Give ear to the word of the Lord; this is what the Lord has said: Because you said, Aha! against my holy place when it was made unclean, and against the land of Israel when it was made waste, and against the people of Judah when they were taken away as prisoners;|en
1242|25|4|4|所以我必將你的地交給東方人為業；他們必在你的地上安營居住，吃你的果子，喝你的奶。|zh
1243|25|4|4|For this cause I will give you up to the children of the east for their heritage, and they will put their tent-circles in you and make their houses in you; they will take your fruit for their food and your milk for their drink.|en
1244|25|5|5|我必使拉巴為駱駝場，使亞捫人的地為羊群躺臥之處，你們就知道我是耶和華。|zh
1245|25|5|5|And I will make Rabbah a place for housing camels, and the children of Ammon a resting-place for flocks: and you will be certain that I am the Lord.|en
1246|25|6|6|主耶和華如此說：因你拍手頓足，以滿心的恨惡向以色列地歡喜，|zh
1247|25|6|6|For the Lord has said, Because you have made sounds of joy with your hands, stamping your feet, and have been glad, putting shame with all your soul on the land of Israel;|en
1248|25|7|7|所以我伸手攻擊你，將你交給列國作為擄物。我必從萬民中剪除你，使你從萬國中敗亡。我必除滅你，你就知道我是耶和華。|zh
1249|25|7|7|For this cause my hand has been stretched out against you, and I will give up your goods to be taken by the nations; I will have you cut off from the peoples and will put an end to you among the countries: I will give you up to destruction; and you will be certain that I am the Lord.|en
1250|25|8|8|主耶和華如此說：因摩押和西珥人說：看哪，猶大家與列國無異，|zh
1251|25|8|8|This is what the Lord has said: Because Moab and Seir are saying, See, the people of Judah are like all the nations;|en
1252|25|9|9|所以我要破開摩押邊界上的城邑，就是摩押人看為本國之榮耀的伯耶西末、巴力免、基列亭，|zh
1253|25|9|9|For this cause, I will let the side of Moab be uncovered, and his towns on every side, the glory of the land, Beth-jeshimoth, Baal-meon and as far as Kiriathaim.|en
1254|25|10|10|好使東方人來攻擊亞捫人。我必將亞捫人之地交給他們為業，使亞捫人在列國中不再被記念。|zh
1255|25|10|10|To the children of the east I have given her for a heritage, as well as the children of Ammon, so that there may be no memory of her among the nations:|en
1256|25|11|11|我必向摩押施行審判，他們就知道我是耶和華。|zh
1257|25|11|11|And I will be the judge of Moab; and they will see that I am the Lord.|en
1258|25|12|12|主耶和華如此說：因為以東報仇雪恨，攻擊猶大家，向他們報仇，大大有罪，|zh
1259|25|12|12|This is what the Lord has said: Because Edom has taken his payment from the people of Judah, and has done great wrong in taking payment from them;|en
1260|25|13|13|所以主耶和華如此說：我必伸手攻擊以東，剪除人與牲畜，使以東從提幔起，人必倒在刀下，地要變為荒涼，直到底但。|zh
1261|25|13|13|The Lord has said, My hand will be stretched out against Edom, cutting off from it man and beast: and I will make it waste, from Teman even as far as Dedan they will be put to the sword.|en
1262|25|14|14|我必藉我民以色列的手報復以東；以色列民必照我的怒氣，按我的忿怒在以東施報，以東人就知道是我施報。這是主耶和華說的。|zh
1263|25|14|14|I will take payment from Edom because of my people Israel; and I will take Edom in hand in my wrath and in my passion: and they will have experience of my reward, says the Lord.|en
1264|25|15|15|主耶和華如此說：因非利士人向猶大人報仇，就是以恨惡的心報仇雪恨，永懷仇恨，要毀滅他們，|zh
1265|25|15|15|This is what the Lord has said: Because the Philistines have taken payment, with the purpose of causing shame and destruction with unending hate;|en
1266|25|16|16|所以主耶和華如此說：我必伸手攻擊非利士人，剪除基利提人，滅絕沿海剩下的居民。|zh
1267|25|16|16|The Lord has said, See, my hand will be stretched out against the Philistines, cutting off the Cherethites and sending destruction on the rest of the sea-land.|en
1268|25|17|17|我向他們大施報應，發怒斥責他們。我報復他們的時候，他們就知道我是耶和華。|zh
1269|25|17|17|And I will take great payment from them with acts of wrath; and they will be certain that I am the Lord when I send my punishment on them.|en
1270|26|1|1|第十一年十一月初一日，耶和華的話臨到我說：|zh
1271|26|1|1|Now in the eleventh year, on the first day of the month, the word of the Lord came to me, saying,|en
1272|26|2|2|人子啊，因推羅向耶路撒冷說：阿哈，那作眾民之門的已經破壞，向我開放；他既變為荒場，我必豐盛。|zh
1273|26|2|2|Son of man, because Tyre has said against Jerusalem, Aha, she who was the doorway of the peoples is broken; she is turned over to them; she who was full is made waste;|en
1274|26|3|3|所以，主耶和華如此說：推羅啊，我必與你為敵，使許多國民上來攻擊你，如同海使波浪湧上來一樣。|zh
1275|26|3|3|For this cause the Lord has said, See, I am against you, O Tyre, and will send up a number of nations against you as the sea sends up its waves.|en
1276|26|4|4|他們必破壞推羅的牆垣，拆毀他的城樓。我也要刮淨塵土，使他成為淨光的磐石。|zh
1277|26|4|4|And they will give the walls of Tyre to destruction and have its towers broken: and I will take even her dust away from her, and make her an uncovered rock|en
1278|26|5|5|他必在海中作曬網的地方，也必成為列國的擄物。這是主耶和華說的。|zh
1279|26|5|5|She will be a place for the stretching out of nets in the middle of the sea; for I have said it, says the Lord: and her goods will be given over to the nations.|en
1280|26|6|6|屬推羅城邑的居民（原文是田間的眾女；八節同）必被刀劍殺滅，他們就知道我是耶和華。|zh
1281|26|6|6|And her daughters in the open country will be put to the sword: and they will be certain that I am the Lord.|en
1282|26|7|7|主耶和華如此說：我必使諸王之王的巴比倫王尼布甲尼撒率領馬匹車輛、馬兵、軍隊，和許多人民從北方來攻擊你推羅。|zh
1283|26|7|7|For this is what the Lord has said: See, I will send up from the north Nebuchadrezzar, king of Babylon, king of kings, against Tyre, with horses and war-carriages and with an army and great numbers of people.|en
1284|26|8|8|他必用刀劍殺滅屬你城邑的居民，也必造臺築壘舉盾牌攻擊你。|zh
1285|26|8|8|He will put to the sword your daughters in the open country: he will make strong walls against you and put up an earthwork against you, arming himself for war against you.|en
1286|26|9|9|他必安設撞城錘攻破你的牆垣，用鐵器拆毀你的城樓。|zh
1287|26|9|9|He will put up his engines of war against your walls, and your towers will be broken down by his axes.|en
1288|26|10|10|因他的馬匹眾多，塵土揚起遮蔽你。他進入你的城門，好像人進入已有破口之城。那時，你的牆垣必因騎馬的和戰車、輜重車的響聲震動。|zh
1289|26|10|10|Because of the number of his horses you will be covered with their dust: your walls will be shaking at the noise of the horsemen and of the wheels and of the war-carriages, when he comes through your doorways, as into a town which has been broken open.|en
1290|26|11|11|他的馬蹄必踐踏你一切的街道，他必用刀殺戮你的居民；你堅固的柱子（或譯：柱像）必倒在地上。|zh
1291|26|11|11|Your streets will be stamped down by the feet of his horses: he will put your people to the sword, and will send down the pillars of your strength to the earth.|en
1292|26|12|12|人必以你的財寶為擄物，以你的貨財為掠物，破壞你的牆垣，拆毀你華美的房屋，將你的石頭、木頭、塵土都拋在水中。|zh
1293|26|12|12|They will take by force all your wealth and go off with the goods with which you do trade: they will have your walls broken down and all the houses of your desire given up to destruction: they will put your stones and your wood and your dust deep in the water.|en
1294|26|13|13|我必使你唱歌的聲音止息，人也不再聽見你彈琴的聲音。|zh
1295|26|13|13|I will put an end to the noise of your songs, and the sound of your instruments of music will be gone for ever.|en
1296|26|14|14|我必使你成為淨光的磐石，作曬網的地方；你不得再被建造，因為這是主耶和華說的。|zh
1297|26|14|14|I will make you an uncovered rock: you will be a place for the stretching out of nets; there will be no building you up again: for I the Lord have said it, says the Lord.|en
1298|26|15|15|主耶和華對推羅如此說：在你中間行殺戮，受傷之人唉哼的時候，因你傾倒的響聲，海島豈不都震動麼﹖|zh
1299|26|15|15|This is what the Lord has said to Tyre: Will not the sea-lands be shaking at the sound of your fall, when the wounded give cries of pain, when men are put to the sword in you?|en
1300|26|16|16|那時靠海的君王必都下位，除去朝服，脫下花衣，披上戰兢，坐在地上，時刻發抖，為你驚駭。|zh
1301|26|16|16|Then all the rulers of the sea will come down from their high seats, and put away their robes and take off their clothing of needlework: they will put on the clothing of grief, they will take their seats on the earth, shaking with fear every minute and overcome with wonder at you.|en
1302|26|17|17|他們必為你作起哀歌說：你這有名之城，素為航海之人居住，在海上為最堅固的；平日你和居民使一切住在那裡的人無不驚恐；現在何竟毀滅了﹖|zh
1303|26|17|17|And they will send up a song of grief for you, and say to you, What destruction has come on you, how are you cut off from the sea, the noted town, which was strong in the sea, she and her people, causing the fear of them to come on all the dry land!|en
1304|26|18|18|如今在你這傾覆的日子，海島都必戰兢；海中的群島見你歸於無有就都驚惶。|zh
1305|26|18|18|Now the sea-lands will be shaking in the day of your fall; and all the ships on the sea will be overcome with fear at your going.|en
1306|26|19|19|主耶和華如此說：推羅啊，我使你變為荒涼，如無人居住的城邑；又使深水漫過你，大水淹沒你。|zh
1307|26|19|19|For this is what the Lord has said: I will make you a waste town, like the towns which are unpeopled; when I make the deep come upon you, covering you with great waters.|en
1308|26|20|20|那時，我要叫你下入陰府，與古時的人一同在地的深處、久已荒涼之地居住，使你不再有居民。我也要在活人之地顯榮耀（我也……榮耀：或譯在活人之地不再有榮耀）。|zh
1309|26|20|20|Then I will make you go down with those who go down into the underworld, to the people of the past, causing your living-place to be in the deepest parts of the earth, in places long unpeopled, with those who go down into the deep, so that there will be no one living in you; and you will have no glory in the land of the living.|en
1310|26|21|21|我必叫你令人驚恐，不再存留於世；人雖尋找你，卻永尋不見。這是主耶和華說的。|zh
1311|26|21|21|I will make you a thing of fear, and you will come to an end: even if you are looked for, you will not be seen again for ever, says the Lord.|en
1312|27|1|1|耶和華的話又臨到我說：|zh
1313|27|1|1|The word of the Lord came to me again, saying,|en
1314|27|2|2|人子啊，要為推羅作起哀歌，|zh
1315|27|2|2|And you, son of man, make a song of grief for Tyre;|en
1316|27|3|3|說：你居住海口，是眾民的商埠；你的交易通到許多的海島。主耶和華如此說：推羅啊，你曾說：我是全然美麗的。|zh
1317|27|3|3|And say to Tyre, O you who are seated at the doorway of the sea, trading for the peoples with the great sea-lands, these are the words of the Lord: You, O Tyre, have said, I am a ship completely beautiful.|en
1318|27|4|4|你的境界在海中，造你的使你全然美麗。|zh
1319|27|4|4|Your builders have made your outlines in the heart of the seas, they have made you completely beautiful.|en
1320|27|5|5|他們用示尼珥的松樹做你的一切板，用利巴嫩的香柏樹做桅杆，|zh
1321|27|5|5|They have made all your boards of fir-trees from Senir: they have taken cedars from Lebanon to make the supports for your sails.|en
1322|27|6|6|用巴珊的橡樹做你的槳，用象牙鑲嵌基提海島的黃楊木為坐板（或譯：艙板）。|zh
1323|27|6|6|Of oak-trees from Bashan they have made your driving blades; they have made your floors of ivory and boxwood from the sea-lands of Kittim.|en
1324|27|7|7|你的篷帆是用埃及繡花細麻布做的，可以做你的大旗；你的涼棚是用以利沙島的藍色、紫色布做的。|zh
1325|27|7|7|The best linen with needlework from Egypt was your sail, stretched out to be a flag for you; blue and purple from the sea-lands of Elishah gave you shade.|en
1326|27|8|8|西頓和亞發的居民作你盪槳的。推羅啊，你中間的智慧人作掌舵的。|zh
1327|27|8|8|The people of Zidon and Arvad were your boatmen; the wise men of Zemer were in you; they were guiding your ships;|en
1328|27|9|9|迦巴勒的老者和聰明人都在你中間作補縫的；一切泛海的船隻和水手都在你中間經營交易的事。|zh
1329|27|9|9|The responsible men of Gebal and its wise men were in you, making your boards watertight: all the ships of the sea with their seamen were in you trading in your goods.|en
1330|27|10|10|波斯人、路德人、弗人在你軍營中作戰士；他們在你中間懸掛盾牌和頭盔，彰顯你的尊榮。|zh
1331|27|10|10|Cush and Lud and Put were in your army, your men of war, hanging up their body-covers and head-dresses of war in you: they gave you your glory.|en
1332|27|11|11|亞發人和你的軍隊都在你四圍的牆上，你的望樓也有勇士；他們懸掛盾牌，成全你的美麗。|zh
1333|27|11|11|The men of Arvad in your army were on your walls, and were watchmen in your towers, hanging up their arms on your walls round about; they made you completely beautiful.|en
1334|27|12|12|他施人因你多有各類的財物，就作你的客商，拿銀、鐵、錫、鉛兌換你的貨物。|zh
1335|27|12|12|Tarshish did business with you because of the great amount of your wealth; they gave silver, iron, tin, and lead for your goods.|en
1336|27|13|13|雅完人、土巴人、米設人都與你交易；他們用人口和銅器兌換你的貨物。|zh
1337|27|13|13|Javan, Tubal, and Meshech were your traders; they gave living men and brass vessels for your goods.|en
1338|27|14|14|陀迦瑪族用馬和戰馬並騾子兌換你的貨物。|zh
1339|27|14|14|The people of Togarmah gave horses and war-horses and transport beasts for your goods.|en
1340|27|15|15|底但人與你交易，許多海島作你的碼頭；他們拿象牙、烏木與你兌換（或譯：進貢）。|zh
1341|27|15|15|The men of Rodan were your traders: a great number of sea-lands did business with you: they gave you horns of ivory and ebony as an offering.|en
1342|27|16|16|亞蘭人因你的工作很多，就作你的客商；他們用綠寶石、紫色布繡貨、細麻布、珊瑚、紅寶石兌換你的貨物。|zh
1343|27|16|16|Edom did business with you because of the great number of things which you made; they gave emeralds, purple, and needlework, and the best linen and coral and rubies for your goods.|en
1344|27|17|17|猶大和以色列地的人都與你交易；他們用米匿的麥子、餅、蜜、油、乳香兌換你的貨物。|zh
1345|27|17|17|Judah and the land of Israel were your traders; they gave grain of Minnith and sweet cakes and honey and oil and perfume for your goods.|en
1346|27|18|18|大馬色人因你的工作很多，又因你多有各類的財物，就拿黑本酒和白羊毛與你交易。|zh
1347|27|18|18|Damascus did business with you because of the great amount of your wealth, with wine of Helbon and white wool.|en
1348|27|19|19|威但人和雅完人拿紡成的線、亮鐵、桂皮、菖蒲兌換你的貨物。|zh
1349|27|19|19|... for your goods: they gave polished iron and spices for your goods.|en
1350|27|20|20|底但人用高貴的毯子、鞍、屜與你交易。|zh
1351|27|20|20|Dedan did trade with you in cloths for the backs of horses.|en
1352|27|21|21|亞拉伯人和基達的一切首領都作你的客商，用羊羔、公綿羊、公山羊與你交易。|zh
1353|27|21|21|Arabia and all the rulers of Kedar did business with you; in lambs and sheep and goats, in these they did business with you.|en
1354|27|22|22|示巴和拉瑪的商人與你交易，他們用各類上好的香料、各類的寶石，和黃金兌換你的貨物。|zh
1355|27|22|22|The traders of Sheba and Raamah did trade with you; they gave the best of all sorts of spices and all sorts of stones of great price and gold for your goods.|en
1356|27|23|23|哈蘭人、干尼人、伊甸人、示巴的商人，和亞述人、基抹人與你交易。|zh
1357|27|23|23|Haran and Canneh and Eden, the traders of Asshur and all the Medes:|en
1358|27|24|24|這些商人以美好的貨物包在繡花藍色包袱內，又有華麗的衣服裝在香柏木的箱子裡，用繩捆著與你交易。|zh
1359|27|24|24|These were your traders in beautiful robes, in rolls of blue and needlework, and in chests of coloured cloth, corded with cords and made of cedar-wood, in them they did trade with you.|en
1360|27|25|25|他施的船隻接連成幫為你運貨，你便在海中豐富極其榮華。|zh
1361|27|25|25|Tarshish ships did business for you in your goods: and you were made full, and great was your glory in the heart of the seas.|en
1362|27|26|26|盪槳的已經把你盪到大水之處，東風在海中將你打破。|zh
1363|27|26|26|Your boatmen have taken you into great waters: you have been broken by the east wind in the heart of the seas.|en
1364|27|27|27|你的資財、物件、貨物、水手、掌舵的、補縫的、經營交易的，並你中間的戰士和人民，在你破壞的日子必都沉在海中。|zh
1365|27|27|27|Your wealth and your goods, the things in which you do trade, your seamen and those guiding your ships, those who make your boards watertight, and those who do business with your goods, and all your men of war who are in you, with all who have come together in you, will go down into the heart of the seas in the day of your downfall.|en
1366|27|28|28|你掌舵的呼號之聲一發，郊野都必震動。|zh
1367|27|28|28|At the sound of the cry of your ships' guides, the boards of the ship will be shaking.|en
1368|27|29|29|凡盪槳的和水手，並一切泛海掌舵的，都必下船登岸。|zh
1369|27|29|29|And all the boatmen, the seamen and those who are expert at guiding a ship through the sea, will come down from their ships and take their places on the land;|en
1370|27|30|30|他們必為你放聲痛哭，把塵土撒在頭上，在灰中打滾；|zh
1371|27|30|30|And their voices will be sounding over you, and crying bitterly they will put dust on their heads, rolling themselves in the dust:|en
1372|27|31|31|又為你使頭上光禿，用麻布束腰，號咷痛哭，苦苦悲哀。|zh
1373|27|31|31|And they will have the hair of their heads cut off because of you, and will put haircloth on their bodies, weeping for you with bitter grief in their souls, even with bitter sorrow.|en
1374|27|32|32|他們哀號的時候，為你作起哀歌哀哭，說：有何城如推羅﹖有何城如他在海中成為寂寞的呢﹖|zh
1375|27|32|32|And in their weeping they will make a song of grief for you, sorrowing over you and saying, Who is like Tyre, who has come to an end in the deep sea?|en
1376|27|33|33|你由海上運出貨物，就使許多國民充足；你以許多資財、貨物使地上的君王豐富。|zh
1377|27|33|33|When your goods went out over the seas, you made numbers of peoples full; the wealth of the kings of the earth was increased with your great wealth and all your goods.|en
1378|27|34|34|你在深水中被海浪打破的時候，你的貨物和你中間的一切人民，就都沉下去了。|zh
1379|27|34|34|Now that you are broken by the seas in the deep waters, your goods and all your people will go down with you.|en
1380|27|35|35|海島的居民為你驚奇；他們的君王都甚恐慌，面帶愁容。|zh
1381|27|35|35|All the people of the sea-lands are overcome with wonder at you, and their kings are full of fear, their faces are troubled.|en
1382|27|36|36|各國民中的客商都向你發嘶聲；你令人驚恐，不再存留於世，直到永遠。|zh
1383|27|36|36|Those who do business among the peoples make sounds of surprise at you; you have become a thing of fear, you have come to an end for ever.|en
1384|28|1|1|耶和華的話又臨到我說：|zh
1385|28|1|1|The word of the Lord came to me again, saying,|en
1386|28|2|2|人子啊，你對推羅君王說，主耶和華如此說：因你心裡高傲，說：我是神；我在海中坐神之位。你雖然居心自比　神，也不過是人，並不是神！|zh
1387|28|2|2|Son of man, say to the ruler of Tyre, This is what the Lord has said: Because your heart has been lifted up, and you have said, I am a god, I am seated on the seat of God in the heart of the seas; but you are man and not God, though you have made your heart as the heart of God:|en
1388|28|3|3|看哪，你比但以理更有智慧，甚麼祕事都不能向你隱藏。|zh
1389|28|3|3|See, you are wiser than Daniel; there is no secret which is deeper than your knowledge:|en
1390|28|4|4|你靠自己的智慧聰明得了金銀財寶，收入庫中。|zh
1391|28|4|4|By your wisdom and deep knowledge you have got power for yourself, and put silver and gold in your store-houses:|en
1392|28|5|5|你靠自己的大智慧和貿易增添資財，又因資財心裡高傲。|zh
1393|28|5|5|By your great wisdom and by your trade your power is increased, and your heart is lifted up because of your power:|en
1394|28|6|6|所以主耶和華如此說：因你居心自比神，|zh
1395|28|6|6|For this cause the Lord has said: Because you have made your heart as the heart of God,|en
1396|28|7|7|我必使外邦人，就是列國中的強暴人臨到你這裡；他們必拔刀砍壞你用智慧得來的美物，褻瀆你的榮光。|zh
1397|28|7|7|See, I am sending against you strange men, feared among the nations: they will let loose their swords against your bright wisdom, they will make your glory a common thing.|en
1398|28|8|8|他們必使你下坑；你必死在海中，與被殺的人一樣。|zh
1399|28|8|8|They will send you down to the underworld, and your death will be the death of those who are put to the sword in the heart of the seas.|en
1400|28|9|9|在殺你的人面前你還能說我是神麼﹖其實你在殺害你的人手中，不過是人，並不是神。|zh
1401|28|9|9|Will you say, in the face of those who are taking your life, I am God? but you are man and not God in the hands of those who are wounding you.|en
1402|28|10|10|你必死在外邦人手中，與未受割禮（或譯：不潔；下同）的人一樣，因為這是主耶和華說的。|zh
1403|28|10|10|Your death will be the death of those who are without circumcision, by the hands of men from strange lands: for I have said it, says the Lord.|en
1404|28|11|11|耶和華的話臨到我說：|zh
1405|28|11|11|Then the word of the Lord came to me, saying,|en
1406|28|12|12|人子啊，你為推羅王作起哀歌，說主耶和華如此說：你無所不備，智慧充足，全然美麗。|zh
1407|28|12|12|Son of man, make a song of grief for the king of Tyre, and say to him, This is what the Lord has said: You are all-wise and completely beautiful;|en
1408|28|13|13|你曾在伊甸神的園中，佩戴各樣寶石，就是紅寶石、紅璧璽、金鋼石、水蒼玉、紅瑪瑙、碧玉、藍寶石、綠寶石、紅玉，和黃金；又有精美的鼓笛在你那裡，都是在你受造之日預備齊全的。|zh
1409|28|13|13|You were in Eden, the garden of God; every stone of great price was your clothing, the sardius, the topaz, and the diamond, the beryl, the onyx, and the jasper, the emerald and the carbuncle: your store-houses were full of gold, and things of great price were in you; in the day when you were made they were got ready.|en
1410|28|14|14|你是那受膏遮掩約櫃的基路伯；我將你安置在神的聖山上；你在發光如火的寶石中間往來。|zh
1411|28|14|14|I gave you your place with the winged one; I put you on the mountain of God; you went up and down among the stones of fire.|en
1412|28|15|15|你從受造之日所行的都完全，後來在你中間又察出不義。|zh
1413|28|15|15|There has been no evil in your ways from the day when you were made, till sin was seen in you.|en
1414|28|16|16|因你貿易很多，就被強暴的事充滿，以致犯罪，所以我因你褻瀆聖地，就從神的山驅逐你。遮掩約櫃的基路伯啊，我已將你從發光如火的寶石中除滅。|zh
1415|28|16|16|Through all your trading you have become full of violent ways, and have done evil: so I sent you out shamed from the mountain of God; the winged one put an end to you from among the stones of fire.|en
1416|28|17|17|你因美麗心中高傲，又因榮光敗壞智慧，我已將你摔倒在地，使你倒在君王面前，好叫他們目睹眼見。|zh
1417|28|17|17|Your heart was lifted up because you were beautiful, you made your wisdom evil through your sin: I have sent you down, even to the earth; I have made you low before kings, so that they may see you.|en
1418|28|18|18|你因罪孽眾多，貿易不公，就褻瀆你那裡的聖所。故此，我使火從你中間發出，燒滅你，使你在所有觀看的人眼前變為地上的爐灰。|zh
1419|28|18|18|By all your sin, even by your evil trading, you have made your holy places unclean; so I will make a fire come out from you, it will make a meal of you, and I will make you as dust on the earth before the eyes of all who see you.|en
1420|28|19|19|各國民中，凡認識你的，都必為你驚奇。你令人驚恐，不再存留於世，直到永遠。|zh
1421|28|19|19|All who have knowledge of you among the peoples will be overcome with wonder at you: you have become a thing of fear, and you will never be seen again.|en
1422|28|20|20|耶和華的話臨到我說：|zh
1423|28|20|20|And the word of the Lord came to me, saying,|en
1424|28|21|21|人子啊，你要向西頓預言攻擊他，|zh
1425|28|21|21|Son of man, let your face be turned to Zidon, and be a prophet against it, and say,|en
1426|28|22|22|說主耶和華如此說：西頓哪，我與你為敵，我必在你中間得榮耀。我在你中間施行審判、顯為聖的時候，人就知道我是耶和華。|zh
1427|28|22|22|These are the words of the Lord: See, I am against you, O Zidon; and I will get glory for myself in you: and they will be certain that I am the Lord, when I send my punishments on her, and I will be seen to be holy in her.|en
1428|28|23|23|我必使瘟疫進入西頓，使血流在他街上。被殺的必在其中仆倒，四圍有刀劍臨到他，人就知道我是耶和華。|zh
1429|28|23|23|And I will send on her disease and blood in her streets; and the wounded will be falling in the middle of her, and the sword will be against her on every side; and they will be certain that I am the Lord.|en
1430|28|24|24|四圍恨惡以色列家的人，必不再向他們作刺人的荊棘，傷人的蒺藜，人就知道我是主耶和華。|zh
1431|28|24|24|And there will no longer be a plant with sharp points wounding the children of Israel, or a thorn troubling them among any who are round about them, who put shame on them; and they will be certain that I am the Lord.|en
1432|28|25|25|主耶和華如此說：我將分散在萬民中的以色列家招聚回來，向他們在列邦人眼前顯為聖的時候，他們就在我賜給我僕人雅各之地，仍然居住。|zh
1433|28|25|25|This is what the Lord has said: When I have got together the children of Israel from the peoples among whom they are wandering, and have been made holy among them before the eyes of the nations, then they will have rest in the land which is theirs, which I gave to my servant Jacob|en
1434|28|26|26|他們要在這地上安然居住。我向四圍恨惡他們的眾人施行審判以後，他們要蓋造房屋，栽種葡萄園，安然居住，就知道我是耶和華─他們的神。|zh
1435|28|26|26|And they will be safe there, building houses and planting vine-gardens and living without fear; when I have sent my punishments on all those who put shame on them round about them; and they will be certain that I am the Lord their God.|en
1436|29|1|1|第十年十月十二日，耶和華的話臨到我說：|zh
1437|29|1|1|In the tenth year, in the tenth month, on the twelfth day of the month, the word of the Lord came to me, saying,|en
1438|29|2|2|人子啊，你要向埃及王法老預言攻擊他和埃及全地，|zh
1439|29|2|2|Son of man, let your face be turned against Pharaoh, king of Egypt, and be a prophet against him and against all Egypt:|en
1440|29|3|3|說主耶和華如此說：埃及王法老啊，我與你這臥在自己河中的大魚為敵。你曾說：這河是我的，是我為自己造的。|zh
1441|29|3|3|Say to them, These are the words of the Lord: See, I am against you, Pharaoh, king of Egypt, the great river-beast stretched out among his Nile streams, who has said, The Nile is mine, and I have made it for myself.|en
1442|29|4|4|我─耶和華必用鉤子鉤住你的腮頰，又使江河中的魚貼住你的鱗甲；我必將你和所有貼住你鱗甲的魚，從江河中拉上來，|zh
1443|29|4|4|And I will put hooks in your mouth, and the fish of your streams will be hanging from your skin; and I will make you come up out of your streams, with all the fish of your streams hanging from your skin.|en
1444|29|5|5|把你並江河中的魚都拋在曠野；你必倒在田間，不被收殮，不被掩埋。我已將你給地上野獸、空中飛鳥作食物。|zh
1445|29|5|5|And I will let you be in the waste land, you and all the fish of your streams: you will go down on the face of the land; you will not be taken up or put to rest in the earth; I have given you for food to the beasts of the field and the birds of the heaven.|en
1446|29|6|6|埃及一切的居民，因向以色列家成了蘆葦的杖，就知道我是耶和華。|zh
1447|29|6|6|And it will be clear to all the people of Egypt that I am the Lord, because you have been a false support to the children of Israel.|en
1448|29|7|7|他們用手持住你，你就斷折，傷了他們的肩；他們倚靠你，你就斷折，閃了他們的腰。|zh
1449|29|7|7|When they took a grip of you in their hands, you were crushed so that their arms were broken: and when they put their weight on you for support, you were broken and all their muscles gave way.|en
1450|29|8|8|所以主耶和華如此說：我必使刀劍臨到你，從你中間將人與牲畜剪除。|zh
1451|29|8|8|For this cause the Lord has said: See, I am sending a sword on you, cutting off from you man and beast.|en
1452|29|9|9|埃及地必荒廢淒涼，他們就知道我是耶和華。因為法老說：這河是我的，是我所造的，|zh
1453|29|9|9|And the land of Egypt will be an unpeopled waste; and they will be certain that I am the Lord: because he has said, The Nile is mine, and I made it.|en
1454|29|10|10|所以我必與你並你的江河為敵，使埃及地，從色弗尼塔直到古實境界，全然荒廢淒涼。|zh
1455|29|10|10|See, then, I am against you and against your streams, and I will make the land of Egypt an unpeopled waste, from Migdol to Syene, even as far as the edge of Ethiopia.|en
1456|29|11|11|人的腳、獸的蹄都不經過，四十年之久並無人居住。|zh
1457|29|11|11|No foot of man will go through it and no foot of beast, and it will be unpeopled for forty years.|en
1458|29|12|12|我必使埃及地在荒涼的國中成為荒涼，使埃及城在荒廢的城中變為荒廢，共有四十年。我必將埃及人分散在列國，四散在列邦。|zh
1459|29|12|12|I will make the land of Egypt a waste among the countries which are made waste, and her towns will be unpeopled among the towns which have been made waste, for forty years: and I will send the Egyptians in flight among the nations and wandering through the countries.|en
1460|29|13|13|主耶和華如此說：滿了四十年，我必招聚分散在各國民中的埃及人。|zh
1461|29|13|13|For this is what the Lord has said: At the end of forty years I will get the Egyptians together from the peoples where they have gone in flight:|en
1462|29|14|14|我必叫埃及被擄的人回來，使他們歸回本地巴忒羅。在那裡必成為低微的國，|zh
1463|29|14|14|I will let the fate of Egypt be changed, and will make them come back into the land of Pathros, into the land from which they came; and there they will be an unimportant kingdom.|en
1464|29|15|15|必為列國中最低微的，也不再自高於列國之上。我必減少他們，以致不再轄制列國。|zh
1465|29|15|15|It will be the lowest of the kingdoms, and never again will it be lifted up over the nations: I will make them small, so that they may not have rule over the nations.|en
1466|29|16|16|埃及必不再作以色列家所倚靠的；以色列家仰望埃及人的時候，便思念罪孽。他們就知道我是主耶和華。|zh
1467|29|16|16|And Egypt will no longer be the hope of the children of Israel, causing sin to come to mind when their eyes are turned to them: and they will be certain that I am the Lord.|en
1468|29|17|17|二十七年正月初一日，耶和華的話臨到我說：|zh
1469|29|17|17|Now in the twenty-seventh year, in the first month, on the first day of the month, the word of the Lord came to me, saying,|en
1470|29|18|18|人子啊，巴比倫王尼布甲尼撒使他的軍兵大大效勞，攻打推羅，以致頭都光禿，肩都磨破；然而他和他的軍兵攻打推羅，並沒有從那裡得甚麼酬勞。|zh
1471|29|18|18|Son of man, Nebuchadrezzar, king of Babylon, made his army do hard work against Tyre, and the hair came off every head and every arm was rubbed smooth: but he and his army got no payment out of Tyre for the hard work which he had done against it.|en
1472|29|19|19|所以主耶和華如此說：我必將埃及地賜給巴比倫王尼布甲尼撒；他必擄掠埃及群眾，搶其中的財為擄物，奪其中的貨為掠物，這就可以作他軍兵的酬勞。|zh
1473|29|19|19|For this cause the Lord has said: See, I am giving the land of Egypt to Nebuchadrezzar, king of Babylon: he will take away her wealth, and take her goods by force and everything which is there; and this will be the payment for his army.|en
1474|29|20|20|我將埃及地賜給他，酬他所效的勞，因王與軍兵是為我勤勞。這是主耶和華說的。|zh
1475|29|20|20|I have given him the land of Egypt as the reward for his hard work, because they were working for me, says the Lord.|en
1476|29|21|21|當那日，我必使以色列家的角發生，又必使你─以西結在他們中間得以開口；他們就知道我是耶和華。|zh
1477|29|21|21|In that day I will make a horn put out buds for the children of Israel, and I will let your words come freely among them, and they will be certain that I am the Lord.|en
1478|30|1|1|耶和華的話又臨到我說：|zh
1479|30|1|1|The word of the Lord came to me again, saying,|en
1480|30|2|2|人子啊，你要發預言說，主耶和華如此說：哀哉這日！你們應當哭號。|zh
1481|30|2|2|Son of man, be a prophet, and say, These are the words of the Lord: Give a cry, Aha, for the day!|en
1482|30|3|3|因為耶和華的日子臨近，就是密雲之日，列國受罰之期。|zh
1483|30|3|3|For the day is near, the day of the Lord is near, a day of cloud; it will be the time of the nations.|en
1484|30|4|4|必有刀劍臨到埃及；在埃及被殺之人仆倒的時候，古實人就有痛苦，人民必被擄掠，基址必被拆毀。|zh
1485|30|4|4|And a sword will come on Egypt, and cruel pain will be in Ethiopia, when they are falling by the sword in Egypt; and they will take away her wealth and her bases will be broken down.|en
1486|30|5|5|古實人、弗人（或譯：呂彼亞）、路德人、雜族的人民，並古巴人，以及同盟之地的人都要與埃及人一同倒在刀下。|zh
1487|30|5|5|Ethiopia and Put and Lud and all the mixed people and Libya and the children of the land of the Cherethites will all be put to death with them by the sword.|en
1488|30|6|6|耶和華如此說：扶助埃及的也必傾倒。埃及因勢力而有的驕傲必降低微；其中的人民，從色弗尼塔起（見二十九章十節）必倒在刀下。這是主耶和華說的。|zh
1489|30|6|6|This is what the Lord has said: The supporters of Egypt will have a fall, and the pride of her power will come down: from Migdol to Syene they will be put to the sword in it, says the Lord.|en
1490|30|7|7|埃及地在荒涼的國中必成為荒涼；埃及城在荒廢的城中也變為荒廢。|zh
1491|30|7|7|And she will be made waste among the countries which have been made waste, and her towns will be among the towns which are unpeopled.|en
1492|30|8|8|我在埃及中使火著起；幫助埃及的，都被滅絕。那時，他們就知道我是耶和華。|zh
1493|30|8|8|And they will be certain that I am the Lord, when I have put a fire in Egypt and all her helpers are broken.|en
1494|30|9|9|到那日，必有使者坐船，從我面前出去，使安逸無慮的古實人驚懼；必有痛苦臨到他們，好像埃及遭災的日子一樣。看哪，這事臨近了！|zh
1495|30|9|9|In that day men will go out quickly to take the news, causing fear in untroubled Ethiopia; and bitter pain will come on them as in the day of Egypt; for see, it is coming.|en
1496|30|10|10|主耶和華如此說：我必藉巴比倫王尼布甲尼撒的手，除滅埃及眾人。|zh
1497|30|10|10|This is what the Lord has said: I will put an end to great numbers of the people of Egypt by the hand of Nebuchadrezzar, king of Babylon.|en
1498|30|11|11|他和隨從他的人，就是列國中強暴的，必進來毀滅這地。他們必拔刀攻擊埃及，使遍地有被殺的人。|zh
1499|30|11|11|He and the people with him, causing fear among the nations, will be sent for the destruction of the land; their swords will be let loose against Egypt and the land will be full of dead.|en
1500|30|12|12|我必使江河乾涸，將地賣在惡人的手中；我必藉外邦人的手，使這地和其中所有的變為淒涼。這是我─耶和華說的。|zh
1501|30|12|12|And I will make the Nile streams dry, and will give the land into the hands of evil men, causing the land and everything in it to be wasted by the hands of men from a strange country: I the Lord have said it.|en
1502|30|13|13|主耶和華如此說：我必毀滅偶像，從挪弗除滅神像；必不再有君王出自埃及地。我要使埃及地的人懼怕。|zh
1503|30|13|13|This is what the Lord has said: In addition to this, I will give up the images to destruction and put an end to the false gods in Noph; never again will there be a ruler in the land of Egypt: and I will put a fear in the land of Egypt.|en
1504|30|14|14|我必使巴忒羅荒涼，在瑣安中使火著起，向挪施行審判。|zh
1505|30|14|14|And I will make Pathros a waste, and put a fire in Zoan, and send my punishments on No.|en
1506|30|15|15|我必將我的忿怒倒在埃及的保障上，就是訓上，並要剪除挪的眾人。|zh
1507|30|15|15|I will let loose my wrath on Sin, the strong place of Egypt, cutting off the mass of the people of No.|en
1508|30|16|16|我必在埃及中使火著起；訓必大大痛苦；挪必被攻破；挪弗白日（或譯：終日）見仇敵。|zh
1509|30|16|16|And I will put a fire in Egypt; Syene will be twisting in pain, and No will be broken into, as by the onrush of waters.|en
1510|30|17|17|亞文和比伯實的少年人必倒在刀下；這些城的人必被擄掠。|zh
1511|30|17|17|The young men of On and Pi-beseth will be put to the sword: and these towns will be taken away prisoners.|en
1512|30|18|18|我在答比匿折斷埃及的諸軛，使他因勢力而有的驕傲在其中止息。那時，日光必退去；至於這城，必有密雲遮蔽，其中的女子必被擄掠。|zh
1513|30|18|18|And at Tehaphnehes the day will become dark, when the yoke of Egypt is broken there, and the pride of her power comes to an end: as for her, she will be covered with a cloud, and her daughters will be taken away prisoners.|en
1514|30|19|19|我必這樣向埃及施行審判，他們就知道我是耶和華。|zh
1515|30|19|19|And I will send my punishments on Egypt: and they will be certain that I am the Lord.|en
1516|30|20|20|十一年正月初七日，耶和華的話臨到我說：|zh
1517|30|20|20|Now in the eleventh year, in the first month, on the seventh day of the month, the word of the Lord came to me, saying,|en
1518|30|21|21|人子啊，我已打折埃及王法老的膀臂；沒有敷藥，也沒有用布纏好，使他有力持刀。|zh
1519|30|21|21|Son of man, the arm of Pharaoh, king of Egypt, has been broken by me, and no band has been put round it to make it well, no band has been twisted round it to make it strong for gripping the sword.|en
1520|30|22|22|所以主耶和華如此說：看哪，我與埃及王法老為敵，必將他有力的膀臂和已打折的膀臂全行打斷，使刀從他手中墜落。|zh
1521|30|22|22|For this cause the Lord has said: See, I am against Pharaoh, king of Egypt, and by me his strong arm will be broken; and I will make the sword go out of his hand.|en
1522|30|23|23|我必將埃及人分散在列國，四散在列邦。|zh
1523|30|23|23|And I will send the Egyptians in flight among the nations and wandering through the countries.|en
1524|30|24|24|我必使巴比倫王的膀臂有力，將我的刀交在他手中；卻要打斷法老的膀臂，他就在巴比倫王面前唉哼，如同受死傷的人一樣。|zh
1525|30|24|24|And I will make the arms of the king of Babylon strong, and will put my sword in his hand: but Pharaoh's arms will be broken, and he will give cries of pain before him like the cries of a man wounded to death.|en
1526|30|25|25|我必扶持巴比倫王的膀臂，法老的膀臂卻要下垂；我將我的刀交在巴比倫王手中，他必舉刀攻擊埃及地，他們就知道我是耶和華。|zh
1527|30|25|25|And I will make the arms of the king of Babylon strong, and the arms of Pharaoh will be hanging down; and they will be certain that I am the Lord, when I put my sword into the hand of the king of Babylon and it is stretched out against the land of Egypt.|en
1528|30|26|26|我必將埃及人分散在列國，四散在列邦；他們就知道我是耶和華。|zh
1529|30|26|26|And I will send the Egyptians in flight among the nations and wandering through the countries; and they will be certain that I am the Lord.|en
1530|31|1|1|十一年三月初一日，耶和華的話臨到我說：|zh
1531|31|1|1|Now in the eleventh year, in the third month, on the first day of the month, the word of the Lord came to me, saying,|en
1532|31|2|2|人子啊，你要向埃及王法老和他的眾人說：在威勢上誰能與你相比呢？|zh
1533|31|2|2|Son of man, say to Pharaoh, king of Egypt, and to his people; Whom are you like in your great power?|en
1534|31|3|3|亞述王曾如利巴嫩中的香柏樹，枝條榮美，影密如林，極其高大，樹尖插入雲中。|zh
1535|31|3|3|See, a pine-tree with beautiful branches and thick growth, giving shade and very tall; and its top was among the clouds.|en
1536|31|4|4|眾水使他生長；深水使他長大。所栽之地有江河圍流，汊出的水道延到田野諸樹。|zh
1537|31|4|4|It got strength from the waters and the deep made it tall: its streams went round about its planted land and it sent out its waterways to all the trees of the field.|en
1538|31|5|5|所以他高大超過田野諸樹；發旺的時候，枝子繁多，因得大水之力枝條長長。|zh
1539|31|5|5|In this way it became taller than all the trees of the field; and its branches were increased and its arms became long because of the great waters.|en
1540|31|6|6|空中的飛鳥都在枝子上搭窩；田野的走獸都在枝條下生子；所有大國的人民都在他蔭下居住。|zh
1541|31|6|6|In its branches all the birds of heaven came to rest, and under its arms all the beasts of the field gave birth to their young, and great nations were living in its shade.|en
1542|31|7|7|樹大條長，成為榮美，因為根在眾水之旁。|zh
1543|31|7|7|So it was beautiful, being so tall and its branches so long, for its root was by great waters.|en
1544|31|8|8|神園中的香柏樹不能遮蔽他；松樹不及他的枝子；楓樹不及他的枝條；神園中的樹都沒有他榮美。|zh
1545|31|8|8|No cedars were equal to it in the garden of God; the fir-trees were not like its branches, and plane-trees were as nothing in comparison with its arms; no tree in the garden of God was so beautiful.|en
1546|31|9|9|我使他的枝條蕃多，成為榮美，以致神伊甸園中的樹都嫉妒他。|zh
1547|31|9|9|I made it beautiful with its mass of branches: so that all the trees in the garden of God were full of envy of it.|en
1548|31|10|10|所以主耶和華如此說：因他高大，樹尖插入雲中，心驕氣傲，|zh
1549|31|10|10|For this cause the Lord has said: Because he is tall, and has put his top among the clouds, and his heart is full of pride because he is so high,|en
1550|31|11|11|我就必將他交給列國中大有威勢的人；他必定辦他。我因他的罪惡，已經驅逐他。|zh
1551|31|11|11|I have given him up into the hands of a strong one of the nations; he will certainly give him the reward of his sin, driving him out.|en
1552|31|12|12|外邦人，就是列邦中強暴的，將他砍斷棄掉。他的枝條落在山間和一切谷中，他的枝子折斷，落在地的一切河旁。地上的眾民已經走去，離開他的蔭下。|zh
1553|31|12|12|And men from strange lands, who are to be feared among the nations, after cutting him off, have let him be: on the mountains and in all the valleys his branches have come down; his arms are broken by all the waterways of the land; all the peoples of the earth have gone from his shade, and have let him be.|en
1554|31|13|13|空中的飛鳥都要宿在這敗落的樹上，田野的走獸都要臥在他的枝條下，|zh
1555|31|13|13|All the birds of heaven have come to rest on his broken stem where it is stretched on the earth, and all the beasts of the field will be on his branches:|en
1556|31|14|14|好使水旁的諸樹不因高大而自尊，也不將樹尖插入雲中，並且那些得水滋潤、有勢力的，也不得高大自立。因為他們在世人中，和下坑的人都被交與死亡，到陰府去了。|zh
1557|31|14|14|In order that no trees by the waters may be lifted up in their growth, putting their tops among the clouds; and that no trees which are watered may take their place on high: for they are all given up to death, to the lowest parts of the earth among the children of men, with those who go down to the underworld.|en
1558|31|15|15|主耶和華如此說：他下陰間的那日，我便使人悲哀。我為他遮蓋深淵，使江河凝結，大水停流；我也使利巴嫩為他悽慘，田野的諸樹都因他發昏。|zh
1559|31|15|15|This is what the Lord has said: The day when he goes down to the underworld, I will make the deep full of grief for him; I will keep back her streams and the great waters will be stopped: I will make Lebanon dark for him, and all the trees of the field will be feeble because of him.|en
1560|31|16|16|我將他扔到陰間，與下坑的人一同下去。那時，列國聽見他墜落的響聲就都震動，並且伊甸的一切樹─就是利巴嫩得水滋潤、最佳最美的樹─都在陰府受了安慰。|zh
1561|31|16|16|I will send shaking on the nations at the sound of his fall, when I send him down to the underworld with those who go down into the deep: and on earth they will be comforting themselves, all the trees of Eden, the best of Lebanon, even all the watered ones.|en
1562|31|17|17|他們也與他同下陰間，到被殺的人那裡。他們曾作他的膀臂，在列國中他的蔭下居住。|zh
1563|31|17|17|And they will go down with him to the underworld, to those who have been put to the sword; even those who were his helpers, living under his shade among the nations|en
1564|31|18|18|在這樣榮耀威勢上，在伊甸園諸樹中，誰能與你相比呢？然而你要與伊甸的諸樹一同下到陰府，在未受割禮的人中，與被殺的人一同躺臥。法老和他的群眾乃是如此。這是主耶和華說的。|zh
1565|31|18|18|Whom then are you like? for you will be sent down with the trees of Eden into the lowest parts of the earth: there you will be stretched out among those without circumcision, with those who were put to the sword. This is Pharaoh and all his people, says the Lord.|en
1566|32|1|1|十二年十二月初一日，耶和華的話臨到我說：|zh
1567|32|1|1|And it came about in the twelfth year, in the twelfth month, on the first day of the month, that the word of the Lord came to me, saying,|en
1568|32|2|2|人子啊，你要為埃及王法老作哀歌，說：從前你在列國中，如同少壯獅子；現在你卻像海中的大魚。你衝出江河，用爪攪動諸水，使江河渾濁。|zh
1569|32|2|2|Son of man, make a song of grief for Pharaoh, king of Egypt, and say to him, Young lion of the nations, destruction has come on you; and you were like a sea-beast in the seas, sending out bursts of water, troubling the waters with your feet, making their streams dirty.|en
1570|32|3|3|主耶和華如此說：我必用多國的人民，將我的網撒在你身上，把你拉上來。|zh
1571|32|3|3|This is what the Lord has said: My net will be stretched out over you, and I will take you up in my fishing-net.|en
1572|32|4|4|我必將你丟在地上，拋在田野，使空中的飛鳥都落在你身上，使遍地的野獸吃你得飽。|zh
1573|32|4|4|And I will let you be stretched on the land; I will send you out violently into the open field; I will let all the birds of heaven come to rest on you and will make the beasts of all the earth full of you.|en
1574|32|5|5|我必將你的肉丟在山間，用你高大的屍首填滿山谷。|zh
1575|32|5|5|And I will put your flesh on the mountains, and make the valleys full of your blood.|en
1576|32|6|6|我又必用你的血澆灌你所游泳之地，漫過山頂；河道都必充滿。|zh
1577|32|6|6|And the land will be watered with your blood, and the waterways will be full of you.|en
1578|32|7|7|我將你撲滅的時候，要把天遮蔽，使眾星昏暗，以密雲遮掩太陽，月亮也不放光。|zh
1579|32|7|7|And when I put out your life, the heaven will be covered and its stars made dark; I will let the sun be covered with a cloud and the moon will not give her light.|en
1580|32|8|8|我必使天上的亮光都在你以上變為昏暗，使你的地上黑暗。這是主耶和華說的。|zh
1581|32|8|8|All the bright lights of heaven I will make dark over you, and put dark night on your land, says the Lord.|en
1582|32|9|9|我使你敗亡的風聲傳到你所不認識的各國。那時，我必使多民的心因你愁煩。|zh
1583|32|9|9|And the hearts of numbers of peoples will be troubled, when I send your prisoners among the nations, into a country which is strange to you.|en
1584|32|10|10|我在許多國民和君王面前向你掄我的刀，國民就必因你驚奇，君王也必因你極其恐慌。在你仆倒的日子，他們各人為自己的性命時刻戰兢。|zh
1585|32|10|10|And I will make a number of peoples overcome with wonder at you, and their kings will be full of fear because of you, when my sword is waved before them: they will be shaking every minute, every man fearing for his life, in the day of your fall.|en
1586|32|11|11|主耶和華如此說：巴比倫王的刀必臨到你。|zh
1587|32|11|11|For this is what the Lord has said: The sword of the king of Babylon will come on you.|en
1588|32|12|12|我必藉勇士的刀使你的眾民仆倒；這勇士都是列國中強暴的。他們必使埃及的驕傲歸於無有；埃及的眾民必被滅絕。|zh
1589|32|12|12|I will let the swords of the strong be the cause of the fall of your people; all of them men to be feared among the nations: and they will make waste the pride of Egypt, and all its people will come to destruction.|en
1590|32|13|13|我必從埃及多水旁除滅所有的走獸；人腳獸蹄必不再攪渾這水。|zh
1591|32|13|13|And I will put an end to all her beasts which are by the great waters, and they will never again be troubled by the foot of man or by the feet of beasts.|en
1592|32|14|14|那時，我必使埃及河澄清，江河像油緩流。這是主耶和華說的。|zh
1593|32|14|14|Then I will make their waters clear and their rivers will be flowing like oil, says the Lord.|en
1594|32|15|15|我使埃及地變為荒廢淒涼；這地缺少從前所充滿的，又擊殺其中一切的居民。那時，他們就知道我是耶和華。|zh
1595|32|15|15|When I make Egypt an unpeopled waste, cutting off from the land all the things in it; when I send punishment on all those living in it, then it will be clear to them that I am the Lord.|en
1596|32|16|16|人必用這哀歌去哀哭，列國的女子為埃及和他的群眾也必以此悲哀。這是主耶和華說的。|zh
1597|32|16|16|It is a song of grief, and people will give voice to it, the daughters of the nations will give voice to it, even for Egypt and all her people, says the Lord.|en
1598|32|17|17|十二年十二月十五日，耶和華的話臨到我說：|zh
1599|32|17|17|And in the twelfth year, on the fifteenth day of the month, the word of the Lord came to me, saying,|en
1600|32|18|18|人子啊，你要為埃及群眾哀號，又要將埃及和有名之國的女子，並下坑的人，一同扔到陰府去。|zh
1601|32|18|18|Son of man, let your voice be loud in sorrow for the people of Egypt and send them down, even you and the daughters of the nations; I will send them down into the lowest parts of the earth, with those who go down into the underworld.|en
1602|32|19|19|你埃及的美麗勝過誰呢？你下去與未受割禮的人一同躺臥罷！|zh
1603|32|19|19|Are you more beautiful than any? go down, and take your rest among those without circumcision,|en
1604|32|20|20|他們必在被殺的人中仆到。他被交給刀劍，要把他和他的群眾拉去。|zh
1605|32|20|20|Among those who have been put to the sword: they will give a resting-place with them to all their people.|en
1606|32|21|21|強盛的勇士要在陰間對埃及王和幫助他的說話；他們是未受割禮被殺的人，已經下去，躺臥不動。|zh
1607|32|21|21|The strong among the great ones will say to him from the underworld, Are you more beautiful than any? go down, you and your helpers, and take your rest among those without circumcision, and those who have been put to the sword.|en
1608|32|22|22|亞述和他的眾民都在那裡，他民的墳墓在他四圍；他們都是被殺倒在刀下的。|zh
1609|32|22|22|There is Asshur and all her army, round about her last resting-place: all of them put to death by the sword:|en
1610|32|23|23|他們的墳墓在坑中極深之處。他的眾民在他墳墓的四圍，都是被殺倒在刀下的；他們曾在活人之地使人驚恐。|zh
1611|32|23|23|Whose resting-places are in the inmost parts of the underworld, who were a cause of fear in the land of the living.|en
1612|32|24|24|以攔也在那裡，他的群眾在他墳墓的四圍，都是被殺倒在刀下、未受割禮而下陰府的；他們曾在活人之地使人驚恐，並且與下坑的人一同擔當羞辱。|zh
1613|32|24|24|There is Elam and all her people, round about her last resting-place: all of them put to death by the sword, who have gone down without circumcision into the lowest parts of the earth, who were a cause of fear in the land of the living, and are put to shame with those who go down to the underworld:|en
1614|32|25|25|人給他和他的群眾在被殺的人中設立床榻。他民的墳墓在他四圍，他們都是未受割禮被刀殺的；他們曾在活人之地使人驚恐，並且與下坑的人一同擔當羞辱。以攔已經放在被殺的人中。|zh
1615|32|25|25|They have made a bed for her among the dead, and all her people are round about her resting-place: all of them without circumcision, put to death with the sword; for they were a cause of fear in the land of the living, and are put to shame with those who go down to the underworld: they have been given a place among those who have been put to the sword.|en
1616|32|26|26|米設、土巴，和他們的群眾都在那裡。他民的墳墓在他四圍，他們都是未受割禮被刀殺的；他們曾在活人之地使人驚恐。|zh
1617|32|26|26|There is Meshech, Tubal, and all her people, round about her last resting-place: all of them without circumcision, put to death by the sword; for they were a cause of fear in the land of the living.|en
1618|32|27|27|他們不得與那未受割禮仆倒的勇士一同躺臥；這些勇士帶著兵器下陰間，頭枕刀劍，骨頭上有本身的罪孽；他們曾在活人之地使勇士驚恐。|zh
1619|32|27|27|And they have been put to rest with the fighting men who came to their end in days long past, who went down to the underworld with their instruments of war, placing their swords under their heads, and their body-covers are over their bones; for their strength was a cause of fear in the land of the living.|en
1620|32|28|28|法老啊，你必在未受割禮的人中敗壞，與那些被殺的人一同躺臥。|zh
1621|32|28|28|But you will have your bed among those without circumcision, and will be put to rest with those who have been put to death with the sword.|en
1622|32|29|29|以東也在那裡。他君王和一切首領雖然仗著勢力，還是放在被殺的人中；他們必與未受割禮的和下坑的人一同躺臥。|zh
1623|32|29|29|There is Edom, her kings and all her princes, who have been given a resting-place with those who were put to the sword: they will be resting among those without circumcision, even with those who go down to the underworld.|en
1624|32|30|30|在那裡有北方的眾王子和一切西頓人，都與被殺的人下去。他們雖然仗著勢力使人驚恐，還是蒙羞。他們未受割禮，和被刀殺的一同躺臥，與下坑的人一同擔當羞辱。|zh
1625|32|30|30|There are the chiefs of the north, all of them, and all the Zidonians, who have gone down with those who have been put to the sword: they are shamed on account of all the fear caused by their strength; they are resting there without circumcision, among those who have been put to the sword, and are put to shame with those who go down to the underworld.|en
1626|32|31|31|法老看見他們，便為他被殺的軍隊受安慰。這是主耶和華說的。|zh
1627|32|31|31|Pharaoh will see them and be comforted on account of all his people: even Pharaoh and all his army, put to death by the sword, says the Lord.|en
1628|32|32|32|我任憑法老在活人之地使人驚恐，法老和他的群眾必放在未受割禮和被殺的人中。這是主耶和華說的。|zh
1629|32|32|32|For he put his fear in the land of the living: and he will be put to rest among those without circumcision, with those who have been put to death with the sword, even Pharaoh and all his people, says the Lord.|en
1630|33|1|1|耶和華的話臨到我說：|zh
1631|33|1|1|And the word of the Lord came to me, saying,|en
1632|33|2|2|人子啊，你要告訴本國的子民說：我使刀劍臨到哪一國，那一國的民從他們中間選立一人為守望的。|zh
1633|33|2|2|Son of man, give a word to the children of your people, and say to them, When I make the sword come on a land, if the people of the land take a man from among their number and make him their watchman:|en
1634|33|3|3|他見刀劍臨到那地，若吹角警戒眾民，|zh
1635|33|3|3|If, when he sees the sword coming on the land, by sounding the horn he gives the people news of their danger;|en
1636|33|4|4|凡聽見角聲不受警戒的，刀劍若來除滅了他，他的罪（原文是血）就必歸到自己的頭上。|zh
1637|33|4|4|Then anyone who, hearing the sound of the horn, does not take note of it, will himself be responsible for his death, if the sword comes and takes him away.|en
1638|33|5|5|他聽見角聲，不受警戒，他的罪必歸到自己的身上；他若受警戒，便是救了自己的性命。|zh
1639|33|5|5|On hearing the sound of the horn, he did not take note; his blood will be on him; for if he had taken note his life would have been safe.|en
1640|33|6|6|倘若守望的人見刀劍臨到，不吹角，以致民不受警戒，刀劍來殺了他們中間的一個人，他雖然死在罪孽之中，我卻要向守望的人討他喪命的罪（原文是血）。|zh
1641|33|6|6|But if the watchman sees the sword coming, and does not give a note on the horn, and the people have no word of the danger, and the sword comes and takes any person from among them; he will be taken away in his sin, but I will make the watchman responsible for his blood.|en
1642|33|7|7|人子啊，我照樣立你作以色列家守望的人。所以你要聽我口中的話，替我警戒他們。|zh
1643|33|7|7|So you, son of man, I have made you a watchman for the children of Israel; and you are to give ear to the word of my mouth and give them news from me of their danger.|en
1644|33|8|8|我對惡人說：惡人哪，你必要死！你─以西結若不開口警戒惡人，使他離開所行的道，這惡人必死在罪孽之中，我卻要向你討他喪命的罪（原文是血）。|zh
1645|33|8|8|When I say to the evil-doer, Death will certainly overtake you; and you say nothing to make clear to the evil-doer the danger of his way; death will overtake that evil man in his evil-doing, but I will make you responsible for his blood.|en
1646|33|9|9|倘若你警戒惡人轉離所行的道，他仍不轉離，他必死在罪孽之中，你卻救自己脫離了罪。|zh
1647|33|9|9|But if you make clear to the evil-doer the danger of his way for the purpose of turning him from it, and he is not turned from his way, death will overtake him in his evil-doing, but your life will be safe.|en
1648|33|10|10|人子啊，你要對以色列家說：你們常說：我們的過犯罪惡在我們身上，我們必因此消滅，怎能存活呢？|zh
1649|33|10|10|And you, son of man, say to the children of Israel, You say, Our wrongdoing and our sins are on us and we are wasting away in them; how then may we have life?|en
1650|33|11|11|你對他們說，主耶和華說：我指著我的永生起誓，我斷不喜悅惡人死亡，惟喜悅惡人轉離所行的道而活。以色列家啊，你們轉回，轉回罷！離開惡道，何必死亡呢？|zh
1651|33|11|11|Say to them, By my life, says the Lord, I have no pleasure in the death of the evil-doer; it is more pleasing to me if he is turned from his way and has life: be turned, be turned from your evil ways; why are you looking for death, O children of Israel?|en
1652|33|12|12|人子啊，你要對本國的人民說：義人的義，在犯罪之日不能救他；至於惡人的惡，在他轉離惡行之日也不能使他傾倒；義人在犯罪之日也不能因他的義存活。|zh
1653|33|12|12|And you, son of man, say to the children of your people, The righteousness of the upright man will not make him safe in the day when he does wrong; and the evil-doing of the evil man will not be the cause of his fall in the day when he is turned from his evil-doing; and the upright man will not have life because of his righteousness in the day when he does evil.|en
1654|33|13|13|我對義人說：你必定存活！他若倚靠他的義而作罪孽，他所行的義都不被記念。他必因所作的罪孽死亡。|zh
1655|33|13|13|When I say to the upright that life will certainly be his; if he puts his faith in his righteousness and does evil, not one of his upright acts will be kept in memory; but in the evil he has done, death will overtake him.|en
1656|33|14|14|再者，我對惡人說：你必定死亡！他若轉離他的罪，行正直與合理的事：|zh
1657|33|14|14|And when I say to the evil-doer, Death will certainly be your fate; if he is turned from his sin and does what is ordered and right;|en
1658|33|15|15|還人的當頭和所搶奪的，遵行生命的律例，不作罪孽，他必定存活，不致死亡。|zh
1659|33|15|15|If the evil-doer lets one who is in his debt have back what is his, and gives back what he had taken by force, and is guided by the rules of life, doing no evil; life will certainly be his, death will not overtake him.|en
1660|33|16|16|他所犯的一切罪必不被記念。他行了正直與合理的事，必定存活。|zh
1661|33|16|16|Not one of the sins which he has done will be kept in mind against him: he has done what is ordered and right, life will certainly be his.|en
1662|33|17|17|你本國的子民還說：主的道不公平。其實他們的道不公平。|zh
1663|33|17|17|But the children of your people say, The way of the Lord is not equal: when it is they whose way is not equal.|en
1664|33|18|18|義人轉離他的義而作罪孽，就必因此死亡。|zh
1665|33|18|18|When the upright man, turning away from his righteousness, does evil, death will overtake him in it.|en
1666|33|19|19|惡人轉離他的惡，行正直與合理的事，就必因此存活。|zh
1667|33|19|19|And when the evil man, turning away from his evil-doing, does what is ordered and right, he will get life by it.|en
1668|33|20|20|你們還說：主的道不公平。以色列家啊，我必按你們各人所行的審判你們。|zh
1669|33|20|20|And still you say, The way of the Lord is not equal. O children of Israel, I will be your judge, giving to everyone the reward of his ways.|en
1670|33|21|21|我們被擄之後十二年十月初五日，有人從耶路撒冷逃到我這裡，說：城已攻破。|zh
1671|33|21|21|Now in the twelfth year after we had been taken away prisoners, in the tenth month, on the fifth day of the month, one who had got away in flight from Jerusalem came to me, saying, The town has been taken.|en
1672|33|22|22|逃來的人未到前一日的晚上，耶和華的靈（原文是手）降在我身上，開我的口。到第二日早晨，那人來到我這裡，我口就開了，不再緘默。|zh
1673|33|22|22|Now the hand of the Lord had been on me in the evening, before the man who had got away came to me; and he made my mouth open, ready for his coming to me in the morning; and my mouth was open and I was no longer without voice.|en
1674|33|23|23|耶和華的話臨到我說：|zh
1675|33|23|23|And the word of the Lord came to me, saying,|en
1676|33|24|24|人子啊，住在以色列荒廢之地的人說：亞伯拉罕獨自一人能得這地為業，我們人數眾多，這地更是給我們為業的。|zh
1677|33|24|24|Son of man, those who are living in these waste places in the land of Israel say, Abraham was but one, and he had land for his heritage: but we are a great number; the land is given to us for our heritage.|en
1678|33|25|25|所以你要對他們說，主耶和華如此說：你們吃帶血的物，仰望偶像，並且殺人流血，你們還能得這地為業麼？|zh
1679|33|25|25|For this cause say to them, This is what the Lord has said: You take your meat with the blood, your eyes are lifted up to your images, and you are takers of life: are you to have the land for your heritage?|en
1680|33|26|26|你們倚仗自己的刀劍行可憎的事，人人玷污鄰舍的妻，你們還能得這地為業麼？|zh
1681|33|26|26|You put your faith in your swords, you do disgusting things, everyone takes his neighbour's wife: are you to have the land for your heritage?|en
1682|33|27|27|你要對他們這樣說，主耶和華如此說：我指著我的永生起誓，在荒場中的，必倒在刀下；在田野間的，必交給野獸吞吃；在保障和洞裡的，必遭瘟疫而死。|zh
1683|33|27|27|This is what you are to say to them: The Lord has said, By my life, truly, those who are in the waste places will be put to the sword, and him who is in the open field I will give to the beasts for their food, and those who are in the strong places and in holes in the rocks will come to their death by disease.|en
1684|33|28|28|我必使這地荒涼，令人驚駭；他因勢力而有的驕傲也必止息。以色列的山都必荒涼，無人經過。|zh
1685|33|28|28|And I will make the land a waste and a cause of wonder, and the pride of her strength will come to an end; and the mountains of Israel will be made waste so that no one will go through.|en
1686|33|29|29|我因他們所行一切可憎的事使地荒涼，令人驚駭。那時，他們就知道我是耶和華。|zh
1687|33|29|29|Then they will be certain that I am the Lord, when I have made the land a waste and a cause of wonder, because of all the disgusting things which they have done,|en
1688|33|30|30|人子啊，你本國的子民在牆垣旁邊、在房屋門口談論你。弟兄對弟兄彼此說：來罷！聽聽有甚麼話從耶和華而出。|zh
1689|33|30|30|And as for you, son of man, the children of your people are talking together about you by the walls and in the doorways of the houses, saying to one another, Come now, give ear to the word which comes from the Lord.|en
1690|33|31|31|他們來到你這裡如同民來聚會，坐在你面前彷彿是我的民。他們聽你的話卻不去行；因為他們的口多顯愛情，心卻追隨財利。|zh
1691|33|31|31|And they come to you as my people come, and are seated before you as my people, hearing your words but doing them not: for deceit is in their mouth and their heart goes after profit for themselves.|en
1692|33|32|32|他們看你如善於奏樂、聲音幽雅之人所唱的雅歌，他們聽你的話卻不去行。|zh
1693|33|32|32|And truly you are to them like a love song by one who has a very pleasing voice and is an expert player on an instrument: for they give ear to your words but do them not.|en
1694|33|33|33|看哪，所說的快要應驗；應驗了，他們就知道在他們中間有了先知。|zh
1695|33|33|33|And when this comes about (see, it is coming), then it will be clear to them that a prophet has been among them.|en
1696|34|1|1|耶和華的話臨到我說：|zh
1697|34|1|1|And the word of the Lord came to me, saying,|en
1698|34|2|2|人子啊，你要向以色列的牧人發預言，攻擊他們，說，主耶和華如此說：禍哉！以色列的牧人只知牧養自己。牧人豈不當牧養群羊麼？|zh
1699|34|2|2|Son of man, be a prophet against the keepers of the flock of Israel, and say to them, O keepers of the sheep! this is the word of the Lord: A curse is on the keepers of the flock of Israel who take the food for themselves! is it not right for the keepers to give the food to the sheep?|en
1700|34|3|3|你們吃脂油、穿羊毛、宰肥壯的，卻不牧養群羊。|zh
1701|34|3|3|You take the milk and are clothed with the wool, you put the fat beasts to death, but you give the sheep no food.|en
1702|34|4|4|瘦弱的，你們沒有養壯；有病的，你們沒有醫治；受傷的，你們沒有纏裹；被逐的，你們沒有領回；失喪的，你們沒有尋找；但用強暴嚴嚴地轄制。|zh
1703|34|4|4|You have not made the diseased ones strong or made well that which was ill; you have not put bands on the broken or got back that which had been sent away or made search for the wandering ones; and the strong you have been ruling cruelly.|en
1704|34|5|5|因無牧人，羊就分散；既分散，便作了一切野獸的食物。|zh
1705|34|5|5|And they were wandering in every direction because there was no keeper: and they became food for all the beasts of the field.|en
1706|34|6|6|我的羊在諸山間、在各高岡上流離，在全地上分散，無人去尋，無人去找。|zh
1707|34|6|6|And my sheep went out of the way, wandering through all the mountains and on every high hill: my sheep went here and there over all the face of the earth; and no one was troubled about them or went in search of them.|en
1708|34|7|7|所以，你們這些牧人要聽耶和華的話。|zh
1709|34|7|7|For this cause, O keepers of the flock, give ear to the word of the Lord:|en
1710|34|8|8|主耶和華說：我指著我的永生起誓，我的羊因無牧人就成為掠物，也作了一切野獸的食物。我的牧人不尋找我的羊；這些牧人只知牧養自己，並不牧養我的羊。|zh
1711|34|8|8|By my life, says the Lord, truly, because my sheep have been taken away, and my sheep became food for all the beasts of the field, because there was no keeper, and my keepers did not go in search of the sheep, but the keepers took food for themselves and gave my sheep no food;|en
1712|34|9|9|所以你們這些牧人要聽耶和華的話。|zh
1713|34|9|9|For this reason, O you keepers of the flock, give ear to the word of the Lord;|en
1714|34|10|10|主耶和華如此說：我必與牧人為敵，必向他們的手追討我的羊，使他們不再牧放群羊；牧人也不再牧養自己。我必救我的羊脫離他們的口，不再作他們的食物。|zh
1715|34|10|10|This is what the Lord has said: See I am against the keepers of the flock, and I will make search and see what they have done with my sheep, and will let them be keepers of my sheep no longer; and the keepers will no longer get food for themselves; I will take my sheep out of their mouths so that they may not be food for them.|en
1716|34|11|11|主耶和華如此說：看哪，我必親自尋找我的羊，將他們尋見。|zh
1717|34|11|11|For this is what the Lord has said: Truly, I, even I, will go searching and looking for my sheep.|en
1718|34|12|12|牧人在羊群四散的日子怎樣尋找他的羊，我必照樣尋找我的羊。這些羊在密雲黑暗的日子散到各處，我必從那裡救回他們來。|zh
1719|34|12|12|As the keeper goes looking for his flock when he is among his wandering sheep, so I will go looking for my sheep, and will get them safely out of all the places where they have been sent wandering in the day of clouds and black night.|en
1720|34|13|13|我必從萬民中領出他們，從各國內聚集他們，引導他們歸回故土，也必在以色列山上─一切溪水旁邊、境內一切可居之處─牧養他們。|zh
1721|34|13|13|And I will take them out from among the peoples, and get them together from the countries, and will take them into their land; and I will give them food on the mountains of Israel by the water-streams and wherever men are living in the country.|en
1722|34|14|14|我必在美好的草場牧養他們。他們的圈必在以色列高處的山上，他們必在佳美之圈中躺臥，也在以色列山肥美的草場吃草。|zh
1723|34|14|14|I will give them good grass-land for their food, and their safe place will be the mountains of the high place of Israel: there they will take their rest in a good place, and on fat grass-land they will take their food on the mountains of Israel.|en
1724|34|15|15|主耶和華說：我必親自作我羊的牧人，使他們得以躺臥。|zh
1725|34|15|15|I myself will give food to my flock, and I will give them rest, says the Lord.|en
1726|34|16|16|失喪的，我必尋找；被逐的，我必領回；受傷的，我必纏裹；有病的，我必醫治；只是肥的壯的，我必除滅，也要秉公牧養他們。|zh
1727|34|16|16|I will go in search of that which had gone wandering from the way, and will get back that which had been sent in flight, and will put bands on that which was broken, and give strength to that which was ill: but the fat and the strong I will give up to destruction; I will give them for their food the punishment which is theirs by right.|en
1728|34|17|17|我的羊群哪，論到你們，主耶和華如此說：我必在羊與羊中間、公綿羊與公山羊中間施行判斷。|zh
1729|34|17|17|And as for you, O my flock, says the Lord, truly, I will be judge between sheep and sheep, the he-sheep and the he-goats.|en
1730|34|18|18|你們這些肥壯的羊，在美好的草場吃草還以為小事麼？剩下的草，你們竟用蹄踐踏了；你們喝清水，剩下的水，你們竟用蹄攪渾了。|zh
1731|34|18|18|Does it seem a small thing to you to have taken your food on good grass-land while the rest of your grass-land is stamped down under your feet? and that after drinking from clear waters you make the rest of the waters dirty with your feet?|en
1732|34|19|19|至於我的羊，只得吃你們所踐踏的，喝你們所攪渾的。|zh
1733|34|19|19|And as for my sheep, their food is the grass which has been stamped on by your feet, and their drink the water which has been made dirty by your feet.|en
1734|34|20|20|所以，主耶和華如此說：我必在肥羊和瘦羊中間施行判斷。|zh
1735|34|20|20|For this reason the Lord has said to them, Truly, I, even I, will be judge between the fat sheep and the thin sheep.|en
1736|34|21|21|因為你們用脅用肩擁擠一切瘦弱的，又用角牴觸，以致使他們四散。|zh
1737|34|21|21|Because you have been pushing with side and leg, pushing the diseased with your horns till they were sent away in every direction;|en
1738|34|22|22|所以，我必拯救我的群羊不再作掠物；我也必在羊和羊中間施行判斷。|zh
1739|34|22|22|I will make my flock safe, and they will no longer be taken away, and I will be judge between sheep and sheep.|en
1740|34|23|23|我必立一牧人照管他們，牧養他們，就是我的僕人大衛。他必牧養他們，作他們的牧人。|zh
1741|34|23|23|And I will put over them one keeper, and he will give them food, even my servant David; he will give them food and be their keeper.|en
1742|34|24|24|我─耶和華必作他們的神，我的僕人大衛必在他們中間作王。這是耶和華說的。|zh
1743|34|24|24|And I the Lord will be their God and my servant David their ruler; I the Lord have said it.|en
1744|34|25|25|我必與他們立平安的約，使惡獸從境內斷絕，他們就必安居在曠野，躺臥在林中。|zh
1745|34|25|25|And I will make with them an agreement of peace, and will put an end to evil beasts through all the land: and they will be living safely in the waste land, sleeping in the woods.|en
1746|34|26|26|我必使他們與我山的四圍成為福源，我也必叫時雨落下，必有福如甘霖而降。|zh
1747|34|26|26|And I will give the rain at the right time, and I will make the shower come down at the right time; there will be showers of blessing.|en
1748|34|27|27|田野的樹必結果，地也必有出產；他們必在故土安然居住。我折斷他們所負的軛，救他們脫離那以他們為奴之人的手；那時，他們就知道我是耶和華。|zh
1749|34|27|27|And the tree of the field will give its fruit and the earth will give its increase, and they will be safe in their land; and they will be certain that I am the Lord, when I have had their yoke broken and have given them salvation from the hands of those who made them servants.|en
1750|34|28|28|他們必不再作外邦人的掠物，地上的野獸也不再吞吃他們；卻要安然居住，無人驚嚇。|zh
1751|34|28|28|And their goods will no longer be taken by the nations, and they will not again be food for the beasts of the earth; but they will be living safely and no one will be a cause of fear to them.|en
1752|34|29|29|我必給他們興起有名的植物；他們在境內不再為饑荒所滅，也不再受外邦人的羞辱，|zh
1753|34|29|29|And I will give them planting-places of peace, and they will no longer be wasted from need of food or put to shame by the nations.|en
1754|34|30|30|必知道我、耶和華─他們的神是與他們同在的，並知道他們─以色列家是我的民。這是主耶和華說的。|zh
1755|34|30|30|And they will be certain that I the Lord their God am with them, and that they, the children of Israel, are my people, says the Lord.|en
1756|34|31|31|你們作我的羊，我草場上的羊，乃是以色列人，我也是你們的神。這是主耶和華說的。|zh
1757|34|31|31|And you are my sheep, the sheep of my grass-lands, and I am your God, says the Lord.|en
1758|35|1|1|耶和華的話又臨到我說：|zh
1759|35|1|1|Then the word of the Lord came to me, saying,|en
1760|35|2|2|人子啊，你要面向西珥山發預言，攻擊他，|zh
1761|35|2|2|Son of man, let your face be turned to Mount Seir, and be a prophet against it,|en
1762|35|3|3|對他說，主耶和華如此說：西珥山哪，我與你為敵，必向你伸手攻擊你，使你荒涼，令人驚駭。|zh
1763|35|3|3|And say to it, This is what the Lord has said: See, I am against you, O Mount Seir, and my hand will be stretched out against you, and I will make you a waste and a cause for wonder.|en
1764|35|4|4|我必使你的城邑變為荒場，成為淒涼。你就知道我是耶和華。|zh
1765|35|4|4|I will make your towns unpeopled and you will be a waste; and you will be certain that I am the Lord.|en
1766|35|5|5|因為你永懷仇恨，在以色列人遭災、罪孽到了盡頭的時候，將他們交與刀劍，|zh
1767|35|5|5|Because yours has been a hate without end, and you have given up the children of Israel to the power of the sword in the time of their trouble, in the time of the punishment of the end:|en
1768|35|6|6|所以主耶和華說：我指著我的永生起誓，我必使你遭遇流血的報應，罪（原文是血；本節同）必追趕你；你既不恨惡殺人流血，所以這罪必追趕你。|zh
1769|35|6|6|For this cause, by my life, says the Lord, because you have been sinning through blood, blood will come after you.|en
1770|35|7|7|我必使西珥山荒涼，令人驚駭，來往經過的人我必剪除。|zh
1771|35|7|7|And I will make Mount Seir a cause for wonder and a waste, cutting off from it all comings and goings.|en
1772|35|8|8|我必使西珥山滿有被殺的人。被刀殺的，必倒在你小山和山谷，並一切的溪水中。|zh
1773|35|8|8|I will make his mountains full of those who have been put to death; in your valleys and in all your water-streams men will be falling by the sword.|en
1774|35|9|9|我必使你永遠荒涼，使你的城邑無人居住，你的民就知道我是耶和華。|zh
1775|35|9|9|I will make you waste for ever, and your towns will be unpeopled: and you will be certain that I am the Lord.|en
1776|35|10|10|因為你曾說：這二國這二邦必歸於我，我必得為業（其實耶和華仍在那裡），|zh
1777|35|10|10|Because you have said, The two nations and the two countries are to be mine, and we will take them for our heritage; though the Lord was there:|en
1778|35|11|11|所以主耶和華說：我指著我的永生起誓，我必照你的怒氣和你從仇恨中向他們所發的嫉妒待你。我審判你的時候，必將自己顯明在他們中間。|zh
1779|35|11|11|For this cause, by my life, says the Lord, I will do to you as you have done in your wrath and in your envy, which you have made clear in your hate for them; and I will make clear to you who I am when you are judged by me.|en
1780|35|12|12|你也必知道我─耶和華聽見了你的一切毀謗，就是你攻擊以色列山的話，說：這些山荒涼，是歸我們吞滅的。|zh
1781|35|12|12|And you will see that I the Lord have had knowledge of all the bitter things which you have said against the mountains of Israel, saying, They have been made waste, they are given to us to take for our heritage.|en
1782|35|13|13|你們也用口向我誇大，增添與我反對的話，我都聽見了。|zh
1783|35|13|13|And you have made yourselves great against me with your mouths, increasing your words against me; and it has come to my ears.|en
1784|35|14|14|主耶和華如此說：全地歡樂的時候，我必使你荒涼。|zh
1785|35|14|14|This is what the Lord has said: Because you were glad over my land when it was a waste, so will I do to you:|en
1786|35|15|15|你怎樣因以色列家的地業荒涼而喜樂，我必照你所行的待你。西珥山哪，你和以東全地必都荒涼。你們就知道我是耶和華。|zh
1787|35|15|15|You will become a waste, O Mount Seir, and all Edom, even all of it: and you will be certain that I am the Lord.|en
1788|36|1|1|人子啊，你要對以色列山發預言說：以色列山哪，要聽耶和華的話。|zh
1789|36|1|1|And you, son of man, be a prophet about the mountains of Israel, and say, You mountains of Israel, give ear to the word of the Lord:|en
1790|36|2|2|主耶和華如此說：因仇敵說：阿哈！這永久的山岡都歸我們為業了！|zh
1791|36|2|2|This is what the Lord has said: Because your hater has said against you, Aha! and, The old waste places are our heritage, we have taken them:|en
1792|36|3|3|所以要發預言說，主耶和華如此說：因為敵人使你荒涼，四圍吞吃，好叫你歸與其餘的外邦人為業，並且多嘴多舌的人提起你來，百姓也說你有臭名。|zh
1793|36|3|3|For this cause be a prophet, and say, This is what the Lord has said: Because, even because they have been glad over you and put you to shame on every side, because you have become a heritage for the rest of the nations, and you are taken up on the lips of talkers and in the evil talk of the people:|en
1794|36|4|4|故此，以色列山要聽主耶和華的話。大山小岡、水溝山谷、荒廢之地、被棄之城，為四圍其餘的外邦人所佔據、所譏刺的，|zh
1795|36|4|4|For this reason, you mountains of Israel, give ear to the word of the Lord; this is what the Lord has said to the mountains and to the hills, to the streams and to the valleys, to the unpeopled wastes and to the towns where no one is living, from which the goods have been taken and which have been put to shame by the rest of the nations who are round about:|en
1796|36|5|5|主耶和華對你們如此說：我真發憤恨如火，責備那其餘的外邦人和以東的眾人。他們快樂滿懷，心存恨惡，將我的地歸自己為業，又看為被棄的掠物。|zh
1797|36|5|5|For this cause the Lord has said: Truly, in the heat of my bitter feeling I have said things against the rest of the nations and against all Edom, who have taken my land as a heritage for themselves with the joy of all their heart, and with bitter envy of soul have made attacks on it:|en
1798|36|6|6|所以，你要指著以色列地說預言，對大山小岡、水溝山谷說，主耶和華如此說：我發憤恨和忿怒說，因你們曾受外邦人的羞辱，|zh
1799|36|6|6|For this cause be a prophet about the land of Israel, and say to the mountains and to the hills, to the streams and to the valleys, This is what the Lord has said: Truly, in my bitter feeling and in my wrath I have said these things, because you have undergone the shame of the nations:|en
1800|36|7|7|所以我起誓說：你們四圍的外邦人總要擔當自己的羞辱。這是主耶和華說的。|zh
1801|36|7|7|For this cause the Lord has said, See, I have taken an oath that the nations which are round about you are themselves to undergo the shame which they have put on you.|en
1802|36|8|8|以色列山哪，你必發枝條，為我的民以色列結果子，因為他們快要來到。|zh
1803|36|8|8|But you, O mountains of Israel, will put out your branches and give your fruit to my people Israel; for they are ready to come.|en
1804|36|9|9|看哪，我是幫助你的，也必向你轉意，使你得以耕種。|zh
1805|36|9|9|For truly I am for you, and I will be turned to you, and you will be ploughed and planted:|en
1806|36|10|10|我必使以色列全家的人數在你上面增多，城邑有人居住，荒場再被建造。|zh
1807|36|10|10|And I will let your numbers be increased, all the children of Israel, even all of them: and the towns will be peopled and the waste places will have buildings;|en
1808|36|11|11|我必使人和牲畜在你上面加增；他們必生養眾多。我要使你照舊有人居住，並要賜福與你比先前更多，你就知道我是耶和華。|zh
1809|36|11|11|Man and beast will be increased in you, and they will have offspring and be fertile: I will make you thickly peopled as you were before, and will do more for you than at the first: and you will be certain that I am the Lord.|en
1810|36|12|12|我必使人，就是我的民以色列，行在你上面。他們必得你為業；你也不再使他們喪子。|zh
1811|36|12|12|Yes, I will have you walked on by the feet of men, even my people Israel; they will have you for a heritage and you will be theirs, and never again will you take their children from them.|en
1812|36|13|13|主耶和華如此說：因為人對你說：你是吞吃人的，又使國民喪子，|zh
1813|36|13|13|This is what the Lord has said: Because they say to you, You, O land, are the destruction of men, causing loss of children to your nation;|en
1814|36|14|14|所以主耶和華說：你必不再吞吃人，也不再使國民喪子。|zh
1815|36|14|14|For this reason you will no longer take the lives of men and will never again be the cause of loss of children to your nation, says the Lord.|en
1816|36|15|15|我使你不再聽見各國的羞辱，不再受萬民的辱罵，也不再使國民絆跌。這是主耶和華說的。|zh
1817|36|15|15|And I will not let the shaming of the nations come to your ears, and no longer will you be looked down on by the peoples, says the Lord.|en
1818|36|16|16|耶和華的話又臨到我說：|zh
1819|36|16|16|Then the word of the Lord came to me, saying,|en
1820|36|17|17|人子啊，以色列家住在本地的時候，在行動作為上玷污那地。他們的行為在我面前，好像正在經期的婦人那樣污穢。|zh
1821|36|17|17|Son of man, when the children of Israel were living in their land, they made it unclean by their way and their acts: their way before me was as when a woman is unclean at the time when she is kept separate.|en
1822|36|18|18|所以我因他們在那地上流人的血，又因他們以偶像玷污那地，就把我的忿怒傾在他們身上。|zh
1823|36|18|18|So I let loose my wrath on them because of those whom they had violently put to death in the land, and because they had made it unclean with their images:|en
1824|36|19|19|我將他們分散在列國，四散在列邦，按他們的行動作為懲罰他們。|zh
1825|36|19|19|And I sent them in flight among the nations and wandering through the countries: I was their judge, rewarding them for their way and their acts.|en
1826|36|20|20|他們到了所去的列國，就使我的聖名被褻瀆；因為人談論他們說，這是耶和華的民，是從耶和華的地出來的。|zh
1827|36|20|20|And when they came among the nations, wherever they went, they made my holy name unclean, when it was said of them, These are the people of the Lord who have gone out from his land.|en
1828|36|21|21|我卻顧惜我的聖名，就是以色列家在所到的列國中所褻瀆的。|zh
1829|36|21|21|But I had pity for my holy name which the children of Israel had made unclean wherever they went.|en
1830|36|22|22|所以，你要對以色列家說，主耶和華如此說：以色列家啊，我行這事不是為你們，乃是為我的聖名，就是在你們到的列國中所褻瀆的。|zh
1831|36|22|22|For this cause say to the children of Israel, This is what the Lord has said: I am doing this, not because of you, O children of Israel, but because of my holy name, which you have made unclean among the nations wherever you went.|en
1832|36|23|23|我要使我的大名顯為聖；這名在列國中已被褻瀆，就是你們在他們中間所褻瀆的。我在他們眼前，在你們身上顯為聖的時候，他們就知道我是耶和華。這是主耶和華說的。|zh
1833|36|23|23|And I will make holy my great name which has been made unclean among the nations, which you have made unclean among them; and it will be clear to the nations that I am the Lord, says the Lord, when I make myself holy in you before their eyes.|en
1834|36|24|24|我必從各國收取你們，從列邦聚集你們，引導你們歸回本地。|zh
1835|36|24|24|For I will take you out from among the nations, and get you together from all the countries, and take you into your land.|en
1836|36|25|25|我必用清水灑在你們身上，你們就潔淨了。我要潔淨你們，使你們脫離一切的污穢，棄掉一切的偶像。|zh
1837|36|25|25|And I will put clean water on you so that you may be clean: from all your unclean ways and from all your images I will make you clean.|en
1838|36|26|26|我也要賜給你們一個新心，將新靈放在你們裡面，又從你們的肉體中除掉石心，賜給你們肉心。|zh
1839|36|26|26|And I will give you a new heart and put a new spirit in you: I will take away the heart of stone from your flesh, and give you a heart of flesh.|en
1840|36|27|27|我必將我的靈放在你們裡面，使你們順從我的律例，謹守遵行我的典章。|zh
1841|36|27|27|And I will put my spirit in you, causing you to be guided by my rules, and you will keep my orders and do them.|en
1842|36|28|28|你們必住在我所賜給你們列祖之地。你們要作我的子民，我要作你們的神。|zh
1843|36|28|28|So that you may go on living in the land which I gave to your fathers; and you will be to me a people, and I will be to you a God.|en
1844|36|29|29|我必救你們脫離一切的污穢，也必命五穀豐登，不使你們遭遇饑荒。|zh
1845|36|29|29|And I will make you free from all your unclean ways: and at my voice the grain will come up and be increased, and I will not let you be short of food.|en
1846|36|30|30|我必使樹木多結果子，田地多出土產，好叫你們不再因饑荒受外邦人的譏誚。|zh
1847|36|30|30|And I will make the tree give more fruit and the field fuller produce, and no longer will you be shamed among the nations for need of food.|en
1848|36|31|31|那時，你們必追想你們的惡行和你們不善的作為，就因你們的罪孽和可憎的事厭惡自己。|zh
1849|36|31|31|And at the memory of your evil ways and your wrongdoings, you will have bitter hate for yourselves because of your evil-doings and your disgusting ways, O children of Israel.|en
1850|36|32|32|主耶和華說：你們要知道，我這樣行不是為你們。以色列家啊，當為自己的行為抱愧蒙羞。|zh
1851|36|32|32|Not because of you am I doing it, says the Lord; let it be clear to you, and be shamed and made low because of your ways, O children of Israel.|en
1852|36|33|33|主耶和華如此說：我潔淨你們，使你們脫離一切罪孽的日子，必使城邑有人居住，荒場再被建造。|zh
1853|36|33|33|This is what the Lord has said: In the day when I make you clean from all your evil-doings I will let the towns be peopled and there will be building on the waste places.|en
1854|36|34|34|過路的人雖看為荒廢之地，現今這荒廢之地仍得耕種。|zh
1855|36|34|34|And the land which was waste will be farmed, in place of being a waste in the eyes of everyone who went by.|en
1856|36|35|35|他們必說：這先前為荒廢之地，現在成如伊甸園；這荒廢淒涼、毀壞的城邑現在堅固有人居住。|zh
1857|36|35|35|And they will say, This land which was waste has become like the garden of Eden; and the towns which were unpeopled and wasted and pulled down are walled and peopled.|en
1858|36|36|36|那時，在你們四圍其餘的外邦人必知道我─耶和華修造那毀壞之處，培植那荒廢之地。我─耶和華說過，也必成就。|zh
1859|36|36|36|Then the rest of the nations round about you will be certain that I the Lord am the builder of the places which were pulled down and the planter of that which was waste: I the Lord have said it, and I will do it.|en
1860|36|37|37|主耶和華如此說：我要加增以色列家的人數，多如羊群。他們必為這事向我求問，我要給他們成就。|zh
1861|36|37|37|This is what the Lord has said: The children of Israel will again make prayer to me for this, that I may do it for them; I will make them increased with men like a flock.|en
1862|36|38|38|耶路撒冷在守節作祭物所獻的羊群怎樣多，照樣，荒涼的城邑必被人群充滿。他們就知道我是耶和華。|zh
1863|36|38|38|Like sheep for the offerings, like the sheep of Jerusalem at her fixed feasts, so the unpeopled towns will be made full of men: and they will be certain that I am the Lord.|en
1864|37|1|1|耶和華的靈（原文是手）降在我身上。耶和華藉他的靈帶我出去，將我放在平原中；這平原遍滿骸骨。|zh
1865|37|1|1|The hand of the Lord had been on me, and he took me out in the spirit of the Lord and put me down in the middle of the valley; and it was full of bones;|en
1866|37|2|2|他使我從骸骨的四圍經過，誰知在平原的骸骨甚多，而且極其枯乾。|zh
1867|37|2|2|And he made me go past them round about: and I saw that there was a very great number of them on the face of the wide valley, and they were very dry.|en
1868|37|3|3|他對我說：人子啊，這些骸骨能復活麼？我說：主耶和華啊，你是知道的。|zh
1869|37|3|3|And he said to me, Son of man, is it possible for these bones to come to life? And I made answer, and said, It is for you to say, O Lord.|en
1870|37|4|4|他又對我說：你向這些骸骨發預言說：枯乾的骸骨啊，要聽耶和華的話。|zh
1871|37|4|4|And again he said to me, Be a prophet to these bones, and say to them, O you dry bones, give ear to the word of the Lord.|en
1872|37|5|5|主耶和華對這些骸骨如此說：我必使氣息進入你們裡面，你們就要活了。|zh
1873|37|5|5|This is what the Lord has said to these bones: See, I will make breath come into you so that you may come to life;|en
1874|37|6|6|我必給你們加上筋，使你們長肉，又將皮遮蔽你們，使氣息進入你們裡面，你們就要活了；你們便知道我是耶和華。|zh
1875|37|6|6|And I will put muscles on you and make flesh come on you, and put skin over you, and breath into you, so that you may have life; and you will be certain that I am the Lord.|en
1876|37|7|7|於是，我遵命說預言。正說預言的時候，不料，有響聲，有地震；骨與骨互相聯絡。|zh
1877|37|7|7|So I gave the word as I was ordered: and at my words there was a shaking of the earth, and the bones came together, bone to bone.|en
1878|37|8|8|我觀看，見骸骨上有筋，也長了肉，又有皮遮蔽其上，只是還沒有氣息。|zh
1879|37|8|8|And looking I saw that there were muscles on them and flesh came up, and they were covered with skin: but there was no breath in them.|en
1880|37|9|9|主對我說：人子啊，你要發預言，向風發預言，說主耶和華如此說：氣息啊，要從四方（原文是風）而來，吹在這些被殺的人身上，使他們活了。|zh
1881|37|9|9|And he said to me, Be a prophet to the wind, be a prophet, son of man, and say to the wind, The Lord has said: Come from the four winds, O wind, breathing on these dead so that they may come to life.|en
1882|37|10|10|於是我遵命說預言，氣息就進入骸骨，骸骨便活了，並且站起來，成為極大的軍隊。|zh
1883|37|10|10|And I gave the word at his orders, and breath came into them, and they came to life and got up on their feet, a very great army.|en
1884|37|11|11|主對我說：人子啊，這些骸骨就是以色列全家。他們說：我們的骨頭枯乾了，我們的指望失去了，我們滅絕淨盡了。|zh
1885|37|11|11|Then he said to me, Son of man, these bones are all the children of Israel: and see, they are saying, Our bones have become dry our hope is gone, we are cut off completely.|en
1886|37|12|12|所以你要發預言對他們說，主耶和華如此說：我的民哪，我必開你們的墳墓，使你們從墳墓中出來，領你們進入以色列地。|zh
1887|37|12|12|For this cause be a prophet to them, and say, This is what the Lord has said: See, I am opening the resting-places of your dead, and I will make you come up out of your resting-places, O my people; and I will take you into the land of Israel.|en
1888|37|13|13|我的民哪，我開你們的墳墓，使你們從墳墓中出來，你們就知道我是耶和華。|zh
1889|37|13|13|And you will be certain that I am the Lord by my opening the resting-places of your dead and making you come up out of your resting-places, O my people.|en
1890|37|14|14|我必將我的靈放在你們裡面，你們就要活了。我將你們安置在本地，你們就知道我─耶和華如此說，也如此成就了。這是耶和華說的。|zh
1891|37|14|14|And I will put my spirit in you, so that you may come to life, and I will give you a rest in your land: and you will be certain that I the Lord have said it and have done it, says the Lord.|en
1892|37|15|15|耶和華的話又臨到我說：|zh
1893|37|15|15|And the word of the Lord came to me, saying,|en
1894|37|16|16|人子啊，你要取一根木杖，在其上寫為猶大和他的同伴以色列人；又取一根木杖，在其上寫為約瑟，就是為以法蓮，又為他的同伴以色列全家。|zh
1895|37|16|16|And you, son of man, take one stick, writing on it, For Judah and for the children of Israel who are in his company: then take another stick, writing on it, For Joseph, the stick of Ephraim, and all the children of Israel who are in his company:|en
1896|37|17|17|你要使這兩根木杖接連為一，在你手中成為一根。|zh
1897|37|17|17|Then, joining them one to another, make them one stick, so that they may be one in your hand.|en
1898|37|18|18|你本國的子民問你說：這是甚麼意思？你不指示我們麼？|zh
1899|37|18|18|And when the children of your people say to you, Will you not make clear to us what these things have to do with us?|en
1900|37|19|19|你就對他們說：主耶和華如此說：我要將約瑟和他同伴以色列支派的杖，就是那在以法蓮手中的，與猶大的杖一同接連為一，在我手中成為一根。|zh
1901|37|19|19|Then say to them, This is what the Lord has said: See, I am taking the stick of Joseph, which is in the hand of Ephraim, and the tribes of Israel who are in his company; and I will put it on the stick of Judah and make them one stick, and they will be one in my hand.|en
1902|37|20|20|你所寫的那兩根杖要在他們眼前拿在手中，|zh
1903|37|20|20|And the sticks with your writing on them will be in your hand before their eyes.|en
1904|37|21|21|要對他們說，主耶和華如此說：我要將以色列人從他們所到的各國收取，又從四圍聚集他們，引導他們歸回本地。|zh
1905|37|21|21|And say to them, These are the words of the Lord: See, I am taking the children of Israel from among the nations where they have gone, and will get them together on every side, and take them into their land:|en
1906|37|22|22|我要使他們在那地，在以色列山上成為一國，有一王作他們眾民的王。他們不再為二國，決不再分為二國；|zh
1907|37|22|22|And I will make them one nation in the land, on the mountains of Israel; and one king will be king over them all: and they will no longer be two nations, and will no longer be parted into two kingdoms:|en
1908|37|23|23|也不再因偶像和可憎的物，並一切的罪過玷污自己。我卻要救他們出離一切的住處，就是他們犯罪的地方；我要潔淨他們，如此，他們要作我的子民，我要作他們的神。|zh
1909|37|23|23|And they will no longer make themselves unclean with their images or with their hated things or with any of their sins: but I will give them salvation from all their turning away in which they have done evil, and will make them clean; and they will be to me a people, and I will be to them a God.|en
1910|37|24|24|我的僕人大衛必作他們的王；眾民必歸一個牧人。他們必順從我的典章，謹守遵行我的律例。|zh
1911|37|24|24|And my servant David will be king over them; and they will all have one keeper: and they will be guided by my orders and will keep my rules and do them.|en
1912|37|25|25|他們必住在我賜給我僕人雅各的地上，就是你們列祖所住之地。他們和他們的子孫，並子孫的子孫，都永遠住在那裡。我的僕人大衛必作他們的王，直到永遠。|zh
1913|37|25|25|And they will be living in the land which I gave to Jacob, my servant, in which your fathers were living; and they will go on living there, they and their children and their children's children, for ever: and David, my servant, will be their ruler for ever.|en
1914|37|26|26|並且我要與他們立平安的約，作為永約。我也要將他們安置在本地，使他們的人數增多，又在他們中間設立我的聖所，直到永遠。|zh
1915|37|26|26|And I will make an agreement of peace with them: it will be an eternal agreement with them: and I will have mercy on them and make their numbers great, and will put my holy place among them for ever.|en
1916|37|27|27|我的居所必在他們中間；我要作他們的神，他們要作我的子民。|zh
1917|37|27|27|And my House will be over them; and I will be to them a God, and they will be to me a people.|en
1918|37|28|28|我的聖所在以色列人中間直到永遠，外邦人就必知道我是叫以色列成為聖的耶和華。|zh
1919|37|28|28|And the nations will be certain that I who make Israel holy am the Lord, when my holy place is among them for ever.|en
1920|38|1|1|耶和華的話臨到我說：|zh
1921|38|1|1|And the word of the Lord came to me, saying,|en
1922|38|2|2|人子啊，你要面向瑪各地的歌革，就是羅施、米設、土巴的王發預言攻擊他，|zh
1923|38|2|2|Son of man, let your face be turned against Gog, of the land of Magog, the ruler of Rosh, Meshech, and Tubal, and be a prophet against him,|en
1924|38|3|3|說主耶和華如此說：羅施、米設、土巴的王歌革啊，我與你為敵。|zh
1925|38|3|3|And say, This is what the Lord has said: See, I am against you, O Gog, ruler of Rosh, Meshech, and Tubal:|en
1926|38|4|4|我必用鉤子鉤住你的腮頰，調轉你，將你和你的軍兵、馬匹、馬兵帶出來，都披掛整齊，成了大隊，有大小盾牌，各拿刀劍。|zh
1927|38|4|4|And turning you round, I will put hooks in your mouth and make you come out with all your army, horses and horsemen, all of them in full war-dress, a great force with breastplate and body-cover, all of them armed with swords:|en
1928|38|5|5|波斯人、古實人，和弗人（又作呂彼亞人），各拿盾牌，頭上戴盔；|zh
1929|38|5|5|Persia, Cush, and Put with them; all of them with body-cover and metal head-dress:|en
1930|38|6|6|歌篾人和他的軍隊，北方極處的陀迦瑪族和他的軍隊，這許多國的民都同著你。|zh
1931|38|6|6|Gomer and all her forces; the people of Togarmah in the inmost parts of the north, with all his forces: a great number of peoples with you.|en
1932|38|7|7|那聚集到你這裡的各隊都當準備；你自己也要準備，作他們的大帥。|zh
1933|38|7|7|Be ready, make yourself ready, you and all the forces who are with you, and be ready for my orders.|en
1934|38|8|8|過了多日，你必被差派。到末後之年，你必來到脫離刀劍從列國收回之地，到以色列常久荒涼的山上；但那從列國中招聚出來的必在其上安然居住。|zh
1935|38|8|8|After a long time you will get your orders: in the last years you will come into the land which has been given back from the sword, which has been got together out of a great number of peoples, on the mountains of Israel which have ever been a waste: but it has been taken out from the peoples and they will be living, all of them, without fear of danger.|en
1936|38|9|9|你和你的軍隊，並同著你許多國的民，必如暴風上來，如密雲遮蓋地面。|zh
1937|38|9|9|And you will go up, you will come like a storm, you will be like a cloud covering the land, you and all your forces, and a great number of peoples with you.|en
1938|38|10|10|主耶和華如此說：到那時，你心必起意念，圖謀惡計，|zh
1939|38|10|10|This is what the Lord has said: In that day it will come about that things will come into your mind, and you will have thoughts of an evil design:|en
1940|38|11|11|說：我要上那無城牆的鄉村，我要到那安靜的民那裡，他們都沒有城牆，無門、無閂，安然居住。|zh
1941|38|11|11|And you will say, I will go up to the land of small unwalled towns; I will go to those who are quiet, living, all of them, without fear of danger, without walls or locks or doors:|en
1942|38|12|12|我去要搶財為擄物，奪貨為掠物，反手攻擊那從前荒涼、現在有人居住之地，又攻擊那住世界中間、從列國招聚、得了牲畜財貨的民。|zh
1943|38|12|12|To take their property by force and go off with their goods; turning your hand against the waste places which now are peopled, and against the people who have been got together out of the nations, who have got cattle and goods for themselves, who are living in the middle of the earth.|en
1944|38|13|13|示巴人、底但人、他施的客商，和其間的少壯獅子都必問你說：你來要搶財為擄物麼？你聚集軍隊要奪貨為掠物麼？要奪取金銀，擄去牲畜、財貨麼？要搶奪許多財寶為擄物麼？|zh
1945|38|13|13|Sheba, and Dedan and her traders, Tarshish with all her traders, will say to you, Have you come to take our goods? have you got your armies together to take away our property by force? to take away silver and gold, cattle and goods, to go off with great wealth?|en
1946|38|14|14|人子啊，你要因此發預言，對歌革說，主耶和華如此說：到我民以色列安然居住之日，你豈不知道麼？|zh
1947|38|14|14|For this cause, son of man, be a prophet and say to Gog, These are the words of the Lord: In that day, when my people Israel are living without fear of danger, will you not be moved against them?|en
1948|38|15|15|你必從本地，從北方的極處率領許多國的民來，都騎著馬，乃一大隊極多的軍兵。|zh
1949|38|15|15|And you will come from your place in the inmost parts of the north, you and a great number of peoples with you, all of them on horseback, a great force and a strong army:|en
1950|38|16|16|歌革啊，你必上來攻擊我的民以色列，如密雲遮蓋地面。末後的日子，我必帶你來攻擊我的地，到我在外邦人眼前，在你身上顯為聖的時候，好叫他們認識我。|zh
1951|38|16|16|And you will come up against my people Israel, like a cloud covering the land; and it will come about, in the last days, that I will make you come against my land, so that the nations may have knowledge of me when I make myself holy in you, O Gog, before their eyes.|en
1952|38|17|17|主耶和華如此說：我在古時藉我的僕人以色列的先知所說的，就是你麼？當日他們多年預言我必帶你來攻擊以色列人。|zh
1953|38|17|17|This is what the Lord has said: You are he of whom I gave them word in earlier times by my servants, the prophets of Israel, who in those days went on saying, year after year, that I would make you come up against them.|en
1954|38|18|18|主耶和華說：歌革上來攻擊以色列地的時候，我的怒氣要從鼻孔裡發出。|zh
1955|38|18|18|And it will come about in that day, when Gog comes up against the land of Israel, says the Lord, that my wrath will come up, and my passion and my bitter feeling.|en
1956|38|19|19|我發憤恨和烈怒如火說：那日在以色列地必有大震動，|zh
1957|38|19|19|For in the fire of my wrath I have said, Truly, in that day there will be a great shaking in the land of Israel;|en
1958|38|20|20|甚至海中的魚、天空的鳥、田野的獸，並地上的一切昆蟲，和其上的眾人，因見我的面就都震動；山嶺必崩裂，陡巖必塌陷，牆垣都必坍倒。|zh
1959|38|20|20|So that the fish of the sea and the birds of heaven and the beasts of the field and everything moving on the earth, and all the men who are on the face of the earth, will be shaking before me, and the mountains will be overturned and the high places will come down, and every wall will come falling down to the earth.|en
1960|38|21|21|主耶和華說：我必命我的諸山發刀劍來攻擊歌革；人都要用刀劍殺害弟兄。|zh
1961|38|21|21|And I will send to all my mountains for a sword against him, says the Lord: every man's sword will be against his brother.|en
1962|38|22|22|我必用瘟疫和流血的事刑罰他。我也必將暴雨、大雹與火，並硫磺降與他和他的軍隊，並他所率領的眾民。|zh
1963|38|22|22|And I will take up my cause against him with disease and with blood; and I will send down on him and on his forces and on the peoples who are with him, an overflowing shower and great ice-drops, fire, and burning.|en
1964|38|23|23|我必顯為大，顯為聖，在多國人的眼前顯現；他們就知道我是耶和華。|zh
1965|38|23|23|And I will make my name great and make myself holy, and I will make myself clear to a number of nations; and they will be certain that I am the Lord.|en
1966|39|1|1|人子啊，你要向歌革發預言攻擊他，說主耶和華如此說：羅施、米設、土巴的王歌革啊，我與你為敵。|zh
1967|39|1|1|And you, son of man, be a prophet against Gog, and say, These are the words of the Lord: See, I am against you, O Gog, ruler of Rosh, Meshech, and Tubal:|en
1968|39|2|2|我必調轉你，領你前往，使你從北方的極處上來，帶你到以色列的山上。|zh
1969|39|2|2|And turning you round, I will be your guide, and make you come up from the inmost parts of the north; I will make you come on to the mountains of Israel:|en
1970|39|3|3|我必從你左手打落你的弓，從你右手打掉你的箭。|zh
1971|39|3|3|And with a blow I will send your bow out of your left hand and your arrows falling from your right hand.|en
1972|39|4|4|你和你的軍隊，並同著你的列國人，都必倒在以色列的山上。我必將你給各類的鷙鳥和田野的走獸作食物。|zh
1973|39|4|4|On the mountains of Israel you will come down, you and all your forces and the peoples who are with you: I will give you to cruel birds of every sort and to the beasts of the field to be their food.|en
1974|39|5|5|你必倒在田野，因為我曾說過。這是主耶和華說的。|zh
1975|39|5|5|You will come down in the open field: for I have said it, says the Lord.|en
1976|39|6|6|我要降火在瑪各和海島安然居住的人身上，他們就知道我是耶和華。|zh
1977|39|6|6|And I will send a fire on Magog, and on those who are living in the sea-lands without fear: and they will be certain that I am the Lord.|en
1978|39|7|7|我要在我民以色列中顯出我的聖名，也不容我的聖名再被褻瀆，列國人就知道我是耶和華─以色列中的聖者。|zh
1979|39|7|7|And I will make clear my holy name among my people Israel; I will no longer let my holy name be made unclean: and the nations will be certain that I am the Lord, the Holy One in Israel.|en
1980|39|8|8|主耶和華說：這日事情臨近，也必成就，乃是我所說的日子。|zh
1981|39|8|8|See, it is coming and it will be done, says the Lord; this is the day of which I have given word.|en
1982|39|9|9|住以色列城邑的人必出去撿器械，就是大小盾牌、弓箭、梃杖、槍矛，都當柴燒火，直燒七年，|zh
1983|39|9|9|And those who are living in the towns of Israel will go out and make fires of the instruments of war, burning the body-covers and the breastplates, the bows and the arrows and the sticks and the spears, and for seven years they will make fires of them:|en
1984|39|10|10|甚至他們不必從田野撿柴，也不必從樹林伐木；因為他們要用器械燒火，並且搶奪那搶奪他們的人，擄掠那擄掠他們的人。這是主耶和華說的。|zh
1985|39|10|10|And they will take no wood out of the field or have any cut down in the woods; for they will make their fires of the instruments of war: and they will take by force the property of those who took their property, and go off with the goods of those who took their goods, says the Lord.|en
1986|39|11|11|當那日，我必將以色列地的谷，就是海東人所經過的谷，賜給歌革為墳地，使經過的人到此停步。在那裡人必葬埋歌革和他的群眾，就稱那地為哈們歌革谷。|zh
1987|39|11|11|And it will come about in those days, that I will give to Gog a last resting-place there in Israel, in the valley of Abarim on the east of the sea: and those who go through will be stopped: and there Gog and all his people will be put to rest, and the place will be named, The valley of Hamon-gog.|en
1988|39|12|12|以色列家的人必用七個月葬埋他們，為要潔淨全地。|zh
1989|39|12|12|And the children of Israel will be seven months putting them in the earth, so as to make the land clean.|en
1990|39|13|13|全地的居民都必葬埋他們。當我得榮耀的日子，這事必叫他們得名聲。這是主耶和華說的。|zh
1991|39|13|13|And all the people of the land will put them in the earth; and it will be to their honour in the day when I let my glory be seen, says the Lord.|en
1992|39|14|14|他們必分派人時常巡查遍地，與過路的人一同葬埋那剩在地面上的屍首，好潔淨全地。過了七個月，他們還要巡查。|zh
1993|39|14|14|And they will put on one side men to do no other work but to go through the land and put in the earth the rest of those who are still on the face of the land, to make it clean: after seven months are ended they are to make a search.|en
1994|39|15|15|巡查遍地的人要經過全地，見有人的骸骨，就在旁邊立一標記，等葬埋的人來將骸骨葬在哈們歌革谷。|zh
1995|39|15|15|And while they go through the land, if anyone sees a man's bone, he is to put up a sign by the place till those who are doing the work have put it in the earth in the valley of Hamon-gog.|en
1996|39|16|16|他們必這樣潔淨那地，並有一城名叫哈摩那。|zh
1997|39|16|16|And there they will put all the army of Gog in the earth. So they will make the land clean.|en
1998|39|17|17|人子啊，主耶和華如此說：你要對各類的飛鳥和田野的走獸說：你們聚集來罷，要從四方聚到我為你們獻祭之地，就是在以色列山上獻大祭之地，好叫你們吃肉、喝血。|zh
1999|39|17|17|And you, son of man, this is what the Lord has said: Say to the birds of every sort and to all the beasts of the field, Get together and come; come together on every side to the offering which I am putting to death for you, a great offering on the mountains of Israel, so that you may have flesh for your food and blood for your drink.|en
2000|39|18|18|你們必吃勇士的肉，喝地上首領的血，就如吃公綿羊、羊羔、公山羊、公牛，都是巴珊的肥畜。|zh
2001|39|18|18|The flesh of the men of war will be your food, and your drink the blood of the princes of the earth, of sheep and lambs, of he-goats, of oxen, all of them fat beasts of Bashan.|en
2002|39|19|19|你們吃我為你們所獻的祭，必吃飽了脂油，喝醉了血。|zh
2003|39|19|19|You will go on feasting on the fat till you are full, and drinking the blood till you are overcome with it, of my offering which I have put to death for you.|en
2004|39|20|20|你們必在我席上飽吃馬匹和坐車的人，並勇士和一切的戰士。這是主耶和華說的。|zh
2005|39|20|20|At my table you will have food in full measure, horses and war-carriages, great men and all the men of war, says the Lord.|en
2006|39|21|21|我必顯我的榮耀在列國中；萬民就必看見我所行的審判與我在他們身上所加的手。|zh
2007|39|21|21|And I will put my glory among the nations, and all the nations will see my punishments which I have put into effect, and my hand which I have put on them.|en
2008|39|22|22|這樣，從那日以後，以色列家必知道我是耶和華─他們的神。|zh
2009|39|22|22|So the children of Israel will be certain that I am the Lord their God, from that day and for the future.|en
2010|39|23|23|列國人也必知道以色列家被擄掠是因他們的罪孽。他們得罪我，我就掩面不顧，將他們交在敵人手中，他們便都倒在刀下。|zh
2011|39|23|23|And it will be clear to the nations that the children of Israel were taken away prisoners for their evil-doing; because they did wrong against me, and my face was covered from them: so I gave them up into the hands of their attackers, and they all came to their end by the sword.|en
2012|39|24|24|我是照他們的污穢和罪過待他們，並且我掩面不顧他們。|zh
2013|39|24|24|In the measure of their unclean ways and their sins, so I did to them; and I kept my face covered from them.|en
2014|39|25|25|主耶和華如此說：我要使雅各被擄的人歸回，要憐憫以色列全家，又為我的聖名發熱心。|zh
2015|39|25|25|For this cause the Lord has said, Now I will let the fate of Jacob be changed, and I will have mercy on all the children of Israel, and will take care of the honour of my holy name.|en
2016|39|26|26,27 |他們在本地安然居住，無人驚嚇，是我將他們從萬民中領回，從仇敵之地召來。我在許多國的民眼前，在他們身上顯為聖的時候，他們要擔當自己的羞辱和干犯我的一切罪。|zh
2017|39|26|26|And they will be conscious of their shame and of all the wrong which they have done against me, when they are living in their land with no sense of danger and with no one to be a cause of fear to them;|en
2018|39|27|27|When I have taken them back from among the peoples and got them together out of the lands of their haters, and have made myself holy in them before the eyes of a great number of nations.|en
2019|39|28|28|因我使他們被擄到外邦人中，後又聚集他們歸回本地，他們就知道我是耶和華─他們的神；我必不再留他們一人在外邦。|zh
2020|39|28|28|And they will be certain that I am the Lord their God, because I sent them away as prisoners among the nations, and have taken them together back to their land; and I have not let one of them be there any longer.|en
2021|39|29|29|我也不再掩面不顧他們，因我已將我的靈澆灌以色列家。這是主耶和華說的。|zh
2022|39|29|29|And my face will no longer be covered from them: for I have sent the out-flowing of my spirit on the children of Israel, says the Lord.|en
2023|40|1|1|我們被擄掠第二十五年，耶路撒冷城攻破後十四年，正在年初，月之初十日，耶和華的靈（原文是手）降在我身上，他把我帶到以色列地。|zh
2024|40|1|1|In the twenty-fifth year after we had been taken away prisoners, in the first month of the year, on the tenth day of the month, in the fourteenth year after the town was taken, on the very same day, the hand of the Lord was on me, and he took me there.|en
2025|40|2|2|在神的異象中帶我到以色列地，安置在至高的山上；在山上的南邊有彷彿一座城建立。|zh
2026|40|2|2|In the visions of God he took me into the land of Israel, and put me down on a very high mountain, on which there was, as it seemed, a building like a town opposite me.|en
2027|40|3|3|他帶我到那裡，見有一人，顏色（原文是形狀）如銅，手拿麻繩和量度的竿，站在門口。|zh
2028|40|3|3|He took me there, and I saw a man, looking like brass, with a linen cord in his hand and a measuring rod: and he was stationed in the doorway.|en
2029|40|4|4|那人對我說：人子啊，凡我所指示你的，你都要用眼看，用耳聽，並要放在心上。我帶你到這裡來，特為要指示你；凡你所見的，你都要告訴以色列家。|zh
2030|40|4|4|And the man said to me, Son of man, see with your eyes and give hearing with your ears, and take to heart everything I am going to let you see; for in order that I might let you see them, you have come here: and give an account of all you see to the children of Israel.|en
2031|40|5|5|我見殿四圍有牆。那人手拿量度的竿，長六肘，每肘是一肘零一掌。他用竿量牆，厚一竿，高一竿。|zh
2032|40|5|5|And there was a wall on the outside of the house all round, and in the man's hand there was a measuring rod six cubits long by a cubit and a hand's measure: so he took the measure of the building from side to side, one rod; and from base to top, one rod.|en
2033|40|6|6|他到了朝東的門，就上門的臺階，量門的這檻，寬一竿；又量門的那檻，寬一竿。|zh
2034|40|6|6|Then he came to the doorway looking to the east, and went up by its steps; and he took the measure of the doorstep, one rod wide.|en
2035|40|7|7|又有衛房，每房長一竿，寬一竿，相隔五肘。門檻，就是挨著向殿的廊門檻，寬一竿。|zh
2036|40|7|7|And the watchmen's rooms were one rod long and one rod wide; and the space between the rooms was five cubits; the doorstep of the doorway, by the covered way of the doorway inside, was one rod.|en
2037|40|8|8|他又量向殿門的廊子，寬一竿。|zh
2038|40|8|8|And he took the measure of the covered way of the doorway inside,|en
2039|40|9|9|又量門廊，寬八肘，牆柱厚二肘；那門的廊子向著殿。|zh
2040|40|9|9|Eight cubits; and its uprights, two cubits; the covered way of the doorway was inside.|en
2041|40|10|10|東門洞有衛房：這旁三間，那旁三間，都是一樣的尺寸；這邊的柱子和那邊的柱子，也是一樣的尺寸。|zh
2042|40|10|10|And the rooms of the doorway on the east were three on this side and three on that; all three were of the same size; and the uprights on this side and on that were of the same size.|en
2043|40|11|11|他量門口，寬十肘，長十三肘。|zh
2044|40|11|11|And he took the measure of the opening of the doorway, ten cubits wide; and the way down the doorway was thirteen cubits;|en
2045|40|12|12|衛房前展出的境界：這邊一肘，那邊一肘；衛房這邊六肘，那邊六肘。|zh
2046|40|12|12|And the space in front of the rooms, a cubit on this side and a cubit on that side; and the rooms six cubits on this side and six cubits on that.|en
2047|40|13|13|又量門洞，從這衛房頂的後檐到那衛房頂的後檐，寬二十五肘；衛房門與門相對。|zh
2048|40|13|13|And he took the measure of the doorway from the back of one room to the back of the other, twenty-five cubits across, from door to door.|en
2049|40|14|14|又量（原文是造）廊子六十肘（七十士譯本是二十肘），牆柱外是院子，有廊為界，在門洞兩邊。|zh
2050|40|14|14|And he took the measure of the covered way, twenty cubits; and opening from the covered way of the doorway was the open square round about.|en
2051|40|15|15|從大門口到內廊前，共五十肘。|zh
2052|40|15|15|And from before the opening of the doorway to before the inner covered way of the doorway was fifty cubits.|en
2053|40|16|16|衛房和門洞兩旁柱間並廊子，都有嚴緊的窗櫺；裡邊都有窗櫺，柱上有雕刻的棕樹。|zh
2054|40|16|16|And the rooms and their uprights had sloping windows inside the doorway all round, and in the same way the covered way had windows all round on the inside: and on every upright there were palm-trees.|en
2055|40|17|17|他帶我到外院，見院的四圍有鋪石地；鋪石地上有屋子三十間。|zh
2056|40|17|17|Then he took me into the outer square, and there were rooms and a stone floor made for the open square all round: there were thirty rooms on the stone floor.|en
2057|40|18|18|鋪石地，就是矮鋪石地在各門洞兩旁，以門洞的長短為度。|zh
2058|40|18|18|And the stone floor was by the side of the doorways, and was as wide as the doorways were long, even the lower floor.|en
2059|40|19|19|他從下門量到內院外，共寬一百肘，東面北面都是如此。|zh
2060|40|19|19|Then he took the measure of the square across, from before the lower doorway inside to before the inner doorway outside, one hundred cubits. And he took me in the direction of the north,|en
2061|40|20|20|他量外院朝北的門，長寬若干。|zh
2062|40|20|20|And there was a doorway to the outer square, looking to the north; and he took the measure of it to see how wide and how long it was.|en
2063|40|21|21|門洞的衛房，這旁三間，那旁三間。門洞的柱子和廊子，與第一門的尺寸一樣。門洞長五十肘，寬二十五肘。|zh
2064|40|21|21|And it had three rooms on this side of it and three on that; its uprights and its covered ways were the same size as those of the first doorway: it was fifty cubits long and twenty-five cubits wide.|en
2065|40|22|22|其窗櫺和廊子，並雕刻的棕樹，與朝東的門尺寸一樣。登七層臺階上到這門，前面有廊子。|zh
2066|40|22|22|And its windows, and the windows of its covered ways, and its palm-trees, were the same as those of the doorway looking to the east; and there were seven steps up to it; and the covered way went inside.|en
2067|40|23|23|內院有門與這門相對，北面東面都是如此。他從這門量到那門，共一百肘。|zh
2068|40|23|23|And there was a doorway to the inner square opposite the doorway on the north, like the doorway on the east; and he took the measure from doorway to doorway, a hundred cubits.|en
2069|40|24|24|他帶我往南去，見朝南有門，又照先前的尺寸量門洞的柱子和廊子。|zh
2070|40|24|24|And he took me to the south, and I saw a doorway looking to the south: and he took the measure of its rooms and its uprights and its covered ways by these measures.|en
2071|40|25|25|門洞兩旁與廊子的周圍都有窗櫺，和先量的窗櫺一樣。門洞長五十肘，寬二十五肘。|zh
2072|40|25|25|And there were windows in it and in the covered way all round, like the other windows: it was fifty cubits long and twenty-five cubits wide.|en
2073|40|26|26|登七層臺階上到這門，前面有廊子；柱上有雕刻的棕樹，這邊一棵，那邊一棵。|zh
2074|40|26|26|And there were seven steps up to it, and its covered way went inside: and it had palm-trees, one on this side and one on that, on its uprights.|en
2075|40|27|27|內院朝南有門。從這門量到朝南的那門，共一百肘。|zh
2076|40|27|27|And there was a doorway to the inner square looking to the south: he took the measure from doorway to doorway to the south, a hundred cubits.|en
2077|40|28|28|他帶我從南門到內院，就照先前的尺寸量南門。|zh
2078|40|28|28|Then he took me to the inner square by the south doorway: and he took the measure of the south doorway by these measures;|en
2079|40|29|29|衛房和柱子，並廊子都照先前的尺寸。門洞兩旁與廊子的周圍都有窗櫺。門洞長五十肘，寬二十五肘。|zh
2080|40|29|29|And the rooms in it and the uprights and the covered ways, by these measures:|en
2081|40|30|30|周圍有廊子，長二十五肘，寬五肘。|zh
2082|40|30|30|And there were windows in it and in the covered way all round: it was fifty cubits long and twenty-five cubits wide.|en
2083|40|31|31|廊子朝著外院，柱上有雕刻的棕樹。登八層臺階上到這門。|zh
2084|40|31|31|The covered way was on the side nearest the outer square; and there were palm-trees on the uprights: and there were eight steps going up to it.|en
2085|40|32|32|他帶我到內院的東面，就照先前的尺寸量東門。|zh
2086|40|32|32|And he took me into the inner square facing the east: and he took the measure of the doorway by these measures;|en
2087|40|33|33|衛房和柱子，並廊子都照先前的尺寸。門洞兩旁與廊子的周圍都有窗櫺。門洞長五十肘，寬二十五肘。|zh
2088|40|33|33|And of the rooms in it and its uprights and its covered ways, by these measures: and there were windows in it and in the covered way round about: it was fifty cubits long and twenty-five cubits wide.|en
2089|40|34|34|廊子朝著外院。門洞兩旁的柱子都有雕刻的棕樹。登八層臺階上到這門。|zh
2090|40|34|34|And the covered way was on the side nearest the outer square; there were palm-trees on the uprights, on this side and on that: and there were eight steps going up to it.|en
2091|40|35|35|他帶我到北門，就照先前的尺寸量那門，|zh
2092|40|35|35|And he took me to the north doorway: and he took the measure of it by these measures;|en
2093|40|36|36|就是量衛房和柱子，並廊子。門洞周圍都有窗櫺；門洞長五十肘，寬二十五肘。|zh
2094|40|36|36|Its rooms, its uprights, and its covered way had the same measures, and its covered way had windows all round: it was fifty cubits long and twenty-five cubits wide.|en
2095|40|37|37|廊柱朝著外院。門洞兩旁的柱子都有雕刻的棕樹。登八層臺階上到這門。|zh
2096|40|37|37|Its uprights were on the side nearest to the outer square; there were palm-trees on the uprights, on this side and on that: and there were eight steps going up to it.|en
2097|40|38|38|門洞的柱旁有屋子和門；祭司（原文是他們）在那裡洗燔祭牲。|zh
2098|40|38|38|And there was a room with a door in the covered way of the doorway, where the burned offering was washed.|en
2099|40|39|39|在門廊內，這邊有兩張桌子，那邊有兩張桌子，在其上可以宰殺燔祭牲、贖罪祭牲，和贖愆祭牲。|zh
2100|40|39|39|And in the covered way of the doorway there were two tables on this side and two tables on that side, on which the burned offering and the sin-offering and the offering for error were put to death:|en
2101|40|40|40|上到朝北的門口，這邊有兩張桌子，門廊那邊也有兩張桌子。|zh
2102|40|40|40|On the outer side, to the north, as one goes up to the opening of the doorway, were two tables.|en
2103|40|41|41|門這邊有四張桌子，那邊有四張桌子，共八張；在其上祭司宰殺犧牲。|zh
2104|40|41|41|There were four tables on one side and four tables on the other, by the side of the doorway; eight tables, on which they put to death the beasts for the offerings.|en
2105|40|42|42|為燔祭牲有四張桌子，是鑿過的石頭做成的，長一肘半，寬一肘半，高一肘。祭司將宰殺燔祭牲和平安祭牲所用的器皿放在其上。|zh
2106|40|42|42|And there were four tables for the burned offering, made of cut stone, one and a half cubits long, one and a half cubits wide and a cubit high, where the instruments were placed which were used for putting to death the burned offering and the beasts for the offerings.|en
2107|40|43|43|有鉤子，寬一掌，釘在廊內的四圍。桌子上有犧牲的肉。|zh
2108|40|43|43|And they had edges all round as wide as a man's hand: and on the tables was the flesh of the offerings.|en
2109|40|44|44|在北門旁，內院裡有屋子，為歌唱的人而設。這屋子朝南（南：原文是東）；在南門旁，又有一間朝北。|zh
2110|40|44|44|And he took me into the inner square, and there were two rooms in the inner square, one at the side of the north doorway, facing south; and one at the side of the south doorway, facing north.|en
2111|40|45|45|他對我說：這朝南的屋子是為看守殿宇的祭司；|zh
2112|40|45|45|And he said to me, This room, facing south, is for the priests who have the care of the house.|en
2113|40|46|46|那朝北的屋子是為看守祭壇的祭司。這些祭司是利未人中撒督的子孫，近前來事奉耶和華的。|zh
2114|40|46|46|And the room facing north is for the priests who have the care of the altar: these are the sons of Zadok, who, from among the sons of Levi, come near to the Lord to do the work of his house.|en
2115|40|47|47|他又量內院，長一百肘，寬一百肘，是見方的。祭壇在殿前。|zh
2116|40|47|47|And he took the measure of the open square, a hundred cubits long and a hundred cubits wide, being square; and the altar was in front of the house.|en
2117|40|48|48|於是他帶我到殿前的廊子，量廊子的牆柱。這面厚五肘，那面厚五肘。門兩旁，這邊三肘，那邊三肘。|zh
2118|40|48|48|Then he took me to the covered way before the house, and took the measure of its uprights, five cubits on one side and five cubits on the other: and the doorway was fourteen cubits wide; and the side-walls of the doorway were three cubits on one side and three cubits on the other.|en
2119|40|49|49|廊子長二十肘，寬十一肘。上廊子有臺階。靠近牆柱又有柱子，這邊一根，那邊一根。|zh
2120|40|49|49|The covered way was twenty cubits long and twelve cubits wide, and they went up to it by ten steps; and there were pillars by the uprights, one on one side and one on the other.|en
2121|41|1|1|他帶我到殿那裡量牆柱：這面厚六肘，那面厚六肘，寬窄與會幕相同。|zh
2122|41|1|1|And he took me to the Temple, and took the measure of the uprights, six cubits wide on one side and six cubits wide on the other.|en
2123|41|2|2|門口寬十肘。門兩旁，這邊五肘，那邊五肘。他量殿長四十肘，寬二十肘。|zh
2124|41|2|2|And the door-opening was ten cubits wide; and the side walls of the door-opening were five cubits on one side and five cubits on the other: and it was forty cubits long and twenty cubits wide.|en
2125|41|3|3|他到內殿量牆柱，各厚二肘。門口寬六肘，門兩旁各寬七肘。|zh
2126|41|3|3|And he went inside and took the measure of the uprights of the door-opening, two cubits: and the door-opening, six cubits; and the side-walls of the door-opening were seven cubits on one side and seven cubits on the other.|en
2127|41|4|4|他量內殿，長二十肘，寬二十肘。他對我說：這是至聖所。|zh
2128|41|4|4|And by his measure it was twenty cubits long and twenty cubits wide in front of the Temple: and he said to me, This is the most holy place.|en
2129|41|5|5|他又量殿牆，厚六肘；圍著殿有旁屋，各寬四肘。|zh
2130|41|5|5|Then he took the measure of the wall of the house, which was six cubits; and of the side-rooms round the house, which were four cubits wide.|en
2131|41|6|6|旁屋有三層，層疊而上，每層排列三十間。旁屋的梁木擱在殿牆坎上，免得插入殿牆。|zh
2132|41|6|6|And the side-rooms, room over room, were three times thirty; there were inlets in the wall of the house for the side-rooms round about, for supports in the wall of the house.|en
2133|41|7|7|這圍殿的旁屋越高越寬；因旁屋圍殿懸疊而上，所以越上越寬，從下一層，由中一層，到上一層。|zh
2134|41|7|7|The side-rooms became wider as they went higher up the house, by the amount of the space let into the wall up round about the house, because of the inlets in the house; and one went up from the lowest floor by steps to the middle, and from the middle to the upper floor.|en
2135|41|8|8|我又見圍著殿有高月臺。旁屋的根基，高足一竿，就是六大肘。|zh
2136|41|8|8|And I saw that the house had a stone floor all round; the bases of the side-rooms were a full rod of six great cubits high.|en
2137|41|9|9|旁屋的外牆厚五肘。旁屋之外還有餘地。|zh
2138|41|9|9|The wall supporting the side-rooms on the outside was five cubits thick: and there was a free space of five cubits between the side-rooms of the house.|en
2139|41|10|10|在旁屋與對面的房屋中間有空地，寬二十肘。|zh
2140|41|10|10|And between the rooms was a space twenty cubits wide all round the house.|en
2141|41|11|11|旁屋的門都向餘地：一門向北，一門向南。周圍的餘地寬五肘。|zh
2142|41|11|11|And the free space had doors opening from the side-rooms, one door on the north and one door on the south: and the free space was five cubits wide all round.|en
2143|41|12|12|在西面空地之後有房子，寬七十肘，長九十肘，牆四圍厚五肘。|zh
2144|41|12|12|And the building which was in front of the separate place at the side to the west was seventy cubits wide; the wall of the building was five cubits thick all round and ninety cubits long.|en
2145|41|13|13|這樣，他量殿，長一百肘，又量空地和那房子並牆，共長一百肘。|zh
2146|41|13|13|And he took the measure of the house; it was a hundred cubits long; and the separate place and the building with its walls was a hundred cubits long;|en
2147|41|14|14|殿的前面和兩旁的空地，寬一百肘。|zh
2148|41|14|14|And the east front of the house and of the separate place was a hundred cubits wide.|en
2149|41|15|15|他量空地後面的那房子，並兩旁的樓廊，共長一百肘。|zh
2150|41|15|15|And he took the measure of the building in front of the separate place which was at the back of it, and the pillared walks on one side and on the other side; they were a hundred cubits long; and the Temple and the inner part and its outer covered way were covered in;|en
2151|41|16|16|內殿、院廊、門檻、嚴緊的窗櫺，並對著門檻的三層樓廊，從地到窗櫺（窗櫺都有蔽子），|zh
2152|41|16|16|And the sloping windows and the covered ways round all three of them were of shakiph-wood all round from the level of the earth up to the windows;|en
2153|41|17|17|直到門以上，就是到內殿和外殿內外四圍牆壁，都按尺寸用木板遮蔽。|zh
2154|41|17|17|And there was a roof over the doorway and as far as the inner house, and to the outside and on the wall all round, inside and outside.|en
2155|41|18|18|牆上雕刻基路伯和棕樹。每二基路伯中間有一棵棕樹，每基路伯有二臉。|zh
2156|41|18|18|And it had pictured forms of winged beings and palm-trees; a palm-tree between two winged ones, and every winged one had two faces;|en
2157|41|19|19|這邊有人臉向著棕樹，那邊有獅子臉向著棕樹，殿內周圍都是如此。|zh
2158|41|19|19|So that there was the face of a man turned to the palm-tree on one side, and the face of a young lion on the other side: so it was made all round the house.|en
2159|41|20|20|從地至門以上，都有基路伯和棕樹。殿牆就是這樣。|zh
2160|41|20|20|From earth level up to the windows there were winged ones and palm-trees pictured on the wall.|en
2161|41|21|21|殿的門柱是方的。至聖所的前面，形狀和殿的形狀一樣。|zh
2162|41|21|21|...|en
2163|41|22|22|壇是木頭做的，高三肘，長二肘。壇角和壇面，並四旁，都是木頭做的。他對我說：這是耶和華面前的桌子。|zh
2164|41|22|22|The altar was made of wood, and was three cubits high and two cubits long; it had angles, and its base and sides were of wood; and he said to me, This is the table which is before the Lord.|en
2165|41|23|23|殿和至聖所的門各有兩扇。|zh
2166|41|23|23|The Temple had two doors.|en
2167|41|24|24|每扇分兩扇，這兩扇是摺疊的。這邊門分兩扇，那邊門也分兩扇。|zh
2168|41|24|24|And the holy place had two doors, and the doors had two turning leaves, two for one and two for the other.|en
2169|41|25|25|殿的門扇上雕刻基路伯和棕樹，與刻在牆上的一般。在外頭廊前有木檻。|zh
2170|41|25|25|And on them were pictured winged ones and palm-trees, as on the walls; and a ... of wood was on the front of the covered way outside.|en
2171|41|26|26|廊這邊那邊都有嚴緊的窗櫺和棕樹；殿的旁屋和檻就是這樣。|zh
2172|41|26|26|And there were sloping windows and palm-trees on one side and on the other, on the sides of the covered way: and the side-rooms of the house and the ...|en
2173|42|1|1|他帶我出來向北，到外院，又帶我進入聖屋；這聖屋一排順著空地，一排與北邊鋪石地之屋相對。|zh
2174|42|1|1|And he took me out into the inner square in the direction of the north: and he took me into the rooms which were opposite the separate place and opposite the building to the north.|en
2175|42|2|2|這聖屋長一百肘，寬五十肘，有向北的門。|zh
2176|42|2|2|On the north side it was a hundred cubits long and fifty cubits wide,|en
2177|42|3|3|對著內院那二十肘寬之空地，又對著外院的鋪石地，在第三層樓上有樓廊對著樓廊。|zh
2178|42|3|3|Opposite the space of twenty cubits which was part of the inner square, and opposite the stone floor of the outer square. There were covered ways facing one another on the third floor.|en
2179|42|4|4|在聖屋前有一條夾道，寬十肘，長一百肘。房門都向北。|zh
2180|42|4|4|And in front of the rooms was a walk, ten cubits wide and a hundred cubits long; and their doors were facing north.|en
2181|42|5|5|聖屋因為樓廊佔去些地方，所以上層比中下兩層窄些。|zh
2182|42|5|5|And the higher rooms were shorter: for the covered ways took up more space from these than from the lower and middle rooms.|en
2183|42|6|6|聖屋有三層，卻無柱子，不像外院的屋子有柱子；所以上層比中下兩層更窄。|zh
2184|42|6|6|For they were on three floors, and they had no pillars like the pillars of the outer square; so the highest was narrower than the lowest and middle floors from the earth level.|en
2185|42|7|7|聖屋外，東邊有牆，靠著外院，長五十肘。|zh
2186|42|7|7|And the wall which went outside by the side of the rooms, in the direction of the outer square in front of the rooms, was fifty cubits long.|en
2187|42|8|8|靠著外院的聖屋長五十肘。殿北面的聖屋長一百肘。|zh
2188|42|8|8|For the rooms in the outer square were fifty cubits long: and in front of the Temple was a space of a hundred cubits.|en
2189|42|9|9|在聖屋以下，東頭有進入之處，就是從外院進入之處。|zh
2190|42|9|9|And under these rooms was the way in from the east side, as one goes into them from the outer square at the head of the outer wall.|en
2191|42|10|10|向南（原文是東）在內院牆裡有聖屋，一排與鋪石地之屋相對，一排順著空地。|zh
2192|42|10|10|(And he took me) to the south, and in front of the separate place and in front of the building there were rooms.|en
2193|42|11|11|這聖屋前的夾道與北邊聖屋的夾道長寬一樣；出入之處與北屋門的樣式相同。|zh
2194|42|11|11|And there was a walk in front of them like that by the rooms on the north; they were equally long and wide; and the ways out of them were the same in design and had the same sort of doors.|en
2195|42|12|12|正在牆前、夾道的東頭，有門可以進入，與向南聖屋的門一樣。|zh
2196|42|12|12|And under the rooms on the south was a door at the head of the outer wall in the direction of the east as one goes in.|en
2197|42|13|13|他對我說：順著空地的南屋北屋，都是聖屋；親近耶和華的祭司當在那裡吃至聖的物，也當在那裡放至聖的物，就是素祭、贖罪祭，和贖愆祭，因此處為聖。|zh
2198|42|13|13|And he said to me, The north rooms and the south rooms in front of the separate place are the holy rooms, where the priests who come near the Lord take the most holy things for their food: there the most holy things are placed, with the meal offering and the sin-offering and the offering for error; for the place is holy.|en
2199|42|14|14|祭司進去出了聖所的時候，不可直到外院，但要在聖屋放下他們供職的衣服，因為是聖衣；要穿上別的衣服才可以到屬民的外院。|zh
2200|42|14|14|When the priests go in, they may not go out of the holy place into the outer square, and there they are to put the robes in which they do the work of the Lord's house, for they are holy: and they have to put on other clothing before they come near that which has to do with the people.|en
2201|42|15|15|他量完了內殿，就帶我出朝東的門，量院的四圍。|zh
2202|42|15|15|And when he had come to the end of measuring the inner house, he took me out to the doorway looking to the east, and took its measure all round.|en
2203|42|16|16|他用量度的竿量四圍，量東面五百肘（原文是竿；本章下同），|zh
2204|42|16|16|He went round and took the measure of it on the east side with the measuring rod, five hundred, measured with the rod all round.|en
2205|42|17|17|用竿量北面五百肘，.|zh
2206|42|17|17|And he went round and took the measure of it on the north side with the measuring rod, five hundred, measured with the rod all round.|en
2207|42|18|18|用竿量南面五百肘，|zh
2208|42|18|18|And he went round and took the measure of it on the south side with the measuring rod, five hundred, measured with the rod all round.|en
2209|42|19|19|又轉到西面，用竿量五百肘。|zh
2210|42|19|19|And he went round and took the measure of it on the west side with the measuring rod, five hundred, measured with the rod all round.|en
2211|42|20|20|他量四面，四圍有牆，長五百肘，寬五百肘，為要分別聖地與俗地。|zh
2212|42|20|20|He took its measure on the four sides: and it had a wall all round, five hundred long and five hundred wide, separating what was holy from what was common.|en
2213|43|1|1|以後，他帶我到一座門，就是朝東的門。|zh
2214|43|1|1|And he took me to the doorway looking to the east:|en
2215|43|2|2|以色列神的榮光從東而來。他的聲音如同多水的聲音；地就因他的榮耀發光。|zh
2216|43|2|2|And there was the glory of the God of Israel coming from the way of the east: and his voice was like the sound of great waters, and the earth was shining with his glory.|en
2217|43|3|3|其狀如從前他來滅城的時候我所見的異象，那異象如我在迦巴魯河邊所見的異象，我就俯伏在地。|zh
2218|43|3|3|And the vision which I saw was like the vision I had seen when he came for the destruction of the town: and like the vision which I saw by the river Chebar; and I went down on my face.|en
2219|43|4|4|耶和華的榮光從朝東的門照入殿中。|zh
2220|43|4|4|And the glory of the Lord came into the house by the way of the doorway looking to the east.|en
2221|43|5|5|靈將我舉起，帶入內院，不料，耶和華的榮光充滿了殿。|zh
2222|43|5|5|And the spirit, lifting me up, took me into the inner square; and I saw that the house was full of the glory of the Lord.|en
2223|43|6|6|我聽見有一位從殿中對我說話。有一人站在我旁邊。|zh
2224|43|6|6|And the voice of one talking to me came to my ears from inside the house; and the man was by my side.|en
2225|43|7|7|他對我說：人子啊，這是我寶座之地，是我腳掌所踏之地。我要在這裡住，在以色列人中直到永遠。以色列家和他們的君王必不再玷污我的聖名，就是行邪淫、在錫安的高處葬埋他們君王的屍首，|zh
2226|43|7|7|And he said to me, Son of man, this is the place where the seat of my power is and the resting-place of my feet, where I will be among the children of Israel for ever: and no longer will the people of Israel make my holy name unclean, they or their kings, by their loose ways and by the dead bodies of their kings;|en
2227|43|8|8|使他們的門檻挨近我的門檻，他們的門框挨近我的門框；他們與我中間僅隔一牆，並且行可憎的事，玷污了我的聖名，所以我發怒滅絕他們。|zh
2228|43|8|8|By putting their doorstep by my doorstep, and the pillar of their door by the pillar of my door, with only a wall between me and them; and they have made my holy name unclean by the disgusting things which they have done: so in my wrath I sent destruction on them.|en
2229|43|9|9|現在他們當從我面前遠除邪淫和他們君王的屍首，我就住在他們中間直到永遠。|zh
2230|43|9|9|Now let them put their loose ways and the dead bodies of their kings far from me, and I will be among them for ever.|en
2231|43|10|10|人子啊，你要將這殿指示以色列家，使他們因自己的罪孽慚愧，也要他們量殿的尺寸。|zh
2232|43|10|10|You, son of man, give the children of Israel an account of this house, so that they may be shamed because of their evil-doing: and let them see the vision of it and its image.|en
2233|43|11|11|他們若因自己所行的一切事慚愧，你就將殿的規模、樣式、出入之處，和一切形狀、典章、禮儀、法則指示他們，在他們眼前寫上，使他們遵照殿的一切規模典章去做。|zh
2234|43|11|11|And they will be shamed by what they have done; so give them the knowledge of the form of the house and its structure, and the ways out of it and into it, and all its laws and its rules, writing it down for them: so that they may keep all its laws and do them.|en
2235|43|12|12|殿的法則乃是如此：殿在山頂上，四圍的全界要稱為至聖。這就是殿的法則。|zh
2236|43|12|12|This is the law of the house: On the top of the mountain all the space round it on every side will be most holy. See, this is the law of the house.|en
2237|43|13|13|以下量祭壇，是以肘為度（這肘是一肘零一掌）。底座高一肘，邊寬一肘，四圍起邊高一掌，這是壇的座。|zh
2238|43|13|13|And these are the measures of the altar in cubits: (the cubit being a cubit and a hand's measure;) its hollow base is a cubit high and a cubit wide, and it has an overhanging edge as wide as a hand-stretch all round it:|en
2239|43|14|14|從底座到下層磴臺，高二肘，邊寬一肘。從小磴臺到大磴臺，高四肘，邊寬一肘。|zh
2240|43|14|14|And from the base on the earth level to the lower shelf, the altar is two cubits high and a cubit wide; and from the smaller shelf to the greater shelf it is four cubits high and a cubit wide.|en
2241|43|15|15|壇上的供臺，高四肘。供臺的四拐角上都有角。|zh
2242|43|15|15|And the fireplace is four cubits high: and coming up from the fireplace are the horns, a cubit high.|en
2243|43|16|16|供臺長十二肘，寬十二肘，四面見方。|zh
2244|43|16|16|And the fireplace is twelve cubits long and twelve cubits wide, square on its four sides.|en
2245|43|17|17|磴臺長十四肘，寬十四肘，四面見方。四圍起邊高半肘，底座四圍的邊寬一肘。臺階朝東。|zh
2246|43|17|17|And the shelf is fourteen cubits long and fourteen cubits wide, on its four sides; the edge round it is half a cubit; the base of it is a cubit all round, and its steps are facing the east.|en
2247|43|18|18|他對我說：人子啊，主耶和華如此說：建造祭壇，為要在其上獻燔祭灑血，造成的時候典章如下：|zh
2248|43|18|18|And he said to me, Son of man, the Lord God has said, These are the rules for the altar, when they make it, for the offering of burned offerings on it and the draining out of the blood.|en
2249|43|19|19|主耶和華說，你要將一隻公牛犢作為贖罪祭，給祭司利未人撒督的後裔，就是那親近我、事奉我的。|zh
2250|43|19|19|You are to give to the priests, the Levites of the seed of Zadok, who come near to me, says the Lord God, to do my work, a young ox for a sin-offering.|en
2251|43|20|20|你要取些公牛的血，抹在壇的四角和磴臺的四拐角，並四圍所起的邊上。你這樣潔淨壇，壇就潔淨了。|zh
2252|43|20|20|You are to take some of its blood and put it on the four horns and on the four angles of the shelf and on the edge all round: and you are to make it clean and free from sin.|en
2253|43|21|21|你又要將那作贖罪祭的公牛犢燒在殿外、聖地之外預定之處。|zh
2254|43|21|21|And you are to take the ox of the sin-offering, and have it burned in the special place ordered for it in the house, outside the holy place.|en
2255|43|22|22|次日，要將無殘疾的公山羊獻為贖罪祭；要潔淨壇，像用公牛犢潔淨的一樣。|zh
2256|43|22|22|And on the second day you are to have a he-goat without any mark on it offered for a sin-offering; and they are to make the altar clean as they did with the young ox.|en
2257|43|23|23|潔淨了壇，就要將一隻無殘疾的公牛犢和羊群中一隻無殘疾的公綿羊|zh
2258|43|23|23|And after you have made it clean, let a young ox without a mark be offered, and a male sheep from the flock without a mark.|en
2259|43|24|24|奉到耶和華前。祭司要撒鹽在其上，獻與耶和華為燔祭。|zh
2260|43|24|24|And you are to take them before the Lord, and the priests will put salt on them, offering them up for a burned offering to the Lord.|en
2261|43|25|25|七日內，每日要預備一隻公山羊為贖罪祭，也要預備一隻公牛犢和羊群中的一隻公綿羊，都要沒有殘疾的。|zh
2262|43|25|25|Every day for seven days you are to give a goat for a sin-offering: and let them give in addition a young ox and a male sheep from the flock without any mark on them.|en
2263|43|26|26|七日祭司潔淨壇，壇就潔淨了；要這樣把壇分別為聖。|zh
2264|43|26|26|For seven days they are to make offerings to take away sin from the altar and to make it clean; so they are to make it holy.|en
2265|43|27|27|滿了七日，自八日以後，祭司要在壇上獻你們的燔祭和平安祭；我必悅納你們。這是主耶和華說的。|zh
2266|43|27|27|And when these days have come to an end, then on the eighth day and after, the priests will make your burned offerings on the altar and your peace-offerings; and I will take pleasure in you, says the Lord.|en
2267|44|1|1|他又帶我回到聖地朝東的外門；那門關閉了。|zh
2268|44|1|1|And he took me back to the outer doorway of the holy place, looking to the east; and it was shut.|en
2269|44|2|2|耶和華對我說：這門必須關閉，不可敞開，誰也不可由其中進入；因為耶和華─以色列的神已經由其中進入，所以必須關閉。|zh
2270|44|2|2|And the Lord said to me, This doorway is to be shut, it is not to be open, and no man is to go in by it, because the Lord, the God of Israel, has gone in by it; and it is to be shut.|en
2271|44|3|3|至於王，他必按王的位分，坐在其內，在耶和華面前吃餅。他必由這門的廊而入，也必由此而出。|zh
2272|44|3|3|But the ruler will be seated there to take his food before the Lord; he will go in by the covered way to the door, and will come out by the same way.|en
2273|44|4|4|他又帶我由北門來到殿前。我觀看，見耶和華的榮光充滿耶和華的殿，我就俯伏在地。|zh
2274|44|4|4|And he took me to the north doorway in front of the house; and, looking, I saw that the house of the Lord was full of the glory of the Lord; and I went down on my face.|en
2275|44|5|5|耶和華對我說：人子啊，我對你所說耶和華殿中的一切典章法則，你要放在心上，用眼看，用耳聽，並要留心殿宇和聖地一切出入之處。|zh
2276|44|5|5|And the Lord said to me, Son of man, take to heart, and let your eyes see and your ears be open to everything I say to you about all the rules of the house of the Lord and all its laws; and take note of the ways into the house and all the ways out of the holy place.|en
2277|44|6|6|你要對那悖逆的以色列家說，主耶和華如此說：以色列家啊，你們行一切可憎的事，當夠了罷！|zh
2278|44|6|6|And say to the uncontrolled children of Israel, This is what the Lord has said: O you children of Israel, let it be enough for you, among the disgusting things which you have done,|en
2279|44|7|7|你們把我的食物，就是脂油和血獻上的時候，將身心未受割禮的外邦人領進我的聖地，玷污了我的殿；又背了我的約，在你們一切可憎的事上，加上這一層。|zh
2280|44|7|7|To have let men from strange lands, without circumcision of heart or flesh, come into my holy place, making my house unclean; and to have made the offering of my food, even the fat and the blood; and in addition to all your disgusting ways, you have let my agreement be broken.|en
2281|44|8|8|你們也沒有看守我的聖物，卻派別人在聖地替你們看守我所吩咐你們的。|zh
2282|44|8|8|And you have not taken care of my holy things; but you have put them as keepers to take care of my work in my holy place.|en
2283|44|9|9|主耶和華如此說：以色列中的外邦人，就是身心未受割禮的，都不可入我的聖地。|zh
2284|44|9|9|For this cause the Lord has said, No man from a strange land, without circumcision of heart and flesh, of all those who are living among the children of Israel, is to come into my holy place.|en
2285|44|10|10|當以色列人走迷的時候，有利未人遠離我，就是走迷離開我、隨從他們的偶像，他們必擔當自己的罪孽。|zh
2286|44|10|10|But as for the Levites, who went far from me, when Israel went out of the right way, turning away from me to go after their images; their punishment will come on them.|en
2287|44|11|11|然而他們必在我的聖地當僕役，照管殿門，在殿中供職；必為民宰殺燔祭牲和平安祭牲，必站在民前伺候他們。|zh
2288|44|11|11|But they may be caretakers in my holy place, and overseers at the doors of the house, doing the work of the house: they will put to death the burned offering and the beasts offered for the people, and they will take their place before them as their servants.|en
2289|44|12|12|因為這些利未人曾在偶像前伺候這民，成了以色列家罪孽的絆腳石，所以我向他們起誓：他們必擔當自己的罪孽。這是主耶和華說的。|zh
2290|44|12|12|Because they did this work for them before their images, and became a cause of sin to the children of Israel; for this cause my hand has been lifted up against them, says the Lord, and their punishment will be on them.|en
2291|44|13|13|他們不可親近我，給我供祭司的職分，也不可挨近我的一件聖物，就是至聖的物；他們卻要擔當自己的羞辱和所行可憎之事的報應。|zh
2292|44|13|13|And they will not come near me to do the work of priests to me, or come near any of my holy things, or the things which are most holy: but their shame will be on them, and the punishment for the disgusting things which they have done.|en
2293|44|14|14|然而我要使他們看守殿宇，辦理其中的一切事，並做其內一切當做之工。|zh
2294|44|14|14|But I will make them responsible for the care of the house and all its work and everything which is done in it.|en
2295|44|15|15|以色列人走迷離開我的時候，祭司利未人撒督的子孫仍看守我的聖所。他們必親近我，事奉我，並且侍立在我面前，將脂油與血獻給我。這是主耶和華說的。|zh
2296|44|15|15|But as for the priests, the sons of Zadok, who took care of my holy place when the children of Israel were turned away from me, they are to come near me to do my work, they will take their places before me, offering to me the fat and the blood, says the Lord;|en
2297|44|16|16|他們必進入我的聖所，就近我的桌前事奉我，守我所吩咐的。|zh
2298|44|16|16|They are to come into my holy place and they are to come near to my table, to do my work and have the care of my house.|en
2299|44|17|17|他們進內院門必穿細麻衣。在內院門和殿內供職的時候不可穿羊毛衣服。|zh
2300|44|17|17|And when they come in by the doorways of the inner square, they are to be clothed in linen robes; there is to be no wool on them while they are doing my work in the doorway of the inner square and inside the house.|en
2301|44|18|18|他們頭上要戴細麻布裹頭巾，腰穿細麻布褲子；不可穿使身體出汗的衣服。|zh
2302|44|18|18|They are to have linen head-dresses on their heads and linen trousers on their legs, and they are to have nothing round them to make their skin wet with heat.|en
2303|44|19|19|他們出到外院的民那裡，當脫下供職的衣服，放在聖屋內，穿上別的衣服，免得因聖衣使民成聖。|zh
2304|44|19|19|And when they go out into the outer square to the people, they are to take off the robes in which they do the work of priests, and put them away in the holy rooms, and put on other clothing, so that the people may not be made holy by their robes.|en
2305|44|20|20|不可剃頭，也不可容髮綹長長，只可剪髮。|zh
2306|44|20|20|They are not to have all the hair cut off their heads, and they are not to let their hair get long, but they are to have the ends of their hair cut.|en
2307|44|21|21|祭司進內院的時候都不可喝酒。|zh
2308|44|21|21|The priests are not to take wine when they go into the inner square.|en
2309|44|22|22|不可娶寡婦和被休的婦人為妻，只可娶以色列後裔中的處女，或是祭司遺留的寡婦。|zh
2310|44|22|22|And they are not to take as wives any widow or woman whose husband has put her away: but they may take virgins of the seed of Israel, or a widow who is the widow of a priest.|en
2311|44|23|23|他們要使我的民知道聖俗的分別，又使他們分辨潔淨的和不潔淨的。|zh
2312|44|23|23|And they are to make clear to my people the division between what is holy and what is common, and to give them the knowledge of what is clean and what is unclean.|en
2313|44|24|24|有爭訟的事，他們應當站立判斷，要按我的典章判斷。在我一切的節期必守我的律法、條例，也必以我的安息日為聖日。|zh
2314|44|24|24|In any cause, they are to be in the position of judges, judging in harmony with my decisions: they are to keep my laws and my rules in all my fixed feasts; and they are to keep my Sabbaths holy.|en
2315|44|25|25|他們不可挨近死屍沾染自己，只可為父親、母親、兒子、女兒、弟兄，和未嫁人的姊妹沾染自己。|zh
2316|44|25|25|They are not to come near any dead person so as to become unclean: but for a father or mother or son or daughter or brother or for a sister who has no husband, they may make themselves unclean.|en
2317|44|26|26|祭司潔淨之後，必再計算七日。|zh
2318|44|26|26|And after he has been made clean, seven days are to be numbered for him.|en
2319|44|27|27|當他進內院，進聖所，在聖所中事奉的日子，要為自己獻贖罪祭。這是主耶和華說的。|zh
2320|44|27|27|And on the day when he goes into the inner square, to do the work of the holy place, he is to make his sin-offering, says the Lord.|en
2321|44|28|28|祭司必有產業，我是他們的產業。不可在以色列中給他們基業；我是他們的基業。|zh
2322|44|28|28|And they are to have no heritage; I am their heritage: you are to give them no property in Israel; I am their property.|en
2323|44|29|29|素祭、贖罪祭，和贖愆祭他們都可以吃，以色列中一切永獻的物都要歸他們。|zh
2324|44|29|29|Their food is to be the meal offering and the sin-offering and the offering for error; and everything given specially to the Lord in Israel will be theirs.|en
2325|44|30|30|首先初熟之物和一切所獻的供物都要歸給祭司。你們也要用初熟的麥子磨麵給祭司；這樣，福氣就必臨到你們的家了。|zh
2326|44|30|30|And the best of all the first-fruits of everything, and every offering which is lifted up of all your offerings, will be for the priests: and you are to give the priest the first of your bread-making, so causing a blessing to come on your house.|en
2327|44|31|31|無論是鳥是獸，凡自死的，或是撕裂的，祭司都不可吃。|zh
2328|44|31|31|The priests may not take for food any bird or beast which has come to a natural death or whose death has been caused by another animal.|en
2329|45|1|1|你們拈鬮分地為業，要獻上一分給耶和華為聖供地，長二萬五千肘，寬一萬肘。這分以內，四圍都為聖地。|zh
2330|45|1|1|And when you are making a distribution of the land, by the decision of the Lord, for your heritage, you are to make an offering to the Lord of a part of the land as holy: it is to be twenty-five thousand long and twenty thousand wide: all the land inside these limits is to be holy.|en
2331|45|2|2|其中有作為聖所之地，長五百肘，寬五百肘，四面見方。四圍再有五十肘為郊野之地。|zh
2332|45|2|2|Of this, a square five hundred long and five hundred wide is to be for the holy place, with a space of fifty cubits all round it.|en
2333|45|3|3|要以肘為度量地，長二萬五千肘，寬一萬肘。其中有聖所，是至聖的。|zh
2334|45|3|3|And of this measure, let a space be measured, twenty-five thousand long and ten thousand wide: in it there will be the holy place, even the most holy.|en
2335|45|4|4|這是全地的一分聖地，要歸與供聖所職事的祭司，就是親近事奉耶和華的，作為他們房屋之地與聖所之聖地。|zh
2336|45|4|4|This holy part of the land is to be for the priests, the servants of the holy place, who come near to the Lord to do his work; it is to be a place for their houses and for grass-land and for cattle.|en
2337|45|5|5|又有一分，長二萬五千肘，寬一萬肘，要歸與在殿中供職的利未人，作為二十間房屋之業。|zh
2338|45|5|5|A space of land twenty-five thousand long and ten thousand wide is to be for the Levites, the servants of the house, a property for themselves, for towns for their living-places.|en
2339|45|6|6|也要分定屬城的地業，寬五千肘，長二萬五千肘，挨著那分聖供地，要歸以色列全家。|zh
2340|45|6|6|And as the property for the town you are to have a part five thousand wide and twenty-five thousand long, by the side of the offering of the holy part of the land: this is to be for all the children of Israel.|en
2341|45|7|7|歸王之地要在聖供地和屬城之地的兩旁，就是聖供地和屬城之地的旁邊，西至西頭，東至東頭，從西到東，其長與每支派的分一樣。|zh
2342|45|7|7|And for the ruler there is to be a part on one side and on the other side of the holy offering and of the property of the town, in front of the holy offering and in front of the property of the town on the west of it and on the east: measured in the same line as one of the parts of the land, from its limit on the west to its limit on the east of the land.|en
2343|45|8|8|這地在以色列中必歸王為業。我所立的王必不再欺壓我的民，卻要按支派將地分給以色列家。|zh
2344|45|8|8|And this will be his heritage in Israel: and my rulers will no longer be cruel masters to my people; but they will give the land as a heritage to the children of Israel by their tribes.|en
2345|45|9|9|主耶和華如此說：以色列的王啊，你們應當知足，要除掉強暴和搶奪的事，施行公平和公義，不再勒索我的民。這是主耶和華說的。|zh
2346|45|9|9|This is what the Lord has said: Let this be enough for you, O rulers of Israel: let there be an end of violent behaviour and wasting; do what is right, judging uprightly; let there be no more driving out of my people, says the Lord.|en
2347|45|10|10|你們要用公道天平、公道伊法、公道罷特。|zh
2348|45|10|10|Have true scales and a true ephah and a true bath.|en
2349|45|11|11|伊法與罷特大小要一樣。罷特可盛賀梅珥十分之一，伊法也可盛賀梅珥十分之一，都以賀梅珥的大小為準。|zh
2350|45|11|11|The ephah and the bath are to be of the same measure, so that the bath is equal to a tenth of a homer, and the ephah to a tenth of a homer: the unit of measure is to be a homer.|en
2351|45|12|12|舍客勒是二十季拉；二十舍客勒，二十五舍客勒，十五舍客勒，為你們的彌那。|zh
2352|45|12|12|And the shekel is to be twenty gerahs: five shekels are five, and ten shekels are ten, and your maneh is to be fifty shekels|en
2353|45|13|13|你們當獻的供物乃是這樣：一賀梅珥麥子要獻伊法六分之一；一賀梅珥大麥要獻伊法六分之一。|zh
2354|45|13|13|This is the offering you are to give: a sixth of an ephah out of a homer of wheat, and a sixth of an ephah out of a homer of barley;|en
2355|45|14|14|你們獻所分定的油，按油的罷特，一柯珥油要獻罷特十分之一（原來十罷特就是一賀梅珥）。|zh
2356|45|14|14|And the fixed measure of oil is to be a tenth of a bath from the cor, for ten baths make up the cor;|en
2357|45|15|15|從以色列滋潤的草場上每二百羊中，要獻一隻羊羔。這都可作素祭、燔祭、平安祭，為民贖罪。這是主耶和華說的。|zh
2358|45|15|15|And one lamb from the flock out of every two hundred, from all the families of Israel, for a meal offering and for a burned offering and for peace-offerings, to take away their sin, says the Lord.|en
2359|45|16|16|此地的民都要奉上這供物給以色列中的王。|zh
2360|45|16|16|All the people are to give this offering to the ruler.|en
2361|45|17|17|王的本分是在節期、月朔、安息日，就是以色列家一切的節期，奉上燔祭、素祭、奠祭。他要預備贖罪祭、素祭、燔祭，和平安祭，為以色列家贖罪。|zh
2362|45|17|17|And the ruler will be responsible for the burned offering and the meal offering and the drink offering, at the feasts and the new moons and the Sabbaths, at all the fixed feasts of the children of Israel: he will give the sin-offering and meal offering and burned offering and the peace-offerings, to take away the sin of the children of Israel.|en
2363|45|18|18|主耶和華如此說：正月初一日，你要取無殘疾的公牛犢，潔淨聖所。|zh
2364|45|18|18|This is what the Lord has said: In the first month, on the first day of the month, you are to take a young ox without any mark on him, and you are to make the holy place clean.|en
2365|45|19|19|祭司要取些贖罪祭牲的血，抹在殿的門柱上和壇磴臺的四角上，並內院的門框上。|zh
2366|45|19|19|And the priest is to take some of the blood of the sin-offering and put it on the uprights at the sides of the doors of the house, and on the four angles of the shelf of the altar, and on the sides of the doorway of the inner square.|en
2367|45|20|20|本月初七日（七十士譯本是七月初一日）也要為誤犯罪的和愚蒙犯罪的如此行，為殿贖罪。|zh
2368|45|20|20|And this you are to do on the seventh day of the month for everyone who is in error and for the feeble-minded: you are to make the house free from sin.|en
2369|45|21|21|正月十四日，你們要守逾越節，守節七日，要吃無酵餅。|zh
2370|45|21|21|In the first month, on the fourteenth day of the month, you are to have the Passover, a feast of seven days; unleavened bread is to be your food.|en
2371|45|22|22|當日，王要為自己和國內的眾民預備一隻公牛作贖罪祭。|zh
2372|45|22|22|And on that day the ruler is to give for himself and for all the people of the land an ox for a sin-offering.|en
2373|45|23|23|這節的七日，每日他要為耶和華預備無殘疾的公牛七隻、公綿羊七隻為燔祭。每日又要預備公山羊一隻為贖罪祭。|zh
2374|45|23|23|And on the seven days of the feast he is to give a burned offering to the Lord, seven oxen and seven sheep without any mark on them, every day for seven days; and a he-goat every day for a sin-offering.|en
2375|45|24|24|他也要預備素祭，就是為一隻公牛同獻一伊法細麵，為一隻公綿羊同獻一伊法細麵，每一伊法細麵加油一欣。|zh
2376|45|24|24|And he is to give a meal offering, an ephah for every ox and an ephah for every sheep and a hin of oil to every ephah.|en
2377|45|25|25|七月十五日守節的時候，七日他都要如此行，照逾越節的贖罪祭、燔祭、素祭，和油的條例一樣。|zh
2378|45|25|25|In the seventh month, on the fifteenth day of the month, at the feast, he is to give the same for seven days; the sin-offering, the burned offering, the meal offering, and the oil as before.|en
2379|46|1|1|主耶和華如此說：內院朝東的門，在辦理事務的六日內必須關閉；惟有安息日和月朔必須敞開。|zh
2380|46|1|1|This is what the Lord has said: The doorway of the inner square looking to the east is to be shut on the six working days; but on the Sabbath it is to be open, and at the time of the new moon it is to be open.|en
2381|46|2|2|王要從這門的廊進入，站在門框旁邊。祭司要為他預備燔祭和平安祭，他就要在門檻那裡敬拜，然後出去。這門直到晚上不可關閉。|zh
2382|46|2|2|And the ruler is to go in through the covered way of the outer doorway outside, and take his place by the pillar of the doorway, and the priests will make his burned offering and his peace-offerings and he will give worship at the doorstep of the doorway; then he will go out, and the door will not be shut till the evening.|en
2383|46|3|3|在安息日和月朔，國內的居民要在這門口，耶和華面前敬拜。|zh
2384|46|3|3|And the people of the land are to give worship at the door of that doorway before the Lord on the Sabbaths and at the new moons.|en
2385|46|4|4|安息日，王所獻與耶和華的燔祭要用無殘疾的羊羔六隻，無殘疾的公綿羊一隻；|zh
2386|46|4|4|And the burned offering offered to the Lord by the ruler on the Sabbath day is to be six lambs without a mark on them and a male sheep without a mark;|en
2387|46|5|5|同獻的素祭要為公綿羊獻一伊法細麵，為羊羔照他的力量而獻，一伊法細麵加油一欣。|zh
2388|46|5|5|And the meal offering is to be an ephah for the sheep, and for the lambs whatever he is able to give, and a hin of oil to an ephah.|en
2389|46|6|6|當月朔，要獻無殘疾的公牛犢一隻，羊羔六隻，公綿羊一隻，都要無殘疾的。|zh
2390|46|6|6|And at the time of the new moon it is to be a young ox of the herd without a mark on him, and six lambs and a male sheep, all without a mark:|en
2391|46|7|7|他也要預備素祭，為公牛獻一伊法細麵，為公綿羊獻一伊法細麵，為羊羔照他的力量而獻，一伊法細麵加油一欣。|zh
2392|46|7|7|And he is to give a meal offering, an ephah for the ox and an ephah for the sheep, and for the lambs whatever he is able to give, and a hin of oil to an ephah.|en
2393|46|8|8|王進入的時候必由這門的廊而入，也必由此而出。|zh
2394|46|8|8|And when the ruler comes in, he is to go in through the covered way of the doorway, and he is to go out by the same way.|en
2395|46|9|9|在各節期，國內居民朝見耶和華的時候，從北門進入敬拜的，必由南門而出；從南門進入的，必由北門而出。不可從所入的門而出，必要直往前行，由對門而出。|zh
2396|46|9|9|But when the people of the land come before the Lord at the fixed feasts, he who comes in by the north doorway to give worship is to go out by the south doorway; and he who comes in by the south doorway is to go out by the north doorway: he is not to come back by the doorway through which he went in, but is to go straight before him.|en
2397|46|10|10|民進入，王也要在民中進入；民出去，王也要一同出去。|zh
2398|46|10|10|And the ruler, when they come in, is to come among them, and is to go out when they go out.|en
2399|46|11|11|在節期和聖會的日子同獻的素祭，要為一隻公牛獻一伊法細麵，為一隻公綿羊獻一伊法細麵，為羊羔照他的力量而獻，一伊法細麵加油一欣。|zh
2400|46|11|11|At the feasts and the fixed meetings the meal offerings are to be an ephah for an ox, and an ephah for a male sheep, and for the lambs whatever he is able to give, and a hin of oil to an ephah.|en
2401|46|12|12|王預備甘心獻的燔祭或平安祭，就是向耶和華甘心獻的，當有人為他開朝東的門。他就預備燔祭和平安祭，與安息日預備的一樣，獻畢就出去。他出去之後，當有人將門關閉。|zh
2402|46|12|12|And when the ruler makes a free offering, a burned offering or a peace-offering freely given to the Lord, the doorway looking to the east is to be made open for him, and he is to make his burned offering and his peace-offerings as he does on the Sabbath day: and he will go out; and the door will be shut after he has gone out.|en
2403|46|13|13|每日，你要預備無殘疾一歲的羊羔一隻，獻與耶和華為燔祭；要每早晨預備。|zh
2404|46|13|13|And you are to give a lamb a year old without any mark on it for a burned offering to the Lord every day: morning by morning you are to give it.|en
2405|46|14|14|每早晨也要預備同獻的素祭，細麵一伊法六分之一，並油一欣三分之一，調和細麵。這素祭要常獻與耶和華為永遠的定例。|zh
2406|46|14|14|And you are to give, morning by morning, a meal offering with it, a sixth of an ephah and a third of a hin of oil dropped on the best meal; a meal offering offered to the Lord at all times by an eternal order.|en
2407|46|15|15|每早晨要這樣預備羊羔、素祭，並油為常獻的燔祭。|zh
2408|46|15|15|And they are to give the lamb and the meal offering and the oil, morning by morning, for a burned offering at all times.|en
2409|46|16|16|主耶和華如此說：王若將產業賜給他的兒子，就成了他兒子的產業，那是他們承受為業的。|zh
2410|46|16|16|This is what the Lord has said: If the ruler gives a property to any of his sons, it is his heritage and will be the property of his sons; it is theirs for their heritage.|en
2411|46|17|17|倘若王將一分產業賜給他的臣僕，就成了他臣僕的產業；到自由之年仍要歸與王。至於王的產業，必歸與他的兒子。|zh
2412|46|17|17|And if he gives a part of his heritage to one of his servants, it will be his till the year of making free, and then it will go back to the ruler; for it is his sons' heritage, and is to be theirs.|en
2413|46|18|18|王不可奪取民的產業，以致驅逐他們離開所承受的；他要從自己的地業中，將產業賜給他兒子，免得我的民分散，各人離開所承受的。|zh
2414|46|18|18|And the ruler is not to take the heritage of any of the people, driving them out of their property; he is to give a heritage to his sons out of the property which is his: so that my people may not be sent away from their property.|en
2415|46|19|19|那帶我的，將我從門旁進入之處、領進為祭司預備的聖屋，是朝北的，見後頭西邊有一塊地。|zh
2416|46|19|19|And he took me through by the way in at the side of the doorway into the holy rooms which are the priests', looking to the north: and I saw a place at the side of them to the west.|en
2417|46|20|20|他對我說：這是祭司煮贖愆祭、贖罪祭，烤素祭之地，免得帶到外院，使民成聖。|zh
2418|46|20|20|And he said to me, This is the place where the offering for error and the sin-offering are to be cooked in water by the priests, and where the meal offering is to be cooked in the oven; so that they may not be taken out into the outer square to make the people holy.|en
2419|46|21|21|他又帶我到外院，使我經過院子的四拐角，見每拐角各有一個院子。|zh
2420|46|21|21|And he took me out into the outer square and made me go by the four angles of the square; and I saw that in every angle of the open square there was a space shut in.|en
2421|46|22|22|院子四拐角的院子，周圍有牆，每院長四十肘，寬三十肘。四拐角院子的尺寸都是一樣，|zh
2422|46|22|22|In the four angles there were spaces walled in, forty cubits long and thirty wide; the four were of the same size.|en
2423|46|23|23|其中周圍有一排房子，房子內有煮肉的地方。|zh
2424|46|23|23|And there was a line of wall all round inside them, round all four, and boiling-places were made under it all round about.|en
2425|46|24|24|他對我說：這都是煮肉的房子，殿內的僕役要在這裡煮民的祭物。|zh
2426|46|24|24|And he said to me, These are the boiling-rooms, where the offering of the people is cooked by the servants of the house.|en
2427|47|1|1|他帶我回到殿門，見殿的門檻下有水往東流出（原來殿面朝東）。這水從檻下，由殿的右邊，在祭壇的南邊往下流。|zh
2428|47|1|1|And he took me back to the door of the house; and I saw that waters were flowing out from under the doorstep of the house on the east, for the house was facing east: and the waters came down from under, from the right side of the house, on the south side of the altar.|en
2429|47|2|2|他帶我出北門，又領我從外邊轉到朝東的外門，見水從右邊流出。|zh
2430|47|2|2|And he took me out by the north doorway, and made me go round to the outside of the doorway looking to the east; and I saw waters running slowly out on the south side.|en
2431|47|3|3|他手拿準繩往東出去的時候，量了一千肘，使我逿過水，水到踝子骨。|zh
2432|47|3|3|And the man went out to the east with the line in his hand, and after measuring a thousand cubits, he made me go through the waters, which came over my feet.|en
2433|47|4|4|他又量了一千肘，使我逿過水，水就到膝；再量了一千肘，使我逿過水，水便到腰；|zh
2434|47|4|4|And again, measuring a thousand cubits, he made me go through the waters which came up to my knees. Again, measuring a thousand, he made me go through the waters up to the middle of my body.|en
2435|47|5|5|又量了一千肘，水便成了河，使我不能逿過。因為水勢漲起，成為可洑的水，不可逿的河。|zh
2436|47|5|5|Again, after his measuring a thousand, it became a river which it was not possible to go through: for the waters had become deep enough for swimming, a river it was not possible to go through.|en
2437|47|6|6|他對我說：人子啊，你看見了甚麼？他就帶我回到河邊。|zh
2438|47|6|6|And he said to me, Son of man, have you seen this? Then he took me to the river's edge.|en
2439|47|7|7|我回到河邊的時候，見在河這邊與那邊的岸上有極多的樹木。|zh
2440|47|7|7|And he took me back, and I saw at the edge of the river a very great number of trees on this side and on that.|en
2441|47|8|8|他對我說：這水往東方流去，必下到亞拉巴，直到海。所發出來的水必流入鹽海，使水變甜（原文是得醫治；下同）。|zh
2442|47|8|8|And he said to me, These waters are flowing out to the east part of the land and down into the Arabah; and they will go to the sea, and the waters will be made sweet.|en
2443|47|9|9|這河水所到之處，凡滋生的動物都必生活，並且因這流來的水必有極多的魚，海水也變甜了。這河水所到之處，百物都必生活。|zh
2444|47|9|9|And it will come about that every living and moving thing, wherever their streams come, will have life; and there will be very much fish because these waters have come there and have been made sweet: and everything wherever the river comes will have life.|en
2445|47|10|10|必有漁夫站在河邊，從隱基底直到隱以革蓮，都作曬（或譯：張）網之處。那魚各從其類，好像大海的魚甚多。|zh
2446|47|10|10|And fishermen will take up their places by it: from En-gedi as far as En-eglaim will be a place for the stretching out of nets; the fish will be of every sort, like the fish of the Great Sea, a very great number.|en
2447|47|11|11|只是泥濘之地與窪濕之處不得治好，必為鹽地。|zh
2448|47|11|11|The wet places and the pools will not be made sweet; they will be given up to salt.|en
2449|47|12|12|在河這邊與那邊的岸上必生長各類的樹木；其果可作食物，葉子不枯乾，果子不斷絕。每月必結新果子，因為這水是從聖所流出來的。樹上的果子必作食物，葉子乃為治病。|zh
2450|47|12|12|And by the edge of the river, on this side and on that, will come up every tree used for food, whose leaves will ever be green and its fruit will not come to an end: it will have new fruit every month, because its waters come out from the holy place: the fruit will be for food and the leaf will make well those who are ill.|en
2451|47|13|13|主耶和華如此說：你們要照地的境界，按以色列十二支派分地為業。約瑟必得兩分。|zh
2452|47|13|13|This is what the Lord has said: These are the limits by which you will take up your heritage in the land among the twelve tribes of Israel: Joseph is to have two parts.|en
2453|47|14|14|你們承受這地為業，要彼此均分；因為我曾起誓應許將這地賜與你們的列祖；這地必歸你們為業。|zh
2454|47|14|14|And you are to make an equal division of it; as I gave my oath to your fathers to give it to you: for this land is to be your heritage.|en
2455|47|15|15|地的四界乃是如此：北界從大海往希特倫，直到西達達口。|zh
2456|47|15|15|And this is to be the limit of the land: on the north side, from the Great Sea, in the direction of Hethlon, as far as the way into Hamath;|en
2457|47|16|16|又往哈馬、比羅他、西伯蓮（西伯蓮在大馬色與哈馬兩界中間），到浩蘭邊界的哈撒哈提干。|zh
2458|47|16|16|To Zedad, Berothah, Sibraim, which is between the limit of Damascus and the limit of Hazar-hatticon, which is on the limit of Hauran.|en
2459|47|17|17|這樣，境界從海邊往大馬色地界上的哈薩以難，北邊以哈馬地為界。這是北界。|zh
2460|47|17|17|And this is the limit from the sea in the direction of Hazar-enon; and the limit of Damascus is to the north, and on the north is the limit of Hamath. This is the north side.|en
2461|47|18|18|東界在浩蘭、大馬色、基列，和以色列地的中間，就是約但河。你們要從北界量到東海。這是東界。|zh
2462|47|18|18|And the east side will be from Hazar-enon, which is between Hauran and Damascus; and between Gilead and the land of Israel the Jordan will be the limit, to the east sea, to Tamar. This is the east side.|en
2463|47|19|19|南界是從他瑪到米利巴加低斯的水，延到埃及小河，直到大海。這是南界。|zh
2464|47|19|19|And the south side to the south will be from Tamar as far as the waters of Meribath-kadesh, to the stream of Egypt, to the Great Sea. This is the south side, on the south.|en
2465|47|20|20|西界就是大海，從南界直到哈馬口對面之地。這是西界。|zh
2466|47|20|20|And the west side will be the Great Sea, from the limit on the south to a point opposite the way into Hamath. This is the west side.|en
2467|47|21|21|你們要按著以色列的支派彼此分這地。|zh
2468|47|21|21|You will make a division of the land among you, tribe by tribe.|en
2469|47|22|22|要拈鬮分這地為業，歸與自己和你們中間寄居的外人，就是在你們中間生養兒女的外人。你們要看他們如同以色列人中所生的一樣；他們在以色列支派中要與你們同得地業|zh
2470|47|22|22|And you are to make a distribution of it, by the decision of the Lord, for a heritage to you and to the men from other lands who are living among you and who have children in your land: they will be the same to you as if they were Israelites by birth, they will have their heritage with you among the tribes of Israel.|en
2471|47|23|23|外人寄居在哪支派中，你們就在那裡分給他地業。這是主耶和華說的。|zh
2472|47|23|23|In whatever tribe the man from a strange land is living, there you are to give him his heritage, says the Lord.|en
2473|48|1|1|眾支派按名所得之地記在下面：從北頭，由希特倫往哈馬口，到大馬色地界上的哈薩以難。北邊靠著哈馬地（各支派的地都有東西的邊界），是但的一分。|zh
2474|48|1|1|Now these are the names of the tribes: from the north end, from the west on the way of Hethlon to the way into Hamath, in the direction of Hazar-enon, with the limit of Damascus to the north, by Hamath; and on the limit from the east side to the west side: Dan, one part.|en
2475|48|2|2|挨著但的地界，從東到西，是亞設的一分。|zh
2476|48|2|2|And on the limit of Dan, from the east side to the west side: Asher, one part.|en
2477|48|3|3|挨著亞設的地界，從東到西，是拿弗他利的一分。|zh
2478|48|3|3|And on the limit of Asher, from the east side to the west side: Naphtali, one part.|en
2479|48|4|4|挨著拿弗他利的地界，從東到西，是瑪拿西的一分。|zh
2480|48|4|4|And on the limit of Naphtali, from the east side to the west side: Manasseh, one part.|en
2481|48|5|5|挨著瑪拿西的地界，從東到西，是以法蓮的一分。|zh
2482|48|5|5|And on the limit of Manasseh, from the east side to the west side: Ephraim, one part.|en
2483|48|6|6|挨著以法蓮的地界，從東到西，是流便的一分。|zh
2484|48|6|6|And on the limit of Ephraim, from the east side to the west side: Reuben, one part.|en
2485|48|7|7|挨著流便的地界，從東到西，是猶大的一分。|zh
2486|48|7|7|And on the limit of Reuben, from the east side to the west side: Judah, one part.|en
2487|48|8|8|挨著猶大的地界，從東到西，必有你們所當獻的供地，寬二萬五千肘。從東界到西界，長短與各分之地相同，聖地當在其中。|zh
2488|48|8|8|And on the limit of Judah, from the east side to the west side, will be the offering which you are to make, twenty-five thousand wide, and as long as one of the parts, from the east side to the west side: and the holy place will be in the middle of it.|en
2489|48|9|9|你們獻與耶和華的供地要長二萬五千肘，寬一萬肘。|zh
2490|48|9|9|The offering you will give to the Lord is to be twenty-five thousand long and twenty-five thousand wide.|en
2491|48|10|10|這聖供地要歸與祭司，北長二萬五千肘，西寬一萬肘，東寬一萬肘，南長二萬五千肘。耶和華的聖地當在其中。|zh
2492|48|10|10|And for these, that is the priests, the holy offering is to be twenty-five thousand long to the north, ten thousand wide to the west, ten thousand wide to the east and twenty-five thousand long to the south; and the holy place of the Lord will be in the middle of it.|en
2493|48|11|11|這地要歸與撒督的子孫中成為聖的祭司，就是那守我所吩咐的。當以色列人走迷的時候，他們不像那些利未人走迷了。|zh
2494|48|11|11|For the priests who have been made holy, those of the sons of Zadok who kept the orders I gave them, who did not go out of the right way when the children of Israel went from the way, as the Levites did,|en
2495|48|12|12|這要歸與他們為供地，是全地中至聖的。供地挨著利未人的地界。|zh
2496|48|12|12|Even for them will be the offering from the offering of the land, a thing most holy, on the limit of the land given to the Levites.|en
2497|48|13|13|利未人所得的地要長二萬五千肘，寬一萬肘，與祭司的地界相等，都長二萬五千肘，寬一萬肘。|zh
2498|48|13|13|And the Levites are to have a part of the land equal to the limit of the priests', twenty-five thousand long and ten thousand wide, all of it together to be twenty-five thousand long and twenty thousand wide.|en
2499|48|14|14|這地不可賣，不可換，初熟之物也不可歸與別人，因為是歸耶和華為聖的。|zh
2500|48|14|14|And they are not to let any of it go for a price, or give it in exchange; and the part of the land given to the Lord is not to go into other hands: for it is holy to the Lord.|en
2501|48|15|15|這二萬五千肘前面所剩下五千肘寬之地要作俗用，作為造城蓋房郊野之地。城要在當中。|zh
2502|48|15|15|And the other five thousand, measured from side to side, in front of the twenty-five thousand, is to be for common use, for the town, for living in and for a free space: and the town will be in the middle of it.|en
2503|48|16|16|城的尺寸乃是如此：北面四千五百肘，南面四千五百肘，東面四千五百肘，西面四千五百肘。|zh
2504|48|16|16|And these will be its measures: the north side, four thousand five hundred, and the south side, four thousand five hundred, and on the east side, four thousand five hundred, and on the west side, four thousand five hundred.|en
2505|48|17|17|城必有郊野，向北二百五十肘，向南二百五十肘，向東二百五十肘，向西二百五十肘。|zh
2506|48|17|17|And the town will have a free space on the north of two hundred and fifty, on the south of two hundred and fifty, on the east of two hundred and fifty, and on the west of two hundred and fifty.|en
2507|48|18|18|靠著聖供地的餘地，東長一萬肘，西長一萬肘，要與聖供地相等；其中的土產要作城內工人的食物。|zh
2508|48|18|18|And the rest, in measure as long as the holy offering, will be ten thousand to the east and ten thousand to the west: and its produce will be for food for the workers of the town.|en
2509|48|19|19|所有以色列支派中，在城內做工的，都要耕種這地。|zh
2510|48|19|19|It will be farmed by workers of the town from all the tribes of Israel.|en
2511|48|20|20|你們所獻的聖供地連歸城之地，是四方的：長二萬五千肘，寬二萬五千肘。|zh
2512|48|20|20|The size of the offering all together is to be twenty-five thousand by twenty-five thousand: you are to make the holy offering a square, together with the property of the town.|en
2513|48|21|21|聖供地連歸城之地，兩邊的餘地要歸與王。供地東邊，南北二萬五千肘，東至東界，西邊南北二萬五千肘，西至西界，與各分之地相同，都要歸王。聖供地和殿的聖地要在其中，|zh
2514|48|21|21|And the rest is to be for the prince, on this side and on that side of the holy offering and of the property of the town, in front of the twenty-five thousand to the east, as far as the east limit, and to the west, in front of the twenty-five thousand, as far as the west limit, and of the same measure as those parts; it will be the property of the prince: and the holy offering and holy place of the house will be in the middle of it.|en
2515|48|22|22|並且利未人之地，與歸城之地的東西兩邊延長之地（這兩地在王地中間），就是在猶大和便雅憫兩界中間，要歸與王。|zh
2516|48|22|22|And the property of the Levites and the property of the town will be in the middle of the prince's property; between the limit of Judah's part and the limit of Benjamin's part will be for the prince.|en
2517|48|23|23|論到其餘的支派，從東到西，是便雅憫的一分。|zh
2518|48|23|23|And as for the rest of the tribes: from the east side to the west side: Benjamin, one part.|en
2519|48|24|24|挨著便雅憫的地界，從東到西，是西緬的一分。|zh
2520|48|24|24|And on the limit of Benjamin, from the east side to the west side: Simeon, one part.|en
2521|48|25|25|挨著西緬的地界，從東到西，是以薩迦的一分。|zh
2522|48|25|25|And on the limit of Simeon, from the east side to the west side: Issachar, one part.|en
2523|48|26|26|挨著以薩迦的地界，從東到西，是西布倫的一分。|zh
2524|48|26|26|And on the limit of Issachar, from the east side to the west side: Zebulun, one part.|en
2525|48|27|27|挨著西布倫的地界，從東到西，是迦得的一分。|zh
2526|48|27|27|And on the limit of Zebulun, from the east side to the west side: Gad one part.|en
2527|48|28|28|迦得地的南界是從他瑪到米利巴加低斯的水，延到埃及小河，直到大海。|zh
2528|48|28|28|And on the limit of Gad, on the south side and to the south of it, the limit will be from Tamar to the waters of Meribath-kadesh, to the stream, to the Great Sea.|en
2529|48|29|29|這就是你們要拈鬮分給以色列支派為業之地，乃是他們各支派所得之分。這是主耶和華說的。|zh
2530|48|29|29|This is the land of which distribution is to be made by the decision of the Lord, among the tribes of Israel for their heritage, and these are their heritages, says the Lord.|en
2531|48|30|30|城的北面四千五百肘。出城之處如下；|zh
2532|48|30|30|And these are the outskirts of the town: on the north side, four thousand five hundred by measure;|en
2533|48|31|31|城的各門要按以色列支派的名字。北面有三門，一為流便門，一為猶大門，一為利未門；|zh
2534|48|31|31|And the doors of the town are to be named by the names of the tribes of Israel; three doors on the north, one for Reuben, one for Judah, one for Levi;|en
2535|48|32|32|東面四千五百肘，有三門，一為約瑟門，一為便雅憫門，一為但門；|zh
2536|48|32|32|And at the east side, four thousand five hundred by measure, and three doors, one for Joseph, one for Benjamin, one for Dan;|en
2537|48|33|33|南面四千五百肘，有三門，一為西緬門，一為以薩迦門，一為西布倫門；|zh
2538|48|33|33|And at the south side, four thousand five hundred by measure, and three doors, one for Simeon, one for Issachar, one for Zebulun;|en
2539|48|34|34|西面四千五百肘，有三門，一為迦得門，一為亞設門，一為拿弗他利門。|zh
2540|48|34|34|At the west side, four thousand five hundred by measure, with their three doors, one for Gad, one for Asher, one for Naphtali.|en
2541|48|35|35|城四圍共一萬八千肘。從此以後，這城的名字必稱為耶和華的所在。|zh
2542|48|35|35|It is to be eighteen thousand all round: and the name of the town from that day will be, The Lord is there.|en
