|chapter|sec|no|content|lang
0|1|1|1|便雅憫地亞拿突城的祭司中，希勒家的兒子耶利米的話記在下面。|zh
1|1|1|1|The words of Jeremiah, the son of Hilkiah, of the priests who were in Anathoth in the land of Benjamin:|en
2|1|2|2|猶大王亞們的兒子約西亞在位十三年耶和華的話臨到耶利米。|zh
3|1|2|2|To whom the word of the Lord came in the days of Josiah, the son of Amon, king of Judah, in the thirteenth year of his rule.|en
4|1|3|3|從猶大王約西亞的兒子約雅敬在位的時候，直到猶大王約西亞的兒子西底家在位的末年，就是十一年五月間耶路撒冷人被擄的時候，耶和華的話也常臨到耶利米。|zh
5|1|3|3|And it came again in the days of Jehoiakim, the son of Josiah, king of Judah, up to the eleventh year of Zedekiah, the son of Josiah, king of Judah; till Jerusalem was taken away in the fifth month.|en
6|1|4|4|耶利米說，耶和華的話臨到我說：|zh
7|1|4|4|Now the word of the Lord came to me, saying,|en
8|1|5|5|我未將你造在腹中，我已曉得你；你未出母胎，我已分別你為聖；我已派你作列國的先知。|zh
9|1|5|5|Before you were formed in the body of your mother I had knowledge of you, and before your birth I made you holy; I have given you the work of being a prophet to the nations.|en
10|1|6|6|我就說：主耶和華啊，我不知怎樣說，因為我是年幼的。|zh
11|1|6|6|Then said I, O Lord God! see, I have no power of words, for I am a child.|en
12|1|7|7|耶和華對我說：你不要說我是年幼的，因為我差遣你到誰那裡去，你都要去；我吩咐你說甚麼話，你都要說。|zh
13|1|7|7|But the Lord said to me, Do not say, I am a child: for wherever I send you, you are to go, and whatever I give you orders to say, you are to say.|en
14|1|8|8|你不要懼怕他們，因為我與你同在，要拯救你。這是耶和華說的。|zh
15|1|8|8|Have no fear because of them: for I am with you, to keep you safe, says the Lord.|en
16|1|9|9|於是耶和華伸手按我的口，對我說：我已將當說的話傳給你。|zh
17|1|9|9|Then the Lord put out his hand, touching my mouth; and the Lord said to me, See, I have put my words in your mouth:|en
18|1|10|10|看哪，我今日立你在列邦列國之上，為要施行拔出、拆毀、毀壞、傾覆，又要建立、栽植。|zh
19|1|10|10|See, this day I have put you over the nations and over the kingdoms, for uprooting and smashing down, for destruction and overturning, for building up and planting.|en
20|1|11|11|耶和華的話又臨到我說：「耶利米，你看見甚麼？」我說：「我看見一根杏樹枝。」|zh
21|1|11|11|Again the word of the Lord came to me, saying, Jeremiah, what do you see? And I said, I see a branch of an almond-tree.|en
22|1|12|12|耶和華對我說：「你看得不錯；因為我留意保守我的話，使得成就。」|zh
23|1|12|12|Then the Lord said to me, You have seen well: for I keep watch over my word to give effect to it.|en
24|1|13|13|耶和華的話第二次臨到我說：「你看見甚麼？」我說：「我看見一個燒開的鍋，從北而傾。」|zh
25|1|13|13|And the word of the Lord came to me a second time, saying, What do you see? And I said, I see a boiling pot, and its face is from the north.|en
26|1|14|14|耶和華對我說：「必有災禍從北方發出，臨到這地的一切居民。」|zh
27|1|14|14|Then the Lord said to me, Out of the north evil will come, bursting out on all the people of the land.|en
28|1|15|15|耶和華說：「看哪，我要召北方列國的眾族；他們要來，各安座位在耶路撒冷的城門口，周圍攻擊城牆，又要攻擊猶大的一切城邑。|zh
29|1|15|15|For see, I will send for all the families of the kingdoms of the north, says the Lord; and they will come, everyone placing his high seat at the way into Jerusalem, and against its walls on every side, and against all the towns of Judah.|en
30|1|16|16|至於這民的一切惡，就是離棄我、向別神燒香、跪拜自己手所造的，我要發出我的判語，攻擊他們。|zh
31|1|16|16|And I will give my decision against them on account of all their evil-doing; because they have given me up, burning perfumes to other gods and worshipping the works of their hands.|en
32|1|17|17|所以你當束腰，起來將我所吩咐你的一切話告訴他們；不要因他們驚惶，免得我使你在他們面前驚惶。|zh
33|1|17|17|So make yourself ready, and go and say to them everything I give you orders to say: do not be overcome by fear of them, or I will send fear on you before them.|en
34|1|18|18|看哪，我今日使你成為堅城、鐵柱、銅牆，與全地和猶大的君王、首領、祭司，並地上的眾民反對。|zh
35|1|18|18|For see, this day have I made you a walled town, and an iron pillar, and walls of brass, against all the land, against the kings of Judah, against its captains, against its priests, and against the people of the land.|en
36|1|19|19|他們要攻擊你，卻不能勝你；因為我與你同在，要拯救你。這是耶和華說的。|zh
37|1|19|19|They will be fighting against you, but they will not overcome you: for I am with you, says the Lord, to give you salvation.|en
38|2|1|1|耶和華的話臨到我說：|zh
39|2|1|1|And the word of the Lord came to me, saying,|en
40|2|2|2|你去向耶路撒冷人的耳中喊叫說，耶和華如此說：你幼年的恩愛，婚姻的愛情，你怎樣在曠野，在未曾耕種之地跟隨我，我都記得。|zh
41|2|2|2|Go and say in the ears of Jerusalem, The Lord says, I still keep the memory of your kind heart when you were young, and your love when you became my bride; how you went after me in the waste of sand, in an unplanted land.|en
42|2|3|3|那時以色列歸耶和華為聖，作為土產初熟的果子；凡吞吃他的必算為有罪，災禍必臨到他們。這是耶和華說的。|zh
43|2|3|3|Israel was holy to the Lord, the first-fruits of his increase: all who made attacks on him were judged as wrongdoers, evil came on them, says the Lord.|en
44|2|4|4|雅各家、以色列家的各族啊，你們當聽耶和華的話。|zh
45|2|4|4|Give ear to the words of the Lord, O sons of Jacob and all the families of Israel:|en
46|2|5|5|耶和華如此說：你們的列祖見我有甚麼不義，竟遠離我，隨從虛無的神，自己成為虛妄的呢？|zh
47|2|5|5|These are the words of the Lord: What evil have your fathers seen in me that they have gone far from me, and, walking after what is false, have become false?|en
48|2|6|6|他們也不說：那領我們從埃及地上來，引導我們經過曠野，沙漠有深坑之地，和乾旱死蔭、無人經過、無人居住之地的耶和華在哪裡呢？|zh
49|2|6|6|And they never said, Where is the Lord, who took us up out of the land of Egypt; who was our guide through the waste of sand, through an unplanted land full of deep holes, through a dry land of deep shade, which no one went through and where no man was living?|en
50|2|7|7|我領你們進入肥美之地，使你們得吃其中的果子和美物；但你們進入的時候就玷污我的地，使我的產業成為可憎的。|zh
51|2|7|7|And I took you into a fertile land, where you were living on its fruit and its wealth; but when you came in, you made my land unclean, and made my heritage a disgusting thing.|en
52|2|8|8|祭司都不說，耶和華在哪裡呢？傳講律法的都不認識我。官長違背我；先知藉巴力說預言，隨從無益的神。|zh
53|2|8|8|The priests did not say, Where is the Lord? and those who were expert in the law had no knowledge of me: and the rulers did evil against me, and the prophets became prophets of the Baal, going after things without value.|en
54|2|9|9|耶和華說：我因此必與你們爭辯，也必與你們的子孫爭辯。|zh
55|2|9|9|For this reason, I will again put forward my cause against you, says the Lord, even against you and against your children's children.|en
56|2|10|10|你們且過到基提海島去察看，打發人往基達去留心查考，看曾有這樣的事沒有。|zh
57|2|10|10|For go over to the sea-lands of Kittim and see; send to Kedar and give deep thought to it; and see if there has ever been such a thing.|en
58|2|11|11|豈有一國換了他的神嗎？其實這不是　神！但我的百姓將他們的榮耀換了那無益的　神。|zh
59|2|11|11|Has any nation ever made a change in their gods, though they are no gods? but my people have given up their glory in exchange for what is of no profit.|en
60|2|12|12|諸天哪，要因此驚奇，極其恐慌，甚為淒涼！這是耶和華說的。|zh
61|2|12|12|Be full of wonder, O heavens, at this; be overcome with fear, be completely waste, says the Lord.|en
62|2|13|13|因為我的百姓做了兩件惡事，就是離棄我這活水的泉源，為自己鑿出池子，是破裂不能存水的池子。|zh
63|2|13|13|For my people have done two evils; they have given up me, the fountain of living waters, and have made for themselves water-holes, cut out from the rock, broken water-holes, of no use for storing water.|en
64|2|14|14|以色列是僕人嗎？是家中生的奴僕嗎？為何成為掠物呢？|zh
65|2|14|14|Is Israel a servant? has he been a house-servant from birth? why has he been made waste?|en
66|2|15|15|少壯獅子向他咆哮，大聲吼叫，使他的地荒涼；城邑也都焚燒，無人居住。|zh
67|2|15|15|The young lions have made an outcry against him with a loud voice: they have made his land waste; his towns are burned up, with no one living in them.|en
68|2|16|16|挪弗人和答比匿人也打破你的頭頂。|zh
69|2|16|16|Even the children of Noph and Tahpanhes have put shame on you.|en
70|2|17|17|這事臨到你身上，不是你自招的嗎？不是因耶和華─你神引你行路的時候，你離棄他嗎？|zh
71|2|17|17|Has not this come on you because you have given up the Lord your God, who was your guide by the way?|en
72|2|18|18|現今你為何在埃及路上要喝西曷的水呢？你為何在亞述路上要喝大河的水呢？|zh
73|2|18|18|And now, what have you to do on the way to Egypt, to get your drink from the waters of the Nile? or what have you to do on the way to Assyria, to get your drink from the waters of the River?|en
74|2|19|19|你自己的惡必懲治你；你背道的事必責備你。由此可知可見，你離棄耶和華─你的神，不存敬畏我的心，乃為惡事，為苦事。這是主─萬軍之耶和華說的。|zh
75|2|19|19|The evil you yourselves have done will be your punishment, your errors will be your judge: be certain then, and see that it is an evil and a bitter thing to give up the Lord your God, and no longer to be moved by fear of me, says the Lord, the Lord of armies.|en
76|2|20|20|我在古時折斷你的軛，解開你的繩索。你說：我必不事奉耶和華；因為你在各高岡上、各青翠樹下屈身行淫（或譯：我在古時折斷你的軛，解開你的繩索，你就說：我必不事奉別神。誰知你在各高岡上、各青翠樹下仍屈身行淫）。|zh
77|2|20|20|For in the past, your yoke was broken by your hands and your cords parted; and you said, I will not be your servant; for on every high hill and under every branching tree, your behaviour was like that of a loose woman|en
78|2|21|21|然而，我栽你是上等的葡萄樹，全然是真種子；你怎麼向我變為外邦葡萄樹的壞枝子呢？|zh
79|2|21|21|But when you were planted by me, you were a noble vine, in every way a true seed: how then have you been changed into the branching plant of a strange vine?|en
80|2|22|22|你雖用鹼、多用肥皂洗濯，你罪孽的痕跡仍然在我面前顯出。這是主耶和華說的。|zh
81|2|22|22|For even if you are washed with soda and take much soap, still your evil-doing is marked before me, says the Lord God.|en
82|2|23|23|你怎能說：我沒有玷污、沒有隨從眾巴力？你看你谷中的路，就知道你所行的如何。你是快行的獨峰駝，狂奔亂走。|zh
83|2|23|23|How are you able to say, I am not unclean, I have not gone after the Baals? see your way in the valley, be clear about what you have done: you are a quick-footed camel twisting her way in and out;|en
84|2|24|24|你是野驢，慣在曠野，慾心發動就吸風；起性的時候誰能使牠轉去呢？凡尋找牠的必不致疲乏；在牠的月分必能尋見。|zh
85|2|24|24|An untrained ass, used to the waste land, breathing up the wind in her desire; at her time, who is able to send her away? all those who are looking for her will have no need to make themselves tired; in her month they will get her.|en
86|2|25|25|我說：你不要使腳上無鞋，喉嚨乾渴。你倒說：這是枉然。我喜愛別神，我必隨從他們。|zh
87|2|25|25|Do not let your foot be without shoes, or your throat dry from need of water: but you said, There is no hope: no, for I have been a lover of strange gods, and after them I will go.|en
88|2|26|26|賊被捉拿，怎樣羞愧，﹞以色列家和他們的君王、首領、祭司、先知也都照樣羞愧。|zh
89|2|26|26|As the thief is shamed when he is taken, so is Israel shamed; they, their kings and their rulers, their priests and their prophets;|en
90|2|27|27|他們向木頭說：你是我的父；向石頭說：你是生我的。他們以背向我，不以面向我；及至遭遇患難的時候卻說：起來拯救我們。|zh
91|2|27|27|Who say to a tree, You are my father; and to a stone, You have given me life: for their backs have been turned to me, not their faces: but in the time of their trouble they will say, Up! and be our saviour.|en
92|2|28|28|你為自己做的神在哪裡呢？你遭遇患難的時候，叫他們起來拯救你罷！猶大啊，你　神的數目與你城的數目相等。|zh
93|2|28|28|But where are the gods you have made for yourselves? let them come, if they are able to give you salvation in the time of your trouble: for the number of your gods is as the number of your towns, O Judah.|en
94|2|29|29|耶和華說：你們為何與我爭辯呢？你們都違背了我。|zh
95|2|29|29|Why will you put forward your cause against me? You have all done evil against me, says the Lord.|en
96|2|30|30|我責打你們的兒女是徒然的，他們不受懲治。你們自己的刀吞滅你們的先知，好像殘害的獅子。|zh
97|2|30|30|I gave your children blows to no purpose; they got no good from training: your sword has been the destruction of your prophets, like a death-giving lion.|en
98|2|31|31|這世代的人哪，你們要看明耶和華的話。我豈向以色列作曠野呢？或作幽暗之地呢？我的百姓為何說：我們脫離約束，再不歸向你了？|zh
99|2|31|31|O generation, see the word of the Lord. Have I been a waste land to Israel? or a land of dark night? why do my people say, We have got loose, we will not come to you again?|en
100|2|32|32|處女豈能忘記他的妝飾呢？新婦豈能忘記他的美衣呢？我的百姓卻忘記了我無數的日子！|zh
101|2|32|32|Is it possible for a virgin to put out of her memory her ornaments, or a bride her robes? but my people have put me out of their memories for unnumbered days.|en
102|2|33|33|你怎麼修飾你的道路要求愛情呢？就是惡劣的婦人你也叫他們行你的路。|zh
103|2|33|33|With what care are your ways ordered when you are looking for love! so ... your ways.|en
104|2|34|34|並且你的衣襟上有無辜窮人的血；你殺他們並不是遇見他們挖窟窿，乃是因這一切的事。|zh
105|2|34|34|And in the skirts of your robe may be seen the life-blood of those who have done no wrong: ...|en
106|2|35|35|你還說：我無辜；耶和華的怒氣必定向我消了。看哪，我必審問你；因你自說：我沒有犯罪。|zh
107|2|35|35|And still you said, I have done no wrong; truly, his wrath is turned away from me. See, I will take up the cause against you, because you say, I have done no wrong.|en
108|2|36|36|你為何東跑西奔要更換你的路呢？你必因埃及蒙羞，像從前因亞述蒙羞一樣。|zh
109|2|36|36|Why do you go about so much for the purpose of changing your way? you will be shamed on account of Egypt, as you were shamed on account of Assyria.|en
110|2|37|37|你也必兩手抱頭從埃及出來；因為耶和華已經棄絕你所倚靠的，你必不因他們得順利。|zh
111|2|37|37|Truly, you will go out from him with your hands on your head: for the Lord has given up those in whom you have put your faith, and they will be of no help to you.|en
112|3|1|1|有話說：人若休妻，妻離他而去，作了別人的妻，前夫豈能再收回他來？若收回他來，那地豈不是大大玷污了麼？但你和許多親愛的行邪淫，還可以歸向我。這是耶和華說的。|zh
113|3|1|1|They say, If a man puts away his wife and she goes from him and becomes another man's, will he go back to her again? will not that land have been made unclean? but though you have been acting like a loose woman with a number of lovers, will you now come back to me? says the Lord.|en
114|3|2|2|你向淨光的高處舉目觀看，你在何處沒有淫行呢？你坐在道旁等候，好像亞拉伯人在曠野埋伏一樣，並且你的淫行邪惡玷污了全地。|zh
115|3|2|2|Let your eyes be lifted up to the open hilltops, and see; where have you not been taken by your lovers? You have been seated waiting for them by the wayside like an Arabian in the waste land; you have made the land unclean with your loose ways and your evil-doing.|en
116|3|3|3|因此甘霖停止，春（原文是晚）雨不降。你還是有娼妓之臉，不顧羞恥。|zh
117|3|3|3|So the showers have been kept back, and there has been no spring rain; still your brow is the brow of a loose woman, you will not let yourself be shamed.|en
118|3|4|4|從今以後，你豈不向我呼叫說：我父啊，你是我幼年的恩主。|zh
119|3|4|4|Will you not, from this time, make your prayer to me, crying, My father, you are the friend of my early years?|en
120|3|5|5|耶和華豈永遠懷怒，存留到底嗎？看哪，你又發惡言又行壞事，隨自己的私意而行（或譯：你雖這樣說，還是行惡放縱慾心）。|zh
121|3|5|5|Will he be angry for ever? will he keep his wrath to the end? These things you have said, and have done evil and have had your way.|en
122|3|6|6|約西亞王在位的時候，耶和華又對我說：「背道的以色列所行的，你看見沒有？他上各高山，在各青翠樹下行淫。|zh
123|3|6|6|And the Lord said to me in the days of Josiah the king, Have you seen what Israel, turning away from me, has done? She has gone up on every high mountain and under every branching tree, acting like a loose woman there.|en
124|3|7|7|他行這些事以後，我說他必歸向我，他卻不歸向我。他奸詐的妹妹猶大也看見了。|zh
125|3|7|7|And I said, After she has done all these things she will come back to me; but she did not. And her false sister Judah saw it.|en
126|3|8|8|背道的以色列行淫，我為這緣故給他休書休他；我看見他奸詐的妹妹猶大，還不懼怕，也去行淫。|zh
127|3|8|8|And though she saw that, because Israel, turning away from me, had been untrue to me, I had put her away and given her a statement in writing ending the relation between us, still Judah, her false sister, had no fear, but went and did the same.|en
128|3|9|9|因以色列輕忽了他的淫亂，和石頭木頭行淫，地就被玷污了。|zh
129|3|9|9|So that through all her loose behaviour the land became unclean, and she was untrue, giving herself to stones and trees.|en
130|3|10|10|雖有這一切的事，他奸詐的妹妹猶大還不一心歸向我，不過是假意歸我。這是耶和華說的。」|zh
131|3|10|10|But for all this, her false sister Judah has not come back to me with all her heart, but with deceit, says the Lord.|en
132|3|11|11|耶和華對我說：「背道的以色列比奸詐的猶大還顯為義。|zh
133|3|11|11|And the Lord said to me, Israel in her turning away is seen to be more upright than false Judah.|en
134|3|12|12|你去向北方宣告說：耶和華說：背道的以色列啊，回來吧！我必不怒目看你們；因為我是慈愛的，我必不永遠存怒。這是耶和華說的。|zh
135|3|12|12|Go, and give out these words to the north, and say, Come back, O Israel, though you have been turned away from me, says the Lord; my face will not be against you in wrath: for I am full of mercy, says the Lord, I will not be angry for ever.|en
136|3|13|13|只要承認你的罪孽，就是你違背耶和華─你的神，在各青翠樹下向別神東奔西跑，沒有聽從我的話。這是耶和華說的。|zh
137|3|13|13|Only be conscious of your sin, the evil you have done against the Lord your God; you have gone with strange men under every branching tree, giving no attention to my voice, says the Lord.|en
138|3|14|14|耶和華說：背道的兒女啊，回來吧！因為我作你們的丈夫，並且我必將你們從一城取一人，從一族取兩人，帶到錫安。|zh
139|3|14|14|Come back, O children who are turned away, says the Lord; for I am a husband to you, and I will take you, one from a town and two from a family, and will make you come to Zion;|en
140|3|15|15|我也必將合我心的牧者賜給你們。他們必以知識和智慧牧養你們。」|zh
141|3|15|15|And I will give you keepers, pleasing to my heart, who will give you your food with knowledge and wisdom.|en
142|3|16|16|耶和華說：「你們在國中生養眾多；當那些日子，人必不再提說耶和華的約櫃，不追想，不記念，不覺缺少，也不再製造。|zh
143|3|16|16|And it will come about, when your numbers are increased in the land, in those days, says the Lord, that they will no longer say, The ark of the agreement of the Lord: it will not come into their minds, they will not have any memory of it, or be conscious of the loss of it, and it will not be made again.|en
144|3|17|17|那時，人必稱耶路撒冷為耶和華的寶座；萬國必到耶路撒冷，在耶和華立名的地方聚集。他們必不再隨從自己頑梗的惡心行事。|zh
145|3|17|17|At that time Jerusalem will be named the seat of the Lord's kingdom; and all the nations will come together to it, to the name of the Lord, to Jerusalem: and no longer will their steps be guided by the purposes of their evil hearts.|en
146|3|18|18|當那些日子，猶大家要和以色列家同行，從北方之地一同來到我賜給你們列祖為業之地。」|zh
147|3|18|18|In those days the family of Judah will go with the family of Israel, and they will come together out of the land of the north into the land which I gave for a heritage to your fathers.|en
148|3|19|19|我說：我怎樣將你安置在兒女之中，賜給你美地，就是萬國中肥美的產業。我又說：你們必稱我為父，也不再轉去不跟從我。|zh
149|3|19|19|But I said, How am I to put you among the children, and give you a desired land, a heritage of glory among the armies of the nations? and I said, You are to say to me, My father; and not be turned away from me.|en
150|3|20|20|以色列家，你們向我行詭詐，真像妻子行詭詐離開他丈夫一樣。這是耶和華說的。|zh
151|3|20|20|Truly, as a wife is false to her husband, so have you been false to me, O Israel, says the Lord.|en
152|3|21|21|在淨光的高處聽見人聲，就是以色列人哭泣懇求之聲，乃因他們走彎曲之道，忘記耶和華─他們的神。|zh
153|3|21|21|A voice is sounding on the open hilltops, the weeping and the prayers of the children of Israel; because their way is twisted, they have not kept the Lord their God in mind.|en
154|3|22|22|你們這背道的兒女啊，回來吧！我要醫治你們背道的病。看哪，我們來到你這裡，因你是耶和華─我們的神。|zh
155|3|22|22|Come back, you children who have been turned away, and I will take away your desire for wandering. See, we have come to you, for you are the Lord our God.|en
156|3|23|23|仰望從小山或從大山的喧嚷中得幫助，真是枉然的。以色列得救，誠然在乎耶和華─我們的神。|zh
157|3|23|23|Truly, the hills, and the noise of an army on the mountains, are a false hope: truly, in the Lord our God is the salvation of Israel.|en
158|3|24|24|從我們幼年以來，那可恥的偶像將我們列祖所勞碌得來的羊群、牛群，和他們的兒女都吞吃了。|zh
159|3|24|24|But the Baal has taken all the work of our fathers from our earliest days; their flocks and their herds, their sons and their daughters.|en
160|3|25|25|我們在羞恥中躺臥罷！願慚愧將我們遮蓋；因為從立國（原文是幼年）以來，我們和我們的列祖常常得罪耶和華─我們的神，沒有聽從耶和華─我們　神的話。|zh
161|3|25|25|Let us be stretched on the earth in our downfall, covering ourselves with our shame: for we have been sinners against the Lord our God, we and our fathers, from our earliest years even till this day: and we have not given ear to the voice of the Lord our God.|en
162|4|1|1|耶和華說：以色列啊，你若回來歸向我，若從我眼前除掉你可憎的偶像，你就不被遷移。|zh
163|4|1|1|If you will come back, O Israel, says the Lord, you will come back to me: and if you will put away your disgusting ways, you will not be sent away from before me.|en
164|4|2|2|你必憑誠實、公平、公義，指著永生的耶和華起誓；列國必因耶和華稱自己為有福，也必因他誇耀。|zh
165|4|2|2|And you will take your oath, By the living Lord, in good faith and wisdom and righteousness; and the nations will make use of you as a blessing, and in you will they take a pride.|en
166|4|3|3|耶和華對猶大和耶路撒冷人如此說：要開墾你們的荒地，不要撒種在荊棘中。|zh
167|4|3|3|For this is what the Lord says to the men of Judah and to Jerusalem: Get your unworked land ploughed up, do not put in your seeds among thorns.|en
168|4|4|4|猶大人和耶路撒冷的居民哪，你們當自行割禮，歸耶和華，將心裡的污穢除掉；恐怕我的忿怒因你們的惡行發作，如火著起，甚至無人能以熄滅！|zh
169|4|4|4|Undergo a circumcision of the heart, you men of Judah and people of Jerusalem: or my wrath may come out like fire, burning so that no one is able to put it out, because of the evil of your doings.|en
170|4|5|5|你們當傳揚在猶大，宣告在耶路撒冷說：你們當在國中吹角，高聲呼叫說：你們當聚集！我們好進入堅固城！|zh
171|4|5|5|Say openly in Judah, give it out in Jerusalem, and say, Let the horn be sounded in the land: crying out in a loud voice, Come together, and let us go into the walled towns.|en
172|4|6|6|應當向錫安豎立大旗。要逃避，不要遲延，因我必使災禍與大毀滅從北方來到。|zh
173|4|6|6|Put up a flag for a sign to Zion: go in flight so that you may be safe, waiting no longer: for I will send evil from the north, and a great destruction.|en
174|4|7|7|有獅子從密林中上來，是毀壞列國的。他已經動身出離本處，要使你的地荒涼，使你的城邑變為荒場無人居住。|zh
175|4|7|7|A lion has gone up from his secret place in the woods, and one who makes waste the nations is on his way; he has gone out from his place, to make your land unpeopled, so that your towns will be made waste, with no man living in them.|en
176|4|8|8|因此，你們當腰束麻布，大聲哀號，因為耶和華的烈怒沒有向我們轉消。|zh
177|4|8|8|For this put on haircloth, with weeping and loud crying: for the burning wrath of the Lord is not turned back from us.|en
178|4|9|9|耶和華說：到那時，君王和首領的心都要消滅；祭司都要驚奇，先知都要詫異。|zh
179|4|9|9|And it will come about in that day, says the Lord, that the heart of the king will be dead in him, and the hearts of the rulers; and the priests will be overcome with fear, and the prophets with wonder.|en
180|4|10|10|我說：哀哉！主耶和華啊，你真是大大地欺哄這百姓和耶路撒冷，說：你們必得平安。其實刀劍害及性命了。|zh
181|4|10|10|Then said I, Ah, Lord God! your words were not true when you said to this people and to Jerusalem, You will have peace; when the sword has come even to the soul.|en
182|4|11|11|那時，必有話對這百姓和耶路撒冷說：有一陣熱風從曠野淨光的高處向我的眾民（原文是民女）颳來，不是為簸揚，也不是為揚淨。|zh
183|4|11|11|At that time it will be said to this people and to Jerusalem, A burning wind from the open hilltops in the waste land is blowing on the daughter of my people, not for separating or cleaning the grain;|en
184|4|12|12|必有一陣更大的風從這些地方為我颳來；現在我又必發出判語，攻擊他們。|zh
185|4|12|12|A full wind will come for me: and now I will give my decision against them.|en
186|4|13|13|看哪，仇敵必如雲上來；他的戰車如旋風，他的馬匹比鷹更快。我們有禍了！我們敗落了！|zh
187|4|13|13|See, he will come up like the clouds, and his war-carriages like the storm-wind: his horses are quicker than eagles. Sorrow is ours, for destruction has come on us.|en
188|4|14|14|耶路撒冷啊，你當洗去心中的惡，使你可以得救。惡念存在你心裡要到幾時呢？|zh
189|4|14|14|O Jerusalem, make your heart clean from evil, so that you may have salvation. How long are evil purposes to have a resting-place in you?|en
190|4|15|15|有聲音從但傳揚，從以法蓮山報禍患。|zh
191|4|15|15|For a voice is sounding from Dan, giving out evil from the hills of Ephraim:|en
192|4|16|16|你們當傳給列國，報告攻擊耶路撒冷的事說：有探望的人從遠方來到，向猶大的城邑大聲吶喊。|zh
193|4|16|16|Make this come to the minds of the nations, make a statement openly against Jerusalem, that attackers are coming from a far country and their voices will be loud against the towns of Judah.|en
194|4|17|17|他們周圍攻擊耶路撒冷，好像看守田園的，因為他背叛了我。這是耶和華說的。|zh
195|4|17|17|Like keepers of a field they are against her on every side; because she has been fighting against me, says the Lord.|en
196|4|18|18|你的行動，你的作為，招惹這事；這是你罪惡的結果，實在是苦，是害及你心了！|zh
197|4|18|18|Your ways and your doings have made these things come on you; this is your sin; truly it is bitter, going deep into your heart.|en
198|4|19|19|我的肺腑啊，我的肺腑啊，我心疼痛！我心在我著面煩躁不安。我不能靜默不言，因為我已經聽見角聲和打仗的喊聲。|zh
199|4|19|19|My soul, my soul! I am pained to my inmost heart; my heart is troubled in me; I am not able to be quiet, because the sound of the horn, the note of war, has come to my ears.|en
200|4|20|20|毀壞的信息連絡不絕，因為全地荒廢。我的帳棚忽然毀壞；我的幔子頃刻破裂。|zh
201|4|20|20|News is given of destruction on destruction; all the land is made waste: suddenly my tents, straight away my curtains, are made waste.|en
202|4|21|21|我看見大旗，聽見角聲，要到幾時呢？|zh
203|4|21|21|How long will I go on seeing the flag and hearing the sound of the war-horn?|en
204|4|22|22|耶和華說：我的百性愚頑，不認識我；他們是愚昧無知的兒女，有智慧行惡，沒有知識行善。|zh
205|4|22|22|For my people are foolish, they have no knowledge of me; they are evil-minded children, without sense, all of them: they are wise in evil-doing, but have no knowledge of doing good.|en
206|4|23|23|先知說：我觀看地，不料，地是空虛混沌；我觀看天，天也無光。|zh
207|4|23|23|Looking at the earth, I saw that it was waste and without form; and to the heavens, that they had no light.|en
208|4|24|24|我觀看大山，不料，盡都震動，小山也都搖來搖去。|zh
209|4|24|24|Looking at the mountains, I saw them shaking, and all the hills were moved about.|en
210|4|25|25|我觀看，不料，無人；空中的飛鳥也都躲避。|zh
211|4|25|25|Looking, I saw that there was no man, and all the birds of heaven had gone in flight.|en
212|4|26|26|我觀看，不料，肥田變為荒地；一切城邑在耶和華面前，因他的烈怒都被拆毀。|zh
213|4|26|26|Looking, I saw that the fertile field was a waste, and all its towns were broken down before the Lord and before his burning wrath.|en
214|4|27|27|耶和華如此說：全地必然荒涼，我卻不毀滅淨盡。|zh
215|4|27|27|For this is what the Lord has said: All the land will become a waste; I will make destruction complete.|en
216|4|28|28|因此，地要悲哀，在上的天也必黑暗；因為我言已出，我意已定，必不後悔，也不轉意不做。|zh
217|4|28|28|The earth will be weeping for this, and the heavens on high will be black: because I have said it, and I will not go back from it; it is my purpose, and it will not be changed.|en
218|4|29|29|各城的人因馬兵和弓箭手的響聲就都逃跑，進入密林，爬上磐石；各城被撇下，無人住在其中。|zh
219|4|29|29|All the land is in flight because of the noise of the horsemen and the bowmen; they have taken cover in the woodland and up on the rocks: every town has been given up, not a man is living in them.|en
220|4|30|30|你淒涼的時候要怎樣行呢？你雖穿上朱紅衣服，佩戴黃金裝飾，用顏料修飾眼目，這樣標緻是枉然的！戀愛你的藐視你，並且尋索你的性命。|zh
221|4|30|30|And you, when you are made waste, what will you do? Though you are clothed in red, though you make yourself beautiful with ornaments of gold, though you make your eyes wide with paint, it is for nothing that you make yourself fair; your lovers have no more desire for you, they have designs on your life.|en
222|4|31|31|我聽見有聲音，彷彿婦人產難的聲音，好像生頭胎疼痛的聲音，是錫安女子（就是指民的意思）的聲音；他喘著氣、挓抄手，說：我有禍了！在殺人的跟前，我的心發昏了。|zh
223|4|31|31|A voice has come to my ears like the voice of a woman in birth-pains, the pain of one giving birth to her first child, the voice of the daughter of Zion, fighting for breath, stretching out her hands, saying, Now sorrow is mine! for my strength is gone from me before the takers of life.|en
224|5|1|1|你們當在耶路撒冷的街上跑來跑去，在寬闊處尋找，看看有一人行公義求誠實沒有？若有，我就赦免這城。|zh
225|5|1|1|Go quickly through the streets of Jerusalem, and see now, and get knowledge, and make a search in her wide places if there is a man, if there is one in her who is upright, who keeps faith; and she will have my forgiveness.|en
226|5|2|2|其中的人雖然指著永生的耶和華起誓，所起的誓實在是假的。|zh
227|5|2|2|And though they say, By the living Lord; truly their oaths are false.|en
228|5|3|3|耶和華啊，你的眼目不是看顧誠實麼？你擊打他們，他們卻不傷慟；你毀滅他們，他們仍不受懲治。他們使臉剛硬過於磐石，不肯回頭。|zh
229|5|3|3|O Lord, do not your eyes see good faith? you have given them punishment, but they were not troubled; you have sent destruction on them, but they did not take your teaching to heart: they have made their faces harder than a rock; they would not come back.|en
230|5|4|4|我說：這些人實在是貧窮的，是愚昧的，因為不曉得耶和華的作為和他們神的法則。|zh
231|5|4|4|Then I said, But these are the poor: they are foolish, for they have no knowledge of the way of the Lord or of the behaviour desired by their God.|en
232|5|5|5|我要去見尊大的人，對他們說話，因為他們曉得耶和華的作為和他們神的法則。哪知，這些人齊心將軛折斷，掙開繩索。|zh
233|5|5|5|I will go to the great men and have talk with them; for they have knowledge of the way of the Lord and of the behaviour desired by their God. But as for these, their one purpose is a broken yoke and burst bands.|en
234|5|6|6|因此，林中的獅子必害死他們；晚上（或譯：野地）的豺狼必滅絕他們；豹子要在城外窺伺他們。凡出城的必被撕碎；因為他們的罪過極多，背道的事也加增了。|zh
235|5|6|6|And so a lion from the woods will put them to death, a wolf of the waste land will make them waste, a leopard will keep watch on their towns, and everyone who goes out from them will be food for the beasts; because of the great number of their sins and the increase of their wrongdoing.|en
236|5|7|7|我怎能赦免你呢？你的兒女離棄我，又指著那不是神的起誓。我使他們飽足，他們就行姦淫，成群地聚集在娼妓家裡。|zh
237|5|7|7|How is it possible for you to have my forgiveness for this? your children have given me up, taking their oaths by those who are no gods: when I had given them food in full measure, they were false to their wives, taking their pleasure in the houses of loose women.|en
238|5|8|8|他們像餵飽的馬到處亂跑，各向他鄰舍的妻發嘶聲。|zh
239|5|8|8|They were full of desire, like horses after a meal of grain: everyone went after his neighbour's wife.|en
240|5|9|9|耶和華說：我豈不因這些事討罪呢？豈不報復這樣的國民呢？|zh
241|5|9|9|Am I not to give punishment for these things? says the Lord: will not my soul take payment from such a nation as this?|en
242|5|10|10|你們要上他葡萄園的牆施行毀壞，但不可毀壞淨盡，只可除掉他的枝子，因為不屬耶和華。|zh
243|5|10|10|Go up against her vines and make waste; let the destruction be complete: take away her branches, for they are not the Lord's.|en
244|5|11|11|原來以色列家和猶大家大行詭詐攻擊我。這是耶和華說的。|zh
245|5|11|11|For the people of Israel and the people of Judah have been very false to me, says the Lord.|en
246|5|12|12|他們不認耶和華，說：這並不是他，災禍必不臨到我們；刀劍和饑荒，我們也看不見。|zh
247|5|12|12|They would have nothing to do with the Lord, saying, He will do nothing, and no evil will come to us; we will not see the sword or be short of food:|en
248|5|13|13|先知的話必成為風；道也不在他們裡面。這災必臨到他們身上。|zh
249|5|13|13|And the prophets will become wind, and the word is not in them; so it will be done to them.|en
250|5|14|14|所以耶和華─萬軍之神如此說：因為百姓說這話，我必使我的話在你口中為火，使他們為柴；這火便將他們燒滅。|zh
251|5|14|14|For this reason the Lord, the God of armies, has said: Because you have said this, I will make my words in your mouth a fire, and this people wood, and they will be burned up by it.|en
252|5|15|15|耶和華說：以色列家啊，我必使一國的民從遠方來攻擊你，是強盛的國，是從古而有的國。他們的言語你不曉得，他們的話你不明白。|zh
253|5|15|15|See, I will send you a nation from far away, O people of Israel, says the Lord; a strong nation and an old nation, a nation whose language is strange to you, so that you may not get the sense of their words.|en
254|5|16|16|他們的箭袋是敞開的墳墓；他們都是勇士。|zh
255|5|16|16|Their arrows give certain death, they are all men of war.|en
256|5|17|17|他們必吃盡你的莊稼和你的糧食，是你兒女該吃的；必吃盡你的牛羊，吃盡你的葡萄和無花果；又必用刀毀壞你所倚靠的堅固城。|zh
257|5|17|17|They will take all the produce of your fields, which would have been food for your sons and your daughters: they will take your flocks and your herds: they will take all your vines and your fig-trees: and with the sword they will make waste your walled towns in which you put your faith.|en
258|5|18|18|耶和華說：就是到那時，我也不將你們毀滅淨盡。|zh
259|5|18|18|But even in those days, says the Lord, I will not let your destruction be complete.|en
260|5|19|19|百姓若說：耶和華─我們的神為甚麼向我們行這一切事呢？你就對他們說：你們怎樣離棄耶和華（原文是我），在你們的地上事奉外邦　神，也必照樣在不屬你們的地上事奉外邦人。|zh
261|5|19|19|And it will come about, when you say, Why has the Lord our God done all these things to us? that you will say to them, As you gave me up, making yourselves servants to strange gods in your land, so will you be servants to strange men in a land which is not yours.|en
262|5|20|20|當傳揚在雅各家，報告在猶大說：|zh
263|5|20|20|Say this openly in Jacob and give it out in Judah, saying,|en
264|5|21|21|愚昧無知的百姓啊，你們有眼不看，有耳不聽，現在當聽這話。|zh
265|5|21|21|Give ear now to this, O foolish people without sense; who have eyes but see nothing, and ears without the power of hearing:|en
266|5|22|22|耶和華說：你們怎麼不懼怕我呢？我以永遠的定例，用沙為海的界限，水不得越過。因此，你們在我面前還不戰兢麼？波浪雖然翻騰，卻不能逾越；雖然匉訇，卻不能過去。|zh
267|5|22|22|Have you no fear of me? says the Lord; will you not be shaking with fear before me, who have put the sand as a limit for the sea, by an eternal order, so that it may not go past it? and though it is ever in motion, it is not able to have its way; though the sound of its waves is loud, they are not able to go past it.|en
268|5|23|23|但這百姓有背叛忤逆的心；他們叛我而去，|zh
269|5|23|23|But the heart of this people is uncontrolled and turned away from me; they are broken loose and gone.|en
270|5|24|24|心內也不說：我們應當敬畏耶和華─我們的神；他按時賜雨，就是秋雨春雨，又為我們定收割的節令，永存不廢。|zh
271|5|24|24|And they do not say in their hearts, Now let us give worship to our God, who gives the rain, the winter and the spring rain, at the right time; who keeps for us the ordered weeks of the grain-cutting.|en
272|5|25|25|你們的罪孽使這些事轉離你們；你們的罪惡使你們不能得福。|zh
273|5|25|25|Through your evil-doing these things have been turned away, and your sins have kept back good from you.|en
274|5|26|26|因為在我民中有惡人。他們埋伏窺探，好像捕鳥的人；他們設立圈套陷害人。|zh
275|5|26|26|For there are sinners among my people: they keep watch, like men watching for birds; they put a net and take men in it.|en
276|5|27|27|籠內怎樣滿了雀鳥，他們的房中也照樣充滿詭詐；所以他們得成為大，而且富足。|zh
277|5|27|27|As the fowl-house is full of birds, so are their houses full of deceit: for this reason they have become great and have got wealth.|en
278|5|28|28|他們肥胖光潤，作惡過甚，不為人伸冤！就是不為孤兒伸冤，不使他亨通，也不為窮人辨屈。|zh
279|5|28|28|They have become fat and strong: they have gone far in works of evil: they give no support to the cause of the child without a father, so that they may do well; they do not see that the poor man gets his rights.|en
280|5|29|29|耶和華說：我豈不因這些事討罪呢？豈不報復這樣的國民呢？|zh
281|5|29|29|Am I not to give punishment for these things? says the Lord: will not my soul take payment from such a nation as this?|en
282|5|30|30|國中有可驚駭、可憎惡的事：|zh
283|5|30|30|A thing of wonder and fear has come about in the land;|en
284|5|31|31|就是先知說假預言，祭司藉他們把持權柄；我的百姓也喜愛這些事，到了結局你們怎樣行呢？|zh
285|5|31|31|The prophets give false words and the priests give decisions by their direction; and my people are glad to have it so: and what will you do in the end?|en
286|6|1|1|便雅憫人哪，你們要逃出耶路撒冷，在提哥亞吹角，在伯哈基琳立號旗；因為有災禍與大毀滅從北方張望。|zh
287|6|1|1|Go in flight out of Jerusalem, so that you may be safe, you children of Benjamin, and let the horn be sounded in Tekoa, and the flag be lifted up on Beth-haccherem: for evil is looking out from the north, and a great destruction.|en
288|6|2|2|那秀美嬌嫩的錫安女子（就是指民的意思），我必剪除。|zh
289|6|2|2|The fair and delicate one, the daughter of Zion, will be cut off by my hand.|en
290|6|3|3|牧人必引他們的羊群到他那著，在他周圍支搭帳棚，各在自己所佔之地使羊吃草。|zh
291|6|3|3|Keepers of sheep with their flocks will come to her; they will put up their tents round her; everyone will get food in his place.|en
292|6|4|4|你們要準備攻擊他。起來罷，我們可以趁午時上去。哀哉！日已漸斜，晚影拖長了。|zh
293|6|4|4|Make war ready against her; up! let us go up when the sun is high. Sorrow is ours! for the day is turned and the shades of evening are stretched out.|en
294|6|5|5|起來罷，我們夜間上去，毀壞他的宮殿。|zh
295|6|5|5|Up! let us go up by night, and send destruction on her great houses.|en
296|6|6|6|因為萬軍之耶和華如此說：你們要砍伐樹木，築壘攻打耶路撒冷。這就是那該罰的城，其中盡是欺壓。|zh
297|6|6|6|For this is what the Lord of armies has said: Let trees be cut down and an earthwork be placed against Jerusalem: sorrow on the false town! inside her there is nothing but cruel ways.|en
298|6|7|7|井怎樣湧出水來，這城也照樣湧出惡來；在其間常聽見有強暴毀滅的事，病患損傷也常在我面前。|zh
299|6|7|7|As the spring keeps its waters cold, so she keeps her evil in her: the sound of cruel and violent behaviour is in her; before me at all times are disease and wounds.|en
300|6|8|8|耶路撒冷啊，你當受教，免得我心與你生疏，免得我使你荒涼，成為無人居住之地。|zh
301|6|8|8|Undergo teaching, O Jerusalem, or my soul will be turned away from you, and I will make you a waste, an unpeopled land.|en
302|6|9|9|萬軍之耶和華曾如此說：敵人必擄盡以色列剩下的民，如同摘淨葡萄一樣。你要像摘葡萄的人摘了又摘，回手放在筐子裡。|zh
303|6|9|9|This is what the Lord of armies has said: Everything will be taken from the rest of Israel as the last grapes are taken from the vine; let your hand be turned to the small branches, like one pulling off grapes.|en
304|6|10|10|現在我可以向誰說話作見證，使他們聽呢？他們的耳朵未受割禮，不能聽見。看哪，耶和華的話他們以為羞辱，不以為喜悅。|zh
305|6|10|10|To whom am I to give word, witnessing so that they may take note? see, their ears are stopped, and they are not able to give attention: see, the word of the Lord has been a cause of shame to them, they have no delight in it.|en
306|6|11|11|因此我被耶和華的忿怒充滿，難以含忍。我要傾在街中的孩童和聚會的少年人身上，連夫帶妻，並年老的與日子滿足的都必被擒拿。|zh
307|6|11|11|For this reason I am full of the wrath of the Lord, I am tired of keeping it in: may it be let loose on the children in the street, and on the band of the young men together: for even the husband with his wife will be taken, the old man with him who is full of days.|en
308|6|12|12|他們的房屋、田地，和妻子都必轉歸別人；我要伸手攻擊這地的居民。這是耶和華說的。|zh
309|6|12|12|And their houses will be handed over to others, their fields and their wives together: for my hand will be stretched out against the people of the land, says the Lord.|en
310|6|13|13|因為他們從最小的到至大的都一味地貪婪，從先知到祭司都行事虛謊。|zh
311|6|13|13|For from the least of them even to the greatest, everyone is given up to getting money; from the prophet even to the priest, everyone is working deceit.|en
312|6|14|14|他們輕輕忽忽地醫治我百姓的損傷，說：平安了！平安了！其實沒有平安。|zh
313|6|14|14|And they have made little of the wounds of my people, saying, Peace, peace; when there is no peace.|en
314|6|15|15|他們行可憎的事知道慚愧麼？不然，他們毫不慚愧，也不知羞恥。因此，他們必在仆倒的人中仆倒；我向他們討罪的時候，他們必致跌倒。這是耶和華說的。|zh
315|6|15|15|Let them be put to shame because they have done disgusting things. They had no shame, they were not able to become red with shame: so they will come down with those who are falling: when my punishment comes on them, they will be made low, says the Lord.|en
316|6|16|16|耶和華如此說：你們當站在路上察看，訪問古道，哪是善道，便行在其間；這樣，你們心裡必得安息。他們卻說：我們不行在其間。|zh
317|6|16|16|This is what the Lord has said: Take your place looking out on the ways; make search for the old roads, saying, Where is the good way? and go in it that you may have rest for your souls. But they said, We will not go in it.|en
318|6|17|17|我設立守望的人照管你們，說：要聽角聲。他們卻說：我們不聽。|zh
319|6|17|17|And I put watchmen over you, saying, Give attention to the sound of the horn; but they said, We will not give attention.|en
320|6|18|18|列國啊，因此你們當聽！會眾啊，要知道他們必遭遇的事。|zh
321|6|18|18|So then, give ear, you nations, and ...|en
322|6|19|19|地啊，當聽！我必使災禍臨到這百姓，就是他們意念所結的果子；因為他們不聽從我的言語，至於我的訓誨（或譯：律法），他們也厭棄了。|zh
323|6|19|19|Give ear, O earth: see, I will make evil come on this people, even the fruit of their thoughts, because they have not given attention to my words, and they would have nothing to do with my law.|en
324|6|20|20|從示巴出的乳香，從遠方出的菖蒲（或譯：甘蔗）奉來給我有何益呢？你們的燔祭不蒙悅納；你們的平安祭，我也不喜悅。|zh
325|6|20|20|To what purpose does sweet perfume come to me from Sheba, and spices from a far country? your burned offerings give me no pleasure, your offerings of beasts are not pleasing to me.|en
326|6|21|21|所以耶和華如此說：我要將絆腳石放在這百姓前面。父親和兒子要一同跌在其上；鄰舍與朋友也都滅亡。|zh
327|6|21|21|For this reason the Lord has said, See, I will put stones in the way of this people: and the fathers and the sons together will go falling over them; the neighbour and his friend will come to destruction.|en
328|6|22|22|耶和華如此說：看哪，有一種民從北方而來，並有一大國被激動，從地極來到。|zh
329|6|22|22|The Lord has said, See, a people is coming from the north country, a great nation will be put in motion from the inmost parts of the earth.|en
330|6|23|23|他們拿弓和槍，性情殘忍，不施憐憫；他們的聲音像海浪匉訇。錫安城（原文是女子）啊，他們騎馬都擺隊伍，如上戰場的人要攻擊你。|zh
331|6|23|23|Bows and spears are in their hands; they are cruel and have no mercy; their voice is like the thunder of the sea, and they go on horses; everyone in his place like men going to the fight, against you, O daughter of Zion.|en
332|6|24|24|我們聽見他們的風聲，手就發軟；痛苦將我們抓住，疼痛彷彿產難的婦人。|zh
333|6|24|24|The news of it has come to our ears; our hands have become feeble: trouble has come on us and pain, like the pain of a woman in childbirth.|en
334|6|25|25|你們不要往田野去，也不要行在路上，因四圍有仇敵的刀劍和驚嚇。|zh
335|6|25|25|Go not out into the field or by the way; for there is the sword of the attacker, and fear on every side.|en
336|6|26|26|我民（原文是民女）哪，應當腰束麻布，滾在灰中。你要悲傷，如喪獨生子痛痛哭號，因為滅命的要忽然臨到我們。|zh
337|6|26|26|O daughter of my people, put on haircloth, rolling yourself in the dust: give yourself to sorrow, as for an only son, with most bitter cries of grief; for he who makes waste will come on us suddenly.|en
338|6|27|27|我使你在我民中為高臺（或譯：試驗人的），為保障，使你知道試驗他們的行動。|zh
339|6|27|27|I have made you a tester among my people, so that you may have knowledge of their way and put it to the test.|en
340|6|28|28|他們都是極悖逆的，往來讒謗人。他們是銅是鐵，都行壞事。|zh
341|6|28|28|All of them are turned away, going about with false stories; they are brass and iron: they are all workers of deceit.|en
342|6|29|29|風箱吹火，鉛被燒燬；他們煉而又煉，終是徒然；因為惡劣的還未除掉。|zh
343|6|29|29|The blower is blowing strongly, the lead is burned away in the fire: they go on heating the metal to no purpose, for the evil-doers are not taken away.|en
344|6|30|30|人必稱他們為被棄的銀渣，因為耶和華已經棄掉他們。|zh
345|6|30|30|They will be named waste silver, because the Lord has given them up.|en
346|7|1|1|耶和華的話臨到耶利米說：|zh
347|7|1|1|The word which came to Jeremiah from the Lord, saying,|en
348|7|2|2|你當站在耶和華殿的門口，在那著宣傳這話說：你們進這些門敬拜耶和華的一切猶大人，當聽耶和華的話。|zh
349|7|2|2|Take your place in the doorway of the Lord's house, and give out this word there, and say, Give ear to the word of the Lord, all you of Judah who come inside these doors to give worship to the Lord.|en
350|7|3|3|萬軍之耶和華─以色列的神如此說：你們改正行動作為，我就使你們在這地方仍然居住。|zh
351|7|3|3|The Lord of armies, the God of Israel, says, Let your ways and your doings be changed for the better and I will let you go on living in this place.|en
352|7|4|4|你們不要倚靠虛謊的話，說：這些是耶和華的殿，是耶和華的殿，是耶和華的殿！|zh
353|7|4|4|Put no faith in false words, saying, The Temple of the Lord, the Temple of the Lord, the Temple of the Lord, are these.|en
354|7|5|5|你們若實在改正行動作為，在人和鄰舍中間誠然施行公平，|zh
355|7|5|5|For if your ways and your doings are truly changed for the better; if you truly give right decisions between a man and his neighbour;|en
356|7|6|6|不欺壓寄居的和孤兒寡婦；在這地方不流無辜人的血，也不隨從別神陷害自己；|zh
357|7|6|6|If you are not cruel to the man from a strange country, and to the child without a father, and to the widow, and do not put the upright to death in this place, or go after other gods, causing damage to yourselves:|en
358|7|7|7|我就使你們在這地方仍然居住，就是我古時所賜給你們列祖的地，直到永遠。|zh
359|7|7|7|Then I will let you go on living in this place, in the land which I gave to your fathers in the past and for ever.|en
360|7|8|8|看哪，你們倚靠虛謊無益的話。|zh
361|7|8|8|See, you put your faith in false words which are of no profit.|en
362|7|9|9|你們偷盜，殺害，姦淫，起假誓，向巴力燒香，並隨從素不認識的別神，|zh
363|7|9|9|Will you take the goods of others, put men to death, and be untrue to your wives, and take false oaths, and have perfumes burned to the Baal, and go after other gods which are strange to you;|en
364|7|10|10|且來到這稱為我名下的殿，在我面前敬拜；又說：我們可以自由了。你們這樣的舉動是要行那些可憎的事麼？|zh
365|7|10|10|And come and take your place before me in this house, which is named by my name, and say, We have been made safe; so that you may do all these disgusting things?|en
366|7|11|11|這稱為我名下的殿在你們眼中豈可看為賊窩麼？我都看見了。這是耶和華說的。|zh
367|7|11|11|Has this house, which is named by my name, become a hole of thieves to you? Truly I, even I, have seen it, says the Lord.|en
368|7|12|12|你們且往示羅去，就是我先前立為我名的居所，察看我因這百姓以色列的罪惡向那地所行的如何。|zh
369|7|12|12|But go now to my place which was in Shiloh, where I put my name at first, and see what I did to it because of the evil-doing of my people Israel.|en
370|7|13|13|耶和華說：現在因你們行了這一切的事，我也從早起來警戒你們，你們卻不聽從；呼喚你們，你們卻不答應。|zh
371|7|13|13|And now, because you have done all these works, says the Lord, and I sent my word to you, getting up early and sending, but you did not give ear; and my voice came to you, but you gave no answer:|en
372|7|14|14|所以我要向這稱我為名下、你們所倚靠的殿，與我所賜給你們和你們列祖的地施行，照我從前向示羅所行的一樣。|zh
373|7|14|14|For this reason I will do to the house which is named by my name, and in which you have put your faith, and to the place which I gave to you and to your fathers, as I have done to Shiloh.|en
374|7|15|15|我必將你們從我眼前趕出，正如趕出你們的眾弟兄，就是以法蓮的一切後裔。|zh
375|7|15|15|And I will send you away from before my face, as I have sent away all your brothers, even all the seed of Ephraim.|en
376|7|16|16|所以，你不要為這百姓祈禱；不要為他們呼求禱告，也不要向我為他們祈求，因我不聽允你。|zh
377|7|16|16|And as for you (Jeremiah), make no prayers for this people, send up no cry or prayer for them, make no request for them to me: for I will not give ear.|en
378|7|17|17|他們在猶大城邑中和耶路撒冷街上所行的，你沒有看見麼？|zh
379|7|17|17|Do you not see what they are doing in the towns of Judah and in the streets of Jerusalem?|en
380|7|18|18|孩子撿柴，父親燒火，婦女摶麵做餅，獻給天后，又向別神澆奠祭，惹我發怒。|zh
381|7|18|18|The children go for wood, the fathers get the fire burning, the women are working the paste to make cakes for the queen of heaven, and drink offerings are drained out to other gods, moving me to wrath.|en
382|7|19|19|耶和華說：他們豈是惹我發怒呢？不是自己惹禍，以致臉上慚愧麼？|zh
383|7|19|19|Are they moving me to wrath? says the Lord; are they not moving themselves to their shame?|en
384|7|20|20|所以主耶和華如此說：看哪，我必將我的怒氣和忿怒傾在這地方的人和牲畜身上，並田野的樹木和地著的出產上，必如火著起，不能熄滅。|zh
385|7|20|20|So this is what the Lord God has said: See, my wrath and my passion will be let loose on this place, on man and beast, and on the trees of the field, and on the produce of the earth; it will be burning and will not be put out.|en
386|7|21|21|萬軍之耶和華─以色列的神如此說：你們將燔祭加在平安祭上，吃肉罷！|zh
387|7|21|21|These are the words of the Lord of armies, the God of Israel: Put your burned offerings with your offerings of beasts, and take flesh for your food.|en
388|7|22|22|因為我將你們列祖從埃及地領出來的那日，燔祭平安祭的事我並沒有提說，也沒有吩咐他們。|zh
389|7|22|22|For I said nothing to your fathers, and gave them no orders, on the day when I took them out of Egypt, about burned offerings or offerings of beasts:|en
390|7|23|23|我只吩咐他們這一件說：你們當聽從我的話，我就作你們的神，你們也作我的子民。你們行我所吩咐的一切道，就可以得福。|zh
391|7|23|23|But this was the order I gave them, saying, Give ear to my voice, and I will be your God, and you will be my people: go in all the way ordered by me, so that all may be well for you.|en
392|7|24|24|他們卻不聽從，不側耳而聽，竟隨從自己的計謀和頑梗的惡心，向後不向前。|zh
393|7|24|24|But they took no note and did not give ear, but were guided by the thoughts and the pride of their evil hearts, going back and not forward.|en
394|7|25|25|自從你們列祖出埃及地的那日，直到今日，我差遣我的僕人眾先知到你們那裡去，每日從早起來差遣他們。|zh
395|7|25|25|From the day when your fathers came out of Egypt till this day, I have sent my servants the prophets to you, getting up early every day and sending them:|en
396|7|26|26|你們卻不聽從，不側耳而聽，竟硬著頸項行惡，比你們列祖更甚。|zh
397|7|26|26|But still they took no note and would not give ear, but they made their necks stiff, doing worse than their fathers.|en
398|7|27|27|你要將這一切的話告訴他們，他們卻不聽從；呼喚他們，他們卻不答應。|zh
399|7|27|27|And you are to say all these words to them, but they will not give ear to you: you will send out your voice to them, but they will give no answer.|en
400|7|28|28|你要對他們說：這就是不聽從耶和華─他們神的話、不受教訓的國民；從他們的口中，誠實滅絕了。|zh
401|7|28|28|And you are to say to them, This is the nation which has not given ear to the voice of their God, or taken his teaching to heart: good faith is dead and is cut off from their mouths.|en
402|7|29|29|耶路撒冷啊，要剪髮拋棄，在淨光的高處舉哀；因為耶和華丟掉離棄了惹他忿怒的世代。|zh
403|7|29|29|Let your hair be cut off, O Jerusalem, and let it go, and let a song of grief go up on the open hilltops; for the Lord is turned away from the generation of his wrath and has given them up.|en
404|7|30|30|耶和華說：猶大人行我眼中看為惡的事，將可憎之物設立在稱為我名下的殿中，污穢這殿。|zh
405|7|30|30|For the children of Judah have done what is evil in my eyes, says the Lord: they have put their disgusting images in the house which is named by my name, making it unclean.|en
406|7|31|31|他們在欣嫩子谷建築陀斐特的邱壇，好在火中焚燒自己的兒女。這並不是我所吩咐的，也不是我心所起的意。|zh
407|7|31|31|And they have put up the high place of Topheth in the valley of the son of Hinnom, burning their sons and their daughters there in the fire; a thing which was not ordered by me and never came into my mind.|en
408|7|32|32|耶和華說：因此，日子將到，這地方不再稱為陀斐特和欣嫩子谷，反倒稱為殺戮谷。因為要在陀斐特葬埋屍首，甚至無處可葬；|zh
409|7|32|32|For this cause, the days are coming, says the Lord, when it will no longer be named Topheth, or, The valley of the son of Hinnom, but, The valley of Death: for they will put the dead into the earth in Topheth till there is no more room.|en
410|7|33|33|並且這百姓的屍首必給空中的飛鳥和地上的野獸作食物，並無人鬨趕。|zh
411|7|33|33|And the bodies of this people will be food for the birds of heaven and for the beasts of the earth; and there will be no one to send them away.|en
412|7|34|34|那時，我必使猶大城邑中和耶路撒冷街上，歡喜和快樂的聲音，新郎和新婦的聲音，都止息了，因為地必成為荒場。|zh
413|7|34|34|And in the towns of Judah and in the streets of Jerusalem, I will put an end to the laughing voices, the voice of joy and the voice of the newly-married man and the voice of the bride: for the land will become a waste.|en
414|8|1|1|耶和華說：到那時，人必將猶大王的骸骨和他首領的骸骨、祭司的骸骨、先知的骸骨，並耶路撒冷居民的骸骨，都從墳墓中取出來，|zh
415|8|1|1|At that time, says the Lord, they will take the bones of the kings of Judah, and the bones of his rulers, and the bones of the priests, and the bones of the prophets, and the bones of the people of Jerusalem out of their resting-places:|en
416|8|2|2|拋散在日頭、月亮，和天上眾星之下，就是他們從前所喜愛、所事奉、所隨從、所求問、所敬拜的。這些骸骨不再收殮，不再葬埋，必在地面上成為糞土；|zh
417|8|2|2|And they will put them out before the sun and the moon and all the stars of heaven, whose lovers and servants they have been, after whom they have gone, to whom they have made prayers, and to whom they have given worship: they will not be put together or placed in the earth; they will be waste on the face of the earth.|en
418|8|3|3|並且這惡族所剩下的民在我所趕他們到的各處，寧可揀死不揀生。這是萬軍之耶和華說的。|zh
419|8|3|3|And death will be desired more than life by the rest of this evil family who are still living in all the places where I have sent them away, says the Lord of armies.|en
420|8|4|4|你要對他們說，耶和華如此說：人跌倒，不再起來麼？人轉去，不再轉來麼？|zh
421|8|4|4|Further, you are to say to them, This is what the Lord has said: Will those who are falling not be lifted up again? will he who has gone away not come back?|en
422|8|5|5|這耶路撒冷的民，為何恆久背道呢？他們守定詭詐，不肯回頭。|zh
423|8|5|5|Why do these people of Jerusalem go back, for ever turning away? they will not give up their deceit, they will not come back.|en
424|8|6|6|我留心聽，聽見他們說不正直的話。無人悔改惡行，說：我做的是甚麼呢？他們各人轉奔己路，如馬直闖戰場。|zh
425|8|6|6|I took note and gave ear, but no one said what is right: no man had regret for his evil-doing, saying, What have I done? everyone goes off on his way like a horse rushing to the fight.|en
426|8|7|7|空中的鸛鳥知道來去的定期；斑鳩燕子與白鶴也守候當來的時令；我的百姓卻不知道耶和華的法則。|zh
427|8|7|7|Truly, the stork in the heavens is conscious of her fixed times; the dove and the swallow and the crane keep to the times of their coming; but my people have no knowledge of the law of the Lord.|en
428|8|8|8|你們怎麼說：我們有智慧，耶和華的律法在我們這裡？看哪，文士的假筆舞弄虛假。|zh
429|8|8|8|How is it that you say, We are wise and the law of the Lord is with us? But see, the false pen of the scribes has made it false.|en
430|8|9|9|智慧人慚愧，驚惶，被擒拿；他們棄掉耶和華的話，心裡還有甚麼智慧呢？|zh
431|8|9|9|The wise men are shamed, they are overcome with fear and taken: see, they have given up the word of the Lord; and what use is their wisdom to them?|en
432|8|10|10|所以我必將他們的妻子給別人，將他們的田地給別人為業；因為他們從最小的到至大的都一味地貪婪，從先知到祭司都行事虛謊。|zh
433|8|10|10|So I will give their wives to others, and their fields to those who will take them for themselves: for everyone, from the least to the greatest, is given up to getting money; from the priest even to the prophet, everyone is false.|en
434|8|11|11|他們輕輕忽忽地醫治我百姓的損傷，說：平安了！平安了！其實沒有平安。|zh
435|8|11|11|And they have made little of the wounds of the daughter of Zion, saying, Peace, peace; when there is no peace.|en
436|8|12|12|他們行可憎的事知道慚愧麼？不然，他們毫不慚愧，也不知羞恥。因此他們必在仆倒的人中仆倒；我向他們討罪的時候，他們必致跌倒。這是耶和華說的。|zh
437|8|12|12|Let them be put to shame because they have done disgusting things. They had no shame, they were not able to become red with shame: so they will come down with those who are falling: in the time of their punishment they will be made low, says the Lord.|en
438|8|13|13|耶和華說：我必使他們全然滅絕；葡萄樹上必沒有葡萄，無花果樹上必沒有果子，葉子也必枯乾。我所賜給他們的，必離開他們過去。|zh
439|8|13|13|I will put an end to them completely, says the Lord: there are no grapes on the vine and no figs on the fig-tree, and the leaf is dry.|en
440|8|14|14|我們為何靜坐不動呢？我們當聚集，進入堅固城，在那裡靜默不言；因為耶和華─我們的神使我們靜默不言，又將苦膽水給我們喝，都因我們得罪了耶和華。|zh
441|8|14|14|Why are we seated doing nothing? come together, and let us go to the walled towns, and let destruction overtake us there, for the Lord our God has sent destruction on us, and given us bitter water for our drink, because we have done evil against the Lord.|en
442|8|15|15|我們指望平安，卻得不著好處；指望痊愈的時候，不料，受了驚惶。|zh
443|8|15|15|We were looking for peace, but no good came; and for a time of well-being, but there is only a great fear.|en
444|8|16|16|聽見從但那裡敵人的馬噴鼻氣，他的壯馬發嘶聲，全地就都震動；因為他們來吞滅這地和其上所有的，吞滅這城與其中的居民。|zh
445|8|16|16|The loud breathing of the horses comes to our ears from Dan: at the sound of the outcry of his war-horses, all the land is shaking with fear; for they have come, and have made a meal of the land and everything in it; the town and the people living in it.|en
446|8|17|17|看哪，我必使毒蛇到你們中間，是不服法術的，必咬你們。這是耶和華說的。|zh
447|8|17|17|See, I will send snakes and poison-snakes among you, against which the wonder-worker has no power; and they will give you wounds which may not be made well, says the Lord.|en
448|8|18|18|我有憂愁，願能自慰；我心在我裡面發昏。|zh
449|8|18|18|Sorrow has come on me! my heart in me is feeble.|en
450|8|19|19|聽啊，是我百姓的哀聲從極遠之地而來，說：耶和華不在錫安麼？錫安的王不在其中麼？耶和華說：他們為甚麼以雕刻的偶像和外邦虛無的神惹我發怒呢？|zh
451|8|19|19|The voice of the cry of the daughter of my people comes from a far land: Is the Lord not in Zion? is not her King in her? Why have they made me angry with their images and their strange gods which are no gods?|en
452|8|20|20|麥秋已過，夏令已完，我們還未得救！|zh
453|8|20|20|The grain-cutting is past, the summer is ended, and no salvation has come to us.|en
454|8|21|21|先知說：因我百姓的損傷，我也受了損傷。我哀痛，驚惶將我抓住。|zh
455|8|21|21|For the destruction of the daughter of my people I am broken: I am dressed in the clothing of grief; fear has taken me in its grip.|en
456|8|22|22|在基列豈沒有乳香呢？在那著豈沒有醫生呢？我百姓為何不得痊愈呢？|zh
457|8|22|22|Is there no life-giving oil in Gilead? is there no expert in medical arts? why then have my people not been made well?|en
458|9|1|1|但願我的頭為水，我的眼為淚的泉源，我好為我百姓（原文是民女；七節同）中被殺的人晝夜哭泣。|zh
459|9|1|1|If only my head was a stream of waters and my eyes fountains of weeping, so that I might go on weeping day and night for the dead of the daughter of my people!|en
460|9|2|2|惟願我在曠野有行路人住宿之處，使我可以離開我的民出去；因他們都是行姦淫的，是行詭詐的一黨。|zh
461|9|2|2|If only I had in the waste land a night's resting-place for travellers, so that I might go away, far from my people! for they are all untrue, a band of false men.|en
462|9|3|3|他們彎起舌頭像弓一樣，為要說謊話。他們在國中增長勢力，不是為行誠實，乃是惡上加惡，並不認識我。這是耶和華說的。|zh
463|9|3|3|Their tongues are bent like a bow to send out false words: they have become strong in the land, but not for good faith: they go on from evil to evil, and they have no knowledge of me, says the Lord.|en
464|9|4|4|你們各人當謹防鄰舍，不可信靠弟兄；因為弟兄盡行欺騙，鄰舍都往來讒謗人。|zh
465|9|4|4|Let everyone keep watch on his neighbour, and put no faith in any brother: for every brother will certainly be tricking his brother, and every neighbour will go about saying evil.|en
466|9|5|5|他們各人欺哄鄰舍，不說真話；他們教舌頭學習說謊，勞勞碌碌地作孽。|zh
467|9|5|5|Everyone will make sport of his neighbour with deceit, not saying what is true: their tongues have been trained to say false words; they are twisted, hating to come back.|en
468|9|6|6|你的住處在詭詐的人中；他們因行詭詐，不肯認識我。這是耶和華說的。|zh
469|9|6|6|There is wrong on wrong, deceit on deceit; they have given up the knowledge of me, says the Lord.|en
470|9|7|7|所以萬軍之耶和華如此說：看哪，我要將他們融化熬煉；不然，我因我百姓的罪該怎樣行呢？|zh
471|9|7|7|So the Lord of armies has said, See, I will make them soft in the fire and put them to the test; this I will do because of their evil-doing.|en
472|9|8|8|他們的舌頭是毒箭，說話詭詐；人與鄰舍口說和平話，心卻謀害他。|zh
473|9|8|8|His tongue is an arrow causing death; the words of his mouth are deceit: he says words of peace to his neighbour, but in his heart he is waiting secretly for him.|en
474|9|9|9|耶和華說：我豈不因這些事討他們的罪呢？豈不報復這樣的國民呢？|zh
475|9|9|9|Am I not to send punishment for these things? says the Lord: will not my soul take payment from such a nation as this?|en
476|9|10|10|我要為山嶺哭泣悲哀，為曠野的草場揚聲哀號；因為都已乾焦，甚至無人經過。人也聽不見牲畜鳴叫，空中的飛鳥和地上的野獸都已逃去。|zh
477|9|10|10|Give yourselves to weeping, crying out in sorrow for the mountains; and for the fields of the waste land send up a song of grief, because they are burned up, so that no one goes through; there is no sound of cattle; the bird of the heavens and the beast are in flight and are gone.|en
478|9|11|11|我必使耶路撒冷變為亂堆，為野狗的住處，也必使猶大的城邑變為荒場，無人居住。|zh
479|9|11|11|And I will make Jerusalem a mass of broken stones, the living-place of jackals; and I will make the towns of Judah a waste, with no man living there.|en
480|9|12|12|誰是智慧人，可以明白這事？耶和華的口向誰說過，使他可以傳說？遍地為何滅亡，乾焦好像曠野，甚至無人經過呢？|zh
481|9|12|12|Who is the wise man able to see this? who is he to whom the word of the Lord has come, so that he may make it clear? why is the land given to destruction and burned up like a waste place, so that no one goes through?|en
482|9|13|13|耶和華說：因為這百姓離棄我，在他們面前所設立的律法沒有遵行，也沒有聽從我的話；|zh
483|9|13|13|And the Lord said, Because they have given up my law which I put before them, giving no attention to my voice and not being guided by it;|en
484|9|14|14|只隨從自己頑梗的心行事，照他們列祖所教訓的隨從眾巴力。|zh
485|9|14|14|But they have been walking in the pride of their hearts, going after the Baals, as their fathers gave them teaching.|en
486|9|15|15|所以萬軍之耶和華─以色列的神如此說：看哪，我必將茵蔯給這百姓吃，又將苦膽水給他們喝。|zh
487|9|15|15|So the Lord of armies, the God of Israel, has said, I will give them, even this people, bitter plants for food and bitter water for drink.|en
488|9|16|16|我要把他們散在列邦中，就是他們和他們列祖素不認識的列邦。我也要使刀劍追殺他們，直到將他們滅盡。|zh
489|9|16|16|And I will send them wandering among the nations, among people strange to them and to their fathers: and I will send the sword after them till I have put an end to them.|en
490|9|17|17|萬軍之耶和華如此說：你們應當思想，將善唱哀歌的婦女召來，又打發人召善哭的婦女來，|zh
491|9|17|17|This is what the Lord of armies has said: Take thought and send for the weeping women, so that they may come; and send for the wise women, so that they may come:|en
492|9|18|18|叫他們速速為我們舉哀，使我們眼淚汪汪，使我們的眼皮湧出水來。|zh
493|9|18|18|Let them quickly make cries of sorrow for us, so that drops may be flowing from our eyes till they are streaming with water.|en
494|9|19|19|因為聽見哀聲出於錫安，說：我們怎樣敗落了！我們大大地慚愧！我們撇下地土；人也拆毀了我們的房屋。|zh
495|9|19|19|For a sound of weeping goes up from Zion, a cry, How has destruction come on us? we are overcome with shame because we have gone away from our land; he has sent us out from our house.|en
496|9|20|20|婦女們哪，你們當聽耶和華的話，領受他口中的言語；又當教導你們的兒女舉哀，各人教導鄰舍唱哀歌。|zh
497|9|20|20|But even now, give ear to the word of the Lord, O you women; let your ears be open to the word of his mouth, training your daughters to give cries of sorrow, everyone teaching her neighbour a song of grief.|en
498|9|21|21|因為死亡上來，進了我們的窗戶，入了我們的宮殿；要從外邊剪除孩童，從街上剪除少年人。|zh
499|9|21|21|For death has come up into our windows, forcing its way into our great houses; cutting off the children in the streets and the young men in the wide places.|en
500|9|22|22|你當說，耶和華如此說：人的屍首必倒在田野像糞土，又像收割的人遺落的一把禾稼，無人收取。|zh
501|9|22|22|The bodies of men will be falling like waste on the open fields, and like grain dropped by the grain-cutter, and no one will take them up.|en
502|9|23|23|耶和華如此說：智慧人不要因他的智慧誇口，勇士不要因他的勇力誇口，財主不要因他的財物誇口。|zh
503|9|23|23|This is the word of the Lord: Let not the wise man take pride in his wisdom, or the strong man in his strength, or the man of wealth in his wealth:|en
504|9|24|24|誇口的卻因他有聰明，認識我是耶和華，又知道我喜悅在世上施行慈愛、公平，和公義，以此誇口。這是耶和華說的。|zh
505|9|24|24|But if any man has pride, let it be in this, that he has the wisdom to have knowledge of me, that I am the Lord, working mercy, giving true decisions, and doing righteousness in the earth: for in these things I have delight, says the Lord.|en
506|9|25|25|耶和華說：看哪，日子將到，我要刑罰一切受過割禮、心卻未受割禮的，|zh
507|9|25|25|See, the day is coming, says the Lord, when I will send punishment on all those who have circumcision in the flesh;|en
508|9|26|26|就是埃及、猶大、以東、亞捫人、摩押人，和一切住在曠野剃周圍頭髮的；因為列國人都沒有受割禮，以色列人心中也沒有受割禮。|zh
509|9|26|26|On Egypt and on Judah and on Edom and on the children of Ammon and on Moab and on all who have the ends of their hair cut, who are living in the waste land: for all these nations and all the people of Israel are without circumcision in their hearts.|en
510|10|1|1|以色列家啊，要聽耶和華對你們所說的話。|zh
511|10|1|1|Give ear to the word which the Lord says to you, O people of Israel:|en
512|10|2|2|耶和華如此說：你們不要效法列國的行為，也不要為天象驚惶，因列國為此事驚惶。|zh
513|10|2|2|This is what the Lord has said: Do not go in the way of the nations; have no fear of the signs of heaven, for the nations go in fear of them.|en
514|10|3|3|眾民的風俗是虛空的；他們在樹林中用斧子砍伐一棵樹，匠人用手工造成偶像。|zh
515|10|3|3|For that which is feared by the people is foolish: it is the work of the hands of the workman; for a tree is cut down by him out of the woods with his axe.|en
516|10|4|4|他們用金銀妝飾他，用釘子和錘子釘穩，使他不動搖。|zh
517|10|4|4|They make it beautiful with silver and gold; they make it strong with nails and hammers, so that it may not be moved.|en
518|10|5|5|他好像棕樹，是鏇成的，不能說話，不能行走，必須有人抬著。你們不要怕他；他不能降禍，也無力降福。|zh
519|10|5|5|It is like a pillar in a garden of plants, and has no voice: it has to be lifted, for it has no power of walking. Have no fear of it; for it has no power of doing evil and it is not able to do any good.|en
520|10|6|6|耶和華啊，沒有能比你的！你本為大，有大能大力的名。|zh
521|10|6|6|There is no one like you, O Lord; you are great and your name is great in power.|en
522|10|7|7|萬國的王啊，誰不敬畏你？敬畏你本是合宜的；因為在列國的智慧人中，雖有政權的尊榮，也不能比你。|zh
523|10|7|7|Who would not have fear of you, O King of the nations? for it is your right: for among all the wise men of the nations, and in all their kingdoms, there is no one like you.|en
524|10|8|8|他們盡都是畜類，是愚昧的。偶像的訓誨算甚麼呢？偶像不過是木頭。|zh
525|10|8|8|But they are together like beasts and foolish: the teaching of false gods is wood.|en
526|10|9|9|有銀子打成片，是從他施帶來的，並有從烏法來的金子，都是匠人和銀匠的手工，又有藍色紫色料的衣服，都是巧匠的工作。|zh
527|10|9|9|Silver hammered into plates is sent from Tarshish, and gold from Uphaz, the work of the expert workman and of the hands of the gold-worker; blue and purple is their clothing, all the work of expert men.|en
528|10|10|10|惟耶和華是真神，是活　神，是永遠的王。他一發怒，大地震動；他一惱恨，列國都擔當不起。|zh
529|10|10|10|But the Lord is the true God; he is the living God and an eternal king: when he is angry, the earth is shaking with fear, and the nations give way before his wrath.|en
530|10|11|11|你們要對他們如此說：不是那創造天地的神，必從地上從天下被除滅！）|zh
531|10|11|11|This is what you are to say to them: The gods who have not made the heavens and the earth will be cut off from the earth and from under the heavens.|en
532|10|12|12|耶和華用能力創造大地，用智慧建立世界，用聰明鋪張穹蒼。|zh
533|10|12|12|He has made the earth by his power, he has made the world strong in its place by his wisdom, and by his wise design the heavens have been stretched out.|en
534|10|13|13|他一發聲，空中便有多水激動；他使雲霧從地極上騰；他造電隨雨而閃，從他府庫中帶出風來。|zh
535|10|13|13|At the sound of his voice there is a massing of waters in the heavens, and he makes the mists go up from the ends of the earth; he makes the thunder-flames for the rain, and sends out the wind from his store-houses.|en
536|10|14|14|各人都成了畜類，毫無知識；各銀匠都因他雕刻的偶像羞愧。他所鑄的偶像本是虛假的，其中並無氣息，|zh
537|10|14|14|Then every man becomes like a beast without knowledge; every gold-worker is put to shame by the image he has made: for his metal image is deceit, and there is no breath in them.|en
538|10|15|15|都是虛無的，是迷惑人的工作；到追討的時候必被除滅。|zh
539|10|15|15|They are nothing, a work of error: in the time of their punishment, destruction will overtake them.|en
540|10|16|16|雅各的分不像這些，因他是造作萬有的主。以色列也是他產業的支派，萬軍之耶和華是他的名。|zh
541|10|16|16|The heritage of Jacob is not like these; for the maker of all things is his heritage: the Lord of armies is his name.|en
542|10|17|17|受圍困的人哪，當收拾你的財物，從國中帶出去。|zh
543|10|17|17|Get your goods together and go out of the land, O you who are shut up in the walled town.|en
544|10|18|18|因為耶和華如此說：這時候，我必將此地的居民，好像用機弦甩出去，又必加害在他們身上，使他們覺悟。|zh
545|10|18|18|For the Lord has said, I will send the people in flight like a stone from the land at this time, troubling them so that they will be conscious of it.|en
546|10|19|19|民說：禍哉！我受損傷；我的傷痕極其重大。我卻說：這真是我的痛苦，必須忍受。|zh
547|10|19|19|Sorrow is mine for I am wounded! my wound may not be made well; and I said, Cruel is my disease, I may not be free from it.|en
548|10|20|20|我的帳棚毀壞；我的繩索折斷。我的兒女離我出去，沒有了。無人再支搭我的帳棚，掛起我的幔子。|zh
549|10|20|20|My tent is pulled down and all my cords are broken: my children have gone from me, and they are not: no longer is there anyone to give help in stretching out my tent and hanging up my curtains.|en
550|10|21|21|因為牧人都成為畜類，沒有求問耶和華，所以不得順利；他們的羊群也都分散。|zh
551|10|21|21|For the keepers of the sheep have become like beasts, not looking to the Lord for directions: so they have not done wisely and all their flocks have been put to flight.|en
552|10|22|22|有風聲！看哪，敵人來了！有大擾亂從北方出來，要使猶大城邑變為荒涼，成為野狗的住處。|zh
553|10|22|22|News is going about, see, it is coming, a great shaking is coming from the north country, so that the towns of Judah may be made waste and become the living-place of jackals.|en
554|10|23|23|耶和華啊，我曉得人的道路不由自己，行路的人也不能定自己的腳步。|zh
555|10|23|23|O Lord, I am conscious that a man's way is not in himself: man has no power of guiding his steps.|en
556|10|24|24|耶和華啊，求你從寬懲治我，不要在你的怒中懲治我，恐怕使我歸於無有。|zh
557|10|24|24|O Lord, put me right, but with wise purpose; not in your wrath, or you will make me small.|en
558|10|25|25|願你將忿怒傾在不認識你的列國中，和不求告你名的各族上；因為他們吞了雅各，不但吞了，而且滅絕，把他的住處變為荒場。|zh
559|10|25|25|Let your wrath be let loose on the nations which have no knowledge of you, and on the families who give no worship to your name: for they have made a meal of Jacob, truly they have made a meal of him and put an end to him and made his fields a waste.|en
560|11|1|1|耶和華的話臨到耶利米說：|zh
561|11|1|1|The word which came to Jeremiah from the Lord, saying,|en
562|11|2|2|當聽這約的話，告訴猶大人和耶路撒冷的居民，|zh
563|11|2|2|Give ear to the words of this agreement, and say to the men of Judah and to the people of Jerusalem,|en
564|11|3|3|對他們說，耶和華─以色列的神如此說：不聽從這約之話的人必受咒詛。|zh
565|11|3|3|The Lord, the God of Israel, has said, Let that man be cursed who does not give ear to the words of this agreement,|en
566|11|4|4|這約是我將你們列祖從埃及地領出來、脫離鐵爐的那日所吩咐他們的，說：你們要聽從我的話，照我一切所吩咐的去行。這樣，你們就作我的子民，我也作你們的神；|zh
567|11|4|4|To the order which I gave your fathers on the day when I took them out of the land of Egypt, out of the oven of iron, saying, Give ear to my voice, and do all the orders I have given you: so you will be my people, and I will be your God:|en
568|11|5|5|我好堅定向你們列祖所起的誓，給他們流奶與蜜之地，正如今日一樣。我就回答說：耶和華啊，阿們！|zh
569|11|5|5|So that I may give effect to the oath which I made to your fathers, to give them a land flowing with milk and honey as at this day. And I said in answer, So be it, O Lord.|en
570|11|6|6|耶和華對我說：你要在猶大城邑中和耶路撒冷街市上，宣告這一切話說：你們當聽從遵行這約的話。|zh
571|11|6|6|And the Lord said to me, Give out these words in the towns of Judah and in the streets of Jerusalem, saying, Give ear to the words of this agreement and do them.|en
572|11|7|7|因為我將你們列祖從埃及地領出來的那日，直到今日，都是從早起來，切切誥誡他們說：你們當聽從我的話。|zh
573|11|7|7|For I gave certain witness to your fathers on the day when I took them up out of the land of Egypt, and even to this day, getting up early and witnessing and saying, Give ear to my voice.|en
574|11|8|8|他們卻不聽從，不側耳而聽，竟隨從自己頑梗的惡心去行。所以我使這約中一切咒詛的話臨到他們身上；這約是我吩咐他們行的，他們卻不去行。|zh
575|11|8|8|But they gave no attention and did not give ear, but they went on, every man in the pride of his evil heart: so I sent on them all the curses in this agreement, which I gave them orders to keep, but they did not.|en
576|11|9|9|耶和華對我說：在猶大人和耶路撒冷居民中有同謀背叛的事。|zh
577|11|9|9|And the Lord said to me, There is an evil design at work among the men of Judah and the people of Jerusalem.|en
578|11|10|10|他們轉去效法他們的先祖，不肯聽我的話，犯罪作孽，又隨從別神，事奉他。以色列家和猶大家背了我與他們列祖所立的約。|zh
579|11|10|10|They are turned back to the sins of their fathers, who would not give ear to my words; they have gone after other gods and become their servants: the people of Israel and the people of Judah have not kept the agreement which I made with their fathers.|en
580|11|11|11|所以耶和華如此說：我必使災禍臨到他們，是他們不能逃脫的。他們必向我哀求，我卻不聽。|zh
581|11|11|11|So the Lord has said, I will send evil on them, which they will not be able to get away from; and they will send up a cry for help to me, but I will not give ear to them.|en
582|11|12|12|那時，猶大城邑的人和耶路撒冷的居民要去哀求他們燒香所供奉的神；只是遭難的時候，這些神毫不拯救他們。|zh
583|11|12|12|Then the towns of Judah and the people of Jerusalem will go crying for help to the gods to whom they have been burning perfumes: but they will give them no salvation in the time of their trouble.|en
584|11|13|13|猶大啊，你神的數目與你城的數目相等；你為那可恥的巴力所築燒香的壇也與耶路撒冷街道的數目相等。|zh
585|11|13|13|For the number of your gods is as the number of your towns, O Judah; and for every street in Jerusalem you have put up altars to the Baal for burning perfumes to the Baal.|en
586|11|14|14|所以你不要為這百姓祈禱，不要為他們呼求禱告；因為他們遭難向我哀求的時候，我必不應允。|zh
587|11|14|14|And as for you, make no prayers for this people, send up no cry or prayer for them: for I will not give ear to their cry in the time of their trouble.|en
588|11|15|15|我所親愛的，既行許多淫亂，聖肉也離了你，你在我殿中做甚麼呢？你作惡就喜樂。|zh
589|11|15|15|About Judah. What have you to do in my house? is it your thought that oaths and holy flesh will get you out of your trouble? will you make yourself safe in this way?|en
590|11|16|16|從前耶和華給你起名叫青橄欖樹，又華美又結好果子；如今他用鬨嚷之聲，點火在其上，枝子也被折斷。|zh
591|11|16|16|You had been named by the Lord, A branching olive-tree, fair with beautiful fruit: with the noise of a great rushing he has put it on fire and its branches are broken.|en
592|11|17|17|原來栽培你的萬軍之耶和華已經說，要降禍攻擊你，是因以色列家和猶大家行惡，向巴力燒香，惹我發怒，是自作自受。|zh
593|11|17|17|For the Lord of armies, by whom you were planted, has given his decision for evil against you, because of the evil which the people of Israel and the people of Judah have done, In moving me to wrath by offering perfumes to the Baal.|en
594|11|18|18|耶和華指示我，我就知道；你將他們所行的給我指明。|zh
595|11|18|18|And the Lord gave me knowledge of it and I saw it: then you made clear to me their doings.|en
596|11|19|19|我卻像柔順的羊羔被牽到宰殺之地；我並不知道他們設計謀害我，說：我們把樹連果子都滅了罷！將他從活人之地剪除，使他的名不再被紀念。|zh
597|11|19|19|But I was like a gentle lamb taken to be put to death; I had no thought that they were designing evil against me, saying, Come and let us make trouble his food, cutting him off from the land of the living, so that there may be no more memory of his name.|en
598|11|20|20|按公義判斷、察驗人肺腑心腸的萬軍之耶和華啊，我卻要見你在他們身上報仇，因我將我的案件向你稟明了。|zh
599|11|20|20|But, O Lord of armies, judging in righteousness, testing the thoughts and the heart, let me see your punishment come on them: for I have put my cause before you.|en
600|11|21|21|所以，耶和華論到尋索你命的亞拿突人如此說：他們說：你不要奉耶和華的名說預言，免得你死在我們手中。|zh
601|11|21|21|So this is what the Lord of armies has said about the men of Anathoth who have made designs against your life, saying, You are not to be a prophet in the name of the Lord, or death will overtake you by our hands:|en
602|11|22|22|所以萬軍之耶和華如此說：看哪，我必刑罰他們；他們的少年人必被刀劍殺死，他們的兒女必因饑荒滅亡，|zh
603|11|22|22|So the Lord of armies has said, See, I will send punishment on them: the young men will be put to the sword; their sons and their daughters will come to death through need of food:|en
604|11|23|23|並且沒有餘剩的人留給他們；因為在追討之年，我必使災禍臨到亞拿突人。|zh
605|11|23|23|Not one of them will keep his life, for I will send evil on the men of Anathoth in the year of their punishment.|en
606|12|1|1|耶和華啊，我與你爭辯的時候，你顯為義；但有一件，我還要與你理論：惡人的道路為何亨通呢？大行詭詐的為何得安逸呢？|zh
607|12|1|1|You are in the right, O Lord, when I put my cause before you: still let me take up with you the question of your decisions: why does the evil-doer do well? why are the workers of deceit living in comfort?|en
608|12|2|2|你栽培了他們，他們也扎了根，長大，而且結果。他們的口是與你相近，心卻與你遠離。|zh
609|12|2|2|They have been planted by you, they have taken root; they go on and give fruit: you are near in their mouths but far from their thoughts.|en
610|12|3|3|耶和華啊，你曉得我，看見我，察驗我向你是怎樣的心。求你將他們拉出來，好像將宰的羊，叫他們等候殺戮的日子。|zh
611|12|3|3|But you, O Lord, have knowledge of me; you see me, searching and testing how my heart is with you: let them be pulled out like sheep to be put to death, make them ready for the day of death.|en
612|12|4|4|這地悲哀，通國的青草枯乾，要到幾時呢？因其上居民的惡行，牲畜和飛鳥都滅絕了。他們曾說：他看不見我們的結局。|zh
613|12|4|4|How long will the land have grief, and the plants of all the land be dry? because of the sins of the people living in it, destruction has overtaken the beasts and the birds; because they said, God does not see our ways.|en
614|12|5|5|耶和華說：你若與步行的人同跑，尚且覺累，怎能與馬賽跑呢？你在平安之地，雖然安穩，在約但河邊的叢林要怎樣行呢？|zh
615|12|5|5|If running with the fighting-men has made you tired, how will you be able to keep up with horses? and if in a land of peace you go in flight, what will become of you in the thick growth of Jordan?|en
616|12|6|6|因為連你弟兄和你父家都用奸詐待你。他們也在你後邊大聲喊叫，雖向你說好話，你也不要信他們。|zh
617|12|6|6|For even your brothers, your father's family, even they have been untrue to you, crying loudly after you: have no faith in them, though they say fair words to you.|en
618|12|7|7|我離了我的殿宇，撇棄我的產業，將我心裡所親愛的交在他仇敵的手中。|zh
619|12|7|7|I have given up my house, I have let my heritage go; I have given the loved one of my soul into the hands of her haters.|en
620|12|8|8|我的產業向我如林中的獅子，他發聲攻擊我，因此我恨惡他。|zh
621|12|8|8|My heritage has become like a lion in the woodland to me; her voice has been loud against me; so I have hate for her.|en
622|12|9|9|我的產業向我豈如斑點的鷙鳥呢？鷙鳥豈在他四圍攻擊他呢？你們要去聚集田野的百獸，帶來吞吃罷！|zh
623|12|9|9|My heritage is like a brightly coloured bird to me; the cruel birds are attacking her on every side: go, get together all the beasts of the field, make them come for destruction.|en
624|12|10|10|許多牧人毀壞我的葡萄園，踐踏我的分，使我美好的分變為荒涼的曠野。|zh
625|12|10|10|The keepers of sheep have been the destruction of my vine-garden, crushing my heritage under their feet; they have made my fair heritage an unplanted waste;|en
626|12|11|11|他們使地荒涼；地既荒涼，便向我悲哀。全地荒涼，因無人介意。|zh
627|12|11|11|They have made it waste; it is weeping to me, being wasted; all the land is made waste, because no man takes it to heart.|en
628|12|12|12|滅命的都來到曠野中一切淨光的高處；耶和華的刀從地這邊直到地那邊盡行殺滅。凡有血氣的都不得平安。|zh
629|12|12|12|Those who make waste have come on all the open hilltops in the waste land; for the sword of the Lord sends destruction from one end of the land to the other end of the land: no flesh has peace.|en
630|12|13|13|他們種的是麥子，收的是荊棘；勞勞苦苦卻毫無益處。因耶和華的烈怒，你們必為自己的土產羞愧。|zh
631|12|13|13|Though good grain was planted, they have got in thorns: they have given themselves pain without profit: they will be shamed on account of their produce, because of the burning wrath of the Lord.|en
632|12|14|14|耶和華如此說：一切惡鄰，就是佔據我使百姓以色列所承巡菇業的，我要將他們拔出本地，又要將猶大家從他們中間拔出來。|zh
633|12|14|14|This is what the Lord has said against all my evil neighbours, who put their hands on the heritage which I gave my people Israel: See, I will have them uprooted from their land, uprooting the people of Judah from among them.|en
634|12|15|15|我拔出他們以後，我必轉過來憐憫他們，把他們再帶回來，各歸本業，各歸故土。|zh
635|12|15|15|And it will come about that, after they have been uprooted, I will again have pity on them; and I will take them back, every man to his heritage and every man to his land.|en
636|12|16|16|他們若殷勤學習我百姓的道，指著我的名起誓說：我指著永生的耶和華起誓，正如他們從前教我百姓指著巴力起誓，他們就必建立在我百姓中間。|zh
637|12|16|16|And it will be that, if they give their minds to learning the ways of my people, using my name in their oaths, By the living Lord; as they have been teaching my people to take oaths by the Baal; then their place will be made certain among my people.|en
638|12|17|17|他們若是不聽，我必拔出那國，拔出而且毀滅。這是耶和華說的。|zh
639|12|17|17|But if they will not give ear, then I will have that nation uprooted, and given to destruction, says the Lord.|en
640|13|1|1|耶和華對我如此說：你去買一根麻布帶子束腰，不可放在水中。|zh
641|13|1|1|This is what the Lord said to me: Go and get yourself a linen band and put it round you and do not put it in water.|en
642|13|2|2|我就照著耶和華的話，買了一根帶子束腰。|zh
643|13|2|2|So, as the Lord said, I got a band for a price and put it round my body.|en
644|13|3|3|耶和華的話第二次臨到我說：|zh
645|13|3|3|And the word of the Lord came to me a second time, saying,|en
646|13|4|4|要拿著你所買的腰帶，就是你腰上的帶子，起來往伯拉河去，將腰帶藏在那裡的磐石穴中。|zh
647|13|4|4|Take the band which you got for a price, which is round your body, and go to Parah and put it in a secret place there in a hole of the rock.|en
648|13|5|5|我就去，照著耶和華所吩咐我的，將腰帶藏在伯拉河邊。|zh
649|13|5|5|So I went and put it in a secret place by Parah, as the Lord had said to me.|en
650|13|6|6|過了多日，耶和華對我說：你起來往伯拉河去，將我吩咐你藏在那裡的腰帶取出來。|zh
651|13|6|6|Then after a long time, the Lord said to me, Up! go to Parah and get the band which I gave you orders to put there.|en
652|13|7|7|我就往伯拉河去，將腰帶從我所藏的地方刨出來，見腰帶已經變壞，毫無用了。|zh
653|13|7|7|So I went to Parah and, uncovering the hole, took the band from the place where I had put it away: and the band was damaged and of no use for anything.|en
654|13|8|8|耶和華的話臨到我說：|zh
655|13|8|8|Then the word of the Lord came to me, saying,|en
656|13|9|9|耶和華如此說：我必照樣敗壞猶大的驕傲和耶路撒冷的大驕傲。|zh
657|13|9|9|The Lord has said, In this way I will do damage to the pride of Judah and to the great pride of Jerusalem.|en
658|13|10|10|這惡民不肯聽我的話，按自己頑梗的心而行，隨從別神，事奉敬拜，他們也必像這腰帶變為無用。|zh
659|13|10|10|These evil people who say they will not give ear to my words, who go on in the pride of their hearts and have become servants and worshippers of other gods, will become like this band which is of no use for anything.|en
660|13|11|11|耶和華說：腰帶怎樣緊貼人腰，照樣，我也使以色列全家和猶大全家緊貼我，好叫他們屬我為子民，使我得名聲，得頌讚，得榮耀；他們卻不肯聽。|zh
661|13|11|11|For as a band goes tightly round a man's body, so I made all the people of Israel and all the people of Judah tightly united to me; so that they might be a people for me and a name and a praise and a glory: but they would not give ear.|en
662|13|12|12|所以你要對他們說：耶和華─以色列的神如此說：各罈都要盛滿了酒。他們必對你說：我們豈不確知各罈都要盛滿了酒呢？|zh
663|13|12|12|So you are to say this word to them: This is the word of the Lord, the God of Israel: Every skin bottle will be full of wine; and they will say to you, Is it not quite clear to us that every skin bottle will be full of wine?|en
664|13|13|13|你就要對他們說：耶和華如此說：我必使這地的一切居民，就是坐大衛寶座的君王和祭司，與先知，並耶路撒冷的一切居民，都酩酊大醉。|zh
665|13|13|13|Then you are to say to them, The Lord has said, I will make all the people of this land, even the kings seated on David's seat, and the priests and the prophets and all the people of Jerusalem, overcome with strong drink.|en
666|13|14|14|耶和華說：我要使他們彼此相碰，就是父與子彼此相碰；我必不可憐，不顧惜，不憐憫，以致滅絕他們。|zh
667|13|14|14|I will have them smashed against one another, fathers and sons together, says the Lord: I will have no pity or mercy, I will have no feeling for them to keep me from giving them to destruction.|en
668|13|15|15|你們當聽，當側耳而聽。不要驕傲，因為耶和華已經說了。|zh
669|13|15|15|Give ear and let your ears be open; be not lifted up: for these are the words of the Lord.|en
670|13|16|16|耶和華─你們的神未使黑暗來到，你們的腳未在昏暗山上絆跌之先，當將榮耀歸給他；免得你們盼望光明，他使光明變為死蔭，成為幽暗。|zh
671|13|16|16|Give glory to the Lord your God, before he makes it dark, and before your feet are slipping on the dark mountains, and, while you are looking for a light, he makes it into deep dark, into black night.|en
672|13|17|17|你們若不聽這話，我必因你們的驕傲在暗地哭泣；我眼必痛哭流淚，因為耶和華的群眾被擄去了。|zh
673|13|17|17|But if you do not give ear to it, my soul will be weeping in secret for your pride; my eye will be weeping bitterly, streaming with water, because the Lord's flock has been taken away as prisoners.|en
674|13|18|18|你要對君王和太后說：你們當自卑，坐在下邊；因你們的頭巾，就是你們的華冠，已經脫落了。|zh
675|13|18|18|Say to the king and to the queen-mother, Make yourselves low, be seated on the earth: for the crown of your glory has come down from your heads.|en
676|13|19|19|南方的城盡都關閉，無人開放；猶大全被擄掠，且擄掠淨盡。|zh
677|13|19|19|The towns of the south are shut up, and there is no one to make them open: Judah is taken away as prisoners; all Judah is taken away as prisoners.|en
678|13|20|20|你們要舉目觀看從北方來的人。先前賜給你的群眾，就是你佳美的群眾，如今在哪裡呢？|zh
679|13|20|20|Let your eyes be lifted up (O Jerusalem), and see those who are coming from the north. Where is the flock which was given to you, your beautiful flock?|en
680|13|21|21|耶和華立你自己所交的朋友為首，轄制你，那時你還有甚麼話說呢？痛苦豈不將你抓住像產難的婦人麼？|zh
681|13|21|21|What will you say when he puts over you those whom you yourself have made your friends? will not pains take you like a woman in childbirth?|en
682|13|22|22|你若心裡說：這一切事為何臨到我呢？你的衣襟揭起，你的腳跟受傷，是因你的罪孽甚多。|zh
683|13|22|22|And if you say in your heart, Why have these things come on me? because of the number of your sins, your skirts have been uncovered and violent punishment overtakes you.|en
684|13|23|23|古實人豈能改變皮膚呢？豹豈能改變斑點呢？若能，你們這習慣行惡的便能行善了。|zh
685|13|23|23|Is it possible for the skin of the Ethiopian to be changed, or the markings on the leopard? Then it might be possible for you to do good, who have been trained to do evil.|en
686|13|24|24|所以我必用曠野的風吹散他們，像吹過的碎秸一樣。|zh
687|13|24|24|So I will send them in all directions, as dry grass is taken away by the wind of the waste land.|en
688|13|25|25|耶和華說：這是你所當得的，是我量給你的分；因為你忘記我，倚靠虛假（或譯：偶像）。|zh
689|13|25|25|This is your fate, the part measured out to you by me, says the Lord, because you have put me out of your memory and put your faith in what is false.|en
690|13|26|26|所以我要揭起你的衣襟，蒙在你臉上，顯出你的醜陋。|zh
691|13|26|26|So I will have your skirts uncovered before your face, in order that your shame may be seen.|en
692|13|27|27|你那些可憎惡之事─就是在田野的山上行姦淫，發嘶聲，做淫亂的事─我都看見了。耶路撒冷啊，你有禍了！你不肯潔淨，還要到幾時呢？|zh
693|13|27|27|I have seen your disgusting acts, even your false behaviour and your cries of desire and your loose ways on the hills in the field. Unhappy are you, O Jerusalem, you have no desire to be made clean; how long will you be in turning back to me?|en
694|14|1|1|耶和華論到乾旱之災的話臨到耶利米：|zh
695|14|1|1|The word of the Lord came to Jeremiah when there was no water.|en
696|14|2|2|猶大悲哀，城門衰敗。眾人披上黑衣坐在地上；耶路撒冷的哀聲上達。|zh
697|14|2|2|Judah is weeping and its doors are dark with sorrow, and people are seated on the earth clothed in black; and the cry of Jerusalem has gone up.|en
698|14|3|3|他們的貴冑打發家僮打水；他們來到水池，見沒有水，就拿著空器皿，蒙羞慚愧，抱頭而回。|zh
699|14|3|3|Their great men have sent their servants for water: they come to the holes and there is no water to be seen; they come back with nothing in their vessels; they are overcome with shame and fear, covering their heads.|en
700|14|4|4|耕地的也蒙羞抱頭；因為無雨降在地上，地都乾裂。|zh
701|14|4|4|Those who do work on the land are in fear, for there has been no rain on the land, and the farmers are shamed, covering their heads.|en
702|14|5|5|田野的母鹿生下小鹿，就撇棄，因為無草。|zh
703|14|5|5|And the roe, giving birth in the field, lets her young one be uncared for, because there is no grass.|en
704|14|6|6|野驢站在淨光的高處，喘氣好像野狗；因為無草，眼目失明。|zh
705|14|6|6|And the asses of the field on the open hilltops are opening their mouths wide like jackals to get air; their eyes are hollow because there is no grass.|en
706|14|7|7|耶和華啊，我們的罪孽雖然作見證告我們，還求你為你名的緣故行事。我們本是多次背道，得罪了你。|zh
707|14|7|7|Though our sins give witness against us, do something, O Lord, for the honour of your name: for again and again we have been turned away from you, we have done evil against you.|en
708|14|8|8|以色列所盼望、在患難時作他救主的啊，你為何在這地像寄居的，又像行路的只住一宵呢？|zh
709|14|8|8|O you hope of Israel, its saviour in time of trouble, why are you like one who is strange in the land, and like a traveller putting up his tent for a night?|en
710|14|9|9|你為何像受驚的人，像不能救人的勇士呢？耶和華啊，你仍在我們中間；我們也稱為你名下的人，求你不要離開我們。|zh
711|14|9|9|Why are you like a man surprised, like a man of war who is not able to give help? but you, O Lord, are with us, and we are named by your name; do not go away from us.|en
712|14|10|10|耶和華對這百姓如此說：這百姓喜愛妄行（原文是飄流），不禁止腳步，所以耶和華不悅納他們。現今要記念他們的罪孽，追討他們的罪惡。|zh
713|14|10|10|This is what the Lord has said about this people: Even so they have been glad to go from the right way; they have not kept their feet from wandering, so the Lord has no pleasure in them; now he will keep their wrongdoing in mind and send punishment for their sins.|en
714|14|11|11|耶和華又對我說：不要為這百姓祈禱求好處。|zh
715|14|11|11|And the Lord said to me, Make no prayer for this people for their good.|en
716|14|12|12|他們禁食的時候，我不聽他們的呼求；他們獻燔祭和素祭，我也不悅納；我卻要用刀劍、饑荒、瘟疫滅絕他們。|zh
717|14|12|12|When they go without food, I will not give ear to their cry; when they give burned offerings and meal offerings, I will not take pleasure in them: but I will put an end to them by the sword and by need of food and by disease.|en
718|14|13|13|我就說：唉！主耶和華啊，那些先知常對他們說：你們必不看見刀劍，也不遭遇饑荒；耶和華要在這地方賜你們長久的平安。|zh
719|14|13|13|Then I said, Ah, Lord God! see, the prophets say to them, You will not see the sword or be short of food; but I will give you certain peace in this place.|en
720|14|14|14|耶和華對我說：那些先知託我的名說假預言，我並沒有打發他們，沒有吩咐他們，也沒有對他們說話；他們向你們預言的，乃是虛假的異象和占卜，並虛無的事，以及本心的詭詐。|zh
721|14|14|14|Then the Lord said to me, The prophets say false words in my name, and I gave them no orders, and I said nothing to them: what they say to you is a false vision and wonder-working words without substance, the deceit of their hearts.|en
722|14|15|15|所以耶和華如此說：論到託我名說預言的那些先知，我並沒有打發他們；他們還說這地不能有刀劍饑荒，其實那些先知必被刀劍饑荒滅絕。|zh
723|14|15|15|So this is what the Lord has said about the prophets who make use of my name, though I sent them not, and say, The sword and need of food will not be in this land: the sword and need of food will put an end to those prophets.|en
724|14|16|16|聽他們說預言的百姓必因饑荒刀劍拋在耶路撒冷的街道上，無人葬埋。他們連妻子帶兒女，都是如此。我必將他們的惡倒在他們身上（或譯：我必使他們罪惡的報應臨到他們身上）。|zh
725|14|16|16|And the people to whom they are prophets will be pushed out dead into the streets of Jerusalem, because there is no food, and because of the sword; and they will have no one to put their bodies into the earth, them or their wives or their sons or their daughters: for I will let loose their evil-doing on them.|en
726|14|17|17|你要將這話對他們說：願我眼淚汪汪，晝夜不息，因為我百姓（原文是民的處女）受了裂口破壞的大傷。|zh
727|14|17|17|And you are to say this word to them, Let my eyes be streaming with water night and day, and let it not be stopped; for the virgin daughter of my people is wounded with a great wound, with a very bitter blow.|en
728|14|18|18|我若出往田間，就見有被刀殺的；我若進入城內，就見有因饑荒患病的；連先知帶祭司在國中往來，也是毫無知識（或譯：不知怎樣才好）。|zh
729|14|18|18|If I go out into the open country, there are those put to death by the sword! and if I go into the town, there are those who are diseased from need of food! for the prophet and the priest go about in the land and have no knowledge.|en
730|14|19|19|你全然棄掉猶大麼？你心厭惡錫安麼？為何擊打我們，以致無法醫治呢？我們指望平安，卻得不著好處；指望痊愈，不料，受了驚惶。|zh
731|14|19|19|Have you completely given up Judah? is your soul turned in disgust from Zion? why have you given us blows from which there is no one to make us well? we were looking for peace, but no good came; and for a time of well-being, but there was only a great fear.|en
732|14|20|20|耶和華啊，我們承認自己的罪惡，和我們列祖的罪孽，因我們得罪了你。|zh
733|14|20|20|We are conscious, O Lord, of our sin and of the wrongdoing of our fathers: we have done evil against you.|en
734|14|21|21|求你為你名的緣故，不厭惡我們，不辱沒你榮耀的寶座。求你追念，不要背了與我們所立的約。|zh
735|14|21|21|Do not be turned from us in disgust, because of your name; do not put shame on the seat of your glory: keep us in mind, let not your agreement with us be broken.|en
736|14|22|22|外邦人虛無的神中有能降雨的麼？天能自降甘霖麼？耶和華─我們的神啊，能如此的不是你麼？所以，我們仍要等候你，因為這一切都是你所造的。|zh
737|14|22|22|Are any of the false gods of the nations able to make rain come? are the heavens able to give showers? are you not he, O Lord our God? so we will go on waiting for you, for you have done all these things.|en
738|15|1|1|耶和華對我說：雖有摩西和撒母耳站在我面前代求，我的心也不顧惜這百姓。你將他們從我眼前趕出，叫他們去罷！|zh
739|15|1|1|Then the Lord said to me, Even if Moses and Samuel came before me, I would have no desire for this people: send them away from before me, and let them go.|en
740|15|2|2|他們問你說：我們往哪裡去呢？你便告訴他們，耶和華如此說：定為死亡的，必致死亡；定為刀殺的，必交刀殺；定為饑荒的，必遭饑荒；定為擄掠的，必被擄掠。|zh
741|15|2|2|And it will be, when they say to you, Where are we to go? then you are to say to them, The Lord has said, Such as are for death, to death; and such as are for the sword, to the sword; and such as are to be in need of food, to need of food; and such as are to be taken away prisoners, to be taken away.|en
742|15|3|3|耶和華說：我命定四樣害他們，就是刀劍殺戮、狗類撕裂、空中的飛鳥，和地上的野獸吞吃毀滅；|zh
743|15|3|3|And I will put over them four divisions, says the Lord: the sword causing death, dogs pulling the dead bodies about, and the birds of heaven, and the beasts of the earth to take their bodies for food and put an end to them.|en
744|15|4|4|又必使他們在天下萬國中拋來拋去，都因猶大王希西家的兒子瑪拿西在耶路撒冷所行的事。|zh
745|15|4|4|And I will make them a cause of fear to all the kingdoms of the earth, because of Manasseh, the son of Hezekiah, king of Judah, and what he did in Jerusalem.|en
746|15|5|5|耶路撒冷啊，誰可憐你呢？誰為你悲傷呢？誰轉身問你的安呢？|zh
747|15|5|5|For who will have pity on you, O Jerusalem? and who will have sorrow for you? or who will go out of his way to see how you are?|en
748|15|6|6|耶和華說：你棄絕了我，轉身退後；因此我伸手攻擊你，毀壞你。我後悔甚不耐煩。|zh
749|15|6|6|You have given me up, says the Lord, you have gone back: so my hand is stretched out against you for your destruction; I am tired of changing my purpose.|en
750|15|7|7|我在境內各城門口（或譯：我在這地邊界的關口），用簸箕簸了我的百姓，使他們喪掉兒女。我毀滅他們，他們仍不轉離所行的道。|zh
751|15|7|7|And I have sent a cleaning wind on them in the public places of the land; I have taken their children from them; I have given my people to destruction; they have not been turned from their ways.|en
752|15|8|8|他們的寡婦在我面前比海沙更多；我使滅命的午間來，攻擊少年人的母親，使痛苦驚嚇忽然臨到他身上。|zh
753|15|8|8|I have let their widows be increased in number more than the sand of the seas: I have sent against them, against the mother and the young men, one who makes waste in the heat of the day, causing pain and fears to come on her suddenly.|en
754|15|9|9|生過七子的婦人力衰氣絕；尚在白晝，日頭忽落；他抱愧蒙羞。其餘的人，我必在他們敵人跟前，交與刀劍。這是耶和華說的。|zh
755|15|9|9|The mother of seven is without strength; her spirit is gone from her, her sun has gone down while it is still day: she has been shamed and overcome: and the rest of them I will give up to the sword before their haters, says the Lord.|en
756|15|10|10|我的母親哪，我有禍了！因你生我作為遍地相爭相競的人。我素來沒有借貸與人，人也沒有借貸與我，人人卻都咒罵我。|zh
757|15|10|10|Sorrow is mine, my mother, because you have given birth to me, a cause of fighting and argument in all the earth! I have not made men my creditors and I am not in debt to any, but every one of them is cursing me.|en
758|15|11|11|耶和華說：我必要堅固你，使你得好處。災禍苦難臨到的時候，我必要使仇敵央求你。|zh
759|15|11|11|...|en
760|15|12|12|（人豈能將銅與鐵，就是北方的鐵折斷呢？）|zh
761|15|12|12|Is it possible for iron to be broken; even iron from the north, and brass?|en
762|15|13|13|我必因你在四境之內所犯的一切罪，把你的貨物財寶當掠物，白白地交給仇敵。|zh
763|15|13|13|I will give your wealth and your stores to your attackers, without a price, because of all your sins, even in every part of your land.|en
764|15|14|14|我也必使仇敵帶這掠物到你所不認識的地去，因我怒中起的火要將你們焚燒。|zh
765|15|14|14|They will go away with your haters into a land which is strange to you: for my wrath is on fire with a flame which will be burning on you.|en
766|15|15|15|耶和華啊，你是知道的；求你記念我，眷顧我，向逼迫我的人為我報仇；不要向他們忍怒取我的命，要知道我為你的緣故受了凌辱。|zh
767|15|15|15|O Lord, you have knowledge: keep me in mind and come to my help, and give their right reward to those who are attacking me; take me not away, for you are slow to be angry: see how I have undergone shame because of you from all those who make little of your word;|en
768|15|16|16|耶和華─萬軍之神啊，我得著你的言語就當食物吃了；你的言語是我心中的歡喜快樂，因我是稱為你名下的人。|zh
769|15|16|16|But to me your word is a joy, making my heart glad; for I am named by your name, O Lord God of armies.|en
770|15|17|17|我沒有坐在宴樂人的會中，也沒有歡樂；我因你的感動（原文是手）獨自靜坐，因你使我滿心憤恨。|zh
771|15|17|17|I did not take my seat among the band of those who are glad, and I had no joy; I kept by myself because of your hand; for you have made me full of wrath.|en
772|15|18|18|我的痛苦為何長久不止呢？我的傷痕為何無法醫治、不能痊愈呢？難道你待我有詭詐，像流乾的河道麼？|zh
773|15|18|18|Why is my pain unending and my wound without hope of being made well? Sorrow is mine, for you are to me as a stream offering false hope and as waters which are not certain.|en
774|15|19|19|耶和華如此說：你若歸回，我就將你再帶來，使你站在我面前；你若將寶貴的和下賤的分別出來，你就可以當作我的口。他們必歸向你，你卻不可歸向他們。|zh
775|15|19|19|For this cause the Lord has said, If you will come back, then I will again let you take your place before me; and if you give out what is of value and not that which has no value, you will be as my mouth: let them come back to you, but do not go back to them.|en
776|15|20|20|我必使你向這百姓成為堅固的銅牆；他們必攻擊你，卻不能勝你；因我與你同在，要拯救你，搭救你。這是耶和華說的。|zh
777|15|20|20|And I will make you a strong wall of brass to this people; they will be fighting against you, but they will not overcome you: for I am with you to keep you safe, says the Lord.|en
778|15|21|21|我必搭救你脫離惡人的手，救贖你脫離強暴人的手。|zh
779|15|21|21|I will keep you safe from the hands of the evil-doers, and I will give you salvation from the hands of the cruel ones.|en
780|16|1|1|耶和華的話又臨到我說：|zh
781|16|1|1|Then again the word of the Lord came to me, saying,|en
782|16|2|2|你在這地方不可娶妻，生兒養女。|zh
783|16|2|2|You are not to take a wife for yourself or have sons or daughters in this place.|en
784|16|3|3|因為論到在這地方所生的兒女，又論到在這國中生養他們的父母，耶和華如此說：|zh
785|16|3|3|For this is what the Lord has said about the sons and daughters who come to birth in this place, and about their mothers who have given them birth, and about their fathers who have given life to them in this land:|en
786|16|4|4|他們必死得甚苦，無人哀哭，必不得葬埋，必在地上像糞土，必被刀劍和饑荒滅絕；他們的屍首必給空中的飛鳥和地上的野獸作食物。|zh
787|16|4|4|Death from evil diseases will overtake them; there will be no weeping for them and their bodies will not be put to rest; they will be like waste on the face of the earth: the sword and need of food will put an end to them; their dead bodies will be meat for the birds of heaven and for the beasts of the earth.|en
788|16|5|5|耶和華如此說：不要進入喪家，不要去哀哭，也不要為他們悲傷，因我已將我的平安、慈愛、憐憫從這百姓奪去了。這是耶和華說的。|zh
789|16|5|5|For this is what the Lord has said: Do not go into the house of sorrow, do not go to make weeping or songs of grief for them: for I have taken away my peace from this people, says the Lord, even mercy and pity.|en
790|16|6|6|連大帶小，都必在這地死亡，不得葬埋。人必不為他們哀哭，不用刀劃身，也不使頭光禿。|zh
791|16|6|6|Death will overtake great as well as small in the land: their bodies will not be put in a resting-place, and no one will be weeping for them or wounding themselves or cutting off their hair for them:|en
792|16|7|7|他們有喪事，人必不為他們擘餅，因死人安慰他們；他們喪父喪母，人也不給他們一杯酒安慰他們。|zh
793|16|7|7|No one will make a feast for them in sorrow, to give them comfort for the dead, or put to their lips the cup of comfort on account of their father or their mother.|en
794|16|8|8|你不可進入宴樂的家，與他們同坐吃喝。|zh
795|16|8|8|And you are not to go into the house of feasting, or be seated with them to take food or drink.|en
796|16|9|9|因為萬軍之耶和華─以色列的神如此說：你們還活著的日子在你們眼前，我必使歡喜和快樂的聲音，新郎和新婦的聲音，從這地方止息了。|zh
797|16|9|9|For the Lord of armies, the God of Israel, has said, See, before your eyes and in your days I will put an end in this place to the laughing voices and the voice of joy; to the voice of the newly-married man and the voice of the bride.|en
798|16|10|10|你將這一切的話指示這百姓。他們問你說：耶和華為甚麼說，要降這大災禍攻擊我們呢？我們有甚麼罪孽呢？我們向耶和華─我們的神犯了甚麼罪呢？|zh
799|16|10|10|And it will be, that when you say all these words to the people, then they will say to you, Why has the Lord done all this evil against us? what is our wrongdoing and what is our sin which we have done against the Lord our God?|en
800|16|11|11|你就對他們說：耶和華說：因為你們列祖離棄我，隨從別神，事奉敬拜，不遵守我的律法，|zh
801|16|11|11|Then you will say to them, Because your fathers have given me up, says the Lord, and have gone after other gods and become their servants and their worshippers, and have given me up and have not kept my law;|en
802|16|12|12|而且你們行惡比你們列祖更甚；因為各人隨從自己頑梗的惡心行事，甚至不聽從我，|zh
803|16|12|12|And you have done worse evil than your fathers; for see, every one of you is guided by the pride of his evil heart, so as not to give ear to me:|en
804|16|13|13|所以我必將你們從這地趕出，直趕到你們和你們列祖素不認識的地。你們在那裡必晝夜事奉別神，因為我必不向你們施恩。|zh
805|16|13|13|For this reason I will send you away out of this land into a land which is strange to you, to you and to your fathers; there you will be the servants of other gods day and night, and you will have no mercy from me.|en
806|16|14|14|耶和華說：日子將到，人必不再指著那領以色列人從埃及地上來之永生的耶和華起誓，耶和華說：日子將到，人必不再指著那領以色列人從埃及地上來之永生的耶和華起誓，|zh
807|16|14|14|For this cause, see, the days are coming, says the Lord, when it will no longer be said, By the living Lord, who took the children of Israel up out of the land of Egypt.|en
808|16|15|15|卻要指著那領以色列人從北方之地，並趕他們到的各國上來之永生的耶和華起誓，並且我要領他們再入我從前賜給他們列祖之地。|zh
809|16|15|15|But, By the living Lord, who took the children of Israel up out of the land of the north, and from all the countries where he had sent them: and I will take them back again to their land which I gave to their fathers.|en
810|16|16|16|耶和華說：我要召許多打魚的把以色列人打上來，然後我要召許多打獵的，從各山上、各岡上、各石穴中獵取他們。|zh
811|16|16|16|See, I will send for great numbers of fishermen, says the Lord, and they will take them like fish in a net; and after that, I will send for numbers of bowmen, and they will go after them, driving them from every mountain and from every hill, and out of the holes of the rocks.|en
812|16|17|17|因我的眼目察看他們的一切行為；他們不能在我面前遮掩，他們的罪孽也不能在我眼前隱藏。|zh
813|16|17|17|For my eyes are on all their ways: there is no cover for them from my face, and their evil-doing is not kept secret from my eyes.|en
814|16|18|18|我先要加倍報應他們的罪孽和罪惡；因為他們用可憎之屍玷污我的地土，又用可厭之物充滿我的產業。|zh
815|16|18|18|And I will give them the reward of their evil-doing and their sin twice over; because they have made my land unclean, and have made my heritage full of the bodies of their unholy and disgusting things.|en
816|16|19|19|耶和華啊，你是我的力量，是我的保障；在苦難之日是我的避難所。列國人必從地極來到你這裡，說：我們列祖所承受的，不過是虛假，是虛空無益之物。|zh
817|16|19|19|O Lord, my strength and my strong tower, my safe place in the day of trouble, the nations will come to you from the ends of the earth, and say, The heritage of our fathers is nothing but deceit, even false things in which there is no profit.|en
818|16|20|20|人豈可為自己製造神呢？其實這不是　神。|zh
819|16|20|20|Will a man make for himself gods which are no gods?|en
820|16|21|21|耶和華說：我要使他們知道，就是這一次使他們知道我的手和我的能力。他們就知道我的名是耶和華了。|zh
821|16|21|21|For this reason, truly, I will make them see, this once I will give them knowledge of my hand and my power; and they will be certain that my name is the Lord.|en
822|17|1|1|猶大的罪是用鐵筆、用金鋼鑽記錄的，銘刻在他們的心版上和壇角上。|zh
823|17|1|1|The sin of Judah is recorded with a pen of iron, and with the sharp point of a jewel it is cut on their hearts of stone, and on the horns of their altars for a sign to them:|en
824|17|2|2|他們的兒女記念他們高岡上、青翠樹旁的壇和木偶。|zh
825|17|2|2|Their altars and their wood pillars under every branching tree, on the high hills and the mountains in the field.|en
826|17|3|3|我田野的山哪，我必因你在四境之內所犯的罪，把你的貨物、財寶，並邱壇當掠物交給仇敵；|zh
827|17|3|3|I will give your wealth and all your stores to be taken away in war without a price, because of your sins in every part of your land.|en
828|17|4|4|並且你因自己的罪必失去我所賜給你的產業。我也必使你在你所不認識的地上服事你的仇敵；因為你使我怒中起火，直燒到永遠。|zh
829|17|4|4|And your hand will have to let go your heritage which I gave you; and I will make you a servant to your haters in a land which is strange to you: for you have put my wrath on fire with a flame which will go on burning for ever.|en
830|17|5|5|耶和華如此說：倚靠人血肉的膀臂，心中離棄耶和華的，那人有禍了！|zh
831|17|5|5|This is what the Lord has said: Cursed is the man who puts his faith in man, and makes flesh his arm, and whose heart is turned away from the Lord.|en
832|17|6|6|因他必像沙漠的杜松，不見福樂來到，卻要住曠野乾旱之處，無人居住的鹼地。|zh
833|17|6|6|For he will be like the brushwood in the upland, and will not see when good comes; but his living-place will be in the dry places in the waste land, in a salt and unpeopled land.|en
834|17|7|7|倚靠耶和華、以耶和華為可靠的，那人有福了！|zh
835|17|7|7|A blessing is on the man who puts his faith in the Lord, and whose hope the Lord is.|en
836|17|8|8|他必像樹栽於水旁，在河邊扎根，炎熱來到，並不懼怕，葉子仍必青翠，在乾旱之年毫無掛慮，而且結果不止。|zh
837|17|8|8|For he will be like a tree planted by the waters, pushing out its roots by the stream; he will have no fear when the heat comes, but his leaf will be green; in a dry year he will have no care, and will go on giving fruit.|en
838|17|9|9|人心比萬物都詭詐，壞到極處，誰能識透呢？|zh
839|17|9|9|The heart is a twisted thing, not to be searched out by man: who is able to have knowledge of it?|en
840|17|10|10|我─耶和華是鑒察人心、試驗人肺腑的，要照各人所行的和他做事的結果報應他。|zh
841|17|10|10|I the Lord am the searcher of the heart, the tester of the thoughts, so that I may give to every man the reward of his ways, in keeping with the fruit of his doings.|en
842|17|11|11|那不按正道得財的，好像鷓鴣菢不是自己下的蛋；到了中年，那財都必離開他，他終久成為愚頑人。|zh
843|17|11|11|Like the partridge, getting eggs together but not producing young, is a man who gets wealth but not by right; before half his days are ended, it will go from him, and at his end he will be foolish.|en
844|17|12|12|我們的聖所是榮耀的寶座，從太初安置在高處。|zh
845|17|12|12|A seat of glory, placed on high from the first, is our holy place.|en
846|17|13|13|耶和華─以色列的盼望啊，凡離棄你的必致蒙羞。耶和華說：離開我的，他們的名字必寫在土裡，因為他們離棄我這活水的泉源。|zh
847|17|13|13|O Lord, the hope of Israel, all who give you up will be put to shame; those who go away from you will be cut off from the earth, because they have given up the Lord, the fountain of living waters.|en
848|17|14|14|耶和華啊，求你醫治我，我便痊愈，拯救我，我便得救；因你是我所讚美的。|zh
849|17|14|14|Make me well, O Lord, and I will be well; be my saviour, and I will be safe: for you are my hope.|en
850|17|15|15|他們對我說：耶和華的話在哪裡呢？叫這話應驗罷！|zh
851|17|15|15|See, they say to me, Where is the word of the Lord? let it come now.|en
852|17|16|16|至於我，那跟從你作牧人的職分，我並沒有急忙離棄，也沒有想那災殃的日子；這是你知道的。我口中所出的言語都在你面前。|zh
853|17|16|16|As for me, I have not said; Let the day of trouble come to them quickly; and I have not been hoping for the death-giving day; you have knowledge of what came from my lips; it was open before you.|en
854|17|17|17|不要使我因你驚恐；當災禍的日子，你是我的避難所。|zh
855|17|17|17|Be not a cause of fear to me: you are my safe place in the day of evil.|en
856|17|18|18|願那些逼迫我的蒙羞，卻不要使我蒙羞；使他們驚惶，卻不要使我驚惶；使災禍的日子臨到他們，以加倍的毀壞毀壞他們。|zh
857|17|18|18|Let them be put to shame who are attacking me, but let me not be shamed; let them be overcome with fear, but let me not be overcome: send on them the day of evil, and put them to destruction twice over.|en
858|17|19|19|耶和華對我如此說：你去站在平民的門口，就是猶大君王出入的門，又站在耶路撒冷的各門口，|zh
859|17|19|19|This is what the Lord has said to me: Go and take your place in the doorway of Benjamin, where the kings of Judah come in and by which they go out, and in all the doorways of Jerusalem;|en
860|17|20|20|對他們說：你們這猶大君王和猶大眾人，並耶路撒冷的一切居民，凡從這些門進入的都當聽耶和華的話。|zh
861|17|20|20|And say to them, Give ear to the word of the Lord, you kings of Judah, and all the people of Jerusalem who come in by these doors:|en
862|17|21|21|耶和華如此說：你們要謹慎，不要在安息日擔甚麼擔子進入耶路撒冷的各門；|zh
863|17|21|21|This is what the Lord has said: See to yourselves, that you take up no weight on the Sabbath day, or take it in through the doors of Jerusalem;|en
864|17|22|22|也不要在安息日從家中擔出擔子去。無論何工都不可做，只要以安息日為聖日，正如我所吩咐你們列祖的。|zh
865|17|22|22|And take no weight out of your houses on the Sabbath day, or do any work, but keep the Sabbath day holy, as I gave orders to your fathers;|en
866|17|23|23|他們卻不聽從，不側耳而聽，竟硬著頸項不聽，不受教訓。|zh
867|17|23|23|But they gave no attention and would not give ear, but they made their necks stiff so that they might not give ear and might not get teaching.|en
868|17|24|24|耶和華說：你們若留意聽從我，在安息日不擔甚麼擔子進入這城的各門，只以安息日為聖日，在那日無論何工都不做；|zh
869|17|24|24|And it will be, that if with all care you give ear to me, says the Lord, and take no weight through the doorways of this town on the Sabbath day, but keep the Sabbath day holy and do no work in it;|en
870|17|25|25|那時就有坐大衛寶座的君王和首領，他們與猶大人，並耶路撒冷的居民，或坐車，或騎馬，進入這城的各門，而且這城必存到永遠。|zh
871|17|25|25|Then through the doors of this town there will come kings and princes, seated on the seat of David, going in carriages and on horseback, they and their princes, and the men of Judah and the people of Jerusalem: and this town will keep its place for ever.|en
872|17|26|26|也必有人從猶大城邑和耶路撒冷四圍的各處，從便雅憫地、高原、山地，並南地而來，都帶燔祭、平安祭、素祭，和乳香，並感謝祭，到耶和華的殿去。|zh
873|17|26|26|And they will come from the towns of Judah, and from the places round about Jerusalem, and from the land of Benjamin, and from the lowlands, and from the mountains, and from the South, with burned offerings and offerings of beasts and meal offerings and perfume and offerings of praise, to the house of the Lord.|en
874|17|27|27|你們若不聽從我，不以安息日為聖日，仍在安息日擔擔子，進入耶路撒冷的各門，我必在各門中點火；這火也必燒燬耶路撒冷的宮殿，不能熄滅。|zh
875|17|27|27|But if you do not give ear to me, to keep the Sabbath day holy, and to let no weight be lifted and taken through the doors of Jerusalem on the Sabbath day: then I will put a fire in its doorways, burning up the great houses of Jerusalem, and it will never be put out.|en
876|18|1|1|耶和華的話臨到耶利米說：|zh
877|18|1|1|The word which came to Jeremiah from the Lord, saying,|en
878|18|2|2|你起來，下到窯匠的家裡去，我在那著要使你聽我的話。|zh
879|18|2|2|Up! go down to the potter's house, and there I will let my words come to your ears.|en
880|18|3|3|我就下到窯匠的家裡去，正遇他轉輪做器皿。|zh
881|18|3|3|Then I went down to the potter's house, and he was doing his work on the stones.|en
882|18|4|4|窯匠用泥做的器皿，在他手中做壞了，他又用這泥另做別的器皿；窯匠看怎樣好，就怎樣做。|zh
883|18|4|4|And when the vessel, which he was forming out of earth, got damaged in the hand of the potter, he made it again into another vessel, as it seemed good to the potter to make it.|en
884|18|5|5|耶和華的話就臨到我說：|zh
885|18|5|5|Then the word of the Lord came to me, saying,|en
886|18|6|6|耶和華說：以色列家啊，我待你們，豈不能照這窯匠弄泥麼？以色列家啊，泥在窯匠的手中怎樣，你們在我的手中也怎樣。|zh
887|18|6|6|O Israel, am I not able to do with you as this potter does? says the Lord. See, like earth in the potter's hand are you in my hands, O Israel.|en
888|18|7|7|我何時論到一邦或一國說，要拔出、拆毀、毀壞；|zh
889|18|7|7|Whenever I say anything about uprooting a nation or a kingdom, and smashing it and sending destruction on it;|en
890|18|8|8|我所說的那一邦，若是轉意離開他們的惡，我就必後悔，不將我想要施行的災禍降與他們。|zh
891|18|8|8|If, in that very minute, that nation of which I was talking is turned away from its evil, my purpose of doing evil to them will be changed.|en
892|18|9|9|我何時論到一邦或一國說，要建立、栽植；|zh
893|18|9|9|And whenever I say anything about building up a nation or a kingdom, and planting it;|en
894|18|10|10|他們若行我眼中看為惡的事，不聽從我的話，我就必後悔，不將我所說的福氣賜給他們。|zh
895|18|10|10|If, in that very minute, it does evil in my eyes, going against my orders, then my good purpose, which I said I would do for them, will be changed.|en
896|18|11|11|現在你要對猶大人和耶路撒冷的居民說：耶和華如此說：我造出災禍攻擊你們，定意刑罰你們。你們各人當回頭離開所行的惡道，改正你們的行動作為。|zh
897|18|11|11|Now, then, say to the men of Judah and to the people of Jerusalem, This is what the Lord has said: See, I am forming an evil thing against you, and designing a design against you: let every man come back now from his evil way, and let your ways and your doings be changed for the better.|en
898|18|12|12|他們卻說：這是枉然。我們要照自己的計謀去行。各人隨自己頑梗的惡心做事。|zh
899|18|12|12|But they will say, There is no hope: we will go on in our designs, and every one of us will do what he is moved by the pride of his evil heart to do.|en
900|18|13|13|所以，耶和華如此說：你們且往各國訪問，有誰聽見這樣的事？以色列民（原文是處女）行了一件極可憎惡的事。|zh
901|18|13|13|So this is what the Lord has said: Make search among the nations and see who has had word of such things; the virgin of Israel has done a very shocking thing.|en
902|18|14|14|利巴嫩的雪從田野的磐石上豈能斷絕呢？從遠處流下的涼水豈能乾涸呢？|zh
903|18|14|14|Will the white snow go away from the top of Sirion? will the cold waters flowing from the mountains become dry?|en
904|18|15|15|我的百姓竟忘記我，向假神燒香，使他們在所行的路上，在古道上絆跌，使他們行沒有修築的斜路，|zh
905|18|15|15|For my people have put me out of their memory, burning perfumes to that which is nothing; and because of this, I will put a cause of falling in their ways, even in the old roads, and will make them go on side-roads, in a way not lifted up;|en
906|18|16|16|以致他們的地令人驚駭，常常嗤笑；凡經過這地的必驚駭搖頭。|zh
907|18|16|16|Making their land a thing of wonder, causing sounds of surprise for ever; everyone who goes by will be overcome with wonder, shaking his head.|en
908|18|17|17|我必在仇敵面前分散他們，好像用東風吹散一樣。遭難的日子，我必以背向他們，不以面向他們。|zh
909|18|17|17|I will send them in flight, as from an east wind, before the attacker; I will let them see my back and not my face on the day of their downfall.|en
910|18|18|18|他們就說：來罷！我們可以設計謀害耶利米；因為我們有祭司講律法，智慧人設謀略，先知說預言，都不能斷絕。來罷！我們可以用舌頭擊打他，不要理會他的一切話。|zh
911|18|18|18|Then they said, Come, let us make a design against Jeremiah; for teaching will never be cut off from the priest, or wisdom from the wise, or the word from the prophet. Come, let us make use of his words for an attack on him, and let us give attention with care to what he says.|en
912|18|19|19|耶和華啊，求你理會我，且聽那些與我爭競之人的話。|zh
913|18|19|19|Give thought to me, O Lord, and give ear to the voice of those who put forward a cause against me.|en
914|18|20|20|豈可以惡報善呢？他們竟挖坑要害我的性命！求你記念我怎樣站在你面前為他們代求，要使你的忿怒向他們轉消。|zh
915|18|20|20|Is evil to be the reward of good? for they have made a deep hole for my soul. Keep in mind how I took my place before you, to say a good word for them so that your wrath might be turned away from them.|en
916|18|21|21|故此，願你將他們的兒女交與饑荒和刀劍；願他們的妻無子，且作寡婦；又願他們的男人被死亡所滅，他們的少年人在陣上被刀擊殺。|zh
917|18|21|21|For this cause, let their children be without food, and give them over to the power of the sword; and let their wives be without children and become widows; let their men be overtaken by death, and their young men be put to the sword in the fight.|en
918|18|22|22|你使敵軍忽然臨到他們的時候，願人聽見哀聲從他們的屋內發出；因他們挖坑要捉拿我，暗設網羅要絆我的腳。|zh
919|18|22|22|Let a cry for help go up from their houses, when you send an armed band on them suddenly: for they have made a hole in which to take me, and have put nets for my feet secretly.|en
920|18|23|23|耶和華啊，他們要殺我的那一切計謀，你都知道。不要赦免他們的罪孽，也不要從你面前塗抹他們的罪惡，要叫他們在你面前跌倒；願你發怒的時候罰辦他們。|zh
921|18|23|23|But you, Lord, have knowledge of all the designs which they have made against my life; let not their evil-doing be covered or their sin be washed away from before your eyes: but let it be a cause of falling before you: so do to them in the time of your wrath.|en
922|19|1|1|耶和華如此說：你去買窯匠的瓦瓶，又帶百姓中的長老和祭司中的長老，|zh
923|19|1|1|This is what the Lord has said: Go and get for money a potter's bottle made of earth, and take with you some of the responsible men of the people and of the priests;|en
924|19|2|2|出去到欣嫩子谷、哈珥西（就是瓦片的意思）的門口那著，宣告我所吩咐你的話，|zh
925|19|2|2|And go out to the valley of the son of Hinnom, by the way into the door of broken pots, and there say in a loud voice the words which I will give you;|en
926|19|3|3|說：猶大君王和耶路撒冷的居民哪，當聽耶和華的話。萬軍之耶和華─以色列的神如此說：我必使災禍臨到這地方，凡聽見的人都必耳鳴；|zh
927|19|3|3|Say, Give ear to the word of the Lord, O kings of Judah and people of Jerusalem; the Lord of armies, the God of Israel, has said, See, I will send evil on this place which will be bitter to the ears of anyone hearing of it.|en
928|19|4|4|因為他們和他們列祖，並猶大君王離棄我，將這地方看為平常，在這裡向素不認識的別神燒香，又使這地方滿了無辜人的血，|zh
929|19|4|4|Because they have given me up, and made this place a strange place, burning perfumes in it to other gods, of whom they and their fathers and the kings of Judah had no knowledge; and they have made this place full of the blood of those who have done no wrong;|en
930|19|5|5|又建築巴力的邱壇，好在火中焚燒自己的兒子，作為燔祭獻給巴力。這不是我所吩咐的，不是我所提說的，也不是我心所起的意。|zh
931|19|5|5|And they have put up the high places of the Baal, burning their sons in the fire; a thing which was not ordered by me, and it was never in my mind:|en
932|19|6|6|耶和華說：因此，日子將到，這地方不再稱為陀斐特和欣嫩子谷，反倒稱為殺戮谷。|zh
933|19|6|6|For this cause, see, a time is coming, says the Lord, when this place will no longer be named Topheth, or, The valley of the son of Hinnom, but, The valley of Death.|en
934|19|7|7|我必在這地方使猶大和耶路撒冷的計謀落空，也必使他們在仇敵面前倒於刀下，並尋索其命的人手下。他們的屍首，我必給空中的飛鳥和地上的野獸作食物。|zh
935|19|7|7|I will make the purpose of Judah and Jerusalem come to nothing in this place; I will have them put to the sword by their haters, and by the hands of those who have designs on their life; and their dead bodies I will give to be food for the birds of heaven and the beasts of the earth.|en
936|19|8|8|我必使這城令人驚駭嗤笑；凡經過的人，必因這城所遭的災驚駭嗤笑。|zh
937|19|8|8|And I will make this town a thing of wonder and a cause of surprise; everyone who goes by will be overcome with wonder and make sounds of surprise, because of all its troubles.|en
938|19|9|9|我必使他們在圍困窘迫之中，就是仇敵和尋索其命的人窘迫他們的時候，各人吃自己兒女的肉和朋友的肉。|zh
939|19|9|9|I will make them take the flesh of their sons and the flesh of their daughters for food, they will be making a meal of one another, because of their bitter need and the cruel grip of their haters and those who have made designs against their life.|en
940|19|10|10|你要在同去的人眼前打碎那瓶，|zh
941|19|10|10|Then let the potter's bottle be broken before the eyes of the men who have gone with you,|en
942|19|11|11|對他們說：萬軍之耶和華如此說：我要照樣打碎這民和這城，正如人打碎窯匠的瓦器，以致不能再囫圇。並且人要在陀斐特葬埋屍首，甚至無處可葬。|zh
943|19|11|11|And say to them, This is what the Lord of armies has said: Even so will this people and this town be broken by me, as a potter's bottle is broken and may not be put together again: and the bodies of the dead will be put in the earth in Topheth, till there is no more room.|en
944|19|12|12|耶和華說：我必向這地方和其中的居民如此行，使這城與陀斐特一樣。|zh
945|19|12|12|This is what I will do to this place, says the Lord, and to its people, making this town like Topheth:|en
946|19|13|13|耶路撒冷的房屋和猶大君王的宮殿是已經被玷污的，就是他們在其上向天上的萬象燒香、向別神澆奠祭的宮殿房屋，都必與陀斐特一樣。|zh
947|19|13|13|And the houses of Jerusalem, and the houses of the kings of Judah, which they have made unclean, will be like the place of Topheth, even all the houses on whose roofs perfumes have been burned to all the army of heaven, and drink offerings drained out to other gods.|en
948|19|14|14|耶利米從陀斐特─就是耶和華差他去說預言的地方─回來，站在耶和華殿的院中，對眾人說：|zh
949|19|14|14|Then Jeremiah came from Topheth, where the Lord had sent him to give the prophet's word; and he took his place in the open square of the Lord's house, and said to all the people,|en
950|19|15|15|萬軍之耶和華─以色列的神如此說：我必使我所說的一切災禍臨到這城和屬城的一切城邑，因為他們硬著頸項不聽我的話。|zh
951|19|15|15|The Lord of armies, the God of Israel, has said: See, I will send on this town and on all her towns all the evil which I have said; because they made their necks stiff, so that they might not give ear to my words.|en
952|20|1|1|祭司音麥的兒子巴施戶珥作耶和華殿的總管，聽見耶利米預言這些事，|zh
953|20|1|1|Now it came to the ears of Pashhur, the son of Immer the priest, who was chief in authority in the house of the Lord, that Jeremiah was saying these things;|en
954|20|2|2|他就打先知耶利米，用耶和華殿著便雅憫高門內的枷，將他枷在那裡。|zh
955|20|2|2|And Pashhur gave blows to Jeremiah and had his feet chained in a framework of wood in the higher doorway of Benjamin, which was in the house of the Lord.|en
956|20|3|3|次日，巴施戶珥將耶利米開枷釋放。於是耶利米對他說：耶和華不是叫你的名為巴施戶珥，乃是叫你瑪歌珥•米撒畢（就是四面驚嚇的意思），|zh
957|20|3|3|Then on the day after, Pashhur let Jeremiah loose. Then Jeremiah said to him, The Lord has given you the name of Magor-missabib (Cause-of-fear-on-every-side), not Pashhur.|en
958|20|4|4|因耶和華如此說：我必使你自覺驚嚇，你也必使眾朋友驚嚇；他們必倒在仇敵的刀下，你也必親眼看見；我必將猶大人全交在巴比倫王的手中，他要將他們擄到巴比倫去，也要用刀將他們殺戮。|zh
959|20|4|4|For the Lord has said, See, I will make you a cause of fear to yourself and to all your friends: they will come to their death by the sword of their haters, and your eyes will see it: and I will give all Judah into the hands of the king of Babylon, and he will take them away prisoners into Babylon and put them to the sword.|en
960|20|5|5|並且我要將這城中的一切貨財和勞碌得來的，並一切珍寶，以及猶大君王所有的寶物，都交在他們仇敵的手中；仇敵要當作掠物帶到巴比倫去。|zh
961|20|5|5|And more than this, I will give all the wealth of this town and all its profits and all its things of value, even all the stores of the kings of Judah will I give into the hands of their haters, who will put violent hands on them and take them away to Babylon.|en
962|20|6|6|你這巴施戶珥和一切住在你家中的人都必被擄去；你和你的眾朋友，就是你向他們說假預言的，都必到巴比倫去，要死在那著，葬在那著。|zh
963|20|6|6|And you, Pashhur, and all who are in your house, will go away prisoners: you will come to Babylon, and there your body will be put to rest, you and all your friends, to whom you said false words.|en
964|20|7|7|耶和華啊，你曾勸導我，我也聽了你的勸導。你比我有力量，且勝了我。我終日成為笑話，人人都戲弄我。|zh
965|20|7|7|O Lord, you have been false to me, and I was tricked; you are stronger than I, and have overcome me: I have become a thing to be laughed at all the day, everyone makes sport of me.|en
966|20|8|8|我每逢講論的時候，就發出哀聲，我喊叫說：有強暴和毀滅！因為耶和華的話終日成了我的凌辱、譏刺。|zh
967|20|8|8|For every word I say is a cry for help; I say with a loud voice, Violent behaviour and wasting: because the word of the Lord is made a shame to me and a cause of laughing all the day.|en
968|20|9|9|我若說：我不再提耶和華，也不再奉他的名講論，我便心裡覺得似乎有燒著的火閉塞在我骨中，我就含忍不住，不能自禁。|zh
969|20|9|9|And if I say, I will not keep him in mind, I will not say another word in his name; then it is in my heart like a burning fire shut up in my bones, and I am tired of keeping myself in, I am not able to do it.|en
970|20|10|10|我聽見了許多人的讒謗，四圍都是驚嚇；就是我知己的朋友也都窺探我，願我跌倒，說：告他罷，我們也要告他！或者他被引誘，我們就能勝他，在他身上報仇。|zh
971|20|10|10|For numbers of them say evil secretly in my hearing (there is fear on every side): they say, Come, let us give witness against him; all my nearest friends, who are watching for my fall, say, It may be that he will be taken by deceit, and we will get the better of him and give him punishment.|en
972|20|11|11|然而，耶和華與我同在，好像甚可怕的勇士。因此，逼迫我的必都絆跌，不能得勝；他們必大大蒙羞，就是受永不忘記的羞辱，因為他們行事沒有智慧。|zh
973|20|11|11|But the Lord is with me as a great one, greatly to be feared: so my attackers will have a fall, and they will not overcome me: they will be greatly shamed, because they have not done wisely, even with an unending shame, kept in memory for ever.|en
974|20|12|12|試驗義人、察看人肺腑心腸的萬軍之耶和華啊，求你容我見你在他們身上報仇，因我將我的案件向你稟明了。|zh
975|20|12|12|But, O Lord of armies, testing the upright and seeing the thoughts and the heart, let me see your punishment come on them; for I have put my cause before you.|en
976|20|13|13|你們要向耶和華唱歌；讚美耶和華！因他救了窮人的性命脫離惡人的手。|zh
977|20|13|13|Make melody to the Lord, give praise to the Lord: for he has made the soul of the poor man free from the hands of the evil-doers.|en
978|20|14|14|願我生的那日受咒詛；願我母親產我的那日不蒙福！|zh
979|20|14|14|A curse on the day of my birth: let there be no blessing on the day when my mother had me.|en
980|20|15|15|給我父親報信說你得了兒子，使我父親甚歡喜的，願那人受咒詛。|zh
981|20|15|15|A curse on the man who gave the news to my father, saying, You have a male child; making him very glad.|en
982|20|16|16|願那人像耶和華所傾覆而不後悔的城邑；願他早晨聽見哀聲，晌午聽見吶喊；|zh
983|20|16|16|May that man be like the towns overturned by the Lord without mercy: let a cry for help come to his ears in the morning, and the sound of war in the middle of the day;|en
984|20|17|17|因他在我未出胎的時候不殺我，使我母親成了我的墳墓，胎就時常重大。|zh
985|20|17|17|Because he did not put me to death before my birth took place: so my mother's body would have been my last resting-place, and she would have been with child for ever.|en
986|20|18|18|我為何出胎見勞碌愁苦，使我的年日因羞愧消滅呢？|zh
987|20|18|18|Why did I come from my mother's body to see pain and sorrow, so that my days might be wasted with shame?|en
988|21|1|1|耶和華的話臨到耶利米。那時，西底家王打發瑪基雅的兒子巴施戶珥和瑪西雅的兒子祭司西番雅去見耶利米，說：|zh
989|21|1|1|The word which came to Jeremiah from the Lord, when King Zedekiah sent to him Pashhur, the son of Malchiah, and Zephaniah, the son of Maaseiah the priest, saying,|en
990|21|2|2|請你為我們求問耶和華；因為巴比倫王尼布甲尼撒來攻擊我們，或者耶和華照他一切奇妙的作為待我們，使巴比倫王離開我們上去。|zh
991|21|2|2|Will you get directions from the Lord for us; for Nebuchadrezzar, king of Babylon, is making war against us; it may be that the Lord will do something for us like all the wonders he has done, and make him go away from us.|en
992|21|3|3|耶利米對他們說：你們當對西底家這樣說：|zh
993|21|3|3|Then Jeremiah said to them, This is what you are to say to Zedekiah:|en
994|21|4|4|耶和華─以色列的神如此說：我要使你們手中的兵器，就是你們在城外與巴比倫王和圍困你們的迦勒底人打仗的兵器翻轉過來，又要使這些都聚集在這城中。|zh
995|21|4|4|The Lord God of Israel has said, See, I am turning back the instruments of war in your hands, with which you are fighting against the king of Babylon and the Chaldaeans, who are outside the walls and shutting you in; and I will get them together inside this town.|en
996|21|5|5|並且我要在怒氣、忿怒，和大惱恨中，用伸出來的手，並大能的膀臂，親自攻擊你們；|zh
997|21|5|5|And I myself will be fighting against you with an outstretched hand and with a strong arm, even with angry feeling and passion and in great wrath.|en
998|21|6|6|又要擊打這城的居民，連人帶牲畜都必遭遇大瘟疫死亡。|zh
999|21|6|6|And I will send a great disease on the people living in this town, on man and on beast, causing their death.|en
1000|21|7|7|以後我要將猶大王西底家和他的臣僕百姓，就是在城內，從瘟疫、刀劍、饑荒中剩下的人，都交在巴比倫王尼布甲尼撒的手中和他們仇敵，並尋索其命的人手中。巴比倫王必用刀擊殺他們，不顧惜，不可憐，不憐憫。這是耶和華說的。|zh
1001|21|7|7|And after that, says the Lord, I will give up Zedekiah, king of Judah, and his servants and his people, even those in the town who have not come to their end from the disease and the sword and from need of food, into the hands of Nebuchadrezzar, king of Babylon, and into the hands of their haters, and into the hands of those desiring their death: he will put them to the sword; he will not let anyone get away, he will have no pity or mercy.|en
1002|21|8|8|你要對這百姓說：耶和華如此說：看哪，我將生命的路和死亡的路擺在你們面前。|zh
1003|21|8|8|And to this people you are to say, The Lord has said, See, I put before you the way of life and the way of death.|en
1004|21|9|9|住在這城著的必遭刀劍、饑荒、瘟疫而死；但出去歸降圍困你們迦勒底人的必得存活，要以自己的命為掠物。|zh
1005|21|9|9|He who keeps in this town will come to his death by the sword and through need of food and through disease; but he who goes out and gives himself up to the Chaldaeans who are shutting you in, will go on living, and will keep his life safe.|en
1006|21|10|10|耶和華說：我向這城變臉，降禍不降福；這城必交在巴比倫王的手中，他必用火焚燒。|zh
1007|21|10|10|For my face is turned to this town for evil and not for good, says the Lord: it will be given into the hands of the king of Babylon, and he will have it burned with fire.|en
1008|21|11|11|至於猶大王的家，你們當聽耶和華的話。|zh
1009|21|11|11|About the family of the king of Judah. Give ear to the word of the Lord;|en
1010|21|12|12|大衛家啊，耶和華如此說：你們每早晨要施行公平，拯救被搶奪的脫離欺壓人的手，恐怕我的忿怒因你們的惡行發作，如火著起，甚至無人能以熄滅。|zh
1011|21|12|12|O family of David, this is what the Lord has said: Do what is right in the morning, and make free from the hands of the cruel one him whose goods have been violently taken away, or my wrath will go out like fire, burning so that no one may put it out, because of the evil of your doings.|en
1012|21|13|13|耶和華說：住山谷和平原磐石上的居民，你們說：誰能下來攻擊我們？誰能進入我們的住處呢？看哪，我與你們為敵。|zh
1013|21|13|13|See, I am against you, you who are living on the rock of the valley, says the Lord; you who say, Who will come down against us? or who will get into our houses?|en
1014|21|14|14|耶和華又說：我必按你們做事的結果刑罰你們；我也必使火在耶路撒冷的林中著起，將他四圍所有的盡行燒滅。|zh
1015|21|14|14|I will send punishment on you in keeping with the fruit of your doings, says the Lord: and I will put a fire in her woodlands, burning up everything round about her.|en
1016|22|1|1|耶和華如此說：你下到猶大王的宮中，在那著說這話，|zh
1017|22|1|1|This is what the Lord has said: Go down to the house of the king of Judah and there give him this word,|en
1018|22|2|2|說：坐大衛寶座的猶大王啊，你和你的臣僕，並進入城門的百姓，都當聽耶和華的話。|zh
1019|22|2|2|And say, Give ear to the word of the Lord, O king of Judah, seated on the seat of David, you and your servants and your people who come in by these doors.|en
1020|22|3|3|耶和華如此說：你們要施行公平和公義，拯救被搶奪的脫離欺壓人的手，不可虧負寄居的和孤兒寡婦，不可以強暴待他們，在這地方也不可流無辜人的血。|zh
1021|22|3|3|This is what the Lord has said: Do what is right, judging uprightly, and make free from the hands of the cruel one him whose goods have been violently taken away: do no wrong and be not violent to the man from a strange country and the child without a father and the widow, and let not those who have done no wrong be put to death in this place.|en
1022|22|4|4|你們若認真行這事，就必有坐大衛寶座的君王和他的臣僕百姓，或坐車或騎馬，從這城的各門進入。|zh
1023|22|4|4|For if you truly do this, then there will come in through the doors of this house kings seated on the seat of David, going in carriages and on horseback, he and his servants and his people|en
1024|22|5|5|你們若不聽這些話，耶和華說：我指著自己起誓，這城必變為荒場。|zh
1025|22|5|5|But if you do not give ear to these words, I give you my oath by myself, says the Lord, that this house will become a waste.|en
1026|22|6|6|耶和華論到猶大王的家如此說：我看你如基列，如利巴嫩頂；然而，我必使你變為曠野，為無人居住的城邑。|zh
1027|22|6|6|For this is what the Lord has said about the family of the king of Judah: You are Gilead to me, and the top of Lebanon: but, truly, I will make you waste, with towns unpeopled.|en
1028|22|7|7|我要預備行毀滅的人，各拿器械攻擊你；他們要砍下你佳美的香柏樹，扔在火中。|zh
1029|22|7|7|And I will make ready those who will send destruction on you, everyone armed for war: by them your best cedar-trees will be cut down and put in the fire.|en
1030|22|8|8|許多國的民要經過這城，各人對鄰舍說：耶和華為何向這大城如此行呢？|zh
1031|22|8|8|And nations from all sides will go past this town, and every man will say to his neighbour, Why has the Lord done such things to this great town?|en
1032|22|9|9|他們必回答說：是因離棄了耶和華─他們神的約，事奉敬拜別　神。|zh
1033|22|9|9|And they will say, Because they gave up the agreement of the Lord their God, and became worshippers and servants of other gods.|en
1034|22|10|10|不要為死人哭號；不要為他悲傷，卻要為離家出外的人大大哭號；因為他不得再回來，也不得再見他的本國。|zh
1035|22|10|10|Let there be no weeping for the dead, and make no songs of grief for him: but make bitter weeping for him who has gone away, for he will never come back or see again the country of his birth.|en
1036|22|11|11|因為耶和華論到從這地方出去的猶大王約西亞的兒子沙龍（在王下23：30名約哈斯），就是接續他父親約西亞作王的，這樣說：他必不得再回到這裡來，|zh
1037|22|11|11|For this is what the Lord has said about Shallum, the son of Josiah, king of Judah, who became king in place of Josiah his father, who went out from this place: He will never come back there again:|en
1038|22|12|12|卻要死在被擄去的地方，必不得再見這地。|zh
1039|22|12|12|But death will come to him in the place where they have taken him away prisoner, and he will never see this land again.|en
1040|22|13|13|那行不義蓋房、行不公造樓、白白使用人的手工不給工價的有禍了！|zh
1041|22|13|13|A curse is on him who is building his house by wrongdoing, and his rooms by doing what is not right; who makes use of his neighbour without payment, and gives him nothing for his work;|en
1042|22|14|14|他說：我要為自己蓋廣大的房、寬敞的樓，為自己開窗戶。這樓房的護牆板是香柏木的，樓房是丹色油漆的。|zh
1043|22|14|14|Who says, I will make a wide house for myself, and rooms of great size, and has windows cut out, and has it roofed with cedar and painted with bright red.|en
1044|22|15|15|難道你作王是在乎造香柏木樓房爭勝麼？你的父親豈不是也吃也喝、也施行公平和公義麼？那時他得了福樂。|zh
1045|22|15|15|Are you to be a king because you make more use of cedar than your father? did not your father take food and drink and do right, judging in righteousness, and then it was well for him?|en
1046|22|16|16|他為困苦和窮乏人伸冤，那時就得了福樂。認識我不在乎此麼？這是耶和華說的。|zh
1047|22|16|16|He was judge in the cause of the poor and those in need; then it was well. Was not this to have knowledge of me? says the Lord.|en
1048|22|17|17|惟有你的眼和你的心專顧貪婪，流無辜人的血，行欺壓和強暴。|zh
1049|22|17|17|But your eyes and your heart are fixed only on profit for yourself, on causing the death of him who has done no wrong, and on violent and cruel acts.|en
1050|22|18|18|所以，耶和華論到猶大王約西亞的兒子約雅敬如此說：人必不為他舉哀說：哀哉！我的哥哥；或說：哀哉！我的姊姊；也不為他舉哀說：哀哉！我的主；或說：哀哉！我主的榮華。|zh
1051|22|18|18|So this is what the Lord has said about Jehoiakim, the son of Josiah, king of Judah: They will make no weeping for him, saying, Ah my brother! or, Ah sister! they will make no weeping for him, saying, Ah lord! or, Ah his glory!|en
1052|22|19|19|他被埋葬，好像埋驢一樣，要拉出去扔在耶路撒冷的城門之外。|zh
1053|22|19|19|They will do to him what they do to the dead body of an ass; his body will be pulled out and placed on the earth outside the doors of Jerusalem.|en
1054|22|20|20|你要上利巴嫩哀號，在巴珊揚聲，從亞巴琳哀號，因為你所親愛的都毀滅了。|zh
1055|22|20|20|Go up to Lebanon and give a cry; let your voice be loud in Bashan, crying out from Abarim; for all your lovers have come to destruction|en
1056|22|21|21|你興盛的時候，我對你說話；你卻說：我不聽。你自幼年以來總是這樣，不聽從我的話。|zh
1057|22|21|21|My word came to you in the time of your well-being; but you said, I will not give ear. This has been your way from your earliest years, you did not give attention to my voice.|en
1058|22|22|22|你的牧人要被風吞吃，你所親愛的必被擄去；那時你必因你一切的惡抱愧蒙羞。|zh
1059|22|22|22|All the keepers of your sheep will be food for the wind, and your lovers will be taken away prisoners: truly, then you will be shamed and unhonoured because of all your evil-doing.|en
1060|22|23|23|你這住利巴嫩、在香柏樹上搭窩的，有痛苦臨到你，好像疼痛臨到產難的婦人，那時你何等可憐！|zh
1061|22|23|23|O you who are living in Lebanon, making your living-place in the cedars, how greatly to be pitied will you be when pains come on you, as on a woman in childbirth!|en
1062|22|24|24|耶和華說：猶大王約雅敬的兒子哥尼雅（又名耶哥尼雅；下同），雖是我右手上帶印的戒指，我憑我的永生起誓，也必將你從其上摘下來，|zh
1063|22|24|24|By my life, says the Lord, even if Coniah, the son of Jehoiakim, king of Judah, was the ring on my right hand, even from there I would have you pulled off;|en
1064|22|25|25|並且我必將你交給尋索你命的人和你所懼怕的人手中，就是巴比倫王尼布甲尼撒和迦勒底人的手中。|zh
1065|22|25|25|And I will give you into the hands of those desiring your death, and into the hands of those whom you are fearing, even into the hands of Nebuchadrezzar, king of Babylon, and into the hands of the Chaldaeans.|en
1066|22|26|26|我也必將你和生你的母親趕到別國，並不是你們生的地方；你們必死在那裡，|zh
1067|22|26|26|I will send you out, and your mother who gave you birth, into another country not the land of your birth; and there death will come to you.|en
1068|22|27|27|但心中甚想歸回之地，必不得歸回。|zh
1069|22|27|27|But to the land on which their soul's desire is fixed, they will never come back.|en
1070|22|28|28|哥尼雅這人是被輕看、破壞的器皿麼？是無人喜愛的器皿麼？他和他的後裔為何被趕到不認識之地呢？|zh
1071|22|28|28|Is this man Coniah a broken vessel of no value? is he a vessel in which there is no pleasure? why are they violently sent out, he and his seed, into a land which is strange to them?|en
1072|22|29|29|地啊，地啊，地啊，當聽耶和華的話！|zh
1073|22|29|29|O earth, earth, earth, give ear to the word of the Lord!|en
1074|22|30|30|耶和華如此說：要寫明這人算為無子，是平生不得亨通的；因為他後裔中再無一人得亨通，能坐在大衛的寶座上治理猶大。|zh
1075|22|30|30|The Lord has said, Let this man be recorded as having no children, a man who will not do well in all his life: for no man of his seed will do well, seated on the seat of the kingdom of David and ruling again in Judah.|en
1076|23|1|1|耶和華說：那些殘害、趕散我草場之羊的牧人有禍了！|zh
1077|23|1|1|A curse is on the keepers who are causing the destruction and loss of the sheep of my field, says the Lord.|en
1078|23|2|2|耶和華─以色列的神斥責那些牧養他百姓的牧人，如此說：你們趕散我的羊群，並沒有看顧他們；我必討你們這行惡的罪。這是耶和華說的。|zh
1079|23|2|2|So this is what the Lord, the God of Israel, has said against the keepers who have the care of my people: You have let my flock be broken up, driving them away and not caring for them; see, I will send on you the punishment for the evil of your doings, says the Lord.|en
1080|23|3|3|我要將我羊群中所餘剩的，從我趕他們到的各國內招聚出來，領他們歸回本圈；他們也必生養眾多。|zh
1081|23|3|3|And I will get the rest of my flock together from all the countries where I have sent them, and will make them come back again to their resting-place; and they will have offspring and be increased.|en
1082|23|4|4|我必設立照管他們的牧人，牧養他們。他們不再懼怕，不再驚惶，也不缺少一個；這是耶和華說的。|zh
1083|23|4|4|And I will put over them keepers who will take care of them: never again will they be overcome with fear or be troubled, and there will not be the loss of one of them, says the Lord.|en
1084|23|5|5|耶和華說：日子將到，我要給大衛興起一個公義的苗裔；他必掌王權，行事有智慧，在地上施行公平和公義。|zh
1085|23|5|5|See, the days are coming, says the Lord, when I will give to David a true Branch, and he will be ruling as king, acting wisely, doing what is right, and judging uprightly in the land.|en
1086|23|6|6|在他的日子，猶大必得救，以色列也安然居住。他的名必稱為耶和華─我們的義。|zh
1087|23|6|6|In his days Judah will have salvation and Israel will be living without fear: and this is the name by which he will be named, The Lord is our righteousness.|en
1088|23|7|7|耶和華說：日子將到，人必不再指著那領以色列人從埃及地上來永生的耶和華起誓，|zh
1089|23|7|7|And so, truly, the days are coming when they will say no longer, By the living Lord, who took the children of Israel up out of the land of Egypt;|en
1090|23|8|8|卻要指著那領以色列家的後裔從北方和趕他們到的各國中上來、永生的耶和華起誓。他們必住在本地。|zh
1091|23|8|8|But, By the living Lord, who took up the seed of Israel, and made them come out of the north country, and from all the countries where I had sent them; and they will be living in the land which is theirs.|en
1092|23|9|9|論到那些先知，我心在我裡面憂傷，我骨頭都發顫；因耶和華和他的聖言，我像醉酒的人，像被酒所勝的人。|zh
1093|23|9|9|About the prophets. My heart is broken in me, all my bones are shaking; I am like a man full of strong drink, like a man overcome by wine; because of the Lord, and because of his holy words.|en
1094|23|10|10|地滿了行淫的人！因妄自賭咒，地就悲哀；曠野的草場都枯乾了。他們所行的道乃是惡的；他們的勇力使得不正。|zh
1095|23|10|10|For the land is full of men who are untrue to their wives; because of the curse the land is full of grief; the green fields of the waste land have become dry; and they are quick to do evil, their strength is for what is not right.|en
1096|23|11|11|連先知帶祭司都是褻瀆的，就是在我殿中我也看見他們的惡。這是耶和華說的。|zh
1097|23|11|11|For the prophet as well as the priest is unclean; even in my house I have seen their evil-doing, says the Lord.|en
1098|23|12|12|因此，他們的道路必像黑暗中的滑地，他們必被追趕，在這路中仆倒；因為當追討之年，我必使災禍臨到他們。這是耶和華說的。|zh
1099|23|12|12|For this cause their steps will be slipping on their way: they will be forced on into the dark and have a fall there: for I will send evil on them in the year of their punishment, says the Lord.|en
1100|23|13|13|我在撒瑪利亞的先知中曾見愚妄；他們藉巴力說預言，使我的百姓以色列走錯了路。|zh
1101|23|13|13|And I have seen ways without sense in the prophets of Samaria; they became prophets of the Baal, causing my people Israel to go wrong.|en
1102|23|14|14|我在耶路撒冷的先知中曾見可憎惡的事；他們行姦淫，做事虛妄，又堅固惡人的手，甚至無人回頭離開他的惡。他們在我面前都像所多瑪；耶路撒冷的居民都像蛾摩拉。|zh
1103|23|14|14|And in the prophets of Jerusalem I have seen a shocking thing; they are untrue to their wives, walking in deceit, and they make strong the hands of evil-doers, so that a man may not be turned back from his evil-doing: they have all become like Sodom to me, and its people like Gomorrah.|en
1104|23|15|15|所以萬軍之耶和華論到先知如此說：我必將茵蔯給他們吃，又將苦膽水給他們喝；因為褻瀆的事出於耶路撒冷的先知，流行遍地。|zh
1105|23|15|15|So this is what the Lord of armies has said about the prophets: See, I will give them a bitter plant for their food, and bitter water for their drink: for from the prophets of Jerusalem unclean behaviour has gone out into all the land.|en
1106|23|16|16|萬軍之耶和華如此說：這些先知向你們說預言，你們不要聽他們的話。他們以虛空教訓你們，所說的異象是出於自己的心，不是出於耶和華的口。|zh
1107|23|16|16|This is what the Lord of armies has said: Do not give ear to the words which the prophets say to you: they give you teaching of no value: it is from themselves that their vision comes, and not out of the mouth of the Lord.|en
1108|23|17|17|他們常對藐視我的人說：『耶和華說：你們必享平安』；又對一切按自己頑梗之心而行的人說：『必沒有災禍臨到你們。』」|zh
1109|23|17|17|They keep on saying to those who have no respect for the word of the Lord, You will have peace; and to everyone who goes on his way in the pride of his heart, they say, No evil will come to you.|en
1110|23|18|18|有誰站在耶和華的會中得以聽見並會悟他的話呢？有誰留心聽他的話呢？|zh
1111|23|18|18|For which of them has knowledge of the secret of the Lord, and has seen him, and given ear to his word? which of them has taken note of his word and given attention to it?|en
1112|23|19|19|看哪！耶和華的忿怒好像暴風，已經發出；是暴烈的旋風，必轉到惡人的頭上。|zh
1113|23|19|19|See, the storm-wind of the Lord, even the heat of his wrath, has gone out, a rolling storm, bursting on the heads of the evil-doers.|en
1114|23|20|20|耶和華的怒氣必不轉消，直到他心中所擬定的成就了。末後的日子你們要全然明白。|zh
1115|23|20|20|The wrath of the Lord will not be turned back till he has done, till he has put into effect, the purposes of his heart: in days to come you will have full knowledge of this.|en
1116|23|21|21|我沒有打發那些先知，他們竟自奔跑；我沒有對他們說話，他們竟自預言。|zh
1117|23|21|21|I did not send these prophets, but they went running: I said nothing to them, but they gave out the prophet's word.|en
1118|23|22|22|他們若是站在我的會中，就必使我的百姓聽我的話，又使他們回頭離開惡道和他們所行的惡。|zh
1119|23|22|22|But if they had been in my secret, then they would have made my people give ear to my words, turning them from their evil way, and from the evil of their doings.|en
1120|23|23|23|耶和華說：我豈為近處的神呢？不也為遠處的　神麼？|zh
1121|23|23|23|Am I only a God who is near, says the Lord, and not a God at a distance?|en
1122|23|24|24|耶和華說：人豈能在隱密處藏身，使我看不見他呢？耶和華說：我豈不充滿天地麼？|zh
1123|23|24|24|In what secret place may a man take cover without my seeing him? says the Lord. Is there any place in heaven or earth where I am not? says the Lord.|en
1124|23|25|25|我已聽見那些先知所說的，就是託我名說的假預言，他們說：我做了夢！我做了夢！|zh
1125|23|25|25|My ears have been open to what the prophets have said, who say false words in my name, saying, I have had a dream, I have had a dream, I have had a dream,|en
1126|23|26|26|說假預言的先知，就是預言本心詭詐的先知，他們這樣存心要到幾時呢？|zh
1127|23|26|26|Is (my word) in the hearts of the prophets who give out false words, even the prophets of the deceit of their hearts?|en
1128|23|27|27|他們各人將所做的夢對鄰舍述說，想要使我的百姓忘記我的名，正如他們列祖因巴力忘記我的名一樣。|zh
1129|23|27|27|Whose purpose is to take away the memory of my name from my people by their dreams, of which every man is talking to his neighbour, as their fathers gave up the memory of my name for the Baal.|en
1130|23|28|28|得夢的先知可以述說那夢；得我話的人可以誠實講說我的話。糠秕怎能與麥子比較呢？這是耶和華說的。|zh
1131|23|28|28|If a prophet has a dream, let him give out his dream; and he who has my word, let him give out my word in good faith. What has the dry stem to do with the grain? says the Lord.|en
1132|23|29|29|耶和華說：我的話豈不像火，又像能打碎磐石的大錘麼？|zh
1133|23|29|29|Is not my word like fire? says the Lord; and like a hammer, smashing the rock to bits?|en
1134|23|30|30|耶和華說：那些先知各從鄰舍偷竊我的言語，因此我必與他們反對。|zh
1135|23|30|30|For this cause I am against the prophets, says the Lord, who take my words, every one from his neighbour.|en
1136|23|31|31|耶和華說：那些先知用舌頭，說是耶和華說的；我必與他們反對。|zh
1137|23|31|31|See, I am against the prophets, says the Lord, who let their tongues say, He has said.|en
1138|23|32|32|耶和華說：那些以幻夢為預言，又述說這夢，以謊言和矜誇使我百姓走錯了路的，我必與他們反對。我沒有打發他們，也沒有吩咐他們。他們與這百姓毫無益處。這是耶和華說的。|zh
1139|23|32|32|See, I am against the prophets of false dreams, says the Lord, who give them out and make my people go out of the way by their deceit and their uncontrolled words: but I did not send them or give them orders; and they will be of no profit to this people, says the Lord.|en
1140|23|33|33|無論是百姓，是先知，是祭司，問你說：耶和華有甚麼默示呢？你就對他們說：甚麼默示啊？耶和華說：我要撇棄你們。|zh
1141|23|33|33|And if this people, or the prophet, or a priest, questioning you, says, What word of weight is there from the Lord? then you are to say to them, You are the word, for I will not be troubled with you any more, says the Lord.|en
1142|23|34|34|無論是先知，是祭司，是百姓，說耶和華的默示，我必刑罰那人和他的家。|zh
1143|23|34|34|And as for the prophet and the priest and the people who say, A word of weight from the Lord! I will send punishment on that man and on his house.|en
1144|23|35|35|你們各人要對鄰舍，各人要對弟兄如此說：耶和華回答甚麼？耶和華說了甚麼呢？|zh
1145|23|35|35|But this is what you are to say, every man to his neighbour and every man to his brother, What answer has the Lord given? and, What has the Lord said?|en
1146|23|36|36|耶和華的默示你們不可再提，各人所說的話必作自己的重擔（重擔和默示原文同），因為你們謬用永生神、萬軍之耶和華─我們　神的言語。|zh
1147|23|36|36|And you will no longer put people in mind of the word of weight of the Lord: for every man's word will be a weight on himself; for the words of the living God, of the Lord of armies, our God, have been twisted by you.|en
1148|23|37|37|你們要對先知如此說：耶和華回答你甚麼？耶和華說了甚麼呢？|zh
1149|23|37|37|This is what you are to say to the prophet, What answer has the Lord given to you? and, What has the Lord said?|en
1150|23|38|38|你們若說耶和華的默示，耶和華就如此說：因你們說耶和華的默示這句話，我也打發人到你們那裡去，告訴你們不可說耶和華的默示。|zh
1151|23|38|38|But if you say, The word of weight of the Lord; this is what the Lord has said: Because you say, The weight of the Lord, and I have sent to you, saying, You are not to say, The weight of the Lord;|en
1152|23|39|39|所以我必全然忘記你們，將你們和我所賜給你們並你們列祖的城撇棄了；|zh
1153|23|39|39|For this reason, truly, I will put you completely out of my memory, and I will put you, and the town which I gave to you and to your fathers, away from before my face:|en
1154|23|40|40|又必使永遠的凌辱和長久的羞恥臨到你們，是不能忘記的。|zh
1155|23|40|40|And I will give you a name without honour for ever, and unending shame which will never go from the memory of men.|en
1156|24|1|1|巴比倫王尼布甲尼撒將猶大王約雅敬的兒子耶哥尼雅和猶大的首領，並工匠、鐵匠從耶路撒冷擄去，帶到巴比倫。這事以後，耶和華指給我看，有兩筐無花果放在耶和華的殿前。|zh
1157|24|1|1|The Lord gave me a vision, and I saw two baskets full of figs put in front of the Temple of the Lord, after Nebuchadrezzar, king of Babylon, had taken prisoner Jeconiah, the son of Jehoiakim, king of Judah, and the chiefs of Judah, and the expert workmen and metal-workers from Jerusalem, and had taken them to Babylon.|en
1158|24|2|2|一筐是極好的無花果，好像是初熟的；一筐是極壞的無花果，壞得不可吃。|zh
1159|24|2|2|One basket had very good figs, like the figs which first come to growth: and the other basket had very bad figs, so bad that they were of no use for food.|en
1160|24|3|3|於是耶和華問我說：耶利米你看見甚麼？我說：我看見無花果，好的極好，壞的極壞，壞得不可吃。|zh
1161|24|3|3|Then the Lord said to me, What do you see, Jeremiah? And I said, Figs; the good figs are very good, and the bad very bad, and of no use for food, they are so bad.|en
1162|24|4|4|耶和華的話臨到我說：|zh
1163|24|4|4|And the word of the Lord came to me, saying,|en
1164|24|5|5|耶和華─以色列的神如此說：被擄去的猶大人，就是我打發離開這地到迦勒底人之地去的，我必看顧他們如這好無花果，使他們得好處。|zh
1165|24|5|5|This is what the Lord, the God of Israel, has said: Like these good figs, so in my eyes will be the prisoners of Judah, whom I have sent from this place into the land of the Chaldaeans for their good.|en
1166|24|6|6|我要眷顧他們，使他們得好處，領他們歸回這地。我也要建立他們，必不拆毀；栽植他們，並不拔出。|zh
1167|24|6|6|For I will keep my eyes on them for good, and I will take them back again to this land, building them up and not pulling them down, planting them and not uprooting them.|en
1168|24|7|7|我要賜他們認識我的心，知道我是耶和華。他們要作我的子民，我要作他們的神，因為他們要一心歸向我。|zh
1169|24|7|7|And I will give them a heart to have knowledge of me, that I am the Lord: and they will be my people, and I will be their God: for they will come back to me with all their heart.|en
1170|24|8|8|耶和華如此說：我必將猶大王西底家和他的首領，以及剩在這地耶路撒冷的餘民，並住在埃及地的猶大人都交出來，好像那極壞、壞得不可吃的無花果。|zh
1171|24|8|8|And like the bad figs which are so bad that they are of no use for food, so I will give up Zedekiah, king of Judah, and his chiefs and the rest of Jerusalem who are still in this land, and those who are in the land of Egypt:|en
1172|24|9|9|我必使他們交出來，在天下萬國中拋來拋去，遭遇災禍；在我趕逐他們到的各處成為凌辱、笑談、譏刺、咒詛。|zh
1173|24|9|9|I will give them up to be a cause of fear and of trouble among all the kingdoms of the earth; to be a name of shame and common talk and a cutting word and a curse in all the places wherever I will send them wandering.|en
1174|24|10|10|我必使刀劍、饑荒、瘟疫臨到他們，直到他們從我所賜給他們和他們列祖之地滅絕。|zh
1175|24|10|10|And I will send the sword, and need of food, and disease, among them till they are all cut off from the land which I gave to them and to their fathers.|en
1176|25|1|1|猶大王約西亞的兒子約雅敬第四年，就是巴比倫王尼布甲尼撒的元年，耶和華論猶大眾民的話臨到耶利米。|zh
1177|25|1|1|The word which came to Jeremiah about all the people of Judah in the fourth year of Jehoiakim, the son of Josiah king of Judah; this was the first year of Nebuchadrezzar, king of Babylon.|en
1178|25|2|2|先知耶利米就將這話對猶大眾人和耶路撒冷的一切居民說：|zh
1179|25|2|2|This word Jeremiah gave out to all the people of Judah and to those living in Jerusalem, saying,|en
1180|25|3|3|從猶大王亞們的兒子約西亞十三年直到今日，這二十三年之內，常有耶和華的話臨到我；我也對你們傳說，就是從早起來傳說，只是你們沒有聽從。|zh
1181|25|3|3|From the thirteenth year of Josiah, the son of Amon, king of Judah, even till this day, for twenty-three years, the word of the Lord has been coming to me, and I have given it to you, getting up early and talking to you; but you have not given ear.|en
1182|25|4|4|耶和華也從早起來，差遣他的僕人眾先知到你們這裡來（只是你們沒有聽從，也沒有側耳而聽），|zh
1183|25|4|4|And the Lord has sent to you all his servants the prophets, getting up early and sending them; but you have not given attention and your ear has not been open to give hearing;|en
1184|25|5|5|說：你們各人當回頭，離開惡道和所作的惡，便可居住耶和華古時所賜給你們和你們列祖之地，直到永遠。|zh
1185|25|5|5|Saying, Come back now, everyone from his evil way and from the evil of your doings, and keep your place in the land which the Lord has given to you and to your fathers, from times long past even for ever:|en
1186|25|6|6|不可隨從別神事奉敬拜，以你們手所作的惹我發怒；這樣，我就不加害與你們。|zh
1187|25|6|6|Do not go after other gods to be their servants and to give them worship, and do not make me angry with the work of your hands, causing evil to yourselves.|en
1188|25|7|7|然而你們沒有聽從我，竟以手所做的惹我發怒，陷害自己。這是耶和華說的。|zh
1189|25|7|7|But you have not given ear to me, says the Lord; so that you have made me angry with the work of your hands, causing evil to yourselves.|en
1190|25|8|8|所以萬軍之耶和華如此說：因為你們沒有聽從我的話，|zh
1191|25|8|8|So this is what the Lord of armies has said: Because you have not given ear to my words,|en
1192|25|9|9|我必召北方的眾族和我僕人巴比倫王尼布甲尼撒來攻擊這地和這地的居民，並四圍一切的國民。我要將他們盡行滅絕，以致他們令人驚駭、嗤笑，並且永久荒涼。這是耶和華說的。|zh
1193|25|9|9|See, I will send and take all the families of the north, says the Lord, and Nebuchadrezzar, king of Babylon, my servant, and make them come against this land, and against its people, and against all these nations on every side; and I will give them up to complete destruction, and make them a cause of fear and surprise and a waste place for ever.|en
1194|25|10|10|我又要使歡喜和快樂的聲音，新郎和新婦的聲音，推磨的聲音和燈的亮光，從他們中間止息。|zh
1195|25|10|10|And more than this, I will take from them the sound of laughing voices, the voice of joy, the voice of the newly-married man, and the voice of the bride, the sound of the stones crushing the grain, and the shining of lights.|en
1196|25|11|11|這全地必然荒涼，令人驚駭。這些國民要服事巴比倫王七十年。|zh
1197|25|11|11|All this land will be a waste and a cause of wonder; and these nations will be the servants of the king of Babylon for seventy years.|en
1198|25|12|12|七十年滿了以後，我必刑罰巴比倫王和那國民，並迦勒底人之地，因他們的罪孽使那地永遠荒涼。這是耶和華說的。|zh
1199|25|12|12|And it will come about, after seventy years are ended, that I will send punishment on the king of Babylon, and on that nation, says the Lord, for their evil-doing, and on the land of the Chaldaeans; and I will make it a waste for ever.|en
1200|25|13|13|我也必使我向那地所說的話，就是記在這書上的話，是耶利米向這些國民說的預言，都臨到那地。|zh
1201|25|13|13|And I will make that land undergo everything I have said against it, even everything recorded in this book, which Jeremiah the prophet has said against all the nations.|en
1202|25|14|14|因為有多國和大君王必使迦勒底人作奴僕；我也必照他們的行為，按他們手所做的報應他們。|zh
1203|25|14|14|For a number of nations and great kings will make servants of them, even of them: and I will give them the reward of their acts, even the reward of the work of their hands.|en
1204|25|15|15|耶和華─以色列的神對我如此說：你從我手中接這杯忿怒的酒，使我所差遣你去的各國的民喝。|zh
1205|25|15|15|For this is what the Lord, the God of Israel, has said to me: Take the cup of the wine of this wrath from my hand, and make all the nations to whom I send you take of it.|en
1206|25|16|16|他們喝了就要東倒西歪，並要發狂，因我使刀劍臨到他們中間。|zh
1207|25|16|16|And after drinking it, they will go rolling from side to side, and be off their heads, because of the sword which I will send among them.|en
1208|25|17|17|我就從耶和華的手中接了這杯，給耶和華所差遣我去的各國的民喝，|zh
1209|25|17|17|Then I took the cup from the Lord's hand, and gave a drink from it to all the nations to whom the Lord sent me;|en
1210|25|18|18|就是耶路撒冷和猶大的城邑，並耶路撒冷的君王與首領，使這城邑荒涼，令人驚駭、嗤笑、咒詛，正如今日一樣。|zh
1211|25|18|18|Jerusalem and the towns of Judah and their kings and their princes, to make them a waste place, a cause of fear and surprise and a curse, as it is this day;|en
1212|25|19|19|又有埃及王法老和他的臣僕、首領，以及他的眾民，|zh
1213|25|19|19|Pharaoh, king of Egypt, and his servants and his princes and all his people;|en
1214|25|20|20|並雜族的人民和烏斯地的諸王，與非利士地的諸王（亞實基倫、迦薩、以革倫，以及亞實突剩下的人）；|zh
1215|25|20|20|And all the mixed people and all the kings of the land of Uz, and all the kings of the land of the Philistines, and Ashkelon and Gaza and Ekron and the rest of Ashdod;|en
1216|25|21|21|以東、摩押、亞捫人、|zh
1217|25|21|21|Edom and Moab and the children of Ammon,|en
1218|25|22|22|推羅的諸王、西頓的諸王、海島的諸王、|zh
1219|25|22|22|And all the kings of Tyre, and all the kings of Zidon, and the kings of the lands across the sea;|en
1220|25|23|23|底但、提瑪、布斯，和一切剃周圍頭髮的；|zh
1221|25|23|23|Dedan and Tema and Buz, and all who have the ends of their hair cut;|en
1222|25|24|24|亞拉伯的諸王、住曠野雜族人民的諸王、|zh
1223|25|24|24|And all the kings of Arabia, and all the kings of the mixed people living in the waste land;|en
1224|25|25|25|心利的諸王、以攔的諸王、瑪代的諸王、|zh
1225|25|25|25|And all the kings of Zimri, and all the kings of Elam, and all the kings of the Medes;|en
1226|25|26|26|北方遠近的諸王，以及天下地上的萬國喝了，以後示沙克（就是巴比倫）王也要喝。|zh
1227|25|26|26|And all the kings of the north, far and near, one with another; and all the kingdoms of the world on the face of the earth.|en
1228|25|27|27|你要對他們說：萬軍之耶和華─以色列的神如此說：你們要喝，且要喝醉，要嘔吐，且要跌倒，不得再起來，都因我使刀劍臨到你們中間。|zh
1229|25|27|27|And you are to say to them, This is what the Lord of armies, the God of Israel, has said: Take of this cup and be overcome, and let it come out again from your lips, and from your fall you will never be lifted up again, because of the sword which I will send among you.|en
1230|25|28|28|他們若不肯從你手接這杯喝，你就要對他們說：萬軍之耶和華如此說：你們一定要喝！|zh
1231|25|28|28|And it will be, if they will not take of the cup in your hand, then you are to say to them, This is what the Lord of armies has said: You will certainly take of it.|en
1232|25|29|29|我既從稱為我名下的城起首施行災禍，你們能盡免刑罰麼？你們必不能免，因為我要命刀劍臨到地上一切的居民。這是萬軍之耶和華說的。|zh
1233|25|29|29|For see, I am starting to send evil on the town which is named by my name, and are you to be without any punishment? You will not be without punishment: for I will send a sword on all people living on the earth, says the Lord of armies.|en
1234|25|30|30|所以你要向他們預言這一切的話，攻擊他們，說：耶和華必從高天吼叫，從聖所發聲，向自己的羊群大聲吼叫；他要向地上一切的居民吶喊，像踹葡萄的一樣。|zh
1235|25|30|30|So, as a prophet, give out these words among them, and say to them, The voice of the Lord will be sounding like a lion from on high; he will send out his voice from his holy place, like the loud voice of a lion, against his flock; he will give a cry, like those who are crushing the grapes, against all the people of the earth.|en
1236|25|31|31|必有響聲達到地極，因為耶和華與列國相爭；凡有血氣的，他必審問；至於惡人，他必交給刀劍。這是耶和華說的。|zh
1237|25|31|31|A noise will come, even to the end of the earth; for the Lord has a cause against the nations, he will give his decision against all flesh; as for the evil-doers, he will give them to the sword, says the Lord.|en
1238|25|32|32|萬軍之耶和華如此說：看哪，必有災禍從這國發到那國，並有大暴風從地極颳起。|zh
1239|25|32|32|This is what the Lord of armies has said: See, evil is going out from nation to nation, and a great storm will come up from the inmost parts of the earth.|en
1240|25|33|33|到那日，從地這邊直到地那邊都有耶和華所殺戮的。必無人哀哭，不得收殮，不得葬埋，必在地上成為糞土。|zh
1241|25|33|33|And at that day, the bodies of those whom the Lord has put to death will be seen from one end of the earth even to the other end of the earth: there will be no weeping for them, their bodies will not be taken up or put to rest in the earth; they will be like waste on the face of the land.|en
1242|25|34|34|牧人哪，你們當哀號，呼喊；群眾的頭目啊，你們要滾在灰中；因為你們被殺戮分散的日子足足來到。你們要跌碎，好像美器打碎一樣。|zh
1243|25|34|34|Give cries of grief, you keepers of sheep; give cries for help, rolling yourselves in the dust, you chiefs of the flock: for the days of your destruction have fully come, and I will send you in all directions, and your fall will be like that of the males of the flock.|en
1244|25|35|35|牧人無路逃跑；群眾的頭目也無法逃脫。|zh
1245|25|35|35|There will be no way of flight for the keepers of sheep, no road for the chiefs of the flock to get away safely.|en
1246|25|36|36|聽啊，有牧人呼喊，有群眾頭目哀號的聲音，因為耶和華使他們的草場變為荒場。|zh
1247|25|36|36|A sound of the cry of the keepers of sheep, and the bitter crying of the chiefs of the flock! for the Lord has made waste their green fields.|en
1248|25|37|37|耶和華發出猛烈的怒氣，平安的羊圈就都寂靜無聲。|zh
1249|25|37|37|And there is no sound in the fields of peace, because of the burning wrath of the Lord.|en
1250|25|38|38|他離了隱密處像獅子一樣，他們的地，因刀劍凶猛的欺壓，又因他猛烈的怒氣都成為可驚駭的。|zh
1251|25|38|38|The lion has come out of his secret place, for the land has become a waste because of the cruel sword, and because of the heat of his wrath.|en
1252|26|1|1|猶大王約西亞的兒子約雅敬登基的時候，有這話從耶和華臨到耶利米說：|zh
1253|26|1|1|When Jehoiakim, the son of Josiah, king of Judah, first became king, this word came from the Lord, saying,|en
1254|26|2|2|耶和華如此說：你站在耶和華殿的院內，對猶大眾城邑的人，就是到耶和華殿來禮拜的，說我所吩咐你的一切話，一字不可刪減。|zh
1255|26|2|2|This is what the Lord has said: Take your place in the open square of the Lord's house and say to all the towns of Judah, who come into the Lord's house for worship, everything I give you orders to say to them: keep back not a word;|en
1256|26|3|3|或者他們肯聽從，各人回頭離開惡道，使我後悔不將我因他們所行的惡，想要施行的災禍降與他們。|zh
1257|26|3|3|It may be that they will give ear, and that every man will be turned from his evil way, so that my purpose of sending evil on them because of the evil of their doings may be changed.|en
1258|26|4|4|你要對他們說，耶和華如此說：你們若不聽從我，不遵行我設立在你們面前的律法，|zh
1259|26|4|4|And you are to say to them, This is what the Lord has said: If you do not give ear to me and go in the way of my law which I have put before you,|en
1260|26|5|5|不聽我從早起來差遣到你們那著去我僕人眾先知的話（你們還是沒有聽從），|zh
1261|26|5|5|And give ear to the words of my servants the prophets whom I send to you, getting up early and sending them, though you gave no attention;|en
1262|26|6|6|我就必使這殿如示羅，使這城為地上萬國所咒詛的。|zh
1263|26|6|6|Then I will make this house like Shiloh, and will make this town a curse to all the nations of the earth.|en
1264|26|7|7|耶利米在耶和華殿中說的這些話，祭司、先知與眾民都聽見了。|zh
1265|26|7|7|And in the hearing of the priests and the prophets and all the people, Jeremiah said these words in the house of the Lord.|en
1266|26|8|8|耶利米說完了耶和華所吩咐他對眾人說的一切話，祭司、先知與眾民都來抓住他，說：你必要死！|zh
1267|26|8|8|Now, when Jeremiah had come to the end of saying everything the Lord had given him orders to say to all the people, the priests and the prophets and all the people took him by force, saying, Death will certainly be your fate.|en
1268|26|9|9|你為何託耶和華的名預言，說這殿必如示羅，這城必變為荒場無人居住呢？於是眾民都在耶和華的殿中聚集到耶利米那著。|zh
1269|26|9|9|Why have you said in the name of the Lord, This house will be like Shiloh, and this land a waste with no one living in it? And all the people had come together to Jeremiah in the house of the Lord.|en
1270|26|10|10|猶大的首領聽見這事，就從王宮上到耶和華的殿，坐在耶和華殿的新門口。|zh
1271|26|10|10|And the rulers of Judah, hearing of these things, came up from the king's house to the house of the Lord, and took their seats by the new door of the Lord's house.|en
1272|26|11|11|祭司、先知對首領和眾民說：這人是該死的；因為他說預言攻擊這城，正如你們親耳所聽見的。|zh
1273|26|11|11|Then the priests and the prophets said to the rulers and to all the people, The right fate for this man is death; for he has said words against this town in your hearing.|en
1274|26|12|12|耶利米就對眾首領和眾民說：耶和華差遣我預言，攻擊這殿和這城，說你們所聽見的這一切話。|zh
1275|26|12|12|Then Jeremiah said to all the rulers and to all the people, The Lord has sent me as his prophet to say against this house and against this town all the words which have come to your ears.|en
1276|26|13|13|現在要改正你們的行動作為，聽從耶和華─你們神的話，他就必後悔，不將所說的災禍降與你們。|zh
1277|26|13|13|So now, make a change for the better in your ways and your doings, and give ear to the voice of the Lord your God; then the Lord will let himself be turned from the decision he has made against you for evil.|en
1278|26|14|14|至於我，我在你們手中，你們眼看何為善，何為正，就那樣待我罷！|zh
1279|26|14|14|As for me, here I am in your hands: do with me whatever seems good and right in your opinion.|en
1280|26|15|15|但你們要確實地知道，若把我治死，就使無辜人的血歸到你們和這城，並其中的居民了；因為耶和華實在差遣我到你們這著來，將這一切話傳與你們耳中。|zh
1281|26|15|15|Only be certain that, if you put me to death, you will make yourselves and your town and its people responsible for the blood of one who has done no wrong: for truly, the Lord has sent me to you to say all these words in your ears.|en
1282|26|16|16|首領和眾民就對祭司、先知說：這人是不該死的，因為他是奉耶和華─我們神的名向我們說話。|zh
1283|26|16|16|Then the rulers and all the people said to the priests and the prophets, It is not right for this man to be put to death: for he has said words to us in the name of the Lord our God.|en
1284|26|17|17|國中的長老就有幾個人起來，對聚會的眾民說：|zh
1285|26|17|17|Then some of the responsible men of the land got up and said to all the meeting of the people,|en
1286|26|18|18|當猶大王希西家的日子，有摩利沙人彌迦對猶大眾人預言說：萬軍之耶和華如此說：錫安必被耕種像一塊田；耶路撒冷必變為亂堆；這殿的山必像叢林的高處。|zh
1287|26|18|18|Micah the Morashtite, who was a prophet in the days of Hezekiah, king of Judah, said to all the people of Judah, This is what the Lord of armies has said: Zion will become like a ploughed field, and Jerusalem will become a mass of broken walls, and the mountain of the house like the high places of the woodland.|en
1288|26|19|19|猶大王希西家和猶大眾人豈是把他治死呢？希西家豈不是敬畏耶和華、懇求他的恩麼？耶和華就後悔，不把自己所說的災禍降與他們。若治死這人，我們就作了大惡，自害己命。|zh
1289|26|19|19|Did Hezekiah and all Judah put him to death? did he not in the fear of the Lord make prayer for the grace of the Lord, and the Lord let himself be turned from the decision he had made against them for evil? By this act we might do great evil against ourselves.|en
1290|26|20|20|（又有一個人奉耶和華的名說預言，是基列耶琳人示瑪雅的兒子烏利亞，他照耶利米的一切話說預言，攻擊這城和這地。|zh
1291|26|20|20|And there was another man who was a prophet of the Lord, Uriah, the son of Shemaiah of Kiriath-jearim; he said against this town and against this land all the words which Jeremiah had said:|en
1292|26|21|21|約雅敬王和他眾勇士、眾首領聽見了烏利亞的話，王就想要把他治死。烏利亞聽見就懼怕，逃往埃及去了。|zh
1293|26|21|21|And when his words came to the ears of Jehoiakim the king and all his men of war and his captains, the king would have put him to death; but Uriah, hearing of it, was full of fear and went in flight into Egypt:|en
1294|26|22|22|約雅敬王便打發亞革波的兒子以利拿單，帶領幾個人往埃及去。|zh
1295|26|22|22|And Jehoiakim the king sent Elnathan, the son of Achbor, and certain men with him, into Egypt.|en
1296|26|23|23|他們就從埃及將烏利亞帶出來，送到約雅敬王那裡；王用刀殺了他，把他的屍首拋在平民的墳地中。）|zh
1297|26|23|23|And they took Uriah out of Egypt and came back with him to Jehoiakim the king; who put him to death with the sword, and had his dead body put into the resting-place of the bodies of the common people.|en
1298|26|24|24|然而，沙番的兒子亞希甘保護耶利米，不交在百姓的手中治死他。|zh
1299|26|24|24|But Ahikam, the son of Shaphan, gave Jeremiah his help, so that he was not given into the hands of the people to be put to death.|en
1300|27|1|1|猶大王約西亞的兒子約雅敬（約雅敬是西底家的別名，看第三節）登基的時候，有這話從耶和華臨到耶利米說：|zh
1301|27|1|1|When Zedekiah, the son of Josiah, king of Judah, first became king this word came to Jeremiah from the Lord, saying,|en
1302|27|2|2|耶和華對我如此說：你做繩索與軛，加在自己的頸項上，|zh
1303|27|2|2|This is what the Lord has said to me: Make for yourself bands and yokes and put them on your neck;|en
1304|27|3|3|藉那些來到耶路撒冷見猶大王西底家的使臣之手，把繩索與軛送到以東王、摩押王、亞捫王、推羅王、西頓王那裡，|zh
1305|27|3|3|And send them to the king of Edom, and to the king of Moab, and to the king of the children of Ammon, and to the king of Tyre, and to the king of Zidon, by their servants who come to Jerusalem, to Zedekiah, king of Judah;|en
1306|27|4|4|且囑咐使臣，傳與他們的主人說，萬軍之耶和華─以色列的神如此說：|zh
1307|27|4|4|And give them orders to say to their masters, This is what the Lord of armies, the God of Israel, has said: Say to your masters,|en
1308|27|5|5|我用大能和伸出來的膀臂，創造大地和地上的人民、牲畜。我看給誰相宜，就把地給誰。|zh
1309|27|5|5|I have made the earth, and man and beast on the face of the earth, by my great power and by my outstretched arm; and I will give it to anyone at my pleasure.|en
1310|27|6|6|現在我將這些地都交給我僕人巴比倫王尼布甲尼撒的手，我也將田野的走獸給他使用。|zh
1311|27|6|6|And now I have given all these lands into the hands of Nebuchadnezzar, the king of Babylon, my servant; and I have given the beasts of the field to him for his use.|en
1312|27|7|7|列國都必服事他和他的兒孫，直到他本國遭報的日期來到。那時，多國和大君王要使他作他們的奴僕。|zh
1313|27|7|7|And all the nations will be servants to him and to his son and to his son's son, till the time comes for his land to be overcome: and then a number of nations and great kings will take it for their use.|en
1314|27|8|8|無論哪一邦哪一國，不肯服事這巴比倫王尼布甲尼撒，也不把頸項放在巴比倫王的軛下，我必用刀劍、饑荒、瘟疫刑罰那邦，直到我藉巴比倫王的手將他們毀滅。這是耶和華說的。|zh
1315|27|8|8|And it will come about, that if any nation does not become a servant to this same Nebuchadnezzar, king of Babylon, and does not put its neck under the yoke of the king of Babylon, then I will send punishment on that nation, says the Lord, by the sword and need of food and by disease, till I have given them into his hands.|en
1316|27|9|9|至於你們，不可聽從你們的先知和占卜的、圓夢的、觀兆的，以及行邪術的；他們告訴你們說：你們不致服事巴比倫王。|zh
1317|27|9|9|And you are not to give attention to your prophets or your readers of signs or your dreamers or those who see into the future or those who make use of secret arts, who say to you, You will not become servants of the king of Babylon:|en
1318|27|10|10|他們向你們說假預言，要叫你們遷移，遠離本地，以致我將你們趕出去，使你們滅亡。|zh
1319|27|10|10|For they say false words to you, so that you may be sent away far from your land, and so that you may be forced out by me and come to destruction.|en
1320|27|11|11|但哪一邦肯把頸項放在巴比倫王的軛下服事他，我必使那邦仍在本地存留，得以耕種居住。這是耶和華說的。|zh
1321|27|11|11|But as for that nation which puts its neck under the yoke of the king of Babylon and becomes his servant, I will let that nation keep on in its land, farming it and living in it, says the Lord.|en
1322|27|12|12|我就照這一切的話對猶大王西底家說：要把你們的頸項放在巴比倫王的軛下，服事他和他的百姓，便得存活。|zh
1323|27|12|12|And I said all this to Zedekiah, king of Judah, saying, Put your necks under the yoke of the king of Babylon and become his servants and his people, so that you may keep your lives.|en
1324|27|13|13|你和你的百姓為何要因刀劍、饑荒、瘟疫死亡，正如耶和華論到不服事巴比倫王的那國說的話呢？|zh
1325|27|13|13|Why are you desiring death, you and your people, by the sword, and because food is gone, and by disease, as the Lord has said of the nation which does not become the servant of the king of Babylon?|en
1326|27|14|14|不可聽那些先知對你們所說的話；他們說：你們不致服事巴比倫王，其實他們向你們說假預言。|zh
1327|27|14|14|And you are not to give ear to the prophets who say to you, You will not become servants of the king of Babylon: for what they say is not true.|en
1328|27|15|15|耶和華說：我並沒有打發他們，他們卻託我的名說假預言，好使我將你們和向你們說預言的那些先知趕出去，一同滅亡。|zh
1329|27|15|15|For I have not sent them, says the Lord, but they are saying what is false in my name, so that I might send you out by force, causing destruction to come on you and on your prophets.|en
1330|27|16|16|我又對祭司和這眾民說：耶和華如此說：你們不可聽那先知對你們所說的預言。他們說：耶和華殿中的器皿快要從巴比倫帶回來；其實他們向你們說假預言。|zh
1331|27|16|16|And I said to the priests and to all the people, This is what the Lord has said: Give no attention to the words of your prophets who say to you, See, in a very little time now the vessels of the Lord's house will come back again from Babylon: for what they say to you is false.|en
1332|27|17|17|不可聽從他們，只管服事巴比倫王便得存活。這城何致變為荒場呢？|zh
1333|27|17|17|Give no attention to them; become servants of the king of Babylon and keep yourselves from death: why let this town become a waste?|en
1334|27|18|18|他們若果是先知，有耶和華的話臨到他們，讓他們祈求萬軍之耶和華，使那在耶和華殿中和猶大王宮內，並耶路撒冷剩下的器皿，不被帶到巴比倫去。|zh
1335|27|18|18|But if they are prophets, and if the word of the Lord is with them, let them now make request to the Lord of armies that the vessels which are still in the house of the Lord and in the house of the king of Judah and at Jerusalem, may not go to Babylon.|en
1336|27|19|19|（因為萬軍之耶和華論到柱子、銅海、盆座，並剩在這城裡的器皿，|zh
1337|27|19|19|For this is what the Lord has said about the rest of the vessels which are still in this town,|en
1338|27|20|20|就是巴比倫王尼布甲尼撒擄掠猶大王約雅敬的兒子耶哥尼雅，和猶大、耶路撒冷一切貴冑的時候所沒有掠去的器皿。）|zh
1339|27|20|20|Which Nebuchadnezzar, king of Babylon, did not take away, when he took Jeconiah, the son of Jehoiakim, king of Judah, a prisoner from Jerusalem to Babylon, with all the great men of Judah and Jerusalem;|en
1340|27|21|21|論到那在耶和華殿中和猶大王宮內，並耶路撒冷剩下的器皿，萬軍之耶和華─以色列的神如此說：|zh
1341|27|21|21|For this is what the Lord of armies, the God of Israel, has said about the rest of the vessels in the house of the Lord and in the house of the king of Judah and at Jerusalem:|en
1342|27|22|22|必被帶到巴比倫存在那裡，直到我眷顧以色列人的日子。那時，我必將這器皿帶回來，交還此地。這是耶和華說的。|zh
1343|27|22|22|They will be taken away to Babylon, and there they will be till the day when I send their punishment on them, says the Lord. Then I will take them up and put them back in their place.|en
1344|28|1|1|當年，就是猶大王西底家登基第四年五月，基遍人押朔的兒子，先知哈拿尼雅，在耶和華的殿中當著祭司和眾民對我說：|zh
1345|28|1|1|And it came about in that year, when Zedekiah first became king of Judah, in the fourth year, in the fifth month, that Hananiah, the son of Azzur the prophet, who came from Gibeon, said to Jeremiah in the house of the Lord, before the priests and all the people,|en
1346|28|2|2|萬軍之耶和華─以色列的神如此說：我已經折斷巴比倫王的軛。|zh
1347|28|2|2|These are the words of the Lord of armies, the God of Israel: By me the yoke of the king of Babylon has been broken.|en
1348|28|3|3|二年之內，我要將巴比倫王尼布甲尼撒從這地掠到巴比倫的器皿，就是耶和華殿中的一切器皿都帶回此地。|zh
1349|28|3|3|In the space of two years I will send back into this place all the vessels of the Lord's house which Nebuchadnezzar, king of Babylon, took away from this place to Babylon:|en
1350|28|4|4|我又要將猶大王約雅敬的兒子耶哥尼雅和被擄到巴比倫去的一切猶大人帶回此地，因為我要折斷巴比倫王的軛。這是耶和華說的。|zh
1351|28|4|4|And I will let Jeconiah, the son of Jehoiakim, king of Judah, come back to this place, with all the prisoners of Judah who went to Babylon, says the Lord: for I will have the yoke of the king of Babylon broken.|en
1352|28|5|5|先知耶利米當著祭司和站在耶和華殿裡的眾民對先知哈拿尼雅說：|zh
1353|28|5|5|Then the prophet Jeremiah said to the prophet Hananiah, before the priests and all the people who had come into the house of the Lord,|en
1354|28|6|6|阿們！願耶和華如此行，願耶和華成就你所預言的話，將耶和華殿中的器皿和一切被擄去的人從巴比倫帶回此地。|zh
1355|28|6|6|The prophet Jeremiah said, So be it: may the Lord do so: may the Lord give effect to the words which you have said, and let the vessels of the Lord's house, and all the people who have been taken away, come back from Babylon to this place.|en
1356|28|7|7|然而我向你和眾民耳中所要說的話，你應當聽。|zh
1357|28|7|7|But still, give ear to this word which I am saying to you and to all the people:|en
1358|28|8|8|從古以來，在你我以前的先知，向多國和大邦說預言，論到爭戰、災禍、瘟疫的事。|zh
1359|28|8|8|The prophets, who were before me and before you, from early times gave word to a number of countries and great kingdoms about war and destruction and disease.|en
1360|28|9|9|先知預言的平安，到話語成就的時候，人便知道他真是耶和華所差來的。|zh
1361|28|9|9|The prophet whose words are of peace, when his words come true, will be seen to be a prophet whom the Lord has sent.|en
1362|28|10|10|於是，先知哈拿尼雅將先知耶利米頸項上的軛取下來，折斷了。|zh
1363|28|10|10|Then Hananiah the prophet took the yoke from the neck of the prophet Jeremiah and it was broken by his hands.|en
1364|28|11|11|哈拿尼雅又當著眾民說：耶和華如此說：二年之內我必照樣從列國人的頸項上折斷巴比倫王尼布甲尼撒的軛。於是先知耶利米就走了。|zh
1365|28|11|11|And before all the people Hananiah said, The Lord has said, Even so will I let the yoke of the king of Babylon be broken off the necks of all the nations in the space of two years. Then the prophet Jeremiah went away.|en
1366|28|12|12|先知哈拿尼雅把先知耶利米頸項上的軛折斷以後，耶和華的話臨到耶利米說：|zh
1367|28|12|12|Then after the yoke had been broken off the neck of the prophet Jeremiah by Hananiah the prophet, the word of the Lord came to Jeremiah, saying,|en
1368|28|13|13|你去告訴哈拿尼雅說，耶和華如此說：你折斷木軛，卻換了鐵軛！|zh
1369|28|13|13|Go and say to Hananiah, This is what the Lord has said: Yokes of wood have been broken by you, but in their place I will make yokes of iron.|en
1370|28|14|14|因為萬軍之耶和華─以色列的神如此說：我已將鐵軛加在這些國的頸項上，使他們服事巴比倫王尼布甲尼撒，他們總要服事他；我也把田野的走獸給了他。|zh
1371|28|14|14|For the Lord of armies, the God of Israel, has said: I have put a yoke of iron on the necks of all these nations, making them servants to Nebuchadnezzar, king of Babylon; and they are to be his servants: and in addition I have given him the beasts of the field.|en
1372|28|15|15|於是先知耶利米對先知哈拿尼雅說：哈拿尼雅啊，你應當聽！耶和華並沒有差遣你，你竟使這百姓倚靠謊言。|zh
1373|28|15|15|Then the prophet Jeremiah said to Hananiah the prophet, Give ear, now, Hananiah; the Lord has not sent you; but you are making this people put their faith in what is false.|en
1374|28|16|16|所以耶和華如此說：看哪，我要叫你去世，你今年必死，因為你向耶和華說了叛逆的話。|zh
1375|28|16|16|For this reason the Lord has said, See, I will send you away from off the face of the earth: this year death will overtake you, because you have said words against the Lord.|en
1376|28|17|17|這樣，先知哈拿尼雅當年七月間就死了。|zh
1377|28|17|17|So death came to Hananiah the prophet the same year, in the seventh month.|en
1378|29|1|1|先知耶利米從耶路撒冷寄信與被擄的祭司、先知，和眾民，並生存的長老，就是尼布甲尼撒從耶路撒冷擄到巴比倫去的。|zh
1379|29|1|1|Now these are the words of the letter which Jeremiah the prophet sent from Jerusalem to the responsible men among those who had been taken away, and to the priests and the prophets and to all the rest of the people whom Nebuchadnezzar had taken away prisoners from Jerusalem to Babylon;|en
1380|29|2|2|（這在耶哥尼雅王和太后、太監，並猶大、耶路撒冷的首領，以及工匠、鐵匠都離了耶路撒冷以後。）|zh
1381|29|2|2|(After Jeconiah the king and the queen-mother and the unsexed servants and the rulers of Judah and Jerusalem and the expert workmen and the metal-workers had gone away from Jerusalem;)|en
1382|29|3|3|他藉沙番的兒子以利亞薩和希勒家的兒子基瑪利的手寄去。他們二人是猶大王西底家打發往巴比倫去見尼布甲尼撒王的。|zh
1383|29|3|3|By the hand of Elasah, the son of Shaphan, and Gemariah, the son of Hilkiah, (whom Zedekiah, king of Judah, sent to Babylon, to Nebuchadnezzar, king of Babylon,) saying,|en
1384|29|4|4|信上說：萬軍之耶和華─以色列的神對一切被擄去的（就是我使他們從耶路撒冷被擄到巴比倫的人）如此說：|zh
1385|29|4|4|This is what the Lord of armies, the God of Israel, has said to all those whom I have taken away prisoners from Jerusalem to Babylon:|en
1386|29|5|5|你們要蓋造房屋，住在其中；栽種田園，吃其中所產的；|zh
1387|29|5|5|Go on building houses and living in them, and planting gardens and using the fruit of them;|en
1388|29|6|6|娶妻生兒女，為你們的兒子娶妻，使你們的女兒嫁人，生兒養女。在那�生養眾多，不致減少。|zh
1389|29|6|6|Take wives and have sons and daughters, and take wives for your sons, and give your daughters to husbands, so that they may have sons and daughters; and be increased in number there and do not become less.|en
1390|29|7|7|我所使你們被擄到的那城，你們要為那城求平安，為那城禱告耶和華；因為那城得平安，你們也隨著得平安。|zh
1391|29|7|7|And be working for the peace of the land to which I have had you taken away prisoners, and make prayer to the Lord for it: for in its peace you will have peace.|en
1392|29|8|8|萬軍之耶和華─以色列的神如此說：不要被你們中間的先知和占卜的誘惑，也不要聽信自己所做的夢；|zh
1393|29|8|8|For this is what the Lord of armies, the God of Israel, has said: Do not let yourselves be tricked by the prophets who are among you, and the readers of signs, and give no attention to their dreams which they may have;|en
1394|29|9|9|因為他們託我的名對你們說假預言，我並沒有差遣他們。這是耶和華說的。|zh
1395|29|9|9|For they are saying to you what is false in my name: I have not sent them, says the Lord.|en
1396|29|10|10|耶和華如此說：為巴比倫所定的七十年滿了以後，我要眷顧你們，向你們成就我的恩言，使你們仍回此地。|zh
1397|29|10|10|For this is what the Lord has said: When seventy years are ended for Babylon, I will have pity on you and give effect to my good purpose for you, causing you to come back to this place.|en
1398|29|11|11|耶和華說：我知道我向你們所懷的意念是賜平安的意念，不是降災禍的意念，要叫你們末後有指望。|zh
1399|29|11|11|For I am conscious of my thoughts about you, says the Lord, thoughts of peace and not of evil, to give you hope at the end.|en
1400|29|12|12|你們要呼求我，禱告我，我就應允你們。|zh
1401|29|12|12|And you will go on crying to me and making prayer to me, and I will give ear to you.|en
1402|29|13|13|你們尋求我，若專心尋求我，就必尋見。|zh
1403|29|13|13|And you will be searching for me and I will be there, when you have gone after me with all your heart.|en
1404|29|14|14|耶和華說：我必被你們尋見，我也必使你們被擄的人歸回，將你們從各國中和我所趕你們到的各處招聚了來，又將你們帶回我使你們被擄掠離開的地方。這是耶和華說的。|zh
1405|29|14|14|I will be near you again, says the Lord, and your fate will be changed, and I will get you together from all the nations and from all the places where I had sent you away, says the Lord; and I will take you back again to the place from which I sent you away prisoners.|en
1406|29|15|15|你們說：耶和華在巴比倫為我們興起先知；|zh
1407|29|15|15|For you have said, The Lord has given us prophets in Babylon.|en
1408|29|16|16|所以耶和華論到坐大衛寶座的王和住在這城裡的一切百姓，就是未曾與你們一同被擄的弟兄，|zh
1409|29|16|16|For this is what the Lord has said about the king who is seated on the seat of David's kingdom, and about all the people living in this town, your countrymen who have not gone out with you as prisoners;|en
1410|29|17|17|萬軍之耶和華如此說：看哪，我必使刀劍、饑荒、瘟疫臨到他們，使他們像極壞的無花果，壞得不可吃。|zh
1411|29|17|17|This is what the Lord of armies has said: See, I will send on them the sword and need of food and disease, and will make them like bad figs, which are of no use for food, they are so bad.|en
1412|29|18|18|我必用刀劍、饑荒、瘟疫追趕他們，使他們在天下萬國拋來拋去，在我所趕他們到的各國中，令人咒詛、驚駭、嗤笑、羞辱。|zh
1413|29|18|18|I will go after them, attacking them with the sword and with need of food and with disease, and will make them a cause of fear to all the kingdoms of the earth, to be a curse and a wonder and a surprise and a name of shame among all the nations where I have sent them:|en
1414|29|19|19|耶和華說：這是因為他們沒有聽從我的話，就是我從早起來差遣我僕人眾先知去說的，無奈他們不聽。這是耶和華說的。|zh
1415|29|19|19|Because they have not given ear to my words, says the Lord, when I sent to them my servants the prophets, getting up early and sending them; but you did not give ear, says the Lord.|en
1416|29|20|20|所以你們一切被擄去的，就是我從耶路撒冷打發到巴比倫去的，當聽耶和華的話。|zh
1417|29|20|20|And now, give ear to the word of the Lord, all you whom I have sent away prisoners from Jerusalem to Babylon.|en
1418|29|21|21|萬軍之耶和華─以色列的神論到哥賴雅的兒子亞哈，並瑪西雅的兒子西底家，如此說：他們是託我名向你們說假預言的，我必將他們交在巴比倫王尼布甲尼撒的手中；他要在你們眼前殺害他們。|zh
1419|29|21|21|This is what the Lord of armies, the God of Israel, has said about Ahab, the son of Kolaiah, and about Zedekiah, the son of Maaseiah, who are saying to you what is false in my name: See, I will give them up into the hands of Nebuchadrezzar, king of Babylon, and he will put them to death before your eyes.|en
1420|29|22|22|住巴比倫一切被擄的猶大人必藉這二人賭咒說：願耶和華使你像巴比倫王在火中燒的西底家和亞哈一樣。|zh
1421|29|22|22|And their fate will be used as a curse by all the prisoners of Judah who are in Babylon, who will say, May the Lord make you like Zedekiah and like Ahab, who were burned in the fire by the king of Babylon;|en
1422|29|23|23|這二人是在以色列中行了醜事，與鄰舍的妻行淫，又假託我名說我未曾吩咐他們的話。知道的是我，作見證的也是我。這是耶和華說的。|zh
1423|29|23|23|Because they have done shame in Israel, and have taken their neighbours' wives, and in my name have said false words, which I did not give them orders to say; and I myself am the witness, says the Lord.|en
1424|29|24|24|論到尼希蘭人示瑪雅，你當說，|zh
1425|29|24|24|About Shemaiah the Nehelamite.|en
1426|29|25|25|萬軍之耶和華─以色列的神如此說：你曾用自己的名寄信給耶路撒冷的眾民和祭司瑪西雅的兒子西番雅，並眾祭司，說：|zh
1427|29|25|25|Shemaiah the Nehelamite sent a letter in his name to Zephaniah, the son of Maaseiah the priest, saying,|en
1428|29|26|26|耶和華已經立你西番雅為祭司，代替祭司耶何耶大，使耶和華殿中有官長，好將一切狂妄自稱為先知的人用枷枷住，用鎖鎖住。|zh
1429|29|26|26|The Lord has made you priest in place of Jehoiada the priest, to be an overseer in the house of the Lord for every man who is off his head and is acting as a prophet, to put such men in prison and in chains.|en
1430|29|27|27|現在亞拿突人耶利米向你們自稱為先知，你們為何沒有責備他呢？|zh
1431|29|27|27|So why have you made no protest against Jeremiah of Anathoth, who is acting as a prophet to you?|en
1432|29|28|28|因為他寄信給我們在巴比倫的人說：被擄的事必長久。你們要蓋造房屋，住在其中；栽種田園，吃其中所產的。|zh
1433|29|28|28|For he has sent to us in Babylon saying, The time will be long: go on building houses and living in them, and planting gardens and using the fruit of them.|en
1434|29|29|29|祭司西番雅就把這信念給先知耶利米聽。|zh
1435|29|29|29|And Zephaniah the priest made clear to Jeremiah the prophet what was said in the letter, reading it to him.|en
1436|29|30|30|於是耶和華的話臨到耶利米說：|zh
1437|29|30|30|Then the word of the Lord came to Jeremiah the prophet, saying,|en
1438|29|31|31|你當寄信給一切被擄的人說：耶和華論到尼希蘭人示瑪雅說：因為示瑪雅向你們說預言，我並沒有差遣他，他使你們倚靠謊言；|zh
1439|29|31|31|Send to all those who have been taken away, saying, This is what the Lord has said about Shemaiah the Nehelamite: Because Shemaiah has been acting as a prophet to you, and I did not send him, and has made you put your faith in what is false;|en
1440|29|32|32|所以耶和華如此說：我必刑罰尼希蘭人示瑪雅和他的後裔，他必無一人存留住在這民中，也不得見我所要賜與我百姓的福樂，因為他向耶和華說了叛逆的話。這是耶和華說的。|zh
1441|29|32|32|For this cause the Lord has said, Truly I will send punishment on Shemaiah and on his seed; not a man of his family will have a place among this people, and he will not see the good which I am going to do to my people, says the Lord: because he has said words against the Lord.|en
1442|30|1|1|耶和華的話臨到耶利米說：|zh
1443|30|1|1|The word which came to Jeremiah from the Lord, saying,|en
1444|30|2|2|耶和華─以色列的神如此說：你將我對你說過的一切話都寫在書上。|zh
1445|30|2|2|The Lord, the God of Israel, has said, Put down in a book all the words which I have said to you.|en
1446|30|3|3|耶和華說：日子將到，我要使我的百姓以色列和猶大被擄的人歸回；我也要使他們回到我所賜給他們列祖之地，他們就得這地為業。這是耶和華說的。|zh
1447|30|3|3|For see, the days are coming, says the Lord, when I will let the fate of my people Israel and Judah be changed, says the Lord: and I will make them come back to the land which I gave to their fathers, so that they may take it for their heritage.|en
1448|30|4|4|以下是耶和華論到以色列和猶大所說的話：|zh
1449|30|4|4|And these are the words which the Lord said about Israel and about Judah.|en
1450|30|5|5|耶和華如此說：我們聽見聲音，是戰抖懼怕而不平安的聲音。|zh
1451|30|5|5|This is what the Lord has said: A voice of shaking fear has come to our ears, of fear and not of peace.|en
1452|30|6|6|你們且訪問看看，男人有產難麼？我怎麼看見人人用手掐腰，像產難的婦人，臉面都變青了呢？|zh
1453|30|6|6|Put the question and see if it is possible for a man to have birth-pains: why do I see every man with his hands gripping his sides, as a woman does when the pains of birth are on her, and all faces are turned green?|en
1454|30|7|7|哀哉！那日為大，無日可比；這是雅各遭難的時候，但他必被救出來。|zh
1455|30|7|7|Ha! for that day is so great that there is no day like it: it is the time of Jacob's trouble: but he will get salvation from it.|en
1456|30|8|8|萬軍之耶和華說：到那日，我必從你頸項上折斷仇敵的軛，扭開他的繩索；外邦人不得再使你作他們的奴僕。|zh
1457|30|8|8|For it will come about on that day, says the Lord of armies, that his yoke will be broken off his neck, and his bands will be burst; and men of strange lands will no longer make use of him as their servant:|en
1458|30|9|9|你們卻要事奉耶和華─你們的神和我為你們所要興起的王大衛。|zh
1459|30|9|9|But they will be servants to the Lord their God and to David their king, whom I will give back to them.|en
1460|30|10|10|故此，耶和華說：我的僕人雅各啊，不要懼怕；以色列啊，不要驚惶；因我要從遠方拯救你，從被擄到之地拯救你的後裔；雅各必回來得享平靖安逸，無人使他害怕。|zh
1461|30|10|10|So have no fear, O Jacob, my servant, says the Lord; and do not be troubled, O Israel: for see, I will make you come back from far away, and your seed from the land where they are prisoners; and Jacob will come back, and will be quiet and at peace, and no one will give him cause for fear.|en
1462|30|11|11|因我與你同在，要拯救你，也要將所趕散你到的那些國滅絕淨盡，卻不將你滅絕淨盡，倒要從寬懲治你，萬不能不罰你（不罰你：或譯以你為無罪）。這是耶和華說的。|zh
1463|30|11|11|For I am with you, says the Lord, to be your saviour: for I will put an end to all the nations where I have sent you wandering, but I will not put an end to you completely: though with wise purpose I will put right your errors, and will not let you go quite without punishment.|en
1464|30|12|12|耶和華如此說：你的損傷無法醫治；你的傷痕極其重大。|zh
1465|30|12|12|For the Lord has said, Your disease may not be made well and your wound is bitter.|en
1466|30|13|13|無人為你分訴，使你的傷痕得以纏裹；你沒有醫治的良藥。|zh
1467|30|13|13|There is no help for your wound, there is nothing to make you well.|en
1468|30|14|14|你所親愛的都忘記你，不來探問（或譯：理會）你。我因你的罪孽甚大，罪惡眾多，曾用仇敵加的傷害傷害你，用殘忍者的懲治懲治你。|zh
1469|30|14|14|Your lovers have no more thought for you, they go after you no longer; for I have given you the wound of a hater, even cruel punishment;|en
1470|30|15|15|你為何因損傷哀號呢？你的痛苦無法醫治。我因你的罪孽甚大，罪惡眾多，曾將這些加在你身上。|zh
1471|30|15|15|Why are you crying for help because of your wound? for your pain may never be taken away: because your evil-doing was so great and because your sins were increased, I have done these things to you.|en
1472|30|16|16|故此，凡吞吃你的必被吞吃；你的敵人個個都被擄去；擄掠你的必成為擄物；搶奪你的必成為掠物。|zh
1473|30|16|16|For this cause, all those who take you for their food will themselves become your food; and all your attackers, every one of them, will be taken prisoners; and those who send destruction on you will come to destruction; and all those who take away your goods by force will undergo the same themselves.|en
1474|30|17|17|耶和華說：我必使你痊愈，醫好你的傷痕，都因人稱你為被趕散的，說：這是錫安，無人來探問（或譯：理會）的！|zh
1475|30|17|17|For I will make you healthy again and I will make you well from your wounds, says the Lord; because they have given you the name of an outlaw, saying, It is Zion cared for by no man.|en
1476|30|18|18|耶和華如此說：我必使雅各被擄去的帳棚歸回，也必顧惜他的住處。城必建造在原舊的山岡；宮殿也照舊有人居住。|zh
1477|30|18|18|The Lord has said, See, I am changing the fate of the tents of Jacob, and I will have pity on his houses; the town will be put up on its hill, and the great houses will be living-places again.|en
1478|30|19|19|必有感謝和歡樂的聲音從其中發出，我要使他們增多，不致減少；使他們尊榮，不致卑微。|zh
1479|30|19|19|And from them will go out praise and the sound of laughing: and I will make them great in number, and they will not become less; and I will give them glory, and they will not be small.|en
1480|30|20|20|他們的兒女要如往日；他們的會眾堅立在我面前；凡欺壓他們的，我必刑罰他。|zh
1481|30|20|20|And their children will be as they were in the old days, and the meeting of the people will have its place before me, and I will send punishment on all who are cruel to them.|en
1482|30|21|21|他們的君王必是屬乎他們的；掌權的必從他們中間而出。我要使他就近我，他也要親近我；不然，誰有膽量親近我呢？這是耶和華說的。|zh
1483|30|21|21|And their chief will be of their number; their ruler will come from among themselves; and I will let him be present before me, so that he may come near to me: for who may have strength of heart to come near me? says the Lord.|en
1484|30|22|22|你們要作我的子民，我要作你們的神。|zh
1485|30|22|22|And you will be my people, and I will be your God.|en
1486|30|23|23|看哪，耶和華的忿怒好像暴風已經發出；是掃滅的暴風，必轉到惡人的頭上。|zh
1487|30|23|23|See, the storm-wind of the Lord, even the heat of his wrath, has gone out, a rolling storm, bursting on the heads of the evil-doers.|en
1488|30|24|24|耶和華的烈怒必不轉消，直到他心中所擬定的成就了；末後的日子你們要明白。|zh
1489|30|24|24|The wrath of the Lord will not be turned back till he has done, till he has put into effect, the purposes of his heart: in days to come you will have full knowledge of this.|en
1490|31|1|1|耶和華說：那時，我必作以色列各家的神；他們必作我的子民。|zh
1491|31|1|1|At that time, says the Lord, I will be the God of all the families of Israel, and they will be my people.|en
1492|31|2|2|耶和華如此說：脫離刀劍的就是以色列人。我使他享安息的時候，他曾在曠野蒙恩。|zh
1493|31|2|2|The Lord has said, Grace came in the waste land to a people kept safe from the sword, even to Israel on the way to his resting-place.|en
1494|31|3|3|古時（或譯：從遠方）耶和華向以色列（原文是我）顯現，說：我以永遠的愛愛你，因此我以慈愛吸引你。|zh
1495|31|3|3|From far away he saw the Lord: my love for you is an eternal love: so with mercy I have made you come with me.|en
1496|31|4|4|以色列的民（原文是處女）哪，我要再建立你，你就被建立；你必再以擊鼓為美，與歡樂的人一同跳舞而出；|zh
1497|31|4|4|I will again make new your buildings, O virgin of Israel, and you will take up your place: again you will take up your instruments of music, and go out in the dances of those who are glad.|en
1498|31|5|5|又必在撒瑪利亞的山上栽種葡萄園，栽種的人要享用所結的果子。|zh
1499|31|5|5|Again will your vine-gardens be planted on the hill of Samaria: the planters will be planting and using the fruit.|en
1500|31|6|6|日子必到，以法蓮山上守望的人必呼叫說：起來罷！我們可以上錫安，到耶和華─我們的神那裡去。|zh
1501|31|6|6|For there will be a day when those who get in the grapes on the hills of Ephraim will be crying, Up! let us go up to Zion to the Lord our God.|en
1502|31|7|7|耶和華如此說：你們當為雅各歡樂歌唱，因萬國中為首的歡呼。當傳揚頌讚說：耶和華啊，求你拯救你的百姓以色列所剩下的人。|zh
1503|31|7|7|For the Lord has said, Make a glad song for Jacob and give a cry on the top of the mountains: give the news, give praise, and say, The Lord has given salvation to his people, even to the rest of Israel.|en
1504|31|8|8|我必將他們從北方領來，從地極招聚；同著他們來的有瞎子、瘸子、孕婦、產婦；他們必成為大幫回到這裡來。|zh
1505|31|8|8|See, I will take them from the north country, and get them from the inmost parts of the earth, and with them the blind and the feeble-footed, the woman with child and her who is in birth-pains together: a very great army, they will come back here.|en
1506|31|9|9|他們要哭泣而來。我要照他們懇求的引導他們，使他們在河水旁走正直的路，在其上不致絆跌；因為我是以色列的父，以法蓮是我的長子。|zh
1507|31|9|9|They will come with weeping, and going before them I will be their guide: guiding them by streams of water in a straight way where there is no falling: for I am a father to Israel, and Ephraim is the first of my sons.|en
1508|31|10|10|列國啊，要聽耶和華的話，傳揚在遠處的海島說：趕散以色列的必招聚他，又看守他，好像牧人看守羊群。|zh
1509|31|10|10|Give ear to the word of the Lord, O you nations, and give news of it in the sea-lands far away, and say, He who has sent Israel wandering will get him together and will keep him as a keeper does his flock.|en
1510|31|11|11|因耶和華救贖了雅各，救贖他脫離比他更強之人的手。|zh
1511|31|11|11|For the Lord has given a price for Jacob, and made him free from the hands of him who was stronger than he.|en
1512|31|12|12|他們要來到錫安的高處歌唱，又流歸耶和華施恩之地，就是有五穀、新酒，和油，並羊羔、牛犢之地。他們的心必像澆灌的園子；他們也不再有一點愁煩。|zh
1513|31|12|12|So they will come with songs on the high places, flowing together to the good things of the Lord, to the grain and the wine and the oil, to the young ones of the flock and of the herd: their souls will be like a watered garden, and they will have no more sorrow.|en
1514|31|13|13|那時，處女必歡樂跳舞；年少的、年老的，也必一同歡樂；因為我要使他們的悲哀變為歡喜，並要安慰他們，使他們的愁煩轉為快樂。|zh
1515|31|13|13|Then the virgin will have joy in the dance, and the young men and the old will be glad: for I will have their weeping turned into joy, I will give them comfort and make them glad after their sorrow.|en
1516|31|14|14|我必以肥油使祭司的心滿足；我的百姓也要因我的恩惠知足。這是耶和華說的。|zh
1517|31|14|14|I will give the priests their desired fat things, and my people will have a full measure of my good things, says the Lord.|en
1518|31|15|15|耶和華如此說：在拉瑪聽見號咷痛哭的聲音，是拉結哭他兒女，不肯受安慰，因為他們都不在了。|zh
1519|31|15|15|So has the Lord said: In Ramah there is a sound of crying, weeping and bitter sorrow; Rachel weeping for her children; she will not be comforted for their loss.|en
1520|31|16|16|耶和華如此說：你禁止聲音不要哀哭，禁止眼目不要流淚，因你所做之工必有賞賜；他們必從敵國歸回。這是耶和華說的。|zh
1521|31|16|16|The Lord has said this: Keep your voice from sorrow and your eyes from weeping: for your work will be rewarded, says the Lord; and they will come back from the land of their hater.|en
1522|31|17|17|耶和華說：你末後必有指望；你的兒女必回到自己的境界。|zh
1523|31|17|17|And there is hope for the future, says the Lord; and your children will come back to the land which is theirs.|en
1524|31|18|18|我聽見以法蓮為自己悲歎說：你責罰我，我便受責罰，像不慣負軛的牛犢一樣。求你使我回轉，我便回轉，因為你是耶和華─我的神。|zh
1525|31|18|18|Certainly Ephraim's words of grief have come to my ears, You have given me training and I have undergone it like a young cow unused to the yoke: let me be turned and come back, for you are the Lord my God.|en
1526|31|19|19|我回轉以後就真正懊悔；受教以後就拍腿歎息；我因擔當幼年的凌辱就抱愧蒙羞。|zh
1527|31|19|19|Truly, after I had been turned, I had regret for my ways; and after I had got knowledge, I made signs of sorrow: I was put to shame, truly, I was covered with shame, because I had to undergo the shame of my early years.|en
1528|31|20|20|耶和華說：以法蓮是我的愛子麼？是可喜悅的孩子麼？我每逢責備他，仍深顧念他；所以我的心腸戀慕他；我必要憐憫他。|zh
1529|31|20|20|Is Ephraim my dear son? is he the child of my delight? for whenever I say things against him, I still keep him in my memory: so my heart is troubled for him; I will certainly have mercy on him, says the Lord.|en
1530|31|21|21|以色列民（原文是處女）哪，你當為自己設立指路碑，豎起引路柱。你要留心向大路，就是你所去的原路；你當回轉，回轉到你這些城邑。|zh
1531|31|21|21|Put up guiding pillars, make road signs for yourself: give attention to the highway, even the way in which you went: be turned again, O virgin of Israel, be turned to these your towns.|en
1532|31|22|22|背道的民（原文是女子）哪，你反來覆去要到幾時呢？耶和華在地上造了一件新事，就是女子護衛男子。|zh
1533|31|22|22|How long will you go on turning this way and that, O wandering daughter? for the Lord has made a new thing on the earth, a woman changed into a man.|en
1534|31|23|23|萬軍之耶和華─以色列的神如此說：我使被擄之人歸回的時候，他們在猶大地和其中的城邑必再這樣說：公義的居所啊，聖山哪，願耶和華賜福給你。|zh
1535|31|23|23|So the Lord of armies, the God of Israel, has said, Again will these words be used in the land of Judah and in its towns, when I have let their fate be changed: May the blessing of the Lord be on you, O resting-place of righteousness, O holy mountain.|en
1536|31|24|24|猶大和屬猶大城邑的人，農夫和放羊的人，要一同住在其中。|zh
1537|31|24|24|And Judah and all its towns will be living there together; the farmers and those who go about with flocks.|en
1538|31|25|25|疲乏的人，我使他飽飫；愁煩的人，我使他知足。|zh
1539|31|25|25|For I have given new strength to the tired soul and to every sorrowing soul in full measure.|en
1540|31|26|26|先知說：我醒了，覺著睡得香甜！|zh
1541|31|26|26|At this, awaking from my sleep, I saw; and my sleep was sweet to me.|en
1542|31|27|27|耶和華說：日子將到，我要把人的種和牲畜的種播種在以色列家和猶大家。|zh
1543|31|27|27|See, the days are coming, says the Lord, when I will have Israel and Judah planted with the seed of man and with the seed of beast.|en
1544|31|28|28|我先前怎樣留意將他們拔出、拆毀、毀壞、傾覆、苦害，也必照樣留意將他們建立、栽植。這是耶和華說的。|zh
1545|31|28|28|And it will come about that, as I have been watching over them for the purpose of uprooting and smashing down and overturning and sending destruction and causing trouble; so I will be watching over them for the purpose of building up and planting, says the Lord.|en
1546|31|29|29|當那些日子，人不再說：父親吃了酸葡萄，兒子的牙酸倒了。|zh
1547|31|29|29|In those days they will no longer say, The fathers have been tasting bitter grapes and the children's teeth are put on edge.|en
1548|31|30|30|但各人必因自己的罪死亡；凡吃酸葡萄的，自己的牙必酸倒。|zh
1549|31|30|30|But everyone will be put to death for the evil which he himself has done: whoever has taken bitter grapes will himself have his teeth put on edge.|en
1550|31|31|31|耶和華說：日子將到，我要與以色列家和猶大家另立新約，|zh
1551|31|31|31|See, the days are coming, says the Lord, when I will make a new agreement with the people of Israel and with the people of Judah:|en
1552|31|32|32|不像我拉著他們祖宗的手，領他們出埃及地的時候，與他們所立的約。我雖作他們的丈夫，他們卻背了我的約。這是耶和華說的。|zh
1553|31|32|32|Not like the agreement which I made with their fathers, on the day when I took them by the hand to be their guide out of the land of Egypt; which agreement was broken by them, and I gave them up, says the Lord.|en
1554|31|33|33|耶和華說：那些日子以後，我與以色列家所立的約乃是這樣：我要將我的律法放在他們裡面，寫在他們心上。我要作他們的神，他們要作我的子民。|zh
1555|31|33|33|But this is the agreement which I will make with the people of Israel after those days, says the Lord; I will put my law in their inner parts, writing it in their hearts; and I will be their God, and they will be my people.|en
1556|31|34|34|他們各人不再教導自己的鄰舍和自己的弟兄說：你該認識耶和華，因為他們從最小的到至大的都必認識我。我要赦免他們的罪孽，不再記念他們的罪惡。這是耶和華說的。|zh
1557|31|34|34|And no longer will they be teaching every man his neighbour and every man his brother, saying, Get knowledge of the Lord: for they will all have knowledge of me, from the least of them to the greatest of them, says the Lord: for they will have my forgiveness for their evil-doing, and their sin will go from my memory for ever.|en
1558|31|35|35|那使太陽白日發光，使星月有定例，黑夜發亮，又攪動大海，使海中波浪匉訇的，萬軍之耶和華是他的名。他如此說：|zh
1559|31|35|35|These are the words of the Lord, who has given the sun for a light by day, ordering the moon and stars for a light by night, who puts the sea in motion, causing the thunder of its waves; the Lord of armies is his name.|en
1560|31|36|36|這些定例若能在我面前廢掉，以色列的後裔也就在我面前斷絕，永遠不再成國。這是耶和華說的。|zh
1561|31|36|36|If the order of these things before me is ever broken, says the Lord, then will the seed of Israel come to an end as a nation before me for ever.|en
1562|31|37|37|耶和華如此說：若能量度上天，尋察下地的根基，我就因以色列後裔一切所行的棄絕他們。這是耶和華說的。|zh
1563|31|37|37|This is what the Lord has said: If the heavens on high may be measured, and the bases of the earth searched out, then I will give up the seed of Israel, because of all they have done, says the Lord.|en
1564|31|38|38|耶和華說：日子將到，這城必為耶和華建造，從哈楠業樓直到角門。|zh
1565|31|38|38|See, the days are coming, says the Lord, for the building of the Lord's town, from the tower of Hananel to the doorway of the angle.|en
1566|31|39|39|準繩要往外量出，直到迦立山，又轉到歌亞。|zh
1567|31|39|39|And the measuring-line will go out in front of it as far as the hill Gareb, going round to Goah.|en
1568|31|40|40|拋屍的全谷和倒灰之處，並一切田地，直到汲淪溪，又直到東方馬門的拐角，都要歸耶和華為聖，不再拔出，不再傾覆，直到永遠。|zh
1569|31|40|40|And all the valley of the dead bodies, and all the field of death as far as the stream Kidron, up to the angle of the horses' doorway to the east, will be holy to the Lord; it will not again be uprooted or overturned for ever.|en
1570|32|1|1|猶大王西底家第十年，就是尼布甲尼撒十八年，耶和華的話臨到耶利米。|zh
1571|32|1|1|The word which came to Jeremiah from the Lord in the tenth year of Zedekiah, king of Judah, which was the eighteenth year of Nebuchadrezzar.|en
1572|32|2|2|那時巴比倫王的軍隊圍困耶路撒冷，先知耶利米囚在護衛兵的院內，在猶大王的宮中；|zh
1573|32|2|2|Now at that time the king of Babylon's army was round Jerusalem, shutting it in: and Jeremiah the prophet was shut up in the place of the armed watchmen, in the house of the king of Judah.|en
1574|32|3|3|因為猶大王西底家已將他囚禁，說：你為甚麼預言說，耶和華如此說：我必將這城交在巴比倫王的手中，他必攻取這城。|zh
1575|32|3|3|For Zedekiah, king of Judah, had had him shut up, saying, Why have you, as a prophet, been saying, The Lord has said, See, I will give this town into the hands of the king of Babylon, and he will take it;|en
1576|32|4|4|猶大王西底家必不能逃脫迦勒底人的手，定要交在巴比倫王的手中，要口對口彼此說話，眼對眼彼此相看。|zh
1577|32|4|4|And Zedekiah, king of Judah, will not get away from the hands of the Chaldaeans, but will certainly be given up into the hands of the king of Babylon, and will have talk with him, mouth to mouth, and see him, eye to eye.|en
1578|32|5|5|巴比倫王必將西底家帶到巴比倫；西底家必住在那裡，直到我眷顧他的時候。你們雖與迦勒底人爭戰，卻不順利。這是耶和華說的。|zh
1579|32|5|5|And he will take Zedekiah away to Babylon, where he will be till I have pity on him, says the Lord: though you are fighting with the Chaldaeans, things will not go well for you?|en
1580|32|6|6|耶利米說：耶和華的話臨到我說：|zh
1581|32|6|6|And Jeremiah said, The word of the Lord came to me, saying,|en
1582|32|7|7|你叔叔沙龍的兒子哈拿篾必來見你，說：我在亞拿突的那塊地，求你買來；因你買這地是合乎贖回之理。|zh
1583|32|7|7|See, Hanamel, the son of Shallum, your father's brother, will come to you and say, Give the price and get for yourself my property in Anathoth: for you have the right of the nearest relation.|en
1584|32|8|8|我叔叔的兒子哈拿篾果然照耶和華的話來到護衛兵的院內，對我說：我在便雅憫境內、亞拿突的那塊地，求你買來；因你買來是合乎承受之理，是你當贖的。你為自己買來罷！我─耶利米就知道這是耶和華的話。|zh
1585|32|8|8|So Hanamel, the son of my father's brother, came to me, as the Lord had said, to the place of the armed watchmen, and said to me, Give the price and get my property which is in Anathoth in the land of Benjamin: for you have the nearest relation's right to the heritage; so get it for yourself. Then it was clear to me that this was the word of the Lord.|en
1586|32|9|9|我便向我叔叔的兒子哈拿篾買了亞拿突的那塊地，平了十七舍客勒銀子給他。|zh
1587|32|9|9|So I got for a price the property in Anathoth from Hanamel, the son of my father's brother, and gave him the money, seventeen shekels of silver;|en
1588|32|10|10|我在契上畫押，將契封緘，又請見證人來，並用天平將銀子平給他。|zh
1589|32|10|10|And I put it in writing, stamping it with my stamp, and I took witnesses and put the money into the scales.|en
1590|32|11|11|我便將照例按規所立的買契，就是封緘的那一張和敞著的那一張，|zh
1591|32|11|11|So I took the paper witnessing the business, one copy rolled up and stamped, and one copy open:|en
1592|32|12|12|當著我叔叔的兒子哈拿篾和畫押作見證的人，並坐在護衛兵院內的一切猶大人眼前，交給瑪西雅的孫子尼利亞的兒子巴錄。|zh
1593|32|12|12|And I gave the paper to Baruch, the son of Neriah, the son of Mahseiah, before the eyes of Hanamel, the son of my father's brother, and of the witnesses who had put their names to the paper, and before all the Jews who were seated in the place of the armed watchmen.|en
1594|32|13|13|當著他們眾人眼前，我囑咐巴錄說：|zh
1595|32|13|13|And I gave orders to Baruch in front of them, saying,|en
1596|32|14|14|萬軍之耶和華─以色列的神如此說：要將這封緘的和敞著的兩張契放在瓦器裡，可以存留多日。|zh
1597|32|14|14|This is what the Lord of armies, the God of Israel, has said: Take these papers, the witness of this business, the one which is rolled up and stamped, and the one which is open; and put them in a vessel of earth so that they may be kept for a long time.|en
1598|32|15|15|因為萬軍之耶和華─以色列的神如此說：將來在這地必有人再買房屋、田地，和葡萄園。|zh
1599|32|15|15|For the Lord of armies, the God of Israel, has said, There will again be trading in houses and fields and vine-gardens in this land.|en
1600|32|16|16|我將買契交給尼利亞的兒子巴錄以後，便禱告耶和華說：|zh
1601|32|16|16|Now after I had given the paper to Baruch, the son of Neriah, I made my prayer to the Lord, saying,|en
1602|32|17|17|主耶和華啊，你曾用大能和伸出來的膀臂創造天地，在你沒有難成的事。|zh
1603|32|17|17|Ah Lord God! see, you have made the heaven and the earth by your great power and by your outstretched arm, and there is nothing you are not able to do:|en
1604|32|18|18|你施慈愛與千萬人，又將父親的罪孽報應在他後世子孫的懷中，是至大全能的神，萬軍之耶和華是你的名。|zh
1605|32|18|18|You have mercy on thousands, and send punishment for the evil-doing of the fathers on their children after them: the great, the strong God, the Lord of armies is his name:|en
1606|32|19|19|謀事有大略，行事有大能，注目觀看世人一切的舉動，為要照各人所行的和他做事的結果報應他。|zh
1607|32|19|19|Great in wisdom and strong in act: whose eyes are open on all the ways of the sons of men, giving to everyone the reward of his ways and the fruit of his doings:|en
1608|32|20|20|在埃及地顯神蹟奇事，直到今日在以色列和別人中間也是如此，使自己得了名聲，正如今日一樣。|zh
1609|32|20|20|You have done signs and wonders in the land of Egypt, and even to this day, in Israel and among other men; and have made a name for yourself as at this day;|en
1610|32|21|21|用神蹟奇事和大能的手，並伸出來的膀臂與大可畏的事，領你的百姓以色列出了埃及。|zh
1611|32|21|21|And have taken your people Israel out of the land of Egypt with signs and with wonders and with a strong hand and an outstretched arm, causing great fear;|en
1612|32|22|22|將這地賜給他們，就是你向他們列祖起誓應許賜給他們流奶與蜜之地。|zh
1613|32|22|22|And have given them this land, which you gave your word to their fathers to give them, a land flowing with milk and honey;|en
1614|32|23|23|他們進入這地得了為業，卻不聽從你的話，也不遵行你的律法；你一切所吩咐他們行的，他們一無所行，因此你使這一切的災禍臨到他們。|zh
1615|32|23|23|And they came in and took it for their heritage, but they did not give ear to your voice, and were not ruled by your law; they have done nothing of all you gave them orders to do: so you have made all this evil come on them:|en
1616|32|24|24|看哪，敵人已經來到，築壘要攻取這城；城也因刀劍、饑荒、瘟疫交在攻城的迦勒底人手中。你所說的話都成就了，你也看見了。|zh
1617|32|24|24|See, they have made earthworks against the town to take it; and the town is given into the hands of the Chaldaeans who are fighting against it, because of the sword and need of food and disease: and what you have said has taken place, and truly you see it.|en
1618|32|25|25|主耶和華啊，你對我說：要用銀子為自己買那塊地，又請見證人。其實這城已交在迦勒底人的手中了。|zh
1619|32|25|25|And you have said to me, Give the money to get yourself a property, and have the business witnessed; though the town is given into the hands of the Chaldaeans.|en
1620|32|26|26|耶和華的話臨到耶利米說：|zh
1621|32|26|26|And the word of the Lord came to Jeremiah, saying,|en
1622|32|27|27|我是耶和華，是凡有血氣者的神，豈有我難成的事麼？|zh
1623|32|27|27|See, I am the Lord, the God of all flesh: is there anything so hard that I am unable to do it?|en
1624|32|28|28|耶和華如此說：我必將這城交付迦勒底人的手和巴比倫王尼布甲尼撒的手，他必攻取這城。|zh
1625|32|28|28|So this is what the Lord has said: See, I am giving this town into the hands of the Chaldaeans and into the hands of Nebuchadrezzar, the king of Babylon, and he will take it:|en
1626|32|29|29|攻城的迦勒底人必來放火焚燒這城和其中的房屋。在這房屋上，人曾向巴力燒香，向別神澆奠，惹我發怒。|zh
1627|32|29|29|And the Chaldaeans, who are fighting against this town, will come and put the town on fire, burning it together with the houses, on the roofs of which perfumes have been burned to the Baal, and drink offerings have been drained out to other gods, moving me to wrath.|en
1628|32|30|30|以色列人和猶大人自從幼年以來，專行我眼中看為惡的事；以色列人盡以手所做的惹我發怒。這是耶和華說的。|zh
1629|32|30|30|For the children of Israel and the children of Judah have done nothing but evil in my eyes from their earliest years: the children of Israel have only made me angry with the work of their hands, says the Lord.|en
1630|32|31|31|這城自從建造的那日直到今日，常惹我的怒氣和忿怒，使我將這城從我面前除掉；|zh
1631|32|31|31|For this town has been to me a cause of wrath and of burning passion from the day of its building till this day, so that I put it away from before my face:|en
1632|32|32|32|是因以色列人和猶大人一切的邪惡，就是他們和他們的君王、首領、祭司、先知，並猶大的眾人，以及耶路撒冷的居民所行的，惹我發怒。|zh
1633|32|32|32|Because of all the evil of the children of Israel and of the children of Judah, which they have done to make me angry, they and their kings, their princes, their priests, and their prophets, and the men of Judah and the people of Jerusalem.|en
1634|32|33|33|他們以背向我，不以面向我；我雖從早起來教訓他們，他們卻不聽從，不受教訓，|zh
1635|32|33|33|And they have been turning their backs and not their faces to me: and though I was their teacher, getting up early and teaching them, their ears were not open to teaching.|en
1636|32|34|34|竟把可憎之物設立在稱為我名下的殿中，污穢了這殿。|zh
1637|32|34|34|But they put their disgusting images into the house which is named by my name, making it unclean.|en
1638|32|35|35|他們在欣嫩子谷建築巴力的邱壇，好使自己的兒女經火歸摩洛；他們行這可憎的事，使猶大陷在罪裡，這並不是我所吩咐的，也不是我心所起的意。|zh
1639|32|35|35|And they put up the high places of the Baal in the valley of the son of Hinnom, making their sons and their daughters go through the fire to Molech; which I did not give them orders to do, and it never came into my mind that they would do this disgusting thing, causing Judah to be turned out of the way.|en
1640|32|36|36|現在論到這城，就是你們所說、已經因刀劍、饑荒、瘟疫交在巴比倫王手中的，耶和華─以色列的神如此說：|zh
1641|32|36|36|And now the Lord, the God of Israel, has said of this town, about which you say, It is given into the hands of the king of Babylon by the sword and by need of food and by disease:|en
1642|32|37|37|我在怒氣、忿怒，和大惱恨中，將以色列人趕到各國。日後我必從那裡將他們招聚出來，領他們回到此地，使他們安然居住。|zh
1643|32|37|37|See, I will get them together from all the countries where I have sent them in my wrath and in the heat of my passion and in my bitter feeling; and I will let them come back into this place where they may take their rest safely.|en
1644|32|38|38|他們要作我的子民，我要作他們的神。|zh
1645|32|38|38|And they will be my people, and I will be their God:|en
1646|32|39|39|我要使他們彼此同心同道，好叫他們永遠敬畏我，使他們和他們後世的子孫得福樂，|zh
1647|32|39|39|And I will give them one heart and one way, so that they may go on in the worship of me for ever, for their good and the good of their children after them:|en
1648|32|40|40|又要與他們立永遠的約，必隨著他們施恩，並不離開他們，且使他們有敬畏我的心，不離開我。|zh
1649|32|40|40|And I will make an eternal agreement with them, that I will never give them up, but ever do them good; and I will put the fear of me in their hearts, so that they will not go away from me.|en
1650|32|41|41|我必歡喜施恩與他們，要盡心盡意、誠誠實實將他們栽於此地。|zh
1651|32|41|41|And truly, I will take pleasure in doing them good, and all my heart and soul will be given to planting them in this land in good faith.|en
1652|32|42|42|因為耶和華如此說：我怎樣使這一切大禍臨到這百姓，我也要照樣使我所應許他們的一切福樂都臨到他們。|zh
1653|32|42|42|For the Lord has said: As I have made all this great evil come on this people, so I will send on them all the good which I said about them.|en
1654|32|43|43|你們說，這地是荒涼、無人民、無牲畜，是交付迦勒底人手之地。日後在這境內，必有人置買田地。|zh
1655|32|43|43|And there will be trading in fields in this land of which you say, It is a waste, without man or beast; it is given into the hands of the Chaldaeans.|en
1656|32|44|44|在便雅憫地、耶路撒冷四圍的各處、猶大的城邑、山地的城邑、高原的城邑，並南地的城邑，人必用銀子買田地，在契上畫押，將契封緘，請出見證人，因為我必使被擄的人歸回。這是耶和華說的。|zh
1657|32|44|44|Men will get fields for money, and put the business in writing, stamping the papers and having them witnessed, in the land of Benjamin and in the country round Jerusalem and in the towns of Judah and in the towns of the hill-country and in the towns of the lowland and in the towns of the South: for I will let their fate be changed, says the Lord.|en
1658|33|1|1|耶利米還囚在護衛兵的院內，耶和華的話第二次臨到他說：|zh
1659|33|1|1|Then the word of the Lord came to Jeremiah the second time, while he was still shut up in the place of the armed watchmen, saying,|en
1660|33|2|2|成就的是耶和華，造作、為要建立的也是耶和華；耶和華是他的名。他如此說：|zh
1661|33|2|2|These are the words of the Lord, who is doing it, the Lord who is forming it, to make it certain; the Lord is his name;|en
1662|33|3|3|你求告我，我就應允你，並將你所不知道、又大又難的事指示你。|zh
1663|33|3|3|Let your cry come to me, and I will give you an answer, and let you see great things and secret things of which you had no knowledge.|en
1664|33|4|4|論到這城中的房屋和猶大王的宮室，就是拆毀為擋敵人高壘和刀劍的，耶和華─以色列的神如此說：|zh
1665|33|4|4|For this is what the Lord, the God of Israel, has said about the houses of this town and the houses of the kings of Judah, which have been broken down to make earthworks and ...;|en
1666|33|5|5|人要與迦勒底人爭戰，正是拿死屍充滿這房屋，就是我在怒氣和忿怒中所殺的人，因他們的一切惡，我就掩面不顧這城。|zh
1667|33|5|5|... and to make them full of the dead bodies of men whom I have put to death in my wrath and in my passion, and because of whose evil-doing I have kept my face covered from this town.|en
1668|33|6|6|看哪，我要使這城得以痊愈安舒，使城中的人得醫治，又將豐盛的平安和誠實顯明與他們。|zh
1669|33|6|6|See, I will make it healthy and well again, I will even make them well; I will let them see peace and good faith in full measure.|en
1670|33|7|7|我也要使猶大被擄的和以色列被擄的歸回，並建立他們和起初一樣。|zh
1671|33|7|7|And I will let the fate of Judah and of Israel be changed, building them up as at first.|en
1672|33|8|8|我要除淨他們的一切罪，就是向我所犯的罪；又要赦免他們的一切罪，就是干犯我、違背我的罪。|zh
1673|33|8|8|And I will make them clean from all their sin, with which they have been sinning against me; I will have forgiveness for all their sins, with which they have been sinning against me, and with which they have done evil against me.|en
1674|33|9|9|這城要在地上萬國人面前使我得頌讚，得榮耀，名為可喜可樂之城。萬國人因聽見我向這城所賜的福樂、所施的恩惠平安，就懼怕戰兢。|zh
1675|33|9|9|And this town will be to me for a name of joy, for a praise and a glory before all the nations of the earth, who, hearing of all the good which I am doing for them, will be shaking with fear because of all the good and the peace which I am doing for it.|en
1676|33|10|10|耶和華如此說：你們論這地方，說是荒廢無人民無牲畜之地，但在這荒涼無人民無牲畜的猶大城邑和耶路撒冷的街上，|zh
1677|33|10|10|This is what the Lord has said: There will again be sounding in this place, of which you say, It is a waste, without man and without beast; even in the towns of Judah and in the streets of Jerusalem which are waste and unpeopled, without man and without beast,|en
1678|33|11|11|必再聽見有歡喜和快樂的聲音、新郎和新婦的聲音，並聽見有人說：要稱謝萬軍之耶和華，因耶和華本為善；他的慈愛永遠長存！又有奉感謝祭到耶和華殿中之人的聲音；因為我必使這地被擄的人歸回，和起初一樣。這是耶和華說的。|zh
1679|33|11|11|Happy sounds, the voice of joy, the voice of the newly-married man and the voice of the bride, the voices of those who say, Give praise to the Lord of armies, for the Lord is good, for his mercy is unchanging for ever: the voices of those who go with praise into the house of the Lord. For I will let the land come back to its first condition, says the Lord.|en
1680|33|12|12|萬軍之耶和華如此說：在這荒廢無人民無牲畜之地，並其中所有的城邑，必再有牧人的住處；他們要使羊群躺臥在那裡。|zh
1681|33|12|12|This is what the Lord of armies has said: Again there will be in this place, which is a waste, without man and without beast, and in all its towns, a resting-place where the keepers of sheep will make their flocks take rest.|en
1682|33|13|13|在山地的城邑、高原的城邑、南地的城邑、便雅憫地、耶路撒冷四圍的各處，和猶大的城邑必再有羊群從數點的人手下經過。這是耶和華說的。|zh
1683|33|13|13|In the towns of the hill-country, in the towns of the lowland, and in the towns of the South and in the land of Benjamin and in the country round Jerusalem and in the towns of Judah, the flocks will again go under the hand of him who is numbering them, says the Lord.|en
1684|33|14|14|耶和華說：日子將到，我應許以色列家和猶大家的恩言必然成就。|zh
1685|33|14|14|See, the days are coming, says the Lord, when I will give effect to the good word which I have said about the people of Israel and the people of Judah.|en
1686|33|15|15|當那日子，那時候，我必使大衛公義的苗裔長起來；他必在地上施行公平和公義。|zh
1687|33|15|15|In those days and at that time, I will let a Branch of righteousness come up for David; and he will be a judge in righteousness in the land.|en
1688|33|16|16|在那日子猶大必得救，耶路撒冷必安然居住，他的名必稱為耶和華─我們的義。|zh
1689|33|16|16|In those days, Judah will have salvation and Jerusalem will be safe: and this is the name which will be given to her: The Lord is our righteousness.|en
1690|33|17|17|因為耶和華如此說：大衛必永不斷人坐在以色列家的寶座上；|zh
1691|33|17|17|For the Lord has said, David will never be without a man to take his place on the seat of the kingdom of Israel;|en
1692|33|18|18|祭司、利未人在我面前也不斷人獻燔祭、燒素祭，時常辦理獻祭的事。|zh
1693|33|18|18|And the priests and the Levites will never be without a man to come before me, offering burned offerings and perfumes and meal offerings and offerings of beasts at all times.|en
1694|33|19|19|耶和華的話臨到耶利米說：|zh
1695|33|19|19|And the word of the Lord came to Jeremiah, saying,|en
1696|33|20|20|耶和華如此說：你們若能廢棄我所立白日黑夜的約，使白日黑夜不按時輪轉，|zh
1697|33|20|20|The Lord has said: If it is possible for my agreement of the day and the night to be broken, so that day and night no longer come at their fixed times,|en
1698|33|21|21|就能廢棄我與我僕人大衛所立的約，使他沒有兒子在他的寶座上為王，並能廢棄我與事奉我的祭司、利未人所立的約。|zh
1699|33|21|21|Then my agreement with my servant David may be broken, so that he no longer has a son to take his place on the seat of the kingdom; and my agreement with the Levites, the priests, my servants.|en
1700|33|22|22|天上的萬象不能數算，海邊的塵沙也不能斗量；我必照樣使我僕人大衛的後裔和事奉我的利未人多起來。|zh
1701|33|22|22|As it is not possible for the army of heaven to be numbered, or the sand of the sea measured, so will I make the seed of my servant David, and the Levites my servants.|en
1702|33|23|23|耶和華的話臨到耶利米說：|zh
1703|33|23|23|And the word of the Lord came to Jeremiah, saying,|en
1704|33|24|24|你沒有揣摩這百姓的話麼？他們說：耶和華所揀選的二族，他已經棄絕了。他們這樣藐視我的百姓，以為不再成國。|zh
1705|33|24|24|Have you taken note of what these people have said, The two families, which the Lord took for himself, he has given up? This they say, looking down on my people as being, in their eyes, no longer a nation.|en
1706|33|25|25|耶和華如此說：若是我立白日黑夜的約不能存住，若是我未曾安排天地的定例，|zh
1707|33|25|25|The Lord has said, If I have not made day and night, and if the limits of heaven and earth have not been fixed by me,|en
1708|33|26|26|我就棄絕雅各的後裔和我僕人大衛的後裔，不使大衛的後裔治理亞伯拉罕、以撒、雅各的後裔；因為我必使他們被擄的人歸回，也必憐憫他們。|zh
1709|33|26|26|Then I will give up caring for the seed of Jacob and of David my servant, so that I will not take of his seed to be rulers over the seed of Abraham, Isaac, and Jacob: for I will let their fate be changed and will have mercy on them.|en
1710|34|1|1|巴比倫王尼布甲尼撒率領他的全軍和地上屬他的各國各邦，攻打耶路撒冷和屬耶路撒冷所有的城邑。那時，耶和華的話臨到耶利米說：|zh
1711|34|1|1|The word which came to Jeremiah from the Lord, when Nebuchadrezzar, king of Babylon, and all his army, and all the kingdoms of the earth which were under his rule, and all the peoples, were fighting against Jerusalem and all its towns, saying,|en
1712|34|2|2|耶和華─以色列的神說，你去告訴猶大王西底家，耶和華如此說：我要將這城交付巴比倫王的手，他必用火焚燒。|zh
1713|34|2|2|The Lord, the God of Israel, has said, Go and say to Zedekiah, king of Judah, This is what the Lord has said: See, I will give this town into the hands of the king of Babylon, and he will have it burned with fire:|en
1714|34|3|3|你必不能逃脫他的手，定被拿住，交在他的手中。你的眼要見巴比倫王的眼，他要口對口和你說話，你也必到巴比倫去。|zh
1715|34|3|3|And you will not get away from him, but will certainly be taken and given up into his hands; and you will see the king of Babylon, eye to eye, and he will have talk with you, mouth to mouth, and you will go to Babylon.|en
1716|34|4|4|猶大王西底家啊，你還要聽耶和華的話。耶和華論到你如此說：你必不被刀劍殺死，|zh
1717|34|4|4|But give ear to the word of the Lord, O Zedekiah, king of Judah; this is what the Lord has said about you: Death will not come to you by the sword:|en
1718|34|5|5|你必平安而死，人必為你焚燒物件，好像為你列祖，就是在你以前的先王焚燒一般。人必為你舉哀說：哀哉！我主啊。耶和華說：這話是我說的。|zh
1719|34|5|5|You will come to your end in peace; and such burnings as they made for your fathers, the earlier kings before you, will be made for you; and they will be weeping for you and saying, Ah lord! for I have said the word, says the Lord.|en
1720|34|6|6|於是，先知耶利米在耶路撒冷將這一切話告訴猶大王西底家。|zh
1721|34|6|6|Then Jeremiah the prophet said all these things to Zedekiah, king of Judah, in Jerusalem,|en
1722|34|7|7|那時，巴比倫王的軍隊正攻打耶路撒冷，又攻打猶大所剩下的城邑，就是拉吉和亞西加。原來猶大的堅固城只剩下這兩座。|zh
1723|34|7|7|When the army of the king of Babylon was fighting against Jerusalem and against all the towns of Judah which had not been taken, against Lachish and against Azekah; for these were the last of the walled towns of Judah.|en
1724|34|8|8,9 |西底家王與耶路撒冷的眾民立約，要向他們宣告自由，叫各人任他希伯來的僕人和婢女自由出去，誰也不可使他的一個猶大弟兄作奴僕。（此後，有耶和華的話臨到耶利米。）|zh
1725|34|8|8|The word which came to Jeremiah from the Lord, after King Zedekiah had made an agreement with all the people in Jerusalem, to give news in public that servants were to be made free;|en
1726|34|9|9|That every man was to let his Hebrew man-servant and his Hebrew servant-girl go free; so that no one might make use of a Jew, his countryman, as a servant:|en
1727|34|10|10|所有立約的首領和眾民就任他的僕人婢女自由出去，誰也不再叫他們作奴僕。大家都順從，將他們釋放了；|zh
1728|34|10|10|And this was done by all the rulers and the people who had taken part in the agreement, and every one let his man-servant and his servant-girl go free, not to be used as servants any longer; they did so, and let them go.|en
1729|34|11|11|後來卻又反悔，叫所任去自由的僕人婢女回來，勉強他們仍為僕婢。|zh
1730|34|11|11|But later, they took back again the servants and the servant-girls whom they had let go free, and put them again under the yoke as servants and servant-girls.|en
1731|34|12|12|因此耶和華的話臨到耶利米說：|zh
1732|34|12|12|For this reason the word of the Lord came to Jeremiah from the Lord, saying,|en
1733|34|13|13|耶和華─以色列的神如此說：我將你們的列祖從埃及地為奴之家領出來的時候，與他們立約說：|zh
1734|34|13|13|The Lord, the God of Israel, has said, I made an agreement with your fathers on the day when I took them out of Egypt, out of the prison-house, saying,|en
1735|34|14|14|你的一個希伯來弟兄若賣給你，服事你六年，到第七年你們各人就要任他自由出去。只是你們列祖不聽從我，也不側耳而聽。|zh
1736|34|14|14|At the end of seven years every man is to let go his countryman who is a Hebrew, who has become yours for a price and has been your servant for six years; you are to let him go free: but your fathers gave no attention and did not give ear.|en
1737|34|15|15|如今你們回轉，行我眼中看為正的事，各人向鄰舍宣告自由，並且在稱為我名下的殿中、在我面前立約。|zh
1738|34|15|15|And now, turning away from evil, you had done what is right in my eyes, giving a public undertaking for every man to make his neighbour free; and you had made an agreement before me in the house which is named by my name:|en
1739|34|16|16|你們卻又反悔，褻瀆我的名，各人叫所任去隨意自由的僕人婢女回來，勉強他們仍為僕婢。|zh
1740|34|16|16|But again you have put shame on my name, and you have taken back, every one his man-servant and his servant-girl, whom you had sent away free, and you have put them under the yoke again to be your servants and servant-girls.|en
1741|34|17|17|所以耶和華如此說：你們沒有聽從我，各人向弟兄鄰舍宣告自由。看哪！我向你們宣告一樣自由，就是使你們自由於刀劍、饑荒、瘟疫之下，並且使你們在天下萬國中拋來拋去。這是耶和華說的。|zh
1742|34|17|17|And so the Lord has said, You have not given ear to me and undertaken publicly, every man to let loose his countryman and his neighbour: see, I undertake to let loose against you the sword and disease and need of food; and I will send you wandering among all the kingdoms of the earth.|en
1743|34|18|18,19 |猶大的首領、耶路撒冷的首領、太監、祭司，和國中的眾民曾將牛犢劈開，分成兩半，從其中經過，在我面前立約。後來又違背我的約，不遵行這約上的話。|zh
1744|34|18|18|And I will give the men who have gone against my agreement and have not given effect to the words of the agreement which they made before me, when the ox was cut in two and they went between the parts of it,|en
1745|34|19|19|The rulers of Judah and the rulers of Jerusalem, the unsexed servants and the priests and all the people of the land who went between the parts of the ox,|en
1746|34|20|20|我必將他們交在仇敵和尋索其命的人手中；他們的屍首必給空中的飛鳥和地上的野獸作食物。|zh
1747|34|20|20|Even these I will give up into the hands of their haters and into the hands of those who have designs against their lives: and their dead bodies will become food for the birds of heaven and the beasts of the earth.|en
1748|34|21|21|並且我必將猶大王西底家和他的首領交在他們仇敵和尋索其命的人，與那暫離你們而去巴比倫王軍隊的手中。|zh
1749|34|21|21|And Zedekiah, king of Judah, and his rulers I will give into the hands of their haters and into the hands of those who have designs against their lives, and into the hands of the king of Babylon's army which has gone away from you.|en
1750|34|22|22|耶和華說：我必吩咐他們回到這城，攻打這城，將城攻取，用火焚燒。我也要使猶大的城邑變為荒場，無人居住。|zh
1751|34|22|22|See, I will give orders, says the Lord, and make them come back to this town; and they will make war on it and take it and have it burned with fire: and I will make the towns of Judah waste and unpeopled.|en
1752|35|1|1|當猶大王約西亞之子約雅敬的時候，耶和華的話臨到耶利米說：|zh
1753|35|1|1|The word which came to Jeremiah from the Lord, in the days of Jehoiakim, the son of Josiah, king of Judah, saying,|en
1754|35|2|2|你去見利甲族的人，和他們說話，領他們進入耶和華殿的一間屋子，給他們酒喝。|zh
1755|35|2|2|Go into the house of the Rechabites, and have talk with them, and take them into the house of the Lord, into one of the rooms, and give them wine.|en
1756|35|3|3|我就將哈巴洗尼雅的孫子雅利米雅的兒子雅撒尼亞和他弟兄，並他眾子，以及利甲全族的人，|zh
1757|35|3|3|Then I took Jaazaniah, the son of Jeremiah, the son of Habazziniah, and his brothers and all his sons and all the Rechabites;|en
1758|35|4|4|領到耶和華的殿，進入神人伊基大利的兒子哈難眾子的屋子。那屋子在首領的屋子旁邊，在沙龍之子把門的瑪西雅屋子以上。|zh
1759|35|4|4|And I took them into the house of the Lord, into the room of the sons of Hanan, the son of Igdaliah, the man of God, which was near the rulers' room, which was over the room of Maaseiah, the son of Shallum, the keeper of the door;|en
1760|35|5|5|於是我在利甲族人面前設擺盛滿酒的碗和杯，對他們說：請你們喝酒。|zh
1761|35|5|5|And I put before the sons of the Rechabites basins full of wine and cups, and I said to them, Take some wine.|en
1762|35|6|6|他們卻說：我們不喝酒；因為我們先祖利甲的兒子約拿達曾吩咐我們說：你們與你們的子孫永不可喝酒，|zh
1763|35|6|6|But they said, We will take no wine: for Jonadab, the son of Rechab our father, gave us orders, saying, You are to take no wine, you or your sons, for ever:|en
1764|35|7|7|也不可蓋房、撒種、栽種葡萄園，但一生的年日要住帳棚，使你們的日子在寄居之地得以延長。|zh
1765|35|7|7|And you are to make no houses, or put in seed, or get vine-gardens planted, or have any: but all your days you are to go on living in tents, so that you may have a long life in the land where you are living as in a strange country.|en
1766|35|8|8|凡我們先祖利甲的兒子約拿達所吩咐我們的話，我們都聽從了。我們和我們的妻子兒女一生的年日都不喝酒，|zh
1767|35|8|8|And we have kept the rules of Jonadab, the son of Rechab our father, in everything which he gave us orders to do, drinking no wine all our days, we and our wives and our sons and our daughters;|en
1768|35|9|9|也不蓋房居住，也沒有葡萄園、田地，和種子，|zh
1769|35|9|9|Building no houses for ourselves, having no vine-gardens or fields or seed:|en
1770|35|10|10|但住帳棚，聽從我們先祖約拿達的話，照他所吩咐我們的去行。|zh
1771|35|10|10|But we have been living in tents, and have done everything which Jonadab our father gave us orders to do.|en
1772|35|11|11|巴比倫王尼布甲尼撒上此地來，我們因怕迦勒底的軍隊和亞蘭的軍隊，就說：來吧，我們到耶路撒冷去。這樣，我們才住在耶路撒冷。|zh
1773|35|11|11|But when Nebuchadrezzar, king of Babylon, came up into the land, we said, Come, let us go to Jerusalem, away from the army of the Chaldaeans and from the army of the Aramaeans: and so we are living in Jerusalem.|en
1774|35|12|12|耶和華的話臨到耶利米說：|zh
1775|35|12|12|Then the word of the Lord came to Jeremiah, saying,|en
1776|35|13|13|萬軍之耶和華─以色列的神如此說：你去對猶大人和耶路撒冷的居民說，耶和華說：你們不受教訓，不聽從我的話麼？|zh
1777|35|13|13|This is what the Lord of armies, the God of Israel, has said: Go and say to the men of Judah and the people of Jerusalem, Is there no hope of teaching you to give ear to my words? says the Lord.|en
1778|35|14|14|利甲的兒子約拿達所吩咐他子孫不可喝酒的話，他們已經遵守，直到今日也不喝酒，因為他們聽從先祖的吩咐。我從早起來警戒你們，你們卻不聽從我。|zh
1779|35|14|14|The orders which Jonadab, the son of Rechab, gave to his sons to take no wine, are done, and to this day they take no wine, for they do the orders of their father: but I have sent my words to you, getting up early and sending them, and you have not given ear to me.|en
1780|35|15|15|我從早起來，差遣我的僕人眾先知去，說：你們各人當回頭，離開惡道，改正行為，不隨從事奉別神，就必住在我所賜給你們和你們列祖的地上。只是你們沒有聽從我，也沒有側耳而聽。|zh
1781|35|15|15|And I have sent you all my servants the prophets, getting up early and sending them, saying, Come back, now, every man from his evil way, and do better, and go not after other gods to become their servants, and you will go on living in the land which I have given to you and to your fathers: but your ears have not been open, and you have not given attention to me.|en
1782|35|16|16|利甲的兒子約拿達的子孫能遵守先人所吩咐他們的命，這百姓卻沒有聽從我！|zh
1783|35|16|16|Though the sons of Jonadab the son of Rechab have done the orders of their father which he gave them, this people has not given ear to me:|en
1784|35|17|17|因此，耶和華─萬軍之神、以色列的　神如此說：我要使我所說的一切災禍臨到猶大人和耶路撒冷的一切居民。因為我對他們說話，他們沒有聽從；我呼喚他們，他們沒有答應。|zh
1785|35|17|17|For this reason the Lord, the God of armies, the God of Israel, has said, See, I will send on Judah and on all the people of Jerusalem all the evil which I said I would do to them: because I sent my words to them, but they did not give ear; crying out to them, but they gave no answer.|en
1786|35|18|18|耶利米對利甲族的人說：萬軍之耶和華─以色列的神如此說：因你們聽從你們先祖約拿達的吩咐，謹守他的一切誡命，照他所吩咐你們的去行，|zh
1787|35|18|18|But to the Rechabites Jeremiah said, This is what the Lord of armies, the God of Israel, has said: Because you have done the orders of Jonadab your father, and have kept his rules, and done everything as he gave you orders to do it;|en
1788|35|19|19|所以萬軍之耶和華─以色列的神如此說：利甲的兒子約拿達必永不缺人侍立在我面前。|zh
1789|35|19|19|For this reason the Lord of armies, the God of Israel, has said, Jonadab, the son of Rechab, will never be without a man to take his place before me.|en
1790|36|1|1|猶大王約西亞的兒子約雅敬第四年，耶和華的話臨到耶利米說：|zh
1791|36|1|1|Now it came about in the fourth year of Jehoiakim, the son of Josiah, king of Judah, that this word came to Jeremiah from the Lord, saying,|en
1792|36|2|2|你取一書卷，將我對你說攻擊以色列和猶大，並各國的一切話，從我對你說話的那日，就是從約西亞的日子起直到今日，都寫在其上。|zh
1793|36|2|2|Take a book and put down in it all the words I have said to you against Israel and against Judah and against all the nations, from the day when my word came to you in the days of Josiah till this day.|en
1794|36|3|3|或者猶大家聽見我想要降與他們的一切災禍，各人就回頭，離開惡道，我好赦免他們的罪孽和罪惡。|zh
1795|36|3|3|It may be that the people of Judah, hearing of all the evil which it is my purpose to do to them, will be turned, every man from his evil ways; so that they may have my forgiveness for their evil-doing and their sin.|en
1796|36|4|4|所以，耶利米召了尼利亞的兒子巴錄來；巴錄就從耶利米口中，將耶和華對耶利米所說的一切話寫在書卷上。|zh
1797|36|4|4|Then Jeremiah sent for Baruch, the son of Neriah; and Baruch took down from the mouth of Jeremiah all the words of the Lord which he had said to him, writing them in a book.|en
1798|36|5|5|耶利米吩咐巴錄說：我被拘管，不能進耶和華的殿。|zh
1799|36|5|5|And Jeremiah gave orders to Baruch, saying, I am shut up, and am not able to go into the house of the Lord:|en
1800|36|6|6|所以你要去趁禁食的日子，在耶和華殿中將耶和華的話，就是你從我口中所寫在書卷上的話，念給百姓和一切從猶大城邑出來的人聽。|zh
1801|36|6|6|So you are to go, reading there from the book, which you have taken down from my mouth, the words of the Lord, in the hearing of the people in the Lord's house, on a day when they go without food, and in the hearing of all the men of Judah who have come out from their towns.|en
1802|36|7|7|或者他們在耶和華面前懇求各人回頭，離開惡道，因為耶和華向這百姓所說要發的怒氣和忿怒是大的。|zh
1803|36|7|7|It may be that their prayer for grace will go up to the Lord, and that every man will be turned from his evil ways: for great is the wrath and the passion made clear by the Lord against this people.|en
1804|36|8|8|尼利亞的兒子巴錄就照先知耶利米一切所吩咐的去行，在耶和華的殿中從書上念耶和華的話。|zh
1805|36|8|8|And Baruch, the son of Neriah, did as Jeremiah the prophet gave him orders to do, reading from the book the words of the Lord in the Lord's house.|en
1806|36|9|9|猶大王約西亞的兒子約雅敬第五年九月，耶路撒冷的眾民和那從猶大城邑來到耶路撒冷的眾民，在耶和華面前宣告禁食的日子，|zh
1807|36|9|9|Now it came about in the fifth year of Jehoiakim, the son of Josiah, king of Judah, in the ninth month, that it was given out publicly that all the people in Jerusalem, and all the people who came from the towns of Judah to Jerusalem, were to keep from food before the Lord.|en
1808|36|10|10|巴錄就在耶和華殿的上院，耶和華殿的新門口，沙番的兒子文士基瑪利雅的屋內，念書上耶利米的話給眾民聽。|zh
1809|36|10|10|Then Baruch gave a public reading of the words of Jeremiah from the book, in the house of the Lord, in the room of Gemariah, the son of Shaphan the scribe, in the higher square, as one goes in by the new doorway of the Lord's house, in the hearing of all the people.|en
1810|36|11|11|沙番的孫子、基瑪利雅的兒子米該亞聽見書上耶和華的一切話，|zh
1811|36|11|11|And Micaiah, the son of Gemariah, the son of Shaphan, after hearing all the words of the Lord from the book,|en
1812|36|12|12|他就下到王宮，進入文士的屋子。眾首領，就是文士以利沙瑪、示瑪雅的兒子第萊雅、亞革波的兒子以利拿單、沙番的兒子基瑪利雅、哈拿尼雅的兒子西底家，和其餘的首領都坐在那裡。|zh
1813|36|12|12|Went down to the king's house, to the scribe's room: and all the rulers were seated there, Elishama the scribe and Delaiah, the son of Shemaiah, and Elnathan, the son of Achbor, and Gemariah, the son of Shaphan, and Zedekiah, the son of Hananiah, and all the rulers.|en
1814|36|13|13|於是米該亞對他們述說他所聽見的一切話，就是巴錄向百姓念那書的時候所聽見的。|zh
1815|36|13|13|Then Micaiah gave them an account of all the words which had come to his ears when Baruch was reading the book to the people.|en
1816|36|14|14|眾首領就打發古示的曾孫、示利米雅的孫子、尼探雅的兒子猶底到巴錄那裡，對他說：你將所念給百姓聽的書卷拿在手中到我們這裡來。尼利亞的兒子巴錄就手拿書卷來到他們那裡。|zh
1817|36|14|14|So all the rulers sent Jehudi, the son of Nethaniah, the son of Shelemiah, the son of Cushi, to Baruch, saying, Take in your hand the book from which you have been reading to the people and come. So Baruch, the son of Neriah, took the book in his hand and came down to them.|en
1818|36|15|15|他們對他說：請你坐下，念給我們聽。巴錄就念給他們聽。|zh
1819|36|15|15|Then they said to him, Be seated now, and give us a reading from it. So Baruch did so, reading it to them.|en
1820|36|16|16|他們聽見這一切話就害怕，面面相觀，對巴錄說：我們必須將這一切話告訴王。|zh
1821|36|16|16|Now it came about that, after hearing all the words, they said to one another in fear, We will certainly give the king an account of all these words.|en
1822|36|17|17|他們問巴錄說：請你告訴我們，你怎樣從他口中寫這一切話呢？|zh
1823|36|17|17|And questioning Baruch, they said, Say now, how did you put all these words down in writing from his mouth?|en
1824|36|18|18|巴錄回答說：他用口向我說這一切話，我就用筆墨寫在書上。|zh
1825|36|18|18|Then Baruch, answering, said, He said all these things to me by word of mouth, and I put them down with ink in the book.|en
1826|36|19|19|眾首領對巴錄說：你和耶利米要去藏起來，不可叫人知道你們在哪裡。|zh
1827|36|19|19|Then the rulers said to Baruch, Go and put yourself in a safe place, you and Jeremiah, and let no man have knowledge of where you are.|en
1828|36|20|20|眾首領進院見王，卻先把書卷存在文士以利沙瑪的屋內，以後將這一切話說給王聽。|zh
1829|36|20|20|Then they went into the open square to the king; but the book they put away in the room of Elishama the scribe; and they gave the king an account of all the words.|en
1830|36|21|21|王就打發猶底去拿這書卷來，他便從文士以利沙瑪的屋內取來，念給王和王左右侍立的眾首領聽。|zh
1831|36|21|21|So the king sent Jehudi to get the book, and he took it from the room of Elishama the scribe. And Jehudi gave a reading of it in the hearing of the king and all the rulers who were by the king's side.|en
1832|36|22|22|那時正是九月，王坐在過冬的房屋裡，王的前面火盆中有燒著的火。|zh
1833|36|22|22|Now the king was seated in the winter house, and a fire was burning in the fireplace in front of him.|en
1834|36|23|23|猶底念了三四篇（或譯：行），王就用文士的刀將書卷割破，扔在火盆中，直到全卷在火中燒盡了。|zh
1835|36|23|23|And it came about that whenever Jehudi, in his reading, had got through three or four divisions, the king, cutting them with his penknife, put them into the fire, till all the book was burned up in the fire which was burning in the fireplace.|en
1836|36|24|24|王和聽見這一切話的臣僕都不懼怕，也不撕裂衣服。|zh
1837|36|24|24|But they had no fear and gave no signs of grief, not the king or any of his servants, after hearing all these words.|en
1838|36|25|25|以利拿單和第萊雅，並基瑪利雅懇求王不要燒這書卷，他卻不聽。|zh
1839|36|25|25|And Elnathan and Delaiah and Gemariah had made a strong request to the king not to let the book be burned, but he would not give ear to them.|en
1840|36|26|26|王就吩咐哈米勒的兒子（或譯：王的兒子）耶拉篾和亞斯列的兒子西萊雅，並亞伯疊的兒子示利米雅，去捉拿文士巴錄和先知耶利米。耶和華卻將他們隱藏。|zh
1841|36|26|26|And the king gave orders to Jerahmeel, the king's son, and Seraiah, the son of Azriel, and Shelemiah, the son of Abdeel, to take Baruch the scribe and Jeremiah the prophet: but the Lord kept them safe.|en
1842|36|27|27|王燒了書卷（其上有巴錄從耶利米口中所寫的話）以後，耶和華的話臨到耶利米說：|zh
1843|36|27|27|Then after the book, in which Baruch had put down the words of Jeremiah, had been burned by the king, the word of the Lord came to Jeremiah, saying,|en
1844|36|28|28|你再取一卷，將猶大王約雅敬所燒第一卷上的一切話寫在其上。|zh
1845|36|28|28|Take another book and put down in it all the words which were in the first book, which Jehoiakim, king of Judah, put into the fire.|en
1846|36|29|29|論到猶大王約雅敬你要說，耶和華如此說：你燒了書卷，說：你為甚麼在其上寫著，說巴比倫王必要來毀滅這地，使這地上絕了人民牲畜呢？|zh
1847|36|29|29|And about Jehoiakim, king of Judah, you are to say, This is what the Lord has said: You have put this book into the fire, saying, Why have you put in it that the king of Babylon will certainly come, causing the destruction of this land and putting an end to every man and beast in it?|en
1848|36|30|30|所以耶和華論到猶大王約雅敬說：他後裔中必沒有人坐在大衛的寶座上；他的屍首必被拋棄，白日受炎熱，黑夜受寒霜。|zh
1849|36|30|30|For this reason the Lord has said of Jehoiakim, king of Judah, He will have no son to take his place on the seat of David: his dead body will be put out to undergo the heat of the day and the cold of the night.|en
1850|36|31|31|我必因他和他後裔，並他臣僕的罪孽刑罰他們。我要使我所說的一切災禍臨到他們和耶路撒冷的居民，並猶大人；只是他們不聽。|zh
1851|36|31|31|And I will send punishment on him and on his seed and on his servants for their evil-doing; I will send on them and on the people of Jerusalem and the men of Judah, all the evil which I said against them, but they did not give ear.|en
1852|36|32|32|於是，耶利米又取一書卷交給尼利亞的兒子文士巴錄，他就從耶利米的口中寫了猶大王約雅敬所燒前卷上的一切話，另外又添了許多相彷的話。|zh
1853|36|32|32|Then Jeremiah took another book, and gave it to Baruch the scribe, the son of Neriah, who put down in it, from the mouth of Jeremiah, all the words of the book which had been burned in the fire by Jehoiakim, king of Judah: and in addition a number of other words of the same sort.|en
1854|37|1|1|約西亞的兒子西底家代替約雅敬的兒子哥尼雅為王，是巴比倫王尼布甲尼撒立在猶大地作王的。|zh
1855|37|1|1|And Zedekiah, the son of Josiah, became king in place of Coniah, the son of Jehoiakim, whom Nebuchadrezzar, king of Babylon, made king in the land of Judah.|en
1856|37|2|2|但西底家和他的臣僕，並國中的百姓，都不聽從耶和華藉先知耶利米所說的話。|zh
1857|37|2|2|But he and his servants and the people of the land did not give ear to the words of the Lord which he said by Jeremiah the prophet.|en
1858|37|3|3|西底家王打發示利米雅的兒子猶甲和祭司瑪西雅的兒子西番雅去見先知耶利米，說：求你為我們禱告耶和華─我們的神。|zh
1859|37|3|3|And Zedekiah the king sent Jehucal, the son of Shelemiah, and Zephaniah, the son of Maaseiah the priest, to the prophet Jeremiah, saying, Make prayer now to the Lord our God for us.|en
1860|37|4|4|那時耶利米在民中出入，因為他們還沒有把他囚在監裡。|zh
1861|37|4|4|(Now Jeremiah was going about among the people, for they had not put him in prison.|en
1862|37|5|5|法老的軍隊已經從埃及出來，那圍困耶路撒冷的迦勒底人聽見他們的風聲，就拔營離開耶路撒冷去了。|zh
1863|37|5|5|And Pharaoh's army had come out from Egypt: and the Chaldaeans, who were attacking Jerusalem, hearing news of them, went away from Jerusalem.)|en
1864|37|6|6|耶和華的話臨到先知耶利米說：|zh
1865|37|6|6|Then the word of the Lord came to the prophet Jeremiah, saying,|en
1866|37|7|7|耶和華─以色列的神如此說：猶大王打發你們來求問我，你們要如此對他說：那出來幫助你們法老的軍隊必回埃及本國去。|zh
1867|37|7|7|The Lord, the God of Israel, has said: This is what you are to say to the king of Judah who sent you to get directions from me: See, Pharaoh's army, which has come out to your help, will go back to Egypt, to their land.|en
1868|37|8|8|迦勒底人必再來攻打這城，並要攻取，用火焚燒。|zh
1869|37|8|8|And the Chaldaeans will come back again and make war against this town and they will take it and put it on fire.|en
1870|37|9|9|耶和華如此說：你們不要自欺說迦勒底人必定離開我們，因為他們必不離開。|zh
1871|37|9|9|The Lord has said, Have no false hopes, saying to yourselves, The Chaldaeans will go away from us: for they will not go away.|en
1872|37|10|10|你們即便殺敗了與你們爭戰的迦勒底全軍，但剩下受傷的人也必各人從帳棚裡起來，用火焚燒這城。|zh
1873|37|10|10|For even if you had overcome all the army of the Chaldaeans fighting against you, and there were only wounded men among them, still they would get up, every man in his tent, and put this town on fire.|en
1874|37|11|11|迦勒底的軍隊因怕法老的軍隊，拔營離開耶路撒冷的時候，|zh
1875|37|11|11|And it came about that when the Chaldaean army outside Jerusalem had gone away for fear of Pharaoh's army,|en
1876|37|12|12|耶利米就雜在民中出離耶路撒冷，要往便雅憫地去，在那裡得自己的地業。|zh
1877|37|12|12|Jeremiah went out of Jerusalem to go into the land of Benjamin, with the purpose of taking up his heritage there among the people.|en
1878|37|13|13|他到了便雅憫門那裡，有守門官名叫伊利雅，是哈拿尼亞的孫子、示利米雅的兒子，他就拿住先知耶利米，說：你是投降迦勒底人哪！|zh
1879|37|13|13|But when he was at the Benjamin door, a captain of the watch named Irijah, the son of Shelemiah, the son of Hananiah, who was stationed there, put his hand on Jeremiah the prophet, saying, You are going to give yourself up to the Chaldaeans.|en
1880|37|14|14|耶利米說：你這是謊話，我並不是投降迦勒底人。伊利雅不聽他的話，就拿住他，解到首領那裡。|zh
1881|37|14|14|Then Jeremiah said, That is not true; I am not going to the Chaldaeans. But he would not give ear to him: so Irijah made him prisoner and took him to the rulers.|en
1882|37|15|15|首領惱怒耶利米，就打了他，將他囚在文士約拿單的房屋中，因為他們以這房屋當作監牢。|zh
1883|37|15|15|And the rulers were angry with Jeremiah, and gave him blows and put him in prison in the house of Jonathan the scribe: for they had made that the prison.|en
1884|37|16|16|耶利米來到獄中，進入牢房，在那裡囚了多日。|zh
1885|37|16|16|So Jeremiah came into the hole of the prison, under the arches, and was there for a long time.|en
1886|37|17|17|西底家王打發人提出他來，在自己的宮內私下問他說：從耶和華有甚麼話臨到沒有？耶利米說：有！又說：你必交在巴比倫王手中。|zh
1887|37|17|17|Then King Zedekiah sent and got him out: and the king, questioning him secretly in his house, said, Is there any word from the Lord? And Jeremiah said, There is. Then he said, You will be given up into the hands of the king of Babylon.|en
1888|37|18|18|耶利米又對西底家王說：我在甚麼事上得罪你，或你的臣僕，或這百姓，你竟將我囚在監裡呢？|zh
1889|37|18|18|Then Jeremiah said to King Zedekiah, What has been my sin against you or against your servants or against this people, that you have put me in prison?|en
1890|37|19|19|對你們預言巴比倫王必不來攻擊你們和這地的先知，現今在哪裡呢？|zh
1891|37|19|19|Where now are your prophets who said to you, The king of Babylon will not come against you and against this land?|en
1892|37|20|20|主─我的王啊，求你現在垂聽，准我在你面前的懇求：不要使我回到文士約拿單的房屋中，免得我死在那裡。|zh
1893|37|20|20|And now be pleased to give ear, O my lord the king; let my prayer for help come before you, and do not make me go back to the house of Jonathan the scribe, for fear that I may come to my death there.|en
1894|37|21|21|於是，西底家王下令，他們就把耶利米交在護衛兵的院中，每天從餅舖街取一個餅給他，直到城中的餅用盡了。這樣，耶利米仍在護衛兵的院中。|zh
1895|37|21|21|Then by the order of Zedekiah the king, Jeremiah was put into the place of the armed watchmen, and they gave him every day a cake of bread from the street of the bread-makers, till all the bread in the town was used up. So Jeremiah was kept in the place of the armed watchmen.|en
1896|38|1|1|瑪坦的兒子示法提雅、巴施戶珥的兒子基大利、示利米雅的兒子猶甲、瑪基雅的兒子巴示戶珥聽見耶利米對眾人所說的話，說：|zh
1897|38|1|1|Now it came to the ears of Shephatiah, the son of Mattan, and Gedaliah, the son of Pashhur, and Jucal, the son of Shelemiah, and Pashhur, the son of Malchiah, that Jeremiah had said to all the people,|en
1898|38|2|2|耶和華如此說：住在這城裡的必遭刀劍、饑荒、瘟疫而死；但出去歸降迦勒底人的必得存活，就是以自己命為掠物的，必得存活。|zh
1899|38|2|2|These are the words of the Lord: Whoever goes on living in this town will come to his death by the sword or through need of food or by disease: but whoever goes out to the Chaldaeans will keep his life out of the power of the attackers and be safe.|en
1900|38|3|3|耶和華如此說：這城必要交在巴比倫王軍隊的手中，他必攻取這城。|zh
1901|38|3|3|The Lord has said, This town will certainly be given into the hands of the army of the king of Babylon, and he will take it.|en
1902|38|4|4|於是首領對王說：求你將這人治死；因他向城裡剩下的兵丁和眾民說這樣的話，使他們的手發軟。這人不是求這百姓得平安，乃是叫他們受災禍。|zh
1903|38|4|4|Then the rulers said to the king, Let this man be put to death, because he is putting fear into the hearts of the men of war who are still in the town, and into the hearts of the people, by saying such things to them: this man is not working for the well-being of the people, but for their damage.|en
1904|38|5|5|西底家王說：他在你們手中，無論何事，王也不能與你們反對。|zh
1905|38|5|5|Then Zedekiah the king said, See, he is in your hands: for the king was not able to do anything against them.|en
1906|38|6|6|他們就拿住耶利米，下在哈米勒的兒子（或譯：王的兒子）瑪基雅的牢獄裡；那牢獄在護衛兵的院中。他們用繩子將耶利米繫下去。牢獄裡沒有水，只有淤泥，耶利米就陷在淤泥中。|zh
1907|38|6|6|So they took Jeremiah and put him into the water-hole of Malchiah, the king's son, in the place of the armed watchmen: and they let Jeremiah down with cords. And in the hole there was no water, but wet earth: and Jeremiah went down into the wet earth.|en
1908|38|7|7|在王宮的太監古實人以伯•米勒，聽見他們將耶利米下了牢獄（那時王坐在便雅憫門口），|zh
1909|38|7|7|Now it came to the ears of Ebed-melech the Ethiopian, an unsexed servant in the king's house, that they had put Jeremiah into the water-hole; the king at that time being seated in the doorway of Benjamin:|en
1910|38|8|8|以伯•米勒就從王宮裡出來，對王說：|zh
1911|38|8|8|And Ebed-melech went out from the king's house and said to the king,|en
1912|38|9|9|主─我的王啊，這些人向先知耶利米一味地行惡，將他下在牢獄中；他在那裡必因飢餓而死，因為城中再沒有糧食。|zh
1913|38|9|9|My lord the king, these men have done evil in all they have done to Jeremiah the prophet, whom they have put into the water-hole; and he will come to his death in the place where he is through need of food: for there is no more bread in the town.|en
1914|38|10|10|王就吩咐古實人以伯•米勒說：你從這裡帶領三十人，趁著先知耶利米未死以前，將他從牢獄中提上來。|zh
1915|38|10|10|Then the king gave orders to Ebed-melech the Ethiopian, saying, Take with you three men from here and get Jeremiah out of the water-hole before death overtakes him.|en
1916|38|11|11|於是以伯•米勒帶領這些人同去，進入王宮，到庫房以下，從那裡取了些碎布和破爛的衣服，用繩子縋下牢獄去到耶利米那裡。|zh
1917|38|11|11|So Ebed-melech took the men with him and went into the house of the king, to the place where the clothing was kept, and got from there old clothing and bits of old cloth, and let them down by cords into the water-hole where Jeremiah was.|en
1918|38|12|12|古實人以伯•米勒對耶利米說：你用這些碎布和破爛的衣服放在繩子上，墊你的胳肢窩。耶利米就照樣行了。|zh
1919|38|12|12|And Ebed-melech the Ethiopian said to Jeremiah, Put these bits of old cloth under your arms under the cords. And Jeremiah did so.|en
1920|38|13|13|這樣，他們用繩子將耶利米從牢獄裡拉上來。耶利米仍在護衛兵的院中。|zh
1921|38|13|13|So pulling Jeremiah up with the cords they got him out of the water-hole: and Jeremiah was kept in the place of the armed watchmen.|en
1922|38|14|14|西底家王打發人帶領先知耶利米，進耶和華殿中第三門裡見王。王就對耶利米說：我要問你一件事，你絲毫不可向我隱瞞。|zh
1923|38|14|14|Then King Zedekiah sent for Jeremiah the prophet and took him into the rulers' doorway in the house of the Lord: and the king said to Jeremiah, I have a question to put to you; keep nothing back from me.|en
1924|38|15|15|耶利米對西底家說：我若告訴你，你豈不定要殺我麼？我若勸戒你，你必不聽從我。|zh
1925|38|15|15|Then Jeremiah said to Zedekiah, If I give you the answer to your question, will you not certainly put me to death? and if I make a suggestion to you, you will not give it a hearing.|en
1926|38|16|16|西底家王就私下向耶利米說：我指著那造我們生命之永生的耶和華起誓：我必不殺你，也不將你交在尋索你命的人手中。|zh
1927|38|16|16|So King Zedekiah gave his oath to Jeremiah secretly, saying, By the living Lord, who gave us our life, I will not put you to death, or give you up to these men who are desiring to take your life.|en
1928|38|17|17|耶利米對西底家說：耶和華─萬軍之神、以色列的　神如此說：你若出去歸降巴比倫王的首領，你的命就必存活，這城也不致被火焚燒，你和你的全家都必存活。|zh
1929|38|17|17|Then Jeremiah said to Zedekiah, These are the words of the Lord, the God of armies, the God of Israel: If you go out to the king of Babylon's captains, then you will have life, and the town will not be burned with fire, and you and your family will be kept from death:|en
1930|38|18|18|你若不出去歸降巴比倫王的首領，這城必交在迦勒底人手中。他們必用火焚燒，你也不得脫離他們的手。|zh
1931|38|18|18|But if you do not go out to the king of Babylon's captains, then this town will be given into the hands of the Chaldaeans and they will put it on fire, and you will not get away from them.|en
1932|38|19|19|西底家王對耶利米說：我怕那些投降迦勒底人的猶大人，恐怕迦勒底人將我交在他們手中，他們戲弄我。|zh
1933|38|19|19|And King Zedekiah said to Jeremiah, I am troubled on account of the Jews who have gone over to the Chaldaeans, for fear that they may give me up to them and they will put me to shame.|en
1934|38|20|20|耶利米說：迦勒底人必不將你交出。求你聽從我對你所說耶和華的話，這樣你必得好處，你的命也必存活。耶利米說：迦勒底人必不將你交出。求你聽從我對你所說耶和華的話，這樣你必得好處，你的命也必存活。|zh
1935|38|20|20|But Jeremiah said, They will not give you up: be guided now by the word of the Lord as I have given it to you, and it will be well for you, and you will keep your life.|en
1936|38|21|21|你若不肯出去，耶和華指示我的話乃是這樣：|zh
1937|38|21|21|But if you do not go out, this is what the Lord has made clear to me:|en
1938|38|22|22|猶大王宮裡所剩的婦女必都帶到巴比倫王的首領那裡。這些婦女必說：你知己的朋友催逼你，勝過你；見你的腳陷入淤泥中，就轉身退後了。|zh
1939|38|22|22|See, all the rest of the women in the house of the king of Judah will be taken out to the king of Babylon's captains, and these women will say, Your nearest friends have been false to you and have got the better of you: they have made your feet go deep into the wet earth, and they are turned away back from you.|en
1940|38|23|23|人必將你的后妃和你的兒女帶到迦勒底人那裡；你也不得脫離他們的手，必被巴比倫王的手捉住；你也必使這城被火焚燒。|zh
1941|38|23|23|And they will take all your wives and your children out to the Chaldaeans: and you will not get away out of their hands, but will be taken by the hands of the king of Babylon: and this town will be burned with fire.|en
1942|38|24|24|西底家對耶利米說：不要使人知道這些話，你就不至於死。|zh
1943|38|24|24|Then Zedekiah said to Jeremiah, Let no man have knowledge of these words, and you will not be put to death.|en
1944|38|25|25|首領若聽見了我與你說話，就來見你，問你說：你對王說甚麼話不要向我們隱瞞，我們就不殺你。王向你說甚麼話也要告訴我們。|zh
1945|38|25|25|But if it comes to the ears of the rulers that I have been talking with you, and they come and say to you, Give us word now of what you have said to the king and what the king said to you, keeping nothing back and we will not put you to death;|en
1946|38|26|26|你就對他們說：我在王面前懇求不要叫我回到約拿單的房屋死在那裡。|zh
1947|38|26|26|Then you are to say to them, I made my request to the king, that he would not send me back to my death in Jonathan's house.|en
1948|38|27|27|隨後眾首領來見耶利米，問他，他就照王所吩咐的一切話回答他們。他們不再與他說話，因為事情沒有洩漏。|zh
1949|38|27|27|Then all the rulers came to Jeremiah, questioning him: and he gave them an answer in the words the king had given him orders to say. So they said nothing more to him; for the thing was not made public.|en
1950|38|28|28|於是耶利米仍在護衛兵的院中，直到耶路撒冷被攻取的日子。|zh
1951|38|28|28|So Jeremiah was kept in the place of the armed watchmen till the day when Jerusalem was taken.|en
1952|39|1|1|猶大王西底家第九年十月，巴比倫王尼布甲尼撒率領全軍來圍困耶路撒冷。|zh
1953|39|1|1|And it came about, that when Jerusalem was taken, (in the ninth year of Zedekiah, king of Judah, in the tenth month, Nebuchadrezzar, king of Babylon, with all his army, came against Jerusalem, shutting it in on every side;|en
1954|39|2|2|西底家十一年四月初九日，城被攻破。|zh
1955|39|2|2|In the eleventh year of Zedekiah, in the fourth month, on the ninth day of the month, the town was broken into:)|en
1956|39|3|3|耶路撒冷被攻取的時候，巴比倫王的首領尼甲•沙利薛、三甲•尼波、撒西金─拉撒力、尼甲•沙利薛─拉墨，並巴比倫王其餘的一切首領都來坐在中門。|zh
1957|39|3|3|All the captains of the king of Babylon came in and took their places in the middle doorway of the town, Nergal-shar-ezer, ruler of Sin-magir, the Rabmag, and Nebushazban, the Rab-saris, and all the captains of the king of Babylon.|en
1958|39|4|4|猶大王西底家和一切兵丁看見他們，就在夜間從靠近王園兩城中間的門出城逃跑，往亞拉巴逃去。|zh
1959|39|4|4|And when Zedekiah, king of Judah, and all the men of war saw it, they went in flight from the town by night, by the way of the king's garden, through the doorway between the two walls: and they went out by the Arabah.|en
1960|39|5|5|迦勒底的軍隊追趕他們，在耶利哥的平原追上西底家，將他拿住，帶到哈馬地的利比拉、巴比倫王尼布甲尼撒那裡；尼布甲尼撒就審判他。|zh
1961|39|5|5|But the Chaldaean army went after them and overtook Zedekiah in the lowlands of Jericho: and they made him a prisoner and took him up to Nebuchadrezzar, king of Babylon, to Riblah in the land of Hamath, to be judged by him.|en
1962|39|6|6|巴比倫王在利比拉、西底家眼前殺了他的眾子，又殺了猶大的一切貴冑，|zh
1963|39|6|6|Then the king of Babylon put the sons of Zedekiah to death before his eyes in Riblah: and the king of Babylon put to death all the great men of Judah.|en
1964|39|7|7|並且剜西底家的眼睛，用銅鍊鎖著他，要帶到巴比倫去。|zh
1965|39|7|7|And more than this, he put out Zedekiah's eyes, and had him put in chains to take him away to Babylon.|en
1966|39|8|8|迦勒底人用火焚燒王宮和百姓的房屋，又拆毀耶路撒冷的城牆。|zh
1967|39|8|8|And the Chaldaeans put the king's house on fire, as well as the houses of the people, and had the walls of Jerusalem broken down.|en
1968|39|9|9|那時，護衛長尼布撒拉旦將城裡所剩下的百姓和投降他的逃民，以及其餘的民都擄到巴比倫去了。|zh
1969|39|9|9|Then Nebuzaradan, the captain of the armed men, took away to Babylon as prisoners, all the rest of the workmen who were still in the town, as well as those who had given themselves up to him, and all the rest of the people.|en
1970|39|10|10|護衛長尼布撒拉旦卻將民中毫無所有的窮人留在猶大地，當時給他們葡萄園和田地。|zh
1971|39|10|10|But Nebuzaradan, the captain of the armed men, let the poorest of the people, who had nothing whatever, go on living in the land of Judah, and gave them vine-gardens and fields at the same time.|en
1972|39|11|11|巴比倫王尼布甲尼撒提到耶利米，囑咐護衛長尼布撒拉旦說：|zh
1973|39|11|11|Now Nebuchadrezzar, king of Babylon, gave orders about Jeremiah to Nebuzaradan, the captain of the armed men, saying,|en
1974|39|12|12|你領他去，好好地看待他，切不可害他；他對你怎麼說，你就向他怎麼行。|zh
1975|39|12|12|Take him and keep an eye on him and see that no evil comes to him; but do with him whatever he says to you.|en
1976|39|13|13|護衛長尼布撒拉旦和尼布沙斯班─拉撒力、尼甲•沙利薛─拉墨，並巴比倫王的一切官長，|zh
1977|39|13|13|So Nebuzaradan, the captain of the armed men, sent Nebushazban, the Rab-saris, and Nergal-shar-ezer, the Rabmag, and all the chief captains of the king of Babylon,|en
1978|39|14|14|打發人去，將耶利米從護衛兵院中提出來，交與沙番的孫子亞希甘的兒子基大利，帶回家去。於是耶利米住在民中。|zh
1979|39|14|14|And they sent and took Jeremiah out of the place of the watchmen, and gave him into the care of Gedaliah, the son of Ahikam, the son of Shaphan, to take him to his house: so he was living among the people.|en
1980|39|15|15|耶利米還囚在護衛兵院中的時候，耶和華的話臨到他說：|zh
1981|39|15|15|Now the word of the Lord came to Jeremiah while he was shut up in the place of the armed watchmen, saying,|en
1982|39|16|16|你去告訴古實人以伯•米勒說，萬軍之耶和華─以色列的神如此說：我說降禍不降福的話必臨到這城，到那時必在你面前成就了。|zh
1983|39|16|16|Go and say to Ebed-melech the Ethiopian, This is what the Lord of armies, the God of Israel, has said: See, my words will come true for this town, for evil and not for good: they will come about before your eyes on that day.|en
1984|39|17|17|耶和華說：到那日我必拯救你，你必不致交在你所怕的人手中。|zh
1985|39|17|17|But I will keep you safe on that day, says the Lord: you will not be given into the hands of the men you are fearing.|en
1986|39|18|18|我定要搭救你，你不致倒在刀下，卻要以自己的命為掠物，因你倚靠我。這是耶和華說的。|zh
1987|39|18|18|For I will certainly let you go free, and you will not be put to the sword, but your life will be given to you out of the hands of your attackers: because you have put your faith in me, says the Lord.|en
1988|40|1|1|耶利米鎖在耶路撒冷和猶大被擄到巴比倫的人中，護衛長尼布撒拉旦將他從拉瑪釋放以後，耶和華的話臨到耶利米。|zh
1989|40|1|1|The word which came to Jeremiah from the Lord, after Nebuzaradan, the captain of the armed men, had let him go from Ramah, when he had taken him; for he had been put in chains, among all the prisoners of Jerusalem and Judah who were taken away prisoners to Babylon.|en
1990|40|2|2|護衛長將耶利米叫來，對他說：耶和華─你的神曾說要降這禍與此地。|zh
1991|40|2|2|And the captain of the armed men took Jeremiah and said to him, The Lord your God gave word of the evil which was to come on this place:|en
1992|40|3|3|耶和華使這禍臨到，照他所說的行了；因為你們得罪耶和華，沒有聽從他的話，所以這事臨到你們。|zh
1993|40|3|3|*** and the Lord has made it come, and has done as he said; because of your sin against the Lord in not giving ear to his voice; and that is why this thing has come on you.|en
1994|40|4|4|現在我解開你手上的鍊子，你若看與我同往巴比倫去好，就可以去，我必厚待你；你若看與我同往巴比倫去不好，就不必去。看哪，全地在你面前，你以為哪裡美好，哪裡合宜，只管上那裡去罷！|zh
1995|40|4|4|Now see, this day I am freeing you from the chains which are on your hands. If it seems good to you to come with me to Babylon, then come, and I will keep an eye on you; but if it does not seem good to you to come with me to Babylon, then do not come: see, all the land is before you; if it seems good and right to you to go on living in the land,|en
1996|40|5|5|耶利米還沒有回去，護衛長說：你可以回到沙番的孫子亞希甘的兒子基大利那裡去；現在巴比倫王立他作猶大城邑的省長。你可以在他那裡住在民中，不然，你看哪裡合宜就可以上那裡去。於是護衛長送他糧食和禮物，釋放他去了。|zh
1997|40|5|5|Then go back to Gedaliah, the son of Ahikam, the son of Shaphan, whom the king of Babylon has made ruler over the towns of Judah, and make your living-place with him among the people; or go wherever it seems right to you to go. So the captain of the armed men gave him food and some money and let him go.|en
1998|40|6|6|耶利米就到米斯巴見亞希甘的兒子基大利，在他那裡住在境內剩下的民中。|zh
1999|40|6|6|So Jeremiah went to Gedaliah, the son of Ahikam, in Mizpah, and was living with him among the people who were still in the land.|en
2000|40|7|7|在田野的一切軍長和屬他們的人聽見巴比倫王立了亞希甘的兒子基大利作境內的省長，並將沒有擄到巴比倫的男人、婦女、孩童，和境內極窮的人全交給他。|zh
2001|40|7|7|Now when it came to the ears of all the captains of the forces who were in the field, and their men, that the king of Babylon had made Gedaliah, the son of Ahikam, ruler in the land, and had put under his care the men and women and children, all the poorest of the land, those who had not been taken away to Babylon;|en
2002|40|8|8|於是軍長尼探雅的兒子以實瑪利，加利亞的兩個兒子約哈難和約拿單，單戶篾的兒子西萊雅，並尼陀法人以斐的眾子，瑪迦人的兒子耶撒尼亞和屬他們的人，都到米斯巴見基大利。|zh
2003|40|8|8|Then they came to Gedaliah in Mizpah, even Ishmael, the son of Nethaniah, and Johanan, the son of Kareah, and Seraiah, the son of Tanhumeth, and the sons of Ephai the Netophathite, and Jezaniah, the son of the Maacathite, they and their men.|en
2004|40|9|9|沙番的孫子亞希甘的兒子基大利向他們和屬他們的人起誓說：不要怕服事迦勒底人，只管住在這地，服事巴比倫王，就可以得福。|zh
2005|40|9|9|And Gedaliah, the son of Ahikam, the son of Shaphan, took an oath to them and their men, saying, Have no fear of the servants of the Chaldaeans: go on living in the land, and become the servants of the king of Babylon, and all will be well.|en
2006|40|10|10|至於我，我要住在米斯巴，伺候那到我們這裡來的迦勒底人；只是你們當積蓄酒、油，和夏天的果子，收在器皿裡，住在你們所佔的城邑中。|zh
2007|40|10|10|As for me, I will be living in Mizpah as your representative before the Chaldaeans who come to us: but you are to get in your wine and summer fruits and oil and put them in your vessels, and make living-places for yourselves in the towns which you have taken.|en
2008|40|11|11|在摩押地和亞捫人中，在以東地和各國的一切猶大人，聽見巴比倫王留下些猶大人，並立沙番的孫子亞希甘的兒子基大利管理他們。|zh
2009|40|11|11|In the same way, when all the Jews who were in Moab and among the children of Ammon and in Edom and in all the countries, had news that the king of Babylon had let Judah keep some of its people and that he had put over them Gedaliah, the son of Ahikam, the son of Shaphan;|en
2010|40|12|12|這一切猶大人就從所趕到的各處回來，到猶大地米斯巴的基大利那裡，又積蓄了許多的酒，並夏天的果子。|zh
2011|40|12|12|Then all the Jews came back from all the places to which they had gone in flight, and came to the land of Judah, to Gedaliah, to Mizpah, and got in a great store of wine and summer fruit.|en
2012|40|13|13|加利亞的兒子約哈難和在田野的一切軍長來到米斯巴見基大利，|zh
2013|40|13|13|Now Johanan, the son of Kareah, and all the captains of the forces which were in the field, came to Gedaliah in Mizpah,|en
2014|40|14|14|對他說：亞捫人的王巴利斯打發尼探雅的兒子以實瑪利來要你的命，你知道麼？亞希甘的兒子基大利卻不信他們的話。|zh
2015|40|14|14|And said to him, Has it come to your knowledge that Baalis, the king of the children of Ammon, has sent Ishmael, the son of Nethaniah, to take your life? But Gedaliah, the son of Ahikam, put no faith in what they said.|en
2016|40|15|15|加利亞的兒子約哈難在米斯巴私下對基大利說：求你容我去殺尼探雅的兒子以實瑪利，必無人知道。何必讓他要你的命，使聚集到你這裡來的猶大人都分散，以致猶大剩下的人都滅亡呢？|zh
2017|40|15|15|Then Johanan, the son of Kareah, said to Gedaliah in Mizpah secretly, Let me now go and put Ishmael, the son of Nethaniah, to death without anyone's knowledge: why let him take your life so that all the Jews who have come together to you may be sent in flight, and the rest of the men of Judah come to an end?|en
2018|40|16|16|亞希甘的兒子基大利對加利亞的兒子約哈難說：你不可行這事，你所論以實瑪利的話是假的。|zh
2019|40|16|16|But Gedaliah, the son of Ahikam, said to Johanan, the son of Kareah, You are not to do this: for what you say about Ishmael is false.|en
2020|41|1|1|七月間，王的大臣宗室以利沙瑪的孫子、尼探雅的兒子以實瑪利帶著十個人，來到米斯巴見亞希甘的兒子基大利。他們在米斯巴一同吃飯。|zh
2021|41|1|1|Now it came about in the seventh month that Ishmael, the son of Nethaniah, the son of Elishama, of the king's seed, having with him ten men, came to Gedaliah, the son of Ahikam, in Mizpah; and they had a meal together in Mizpah.|en
2022|41|2|2|尼探雅的兒子以實瑪利和同他來的那十個人起來，用刀殺了沙番的孫子亞希甘的兒子基大利，就是巴比倫王所立為全地省長的。|zh
2023|41|2|2|Then Ishmael, the son of Nethaniah, and the ten men who were with him, got up, and attacking Gedaliah, the son of Ahikam, the son of Shaphan, with the sword, put to death him whom the king of Babylon had made ruler over the land.|en
2024|41|3|3|以實瑪利又殺了在米斯巴、基大利那裡的一切猶大人和所遇見的迦勒底兵丁。|zh
2025|41|3|3|And Ishmael put to death all the Jews who were with him, even with Gedaliah, at Mizpah, and the Chaldaean men of war.|en
2026|41|4|4|他殺了基大利，無人知道。|zh
2027|41|4|4|Now on the second day after he had put Gedaliah to death, when no one had knowledge of it,|en
2028|41|5|5|第二天，有八十人從示劍和示羅，並撒瑪利亞來，鬍鬚剃去，衣服撕裂，身體劃破，手拿素祭和乳香，要奉到耶和華的殿。|zh
2029|41|5|5|Some people came from Shechem, from Shiloh and Samaria, eighty men, with the hair of their faces cut off and their clothing out of order, and with cuts on their bodies, and in their hands meal offerings and perfumes which they were taking to the house of the Lord.|en
2030|41|6|6|尼探雅的兒子以實瑪利出米斯巴迎接他們，隨走隨哭。遇見了他們，就對他們說：你們可以來見亞希甘的兒子基大利。|zh
2031|41|6|6|And Ishmael, the son of Nethaniah, went out from Mizpah with the purpose of meeting them, weeping on his way: and it came about that when he was face to face with them he said, Come to Gedaliah, the son of Ahikam.|en
2032|41|7|7|他們到了城中，尼探雅的兒子以實瑪利和同著他的人就將他們殺了，拋在坑中。|zh
2033|41|7|7|And when they came inside the town, Ishmael, the son of Nethaniah, and the men who were with him, put them to death and put their bodies into a deep hole.|en
2034|41|8|8|只是他們中間有十個人對以實瑪利說：不要殺我們，因為我們有許多大麥、小麥、油、蜜藏在田間。於是他住了手，沒有將他們殺在弟兄中間。|zh
2035|41|8|8|But there were ten men among them who said to Ishmael, Do not put us to death, for we have secret stores, in the country, of grain and oil and honey. So he did not put them to death with their countrymen.|en
2036|41|9|9|以實瑪利將所殺之人的屍首都拋在坑裡基大利的旁邊；這坑是從前亞撒王因怕以色列王巴沙所挖的。尼探雅的兒子以實瑪利將那些被殺的人填滿了坑。|zh
2037|41|9|9|Now the hole into which Ishmael had put the dead bodies of the men whom he had put to death, was the great hole which Asa the king had made for fear of Baasha, king of Israel: and Ishmael, the son of Nethaniah, made it full of the bodies of those who had been put to death.|en
2038|41|10|10|以實瑪利將米斯巴剩下的人，就是眾公主和仍住在米斯巴所有的百姓，原是護衛長尼布撒拉旦交給亞希甘的兒子基大利的，都擄去了。尼探雅的兒子以實瑪利擄了他們，要往亞捫人那裡去。|zh
2039|41|10|10|Then Ishmael took away as prisoners all the rest of the people who were in Mizpah, the king's daughters and all the people still in Mizpah, whom Nebuzaradan, the captain of the armed men, had put under the care of Gedaliah, the son of Ahikam: Ishmael, the son of Nethaniah, took them away prisoners with the purpose of going over to the children of Ammon.|en
2040|41|11|11|加利亞的兒子約哈難和同著他的眾軍長聽見尼探雅的兒子以實瑪利所行的一切惡，|zh
2041|41|11|11|But when Johanan, the son of Kareah, and all the captains of the armed forces who were with him, had news of all the evil which Ishmael, the son of Nethaniah, had done,|en
2042|41|12|12|就帶領眾人前往，要和尼探雅的兒子以實瑪利爭戰，在基遍的大水旁（或譯：大水池旁）遇見他。|zh
2043|41|12|12|They took their men and went out to make war on Ishmael, the son of Nethaniah, and they came face to face with him by the great waters in Gibeon.|en
2044|41|13|13|以實瑪利那裡的眾人看見加利亞的兒子約哈難和同著他的眾軍長，就都歡喜。|zh
2045|41|13|13|Now when all the people who were with Ishmael saw Johanan, the son of Kareah, and all the captains of the forces with him, then they were glad.|en
2046|41|14|14|這樣，以實瑪利從米斯巴所擄去的眾人都轉身歸加利亞的兒子約哈難去了。|zh
2047|41|14|14|And all the people whom Ishmael had taken away prisoners from Mizpah, turning round, came back and went to Johanan, the son of Kareah.|en
2048|41|15|15|尼探雅的兒子以實瑪利和八個人脫離約哈難的手，逃往亞捫人那裡去了。|zh
2049|41|15|15|But Ishmael, the son of Nethaniah, got away from Johanan, with eight men, and went to the children of Ammon.|en
2050|41|16|16|尼探雅的兒子以實瑪利殺了亞希甘的兒子基大利，從米斯巴將剩下的一切百姓、兵丁、婦女、孩童、太監擄到基遍之後，加利亞的兒子約哈難和同著他的眾軍長將他們都奪回來，|zh
2051|41|16|16|Then Johanan, the son of Kareah, and all the captains of the forces who were with him, took all the rest of the people whom Ishmael, the son of Nethaniah, had made prisoners, after he had put to death Gedaliah, the son of Ahikam, the people from Mizpah, that is, the men of war and the women and the children and the unsexed servants, whom he had taken back with him from Gibeon:|en
2052|41|17|17|帶到靠近伯利恆的金罕寓（或譯：基羅特金罕）住下，要進入埃及去；|zh
2053|41|17|17|And they went and were living in the resting-place of Chimham, which is near Beth-lehem on the way into Egypt,|en
2054|41|18|18|因為尼探雅的兒子以實瑪利殺了巴比倫王所立為省長的亞希甘的兒子基大利，約哈難懼怕迦勒底人。|zh
2055|41|18|18|Because of the Chaldaeans: for they were in fear of them because Ishmael, the son of Nethaniah, had put to death Gedaliah, the son of Ahikam, whom the king of Babylon had made ruler over the land.|en
2056|42|1|1|眾軍長和加利亞的兒子約哈難，並何沙雅的兒子耶撒尼亞（又名亞撒利雅，見四十三章二節）以及眾百姓，從最小的到至大的都進前來，|zh
2057|42|1|1|Then all the captains of the forces, and Johanan, the son of Kareah, and Jezaniah, the son of Hoshaiah, and all the people from the least to the greatest, came near,|en
2058|42|2|2|對先知耶利米說：求你准我們在你面前祈求，為我們這剩下的人禱告耶和華─你的神。我們本來眾多，現在剩下的極少，這是你親眼所見的。|zh
2059|42|2|2|And said to Jeremiah the prophet, Let our request come before you, and make prayer for us to the Lord your God, even for this small band of us; for we are only a small band out of what was a great number, as your eyes may see:|en
2060|42|3|3|願耶和華─你的神指示我們所當走的路，所當做的事。|zh
2061|42|3|3|That the Lord your God may make clear to us the way in which we are to go and what we are to do.|en
2062|42|4|4|先知耶利米對他們說：我已經聽見你們了，我必照著你們的話禱告耶和華─你們的神。耶和華無論回答甚麼，我必都告訴你們，毫不隱瞞。|zh
2063|42|4|4|Then Jeremiah the prophet said to them, I have given ear to you; see, I will make prayer to the Lord your God, as you have said; and it will be that, whatever the Lord may say in answer to you, I will give you word of it, keeping nothing back.|en
2064|42|5|5|於是他們對耶利米說：我們若不照耶和華─你的神差遣你來說的一切話行，願耶和華在我們中間作真實誠信的見證。|zh
2065|42|5|5|Then they said to Jeremiah, May the Lord be a true witness against us in good faith, if we do not do everything which the Lord your God sends you to say to us.|en
2066|42|6|6|我們現在請你到耶和華─我們的神面前，他說的無論是好是歹，我們都必聽從；我們聽從耶和華─我們　神的話，就可以得福。|zh
2067|42|6|6|If it is good or if it is evil, we will be guided by the voice of the Lord our God, to whom we are sending you; so that it may be well for us when we give ear to the voice of the Lord our God.|en
2068|42|7|7|過了十天，耶和華的話臨到耶利米。|zh
2069|42|7|7|And it came about that after ten days the word of the Lord came to Jeremiah.|en
2070|42|8|8|他就將加利亞的兒子約哈難和同著他的眾軍長，並眾百姓，從最小的到至大的都叫了來，|zh
2071|42|8|8|And he sent for Johanan, the son of Kareah, and all the captains of the forces who were still with him, and all the people, from the least to the greatest,|en
2072|42|9|9|對他們說：耶和華─以色列的神，就是你們請我在他面前為你們祈求的主，如此說：|zh
2073|42|9|9|And said to them, These are the words of the Lord, the God of Israel, to whom you sent me to put your request before him:|en
2074|42|10|10|你們若仍住在這地，我就建立你們，必不拆毀，栽植你們，並不拔出，因我為降與你們的災禍後悔了。|zh
2075|42|10|10|If you still go on living in the land, then I will go on building you up and not pulling you down, planting you and not uprooting you: for my purpose of doing evil to you has been changed.|en
2076|42|11|11|不要怕你們所怕的巴比倫王。耶和華說：不要怕他！因為我與你們同在，要拯救你們脫離他的手。|zh
2077|42|11|11|Have no fear of the king of Babylon, of whom you are now in fear; have no fear of him, says the Lord: for I am with you to keep you safe and to give you salvation from his hands.|en
2078|42|12|12|我也要使他發憐憫，好憐憫你們，叫你們歸回本地。|zh
2079|42|12|12|And I will have mercy on you, so that he may have mercy on you and let you go back to your land.|en
2080|42|13|13|倘若你們說：我們不住在這地，以致不聽從耶和華─你們神的話，|zh
2081|42|13|13|But if you say, We have no desire to go on living in this land; and do not give ear to the voice of the Lord your God,|en
2082|42|14|14|說：我們不住這地，卻要進入埃及地，在那裡看不見爭戰，聽不見角聲，也不致無食飢餓。我們必住在那裡。|zh
2083|42|14|14|Saying, No, but we will go into the land of Egypt, where we will not see war, or be hearing the sound of the horn, or be in need of food; there we will make our living-place;|en
2084|42|15|15|你們所剩下的猶大人哪，現在要聽耶和華的話。萬軍之耶和華─以色列的神如此說：你們若定意要進入埃及，在那裡寄居，|zh
2085|42|15|15|Then give ear now to the word of the Lord, O you last of Judah: the Lord of armies, the God of Israel, has said, If your minds are fixed on going into Egypt and stopping there;|en
2086|42|16|16|你們所懼怕的刀劍在埃及地必追上你們！你們所懼怕的饑荒在埃及要緊緊地跟隨你們！你們必死在那裡！|zh
2087|42|16|16|Then it will come about that the sword, which is the cause of your fear, will overtake you there in the land of Egypt, and need of food, which you are fearing, will go after you there in Egypt; and there death will come to you.|en
2088|42|17|17|凡定意要進入埃及在那裡寄居的必遭刀劍、饑荒、瘟疫而死，無一人存留，逃脫我所降與他們的災禍。|zh
2089|42|17|17|Such will be the fate of all the men whose minds are fixed on going into Egypt and stopping there; they will come to their end by the sword, by being short of food, and by disease: not one of them will keep his life or get away from the evil which I will send on them.|en
2090|42|18|18|萬軍之耶和華─以色列的神如此說：我怎樣將我的怒氣和忿怒傾在耶路撒冷的居民身上，你們進入埃及的時候，我也必照樣將我的忿怒傾在你們身上，以致你們令人辱罵、驚駭、咒詛、羞辱，你們不得再見這地方。|zh
2091|42|18|18|For this is what the Lord of armies, the God of Israel, has said: As my wrath and passion have been let loose on the people of Jerusalem, so will my passion be let loose on you when you go into Egypt: and you will become an oath and a cause of wonder and a curse and a name of shame; and you will never see this place again.|en
2092|42|19|19|所剩下的猶大人哪，耶和華論到你們說：不要進入埃及去。你們要確實地知道我今日警教你們了。|zh
2093|42|19|19|The Lord has said about you, O last of Judah, Go not into Egypt: be certain that I have given witness to you this day.|en
2094|42|20|20|你們行詭詐自害；因為你們請我到耶和華─你們的神那裡，說：求你為我們禱告耶和華─我們　神，照耶和華─我們的　神一切所說的告訴我們，我們就必遵行。|zh
2095|42|20|20|For you have been acting with deceit in your hearts; for you sent me to the Lord your God, saying, Make prayer for us to the Lord our God, and give us word of everything he may say, and we will do it.|en
2096|42|21|21|我今日將這話告訴你們，耶和華─你們的神為你們的事差遣我到你們那裡說的，你們卻一樣沒有聽從。|zh
2097|42|21|21|And this day I have made it clear to you, and you have not given ear to the voice of the Lord your God in anything for which he has sent me to you.|en
2098|42|22|22|現在你們要確實地知道，你們在所要去寄居之地必遭刀劍、饑荒、瘟疫而死。|zh
2099|42|22|22|And now be certain that you will come to your end by the sword and by being short of food and by disease, in the place to which you are pleased to go for a living-place.|en
2100|43|1|1|耶利米向眾百姓說完了耶和華─他們神的一切話，就是耶和華─他們　神差遣他去所說的一切話。|zh
2101|43|1|1|And it came about that when Jeremiah had come to the end of giving all the people the words of the Lord their God, which the Lord their God had sent him to say to them, even all these words,|en
2102|43|2|2|何沙雅的兒子亞撒利雅和加利亞的兒子約哈難，並一切狂傲的人，就對耶利米說：你說謊言！耶和華─我們的神並沒有差遣你來說：你們不可進入埃及，在那裡寄居。|zh
2103|43|2|2|Then Azariah, the son of Hoshaiah, and Johanan, the son of Kareah, and all the men of pride, said to Jeremiah, You have said what is false: the Lord our God has not sent you to say, You are not to go into the land of Egypt and make your living-place there:|en
2104|43|3|3|這是尼利亞的兒子巴錄挑唆你害我們，要將我們交在迦勒底人的手中，使我們有被殺的，有被擄到巴比倫去的。|zh
2105|43|3|3|But Baruch, the son of Neriah, is moving you against us, to give us up into the hands of the Chaldaeans so that they may put us to death, and take us away prisoners into Babylon.|en
2106|43|4|4|於是加利亞的兒子約哈難和一切軍長，並眾百姓，不聽從耶和華的話住在猶大地。|zh
2107|43|4|4|So Johanan, the son of Kareah, and all the captains of the forces, and all the people, did not give ear to the order of the Lord that they were to go on living in the land of Judah.|en
2108|43|5|5,6 |加利亞的兒子約哈難和一切軍長卻將所剩下的猶大人，就是從被趕到各國回來在猶大地寄居的男人、婦女、孩童，和眾公主，並護衛長尼布撒拉旦所留在沙番的孫子亞希甘的兒子基大利那裡的眾人，與先知耶利米，以及尼利亞的兒子巴錄，|zh
2109|43|5|5|But Johanan, the son of Kareah, and all the captains of the forces took all the rest of Judah who had come back into the land of Judah from all the nations where they had been forced to go;|en
2110|43|6|6|The men and the women and the children and the king's daughters, and every person whom Nebuzaradan, the captain of the armed men, had put under the care of Gedaliah, the son of Ahikam, the son of Shaphan, and Jeremiah the prophet and Baruch, the son of Neriah;|en
2111|43|7|7|都帶入埃及地，到了答比匿。這是因他們不聽從耶和華的話。|zh
2112|43|7|7|And they came into the land of Egypt; for they did not give ear to the voice of the Lord: and they came to Tahpanhes.|en
2113|43|8|8|在答比匿，耶和華的話臨到耶利米說：|zh
2114|43|8|8|Then the word of the Lord came to Jeremiah in Tahpanhes, saying,|en
2115|43|9|9|你在猶大人眼前要用手拿幾塊大石頭，藏在砌磚的灰泥中，就是在答比匿法老的宮門那裡，|zh
2116|43|9|9|Take in your hand some great stones, and put them in a safe place in the paste in the brickwork which is at the way into Pharaoh's house in Tahpanhes, before the eyes of the men of Judah;|en
2117|43|10|10|對他們說：萬軍之耶和華─以色列的神如此說：我必召我的僕人巴比倫王尼布甲尼撒來。在所藏的石頭上我要安置他的寶座；他必將光華的寶帳支搭在其上。|zh
2118|43|10|10|And say to them, This is what the Lord of armies, the God of Israel, has said: See, I will send and take Nebuchadrezzar, the king of Babylon, my servant, and he will put the seat of his kingdom on these stones which have been put in a safe place here by you; and his tent will be stretched over them.|en
2119|43|11|11|他要來攻擊埃及地，定為死亡的，必致死亡；定為擄掠的，必被擄掠；定為刀殺的，必交刀殺。|zh
2120|43|11|11|And he will come and overcome the land of Egypt; those who are for death will be put to death, those who are to be prisoners will be made prisoners, and those who are for the sword will be given to the sword.|en
2121|43|12|12|我要在埃及神的廟中使火著起，巴比倫王要將廟宇焚燒，神像擄去；他要得（原文是披上）埃及地，好像牧人披上外衣，從那裡安然而去。|zh
2122|43|12|12|And he will put a fire in the houses of the gods of Egypt; and they will be burned by him: and he will make Egypt clean as a keeper of sheep makes clean his clothing; and he will go out from there in peace.|en
2123|43|13|13|他必打碎埃及地伯示麥的柱像，用火焚燒埃及神的廟宇。|zh
2124|43|13|13|And the stone pillars of Beth-shemesh in the land of Egypt will be broken by him, and the houses of the gods of Egypt burned with fire.|en
2125|44|1|1|有臨到耶利米的話，論及一切住在埃及地的猶大人，就是住在密奪、答比匿、挪弗、巴忒羅境內的猶大人，說：|zh
2126|44|1|1|The word which came to Jeremiah about all the Jews who were living in the land of Egypt, in Migdol and at Tahpanhes and at Noph and in the country of Pathros, saying,|en
2127|44|2|2|萬軍之耶和華─以色列的神如此說：我所降與耶路撒冷和猶大各城的一切災禍你們都看見了。那些城邑今日荒涼，無人居住；|zh
2128|44|2|2|The Lord of armies, the God of Israel, has said: You have seen all the evil which I have sent on Jerusalem and on all the towns of Judah; and now, this day they are waste and unpeopled;|en
2129|44|3|3|這是因居民所行的惡，去燒香事奉別神，就是他們和你們，並你們列祖所不認識的神，惹我發怒。|zh
2130|44|3|3|Because of the evil which they have done, moving me to wrath by burning perfumes in worship to other gods, who were not their gods or yours or the gods of their fathers.|en
2131|44|4|4|我從早起來差遣我的僕人眾先知去說，你們切不要行我所厭惡這可憎之事。|zh
2132|44|4|4|And I sent all my servants the prophets to you, getting up early and sending them, saying, Do not do this disgusting thing which is hated by me.|en
2133|44|5|5|他們卻不聽從，不側耳而聽，不轉離惡事，仍向別神燒香。|zh
2134|44|5|5|But they gave no attention, and their ears were not open so that they might be turned from their evil-doing and from burning perfume to other gods.|en
2135|44|6|6|因此，我的怒氣和忿怒都倒出來，在猶大城邑中和耶路撒冷的街市上，如火著起，以致都荒廢淒涼，正如今日一樣。|zh
2136|44|6|6|Because of this, my passion and my wrath were let loose, burning in the towns of Judah and in the streets of Jerusalem; and they are waste and unpeopled as at this day.|en
2137|44|7|7|現在耶和華─萬軍之神、以色列的　神如此說：你們為何作這大惡自害己命，使你們的男人、婦女、嬰孩，和吃奶的都從猶大中剪除、不留一人呢？|zh
2138|44|7|7|So now, the Lord, the God of armies, the God of Israel, has said, Why are you doing this great evil against yourselves, causing every man and woman, little child and baby at the breast among you in Judah to be cut off till not one is still living;|en
2139|44|8|8|就是因你們手所做的，在所去寄居的埃及地向別神燒香惹我發怒，使你們被剪除，在天下萬國中令人咒詛羞辱。|zh
2140|44|8|8|Moving me to wrath with the work of your hands, burning perfumes to other gods in the land of Egypt, where you have gone to make a place for yourselves, so that you may become a curse and a name of shame among all the nations of the earth?|en
2141|44|9|9|你們列祖的惡行，猶大列王和他們后妃的惡行，你們自己和你們妻子的惡行，就是在猶大地、耶路撒冷街上所行的，你們都忘了麼？|zh
2142|44|9|9|Have you no memory of the evil-doing of your fathers, and the evil-doing of the kings of Judah, and the evil-doing of their wives, and the evil which you yourselves have done, and the evil which your wives have done, in the land of Judah and in the streets of Jerusalem?|en
2143|44|10|10|到如今還沒有懊悔，沒有懼怕，沒有遵行我在你們和你們列祖面前所設立的法度律例。|zh
2144|44|10|10|Even to this day their hearts are not broken, and they have no fear, and have not gone in the way of my law or of my rules which I gave to you and to your fathers.|en
2145|44|11|11|所以萬軍之耶和華─以色列的神如此說：我必向你們變臉降災，以致剪除猶大眾人。|zh
2146|44|11|11|So this is what the Lord of armies, the God of Israel, has said: See, my face will be turned against you for evil, for the cutting off of all Judah;|en
2147|44|12|12|那定意進入埃及地、在那裡寄居的，就是所剩下的猶大人，我必使他們盡都滅絕，必在埃及地仆倒，必因刀劍饑荒滅絕；從最小的到至大的都必遭刀劍饑荒而死，以致令人辱罵、驚駭、咒詛、羞辱。|zh
2148|44|12|12|And I will take the last of Judah, whose minds are fixed on going into the land of Egypt and stopping there, and they will all come to their end, falling in the land of Egypt by the sword and by being short of food and by disease; death will overtake them, from the least to the greatest, death by the sword and by need of food: they will become an oath and a cause of wonder and a curse and a name of shame.|en
2149|44|13|13|我怎樣用刀劍、饑荒、瘟疫刑罰耶路撒冷，也必照樣刑罰那些住在埃及地的猶大人；|zh
2150|44|13|13|For I will send punishment on those who are living in the land of Egypt, as I have sent punishment on Jerusalem, by the sword and by need of food and by disease:|en
2151|44|14|14|甚至那進入埃及地寄居的，就是所剩下的猶大人，都不得逃脫，也不得存留歸回猶大地。他們心中甚想歸回居住之地；除了逃脫的以外，一個都不能歸回。|zh
2152|44|14|14|So that not one of the rest of Judah, who have gone into the land of Egypt and are living there, will get away or keep his life, to come back to the land of Judah where they are hoping to come back and be living again: for not one will come back, but only those who are able to get away.|en
2153|44|15|15|那些住在埃及地巴忒羅知道自己妻子向別神燒香的，與旁邊站立的眾婦女，聚集成群，回答耶利米說：|zh
2154|44|15|15|Then all the men who had knowledge that their wives were burning perfumes to other gods, and all the women who were present, a great meeting, answering Jeremiah, said,|en
2155|44|16|16|論到你奉耶和華的名向我們所說的話，我們必不聽從。|zh
2156|44|16|16|As for the word which you have said to us in the name of the Lord, we will not give ear to you.|en
2157|44|17|17|我們定要成就我們口中所出的一切話，向天后燒香、澆奠祭，按著我們與我們列祖、君王、首領在猶大的城邑中和耶路撒冷的街市上素常所行的一樣；因為那時我們吃飽飯、享福樂，並不見災禍。|zh
2158|44|17|17|But we will certainly do every word which has gone out of our mouths, burning perfumes to the queen of heaven and draining out drink offerings to her as we did, we and our fathers and our kings and our rulers, in the towns of Judah and in the streets of Jerusalem: for then we had food enough and did well and saw no evil.|en
2159|44|18|18|自從我們停止向天后燒香、澆奠祭，我們倒缺乏一切，又因刀劍饑荒滅絕。|zh
2160|44|18|18|But from the time when we gave up burning perfumes to the queen of heaven and draining out drink offerings to her, we have been in need of all things, and have been wasted by the sword and by need of food.|en
2161|44|19|19|婦女說：我們向天后燒香、澆奠祭，做天后像的餅供奉他，向他澆奠祭，是外乎我們的丈夫麼？|zh
2162|44|19|19|And the women said, When we were burning perfumes to the queen of heaven and draining out drink offerings to her, did we make cakes in her image and give her our drink offerings without the knowledge of our husbands?|en
2163|44|20|20|耶利米對一切那樣回答他的男人婦女說：|zh
2164|44|20|20|Then Jeremiah said to all the people, to the men and women and all the people who had given him that answer,|en
2165|44|21|21|你們與你們列祖、君王、首領，並國內的百姓，在猶大城邑中和耶路撒冷街市上所燒的香，耶和華豈不記念，心中豈不思想麼？|zh
2166|44|21|21|The perfumes which you have been burning in the towns of Judah and in the streets of Jerusalem, you and your fathers and your kings and your rulers and the people of the land, had the Lord no memory of them, and did he not keep them in mind?|en
2167|44|22|22|耶和華因你們所作的惡、所行可憎的事，不能再容忍，所以你們的地荒涼，令人驚駭咒詛，無人居住，正如今日一樣。|zh
2168|44|22|22|And the Lord was no longer able to put up with the evil of your doings and the disgusting things you did; and because of this your land has become a waste and a cause of wonder and a curse, with no one living in it, as at this day.|en
2169|44|23|23|你們燒香，得罪耶和華，沒有聽從他的話，沒有遵行他的律法、條例、法度，所以你們遭遇這災禍，正如今日一樣。|zh
2170|44|23|23|Because you have been burning perfumes, and sinning against the Lord, and have not given ear to the voice of the Lord, or gone in the way of his law or his rules or his orders; for this reason this evil has come on you, as it is today.|en
2171|44|24|24|耶利米又對眾民和眾婦女說：你們在埃及地的一切猶大人當聽耶和華的話。|zh
2172|44|24|24|Further, Jeremiah said to all the people and all the women, Give ear to the word of the Lord, all those of Judah who are living in Egypt:|en
2173|44|25|25|萬軍之耶和華─以色列的神如此說：你們和你們的妻都口中說、手裡做，說：我們定要償還所許的願，向天后燒香、澆奠祭。現在你們只管堅定所許的願而償還罷！|zh
2174|44|25|25|This is what the Lord of armies, the God of Israel, has said: You women have said with your mouths, and with your hands you have done what you said, We will certainly give effect to the oaths we have made, to have perfumes burned to the queen of heaven and drink offerings drained out to her: then give effect to your oaths and do them.|en
2175|44|26|26|所以你們住在埃及地的一切猶大人當聽耶和華的話。耶和華說：我指著我的大名起誓，在埃及全地，我的名不再被猶大一個人的口稱呼說：我指著主─永生的耶和華起誓。|zh
2176|44|26|26|And now give ear to the word of the Lord, all you of Judah who are living in the land of Egypt: Truly, I have taken an oath by my great name, says the Lord, that my name is no longer to be named in the mouth of any man of Judah in all the land of Egypt, saying, By the life of the Lord God.|en
2177|44|27|27|我向他們留意降禍不降福；在埃及地的一切猶大人必因刀劍、饑荒所滅，直到滅盡。|zh
2178|44|27|27|See, I am watching over them for evil and not for good: all the men of Judah who are in the land of Egypt will be wasted by the sword and by need of food till there is an end of them.|en
2179|44|28|28|脫離刀劍、從埃及地歸回猶大地的人數很少；那進入埃及地要在那裡寄居的，就是所剩下的猶大人，必知道是誰的話立得住，是我的話呢？是他們的話呢？|zh
2180|44|28|28|And those who get away safe from the sword will come back from the land of Egypt to the land of Judah, a very small number; and all the rest of Judah, who have gone into the land of Egypt and are living there, will see whose word has effect, mine or theirs.|en
2181|44|29|29|耶和華說：我在這地方刑罰你們，必有預兆，使你們知道我降禍與你們的話必要立得住。|zh
2182|44|29|29|And this will be the sign to you, says the Lord, that I will give you punishment in this place, so that you may see that my words will certainly have effect against you for evil:|en
2183|44|30|30|耶和華如此說：我必將埃及王法老合弗拉交在他仇敵和尋索其命的人手中，像我將猶大王西底家交在他仇敵和尋索其命的巴比倫王尼布甲尼撒手中一樣。|zh
2184|44|30|30|The Lord has said, See, I will give up Pharaoh Hophra, king of Egypt, into the hands of those who are fighting against him and desiring to take his life, as I gave Zedekiah, king of Judah, into the hands of Nebuchadrezzar, king of Babylon, his hater, who had designs against his life.|en
2185|45|1|1|猶大王約西亞的兒子約雅敬第四年，尼利亞的兒子巴錄將先知耶利米口中所說的話寫在書上。耶利米說：|zh
2186|45|1|1|The words which Jeremiah the prophet said to Baruch, the son of Neriah, when he put these words down in a book from the mouth of Jeremiah, in the fourth year of Jehoiakim, the son of Josiah, king of Judah; he said,|en
2187|45|2|2|巴錄啊，耶和華─以色列的神說：|zh
2188|45|2|2|This is what the Lord, the God of Israel, has said of you, O Baruch:|en
2189|45|3|3|巴錄（原文是你）曾說：哀哉！耶和華將憂愁加在我的痛苦上，我因唉哼而困乏，不得安歇。|zh
2190|45|3|3|You said, Sorrow is mine! for the Lord has given me sorrow in addition to my pain; I am tired with the sound of my sorrow, and I get no rest.|en
2191|45|4|4|你要這樣告訴他，耶和華如此說：我所建立的，我必拆毀；我所栽植的，我必拔出；在全地我都如此行。|zh
2192|45|4|4|This is what you are to say to him: The Lord has said, Truly, the building which I put up will be broken down, and that which was planted by me will be uprooted, and this through all the land;|en
2193|45|5|5|你為自己圖謀大事麼？不要圖謀！我必使災禍臨到凡有血氣的。但你無論往哪裡去，我必使你以自己的命為掠物。這是耶和華說的。|zh
2194|45|5|5|And as for you, are you looking for great things for yourself? Have no desire for them: for truly I will send evil on all flesh, says the Lord: but your life I will keep safe from attack wherever you go.|en
2195|46|1|1|耶和華論列國的話臨到先知耶利米。|zh
2196|46|1|1|The word of the Lord which came to Jeremiah the prophet about the nations.|en
2197|46|2|2|論到關乎埃及王法老尼哥的軍隊：這軍隊安營在伯拉河邊的迦基米施，是巴比倫王尼布甲尼撒在猶大王約西亞的兒子約雅敬第四年所打敗的。|zh
2198|46|2|2|Of Egypt: about the army of Pharaoh-neco, king of Egypt, which was by the river Euphrates in Carchemish, which Nebuchadrezzar, king of Babylon, overcame in the fourth year of Jehoiakim, the son of Josiah, king of Judah.|en
2199|46|3|3|你們要預備大小盾牌，往前上陣。|zh
2200|46|3|3|Get out the breastplate and body-cover, and come together to the fight.|en
2201|46|4|4|你們套上車，騎上馬！頂盔站立，磨槍貫甲！|zh
2202|46|4|4|Make the horses ready, and get up, you horsemen, and take your places with your head-dresses; make the spears sharp and put on the breastplates.|en
2203|46|5|5|我為何看見他們驚惶轉身退後呢？他們的勇士打敗了，急忙逃跑，並不回頭；驚嚇四圍都有！這是耶和華說的。|zh
2204|46|5|5|What have I seen? they are overcome with fear and turned back; their men of war are broken and have gone in flight, not looking back: fear is on every side, says the Lord.|en
2205|46|6|6|不要容快跑的逃避；不要容勇士逃脫（或譯：快跑的不能逃避；勇士不能逃脫）；他們在北方伯拉河邊絆跌仆倒。|zh
2206|46|6|6|Let not the quick-footed go in flight, or the man of war get away; on the north, by the river Euphrates, they are slipping and falling.|en
2207|46|7|7|像尼羅河漲發，像江河之水翻騰的是誰呢？|zh
2208|46|7|7|Who is this coming up like the Nile, whose waters are lifting their heads like the rivers?|en
2209|46|8|8|埃及像尼羅河漲發，像江河的水翻騰。他說：我要漲發遮蓋遍地；我要毀滅城邑和其中的居民。|zh
2210|46|8|8|Egypt is coming up like the Nile, and his waters are lifting their heads like the rivers, and he says, I will go up, covering the earth; I will send destruction on the town and its people.|en
2211|46|9|9|馬匹上去罷！車輛急行罷！勇士，就是手拿盾牌的古實人和弗人（又作呂彼亞人），並拉弓的路德族，都出去罷！|zh
2212|46|9|9|Go up, you horses; go rushing on, you carriages of war; go out, you men of war: Cush and Put, gripping the body-cover, and the Ludim, with bent bows.|en
2213|46|10|10|那日是主─萬軍之耶和華報仇的日子，要向敵人報仇。刀劍必吞吃得飽，飲血飲足；因為主─萬軍之耶和華在北方伯拉河邊有獻祭的事。|zh
2214|46|10|10|But that day is the day of the Lord, the Lord of armies, a day of punishment when he will take payment from his haters: and the sword will have all its desire, drinking their blood in full measure: for there is an offering to the Lord, the Lord of armies, in the north country by the river Euphrates.|en
2215|46|11|11|埃及的民（原文是處女）哪，可以上基列取乳香去；你雖多服良藥，總是徒然，不得治好。|zh
2216|46|11|11|Go up to Gilead and take sweet oil, O virgin daughter of Egypt: there is no help in all your medical arts; nothing will make you well.|en
2217|46|12|12|列國聽見你的羞辱，遍地滿了你的哀聲；勇士與勇士彼此相碰，一齊跌倒。|zh
2218|46|12|12|Your shame has come to the ears of the nations, and the earth is full of your cry: for the strong man is falling against the strong, they have come down together.|en
2219|46|13|13|耶和華對先知耶利米所說的話，論到巴比倫王尼布甲尼撒要來攻擊埃及地：|zh
2220|46|13|13|The word which the Lord said to Jeremiah the prophet, of how Nebuchadrezzar, king of Babylon, would come and make war on the land of Egypt.|en
2221|46|14|14|你們要傳揚在埃及，宣告在密奪，報告在挪弗、答比匿說：要站起出隊，自作準備，因為刀劍在你四圍施行吞滅的事。|zh
2222|46|14|14|Give the news in Migdol, make it public in Noph: say, Take up your positions and make yourselves ready; for on every side of you the sword has made destruction.|en
2223|46|15|15|你的壯士為何被沖去呢？他們站立不住；因為耶和華驅逐他們，|zh
2224|46|15|15|Why has Apis, your strong one, gone in flight? he was not able to keep his place, because the Lord was forcing him down with strength.|en
2225|46|16|16|使多人絆跌；他們也彼此撞倒，說：起來罷！我們再往本民本地去，好躲避欺壓的刀劍。|zh
2226|46|16|16|... are stopped in their going, they are falling; and they say one to another, Let us get up and go back to our people, to the land of our birth, away from the cruel sword.|en
2227|46|17|17|他們在那裡喊叫說：埃及王法老不過是個聲音（或譯：已經敗亡）；他已錯過所定的時候了。|zh
2228|46|17|17|Give a name to Pharaoh, king of Egypt: A noise who has let the time go by.|en
2229|46|18|18|君王─名為萬軍之耶和華的說：我指著我的永生起誓：尼布甲尼撒（原文是他）來的勢派必像他泊在眾山之中，像迦密在海邊一樣。|zh
2230|46|18|18|By my life, says the King, whose name is the Lord of armies, truly, like Tabor among the mountains and like Carmel by the sea, so will he come.|en
2231|46|19|19|住在埃及的民哪（原文是女子），要預備擄去時所用的物件；因為挪弗必成為荒場，且被燒燬，無人居住。|zh
2232|46|19|19|O daughter living in Egypt, make ready the vessels of a prisoner: for Noph will become a waste, it will be burned up and become unpeopled.|en
2233|46|20|20|埃及是肥美的母牛犢；但出於北方的毀滅（或譯：牛虻）來到了！來到了！|zh
2234|46|20|20|Egypt is a fair young cow; but a biting insect has come on her out of the north.|en
2235|46|21|21|其中的雇勇好像圈裡的肥牛犢，他們轉身退後，一齊逃跑，站立不住；因為他們遭難的日子、追討的時候已經臨到。|zh
2236|46|21|21|And those who were her fighters for payment are like fat oxen; for they are turned back, they have gone in flight together, they do not keep their place: for the day of their fate has come on them, the time of their punishment.|en
2237|46|22|22|其中的聲音好像蛇行一樣。敵人要成隊而來，如砍伐樹木的手拿斧子攻擊他。|zh
2238|46|22|22|She makes a sound like the hiss of a snake when they come on with strength; they go against her with axes, like wood-cutters.|en
2239|46|23|23|耶和華說：埃及的樹林雖然不能尋察（或譯：穿不過），敵人卻要砍伐，因他們多於蝗蟲，不可勝數。|zh
2240|46|23|23|They will be cutting down her woods, for they may not be searched out; because they are like locusts, more than may be numbered.|en
2241|46|24|24|埃及的民（原文是女子）必然蒙羞，必交在北方人的手中。|zh
2242|46|24|24|The daughter of Egypt will be put to shame; she will be given up into the hands of the people of the north.|en
2243|46|25|25|萬軍之耶和華─以色列的神說：我必刑罰挪的亞捫（埃及尊大之神）和法老，並埃及與埃及的　神，以及君王，也必刑罰法老和倚靠他的人。|zh
2244|46|25|25|The Lord of armies, the God of Israel, has said: See, I will send punishment on Amon of No and on Pharaoh and on those who put their faith in him;|en
2245|46|26|26|我要將他們交付尋索其命之人的手和巴比倫王尼布甲尼撒與他臣僕的手；以後埃及必再有人居住，與從前一樣。這是耶和華說的。|zh
2246|46|26|26|And I will give them up into the hands of those who will take their lives, and into the hands of Nebuchadrezzar, king of Babylon, and into the hands of his servants: and later, it will be peopled as in the past, says the Lord.|en
2247|46|27|27|我的僕人雅各啊，不要懼怕！以色列啊，不要驚惶！因我要從遠方拯救你，從被擄到之地拯救你的後裔。雅各必回來，得享平靖安逸，無人使他害怕。|zh
2248|46|27|27|But have no fear, O Jacob, my servant, and do not be troubled, O Israel: for see, I will make you come back from far away, and your seed from the land where they are prisoners; and Jacob will come back, and will be quiet and in peace, and no one will give him cause for fear.|en
2249|46|28|28|我的僕人雅各啊，不要懼怕！因我與你同在。我要將我所趕你到的那些國滅絕淨盡，卻不將你滅絕淨盡，倒要從寬懲治你，萬不能不罰你（不罰你：或譯以你為無罪）。這是耶和華說的。|zh
2250|46|28|28|Have no fear, O Jacob, my servant, says the Lord; for I am with you: for I will put an end to all the nations where I have sent you, but I will not put an end to you completely: though with wise purpose I will put right your errors, and will not let you go quite without punishment.|en
2251|47|1|1|法老攻擊迦薩之先，有耶和華論非利士人的話臨到先知耶利米。|zh
2252|47|1|1|The word of the Lord which came to Jeremiah the prophet about the Philistines, before Pharaoh's attack on Gaza.|en
2253|47|2|2|耶和華如此說：有水從北方發起，成為漲溢的河，要漲過遍地和其中所有的，並城和其中所住的。人必呼喊；境內的居民都必哀號。|zh
2254|47|2|2|This is what the Lord has said: See, waters are coming up out of the north, and will become an overflowing stream, overflowing the land and everything in it, the town and those who are living in it; and men will give a cry, and all the people of the land will be crying out in pain.|en
2255|47|3|3|聽見敵人壯馬蹄跳的響聲和戰車隆隆、車輪轟轟；為父的手就發軟，不回頭看顧兒女。|zh
2256|47|3|3|At the noise of the stamping of the feet of his war-horses, at the rushing of his carriages and the thunder of his wheels, fathers will give no thought to their children, because their hands are feeble;|en
2257|47|4|4|因為日子將到，要毀滅一切非利士人，剪除幫助推羅、西頓所剩下的人。原來耶和華必毀滅非利士人，就是迦斐託海島餘剩的人。|zh
2258|47|4|4|Because of the day which is coming with destruction on all the Philistines, cutting off from Tyre and Zidon the last of their helpers: for the Lord will send destruction on the Philistines, the rest of the sea-land of Caphtor.|en
2259|47|5|5|迦薩成了光禿；平原中所剩的亞實基倫歸於無有。你用刀劃身，要到幾時呢？|zh
2260|47|5|5|The hair is cut off from the head of Gaza; Ashkelon has come to nothing; the last of the Anakim are deeply wounding themselves.|en
2261|47|6|6|耶和華的刀劍哪，你到幾時才止息呢？你要入鞘，安靖不動。|zh
2262|47|6|6|O sword of the Lord, how long will you have no rest? put yourself back into your cover; be at peace, be quiet.|en
2263|47|7|7|耶和華既吩咐你攻擊亞實基倫和海邊之地，他已經派定你，焉能止息呢？|zh
2264|47|7|7|How is it possible for it to be quiet, seeing that the Lord has given it orders? against Ashkelon and against the sea-land he has given it directions.|en
2265|48|1|1|論摩押。萬軍之耶和華─以色列的神如此說：尼波有禍了！因變為荒場。基列亭蒙羞被攻取。米斯迦蒙羞被毀壞；|zh
2266|48|1|1|Of Moab. The Lord of armies, the God of Israel, has said: Sorrow on Nebo, for it has been made waste; Kiriathaim has been put to shame and is taken: the strong place is put to shame and broken down.|en
2267|48|2|2|摩押不再被稱讚。有人在希實本設計謀害他，說：來罷！我們將他剪除，不再成國。瑪得緬哪，你也必默默無聲；刀劍必追趕你。|zh
2268|48|2|2|The praise of Moab has come to an end; as for Heshbon, evil has been designed against her; come, let us put an end to her as a nation. But your mouth will be shut, O Madmen; the sword will go after you.|en
2269|48|3|3|從何羅念有喊荒涼大毀滅的哀聲：|zh
2270|48|3|3|There is the sound of crying from Horonaim, wasting and great destruction;|en
2271|48|4|4|摩押毀滅了！他的孩童（或譯：家僮）發哀聲，使人聽見。|zh
2272|48|4|4|Moab is broken; her cry has gone out to Zoar.|en
2273|48|5|5|人上魯希坡隨走隨哭，因為在何羅念的下坡聽見毀滅的哀聲。|zh
2274|48|5|5|For by the slope of Luhith they will go up, weeping all the way; for on the way down to Horonaim the cry of destruction has come to their ears.|en
2275|48|6|6|你們要奔逃，自救性命，獨自居住，好像曠野的杜松。|zh
2276|48|6|6|Go in flight, get away with your lives, and let your faces be turned to Aroer in the Arabah.|en
2277|48|7|7|你因倚靠自己所做的和自己的財寶必被攻取。基抹和屬他的祭司、首領也要一同被擄去。|zh
2278|48|7|7|For because you have put your faith in your strong places, you, even you, will be taken: and Chemosh will go out as a prisoner, his priests and his rulers together.|en
2279|48|8|8|行毀滅的必來到各城，並無一城得免。山谷必致敗落，平原必被毀壞；正如耶和華所說的。|zh
2280|48|8|8|And the attacker will come against every town, not one will be safe; and the valley will be made waste, and destruction will come to the lowland, as the Lord has said.|en
2281|48|9|9|要將翅膀給摩押，使他可以飛去。他的城邑必致荒涼，無人居住。|zh
2282|48|9|9|Put up a pillar for Moab, for she will come to a complete end: and her towns will become a waste, without anyone living in them.|en
2283|48|10|10|（懶惰為耶和華行事的，必受咒詛；禁止刀劍不經血的，必受咒詛。）|zh
2284|48|10|10|Let him be cursed who does the Lord's work half-heartedly; let him be cursed who keeps back his sword from blood.|en
2285|48|11|11|摩押自幼年以來常享安逸，如酒在渣滓上澄清，沒有從這器皿倒在那器皿裡，也未曾被擄去。因此，他的原味尚存，香氣未變。|zh
2286|48|11|11|From his earliest days, Moab has been living in comfort; like wine long stored he has not been drained from vessel to vessel, he has never gone away as a prisoner: so his taste is still in him, his smell is unchanged.|en
2287|48|12|12|耶和華說：日子將到，我必打發倒酒的往他那裡去，將他倒出來，倒空他的器皿，打碎他的罈子。|zh
2288|48|12|12|So truly, the days are coming, says the Lord, when I will send to him men who will have him turned over till there is no more wine in his vessels, and his wine-skins will be completely broken.|en
2289|48|13|13|摩押必因基抹羞愧，像以色列家從前倚靠伯特利的神羞愧一樣。|zh
2290|48|13|13|And Moab will be shamed on account of Chemosh, as the children of Israel were shamed on account of Beth-el their hope.|en
2291|48|14|14|你們怎麼說：我們是勇士，是有勇力打仗的呢？|zh
2292|48|14|14|How say you, We are men of war and strong fighters?|en
2293|48|15|15|摩押變為荒場，敵人上去進了他的城邑。他所特選的少年人下去遭了殺戮；這是君王─名為萬軍之耶和華說的。|zh
2294|48|15|15|He who makes Moab waste has gone up against her; and the best of her young men have gone down to their death, says the King, whose name is the Lord of armies.|en
2295|48|16|16|摩押的災殃臨近；他的苦難速速來到。|zh
2296|48|16|16|The fate of Moab is near, and trouble is coming on him very quickly.|en
2297|48|17|17|凡在他四圍的和認識他名的，你們都要為他悲傷，說：那結實的杖和那美好的棍，何竟折斷了呢？|zh
2298|48|17|17|All you who are round about him, give signs of grief for him, and all you who have knowledge of his name, say, How is the strong rod broken, even the beautiful branch!|en
2299|48|18|18|住在底本的民哪（原文是女子），要從你榮耀的位上下來，坐受乾渴；因毀滅摩押的上來攻擊你，毀壞了你的保障。|zh
2300|48|18|18|Come down from your glory, O people of Dibon, and take your seat in the place of the waste; for the attacker of Moab has gone up against you, sending destruction on your strong places.|en
2301|48|19|19|住亞羅珥的啊，要站在道旁觀望，問逃避的男人和逃脫的女人說：是甚麼事呢？|zh
2302|48|19|19|O daughter of Aroer, take your station by the way, on the watch: questioning him who is in flight, and her who has got away safe, say, What has been done?|en
2303|48|20|20|摩押因毀壞蒙羞；你們要哀號呼喊，要在亞嫩旁報告說：摩押變為荒場！|zh
2304|48|20|20|Moab has been put to shame, she is broken: make loud sounds of grief, crying out for help; give the news in Arnon, that Moab has been made waste.|en
2305|48|21|21|刑罰臨到平原之地的何倫、雅雜、米法押、|zh
2306|48|21|21|And punishment has come on the lowlands; on Holon and Jahzah, and on Mephaath,|en
2307|48|22|22|底本、尼波、伯•低比拉太音、|zh
2308|48|22|22|And on Dibon, and on Nebo, and on Beth-diblathaim,|en
2309|48|23|23|基列亭、伯迦末、伯•米恩、|zh
2310|48|23|23|And on Kiriathaim, and on Beth-gamul, and on Beth-meon,|en
2311|48|24|24|加略、波斯拉，和摩押地遠近所有的城邑。|zh
2312|48|24|24|And on Kerioth, and on Bozrah, and on all the towns of the land of Moab, far and near.|en
2313|48|25|25|摩押的角砍斷了，摩押的膀臂折斷了。這是耶和華說的。|zh
2314|48|25|25|The horn of Moab is cut off, and his arm is broken, says the Lord.|en
2315|48|26|26|你們要使摩押沉醉，因他向耶和華誇大。他要在自己所吐之中打滾，又要被人嗤笑。|zh
2316|48|26|26|Make him full of wine, for his heart has been lifted up against the Lord: and Moab will be rolling in the food he was not able to keep down, and everyone will be making sport of him.|en
2317|48|27|27|摩押啊，你不曾嗤笑以色列麼？他豈是在賊中查出來的呢？你每逢提到他便搖頭。|zh
2318|48|27|27|For did you not make sport of Israel? was he taken among thieves? for whenever you were talking about him, you were shaking your head over him.|en
2319|48|28|28|摩押的居民哪，要離開城邑，住在山崖裡，像鴿子在深淵口上搭窩。|zh
2320|48|28|28|O people of Moab, go away from the towns and take cover in the rock; be like the dove of the Arabah, which makes her living-place in holes.|en
2321|48|29|29|我們聽說摩押人驕傲，是極其驕傲；聽說他自高自傲，並且狂妄，居心自大。|zh
2322|48|29|29|We have had word of the pride of Moab, how great it is; how he is lifted up in pride; and his great opinion of himself, and that his heart is lifted up.|en
2323|48|30|30|耶和華說：我知道他的忿怒是虛空的；他誇大的話一無所成。|zh
2324|48|30|30|I have knowledge of his wrath, says the Lord, that it is nothing; his high-sounding words have done nothing.|en
2325|48|31|31|因此，我要為摩押哀號，為摩押全地呼喊；人必為吉珥•哈列設人歎息。|zh
2326|48|31|31|For this cause I will give cries of grief for Moab, crying out for Moab, even for all of it; I will be sorrowing for the men of Kir-heres.|en
2327|48|32|32|西比瑪的葡萄樹啊，我為你哀哭，甚於雅謝人哀哭。你的枝子蔓延過海，直長到雅謝海。那行毀滅的已經臨到你夏天的果子和你所摘的葡萄。|zh
2328|48|32|32|My weeping for you, O vine of Sibmah, will be more than the weeping of Jazer: your branches have gone over the sea, stretching even to Jazer: destruction has come down on your summer fruits and your cut grapes.|en
2329|48|33|33|肥田和摩押地的歡喜快樂都被奪去；我使酒醡的酒絕流，無人踹酒歡呼；那歡呼卻變為仇敵的吶喊（原文是那歡呼卻不是歡呼）。|zh
2330|48|33|33|All joy is gone; no longer are they glad for the fertile field and for the land of Moab; I have made the wine come to an end from the crushing vessels: no longer will the grapes be crushed with the sound of glad voices.|en
2331|48|34|34|希實本人發的哀聲達到以利亞利，直達到雅雜；從瑣珥達到何羅念，直到伊基拉施利施亞，因為寧林的水必然乾涸。|zh
2332|48|34|34|The cry of Heshbon comes even to Elealeh; to Jahaz their voice is sounding; from Zoar even to Horonaim and to Eglath-shelishiyah: for the waters of Nimrim will become dry.|en
2333|48|35|35|耶和華說：我必在摩押地使那在邱壇獻祭的，和那向他的神燒香的都斷絕了。|zh
2334|48|35|35|And I will put an end in Moab, says the Lord, to him who is making offerings in the high place and burning perfumes to his gods.|en
2335|48|36|36|我心腹為摩押哀鳴如簫，我心腸為吉珥•哈列設人也是如此，因摩押人所得的財物都滅沒了。|zh
2336|48|36|36|So my heart is sounding for Moab like the sound of pipes, and my heart is sounding like pipes for the men of Kir-heres: for the wealth he has got for himself has come to an end.|en
2337|48|37|37|各人頭上光禿，鬍鬚剪短，手有劃傷，腰束麻布。|zh
2338|48|37|37|For everywhere the hair of the head and the hair of the face is cut off: on every hand there are wounds, and haircloth on every body.|en
2339|48|38|38|在摩押的各房頂上和街市上處處有人哀哭；因我打碎摩押，好像打碎無人喜悅的器皿。這是耶和華說的。|zh
2340|48|38|38|On all the house-tops of Moab and in its streets there is weeping everywhere; for Moab has been broken like a vessel in which there is no pleasure, says the Lord.|en
2341|48|39|39|摩押何等毀壞！何等哀號！何等羞愧轉背！這樣，摩押必令四圍的人嗤笑驚駭。|zh
2342|48|39|39|How is it broken down! how is Moab's back turned in shame! so Moab will be a cause of sport and of fear to everyone round about him.|en
2343|48|40|40|耶和華如此說：仇敵必如大鷹飛起，展開翅膀，攻擊摩押。|zh
2344|48|40|40|For the Lord has said, See, he will come like an eagle in flight, stretching out his wings against Moab.|en
2345|48|41|41|加略被攻取，保障也被佔據。到那日，摩押的勇士心中疼痛如臨產的婦人。|zh
2346|48|41|41|Kerioth is taken, and the strong places have been forced, and the hearts of Moab's men of war in that day will be like the heart of a woman in birth-pains.|en
2347|48|42|42|摩押必被毀滅，不再成國，因他向耶和華誇大。|zh
2348|48|42|42|And Moab will come to an end as a people, because he has been lifting himself up against the Lord.|en
2349|48|43|43|耶和華說：摩押的居民哪，恐懼、陷坑、網羅都臨近你。|zh
2350|48|43|43|Fear and death and the net have come on you, O people of Moab, says the Lord.|en
2351|48|44|44|躲避恐懼的必墜入陷坑；從陷坑上來的必被網羅纏住；因我必使追討之年臨到摩押。這是耶和華說的。|zh
2352|48|44|44|He who goes in flight from the fear will be overtaken by death; and he who gets free from death will be taken in the net: for I will make this come on Moab, even the year of their punishment, says the Lord.|en
2353|48|45|45|躲避的人無力站在希實本的影下；因為有火從希實本發出，有火燄出於西宏的城，燒盡摩押的角和鬨嚷人的頭頂。|zh
2354|48|45|45|Those who went in flight from the fear are waiting under the shade of Heshbon: for a fire has gone out from Heshbon and a flame from the house of Sihon, burning up the pride of Moab and the crown of the head of the violent ones.|en
2355|48|46|46|摩押啊，你有禍了！屬基抹的民滅亡了！因你的眾子都被擄去，你的眾女也被擄去。|zh
2356|48|46|46|Sorrow is yours, O Moab! the people of Chemosh are overcome: for your sons have been taken away as prisoners, and your daughters made servants.|en
2357|48|47|47|耶和華說：到末後，我還要使被擄的摩押人歸回。摩押受審判的話到此為止。|zh
2358|48|47|47|But still, I will let the fate of Moab be changed in the last days, says the Lord.|en
2359|49|1|1|論亞捫人。耶和華如此說：以色列沒有兒子麼？沒有後嗣麼？瑪勒堪為何得迦得之地為業呢？屬他的民為何住其中的城邑呢？|zh
2360|49|1|1|About the children of Ammon. These are the words of the Lord: Has Israel no sons? has he no one to take the heritage? why then has Milcom taken Gad for himself, putting his people in its towns?|en
2361|49|2|2|耶和華說：日子將到，我必使人聽見打仗的喊聲，是攻擊亞捫人拉巴的喊聲。拉巴要成為亂堆；屬他的鄉村（原文是女子）要被火焚燒。先前得以色列地為業的，此時以色列倒要得他們的地為業。這是耶和華說的。|zh
2362|49|2|2|Because of this, see, the days are coming when I will have a cry of war sounded against Rabbah, the town of the children of Ammon; it will become a waste of broken walls, and her daughter-towns will be burned with fire: then Israel will take the heritage of those who took his heritage, says the Lord.|en
2363|49|3|3|希實本哪，你要哀號，因為愛地變為荒場。拉巴的居民（原文是女子）哪，要呼喊，以麻布束腰；要哭號，在籬笆中跑來跑去；因瑪勒堪和屬他的祭司、首領要一同被擄去。|zh
2364|49|3|3|Make sounds of grief, O Heshbon, for Ai is wasted; give loud cries, O daughters of Rabbah, and put haircloth round you: give yourselves to weeping, running here and there and wounding yourselves; for Milcom will be taken prisoner together with his rulers and his priests.|en
2365|49|4|4|背道的民（原文是女子）哪，你們為何因有山谷，就是水流的山谷誇張呢？為何倚靠財寶說：誰能來到我們這裡呢？|zh
2366|49|4|4|Why are you lifted up in pride on account of your valleys, your flowing valley, O daughter ever turning away? who puts her faith in her wealth, saying, Who will come against me?|en
2367|49|5|5|主─萬軍之耶和華說：我要使恐嚇從四圍的人中臨到你們；你們必被趕出，各人一直前往，沒有人收聚逃民。|zh
2368|49|5|5|See, I will send fear on you, says the Lord, the Lord of armies, from those who are round you on every side; you will be forced out, every man straight before him, and there will be no one to get together the wanderers.|en
2369|49|6|6|後來我還要使被擄的亞捫人歸回。這是耶和華說的。|zh
2370|49|6|6|But after these things, I will let the fate of the children of Ammon be changed, says the Lord.|en
2371|49|7|7|論以東。萬軍之耶和華如此說：提幔中再沒有智慧麼？明哲人不再有謀略麼？他們的智慧盡歸無有麼？|zh
2372|49|7|7|About Edom. This is what the Lord of armies has said. Is there no more wisdom in Teman? have wise suggestions come to an end among men of good sense? has their wisdom completely gone?|en
2373|49|8|8|底但的居民哪，要轉身逃跑，住在深密處；因為我向以掃追討的時候，必使災殃臨到他。|zh
2374|49|8|8|Go in flight, go back, take cover in deep places, you who are living in Dedan; for I will send the fate of Edom on him, even the time of his punishment.|en
2375|49|9|9|摘葡萄的若來到他那裡，豈不剩下些葡萄呢？盜賊若夜間而來，豈不毀壞直到夠了呢？|zh
2376|49|9|9|If men came to get your grapes, would they not let some be uncut on the vines? if thieves came by night, would they not make waste till they had enough?|en
2377|49|10|10|我卻使以掃赤露，顯出他的隱密處；他不能自藏。他的後裔、弟兄、鄰舍盡都滅絕；他也歸於無有。|zh
2378|49|10|10|I have had Esau searched out, uncovering his secret places, so that he may not keep himself covered: his seed is wasted and has come to an end, and there is no help from his neighbours.|en
2379|49|11|11|你撇下孤兒，我必保全他們的命；你的寡婦可以倚靠我。|zh
2380|49|11|11|Put in my care your children who have no father, and I will keep them safe; and let your widows put their faith in me.|en
2381|49|12|12|耶和華如此說：原不該喝那杯的一定要喝。你能盡免刑罰麼？你必不能免，一定要喝！|zh
2382|49|12|12|For the Lord has said, Those for whom the cup was not made ready will certainly be forced to take of it; and are you to go without punishment? you will not be without punishment, but will certainly be forced to take from the cup.|en
2383|49|13|13|耶和華說：我指著自己起誓，波斯拉必令人驚駭、羞辱、咒詛，並且荒涼。他的一切城邑必變為永遠的荒場。|zh
2384|49|13|13|For I have taken an oath by myself, says the Lord, that Bozrah will become a cause of wonder, a name of shame, a waste and a curse; and all its towns will be waste places for ever.|en
2385|49|14|14|我從耶和華那裡聽見信息，並有使者被差往列國去，說：你們聚集來攻擊以東，要起來爭戰。|zh
2386|49|14|14|Word has come to me from the Lord, and a representative has been sent to the nations, to say, Come together and go up against her, and take your places for the fight.|en
2387|49|15|15|我使你在列國中為最小，在世人中被藐視。|zh
2388|49|15|15|For see, I have made you small among the nations, looked down on by men.|en
2389|49|16|16|住在山穴中據守山頂的啊，論到你的威嚇，你因心中的狂傲自欺；你雖如大鷹高高搭窩，我卻從那裡拉下你來。這是耶和華說的。|zh
2390|49|16|16|... the pride of your heart has been a false hope, O you who are living in the cracks of the rock, keeping your place on the top of the hill: even if you made your living-place as high as the eagle, I would make you come down, says the Lord.|en
2391|49|17|17|以東必令人驚駭；凡經過的人就受驚駭，又因他一切的災禍嗤笑。|zh
2392|49|17|17|And Edom will become a cause of wonder: everyone who goes by will be overcome with wonder, and make sounds of fear at all her punishments.|en
2393|49|18|18|耶和華說：必無人住在那裡，也無人在其中寄居，要像所多瑪、蛾摩拉，和鄰近的城邑傾覆的時候一樣。|zh
2394|49|18|18|As at the downfall of Sodom and Gomorrah and their neighbouring towns, says the Lord, no man will be living in it, no son of man will have a resting-place there.|en
2395|49|19|19|仇敵必像獅子從約但河邊的叢林上來，攻擊堅固的居所。轉眼之間，我要使以東人逃跑，離開這地。誰蒙揀選，我就派誰治理這地。誰能比我呢？誰能給我定規日期呢？有何牧人能在我面前站立得住呢？|zh
2396|49|19|19|See, he will come up like a lion from the thick growth of Jordan against the resting-place of Teman: but I will suddenly make him go in flight from her; and I will put over her the man of my selection: for who is like me? and who will put forward his cause against me? and what keeper of sheep will be able to keep his place before me?|en
2397|49|20|20|你們要聽耶和華攻擊以東所說的謀略和他攻擊提幔居民所定的旨意。仇敵定要將他們群眾微弱的拉去，定要使他們的居所荒涼。|zh
2398|49|20|20|For this cause give ear to the decision of the Lord which he has made against Edom, and to his purposes designed against the people of Teman: Truly, they will be pulled away by the smallest of the flock; truly, he will make waste their fields with them.|en
2399|49|21|21|因他們仆倒的聲音，地就震動。人在紅海那裡必聽見呼喊的聲音。|zh
2400|49|21|21|The earth is shaking with the noise of their fall; their cry is sounding in the Red Sea.|en
2401|49|22|22|仇敵必如大鷹飛起，展開翅膀攻擊波斯拉。到那日，以東的勇士心中疼痛如臨產的婦人。|zh
2402|49|22|22|See, he will come up like an eagle in flight, stretching out his wings against Bozrah: and the hearts of Edom's men of war on that day will be like the heart of a woman in birth-pains.|en
2403|49|23|23|論大馬色。哈馬和亞珥拔蒙羞，因他們聽見凶惡的信息就消化了。海上有憂愁，不得平靜。|zh
2404|49|23|23|About Damascus. Hamath is put to shame, and Arpad; for the word of evil has come to their ears, their heart in its fear is turned to water, it will not be quiet.|en
2405|49|24|24|大馬色發軟，轉身逃跑。戰兢將他捉住；痛苦憂愁將他抓住，如產難的婦人一樣。|zh
2406|49|24|24|Damascus has become feeble, she is turned to flight, fear has taken her in its grip: pain and sorrows have come on her, as on a woman in birth-pains.|en
2407|49|25|25|我所喜樂可稱讚的城，為何被撇棄了呢？|zh
2408|49|25|25|How has the town of praise been wasted, the place of joy!|en
2409|49|26|26|他的少年人必仆倒在街上；當那日，一切兵丁必默默無聲。這是萬軍之耶和華說的。|zh
2410|49|26|26|So her young men will be falling in her streets, and all the men of war will be cut off in that day, says the Lord of armies.|en
2411|49|27|27|我必在大馬色城中使火著起，燒滅便哈達的宮殿。|zh
2412|49|27|27|And I will have a fire lighted on the wall of Damascus, burning up the great houses of Ben-hadad.|en
2413|49|28|28|論巴比倫王尼布甲尼撒所攻打的基達和夏瑣的諸國。耶和華如此說：迦勒底人哪，起來上基達去，毀滅東方人。|zh
2414|49|28|28|About Kedar and the kingdoms of Hazor, which Nebuchadrezzar, king of Babylon, overcame. This is what the Lord has said: Up! go against Kedar, and make an attack on the children of the east.|en
2415|49|29|29|他們的帳棚和羊群都要奪去，將幔子和一切器皿，並駱駝為自己掠去。人向他們喊著說：四圍都有驚嚇。|zh
2416|49|29|29|Their tents and their flocks they will take; they will take away for themselves their curtains and all their vessels and their camels: they will give a cry to them, Fear on every side.|en
2417|49|30|30|耶和華說：夏瑣的居民哪，要逃奔遠方，住在深密處；因為巴比倫王尼布甲尼撒設計謀害你們，起意攻擊你們。|zh
2418|49|30|30|Go in flight, go wandering far off, take cover in deep places, O people of Hazor, says the Lord; for Nebuchadrezzar, king of Babylon, has made a design against you, he has a purpose against you in mind.|en
2419|49|31|31|耶和華說：迦勒底人哪，起來！上安逸無慮的居民那裡去；他們是無門無閂、獨自居住的。|zh
2420|49|31|31|Up! go against a nation which is living in comfort and without fear of danger, says the Lord, without doors or locks, living by themselves.|en
2421|49|32|32|他們的駱駝必成為掠物；他們眾多的牲畜必成為擄物。我必將剃周圍頭髮的人分散四方（原文是風），使災殃從四圍臨到他們。這是耶和華說的。|zh
2422|49|32|32|And their camels will be taken from them by force, and their great herds will come into the hands of their attackers: those who have the ends of their hair cut I will send in flight to all the winds; and I will send their fate on them from every side, says the Lord.|en
2423|49|33|33|夏瑣必成為野狗的住處，永遠淒涼；必無人住在那裡，也無人在其中寄居。|zh
2424|49|33|33|And Hazor will be a hole for jackals, a waste for ever: no one will be living in it, and no son of man will have a resting-place there.|en
2425|49|34|34|猶大王西底家登基的時候，耶和華論以攔的話臨到先知耶利米說：|zh
2426|49|34|34|The word of the Lord which came to Jeremiah the prophet about Elam, when Zedekiah first became king of Judah, saying,|en
2427|49|35|35|萬軍之耶和華如此說：我必折斷以攔人的弓，就是他們為首的權力。|zh
2428|49|35|35|This is what the Lord of armies has said: See, I will have the bow of Elam, their chief strength, broken.|en
2429|49|36|36|我要使四風從天的四方颳來，臨到以攔人，將他們分散四方（原文是風）。這被趕散的人沒有一國不到的。|zh
2430|49|36|36|And I will send on Elam four winds from the four quarters of heaven, driving them out to all those winds; there will be no nation into which the wanderers from Elam do not come.|en
2431|49|37|37|耶和華說：我必使以攔人在仇敵和尋索其命的人面前驚惶；我也必使災禍，就是我的烈怒臨到他們，又必使刀劍追殺他們，直到將他們滅盡。|zh
2432|49|37|37|And I will let Elam be broken before their haters, and before those who are making designs against their lives: I will send evil on them, even my burning wrath, says the Lord; and I will send the sword after them till I have put an end to them:|en
2433|49|38|38|我要在以攔設立我的寶座，從那裡除滅君王和首領。這是耶和華說的。|zh
2434|49|38|38|I will put the seat of my power in Elam, and in Elam I will put an end to kings and rulers, says the Lord.|en
2435|49|39|39|到末後，我還要使被擄的以攔人歸回。這是耶和華說的。|zh
2436|49|39|39|But it will come about that, in the last days, I will let the fate of Elam be changed, says the Lord.|en
2437|50|1|1|耶和華藉先知耶利米論巴比倫和迦勒底人之地所說的話。|zh
2438|50|1|1|The word which the Lord said about Babylon, about the land of the Chaldaeans, by Jeremiah the prophet.|en
2439|50|2|2|你們要在萬國中傳揚報告，豎立大旗；要報告，不可隱瞞，說：巴比倫被攻取，彼勒蒙羞，米羅達驚惶。巴比倫的神像都蒙羞；他的偶像都驚惶。|zh
2440|50|2|2|Give it out among the nations, make it public, and let the flag be lifted up; give the word and keep nothing back; say, Babylon is taken, Bel is put to shame, Merodach is broken, her images are put to shame, her gods are broken.|en
2441|50|3|3|因有一國從北方上來攻擊他，使他的地荒涼，無人居住，連人帶牲畜都逃走了。|zh
2442|50|3|3|For out of the north a nation is coming up against her, which will make her land waste and unpeopled: they are in flight, man and beast are gone.|en
2443|50|4|4|耶和華說：當那日子、那時候，以色列人要和猶大人同來，隨走隨哭，尋求耶和華─他們的神。|zh
2444|50|4|4|In those days and in that time, says the Lord, the children of Israel will come, they and the children of Judah together; they will go on their way weeping and making prayer to the Lord their God.|en
2445|50|5|5|他們必訪問錫安，又面向這裡，說：來罷，你們要與耶和華聯合為永遠不忘的約。|zh
2446|50|5|5|They will be questioning about the way to Zion, with their faces turned in its direction, saying, Come, and be united to the Lord in an eternal agreement which will be kept in mind for ever.|en
2447|50|6|6|我的百姓作了迷失的羊，牧人使他們走差路，使他們轉到山上。他們從大山走到小山，竟忘了安歇之處。|zh
2448|50|6|6|My people have been wandering sheep: their keepers have made them go out of the right way, turning them loose on the mountains: they have gone from mountain to hill, having no memory of their resting-place.|en
2449|50|7|7|凡遇見他們的，就把他們吞滅。敵人說：我們沒有罪；因他們得罪那作公義居所的耶和華，就是他們列祖所仰望的耶和華。|zh
2450|50|7|7|They have been attacked by all those who came across them: and their attackers said, We are doing no wrong, because they have done evil against the Lord in whom is righteousness, against the Lord, the hope of their fathers.|en
2451|50|8|8|我民哪，你們要從巴比倫中逃走，從迦勒底人之地出去，要像羊群前面走的公山羊。|zh
2452|50|8|8|Go in flight out of Babylon, go out of the land of the Chaldaeans, and be like he-goats before the flocks.|en
2453|50|9|9|因我必激動聯合的大國從北方上來攻擊巴比倫，他們要擺陣攻擊他；他必從那裡被攻取。他們的箭好像善射之勇士的箭，一枝也不徒然返回。|zh
2454|50|9|9|For see, I am moving and sending up against Babylon a band of great nations from the north country: and they will put their armies in position against her; and from there she will be taken: their arrows will be like those of an expert man of war; not one will come back without getting its mark.|en
2455|50|10|10|迦勒底必成為掠物；凡擄掠他的都必心滿意足。這是耶和華說的。|zh
2456|50|10|10|And the wealth of Chaldaea will come into the hands of her attackers: all those who take her wealth will have enough, says the Lord.|en
2457|50|11|11|搶奪我產業的啊，你們因歡喜快樂，且像踹穀撒歡的母牛犢，又像發嘶聲的壯馬。|zh
2458|50|11|11|Because you are glad, because you are lifted up with pride, you wasters of my heritage, because you are playing like a young cow put out to grass, and you make a noise like strong horses;|en
2459|50|12|12|你們的母巴比倫就極其抱愧，生你們的必然蒙羞。他要列在諸國之末，成為曠野、旱地、沙漠。|zh
2460|50|12|12|Your mother will be put to shame; she who gave you birth will be looked down on: see, she will be the last of the nations, a waste place, a dry and unwatered land.|en
2461|50|13|13|因耶和華的忿怒，必無人居住，要全然荒涼。凡經過巴比倫的要受驚駭，又因他所遭的災殃嗤笑。|zh
2462|50|13|13|Because of the wrath of the Lord no one will be living in it, and it will be quite unpeopled: everyone who goes by Babylon will be overcome with wonder, and make sounds of fear at all her punishments.|en
2463|50|14|14|所有拉弓的，你們要在巴比倫的四圍擺陣，射箭攻擊他。不要愛惜箭枝，因他得罪了耶和華。|zh
2464|50|14|14|Put your armies in position against Babylon on every side, all you bowmen; let loose your arrows at her, not keeping any back: for she has done evil against the Lord.|en
2465|50|15|15|你們要在他四圍吶喊；他已經投降。外郭坍塌了，城牆拆毀了，因為這是耶和華報仇的事。你們要向巴比倫報仇；他怎樣待人，也要怎樣待他。|zh
2466|50|15|15|Give a loud cry against her on every side; she has given herself up, her supports are overturned, her walls are broken down: for it is the payment taken by the Lord; give her payment; as she has done, so do to her.|en
2467|50|16|16|你們要將巴比倫撒種的和收割時拿鐮刀的都剪除了。他們各人因怕欺壓的刀劍，必歸回本族，逃到本土。|zh
2468|50|16|16|Let the planter of seed be cut off from Babylon, and everyone using the curved blade at the time of the grain-cutting: for fear of the cruel sword, everyone will be turned to his people, everyone will go in flight to his land.|en
2469|50|17|17|以色列是打散的羊，是被獅子趕出的。首先是亞述王將他吞滅，末後是巴比倫王尼布甲尼撒將他的骨頭折斷。|zh
2470|50|17|17|Israel is a wandering sheep; the lions have been driving him away: first he was attacked by the king of Assyria, and now his bones have been broken by Nebuchadrezzar, king of Babylon.|en
2471|50|18|18|所以萬軍之耶和華─以色列的神如此說：我必罰巴比倫王和他的地，像我從前罰亞述王一樣。|zh
2472|50|18|18|So this is what the Lord of armies, the God of Israel, has said: See, I will send punishment on the king of Babylon and on his land, as I have given punishment to the king of Assyria.|en
2473|50|19|19|我必再領以色列回他的草場，他必在迦密和巴珊吃草，又在以法蓮山上和基列境內得以飽足。|zh
2474|50|19|19|And I will make Israel come back to his resting-place, and he will get his food on Carmel and Bashan, and have his desire in full measure on the hills of Ephraim and in Gilead.|en
2475|50|20|20|耶和華說：當那日子、那時候，雖尋以色列的罪孽，一無所有；雖尋猶大的罪惡，也無所見；因為我所留下的人，我必赦免。|zh
2476|50|20|20|In those days and in that time, says the Lord, when the evil-doing of Israel is looked for, there will be nothing; and in Judah no sins will be seen: for I will have forgiveness for those whom I will keep safe.|en
2477|50|21|21|耶和華說：上去攻擊米拉大翁之地，又攻擊比割的居民。要追殺滅盡，照我一切所吩咐你的去行。|zh
2478|50|21|21|Go up against the land of Merathaim, even against it, and against the people of Pekod; put them to death and send destruction after them, says the Lord, and do everything I have given you orders to do.|en
2479|50|22|22|境內有打仗和大毀滅的響聲。|zh
2480|50|22|22|There is a sound of war in the land and of great destruction.|en
2481|50|23|23|全地的大錘何竟砍斷破壞？巴比倫在列國中何竟荒涼？|zh
2482|50|23|23|How is the hammer of all the earth cut in two and broken! how has Babylon become a waste among the nations!|en
2483|50|24|24|巴比倫哪，我為你設下網羅，你不知不覺被纏住。你被尋著，也被捉住；因為你與耶和華爭競。|zh
2484|50|24|24|I have put a net for you, and you have been taken, O Babylon, without your knowledge: you have been uncovered and taken because you were fighting against the Lord.|en
2485|50|25|25|耶和華已經開了武庫，拿出他惱恨的兵器；因為主─萬軍之耶和華在迦勒底人之地有當做的事。|zh
2486|50|25|25|From his store-house the Lord has taken the instruments of his wrath: for the Lord, the Lord of armies, has a work to do in the land of the Chaldaeans.|en
2487|50|26|26|你們要從極遠的邊界來攻擊他，開他的倉廩，將他堆如高堆，毀滅淨盡，絲毫不留。|zh
2488|50|26|26|Come up against her one and all, let her store-houses be broken open: make her into a mass of stones, give her to the curse, till there is nothing of her to be seen.|en
2489|50|27|27|要殺他的一切牛犢，使他們下去遭遇殺戮。他們有禍了，因為追討他們的日子已經來到。|zh
2490|50|27|27|Put all her oxen to the sword; let them go down to death: sorrow is theirs, for their day has come, the time of their punishment.|en
2491|50|28|28|（有從巴比倫之地逃避出來的人，在錫安揚聲報告耶和華─我們的神報仇，就是為他的殿報仇。）|zh
2492|50|28|28|The voice of those who are in flight, who have got away safe from the land of Babylon, to give news in Zion of punishment from the Lord our God, even payment for his Temple.|en
2493|50|29|29|招集一切弓箭手來攻擊巴比倫。要在巴比倫四圍安營，不要容一人逃脫，照著他所做的報應他；他怎樣待人，也要怎樣待他，因為他向耶和華─以色列的聖者發了狂傲。|zh
2494|50|29|29|Send for the archers to come together against Babylon, all the bowmen; put up your tents against her on every side; let no one get away: give her the reward of her work; as she has done, so do to her: for she has been uplifted in pride against the Lord, against the Holy One of Israel.|en
2495|50|30|30|所以他的少年人必仆倒在街上。當那日，一切兵丁必默默無聲。這是耶和華說的。|zh
2496|50|30|30|For this cause her young men will be falling in her streets, and all her men of war will be cut off in that day, says the Lord.|en
2497|50|31|31|主─萬軍之耶和華說：你這狂傲的啊，我與你反對，因為我追討你的日子已經來到。|zh
2498|50|31|31|See, I am against you, O pride, says the Lord, the Lord of armies, for your day has come, the time when I will send punishment on you.|en
2499|50|32|32|狂傲的必絆跌仆倒，無人扶起。我也必使火在他的城邑中裡起來，將他四圍所有的盡行燒滅。|zh
2500|50|32|32|And pride will go with uncertain steps and have a fall, and there will be no one to come to his help: and I will put a fire in his towns, burning up everything round about him.|en
2501|50|33|33|萬軍之耶和華如此說：以色列人和猶大人一同受欺壓；凡擄掠他們的都緊緊抓住他們，不肯釋放。|zh
2502|50|33|33|This is what the Lord of armies has said: The children of Israel and the children of Judah are crushed down together: all those who took them prisoner keep them in a tight grip; they will not let them go.|en
2503|50|34|34|他們的救贖主大有能力，萬軍之耶和華是他的名。他必伸清他們的冤，好使全地得平安，並攪擾巴比倫的居民。|zh
2504|50|34|34|Their saviour is strong; the Lord of armies is his name: he will certainly take up their cause, so that he may give rest to the earth and trouble to the people of Babylon.|en
2505|50|35|35|耶和華說：有刀劍臨到迦勒底人和巴比倫的居民，並他的首領與智慧人。|zh
2506|50|35|35|A sword is on the Chaldaeans, says the Lord, and on the people of Babylon, and on her rulers and on her wise men.|en
2507|50|36|36|有刀劍臨到矜誇的人，他們就成為愚昧；有刀劍臨到他的勇士，他們就驚惶。|zh
2508|50|36|36|A sword is on the men of pride, and they will become foolish: a sword is on her men of war, and they will be broken.|en
2509|50|37|37|有刀劍臨到他的馬匹、車輛，和其中雜族的人民；他們必像婦女一樣。有刀劍臨到他的寶物，就被搶奪。|zh
2510|50|37|37|A sword is on all the mixed people in her, and they will become like women: a sword is on her store-houses, and they will be taken by her attackers.|en
2511|50|38|38|有乾旱臨到他的眾水，就必乾涸；因為這是有雕刻偶像之地，人因偶像而顛狂。|zh
2512|50|38|38|A sword is on her waters, drying them up; for it is a land of images, and their minds are fixed on false gods.|en
2513|50|39|39|所以曠野的走獸和豺狼必住在那裡，鴕鳥也住在其中，永無人煙，世世代代無人居住。|zh
2514|50|39|39|For this reason the beasts of the waste land with the wolves will make their holes there and the ostriches will be living in it: never again will men be living there, it will be unpeopled from generation to generation.|en
2515|50|40|40|耶和華說：必無人住在那裡，也無人在其中寄居，要像我傾覆所多瑪、蛾摩拉，和鄰近的城邑一樣。|zh
2516|50|40|40|As when Sodom and Gomorrah and their neighbouring towns were overturned by God, says the Lord, so no man will be living in it, and no son of man will have a resting-place there.|en
2517|50|41|41|看哪，有一種民從北方而來，並有一大國和許多君王被激動，從地極來到。|zh
2518|50|41|41|See, a people is coming from the north; a great nation and a number of kings will be put in motion from the inmost parts of the earth.|en
2519|50|42|42|他們拿弓和槍，性情殘忍，不施憐憫；他們的聲音像海浪匉訇。巴比倫城（原文是女子）啊，他們騎馬，都擺隊伍如上戰場的人，要攻擊你。|zh
2520|50|42|42|Bows and spears are in their hands; they are cruel and have no mercy; their voice is like the thunder of the sea, and they go on horses; everyone in his place like men going to the fight, against you, O daughter of Babylon.|en
2521|50|43|43|巴比倫王聽見他們的風聲，手就發軟，痛苦將他抓住，疼痛彷彿產難的婦人。|zh
2522|50|43|43|The king of Babylon has had news of them, and his hands have become feeble: trouble has come on him and pain like the pain of a woman in childbirth.|en
2523|50|44|44|仇敵必像獅子從約但河邊的叢林上來，攻擊堅固的居所。轉眼之間，我要使他們逃跑，離開這地。誰蒙揀選，我就派誰治理這地。誰能比我呢？誰能給我定規日期呢？有何牧人能在我面前站立得住呢？|zh
2524|50|44|44|See, he will come up like a lion from the thick growth of Jordan against the resting-place of Teman: but I will suddenly make them go in flight from her; and I will put over her the man of my selection: for who is like me? and who will put forward his cause against me? and what keeper of sheep will keep his place before me?|en
2525|50|45|45|你們要聽耶和華攻擊巴比倫所說的謀略和他攻擊迦勒底人之地所定的旨意。仇敵定要將他們群眾微弱的拉去，定要使他們的居所荒涼。|zh
2526|50|45|45|So give ear to the decision of the Lord which he has made against Babylon, and to his purposes designed against the land of the Chaldaeans; Truly, they will be pulled away by the smallest of the flock; truly, he will make waste their fields with them.|en
2527|50|46|46|因巴比倫被取的聲音，地就震動，人在列邦都聽見呼喊的聲音。|zh
2528|50|46|46|At the cry, Babylon is taken! the earth is shaking, and the cry comes to the ears of the nations.|en
2529|51|1|1|耶和華如此說：我必使毀滅的風颳起，攻擊巴比倫和住在立加米的人。|zh
2530|51|1|1|The Lord has said: See, I will make a wind of destruction come up against Babylon and against those who are living in Chaldaea;|en
2531|51|2|2|我要打發外邦人來到巴比倫，簸揚他，使他的地空虛。在他遭禍的日子，他們要周圍攻擊他。|zh
2532|51|2|2|And I will send men to Babylon to make her clean and get her land cleared: for in the day of trouble they will put up their tents against her on every side.|en
2533|51|3|3|拉弓的，要向拉弓的和貫甲挺身的射箭。不要憐惜他的少年人；要滅盡他的全軍。|zh
2534|51|3|3|Against her the bow of the archer is bent, and he puts on his coat of metal: have no mercy on her young men, give all her army up to the curse.|en
2535|51|4|4|他們必在迦勒底人之地被殺仆倒，在巴比倫的街上被刺透。|zh
2536|51|4|4|And the dead will be stretched out in the land of the Chaldaeans, and the wounded in her streets.|en
2537|51|5|5|以色列和猶大雖然境內充滿違背以色列聖者的罪，卻沒有被他的神─萬軍之耶和華丟棄。|zh
2538|51|5|5|For Israel has not been given up, or Judah, by his God, by the Lord of armies; for their land is full of sin against the Holy One of Israel.|en
2539|51|6|6|你們要從巴比倫中逃奔，各救自己的性命！不要陷在他的罪孽中一同滅亡；因為這是耶和華報仇的時候，他必向巴比倫施行報應。|zh
2540|51|6|6|Go in flight out of Babylon, so that every man may keep his life; do not be cut off in her evil-doing: for it is the time of the Lord's punishment; he will give her her reward.|en
2541|51|7|7|巴比倫素來是耶和華手中的金杯，使天下沉醉；萬國喝了他的酒就顛狂了。|zh
2542|51|7|7|Babylon has been a gold cup in the hand of the Lord, which has made all the earth overcome with wine: the nations have taken of her wine, and for this cause the nations have gone off their heads.|en
2543|51|8|8|巴比倫忽然傾覆毀壞；要為他哀號；為止他的疼痛，拿乳香或者可以治好。|zh
2544|51|8|8|Sudden is the downfall of Babylon and her destruction: make cries of grief for her; take sweet oil for her pain, if it is possible for her to be made well.|en
2545|51|9|9|我們想醫治巴比倫，他卻沒有治好。離開他罷！我們各人歸回本國；因為他受的審判通於上天，達到穹蒼。|zh
2546|51|9|9|We would have made Babylon well, but she is not made well: give her up, and let us go everyone to his country: for her punishment is stretching up to heaven, and lifted up even to the skies.|en
2547|51|10|10|耶和華已經彰顯我們的公義。來罷！我們可以在錫安報告耶和華─我們神的作為。|zh
2548|51|10|10|The Lord has made clear our righteousness: come, and let us give an account in Zion of the work of the Lord our God.|en
2549|51|11|11|你們要磨尖了箭頭，抓住盾牌。耶和華定意攻擊巴比倫，將他毀滅，所以激動了瑪代君王的心；因這是耶和華報仇，就是為自己的殿報仇。|zh
2550|51|11|11|Make bright the arrows; take up the body-covers: the Lord has been moving the spirit of the king of the Medes; because his design against Babylon is its destruction: for it is the punishment from the Lord, the payment for his Temple.|en
2551|51|12|12|你們要豎立大旗，攻擊巴比倫的城牆；要堅固瞭望臺，派定守望的設下埋伏；因為耶和華指著巴比倫居民所說的話、所定的意，他已經作成。|zh
2552|51|12|12|Let the flag be lifted up against the walls of Babylon, make the watch strong, put the watchmen in their places, make ready a surprise attack: for it is the Lord's purpose, and he has done what he said about the people of Babylon.|en
2553|51|13|13|住在眾水之上多有財寶的啊，你的結局到了！你貪婪之量滿了！|zh
2554|51|13|13|O you whose living-place is by the wide waters, whose stores are great, your end is come, your evil profit is ended.|en
2555|51|14|14|萬軍之耶和華指著自己起誓說：我必使敵人充滿你，像螞蚱一樣；他們必吶喊攻擊你。|zh
2556|51|14|14|The Lord of armies has taken an oath by himself, saying, Truly, I will make you full with men as with locusts, and their voices will be loud against you.|en
2557|51|15|15|耶和華用能力創造大地，用智慧建立世界，用聰明鋪張穹蒼。|zh
2558|51|15|15|He has made the earth by his power, he has made the world strong in its place by his wisdom, and by his wise design the heavens have been stretched out:|en
2559|51|16|16|他一發聲，空中便有多水激動；他使雲霧從地極上騰。他造電隨雨而閃，從他府庫中帶出風來。|zh
2560|51|16|16|At the sound of his voice there is a massing of the waters in the heavens, and he makes the mists go up from the ends of the earth; he makes the thunder-flames for the rain and sends out the wind from his store-houses.|en
2561|51|17|17|各人都成了畜類，毫無知識。各銀匠都因他的偶像羞愧；他所鑄的偶像本是虛假的，其中並無氣息，|zh
2562|51|17|17|Then every man becomes like a beast without knowledge; every gold-worker is put to shame by the image he has made: for his metal image is deceit, and there is no breath in them.|en
2563|51|18|18|都是虛無的，是迷惑人的工作，到追討的時候，必被除滅。|zh
2564|51|18|18|They are nothing, a work of error: in the time of their punishment, destruction will overtake them.|en
2565|51|19|19|雅各的分不像這些，因他是造作萬有的主；以色列也是他產業的支派。萬軍之耶和華是他的名。|zh
2566|51|19|19|The heritage of Jacob is not like these; for the maker of all things is his heritage: the Lord of armies is his name.|en
2567|51|20|20|你是我爭戰的斧子和打仗的兵器；我要用你打碎列國，用你毀滅列邦；|zh
2568|51|20|20|You are my fighting axe and my instrument of war: with you the nations will be broken; with you kingdoms will be broken;|en
2569|51|21|21|用你打碎馬和騎馬的；用你打碎戰車和坐在其上的；|zh
2570|51|21|21|With you the horse and the horseman will be broken; with you the war-carriage and he who goes in it will be broken;|en
2571|51|22|22|用你打碎男人和女人；用你打碎老年人和少年人；用你打碎壯丁和處女；|zh
2572|51|22|22|With you man and woman will be broken; with you the old man and the boy will be broken; with you the young man and the virgin will be broken;|en
2573|51|23|23|用你打碎牧人和他的群畜；用你打碎農夫和他一對牛；用你打碎省長和副省長。|zh
2574|51|23|23|With you the keeper of sheep with his flock will be broken, and with you the farmer and his oxen will be broken, and with you captains and rulers will be broken.|en
2575|51|24|24|耶和華說：我必在你們眼前報復巴比倫人和迦勒底居民在錫安所行的諸惡。|zh
2576|51|24|24|And I will give to Babylon, and to all the people of Chaldaea, their reward for all the evil they have done in Zion before your eyes, says the Lord.|en
2577|51|25|25|耶和華說：你這行毀滅的山哪，就是毀滅天下的山，我與你反對。我必向你伸手，將你從山巖滾下去，使你成為燒燬的山。|zh
2578|51|25|25|See, I am against you, says the Lord, O mountain of destruction, causing the destruction of all the earth: and my hand will be stretched out on you, rolling you down from the rocks, and making you a burned mountain.|en
2579|51|26|26|人必不從你那裡取石頭為房角石，也不取石頭為根基石；你必永遠荒涼。這是耶和華說的。|zh
2580|51|26|26|And they will not take from you a stone for the angle of a wall or the base of a building; but you will be a waste place for ever, says the Lord.|en
2581|51|27|27|要在境內豎立大旗，在各國中吹角，使列國預備攻擊巴比倫，將亞拉臘、米尼、亞實基拿各國招來攻擊他；又派軍長來攻擊他，使馬匹上來如螞蚱，|zh
2582|51|27|27|Let a flag be lifted up in the land, let the horn be sounded among the nations, make the nations ready against her; get the kingdoms of Ararat, Minni, and Ashkenaz together against her, make ready a scribe against her; let the horses come up against her like massed locusts.|en
2583|51|28|28|使列國和瑪代君王，與省長和副省長，並他們所管全地之人，都預備攻擊他。|zh
2584|51|28|28|Make the nations ready for war against her, the king of the Medes and his rulers and all his captains, and all the land under his rule.|en
2585|51|29|29|地必震動而瘠苦；因耶和華向巴比倫所定的旨意成立了，使巴比倫之地荒涼，無人居住。|zh
2586|51|29|29|And the land is shaking and in pain: for the purposes of the Lord are fixed, to make the land of Babylon an unpeopled waste.|en
2587|51|30|30|巴比倫的勇士止息爭戰，藏在堅壘之中。他們的勇力衰盡，好像婦女一樣。巴比倫的住處有火著起，門閂都折斷了。|zh
2588|51|30|30|Babylon's men of war have kept back from the fight, waiting in their strong places; their strength has given way, they have become like women: her houses have been put on fire, her locks are broken.|en
2589|51|31|31|通報的要彼此相遇，送信的要互相迎接，報告巴比倫王說：城的四方被攻取了，|zh
2590|51|31|31|One man, running, will give word to another, and one who goes with news will be handing it on to another, to give word to the king of Babylon that his town has been taken from every quarter:|en
2591|51|32|32|渡口被佔據了，葦塘被火燒了，兵丁也驚慌了。|zh
2592|51|32|32|And the ways across the river have been taken, and the water-holes ... burned with fire, and the men of war are in the grip of fear.|en
2593|51|33|33|萬軍之耶和華─以色列的神如此說：巴比倫城（原文作女子）好像踹穀的禾場；再過片時，收割他的時候就到了。|zh
2594|51|33|33|For these are the words of the Lord of armies, the God of Israel: The daughter of Babylon is like a grain-floor when it is stamped down; before long, the time of her grain-cutting will come.|en
2595|51|34|34|以色列人說：巴比倫王尼布甲尼撒吞滅我，壓碎我，使我成為空虛的器皿。他像大魚將我吞下，用我的美物充滿他的肚腹，又將我趕出去。|zh
2596|51|34|34|Nebuchadrezzar, king of Babylon, has made a meal of me, violently crushing me, he has made me a vessel with nothing in it, he has taken me in his mouth like a dragon, he has made his stomach full with my delicate flesh, crushing me with his teeth.|en
2597|51|35|35|錫安的居民要說：巴比倫以強暴待我，損害我的身體，願這罪歸給他。耶路撒冷人要說：願流我們血的罪歸到迦勒底的居民。|zh
2598|51|35|35|May the violent things done to me, and my downfall, come on Babylon, the daughter of Zion will say; and, May my blood be on the people of Chaldaea, Jerusalem will say.|en
2599|51|36|36|所以，耶和華如此說：我必為你伸冤，為你報仇；我必使巴比倫的海枯竭，使他的泉源乾涸。|zh
2600|51|36|36|For this reason the Lord has said: See, I will give support to your cause, and take payment for what you have undergone; I will make her sea dry, and her fountain without water.|en
2601|51|37|37|巴比倫必成為亂堆，為野狗的住處，令人驚駭、嗤笑，並且無人居住。|zh
2602|51|37|37|And Babylon will become a mass of broken walls, a hole for jackals, a cause of wonder and surprise, without a living man in it.|en
2603|51|38|38|他們要像少壯獅子咆哮，像小獅子吼叫。|zh
2604|51|38|38|They will be crying out together like lions, their voices will be like the voices of young lions.|en
2605|51|39|39|他們火熱的時候，我必為他們設擺酒席，使他們沉醉，好叫他們快樂，睡了長覺，永不醒起。這是耶和華說的。|zh
2606|51|39|39|When they are heated, I will make a feast for them, and overcome them with wine, so that they may become unconscious, sleeping an eternal sleep without awaking, says the Lord.|en
2607|51|40|40|我必使他們像羊羔、像公綿羊和公山羊下到宰殺之地。|zh
2608|51|40|40|I will make them go down to death like lambs, like he-goats together.|en
2609|51|41|41|示沙克（就是巴比倫）何竟被攻取，天下所稱讚的何竟被佔據？巴比倫在列國中何竟變為荒場？|zh
2610|51|41|41|How is Babylon taken! and the praise of all the earth surprised! how has Babylon become a cause of wonder among the nations!|en
2611|51|42|42|海水漲起，漫過巴比倫；他被許多海浪遮蓋。|zh
2612|51|42|42|The sea has come up over Babylon; she is covered with the mass of its waves.|en
2613|51|43|43|他的城邑變為荒場、旱地、沙漠，無人居住，無人經過之地。|zh
2614|51|43|43|Her towns have become a waste, a dry and unwatered land, where no man has his living-place and no son of man goes by.|en
2615|51|44|44|我必刑罰巴比倫的彼勒，使他吐出所吞的。萬民必不再流歸他那裡；巴比倫的城牆也必坍塌了。|zh
2616|51|44|44|And I will send punishment on Bel in Babylon, and take out of his mouth what went into it; no longer will the nations be flowing together to him: truly, the wall of Babylon will come down.|en
2617|51|45|45|我的民哪，你們要從其中出去！各人拯救自己，躲避耶和華的烈怒。|zh
2618|51|45|45|My people, go out from her, and let every man get away safe from the burning wrath of the Lord.|en
2619|51|46|46|你們不要心驚膽怯，也不要因境內所聽見的風聲懼怕；因為這年有風聲傳來；那年也有風聲傳來，境內有強暴的事，官長攻擊官長。|zh
2620|51|46|46|So that your hearts may not become feeble and full of fear because of the news which will go about in the land; for a story will go about one year, and after that in another year another story, and violent acts in the land, ruler against ruler.|en
2621|51|47|47|日子將到，我必刑罰巴比倫雕刻的偶像。他全地必然抱愧；他被殺的人必在其中仆倒。|zh
2622|51|47|47|For this cause, truly, the days are coming when I will send punishment on the images of Babylon, and all her land will be shamed, and her dead will be falling down in her.|en
2623|51|48|48|那時，天地和其中所有的，必因巴比倫歡呼，因為行毀滅的要從北方來到他那裡。這是耶和華說的。|zh
2624|51|48|48|And the heaven and the earth and everything in them, will make a song of joy over Babylon: for those who make her waste will come from the north, says the Lord.|en
2625|51|49|49|巴比倫怎樣使以色列被殺的人仆倒，照樣他全地被殺的人也必在巴比倫仆倒。|zh
2626|51|49|49|As Babylon had the dead of Israel put to the sword, so in Babylon the dead of all the land will be stretched out.|en
2627|51|50|50|你們躲避刀劍的要快走，不要站住！要在遠方記念耶和華，心中追想耶路撒冷。|zh
2628|51|50|50|You who have got away safe from the sword, go, waiting for nothing; have the Lord in memory when you are far away, and keep Jerusalem in mind.|en
2629|51|51|51|我們聽見辱罵就蒙羞，滿面慚愧，因為外邦人進入耶和華殿的聖所。|zh
2630|51|51|51|We are shamed because bitter words have come to our ears; our faces are covered with shame: for men from strange lands have come into the holy places of the Lord's house.|en
2631|51|52|52|耶和華說：日子將到，我必刑罰巴比倫雕刻的偶像，通國受傷的人必唉哼。|zh
2632|51|52|52|For this reason, see, the days are coming, says the Lord, when I will send punishment on her images; and through all her land the wounded will be crying out in pain.|en
2633|51|53|53|巴比倫雖升到天上，雖使他堅固的高處更堅固，還有行毀滅的從我這裡到他那裡。這是耶和華說的。|zh
2634|51|53|53|Even if Babylon was lifted up to heaven, even if she had the high places of her strength shut in with walls, still I would send against her those who will make her waste, says the Lord.|en
2635|51|54|54|有哀號的聲音從巴比倫出來；有大毀滅的響聲從迦勒底人之地發出。|zh
2636|51|54|54|There is the sound of a cry from Babylon, and of a great destruction from the land of the Chaldaeans:|en
2637|51|55|55|因耶和華使巴比倫變為荒場，使其中的大聲滅絕。仇敵彷彿眾水，波浪匉訇，響聲已經發出。|zh
2638|51|55|55|For the Lord is making Babylon waste, and putting an end to the great voice coming out of her; and her waves are thundering like great waters, their voice is sounding loud:|en
2639|51|56|56|這是行毀滅的臨到巴比倫。巴比倫的勇士被捉住，他們的弓折斷了；因為耶和華是施行報應的神，必定施行報應。|zh
2640|51|56|56|For the waster has come on her, even on Babylon, and her men of war are taken, their bows are broken: for the Lord is a rewarding God, and he will certainly give payment.|en
2641|51|57|57|君王─名為萬軍之耶和華的說：我必使巴比倫的首領、智慧人、省長、副省長，和勇士都沉醉，使他們睡了長覺，永不醒起。|zh
2642|51|57|57|And I will make her chiefs and her wise men, her rulers and her captains and her men of war, overcome with wine; their sleep will be an eternal sleep without awaking, says the King; the Lord of armies is his name.|en
2643|51|58|58|萬軍之耶和華如此說：巴比倫寬闊的城牆必全然傾倒；他高大的城門必被火焚燒。眾民所勞碌的必致虛空；列國所勞碌的被火焚燒，他們都必困乏。|zh
2644|51|58|58|The Lord of armies has said: The wide walls of Babylon will be completely uncovered and her high doorways will be burned with fire; so peoples keep on working for nothing, and the weariness of nations comes to an end in the smoke.|en
2645|51|59|59|猶大王西底家在位第四年，上巴比倫去的時候，瑪西雅的孫子、尼利亞的兒子西萊雅與王同去（西萊雅是王宮的大臣），先知耶利米有話吩咐他。|zh
2646|51|59|59|The order which Jeremiah the prophet gave to Seraiah, the son of Neriah, the son of Mahseiah, when he went with Zedekiah, the king of Judah, to Babylon in the fourth year of his rule. Now Seraiah was the chief controller of the house.|en
2647|51|60|60|耶利米將一切要臨到巴比倫的災禍，就是論到巴比倫的一切話，寫在書上。|zh
2648|51|60|60|And Jeremiah put in a book all the evil which was to come on Babylon.|en
2649|51|61|61|耶利米對西萊雅說：你到了巴比倫務要念這書上的話；|zh
2650|51|61|61|And Jeremiah said to Seraiah, When you come to Babylon, see that you give them all these words;|en
2651|51|62|62|又說：耶和華啊，你曾論到這地方說：要剪除，甚至連人帶牲畜沒有在這裡居住的，必永遠荒涼。|zh
2652|51|62|62|And after reading them, say, O Lord, you have said about this place that it is to be cut off, so that no one will be living in it, not a man or a beast, but it will be unpeopled for ever.|en
2653|51|63|63|你念完了這書，就把一塊石頭拴在書上，扔在伯拉河中，|zh
2654|51|63|63|And it will be that, when you have come to an end of reading this book, you are to have a stone fixed to it, and have it dropped into the Euphrates:|en
2655|51|64|64|說：巴比倫因耶和華所要降與他的災禍，必如此沉下去，不再興起，人民也必困乏。耶利米的話到此為止。|zh
2656|51|64|64|And you are to say, So Babylon will go down, never to be lifted up again, because of the evil which I will send on her: and weariness will overcome them. So far, these are the words of Jeremiah.|en
2657|52|1|1|西底家登基的時候年二十一歲，在耶路撒冷作王十一年。他母親名叫哈慕他，是立拿人耶利米的女兒。|zh
2658|52|1|1|Zedekiah was twenty-one years old when he became king; he was king for eleven years in Jerusalem: and his mother's name was Hamutal, the daughter of Jeremiah of Libnah.|en
2659|52|2|2|西底家行耶和華眼中看為惡的事，是照約雅敬一切所行的。|zh
2660|52|2|2|And he did evil in the eyes of the Lord, as Jehoiakim had done.|en
2661|52|3|3|因此耶和華的怒氣在耶路撒冷和猶大發作，以致將人民從自己的面前趕出。|zh
2662|52|3|3|And because of the wrath of the Lord this came about in Jerusalem and Judah, till he had sent them away from before him: and Zedekiah took up arms against the king of Babylon.|en
2663|52|4|4|西底家背叛巴比倫王。他作王第九年十月初十日，巴比倫王尼布甲尼撒率領全軍來攻擊耶路撒冷，對城安營，四圍築壘攻城。|zh
2664|52|4|4|And in the ninth year of his rule, on the tenth day of the tenth month, Nebuchadrezzar, king of Babylon, came against Jerusalem with all his army and took up his position before it, building earthworks all round it.|en
2665|52|5|5|於是城被圍困直到西底家王十一年。|zh
2666|52|5|5|So the town was shut in by their forces till the eleventh year of King Zedekiah.|en
2667|52|6|6|四月初九日，城裡有大饑荒，甚至百姓都沒有糧食。|zh
2668|52|6|6|In the fourth month, on the ninth day of the month, the store of food in the town was almost gone, so that there was no food for the people of the land.|en
2669|52|7|7|城被攻破，一切兵丁就在夜間從靠近王園兩城中間的門，出城逃跑；迦勒底人正在四圍攻城。他們就往亞拉巴逃去。|zh
2670|52|7|7|Then an opening was made in the wall of the town, and all the men of war went in flight out of the town by night through the doorway between the two walls which was by the king's garden; (now the Chaldaeans were stationed round the town:) and they went by the way of the Arabah.|en
2671|52|8|8|迦勒底的軍隊追趕西底家王，在耶利哥的平原追上他。他的全軍都離開他四散了。|zh
2672|52|8|8|And the Chaldaean army went after King Zedekiah and overtook him on the other side of Jericho, and all his army went in flight from him in every direction.|en
2673|52|9|9|迦勒底人就拿住王，帶他到在哈馬地利比拉的巴比倫王那裡；巴比倫王便審判他。|zh
2674|52|9|9|Then they made the king a prisoner and took him up to the king of Babylon to Riblah in the land of Hamath to be judged.|en
2675|52|10|10|巴比倫王在西底家眼前殺了他的眾子，又在利比拉殺了猶大的一切首領，|zh
2676|52|10|10|And the king of Babylon put the sons of Zedekiah to death before his eyes: and he put to death all the rulers of Judah in Riblah.|en
2677|52|11|11|並且剜了西底家的眼睛，用銅鍊鎖著他，帶到巴比倫去，將他囚在監裡，直到他死的日子。|zh
2678|52|11|11|And he put out Zedekiah's eyes; and the king of Babylon, chaining him in iron bands, took him to Babylon, and put him in prison till the day of his death.|en
2679|52|12|12|巴比倫王尼布甲尼撒十九年五月初十日，在巴比倫王面前侍立的護衛長尼布撒拉旦進入耶路撒冷，|zh
2680|52|12|12|Now in the fifth month, on the tenth day of the month, in the nineteenth year of King Nebuchadrezzar, king of Babylon, Nebuzaradan, the captain of the armed men, a servant of the king of Babylon, came into Jerusalem.|en
2681|52|13|13|用火焚燒耶和華的殿和王宮，又焚燒耶路撒冷的房屋，就是各大戶家的房屋。|zh
2682|52|13|13|And he had the house of the Lord and the king's house and all the houses of Jerusalem, even every great house, burned with fire:|en
2683|52|14|14|跟從護衛長迦勒底的全軍就拆毀耶路撒冷四圍的城牆。|zh
2684|52|14|14|And the walls round Jerusalem were broken down by the Chaldaean army which was with the captain.|en
2685|52|15|15|那時護衛長尼布撒拉旦將民中最窮的和城裡所剩下的百姓，並已經投降巴比倫王的人，以及大眾所剩下的人，都擄去了。|zh
2686|52|15|15|Then Nebuzaradan, the captain of the armed men, took away as prisoners the rest of the people who were still in the town, and those who had given themselves up to the king of Babylon, and the rest of the workmen.|en
2687|52|16|16|但護衛長尼布撒拉旦留下些民中最窮的，使他們修理葡萄園，耕種田地。|zh
2688|52|16|16|But Nebuzaradan, the captain of the armed men, let the poorest of the land go on living there, to take care of the vines and the fields.|en
2689|52|17|17|耶和華殿的銅柱並殿內的盆座和銅海，迦勒底人都打碎了，將那銅運到巴比倫去了，|zh
2690|52|17|17|And the brass pillars which were in the house of the Lord, and the wheeled bases and the great brass water-vessel in the house of the Lord, were broken up by the Chaldaeans, who took all the brass away to Babylon.|en
2691|52|18|18|又帶去鍋、鏟子、蠟剪、盤子、調羹，並所用的一切銅器、|zh
2692|52|18|18|And the pots and the spades and the scissors for the lights and the spoons, and all the brass vessels used in the Lord's house, they took away.|en
2693|52|19|19|杯、火鼎、碗、盆、燈臺、調羹、爵，無論金的銀的，護衛長也都帶去了。|zh
2694|52|19|19|And the cups and the fire-trays and the basins and the pots and the supports for the lights and the spoons and the wide basins; the gold of the gold vessels, and the silver of the silver vessels, the captain of the armed men took away.|en
2695|52|20|20|所羅門為耶和華殿所造的兩根銅柱、一個銅海，並座下的十二隻銅牛，這一切的銅多得無法可稱。|zh
2696|52|20|20|The two pillars, the great water-vessel, and the twelve brass oxen which were under it, and the ten wheeled bases, which King Solomon had made for the house of the Lord: the brass of all these vessels was without weight.|en
2697|52|21|21|這一根柱子高十八肘，厚四指，是空的，圍十二肘。|zh
2698|52|21|21|And as for the pillars, one pillar was eighteen cubits high, and twelve cubits measured all round, and it was as thick as a man's hand: it was hollow.|en
2699|52|22|22|柱上有銅頂，高五肘；銅頂的周圍有網子和石榴，都是銅的。那一根柱子照此一樣，也有石榴。|zh
2700|52|22|22|And there was a crown of brass on it: the crown was five cubits high, circled with a network and apples all of brass; and the second pillar had the same.|en
2701|52|23|23|柱子四面有九十六個石榴，在網子周圍，共有一百石榴。|zh
2702|52|23|23|There were ninety-six apples on the outside; the number of apples all round the network was a hundred.|en
2703|52|24|24|護衛長拿住大祭司西萊雅、副祭司西番亞，和三個把門的，|zh
2704|52|24|24|And the captain of the armed men took Seraiah, the chief priest, and Zephaniah, the second priest, and the three door-keepers;|en
2705|52|25|25|又從城中拿住一個管理兵丁的官（或譯：太監），並在城裡所遇常見王面的七個人和檢點國民軍長的書記，以及城裡所遇見的國民六十個人。|zh
2706|52|25|25|And from the town he took the unsexed servant who was over the men of war, and seven of the king's near friends who were in the town, and the scribe of the captain of the army, who was responsible for getting the people of the land together in military order, and sixty men of the people of the land who were in the town.|en
2707|52|26|26|護衛長尼布撒拉旦將這些人帶到利比拉的巴比倫王那裡。|zh
2708|52|26|26|These Nebuzaradan, the captain of the armed men, took with him to the king of Babylon at Riblah.|en
2709|52|27|27|巴比倫王就把他們擊殺在哈馬地的利比拉。這樣，猶大人被擄去離開本地。|zh
2710|52|27|27|And the king of Babylon put them to death at Riblah in the land of Hamath. So Judah was taken prisoner away from his land.|en
2711|52|28|28|尼布甲尼撒所擄的民數記在下面：在他第七年擄去猶大人三千零二十三名；|zh
2712|52|28|28|These are the people whom Nebuchadrezzar took away prisoner: in the seventh year, three thousand and twenty-three Jews:|en
2713|52|29|29|尼布甲尼撒十八年從耶路撒冷擄去八百三十二人；|zh
2714|52|29|29|And in the eighteenth year of Nebuchadrezzar he took away as prisoners from Jerusalem eight hundred and thirty-two persons:|en
2715|52|30|30|尼布甲尼撒二十三年，護衛長尼布撒拉旦擄去猶大人七百四十五名；共有四千六百人。|zh
2716|52|30|30|In the twenty-third year of Nebuchadrezzar, Nebuzaradan, the captain of the armed men, took away as prisoners seven hundred and forty-five of the Jews: all the persons were four thousand and six hundred.|en
2717|52|31|31|猶大王約雅斤被擄後三十七年，巴比倫王以未米羅達元年十二月二十五日，使猶大王約雅斤抬頭，提他出監，|zh
2718|52|31|31|And in the thirty-seventh year after Jehoiachin, king of Judah, had been taken prisoner, in the twelfth month, on the twenty-fifth day of the month, Evil-merodach, king of Babylon, in the first year after he became king, took Jehoiachin, king of Judah, out of prison.|en
2719|52|32|32|又對他說恩言，使他的位高過與他一同在巴比倫眾王的位，|zh
2720|52|32|32|And he said kind words to him and put his seat higher than the seats of the other kings who were with him in Babylon.|en
2721|52|33|33|給他脫了囚服。他終身在巴比倫王面前吃飯。|zh
2722|52|33|33|And his prison clothing was changed, and he was a guest at the king's table every day for the rest of his life.|en
2723|52|34|34|巴比倫王賜他所需用的食物，日日賜他一分，終身是這樣，直到他死的日子。|zh
2724|52|34|34|And for his food, the king gave him a regular amount every day till the day of his death, for the rest of his life.|en
