|chapter|sec|no|content|lang
0|1|1|1|不從惡人的計謀，不站罪人的道路，不坐褻慢人的座位，|zh
1|1|1|1|Happy is the man who does not go in the company of sinners, or take his place in the way of evil-doers, or in the seat of those who do not give honour to the Lord.|en
2|1|2|2|惟喜愛耶和華的律法，晝夜思想，這人便為有福！|zh
3|1|2|2|But whose delight is in the law of the Lord, and whose mind is on his law day and night.|en
4|1|3|3|他要像一棵樹栽在溪水旁，按時候結果子，葉子也不枯乾。凡他所做的盡都順利。|zh
5|1|3|3|He will be like a tree planted by the rivers of water, which gives its fruit at the right time, whose leaves will ever be green; and he will do well in all his undertakings.|en
6|1|4|4|惡人並不是這樣，乃像糠秕被風吹散。|zh
7|1|4|4|The evil-doers are not so; but are like the dust from the grain, which the wind takes away.|en
8|1|5|5|因此，當審判的時候惡人必站立不住；罪人在義人的會中也是如此。|zh
9|1|5|5|For this cause there will be no mercy for sinners when they are judged, and the evil-doers will have no place among the upright,|en
10|1|6|6|因為耶和華知道義人的道路；惡人的道路卻必滅亡。|zh
11|1|6|6|Because the Lord sees the way of the upright, but the end of the sinner is destruction.|en
12|2|1|1|外邦為甚麼爭鬧？萬民為甚麼謀算虛妄的事？|zh
13|2|1|1|Why are the nations so violently moved, and why are the thoughts of the people so foolish?|en
14|2|2|2|世上的君王一齊起來，臣宰一同商議，要敵擋耶和華並他的受膏者，|zh
15|2|2|2|The kings of the earth have taken their place, and the rulers are fixed in their purpose, against the Lord, and against the king of his selection, saying,|en
16|2|3|3|說：我們要掙開他們的捆綁，脫去他們的繩索。|zh
17|2|3|3|Let their chains be broken, and their cords taken from off us.|en
18|2|4|4|那坐在天上的必發笑；主必嗤笑他們。|zh
19|2|4|4|Then he whose seat is in the heavens will be laughing: the Lord will make sport of them.|en
20|2|5|5|那時，他要在怒中責備他們，在烈怒中驚嚇他們，|zh
21|2|5|5|Then will his angry words come to their ears, and by his wrath they will be troubled:|en
22|2|6|6|說：我已經立我的君在錫安─我的聖山上了。|zh
23|2|6|6|But I have put my king on my holy hill of Zion.|en
24|2|7|7|受膏者說：我要傳聖旨。耶和華曾對我說：你是我的兒子，我今日生你。|zh
25|2|7|7|I will make clear the Lord's decision: he has said to me, You are my son, this day have I given you being.|en
26|2|8|8|你求我，我就將列國賜你為基業，將地極賜你為田產。|zh
27|2|8|8|Make your request to me, and I will give you the nations for your heritage, and the farthest limits of the earth will be under your hand.|en
28|2|9|9|你必用鐵杖打破他們；你必將他們如同窯匠的瓦器摔碎。|zh
29|2|9|9|They will be ruled by you with a rod of iron; they will be broken like a potter's vessel.|en
30|2|10|10|現在，你們君王應當省悟！你們世上的審判官該受管教！|zh
31|2|10|10|So now be wise, you kings: take his teaching, you judges of the earth.|en
32|2|11|11|當存畏懼事奉耶和華，又當存戰兢而快樂。|zh
33|2|11|11|Give worship to the Lord with fear, kissing his feet and giving him honour,|en
34|2|12|12|當以嘴親子，恐怕他發怒，你們便在道中滅亡，因為他的怒氣快要發作。凡投靠他的，都是有福的。|zh
35|2|12|12|For fear that he may be angry, causing destruction to come on you, because he is quickly moved to wrath. Happy are all those who put their faith in him.|en
36|3|1|1|（大衛逃避他兒子押沙龍的時候作的詩。）耶和華啊，我的敵人何其加增；有許多人起來攻擊我。|zh
37|3|1|1|- A Psalm. Of David. When he went in flight from Absalom his son. - Lord, how greatly are they increased who make attacks on me! in great numbers they come against me.|en
38|3|2|2|有許多人議論我說：他得不著神的幫助。（細拉）|zh
39|3|2|2|Unnumbered are those who say of my soul, There is no help for him in God. (Selah.)|en
40|3|3|3|但你─耶和華是我四圍的盾牌，是我的榮耀，又是叫我抬起頭來的。|zh
41|3|3|3|But your strength, O Lord, is round me, you are my glory and the lifter up of my head.|en
42|3|4|4|我用我的聲音求告耶和華，他就從他的聖山上應允我。（細拉）|zh
43|3|4|4|I send up a cry to the Lord with my voice, and he gives me an answer from his holy hill. (Selah.)|en
44|3|5|5|我躺下睡覺，我醒著，耶和華都保佑我。|zh
45|3|5|5|I took my rest in sleep, and then again I was awake; for the Lord was my support.|en
46|3|6|6|雖有成萬的百姓來周圍攻擊我，我也不怕。|zh
47|3|6|6|I will have no fear, though ten thousand have come round me, putting themselves against me.|en
48|3|7|7|耶和華啊，求你起來！我的神啊，求你救我！因為你打了我一切仇敵的腮骨，敲碎了惡人的牙齒。|zh
49|3|7|7|Come to me, Lord; keep me safe, O my God; for you have given all my haters blows on their face-bones; the teeth of the evil-doers have been broken by you.|en
50|3|8|8|救恩屬乎耶和華；願你賜福給你的百姓。（細拉）|zh
51|3|8|8|Salvation comes from the Lord; your blessing is on your people. (Selah.)|en
52|4|1|1|（大衛的詩，交與伶長。用絲弦的樂器。）顯我為義的神啊，我呼籲的時候，求你應允我！我在困苦中，你曾使我寬廣；現在求你憐恤我，聽我的禱告！|zh
53|4|1|1|- To the chief music-maker on corded instruments. A Psalm. Of David. - Give answer to my cry, O God of my righteousness; make me free from my troubles; have mercy on me, and give ear to my prayer.|en
54|4|2|2|你們這上流人哪，你們將我的尊榮變為羞辱要到幾時呢？你們喜愛虛妄，尋找虛假，要到幾時呢？（細拉）|zh
55|4|2|2|O you sons of men, how long will you go on turning my glory into shame? how long will you give your love to foolish things, going after what is false? (Selah.)|en
56|4|3|3|你們要知道，耶和華已經分別虔誠人歸他自己；我求告耶和華，他必聽我。|zh
57|4|3|3|See how the Lord has made great his mercy for me; the Lord will give ear to my cry.|en
58|4|4|4|你們應當畏懼，不可犯罪；在床上的時候，要心裡思想，並要肅靜。（細拉）|zh
59|4|4|4|Let there be fear in your hearts, and do no sin; have bitter feelings on your bed, but make no sound. (Selah.)|en
60|4|5|5|當獻上公義的祭，又當倚靠耶和華。|zh
61|4|5|5|Give the offerings of righteousness, and put your faith in the Lord.|en
62|4|6|6|有許多人說：誰能指示我們甚麼好處？耶和華啊，求你仰起臉來，光照我們。|zh
63|4|6|6|There are numbers who say, Who will do us any good? the light of his face has gone from us.|en
64|4|7|7|你使我心裡快樂，勝過那豐收五穀新酒的人。|zh
65|4|7|7|Lord, you have put joy in my heart, more than they have when their grain and their wine are increased.|en
66|4|8|8|我必安然躺下睡覺，因為獨有你─耶和華使我安然居住。|zh
67|4|8|8|I will take my rest on my bed in peace, because you only, Lord, keep me safe.|en
68|5|1|1|（大衛的詩，交與伶長。用吹的樂器。）耶和華啊，求你留心聽我的言語，顧念我的心思！|zh
69|5|1|1|- To the chief music-maker on wind instruments. A Psalm. Of David. - Give ear to my words, O Lord; give thought to my heart-searchings.|en
70|5|2|2|我的王我的神啊，求你垂聽我呼求的聲音！因為我向你祈禱。|zh
71|5|2|2|Let the voice of my cry come to you, my King and my God; for to you will I make my prayer.|en
72|5|3|3|耶和華啊，早晨你必聽我的聲音；早晨我必向你陳明我的心意，並要警醒！|zh
73|5|3|3|My voice will come to you in the morning, O Lord; in the morning will I send my prayer to you, and keep watch.|en
74|5|4|4|因為你不是喜悅惡事的神，惡人不能與你同居。|zh
75|5|4|4|For you are not a God who takes pleasure in wrongdoing; there is no evil with you.|en
76|5|5|5|狂傲人不能站在你眼前；凡作孽的，都是你所恨惡的。|zh
77|5|5|5|The sons of pride have no place before you; you are a hater of all workers of evil.|en
78|5|6|6|說謊言的，你必滅絕；好流人血弄詭詐的，都為耶和華所憎惡。|zh
79|5|6|6|You will send destruction on those whose words are false; the cruel man and the man of deceit are hated by the Lord.|en
80|5|7|7|至於我，我必憑你豐盛的慈愛進入你的居所；我必存敬畏你的心向你的聖殿下拜。|zh
81|5|7|7|But as for me, I will come into your house, in the full measure of your mercy; and in your fear I will give worship, turning my eyes to your holy Temple.|en
82|5|8|8|耶和華啊，求你因我的仇敵，憑你的公義引領我，使你的道路在我面前正直。|zh
83|5|8|8|Be my guide, O Lord, in the ways of your righteousness, because of those who are against me; make your way straight before my face.|en
84|5|9|9|因為，他們的口中沒有誠實；他們的心裡滿有邪惡；他們的喉嚨是敞開的墳墓；他們用舌頭諂媚人。|zh
85|5|9|9|For no faith may be put in their words; their inner part is nothing but evil; their throat is like an open place for the dead; smooth are the words of their tongues.|en
86|5|10|10|神啊，求你定他們的罪！願他們因自己的計謀跌倒；願你在他們許多的過犯中把他們逐出，因為他們背叛了你。|zh
87|5|10|10|Send them to destruction, O Lord; let their evil designs be the cause of their fall; let them be forced out by all their sins; because they have gone against your authority.|en
88|5|11|11|凡投靠你的，願他們喜樂，時常歡呼，因為你護庇他們；又願那愛你名的人都靠你歡欣。|zh
89|5|11|11|But let all those who put their faith in you be glad with cries of joy at all times, and let all the lovers of your name be glad in you.|en
90|5|12|12|因為你必賜福與義人；耶和華啊，你必用恩惠如同盾牌四面護衛他。|zh
91|5|12|12|For you, Lord, will send a blessing on the upright man; your grace will be round him, and you will be his strength.|en
92|6|1|1|（大衛的詩，交與伶長。用絲弦的樂器，調用第八。）耶和華啊，求你不要在怒中責備我，也不要在烈怒中懲罰我！|zh
93|6|1|1|- To the chief music-maker on corded instruments, on the Sheminith. A Psalm. Of David. - O Lord, do not be bitter with me in your wrath; do not send punishment on me in the heat of your passion.|en
94|6|2|2|耶和華啊，求你可憐我，因為我軟弱。耶和華啊，求你醫治我，因為我的骨頭發戰。|zh
95|6|2|2|Have mercy on me, O Lord, for I am wasted away: make me well, for even my bones are troubled.|en
96|6|3|3|我心也大大地驚惶。耶和華啊，你要到幾時才救我呢？|zh
97|6|3|3|My soul is in bitter trouble; and you, O Lord, how long?|en
98|6|4|4|耶和華啊，求你轉回搭救我！因你的慈愛拯救我。|zh
99|6|4|4|Come back, O Lord, make my soul free; O give me salvation because of your mercy.|en
100|6|5|5|因為，在死地無人記念你，在陰間有誰稱謝你？|zh
101|6|5|5|For in death there is no memory of you; in the underworld who will give you praise?|en
102|6|6|6|我因唉哼而困乏；我每夜流淚，把床榻漂起，把褥子濕透。|zh
103|6|6|6|The voice of my sorrow is a weariness to me; all the night I make my bed wet with weeping; it is watered by the drops flowing from my eyes.|en
104|6|7|7|我因憂愁眼睛乾癟，又因我一切的敵人眼睛昏花。|zh
105|6|7|7|My eyes are wasting away with trouble; they are becoming old because of all those who are against me.|en
106|6|8|8|你們一切作孽的人，離開我罷！因為耶和華聽了我哀哭的聲音。|zh
107|6|8|8|Go from me, all you workers of evil; for the Lord has given ear to the voice of my weeping.|en
108|6|9|9|耶和華聽了我的懇求；耶和華必收納我的禱告。|zh
109|6|9|9|The Lord has given ear to my request; the Lord has let my prayer come before him.|en
110|6|10|10|我的一切仇敵都必羞愧，大大驚惶；他們必要退後，忽然羞愧。|zh
111|6|10|10|Let all those who are against me be shamed and deeply troubled; let them be turned back and suddenly put to shame.|en
112|7|1|1|（大衛指著便雅憫人古實的話，向耶和華唱的流離歌。）耶和華─我的神啊，我投靠你！求你救我脫離一切追趕我的人，將我救拔出來！|zh
113|7|1|1|- Shiggaion of David; a song which he made to the Lord, about the words of Cush the Benjamite. - O Lord my God, I put my faith in you; take me out of the hands of him who is cruel to me, and make me free;|en
114|7|2|2|恐怕他們像獅子撕裂我，甚至撕碎，無人搭救。|zh
115|7|2|2|So that he may not come rushing on my soul like a lion, wounding it, while there is no one to be my saviour.|en
116|7|3|3|耶和華─我的神啊，我若行了這事，若有罪孽在我手裡，|zh
117|7|3|3|O Lord my God, if I have done this; if my hands have done any wrong;|en
118|7|4|4|我若以惡報那與我交好的人─連那無故與我為敵的，我也救了他，|zh
119|7|4|4|If I have given back evil to him who did evil to me, or have taken anything from him who was against me without cause;|en
120|7|5|5|就任憑仇敵追趕我，直到追上，將我的性命踏在地下，使我的榮耀歸於灰塵。（細拉）|zh
121|7|5|5|Let my hater go after my soul and take it; let my life be crushed to the earth, and my honour into the dust. (Selah.)|en
122|7|6|6|耶和華啊，求你在怒中起來，挺身而立，抵擋我敵人的暴怒！求你為我興起！你已經命定施行審判！|zh
123|7|6|6|Come up, Lord, in your wrath; be lifted up against my haters; be awake, my God, give orders for the judging.|en
124|7|7|7|願眾民的會環繞你！願你從其上歸於高位！|zh
125|7|7|7|The meeting of the nations will be round you; take your seat, then, over them, on high.|en
126|7|8|8|耶和華向眾民施行審判；耶和華啊，求你按我的公義和我心中的純正判斷我。|zh
127|7|8|8|The Lord will be judge of the peoples; give a decision for me, O Lord, because of my righteousness, and let my virtue have its reward.|en
128|7|9|9|願惡人的惡斷絕！願你堅立義人！因為公義的神察驗人的心腸肺腑。|zh
129|7|9|9|O let the evil of the evil-doer come to an end, but give strength to the upright: for men's minds and hearts are tested by the God of righteousness.|en
130|7|10|10|神是我的盾牌；他拯救心裡正直的人。|zh
131|7|10|10|God, who is the saviour of the upright in heart, is my breastplate.|en
132|7|11|11|神是公義的審判者，又是天天向惡人發怒的神。|zh
133|7|11|11|God is the judge of the upright, and is angry with the evil-doers every day.|en
134|7|12|12|若有人不回頭，他的刀必磨快，弓必上弦，預備妥當了。|zh
135|7|12|12|If a man is not turned from his evil, he will make his sword sharp; his bow is bent and ready.|en
136|7|13|13|他也預備了殺人的器械；他所射的是火箭。|zh
137|7|13|13|He has made ready for him the instruments of death; he makes his arrows flames of fire.|en
138|7|14|14|試看惡人因奸惡而劬勞，所懷的是毒害，所生的是虛假。|zh
139|7|14|14|That man is a worker of evil; the seed of wrongdoing has given birth to deceit.|en
140|7|15|15|他掘了坑，又挖深了，竟掉在自己所挖的阱裡。|zh
141|7|15|15|He has made a hole deep in the earth, and is falling into the hole which he has made|en
142|7|16|16|他的毒害必臨到他自己的頭上；他的強暴必落到他自己的腦袋上。|zh
143|7|16|16|His wrongdoing will come back to him, and his violent behaviour will come down on his head.|en
144|7|17|17|我要照著耶和華的公義稱謝他，歌頌耶和華至高者的名。|zh
145|7|17|17|I will give praise to the Lord for his righteousness; I will make a song to the name of the Lord Most High.|en
146|8|1|1|（大衛的詩，交與伶長。用迦特樂器。）耶和華─我們的主啊，你的名在全地何其美！你將你的榮耀彰顯於天。|zh
147|8|1|1|- To the chief music-maker on the Gittith. A Psalm. Of David. - O Lord, our Lord, whose glory is higher than the heavens, how noble is your name in all the earth!|en
148|8|2|2|你因敵人的緣故，從嬰孩和吃奶的口中，建立了能力，使仇敵和報仇的閉口無言。|zh
149|8|2|2|You have made clear your strength even out of the mouths of babies at the breast, because of those who are against you; so that you may put to shame the cruel and violent man.|en
150|8|3|3|我觀看你指頭所造的天，並你所陳設的月亮星宿，|zh
151|8|3|3|When I see your heavens, the work of your fingers, the moon and the stars, which you have put in their places;|en
152|8|4|4|便說：人算甚麼，你竟顧念他？世人算甚麼，你竟眷顧他？|zh
153|8|4|4|What is man, that you keep him in mind? the son of man, that you take him into account?|en
154|8|5|5|你叫他比天使（或譯：神）微小一點，並賜他榮耀尊貴為冠冕。|zh
155|8|5|5|For you have made him only a little lower than the gods, crowning him with glory and honour.|en
156|8|6|6,7 |你派他管理你手所造的，使萬物，就是一切的牛羊、田野的獸、空中的鳥、海裡的魚，凡經行海道的，都服在他的腳下。|zh
157|8|6|6|You have made him ruler over the works of your hands; you have put all things under his feet;|en
158|8|7|7|All sheep and oxen, and all the beasts of the field;|en
159|8|8|8|The birds of the air and the fish of the sea, and whatever goes through the deep waters of the seas.|en
160|8|9|9|耶和華─我們的主啊，你的名在全地何其美！|zh
161|8|9|9|O Lord, our Lord, how noble is your name in all the earth!|en
162|9|1|1|（大衛的詩，交與伶長。調用慕拉便。）我要一心稱謝耶和華；我要傳揚你一切奇妙的作為。|zh
163|9|1|1|- To the chief music-maker on Muthlabben. A Psalm. Of David. - I will give you praise, O Lord, with all my heart; I will make clear all the wonder of your works.|en
164|9|2|2|我要因你歡喜快樂；至高者啊，我要歌頌你的名！|zh
165|9|2|2|I will be glad and have delight in you: I will make a song of praise to your name, O Most High.|en
166|9|3|3|我的仇敵轉身退去的時候，他們一見你的面就跌倒滅亡。|zh
167|9|3|3|When my haters are turned back, they will be broken and overcome before you.|en
168|9|4|4|因你已經為我伸冤，為我辨屈；你坐在寶座上，按公義審判。|zh
169|9|4|4|For you gave approval to my right and my cause; you were seated in your high place judging in righteousness.|en
170|9|5|5|你曾斥責外邦，你曾滅絕惡人；你曾塗抹他們的名，直到永永遠遠。|zh
171|9|5|5|You have said sharp words to the nations, you have sent destruction on the sinners, you have put an end to their name for ever and ever.|en
172|9|6|6|仇敵到了盡頭；他們被毀壞，直到永遠。你拆毀他們的城邑，連他們的名號都歸於無有。|zh
173|9|6|6|You have given their towns to destruction; the memory of them has gone; they have become waste for ever.|en
174|9|7|7|惟耶和華坐著為王，直到永遠；他已經為審判設擺他的寶座。|zh
175|9|7|7|But the Lord is King for ever: he has made ready his high seat for judging.|en
176|9|8|8|他要按公義審判世界，按正直判斷萬民。|zh
177|9|8|8|And he will be the judge of the world in righteousness, giving true decisions for the peoples.|en
178|9|9|9|耶和華又要給受欺壓的人作高臺，在患難的時候作高臺。|zh
179|9|9|9|The Lord will be a high tower for those who are crushed down, a high tower in times of trouble;|en
180|9|10|10|耶和華啊，認識你名的人要倚靠你，因你沒有離棄尋求你的人。|zh
181|9|10|10|And those who have knowledge of your name will put their faith in you; because you, Lord, have ever given your help to those who were waiting for you.|en
182|9|11|11|應當歌頌居錫安的耶和華，將他所行的傳揚在眾民中。|zh
183|9|11|11|Make songs of praise to the Lord, whose house is in Zion: make his doings clear to the people.|en
184|9|12|12|因為那追討流人血之罪的─他記念受屈的人，不忘記困苦人的哀求。|zh
185|9|12|12|When he makes search for blood, he has them in his memory: he is not without thought for the cry of the poor.|en
186|9|13|13|耶和華啊，你是從死門把我提拔起來的；求你憐恤我，看那恨我的人所加給我的苦難，|zh
187|9|13|13|Have mercy on me, O Lord, and see how I am troubled by my haters; let me be lifted up from the doors of death;|en
188|9|14|14|好叫我述說你一切的美德；我必在錫安城（原文是女子）的門因你的救恩歡樂。|zh
189|9|14|14|So that I may make clear all your praise in the house of the daughter of Zion: I will be glad because of your salvation.|en
190|9|15|15|外邦人陷在自己所掘的坑中；他們的腳在自己暗設的網羅裡纏住了。|zh
191|9|15|15|The nations have gone down into the hole which they made: in their secret net is their foot taken.|en
192|9|16|16|耶和華已將自己顯明了，他已施行審判；惡人被自己手所做的纏住了（或譯：他叫惡人被自己手所做的累住了）。（細拉）|zh
193|9|16|16|The Lord has given knowledge of himself through his judging: the evil-doer is taken in the net which his hands had made. (Higgaion. Selah.)|en
194|9|17|17|惡人，就是忘記神的外邦人，都必歸到陰間。|zh
195|9|17|17|The sinners and all the nations who have no memory of God will be turned into the underworld.|en
196|9|18|18|窮乏人必不永久被忘；困苦人的指望必不永遠落空。|zh
197|9|18|18|For the poor will not be without help; the hopes of those in need will not be crushed for ever.|en
198|9|19|19|耶和華啊，求你起來，不容人得勝！願外邦人在你面前受審判！|zh
199|9|19|19|Up! O Lord; let not man overcome you: let the nations be judged before you.|en
200|9|20|20|耶和華啊，求你使外邦人恐懼；願他們知道自己不過是人。（細拉）|zh
201|9|20|20|Put them in fear, O Lord, so that the nations may see that they are only men. (Selah.)|en
202|10|1|1|耶和華啊，你為甚麼站在遠處？在患難的時候為甚麼隱藏？|zh
203|10|1|1|Why do you keep far away, O Lord? why are you not to be seen in times of trouble?|en
204|10|2|2|惡人在驕橫中把困苦人追得火急；願他們陷在自己所設的計謀裡。|zh
205|10|2|2|The evil-doer in his pride is cruel to the poor; let him be taken by the tricks of his invention.|en
206|10|3|3|因為惡人以心願自誇；貪財的背棄耶和華，並且輕慢他（或譯：他祝福貪財的，卻輕慢耶和華）。|zh
207|10|3|3|For the evil-doer is lifted up because of the purpose of his heart, and he whose mind is fixed on wealth is turned away from the Lord, saying evil against him.|en
208|10|4|4|惡人面帶驕傲，說：耶和華必不追究；他一切所想的都以為沒有神。|zh
209|10|4|4|The evil-doer in his pride says, God will not make a search. All his thoughts are, There is no God.|en
210|10|5|5|凡他所做的，時常穩固；你的審判超過他的眼界。至於他一切的敵人，他都向他們噴氣。|zh
211|10|5|5|His ways are ever fixed; your decisions are higher than he may see: as for his haters, they are as nothing to him.|en
212|10|6|6|他心裡說：我必不動搖，世世代代不遭災難。|zh
213|10|6|6|He has said in his heart, I will not be moved: through all generations I will never be in trouble.|en
214|10|7|7|他滿口是咒罵、詭詐、欺壓，舌底是毒害、奸惡。|zh
215|10|7|7|His mouth is full of cursing and deceit and false words: under his tongue are evil purposes and dark thoughts.|en
216|10|8|8|他在村莊埋伏等候；他在隱密處殺害無辜的人。他的眼睛窺探無倚無靠的人；|zh
217|10|8|8|He is waiting in the dark places of the towns: in the secret places he puts to death those who have done no wrong: his eyes are secretly turned against the poor.|en
218|10|9|9|他埋伏在暗地，如獅子蹲在洞中。他埋伏，要擄去困苦人；他拉網，就把困苦人擄去。|zh
219|10|9|9|He keeps himself in a secret place like a lion in his hole, waiting to put his hands on the poor man, and pulling him into his net.|en
220|10|10|10|他屈身蹲伏，無倚無靠的人就倒在他爪牙（爪牙：或譯強暴人）之下。|zh
221|10|10|10|The upright are crushed and made low, and the feeble are overcome by his strong ones.|en
222|10|11|11|他心裡說：神竟忘記了；他掩面永不觀看。|zh
223|10|11|11|He says in his heart, God has no memory of me: his face is turned away; he will never see it.|en
224|10|12|12|耶和華啊，求你起來！神啊，求你舉手，不要忘記困苦人！|zh
225|10|12|12|Up! O Lord; let your hand be lifted: give thought to the poor.|en
226|10|13|13|惡人為何輕慢神，心裡說：你必不追究？|zh
227|10|13|13|Why has the evil-doer a low opinion of God, saying in his heart, You will not make search for it?|en
228|10|14|14|其實你已經觀看；因為奸惡毒害，你都看見了，為要以手施行報應。無倚無靠的人把自己交託你；你向來是幫助孤兒的。|zh
229|10|14|14|You have seen it; for your eyes are on sorrow and grief, to take it into your hand: the poor man puts his faith in you; you have been the helper of the child who has no father.|en
230|10|15|15|願你打斷惡人的膀臂；至於壞人，願你追究他的惡，直到淨盡。|zh
231|10|15|15|Let the arm of the sinner and the evil-doer be broken; go on searching for his sin till there is no more.|en
232|10|16|16|耶和華永永遠遠為王；外邦人從他的地已經滅絕了。|zh
233|10|16|16|The Lord is King for ever and ever; the nations are gone from his land.|en
234|10|17|17|耶和華啊，謙卑人的心願，你早已知道（原文是聽見）。你必預備他們的心，也必側耳聽他們的祈求，|zh
235|10|17|17|Lord, you have given ear to the prayer of the poor: you will make strong their hearts, you will give them a hearing:|en
236|10|18|18|為要給孤兒和受欺壓的人伸冤，使強橫的人不再威嚇他們。|zh
237|10|18|18|To give decision for the child without a father and for the broken-hearted, so that the man of the earth may no longer be feared.|en
238|11|1|1|（大衛的詩，交與伶長。）我是投靠耶和華；你們怎麼對我說：你當像鳥飛往你的山去。|zh
239|11|1|1|- For the chief music-maker. Of David. - In the Lord put I my faith; how will you say to my soul, Go in flight like a bird to the mountain?|en
240|11|2|2|看哪，惡人彎弓，把箭搭在弦上，要在暗中射那心裡正直的人。|zh
241|11|2|2|See, the bows of the evil-doers are bent, they make ready their arrows on the cord, so that they may send them secretly against the upright in heart.|en
242|11|3|3|根基若毀壞，義人還能做甚麼呢？|zh
243|11|3|3|If the bases are broken down, what is the upright man to do?|en
244|11|4|4|耶和華在他的聖殿裡；耶和華的寶座在天上；他的慧眼察看世人。|zh
245|11|4|4|The Lord is in his holy Temple, the Lord's seat is in heaven; his eyes are watching and testing the children of men.|en
246|11|5|5|耶和華試驗義人；惟有惡人和喜愛強暴的人，他心裡恨惡。|zh
247|11|5|5|The Lord puts the upright and the sinner to the test, but he has hate in his soul for the lover of violent acts.|en
248|11|6|6|他要向惡人密布網羅；有烈火、硫磺、熱風，作他們杯中的分。|zh
249|11|6|6|On the evil-doer he will send down fire and flames, and a burning wind; with these will their cup be full.|en
250|11|7|7|因為耶和華是公義的，他喜愛公義；正直人必得見他的面。|zh
251|11|7|7|For the Lord is upright; he is a lover of righteousness: the upright will see his face.|en
252|12|1|1|（大衛的詩，交與伶長。調用第八。）耶和華啊，求你幫助，因虔誠人斷絕了；世人中間的忠信人沒有了。|zh
253|12|1|1|- For the chief music-maker on the Sheminith. A Psalm. Of David. - Send help, Lord, for mercy has come to an end; there is no more faith among the children of men.|en
254|12|2|2|人人向鄰舍說謊；他們說話，是嘴唇油滑，心口不一。|zh
255|12|2|2|Everyone says false words to his neighbour: their tongues are smooth in their talk, and their hearts are full of deceit.|en
256|12|3|3|凡油滑的嘴唇和誇大的舌頭，耶和華必要剪除。|zh
257|12|3|3|The smooth lips and the tongue of pride will be cut off by the Lord.|en
258|12|4|4|他們曾說：我們必能以舌頭得勝；我們的嘴唇是我們自己的，誰能作我們的主呢？|zh
259|12|4|4|They have said, With our tongues will we overcome; our lips are ours: who is lord over us?|en
260|12|5|5|耶和華說：因為困苦人的冤屈和貧窮人的歎息，我現在要起來，把他安置在他所切慕的穩妥之地。|zh
261|12|5|5|Because of the crushing of the poor and the weeping of those in need, now will I come to his help, says the Lord; I will give him the salvation which he is desiring.|en
262|12|6|6|耶和華的言語是純淨的言語，如同銀子在泥爐中煉過七次。|zh
263|12|6|6|The words of the Lord are true words: like silver tested by fire and burned clean seven times.|en
264|12|7|7|耶和華啊，你必保護他們；你必保佑他們永遠脫離這世代的人。|zh
265|12|7|7|You will keep them, O Lord, you will keep them safe from this generation for ever.|en
266|12|8|8|下流人在世人中升高，就有惡人到處遊行。|zh
267|12|8|8|The sinners are walking on every side, and evil is honoured among the children of men.|en
268|13|1|1|（大衛的詩，交與伶長。）耶和華啊，你忘記我要到幾時呢？要到永遠麼？你掩面不顧我要到幾時呢？|zh
269|13|1|1|- To the chief music-maker. A Psalm. Of David. - Will you for ever put me out of your memory, O Lord? will your face for ever be turned away from me?|en
270|13|2|2|我心裡籌算，終日愁苦，要到幾時呢？我的仇敵升高壓制我，要到幾時呢？|zh
271|13|2|2|How long is my soul to be in doubt, with sorrow in my heart all the day? how long will he who is against me be given power over me?|en
272|13|3|3|耶和華─我的神啊，求你看顧我，應允我！使我眼目光明，免得我沉睡至死；|zh
273|13|3|3|Let my voice come before you, and give me an answer, O Lord my God; let your light be shining on me, so that the sleep of death may not overtake me;|en
274|13|4|4|免得我的仇敵說：我勝了他；免得我的敵人在我搖動的時候喜樂。|zh
275|13|4|4|And he who is against me may not say, I have overcome him; and those who are troubling me may not be glad when I am moved.|en
276|13|5|5|但我倚靠你的慈愛；我的心因你的救恩快樂。|zh
277|13|5|5|But I have had faith in your mercy; my heart will be glad in your salvation.|en
278|13|6|6|我要向耶和華歌唱，因他用厚恩待我。|zh
279|13|6|6|I will make a song to the Lord, because he has given me my reward.|en
280|14|1|1|（大衛的詩，交與伶長。）愚頑人心裡說：沒有神。他們都是邪惡，行了可憎惡的事；沒有一個人行善。|zh
281|14|1|1|- To the chief music-maker. Of David. - The foolish man has said in his heart, God will not do anything. They are unclean, they have done evil works; there is not one who does good.|en
282|14|2|2|耶和華從天上垂看世人，要看有明白的沒有，有尋求神的沒有。|zh
283|14|2|2|The Lord was looking down from heaven on the children of men, to see if there were any who had wisdom, searching after God.|en
284|14|3|3|他們都偏離正路，一同變為污穢；並沒有行善的，連一個也沒有。|zh
285|14|3|3|They have all gone out of the way together; they are unclean, there is not one who does good, no, not one.|en
286|14|4|4|作孽的都沒有知識麼？他們吞吃我的百姓，如同吃飯一樣，並不求告耶和華。|zh
287|14|4|4|Have all the workers of evil no knowledge? they take my people for food as they would take bread; they make no prayer to the Lord.|en
288|14|5|5|他們在那裡大大地害怕，因為神在義人的族類中。|zh
289|14|5|5|Then were they in great fear: for God is in the generation of the upright.|en
290|14|6|6|你們叫困苦人的謀算變為羞辱；然而耶和華是他的避難所。|zh
291|14|6|6|You have put to shame the thoughts of the poor, but the Lord is his support.|en
292|14|7|7|但願以色列的救恩從錫安而出。耶和華救回他被擄的子民那時，雅各要快樂，以色列要歡喜。|zh
293|14|7|7|May the salvation of Israel come out of Zion! when the fate of his people is changed by the Lord, Jacob will have joy and Israel will be glad.|en
294|15|1|1|（大衛的詩。）耶和華啊，誰能寄居你的帳幕？誰能住在你的聖山？|zh
295|15|1|1|- A Psalm. Of David. - Lord, who may have a resting-place in your tent, a living-place on your holy hill?|en
296|15|2|2|就是行為正直、做事公義、心裡說實話的人。|zh
297|15|2|2|He who goes on his way uprightly, doing righteousness, and saying what is true in his heart;|en
298|15|3|3|他不以舌頭讒謗人，不惡待朋友，也不隨夥毀謗鄰里。|zh
299|15|3|3|Whose tongue is not false, who does no evil to his friend, and does not take away the good name of his neighbour;|en
300|15|4|4|他眼中藐視匪類，卻尊重那敬畏耶和華的人。他發了誓，雖然自己吃虧也不更改。|zh
301|15|4|4|Who gives honour to those who have the fear of the Lord, turning away from him who has not the Lord's approval. He who takes an oath against himself, and makes no change.|en
302|15|5|5|他不放債取利，不受賄賂以害無辜。行這些事的人必永不動搖。|zh
303|15|5|5|He who does not put out his money at interest, or for payment give false decisions against men who have done no wrong. He who does these things will never be moved.|en
304|16|1|1|（大衛的金詩。）神啊，求你保佑我，因為我投靠你。|zh
305|16|1|1|- Michtam. Of David. - Keep me safe, O God: for in you I have put my faith.|en
306|16|2|2|我的心哪，你曾對耶和華說：你是我的主；我的好處不在你以外。|zh
307|16|2|2|O my soul, you have said to the Lord, You are my Lord: I have no good but you.|en
308|16|3|3|論到世上的聖民，他們又美又善，是我最喜悅的。|zh
309|16|3|3|As for the saints who are in the earth, they are the noble in whom is all my delight.|en
310|16|4|4|以別神代替耶和華的（或譯：送禮物給別　神的），他們的愁苦必加增；他們所澆奠的血我不獻上；我嘴唇也不提別　神的名號。|zh
311|16|4|4|Their sorrows will be increased who go after another god: I will not take drink offerings from their hands, or take their names on my lips.|en
312|16|5|5|耶和華是我的產業，是我杯中的分；我所得的，你為我持守。|zh
313|16|5|5|The Lord is my heritage and the wine of my cup; you are the supporter of my right.|en
314|16|6|6|用繩量給我的地界，坐落在佳美之處；我的產業實在美好。|zh
315|16|6|6|Fair are the places marked out for me; I have a noble heritage.|en
316|16|7|7|我必稱頌那指教我的耶和華；我的心腸在夜間也警戒我。|zh
317|16|7|7|I will give praise to the Lord who has been my guide; knowledge comes to me from my thoughts in the night.|en
318|16|8|8|我將耶和華常擺在我面前，因他在我右邊，我便不致搖動。|zh
319|16|8|8|I have put the Lord before me at all times; because he is at my right hand, I will not be moved.|en
320|16|9|9|因此，我的心歡喜，我的靈（原文是榮耀）快樂；我的肉身也要安然居住。|zh
321|16|9|9|Because of this my heart is glad, and my glory is full of joy: while my flesh takes its rest in hope.|en
322|16|10|10|因為你必不將我的靈魂撇在陰間，也不叫你的聖者見朽壞。|zh
323|16|10|10|For you will not let my soul be prisoned in the underworld; you will not let your loved one see the place of death.|en
324|16|11|11|你必將生命的道路指示我。在你面前有滿足的喜樂；在你右手中有永遠的福樂。|zh
325|16|11|11|You will make clear to me the way of life; where you are joy is complete; in your right hand there are pleasures for ever and ever.|en
326|17|1|1|（大衛的祈禱。）耶和華啊，求你聽聞公義，側耳聽我的呼籲！求你留心聽我這不出於詭詐嘴唇的祈禱！|zh
327|17|1|1|- A Prayer. Of David. - Let my cause come to your ears, O Lord, give attention to my cry; give ear to my prayer which goes not out from false lips.|en
328|17|2|2|願我的判語從你面前發出；願你的眼睛觀看公正。|zh
329|17|2|2|Be my judge; for your eyes see what is right.|en
330|17|3|3|你已經試驗我的心；你在夜間鑒察我；你熬煉我，卻找不著甚麼；我立志叫我口中沒有過失。|zh
331|17|3|3|You have put my heart to the test, searching me in the night; you have put me to the test and seen no evil purpose in me; I will keep my mouth from sin.|en
332|17|4|4|論到人的行為，我藉著你嘴唇的言語自己謹守，不行強暴人的道路。|zh
333|17|4|4|As for the works of men, by the word of your lips I have kept myself from the ways of the violent.|en
334|17|5|5|我的腳踏定了你的路徑；我的兩腳未曾滑跌。|zh
335|17|5|5|I have kept my feet in your ways, my steps have not been turned away.|en
336|17|6|6|神啊，我曾求告你，因為你必應允我；求你向我側耳，聽我的言語。|zh
337|17|6|6|My cry has gone up to you, for you will give me an answer, O God: let your ear be turned to me, and give attention to my words.|en
338|17|7|7|求你顯出你奇妙的慈愛來；你是那用右手拯救投靠你的脫離起來攻擊他們的人。|zh
339|17|7|7|Make clear the wonder of your mercy, O saviour of those who put their faith in your right hand, from those who come out against them.|en
340|17|8|8|求你保護我，如同保護眼中的瞳人；將我隱藏在你翅膀的蔭下，|zh
341|17|8|8|Keep me as the light of your eyes, covering me with the shade of your wings,|en
342|17|9|9|使我脫離那欺壓我的惡人，就是圍困我要害我命的仇敵。|zh
343|17|9|9|From the evil-doers who are violent to me, and from those who are round me, desiring my death.|en
344|17|10|10|他們的心被脂油包裹；他們用口說驕傲的話。|zh
345|17|10|10|They are shut up in their fat: with their mouths they say words of pride.|en
346|17|11|11|他們圍困了我們的腳步；他們瞪著眼，要把我們推倒在地。|zh
347|17|11|11|They have made a circle round our steps: their eyes are fixed on us, forcing us down to the earth;|en
348|17|12|12|他像獅子急要抓食，又像少壯獅子蹲伏在暗處。|zh
349|17|12|12|Like a lion desiring its food, and like a young lion waiting in secret places.|en
350|17|13|13|耶和華啊，求你起來，前去迎敵，將他打倒！用你的刀救護我命脫離惡人。|zh
351|17|13|13|Up! Lord, come out against him, make him low, with your sword be my saviour from the evil-doer.|en
352|17|14|14|耶和華啊，求你用手救我脫離世人，脫離那只在今生有福分的世人！你把你的財寶充滿他們的肚腹；他們因有兒女就心滿意足，將其餘的財物留給他們的嬰孩。|zh
353|17|14|14|With your hand, O Lord, from men, even men of the world, whose heritage is in this life, and whom you make full with your secret wealth: they are full of children; after their death their offspring take the rest of their goods.|en
354|17|15|15|至於我，我必在義中見你的面；我醒了的時候，得見（或譯：著）你的形像就心滿意足了。|zh
355|17|15|15|As for me, I will see your face in righteousness: when I am awake it will be joy enough for me to see your form.|en
356|18|1|1|（耶和華的僕人大衛的詩，交與伶長。當耶和華救他脫離一切仇敵和掃羅之手的日子，他向耶和華念這詩的話。說：）耶和華，我的力量啊，我愛你！|zh
357|18|1|1|- To the chief music-maker. Of the servant of the Lord, of David, who said the words of this song to the Lord on the day when the Lord made him free from the hand of all his haters, and from the hand of Saul; and he said, - I will give you my love, O Lord, my strength.|en
358|18|2|2|耶和華是我的巖石，我的山寨，我的救主，我的神，我的磐石，我所投靠的。他是我的盾牌，是拯救我的角，是我的高臺。|zh
359|18|2|2|The Lord is my Rock, my walled town, and my saviour; my God, my Rock, in him will I put my faith; my breastplate, and the horn of my salvation, and my high tower.|en
360|18|3|3|我要求告當讚美的耶和華；這樣我必從仇敵手中被救出來。|zh
361|18|3|3|I will send up my cry to the Lord, who is to be praised; so will I be made safe from those who are against me.|en
362|18|4|4|曾有死亡的繩索纏繞我，匪類的急流使我驚懼，|zh
363|18|4|4|The cords of death were round me, and the seas of evil put me in fear.|en
364|18|5|5|陰間的繩索纏繞我，死亡的網羅臨到我。|zh
365|18|5|5|The cords of hell were round me: the nets of death came on me.|en
366|18|6|6|我在急難中求告耶和華，向我的神呼求。他從殿中聽了我的聲音；我在他面前的呼求入了他的耳中。|zh
367|18|6|6|In my trouble my voice went up to the Lord, and my cry to my God: my voice came to his hearing in his holy Temple, and my prayer came before him, even into his ears.|en
368|18|7|7|那時，因他發怒，地就搖撼戰抖；山的根基也震動搖撼。|zh
369|18|7|7|Then trouble and shock came on the earth; and the bases of the mountains were moved and shaking, because he was angry.|en
370|18|8|8|從他鼻孔冒煙上騰；從他口中發火焚燒，連炭也著了。|zh
371|18|8|8|There went up a smoke from his nose, and a fire of destruction from his mouth: flames were lighted by it.|en
372|18|9|9|他又使天下垂，親自降臨，有黑雲在他腳下。|zh
373|18|9|9|The heavens were bent, so that he might come down; and it was dark under his feet.|en
374|18|10|10|他坐著基路伯飛行；他藉著風的翅膀快飛。|zh
375|18|10|10|And he went in flight through the air, seated on a storm-cloud: going quickly on the wings of the wind.|en
376|18|11|11|他以黑暗為藏身之處，以水的黑暗、天空的厚雲為他四圍的行宮。|zh
377|18|11|11|He made the dark his secret place; his tent round him was the dark waters and thick clouds of the skies.|en
378|18|12|12|因他面前的光輝，他的厚雲行過便有冰雹火炭。|zh
379|18|12|12|Before his shining light his dark clouds went past, raining ice and fire.|en
380|18|13|13|耶和華也在天上打雷；至高者發出聲音便有冰雹火炭。|zh
381|18|13|13|The Lord made thunder in the heavens, and the voice of the Highest was sounding out: a rain of ice and fire.|en
382|18|14|14|他射出箭來，使仇敵四散；多多發出閃電，使他們擾亂。|zh
383|18|14|14|He sent out his arrows, driving them in all directions; by his flames of fire they were troubled.|en
384|18|15|15|耶和華啊，你的斥責一發，你鼻孔的氣一出，海底就出現，大地的根基也顯露。|zh
385|18|15|15|Then the deep beds of the waters were seen, and the bases of the world were uncovered, because of your words of wrath, O Lord, because of the breath from your mouth.|en
386|18|16|16|他從高天伸手抓住我，把我從大水中拉上來。|zh
387|18|16|16|He sent from on high, he took me, pulling me out of great waters.|en
388|18|17|17|他救我脫離我的勁敵和那些恨我的人，因為他們比我強盛。|zh
389|18|17|17|He made me free from my strong hater, and from those who were against me, because they were stronger than I.|en
390|18|18|18|我遭遇災難的日子，他們來攻擊我；但耶和華是我的倚靠。|zh
391|18|18|18|They came on me in the day of my trouble; but the Lord was my support.|en
392|18|19|19|他又領我到寬闊之處；他救拔我，因他喜悅我。|zh
393|18|19|19|He took me out into a wide place; he was my saviour because he had delight in me.|en
394|18|20|20|耶和華按著我的公義報答我，按著我手中的清潔賞賜我。|zh
395|18|20|20|The Lord gives me the reward of my righteousness, because my hands are clean before him.|en
396|18|21|21|因為我遵守了耶和華的道，未曾作惡離開我的神。|zh
397|18|21|21|For I have kept the ways of the Lord; I have not been turned away in sin from my God.|en
398|18|22|22|他的一切典章常在我面前；他的律例我也未曾丟棄。|zh
399|18|22|22|For all his decisions were before me, and I did not put away his laws from me.|en
400|18|23|23|我在他面前作了完全人；我也保守自己遠離我的罪孽。|zh
401|18|23|23|And I was upright before him, and I kept myself from sin.|en
402|18|24|24|所以，耶和華按我的公義，按我在他眼前手中的清潔償還我。|zh
403|18|24|24|Because of this the Lord has given me the reward of my righteousness, because my hands are clean in his eyes.|en
404|18|25|25|慈愛的人，你以慈愛待他；完全的人，你以完全待他。|zh
405|18|25|25|On him who has mercy you will have mercy; to the upright you will be upright;|en
406|18|26|26|清潔的人，你以清潔待他；乖僻的人，你以彎曲待他。|zh
407|18|26|26|He who is holy will see that you are holy; but to the man whose way is not straight you will be a hard judge.|en
408|18|27|27|困苦的百姓，你必拯救；高傲的眼目，你必使他降卑。|zh
409|18|27|27|For you are the saviour of those who are in trouble; but eyes full of pride will be made low.|en
410|18|28|28|你必點著我的燈；耶和華─我的神必照明我的黑暗。|zh
411|18|28|28|You, O Lord, will be my light; by you, my God, the dark will be made bright for me.|en
412|18|29|29|我藉著你衝入敵軍，藉著我的神跳過牆垣。|zh
413|18|29|29|By your help I have made a way through the wall which was shutting me in; by the help of my God I have gone over a wall.|en
414|18|30|30|至於神，他的道是完全的；耶和華的話是煉淨的。凡投靠他的，他便作他們的盾牌。|zh
415|18|30|30|As for God, his way is completely good; the word of the Lord is tested; he is a breastplate for all those who put their faith in him.|en
416|18|31|31|除了耶和華，誰是神呢？除了我們的　神，誰是磐石呢？|zh
417|18|31|31|For who is God but the Lord? or who is a Rock but our God?|en
418|18|32|32|惟有那以力量束我的腰、使我行為完全的，他是神。|zh
419|18|32|32|God puts a strong band about me, guiding me in a straight way.|en
420|18|33|33|他使我的腳快如母鹿的蹄，又使我在高處安穩。|zh
421|18|33|33|He makes my feet like roes' feet, and puts me on high places.|en
422|18|34|34|他教導我的手能以爭戰，甚至我的膀臂能開銅弓。|zh
423|18|34|34|He makes my hands expert in war, so that a bow of brass is bent by my arms.|en
424|18|35|35|你把你的救恩給我作盾牌；你的右手扶持我；你的溫和使我為大。|zh
425|18|35|35|You have given me the breastplate of your salvation: your right hand has been my support, and your mercy has made me great.|en
426|18|36|36|你使我腳下的地步寬闊；我的腳未曾滑跌。|zh
427|18|36|36|You have made my steps wide under me, so that my feet are kept from slipping.|en
428|18|37|37|我要追趕我的仇敵，並要追上他們；不將他們滅絕，我總不歸回。|zh
429|18|37|37|I go after my haters and overtake them; not turning back till they are all overcome.|en
430|18|38|38|我要打傷他們，使他們不能起來；他們必倒在我的腳下。|zh
431|18|38|38|I will give them wounds, so that they are not able to get up: they are stretched under my feet.|en
432|18|39|39|因為你曾以力量束我的腰，使我能爭戰；你也使那起來攻擊我的都服在我以下。|zh
433|18|39|39|For I have been armed by you with strength for the fight: you have made low under me those who come out against me.|en
434|18|40|40|你又使我的仇敵在我面前轉背逃跑，叫我能以剪除那恨我的人。|zh
435|18|40|40|By you their backs are turned in flight, so that my haters are cut off.|en
436|18|41|41|他們呼求，卻無人拯救；就是呼求耶和華，他也不應允。|zh
437|18|41|41|They were crying out, but there was no one to come to their help: even to the Lord, but he gave them no answer.|en
438|18|42|42|我搗碎他們，如同風前的灰塵，倒出他們，如同街上的泥土。|zh
439|18|42|42|Then they were crushed as small as dust before the wind; they were drained out like the waste of the streets.|en
440|18|43|43|你救我脫離百姓的爭競，立我作列國的元首；我素不認識的民必事奉我。|zh
441|18|43|43|You have made me free from the fightings of the people; you have made me the head of the nations: a people of whom I had no knowledge will be my servants.|en
442|18|44|44|他們一聽見我的名聲就必順從我；外邦人要投降我。|zh
443|18|44|44|From the time when my name comes to their ears they will be ruled by me: men of other countries will, with false hearts, put themselves under my authority.|en
444|18|45|45|外邦人要衰殘，戰戰兢兢地出他們的營寨。|zh
445|18|45|45|They will be wasting away, they will come out of their secret places shaking with fear.|en
446|18|46|46|耶和華是活神。願我的磐石被人稱頌；願救我的神被人尊崇。|zh
447|18|46|46|The Lord is living; praise be to my Rock, and let the God of my salvation be honoured.|en
448|18|47|47|這位神，就是那為我伸冤、使眾民服在我以下的。|zh
449|18|47|47|It is God who sends punishment on my haters, and puts peoples under my rule.|en
450|18|48|48|你救我脫離仇敵，又把我舉起，高過那些起來攻擊我的；你救我脫離強暴的人。|zh
451|18|48|48|He makes me free from my haters; I am lifted up over those who come up against me: you have made me free from the violent man.|en
452|18|49|49|耶和華啊，因此我要在外邦中稱謝你，歌頌你的名。|zh
453|18|49|49|Because of this I will give you praise, O Lord, among the nations, and will make a song of praise to your name.|en
454|18|50|50|耶和華賜極大的救恩給他所立的王，施慈愛給他的受膏者，就是給大衛和他的後裔，直到永遠。|zh
455|18|50|50|Great salvation does he give to his king; he has mercy on the king of his selection, David, and on his seed for ever.|en
456|19|1|1|（大衛的詩，交與伶長。）諸天述說神的榮耀；穹蒼傳揚他的手段。|zh
457|19|1|1|- To the chief music-maker. A Psalm. Of David. - The heavens are sounding the glory of God; the arch of the sky makes clear the work of his hands.|en
458|19|2|2|這日到那日發出言語；這夜到那夜傳出知識。|zh
459|19|2|2|Day after day it sends out its word, and night after night it gives knowledge.|en
460|19|3|3|無言無語，也無聲音可聽。|zh
461|19|3|3|There are no words or language; their voice makes no sound.|en
462|19|4|4|他的量帶通遍天下，他的言語傳到地極。神在其間為太陽安設帳幕；|zh
463|19|4|4|Their line has gone out through all the earth, and their words to the end of the world. In them has he put a tent for the sun,|en
464|19|5|5|太陽如同新郎出洞房，又如勇士歡然奔路。|zh
465|19|5|5|Who is like a newly married man coming from his bride-tent, and is glad like a strong runner starting on his way.|en
466|19|6|6|他從天這邊出來，繞到天那邊，沒有一物被隱藏不得他的熱氣。|zh
467|19|6|6|His going out is from the end of the heaven, and his circle to the ends of it; there is nothing which is not open to his heat.|en
468|19|7|7|耶和華的律法全備，能甦醒人心；耶和華的法度確定，能使愚人有智慧。|zh
469|19|7|7|The law of the Lord is good, giving new life to the soul: the witness of the Lord is certain, giving wisdom to the foolish.|en
470|19|8|8|耶和華的訓詞正直，能快活人的心；耶和華的命令清潔，能明亮人的眼目。|zh
471|19|8|8|The orders of the Lord are right, making glad the heart: the rule of the Lord is holy, giving light to the eyes.|en
472|19|9|9|耶和華的道理潔淨，存到永遠；耶和華的典章真實，全然公義─|zh
473|19|9|9|The fear of the Lord is clean, and has no end; the decisions of the Lord are true and full of righteousness.|en
474|19|10|10|都比金子可羨慕，且比極多的精金可羨慕；比蜜甘甜，且比蜂房下滴的蜜甘甜。|zh
475|19|10|10|More to be desired are they than gold, even than much shining gold; sweeter than the dropping honey.|en
476|19|11|11|況且你的僕人因此受警戒，守著這些便有大賞。|zh
477|19|11|11|By them is your servant made conscious of danger, and in keeping them there is great reward.|en
478|19|12|12|誰能知道自己的錯失呢？願你赦免我隱而未現的過錯。|zh
479|19|12|12|Who has full knowledge of his errors? make me clean from secret evil.|en
480|19|13|13|求你攔阻僕人不犯任意妄為的罪，不容這罪轄制我，我便完全，免犯大罪。|zh
481|19|13|13|Keep your servant back from sins of pride; let them not have rule over me: then will I be upright and free from great sin.|en
482|19|14|14|耶和華─我的磐石，我的救贖主啊，願我口中的言語、心裡的意念在你面前蒙悅納。|zh
483|19|14|14|Let the words of my mouth and the thoughts of my heart be pleasing in your eyes, O Lord, my strength and my salvation.|en
484|20|1|1|（大衛的詩，交與伶長。）願耶和華在你遭難的日子應允你；願名為雅各神的高舉你。|zh
485|20|1|1|- To the chief music-maker. A Psalm. Of David. - May the Lord give ear to you in the day of trouble; may you be placed on high by the name of the God of Jacob;|en
486|20|2|2|願他從聖所救助你，從錫安堅固你，|zh
487|20|2|2|May he send you help from the holy place, and give you strength from Zion;|en
488|20|3|3|記念你的一切供獻，悅納你的燔祭，（細拉）|zh
489|20|3|3|May he keep all your offerings in mind, and be pleased with the fat of your burned offerings; (Selah.)|en
490|20|4|4|將你心所願的賜給你，成就你的一切籌算。|zh
491|20|4|4|May he give you your heart's desire, and put all your purposes into effect.|en
492|20|5|5|我們要因你的救恩誇勝，要奉我們神的名豎立旌旗。願耶和華成就你一切所求的！|zh
493|20|5|5|We will be glad in your salvation, and in the name of our God we will put up our flags: may the Lord give you all your requests.|en
494|20|6|6|現在我知道耶和華救護他的受膏者，必從他的聖天上應允他，用右手的能力救護他。|zh
495|20|6|6|Now am I certain that the Lord gives salvation to his king; he will give him an answer from his holy heaven with the strength of salvation in his right hand.|en
496|20|7|7|有人靠車，有人靠馬，但我們要提到耶和華─我們神的名。|zh
497|20|7|7|Some put their faith in carriages and some in horses; but we will be strong in the name of the Lord our God.|en
498|20|8|8|他們都屈身仆倒，我們卻起來，立得正直。|zh
499|20|8|8|They are bent down and made low; but we have been lifted up.|en
500|20|9|9|求耶和華施行拯救；我們呼求的時候，願王應允我們！|zh
501|20|9|9|Come to our help, Lord: let the king give ear to our cry.|en
502|21|1|1|（大衛的詩，交與伶長。）耶和華啊，王必因你的能力歡喜；因你的救恩，他的快樂何其大！|zh
503|21|1|1|- To the chief music-maker. A Psalm. Of David. - The king will be glad in your strength, O Lord; how great will be his delight in your salvation!|en
504|21|2|2|他心裡所願的，你已經賜給他；他嘴唇所求的，你未嘗不應允。（細拉）|zh
505|21|2|2|You have given him his heart's desire, and have not kept back the request of his lips. (Selah.)|en
506|21|3|3|你以美福迎接他，把精金的冠冕戴在他頭上。|zh
507|21|3|3|For you go before him with the blessings of good things: you put a crown of fair gold on his head.|en
508|21|4|4|他向你求壽，你便賜給他，就是日子長久，直到永遠。|zh
509|21|4|4|He made request to you for life, and you gave it to him, long life for ever and ever.|en
510|21|5|5|他因你的救恩大有榮耀；你又將尊榮威嚴加在他身上。|zh
511|21|5|5|His glory is great in your salvation: honour and authority have you put on him.|en
512|21|6|6|你使他有洪福，直到永遠，又使他在你面前歡喜快樂。|zh
513|21|6|6|For you have made him a blessing for ever: you have given him joy in the light of your face.|en
514|21|7|7|王倚靠耶和華，因至高者的慈愛必不搖動。|zh
515|21|7|7|For the king has faith in the Lord, and through the mercy of the Most High he will not be moved.|en
516|21|8|8|你的手要搜出你的一切仇敵；你的右手要搜出那些恨你的人。|zh
517|21|8|8|Your hand will make a search for all your haters; your right hand will be hard on all those who are against you.|en
518|21|9|9|你發怒的時候，要使他們如在炎熱的火爐中。耶和華要在他的震怒中吞滅他們；那火要把他們燒盡了。|zh
519|21|9|9|You will make them like a flaming oven before you; the Lord in his wrath will put an end to them, and they will be burned up in the fire.|en
520|21|10|10|你必從世上滅絕他們的子孫（原文是果子），從人間滅絕他們的後裔。|zh
521|21|10|10|Their fruit will be cut off from the earth, and their seed from among the children of men.|en
522|21|11|11|因為他們有意加害於你；他們想出計謀，卻不能做成。|zh
523|21|11|11|For their thoughts were bitter against you: they had an evil design in their minds, which they were not able to put into effect.|en
524|21|12|12|你必使他們轉背逃跑，向他們的臉搭箭在弦。|zh
525|21|12|12|Their backs will be turned when you make ready the cords of your bow against their faces.|en
526|21|13|13|耶和華啊，願你因自己的能力顯為至高！這樣，我們就唱詩，歌頌你的大能。|zh
527|21|13|13|Be lifted up, O Lord, in your strength; so will we make songs in praise of your power.|en
528|22|1|1|（大衛的詩，交與伶長。調用朝鹿。）我的神，我的神！為甚麼離棄我？為甚麼遠離不救我？不聽我唉哼的言語？|zh
529|22|1|1|- To the chief music-maker on Aijeleth-hash-shahar. A Psalm. Of David. - My God, my God, why are you turned away from me? why are you so far from helping me, and from the words of my crying?|en
530|22|2|2|我的神啊，我白日呼求，你不應允，夜間呼求，並不住聲。|zh
531|22|2|2|O my God, I make my cry in the day, and you give no answer; and in the night, and have no rest.|en
532|22|3|3|但你是聖潔的，是用以色列的讚美為寶座（或譯：居所）的。|zh
533|22|3|3|But you are holy, O you who are seated among the praises of Israel.|en
534|22|4|4|我們的祖宗倚靠你；他們倚靠你，你便解救他們。|zh
535|22|4|4|Our fathers had faith in you: they had faith and you were their saviour.|en
536|22|5|5|他們哀求你，便蒙解救；他們倚靠你，就不羞愧。|zh
537|22|5|5|They sent up their cry to you and were made free: they put their faith in you and were not put to shame.|en
538|22|6|6|但我是蟲，不是人，被眾人羞辱，被百姓藐視。|zh
539|22|6|6|But I am a worm and not a man; cursed by men, and looked down on by the people.|en
540|22|7|7|凡看見我的都嗤笑我；他們撇嘴搖頭，說：|zh
541|22|7|7|I am laughed at by all those who see me: pushing out their lips and shaking their heads they say,|en
542|22|8|8|他把自己交託耶和華，耶和華可以救他罷！耶和華既喜悅他，可以搭救他罷！|zh
543|22|8|8|He put his faith in the Lord; let the Lord be his saviour now: let the Lord be his saviour, because he had delight in him.|en
544|22|9|9|但你是叫我出母腹的；我在母懷裡，你就使我有倚靠的心。|zh
545|22|9|9|But it was you who took care of me from the day of my birth: you gave me faith even from my mother's breasts.|en
546|22|10|10|我自出母胎就被交在你手裡；從我母親生我，你就是我的神。|zh
547|22|10|10|I was in your hands even before my birth; you are my God from the time when I was in my mother's body.|en
548|22|11|11|求你不要遠離我！因為急難臨近了，沒有人幫助我。|zh
549|22|11|11|Be not far from me, for trouble is near; there is no one to give help.|en
550|22|12|12|有許多公牛圍繞我，巴珊大力的公牛四面困住我。|zh
551|22|12|12|A great herd of oxen is round me: I am shut in by the strong oxen of Bashan.|en
552|22|13|13|他們向我張口，好像抓撕吼叫的獅子。|zh
553|22|13|13|I saw their mouths wide open, like lions crying after food.|en
554|22|14|14|我如水被倒出來；我的骨頭都脫了節；我心在我裡面如蠟鎔化。|zh
555|22|14|14|I am flowing away like water, and all my bones are out of place: my heart is like wax, it has become soft in my body.|en
556|22|15|15|我的精力枯乾，如同瓦片；我的舌頭貼在我牙床上。你將我安置在死地的塵土中。|zh
557|22|15|15|My throat is dry like a broken vessel; my tongue is fixed to the roof of my mouth, and the dust of death is on my lips.|en
558|22|16|16|犬類圍著我，惡黨環繞我；他們扎了我的手，我的腳。|zh
559|22|16|16|Dogs have come round me: I am shut in by the band of evil-doers; they made wounds in my hands and feet.|en
560|22|17|17|我的骨頭，我都能數過；他們瞪著眼看我。|zh
561|22|17|17|I am able to see all my bones; their looks are fixed on me:|en
562|22|18|18|他們分我的外衣，為我的裡衣拈鬮。|zh
563|22|18|18|They make a division of my robes among them, by the decision of chance they take my clothing.|en
564|22|19|19|耶和華啊，求你不要遠離我！我的救主啊，求你快來幫助我！|zh
565|22|19|19|Do not be far from me, O Lord: O my strength, come quickly to my help.|en
566|22|20|20|求你救我的靈魂脫離刀劍，救我的生命（生命：原文是獨一者）脫離犬類，|zh
567|22|20|20|Make my soul safe from the sword, my life from the power of the dog.|en
568|22|21|21|救我脫離獅子的口；你已經應允我，使我脫離野牛的角。|zh
569|22|21|21|Be my saviour from the lion's mouth; let me go free from the horns of the cruel oxen.|en
570|22|22|22|我要將你的名傳與我的弟兄，在會中我要讚美你。|zh
571|22|22|22|I will give the knowledge of your name to my brothers: I will give you praise among the people.|en
572|22|23|23|你們敬畏耶和華的人要讚美他！雅各的後裔都要榮耀他！以色列的後裔都要懼怕他！|zh
573|22|23|23|You who have fear of the Lord, give him praise; all you seed of Jacob, give him glory; go in fear of him, all you seed of Israel.|en
574|22|24|24|因為他沒有藐視憎惡受苦的人，也沒有向他掩面；那受苦之人呼籲的時候，他就垂聽。|zh
575|22|24|24|For he has not been unmoved by the pain of him who is troubled; or kept his face covered from him; but he has given an answer to his cry.|en
576|22|25|25|我在大會中讚美你的話是從你而來的；我要在敬畏耶和華的人面前還我的願。|zh
577|22|25|25|My praise will be of you in the great meeting: I will make my offerings before his worshippers.|en
578|22|26|26|謙卑的人必吃得飽足；尋求耶和華的人必讚美他。願你們的心永遠活著！|zh
579|22|26|26|The poor will have a feast of good things: those who make search for the Lord will give him praise: your heart will have life for ever.|en
580|22|27|27|地的四極都要想念耶和華，並且歸順他；列國的萬族都要在你面前敬拜。|zh
581|22|27|27|All the ends of the earth will keep it in mind and be turned to the Lord: all the families of the nations will give him worship.|en
582|22|28|28|因為國權是耶和華的；他是管理萬國的。|zh
583|22|28|28|For the kingdom is the Lord's; he is the ruler among the nations.|en
584|22|29|29|地上一切豐肥的人必吃喝而敬拜；凡下到塵土中─不能存活自己性命的人─都要在他面前下拜。|zh
585|22|29|29|All the fat ones of the earth will give him worship; all those who go down to the dust will make themselves low before him, even he who has not enough for the life of his soul.|en
586|22|30|30|他必有後裔事奉他；主所行的事必傳與後代。|zh
587|22|30|30|A seed will be his servant; the doings of the Lord will be made clear to the generation which comes after.|en
588|22|31|31|他們必來把他的公義傳給將要生的民，言明這事是他所行的。|zh
589|22|31|31|They will come and make his righteousness clear to a people of the future because he has done this.|en
590|23|1|1|（大衛的詩。）耶和華是我的牧者，我必不致缺乏。|zh
591|23|1|1|- A Psalm. Of David. - The Lord takes care of me as his sheep; I will not be without any good thing.|en
592|23|2|2|他使我躺臥在青草地上，領我在可安歇的水邊。|zh
593|23|2|2|He makes a resting-place for me in the green fields: he is my guide by the quiet waters.|en
594|23|3|3|他使我的靈魂甦醒，為自己的名引導我走義路。|zh
595|23|3|3|He gives new life to my soul: he is my guide in the ways of righteousness because of his name.|en
596|23|4|4|我雖然行過死蔭的幽谷，也不怕遭害，因為你與我同在；你的杖，你的竿，都安慰我。|zh
597|23|4|4|Yes, though I go through the valley of deep shade, I will have no fear of evil; for you are with me, your rod and your support are my comfort.|en
598|23|5|5|在我敵人面前，你為我擺設筵席；你用油膏了我的頭，使我的福杯滿溢。|zh
599|23|5|5|You make ready a table for me in front of my haters: you put oil on my head; my cup is overflowing.|en
600|23|6|6|我一生一世必有恩惠慈愛隨著我；我且要住在耶和華的殿中，直到永遠。|zh
601|23|6|6|Truly, blessing and mercy will be with me all the days of my life; and I will have a place in the house of the Lord all my days.|en
602|24|1|1|（大衛的詩。）地和其中所充滿的，世界和住在其間的，都屬耶和華。|zh
603|24|1|1|- A Psalm. Of David. - The earth is the Lord's, with all its wealth; the world and all the people living in it.|en
604|24|2|2|他把地建立在海上，安定在大水之上。|zh
605|24|2|2|For by him it was based on the seas, and made strong on the deep rivers.|en
606|24|3|3|誰能登耶和華的山？誰能站在他的聖所？|zh
607|24|3|3|Who may go up into the hill of the Lord? and who may come into his holy place?|en
608|24|4|4|就是手潔心清、不向虛妄、起誓不懷詭詐的人。|zh
609|24|4|4|He who has clean hands and a true heart; whose desire has not gone out to foolish things, who has not taken a false oath.|en
610|24|5|5|他必蒙耶和華賜福，又蒙救他的神使他成義。|zh
611|24|5|5|He will have blessing from the Lord, and righteousness from the God of his salvation.|en
612|24|6|6|這是尋求耶和華的族類，是尋求你面的雅各。（細拉）|zh
613|24|6|6|This is the generation of those whose hearts are turned to you, even to your face, O God of Jacob. (Selah.)|en
614|24|7|7|眾城門哪，你們要抬起頭來！永久的門戶，你們要被舉起！那榮耀的王將要進來！|zh
615|24|7|7|Let your heads be lifted up, O doors; be lifted up, O you eternal doors: that the King of glory may come in.|en
616|24|8|8|榮耀的王是誰呢？就是有力有能的耶和華，在戰場上有能的耶和華！|zh
617|24|8|8|Who is the King of glory? The Lord of strength and power, the Lord strong in war.|en
618|24|9|9|眾城門哪，你們要抬起頭來！永久的門戶，你們要把頭抬起！那榮耀的王將要進來！|zh
619|24|9|9|Let your heads be lifted up, O doors; let them be lifted up, O you eternal doors: that the King of glory may come in.|en
620|24|10|10|榮耀的王是誰呢？萬軍之耶和華，他是榮耀的王！（細拉）|zh
621|24|10|10|Who is the King of glory? The Lord of armies, he is the King of glory. (Selah.)|en
622|25|1|1|（大衛的詩。）耶和華啊，我的心仰望你。|zh
623|25|1|1|- Of David. - To you, O Lord, my soul is lifted up.|en
624|25|2|2|我的神啊，我素來倚靠你；求你不要叫我羞愧，不要叫我的仇敵向我誇勝。|zh
625|25|2|2|O my God, I have put my faith in you, let me not be shamed; let not my haters be glorying over me.|en
626|25|3|3|凡等候你的必不羞愧；惟有那無故行奸詐的必要羞愧。|zh
627|25|3|3|Let no servant of yours be put to shame; may those be shamed who are false without cause.|en
628|25|4|4|耶和華啊，求你將你的道指示我，將你的路教訓我！|zh
629|25|4|4|Make your steps clear to me, O Lord; give me knowledge of your ways.|en
630|25|5|5|求你以你的真理引導我，教訓我，因為你是救我的神。我終日等候你。|zh
631|25|5|5|Be my guide and teacher in the true way; for you are the God of my salvation; I am waiting for your word all the day.|en
632|25|6|6|耶和華啊，求你記念你的憐憫和慈愛，因為這是亙古以來所常有的。|zh
633|25|6|6|O Lord, keep in mind your pity and your mercies; for they have been from the earliest times.|en
634|25|7|7|求你不要記念我幼年的罪愆和我的過犯；耶和華啊，求你因你的恩惠，按你的慈愛記念我。|zh
635|25|7|7|Do not keep in mind my sins when I was young, or my wrongdoing: let your memory of me be full of mercy, O Lord, because of your righteousness.|en
636|25|8|8|耶和華是良善正直的，所以他必指示罪人走正路。|zh
637|25|8|8|Good and upright is the Lord: so he will be the teacher of sinners in the way.|en
638|25|9|9|他必按公平引領謙卑人，將他的道教訓他們。|zh
639|25|9|9|He will be an upright guide to the poor in spirit: he will make his way clear to them.|en
640|25|10|10|凡遵守他的約和他法度的人，耶和華都以慈愛誠實待他。|zh
641|25|10|10|All the ways of the Lord are mercy and good faith for those who keep his agreement and his witness.|en
642|25|11|11|耶和華啊，求你因你的名赦免我的罪，因為我的罪重大。|zh
643|25|11|11|Because of your name, O Lord, let me have forgiveness for my sin, which is very great.|en
644|25|12|12|誰敬畏耶和華，耶和華必指示他當選擇的道路。|zh
645|25|12|12|If a man has the fear of the Lord, the Lord will be his teacher in the way of his pleasure.|en
646|25|13|13|他必安然居住；他的後裔必承受地土。|zh
647|25|13|13|His soul will be full of good things, and his seed will have the earth for its heritage.|en
648|25|14|14|耶和華與敬畏他的人親密；他必將自己的約指示他們。|zh
649|25|14|14|The secret of the Lord is with those in whose hearts is the fear of him; he will make his agreement clear to them.|en
650|25|15|15|我的眼目時常仰望耶和華，因為他必將我的腳從網裡拉出來。|zh
651|25|15|15|My eyes are turned to the Lord at all times; for he will take my feet out of the net.|en
652|25|16|16|求你轉向我，憐恤我，因為我是孤獨困苦。|zh
653|25|16|16|Be turned to me, and have mercy on me; for I am troubled and have no helper.|en
654|25|17|17|我心裡的愁苦甚多，求你救我脫離我的禍患。|zh
655|25|17|17|The troubles of my heart are increased: O take me out of my sorrows.|en
656|25|18|18|求你看顧我的困苦，我的艱難，赦免我一切的罪。|zh
657|25|18|18|Give thought to my grief and my pain; and take away all my sins.|en
658|25|19|19|求你察看我的仇敵，因為他們人多，並且痛痛地恨我。|zh
659|25|19|19|See how those who are against me are increased, for bitter is their hate of me.|en
660|25|20|20|求你保護我的性命，搭救我，使我不致羞愧，因為我投靠你。|zh
661|25|20|20|O keep my soul, and take me out of danger: let me not be shamed, for I have put my faith in you.|en
662|25|21|21|願純全、正直保守我，因為我等候你。|zh
663|25|21|21|For my clean and upright ways keep me safe, because my hope is in you.|en
664|25|22|22|神啊，求你救贖以色列脫離他一切的愁苦。|zh
665|25|22|22|Give Israel salvation, O God, out of all his troubles.|en
666|26|1|1|（大衛的詩。）耶和華啊，求你為我伸冤，因我向來行事純全；我又倚靠耶和華，並不搖動。|zh
667|26|1|1|- Of David. - O Lord, be my judge, for my behaviour has been upright: I have put my faith in the Lord, I am not in danger of slipping.|en
668|26|2|2|耶和華啊，求你察看我，試驗我，熬煉我的肺腑心腸。|zh
669|26|2|2|Put me in the scales, O Lord, so that I may be tested; let the fire make clean my thoughts and my heart.|en
670|26|3|3|因為你的慈愛常在我眼前，我也按你的真理而行。|zh
671|26|3|3|For your mercy is before my eyes; and I have gone in the way of your good faith.|en
672|26|4|4|我沒有和虛謊人同坐，也不與瞞哄人的同群。|zh
673|26|4|4|I have not taken my seat with foolish persons, and I do not go with false men.|en
674|26|5|5|我恨惡惡人的會，必不與惡人同坐。|zh
675|26|5|5|I have been a hater of the band of wrongdoers, and I will not be seated among sinners.|en
676|26|6|6|耶和華啊，我要洗手表明無辜，才環繞你的祭壇；|zh
677|26|6|6|I will make my hands clean from sin; so will I go round your altar, O Lord;|en
678|26|7|7|我好發稱謝的聲音，也要述說你一切奇妙的作為。|zh
679|26|7|7|That I may give out the voice of praise, and make public all the wonders which you have done.|en
680|26|8|8|耶和華啊，我喜愛你所住的殿和你顯榮耀的居所。|zh
681|26|8|8|Lord, your house has been dear to me, and the resting-place of your glory.|en
682|26|9|9|不要把我的靈魂和罪人一同除掉；不要把我的性命和流人血的一同除掉。|zh
683|26|9|9|Let not my soul be numbered among sinners, or my life among men of blood;|en
684|26|10|10|他們的手中有奸惡，右手滿有賄賂。|zh
685|26|10|10|In whose hands are evil designs, and whose right hands take money for judging falsely.|en
686|26|11|11|至於我，卻要行事純全；求你救贖我，憐恤我！|zh
687|26|11|11|But as for me, I will go on in my upright ways: be my saviour, and have mercy on me.|en
688|26|12|12|我的腳站在平坦地方；在眾會中我要稱頌耶和華！|zh
689|26|12|12|I have a safe resting-place for my feet; I will give praise to the Lord in the meetings of the people.|en
690|27|1|1|（大衛的詩。）耶和華是我的亮光，是我的拯救，我還怕誰呢？耶和華是我性命的保障（或譯：力量），我還懼誰呢？|zh
691|27|1|1|- Of David. - The Lord is my light and my salvation; who is then a cause of fear to me? the Lord is the strength of my life; who is a danger to me?|en
692|27|2|2|那作惡的就是我的仇敵，前來吃我肉的時候就絆跌仆倒。|zh
693|27|2|2|When evil-doers, even my haters, came on me to put an end to me, they were broken and put to shame.|en
694|27|3|3|雖有軍兵安營攻擊我，我的心也不害怕；雖然興起刀兵攻擊我，我必仍舊安穩。|zh
695|27|3|3|Even if an army came against me with its tents, my heart would have no fear: if war was made on me, my faith would not be moved.|en
696|27|4|4|有一件事，我曾求耶和華，我仍要尋求：就是一生一世住在耶和華的殿中，瞻仰他的榮美，在他的殿裡求問。|zh
697|27|4|4|One prayer have I made to the Lord, and this is my heart's desire; that I may have a place in the house of the Lord all the days of my life, looking on his glory, and getting wisdom in his Temple.|en
698|27|5|5|因為我遭遇患難，他必暗暗地保守我；在他亭子裡，把我藏在他帳幕的隱密處，將我高舉在磐石上。|zh
699|27|5|5|For in the time of trouble he will keep me safe in his tent: in the secret place of his tent he will keep me from men's eyes; high on a rock he will put me.|en
700|27|6|6|現在我得以昂首，高過四面的仇敵。我要在他的帳幕裡歡然獻祭；我要唱詩歌頌耶和華。|zh
701|27|6|6|And now my head will be lifted up higher than my haters who are round me: because of this I will make offerings of joy in his tent; I will make a song, truly I will make a song of praise to the Lord.|en
702|27|7|7|耶和華啊，我用聲音呼籲的時候，求你垂聽；並求你憐恤我，應允我。|zh
703|27|7|7|O Lord, let the voice of my cry come to your ears: have mercy on me, and give me an answer.|en
704|27|8|8|你說：你們當尋求我的面。那時我心向你說：耶和華啊，你的面我正要尋求。|zh
705|27|8|8|When you said, Make search for my face, my heart said to you, For your face will I make my search.|en
706|27|9|9|不要向我掩面。不要發怒趕逐僕人，你向來是幫助我的。救我的神啊，不要丟掉我，也不要離棄我。|zh
707|27|9|9|Let not your face be covered from me; do not put away your servant in wrath; you have been my help: do not give me up or take your support from me, O God of my salvation.|en
708|27|10|10|我父母離棄我，耶和華必收留我。|zh
709|27|10|10|When my father and my mother are turned away from me, then the Lord will be my support.|en
710|27|11|11|耶和華啊，求你將你的道指教我，因我仇敵的緣故引導我走平坦的路。|zh
711|27|11|11|Make your way clear to me, O Lord, guiding me by the right way, because of my haters.|en
712|27|12|12|求你不要把我交給敵人，遂其所願；因為妄作見證的和口吐凶言的，起來攻擊我。|zh
713|27|12|12|Do not give me into their hands, because false witnesses have come out against me, and men breathing destruction.|en
714|27|13|13|我若不信在活人之地得見耶和華的恩惠，就早已喪膽了。|zh
715|27|13|13|I had almost given up my hope of seeing the blessing of the Lord in the land of the living.|en
716|27|14|14|要等候耶和華！當壯膽，堅固你的心！我再說，要等候耶和華！|zh
717|27|14|14|Let your hope be in the Lord: take heart and be strong; yes, let your hope be in the Lord.|en
718|28|1|1|（大衛的詩。）耶和華啊，我要求告你！我的磐石啊，不要向我緘默！倘若你向我閉口，我就如將死的人一樣。|zh
719|28|1|1|- Of David. - My cry goes up to you, O Lord, my Rock; do not keep back your answer from me, so that I may not become like those who go down into the underworld.|en
720|28|2|2|我呼求你，向你至聖所舉手的時候，求你垂聽我懇求的聲音！|zh
721|28|2|2|Give ear to the voice of my prayer, when I am crying to you, when my hands are lifted up to your holy place.|en
722|28|3|3|不要把我和惡人並作孽的一同除掉；他們與鄰舍說和平話，心裡卻是奸惡。|zh
723|28|3|3|Do not take me away with the sinners and the workers of evil, who say words of peace to their neighbours, but evil is in their hearts.|en
724|28|4|4|願你按著他們所做的，並他們所行的惡事待他們。願你照著他們手所做的待他們，將他們所應得的報應加給他們。|zh
725|28|4|4|Give them the right reward of their acts, and of their evil doings: give them punishment for the works of their hands, let them have their full reward.|en
726|28|5|5|他們既然不留心耶和華所行的和他手所做的，他就必毀壞他們，不建立他們。|zh
727|28|5|5|Because they have no respect for the works of the Lord, or for the things which his hands have made, they will be broken down and not lifted up by him.|en
728|28|6|6|耶和華是應當稱頌的，因為他聽了我懇求的聲音。|zh
729|28|6|6|May the Lord be praised, because he has given ear to the voice of my prayer.|en
730|28|7|7|耶和華是我的力量，是我的盾牌；我心裡倚靠他就得幫助。所以我心中歡樂，我必用詩歌頌讚他。|zh
731|28|7|7|The Lord is my strength and my breastplate, my heart had faith in him and I am helped; for this cause my heart is full of rapture, and I will give him praise in my song.|en
732|28|8|8|耶和華是他百姓的力量，又是他受膏者得救的保障。|zh
733|28|8|8|The Lord is their strength, and a strong place of salvation for his king.|en
734|28|9|9|求你拯救你的百姓，賜福給你的產業，牧養他們，扶持他們，直到永遠。|zh
735|28|9|9|Be a saviour to your people, and send a blessing on your heritage: be their guide, and let them be lifted up for ever.|en
736|29|1|1|（大衛的詩。）神的眾子啊，你們要將榮耀、能力歸給耶和華，歸給耶和華！|zh
737|29|1|1|- A Psalm. Of David. - Give to the Lord, you sons of the gods, give to the Lord glory and strength.|en
738|29|2|2|要將耶和華的名所當得的榮耀歸給他，以聖潔的（的：或譯為）妝飾敬拜耶和華。|zh
739|29|2|2|Give to the Lord the full glory of his name; give him worship in holy robes.|en
740|29|3|3|耶和華的聲音發在水上；榮耀的神打雷，耶和華打雷在大水之上。|zh
741|29|3|3|The voice of the Lord is on the waters: the God of glory is thundering, the Lord is on the great waters.|en
742|29|4|4|耶和華的聲音大有能力；耶和華的聲音滿有威嚴。|zh
743|29|4|4|The voice of the Lord is full of power; the voice of the Lord has a noble sound.|en
744|29|5|5|耶和華的聲音震破香柏樹；耶和華震碎利巴嫩的香柏樹。|zh
745|29|5|5|By the voice of the Lord are the cedar-trees broken, even the cedars of Lebanon are broken by the Lord.|en
746|29|6|6|他也使之跳躍如牛犢，使利巴嫩和西連跳躍如野牛犢。|zh
747|29|6|6|He makes them go jumping about like a young ox; Lebanon and Sirion like a young mountain ox.|en
748|29|7|7|耶和華的聲音使火燄分岔。|zh
749|29|7|7|At the voice of the Lord flames of fire are seen.|en
750|29|8|8|耶和華的聲音震動曠野；耶和華震動加低斯的曠野。|zh
751|29|8|8|At the voice of the Lord there is a shaking in the waste land, even a shaking in the waste land of Kadesh.|en
752|29|9|9|耶和華的聲音驚動母鹿落胎，樹木也脫落淨光。凡在他殿中的，都稱說他的榮耀。|zh
753|29|9|9|At the voice of the Lord the roes give birth, the leaves are taken from the trees: in his Temple everything says, Glory.|en
754|29|10|10|洪水泛濫之時，耶和華坐著為王；耶和華坐著為王，直到永遠。|zh
755|29|10|10|The Lord had his seat as king when the waters came on the earth; the Lord is seated as king for ever.|en
756|29|11|11|耶和華必賜力量給他的百姓；耶和華必賜平安的福給他的百姓。|zh
757|29|11|11|The Lord will give strength to his people; the Lord will give his people the blessing of peace.|en
758|30|1|1|（大衛在獻殿的時候，作這詩歌。）耶和華啊，我要尊崇你，因為你曾提拔我，不叫仇敵向我誇耀。|zh
759|30|1|1|- A Psalm. A Song at the blessing of the House. Of David. - I will give you praise and honour, O Lord, because through you I have been lifted up; you have not given my haters cause to be glad over me.|en
760|30|2|2|耶和華─我的神啊，我曾呼求你，你醫治了我。|zh
761|30|2|2|O Lord my God, I sent up my cry to you, and you have made me well.|en
762|30|3|3|耶和華啊，你曾把我的靈魂從陰間救上來，使我存活，不至於下坑。|zh
763|30|3|3|O Lord, you have made my soul come again from the underworld: you have given me life and kept me from going down among the dead.|en
764|30|4|4|耶和華的聖民哪，你們要歌頌他，稱讚他可記念的聖名。|zh
765|30|4|4|Make songs to the Lord, O you saints of his, and give praise to his holy name.|en
766|30|5|5|因為，他的怒氣不過是轉眼之間；他的恩典乃是一生之久。一宿雖然有哭泣，早晨便必歡呼。|zh
767|30|5|5|For his wrath is only for a minute; in his grace there is life; weeping may be for a night, but joy comes in the morning.|en
768|30|6|6|至於我，我凡事平順便說：我永不動搖。|zh
769|30|6|6|When things went well for me I said, I will never be moved.|en
770|30|7|7|耶和華啊，你曾施恩，叫我的江山穩固；你掩了面，我就驚惶。|zh
771|30|7|7|Lord, by your grace you have kept my mountain strong: when your face was turned from me I was troubled.|en
772|30|8|8|耶和華啊，我曾求告你；我向耶和華懇求，說：|zh
773|30|8|8|My voice went up to you, O Lord; I made my prayer to the Lord.|en
774|30|9|9|我被害流血，下到坑中，有甚麼益處呢？塵土豈能稱讚你，傳說你的誠實麼？|zh
775|30|9|9|What profit is there in my blood if I go down into the underworld? will the dust give you praise, or be a witness to your help?|en
776|30|10|10|耶和華啊，求你應允我，憐恤我！耶和華啊，求你幫助我！|zh
777|30|10|10|Give ear to me, O Lord, and have mercy on me: Lord, be my helper.|en
778|30|11|11|你已將我的哀哭變為跳舞，將我的麻衣脫去，給我披上喜樂，|zh
779|30|11|11|By you my sorrow is turned into dancing; you have taken away my clothing of grief, and given me robes of joy;|en
780|30|12|12|好叫我的靈（原文是榮耀）歌頌你，並不住聲。耶和華─我的神啊，我要稱謝你，直到永遠！|zh
781|30|12|12|So that my glory may make songs of praise to you and not be quiet. O Lord my God, I will give you praise for ever.|en
782|31|1|1|（大衛的詩，交與伶長。）耶和華啊，我投靠你；求你使我永不羞愧；憑你的公義搭救我！|zh
783|31|1|1|- To the chief music-maker. A Psalm. Of David. - In you, O Lord, have I put my hope; let me never be shamed; keep me safe in your righteousness.|en
784|31|2|2|求你側耳而聽，快快救我！作我堅固的磐石，拯救我的保障！|zh
785|31|2|2|Let your ear be turned to me; take me quickly out of danger; be my strong Rock, my place of strength where I may be safe.|en
786|31|3|3|因為你是我的巖石，我的山寨；所以，求你為你名的緣故引導我，指點我。|zh
787|31|3|3|For you are my Rock and my strong tower; go in front of me and be my guide, because of your name.|en
788|31|4|4|求你救我脫離人為我暗設的網羅，因為你是我的保障。|zh
789|31|4|4|Take me out of the net which they have put ready for me secretly; for you are my strength.|en
790|31|5|5|我將我的靈魂交在你手裡；耶和華誠實的神啊，你救贖了我。|zh
791|31|5|5|Into your hands I give my spirit; you are my saviour, O Lord God for ever true.|en
792|31|6|6|我恨惡那信奉虛無之神的人；我卻倚靠耶和華。|zh
793|31|6|6|I am full of hate for those who go after false gods; but my hope is in the Lord.|en
794|31|7|7|我要為你的慈愛高興歡喜；因為你見過我的困苦，知道我心中的艱難。|zh
795|31|7|7|I will be glad and have delight in your mercy; because you have seen my trouble; you have had pity on my soul in its sorrows;|en
796|31|8|8|你未曾把我交在仇敵手裡；你使我的腳站在寬闊之處。|zh
797|31|8|8|And you have not given me into the hand of my hater; you have put my feet in a wide place.|en
798|31|9|9|耶和華啊，求你憐恤我，因為我在急難之中；我的眼睛因憂愁而乾癟，連我的身心也不安舒。|zh
799|31|9|9|Have mercy on me, O Lord, for I am in trouble; my eyes are wasted with grief, I am wasted in soul and body.|en
800|31|10|10|我的生命為愁苦所消耗；我的年歲為歎息所曠廢。我的力量因我的罪孽衰敗；我的骨頭也枯乾。|zh
801|31|10|10|My life goes on in sorrow, and my years in weeping; my strength is almost gone because of my sin, and my bones are wasted away.|en
802|31|11|11|我因一切敵人成了羞辱，在我的鄰舍跟前更甚；那認識我的都懼怕我，在外頭看見我的都躲避我。|zh
803|31|11|11|Because of all those who are against me, I have become a word of shame to my neighbours; a cause of shaking the head and a fear to my friends: those who saw me in the street went in flight from me.|en
804|31|12|12|我被人忘記，如同死人，無人記念；我好像破碎的器皿。|zh
805|31|12|12|I have gone from men's minds and memory like a dead man; I am like a broken vessel.|en
806|31|13|13|我聽見了許多人的讒謗，四圍都是驚嚇；他們一同商議攻擊我的時候，就圖謀要害我的性命。|zh
807|31|13|13|False statements against me have come to my ears; fear was on every side: they were talking together against me, designing to take away my life.|en
808|31|14|14|耶和華啊，我仍舊倚靠你；我說：你是我的神。|zh
809|31|14|14|But I had faith in you, O Lord; I said, You are my God.|en
810|31|15|15|我終身的事在你手中；求你救我脫離仇敵的手和那些逼迫我的人。|zh
811|31|15|15|The chances of my life are in your hand; take me out of the hands of my haters, and of those who go after me.|en
812|31|16|16|求你使你的臉光照僕人，憑你的慈愛拯救我。|zh
813|31|16|16|Let your servant see the light of your face; in your mercy be my saviour.|en
814|31|17|17|耶和華啊，求你叫我不致羞愧，因為我曾呼籲你；求你使惡人羞愧，使他們在陰間緘默無聲。|zh
815|31|17|17|Let me not be shamed, O Lord, for I have made my prayer to you; let the sinners be shamed, and let their mouths be shut in the underworld.|en
816|31|18|18|那撒謊的人逞驕傲輕慢，出狂妄的話攻擊義人；願他的嘴啞而無言。|zh
817|31|18|18|Let the false lips be shut, which say evil against the upright, looking down on him in their pride.|en
818|31|19|19|敬畏你、投靠你的人，你為他們所積存的，在世人面前所施行的恩惠是何等大呢！|zh
819|31|19|19|O how great is your grace, which you have put in store for your worshippers, and which you have made clear to those who had faith in you, before the sons of men!|en
820|31|20|20|你必把他們藏在你面前的隱密處，免得遇見人的計謀；你必暗暗地保守他們在亭子裡，免受口舌的爭鬧。|zh
821|31|20|20|You will keep them safe in your house from the designs of man; in the secret of your tent will you keep them from angry tongues.|en
822|31|21|21|耶和華是應當稱頌的，因為他在堅固城裡向我施展奇妙的慈愛。|zh
823|31|21|21|May the Lord be praised, because he has made clear to me the wonder of his grace in a strong town.|en
824|31|22|22|至於我，我曾急促地說：我從你眼前被隔絕。然而，我呼求你的時候，你仍聽我懇求的聲音。|zh
825|31|22|22|And as for me, I said in my fear, I am cut off from before your eyes; but you gave ear to the voice of my prayer, when my cry went up to you.|en
826|31|23|23|耶和華的聖民哪，你們都要愛他！耶和華保護誠實人，足足報應行事驕傲的人。|zh
827|31|23|23|O have love for the Lord, all you his saints; for the Lord keeps safe from danger all those who are true to him, and gives the workers of pride their right reward.|en
828|31|24|24|凡仰望耶和華的人，你們都要壯膽，堅固你們的心！|zh
829|31|24|24|Put away fear and let your heart be strong, all you whose hope is in the Lord.|en
830|32|1|1|（大衛的訓誨詩。）得赦免其過、遮蓋其罪的，這人是有福的！|zh
831|32|1|1|- Of David. Maschil. - Happy is he who has forgiveness for his wrongdoing, and whose sin is covered.|en
832|32|2|2|凡心裡沒有詭詐、耶和華不算為有罪的，這人是有福的！|zh
833|32|2|2|Happy is the man in whom the Lord sees no evil, and in whose spirit there is no deceit.|en
834|32|3|3|我閉口不認罪的時候，因終日唉哼而骨頭枯乾。|zh
835|32|3|3|When I kept my mouth shut, my bones were wasted, because of my crying all through the day.|en
836|32|4|4|黑夜白日，你的手在我身上沉重；我的精液耗盡，如同夏天的乾旱。（細拉）|zh
837|32|4|4|For the weight of your hand was on me day and night; my body became dry like the earth in summer. (Selah.)|en
838|32|5|5|我向你陳明我的罪，不隱瞞我的惡。我說：我要向耶和華承認我的過犯，你就赦免我的罪惡。（細拉）|zh
839|32|5|5|I made my wrongdoing clear to you, and did not keep back my sin. I said, I will put it all before the Lord; and you took away my wrongdoing and my sin. (Selah.)|en
840|32|6|6|為此，凡虔誠人都當趁你可尋找的時候禱告你；大水泛溢的時候，必不能到他那裡。|zh
841|32|6|6|For this cause let every saint make his prayer to you at a time when you are near: then the overflowing of the great waters will not overtake him.|en
842|32|7|7|你是我藏身之處；你必保佑我脫離苦難，以得救的樂歌四面環繞我。（細拉）|zh
843|32|7|7|You are my safe and secret place; you will keep me from trouble; you will put songs of salvation on the lips of those who are round me. (Selah.)|en
844|32|8|8|我要教導你，指示你當行的路；我要定睛在你身上勸戒你。|zh
845|32|8|8|I will give you knowledge, teaching you the way to go; my eye will be your guide.|en
846|32|9|9|你不可像那無知的騾馬，必用嚼環轡頭勒住他；不然，就不能馴服。|zh
847|32|9|9|Do not be like the horse or the ass, without sense; ...|en
848|32|10|10|惡人必多受苦楚；惟獨倚靠耶和華的必有慈愛四面環繞他。|zh
849|32|10|10|The sinner will be full of trouble; but mercy will be round the man who has faith in the Lord.|en
850|32|11|11|你們義人應當靠耶和華歡喜快樂；你們心裡正直的人都當歡呼。|zh
851|32|11|11|Be glad in the Lord with joy, you upright men; give cries of joy, all you whose hearts are true.|en
852|33|1|1|義人哪，你們應當靠耶和華歡樂；正直人的讚美是合宜的。|zh
853|33|1|1|Be glad in the Lord, O doers of righteousness; for praise is beautiful for the upright.|en
854|33|2|2|你們應當彈琴稱謝耶和華，用十弦瑟歌頌他。|zh
855|33|2|2|Give praise to the Lord on the corded instrument; make melody to him with instruments of music.|en
856|33|3|3|應當向他唱新歌，彈得巧妙，聲音洪亮。|zh
857|33|3|3|Make a new song to him; playing expertly with a loud noise.|en
858|33|4|4|因為耶和華的言語正直；凡他所做的盡都誠實。|zh
859|33|4|4|For the word of the Lord is upright, and all his works are certain.|en
860|33|5|5|他喜愛仁義公平；遍地滿了耶和華的慈愛。|zh
861|33|5|5|His delight is in righteousness and wisdom; the earth is full of the mercy of the Lord.|en
862|33|6|6|諸天藉耶和華的命而造；萬象藉他口中的氣而成。|zh
863|33|6|6|By the word of the Lord were the heavens made; and all the army of heaven by the breath of his mouth.|en
864|33|7|7|他聚集海水如壘，收藏深洋在庫房。|zh
865|33|7|7|He makes the waters of the sea come together in a mass; he keeps the deep seas in store-houses.|en
866|33|8|8|願全地都敬畏耶和華！願世上的居民都懼怕他！|zh
867|33|8|8|Let the earth be full of the fear of the Lord; let all the people of the world be in holy fear of him.|en
868|33|9|9|因為他說有，就有，命立，就立。|zh
869|33|9|9|For he gave the word, and it was done; by his order it was fixed for ever.|en
870|33|10|10|耶和華使列國的籌算歸於無有，使眾民的思念無有功效。|zh
871|33|10|10|The Lord undoes the designs of the nations; he makes the thoughts of the peoples without effect.|en
872|33|11|11|耶和華的籌算永遠立定；他心中的思念萬代常存。|zh
873|33|11|11|The Lord's purpose is eternal, the designs of his heart go on through all the generations of man.|en
874|33|12|12|以耶和華為神的，那國是有福的！他所揀選為自己產業的，那民是有福的！|zh
875|33|12|12|Happy is the nation whose God is the Lord; and the people whom he has taken for his heritage.|en
876|33|13|13|耶和華從天上觀看；他看見一切的世人。|zh
877|33|13|13|The Lord is looking down from heaven; he sees all the sons of men;|en
878|33|14|14|從他的居所往外察看地上一切的居民。|zh
879|33|14|14|From his house he keeps watch on all who are living on the earth;|en
880|33|15|15|他是那造成他們眾人心的，留意他們一切作為的。|zh
881|33|15|15|He makes all their hearts; their works are clear to him.|en
882|33|16|16|君王不能因兵多得勝；勇士不能因力大得救。|zh
883|33|16|16|A king's salvation is not in the power of his army; a strong man does not get free by his great strength.|en
884|33|17|17|靠馬得救是枉然的；馬也不能因力大救人。|zh
885|33|17|17|A horse is a false hope; his great power will not make any man free from danger.|en
886|33|18|18|耶和華的眼目看顧敬畏他的人和仰望他慈愛的人，|zh
887|33|18|18|See, the eye of the Lord is on those in whose hearts is the fear of him, on those whose hope is in his mercy;|en
888|33|19|19|要救他們的命脫離死亡，並使他們在饑荒中存活。|zh
889|33|19|19|To keep their souls from death; and to keep them living in time of need.|en
890|33|20|20|我們的心向來等候耶和華；他是我們的幫助，我們的盾牌。|zh
891|33|20|20|Our souls are waiting for the Lord; he is our help and our salvation.|en
892|33|21|21|我們的心必靠他歡喜，因為我們向來倚靠他的聖名。|zh
893|33|21|21|For in him our hearts have joy; in his holy name is our hope.|en
894|33|22|22|耶和華啊，求你照著我們所仰望你的，向我們施行慈愛！|zh
895|33|22|22|Let your mercy be on us, O Lord, as we are waiting for you.|en
896|34|1|1|（大衛在亞比米勒面前裝瘋，被他趕出去，就作這詩。）我要時時稱頌耶和華；讚美他的話必常在我口中。|zh
897|34|1|1|- Of David. When he made a change in his behaviour before Abimelech, who sent him away, and he went. - I will be blessing the Lord at all times; his praise will be ever in my mouth.|en
898|34|2|2|我的心必因耶和華誇耀；謙卑人聽見就要喜樂。|zh
899|34|2|2|My soul will say great things of the Lord: the poor in spirit will have knowledge of it and be glad.|en
900|34|3|3|你們和我當稱耶和華為大，一同高舉他的名。|zh
901|34|3|3|O give praise to the Lord with me; let us be witnesses together of his great name.|en
902|34|4|4|我曾尋求耶和華，他就應允我，救我脫離了一切的恐懼。|zh
903|34|4|4|I was searching for the Lord, and he gave ear to my voice, and made me free from all my fears.|en
904|34|5|5|凡仰望他的，便有光榮；他們的臉必不蒙羞。|zh
905|34|5|5|Let your eyes be turned to him and you will have light, and your faces will not be shamed.|en
906|34|6|6|我這困苦人呼求，耶和華便垂聽，救我脫離一切患難。|zh
907|34|6|6|This poor man's cry came before the Lord, and he gave him salvation from all his troubles.|en
908|34|7|7|耶和華的使者在敬畏他的人四圍安營，搭救他們。|zh
909|34|7|7|The angel of the Lord is ever watching over those who have fear of him, to keep them safe.|en
910|34|8|8|你們要嘗嘗主恩的滋味，便知道他是美善；投靠他的人有福了！|zh
911|34|8|8|By experience you will see that the Lord is good; happy is the man who has faith in him.|en
912|34|9|9|耶和華的聖民哪，你們當敬畏他，因敬畏他的一無所缺。|zh
913|34|9|9|Keep yourselves in the fear of the Lord, all you his saints; for those who do so will have no need of anything.|en
914|34|10|10|少壯獅子還缺食忍餓，但尋求耶和華的甚麼好處都不缺。|zh
915|34|10|10|The young lions are in need and have no food; but those who are looking to the Lord will have every good thing.|en
916|34|11|11|眾弟子啊，你們當來聽我的話！我要將敬畏耶和華的道教訓你們。|zh
917|34|11|11|Come, children, give attention to me; I will be your teacher in the fear of the Lord.|en
918|34|12|12|有何人喜好存活，愛慕長壽，得享美福，|zh
919|34|12|12|What man has a love of life, and a desire that his days may be increased so that he may see good?|en
920|34|13|13|就要禁止舌頭不出惡言，嘴唇不說詭詐的話。|zh
921|34|13|13|Keep your tongue from evil, and your lips from words of deceit.|en
922|34|14|14|要離惡行善，尋求和睦，一心追趕。|zh
923|34|14|14|Be turned from evil, and do good; make a search for peace, desiring it with all your heart.|en
924|34|15|15|耶和華的眼目看顧義人；他的耳朵聽他們的呼求。|zh
925|34|15|15|The eyes of the Lord are on the upright, and his ears are open to their cry.|en
926|34|16|16|耶和華向行惡的人變臉，要從世上除滅他們的名號。|zh
927|34|16|16|The face of the Lord is against those who do evil, to take away the memory of them from the earth.|en
928|34|17|17|義人呼求，耶和華聽見了，便救他們脫離一切患難。|zh
929|34|17|17|The cry of the upright comes before the Lord, and he takes them out of all their troubles.|en
930|34|18|18|耶和華靠近傷心的人，拯救靈性痛悔的人。|zh
931|34|18|18|The Lord is near the broken-hearted; he is the saviour of those whose spirits are crushed down.|en
932|34|19|19|義人多有苦難，但耶和華救他脫離這一切，|zh
933|34|19|19|Great are the troubles of the upright: but the Lord takes him safely out of them all.|en
934|34|20|20|又保全他一身的骨頭，連一根也不折斷。|zh
935|34|20|20|He keeps all his bones: not one of them is broken.|en
936|34|21|21|惡必害死惡人；恨惡義人的，必被定罪。|zh
937|34|21|21|Evil will put an end to the sinner, and those who are haters of righteousness will come to destruction.|en
938|34|22|22|耶和華救贖他僕人的靈魂；凡投靠他的，必不致定罪。|zh
939|34|22|22|The Lord will be the saviour of the souls of his servants, and no one who has faith in him will be put to shame.|en
940|35|1|1|（大衛的詩。）耶和華啊，與我相爭的，求你與他們相爭！與我相戰的，求你與他們相戰！|zh
941|35|1|1|- Of David. - O Lord, be on my side against those who are judging me; be at war with those who make war against me.|en
942|35|2|2|拿著大小的盾牌，起來幫助我。|zh
943|35|2|2|Be a breastplate to me, and give me your help.|en
944|35|3|3|抽出槍來，擋住那追趕我的；求你對我的靈魂說：我是拯救你的。|zh
945|35|3|3|Take up your spear and keep back my attackers; say to my soul, I am your salvation.|en
946|35|4|4|願那尋索我命的，蒙羞受辱！願那謀害我的，退後羞愧！|zh
947|35|4|4|Let them be overcome and put to shame who make attempts to take my soul; let those who would do me damage be turned back and made foolish.|en
948|35|5|5|願他們像風前的糠，有耶和華的使者趕逐他們。|zh
949|35|5|5|Let them be like dust from the grain before the wind; let the angel of the Lord send them in flight.|en
950|35|6|6|願他們的道路又暗又滑，有耶和華的使者追趕他們。|zh
951|35|6|6|Let their way be dark and full of danger; let them be troubled by the angel of the Lord.|en
952|35|7|7|因他們無故地為我暗設網羅，無故地挖坑，要害我的性命。|zh
953|35|7|7|For without cause they have put a net ready for me secretly, in which to take my soul.|en
954|35|8|8|願災禍忽然臨到他身上！願他暗設的網纏住自己！願他落在其中遭災禍！|zh
955|35|8|8|Let destruction come on them without their knowledge; let them be taken themselves in their secret nets, falling into the same destruction.|en
956|35|9|9|我的心必靠耶和華快樂，靠他的救恩高興。|zh
957|35|9|9|And my soul will have joy in the Lord; it will be glad in his salvation.|en
958|35|10|10|我的骨頭都要說：耶和華啊，誰能像你救護困苦人脫離那比他強壯的，救護困苦窮乏人脫離那搶奪他的？|zh
959|35|10|10|All my bones will say, Lord, who is like you? The saviour of the poor man from the hands of the strong, of him who is poor and in need from him who takes his goods.|en
960|35|11|11|凶惡的見證人起來，盤問我所不知道的事。|zh
961|35|11|11|False witnesses got up: they put questions to me about crimes of which I had no knowledge.|en
962|35|12|12|他們向我以惡報善，使我的靈魂孤苦。|zh
963|35|12|12|They gave me back evil for good, troubling my soul.|en
964|35|13|13|至於我，當他們有病的時候，我便穿麻衣，禁食，刻苦己心；我所求的都歸到自己的懷中。|zh
965|35|13|13|But as for me, when they were ill I put on the clothing of sorrow: I went without food and was sad, and my prayer came back again to my heart.|en
966|35|14|14|我這樣行，好像他是我的朋友，我的弟兄；我屈身悲哀，如同人為母親哀痛。|zh
967|35|14|14|My behaviour was as if it had been my friend or my brother: I was bent low in grief like one whose mother is dead.|en
968|35|15|15|我在患難中，他們卻歡喜，大家聚集。我所不認識的那些下流人聚集攻擊我；他們不住地把我撕裂。|zh
969|35|15|15|But they took pleasure in my trouble, and came together, yes, low persons came together against me without my knowledge; they never came to an end of wounding me.|en
970|35|16|16|他們如同席上好嬉笑的狂妄人向我咬牙。|zh
971|35|16|16|Like men of deceit they put me to shame; the voice of their wrath was loud against me.|en
972|35|17|17|主啊，你看著不理要到幾時呢？求你救我的靈魂脫離他們的殘害！救我的生命（生命：原文是獨一者）脫離少壯獅子！|zh
973|35|17|17|Lord, how long will you be looking on? take my soul from their destruction, my life from the lions.|en
974|35|18|18|我在大會中要稱謝你，在眾民中要讚美你。|zh
975|35|18|18|I will give you praise in the great meeting; I will give you honour among a strong people.|en
976|35|19|19|求你不容那無理與我為仇的向我誇耀！不容那無故恨我的向我擠眼！|zh
977|35|19|19|Do not let my haters be glad over me falsely; let not those who are against me without cause make sport of me.|en
978|35|20|20|因為他們不說和平話，倒想出詭詐的言語害地上的安靜人。|zh
979|35|20|20|For they do not say words of peace; in their deceit they are designing evil things against the quiet ones in the land.|en
980|35|21|21|他們大大張口攻擊我，說：阿哈，阿哈，我們的眼已經看見了！|zh
981|35|21|21|Their mouths were open wide against me, and they said, Aha, aha, our eyes have seen it.|en
982|35|22|22|耶和華啊，你已經看見了，求你不要閉口！主啊，求你不要遠離我！|zh
983|35|22|22|You have seen this, O Lord; be not unmoved: O Lord, be not far from me.|en
984|35|23|23|我的神我的主啊，求你奮興醒起，判清我的事，伸明我的冤！|zh
985|35|23|23|Be awake, O Lord, be moved to take up my cause, my God and my Lord.|en
986|35|24|24|耶和華─我的神啊，求你按你的公義判斷我，不容他們向我誇耀！|zh
987|35|24|24|Be my judge, O Lord my God, in your righteousness; do not let them be glad over me.|en
988|35|25|25|不容他們心裡說：阿哈，遂我們的心願了！不容他們說：我們已經把他吞了！|zh
989|35|25|25|Let them not say in their hearts, So we will have it: let them not say, We have put an end to him.|en
990|35|26|26|願那喜歡我遭難的一同抱愧蒙羞！願那向我妄自尊大的披慚愧，蒙羞辱！|zh
991|35|26|26|Let all those who take pleasure in my troubles be shamed and come to nothing: let those who are lifted up against me be covered with shame and have no honour.|en
992|35|27|27|願那喜悅我冤屈得伸的（冤屈得伸：原文是公義）歡呼快樂；願他們常說：當尊耶和華為大！耶和華喜悅他的僕人平安。|zh
993|35|27|27|Let those who are on my side give cries of joy; let them ever say, The Lord be praised, for he has pleasure in the peace of his servant.|en
994|35|28|28|我的舌頭要終日論說你的公義，時常讚美你。|zh
995|35|28|28|And my tongue will be talking of your righteousness and of your praise all the day.|en
996|36|1|1|（耶和華的僕人大衛的詩，交與伶長。）惡人的罪過在他心裡說：我眼中不怕神！|zh
997|36|1|1|- To the chief music-maker. Of the servant of the Lord. Of David. - The sin of the evil-doer says in his heart, There is no fear of the Lord before his eyes.|en
998|36|2|2|他自誇自媚，以為他的罪孽終不顯露，不被恨惡。|zh
999|36|2|2|For he takes comfort in the thought that his sin will not be uncovered and hated.|en
1000|36|3|3|他口中的言語盡是罪孽詭詐；他與智慧善行已經斷絕。|zh
1001|36|3|3|In the words of his mouth are evil and deceit; he has given up being wise and doing good.|en
1002|36|4|4|他在床上圖謀罪孽，定意行不善的道，不憎惡惡事。|zh
1003|36|4|4|He gives thought to evil on his bed; he takes a way which is not good; he is not a hater of evil.|en
1004|36|5|5|耶和華啊，你的慈愛上及諸天；你的信實達到穹蒼。|zh
1005|36|5|5|Your mercy, O Lord, is in the heavens, and your strong purpose is as high as the clouds.|en
1006|36|6|6|你的公義好像高山；你的判斷如同深淵。耶和華啊，人民、牲畜，你都救護。|zh
1007|36|6|6|Your righteousness is like the mountains of God; your judging is like the great deep; O Lord, you give life to man and beast.|en
1008|36|7|7|神啊，你的慈愛何其寶貴！世人投靠在你翅膀的蔭下。|zh
1009|36|7|7|How good is your loving mercy, O God! the children of men take cover under the shade of your wings.|en
1010|36|8|8|他們必因你殿裡的肥甘得以飽足；你也必叫他們喝你樂河的水。|zh
1011|36|8|8|The delights of your house will be showered on them; you will give them drink from the river of your pleasures.|en
1012|36|9|9|因為，在你那裡有生命的源頭；在你的光中，我們必得見光。|zh
1013|36|9|9|For with you is the fountain of life: in your light we will see light.|en
1014|36|10|10|願你常施慈愛給認識你的人，常以公義待心裡正直的人。|zh
1015|36|10|10|O let there be no end to your loving mercy to those who have knowledge of you, or of your righteousness to the upright in heart.|en
1016|36|11|11|不容驕傲人的腳踐踏我；不容凶惡人的手趕逐我。|zh
1017|36|11|11|Let not the foot of pride come against me, or the hand of the evil-doers put me out of my place.|en
1018|36|12|12|在那裡，作孽的人已經仆倒；他們被推倒，不能再起來。|zh
1019|36|12|12|There the workers of evil have come down: they have been made low, and will not be lifted up.|en
1020|37|1|1|（大衛的詩。）不要為作惡的心懷不平，也不要向那行不義的生出嫉妒。|zh
1021|37|1|1|- Of David. - Do not be angry because of the wrongdoers, or have envy of the workers of evil.|en
1022|37|2|2|因為他們如草快被割下，又如青菜快要枯乾。|zh
1023|37|2|2|For they will quickly be cut down like grass, and become dry like the green plants.|en
1024|37|3|3|你當倚靠耶和華而行善，住在地上，以他的信實為糧；|zh
1025|37|3|3|Have faith in the Lord, and do good; be at rest in the land, and go after righteousness.|en
1026|37|4|4|又要以耶和華為樂，他就將你心裡所求的賜給你。|zh
1027|37|4|4|So will your delight be in the Lord, and he will give you your heart's desires.|en
1028|37|5|5|當將你的事交託耶和華，並倚靠他，他就必成全。|zh
1029|37|5|5|Put your life in the hands of the Lord; have faith in him and he will do it.|en
1030|37|6|6|他要使你的公義如光發出，使你的公平明如正午。|zh
1031|37|6|6|And he will make your righteousness be seen like the light, and your cause like the shining of the sun.|en
1032|37|7|7|你當默然倚靠耶和華，耐性等候他；不要因那道路通達的和那惡謀成就的心懷不平。|zh
1033|37|7|7|Take your rest in the Lord, waiting quietly for him; do not be angry because of the man who does well in his evil ways, and gives effect to his bad designs.|en
1034|37|8|8|當止住怒氣，離棄忿怒；不要心懷不平，以致作惡。|zh
1035|37|8|8|Put an end to your wrath and be no longer bitter; do not give way to angry feeling which is a cause of sin.|en
1036|37|9|9|因為作惡的必被剪除；惟有等候耶和華的必承受地土。|zh
1037|37|9|9|For the evil-doers will be cut off: but those who have faith in the Lord will have the earth for their heritage.|en
1038|37|10|10|還有片時，惡人要歸於無有；你就是細察他的住處也要歸於無有。|zh
1039|37|10|10|For in a short time the evil-doer will be gone: you will go searching for his place, and it will not be there.|en
1040|37|11|11|但謙卑人必承受地土，以豐盛的平安為樂。|zh
1041|37|11|11|But the gentle will have the earth for their heritage; they will take their delight in peace without measure.|en
1042|37|12|12|惡人設謀害義人，又向他咬牙。|zh
1043|37|12|12|The sinner has evil designs against the upright, lifting up the voice of wrath against him.|en
1044|37|13|13|主要笑他，因見他受罰的日子將要來到。|zh
1045|37|13|13|He will be laughed at by the Lord, who sees that his day is coming.|en
1046|37|14|14|惡人已經弓上弦，刀出鞘，要打倒困苦窮乏的人，要殺害行動正直的人。|zh
1047|37|14|14|The evil-doers have taken out their swords, their bows are bent; for crushing the poor, and to put to death those who are upright in their ways.|en
1048|37|15|15|他們的刀必刺入自己的心；他們的弓必被折斷。|zh
1049|37|15|15|But their swords will be turned into their hearts, and their bows will be broken.|en
1050|37|16|16|一個義人所有的雖少，強過許多惡人的富餘。|zh
1051|37|16|16|The little which the good man has is better than the wealth of evil-doers.|en
1052|37|17|17|因為惡人的膀臂必被折斷；但耶和華是扶持義人。|zh
1053|37|17|17|For the arms of the evil-doers will be broken: but the Lord is the support of the good.|en
1054|37|18|18|耶和華知道完全人的日子；他們的產業要存到永遠。|zh
1055|37|18|18|The days of the upright are numbered by the Lord, and their heritage will be for ever.|en
1056|37|19|19|他們在急難的時候不致羞愧，在饑荒的日子必得飽足。|zh
1057|37|19|19|They will not be shamed in the evil time, and in the days when all are in need of food they will have enough.|en
1058|37|20|20|惡人卻要滅亡。耶和華的仇敵要像羊羔的脂油（或譯：像草地的華美）；他們要消滅，要如煙消滅。|zh
1059|37|20|20|But the wrongdoers will come to destruction, and the haters of the Lord will be like the fat of lambs, they will be burned up; they will go up in smoke, and never again be seen.|en
1060|37|21|21|惡人借貸而不償還；義人卻恩待人，並且施捨。|zh
1061|37|21|21|The sinner takes money and does not give it back; but the upright man has mercy, and gives to others.|en
1062|37|22|22|蒙耶和華賜福的必承受地土；被他咒詛的必被剪除。|zh
1063|37|22|22|Those who have his blessing will have the earth for their heritage; but those who are cursed by him will be cut off.|en
1064|37|23|23|義人的腳步被耶和華立定；他的道路，耶和華也喜愛。|zh
1065|37|23|23|The steps of a good man are ordered by the Lord, and he takes delight in his way.|en
1066|37|24|24|他雖失腳也不至全身仆倒，因為耶和華用手攙扶他（或譯：攙扶他的手）。|zh
1067|37|24|24|Even if he has a fall he will not be without help: for the hand of the Lord is supporting him.|en
1068|37|25|25|我從前年幼，現在年老，卻未見過義人被棄，也未見過他的後裔討飯。|zh
1069|37|25|25|I have been young, and now am old, but I have not seen the good man without help, or his children looking for bread.|en
1070|37|26|26|他終日恩待人，借給人；他的後裔也蒙福！|zh
1071|37|26|26|All the day he is ready to have mercy and to give; his children are a blessing.|en
1072|37|27|27|你當離惡行善，就可永遠安居。|zh
1073|37|27|27|Be turned from evil, and do good; and your place will be for ever.|en
1074|37|28|28|因為，耶和華喜愛公平，不撇棄他的聖民；他們永蒙保佑，但惡人的後裔必被剪除。|zh
1075|37|28|28|For the Lord is a lover of righteousness, and takes care of his saints; they will be kept safe for ever; but the seed of the evil-doers will be cut off.|en
1076|37|29|29|義人必承受地土，永居其上。|zh
1077|37|29|29|The upright will have the earth for their heritage, and will go on living there for ever.|en
1078|37|30|30|義人的口談論智慧；他的舌頭講說公平。|zh
1079|37|30|30|The mouth of the good man says words of wisdom; the talk of his tongue is of righteousness.|en
1080|37|31|31|神的律法在他心裡；他的腳總不滑跌。|zh
1081|37|31|31|The law of his God is in his heart; he will never make a false step.|en
1082|37|32|32|惡人窺探義人，想要殺他。|zh
1083|37|32|32|The sinners are watching the upright man, desiring to put him to death.|en
1084|37|33|33|耶和華必不撇他在惡人手中；當審判的時候，也不定他的罪。|zh
1085|37|33|33|The Lord will not give him into their hands, or be against him when he is judged.|en
1086|37|34|34|你當等候耶和華，遵守他的道，他就抬舉你，使你承受地土；惡人被剪除的時候，你必看見。|zh
1087|37|34|34|Be waiting for the Lord, and keep his way; and you will be lifted up, and have the land for your heritage: when the evil-doers are cut off, you will see it.|en
1088|37|35|35|我見過惡人大有勢力，好像一根青翠樹在本土生發。|zh
1089|37|35|35|I have seen the evil-doer in great power, covering the earth like a great tree.|en
1090|37|36|36|有人從那裡經過，不料，他沒有了；我也尋找他，卻尋不著。|zh
1091|37|36|36|But he came to an end, and there was no sign of him; I made a search for him and he was not there.|en
1092|37|37|37|你要細察那完全人，觀看那正直人，因為和平人有好結局。|zh
1093|37|37|37|Give attention to the good man, and take note of the upright; because the end of that man is peace.|en
1094|37|38|38|至於犯法的人，必一同滅絕；惡人終必剪除。|zh
1095|37|38|38|But as for the sinners, they will be cut off together; the end of the wrongdoers is destruction.|en
1096|37|39|39|但義人得救是由於耶和華；他在患難時作他們的營寨。|zh
1097|37|39|39|But the Lord is the saviour of the upright: he is their strength in the time of trouble.|en
1098|37|40|40|耶和華幫助他們，解救他們；他解救他們脫離惡人，把他們救出來，因為他們投靠他。|zh
1099|37|40|40|And the Lord will be their help, and keep them safe: he will take them out of the hands of the evil-doers, and be their saviour, because they had faith in him.|en
1100|38|1|1|（大衛的記念詩。）耶和華啊，求你不要在怒中責備我，不要在烈怒中懲罰我！|zh
1101|38|1|1|- A Psalm. Of David. To keep in memory. - O Lord, be not bitter with me in your wrath; let not your hand be on me in the heat of your passion.|en
1102|38|2|2|因為，你的箭射入我身；你的手壓住我。|zh
1103|38|2|2|For your arrows have gone into my flesh, and I am crushed under the weight of your hand.|en
1104|38|3|3|因你的惱怒，我的肉無一完全；因我的罪過，我的骨頭也不安寧。|zh
1105|38|3|3|My flesh is wasted because of your wrath; and there is no peace in my bones because of my sin.|en
1106|38|4|4|我的罪孽高過我的頭，如同重擔叫我擔當不起。|zh
1107|38|4|4|For my crimes have gone over my head; they are like a great weight which is more than my strength.|en
1108|38|5|5|因我的愚昧，我的傷發臭流膿。|zh
1109|38|5|5|My wounds are poisoned and evil-smelling, because of my foolish behaviour.|en
1110|38|6|6|我疼痛，大大拳曲，終日哀痛。|zh
1111|38|6|6|I am troubled, I am made low; I go weeping all the day.|en
1112|38|7|7|我滿腰是火；我的肉無一完全。|zh
1113|38|7|7|For my body is full of burning; all my flesh is unhealthy.|en
1114|38|8|8|我被壓傷，身體疲倦；因心裡不安，我就唉哼。|zh
1115|38|8|8|I am feeble and crushed down; I gave a cry like a lion because of the grief in my heart.|en
1116|38|9|9|主啊，我的心願都在你面前；我的歎息不向你隱瞞。|zh
1117|38|9|9|Lord, all my desire is before you; my sorrow is not kept secret from you.|en
1118|38|10|10|我心跳動，我力衰微，連我眼中的光也沒有了。|zh
1119|38|10|10|My heart goes out in pain, my strength is wasting away; as for the light of my eyes, it is gone from me.|en
1120|38|11|11|我的良朋密友因我的災病都躲在旁邊站著；我的親戚本家也遠遠地站立。|zh
1121|38|11|11|My lovers and my friends keep away from my disease; my relations keep far away.|en
1122|38|12|12|那尋索我命的設下網羅；那想要害我的口出惡言，終日思想詭計。|zh
1123|38|12|12|Those who have a desire to take my life put nets for me; those who are designing my destruction say evil things against me, all the day their minds are full of deceit.|en
1124|38|13|13|但我如聾子不聽，像啞巴不開口。|zh
1125|38|13|13|But I kept my ears shut like a man without hearing; like a man without a voice, never opening his mouth.|en
1126|38|14|14|我如不聽見的人，口中沒有回話。|zh
1127|38|14|14|So I was like a man whose ears are shut, and in whose mouth there are no sharp words.|en
1128|38|15|15|耶和華啊，我仰望你！主─我的神啊，你必應允我！|zh
1129|38|15|15|In you, O Lord, is my hope: you will give me an answer, O Lord, my God.|en
1130|38|16|16|我曾說：恐怕他們向我誇耀；我失腳的時候，他們向我誇大。|zh
1131|38|16|16|I said, Let them not be glad over me; when my foot is moved, let them not be lifted up with pride against me.|en
1132|38|17|17|我幾乎跌倒；我的痛苦常在我面前。|zh
1133|38|17|17|My feet are near to falling, and my sorrow is ever before me.|en
1134|38|18|18|我要承認我的罪孽；我要因我的罪憂愁。|zh
1135|38|18|18|I will make clear my wrongdoing, with sorrow in my heart for my sin.|en
1136|38|19|19|但我的仇敵又活潑又強壯，無理恨我的增多了。|zh
1137|38|19|19|But they are strong who have hate for me without cause: those who are against me falsely are increased in numbers.|en
1138|38|20|20|以惡報善的與我作對，因我是追求良善。|zh
1139|38|20|20|They give me back evil for good; they are my haters because I go after the thing which is right.|en
1140|38|21|21|耶和華啊，求你不要撇棄我！我的神啊，求你不要遠離我！|zh
1141|38|21|21|Do not give me up, O Lord; O my God, be near to me.|en
1142|38|22|22|拯救我的主啊，求你快快幫助我！|zh
1143|38|22|22|Come quickly to give me help, O Lord, my salvation.|en
1144|39|1|1|（大衛的詩，交與伶長耶杜頓。）我曾說：我要謹慎我的言行，免得我舌頭犯罪；惡人在我面前的時候，我要用嚼環勒住我的口。|zh
1145|39|1|1|- To the chief music-maker. Of Jeduthun. A Psalm. Of David. - I said, I will give attention to my ways, so that my tongue may do no wrong; I will keep my mouth under control, while the sinner is before me.|en
1146|39|2|2|我默然無聲，連好話也不出口；我的愁苦就發動了，|zh
1147|39|2|2|I made no sound, I said no word, even of good; and I was moved with sorrow.|en
1148|39|3|3|我的心在我裡面發熱。我默想的時候，火就燒起，我便用舌頭說話。|zh
1149|39|3|3|My heart was burning in my breast; while I was deep in thought the fire was lighted; then I said with my tongue,|en
1150|39|4|4|耶和華啊，求你叫我曉得我身之終！我的壽數幾何？叫我知道我的生命不長！|zh
1151|39|4|4|Lord, give me knowledge of my end, and of the measure of my days, so that I may see how feeble I am.|en
1152|39|5|5|你使我的年日窄如手掌；我一生的年數，在你面前如同無有。各人最穩妥的時候，真是全然虛幻。（細拉）|zh
1153|39|5|5|You have made my days no longer than a hand's measure; and my years are nothing in your eyes; truly, every man is but a breath. (Selah.)|en
1154|39|6|6|世人行動實係幻影。他們忙亂，真是枉然；積蓄財寶，不知將來有誰收取。|zh
1155|39|6|6|Truly, every man goes on his way like an image; he is troubled for no purpose: he makes a great store of wealth, and has no knowledge of who will get it.|en
1156|39|7|7|主啊，如今我等甚麼呢？我的指望在乎你！|zh
1157|39|7|7|And now, Lord, what am I waiting for? my hope is in you.|en
1158|39|8|8|求你救我脫離一切的過犯，不要使我受愚頑人的羞辱。|zh
1159|39|8|8|Make me free from all my sins; do not let me be shamed by the man of evil behaviour.|en
1160|39|9|9|因我所遭遇的是出於你，我就默然不語。|zh
1161|39|9|9|I was quiet, and kept my mouth shut; because you had done it.|en
1162|39|10|10|求你把你的責罰從我身上免去；因你手的責打，我便消滅。|zh
1163|39|10|10|No longer let your hand be hard on me; I am wasted by the blows of your hand.|en
1164|39|11|11|你因人的罪惡懲罰他的時候，叫他的笑容（的笑容：或譯所喜愛的）消滅，如衣被蟲所咬。世人真是虛幻！（細拉）|zh
1165|39|11|11|By the weight of your wrath against man's sin, the glory of his form is wasted away; truly every man is but a breath. (Selah.)|en
1166|39|12|12|耶和華啊，求你聽我的禱告，留心聽我的呼求！我流淚，求你不要靜默無聲！因為我在你面前是客旅，是寄居的，像我列祖一般。|zh
1167|39|12|12|Let my prayer come to your ears, O Lord, and give attention to my cry, make an answer to my weeping: for my time here is short before you, and in a little time I will be gone, like all my fathers.|en
1168|39|13|13|求你寬容我，使我在去而不返之先可以力量復原。|zh
1169|39|13|13|Let your wrath be turned away from me, so that I may be comforted, before I go away from here, and become nothing.|en
1170|40|1|1|（大衛的詩，交與伶長。）我曾耐性等候耶和華；他垂聽我的呼求。|zh
1171|40|1|1|- To the chief music-maker. Of David. A Psalm. - When I was waiting quietly for the Lord, his heart was turned to me, and he gave ear to my cry.|en
1172|40|2|2|他從禍坑裡，從淤泥中，把我拉上來，使我的腳立在磐石上，使我腳步穩當。|zh
1173|40|2|2|He took me up out of a deep waste place, out of the soft and sticky earth; he put my feet on a rock, and made my steps certain.|en
1174|40|3|3|他使我口唱新歌，就是讚美我們神的話。許多人必看見而懼怕，並要倚靠耶和華。|zh
1175|40|3|3|And he put a new song in my mouth, even praise to our God; numbers have seen it with fear, and put their faith in the Lord.|en
1176|40|4|4|那倚靠耶和華、不理會狂傲和偏向虛假之輩的，這人便為有福！|zh
1177|40|4|4|Happy is the man who has faith in the Lord, and does not give honour to the men of pride or to those who are turned away to deceit.|en
1178|40|5|5|耶和華─我的神啊，你所行的奇事，並你向我們所懷的意念甚多，不能向你陳明。若要陳明，其事不可勝數。|zh
1179|40|5|5|O Lord my God, great are the wonders which you have done in your thought for us; it is not possible to put them out in order before you; when I would give an account of them, their number is greater than I may say.|en
1180|40|6|6|祭物和禮物，你不喜悅；你已經開通我的耳朵。燔祭和贖罪祭非你所要。|zh
1181|40|6|6|You had no desire for offerings of beasts or fruits of the earth; ears you made for me: for burned offerings and sin offerings you made no request.|en
1182|40|7|7|那時我說：看哪，我來了！我的事在經卷上已經記載了。|zh
1183|40|7|7|Then I said, See, I come; it is recorded of me in the roll of the book,|en
1184|40|8|8|我的神啊，我樂意照你的旨意行；你的律法在我心裡。|zh
1185|40|8|8|My delight is to do your pleasure, O my God; truly, your law is in my heart.|en
1186|40|9|9|我在大會中宣傳公義的佳音；我必不止住我的嘴唇。耶和華啊，這是你所知道的。|zh
1187|40|9|9|I have given news of righteousness in the great meeting; O Lord, you have knowledge that I have not kept back my words.|en
1188|40|10|10|我未曾把你的公義藏在心裡；我已陳明你的信實和你的救恩；我在大會中未曾隱瞞你的慈愛和誠實。|zh
1189|40|10|10|Your righteousness has not been folded away in my heart; I have made clear your true word and your salvation; I have not kept secret your mercy or your faith from the great meeting.|en
1190|40|11|11|耶和華啊，求你不要向我止住你的慈悲！願你的慈愛和誠實常常保佑我！|zh
1191|40|11|11|Take not away your gentle mercies from me, O Lord; let your mercy and your faith keep me safe for ever.|en
1192|40|12|12|因有無數的禍患圍困我，我的罪孽追上了我，使我不能昂首；這罪孽比我的頭髮還多，我就心寒膽戰。|zh
1193|40|12|12|For unnumbered evils are round about me; my sins have overtaken me, so that I am bent down with their weight; they are more than the hairs of my head, my strength is gone because of them.|en
1194|40|13|13|耶和華啊，求你開恩搭救我！耶和華啊，求你速速幫助我！|zh
1195|40|13|13|Be pleased, O Lord, to take me out of danger; O Lord, come quickly and give me help.|en
1196|40|14|14|願那些尋找我、要滅我命的，一同抱愧蒙羞！願那些喜悅我受害的，退後受辱！|zh
1197|40|14|14|Let those who go after my soul for its destruction have shame and trouble together; let them be turned back and made foolish who take pleasure in my trouble.|en
1198|40|15|15|願那些對我說阿哈、阿哈的，因羞愧而敗亡！|zh
1199|40|15|15|Let those who say to me, Aha, aha! be surprised because of their shame.|en
1200|40|16|16|願一切尋求你的，因你高興歡喜！願那些喜愛你救恩的，常說：當尊耶和華為大！|zh
1201|40|16|16|Let all those who are looking for you be glad and have joy in you; let the lovers of your salvation ever say, May the Lord be great.|en
1202|40|17|17|但我是困苦窮乏的，主仍顧念我；你是幫助我的，搭救我的。神啊，求你不要耽延！|zh
1203|40|17|17|Though I am poor and in need, the Lord has me in mind; you are my help and my saviour; let there be no waiting, O my God.|en
1204|41|1|1|（大衛的詩，交與伶長。）眷顧貧窮的有福了！他遭難的日子，耶和華必搭救他。|zh
1205|41|1|1|- To the chief music-maker. A Psalm. Of David. - Happy is the man who gives thought to the poor; the Lord will be his saviour in the time of trouble.|en
1206|41|2|2|耶和華必保全他，使他存活；他必在地上享福。求你不要把他交給仇敵，遂其所願。|zh
1207|41|2|2|The Lord will keep him safe, and give him life; the Lord will let him be a blessing on the earth, and will not give him into the hand of his haters.|en
1208|41|3|3|他病重在榻，耶和華必扶持他；他在病中，你必給他鋪床。|zh
1209|41|3|3|The Lord will be his support on his bed of pain: by you will all his grief be turned to strength.|en
1210|41|4|4|我曾說：耶和華啊，求你憐恤我，醫治我！因為我得罪了你。|zh
1211|41|4|4|I said, Lord, have mercy on me; make my soul well, because my faith is in you.|en
1212|41|5|5|我的仇敵用惡言議論我說：他幾時死，他的名才滅亡呢？|zh
1213|41|5|5|My haters say evil against me, When will he be dead, and his name come to an end?|en
1214|41|6|6|他來看我就說假話；他心存奸惡，走到外邊才說出來。|zh
1215|41|6|6|If one comes to see me, deceit is in his heart; he keeps a store of evil, which he makes public in every place.|en
1216|41|7|7|一切恨我的，都交頭接耳地議論我；他們設計要害我。|zh
1217|41|7|7|All my haters are talking secretly together against me; they are designing my downfall.|en
1218|41|8|8|他們說：有怪病貼在他身上；他已躺臥，必不能再起來。|zh
1219|41|8|8|They say, He has an evil disease, which will not let him go: and now that he is down he will not get up again.|en
1220|41|9|9|連我知己的朋友，我所倚靠、吃過我飯的也用腳踢我。|zh
1221|41|9|9|Even my dearest friend, in whom I had faith, who took bread with me, is turned against me.|en
1222|41|10|10|耶和華啊，求你憐恤我，使我起來，好報復他們！|zh
1223|41|10|10|But you, O Lord, have mercy on me, lifting me up, so that I may give them their punishment.|en
1224|41|11|11|因我的仇敵不得向我誇勝，我從此便知道你喜愛我。|zh
1225|41|11|11|By this I see that you have pleasure in me, because my hater does not overcome me.|en
1226|41|12|12|你因我純正就扶持我，使我永遠站在你的面前。|zh
1227|41|12|12|And as for me, you are my support in my righteousness, giving me a place before your face for ever.|en
1228|41|13|13|耶和華─以色列的神是應當稱頌的，從亙古直到永遠。阿們！阿們！|zh
1229|41|13|13|May the Lord God of Israel be praised, through eternal days and for ever. So be it. So be it.|en
1230|42|1|1|（可拉後裔的訓誨詩，交與伶長。）神啊，我的心切慕你，如鹿切慕溪水。|zh
1231|42|1|1|- To the chief music-maker. Maschil. Of the sons of Korah. - Like the desire of the roe for the water-streams, so is my soul's desire for you, O God.|en
1232|42|2|2|我的心渴想神，就是永生神；我幾時得朝見　神呢？|zh
1233|42|2|2|My soul is dry for need of God, the living God; when may I come and see the face of God?|en
1234|42|3|3|我晝夜以眼淚當飲食；人不住地對我說：你的神在哪裡呢？|zh
1235|42|3|3|My tears have been my food day and night, while they keep saying to me, Where is your God?|en
1236|42|4|4|我從前與眾人同往，用歡呼稱讚的聲音領他們到神的殿裡，大家守節。我追想這些事，我的心極其悲傷。|zh
1237|42|4|4|Let my soul be overflowing with grief when these things come back to my mind, how I went in company to the house of God, with the voice of joy and praise, with the song of those who were keeping the feast.|en
1238|42|5|5|我的心哪，你為何憂悶？為何在我裡面煩躁？應當仰望神，因他笑臉幫助我；我還要稱讚他。|zh
1239|42|5|5|Why are you crushed down, O my soul? and why are you troubled in me? put your hope in God; for I will again give him praise who is my help and my God.|en
1240|42|6|6|我的神啊，我的心在我裡面憂悶，所以我從約但地，從黑門嶺，從米薩山記念你。|zh
1241|42|6|6|My soul is crushed down in me, so I will keep you in mind; from the land of Jordan and of the Hermons, from the hill Mizar.|en
1242|42|7|7|你的瀑布發聲，深淵就與深淵響應；你的波浪洪濤漫過我身。|zh
1243|42|7|7|Deep is sounding to deep at the noise of your waterfalls; all your waves have gone rolling over me.|en
1244|42|8|8|白晝，耶和華必向我施慈愛；黑夜，我要歌頌禱告賜我生命的神。|zh
1245|42|8|8|But the Lord will send his mercy in the daytime, and in the night his song will be with me, a prayer to the God of my life.|en
1246|42|9|9|我要對神─我的磐石說：你為何忘記我呢？我為何因仇敵的欺壓時常哀痛呢？|zh
1247|42|9|9|I will say to God my Rock, Why have you let me go from your memory? why do I go in sorrow because of the attacks of my haters?|en
1248|42|10|10|我的敵人辱罵我，好像打碎我的骨頭，不住地對我說：你的神在哪裡呢？|zh
1249|42|10|10|The cruel words of my haters are like a crushing of my bones; when they say to me every day, Where is your God?|en
1250|42|11|11|我的心哪，你為何憂悶？為何在我裡面煩躁？應當仰望神，因我還要稱讚他。他是我臉上的光榮（原文是幫助），是我的　神。|zh
1251|42|11|11|Why are you crushed down, O my soul? and why are you troubled in me? put your hope in God; for I will again give him praise who is my help and my God.|en
1252|43|1|1|神啊，求你伸我的冤，向不虔誠的國為我辨屈；求你救我脫離詭詐不義的人。|zh
1253|43|1|1|Be my judge, O God, supporting my cause against a nation without religion; O keep me from the false and evil man.|en
1254|43|2|2|因為你是賜我力量的神，為何丟棄我呢？我為何因仇敵的欺壓時常哀痛呢？|zh
1255|43|2|2|You are the God of my strength; why have you put me from you? why do I go in sorrow because of the attacks of my haters?|en
1256|43|3|3|求你發出你的亮光和真實，好引導我，帶我到你的聖山，到你的居所！|zh
1257|43|3|3|O send out your light and your true word; let them be my guide: let them take me to your holy hill, and to your tents.|en
1258|43|4|4|我就走到神的祭壇，到我最喜樂的神那裡。神啊，我的　神，我要彈琴稱讚你！|zh
1259|43|4|4|Then I will go up to the altar of God, to the God of my joy; I will be glad and give praise to you on an instrument of music, O God, my God.|en
1260|43|5|5|我的心哪，你為何憂悶？為何在我裡面煩躁？應當仰望神，因我還要稱讚他。他是我臉上的光榮（原文是幫助），是我的　神。|zh
1261|43|5|5|Why are you crushed down, O my soul? and why are you troubled in me? put your hope in God, for I will again give him praise who is my help and my God.|en
1262|44|1|1|（可拉後裔的訓誨詩，交與伶長。）神啊，你在古時，我們列祖的日子所行的事，我們親耳聽見了；我們的列祖也給我們述說過。|zh
1263|44|1|1|- To the chief music-maker. Of the sons of Korah Maschil. - It has come to our ears, O God, our fathers have given us the story, of the works which you did in their days, in the old times,|en
1264|44|2|2|你曾用手趕出外邦人，卻栽培了我們列祖；你苦待列邦，卻叫我們列祖發達。|zh
1265|44|2|2|Uprooting the nations with your hand, and planting our fathers in their place; cutting down the nations, but increasing the growth of your people.|en
1266|44|3|3|因為他們不是靠自己的刀劍得地土，也不是靠自己的膀臂得勝，乃是靠你的右手、你的膀臂，和你臉上的亮光，因為你喜悅他們。|zh
1267|44|3|3|For they did not make the land theirs by their swords, and it was not their arms which kept them safe; but your right hand, and your arm, and the light of your face, because you had pleasure in them.|en
1268|44|4|4|神啊，你是我的王；求你出令使雅各得勝。|zh
1269|44|4|4|You are my King and my God; ordering salvation for Jacob.|en
1270|44|5|5|我們靠你要推倒我們的敵人，靠你的名要踐踏那起來攻擊我們的人。|zh
1271|44|5|5|Through you will we overcome our haters; by your name will they be crushed under our feet who are violent against us.|en
1272|44|6|6|因為，我必不靠我的弓；我的刀也不能使我得勝。|zh
1273|44|6|6|I will not put faith in my bow, my sword will not be my salvation.|en
1274|44|7|7|惟你救了我們脫離敵人，使恨我們的人羞愧。|zh
1275|44|7|7|But it is you who have been our saviour from those who were against us, and have put to shame those who had hate for us.|en
1276|44|8|8|我們終日因神誇耀，還要永遠稱謝你的名。（細拉）|zh
1277|44|8|8|Our pride is in God at all times, to his name we give praise for ever. (Selah.)|en
1278|44|9|9|但如今你丟棄了我們，使我們受辱，不和我們的軍兵同去。|zh
1279|44|9|9|But now you have sent us away from you, and put us to shame; you do not go out with our armies.|en
1280|44|10|10|你使我們向敵人轉身退後；那恨我們的人任意搶奪。|zh
1281|44|10|10|Because of this we are turned back by the attacker: those who have hate for us take our goods for themselves.|en
1282|44|11|11|你使我們當作快要被吃的羊，把我們分散在列邦中。|zh
1283|44|11|11|You have made us like sheep which are taken for meat; we are put to flight among the nations.|en
1284|44|12|12|你賣了你的子民也不賺利，所得的價值並不加添你的資財。|zh
1285|44|12|12|You let your people go for nothing; your wealth is not increased by their price.|en
1286|44|13|13|你使我們受鄰國的羞辱，被四圍的人嗤笑譏刺。|zh
1287|44|13|13|You have made us to be looked down on by our neighbours, we are laughed at and shamed by those who are round about us.|en
1288|44|14|14|你使我們在列邦中作了笑談，使眾民向我們搖頭。|zh
1289|44|14|14|Our name is a word of shame among the nations, a sign for the shaking of heads among the peoples.|en
1290|44|15|15|我的凌辱終日在我面前，我臉上的羞愧將我遮蔽，|zh
1291|44|15|15|My downfall is ever before me, and I am covered with the shame of my face;|en
1292|44|16|16|都因那辱罵毀謗人的聲音，又因仇敵和報仇人的緣故。|zh
1293|44|16|16|Because of the voice of him who says sharp and bitter words; because of the hater and him who is the instrument of punishment.|en
1294|44|17|17|這都臨到我們身上，我們卻沒有忘記你，也沒有違背你的約。|zh
1295|44|17|17|All this has come on us, but still we have kept you in our memory; and we have not been false to your word.|en
1296|44|18|18|我們的心沒有退後；我們的腳也沒有偏離你的路。|zh
1297|44|18|18|Our hearts have not gone back, and our steps have not been turned out of your way;|en
1298|44|19|19|你在野狗之處壓傷我們，用死蔭遮蔽我們。|zh
1299|44|19|19|Though you have let us be crushed in the place of jackals, though we are covered with darkest shade.|en
1300|44|20|20|倘若我們忘了神的名，或向別神舉手，|zh
1301|44|20|20|If the name of our God has gone out of our minds, or if our hands have been stretched out to a strange god,|en
1302|44|21|21|神豈不鑒察這事麼？因為他曉得人心裡的隱秘。|zh
1303|44|21|21|Will not God make search for it? for he sees the secrets of the heart.|en
1304|44|22|22|我們為你的緣故終日被殺；人看我們如將宰的羊。|zh
1305|44|22|22|Truly, because of you we are put to death every day; we are numbered like sheep for destruction.|en
1306|44|23|23|主啊，求你睡醒，為何儘睡呢？求你興起，不要永遠丟棄我們！|zh
1307|44|23|23|Why are you sleeping, O Lord? awake! and come to our help, do not give us up for ever.|en
1308|44|24|24|你為何掩面，不顧我們所遭的苦難和所受的欺壓？|zh
1309|44|24|24|Why is your face covered, and why do you give no thought to our trouble and our cruel fate?|en
1310|44|25|25|我們的性命伏於塵土；我們的肚腹緊貼地面。|zh
1311|44|25|25|For our souls are crushed down to the dust: our bodies are stretched out on the earth.|en
1312|44|26|26|求你起來幫助我們！憑你的慈愛救贖我們！|zh
1313|44|26|26|Up! and come to our help, and give us salvation because of your mercy.|en
1314|45|1|1|（可拉後裔的訓誨詩，又是愛慕歌，交與伶長。調用百合花。）我心裡湧出美辭；我論到我為王做的事，我的舌頭是快手筆。|zh
1315|45|1|1|- To the chief music-maker; put to Shoshannim. Of the sons of Korah. Maschil. A Song of loves. - My heart is flowing over with good things; my words are of that which I have made for a king; my tongue is the pen of a ready writer.|en
1316|45|2|2|你比世人更美；在你嘴裡滿有恩惠；所以神賜福給你，直到永遠。|zh
1317|45|2|2|You are fairer than the children of men; grace is flowing through your lips; for this cause the blessing of God is with you for ever.|en
1318|45|3|3|大能者啊，願你腰間佩刀，大有榮耀和威嚴！|zh
1319|45|3|3|Put on your sword, make it ready at your side, O strong chief, with your glory and power.|en
1320|45|4|4|為真理、謙卑、公義赫然坐車前往，無不得勝；你的右手必顯明可畏的事。|zh
1321|45|4|4|And go nobly on in your power, because you are good and true and without pride; and your right hand will be teaching you things of fear.|en
1322|45|5|5|你的箭鋒快，射中王敵之心；萬民仆倒在你以下。|zh
1323|45|5|5|Your arrows are sharp in the heart of the king's haters; because of them the peoples are falling under you.|en
1324|45|6|6|神啊，你的寶座是永永遠遠的；你的國權是正直的。|zh
1325|45|6|6|Your seat of power, O God, is for ever and ever; the rod of your kingdom is a rod of honour.|en
1326|45|7|7|你喜愛公義，恨惡罪惡；所以神─就是你的　神─用喜樂油膏你，勝過膏你的同伴。|zh
1327|45|7|7|You have been a lover of righteousness and a hater of evil: and so God, your God, has put the oil of joy on your head, lifting you high over all other kings.|en
1328|45|8|8|你的衣服都有沒藥、沉香、肉桂的香氣；象牙宮中有絲弦樂器的聲音使你歡喜。|zh
1329|45|8|8|Your robes are full of the smell of all sorts of perfumes and spices; music from the king's ivory houses has made you glad.|en
1330|45|9|9|有君王的女兒在你尊貴婦女之中；王后佩戴俄斐金飾站在你右邊。|zh
1331|45|9|9|Kings' daughters are among your noble women: on your right is the queen in gold of Ophir.|en
1332|45|10|10|女子啊，你要聽，要想，要側耳而聽！不要記念你的民和你的父家，|zh
1333|45|10|10|O daughter, give thought and attention, and let your ear be open; no longer keep in mind your people, and your father's house;|en
1334|45|11|11|王就羨慕你的美貌；因為他是你的主，你當敬拜他。|zh
1335|45|11|11|So will the king have a great desire for you, seeing how beautiful you are; because he is your lord, give him honour.|en
1336|45|12|12|推羅的民（原文是女子）必來送禮；民中的富足人也必向你求恩。|zh
1337|45|12|12|And the daughters of Tyre will be there with an offering; those who have wealth among the people will be looking for your approval.|en
1338|45|13|13|王女在宮裡極其榮華；他的衣服是用金線繡的。|zh
1339|45|13|13|In the great house the king's daughter is all shining: her clothing is worked with gold.|en
1340|45|14|14|他要穿錦繡的衣服，被引到王前；隨從他的陪伴童女也要被帶到你面前。|zh
1341|45|14|14|She will come before the king in robes of needlework; the virgins in her train will come before you.|en
1342|45|15|15|他們要歡喜快樂被引導；他們要進入王宮。|zh
1343|45|15|15|With joy and rapture will they come; they will go into the king's house.|en
1344|45|16|16|你的子孫要接續你的列祖；你要立他們在全地作王。|zh
1345|45|16|16|Your children will take the place of your fathers; so that you may make them rulers over all the earth.|en
1346|45|17|17|我必叫你的名被萬代記念，所以萬民要永永遠遠稱謝你。|zh
1347|45|17|17|I will keep the memory of your name living through all generations; and because of this the people will give you praise for ever.|en
1348|46|1|1|（可拉後裔的詩歌，交與伶長。調用女音。）神是我們的避難所，是我們的力量，是我們在患難中隨時的幫助。|zh
1349|46|1|1|- To the chief music-maker. Of the sons of Korah; put to Alamoth. A Song. - God is our harbour and our strength, a very present help in trouble.|en
1350|46|2|2|所以，地雖改變，山雖搖動到海心，|zh
1351|46|2|2|For this cause we will have no fear, even though the earth is changed, and though the mountains are moved in the heart of the sea;|en
1352|46|3|3|其中的水雖匉訇翻騰，山雖因海漲而戰抖，我們也不害怕。（細拉）|zh
1353|46|3|3|Though its waters are sounding and troubled, and though the mountains are shaking with their violent motion. (Selah.)|en
1354|46|4|4|有一道河，這河的分使　神的城歡喜；這城就是至高者居住的聖所。|zh
1355|46|4|4|There is a river whose streams make glad the resting-place of God, the holy place of the tents of the Most High.|en
1356|46|5|5|神在其中，城必不動搖；到天一亮，神必幫助這城。|zh
1357|46|5|5|God has taken his place in her; she will not be moved: he will come to her help at the dawn of morning.|en
1358|46|6|6|外邦喧嚷，列國動搖；神發聲，地便鎔化。|zh
1359|46|6|6|The nations were angry, the kingdoms were moved; at the sound of his voice the earth became like wax.|en
1360|46|7|7|萬軍之耶和華與我們同在；雅各的神是我們的避難所！（細拉）|zh
1361|46|7|7|The Lord of armies is with us; the God of Jacob is our high tower. (Selah.)|en
1362|46|8|8|你們來看耶和華的作為，看他使地怎樣荒涼。|zh
1363|46|8|8|Come, see the works of the Lord, the destruction which he has made in the earth.|en
1364|46|9|9|他止息刀兵，直到地極；他折弓、斷槍，把戰車焚燒在火中。|zh
1365|46|9|9|He puts an end to wars over all the earth; by him the bow is broken, and the spear cut in two, and the carriage burned in the fire.|en
1366|46|10|10|你們要休息，要知道我是神！我必在外邦中被尊崇，在遍地上也被尊崇。|zh
1367|46|10|10|Be at peace in the knowledge that I am God: I will be lifted up among the nations, I will be honoured through all the earth.|en
1368|46|11|11|萬軍之耶和華與我們同在；雅各的神是我們的避難所！|zh
1369|46|11|11|The Lord of armies is with us; the God of Jacob is our high tower. (Selah.)|en
1370|47|1|1|（可拉後裔的詩，交與伶長。）萬民哪，你們都要拍掌！要用誇勝的聲音向神呼喊！|zh
1371|47|1|1|- To the chief music-maker. A Psalm. Of the sons of Korah. - O make a glad noise with your hands, all you peoples; letting your voices go up to God with joy.|en
1372|47|2|2|因為耶和華至高者是可畏的；他是治理全地的大君王。|zh
1373|47|2|2|For the Lord Most High is to be feared; he is a great King over all the earth.|en
1374|47|3|3|他叫萬民服在我們以下，又叫列邦服在我們腳下。|zh
1375|47|3|3|He will put down the peoples under us, and the nations under our feet.|en
1376|47|4|4|他為我們選擇產業，就是他所愛之雅各的榮耀。（細拉）|zh
1377|47|4|4|He will give us our heritage, the glory of Jacob who is dear to him. (Selah.)|en
1378|47|5|5|神上升，有喊聲相送；耶和華上升，有角聲相送。|zh
1379|47|5|5|God has gone up with a glad cry, the Lord with the sound of the horn.|en
1380|47|6|6|你們要向神歌頌，歌頌！向我們王歌頌，歌頌！|zh
1381|47|6|6|Give praises to God, make songs of praise; give praises to our King, make songs of praise.|en
1382|47|7|7|因為神是全地的王；你們要用悟性歌頌。|zh
1383|47|7|7|For God is the King of all the earth; make songs of praise with knowledge.|en
1384|47|8|8|神作王治理萬國；神坐在他的聖寶座上。|zh
1385|47|8|8|God is the ruler over the nations; God is on the high seat of his holy rule.|en
1386|47|9|9|列邦的君王聚集要作亞伯拉罕之神的民。因為世界的盾牌是屬　神的；他為至高！|zh
1387|47|9|9|The rulers of the peoples have come together, with the people of the God of Abraham; because the powers of the earth are God's: he is lifted up on high.|en
1388|48|1|1|（可拉後裔的詩歌。）耶和華本為大！在我們神的城中，在他的聖山上，該受大讚美。|zh
1389|48|1|1|- A Song. A Psalm. Of the sons of Korah. - Great is the Lord and greatly to be praised, in the town of our God, in his holy mountain.|en
1390|48|2|2|錫安山─大君王的城，在北面居高華美，為全地所喜悅。|zh
1391|48|2|2|Beautiful in its high position, the joy of all the earth, is the mountain of Zion, the mountain of God, the town of the great King.|en
1392|48|3|3|神在其宮中，自顯為避難所。|zh
1393|48|3|3|In its buildings God is seen to be a high tower.|en
1394|48|4|4|看哪，眾王會合，一同經過。|zh
1395|48|4|4|For see! the kings came together by agreement, they were joined together.|en
1396|48|5|5|他們見了這城就驚奇喪膽，急忙逃跑。|zh
1397|48|5|5|They saw it, and so were full of wonder; they were troubled, and went quickly away in fear.|en
1398|48|6|6|他們在那裡被戰兢疼痛抓住，好像產難的婦人一樣。|zh
1399|48|6|6|Shaking came on them and pain, as on a woman in childbirth.|en
1400|48|7|7|神啊，你用東風打破他施的船隻。|zh
1401|48|7|7|By you the ships of Tarshish are broken as by an east wind.|en
1402|48|8|8|我們在萬軍之耶和華的城中─就是我們神的城中─所看見的，正如我們所聽見的。　神必堅立這城，直到永遠。（細拉）|zh
1403|48|8|8|As it came to our ears so have we seen it, in the town of the Lord of armies, in the town of our God; God will keep it fixed for ever. (Selah.)|en
1404|48|9|9|神啊，我們在你的殿中想念你的慈愛。|zh
1405|48|9|9|Our thoughts were of your mercy, O God, while we were in your Temple.|en
1406|48|10|10|神啊，你受的讚美正與你的名相稱，直到地極！你的右手滿了公義。|zh
1407|48|10|10|As your name is, O God, so is your praise to the ends of the earth; your right hand is full of righteousness.|en
1408|48|11|11|因你的判斷，錫安山應當歡喜，猶大的城邑（原文是女子）應當快樂。|zh
1409|48|11|11|Let there be joy in the mountain of Zion, and let the daughters of Judah be glad, because of your wise decisions.|en
1410|48|12|12|你們當周遊錫安，四圍旋繞，數點城樓，|zh
1411|48|12|12|Make your way about Zion, and go round it, numbering its towers.|en
1412|48|13|13|細看他的外郭，察看他的宮殿，為要傳說到後代。|zh
1413|48|13|13|Take note of its strong walls, looking well at its fair buildings; so that you may give word of it to the generation which comes after.|en
1414|48|14|14|因為這神永永遠遠為我們的　神；他必作我們引路的，直到死時。|zh
1415|48|14|14|Because this God is our God for ever and ever: he will be our guide.|en
1416|49|1|1|（可拉後裔的詩，交與伶長。）萬民哪，你們都當聽這話！世上一切的居民，|zh
1417|49|1|1|- Alamoth. To the chief music-maker. Of the sons of Korah. A Psalm. - Give attention to this, all you peoples; let your ears be open, all you who are living in the world.|en
1418|49|2|2|無論上流下流，富足貧窮，都當留心聽！|zh
1419|49|2|2|High and low together, the poor, and those who have wealth.|en
1420|49|3|3|我口要說智慧的言語；我心要想通達的道理。|zh
1421|49|3|3|From my mouth will come words of wisdom; and in the thoughts of my heart will be knowledge.|en
1422|49|4|4|我要側耳聽比喻，用琴解謎語。|zh
1423|49|4|4|I will put my teaching into a story; I will make my dark sayings clear with music.|en
1424|49|5|5|在患難的日子，奸惡隨我腳跟，四面環繞我，我何必懼怕？|zh
1425|49|5|5|What cause have I for fear in the days of evil, when the evil-doing of those who are working for my downfall is round about me?|en
1426|49|6|6|那些倚仗財貨自誇錢財多的人，|zh
1427|49|6|6|Even of those whose faith is in their wealth, and whose hearts are lifted up because of their stores.|en
1428|49|7|7|一個也無法贖自己的弟兄，也不能替他將贖價給神，|zh
1429|49|7|7|Truly, no man may get back his soul for a price, or give to God the payment for himself;|en
1430|49|8|8,9 |叫他長遠活著，不見朽壞；因為贖他生命的價值極貴，只可永遠罷休。|zh
1431|49|8|8|(Because it takes a great price to keep his soul from death, and man is not able to give it.)|en
1432|49|9|9|So that he might have eternal life, and never see the underworld.|en
1433|49|10|10|他必見智慧人死，又見愚頑人和畜類人一同滅亡，將他們的財貨留給別人。|zh
1434|49|10|10|For he sees that wise men come to their end, and foolish persons of low behaviour come to destruction together, letting their wealth go to others.|en
1435|49|11|11|他們心裡思想：他們的家室必永存，住宅必留到萬代；他們以自己的名稱自己的地。|zh
1436|49|11|11|The place of the dead is their house for ever, and their resting-place through all generations; those who come after them give their names to their lands.|en
1437|49|12|12|但人居尊貴中不能長久，如同死亡的畜類一樣。|zh
1438|49|12|12|But man, like the animals, does not go on for ever; he comes to an end like the beasts.|en
1439|49|13|13|他們行的這道本為自己的愚昧；但他們以後的人還佩服他們的話語。（細拉）|zh
1440|49|13|13|This is the way of the foolish; their silver is for those who come after them, and their children get the pleasure of their gold. (Selah.)|en
1441|49|14|14|他們如同羊群派定下陰間；死亡必作他們的牧者。到了早晨，正直人必管轄他們；他們的美容必被陰間所滅，以致無處可存。|zh
1442|49|14|14|Death will give them their food like sheep; the underworld is their fate and they will go down into it; their flesh is food for worms; their form is wasted away; the underworld is their resting-place for ever.|en
1443|49|15|15|只是神必救贖我的靈魂脫離陰間的權柄，因他必收納我。（細拉）|zh
1444|49|15|15|But God will get back my soul; for he will take me from the power of death. (Selah.)|en
1445|49|16|16|見人發財、家室增榮的時候，你不要懼怕；|zh
1446|49|16|16|Have no fear when wealth comes to a man, and the glory of his house is increased;|en
1447|49|17|17|因為，他死的時候甚麼也不能帶去；他的榮耀不能隨他下去。|zh
1448|49|17|17|For at his death, he will take nothing away; his glory will not go down after him.|en
1449|49|18|18|他活著的時候，雖然自誇為有福（你若利己，人必誇獎你）；|zh
1450|49|18|18|Though he might have pride in his soul in his life-time, and men will give you praise if you do well for yourself,|en
1451|49|19|19|他仍必歸到他歷代的祖宗那裡，永不見光。|zh
1452|49|19|19|He will go to the generation of his fathers; he will not see the light again.|en
1453|49|20|20|人在尊貴中而不醒悟，就如死亡的畜類一樣。|zh
1454|49|20|20|Man, like the animals, does not go on for ever; he comes to an end like the beasts.|en
1455|50|1|1|（亞薩的詩。）大能者神─耶和華已經發言招呼天下，從日出之地到日落之處。|zh
1456|50|1|1|- A Psalm. Of Asaph. - The God of gods, even the Lord, has sent out his voice, and the earth is full of fear; from the coming up of the sun to its going down.|en
1457|50|2|2|從全美的錫安中，神已經發光了。|zh
1458|50|2|2|From Zion, most beautiful of places, God has sent out his light.|en
1459|50|3|3|我們的神要來，決不閉口。有烈火在他面前吞滅；有暴風在他四圍大颳。|zh
1460|50|3|3|Our God will come, and will not keep quiet; with fire burning before him, and storm-winds round him.|en
1461|50|4|4|他招呼上天下地，為要審判他的民，|zh
1462|50|4|4|His voice will go out to the heavens and to the earth, for the judging of his people:|en
1463|50|5|5|說：招聚我的聖民到我這裡來，就是那些用祭物與我立約的人。|zh
1464|50|5|5|Let my saints come together to me; those who have made an agreement with me by offerings.|en
1465|50|6|6|諸天必表明他的公義，因為神是施行審判的。（細拉）|zh
1466|50|6|6|And let the heavens make clear his righteousness; for God himself is the judge. (Selah.)|en
1467|50|7|7|我的民哪，你們當聽我的話！以色列啊，我要勸戒你；我是神，是你的　神！|zh
1468|50|7|7|Give ear, O my people, to my words; O Israel, I will be a witness against you; I am God, even your God.|en
1469|50|8|8|我並不因你的祭物責備你；你的燔祭常在我面前。|zh
1470|50|8|8|I will not take up a cause against you because of your offerings, or because of your burned offerings, which are ever before me.|en
1471|50|9|9|我不從你家中取公牛，也不從你圈內取山羊；|zh
1472|50|9|9|I will take no ox out of your house, or he-goats from your flocks;|en
1473|50|10|10|因為，樹林中的百獸是我的，千山上的牲畜也是我的。|zh
1474|50|10|10|For every beast of the woodland is mine, and the cattle on a thousand hills.|en
1475|50|11|11|山中的飛鳥，我都知道；野地的走獸也都屬我。|zh
1476|50|11|11|I see all the birds of the mountains, and the beasts of the field are mine.|en
1477|50|12|12|我若是飢餓，我不用告訴你，因為世界和其中所充滿的都是我的。|zh
1478|50|12|12|If I had need of food, I would not give you word of it; for the earth is mine and all its wealth.|en
1479|50|13|13|我豈吃公牛的肉呢？我豈喝山羊的血呢？|zh
1480|50|13|13|Am I to take the flesh of the ox for my food, or the blood of goats for my drink?|en
1481|50|14|14|你們要以感謝為祭獻與神，又要向至高者還你的願，|zh
1482|50|14|14|Make an offering of praise to God; keep the agreements which you have made with the Most High;|en
1483|50|15|15|並要在患難之日求告我；我必搭救你，你也要榮耀我。|zh
1484|50|15|15|Let your voice come up to me in the day of trouble; I will be your saviour, so that you may give glory to me.|en
1485|50|16|16|但神對惡人說：你怎敢傳說我的律例，口中提到我的約呢？|zh
1486|50|16|16|But to the sinner, God says, What are you doing, talking of my laws, or taking the words of my agreement in your mouth?|en
1487|50|17|17|其實你恨惡管教，將我的言語丟在背後。|zh
1488|50|17|17|Seeing that you have no desire for my teaching, turning your back on my words.|en
1489|50|18|18|你見了盜賊就樂意與他同夥，又與行姦淫的人一同有分。|zh
1490|50|18|18|When you saw a thief, you were in agreement with him, and you were joined with those who took other men's wives.|en
1491|50|19|19|你口任說惡言；你舌編造詭詐。|zh
1492|50|19|19|You have given your mouth to evil, your tongue to words of deceit.|en
1493|50|20|20|你坐著毀謗你的兄弟，讒毀你親母的兒子。|zh
1494|50|20|20|You say evil of your brother; you make false statements against your mother's son.|en
1495|50|21|21|你行了這些事，我還閉口不言，你想我恰和你一樣；其實我要責備你，將這些事擺在你眼前。|zh
1496|50|21|21|These things have you done, and I said nothing; it seemed to you that I was such a one as yourself; but I will make a protest against you, and put them in order before your eyes.|en
1497|50|22|22|你們忘記神的，要思想這事，免得我把你們撕碎，無人搭救。|zh
1498|50|22|22|Now keep this in mind, you who have no memory of God, for fear that you may be crushed under my hand, with no one to give you help:|en
1499|50|23|23|凡以感謝獻上為祭的便是榮耀我；那按正路而行的，我必使他得著我的救恩。|zh
1500|50|23|23|Whoever makes an offering of praise gives glory to me; and to him who is upright in his ways I will make clear the salvation of God.|en
1501|51|1|1|（大衛與拔示巴同室以後，先知拿單來見他；他作這詩，交與伶長。）神啊，求你按你的慈愛憐恤我！按你豐盛的慈悲塗抹我的過犯！|zh
1502|51|1|1|- To the chief music-maker. A Psalm. Of David. When Nathan the prophet came to him, after he had gone in to Bath-sheba. - Have pity on me, O God, in your mercy; out of a full heart, take away my sin.|en
1503|51|2|2|求你將我的罪孽洗除淨盡，並潔除我的罪！|zh
1504|51|2|2|Let all my wrongdoing be washed away, and make me clean from evil.|en
1505|51|3|3|因為，我知道我的過犯；我的罪常在我面前。|zh
1506|51|3|3|For I am conscious of my error; my sin is ever before me.|en
1507|51|4|4|我向你犯罪，惟獨得罪了你；在你眼前行了這惡，以致你責備我的時候顯為公義，判斷我的時候顯為清正。|zh
1508|51|4|4|Against you, you only, have I done wrong, working that which is evil in your eyes; so that your words may be seen to be right, and you may be clear when you are judging.|en
1509|51|5|5|我是在罪孽裡生的，在我母親懷胎的時候就有了罪。|zh
1510|51|5|5|Truly, I was formed in evil, and in sin did my mother give me birth.|en
1511|51|6|6|你所喜愛的是內裡誠實；你在我隱密處，必使我得智慧。|zh
1512|51|6|6|Your desire is for what is true in the inner parts: in the secrets of my soul you will give me knowledge of wisdom.|en
1513|51|7|7|求你用牛膝草潔淨我，我就乾淨；求你洗滌我，我就比雪更白。|zh
1514|51|7|7|Make me free from sin with hyssop: let me be washed whiter than snow.|en
1515|51|8|8|求你使我得聽歡喜快樂的聲音，使你所壓傷的骨頭可以踴躍。|zh
1516|51|8|8|Make me full of joy and rapture; so that the bones which have been broken may be glad.|en
1517|51|9|9|求你掩面不看我的罪，塗抹我一切的罪孽。|zh
1518|51|9|9|Let your face be turned from my wrongdoing, and take away all my sins.|en
1519|51|10|10|神啊，求你為我造清潔的心，使我裡面重新有正直（或譯：堅定）的靈。|zh
1520|51|10|10|Make a clean heart in me, O God; give me a right spirit again.|en
1521|51|11|11|不要丟棄我，使我離開你的面；不要從我收回你的聖靈。|zh
1522|51|11|11|Do not put me away from before you, or take your holy spirit from me.|en
1523|51|12|12|求你使我仍得救恩之樂，賜我樂意的靈扶持我，|zh
1524|51|12|12|Give me back the joy of your salvation; let a free spirit be my support.|en
1525|51|13|13|我就把你的道指教有過犯的人，罪人必歸順你。|zh
1526|51|13|13|Then will I make your ways clear to wrongdoers; and sinners will be turned to you.|en
1527|51|14|14|神啊，你是拯救我的神；求你救我脫離流人血的罪！我的舌頭就高聲歌唱你的公義。|zh
1528|51|14|14|Be my saviour from violent death, O God, the God of my salvation; and my tongue will give praise to your righteousness.|en
1529|51|15|15|主啊，求你使我嘴唇張開，我的口便傳揚讚美你的話！|zh
1530|51|15|15|O Lord, let my lips be open, so that my mouth may make clear your praise.|en
1531|51|16|16|你本不喜愛祭物，若喜愛，我就獻上；燔祭，你也不喜悅。|zh
1532|51|16|16|You have no desire for an offering or I would give it; you have no delight in burned offerings.|en
1533|51|17|17|神所要的祭就是憂傷的靈；神啊，憂傷痛悔的心，你必不輕看。|zh
1534|51|17|17|The offerings of God are a broken spirit; a broken and sorrowing heart, O God, you will not put from you.|en
1535|51|18|18|求你隨你的美意善待錫安，建造耶路撒冷的城牆。|zh
1536|51|18|18|Do good to Zion in your good pleasure, building up the walls of Jerusalem.|en
1537|51|19|19|那時，你必喜愛公義的祭和燔祭並全牲的燔祭；那時，人必將公牛獻在你壇上。|zh
1538|51|19|19|Then you will have delight in the offerings of righteousness, in burned offerings and offerings of beasts; then they will make offerings of oxen on your altar.|en
1539|52|1|1|（以東人多益來告訴掃羅說：大衛到了亞希米勒家。那時，大衛作這訓誨詩，交與伶長。）勇士啊，你為何以作惡自誇？神的慈愛是常存的。|zh
1540|52|1|1|- To the chief music-maker. Maschil. Of David. When Doeg the Edomite came to Saul saying, David has come to the house of Ahimelech. - Why do you take pride in wrongdoing, lifting yourself up against the upright man all the day?|en
1541|52|2|2|你的舌頭邪惡詭詐，好像剃頭刀，快利傷人。|zh
1542|52|2|2|Purposing destruction, using deceit; your tongue is like a sharp blade.|en
1543|52|3|3|你愛惡勝似愛善，又愛說謊，不愛說公義。（細拉）|zh
1544|52|3|3|You have more love for evil than for good, for deceit than for works of righteousness. (Selah.)|en
1545|52|4|4|詭詐的舌頭啊，你愛說一切毀滅的話！|zh
1546|52|4|4|Destruction is in all your words, O false tongue.|en
1547|52|5|5|神也要毀滅你，直到永遠；他要把你拿去，從你的帳棚中抽出，從活人之地將你拔出。（細拉）|zh
1548|52|5|5|But God will put an end to you for ever; driving you out from your tent, uprooting you from the land of the living. (Selah.)|en
1549|52|6|6|義人要看見而懼怕，並要笑他，|zh
1550|52|6|6|The upright will see it with fear, and will say, laughing at you:|en
1551|52|7|7|說：看哪，這就是那不以神為他力量的人，只倚仗他豐富的財物，在邪惡上堅立自己。|zh
1552|52|7|7|See, this is the man who did not make God his strength, but had faith in his goods and his property, and made himself strong in his wealth.|en
1553|52|8|8|至於我，就像神殿中的青橄欖樹；我永永遠遠倚靠　神的慈愛。|zh
1554|52|8|8|But I am like a branching olive-tree in the house of God; I have put my faith in his mercy for ever and ever.|en
1555|52|9|9|我要稱謝你，直到永遠，因為你行了這事。我也要在你聖民面前仰望你的名；這名本為美好。|zh
1556|52|9|9|I will give you praise without end for what you have done; I will give honour to your name before your saints, for it is good.|en
1557|53|1|1|（大衛的訓誨詩，交與伶長。調用麻哈拉。）愚頑人心裡說：沒有神。他們都是邪惡，行了可憎惡的罪孽；沒有一個人行善。|zh
1558|53|1|1|- To the chief music-maker; put to Mahalath. Maschil. Of David. - The foolish man has said in his heart, God will not do anything. They are unclean, they have done evil works; there is not one who does good.|en
1559|53|2|2|神從天上垂看世人，要看有明白的沒有？有尋求他的沒有？|zh
1560|53|2|2|God was looking down from heaven on the children of men, to see if there were any who had wisdom, searching after God.|en
1561|53|3|3|他們各人都退後，一同變為污穢；並沒有行善的，連一個也沒有。|zh
1562|53|3|3|Every one of them has gone back; they are unclean: there is not one who does good, no, not one.|en
1563|53|4|4|作孽的沒有知識麼？他們吞吃我的百姓如同吃飯一樣，並不求告神。|zh
1564|53|4|4|Have the workers of evil no knowledge? they take my people for food, as they would take bread; they make no prayer to God.|en
1565|53|5|5|他們在無可懼怕之處就大大害怕，因為神把那安營攻擊你之人的骨頭散開了。你使他們蒙羞，因為　神棄絕了他們。|zh
1566|53|5|5|They were in great fear, where there was no cause for fear: for the bones of those who make war on you have been broken by God; you have put them to shame, because God has no desire for them.|en
1567|53|6|6|但願以色列的救恩從錫安而出。神救回他被擄的子民那時，雅各要快樂，以色列要歡喜。|zh
1568|53|6|6|May the salvation of Israel come out of Zion! When the fate of his people is changed by God, Jacob will have joy, and Israel will be glad.|en
1569|54|1|1|（西弗人來對掃羅說：大衛豈不是在我們那裡藏身麼？那時，大衛作這訓誨詩，交與伶長。用絲弦的樂器。）神啊，求你以你的名救我，憑你的大能為我伸冤。|zh
1570|54|1|1|- To the chief music-maker; on Neginoth. Maschil. Of David. When the Ziphites came and said to Saul, Is not David keeping himself secret among us? - Let your name be my salvation, O God; let my cause be judged by your strength.|en
1571|54|2|2|神啊，求你聽我的禱告，留心聽我口中的言語。|zh
1572|54|2|2|Let my prayer come before you, O God; give ear to the words of my mouth.|en
1573|54|3|3|因為，外人起來攻擊我，強暴人尋索我的命；他們眼中沒有神。（細拉）|zh
1574|54|3|3|For men who are going after me have come out against me, violent men are purposing to take my soul; they have not put God before their eyes. (Selah.)|en
1575|54|4|4|神是幫助我的，是扶持我命的。|zh
1576|54|4|4|See, God is my helper: the Lord is the great supporter of my soul.|en
1577|54|5|5|他要報應我仇敵所行的惡；求你憑你的誠實滅絕他們。|zh
1578|54|5|5|Let the evil works of my haters come back on them again; let them be cut off by your good faith.|en
1579|54|6|6|我要把甘心祭獻給你。耶和華啊，我要稱讚你的名；這名本為美好。|zh
1580|54|6|6|Freely will I make my offerings to you; I will give praise to your name, O Lord, for it is good.|en
1581|54|7|7|他從一切的急難中把我救出來；我的眼睛也看見了我仇敵遭報。|zh
1582|54|7|7|Because it has been my saviour from all my trouble; and my eyes have seen the punishment of my haters.|en
1583|55|1|1|（大衛的訓誨詩，交與伶長。用絲弦的樂器。）神啊，求你留心聽我的禱告，不要隱藏不聽我的懇求！|zh
1584|55|1|1|- To the chief music-maker, on Neginoth. Maschil. Of David. - Give hearing to my prayer, O God; and let not your ear be shut against my request.|en
1585|55|2|2|求你側耳聽我，應允我。我哀歎不安，發聲唉哼，|zh
1586|55|2|2|Give thought to me, and let my prayer be answered: I have been made low in sorrow;|en
1587|55|3|3|都因仇敵的聲音，惡人的欺壓；因為他們將罪孽加在我身上，發怒氣逼迫我。|zh
1588|55|3|3|I am troubled because of the voice of the cruel ones, because of the loud cry of the evil-doers; for they put a weight of evil on me, and they are cruel in their hate for me.|en
1589|55|4|4|我心在我裡面甚是疼痛；死的驚惶臨到我身。|zh
1590|55|4|4|My heart is deeply wounded, and the fear of death has come on me.|en
1591|55|5|5|恐懼戰兢歸到我身；驚恐漫過了我。|zh
1592|55|5|5|Fear and shaking have come over me, with deep fear I am covered.|en
1593|55|6|6|我說：但願我有翅膀像鴿子，我就飛去，得享安息。|zh
1594|55|6|6|And I said, If only I had wings like a dove! for then I would go in flight from here and be at rest.|en
1595|55|7|7|我必遠遊，宿在曠野。（細拉）|zh
1596|55|7|7|I would go wandering far away, living in the waste land. (Selah.)|en
1597|55|8|8|我必速速逃到避所，脫離狂風暴雨。|zh
1598|55|8|8|I would quickly take cover from the driving storm and from the violent wind.|en
1599|55|9|9|主啊，求你吞滅他們，變亂他們的舌頭！因為我在城中見了強暴爭競的事。|zh
1600|55|9|9|Send destruction on them, O Lord, make a division of tongues among them: for I have seen fighting and violent acts in the town.|en
1601|55|10|10|他們在城牆上晝夜繞行；在城內也有罪孽和奸惡。|zh
1602|55|10|10|By day and night they go round the town, on the walls; trouble and sorrow are in the heart of it.|en
1603|55|11|11|邪惡在其中；欺壓和詭詐不離街市。|zh
1604|55|11|11|Evil is there; cruel rule and deceit are ever in the streets.|en
1605|55|12|12|原來不是仇敵辱罵我，若是仇敵，還可忍耐；也不是恨我的人向我狂大，若是恨我的人就必躲避他。|zh
1606|55|12|12|For it was not my hater who said evil of me; that would have been no grief to me; it was not one outside the number of my friends who made himself strong against me, or I would have kept myself from him in a secret place;|en
1607|55|13|13|不料是你；你原與我平等，是我的同伴，是我知己的朋友！|zh
1608|55|13|13|But it was you, my equal, my guide, my well-loved friend.|en
1609|55|14|14|我們素常彼此談論，以為甘甜；我們與群眾在神的殿中同行。|zh
1610|55|14|14|We had loving talk together, and went to the house of God in company.|en
1611|55|15|15|願死亡忽然臨到他們！願他們活活地下入陰間！因為他們的住處，他們的心中，都是邪惡。|zh
1612|55|15|15|Let the hand of death come on them suddenly, and let them go down living into the underworld; because evil is in their houses and in their hearts.|en
1613|55|16|16|至於我，我要求告神；耶和華必拯救我。|zh
1614|55|16|16|As for me, I will make my prayer to God, and he will be my saviour.|en
1615|55|17|17|我要晚上、早晨、晌午哀聲悲歎；他也必聽我的聲音。|zh
1616|55|17|17|In the evening and in the morning and in the middle of the day I will make my prayer with sounds of grief; and my voice will come to his ears.|en
1617|55|18|18|他救贖我命脫離攻擊我的人，使我得享平安，因為與我相爭的人甚多。|zh
1618|55|18|18|He has taken my soul away from the attack which was made against me, and given it peace; for great numbers were against me.|en
1619|55|19|19|那沒有更變、不敬畏神的人，從太古常存的　神必聽見而苦待他。|zh
1620|55|19|19|God will give thought to me; he who from early times is strong will send pain and trouble on them. (Selah.) Because they are unchanged, they have no fear of God.|en
1621|55|20|20|他背了約，伸手攻擊與他和好的人。|zh
1622|55|20|20|He has put out his hand against those who were at peace with him; he has not kept his agreement.|en
1623|55|21|21|他的口如奶油光滑，他的心卻懷著爭戰；他的話比油柔和，其實是拔出來的刀。|zh
1624|55|21|21|The words of his mouth were smoother than butter, but war was in his heart; his words were softer than oil, but they were sharp swords.|en
1625|55|22|22|你要把你的重擔卸給耶和華，他必撫養你；他永不叫義人動搖。|zh
1626|55|22|22|Put your cares on the Lord, and he will be your support; he will not let the upright man be moved.|en
1627|55|23|23|神啊，你必使惡人下入滅亡的坑；流人血、行詭詐的人必活不到半世，但我要倚靠你。|zh
1628|55|23|23|But you, O God, will send them down into the underworld; the cruel and the false will be cut off before half their days are ended; but I will have faith in you.|en
1629|56|1|1|（非利士人在迦特拿住大衛。那時，他作這金詩，交與伶長。調用遠方無聲鴿。）神啊，求你憐憫我，因為人要把我吞了，終日攻擊欺壓我。|zh
1630|56|1|1|- To the chief music-maker; put to Jonath elem rehokim. Of David. Michtam. When the Philistines took him in Gath. - Have mercy on me, O God, for man is attempting my destruction; every day he makes cruel attacks against me.|en
1631|56|2|2|我的仇敵終日要把我吞了，因逞驕傲攻擊我的人甚多。|zh
1632|56|2|2|My haters are ever ready to put an end to me; great numbers are lifting themselves up against me.|en
1633|56|3|3|我懼怕的時候要倚靠你。|zh
1634|56|3|3|In the time of my fear, I will have faith in you.|en
1635|56|4|4|我倚靠神，我要讚美他的話；我倚靠　神，必不懼怕。血氣之輩能把我怎麼樣呢？|zh
1636|56|4|4|In God will I give praise to his word; in God have I put my hope; I will have no fear of what flesh may do to me.|en
1637|56|5|5|他們終日顛倒我的話；他們一切的心思都是要害我。|zh
1638|56|5|5|Every day they make wrong use of my words; all their thoughts are against me for evil.|en
1639|56|6|6|他們聚集，埋伏窺探我的腳蹤，等候要害我的命。|zh
1640|56|6|6|They come together, they are waiting in secret places, they take note of my steps, they are waiting for my soul.|en
1641|56|7|7|他們豈能因罪孽逃脫麼？神啊，求你在怒中使眾民墮落！|zh
1642|56|7|7|By evil-doing they will not get free from punishment. In wrath, O God, let the peoples be made low.|en
1643|56|8|8|我幾次流離，你都記數；求你把我眼淚裝在你的皮袋裡。這不都記在你冊子上麼？|zh
1644|56|8|8|You have seen my wanderings; put the drops from my eyes into your bottle; are they not in your record?|en
1645|56|9|9|我呼求的日子，我的仇敵都要轉身退後。神幫助我，這是我所知道的。|zh
1646|56|9|9|When I send up my cry to you, my haters will be turned back; I am certain of this, for God is with me.|en
1647|56|10|10|我倚靠神，我要讚美他的話我倚靠耶和華，我要讚美他的話。|zh
1648|56|10|10|In God will I give praise to his word; in the Lord will I give praise to his word.|en
1649|56|11|11|我倚靠神，必不懼怕。人能把我怎麼樣呢？|zh
1650|56|11|11|In God have I put my hope, I will have no fear of what man may do to me.|en
1651|56|12|12|神啊，我向你所許的願在我身上；我要將感謝祭獻給你。|zh
1652|56|12|12|I keep the memory of my debt to you, O God; I will give you the offerings of praise.|en
1653|56|13|13|因為你救我的命脫離死亡。你豈不是救護我的腳不跌倒、使我在生命光中行在神面前麼？|zh
1654|56|13|13|Because you have taken my soul from the power of death; and kept my feet from falling, so that I may be walking before God in the light of life.|en
1655|57|1|1|（大衛逃避掃羅，藏在洞裡。那時，他作這金詩，交與伶長。調用休要毀壞。）神啊，求你憐憫我，憐憫我！因為我的心投靠你。我要投靠在你翅膀的蔭下，等到災害過去。|zh
1656|57|1|1|- To the chief music-maker; put to Al-tashheth. Michtam. Of David. When he went in flight from Saul, in the hole of the rock. - Have mercy on me, O God, have mercy on me; for the hope of my soul is in you: I will keep myself safely under the shade of your wings, till these troubles are past.|en
1657|57|2|2|我要求告至高的神，就是為我成全諸事的　神。|zh
1658|57|2|2|I will send up my cry to the Most High God; to God who does all things for me.|en
1659|57|3|3|那要吞我的人辱罵我的時候，神從天上必施恩救我，也必向我發出慈愛和誠實。|zh
1660|57|3|3|He will send from heaven, and take me from the power of him whose desire is for my destruction. God will send out his mercy and his good faith.|en
1661|57|4|4|我的性命在獅子中間；我躺臥在性如烈火的世人當中。他們的牙齒是槍、箭；他們的舌頭是快刀。|zh
1662|57|4|4|My soul is among lions; I am stretched out among those who are on fire, even the sons of men, whose teeth are spears and arrows, and whose tongue is a sharp sword.|en
1663|57|5|5|神啊，願你崇高過於諸天！願你的榮耀高過全地！|zh
1664|57|5|5|O God, be lifted up higher than the heavens; let your glory be over all the earth.|en
1665|57|6|6|他們為我的腳設下網羅，壓制我的心；他們在我面前挖了坑，自己反掉在其中。（細拉）|zh
1666|57|6|6|They have made ready a net for my steps; my soul is bent down; they have made a great hole before me, and have gone down into it themselves. (Selah.)|en
1667|57|7|7|神啊，我心堅定，我心堅定；我要唱詩，我要歌頌！|zh
1668|57|7|7|My heart is fixed, O God, my heart is fixed; I will make songs, and give praise.|en
1669|57|8|8|我的靈（原文是榮耀）啊，你當醒起！琴瑟啊，你們當醒起！我自己要極早醒起！|zh
1670|57|8|8|You are my glory; let the instruments of music be awake; I myself will be awake with the dawn.|en
1671|57|9|9|主啊，我要在萬民中稱謝你，在列邦中歌頌你！|zh
1672|57|9|9|I will give you praise, O Lord, among the peoples; I will make songs to you among the nations.|en
1673|57|10|10|因為，你的慈愛高及諸天；你的誠實達到穹蒼。|zh
1674|57|10|10|For your mercy is great, stretching up to the heavens, and your righteousness goes up to the clouds.|en
1675|57|11|11|神啊，願你崇高過於諸天！願你的榮耀高過全地！|zh
1676|57|11|11|Be lifted up, O God, higher than the heavens, let your glory be over all the earth.|en
1677|58|1|1|（大衛的金詩，交與伶長。調用休要毀壞。）世人哪，你們默然不語，真合公義麼？施行審判，豈按正直麼？|zh
1678|58|1|1|- To the chief music-maker; put to Al-tashheth. Michtam. Of David. - Is there righteousness in your mouths, O you gods? are you upright judges, O you sons of men?|en
1679|58|2|2|不然！你們是心中作惡；你們在地上秤出你們手所行的強暴。|zh
1680|58|2|2|The purposes of your hearts are evil; your hands are full of cruel doings on the earth.|en
1681|58|3|3|惡人一出母胎就與神疏遠，一離母腹便走錯路，說謊話。|zh
1682|58|3|3|The evil-doers are strange from the first; from the hour of their birth they go out of the true way, saying false words.|en
1683|58|4|4|他們的毒氣好像蛇的毒氣；他們好像塞耳的聾虺，|zh
1684|58|4|4|Their poison is like the poison of a snake; they are like the adder, whose ears are shut;|en
1685|58|5|5|不聽行法術的聲音，雖用極靈的咒語也是不聽。|zh
1686|58|5|5|Who will not be moved by the voice of the wonder-worker, however great are his powers.|en
1687|58|6|6|神啊，求你敲碎他們口中的牙；耶和華啊，求你敲掉少壯獅子的大牙！|zh
1688|58|6|6|O God, let their teeth be broken in their mouths; let the great teeth of the young lions be pulled out, O Lord.|en
1689|58|7|7|願他們消滅，如急流的水一般；他們瞅準射箭的時候，願箭頭彷彿砍斷。|zh
1690|58|7|7|Let them be turned to liquid like the ever-flowing waters; let them be cut off like the grass by the way.|en
1691|58|8|8|願他們像蝸牛消化過去，又像婦人墜落未見天日的胎。|zh
1692|58|8|8|Let them be like an after-birth which is turned to water and comes to an end; like the fruit of a woman who gives birth before her time, let them not see the sun.|en
1693|58|9|9|你們用荊棘燒火，鍋還未熱，他要用旋風把青的和燒著的一齊颳去。|zh
1694|58|9|9|Before they are conscious of it, let them be cut down like thorns; let a strong wind take them away like waste growth.|en
1695|58|10|10|義人見仇敵遭報就歡喜，要在惡人的血中洗腳。|zh
1696|58|10|10|The upright man will be glad when he sees their punishment; his feet will be washed in the blood of the evil-doer.|en
1697|58|11|11|因此，人必說：義人誠然有善報；在地上果有施行判斷的神！|zh
1698|58|11|11|So that men will say, Truly there is a reward for righteousness; truly there is a God who is judge on the earth.|en
1699|59|1|1|（掃羅打發人窺探大衛的房屋，要殺他。那時，大衛用這金詩，交與伶長。調用休要毀壞。）我的神啊，求你救我脫離仇敵，把我安置在高處，得脫那些起來攻擊我的人。|zh
1700|59|1|1|- To the chief music-maker; put to At-tashheth. Michtam. Of David. When Saul sent, and they were watching the house, to put him to death. - Take me out of the hands of the cruel ones, O my God; keep me safe from those who come up against me.|en
1701|59|2|2|求你救我脫離作孽的人和喜愛流人血的人！|zh
1702|59|2|2|Take me out of the power of the workers of evil, and keep me safe from the men of blood.|en
1703|59|3|3|因為，他們埋伏要害我的命；有能力的人聚集來攻擊我。耶和華啊，這不是為我的過犯，也不是為我的罪愆。|zh
1704|59|3|3|For see, they are watching in secret for my soul; the strong have come together against me? but not because of my sin, or my evil-doing, O Lord.|en
1705|59|4|4|我雖然無過，他們預備整齊，跑來攻擊我。求你興起鑒察，幫助我！|zh
1706|59|4|4|For no sin of mine they go quickly and get themselves ready; be awake and come to my help, and see.|en
1707|59|5|5|萬軍之神─耶和華以色列的　神啊！求你興起，懲治萬邦！不要憐憫行詭詐的惡人！（細拉）|zh
1708|59|5|5|You, O Lord God of armies, are the God of Israel; come now and give punishment to the nations; have no mercy on any workers of deceit. (Selah.)|en
1709|59|6|6|他們晚上轉回，叫號如狗，圍城繞行。|zh
1710|59|6|6|They come back in the evening; they make a noise like a dog, and go round the town.|en
1711|59|7|7|他們口中噴吐惡言，嘴裡有刀；他們說：有誰聽見？|zh
1712|59|7|7|See, hate is dropping from their lips; curses are on their tongues: they say, Who gives attention to it?|en
1713|59|8|8|但你─耶和華必笑話他們；你要嗤笑萬邦。|zh
1714|59|8|8|But you are laughing at them, O Lord; you will make sport of all the nations.|en
1715|59|9|9|我的力量啊，我必仰望你，因為神是我的高臺。|zh
1716|59|9|9|O my strength, I will put my hope in you; because God is my strong tower.|en
1717|59|10|10|我的神要以慈愛迎接我；　神要叫我看見我仇敵遭報。|zh
1718|59|10|10|The God of my mercy will go before me: God will let me see my desire effected on my haters.|en
1719|59|11|11|不要殺他們，恐怕我的民忘記。主啊，你是我們的盾牌；求你用你的能力使他們四散，且降為卑。|zh
1720|59|11|11|Put them not to death, for so my people will keep the memory of them: let them be sent in all directions by your power; make them low, O Lord our saviour.|en
1721|59|12|12|他們口中的罪和嘴裡的言語，並咒罵虛謊的話，願他們在驕傲之中被纏住了。|zh
1722|59|12|12|Because of the sin of their mouths and the word of their lips, let them even be taken in their pride; and for their curses and their deceit,|en
1723|59|13|13|求你發怒，使他們消滅，以致歸於無有，叫他們知道神在雅各中間掌權，直到地極。（細拉）|zh
1724|59|13|13|Put an end to them in your wrath, put an end to them, so that they may not be seen again; let them see that God is ruling in Jacob and to the ends of the earth. (Selah.)|en
1725|59|14|14|到了晚上，任憑他們轉回；任憑他們叫號如狗，圍城繞行。|zh
1726|59|14|14|And in the evening let them come back, and make a noise like a dog, and go round the town.|en
1727|59|15|15|他們必走來走去，尋找食物，若不得飽就終夜在外。|zh
1728|59|15|15|Let them go wandering up and down in search of food, and be there all night if they have not enough.|en
1729|59|16|16|但我要歌頌你的力量，早晨要高唱你的慈愛；因為你作過我的高臺，在我急難的日子作過我的避難所。|zh
1730|59|16|16|But I will make songs of your power; yes, I will give cries of joy for your mercy in the morning; because you have been my strength and my high tower in the day of my trouble.|en
1731|59|17|17|我的力量啊，我要歌頌你；因為神是我的高臺，是賜恩與我的　神。|zh
1732|59|17|17|To you, O my strength, will I make my song: because God is my high tower, even the God of my mercy.|en
1733|60|1|1|（大衛與兩河間的亞蘭並瑣巴的亞蘭爭戰的時候，約押轉回，在鹽谷攻擊以東，殺了一萬二千人。那時，大衛作這金詩叫人學習，交與伶長。調用為證的百合花。）神啊，你丟棄了我們，使我們破敗；你向我們發怒，求你使我們復興！|zh
1734|60|1|1|- To the chief music-maker; put to Shushan-eduth. Michtam. Of David. For teaching. When he was fighting against Aram-naharaim and Aramzobah, when Joab came back, and put twelve thousand of the Edomites to death, in the Valley of Salt. - God, you have put us away from you, you have sent us in all directions, you have been angry; O be turned to us again.|en
1735|60|2|2|你使地震動，而且崩裂；求你將裂口醫好，因為地搖動。|zh
1736|60|2|2|By the power of your hand the earth is shaking and broken; make it strong again, for it is moved.|en
1737|60|3|3|你叫你的民遇見艱難；你叫我們喝那使人東倒西歪的酒。|zh
1738|60|3|3|You have made the people see hard times; you have given us the wine of shaking for our drink.|en
1739|60|4|4|你把旌旗賜給敬畏你的人，可以為真理揚起來。（細拉）|zh
1740|60|4|4|Give a safe place to those who have fear of you, where they may go in flight from before the bow. (Selah.)|en
1741|60|5|5|求你應允我們，用右手拯救我們，好叫你所親愛的人得救。|zh
1742|60|5|5|So that your loved ones may be made safe, let your right hand be my salvation, and give me an answer.|en
1743|60|6|6|神已經指著他的聖潔說（說：或譯應許我）：我要歡樂；我要分開示劍，丈量疏割谷。|zh
1744|60|6|6|God has said in his holy place, I will be glad: I will make a division of Shechem, and the valley of Succoth will be measured out.|en
1745|60|7|7|基列是我的，瑪拿西也是我的。以法蓮是護衛我頭的；猶大是我的杖。|zh
1746|60|7|7|Gilead is mine, and Manasseh is mine; and Ephraim is the strength of my head; Judah is my law-giver;|en
1747|60|8|8|摩押是我的沐浴盆；我要向以東拋鞋。非利士啊，你還能因我歡呼麼？|zh
1748|60|8|8|Moab is my washpot; over Edom will I put out my shoe; over Philistia will a glad cry be sounded.|en
1749|60|9|9|誰能領我進堅固城？誰能引我到以東地？|zh
1750|60|9|9|Who will take me into the strong town? who will be my guide into Edom?|en
1751|60|10|10|神啊，你不是丟棄了我們麼？神啊，你不和我們的軍兵同去麼？|zh
1752|60|10|10|Have not you put us away, O God? and you have not gone out with our armies.|en
1753|60|11|11|求你幫助我們攻擊敵人，因為人的幫助是枉然的。|zh
1754|60|11|11|Give us help in our trouble; for there is no help in man.|en
1755|60|12|12|我們倚靠神才得施展大能，因為踐踏我們敵人的就是他。|zh
1756|60|12|12|Through God we will do great things, for through him our haters will be crushed under our feet.|en
1757|61|1|1|（大衛的詩，交與伶長。用絲弦的樂器。）神啊，求你聽我的呼求，側耳聽我的禱告！|zh
1758|61|1|1|- To the chief music-maker. On a corded instrument. Of David. - Let my cry come to you, O God; let your ears be open to my prayer.|en
1759|61|2|2|我心裡發昏的時候，我要從地極求告你。求你領我到那比我更高的磐石！|zh
1760|61|2|2|From the end of the earth will I send up my cry to you, when my heart is overcome: take me to the rock which is over-high for me.|en
1761|61|3|3|因為你作過我的避難所，作過我的堅固臺，脫離仇敵。|zh
1762|61|3|3|For you have been my secret place, and my high tower from those who made war on me.|en
1763|61|4|4|我要永遠住在你的帳幕裡！我要投靠在你翅膀下的隱密處！（細拉）|zh
1764|61|4|4|I will make your tent my resting-place for ever: I will keep myself under the cover of your wings. (Selah.)|en
1765|61|5|5|神啊，你原是聽了我所許的願；你將產業賜給敬畏你名的人。|zh
1766|61|5|5|For you, O God, have made answer to my prayers; you have given me the heritage of those who give honour to your name.|en
1767|61|6|6|你要加添王的壽數；他的年歲必存到世世。|zh
1768|61|6|6|You will give the king long life; and make his years go on through the generations.|en
1769|61|7|7|他必永遠坐在神面前；願你預備慈愛和誠實保佑他！|zh
1770|61|7|7|May the seat of his authority be before God for ever; may mercy and righteousness keep him safe.|en
1771|61|8|8|這樣，我要歌頌你的名，直到永遠，好天天還我所許的願。|zh
1772|61|8|8|So will I make songs in praise of your name for ever, giving to God that which is right day by day.|en
1773|62|1|1|（大衛的詩，照耶杜頓的作法，交與伶長。）我的心默默無聲，專等候神；我的救恩是從他而來。|zh
1774|62|1|1|- To the chief music-maker. After Jeduthun. A Psalm. Of David. - My soul, put all your faith in God; for from him comes my salvation.|en
1775|62|2|2|惟獨他是我的磐石，我的拯救；他是我的高臺，我必不很動搖。|zh
1776|62|2|2|He only is my Rock and my salvation; he is my high tower; I will not be greatly moved.|en
1777|62|3|3|你們大家攻擊一人，把他毀壞，如同毀壞歪斜的牆、將倒的壁，要到幾時呢？|zh
1778|62|3|3|How long will you go on designing evil against a man? running against him as against a broken wall, which is on the point of falling?|en
1779|62|4|4|他們彼此商議，專要從他的尊位上把他推下；他們喜愛謊話，口雖祝福，心卻咒詛。（細拉）|zh
1780|62|4|4|Their only thought is to put him down from his place of honour; their delight is in deceit: blessing is in their mouths but cursing in their hearts. (Selah.)|en
1781|62|5|5|我的心哪，你當默默無聲，專等候神，因為我的盼望是從他而來。|zh
1782|62|5|5|My soul, put all your faith in God; for from him comes my hope.|en
1783|62|6|6|惟獨他是我的磐石，我的拯救；他是我的高臺，我必不動搖。|zh
1784|62|6|6|He only is my Rock and my salvation; he is my high tower; I will not be greatly moved.|en
1785|62|7|7|我的拯救、我的榮耀都在乎神；我力量的磐石、我的避難所都在乎　神。|zh
1786|62|7|7|In God is my salvation, and my glory; the Rock of my strength, and my safe place.|en
1787|62|8|8|你們眾民當時時倚靠他，在他面前傾心吐意；神是我們的避難所。（細拉）|zh
1788|62|8|8|Have faith in him at all times, you people; let your hearts go flowing out before him: God is our safe place. (Selah.)|en
1789|62|9|9|下流人真是虛空；上流人也是虛假；放在天平裡就必浮起；他們一共比空氣還輕。|zh
1790|62|9|9|Truly men of low birth are nothing, and men of high position are not what they seem; if they are put in the scales together they are less than a breath.|en
1791|62|10|10|不要仗勢欺人，也不要因搶奪而驕傲；若財寶加增，不要放在心上。|zh
1792|62|10|10|Have no faith in the rewards of evil-doing, or in profits wrongly made: if your wealth is increased, do not put your hopes on it.|en
1793|62|11|11|神說了一次、兩次，我都聽見：就是能力都屬乎神。|zh
1794|62|11|11|Once has God said, twice has it come to my ears, that power is God's:|en
1795|62|12|12|主啊，慈愛也是屬乎你，因為你照著各人所行的報應他。|zh
1796|62|12|12|And mercy, O Lord, is yours, for you give to every man the reward of his work.|en
1797|63|1|1|（大衛在猶大曠野的時候，作了這詩。）神啊，你是我的神，我要切切地尋求你，在乾旱疲乏無水之地，我渴想你；我的心切慕你。|zh
1798|63|1|1|- A Psalm. Of David. When he was in the waste land of Judah. - O God, you are my God; early will I make my search for you: my soul is dry for need of you, my flesh is wasted with desire for you, as a dry and burning land where no water is;|en
1799|63|2|2|我在聖所中曾如此瞻仰你，為要見你的能力和你的榮耀。|zh
1800|63|2|2|To see your power and your glory, as I have seen you in the holy place.|en
1801|63|3|3|因你的慈愛比生命更好，我的嘴唇要頌讚你。|zh
1802|63|3|3|Because your mercy is better than life, my lips will give you praise.|en
1803|63|4|4|我還活的時候要這樣稱頌你；我要奉你的名舉手。|zh
1804|63|4|4|So will I go on blessing you all my life, lifting up my hands in your name.|en
1805|63|5|5|我在床上記念你，在夜更的時候思想你；我的心就像飽足了骨髓肥油，我也要以歡樂的嘴唇讚美你。|zh
1806|63|5|5|My soul will be comforted, as with good food; and my mouth will give you praise with songs of joy;|en
1807|63|6|6|合和譯本併入上一節|zh
1808|63|6|6|When the memory of you comes to me on my bed, and when I give thought to you in the night-time.|en
1809|63|7|7|因為你曾幫助我，我就在你翅膀的蔭下歡呼。|zh
1810|63|7|7|Because you have been my help, I will have joy in the shade of your wings.|en
1811|63|8|8|我心緊緊地跟隨你；你的右手扶持我。|zh
1812|63|8|8|My soul keeps ever near you: your right hand is my support.|en
1813|63|9|9|但那些尋索要滅我命的人必往地底下去；|zh
1814|63|9|9|But those whose desire is my soul's destruction will go down to the lower parts of the earth.|en
1815|63|10|10|他們必被刀劍所殺，被野狗所吃。|zh
1816|63|10|10|They will be cut off by the sword; they will be food for foxes.|en
1817|63|11|11|但是王必因神歡喜。凡指著他發誓的必要誇口，因為說謊之人的口必被塞住。|zh
1818|63|11|11|But the king will have joy in God; everyone who takes an oath by him will have cause for pride; but the false mouth will be stopped.|en
1819|64|1|1|（大衛的詩，交與伶長。）神啊，我哀歎的時候，求你聽我的聲音！求你保護我的性命，不受仇敵的驚恐！|zh
1820|64|1|1|- To the chief music-maker. A Psalm. Of David. - O God, let the voice of my grief come to your ear: keep my life from the fear of those who are against me.|en
1821|64|2|2|求你把我隱藏，使我脫離作惡之人的暗謀和作孽之人的擾亂。|zh
1822|64|2|2|Keep me safe from the secret purpose of wrongdoers; from the band of the workers of evil;|en
1823|64|3|3|他們磨舌如刀，發出苦毒的言語，好像比準了的箭，|zh
1824|64|3|3|Who make their tongues sharp like a sword, and whose arrows are pointed, even bitter words;|en
1825|64|4|4|要在暗地射完全人；他們忽然射他，並不懼怕。|zh
1826|64|4|4|So that in secret they may let loose their arrows at the upright, suddenly and unseen.|en
1827|64|5|5|他們彼此勉勵設下惡計；他們商量暗設網羅，說：誰能看見？|zh
1828|64|5|5|They make themselves strong in an evil purpose; they make holes for secret nets; they say, Who will see it,|en
1829|64|6|6|他們圖謀奸惡，說：我們是極力圖謀的。他們各人的意念心思是深的。|zh
1830|64|6|6|Or make discovery of our secret purpose? The design is framed with care; and the inner thought of a man, and his heart, is deep.|en
1831|64|7|7|但神要射他們；他們忽然被箭射傷。|zh
1832|64|7|7|But God sends out an arrow against them; suddenly they are wounded.|en
1833|64|8|8|他們必然絆跌，被自己的舌頭所害；凡看見他們的必都搖頭。|zh
1834|64|8|8|The evil of their tongues is the cause of their fall; all those who see them are shaking their heads at them.|en
1835|64|9|9|眾人都要害怕，要傳揚神的工作，並且明白他的作為。|zh
1836|64|9|9|And in fear men make public the works of God; and giving thought to his acts they get wisdom.|en
1837|64|10|10|義人必因耶和華歡喜，並要投靠他；凡心裡正直的人都要誇口。|zh
1838|64|10|10|The upright will be glad in the Lord and have hope in him; and all the lovers of righteousness will give him glory.|en
1839|65|1|1|（大衛的詩歌，交與伶長。）神啊，錫安的人都等候讚美你；所許的願也要向你償還。|zh
1840|65|1|1|- To the chief music-maker. A Psalm. Of David. A Song. - It is right for you, O God, to have praise in Zion: to you let the offering be made.|en
1841|65|2|2|聽禱告的主啊，凡有血氣的都要來就你。|zh
1842|65|2|2|To you, O hearer of prayer, let the words of all flesh come.|en
1843|65|3|3|罪孽勝了我；至於我們的過犯，你都要赦免。|zh
1844|65|3|3|Evils have overcome us: but as for our sins, you will take them away.|en
1845|65|4|4|你所揀選、使他親近你、住在你院中的，這人便為有福！我們必因你居所、你聖殿的美福知足了。|zh
1846|65|4|4|Happy is the man of your selection, to whom you give a resting-place in your house; we will be full of the good things out of your holy place.|en
1847|65|5|5|拯救我們的神啊，你必以威嚴秉公義應允我們；你本是一切地極和海上遠處的人所倚靠的。|zh
1848|65|5|5|You will give us an answer in righteousness by great acts of power, O God of our salvation; you who are the hope of all the ends of the earth, and of the far-off lands of the sea;|en
1849|65|6|6|他既以大能束腰，就用力量安定諸山，|zh
1850|65|6|6|The God by whose strength the mountains are fixed; who is robed with power:|en
1851|65|7|7|使諸海的響聲和其中波浪的響聲，並萬民的喧嘩，都平靜了。|zh
1852|65|7|7|Who makes the loud voice of the sea quiet, and puts an end to the sound of its waves.|en
1853|65|8|8|住在地極的人因你的神蹟懼怕；你使日出日落之地都歡呼。|zh
1854|65|8|8|Those in the farthest parts of the earth have fear when they see your signs: the outgoings of the morning and evening are glad because of you.|en
1855|65|9|9|你眷顧地，降下透雨，使地大得肥美。神的河滿了水；你這樣澆灌了地，好為人預備五穀。|zh
1856|65|9|9|You have given your blessing to the earth, watering it and making it fertile; the river of God is full of water: and having made it ready, you give men grain.|en
1857|65|10|10|你澆透地的犁溝，潤平犁脊，降甘霖，使地軟和；其中發長的，蒙你賜福。|zh
1858|65|10|10|You make the ploughed lands full of water; you make smooth the slopes: you make the earth soft with showers, sending your blessing on its growth.|en
1859|65|11|11|你以恩典為年歲的冠冕；你的路徑都滴下脂油，|zh
1860|65|11|11|The year is crowned with the good you give; life-giving rain is dropping from your footsteps,|en
1861|65|12|12|滴在曠野的草場上。小山以歡樂束腰；|zh
1862|65|12|12|Falling on the grass of the waste land: and the little hills are glad on every side.|en
1863|65|13|13|草場以羊群為衣；谷中也長滿了五穀。這一切都歡呼歌唱。|zh
1864|65|13|13|The grass-land is thick with flocks; the valleys are full of grain; they give glad cries and songs of joy.|en
1865|66|1|1|（一篇詩歌，交與伶長。）全地都當向神歡呼！|zh
1866|66|1|1|- To the chief music-maker. A Song. A Psalm. - Send up a glad cry to God, all the earth:|en
1867|66|2|2|歌頌他名的榮耀！用讚美的言語將他的榮耀發明！|zh
1868|66|2|2|Make a song in honour of his name: give praise and glory to him.|en
1869|66|3|3|當對神說：你的作為何等可畏！因你的大能，仇敵要投降你。|zh
1870|66|3|3|Say to God, How greatly to be feared are your works! because of your great power your haters are forced to put themselves under your feet.|en
1871|66|4|4|全地要敬拜你，歌頌你，要歌頌你的名。（細拉）|zh
1872|66|4|4|Let all the earth give you worship, and make songs to you; let them make songs to your name. (Selah.)|en
1873|66|5|5|你們來看神所行的，他向世人所做之事是可畏的。|zh
1874|66|5|5|Come and see the works of God: he is to be feared in all he does to the children of men.|en
1875|66|6|6|他將海變成乾地，眾民步行過河；我們在那裡因他歡喜。|zh
1876|66|6|6|The sea was turned into dry land: they went through the river on foot: there did we have joy in him.|en
1877|66|7|7|他用權能治理萬民，直到永遠。他的眼睛鑒察列邦；悖逆的人不可自高。（細拉）|zh
1878|66|7|7|He is ruling in power for ever; his eyes are watching the nations: may his haters have no strength against him. (Selah.)|en
1879|66|8|8|萬民哪，你們當稱頌我們的神，使人得聽讚美他的聲音。|zh
1880|66|8|8|Give blessings to our God, O you peoples, let the voice of his praise be loud;|en
1881|66|9|9|他使我們的性命存活，也不叫我們的腳搖動。|zh
1882|66|9|9|Because he gives us life, and has not let our feet be moved.|en
1883|66|10|10|神啊，你曾試驗我們，熬煉我們，如熬煉銀子一樣。|zh
1884|66|10|10|For you, O God, have put us to the test: testing us by fire like silver.|en
1885|66|11|11|你使我們進入網羅，把重擔放在我們的身上。|zh
1886|66|11|11|You let us be put in prison; chains were put on our legs.|en
1887|66|12|12|你使人坐車軋我們的頭；我們經過水火，你卻使我們到豐富之地。|zh
1888|66|12|12|You let men go driving over our heads; we went through fire and through water; but you took us out into a wide place.|en
1889|66|13|13|我要用燔祭進你的殿，向你還我的願，|zh
1890|66|13|13|I will come into your house with burned offerings, I will make payment of my debt to you,|en
1891|66|14|14|就是在急難時我嘴唇所發的、口中所許的。|zh
1892|66|14|14|Keeping the word which came from my lips, and which my mouth said, when I was in trouble.|en
1893|66|15|15|我要把肥牛作燔祭，將公羊的香祭獻給你，又把公牛和山羊獻上。（細拉）|zh
1894|66|15|15|I will give you burned offerings of fat beasts, and the smoke of sheep; I will make offerings of oxen and goats. (Selah.)|en
1895|66|16|16|凡敬畏神的人，你們都來聽！我要述說他為我所行的事。|zh
1896|66|16|16|Come, give ear to me, all you God-fearing men, so that I may make clear to you what he has done for my soul.|en
1897|66|17|17|我曾用口求告他；我的舌頭也稱他為高。|zh
1898|66|17|17|My voice went up to him, and I was lifted up from the underworld.|en
1899|66|18|18|我若心裡注重罪孽，主必不聽。|zh
1900|66|18|18|I said in my heart, The Lord will not give ear to me:|en
1901|66|19|19|但神實在聽見了；他側耳聽了我禱告的聲音。|zh
1902|66|19|19|But truly God's ear has been open; he has give attention to the voice of my prayer.|en
1903|66|20|20|神是應當稱頌的！他並沒有推卻我的禱告，也沒有叫他的慈愛離開我。|zh
1904|66|20|20|Praise be to God who has not taken away his good faith and his mercy from me.|en
1905|67|1|1|（一篇詩歌，交與伶長。用絲弦的樂器。）願神憐憫我們，賜福與我們，用臉光照我們，（細拉）|zh
1906|67|1|1|- To the chief music-maker. With corded instruments. A Psalm. A Song. - May God give us mercy and blessing, and let the light of his face be shining on us; (Selah.)|en
1907|67|2|2|好叫世界得知你的道路，萬國得知你的救恩。|zh
1908|67|2|2|So that men may see your way on the earth, and your salvation among all nations.|en
1909|67|3|3|神啊，願列邦稱讚你！願萬民都稱讚你！|zh
1910|67|3|3|Let the peoples give you praise, O God; let all the peoples give you praise.|en
1911|67|4|4|願萬國都快樂歡呼；因為你必按公正審判萬民，引導世上的萬國。（細拉）|zh
1912|67|4|4|O let the nations be glad, and make song of joy; for you will be the judge of the peoples in righteousness, guiding the nations of the earth. (Selah.)|en
1913|67|5|5|神啊，願列邦稱讚你！願萬民都稱讚你！|zh
1914|67|5|5|Let the peoples give you praise, O God; let all the peoples give you praise.|en
1915|67|6|6|地已經出了土產；神─就是我們的　神要賜福與我們。|zh
1916|67|6|6|The earth has given her increase; and God, even our God, will give us his blessing.|en
1917|67|7|7|神要賜福與我們；地的四極都要敬畏他！|zh
1918|67|7|7|God will give us his blessing; so let all the ends of the earth be in fear of him.|en
1919|68|1|1|（大衛的詩歌，交與伶長。）願神興起，使他的仇敵四散，叫那恨他的人從他面前逃跑。|zh
1920|68|1|1|- To the chief music-maker. Of David. A Psalm. A Song. - Let God be seen, and let his haters be put to flight; let those who are against him be turned back before him.|en
1921|68|2|2|他們被驅逐，如煙被風吹散；惡人見神之面而消滅，如蠟被火鎔化。|zh
1922|68|2|2|Let them be like smoke before the driving wind; as wax turning soft before the fire, so let them come to an end before the power of God.|en
1923|68|3|3|惟有義人必然歡喜，在神面前高興快樂。|zh
1924|68|3|3|But let the upright be glad; let them have delight before God; let them be full of joy.|en
1925|68|4|4|你們當向神唱詩，歌頌他的名；為那坐車行過曠野的修平大路。他的名是耶和華，要在他面前歡樂！|zh
1926|68|4|4|Make songs to God, make songs of praise to his name; make a way for him who comes through the waste lands; his name is Jah; be glad before him.|en
1927|68|5|5|神在他的聖所作孤兒的父，作寡婦的伸冤者。|zh
1928|68|5|5|A father to those who have no father, a judge of the widows, is God in his holy place.|en
1929|68|6|6|神叫孤獨的有家，使被囚的出來享福；惟有悖逆的住在乾燥之地。|zh
1930|68|6|6|Those who are without friends, God puts in families; he makes free those who are in chains; but those who are turned away from him are given a dry land.|en
1931|68|7|7|神啊，你曾在你百姓前頭出來，在曠野行走。（細拉）|zh
1932|68|7|7|O God, when you went out before your people, wandering through the waste land; (Selah.)|en
1933|68|8|8|那時，地見神的面而震動，天也落雨；西乃山見以色列　神的面也震動。|zh
1934|68|8|8|The earth was shaking and the heavens were streaming, because God was present; even Sinai itself was moved before God, the God of Israel.|en
1935|68|9|9|神啊，你降下大雨；你產業以色列疲乏的時候，你使他堅固。|zh
1936|68|9|9|You, O God, did freely send the rain, giving strength to the weariness of your heritage.|en
1937|68|10|10|你的會眾住在其中；神啊，你的恩惠是為困苦人預備的。|zh
1938|68|10|10|Those whose resting-place was there, even the poor, were comforted by your good things, O God.|en
1939|68|11|11|主發命令，傳好信息的婦女成了大群。|zh
1940|68|11|11|The Lord gives the word; great is the number of the women who make it public.|en
1941|68|12|12|統兵的君王逃跑了，逃跑了；在家等候的婦女分受所奪的。|zh
1942|68|12|12|Kings of armies quickly go in flight: and the women in the houses make a division of their goods.|en
1943|68|13|13|你們安臥在羊圈的時候，好像鴿子的翅膀鍍白銀，翎毛鍍黃金一般。|zh
1944|68|13|13|Will you take your rest among the flocks? like the wings of a dove covered with silver, and its feathers with yellow gold.|en
1945|68|14|14|全能者在境內趕散列王的時候，勢如飄雪在撒們。|zh
1946|68|14|14|When the Most High put the kings to flight, it was as white as snow in Salmon.|en
1947|68|15|15|巴珊山是神的山；巴珊山是多峰多嶺的山。|zh
1948|68|15|15|A hill of God is the hill of Bashan; a hill with high tops is the hill of Bashan.|en
1949|68|16|16|你們多峰多嶺的山哪，為何斜看神所願居住的山？耶和華必住這山，直到永遠！|zh
1950|68|16|16|Why are you looking with envy, you high hills, on the hill desired by God as his resting-place? truly, God will make it his house for ever.|en
1951|68|17|17|神的車蔥詎萬盈千；主在其中，好像在西乃聖山一樣。|zh
1952|68|17|17|The war-carriage of God is among Israel's thousands; the Lord has come from Sinai to the holy place.|en
1953|68|18|18|你已經升上高天，擄掠仇敵；你在人間，就是在悖逆的人間，受了供獻，叫耶和華神可以與他們同住。|zh
1954|68|18|18|You have gone up on high, taking your prisoners with you; you have taken offerings from men; the Lord God has taken his place on the seat of his power.|en
1955|68|19|19|天天背負我們重擔的主，就是拯救我們的神，是應當稱頌的！（細拉）|zh
1956|68|19|19|Praise be to the Lord, who is our support day by day, even the God of our salvation. (Selah.)|en
1957|68|20|20|神是為我們施行諸般救恩的神；人能脫離死亡是在乎主耶和華。|zh
1958|68|20|20|Our God is for us a God of salvation; his are the ways out of death.|en
1959|68|21|21|但神要打破他仇敵的頭，就是那常犯罪之人的髮頂。|zh
1960|68|21|21|The heads of the haters of God will be crushed; even the head of him who still goes on in his evil ways.|en
1961|68|22|22|主說：我要使眾民從巴珊而歸，使他們從深海而回，|zh
1962|68|22|22|The Lord said, I will make them come back from Bashan, and from the deep parts of the sea;|en
1963|68|23|23|使你打碎仇敵，你的腳踹在血中，使你狗的舌頭從其中得分。|zh
1964|68|23|23|So that your foot may be red with blood, and the tongues of your dogs with the same.|en
1965|68|24|24|神啊，你是我的神，我的王；人已經看見你行走，進入聖所。|zh
1966|68|24|24|We see your going, O God: even the going of my God, my King, into the holy place.|en
1967|68|25|25|歌唱的行在前，作樂的隨在後，都在擊鼓的童女中間。|zh
1968|68|25|25|The makers of songs go before, the players of music come after, among the young girls playing on brass instruments.|en
1969|68|26|26|從以色列源頭而來的，當在各會中稱頌主神！|zh
1970|68|26|26|Give praise to God in the great meeting; even the Lord, you who come from the fountain of Israel.|en
1971|68|27|27|在那裡，有統管他們的小便雅憫，有猶大的首領和他們的群眾，有西布倫的首領，有拿弗他利的首領。|zh
1972|68|27|27|There is little Benjamin ruling them, the chiefs of Judah and their army, the rulers of Zebulun and the rulers of Naphtali.|en
1973|68|28|28|以色列的能力是神所賜的；　神啊，求你堅固你為我們所成全的事！|zh
1974|68|28|28|O God, send out your strength; the strength, O God, with which you have done great things for us,|en
1975|68|29|29|因你耶路撒冷的殿，列王必帶貢物獻給你。|zh
1976|68|29|29|Out of your Temple in Jerusalem.|en
1977|68|30|30|求你叱喝蘆葦中的野獸和群公牛，並列邦中的牛犢。把銀塊踹在腳下；神已經趕散好爭戰的列邦。|zh
1978|68|30|30|Say sharp words to the beast among the water-plants, the band of strong ones, with the lords of the peoples, put an end to the people whose delight is in war.|en
1979|68|31|31|埃及的公侯要出來朝見神；古實人要急忙舉手禱告。|zh
1980|68|31|31|Kings will give you offerings, they will come out of Egypt; from Pathros will come offerings of silver; Ethiopia will be stretching out her hands to God.|en
1981|68|32|32|世上的列國啊，你們要向神歌唱；願你們歌頌主！|zh
1982|68|32|32|Make songs to God, you kingdoms of the earth; O make songs of praise to the Lord; (Selah.)|en
1983|68|33|33|歌頌那自古駕行在諸天以上的主！他發出聲音，是極大的聲音。|zh
1984|68|33|33|To him who goes or the clouds of heaven, the heaven which was from earliest times; he sends out his voice of power.|en
1985|68|34|34|你們要將能力歸給神。他的威榮在以色列之上；他的能力是在穹蒼。|zh
1986|68|34|34|Make clear that strength is God's: he is lifted up over Israel, and his power is in the clouds.|en
1987|68|35|35|神啊，你從聖所顯為可畏；以色列的神是那將力量權能賜給他百姓的。神是應當稱頌的！|zh
1988|68|35|35|O God, you are to be feared in your holy place: the God of Israel gives strength and power to his people. Praise be to God.|en
1989|69|1|1|（大衛的詩，交與伶長。調用百合花。）神啊，求你救我！因為眾水要淹沒我。|zh
1990|69|1|1|- To the chief music-maker; put to Shoshannim. Of David. - Be my saviour, O God; because the waters have come in, even to my neck.|en
1991|69|2|2|我陷在深淤泥中，沒有立腳之地；我到了深水中，大水漫過我身。|zh
1992|69|2|2|My feet are deep in the soft earth, where there is no support; I have come into deep waters, the waves are flowing over me.|en
1993|69|3|3|我因呼求困乏，喉嚨發乾；我因等候神，眼睛失明。|zh
1994|69|3|3|I am tired with my crying; my throat is burning: my eyes are wasted with waiting for my God.|en
1995|69|4|4|無故恨我的，比我頭髮還多；無理與我為仇、要把我剪除的，甚為強盛。我沒有搶奪的，要叫我償還。|zh
1996|69|4|4|Those who have hate for me without cause are greater in number than the hairs of my head; those who are against me, falsely desiring my destruction, are very strong; I gave back what I had not taken away.|en
1997|69|5|5|神啊，我的愚昧，你原知道；我的罪愆不能隱瞞。|zh
1998|69|5|5|O God, you see how foolish I am; and my wrongdoing is clear to you.|en
1999|69|6|6|萬軍的主─耶和華啊，求你叫那等候你的，不要因我蒙羞！以色列的神啊，求你叫那尋求你的，不要因我受辱！|zh
2000|69|6|6|Let not those who have hope in you be put to shame because of me, O Lord God of armies: let not those who are waiting for you be made low because of me, O God of Israel.|en
2001|69|7|7|因我為你的緣故受了辱罵，滿面羞愧。|zh
2002|69|7|7|I have been wounded with sharp words because of you; my face has been covered with shame.|en
2003|69|8|8|我的弟兄看我為外路人；我的同胞看我為外邦人。|zh
2004|69|8|8|I have become strange to my brothers, and like a man from a far country to my mother's children.|en
2005|69|9|9|因我為你的殿心裡焦急，如同火燒，並且辱罵你人的辱罵都落在我身上。|zh
2006|69|9|9|I am on fire with passion for your house; and the hard things which are said about you have come on me.|en
2007|69|10|10|我哭泣，以禁食刻苦我心；這倒算為我的羞辱。|zh
2008|69|10|10|My bitter weeping, and my going without food, were turned to my shame.|en
2009|69|11|11|我拿麻布當衣裳，就成了他們的笑談。|zh
2010|69|11|11|When I put on the clothing of grief, they said evil of me.|en
2011|69|12|12|坐在城門口的談論我；酒徒也以我為歌曲。|zh
2012|69|12|12|I am a cause of wonder to those in authority; a song to those who are given to strong drink.|en
2013|69|13|13|但我在悅納的時候向你─耶和華祈禱。神啊，求你按你豐盛的慈愛，憑你拯救的誠實應允我！|zh
2014|69|13|13|But as for me, let my prayer be made to you, O Lord, at a time when you are pleased; O God, give me an answer in your great mercy, for your salvation is certain.|en
2015|69|14|14|求你搭救我出離淤泥，不叫我陷在其中；求你使我脫離那些恨我的人，使我出離深水。|zh
2016|69|14|14|Take me from the grip of the sticky earth, so that I may not go down into it; let me be lifted up from the deep waters.|en
2017|69|15|15|求你不容大水漫過我，不容深淵吞滅我，不容坑坎在我以上合口。|zh
2018|69|15|15|Let me not be covered by the flowing waters; let not the deep waters go over my head, and let me not be shut up in the underworld.|en
2019|69|16|16|耶和華啊，求你應允我！因為你的慈愛本為美好；求你按你豐盛的慈悲回轉眷顧我！|zh
2020|69|16|16|Give an answer to my words, O Lord; for your mercy is good: be turned to me, because of your great pity.|en
2021|69|17|17|不要掩面不顧你的僕人；我是在急難之中，求你速速地應允我！|zh
2022|69|17|17|Let not your face be covered from your servant, for I am in trouble; quickly give me an answer.|en
2023|69|18|18|求你親近我，救贖我！求你因我的仇敵把我贖回！|zh
2024|69|18|18|Come near to my soul, for its salvation: be my saviour, because of those who are against me.|en
2025|69|19|19|你知道我受的辱罵、欺凌、羞辱；我的敵人都在你面前。|zh
2026|69|19|19|You have seen my shame, how I was laughed at and made low; my haters are all before you.|en
2027|69|20|20|辱罵傷破了我的心，我又滿了憂愁。我指望有人體恤，卻沒有一個；我指望有人安慰，卻找不著一個。|zh
2028|69|20|20|My heart is broken by bitter words, I am full of grief; I made a search for some to have pity on me, but there was no one; I had no comforter.|en
2029|69|21|21|他們拿苦膽給我當食物；我渴了，他們拿醋給我喝。|zh
2030|69|21|21|They gave me poison for my food; and bitter wine for my drink.|en
2031|69|22|22|願他們的筵席在他們面前變為網羅，在他們平安的時候變為機檻。|zh
2032|69|22|22|Let their table before them be for their destruction; let their feasts become a net to take them.|en
2033|69|23|23|願他們的眼睛昏矇，不得看見；願你使他們的腰常常戰抖。|zh
2034|69|23|23|Let their eyes be blind so that they may not see; let their bodies for ever be shaking.|en
2035|69|24|24|求你將你的惱恨倒在他們身上，叫你的烈怒追上他們。|zh
2036|69|24|24|Let your curse come on them; let the heat of your wrath overtake them.|en
2037|69|25|25|願他們的住處變為荒場；願他們的帳棚無人居住。|zh
2038|69|25|25|Give their houses to destruction, and let there be no one in their tents.|en
2039|69|26|26|因為，你所擊打的，他們就逼迫；你所擊傷的，他們戲說他的愁苦。|zh
2040|69|26|26|Because they are cruel to him against whom your hand is turned; they make bitter the grief of him who is wounded by you.|en
2041|69|27|27|願你在他們的罪上加罪，不容他們在你面前稱義。|zh
2042|69|27|27|Let their punishment be increased; let them not come into your righteousness.|en
2043|69|28|28|願他們從生命冊上被塗抹，不得記錄在義人之中。|zh
2044|69|28|28|Let their names be taken from the book of the living, let them not be numbered with the upright.|en
2045|69|29|29|但我是困苦憂傷的；神啊，願你的救恩將我安置在高處。|zh
2046|69|29|29|But I am poor and full of sorrow; let me be lifted up by your salvation, O Lord.|en
2047|69|30|30|我要以詩歌讚美神的名，以感謝稱他為大！|zh
2048|69|30|30|I will give praise to the name of God with a song; I will give glory to him for what he has done.|en
2049|69|31|31|這便叫耶和華喜悅，勝似獻牛，或是獻有角有蹄的公牛。|zh
2050|69|31|31|This will be more pleasing to the Lord than an ox, or a young ox of full growth.|en
2051|69|32|32|謙卑的人看見了就喜樂；尋求神的人，願你們的心甦醒。|zh
2052|69|32|32|The poor will see it and be glad: you who are lovers of God, let your hearts have life.|en
2053|69|33|33|因為耶和華聽了窮乏人，不藐視被囚的人。|zh
2054|69|33|33|For the ears of the Lord are open to the poor, and he takes thought for his prisoners.|en
2055|69|34|34|願天和地、洋海和其中一切的動物都讚美他！|zh
2056|69|34|34|Let the heavens and the earth give praise to him, the seas, and everything moving in them.|en
2057|69|35|35|因為神要拯救錫安，建造猶大的城邑；他的民要在那裡居住，得以為業。|zh
2058|69|35|35|For God will be the saviour of Zion, and the builder of the towns of Judah; so that it may be their resting-place and heritage.|en
2059|69|36|36|他僕人的後裔要承受為業；愛他名的人也要住在其中。|zh
2060|69|36|36|The seed of his servants will have their part in it, and there the lovers of his name will have rest.|en
2061|70|1|1|（大衛的記念詩，交與伶長。）神啊，求你快快搭救我！耶和華啊，求你速速幫助我！|zh
2062|70|1|1|- To the chief music-maker. Of David. To keep in memory. - Let your salvation come quickly, O God; come quickly to my help, O Lord.|en
2063|70|2|2|願那些尋索我命的，抱愧蒙羞；願那些喜悅我遭害的，退後受辱。|zh
2064|70|2|2|Let those who go after my soul have shame and trouble; let those who have evil designs against me be turned back and made foolish.|en
2065|70|3|3|願那些對我說阿哈、阿哈的，因羞愧退後。|zh
2066|70|3|3|Let those who say Aha, aha! be turned back as a reward of their shame.|en
2067|70|4|4|願一切尋求你的，因你高興歡喜；願那些喜愛你救恩的，常說：當尊神為大！|zh
2068|70|4|4|Let all those who are looking for you be glad and have joy in you; let the lovers of your salvation ever say, May God be great.|en
2069|70|5|5|但我是困苦窮乏的；神啊，求你速速到我這裡來！你是幫助我的，搭救我的。耶和華啊，求你不要耽延！|zh
2070|70|5|5|But I am poor and in need; come to me quickly, O God; you are my help and my saviour; let there be no waiting, O Lord.|en
2071|71|1|1|耶和華啊，我投靠你；求你叫我永不羞愧！|zh
2072|71|1|1|In you, O Lord, have I put my hope; let me never be shamed.|en
2073|71|2|2|求你憑你的公義搭救我，救拔我；側耳聽我，拯救我！|zh
2074|71|2|2|Keep me safe in your righteousness, and come to my help; give ear to my voice, and be my saviour.|en
2075|71|3|3|求你作我常住的磐石；你已經命定要救我，因為你是我的巖石，我的山寨。|zh
2076|71|3|3|Be my strong Rock, the strong place of my salvation; for you are my Rock, and my safe place.|en
2077|71|4|4|我的神啊，求你救我脫離惡人的手，脫離不義和殘暴之人的手。|zh
2078|71|4|4|O my God, take me out of the hand of the sinner, out of the hand of the evil and cruel man.|en
2079|71|5|5|主─耶和華啊，你是我所盼望的；從我年幼，你是我所倚靠的。|zh
2080|71|5|5|For you are my hope, O Lord God; I have had faith in you from the time when I was young.|en
2081|71|6|6|我從出母胎被你扶持；使我出母腹的是你。我必常常讚美你！|zh
2082|71|6|6|You have been my support from the day of my birth; you took me out of my mother's body; my praise will be ever of you.|en
2083|71|7|7|許多人以我為怪，但你是我堅固的避難所。|zh
2084|71|7|7|I am a wonder to all; but you are my strong tower.|en
2085|71|8|8|你的讚美，你的榮耀終日必滿了我的口。|zh
2086|71|8|8|My mouth will be full of your praise and glory all the day.|en
2087|71|9|9|我年老的時候，求你不要丟棄我！我力氣衰弱的時候，求你不要離棄我！|zh
2088|71|9|9|Do not give me up when I am old; be my help even when my strength is gone.|en
2089|71|10|10|我的仇敵議論我；那些窺探要害我命的彼此商議，|zh
2090|71|10|10|For my haters are waiting secretly for me; and those who are watching for my soul are banded together in their evil designs,|en
2091|71|11|11|說：神已經離棄他；我們追趕他，捉拿他罷！因為沒有人搭救。|zh
2092|71|11|11|Saying, God has given him up; go after him and take him, for he has no helper.|en
2093|71|12|12|神啊，求你不要遠離我！我的神啊，求你速速幫助我！|zh
2094|71|12|12|O God, be not far from me; O my God, come quickly to my help.|en
2095|71|13|13|願那與我性命為敵的，羞愧被滅；願那謀害我的，受辱蒙羞。|zh
2096|71|13|13|Let those who say evil against my soul be overcome and put to shame; let my haters be made low and have no honour.|en
2097|71|14|14|我卻要常常盼望，並要越發讚美你。|zh
2098|71|14|14|But I will go on ever hoping, and increasing in all your praise.|en
2099|71|15|15|我的口終日要述說你的公義和你的救恩，因我不計其數。|zh
2100|71|15|15|My mouth will make clear your righteousness and your salvation all the day; for they are more than may be measured.|en
2101|71|16|16|我要來說主─耶和華大能的事；我單要提說你的公義。|zh
2102|71|16|16|I will give news of the great acts of the Lord God; my words will be of your righteousness, and of yours only.|en
2103|71|17|17|神啊，自我年幼時，你就教訓我；直到如今，我傳揚你奇妙的作為。|zh
2104|71|17|17|O God, you have been my teacher from the time when I was young; and I have been talking of your works of wonder even till now.|en
2105|71|18|18|神啊，我到年老髮白的時候，求你不要離棄我！等我將你的能力指示下代，將你的大能指示後世的人。|zh
2106|71|18|18|Now when I am old and grey-headed, O God, give me not up; till I have made clear your strength to this generation, and your power to all those to come.|en
2107|71|19|19|神啊，你的公義甚高；行過大事的神啊，誰能像你！|zh
2108|71|19|19|Your righteousness, O God, is very high; you have done great things; O God, who is like you?|en
2109|71|20|20|你是叫我們多經歷重大急難的，必使我們復活，從地的深處救上來。|zh
2110|71|20|20|You, who have sent great and bitter troubles on me, will give me life again, lifting me up from the deep waters of the underworld.|en
2111|71|21|21|求你使我越發昌大，又轉來安慰我。|zh
2112|71|21|21|You will make me greater than before, and give me comfort on every side.|en
2113|71|22|22|我的神啊，我要鼓瑟稱讚你，稱讚你的誠實！以色列的聖者啊，我要彈琴歌頌你！|zh
2114|71|22|22|I will give praise to you with instruments of music, O my God, for you are true; I will make songs to you with music, O Holy One of Israel.|en
2115|71|23|23|我歌頌你的時候，我的嘴唇和你所贖我的靈魂都必歡呼；|zh
2116|71|23|23|Joy will be on my lips when I make melody to you; and in my soul, to which you have given salvation.|en
2117|71|24|24|並且我的舌頭必終日講論你的公義，因為那些謀害我的人已經蒙羞受辱了。|zh
2118|71|24|24|My tongue will be talking of your righteousness all the day; for those whose purpose is to do me evil have been crushed and put to shame.|en
2119|72|1|1|（所羅門的詩。）神啊，求你將判斷的權柄賜給王，將公義賜給王的兒子。|zh
2120|72|1|1|- Of Solomon. - Give the king your authority, O God, and your righteousness to the king's son.|en
2121|72|2|2|他要按公義審判你的民，按公平審判你的困苦人。|zh
2122|72|2|2|May he be a judge of your people in righteousness, and make true decisions for the poor.|en
2123|72|3|3|大山小山都要因公義使民得享平安。|zh
2124|72|3|3|May the mountains give peace to the people, and the hills righteousness.|en
2125|72|4|4|他必為民中的困苦人伸冤，拯救窮乏之輩，壓碎那欺壓人的。|zh
2126|72|4|4|May he be a judge of the poor among the people, may he give salvation to the children of those who are in need; by him let the violent be crushed.|en
2127|72|5|5|太陽還存，月亮還在，人要敬畏你，直到萬代！|zh
2128|72|5|5|May his life go on as long as the sun and moon, through all generations.|en
2129|72|6|6|他必降臨，像雨降在已割的草地上，如甘霖滋潤田地。|zh
2130|72|6|6|May he come down like rain on the cut grass; like showers watering the earth.|en
2131|72|7|7|在他的日子，義人要發旺，大有平安，好像月亮長存。|zh
2132|72|7|7|In his days may the upright do well, living in peace as long as there is a moon in heaven.|en
2133|72|8|8|他要執掌權柄，從這海直到那海，從大河直到地極。|zh
2134|72|8|8|Let his kingdom be from sea to sea, from the River to the ends of the earth.|en
2135|72|9|9|住在曠野的，必在他面前下拜；他的仇敵必要舔土。|zh
2136|72|9|9|Let those who are against him go down before him; and let his haters be low in the dust.|en
2137|72|10|10|他施和海島的王要進貢；示巴和西巴的王要獻禮物。|zh
2138|72|10|10|Let the kings of Tarshish and of the islands come back with offerings; let the kings of Sheba and Seba give of their stores.|en
2139|72|11|11|諸王都要叩拜他；萬國都要事奉他。|zh
2140|72|11|11|Yes, let all kings go down before him; let all nations be his servants.|en
2141|72|12|12|因為，窮乏人呼求的時候，他要搭救；沒有人幫助的困苦人，他也要搭救。|zh
2142|72|12|12|For he will be a saviour to the poor in answer to his cry; and to him who is in need, without a helper.|en
2143|72|13|13|他要憐恤貧寒和窮乏的人，拯救窮苦人的性命。|zh
2144|72|13|13|He will have pity on the poor, and be the saviour of those who are in need.|en
2145|72|14|14|他要救贖他們脫離欺壓和強暴；他們的血在他眼中看為寶貴。|zh
2146|72|14|14|He will keep their souls free from evil designs and violent attacks; and their blood will be of value in his eyes.|en
2147|72|15|15|他們要存活。示巴的金子要奉給他；人要常常為他禱告，終日稱頌他。|zh
2148|72|15|15|May he have long life, and may gold from Sheba be given to him: may prayers be made for him at all times; may blessings be on him every day.|en
2149|72|16|16|在地的山頂上，五穀必然茂盛（或譯：有一把五穀）；所結的穀實要響動，如利巴嫩的樹林；城裡的人要發旺，如地上的草。|zh
2150|72|16|16|May there be wide-stretching fields of grain in the land, shaking on the top of the mountains, full of fruit like Lebanon: may its stems be unnumbered like the grass of the earth.|en
2151|72|17|17|他的名要存到永遠，要留傳如日之久。人要因他蒙福；萬國要稱他有福。|zh
2152|72|17|17|May his name go on for ever, as long as the sun: may men be blessing themselves by him; may all nations be blessing his name.|en
2153|72|18|18|獨行奇事的耶和華─以色列的神是應當稱頌的！|zh
2154|72|18|18|Praise be to the Lord God, the God of Israel, the only doer of wonders.|en
2155|72|19|19|他榮耀的名也當稱頌，直到永遠。願他的榮耀充滿全地！阿們！阿們！|zh
2156|72|19|19|Praise to the glory of his noble name for ever; let all the earth be full of his glory. So be it, So be it.|en
2157|72|20|20|耶西的兒子─大衛的祈禱完畢。|zh
2158|72|20|20|The prayers of David, the son of Jesse, are ended. - A Psalm. Of Asaph. -|en
2159|73|1|1|（亞薩的詩。）神實在恩待以色列那些清心的人！|zh
2160|73|1|1|Truly, God is good to Israel, even to such as are clean in heart.|en
2161|73|2|2|至於我，我的腳幾乎失閃；我的腳險些滑跌。|zh
2162|73|2|2|But as for me, my feet had almost gone from under me; I was near to slipping;|en
2163|73|3|3|我見惡人和狂傲人享平安就心懷不平。|zh
2164|73|3|3|Because of my envy of the men of pride, when I saw the well-being of the wrongdoers.|en
2165|73|4|4|他們死的時候沒有疼痛；他們的力氣卻也壯實。|zh
2166|73|4|4|For they have no pain; their bodies are fat and strong.|en
2167|73|5|5|他們不像別人受苦，也不像別人遭災。|zh
2168|73|5|5|They are not in trouble as others are; they have no part in the unhappy fate of men.|en
2169|73|6|6|所以，驕傲如鏈子戴在他們的項上；強暴像衣裳遮住他們的身體。|zh
2170|73|6|6|For this reason pride is round them like a chain; they are clothed with violent behaviour as with a robe.|en
2171|73|7|7|他們的眼睛因體胖而凸出；他們所得的，過於心裡所想的。|zh
2172|73|7|7|Their eyes are bursting with fat; they have more than their heart's desire.|en
2173|73|8|8|他們譏笑人，憑惡意說欺壓人的話；他們說話自高。|zh
2174|73|8|8|Their thoughts are deep with evil designs; their talk from their seats of power is of cruel acts.|en
2175|73|9|9|他們的口褻瀆上天；他們的舌毀謗全地。|zh
2176|73|9|9|Their mouth goes up to heaven; their tongues go walking through the earth.|en
2177|73|10|10|所以神的民歸到這裡，喝盡了滿杯的苦水。|zh
2178|73|10|10|For this reason they are full of bread; and water is ever flowing for them.|en
2179|73|11|11|他們說：神怎能曉得？至高者豈有知識呢？|zh
2180|73|11|11|And they say, How will the Lord see this? is there knowledge in the Most High?|en
2181|73|12|12|看哪，這就是惡人；他們既是常享安逸，財寶便加增。|zh
2182|73|12|12|Truly, such are the sinners; they do well at all times, and their wealth is increased.|en
2183|73|13|13|我實在徒然潔淨了我的心，徒然洗手表明無辜。|zh
2184|73|13|13|As for me, I have made my heart clean to no purpose, washing my hands in righteousness;|en
2185|73|14|14|因為，我終日遭災難；每早晨受懲治。|zh
2186|73|14|14|For I have been troubled all the day; every morning have I undergone punishment.|en
2187|73|15|15|我若說，我要這樣講，這就是以奸詐待你的眾子。|zh
2188|73|15|15|If I would make clear what it is like, I would say, You are false to the generation of your children.|en
2189|73|16|16|我思索怎能明白這事，眼看實係為難，|zh
2190|73|16|16|When my thoughts were turned to see the reason of this, it was a weariness in my eyes;|en
2191|73|17|17|等我進了神的聖所，思想他們的結局。|zh
2192|73|17|17|Till I went into God's holy place, and saw the end of the evil-doers.|en
2193|73|18|18|你實在把他們安在滑地，使他們掉在沉淪之中。|zh
2194|73|18|18|You put their feet where there was danger of slipping, so that they go down into destruction.|en
2195|73|19|19|他們轉眼之間成了何等的荒涼！他們被驚恐滅盡了。|zh
2196|73|19|19|How suddenly are they wasted! fears are the cause of their destruction.|en
2197|73|20|20|人睡醒了，怎樣看夢；主啊，你醒了也必照樣輕看他們的影像。|zh
2198|73|20|20|As a dream when one is awake, they are ended; they are like an image gone out of mind when sleep is over.|en
2199|73|21|21|因而，我心裡發酸，肺腑被刺。|zh
2200|73|21|21|My heart was made bitter, and I was pained by the bite of grief:|en
2201|73|22|22|我這樣愚昧無知，在你面前如畜類一般。|zh
2202|73|22|22|As for me, I was foolish, and without knowledge; I was like a beast before you.|en
2203|73|23|23|然而，我常與你同在；你攙著我的右手。|zh
2204|73|23|23|But still I am ever with you; you have taken me by my right hand.|en
2205|73|24|24|你要以你的訓言引導我，以後必接我到榮耀裡。|zh
2206|73|24|24|Your wisdom will be my guide, and later you will put me in a place of honour.|en
2207|73|25|25|除你以外，在天上我有誰呢？除你以外，在地上我也沒有所愛慕的。|zh
2208|73|25|25|Whom have I in heaven but you? and having you I have no desire for anything on earth.|en
2209|73|26|26|我的肉體和我的心腸衰殘；但神是我心裡的力量，又是我的福分，直到永遠。|zh
2210|73|26|26|My flesh and my heart are wasting away: but God is the Rock of my heart and my eternal heritage.|en
2211|73|27|27|遠離你的，必要死亡；凡離棄你行邪淫的，你都滅絕了。|zh
2212|73|27|27|For those who are far away from you will come to destruction: you will put an end to all those who have not kept faith with you.|en
2213|73|28|28|但我親近神是與我有益；我以主耶和華為我的避難所，好叫我述說你一切的作為。|zh
2214|73|28|28|But it is good for me to come near to God: I have put my faith in the Lord God, so that I may make clear all his works.|en
2215|74|1|1|（亞薩的訓誨詩。）神啊，你為何永遠丟棄我們呢？你為何向你草場的羊發怒，如煙冒出呢？|zh
2216|74|1|1|- Maschil. Of Asaph. - Of God, why have you put us away from you for ever? why is the fire of your wrath smoking against the sheep who are your care?|en
2217|74|2|2|求你記念你古時所得來的會眾，就是你所贖﹔作你產業支派的，並記念你向來所居住的錫安山。|zh
2218|74|2|2|Keep in mind your band of worshippers, for whom you gave payment in the days which are past, whom you took for yourself as the people of your heritage; even this mountain of Zion, which has been your resting-place.|en
2219|74|3|3|求你舉步去看那日久荒涼之地，仇敵在聖所中所行的一切惡事。|zh
2220|74|3|3|Go up and see the unending destruction; all the evil which your haters have done in the holy place;|en
2221|74|4|4|你的敵人在你會中吼叫；他們豎了自己的旗為記號。|zh
2222|74|4|4|Sending out their voices like lions among your worshippers; they have put up their signs to be seen.|en
2223|74|5|5|他們好像人揚起斧子，砍伐林中的樹。|zh
2224|74|5|5|They are cutting down, like a man whose blade is lifted up against the thick trees.|en
2225|74|6|6|聖所中一切雕刻的，他們現在用斧子錘子打壞了。|zh
2226|74|6|6|Your doors are broken down with hammers and iron blades.|en
2227|74|7|7|他們用火焚燒你的聖所，褻瀆你名的居所，拆毀到地。|zh
2228|74|7|7|They have put on fire your holy place; they have made the place of your name unclean, pulling it down to the earth.|en
2229|74|8|8|他們心裡說：我們要盡行毀滅；他們就在遍地把神的會所都燒燬了。|zh
2230|74|8|8|They have said in their hearts, Let us put an end to them all together; they have given over to the fire all God's places of worship in the land.|en
2231|74|9|9|我們不見我們的標幟，不再有先知；我們內中也沒有人知道這災禍要到幾時呢！|zh
2232|74|9|9|We do not see our signs: there is no longer any prophet, or anyone among us to say how long.|en
2233|74|10|10|神啊，敵人辱罵要到幾時呢？仇敵褻瀆你的名要到永遠麼？|zh
2234|74|10|10|O God, how long will those who are against us say cruel things? will the hater go on looking down on your name for ever?|en
2235|74|11|11|你為甚麼縮回你的右手？求你從懷中伸出來，毀滅他們。|zh
2236|74|11|11|Why are you keeping back your hand, and covering your right hand in your robe?|en
2237|74|12|12|神自古以來為我的王，在地上施行拯救。|zh
2238|74|12|12|For from the past God is my King, working salvation in the earth.|en
2239|74|13|13|你曾用能力將海分開，將水中大魚的頭打破。|zh
2240|74|13|13|The sea was parted in two by your strength; the heads of the great sea-beasts were broken.|en
2241|74|14|14|你曾砸碎鱷魚的頭，把他給曠野的禽獸（禽獸：原文是民）為食物。|zh
2242|74|14|14|The heads of the great snake were crushed by you; you gave them as food to the fishes of the sea.|en
2243|74|15|15|你曾分裂磐石，水便成了溪河；你使長流的江河乾了。|zh
2244|74|15|15|You made valleys for fountains and springs; you made the ever-flowing rivers dry.|en
2245|74|16|16|白晝屬你，黑夜也屬你；亮光和日頭是你所預備的。|zh
2246|74|16|16|The day is yours and the night is yours: you made the light and the sun.|en
2247|74|17|17|地的一切疆界是你所立的；夏天和冬天是你所定的。|zh
2248|74|17|17|By you all the limits of the earth were fixed; you have made summer and winter.|en
2249|74|18|18|耶和華啊，仇敵辱罵，愚頑民褻瀆了你的名，求你記念這事。|zh
2250|74|18|18|Keep this in mind, O Lord, that your haters have said cruel things, and that your name has been looked down on by a people of evil behaviour.|en
2251|74|19|19|不要將你斑鳩的性命交給野獸；不要永遠忘記你困苦人的性命。|zh
2252|74|19|19|O give not the soul of your dove to the hawk; let not the life of the poor go out of your memory for ever.|en
2253|74|20|20|求你顧念所立的約，因為地上黑暗之處都滿了強暴的居所。|zh
2254|74|20|20|Keep in mind your undertaking; for the dark places of the earth are full of pride and cruel acts.|en
2255|74|21|21|不要叫受欺壓的人蒙羞回去；要叫困苦窮乏的人讚美你的名。|zh
2256|74|21|21|O let not the crushed be turned back in shame; let the low man and the poor give praise to your name.|en
2257|74|22|22|神啊，求你起來為自己伸訴！要記念愚頑人怎樣終日辱罵你。|zh
2258|74|22|22|Up! O God, be the judge of your cause; keep in mind the bitter things which the man of evil behaviour says against you every day.|en
2259|74|23|23|不要忘記你敵人的聲音；那起來敵你之人的喧嘩時常上升。|zh
2260|74|23|23|Keep in mind the voice of your haters; the outcry of those who come against you goes up every day.|en
2261|75|1|1|（亞薩的詩歌，交與伶長。調用休要毀壞。）神啊，我們稱謝你，我們稱謝你！因為你的名相近，人都述說你奇妙的作為。|zh
2262|75|1|1|- To the chief music-maker; put to Al-tashheth. A Psalm. Of Asaph. A Song. - To you, O God, we give praise, to you we give praise: and those who give honour to your name make clear your works of power.|en
2263|75|2|2|我到了所定的日期，必按正直施行審判。|zh
2264|75|2|2|When the right time has come, I will be the judge in righteousness.|en
2265|75|3|3|地和其上的居民都消化了；我曾立了地的柱子。（細拉）|zh
2266|75|3|3|When the earth and all its people become feeble, I am the support of its pillars. (Selah.)|en
2267|75|4|4|我對狂傲人說：不要行事狂傲！對凶惡人說：不要舉角！|zh
2268|75|4|4|I say to the men of pride, Let your pride be gone: and to the sinners, Let not your horn be lifted up.|en
2269|75|5|5|不要把你們的角高舉；不要挺著頸項說話。|zh
2270|75|5|5|Let not your horn be lifted up: let no more words of pride come from your outstretched necks.|en
2271|75|6|6|因為高舉非從東，非從西，也非從南而來。|zh
2272|75|6|6|For honour does not come from the east, or from the west, or uplifting from the south;|en
2273|75|7|7|惟有神斷定；他使這人降卑，使那人升高。|zh
2274|75|7|7|But God is the judge, putting down one, and lifting up another.|en
2275|75|8|8|耶和華手裡有杯，其中的酒起沫，杯內滿了攙雜的酒；他倒出來，地上的惡人必都喝這酒的渣滓，而且喝盡。|zh
2276|75|8|8|For in the hand of the Lord is a cup, and the wine is red; it is well mixed, overflowing from his hand: he will make all the sinners of the earth take of it, even to the last drop.|en
2277|75|9|9|但我要宣揚，直到永遠！我要歌頌雅各的神！|zh
2278|75|9|9|But I will ever be full of joy, making songs of praise to the God of Jacob.|en
2279|75|10|10|惡人一切的角，我要砍斷；惟有義人的角必被高舉。|zh
2280|75|10|10|By him will all the horns of the sinners be cut off; but the horns of the upright will be lifted up.|en
2281|76|1|1|（亞薩的詩歌，交與伶長。用絲弦的樂器。）在猶大，神為人所認識；在以色列，他的名為大。|zh
2282|76|1|1|- To the chief music-maker; put to Neginoth. A Psalm. Of Asaph. A Song. -|en
2283|76|2|2|在撒冷有他的帳幕；在錫安有他的居所。|zh
2284|76|2|2|In Judah is the knowledge of God; his name is great in Israel,|en
2285|76|3|3|他在那裡折斷弓上的火箭，並盾牌、刀劍，和爭戰的兵器。（細拉）|zh
2286|76|3|3|In Salem is his tent, his resting-place in Zion.|en
2287|76|4|4|你從有野食之山而來，有光華和榮美。|zh
2288|76|4|4|There were the arrows of the bow broken, there he put an end to body-cover, sword, and fight. (Selah.)|en
2289|76|5|5|心中勇敢的人都被搶奪；他們睡了長覺，沒有一個英雄能措手。|zh
2290|76|5|5|You are shining and full of glory, more than the eternal mountains.|en
2291|76|6|6|雅各的神啊，你的斥責一發，坐車的﹔騎馬的都沉睡了。|zh
2292|76|6|6|Gone is the wealth of the strong, their last sleep has overcome them; the men of war have become feeble.|en
2293|76|7|7|惟獨你是可畏的！你怒氣一發，誰能在你面前站得住呢？|zh
2294|76|7|7|At the voice of your wrath, O God of Jacob, deep sleep has overcome carriage and horse.|en
2295|76|8|8,9 |你從天上使人聽判斷。神起來施行審判，要救地上一切謙卑的人；那時地就懼怕而靜默。（細拉）|zh
2296|76|8|8|You, you are to be feared; who may keep his place before you in the time of your wrath?|en
2297|76|9|9|From heaven you gave your decision; the earth, in its fear, gave no sound,|en
2298|76|10|10|人的忿怒要成全你的榮美；人的餘怒，你要禁止。|zh
2299|76|10|10|When God took his place as judge, for the salvation of the poor on the earth. (Selah.)|en
2300|76|11|11|你們許願，當向耶和華─你們的神還願；在他四面的人都當拿貢物獻給那可畏的主。|zh
2301|76|11|11|The ... will give you praise; the rest of ...|en
2302|76|12|12|他要挫折王子的驕氣；他向地上的君王顯威可畏。|zh
2303|76|12|12|Give to the Lord your God what is his by right; let all who are round him give offerings to him who is to be feared.|en
2304|77|1|1|（亞薩的詩，照耶杜頓的作法，交與伶長。）我要向神發聲呼求；我向　神發聲，他必留心聽我。|zh
2305|77|1|1|- To the chief music-maker. After Jeduthun. Of Asaph. A Psalm. - I was crying to God with my voice; even to God with my voice, and he gave ear to me.|en
2306|77|2|2|我在患難之日尋求主；我在夜間不住地舉手禱告；我的心不肯受安慰。|zh
2307|77|2|2|In the day of my trouble, my heart was turned to the Lord: my hand was stretched out in the night without resting; my soul would not be comforted.|en
2308|77|3|3|我想念神，就煩燥不安；我沉吟悲傷，心便發昏。（細拉）|zh
2309|77|3|3|I will keep God in memory, with sounds of grief; my thoughts are troubled, and my spirit is overcome. (Selah.)|en
2310|77|4|4|你叫我不能閉眼；我煩亂不安，甚至不能說話。|zh
2311|77|4|4|You keep my eyes from sleep; I am so troubled that no words come.|en
2312|77|5|5|我追想古時之日，上古之年。|zh
2313|77|5|5|My thoughts go back to the days of the past, to the years which are gone.|en
2314|77|6|6|我想起我夜間的歌曲，捫心自問；我心裡也仔細省察。|zh
2315|77|6|6|The memory of my song comes back to me in the night; my thoughts are moving in my heart; my spirit is searching with care.|en
2316|77|7|7|難道主要永遠丟棄我，不再施恩麼？|zh
2317|77|7|7|Will the Lord put me away for ever? will he be kind no longer?|en
2318|77|8|8|難道他的慈愛永遠窮盡，他的應許世世廢棄麼？|zh
2319|77|8|8|Is his mercy quite gone for ever? has his word come to nothing?|en
2320|77|9|9|難道神忘記開恩，因發怒就止住他的慈悲麼？（細拉）|zh
2321|77|9|9|Has God put away the memory of his pity? are his mercies shut up by his wrath? (Selah.)|en
2322|77|10|10|我便說：這是我的懦弱，但我要追念至高者顯出右手之年代。|zh
2323|77|10|10|And I said, It is a weight on my spirit; but I will keep in mind the years of the right hand of the Most High.|en
2324|77|11|11|我要提說耶和華所行的；我要記念你古時的奇事。|zh
2325|77|11|11|I will keep in mind the works of Jah: I will keep the memory of your wonders in the past.|en
2326|77|12|12|我也要思想你的經營，默念你的作為。|zh
2327|77|12|12|I will give thought to all your work, while my mind goes over your acts of power.|en
2328|77|13|13|神啊，你的作為是潔淨的；有何神大如神呢？|zh
2329|77|13|13|Your way, O God, is holy: what god is so great as our God?|en
2330|77|14|14|你是行奇事的神；你曾在列邦中彰顯你的能力。|zh
2331|77|14|14|You are the God who does works of power: you have made your strength clear to the nations.|en
2332|77|15|15|你曾用你的膀臂贖了你的民，就是雅各和約瑟的子孫。（細拉）|zh
2333|77|15|15|With your arm you have made your people free, the sons of Jacob and Joseph. (Selah.)|en
2334|77|16|16|神啊，諸水見你，一見就都驚惶；深淵也都戰抖。|zh
2335|77|16|16|The waters saw you, O God; the waters saw you, they were in fear: even the deep was troubled.|en
2336|77|17|17|雲中倒出水來；天空發出響聲；你的箭也飛行四方。|zh
2337|77|17|17|The clouds sent out water; the skies gave out a sound; truly, your arrows went far and wide.|en
2338|77|18|18|你的雷聲在旋風中；電光照亮世界；大地戰抖震動。|zh
2339|77|18|18|The voice of your thunder went rolling on; the world was flaming with the light of the storm; the earth was shaking.|en
2340|77|19|19|你的道在海中；你的路在大水中；你的腳蹤無人知道。|zh
2341|77|19|19|Your way was in the sea, and your road in the great waters; there was no knowledge of your footsteps.|en
2342|77|20|20|你曾藉摩西和亞倫的手引導你的百姓，好像羊群一般。|zh
2343|77|20|20|You were guiding your people like a flock, by the hand of Moses and Aaron.|en
2344|78|1|1|（亞薩的訓誨詩。）我的民哪，你們要留心聽我的訓誨，側耳聽我口中的話。|zh
2345|78|1|1|- Maschil. Of Asaph. - Give ear, O my people, to my law; let your ears be bent down to the words of my mouth.|en
2346|78|2|2|我要開口說比喻；我要說出古時的謎語，|zh
2347|78|2|2|Opening my mouth I will give out a story, even the dark sayings of old times;|en
2348|78|3|3|是我們所聽見、所知道的，也是我們的祖宗告訴我們的。|zh
2349|78|3|3|Which have come to our hearing and our knowledge, as they were given to us by our fathers.|en
2350|78|4|4|我們不將這些事向他們的子孫隱瞞，要將耶和華的美德和他的能力，並他奇妙的作為，述說給後代聽。|zh
2351|78|4|4|We will not keep them secret from our children; we will make clear to the coming generation the praises of the Lord and his strength, and the great works of wonder which he has done.|en
2352|78|5|5|因為，他在雅各中立法度，在以色列中設律法；是他吩咐我們祖宗要傳給子孫的，|zh
2353|78|5|5|He put up a witness in Jacob, and made a law in Israel; which he gave to our fathers so that they might give knowledge of them to their children;|en
2354|78|6|6|使將要生的後代子孫可以曉得；他們也要起來告訴他們的子孫，|zh
2355|78|6|6|So that the generation to come might have knowledge of them, even the children of the future, who would give word of them to their children;|en
2356|78|7|7|好叫他們仰望神，不忘記神的作為，惟要守他的命令。|zh
2357|78|7|7|So that they might put their hope in God, and not let God's works go out of their minds, but keep his laws;|en
2358|78|8|8|不要像他們的祖宗，是頑梗悖逆、居心不正之輩，向著神，心不誠實。|zh
2359|78|8|8|And not be like their fathers, a stiff-necked and uncontrolled generation; a generation whose heart was hard, whose spirit was not true to God.|en
2360|78|9|9|以法蓮的子孫帶著兵器，拿著弓，臨陣之日轉身退後。|zh
2361|78|9|9|The children of Ephraim, armed with bows, were turned back on the day of the fight.|en
2362|78|10|10|他們不遵守神的約，不肯照他的律法行；|zh
2363|78|10|10|They were not ruled by God's word, and they would not go in the way of his law;|en
2364|78|11|11|又忘記他所行的和他顯給他們奇妙的作為。|zh
2365|78|11|11|They let his works go out of their memory, and the wonders which he had made them see.|en
2366|78|12|12|他在埃及地，在瑣安田，在他們祖宗的眼前施行奇事。|zh
2367|78|12|12|He did great works before the eyes of their fathers, in the land of Egypt, in the fields of Zoan.|en
2368|78|13|13|他將海分裂，使他們過去，又叫水立起如壘。|zh
2369|78|13|13|The sea was cut in two so that they might go through; the waters were massed together on this side and on that.|en
2370|78|14|14|他白日用雲彩，終夜用火光引導他們。|zh
2371|78|14|14|In the daytime he was guiding them in the cloud, and all through the night with a light of fire.|en
2372|78|15|15|他在曠野分裂磐石，多多地給他們水喝，如從深淵而出。|zh
2373|78|15|15|The rocks of the waste land were broken by his power, and he gave them drink as out of the deep waters.|en
2374|78|16|16|他使水從磐石湧出，叫水如江河下流。|zh
2375|78|16|16|He made streams come out of the rock; and waters came flowing down like rivers.|en
2376|78|17|17|他們卻仍舊得罪他，在乾燥之地悖逆至高者。|zh
2377|78|17|17|And they went on sinning against him even more, turning away from the Most High in the waste land;|en
2378|78|18|18|他們心中試探神，隨自己所欲的求食物，|zh
2379|78|18|18|Testing God in their hearts, requesting meat for their desire.|en
2380|78|19|19|並且妄論神說：神在曠野豈能擺設筵席麼？|zh
2381|78|19|19|They said bitter words against God, saying, Is God able to make ready a table in the waste land?|en
2382|78|20|20|他曾擊打磐石，使水湧出，成了江河；他還能賜糧食麼？還能為他的百姓預備肉麼？|zh
2383|78|20|20|See, the rock was cut open by his power, so that the water came rushing out, and overflowing streams; is he able to give us bread? is he able to get meat for his people?|en
2384|78|21|21|所以，耶和華聽見就發怒；有烈火向雅各燒起；有怒氣向以色列上騰；|zh
2385|78|21|21|So these things came to the Lord's ears, and he was angry; and a fire was lighted against Jacob, and wrath came up against Israel;|en
2386|78|22|22|因為他們不信服神，不倚賴他的救恩。|zh
2387|78|22|22|Because they had no faith in God, and no hope in his salvation.|en
2388|78|23|23|他卻吩咐天空，又敞開天上的門，|zh
2389|78|23|23|And he gave orders to the clouds on high, and the doors of heaven were open;|en
2390|78|24|24|降嗎哪，像雨給他們吃，將天上的糧食賜給他們。|zh
2391|78|24|24|And he sent down manna like rain for their food, and gave them the grain of heaven.|en
2392|78|25|25|各人（或譯：人）吃大能者的食物；他賜下糧食，使他們飽足。|zh
2393|78|25|25|Man took part in the food of strong ones; he sent them meat in full measure.|en
2394|78|26|26|他領東風起在天空，又用能力引了南風來。|zh
2395|78|26|26|He sent an east wind from heaven, driving on the south wind by his power.|en
2396|78|27|27|他降肉，像雨在他們當中，多如塵土，又降飛鳥，多如海沙，|zh
2397|78|27|27|He sent down meat on them like dust, and feathered birds like the sand of the sea,|en
2398|78|28|28|落在他們的營中，在他們住處的四面。|zh
2399|78|28|28|And he let it come down into their resting-place, round about their tents.|en
2400|78|29|29|他們吃了，而且飽足；這樣就隨了他們所欲的。|zh
2401|78|29|29|So they had food and were full; for he gave them their desire;|en
2402|78|30|30|他們貪而無厭，食物還在他們口中的時候，|zh
2403|78|30|30|But they were not turned from their desires; and while the food was still in their mouths,|en
2404|78|31|31|神的怒氣就向他們上騰，殺了他們內中的肥壯人，打倒以色列的少年人。|zh
2405|78|31|31|The wrath of God came on them, and put to death the fattest of them, and put an end to the young men of Israel.|en
2406|78|32|32|雖是這樣，他們仍舊犯罪，不信他奇妙的作為。|zh
2407|78|32|32|For all this they went on sinning even more, and had no faith in his great wonders.|en
2408|78|33|33|因此，他叫他們的日子全歸虛空，叫他們的年歲盡屬驚恐。|zh
2409|78|33|33|So their days were wasted like a breath, and their years in trouble.|en
2410|78|34|34|他殺他們的時候，他們才求問他，回心轉意，切切地尋求神。|zh
2411|78|34|34|When he sent death on them, then they made search for him; turning to him and looking for him with care;|en
2412|78|35|35|他們也追念神是他們的磐石，至高的神是他們的救贖主。|zh
2413|78|35|35|In the memory that God was their Rock, and the Most High God their saviour.|en
2414|78|36|36|他們卻用口諂媚他，用舌向他說謊。|zh
2415|78|36|36|But their lips were false to him, and their tongues were untrue to him;|en
2416|78|37|37|因他們的心向他不正，在他的約上也不忠心。|zh
2417|78|37|37|And their hearts were not right with him, and they did not keep their agreement with him.|en
2418|78|38|38|但他有憐憫，赦免他們的罪孽，不滅絕他們，而且屢次消他的怒氣，不發盡他的忿怒。|zh
2419|78|38|38|But he, being full of pity, has forgiveness for sin, and does not put an end to man: frequently turning back his wrath, and not being violently angry.|en
2420|78|39|39|他想到他們不過是血氣，是一陣去而不返的風。|zh
2421|78|39|39|So he kept in mind that they were only flesh; a breath which is quickly gone, and will not come again.|en
2422|78|40|40|他們在曠野悖逆他，在荒地叫他擔憂，何其多呢！|zh
2423|78|40|40|How frequently did they go against him in the waste land, and give him cause for grief in the dry places!|en
2424|78|41|41|他們再三試探神，惹動以色列的聖者。|zh
2425|78|41|41|Again they put God to the test, and gave pain to the Holy One of Israel.|en
2426|78|42|42|他們不追念他的能力（原文是手）和贖他們脫離敵人的日子；|zh
2427|78|42|42|They did not keep in mind the work of his hand, or the day when he took them from the power of their haters;|en
2428|78|43|43|他怎樣在埃及地顯神蹟，在瑣安田顯奇事，|zh
2429|78|43|43|How he had done his signs in Egypt, and his wonders in the field of Zoan;|en
2430|78|44|44|把他們的江河並河的水都變為血，使他們不能喝。|zh
2431|78|44|44|So that their rivers were turned to blood, and they were not able to get drink from their streams.|en
2432|78|45|45|他叫蒼蠅成群落在他們當中，嘬盡他們，又叫青蛙滅了他們，|zh
2433|78|45|45|He sent different sorts of flies among them, poisoning their flesh; and frogs for their destruction.|en
2434|78|46|46|把他們的土產交給螞蚱，把他們辛苦得來的交給蝗蟲。|zh
2435|78|46|46|He gave the increase of their fields to worms, the fruits of their industry to the locusts.|en
2436|78|47|47|他降冰雹打壞他們的葡萄樹，下嚴霜打壞他們的桑樹，|zh
2437|78|47|47|He sent ice for the destruction of their vines; their trees were damaged by the bitter cold.|en
2438|78|48|48|又把他們的牲畜交給冰雹，把他們的群畜交給閃電。|zh
2439|78|48|48|Ice was rained down on their cattle; thunderstorms sent destruction among the flocks.|en
2440|78|49|49|他使猛烈的怒氣和忿怒、惱恨、苦難成了一群降災的使者，臨到他們。|zh
2441|78|49|49|He sent on them the heat of his wrath, his bitter disgust, letting loose evil angels among them.|en
2442|78|50|50|他為自己的怒氣修平了路，將他們交給瘟疫，使他們死亡，|zh
2443|78|50|50|He let his wrath have its way; he did not keep back their soul from death, but gave their life to disease.|en
2444|78|51|51|在埃及擊殺一切長子，在含的帳棚中擊殺他們強壯時頭生的。|zh
2445|78|51|51|He gave to destruction all the first sons of Egypt; the first-fruits of their strength in the tents of Ham;|en
2446|78|52|52|他卻領出自己的民如羊，在曠野引他們如羊群。|zh
2447|78|52|52|But he took his people out like sheep, guiding them in the waste land like a flock.|en
2448|78|53|53|他領他們穩穩妥妥地，使他們不致害怕；海卻淹沒他們的仇敵。|zh
2449|78|53|53|He took them on safely so that they had no fear; but their haters were covered by the sea.|en
2450|78|54|54|他帶他們到自己聖地的邊界，到他右手所得的這山地。|zh
2451|78|54|54|And he was their guide to his holy land, even to the mountain, which his right hand had made his;|en
2452|78|55|55|他在他們面前趕出外邦人，用繩子將外邦的地量給他們為業，叫以色列支派的人住在他們的帳棚裡。|zh
2453|78|55|55|Driving out nations before them, marking out the line of their heritage, and giving the people of Israel their tents for a resting-place.|en
2454|78|56|56|他們仍舊試探、悖逆至高的神，不守他的法度，|zh
2455|78|56|56|But they were bitter against the Most High God, testing him, and not keeping his laws;|en
2456|78|57|57|反倒退後，行詭詐，像他們的祖宗一樣；他們改變，如同翻背的弓。|zh
2457|78|57|57|Their hearts were turned back and untrue like their fathers; they were turned to one side like a twisted bow.|en
2458|78|58|58|因他們的邱壇惹了他的怒氣；因他們雕刻的偶像觸動他的憤恨。|zh
2459|78|58|58|They made him angry with their high places; moving him to wrath with their images.|en
2460|78|59|59|神聽見就發怒，極其憎惡以色列人。|zh
2461|78|59|59|When this came to God's ears he was very angry, and gave up Israel completely;|en
2462|78|60|60|甚至他離棄示羅的帳幕，就是他在人間所搭的帳棚；|zh
2463|78|60|60|So that he went away from the holy place in Shiloh, the tent which he had put among men;|en
2464|78|61|61|又將他的約櫃（原文是能力）交與人擄去，將他的榮耀交在敵人手中；|zh
2465|78|61|61|And he let his strength be taken prisoner, and gave his glory into the hands of his hater.|en
2466|78|62|62|並將他的百姓交與刀劍，向他的產業發怒。|zh
2467|78|62|62|He gave his people up to the sword, and was angry with his heritage.|en
2468|78|63|63|少年人被火燒滅；處女也無喜歌。|zh
2469|78|63|63|Their young men were burned in the fire; and their virgins were not praised in the bride-song.|en
2470|78|64|64|祭司倒在刀下，寡婦卻不哀哭。|zh
2471|78|64|64|Their priests were put to death by the sword, and their widows made no weeping for them.|en
2472|78|65|65|那時，主像世人睡醒，像勇士飲酒呼喊。|zh
2473|78|65|65|Then was the Lord like one awaking from sleep, and like a strong man crying out because of wine.|en
2474|78|66|66|他就打退了他的敵人，叫他們永蒙羞辱；|zh
2475|78|66|66|His haters were turned back by his blows and shamed for ever.|en
2476|78|67|67|並且他棄掉約瑟的帳棚，不揀選以法蓮支派，|zh
2477|78|67|67|And he put the tent of Joseph on one side, and took not the tribe of Ephraim;|en
2478|78|68|68|卻揀選猶大支派─他所喜愛的錫安山；|zh
2479|78|68|68|But he took the tribe of Judah for himself, and the mountain of Zion, in which he had pleasure.|en
2480|78|69|69|蓋造他的聖所，好像高峰，又像他建立永存之地；|zh
2481|78|69|69|And he made his holy place like the high heaven, like the earth which is fixed by him for ever.|en
2482|78|70|70|又揀選他的僕人大衛，從羊圈中將他召來，|zh
2483|78|70|70|He took David to be his servant, taking him from the place of the flocks;|en
2484|78|71|71|叫他不再跟從那些帶奶的母羊，為要牧養自己的百姓雅各和自己的產業以色列。|zh
2485|78|71|71|From looking after the sheep which were giving milk, he took him to give food to Jacob his people, and to Israel his heritage.|en
2486|78|72|72|於是，他按心中的純正牧養他們，用手中的巧妙引導他們。|zh
2487|78|72|72|So he gave them food with an upright heart, guiding them by the wisdom of his hands.|en
2488|79|1|1|（亞薩的詩。）神啊，外邦人進入你的產業，污穢你的聖殿，使耶路撒冷變成荒堆，|zh
2489|79|1|1|- A Psalm. Of Asaph. - O God, the nations have come into your heritage; they have made your holy Temple unclean; they have made Jerusalem a mass of broken walls.|en
2490|79|2|2|把你僕人的屍首交與天空的飛鳥為食，把你聖民的肉交與地上的野獸，|zh
2491|79|2|2|They have given the bodies of your servants as food to the birds of the air, and the flesh of your saints to the beasts of the earth.|en
2492|79|3|3|在耶路撒冷周圍流他們的血如水，無人葬埋。|zh
2493|79|3|3|Their blood has been flowing like water round about Jerusalem; there was no one to put them in their last resting-place.|en
2494|79|4|4|我們成為鄰國的羞辱，成為我們四圍人的嗤笑譏刺。|zh
2495|79|4|4|We are looked down on by our neighbours, we are laughed at and made sport of by those who are round us.|en
2496|79|5|5|耶和華啊，這到幾時呢？你要動怒到永遠麼？你的憤恨要如火焚燒麼？|zh
2497|79|5|5|How long, O Lord? will you be angry for ever? will your wrath go on burning like fire?|en
2498|79|6|6|願你將你的忿怒倒在那不認識你的外邦和那不求告你名的國度。|zh
2499|79|6|6|Let your wrath be on the nations who have no knowledge of you, and on the kingdoms who have not made prayer to your name.|en
2500|79|7|7|因為他們吞了雅各，把他的住處變為荒場。|zh
2501|79|7|7|For they have taken Jacob for their meat, and made waste his house.|en
2502|79|8|8|求你不要記念我們先祖的罪孽，向我們追討；願你的慈悲快迎著我們，因為我們落到極卑微的地步。|zh
2503|79|8|8|Do not keep in mind against us the sins of our fathers; let your mercy come to us quickly, for we have been made very low.|en
2504|79|9|9|拯救我們的神啊，求你因你名的榮耀幫助我們！為你名的緣故搭救我們，赦免我們的罪。|zh
2505|79|9|9|Give us help, O God of our salvation, for the glory of your name; take us out of danger and give us forgiveness for our sins, because of your name.|en
2506|79|10|10|為何容外邦人說他們的神在哪裡呢？願你使外邦人知道你在我們眼前伸你僕人流血的冤。|zh
2507|79|10|10|Why may the nations say, Where is their God? Let payment for the blood of your servants be made openly among the nations before our eyes.|en
2508|79|11|11|願被囚之人的歎息達到你面前；願你按你的大能力存留那些將要死的人。|zh
2509|79|11|11|Let the cry of the prisoner come before you; with your strong arm make free the children of death;|en
2510|79|12|12|主啊，願你將我們鄰邦所羞辱你的羞辱加七倍歸到他們身上。|zh
2511|79|12|12|And give punishment seven times over into the breast of our neighbours for the bitter words which they have said against you, O Lord.|en
2512|79|13|13|這樣，你的民，你草場的羊，要稱謝你，直到永遠；要述說讚美你的話，直到萬代。|zh
2513|79|13|13|So we your people, and the sheep of your flock, will give you glory for ever: we will go on praising you through all generations.|en
2514|80|1|1|（亞薩的詩，交與伶長。調用為證的百合花。）領約瑟如領羊群之以色列的牧者啊，求你留心聽！坐在二基路伯上的啊，求你發出光來！|zh
2515|80|1|1|- To the chief music-maker; put to Shoshannim-eduth. Of Asaph. A Psalm. - Give ear, O Keeper of Israel, guiding Joseph like a flock; you who have your seat on the winged ones, let your glory be seen.|en
2516|80|2|2|在以法蓮、便雅憫、瑪拿西前面施展你的大能，來救我們。|zh
2517|80|2|2|Before Ephraim and Benjamin and Manasseh, let your strength be awake from sleep, and come as our salvation.|en
2518|80|3|3|神啊，求你使我們回轉（或譯：復興），使你的臉發光，我們便要得救！|zh
2519|80|3|3|Take us back again, O God; let us see the shining of your face, and let us be safe.|en
2520|80|4|4|耶和華─萬軍之神啊，你向你百姓的禱告發怒，要到幾時呢？|zh
2521|80|4|4|O Lord God of armies, how long will your wrath be burning against the rest of your people?|en
2522|80|5|5|你以眼淚當食物給他們吃，又多量出眼淚給他們喝。|zh
2523|80|5|5|You have given them the bread of weeping for food; for their drink you have given them sorrow in great measure.|en
2524|80|6|6|你使鄰邦因我們紛爭；我們的仇敵彼此戲笑。|zh
2525|80|6|6|You make us a cause of war among our neighbours; our haters are laughing at us among themselves.|en
2526|80|7|7|萬軍之神啊，求你使我們回轉，使你的臉發光，我們便要得救！|zh
2527|80|7|7|Take us back again, O God of armies; let us see the shining of your face, and let us be safe.|en
2528|80|8|8|你從埃及挪出一棵葡萄樹，趕出外邦人，把這樹栽上。|zh
2529|80|8|8|You took a vine out of Egypt: driving out the nations, and planting it in their land.|en
2530|80|9|9|你在這樹根前預備了地方，他就深深扎根，爬滿了地。|zh
2531|80|9|9|You made ready a place for it, so that it might take deep root, and it sent out its branches over all the land.|en
2532|80|10|10|他的影子遮滿了山，枝子好像佳美的香柏樹。|zh
2533|80|10|10|The mountains were covered with its shade, and the great trees with its branches.|en
2534|80|11|11|他發出枝子，長到大海，發出蔓子，延到大河。|zh
2535|80|11|11|It sent out its arms to the Sea, and its branches to the River.|en
2536|80|12|12|你為何拆毀這樹的籬笆，任憑一切過路的人摘取？|zh
2537|80|12|12|Why are its walls broken down by your hands, so that all who go by may take its fruit?|en
2538|80|13|13|林中出來的野豬把他糟踏；野地的走獸拿他當食物。|zh
2539|80|13|13|It is uprooted by the pigs from the woods, the beasts of the field get their food from it.|en
2540|80|14|14|萬軍之神啊，求你回轉！從天上垂看，眷顧這葡萄樹，|zh
2541|80|14|14|Come back, O God of armies: from heaven let your eyes be turned to this vine, and give your mind to it,|en
2542|80|15|15|保護你右手所栽的和你為自已所堅固的枝子。|zh
2543|80|15|15|Even to the tree which was planted by your right hand, and to the branch which you made strong for yourself.|en
2544|80|16|16|這樹已經被火焚燒，被刀砍伐；他們因你臉上的怒容就滅亡了。|zh
2545|80|16|16|It is burned with fire; it is cut down: they are made waste by the wrath of your face.|en
2546|80|17|17|願你的手扶持你右邊的人，就是你為自已所堅固的人子。|zh
2547|80|17|17|Let your hand be on the man of your right hand, on the son of man whom you made strong for yourself.|en
2548|80|18|18|這樣，我們便不退後離開你；求你救活我們，我們就要求告你的名。|zh
2549|80|18|18|So will we not be turned back from you; keep us in life, and we will give praise to your name.|en
2550|80|19|19|耶和華─萬軍之神啊，求你使我們回轉，使你的臉發光，我們便要得救！|zh
2551|80|19|19|Take us back, O Lord God of armies; let us see the shining of your face, and let us be safe.|en
2552|81|1|1|（亞薩的詩，交與伶長。用迦特樂器。）你們當向神─我們的力量大聲歡呼，向雅各的　神發聲歡樂！|zh
2553|81|1|1|- To the chief music-maker; put to the Gittith. Of Asaph. - Make a song to God our strength: make a glad cry to the God of Jacob.|en
2554|81|2|2|唱起詩歌，打手鼓，彈美琴與瑟。|zh
2555|81|2|2|Take up the melody, playing on an instrument of music, even on corded instruments.|en
2556|81|3|3|當在月朔並月望─我們過節的日期吹角，|zh
2557|81|3|3|Let the horn be sounded in the time of the new moon, at the full moon, on our holy feast-day:|en
2558|81|4|4|因這是為以色列定的律例，是雅各神的典章。|zh
2559|81|4|4|For this is a rule for Israel, and a law of the God of Jacob.|en
2560|81|5|5|他去攻擊埃及地的時候，在約瑟中間立此為證。我在那裡聽見我所不明白的言語：|zh
2561|81|5|5|He gave it to Joseph as a witness, when he went out over the land of Egypt; then the words of a strange tongue were sounding in my ears.|en
2562|81|6|6|神說：我使你的肩得脫重擔，你的手放下筐子。|zh
2563|81|6|6|I took the weight from his back; his hands were made free from the baskets.|en
2564|81|7|7|你在急難中呼求，我就搭救你；我在雷的隱密處應允你，在米利巴水那裡試驗你。（細拉）|zh
2565|81|7|7|You gave a cry in your trouble, and I made you free; I gave you an answer in the secret place of the thunder; I put you to the test at the waters of Meribah. (Selah.)|en
2566|81|8|8|我的民哪，你當聽，我要勸戒你；以色列啊，甚願你肯聽從我。|zh
2567|81|8|8|Give ear, O my people, and I will give you my word, O Israel, if you will only do as I say!|en
2568|81|9|9|在你當中，不可有別的神；外邦的神，你也不可下拜。|zh
2569|81|9|9|There is to be no strange god among you; you are not to give worship to any other god.|en
2570|81|10|10|我是耶和華─你的神，曾把你從埃及地領上來；你要大大張口，我就給你充滿。|zh
2571|81|10|10|I am the Lord your God, who took you up from the land of Egypt: let your mouth be open wide, so that I may give you food.|en
2572|81|11|11|無奈，我的民不聽我的聲音；以色列全不理我。|zh
2573|81|11|11|But my people did not give ear to my voice; Israel would have nothing to do with me.|en
2574|81|12|12|我便任憑他們心裡剛硬，隨自己的計謀而行。|zh
2575|81|12|12|So I gave them up to the desires of their hearts; that they might go after their evil purposes.|en
2576|81|13|13|甚願我的民肯聽從我，以色列肯行我的道，|zh
2577|81|13|13|If only my people would give ear to me, walking in my ways!|en
2578|81|14|14|我便速速治服他們的仇敵，反手攻擊他們的敵人。|zh
2579|81|14|14|I would quickly overcome their haters: my hand would be turned against those who make war on them.|en
2580|81|15|15|恨耶和華的人必來投降，但他的百姓必永久長存。|zh
2581|81|15|15|The haters of the Lord would be broken, and their destruction would be eternal.|en
2582|81|16|16|他也必拿上好的麥子給他們吃，又拿從磐石出的蜂蜜叫他們飽足。|zh
2583|81|16|16|I would give them the best grain for food; you would be full of honey from the rock.|en
2584|82|1|1|（亞薩的詩。）神站在有權力者的會中，在諸　神中行審判，|zh
2585|82|1|1|- A Psalm. Of Asaph. - God is in the meeting-place of God; he is judging among the gods.|en
2586|82|2|2|說：你們審判不秉公義，徇惡人的情面，要到幾時呢？（細拉）|zh
2587|82|2|2|How long will you go on judging falsely, having respect for the persons of evil-doers? (Selah.)|en
2588|82|3|3|你們當為貧寒的人和孤兒伸冤；當為困苦和窮乏的人施行公義。|zh
2589|82|3|3|Give ear to the cause of the poor and the children without fathers; let those who are troubled and in need have their rights.|en
2590|82|4|4|當保護貧寒和窮乏的人，救他們脫離惡人的手。|zh
2591|82|4|4|Be the saviour of the poor and those who have nothing: take them out of the hand of the evil-doers.|en
2592|82|5|5|你們仍不知道，也不明白，在黑暗中走來走去；地的根基都搖動了。|zh
2593|82|5|5|They have no knowledge or sense; they go about in the dark: all the bases of the earth are moved.|en
2594|82|6|6|我曾說：你們是神，都是至高者的兒子。|zh
2595|82|6|6|I said, You are gods; all of you are the sons of the Most High:|en
2596|82|7|7|然而，你們要死，與世人一樣，要仆倒，像王子中的一位。|zh
2597|82|7|7|But you will come to death like men, falling like one of the rulers of the earth.|en
2598|82|8|8|神啊，求你起來審判世界，因為你要得萬邦為業。|zh
2599|82|8|8|Up! O God, come as judge of the earth; for all the nations are your heritage.|en
2600|83|1|1|（亞薩的詩歌。）神啊，求你不要靜默！神啊，求你不要閉口，也不要不作聲！|zh
2601|83|1|1|- A Song. A Psalm. Of Asaph. - O God, do not keep quiet: let your lips be open and take no rest, O God.|en
2602|83|2|2|因為你的仇敵喧嚷，恨你的抬起頭來。|zh
2603|83|2|2|For see! those who make war on you are out of control; your haters are lifting up their heads.|en
2604|83|3|3|他們同謀奸詐要害你的百姓，彼此商議要害你所隱藏的人。|zh
2605|83|3|3|They have made wise designs against your people, talking together against those whom you keep in a secret place.|en
2606|83|4|4|他們說：來罷，我們將他們剪滅，使他們不再成國！使以色列的名不再被人記念！|zh
2607|83|4|4|They have said, Come, let us put an end to them as a nation; so that the name of Israel may go out of man's memory.|en
2608|83|5|5|他們同心商議，彼此結盟，要抵擋你，|zh
2609|83|5|5|For they have all come to an agreement; they are all joined together against you:|en
2610|83|6|6|就是住帳棚的以東人和以實瑪利人，摩押和夏甲人，|zh
2611|83|6|6|The tents of Edom and the Ishmaelites; Moab and the Hagarites;|en
2612|83|7|7|迦巴勒、亞捫，和亞瑪力、非利士並推羅的居民。|zh
2613|83|7|7|Gebal and Ammon and Amalek; the Philistines and the people of Tyre;|en
2614|83|8|8|亞述也與他們連合；他們作羅得子孫的幫手。（細拉）|zh
2615|83|8|8|Assur is joined with them; they have become the support of the children of Lot. (Selah.)|en
2616|83|9|9|求你待他們，如待米甸，如在基順河待西西拉和耶賓一樣。|zh
2617|83|9|9|Do to them what you did to the Midianites; what you did to Sisera and Jabin, at the stream of Kishon:|en
2618|83|10|10|他們在隱多珥滅亡，成了地上的糞土。|zh
2619|83|10|10|Who came to destruction at En-dor; their bodies became dust and waste.|en
2620|83|11|11|求你叫他們的首領像俄立和西伊伯，叫他們的王子都像西巴和撒慕拿。|zh
2621|83|11|11|Make their chiefs like Oreb and Zeeb; and all their rulers like Zebah and Zalmunna:|en
2622|83|12|12|他們說：我們要得神的住處，作為自己的產業。|zh
2623|83|12|12|Who have said, Let us take for our heritage the resting-place of God.|en
2624|83|13|13|我的神啊，求你叫他們像旋風的塵土，像風前的碎秸。|zh
2625|83|13|13|O my God, make them like the rolling dust; like dry stems before the wind.|en
2626|83|14|14|火怎樣焚燒樹林，火燄怎樣燒著山嶺，|zh
2627|83|14|14|As fire burning a wood, and as a flame causing fire on the mountains,|en
2628|83|15|15|求你也照樣用狂風追趕他們，用暴雨恐嚇他們。|zh
2629|83|15|15|So go after them with your strong wind, and let them be full of fear because of your storm.|en
2630|83|16|16|願你使他們滿面羞恥，好叫他們尋求你─耶和華的名！|zh
2631|83|16|16|Let their faces be full of shame; so that they may give honour to your name, O Lord.|en
2632|83|17|17|願他們永遠羞愧驚惶！願他們慚愧滅亡！|zh
2633|83|17|17|Let them be overcome and troubled for ever; let them be put to shame and come to destruction;|en
2634|83|18|18|使他們知道：惟獨你─名為耶和華的─是全地以上的至高者！|zh
2635|83|18|18|So that men may see that you only, whose name is Yahweh, are Most High over all the earth.|en
2636|84|1|1|（可拉後裔的詩，交與伶長。用迦特樂器。）萬軍之耶和華啊，你的居所何等可愛！|zh
2637|84|1|1|- To the chief music-maker; put to the Gittith A Psalm. Of the sons of Korah. - How dear are your tents, O Lord of armies!|en
2638|84|2|2|我羨慕渴想耶和華的院宇；我的心腸，我的肉體向永生神呼籲（或譯：歡呼）。|zh
2639|84|2|2|The passion of my soul's desire is for the house of the Lord; my heart and my flesh are crying out for the living God.|en
2640|84|3|3|萬軍之耶和華─我的王，我的神啊，在你祭壇那裡，麻雀為自己找著房屋，燕子為自己找著菢雛之窩。|zh
2641|84|3|3|The little birds have places for themselves, where they may put their young, even your altars, O Lord of armies, my King and my God.|en
2642|84|4|4|如此住在你殿中的便為有福！他們仍要讚美你。（細拉）|zh
2643|84|4|4|Happy are they whose resting-place is in your house: they will still be praising you. (Selah.)|en
2644|84|5|5|靠你有力量、心中想往錫安大道的，這人便為有福！|zh
2645|84|5|5|Happy is the man whose strength is in you; in whose heart are the highways to Zion.|en
2646|84|6|6|他們經過流淚谷，叫這谷變為泉源之地；並有秋雨之福蓋滿了全谷。|zh
2647|84|6|6|Going through the valley of balsam-trees, they make it a place of springs; it is clothed with blessings by the early rain.|en
2648|84|7|7|他們行走，力上加力，各人到錫安朝見神。|zh
2649|84|7|7|They go from strength to strength; every one of them comes before God in Zion.|en
2650|84|8|8|耶和華─萬軍之神啊，求你聽我的禱告！雅各的　神啊，求你留心聽！（細拉）|zh
2651|84|8|8|O Lord God of armies, let my prayer come to you: give ear, O God of Jacob. (Selah.)|en
2652|84|9|9|神啊，你是我們的盾牌；求你垂顧觀看你受膏者的面！|zh
2653|84|9|9|O God, let your eyes be on him who is our safe cover, and let your heart be turned to your king.|en
2654|84|10|10|在你的院宇住一日，勝似在別處住千日；寧可在我神殿中看門，不願住在惡人的帳棚裡。|zh
2655|84|10|10|For a day in your house is better than a thousand. It is better to be a door-keeper in the house of my God, than to be living in the tents of sin.|en
2656|84|11|11|因為耶和華─神是日頭，是盾牌，要賜下恩惠和榮耀。他未嘗留下一樣好處不給那些行動正直的人。|zh
2657|84|11|11|The Lord God is our sun and our strength: the Lord will give grace and glory: he will not keep back any good thing from those whose ways are upright.|en
2658|84|12|12|萬軍之耶和華啊，倚靠你的人便為有福！|zh
2659|84|12|12|O Lord of armies, happy is the man whose hope is in you.|en
2660|85|1|1|（可拉後裔的詩，交與伶長。）耶和華啊，你已經向你的地施恩，救回被擄的雅各。|zh
2661|85|1|1|- To the chief music-maker. A Psalm. Of the sons of Korah. - Lord, you were good to your land: changing the fate of Jacob.|en
2662|85|2|2|你赦免了你百姓的罪孽，遮蓋了他們一切的過犯。（細拉）|zh
2663|85|2|2|The wrongdoing of your people had forgiveness; all their sin had been covered. (Selah.)|en
2664|85|3|3|你收轉了所發的忿怒和你猛烈的怒氣。|zh
2665|85|3|3|You were no longer angry: you were turned from the heat of your wrath.|en
2666|85|4|4|拯救我們的神啊，求你使我們回轉，叫你的惱恨向我們止息。|zh
2667|85|4|4|Come back to us, O God of our salvation, and be angry with us no longer.|en
2668|85|5|5|你要向我們發怒到永遠麼？你要將你的怒氣延留到萬代麼？|zh
2669|85|5|5|Will you go on being angry with us for ever? will you keep your wrath against us through all the long generations?|en
2670|85|6|6|你不再將我們救活，使你的百姓靠你歡喜麼？|zh
2671|85|6|6|Will you not give us life again, so that your people may be glad in you?|en
2672|85|7|7|耶和華啊，求你使我們得見你的慈愛，又將你的救恩賜給我們。|zh
2673|85|7|7|Let us see your mercy, O Lord, and give us your salvation.|en
2674|85|8|8|我要聽神─耶和華所說的話；因為他必應許將平安賜給他的百姓─他的聖民；他們卻不可再轉去妄行。|zh
2675|85|8|8|I will give ear to the voice of the Lord; for he will say words of peace to his people and to his saints; but let them not go back to their foolish ways.|en
2676|85|9|9|他的救恩誠然與敬畏他的人相近，叫榮耀住在我們的地上。|zh
2677|85|9|9|Truly, his salvation is near to his worshippers; so that glory may be in our land.|en
2678|85|10|10|慈愛和誠實彼此相遇；公義和平安彼此相親。|zh
2679|85|10|10|Mercy and faith have come together; righteousness and peace have given one another a kiss.|en
2680|85|11|11|誠實從地而生；公義從天而現。|zh
2681|85|11|11|Faith comes up from the earth like a plant; righteousness is looking down from heaven.|en
2682|85|12|12|耶和華必將好處賜給我們；我們的地也要多出土產。|zh
2683|85|12|12|The Lord will give what is good; and our land will give its increase.|en
2684|85|13|13|公義要行在他面前，叫他的腳蹤成為可走的路。|zh
2685|85|13|13|Righteousness will go before him, making a way for his footsteps.|en
2686|86|1|1|（大衛的祈禱。）耶和華啊，求你側耳應允我，因我是困苦窮乏的。|zh
2687|86|1|1|- A Prayer. Of David. - Let your ears be open to my voice, O Lord, and give me an answer; for I am poor and in need.|en
2688|86|2|2|求你保存我的性命，因我是虔誠人。我的神啊，求你拯救這倚靠你的僕人！|zh
2689|86|2|2|Keep my soul, for I am true to you; O my God, give salvation to your servant, whose hope is in you.|en
2690|86|3|3|主啊，求你憐憫我，因我終日求告你。|zh
2691|86|3|3|Have mercy on me, O Lord; for my cry goes up to you all the day.|en
2692|86|4|4|主啊，求你使僕人心裡歡喜，因為我的心仰望你。|zh
2693|86|4|4|Make glad the soul of your servant; for it is lifted up to you, O Lord.|en
2694|86|5|5|主啊，你本為良善，樂意饒恕人，有豐盛的慈愛賜給凡求告你的人。|zh
2695|86|5|5|You are good, O Lord, and full of forgiveness; your mercy is great to all who make their cry to you.|en
2696|86|6|6|耶和華啊，求你留心聽我的禱告，垂聽我懇求的聲音。|zh
2697|86|6|6|O Lord, give ear to my prayer; and take note of the sound of my requests.|en
2698|86|7|7|我在患難之日要求告你，因為你必應允我。|zh
2699|86|7|7|In the day of my trouble I send up my cry to you; for you will give me an answer.|en
2700|86|8|8|主啊，諸神之中沒有可比你的；你的作為也無可比。|zh
2701|86|8|8|There is no god like you, O Lord; there are no works like your works.|en
2702|86|9|9|主啊，你所造的萬民都要來敬拜你；他們也要榮耀你的名。|zh
2703|86|9|9|Let all the nations whom you have made come and give worship to you, O Lord, giving glory to your name.|en
2704|86|10|10|因你為大，且行奇妙的事；惟獨你是神。|zh
2705|86|10|10|For you are great, and do great works of wonder; you only are God.|en
2706|86|11|11|耶和華啊，求你將你的道指教我；我要照你的真理行；求你使我專心敬畏你的名！|zh
2707|86|11|11|Make your way clear to me, O Lord; I will go on my way in your faith: let my heart be glad in the fear of your name.|en
2708|86|12|12|主─我的神啊，我要一心稱讚你；我要榮耀你的名，直到永遠。|zh
2709|86|12|12|I will give you praise, O Lord my God, with all my heart; I will give glory to your name for ever.|en
2710|86|13|13|因為，你向我發的慈愛是大的；你救了我的靈魂免入極深的陰間。|zh
2711|86|13|13|For your mercy to me is great; you have taken my soul up from the deep places of the underworld.|en
2712|86|14|14|神啊，驕傲的人起來攻擊我，又有一黨強橫的人尋索我的命；他們沒有將你放在眼中。|zh
2713|86|14|14|O God, men of pride have come up against me, and the army of violent men would take my life; they have not put you before them.|en
2714|86|15|15|主啊，你是有憐憫有恩典的神，不輕易發怒，並有豐盛的慈愛和誠實。|zh
2715|86|15|15|But you, O Lord, are a God full of pity and forgiveness, slow to get angry, great in mercy and wisdom.|en
2716|86|16|16|求你向我轉臉，憐恤我，將你的力量賜給僕人，救你婢女的兒子。|zh
2717|86|16|16|O be turned to me and have mercy on me: give your strength to your servant, and your salvation to the son of her who is your servant.|en
2718|86|17|17|求你向我顯出恩待我的憑據，叫恨我的人看見便羞愧，因為你─耶和華幫助我，安慰我。|zh
2719|86|17|17|Give me a sign for good; so that my haters may see it and be shamed; because you, Lord, have been my help and comfort.|en
2720|87|1|1|（可拉後裔的詩歌。）耶和華所立的根基在聖山上。|zh
2721|87|1|1|- Of the sons of Korah. A Psalm. A Song. - This house is resting on the holy mountain.|en
2722|87|2|2|他愛錫安的門，勝於愛雅各一切的住處。|zh
2723|87|2|2|The Lord has more love for the doors of Zion than for all the tents of Jacob.|en
2724|87|3|3|神的城啊，有榮耀的事乃指著你說的。（細拉）|zh
2725|87|3|3|Noble things are said of you, O town of God. (Selah.)|en
2726|87|4|4|我要提起拉哈伯和巴比倫人，是在認識我之中的；看哪，非利士和推羅並古實人，個個生在那裡。|zh
2727|87|4|4|Rahab and Babylon will be named among those who have knowledge of me; see, Philistia and Tyre, with Ethiopia; this man had his birth there.|en
2728|87|5|5|論到錫安，必說：這一個、那一個都生在其中，而且至高者必親自堅立這城。|zh
2729|87|5|5|And of Zion it will be said, This or that man had his birth there; and the Most High will make her strong.|en
2730|87|6|6|當耶和華記錄萬民的時候，他要點出這一個生在那裡。（細拉）|zh
2731|87|6|6|The Lord will keep in mind, when he is writing the records of the people, that this man had his birth there. (Selah.)|en
2732|87|7|7|歌唱的，跳舞的，都要說：我的泉源都在你裡面。|zh
2733|87|7|7|The players on instruments will be there, and the dancers will say, All my springs are in you.|en
2734|88|1|1|（可拉後裔的詩歌，就是以斯拉人希幔的訓誨詩，交與伶長。調用麻哈拉利暗俄。）耶和華─拯救我的神啊，我晝夜在你面前呼籲。|zh
2735|88|1|1|- A Song. A Psalm. Of the sons of Korah. To the chief music-maker; put to Mahalath Leannoth. Maschil. Of Heman the Ezrahite. - O Lord, God of my salvation, I have been crying to you for help by day and by night:|en
2736|88|2|2|願我的禱告達到你面前；求你側耳聽我的呼求！|zh
2737|88|2|2|Let my prayer come before you; give ear to my cry:|en
2738|88|3|3|因為我心裡滿了患難；我的性命臨近陰間。|zh
2739|88|3|3|For my soul is full of evils, and my life has come near to the underworld.|en
2740|88|4|4|我算和下坑的人同列，如同無力（或譯：沒有幫助）的人一樣。|zh
2741|88|4|4|I am numbered among those who go down into the earth; I have become like a man for whom there is no help:|en
2742|88|5|5|我被丟在死人中，好像被殺的人躺在墳墓裡。他們是你不再記念的，與你隔絕了。|zh
2743|88|5|5|My soul is among the dead, like those in the underworld, to whom you give no more thought; for they are cut off from your care.|en
2744|88|6|6|你把我放在極深的坑裡，在黑暗地方，在深處。|zh
2745|88|6|6|You have put me in the lowest deep, even in dark places.|en
2746|88|7|7|你的忿怒重壓我身；你用一切的波浪困住我。（細拉）|zh
2747|88|7|7|The weight of your wrath is crushing me, all your waves have overcome me. (Selah.)|en
2748|88|8|8|你把我所認識的隔在遠處，使我為他們所憎惡；我被拘困，不得出來。|zh
2749|88|8|8|You have sent my friends far away from me; you have made me a disgusting thing in their eyes: I am shut up, and not able to come out.|en
2750|88|9|9|我的眼睛因困苦而乾癟。耶和華啊，我天天求告你，向你舉手。|zh
2751|88|9|9|My eyes are wasting away because of my trouble: Lord, my cry has gone up to you every day, my hands are stretched out to you.|en
2752|88|10|10|你豈要行奇事給死人看麼？難道陰魂還能起來稱讚你麼？（細拉）|zh
2753|88|10|10|Will you do works of wonder for the dead? will the shades come back to give you praise? (Selah.)|en
2754|88|11|11|豈能在墳墓裡述說你的慈愛麼？豈能在滅亡中述說你的信實麼？|zh
2755|88|11|11|Will the story of your mercy be given in the house of the dead? will news of your faith come to the place of destruction?|en
2756|88|12|12|你的奇事豈能在幽暗裡被知道麼？你的公義豈能在忘記之地被知道麼？|zh
2757|88|12|12|May there be knowledge of your wonders in the dark? or of your righteousness where memory is dead?|en
2758|88|13|13|耶和華啊，我呼求你；我早晨的禱告要達到你面前。|zh
2759|88|13|13|But to you did I send up my cry, O Lord; in the morning my prayer came before you.|en
2760|88|14|14|耶和華啊，你為何丟棄我？為何掩面不顧我？|zh
2761|88|14|14|Lord, why have you sent away my soul? why is your face covered from me?|en
2762|88|15|15|我自幼受苦，幾乎死亡；我受你的驚恐，甚至慌張。|zh
2763|88|15|15|I have been troubled and in fear of death from the time when I was young; your wrath is hard on me, and I have no strength.|en
2764|88|16|16|你的烈怒漫過我身；你的驚嚇把我剪除。|zh
2765|88|16|16|The heat of your wrath has gone over me; I am broken by your cruel punishments.|en
2766|88|17|17|這些終日如水環繞我，一齊都來圍困我。|zh
2767|88|17|17|They are round me all the day like water; they have made a circle about me.|en
2768|88|18|18|你把我的良朋密友隔在遠處，使我所認識的人進入黑暗裡。|zh
2769|88|18|18|You have sent my friends and lovers far from me; I am gone from the memory of those who are dear to me.|en
2770|89|1|1|（以斯拉人以探的訓誨詩。）我要歌唱耶和華的慈愛，直到永遠；我要用口將你的信實傳與萬代。|zh
2771|89|1|1|- Maschil. Of Ethan the Ezrahite. - My song will be of the mercies of the Lord for ever: with my mouth will I make his faith clear to all generations.|en
2772|89|2|2|因我曾說：你的慈悲必建立到永遠；你的信實必堅立在天上。|zh
2773|89|2|2|For you have said, Mercy will be made strong for ever; my faith will be unchanging in the heavens.|en
2774|89|3|3|我與我所揀選的人立了約，向我的僕人大衛起了誓：|zh
2775|89|3|3|I have made an agreement with the man of my selection, I have made an oath to David my servant;|en
2776|89|4|4|我要建立你的後裔，直到永遠；要建立你的寶座，直到萬代。（細拉）|zh
2777|89|4|4|I will make your seed go on for ever, your kingdom will be strong through all generations. (Selah.)|en
2778|89|5|5|耶和華啊，諸天要稱讚你的奇事；在聖者的會中，要稱讚你的信實。|zh
2779|89|5|5|In heaven let them give praise for your wonders, O Lord; and your unchanging faith among the saints.|en
2780|89|6|6|在天空誰能比耶和華呢？神的眾子中，誰能像耶和華呢？|zh
2781|89|6|6|For who is there in the heavens in comparison with the Lord? who is like the Lord among the sons of the gods?|en
2782|89|7|7|他在聖者的會中，是大有威嚴的神，比一切在他四圍的更可畏懼。|zh
2783|89|7|7|God is greatly to be feared among the saints, and to be honoured over all those who are about him.|en
2784|89|8|8|耶和華─萬軍之神啊，哪一個大能者像你耶和華？你的信實是在你的四圍。|zh
2785|89|8|8|O Lord God of armies, who is strong like you, O Jah? and your unchanging faith is round about you.|en
2786|89|9|9|你管轄海的狂傲；波浪翻騰，你就使他平靜了。|zh
2787|89|9|9|You have rule over the sea in storm; when its waves are troubled, you make them calm.|en
2788|89|10|10|你打碎了拉哈伯，似乎是已殺的人；你用有能的膀臂打散了你的仇敵。|zh
2789|89|10|10|Rahab was crushed by you like one wounded to death; with your strong arm you put to flight all your haters.|en
2790|89|11|11|天屬你，地也屬你；世界和其中所充滿的都為你所建立。|zh
2791|89|11|11|Yours are the heavens, and the earth is yours; you have made the world, and everything which is in it.|en
2792|89|12|12|南北為你所創造；他泊和黑門都因你的名歡呼。|zh
2793|89|12|12|You have made the north and the south; Tabor and Hermon are sounding with joy at your name.|en
2794|89|13|13|你有大能的膀臂；你的手有力，你的右手也高舉。|zh
2795|89|13|13|Yours is an arm of power; strong is your hand and high your right hand.|en
2796|89|14|14|公義和公平是你寶座的根基；慈愛和誠實行在你前面。|zh
2797|89|14|14|The seat of your kingdom is resting on righteousness and right judging: mercy and good faith come before your face.|en
2798|89|15|15|知道向你歡呼的，那民是有福的！耶和華啊，他們在你臉上的末毼行走。|zh
2799|89|15|15|Happy are the people who have knowledge of the holy cry: the light of your face, O Lord, will be shining on their way.|en
2800|89|16|16|他們因你的名終日歡樂，因你的公義得以高舉。|zh
2801|89|16|16|In your name will they have joy all the day: in your righteousness will they be lifted up.|en
2802|89|17|17|你是他們力量的榮耀；因為你喜悅我們，我們的角必被高舉。|zh
2803|89|17|17|For you are the glory of their strength; in your pleasure will our horn be lifted up.|en
2804|89|18|18|我們的盾牌屬耶和華；我們的王屬以色列的聖者。|zh
2805|89|18|18|For our breastplate is the Lord; and our king is the Holy One of Israel's.|en
2806|89|19|19|當時，你在異象中曉諭你的聖民，說：我已把救助之力加在那有能者的身上；我高舉那從民中所揀選的。|zh
2807|89|19|19|Then your voice came to your holy one in a vision, saying, I have put the crown on a strong one, lifting up one taken from among the people.|en
2808|89|20|20|我尋得我的僕人大衛，用我的聖膏膏他。|zh
2809|89|20|20|I have made discovery of David my servant; I have put my holy oil on his head.|en
2810|89|21|21|我的手必使他堅立；我的膀臂也必堅固他。|zh
2811|89|21|21|My hand will be his support; my arm will give him strength.|en
2812|89|22|22|仇敵必不勒索他；凶惡之子也不苦害他。|zh
2813|89|22|22|The deceit of those who are against him will not overcome him; he will not be troubled by the sons of evil.|en
2814|89|23|23|我要在他面前打碎他的敵人，擊殺那恨他的人。|zh
2815|89|23|23|I will have those who are against him broken before his face, and his haters will be crushed under my blows.|en
2816|89|24|24|只是我的信實和我的慈愛要與他同在；因我的名，他的角必被高舉。|zh
2817|89|24|24|But my faith and my mercy will be with him; and in my name will his horn be lifted up.|en
2818|89|25|25|我要使他的左手伸到海上，右手伸到河上。|zh
2819|89|25|25|I will put his hand in the sea, and his right hand in the rivers.|en
2820|89|26|26|他要稱呼我說：你是我的父，是我的神，是拯救我的磐石。|zh
2821|89|26|26|He will say to me, You are my father, my God, and the Rock of my salvation.|en
2822|89|27|27|我也要立他為長子，為世上最高的君王。|zh
2823|89|27|27|And I will make him the first of my sons, most high over the kings of the earth.|en
2824|89|28|28|我要為他存留我的慈愛，直到永遠；我與他立的約必要堅定。|zh
2825|89|28|28|I will keep my mercy for him for ever; my agreement with him will not be changed.|en
2826|89|29|29|我也要使他的後裔存到永遠，使他的寶座如天之久。|zh
2827|89|29|29|His seed will keep their place for ever; his kingdom will be eternal, like the heavens.|en
2828|89|30|30|倘若他的子孫離棄我的律法，不照我的典章行，|zh
2829|89|30|30|If his children give up my law, and are not ruled by my decisions;|en
2830|89|31|31|背棄我的律例，不遵守我的誡命，|zh
2831|89|31|31|If my rules are broken, and my orders are not kept;|en
2832|89|32|32|我就要用杖責罰他們的過犯，用鞭責罰他們的罪孽。|zh
2833|89|32|32|Then I will send punishment on them for their sin; my rod will be the reward of their evil-doing.|en
2834|89|33|33|只是我必不將我的慈愛全然收回，也必不叫我的信實廢棄。|zh
2835|89|33|33|But I will not take away my mercy from him, and will not be false to my faith.|en
2836|89|34|34|我必不背棄我的約，也不改變我口中所出的。|zh
2837|89|34|34|I will be true to my agreement; the things which have gone out of my lips will not be changed.|en
2838|89|35|35|我一次指著自己的聖潔起誓：我決不向大衛說謊！|zh
2839|89|35|35|I have made an oath once by my holy name, that I will not be false to David.|en
2840|89|36|36|他的後裔要存到永遠；他的寶座在我面前如日之恆一般，|zh
2841|89|36|36|His seed will not come to an end for ever; the seat of his kingdom will be like the sun before me.|en
2842|89|37|37|又如月亮永遠堅立，如天上確實的見證。（細拉）|zh
2843|89|37|37|It will be fixed for ever like the moon; and the witness in heaven is true. (Selah.)|en
2844|89|38|38|但你惱怒你的受膏者，就丟掉棄絕他。|zh
2845|89|38|38|But you have put him away in disgust; you have been angry with the king of your selection.|en
2846|89|39|39|你厭惡了與僕人所立的約，將他的冠冕踐踏於地。|zh
2847|89|39|39|You have made your agreement with your servant of no effect: you have had no respect for his crown, it has come down even to the earth.|en
2848|89|40|40|你拆毀了他一切的籬笆，使他的保障變為荒場。|zh
2849|89|40|40|All his walls are broken down; you have given his strong towers to destruction.|en
2850|89|41|41|凡過路的人都搶奪他；他成為鄰邦的羞辱。|zh
2851|89|41|41|All those who come by take away his goods; he is laughed at by his neighbours.|en
2852|89|42|42|你高舉了他敵人的右手；你叫他一切的仇敵歡喜。|zh
2853|89|42|42|You have given power to the right hand of his haters; you have made glad all those who are against him.|en
2854|89|43|43|你叫他的刀劍捲刃，叫他在爭戰之中站立不住。|zh
2855|89|43|43|His sword is turned back; you have not been his support in the fight.|en
2856|89|44|44|你使他的光輝止息，將他的寶座推倒於地。|zh
2857|89|44|44|You have put an end to his glory: the seat of his kingdom has been levelled to the earth.|en
2858|89|45|45|你減少他青年的日子，又使他蒙羞。（細拉）|zh
2859|89|45|45|You have made him old before his time; he is covered with shame. (Selah.)|en
2860|89|46|46|耶和華啊，這要到幾時呢？你要將自己隱藏到永遠麼？你的忿怒如火焚燒要到幾時呢？|zh
2861|89|46|46|How long, O Lord, will you Keep yourself for ever from our eyes? how long will your wrath be burning like fire?|en
2862|89|47|47|求你想念我的時候是何等的短少；你創造世人，要使他們歸何等的虛空呢？|zh
2863|89|47|47|See how short my time is; why have you made all men for no purpose?|en
2864|89|48|48|誰能常活免死、救他的靈魂脫離陰間的權柄呢？（細拉）|zh
2865|89|48|48|What man now living will not see death? will he be able to keep back his soul from the underworld? (Selah.)|en
2866|89|49|49|主啊，你從前憑你的信實向大衛立誓要施行的慈愛在哪裡呢？|zh
2867|89|49|49|Lord, where are your earlier mercies? where is the oath which you made to David in unchanging faith?|en
2868|89|50|50|主啊，求你記念僕人們所受的羞辱，記念我怎樣將一切強盛民的羞辱存在我懷裡。|zh
2869|89|50|50|Keep in mind, O Lord, the shame of your servants, and how the bitter words of all the people have come into my heart;|en
2870|89|51|51|耶和華啊，你的仇敵用這羞辱羞辱了你的僕人，羞辱了你受膏者的腳蹤。|zh
2871|89|51|51|The bitter words of your haters, O Lord, shaming the footsteps of your king.|en
2872|89|52|52|耶和華是應當稱頌的，直到永遠。阿們！阿們！|zh
2873|89|52|52|Let the Lord be praised for ever. So be it, So be it.|en
2874|90|1|1|（神人摩西的祈禱）主啊，你世世代代作我們的居所。|zh
2875|90|1|1|- A Prayer of Moses, the man of God. - Lord, you have been our resting-place in all generations.|en
2876|90|2|2|諸山未曾生出，地與世界你未曾造成，從亙古到永遠，你是神。|zh
2877|90|2|2|Before the mountains were made, before you had given birth to the earth and the world, before time was, and for ever, you are God.|en
2878|90|3|3|你使人歸於塵土，說：你們世人要歸回。|zh
2879|90|3|3|You send man back to his dust; and say, Go back, you children of men.|en
2880|90|4|4|在你看來，千年如已過的昨日，又如夜間的一更。|zh
2881|90|4|4|For to you a thousand years are no more than yesterday when it is past, and like a watch in the night.|en
2882|90|5|5|你叫他們如水沖去；他們如睡一覺。早晨，他們如生長的草，|zh
2883|90|5|5|...|en
2884|90|6|6|早晨發芽生長，晚上割下枯乾。|zh
2885|90|6|6|In the morning it is green; in the evening it is cut down, and becomes dry.|en
2886|90|7|7|我們因你的怒氣而消滅，因你的忿怒而驚惶。|zh
2887|90|7|7|We are burned up by the heat of your passion, and troubled by your wrath.|en
2888|90|8|8|你將我們的罪孽擺在你面前，將我們的隱惡擺在你面光之中。|zh
2889|90|8|8|You have put our evil doings before you, our secret sins in the light of your face.|en
2890|90|9|9|我們經過的日子都在你震怒之下；我們度盡的年歲好像一聲歎息。|zh
2891|90|9|9|For all our days have gone by in your wrath; our years come to an end like a breath.|en
2892|90|10|10|我們一生的年日是七十歲，若是強壯可到八十歲；但其中所矜誇的不過是勞苦愁煩，轉眼成空，我們便如飛而去。|zh
2893|90|10|10|The measure of our life is seventy years; and if through strength it may be eighty years, its pride is only trouble and sorrow, for it comes to an end and we are quickly gone.|en
2894|90|11|11|誰曉得你怒氣的權勢？誰按著你該受的敬畏曉得你的忿怒呢？|zh
2895|90|11|11|Who has knowledge of the power of your wrath, or who takes note of the weight of your passion?|en
2896|90|12|12|求你指教我們怎樣數算自己的日子，好叫我們得著智慧的心。|zh
2897|90|12|12|So give us knowledge of the number of our days, that we may get a heart of wisdom.|en
2898|90|13|13|耶和華啊，我們要等到幾時呢？求你轉回，為你的僕人後悔。|zh
2899|90|13|13|Come back, O Lord; how long? let your purpose for your servants be changed.|en
2900|90|14|14|求你使我們早早飽得你的慈愛，好叫我們一生一世歡呼喜樂。|zh
2901|90|14|14|In the morning give us your mercy in full measure; so that we may have joy and delight all our days.|en
2902|90|15|15|求你照著你使我們受苦的日子，和我們遭難的年歲，叫我們喜樂。|zh
2903|90|15|15|Make us glad in reward for the days of our sorrow, and for the years in which we have seen evil.|en
2904|90|16|16|願你的作為向你僕人顯現；願你的榮耀向他們子孫顯明。|zh
2905|90|16|16|Make your work clear to your servants, and your glory to their children.|en
2906|90|17|17|願主─我們神的榮美歸於我們身上。願你堅立我們手所做的工；我們手所做的工，願你堅立。|zh
2907|90|17|17|Let the pleasure of the Lord our God be on us: O Lord, give strength to the work of our hands.|en
2908|91|1|1|住在至高者隱密處的，必住在全能者的蔭下。|zh
2909|91|1|1|Happy is he whose resting-place is in the secret of the Lord, and under the shade of the wings of the Most High;|en
2910|91|2|2|我要論到耶和華說：他是我的避難所，是我的山寨，是我的神，是我所倚靠的。|zh
2911|91|2|2|Who says of the Lord, He is my safe place and my tower of strength: he is my God, in whom is my hope.|en
2912|91|3|3|他必救你脫離捕鳥人的網羅和毒害的瘟疫。|zh
2913|91|3|3|He will take you out of the bird-net, and keep you safe from wasting disease.|en
2914|91|4|4|他必用自己的翎毛遮蔽你；你要投靠在他的翅膀底下；他的誠實是大小的盾牌。|zh
2915|91|4|4|You will be covered by his feathers; under his wings you will be safe: his good faith will be your salvation.|en
2916|91|5|5|你必不怕黑夜的驚駭，或是白日飛的箭，|zh
2917|91|5|5|You will have no fear of the evil things of the night, or of the arrow in flight by day,|en
2918|91|6|6|也不怕黑夜行的瘟疫，或是午間滅人的毒病。|zh
2919|91|6|6|Or of the disease which takes men in the dark, or of the destruction which makes waste when the sun is high.|en
2920|91|7|7|雖有千人仆倒在你旁邊，萬人仆倒在你右邊，這災卻不得臨近你。|zh
2921|91|7|7|You will see a thousand falling by your side, and ten thousand at your right hand; but it will not come near you.|en
2922|91|8|8|你惟親眼觀看，見惡人遭報。|zh
2923|91|8|8|Only with your eyes will you see the reward of the evil-doers.|en
2924|91|9|9|耶和華是我的避難所；你已將至高者當你的居所，|zh
2925|91|9|9|Because you have said, I am in the hands of the Lord, the Most High is my safe resting-place;|en
2926|91|10|10|禍患必不臨到你，災害也不挨近你的帳棚。|zh
2927|91|10|10|No evil will come on you, and no disease will come near your tent.|en
2928|91|11|11|因他要為你吩咐他的使者，在你行的一切道路上保護你。|zh
2929|91|11|11|For he will give you into the care of his angels to keep you wherever you go.|en
2930|91|12|12|他們要用手托著你，免得你的腳碰在石頭上。|zh
2931|91|12|12|In their hands they will keep you up, so that your foot may not be crushed against a stone.|en
2932|91|13|13|你要踹在獅子和虺蛇的身上，踐踏少壯獅子和大蛇。|zh
2933|91|13|13|You will put your foot on the lion and the snake; the young lion and the great snake will be crushed under your feet.|en
2934|91|14|14|神說：因為他專心愛我，我就要搭救他；因為他知道我的名，我要把他安置在高處。|zh
2935|91|14|14|Because he has given me his love, I will take him out of danger: I will put him in a place of honour, because he has kept my name in his heart.|en
2936|91|15|15|他若求告我，我就應允他；他在急難中，我要與他同在；我要搭救他，使他尊貴。|zh
2937|91|15|15|When his cry comes up to me, I will give him an answer: I will be with him in trouble; I will make him free from danger and give him honour.|en
2938|91|16|16|我要使他足享長壽，將我的救恩顯明給他。|zh
2939|91|16|16|With long life will he be rewarded; and I will let him see my salvation.|en
2940|92|1|1|（安息日的詩歌。）稱謝耶和華！歌頌你至高者的名！|zh
2941|92|1|1|- A Psalm. A Song for the Sabbath. - It is a good thing to give praise to the Lord, and to make melody to your name, O Most High;|en
2942|92|2|2,3 |用十弦的樂器和瑟，用琴彈幽雅的聲音，早晨傳揚你的慈愛；每夜傳揚你的信實。這本為美事。|zh
2943|92|2|2|To make clear your mercy in the morning, and your unchanging faith every night;|en
2944|92|3|3|On a ten-corded instrument, and on an instrument of music with a quiet sound.|en
2945|92|4|4|因你─耶和華藉著你的作為叫我高興，我要因你手的工作歡呼。|zh
2946|92|4|4|For you, O Lord, have made me glad through your work; I will have joy in the works of your hands.|en
2947|92|5|5|耶和華啊，你的工作何其大！你的心思極其深！|zh
2948|92|5|5|O Lord, how great are your works! and your thoughts are very deep.|en
2949|92|6|6|畜類人不曉得；愚頑人也不明白。|zh
2950|92|6|6|A man without sense has no knowledge of this; and a foolish man may not take it in.|en
2951|92|7|7|惡人茂盛如草，一切作孽之人發旺的時候，正是他們要滅亡，直到永遠。|zh
2952|92|7|7|When the sinners come up like the grass, and all the workers of evil do well for themselves, it is so that their end may be eternal destruction.|en
2953|92|8|8|惟你─耶和華是至高，直到永遠。|zh
2954|92|8|8|But you, O Lord, are on high for ever.|en
2955|92|9|9|耶和華啊，你的仇敵都要滅亡；一切作孽的也要離散。|zh
2956|92|9|9|For see! your haters, O Lord, will be put to death; all the workers of evil will be put to flight;|en
2957|92|10|10|你卻高舉了我的角，如野牛的角；我是被新油膏了的。|zh
2958|92|10|10|But my horn is lifted up like the horn of the ox: the best oil is flowing on my head.|en
2959|92|11|11|我眼睛看見仇敵遭報；我耳朵聽見那些起來攻擊我的惡人受罰。|zh
2960|92|11|11|My eyes have seen trouble come on my haters; my ears have news of the fate of the evil-doers who have come up against me.|en
2961|92|12|12|義人要發旺如棕樹，生長如利巴嫩的香柏樹。|zh
2962|92|12|12|The good man will be like a tall tree in his strength; his growth will be as the wide-stretching trees of Lebanon.|en
2963|92|13|13|他們栽於耶和華的殿中，發旺在我們神的院裡。|zh
2964|92|13|13|Those who are planted in the house of the Lord will come up tall and strong in his gardens.|en
2965|92|14|14|他們年老的時候仍要結果子，要滿了汁漿而常發青，|zh
2966|92|14|14|They will give fruit even when they are old; they will be fertile and full of growth;|en
2967|92|15|15|好顯明耶和華是正直的。他是我的磐石，在他毫無不義。|zh
2968|92|15|15|For a sign that the Lord is upright; he is my Rock, there is no deceit in him.|en
2969|93|1|1|耶和華作王！他以威嚴為衣穿上；耶和華以能力為衣，以能力束腰，世界就堅定，不得動搖。|zh
2970|93|1|1|The Lord is King; he is clothed with glory; the Lord is clothed with strength; power is the cord of his robe; the world is fixed, so that it may not be moved.|en
2971|93|2|2|你的寶座從太初立定；你從亙古就有。|zh
2972|93|2|2|The seat of your power has been from the past; you are eternal.|en
2973|93|3|3|耶和華啊，大水揚起，大水發聲，波浪澎湃。|zh
2974|93|3|3|The rivers send up, O Lord, the rivers send up their voices; they send them up with a loud cry.|en
2975|93|4|4|耶和華在高處大有能力，勝過諸水的響聲，洋海的大浪。|zh
2976|93|4|4|The Lord in heaven is stronger than the noise of great waters, yes, he is stronger than the great waves of the sea.|en
2977|93|5|5|耶和華啊，你的法度最的確；你的殿永稱為聖，是合宜的。|zh
2978|93|5|5|Your witness is most certain; it is right for your house to be holy, O Lord, for ever.|en
2979|94|1|1|耶和華啊，你是伸冤的神；伸冤的神啊，求你發出光來！|zh
2980|94|1|1|O God, in whose hands is punishment, O God of punishment, let your shining face be seen.|en
2981|94|2|2|審判世界的主啊，求你挺身而立，使驕傲人受應得的報應！|zh
2982|94|2|2|Be lifted up, O judge of the earth; let their reward come to the men of pride.|en
2983|94|3|3|耶和華啊，惡人誇勝要到幾時呢？要到幾時呢？|zh
2984|94|3|3|How long will sinners, O Lord, how long will sinners have joy over us?|en
2985|94|4|4|他們絮絮叨叨說傲慢的話；一切作孽的人都自己誇張。|zh
2986|94|4|4|Words of pride come from their lips; all the workers of evil say great things of themselves.|en
2987|94|5|5|耶和華啊，他們強壓你的百姓，苦害你的產業。|zh
2988|94|5|5|Your people are crushed by them, O Lord, your heritage is troubled,|en
2989|94|6|6|他們殺死寡婦和寄居的，又殺害孤兒。|zh
2990|94|6|6|They put to death the widow and the guest, they take the lives of children who have no father;|en
2991|94|7|7|他們說：耶和華必不看見；雅各的神必不思念。|zh
2992|94|7|7|And they say, Jah will not see it, the God of Jacob will not give thought to it.|en
2993|94|8|8|你們民間的畜類人當思想；你們愚頑人到幾時才有智慧呢？|zh
2994|94|8|8|Give your mind to my words, you who are without wisdom among the people; you foolish men, when will you be wise?|en
2995|94|9|9|造耳朵的，難道自己不聽見麼？造眼睛的，難道自己不看見麼？|zh
2996|94|9|9|Has he by whom your ears were planted no hearing? or is he blind by whom your eyes were formed?|en
2997|94|10|10|管教列邦的，就是叫人得知識的，難道自己不懲治人麼？|zh
2998|94|10|10|He who is the judge of the nations, will he not give men the reward of their acts, even he who gives knowledge to man?|en
2999|94|11|11|耶和華知道人的意念是虛妄的。|zh
3000|94|11|11|The Lord has knowledge of the thoughts of man, for they are only a breath.|en
3001|94|12|12|耶和華啊，你所管教、用律法所教訓的人是有福的！|zh
3002|94|12|12|Happy is the man who is guided by you, O Jah, and to whom you give teaching out of your law;|en
3003|94|13|13|你使他在遭難的日子得享平安；惟有惡人陷在所挖的坑中。|zh
3004|94|13|13|So that you may give him rest from the days of evil, till a hole is made ready for the destruction of the sinners.|en
3005|94|14|14|因為耶和華必不丟棄他的百姓，也不離棄他的產業。|zh
3006|94|14|14|The Lord will not give up his people, or take away his support from his heritage;|en
3007|94|15|15|審判要轉向公義；心裡正直的，必都隨從。|zh
3008|94|15|15|But decisions will again be made in righteousness; and they will be kept by all whose hearts are true.|en
3009|94|16|16|誰肯為我起來攻擊作惡的？誰肯為我站起抵擋作孽的？|zh
3010|94|16|16|Who will give me help against the sinners? and who will be my support against the workers of evil?|en
3011|94|17|17|若不是耶和華幫助我，我就住在寂靜之中了。|zh
3012|94|17|17|If the Lord had not been my helper, my soul would quickly have gone down into death.|en
3013|94|18|18|我正說我失了腳，耶和華啊，那時你的慈愛扶助我。|zh
3014|94|18|18|If I say, My foot is slipping; your mercy, O Lord, is my support.|en
3015|94|19|19|我心裡多憂多疑，你安慰我，就使我歡樂。|zh
3016|94|19|19|Among all my troubled thoughts, your comforts are the delight of my soul.|en
3017|94|20|20|那藉著律例架弄殘害、在位上行奸惡的，豈能與你相交麼？|zh
3018|94|20|20|What part with you has the seat of sin, which makes evil into a law?|en
3019|94|21|21|他們大家聚集攻擊義人，將無辜的人定為死罪。|zh
3020|94|21|21|They are banded together against the soul of the upright, to give decisions against those who have done no wrong.|en
3021|94|22|22|但耶和華向來作了我的高臺；我的神作了我投靠的磐石。|zh
3022|94|22|22|But the Lord is my safe resting-place; my God is the Rock where I am safe.|en
3023|94|23|23|他叫他們的罪孽歸到他們身上。他們正在行惡之中，他要剪除他們；耶和華─我們的神要把他們剪除。|zh
3024|94|23|23|And he has made their evil designs come back on themselves, cutting them off in their sin; the Lord our God will put an end to them.|en
3025|95|1|1|來啊，我們要向耶和華歌唱，向拯救我們的磐石歡呼！|zh
3026|95|1|1|O come, let us make songs to the Lord; sending up glad voices to the Rock of our salvation.|en
3027|95|2|2|我們要來感謝他，用詩歌向他歡呼！|zh
3028|95|2|2|Let us come before his face with praises; and make melody with holy songs.|en
3029|95|3|3|因耶和華為大神，為大王，超乎萬神之上。|zh
3030|95|3|3|For the Lord is a great God, and a great King over all gods.|en
3031|95|4|4|地的深處在他手中；山的高峰也屬他。|zh
3032|95|4|4|The deep places of the earth are in his hand; and the tops of the mountains are his.|en
3033|95|5|5|海洋屬他，是他造的；旱地也是他手造成的。|zh
3034|95|5|5|The sea is his, and he made it; and the dry land was formed by his hands.|en
3035|95|6|6|來啊，我們要屈身敬拜，在造我們的耶和華面前跪下。|zh
3036|95|6|6|O come, let us give worship, falling down on our knees before the Lord our Maker.|en
3037|95|7|7|因為他是我們的神；我們是他草場的羊，是他手下的民。惟願你們今天聽他的話：|zh
3038|95|7|7|For he is our God; and we are the people to whom he gives food, and the sheep of his flock. Today, if you would only give ear to his voice!|en
3039|95|8|8|你們不可硬著心，像當日在米利巴，就是在曠野的瑪撒。|zh
3040|95|8|8|Let not your hearts be hard, as at Meribah, as in the day of Massah in the waste land;|en
3041|95|9|9|那時，你們的祖宗試我探我，並且觀看我的作為。|zh
3042|95|9|9|When your fathers put me to the test and saw my power and my work.|en
3043|95|10|10|四十年之久，我厭煩那世代，說：這是心裡迷糊的百姓，竟不曉得我的作為！|zh
3044|95|10|10|For forty years I was angry with this generation, and said, They are a people whose hearts are turned away from me, for they have no knowledge of my ways;|en
3045|95|11|11|所以，我在怒中起誓，說：他們斷不可進入我的安息！|zh
3046|95|11|11|And I made an oath in my wrath, that they might not come into my place of rest.|en
3047|96|1|1|你們要向耶和華唱新歌！全地都要向耶和華歌唱！|zh
3048|96|1|1|O make a new song to the Lord; let all the earth make melody to the Lord.|en
3049|96|2|2|要向耶和華歌唱，稱頌他的名！天天傳揚他的救恩！|zh
3050|96|2|2|Make songs to the Lord, blessing his name; give the good news of his salvation day by day.|en
3051|96|3|3|在列邦中述說他的榮耀！在萬民中述說他的奇事！|zh
3052|96|3|3|Make clear his glory to the nations, and his wonders to all the peoples.|en
3053|96|4|4|因耶和華為大，當受極大的讚美；他在萬神之上，當受敬畏。|zh
3054|96|4|4|For the Lord is great, and greatly to be praised; he is more to be feared than all other gods.|en
3055|96|5|5|外邦的神都屬虛無；惟獨耶和華創造諸天。|zh
3056|96|5|5|For all the gods of the nations are false gods; but the Lord made the heavens.|en
3057|96|6|6|有尊榮和威嚴在他面前；有能力與華美在他聖所。|zh
3058|96|6|6|Honour and glory are before him: strong and fair is his holy place.|en
3059|96|7|7|民中的萬族啊，你們要將榮耀、能力歸給耶和華，都歸給耶和華！|zh
3060|96|7|7|Give to the Lord, O you families of the peoples, give to the Lord glory and strength.|en
3061|96|8|8|要將耶和華的名所當得的榮耀歸給他，拿供物來進入他的院宇。|zh
3062|96|8|8|Give to the Lord the glory of his name; take with you an offering and come into his house.|en
3063|96|9|9|當以聖潔的（的：或譯為）妝飾敬拜耶和華；全地要在他面前戰抖！|zh
3064|96|9|9|O give worship to the Lord in holy robes; be in fear before him, all the earth.|en
3065|96|10|10|人在列邦中要說：耶和華作王！世界就堅定，不得動搖；他要按公正審判眾民。|zh
3066|96|10|10|Say among the nations, The Lord is King; yes, the world is ordered so that it may not be moved; he will be an upright judge of the peoples.|en
3067|96|11|11|願天歡喜，願地快樂！願海和其中所充滿的澎湃！|zh
3068|96|11|11|Let the heavens have joy and the earth be glad; let the sea be thundering with all its waters;|en
3069|96|12|12|願田和其中所有的都歡樂！那時，林中的樹木都要在耶和華面前歡呼。|zh
3070|96|12|12|Let the field be glad, and everything which is in it; yes, let all the trees of the wood be sounding with joy,|en
3071|96|13|13|因為他來了，他來要審判全地。他要按公義審判世界，按他的信實審判萬民。|zh
3072|96|13|13|Before the Lord, for he is come; he is come to be the judge of the earth; the earth will be judged in righteousness, and the peoples with unchanging faith.|en
3073|97|1|1|耶和華作王！願地快樂！願眾海島歡喜！|zh
3074|97|1|1|The Lord is King, let the earth have joy; let all the sea-lands be glad.|en
3075|97|2|2|密雲和幽暗在他的四圍；公義和公平是他寶座的根基。|zh
3076|97|2|2|Dark clouds are round him; his kingdom is based on righteousness and right judging.|en
3077|97|3|3|有烈火在他前頭行，燒滅他四圍的敵人。|zh
3078|97|3|3|Fire goes before him, burning up all those who are against him round about.|en
3079|97|4|4|他的閃電光照世界，大地看見便震動。|zh
3080|97|4|4|His bright flames give light to the world; the earth saw it with fear.|en
3081|97|5|5|諸山見耶和華的面，就是全地之主的面，便消化如蠟。|zh
3082|97|5|5|The mountains became like wax at the coming of the Lord, at the coming of the Lord of all the earth.|en
3083|97|6|6|諸天表明他的公義；萬民看見他的榮耀。|zh
3084|97|6|6|The heavens gave out the news of his righteousness, and all the people saw his glory.|en
3085|97|7|7|願一切事奉雕刻的偶像、靠虛無之神自誇的，都蒙羞愧。萬神哪，你們都當拜他。|zh
3086|97|7|7|Shamed be all those who give worship to images, and take pride in false gods; give him worship, all you gods.|en
3087|97|8|8|耶和華啊，錫安聽見你的判斷就歡喜；猶大的城邑（原文是女子）也都快樂。|zh
3088|97|8|8|Zion gave ear and was glad; and the daughters of Judah were full of joy, because of your decisions, O Lord.|en
3089|97|9|9|因為你─耶和華至高，超乎全地；你被尊崇，遠超萬神之上。|zh
3090|97|9|9|For you, Lord, are most high over the earth; you are lifted up over all other gods.|en
3091|97|10|10|你們愛耶和華的，都當恨惡罪惡；他保護聖民的性命，搭救他們脫離惡人的手。|zh
3092|97|10|10|You who are lovers of the Lord, be haters of evil; he keeps the souls of his saints; he takes them out of the hand of sinners.|en
3093|97|11|11|散布亮光是為義人；預備喜樂是為正直人。|zh
3094|97|11|11|Light is shining on the lovers of righteousness, and for the upright in heart there is joy.|en
3095|97|12|12|你們義人當靠耶和華歡喜，稱謝他可記念的聖名。|zh
3096|97|12|12|Be glad in the Lord, you upright men; praising the memory of his holy name.|en
3097|98|1|1|（一篇詩。）你們要向耶和華唱新歌！因為他行過奇妙的事；他的右手和聖臂施行救恩。|zh
3098|98|1|1|- A Psalm. - O make a new song to the Lord, because he has done works of wonder; with his right hand, and with his holy arm, he has overcome.|en
3099|98|2|2|耶和華發明了他的救恩，在列邦人眼前顯出公義；|zh
3100|98|2|2|The Lord has given to all the knowledge of his salvation; he has made clear his righteousness in the eyes of the nations.|en
3101|98|3|3|記念他向以色列家所發的慈愛，所憑的信實。地的四極都看見我們神的救恩。|zh
3102|98|3|3|He has kept in mind his mercy and his unchanging faith to the house of Israel; all the ends of the earth have seen the salvation of our God.|en
3103|98|4|4|全地都要向耶和華歡樂；要發起大聲，歡呼歌頌！|zh
3104|98|4|4|Let all the earth send out a glad cry to the Lord; sounding with a loud voice, and praising him with songs of joy.|en
3105|98|5|5|要用琴歌頌耶和華，用琴和詩歌的聲音歌頌他！|zh
3106|98|5|5|Make melody to the Lord with instruments of music; with a corded instrument and the voice of song.|en
3107|98|6|6|用號和角聲，在大君王耶和華面前歡呼！|zh
3108|98|6|6|With wind instruments and the sound of the horn, make a glad cry before the Lord, the King.|en
3109|98|7|7|願海和其中所充滿的澎湃；世界和住在其間的也要發聲。|zh
3110|98|7|7|Let the sea be thundering, with all its waters; the world, and all who are living in it;|en
3111|98|8|8|願大水拍手；願諸山在耶和華面前一同歡呼；|zh
3112|98|8|8|Let the streams make sounds of joy with their hands; let the mountains be glad together,|en
3113|98|9|9|因為他來要審判遍地。他要按公義審判世界，按公正審判萬民。|zh
3114|98|9|9|Before the Lord, for he has come as judge of the earth; judging the world in righteousness, and giving true decisions for the peoples.|en
3115|99|1|1|耶和華作王；萬民當戰抖！他坐在二基路伯上，地當動搖。|zh
3116|99|1|1|The Lord is King; let the peoples be in fear: his seat is on the winged ones; let the earth be moved.|en
3117|99|2|2|耶和華在錫安為大；他超乎萬民之上。|zh
3118|99|2|2|The Lord is great in Zion; he is high over all the nations.|en
3119|99|3|3|他們當稱讚他大而可畏的名；他本為聖！|zh
3120|99|3|3|Let them give praise to your name, for it is great and to be feared; holy is he.|en
3121|99|4|4|王有能力，喜愛公平，堅立公正，在雅各中施行公平和公義。|zh
3122|99|4|4|The king's power is used for righteousness; you give true decisions, judging rightly in the land of Jacob.|en
3123|99|5|5|你們當尊崇耶和華─我們的神，在他腳凳前下拜。他本為聖！|zh
3124|99|5|5|Give high honour to the Lord our God, worshipping at his feet; holy is he.|en
3125|99|6|6|在他的祭司中有摩西和亞倫；在求告他名的人中有撒母耳。他們求告耶和華，他就應允他們。|zh
3126|99|6|6|Moses and Aaron among his priests, and Samuel among those who gave honour to his name; they made prayers to the Lord, and he gave answers to them.|en
3127|99|7|7|他在雲柱中對他們說話；他們遵守他的法度和他所賜給他們的律例。|zh
3128|99|7|7|His voice came to them from the pillar of cloud; they kept his witness, and the law which he gave them.|en
3129|99|8|8|耶和華─我們的神啊，你應允他們；你是赦免他們的　神，卻按他們所行的報應他們。|zh
3130|99|8|8|You gave them an answer, O Lord our God; you took away their sin, though you gave them punishment for their wrongdoing.|en
3131|99|9|9|你們要尊崇耶和華─我們的神，在他的聖山下拜，因為耶和華─我們的　神本為聖！|zh
3132|99|9|9|Give high honour to the Lord our God, worshipping with your faces turned to his holy hill; for the Lord our God is holy.|en
3133|100|1|1|（稱謝詩。）普天下當向耶和華歡呼！|zh
3134|100|1|1|- A Psalm of Praise. - Make a glad sound to the Lord, all the earth.|en
3135|100|2|2|你們當樂意事奉耶和華，當來向他歌唱！|zh
3136|100|2|2|Give worship to the Lord with joy; come before him with a song.|en
3137|100|3|3|你們當曉得耶和華是神！我們是他造的，也是屬他的；我們是他的民，也是他草場的羊。|zh
3138|100|3|3|Be certain that the Lord is God; it is he who has made us, and we are his; we are his people, and the sheep to whom he gives food.|en
3139|100|4|4|當稱謝進入他的門；當讚美進入他的院。當感謝他，稱頌他的名！|zh
3140|100|4|4|Come into his doors with joy, and into his house with praise; give him honour, blessing his name.|en
3141|100|5|5|因為耶和華本為善。他的慈愛存到永遠；他的信實直到萬代。|zh
3142|100|5|5|For the Lord is good, and his mercy is never-ending; his faith is unchanging through all generations.|en
3143|101|1|1|（大衛的詩）我要歌唱慈愛和公平；耶和華啊，我要向你歌頌！|zh
3144|101|1|1|- A Psalm. Of David. - I will make a song of mercy and righteousness; to you, O Lord, will I make melody.|en
3145|101|2|2|我要用智慧行完全的道。你幾時到我這裡來呢？我要存完全的心行在我家中。|zh
3146|101|2|2|I will do wisely in the way of righteousness: O when will you come to me? I will be walking in my house with a true heart.|en
3147|101|3|3|邪僻的事，我都不擺在我眼前；悖逆人所做的事，我甚恨惡，不容沾在我身上。|zh
3148|101|3|3|I will not put any evil thing before my eyes; I am against all turning to one side; I will not have it near me.|en
3149|101|4|4|彎曲的心思，我必遠離；一切的惡人（或譯：惡事），我不認識。|zh
3150|101|4|4|The false heart I will send away from me: I will not have an evil-doer for a friend.|en
3151|101|5|5|在暗中讒謗他鄰居的，我必將他滅絕；眼目高傲、心裡驕縱的，我必不容他。|zh
3152|101|5|5|I will put to death anyone who says evil of his neighbour secretly; the man with a high look and a heart of pride is disgusting to me.|en
3153|101|6|6|我眼要看國中的誠實人，叫他們與我同住；行為完全的，他要伺候我。|zh
3154|101|6|6|My eyes will be on those of good faith in the land, so that they may be living in my house; he who is walking in the right way will be my servant.|en
3155|101|7|7|行詭詐的，必不得住在我家裡；說謊話的，必不得立在我眼前。|zh
3156|101|7|7|The worker of deceit will not come into my house; the false man will have no place before my eyes.|en
3157|101|8|8|我每日早晨要滅絕國中所有的惡人，好把一切作孽的從耶和華的城裡剪除。|zh
3158|101|8|8|Morning by morning will I put to death all the sinners in the land, so that all evil-doers may be cut off from Jerusalem.|en
3159|102|1|1|（困苦人發昏的時候，在耶和華面前吐露苦情的禱告。）耶和華啊，求你聽我的禱告，容我的呼求達到你面前！|zh
3160|102|1|1|- A Prayer of the man who is in trouble, when he is overcome, and puts his grief before the Lord. - Give ear to my prayer, O Lord, and let my cry come to you.|en
3161|102|2|2|我在急難的日子，求你向我側耳；不要向我掩面！我呼求的日子，求你快快應允我！|zh
3162|102|2|2|Let not your face be veiled from me in the day of my trouble; give ear to me, and let my cry be answered quickly.|en
3163|102|3|3|因為，我的年日如煙雲消滅；我的骨頭如火把燒著。|zh
3164|102|3|3|My days are wasted like smoke, and my bones are burned up as in a fire.|en
3165|102|4|4|我的心被傷，如草枯乾，甚至我忘記吃飯。|zh
3166|102|4|4|My heart is broken; it has become dry and dead like grass, so that I give no thought to food.|en
3167|102|5|5|因我唉哼的聲音，我的肉緊貼骨頭。|zh
3168|102|5|5|Because of the voice of my sorrow, my flesh is wasted to the bone.|en
3169|102|6|6|我如同曠野的鵜鶘；我好像荒場的鴞鳥。|zh
3170|102|6|6|I am like a bird living by itself in the waste places; like the night-bird in a waste of sand.|en
3171|102|7|7|我警醒不睡；我像房頂上孤單的麻雀。|zh
3172|102|7|7|I keep watch like a bird by itself on the house-top.|en
3173|102|8|8|我的仇敵終日辱罵我；向我猖狂的人指著我賭咒。|zh
3174|102|8|8|My haters say evil of me all day; those who are violent against me make use of my name as a curse.|en
3175|102|9|9|我吃過爐灰，如同吃飯；我所喝的與眼淚攙雜。|zh
3176|102|9|9|I have had dust for bread and my drink has been mixed with weeping:|en
3177|102|10|10|這都因你的惱恨和忿怒；你把我拾起來，又把我摔下去。|zh
3178|102|10|10|Because of your passion and your wrath, for I have been lifted up and then made low by you.|en
3179|102|11|11|我的年日如日影偏斜；我也如草枯乾。|zh
3180|102|11|11|My days are like a shade which is stretched out; I am dry like the grass.|en
3181|102|12|12|惟你─耶和華必存到永遠；你可記念的名也存到萬代。|zh
3182|102|12|12|But you, O Lord, are eternal; and your name will never come to an end.|en
3183|102|13|13|你必起來憐恤錫安，因現在是可憐他的時候，日期已經到了。|zh
3184|102|13|13|You will again get up and have mercy on Zion: for the time has come for her to be comforted.|en
3185|102|14|14|你的僕人原來喜悅他的石頭，可憐他的塵土。|zh
3186|102|14|14|For your servants take pleasure in her stones, looking with love on her dust.|en
3187|102|15|15|列國要敬畏耶和華的名；世上諸王都敬畏你的榮耀。|zh
3188|102|15|15|So the nations will give honour to the name of the Lord, and all the kings of the earth will be in fear of his glory:|en
3189|102|16|16|因為耶和華建造了錫安，在他榮耀裡顯現。|zh
3190|102|16|16|When the Lord has put up the walls of Zion, and has been been in his glory;|en
3191|102|17|17|他垂聽窮人的禱告，並不藐視他們的祈求。|zh
3192|102|17|17|When he has given ear to the prayer of the poor, and has not put his request on one side.|en
3193|102|18|18|這必為後代的人記下，將來受造的民要讚美耶和華。|zh
3194|102|18|18|This will be put in writing for the coming generation, and the people of the future will give praise to the Lord.|en
3195|102|19|19|因為，他從至高的聖所垂看；耶和華從天向地觀察，|zh
3196|102|19|19|For from his holy place the Lord has seen, looking down on the earth from heaven;|en
3197|102|20|20|要垂聽被囚之人的歎息，要釋放將要死的人，|zh
3198|102|20|20|Hearing the cry of the prisoner, making free those for whom death is ordered;|en
3199|102|21|21|使人在錫安傳揚耶和華的名，在耶路撒冷傳揚讚美他的話，|zh
3200|102|21|21|So that they may give out the name of the Lord in Zion, and his praise in Jerusalem;|en
3201|102|22|22|就是在萬民和列國聚會事奉耶和華的時候。|zh
3202|102|22|22|When the peoples are come together, and the kingdoms, to give worship to the Lord.|en
3203|102|23|23|他使我的力量中道衰弱，使我的年日短少。|zh
3204|102|23|23|He has taken my strength from me in the way; he has made short my days.|en
3205|102|24|24|我說：我的神啊，不要使我中年去世。你的年數世世無窮！|zh
3206|102|24|24|I will say, O my God, take me not away before my time; your years go on through all generations:|en
3207|102|25|25|你起初立了地的根基；天也是你手所造的。|zh
3208|102|25|25|In the past you put the earth on its base, and the heavens are the work of your hands.|en
3209|102|26|26|天地都要滅沒，你卻要長存；天地都要如外衣漸漸舊了。你要將天地如裡衣更換，天地就改變了。|zh
3210|102|26|26|They will come to an end, but you will still go on; they all will become old like a coat, and like a robe they will be changed:|en
3211|102|27|27|惟有你永不改變；你的年數沒有窮盡。|zh
3212|102|27|27|But you are the unchanging One, and your years will have no end.|en
3213|102|28|28|你僕人的子孫要長存；他們的後裔要堅立在你面前。|zh
3214|102|28|28|The children of your servants will have a safe resting-place, and their seed will be ever before you.|en
3215|103|1|1|（大衛的詩。）我的心哪，你要稱頌耶和華！凡在我裡面的，也要稱頌他的聖名！|zh
3216|103|1|1|- Of David. - Give praise to the Lord, O my soul; let everything in me give praise to his holy name.|en
3217|103|2|2|我的心哪，你要稱頌耶和華！不可忘記他的一切恩惠！|zh
3218|103|2|2|Give praise to the Lord, O my soul; let not all his blessings go from your memory.|en
3219|103|3|3|他赦免你的一切罪孽，醫治你的一切疾病。|zh
3220|103|3|3|He has forgiveness for all your sins; he takes away all your diseases;|en
3221|103|4|4|他救贖你的命脫離死亡，以仁愛和慈悲為你的冠冕。|zh
3222|103|4|4|He keeps back your life from destruction, crowning you with mercy and grace.|en
3223|103|5|5|他用美物使你所願的得以知足，以致你如鷹返老還童。|zh
3224|103|5|5|He makes your mouth full of good things, so that your strength is made new again like the eagle's.|en
3225|103|6|6|耶和華施行公義，為一切受屈的人伸冤。|zh
3226|103|6|6|The Lord gives decisions in righteousness for all who are in trouble.|en
3227|103|7|7|他使摩西知道他的法則，叫以色列人曉得他的作為。|zh
3228|103|7|7|He gave knowledge of his way to Moses, and made his acts clear to the children of Israel.|en
3229|103|8|8|耶和華有憐憫，有恩典，不輕易發怒，且有豐盛的慈愛。|zh
3230|103|8|8|The Lord is kind and full of pity, not quickly made angry, but ever ready to have mercy.|en
3231|103|9|9|他不長久責備，也不永遠懷怒。|zh
3232|103|9|9|His feeling will no longer be bitter; he will not keep his wrath for ever.|en
3233|103|10|10|他沒有按我們的罪過待我們，也沒有照我們的罪孽報應我們。|zh
3234|103|10|10|He has not given us the punishment for our sins, or the reward of our wrongdoing.|en
3235|103|11|11|天離地何等的高，他的慈愛向敬畏他的人也是何等的大！|zh
3236|103|11|11|For as the heaven is high over the earth, so great is his mercy to his worshippers.|en
3237|103|12|12|東離西有多遠，他叫我們的過犯離我們也有多遠！|zh
3238|103|12|12|As far as the east is from the west, so far has he put our sins from us.|en
3239|103|13|13|父親怎樣憐恤他的兒女，耶和華也怎樣憐恤敬畏他的人！|zh
3240|103|13|13|As a father has pity on his children, so the Lord has pity on his worshippers.|en
3241|103|14|14|因為他知道我們的本體，思念我們不過是塵土。|zh
3242|103|14|14|For he has knowledge of our feeble frame; he sees that we are only dust.|en
3243|103|15|15|至於世人，他的年日如草一樣。他發旺如野地的花，|zh
3244|103|15|15|As for man, his days are as grass: his beautiful growth is like the flower of the field.|en
3245|103|16|16|經風一吹，便歸無有；他的原處也不再認識他。|zh
3246|103|16|16|The wind goes over it and it is gone; and its place sees it no longer.|en
3247|103|17|17|但耶和華的慈愛歸於敬畏他的人，從亙古到永遠；他的公義也歸於子子孫孫|zh
3248|103|17|17|But the mercy of the Lord is eternal for his worshippers, and their children's children will see his righteousness;|en
3249|103|18|18|就是那些遵守他的約、記念他的訓詞而遵行的人。|zh
3250|103|18|18|If they keep his agreement, and have his laws in mind to do them.|en
3251|103|19|19|耶和華在天上立定寶座；他的權柄（原文是國）統管萬有。|zh
3252|103|19|19|The Lord has made ready his high seat in the heavens; his kingdom is ruling over all.|en
3253|103|20|20|聽從他命令、成全他旨意、有大能的天使，都要稱頌耶和華！|zh
3254|103|20|20|Give praise to the Lord, you his angels, who are great in strength, doing his orders, and waiting for his voice.|en
3255|103|21|21|你們作他的諸軍，作他的僕役，行他所喜悅的，都要稱頌耶和華！|zh
3256|103|21|21|Give praise to the Lord, all you his armies; and you his servants who do his pleasure.|en
3257|103|22|22|你們一切被他造的，在他所治理的各處，都要稱頌耶和華！我的心哪，你要稱頌耶和華！|zh
3258|103|22|22|Give praise to the Lord, all his works, in all places under his rule: give praise to the Lord, O my soul.|en
3259|104|1|1|我的心哪，你要稱頌耶和華！耶和華─我的神啊，你為至大！你以尊榮威嚴為衣服，|zh
3260|104|1|1|Give praise to the Lord, O my soul. O Lord my God, you are very great; you are robed with honour and power.|en
3261|104|2|2|披上亮光，如披外袍，鋪張穹蒼，如鋪幔子，|zh
3262|104|2|2|You are clothed with light as with a robe; stretching out the heavens like a curtain:|en
3263|104|3|3|在水中立樓閣的棟梁，用雲彩為車輦，藉著風的翅膀而行，|zh
3264|104|3|3|The arch of your house is based on the waters; you make the clouds your carriage; you go on the wings of the wind:|en
3265|104|4|4|以風為使者，以火燄為僕役，|zh
3266|104|4|4|He makes winds his angels, and flames of fire his servants.|en
3267|104|5|5|將地立在根基上，使地永不動搖。|zh
3268|104|5|5|He has made the earth strong on its bases, so that it may not be moved for ever and ever;|en
3269|104|6|6|你用深水遮蓋地面，猶如衣裳；諸水高過山嶺。|zh
3270|104|6|6|Covering it with the sea as with a robe: the waters were high over the mountains;|en
3271|104|7|7|你的斥責一發，水便奔逃；你的雷聲一發，水便奔流。|zh
3272|104|7|7|At the voice of your word they went in flight; at the sound of your thunder they went away in fear;|en
3273|104|8|8|諸山升上，諸谷沉下（或譯：隨山上翻，隨谷下流），歸你為他所安定之地。|zh
3274|104|8|8|The mountains came up and the valleys went down into the place which you had made ready for them.|en
3275|104|9|9|你定了界限，使水不能過去，不再轉回遮蓋地面。|zh
3276|104|9|9|You made a limit over which they might not go, so that the earth would never again be covered by them.|en
3277|104|10|10|耶和華使泉源湧在山谷，流在山間，|zh
3278|104|10|10|You sent the springs into the valleys; they are flowing between the hills.|en
3279|104|11|11|使野地的走獸有水喝，野驢得解其渴。|zh
3280|104|11|11|They give drink to every beast of the field; the mountain asses come to them for water.|en
3281|104|12|12|天上的飛鳥在水旁住宿，在樹枝上啼叫。|zh
3282|104|12|12|The birds of the air have their resting-places by them, and make their song among the branches.|en
3283|104|13|13|他從樓閣中澆灌山嶺；因他作為的功效，地就豐足。|zh
3284|104|13|13|He sends down rain from his store-houses on the hills: the earth is full of the fruit of his works.|en
3285|104|14|14|他使草生長，給六畜吃，使菜蔬發長，供給人用，使人從地裡能得食物，|zh
3286|104|14|14|He makes the grass come up for the cattle, and plants for the use of man; so that bread may come out of the earth;|en
3287|104|15|15|又得酒能悅人心，得油能潤人面，得糧能養人心。|zh
3288|104|15|15|And wine to make glad the heart of man, and oil to make his face shining, and bread giving strength to his heart.|en
3289|104|16|16|佳美的樹木，就是利巴嫩的香柏樹，是耶和華所栽種的，都滿了汁漿。|zh
3290|104|16|16|The trees of the Lord are full of growth, the cedars of Lebanon of his planting;|en
3291|104|17|17|雀鳥在其上搭窩；至於鶴，松樹是他的房屋。|zh
3292|104|17|17|Where the birds have their resting-places; as for the stork, the tall trees are her house.|en
3293|104|18|18|高山為野山羊的住所；巖石為沙番的藏處。|zh
3294|104|18|18|The high hills are a safe place for the mountain goats, and the rocks for the small beasts.|en
3295|104|19|19|你安置月亮為定節令；日頭自知沉落。|zh
3296|104|19|19|He made the moon for a sign of the divisions of the year; teaching the sun the time of its going down.|en
3297|104|20|20|你造黑暗為夜，林中的百獸就都爬出來。|zh
3298|104|20|20|When you make it dark, it is night, when all the beasts of the woods come quietly out of their secret places.|en
3299|104|21|21|少壯獅子吼叫，要抓食，向神尋求食物。|zh
3300|104|21|21|The young lions go thundering after their food; searching for their meat from God.|en
3301|104|22|22|日頭一出，獸便躲避，臥在洞裡。|zh
3302|104|22|22|The sun comes up, and they come together, and go back to their secret places to take their rest.|en
3303|104|23|23|人出去做工，勞碌直到晚上。|zh
3304|104|23|23|Man goes out to his work, and to his business, till the evening.|en
3305|104|24|24|耶和華啊，你所造的何其多！都是你用智慧造成的；遍地滿了你的豐富。|zh
3306|104|24|24|O Lord, how great is the number of your works! in wisdom you have made them all; the earth is full of the things you have made.|en
3307|104|25|25|那裡有海，又大又廣；其中有無數的動物，大小活物都有。|zh
3308|104|25|25|There is the great, wide sea, where there are living things, great and small, more than may be numbered.|en
3309|104|26|26|那裡有船行走，有你所造的鱷魚游泳在其中。|zh
3310|104|26|26|There go the ships; there is that great beast, which you have made as a plaything.|en
3311|104|27|27|這都仰望你按時給他食物。|zh
3312|104|27|27|All of them are waiting for you, to give them their food in its time.|en
3313|104|28|28|你給他們，他們便拾起來；你張手，他們飽得美食。|zh
3314|104|28|28|They take what you give them; they are full of the good things which come from your open hand.|en
3315|104|29|29|你掩面，他們便驚惶；你收回他們的氣，他們就死亡，歸於塵土。|zh
3316|104|29|29|If your face is veiled, they are troubled; when you take away their breath, they come to an end, and go back to the dust.|en
3317|104|30|30|你發出你的靈，他們便受造；你使地面更換為新。|zh
3318|104|30|30|If you send out your spirit, they are given life; you make new the face of the earth.|en
3319|104|31|31|願耶和華的榮耀存到永遠！願耶和華喜悅自己所造的！|zh
3320|104|31|31|Let the glory of the Lord be for ever; let the Lord have joy in his works:|en
3321|104|32|32|他看地，地便震動；他摸山，山就冒煙。|zh
3322|104|32|32|At whose look the earth is shaking; at whose touch the mountains send out smoke.|en
3323|104|33|33|我要一生向耶和華唱詩！我還活的時候，要向我神歌頌！|zh
3324|104|33|33|I will make songs to the Lord all my life; I will make melody to my God while I have my being.|en
3325|104|34|34|願他以我的默念為甘甜！我要因耶和華歡喜！|zh
3326|104|34|34|Let my thoughts be sweet to him: I will be glad in the Lord.|en
3327|104|35|35|願罪人從世上消滅！願惡人歸於無有！我的心哪，要稱頌耶和華！你們要讚美耶和華（原文是哈利路亞；下同）！|zh
3328|104|35|35|Let sinners be cut off from the earth, and let all evil-doers come to an end. Give praise to the Lord, O my soul. Give praise to the Lord.|en
3329|105|1|1|你們要稱謝耶和華，求告他的名，在萬民中傳揚他的作為！|zh
3330|105|1|1|O give praise to the Lord; give honour to his name, talking of his doings among the peoples.|en
3331|105|2|2|要向他唱詩歌頌，談論他一切奇妙的作為！|zh
3332|105|2|2|Let your voice be sounding in songs and melody; let all your thoughts be of the wonder of his works.|en
3333|105|3|3|要以他的聖名誇耀！尋求耶和華的人，心中應當歡喜！|zh
3334|105|3|3|Have glory in his holy name; let the hearts of those who are searching after the Lord be glad.|en
3335|105|4|4|要尋求耶和華與他的能力，時常尋求他的面。|zh
3336|105|4|4|Let your search be for the Lord and for his strength; let your hearts ever be turned to him.|en
3337|105|5|5,6 |他僕人亞伯拉罕的後裔，他所揀選雅各的子孫哪，你們要記念他奇妙的作為和他的奇事，並他口中的判語。|zh
3338|105|5|5|Keep in mind the great works which he has done; his wonders, and the decisions of his mouth;|en
3339|105|6|6|O you seed of Abraham, his servant, you children of Jacob, his loved ones.|en
3340|105|7|7|他是耶和華─我們的神；全地都有他的判斷。|zh
3341|105|7|7|He is the Lord our God: he is judge of all the earth.|en
3342|105|8|8|他記念他的約，直到永遠；他所吩咐的話，直到千代─|zh
3343|105|8|8|He has kept his agreement in mind for ever, the word which he gave for a thousand generations;|en
3344|105|9|9|就是與亞伯拉罕所立的約，向以撒所起的誓。|zh
3345|105|9|9|The agreement which he made with Abraham, and his oath to Isaac;|en
3346|105|10|10|他又將這約向雅各定為律例，向以色列定為永遠的約，|zh
3347|105|10|10|And he gave it to Jacob for a law, and to Israel for an eternal agreement;|en
3348|105|11|11|說：我必將迦南地賜給你，作你產業的分。|zh
3349|105|11|11|Saying, To you will I give the land of Canaan, the measured line of your heritage:|en
3350|105|12|12|當時，他們人丁有限，數目稀少，並且在那地為寄居的。|zh
3351|105|12|12|When they were still small in number, and strange in the land;|en
3352|105|13|13|他們從這邦遊到那邦，從這國行到那國。|zh
3353|105|13|13|When they went about from one nation to another, and from one kingdom to another people.|en
3354|105|14|14|他不容甚麼人欺負他們，為他們的緣故責備君王，|zh
3355|105|14|14|He would not let anyone do them wrong; he even kept back kings because of them,|en
3356|105|15|15|說：不可難為我受膏的人，也不可惡待我的先知。|zh
3357|105|15|15|Saying, Put not your hand on those who have been marked with my holy oil, and do my prophets no wrong.|en
3358|105|16|16|他命饑荒降在那地上，將所倚靠的糧食全行斷絕，|zh
3359|105|16|16|And he took away all food from the land, so that the people were without bread.|en
3360|105|17|17|在他們以先打發一個人去─約瑟被賣為奴僕。|zh
3361|105|17|17|He sent a man before them, even Joseph, who was given as a servant for a price:|en
3362|105|18|18|人用腳鐐傷他的腳；他被鐵鍊捆拘。|zh
3363|105|18|18|His feet were fixed in chains; his neck was put in iron bands;|en
3364|105|19|19|耶和華的話試煉他，直等到他所說的應驗了。|zh
3365|105|19|19|Till the time when his word came true; he was tested by the word of the Lord.|en
3366|105|20|20|王打發人把他解開，就是治理眾民的，把他釋放，|zh
3367|105|20|20|The king sent men to take off his chains; even the ruler of the people, who let him go free.|en
3368|105|21|21|立他作王家之主，掌管他一切所有的，|zh
3369|105|21|21|He made him lord of his house, and ruler over everything he had;|en
3370|105|22|22|使他隨意捆綁他的臣宰，將智慧教導他的長老。|zh
3371|105|22|22|To give his chiefs teaching at his pleasure, and so that his law-givers might get wisdom from him.|en
3372|105|23|23|以色列也到了埃及；雅各在含地寄居。|zh
3373|105|23|23|Then Israel came into Egypt, and Jacob was living in the land of Ham.|en
3374|105|24|24|耶和華使他的百姓生養眾多，使他們比敵人強盛，|zh
3375|105|24|24|And his people were greatly increased, and became stronger than those who were against them.|en
3376|105|25|25|使敵人的心轉去恨他的百姓，並用詭計待他的僕人。|zh
3377|105|25|25|Their hearts were turned to hate against his people, so that they made secret designs against them.|en
3378|105|26|26|他打發他的僕人摩西和他所揀選的亞倫，|zh
3379|105|26|26|He sent Moses, his servant, and Aaron, the man of his selection.|en
3380|105|27|27|在敵人中間顯他的神蹟，在含地顯他的奇事。|zh
3381|105|27|27|He let his signs be seen among the people, and his wonders in the land of Ham.|en
3382|105|28|28|他命黑暗，就有黑暗；沒有違背他話的。|zh
3383|105|28|28|He sent black night and made it dark; and they did not go against his word.|en
3384|105|29|29|他叫埃及的水變為血，叫他們的魚死了。|zh
3385|105|29|29|At his word their waters were turned to blood, and he sent death on all their fish.|en
3386|105|30|30|在他們的地上以及王宮的內室，青蛙多多滋生。|zh
3387|105|30|30|Their land was full of frogs, even in the rooms of the king.|en
3388|105|31|31|他說一聲，蒼蠅就成群而來，並有虱子進入他們四境。|zh
3389|105|31|31|He gave the word, and there came the dog-fly, and insects over all the land.|en
3390|105|32|32|他給他們降下冰雹為雨，在他們的地上降下火燄。|zh
3391|105|32|32|He gave them ice for rain, and flaming fire in their land.|en
3392|105|33|33|他也擊打他們的葡萄樹和無花果樹，毀壞他們境內的樹木。|zh
3393|105|33|33|He gave their vines and their fig-trees to destruction, and the trees of their land were broken down.|en
3394|105|34|34|他說一聲，就有蝗蟲螞蚱上來，不計其數，|zh
3395|105|34|34|At his word the locusts came, and young locusts more than might be numbered,|en
3396|105|35|35|吃盡了他們地上各樣的菜蔬和田地的出產。|zh
3397|105|35|35|And put an end to all the plants of their land, taking all the fruit of the earth for food.|en
3398|105|36|36|他又擊殺他們國內一切的長子，就是他們強壯時頭生的。|zh
3399|105|36|36|He put to death the first child of every family in the land, the first-fruits of their strength.|en
3400|105|37|37|他領自己的百姓帶銀子金子出來；他支派中沒有一個軟弱的。|zh
3401|105|37|37|He took his people out with silver and gold: there was not one feeble person among them.|en
3402|105|38|38|他們出來的時候，埃及人便歡喜；原來埃及人懼怕他們。|zh
3403|105|38|38|Egypt was glad when they went; for the fear of them had come down on them.|en
3404|105|39|39|他鋪張雲彩當遮蓋，夜間使火光照。|zh
3405|105|39|39|A cloud was stretched over them for a cover; and he sent fire to give light in the night.|en
3406|105|40|40|他們一求，他就使鵪鶉飛來，並用天上的糧食叫他們飽足。|zh
3407|105|40|40|At the people's request he sent birds, and gave them the bread of heaven for food.|en
3408|105|41|41|他打開磐石，水就湧出；在乾旱之處，水流成河。|zh
3409|105|41|41|His hand made the rock open, and the waters came streaming out; they went down through the dry places like a river.|en
3410|105|42|42|這都因他記念他的聖言和他的僕人亞伯拉罕。|zh
3411|105|42|42|For he kept in mind his holy word, and Abraham, his servant.|en
3412|105|43|43|他帶領百姓歡樂而出，帶領選民歡呼前往。|zh
3413|105|43|43|And he took his people out with joy, the men of his selection with glad cries:|en
3414|105|44|44|他將列國的地賜給他們，他們便承巡蛦民勞碌得來的，|zh
3415|105|44|44|And gave them the lands of the nations; and they took the work of the peoples for a heritage;|en
3416|105|45|45|好使他們遵他的律例，守他的律法。你們要讚美耶和華！|zh
3417|105|45|45|So that they might keep his orders, and be true to his laws. Give praise to the Lord.|en
3418|106|1|1|你們要讚美耶和華！要稱謝耶和華，因他本為善；他的慈愛永遠長存！|zh
3419|106|1|1|Let the Lord be praised. O give praise to the Lord, for he is good: for his mercy is unchanging for ever.|en
3420|106|2|2|誰能傳說耶和華的大能？誰能表明他一切的美德？|zh
3421|106|2|2|Who is able to give an account of the great acts of the Lord, or to make clear all his praise?|en
3422|106|3|3|凡遵守公平﹔常行公義的，這人便為有福！|zh
3423|106|3|3|Happy are they whose decisions are upright, and he who does righteousness at all times.|en
3424|106|4|4|耶和華啊，你用恩惠待你的百姓；求你也用這恩惠記念我，開你的救恩眷顧我，|zh
3425|106|4|4|Keep me in mind, O Lord, when you are good to your people; O let your salvation come to me;|en
3426|106|5|5|使我見你選民的福，樂你國民的樂，與你的產業一同誇耀。|zh
3427|106|5|5|So that I may see the well-being of the people of your selection, and have a part in the joy of your nation, and take pride in your heritage.|en
3428|106|6|6|我們與我們的祖宗一同犯罪；我們作了孽，行了惡。|zh
3429|106|6|6|We are sinners like our fathers, we have done wrong, our acts are evil.|en
3430|106|7|7|我們的祖宗在埃及不明白你的奇事，不記念你豐盛的慈愛，反倒在紅海行了悖逆。|zh
3431|106|7|7|Our fathers did not give thought to your wonders in Egypt; they did not keep in memory the great number of your mercies, but gave you cause for wrath at the sea, even at the Red Sea.|en
3432|106|8|8|然而，他因自己的名拯救他們，為要彰顯他的大能，|zh
3433|106|8|8|But he was their saviour because of his name, so that men might see his great power.|en
3434|106|9|9|並且斥責紅海，海便乾了；他帶領他們經過深處，如同經過曠野。|zh
3435|106|9|9|By his word the Red Sea was made dry: and he took them through the deep waters as through the waste land.|en
3436|106|10|10|他拯救他們脫離恨他們人的手，從仇敵手中救贖他們。|zh
3437|106|10|10|And he took them safely out of the hands of their haters, and kept them from the attacks of those who were against them.|en
3438|106|11|11|水淹沒他們的敵人，沒有一個存留。|zh
3439|106|11|11|And the waters went over their haters; all of them came to an end.|en
3440|106|12|12|那時，他們才信了他的話，歌唱讚美他。|zh
3441|106|12|12|Then they had faith in his words; they gave him songs of praise.|en
3442|106|13|13|等不多時，他們就忘了他的作為，不仰望他的指教，|zh
3443|106|13|13|But their memory of his works was short; not waiting to be guided by him,|en
3444|106|14|14|反倒在曠野大起慾心，在荒地試探神。|zh
3445|106|14|14|They gave way to their evil desires in the waste land, and put God to the test in the dry places.|en
3446|106|15|15|他將他們所求的賜給他們，卻使他們的心靈軟弱。|zh
3447|106|15|15|And he gave them their request, but sent a wasting disease into their souls.|en
3448|106|16|16|他們又在營中嫉妒摩西和耶和華的聖者亞倫。|zh
3449|106|16|16|They were full of envy against Moses among the tents, and against Aaron, the holy one of the Lord.|en
3450|106|17|17|地裂開，吞下大坍，掩蓋亞比蘭一黨的人。|zh
3451|106|17|17|The earth opening put an end to Dathan, covering up Abiram and his band.|en
3452|106|18|18|有火在他們的黨中發起；有火燄燒燬了惡人。|zh
3453|106|18|18|And a fire was lighted among their tents; the sinners were burned up by the flames.|en
3454|106|19|19|他們在何烈山造了牛犢，叩拜鑄成的像。|zh
3455|106|19|19|They made a young ox in Horeb, and gave worship to an image of gold.|en
3456|106|20|20|如此將他們榮耀的主換為吃草之牛的像，|zh
3457|106|20|20|And their glory was changed into the image of an ox, whose food is grass.|en
3458|106|21|21|忘了神─他們的救主；他曾在埃及行大事，|zh
3459|106|21|21|They had no memory of God their saviour, who had done great things in Egypt;|en
3460|106|22|22|在含地行奇事，在紅海行可畏的事。|zh
3461|106|22|22|Works of wonder in the land of Ham, and things of fear by the Red Sea.|en
3462|106|23|23|所以，他說要滅絕他們；若非有他所揀選的摩西站在當中（原文是破口），使他的忿怒轉消，恐怕他就滅絕他們。|zh
3463|106|23|23|And he was purposing to put an end to them if Moses, his special servant, had not gone up before him, between him and his people, turning back his wrath, to keep them from destruction.|en
3464|106|24|24|他們又藐視那美地，不信他的話，|zh
3465|106|24|24|They were disgusted with the good land; they had no belief in his word;|en
3466|106|25|25|在自己帳棚內發怨言，不聽耶和華的聲音。|zh
3467|106|25|25|Talking against him secretly in their tents, they did not give ear to the voice of the Lord.|en
3468|106|26|26|所以，他對他們起誓：必叫他們倒在曠野，|zh
3469|106|26|26|So he made an oath against them, to put an end to them in the waste land:|en
3470|106|27|27|叫他們的後裔倒在列國之中，分散在各地。|zh
3471|106|27|27|That their children might be mixed among the nations, and sent away into other lands.|en
3472|106|28|28|他們又與巴力•毗珥連合，且吃了祭死神（或譯：人）的物。|zh
3473|106|28|28|And they were joined to Baal-peor, and took part in the offerings to the dead.|en
3474|106|29|29|他們這樣行，惹耶和華發怒，便有瘟疫流行在他們中間。|zh
3475|106|29|29|So they made him angry by their behaviour; and he sent disease on them.|en
3476|106|30|30|那時，非尼哈站起，刑罰惡人，瘟疫這才止息。|zh
3477|106|30|30|Then Phinehas got up, and made prayer for them; and the disease went no farther.|en
3478|106|31|31|那就算為他的義，世世代代，直到永遠。|zh
3479|106|31|31|And all the generations coming after him kept the memory of his righteousness for ever.|en
3480|106|32|32|他們在米利巴水又叫耶和華發怒，甚至摩西也受了虧損，|zh
3481|106|32|32|They made God angry again at the waters of Meribah, so that Moses was troubled because of them;|en
3482|106|33|33|是因他們惹動他的靈，摩西（原文是他）用嘴說了急躁的話。|zh
3483|106|33|33|For they made his spirit bitter, and he said unwise things.|en
3484|106|34|34|他們不照耶和華所吩咐的滅絕外邦人，|zh
3485|106|34|34|They did not put an end to the peoples, as the Lord had said;|en
3486|106|35|35|反與他們混雜相合，學習他們的行為，|zh
3487|106|35|35|But they were joined to the nations, learning their works.|en
3488|106|36|36|事奉他們的偶像，這就成了自己的網羅，|zh
3489|106|36|36|And they gave worship to images; which were a danger to them:|en
3490|106|37|37|把自己的兒女祭祀鬼魔，|zh
3491|106|37|37|They even made offerings of their sons and their daughters to evil spirits,|en
3492|106|38|38|流無辜人的血，就是自己兒女的血，把他們祭祀迦南的偶像，那地就被血污穢了。|zh
3493|106|38|38|And gave the blood of their sons and their daughters who had done no wrong, offering them to the images of Canaan; and the land was made unclean with blood.|en
3494|106|39|39|這樣，他們被自己所做的污穢了，在行為上犯了邪淫。|zh
3495|106|39|39|So they became unclean through their works, going after their evil desires.|en
3496|106|40|40|所以，耶和華的怒氣向他的百姓發作，憎惡他的產業，|zh
3497|106|40|40|Then the wrath of the Lord was burning against his people, and he was angry with his heritage.|en
3498|106|41|41|將他們交在外邦人的手裡；恨他們的人就轄制他們。|zh
3499|106|41|41|And he gave them into the hands of the nations; and they were ruled by their haters.|en
3500|106|42|42|他們的仇敵也欺壓他們，他們就伏在敵人手下。|zh
3501|106|42|42|By them they were crushed, and made low under their hands.|en
3502|106|43|43|他屢次搭救他們，他們卻設謀背逆，因自己的罪孽降為卑下。|zh
3503|106|43|43|Again and again he made them free; but their hearts were turned against his purpose, and they were overcome by their sins.|en
3504|106|44|44|然而，他聽見他們哀告的時候，就眷顧他們的急難，|zh
3505|106|44|44|But when their cry came to his ears, he had pity on their trouble:|en
3506|106|45|45|為他們記念他的約，照他豐盛的慈愛後悔。|zh
3507|106|45|45|And kept in mind his agreement with them, and in his great mercy gave them forgiveness.|en
3508|106|46|46|他也使他們在凡擄掠他們的人面前蒙憐恤。|zh
3509|106|46|46|He put pity into the hearts of those who made them prisoners.|en
3510|106|47|47|耶和華─我們的神啊，求你拯救我們，從外邦中招聚我們，我們好稱讚你的聖名，以讚美你為誇勝。|zh
3511|106|47|47|Be our saviour, O Lord our God, and let us come back together from among the nations, so that we may give honour to your holy name, and have glory in your praise.|en
3512|106|48|48|耶和華─以色列的神是應當稱頌的，從亙古直到永遠。願眾民都說：阿們！你們要讚美耶和華！|zh
3513|106|48|48|Praise be to the Lord God of Israel for ever and for ever; and let all the people say, So be it. Give praise to the Lord.|en
3514|107|1|1|你們要稱謝耶和華，因他本為善；他的慈愛永遠長存！|zh
3515|107|1|1|O give praise to the Lord, for he is good: for his mercy is unchanging for ever.|en
3516|107|2|2|願耶和華的贖民說這話，就是他從敵人手中所救贖的，|zh
3517|107|2|2|Let those whose cause the Lord has taken up say so, his people whom he has taken out of the hands of their haters;|en
3518|107|3|3|從各地，從東從西，從南從北，所招聚來的。|zh
3519|107|3|3|Making them come together out of all the lands, from the east and from the west, from the north and from the south.|en
3520|107|4|4|他們在曠野荒地漂流，尋不見可住的城邑，|zh
3521|107|4|4|They were wandering in the waste places; they saw no way to a resting-place.|en
3522|107|5|5|又飢又渴，心裡發昏。|zh
3523|107|5|5|Their souls became feeble for need of food and drink.|en
3524|107|6|6|於是，他們在苦難中哀求耶和華；他從他們的禍患中搭救他們，|zh
3525|107|6|6|Then they sent up their cry to the Lord in their sorrow, and he gave them salvation out of all their troubles;|en
3526|107|7|7|又領他們行走直路，使他們往可居住的城邑。|zh
3527|107|7|7|Guiding them in the right way, so that they might come into the town of their resting-place.|en
3528|107|8|8|但願人因耶和華的慈愛和他向人所行的奇事都稱讚他；|zh
3529|107|8|8|Let men give praise to the Lord for his mercy, and for the wonders which he does for the children of men!|en
3530|107|9|9|因他使心裡渴慕的人得以知足，使心裡飢餓的人得飽美物。|zh
3531|107|9|9|He gives its desire to the unresting soul, so that it is full of good things.|en
3532|107|10|10|那些坐在黑暗中、死蔭裡的人被困苦和鐵鍊捆鎖，|zh
3533|107|10|10|Those who were in the dark, in the black night, in chains of sorrow and iron;|en
3534|107|11|11|是因他們違背神的話語，藐視至高者的旨意。|zh
3535|107|11|11|Because they went against the words of God, and gave no thought to the laws of the Most High:|en
3536|107|12|12|所以，他用勞苦治服他們的心；他們仆倒，無人扶助。|zh
3537|107|12|12|So that he made their hearts weighted down with grief; they were falling, and had no helper.|en
3538|107|13|13|於是，他們在苦難中哀求耶和華；他從他們的禍患中拯救他們。|zh
3539|107|13|13|Then they sent up their cry to the Lord in their sorrow, and he gave them salvation out of all their troubles.|en
3540|107|14|14|他從黑暗中和死蔭裡領他們出來，折斷他們的綁索。|zh
3541|107|14|14|He took them out of the dark and the black night, and all their chains were broken.|en
3542|107|15|15|但願人因耶和華的慈愛和他向人所行的奇事都稱讚他；|zh
3543|107|15|15|Let men give praise to the Lord for his mercy, and for the wonders which he does for the children of men!|en
3544|107|16|16|因為他打破了銅門，砍斷了鐵閂。|zh
3545|107|16|16|The doors of brass are broken by his arm, and the bands of iron are cut in two.|en
3546|107|17|17|愚妄人因自己的過犯和自己的罪孽便受苦楚。|zh
3547|107|17|17|Foolish men, because of their sins, and because of their wrongdoing, are troubled;|en
3548|107|18|18|他們心裡厭惡各樣的食物，就臨近死門。|zh
3549|107|18|18|They are disgusted by all food, and they come near to the doors of death.|en
3550|107|19|19|於是，他們在苦難中哀求耶和華；他從他們的禍患中拯救他們。|zh
3551|107|19|19|Then they send up their cry to the Lord in their sorrow, and he gives them salvation out of all their troubles.|en
3552|107|20|20|他發命醫治他們，救他們脫離死亡。|zh
3553|107|20|20|He sent his word and made them well, and kept them safe from the underworld.|en
3554|107|21|21|但願人因耶和華的慈愛和他向人所行的奇事都稱讚他。|zh
3555|107|21|21|Let men give praise to the Lord for his mercy, and for the wonders which he does for the children of men!|en
3556|107|22|22|願他們以感謝為祭獻給他，歡呼述說他的作為！|zh
3557|107|22|22|Let them make offerings of praise, giving news of his works with cries of joy.|en
3558|107|23|23|在海上坐船，在大水中經理事務的，|zh
3559|107|23|23|Those who go down to the sea in ships, who do business in the great waters;|en
3560|107|24|24|他們看見耶和華的作為，並他在深水中的奇事。|zh
3561|107|24|24|They see the works of the Lord, and his wonders in the deep.|en
3562|107|25|25|因他一吩咐，狂風就起來，海中的波浪也揚起。|zh
3563|107|25|25|For at his word comes up the storm-wind, lifting high the waves.|en
3564|107|26|26|他們上到天空，下到海底；他們的心因患難便消化。|zh
3565|107|26|26|The sailors go up to heaven, and down into the deep; their souls are wasted because of their trouble.|en
3566|107|27|27|他們搖搖幌幌，東倒西歪，好像醉酒的人；他們的智慧無法可施。|zh
3567|107|27|27|They are turned here and there, rolling like a man who is full of wine; and all their wisdom comes to nothing.|en
3568|107|28|28|於是，他們在苦難中哀求耶和華，他從他們的禍患中領出他們來。|zh
3569|107|28|28|Then they send up their cry to the Lord in their sorrow, and he gives them salvation out of all their troubles.|en
3570|107|29|29|他使狂風止息，波浪就平靜。|zh
3571|107|29|29|He makes the storm into a calm, so that the waves are at peace.|en
3572|107|30|30|風息浪靜，他們便歡喜；他就引他們到所願去的海口。|zh
3573|107|30|30|Then they are glad, because the sea is quiet, and he takes them to the harbour of their desire.|en
3574|107|31|31|但願人因耶和華的慈愛和他向人所行的奇事都稱讚他。|zh
3575|107|31|31|Let men give praise to the Lord for his mercy, and for the wonders which he does for the children of men!|en
3576|107|32|32|願他們在民的會中尊崇他，在長老的位上讚美他！|zh
3577|107|32|32|Let them give glory to him in the meeting of the people, and praise among the chiefs.|en
3578|107|33|33|他使江河變為曠野，叫水泉變為乾渴之地，|zh
3579|107|33|33|He makes rivers into waste places, and springs of water into a dry land;|en
3580|107|34|34|使肥地變為鹼地；這都因其間居民的罪惡。|zh
3581|107|34|34|He makes a fertile country into a salt waste, because of the sins of those who are living there.|en
3582|107|35|35|他使曠野變為水潭，叫旱地變為水泉。|zh
3583|107|35|35|He makes a waste land into a place of water, and a dry land into water-springs.|en
3584|107|36|36|他使飢餓的人住在那裡，好建造可住的城邑，|zh
3585|107|36|36|And there he gives the poor a resting-place, so that they may make themselves a town;|en
3586|107|37|37|又種田地，栽葡萄園，得享所出的土產。|zh
3587|107|37|37|And put seed in the fields and make vine-gardens, to give them fruit.|en
3588|107|38|38|他又賜福給他們，叫他們生養眾多，也不叫他們的牲畜減少。|zh
3589|107|38|38|He gives them his blessing so that they are increased greatly, and their cattle do not become less.|en
3590|107|39|39|他們又因暴虐、患難、愁苦，就減少且卑下。|zh
3591|107|39|39|And when they are made low, and crushed by trouble and sorrow,|en
3592|107|40|40|他使君王蒙羞被辱，使他們在荒廢無路之地漂流。|zh
3593|107|40|40|He puts an end to the pride of kings, and sends them wandering in the waste lands where there is no way.|en
3594|107|41|41|他卻將窮乏人安置在高處，脫離苦難，使他的家屬多如羊群。|zh
3595|107|41|41|But he puts the poor man on high from his troubles, and gives him families like a flock.|en
3596|107|42|42|正直人看見就歡喜；罪孽之輩必塞口無言。|zh
3597|107|42|42|The upright see it and are glad: the mouth of the sinner is stopped.|en
3598|107|43|43|凡有智慧的，必在這些事上留心，也必思想耶和華的慈愛。|zh
3599|107|43|43|Let the wise give thought to these things, and see the mercies of the Lord.|en
3600|108|1|1|（大衛的詩歌。）神啊，我心堅定；我口（原文是榮耀）要唱詩歌頌！|zh
3601|108|1|1|- A Song. A Psalm. Of David. - O God, my heart is fixed; I will make songs and melody, even with my glory.|en
3602|108|2|2|琴瑟啊，你們當醒起！我自己要極早醒起！|zh
3603|108|2|2|Give out your sounds, O corded instruments: the dawn will be awaking with my song.|en
3604|108|3|3|耶和華啊，我要在萬民中稱謝你，在列邦中歌頌你！|zh
3605|108|3|3|I will give you praise, O Lord, among the peoples; I will make melody to you among the nations.|en
3606|108|4|4|因為，你的慈愛大過諸天；你的誠實達到穹蒼。|zh
3607|108|4|4|For your mercy is higher than the heavens: and your unchanging faith than the clouds.|en
3608|108|5|5|神啊，願你崇高過於諸天！願你的榮耀高過全地！|zh
3609|108|5|5|Be lifted up, O God, higher than the heavens; let your glory be over all the earth.|en
3610|108|6|6|求你應允我們，用右手拯救我們，好叫你所親愛的人得救。|zh
3611|108|6|6|Let your right hand be stretched out for salvation, and give me an answer, so that your loved ones may be safe from danger.|en
3612|108|7|7|神已經指著他的聖潔說（說：或譯應許我）：我要歡樂；我要分開示劍，丈量疏割谷。|zh
3613|108|7|7|This is the word of the holy God: I will be glad; I will make Shechem a heritage, measuring out the valley of Succoth.|en
3614|108|8|8|基列是我的；瑪拿西是我的；以法蓮是護衛我頭的；猶大是我的杖；|zh
3615|108|8|8|Gilead is mine; Manasseh is mine; Ephraim is the strength of my head; Judah is my law-giver;|en
3616|108|9|9|摩押是我的沐浴盆；我要向以東拋鞋；我必因勝非利士呼喊。|zh
3617|108|9|9|Moab is my washpot; on Edom is the resting-place of my shoe; over Philistia will I send out a glad cry.|en
3618|108|10|10|誰能領我進堅固城？誰能引我到以東地？|zh
3619|108|10|10|Who will take me into the strong town? who will be my guide into Edom?|en
3620|108|11|11|神啊，你不是丟棄了我們麼？神啊，你不和我們的軍兵同去麼？|zh
3621|108|11|11|Have you not sent us away from you, O God? and you go not out with our armies.|en
3622|108|12|12|求你幫助我們攻擊敵人，因為人的幫助是枉然的。|zh
3623|108|12|12|Give us help in our trouble; for there is no help in man.|en
3624|108|13|13|我們倚靠神才得施展大能，因為踐踏我們敵人的就是他。|zh
3625|108|13|13|With God we will do great things; for by him will our haters be crushed underfoot.|en
3626|109|1|1|（大衛的詩，交與伶長。）我所讚美的神啊，求你不要閉口不言。|zh
3627|109|1|1|- To the chief music-maker. Of David. A Psalm. - God of my praise, let my prayer be answered;|en
3628|109|2|2|因為惡人的嘴和詭詐人的口已經張開攻擊我；他們用撒謊的舌頭對我說話。|zh
3629|109|2|2|For the mouth of the sinner is open against me in deceit: his tongue has said false things against me.|en
3630|109|3|3|他們圍繞我，說怨恨的話，又無故地攻打我。|zh
3631|109|3|3|Words of hate are round about me; they have made war against me without cause.|en
3632|109|4|4|他們與我為敵以報我愛，但我專心祈禱。|zh
3633|109|4|4|For my love they give me back hate; but I have given myself to prayer.|en
3634|109|5|5|他們向我以惡報善，以恨報愛。|zh
3635|109|5|5|They have put on me evil for good; hate in exchange for my love.|en
3636|109|6|6|願你派一個惡人轄制他，派一個對頭站在他右邊！|zh
3637|109|6|6|Put an evil man over him; and let one be placed at his right hand to say evil of him.|en
3638|109|7|7|他受審判的時候，願他出來擔當罪名！願他的祈禱反成為罪！|zh
3639|109|7|7|When he is judged, let the decision go against him; and may his prayer become sin.|en
3640|109|8|8|願他的年日短少！願別人得他的職分！|zh
3641|109|8|8|Let his life be short; let another take his position of authority.|en
3642|109|9|9|願他的兒女為孤兒，他的妻子為寡婦！|zh
3643|109|9|9|Let his children have no father, and his wife be made a widow.|en
3644|109|10|10|願他的兒女漂流討飯，從他們荒涼之處出來求食！|zh
3645|109|10|10|Let his children be wanderers, looking to others for their food; let them be sent away from the company of their friends.|en
3646|109|11|11|願強暴的債主牢籠他一切所有的！願外人搶他勞碌得來的！|zh
3647|109|11|11|Let his creditor take all his goods; and let others have the profit of his work.|en
3648|109|12|12|願無人向他延綿施恩！願無人可憐他的孤兒！|zh
3649|109|12|12|Let no man have pity on him, or give help to his children when he is dead.|en
3650|109|13|13|願他的後人斷絕，名字被塗抹，不傳於下代！|zh
3651|109|13|13|Let his seed be cut off; in the coming generation let their name go out of memory.|en
3652|109|14|14|願他祖宗的罪孽被耶和華記念！願他母親的罪過不被塗抹！|zh
3653|109|14|14|Let the Lord keep in mind the wrongdoing of his fathers; and may the sin of his mother have no forgiveness.|en
3654|109|15|15|願這些罪常在耶和華面前，使他的名號斷絕於世！|zh
3655|109|15|15|Let them be ever before the eyes of the Lord, so that the memory of them may be cut off from the earth.|en
3656|109|16|16|因為他不想施恩，卻逼迫困苦窮乏的和傷心的人，要把他們治死。|zh
3657|109|16|16|Because he had no mercy, but was cruel to the low and the poor, designing the death of the broken-hearted.|en
3658|109|17|17|他愛咒罵，咒罵就臨到他；他不喜愛福樂，福樂就與他遠離！|zh
3659|109|17|17|As he took pleasure in cursing, so let it come on him; and as he had no delight in blessing, let it be far from him.|en
3660|109|18|18|他拿咒罵當衣服穿上；這咒罵就如水進他裡面，像油入他的骨頭。|zh
3661|109|18|18|He put on cursing like a robe, and it has come into his body like water, and into his bones like oil.|en
3662|109|19|19|願這咒罵當他遮身的衣服，當他常束的腰帶！|zh
3663|109|19|19|Let it be to him as a robe which he puts on, let it be like a band which is round him at all times.|en
3664|109|20|20|這就是我對頭和用惡言議論我的人從耶和華那裡所受的報應。|zh
3665|109|20|20|Let this be the reward given to my haters from the Lord, and to those who say evil of my soul.|en
3666|109|21|21|主─耶和華啊，求你為你的名恩待我；因你的慈愛美好，求你搭救我！|zh
3667|109|21|21|But, O Lord God, give me your help, because of your name; take me out of danger, because your mercy is good.|en
3668|109|22|22|因為我困苦窮乏，內心受傷。|zh
3669|109|22|22|For I am poor and in need, and my heart is wounded in me.|en
3670|109|23|23|我如日影漸漸偏斜而去；我如蝗蟲被抖出來。|zh
3671|109|23|23|I am gone like the shade when it is stretched out: I am forced out of my place like a locust.|en
3672|109|24|24|我因禁食，膝骨軟弱；我身上的肉也漸漸瘦了。|zh
3673|109|24|24|My knees are feeble for need of food; there is no fat on my bones.|en
3674|109|25|25|我受他們的羞辱，他們看見我便搖頭。|zh
3675|109|25|25|As for me, they make sport of me; shaking their heads when they see me.|en
3676|109|26|26|耶和華─我的神啊，求你幫助我，照你的慈愛拯救我，|zh
3677|109|26|26|Give me help, O Lord my God; in your mercy be my saviour;|en
3678|109|27|27|使他們知道這是你的手，是你─耶和華所行的事。|zh
3679|109|27|27|So that they may see that it is the work of your hand; that you, Lord, have done it.|en
3680|109|28|28|任憑他們咒罵，惟願你賜福；他們幾時起來就必蒙羞，你的僕人卻要歡喜。|zh
3681|109|28|28|They may give curses but you give blessing; when they come up against me, put them to shame; but let your servant be glad.|en
3682|109|29|29|願我的對頭披戴羞辱！願他們以自己的羞愧為外袍遮身！|zh
3683|109|29|29|Let my haters be clothed with shame, covering themselves with shame as with a robe.|en
3684|109|30|30|我要用口極力稱謝耶和華；我要在眾人中間讚美他；|zh
3685|109|30|30|I will give the Lord great praise with my mouth; yes, I will give praise to him among all the people.|en
3686|109|31|31|因為他必站在窮乏人的右邊，要救他脫離審判他靈魂的人。|zh
3687|109|31|31|For he is ever at the right hand of the poor, to take him out of the hands of those who go after his soul.|en
3688|110|1|1|（大衛的詩。）耶和華對我主說：你坐在我的右邊，等我使你仇敵作你的腳凳。|zh
3689|110|1|1|- A Psalm. Of David. - The Lord said to my lord, Be seated at my right hand, till I put all those who are against you under your feet.|en
3690|110|2|2|耶和華必使你從錫安伸出能力的杖來；你要在你仇敵中掌權。|zh
3691|110|2|2|The Lord will send out the rod of your strength from Zion; be king over your haters.|en
3692|110|3|3|當你掌權的日子（或譯：行軍的日子），你的民要以聖潔的妝飾為衣（或譯：以聖潔為妝飾），甘心犧牲自己；你的民多如清晨的甘露（或譯：你少年時光耀如清晨的甘露）。|zh
3693|110|3|3|Your people give themselves gladly in the day of your power; like the dew of the morning on the holy mountains is the army of your young men.|en
3694|110|4|4|耶和華起了誓，決不後悔，說：你是照著麥基洗德的等次永遠為祭司。|zh
3695|110|4|4|The Lord has made an oath, and will not take it back. You are a priest for ever, after the order of Melchizedek.|en
3696|110|5|5|在你右邊的主，當他發怒的日子，必打傷列王。|zh
3697|110|5|5|In the day of his wrath kings will be wounded by the Lord at your right hand.|en
3698|110|6|6|他要在列邦中刑罰惡人，屍首就遍滿各處；他要在許多國中打破仇敵的頭。|zh
3699|110|6|6|He will be judge among the nations, the valleys will be full of dead bodies; the head over a great country will be wounded by him.|en
3700|110|7|7|他要喝路旁的河水，因此必抬起頭來。|zh
3701|110|7|7|He will take of the stream by the way; so his head will be lifted up.|en
3702|111|1|1|你們要讚美耶和華！我要在正直人的大會中，並公會中，一心稱謝耶和華。|zh
3703|111|1|1|Let the Lord be praised. I will give praise to the Lord with all my heart, among the upright, and in the meeting of the people.|en
3704|111|2|2|耶和華的作為本為大；凡喜愛的都必考察。|zh
3705|111|2|2|The works of the Lord are great, searched out by all those who have delight in them.|en
3706|111|3|3|他所行的是尊榮和威嚴；他的公義存到永遠。|zh
3707|111|3|3|His work is full of honour and glory; and his righteousness is unchanging for ever.|en
3708|111|4|4|他行了奇事，使人記念；耶和華有恩惠，有憐憫。|zh
3709|111|4|4|Certain for ever is the memory of his wonders: the Lord is full of pity and mercy.|en
3710|111|5|5|他賜糧食給敬畏他的人；他必永遠記念他的約。|zh
3711|111|5|5|He has given food to his worshippers; he will keep his agreement in mind for ever.|en
3712|111|6|6|他向百姓顯出大能的作為，把外邦的地賜給他們為業。|zh
3713|111|6|6|He has made clear to his people the power of his works, giving them the heritage of the nations.|en
3714|111|7|7|他手所行的是誠實公平；他的訓詞都是確實的，|zh
3715|111|7|7|The works of his hands are faith and righteousness; all his laws are unchanging.|en
3716|111|8|8|是永永遠遠堅定的，是按誠實正直設立的。|zh
3717|111|8|8|They are fixed for ever and ever, they are done in faith and righteousness.|en
3718|111|9|9|他向百姓施行救贖，命定他的約，直到永遠；他的名聖而可畏。|zh
3719|111|9|9|He has sent salvation to his people; he has given his word for ever: holy is his name and greatly to be feared.|en
3720|111|10|10|敬畏耶和華是智慧的開端；凡遵行他命令的是聰明人。耶和華是永遠當讚美的！|zh
3721|111|10|10|The fear of the Lord is the best part of wisdom: all those who keep his laws are wise: his praise is eternal.|en
3722|112|1|1|你們要讚美耶和華！敬畏耶和華，甚喜愛他命令的，這人便為有福！|zh
3723|112|1|1|Let the Lord be praised. Happy is the man who gives honour to the Lord, and has great delight in his laws.|en
3724|112|2|2|他的後裔在世必強盛；正直人的後代必要蒙福。|zh
3725|112|2|2|His seed will be strong on the earth; blessings will be on the generation of the upright.|en
3726|112|3|3|他家中有貨物，有錢財；他的公義存到永遠。|zh
3727|112|3|3|A store of wealth will be in his house, and his righteousness will be for ever.|en
3728|112|4|4|正直人在黑暗中，有光向他發現；他有恩惠，有憐憫，有公義。|zh
3729|112|4|4|For the upright there is a light shining in the dark; he is full of grace and pity.|en
3730|112|5|5|施恩與人、借貸與人的，這人事情順利；他被審判的時候要訴明自己的冤。|zh
3731|112|5|5|All is well for the man who is kind and gives freely to others; he will make good his cause when he is judged.|en
3732|112|6|6|他永不動搖；義人被記念，直到永遠。|zh
3733|112|6|6|He will not ever be moved; the memory of the upright will be living for ever.|en
3734|112|7|7|他必不怕凶惡的信息；他心堅定，倚靠耶和華。|zh
3735|112|7|7|He will have no fear of evil news; his heart is fixed, for his hope is in the Lord.|en
3736|112|8|8|他心確定，總不懼怕，直到他看見敵人遭報。|zh
3737|112|8|8|His heart is resting safely, he will have no fear, till he sees trouble come on his haters.|en
3738|112|9|9|他施捨錢財，賙濟貧窮；他的仁義存到永遠。他的角必被高舉，大有榮耀。|zh
3739|112|9|9|He has given with open hands to the poor; his righteousness is for ever; his horn will be lifted up with honour.|en
3740|112|10|10|惡人看見便惱恨，必咬牙而消化；惡人的心願要歸滅絕。|zh
3741|112|10|10|The sinner will see it with grief; he will be wasted away with envy; the desire of the evil-doers will come to nothing.|en
3742|113|1|1|你們要讚美耶和華！耶和華的僕人哪，你們要讚美，讚美耶和華的名！|zh
3743|113|1|1|Let the Lord be praised. O you servants of the Lord, give praise to the name of the Lord.|en
3744|113|2|2|耶和華的名是應當稱頌的，從今時直到永遠！|zh
3745|113|2|2|Let blessing be on the name of the Lord, from this time and for ever.|en
3746|113|3|3|從日出之地到日落之處，耶和華的名是應當讚美的！|zh
3747|113|3|3|From the coming up of the sun to its going down, the Lord's name is to be praised.|en
3748|113|4|4|耶和華超乎萬民之上；他的榮耀高過諸天。|zh
3749|113|4|4|The Lord is high over all nations, and his glory is higher than the heavens.|en
3750|113|5|5|誰像耶和華─我們的神呢？他坐在至高之處，|zh
3751|113|5|5|Who is like the Lord our God, who is seated on high,|en
3752|113|6|6|自己謙卑，觀看天上地下的事。|zh
3753|113|6|6|Looking down on the heavens, and on the earth?|en
3754|113|7|7|他從灰塵裡抬舉貧寒人，從糞堆中提拔窮乏人，|zh
3755|113|7|7|He takes the poor man out of the dust, lifting him up from his low position;|en
3756|113|8|8|使他們與王子同坐，就是與本國的王子同坐。|zh
3757|113|8|8|To give him a place among the rulers, even with the rulers of his people.|en
3758|113|9|9|他使不能生育的婦人安居家中，為多子的樂母。你們要讚美耶和華！|zh
3759|113|9|9|He gives the unfertile woman a family, making her a happy mother of children. Give praise to the Lord.|en
3760|114|1|1|以色列出了埃及，雅各家離開說異言之民；|zh
3761|114|1|1|When Israel came out of Egypt, the children of Jacob from a people whose language was strange to them;|en
3762|114|2|2|那時，猶大為主的聖所，以色列為他所治理的國度。|zh
3763|114|2|2|Judah became his holy place, and Israel his kingdom.|en
3764|114|3|3|滄海看見就奔逃；約但河也倒流。|zh
3765|114|3|3|The sea saw it, and went in flight; Jordan was turned back.|en
3766|114|4|4|大山踴躍，如公羊；小山跳舞，如羊羔。|zh
3767|114|4|4|The mountains were jumping like goats, and the little hills like lambs.|en
3768|114|5|5|滄海啊，你為何奔逃？約但哪，你為何倒流？|zh
3769|114|5|5|What was wrong with you, O sea, that you went in flight? O Jordan, that you were turned back?|en
3770|114|6|6|大山哪，你為何踴躍，如公羊？小山哪，你為何跳舞，如羊羔？|zh
3771|114|6|6|You mountains, why were you jumping like goats, and you little hills like lambs?|en
3772|114|7|7|大地啊，你因見主的面，就是雅各神的面，便要震動。|zh
3773|114|7|7|Be troubled, O earth, before the Lord, before the God of Jacob;|en
3774|114|8|8|他叫磐石變為水池，叫堅石變為泉源。|zh
3775|114|8|8|Who made the rock into a water-spring, and the hard stone into a fountain.|en
3776|115|1|1|耶和華啊，榮耀不要歸與我們，不要歸與我們；要因你的慈愛和誠實歸在你的名下！|zh
3777|115|1|1|Not to us, O Lord, not to us, but to your name let glory be given, because of your mercy and your unchanging faith.|en
3778|115|2|2|為何容外邦人說：他們的神在哪裡呢？|zh
3779|115|2|2|Why may the nations say, Where is now their God?|en
3780|115|3|3|然而，我們的神在天上，都隨自己的意旨行事。|zh
3781|115|3|3|But our God is in heaven: he has done whatever was pleasing to him.|en
3782|115|4|4|他們的偶像是金的，銀的，是人手所造的，|zh
3783|115|4|4|Their images are silver and gold, the work of men's hands.|en
3784|115|5|5|有口卻不能言，有眼卻不能看，|zh
3785|115|5|5|They have mouths, but no voice; they have eyes, but they see not;|en
3786|115|6|6|有耳卻不能聽，有鼻卻不能聞，|zh
3787|115|6|6|They have ears, but no hearing; they have noses, but no sense of smell;|en
3788|115|7|7|有手卻不能摸，有腳卻不能走，有喉嚨也不能出聲。|zh
3789|115|7|7|They have hands without feeling, and feet without power of walking; and no sound comes from their throat.|en
3790|115|8|8|造他的要和他一樣；凡靠他的也要如此。|zh
3791|115|8|8|Those who make them are like them; and so is everyone who puts his faith in them.|en
3792|115|9|9|以色列啊，你要倚靠耶和華！他是你的幫助和你的盾牌。|zh
3793|115|9|9|O Israel, have faith in the Lord: he is their help and their breastplate.|en
3794|115|10|10|亞倫家啊，你們要倚靠耶和華！他是你們的幫助和你們的盾牌。|zh
3795|115|10|10|O house of Aaron, have faith in the Lord: he is their help and their breastplate.|en
3796|115|11|11|你們敬畏耶和華的，要倚靠耶和華！他是你們的幫助和你們的盾牌。|zh
3797|115|11|11|You worshippers of the Lord, have faith in the Lord: he is their help and their breastplate.|en
3798|115|12|12|耶和華向來眷念我們；他還要賜福給我們：要賜福給以色列的家，賜福給亞倫的家。|zh
3799|115|12|12|The Lord has kept us in mind and will give us his blessing; he will send blessings on the house of Israel and on the house of Aaron.|en
3800|115|13|13|凡敬畏耶和華的，無論大小，主必賜福給他。|zh
3801|115|13|13|He will send blessings on the worshippers of the Lord, on the small and on the great.|en
3802|115|14|14|願耶和華叫你們和你們的子孫日見加增。|zh
3803|115|14|14|May the Lord give you and your children still greater increase.|en
3804|115|15|15|你們蒙了造天地之耶和華的福！|zh
3805|115|15|15|May you have the blessing of the Lord, who made heaven and earth.|en
3806|115|16|16|天，是耶和華的天；地，他卻給了世人。|zh
3807|115|16|16|The heavens are the Lord's; but the earth he has given to the children of men.|en
3808|115|17|17|死人不能讚美耶和華；下到寂靜中的也都不能。|zh
3809|115|17|17|The dead do not give praise to the Lord; or those who go down to the underworld.|en
3810|115|18|18|但我們要稱頌耶和華，從今時直到永遠。你們要讚美耶和華！|zh
3811|115|18|18|But we will give praise to the Lord now and for ever. Praise be to the Lord.|en
3812|116|1|1|我愛耶和華，因為他聽了我的聲音和我的懇求。|zh
3813|116|1|1|I have given my love to the Lord, because he has given ear to the voice of my cry and my prayer.|en
3814|116|2|2|他既向我側耳，我一生要求告他。|zh
3815|116|2|2|He has let my request come before him, and I will make my prayer to him all my days.|en
3816|116|3|3|死亡的繩索纏繞我；陰間的痛苦抓住我；我遭遇患難愁苦。|zh
3817|116|3|3|The nets of death were round me, and the pains of the underworld had me in their grip; I was full of trouble and sorrow.|en
3818|116|4|4|那時，我便求告耶和華的名，說：耶和華啊，求你救我的靈魂！|zh
3819|116|4|4|Then I made my prayer to the Lord, saying, O Lord, take my soul out of trouble.|en
3820|116|5|5|耶和華有恩惠，有公義；我們的神以憐憫為懷。|zh
3821|116|5|5|The Lord is full of grace and righteousness; truly, he is a God of mercy.|en
3822|116|6|6|耶和華保護愚人；我落到卑微的地步，他救了我。|zh
3823|116|6|6|The Lord keeps the simple; I was made low, and he was my saviour.|en
3824|116|7|7|我的心哪！你要仍歸安樂，因為耶和華用厚恩待你。|zh
3825|116|7|7|Come back to your rest, O my soul; for the Lord has given you your reward.|en
3826|116|8|8|主啊，你救我的命免了死亡，救我的眼免了流淚，救我的腳免了跌倒。|zh
3827|116|8|8|You have taken my soul from the power of death, keeping my eyes from weeping, and my feet from falling.|en
3828|116|9|9|我要在耶和華面前行活人之路。|zh
3829|116|9|9|I will go before the Lord in the land of the living.|en
3830|116|10|10|我因信，所以如此說話；我受了極大的困苦。|zh
3831|116|10|10|I still had faith, though I said, I am in great trouble;|en
3832|116|11|11|我曾急促地說：人都是說謊的！|zh
3833|116|11|11|Though I said in my fear, All men are false.|en
3834|116|12|12|我拿甚麼報答耶和華向我所賜的一切厚恩？|zh
3835|116|12|12|What may I give to the Lord for all the good things which he has done for me?|en
3836|116|13|13|我要舉起救恩的杯，稱揚耶和華的名。|zh
3837|116|13|13|I will take the cup of salvation, and give praise to the name of the Lord.|en
3838|116|14|14|我要在他眾民面前向耶和華還我的願。|zh
3839|116|14|14|I will make the offering of my oath to the Lord, even before all his people.|en
3840|116|15|15|在耶和華眼中，看聖民之死極為寶貴。|zh
3841|116|15|15|Dear in the eyes of the Lord is the death of his saints.|en
3842|116|16|16|耶和華啊，我真是你的僕人；我是你的僕人，是你婢女的兒子。你已經解開我的綁索。|zh
3843|116|16|16|O Lord, truly I am your servant; I am your servant, the son of her who is your servant; by you have my cords been broken.|en
3844|116|17|17|我要以感謝為祭獻給你，又要求告耶和華的名。|zh
3845|116|17|17|I will give an offering of praise to you, and make my prayer in the name of the Lord.|en
3846|116|18|18,19 |我要在他眾民面前，在耶和華殿的院內，在耶路撒冷當中，向耶和華還我的願。你們要讚美耶和華！|zh
3847|116|18|18|I will make the offerings of my oath, even before all his people;|en
3848|116|19|19|In the Lord's house, even in Jerusalem. Praise be to the Lord.|en
3849|117|1|1|萬國啊，你們都當讚美耶和華！萬民哪，你們都當頌讚他！|zh
3850|117|1|1|Let all the nations give praise to the Lord: let all the people give him praise.|en
3851|117|2|2|因為他向我們大施慈愛；耶和華的誠實存到永遠。你們要讚美耶和華！|zh
3852|117|2|2|For great is his mercy to us, and his faith is unchanging for ever. Praise be to the Lord.|en
3853|118|1|1|你們要稱謝耶和華，因他本為善；他的慈愛永遠長存！|zh
3854|118|1|1|O give praise to the Lord, for he is good: for his mercy is unchanging for ever.|en
3855|118|2|2|願以色列說：他的慈愛永遠長存！|zh
3856|118|2|2|Let Israel now say, that his mercy is unchanging for ever.|en
3857|118|3|3|願亞倫的家說：他的慈愛永遠長存！|zh
3858|118|3|3|Let the house of Aaron now say, that his mercy is unchanging for ever.|en
3859|118|4|4|願敬畏耶和華的說：他的慈愛永遠長存！|zh
3860|118|4|4|Let all worshippers of the Lord now say, that his mercy is unchanging for ever.|en
3861|118|5|5|我在急難中求告耶和華，他就應允我，把我安置在寬闊之地。|zh
3862|118|5|5|I made my prayer to the Lord in my trouble: and the Lord gave me an answer, and put me in a wide place.|en
3863|118|6|6|有耶和華幫助我，我必不懼怕，人能把我怎麼樣呢？|zh
3864|118|6|6|The Lord is on my side; I will have no fear: what is man able to do to me?|en
3865|118|7|7|在那幫助我的人中，有耶和華幫助我，所以我要看見那恨我的人遭報。|zh
3866|118|7|7|The Lord is my great helper: I will see my desire against my haters.|en
3867|118|8|8|投靠耶和華，強似倚賴人；|zh
3868|118|8|8|It is better to have faith in the Lord than to put one's hope in man.|en
3869|118|9|9|投靠耶和華，強似倚賴王子。|zh
3870|118|9|9|It is better to have faith in the Lord than to put one's hope in rulers.|en
3871|118|10|10|萬民圍繞我，我靠耶和華的名必剿滅他們。|zh
3872|118|10|10|All the nations have come round me; but in the name of the Lord I will have them cut down.|en
3873|118|11|11|他們環繞我，圍困我，我靠耶和華的名必剿滅他們。|zh
3874|118|11|11|They are round me, yes, they are all about me; but in the name of the Lord I will have them cut down.|en
3875|118|12|12|他們如同蜂子圍繞我，好像燒荊棘的火，必被熄滅；我靠耶和華的名，必剿滅他們。|zh
3876|118|12|12|They are round me like bees; but they are put out like a fire among thorns; for in the name of the Lord I will have them cut down.|en
3877|118|13|13|你推我，要叫我跌倒，但耶和華幫助了我。|zh
3878|118|13|13|I have been hard pushed by you, so that I might have a fall: but the Lord was my helper.|en
3879|118|14|14|耶和華是我的力量，是我的詩歌；他也成了我的拯救。|zh
3880|118|14|14|The Lord is my strength and my song; he has become my salvation.|en
3881|118|15|15|在義人的帳棚裡，有歡呼拯救的聲音；耶和華的右手施展大能。|zh
3882|118|15|15|The sound of joy and salvation is in the tents of the upright; the right hand of the Lord does works of power.|en
3883|118|16|16|耶和華的右手高舉；耶和華的右手施展大能。|zh
3884|118|16|16|The right hand of the Lord is lifted up; the right hand of the Lord does works of power.|en
3885|118|17|17|我必不致死，仍要存活，並要傳揚耶和華的作為。|zh
3886|118|17|17|Life and not death will be my part, and I will give out the story of the works of the Lord.|en
3887|118|18|18|耶和華雖嚴嚴地懲治我，卻未曾將我交於死亡。|zh
3888|118|18|18|The hand of Jah has been hard on me; but he has not given me up to death.|en
3889|118|19|19|給我敞開義門；我要進去稱謝耶和華！|zh
3890|118|19|19|Let the doors of righteousness be open to me; I will go in and give praise to the Lord.|en
3891|118|20|20|這是耶和華的門；義人要進去！|zh
3892|118|20|20|This is the door of the Lord's house; the workers of righteousness will go in through it.|en
3893|118|21|21|我要稱謝你，因為你已經應允我，又成了我的拯救！|zh
3894|118|21|21|I will give you praise, for you have given me an answer, and have become my salvation.|en
3895|118|22|22|匠人所棄的石頭已成了房角的頭塊石頭。|zh
3896|118|22|22|The stone which the builders put on one side has become the chief stone of the building.|en
3897|118|23|23|這是耶和華所做的，在我們眼中看為希奇。|zh
3898|118|23|23|This is the Lord's doing; it is a wonder in our eyes.|en
3899|118|24|24|這是耶和華所定的日子，我們在其中要高興歡喜！|zh
3900|118|24|24|This is the day which the Lord has made; we will be full of joy and delight in it.|en
3901|118|25|25|耶和華啊，求你拯救！耶和華啊，求你使我們亨通！|zh
3902|118|25|25|Send salvation now, O Lord; Lord, send us your blessing.|en
3903|118|26|26|奉耶和華名來的是應當稱頌的！我們從耶和華的殿中為你們祝福！|zh
3904|118|26|26|A blessing be on him who comes in the name of the Lord; we give you blessing from the house of the Lord.|en
3905|118|27|27|耶和華是神；他光照了我們。理當用繩索把祭牲拴住，牽到壇角那裡。|zh
3906|118|27|27|The Lord is God, and he has given us light; let the holy dance be ordered with branches, even up to the horns of the altar.|en
3907|118|28|28|你是我的神，我要稱謝你！你是我的神，我要尊崇你！|zh
3908|118|28|28|You are my God, and I will give you praise; my God, and I will give honour to your name.|en
3909|118|29|29|你們要稱謝耶和華，因他本為善；他的慈愛永遠長存！|zh
3910|118|29|29|O give praise to the Lord, for he is good: for his mercy is unchanging for ever.|en
3911|119|1|1|行為完全、遵行耶和華律法的，這人便為有福！|zh
3912|119|1|1|#NAME?|en
3913|119|2|2|遵守他的法度、一心尋求他的，這人便為有福！|zh
3914|119|2|2|Happy are they who keep his unchanging word, searching after him with all their heart.|en
3915|119|3|3|這人不做非義的事，但遵行他的道。|zh
3916|119|3|3|They do no evil; they go in his ways.|en
3917|119|4|4|耶和華啊，你曾將你的訓詞吩咐我們，為要我們殷勤遵守。|zh
3918|119|4|4|You have put your orders into our hearts, so that we might keep them with care.|en
3919|119|5|5|但願我行事堅定，得以遵守你的律例。|zh
3920|119|5|5|If only my ways were ordered so that I might keep your rules!|en
3921|119|6|6|我看重你的一切命令，就不至於羞愧。|zh
3922|119|6|6|Then I would not be put to shame, as long as I have respect for all your teaching.|en
3923|119|7|7|我學了你公義的判語，就要以正直的心稱謝你。|zh
3924|119|7|7|I will give you praise with an upright heart in learning your right decisions.|en
3925|119|8|8|我必守你的律例；求你總不要丟棄我！|zh
3926|119|8|8|I will keep your rules: O give me not up completely.|en
3927|119|9|9|少年人用甚麼潔淨他的行為呢？是要遵行你的話！|zh
3928|119|9|9|#NAME?|en
3929|119|10|10|我一心尋求了你；求你不要叫我偏離你的命令。|zh
3930|119|10|10|I have made search for you with all my heart: O let me not go wandering far from your teaching.|en
3931|119|11|11|我將你的話藏在心裡，免得我得罪你。|zh
3932|119|11|11|I have kept your sayings secretly in my heart, so that I might do no sin against you.|en
3933|119|12|12|耶和華啊，你是應當稱頌的！求你將你的律例教訓我！|zh
3934|119|12|12|Praise be to you, O Lord: give me knowledge of your rules.|en
3935|119|13|13|我用嘴唇傳揚你口中的一切典章。|zh
3936|119|13|13|With my lips have I made clear all the decisions of your mouth.|en
3937|119|14|14|我喜悅你的法度，如同喜悅一切的財物。|zh
3938|119|14|14|I have taken as much delight in the way of your unchanging word, as in all wealth.|en
3939|119|15|15|我要默想你的訓詞，看重你的道路。|zh
3940|119|15|15|I will give thought to your orders, and have respect for your ways.|en
3941|119|16|16|我要在你的律例中自樂；我不忘記你的話。|zh
3942|119|16|16|I will have delight in your rules; I will not let your word go out of my mind.|en
3943|119|17|17|求你用厚恩待你的僕人，使我存活，我就遵守你的話。|zh
3944|119|17|17|- GIMEL - Give me, your servant, the reward of life, so that I may keep your word;|en
3945|119|18|18|求你開我的眼睛，使我看出你律法中的奇妙。|zh
3946|119|18|18|Let my eyes be open to see the wonders of your law.|en
3947|119|19|19|我是在地上作寄居的；求你不要向我隱瞞你的命令！|zh
3948|119|19|19|I am living in a strange land: do not let your teachings be kept secret from me.|en
3949|119|20|20|我時常切慕你的典章，甚至心碎。|zh
3950|119|20|20|My soul is broken with desire for your decisions at all times.|en
3951|119|21|21|受咒詛、偏離你命令的驕傲人，你已經責備他們。|zh
3952|119|21|21|Your hand has been against the men of pride, a curse is on those who go wandering out of your way.|en
3953|119|22|22|求你除掉我所受的羞辱和藐視，因我遵守你的法度。|zh
3954|119|22|22|Take away from me shame and bitter words; for I have kept your unchanging word in my heart.|en
3955|119|23|23|雖有首領坐著妄論我，你僕人卻思想你的律例。|zh
3956|119|23|23|Rulers make evil designs against me; but your servant gives thought to your rules.|en
3957|119|24|24|你的法度是我所喜樂的，是我的謀士。|zh
3958|119|24|24|Your unchanging word is my delight, and the guide of my footsteps.|en
3959|119|25|25|我的性命幾乎歸於塵土；求你照你的話將我救活！|zh
3960|119|25|25|#NAME?|en
3961|119|26|26|我述說我所行的，你應允了我；求你將你的律例教訓我！|zh
3962|119|26|26|I put the record of my ways before you, and you gave me an answer: O give me knowledge of your rules.|en
3963|119|27|27|求你使我明白你的訓詞，我就思想你的奇事。|zh
3964|119|27|27|Make the way of your orders clear to me; then my thoughts will be ever on your wonders.|en
3965|119|28|28|我的心因愁苦而消化；求你照你的話使我堅立！|zh
3966|119|28|28|My soul is wasted with sorrow; give me strength again in keeping with your word|en
3967|119|29|29|求你使我離開奸詐的道，開恩將你的律法賜給我！|zh
3968|119|29|29|Take from me every false way; and in mercy give me your law.|en
3969|119|30|30|我揀選了忠信的道，將你的典章擺在我面前。|zh
3970|119|30|30|I have taken the way of faith: I have kept your decisions before me.|en
3971|119|31|31|我持守你的法度；耶和華啊，求你不要叫我羞愧！|zh
3972|119|31|31|I have been true to your unchanging word; O Lord, do not put me to shame.|en
3973|119|32|32|你開廣我心的時候，我就往你命令的道上直奔。|zh
3974|119|32|32|I will go quickly in the way of your teaching, because you have given me a free heart.|en
3975|119|33|33|耶和華啊，求你將你的律例指教我，我必遵守到底！|zh
3976|119|33|33|#NAME?|en
3977|119|34|34|求你賜我悟性，我便遵守你的律法，且要一心遵守。|zh
3978|119|34|34|Give me wisdom, so that I may keep your law; going after it with all my heart.|en
3979|119|35|35|求你叫我遵行你的命令，因為這是我所喜樂的。|zh
3980|119|35|35|Make me go in the way of your teachings; for they are my delight.|en
3981|119|36|36|求你使我的心趨向你的法度，不趨向非義之財。|zh
3982|119|36|36|Let my heart be turned to your unchanging word, and not to evil desire.|en
3983|119|37|37|求你叫我轉眼不看虛假，又叫我在你的道中生活。|zh
3984|119|37|37|Let my eyes be turned away from what is false; give me life in your ways.|en
3985|119|38|38|你向敬畏你的人所應許的話，求你向僕人堅定！|zh
3986|119|38|38|Give effect to your word to your servant, in whose heart is the fear of you.|en
3987|119|39|39|求你使我所怕的羞辱遠離我，因你的典章本為美。|zh
3988|119|39|39|Take away the shame which is my fear; for your decisions are good.|en
3989|119|40|40|我羨慕你的訓詞；求你使我在你的公義上生活！|zh
3990|119|40|40|See how great is my desire for your orders: give me life in your righteousness.|en
3991|119|41|41|耶和華啊，願你照你的話，使你的慈愛，就是你的救恩，臨到我身上，|zh
3992|119|41|41|#NAME?|en
3993|119|42|42|我就有話回答那羞辱我的，因我倚靠你的話。|zh
3994|119|42|42|So that I may have an answer for the man who would put me to shame; for I have faith in your word.|en
3995|119|43|43|求你叫真理的話總不離開我口，因我仰望你的典章。|zh
3996|119|43|43|Take not your true word quite out of my mouth; for I have put my hope in your decisions.|en
3997|119|44|44|我要常守你的律法，直到永永遠遠。|zh
3998|119|44|44|So that I may keep your law for ever and ever;|en
3999|119|45|45|我要自由而行（或譯：我要行在寬闊之地），因我素來考究你的訓詞。|zh
4000|119|45|45|So that my way may be in a wide place: because my search has been for your orders.|en
4001|119|46|46|我也要在君王面前論說你的法度，並不至於羞愧。|zh
4002|119|46|46|So that I may give knowledge of your unchanging word before kings, and not be put to shame.|en
4003|119|47|47|我要在你的命令中自樂；這命令素來是我所愛的。|zh
4004|119|47|47|And so that I may take delight in your teachings, to which I have given my love.|en
4005|119|48|48|我又要遵行（原文是舉手）你的命令，這命令素來是我所愛的；我也要思想你的律例。|zh
4006|119|48|48|And so that my hands may be stretched out to you; and I will give thought to your rules.|en
4007|119|49|49|求你記念向你僕人所應許的話，叫我有盼望。|zh
4008|119|49|49|#NAME?|en
4009|119|50|50|這話將我救活了；我在患難中，因此得安慰。|zh
4010|119|50|50|This is my comfort in my trouble; that your sayings have given me life.|en
4011|119|51|51|驕傲的人甚侮慢我，我卻未曾偏離你的律法。|zh
4012|119|51|51|The men of pride have made great sport of me; but I have not been turned from your law.|en
4013|119|52|52|耶和華啊，我記念你從古以來的典章，就得了安慰。|zh
4014|119|52|52|I have kept the memory of your decisions from times past, O Lord; and they have been my comfort.|en
4015|119|53|53|我見惡人離棄你的律法，就怒氣發作，猶如火燒。|zh
4016|119|53|53|I am burning with wrath, because of the sinners who have given up your law.|en
4017|119|54|54|我在世寄居，素來以你的律例為詩歌。|zh
4018|119|54|54|Your rules have been melodies to me, while I have been living in strange lands.|en
4019|119|55|55|耶和華啊，我夜間記念你的名，遵守你的律法。|zh
4020|119|55|55|I have given thought to your name in the night, O Lord, and have kept your law.|en
4021|119|56|56|我所以如此，是因我守你的訓詞。|zh
4022|119|56|56|This has been true of me, that I have kept your orders in my heart.|en
4023|119|57|57|耶和華是我的福分；我曾說，我要遵守你的言語。|zh
4024|119|57|57|#NAME?|en
4025|119|58|58|我一心求過你的恩；願你照你的話憐憫我！|zh
4026|119|58|58|I have given my mind to do your pleasure with all my heart; have mercy on me, as you have said.|en
4027|119|59|59|我思想我所行的道，就轉步歸向你的法度。|zh
4028|119|59|59|I gave thought to my steps, and my feet were turned into the way of your unchanging word.|en
4029|119|60|60|我急忙遵守你的命令，並不遲延。|zh
4030|119|60|60|I was quick to do your orders, and let no time be wasted.|en
4031|119|61|61|惡人的繩索纏繞我，我卻沒有忘記你的律法。|zh
4032|119|61|61|The cords of evil-doers are round me; but I have kept in mind your law.|en
4033|119|62|62|我因你公義的典章，半夜必起來稱謝你。|zh
4034|119|62|62|In the middle of the night I will get up to give you praise, because of all your right decisions.|en
4035|119|63|63|凡敬畏你、守你訓詞的人，我都與他作伴。|zh
4036|119|63|63|I keep company with all your worshippers, and those who have your orders in their memory.|en
4037|119|64|64|耶和華啊，你的慈愛遍滿大地；求你將你的律例教訓我！|zh
4038|119|64|64|The earth, O Lord, is full of your mercy: give me knowledge of your rules.|en
4039|119|65|65|耶和華啊，你向來是照你的話善待僕人。|zh
4040|119|65|65|#NAME?|en
4041|119|66|66|求你將精明和知識賜給我，因我信了你的命令。|zh
4042|119|66|66|Give me knowledge and good sense; for I have put my faith in your teachings.|en
4043|119|67|67|我未受苦以先走迷了路，現在卻遵守你的話。|zh
4044|119|67|67|Before I was in trouble I went out of the way; but now I keep your word.|en
4045|119|68|68|你本為善，所行的也善；求你將你的律例教訓我！|zh
4046|119|68|68|You are good, and your works are good; give me knowledge of your rules.|en
4047|119|69|69|驕傲人編造謊言攻擊我，我卻要一心守你的訓詞。|zh
4048|119|69|69|The men of pride have said false things about me; but I will keep your orders in my heart.|en
4049|119|70|70|他們心蒙脂油，我卻喜愛你的律法。|zh
4050|119|70|70|Their hearts are shut up with fat; but my delight is in your law.|en
4051|119|71|71|我受苦是與我有益，為要使我學習你的律例。|zh
4052|119|71|71|It is good for me to have been through trouble; so that I might come to the knowledge of your rules.|en
4053|119|72|72|你口中的訓言（或譯：律法）與我有益，勝於千萬的金銀。|zh
4054|119|72|72|The law of your mouth is better to me than thousands of gold and silver.|en
4055|119|73|73|你的手製造我，建立我；求你賜我悟性，可以學習你的命令！|zh
4056|119|73|73|#NAME?|en
4057|119|74|74|敬畏你的人見我就要歡喜，因我仰望你的話。|zh
4058|119|74|74|Your worshippers will see me and be glad; because my hope has been in your word.|en
4059|119|75|75|耶和華啊，我知道你的判語是公義的；你使我受苦是以誠實待我。|zh
4060|119|75|75|I have seen, O Lord, that your decisions are right, and that in unchanging faith you have sent trouble on me.|en
4061|119|76|76|求你照著應許僕人的話，以慈愛安慰我。|zh
4062|119|76|76|Let your mercy now be my comfort, as you have said to your servant.|en
4063|119|77|77|願你的慈悲臨到我，使我存活，因你的律法是我所喜愛的。|zh
4064|119|77|77|Let your gentle mercies come to me, so that I may have life; for your law is my delight.|en
4065|119|78|78|願驕傲人蒙羞，因為他們無理地傾覆我；但我要思想你的訓詞。|zh
4066|119|78|78|Let the men of pride be shamed; because they have falsely given decision against me; but I will give thought to your orders.|en
4067|119|79|79|願敬畏你的人歸向我，他們就知道你的法度。|zh
4068|119|79|79|Let your worshippers be turned to me, and those who have knowledge of your words.|en
4069|119|80|80|願我的心在你的律例上完全，使我不致蒙羞。|zh
4070|119|80|80|Let all my heart be given to your orders, so that I may not be put to shame.|en
4071|119|81|81|我心渴想你的救恩，仰望你的應許。|zh
4072|119|81|81|#NAME?|en
4073|119|82|82|我因盼望你的應許眼睛失明，說：你何時安慰我？|zh
4074|119|82|82|My eyes are full of weariness with searching for your word, saying, When will you give me comfort?|en
4075|119|83|83|我好像煙薰的皮袋，卻不忘記你的律例。|zh
4076|119|83|83|For I have become like a wine-skin black with smoke; but I still keep the memory of your rules.|en
4077|119|84|84|你僕人的年日有多少呢？你幾時向逼迫我的人施行審判呢？|zh
4078|119|84|84|How short is the life of your servant! when will you give your decision against those who are attacking me?|en
4079|119|85|85|不從你律法的驕傲人為我掘了坑。|zh
4080|119|85|85|The men of pride, who are turned away from your law, have put nets for me.|en
4081|119|86|86|你的命令盡都誠實；他們無理地逼迫我，求你幫助我！|zh
4082|119|86|86|All your teachings are certain; they go after me with evil design; give me your help.|en
4083|119|87|87|他們幾乎把我從世上滅絕，但我沒有離棄你的訓詞。|zh
4084|119|87|87|They had almost put an end to me on earth; but I did not give up your orders.|en
4085|119|88|88|求你照你的慈愛將我救活，我就遵守你口中的法度。|zh
4086|119|88|88|Give me life in your mercy; so that I may be ruled by the unchanging word of your mouth.|en
4087|119|89|89|耶和華啊，你的話安定在天，直到永遠。|zh
4088|119|89|89|#NAME?|en
4089|119|90|90|你的誠實存到萬代；你堅定了地，地就長存。|zh
4090|119|90|90|Your faith is unchanging from generation to generation: you have put the earth in its place, and it is not moved.|en
4091|119|91|91|天地照你的安排存到今日；萬物都是你的僕役。|zh
4092|119|91|91|They are ruled this day by your decisions; for all things are your servants.|en
4093|119|92|92|我若不是喜愛你的律法，早就在苦難中滅絕了！|zh
4094|119|92|92|If your law had not been my delight, my troubles would have put an end to me.|en
4095|119|93|93|我永不忘記你的訓詞，因你用這訓詞將我救活了。|zh
4096|119|93|93|I will ever keep your orders in mind; for in them I have life.|en
4097|119|94|94|我是屬你的，求你救我，因我尋求了你的訓詞。|zh
4098|119|94|94|I am yours, O be my saviour; for my desire has been for your rules.|en
4099|119|95|95|惡人等待我，要滅絕我，我卻要揣摩你的法度。|zh
4100|119|95|95|The sinners have been waiting for me to give me up to destruction; but I will give all my mind to your unchanging ward.|en
4101|119|96|96|我看萬事盡都有限，惟有你的命令極其寬廣。|zh
4102|119|96|96|I have seen that nothing on earth is complete; but your teaching is very wide.|en
4103|119|97|97|我何等愛慕你的律法，終日不住地思想。|zh
4104|119|97|97|#NAME?|en
4105|119|98|98|你的命令常存在我心裡，使我比仇敵有智慧。|zh
4106|119|98|98|Your teaching has made me wiser than my haters: for it is mine for ever.|en
4107|119|99|99|我比我的師傅更通達，因我思想你的法度。|zh
4108|119|99|99|I have more knowledge than all my teachers, because I give thought to your unchanging word.|en
4109|119|100|100|我比年老的更明白，因我守了你的訓詞。|zh
4110|119|100|100|I have more wisdom than the old, because I have kept your orders.|en
4111|119|101|101|我禁止我腳走一切的邪路，為要遵守你的話。|zh
4112|119|101|101|I have kept back my feet from all evil ways, so that I might be true to your word.|en
4113|119|102|102|我沒有偏離你的典章，因為你教訓了我。|zh
4114|119|102|102|My heart has not been turned away from your decisions; for you have been my teacher.|en
4115|119|103|103|你的言語在我上膛何等甘美，在我口中比蜜更甜！|zh
4116|119|103|103|How sweet are your sayings to my taste! truly, they are sweeter than honey in my mouth!|en
4117|119|104|104|我藉著你的訓詞得以明白，所以我恨一切的假道。|zh
4118|119|104|104|Through your orders I get wisdom; for this reason I am a hater of every false way.|en
4119|119|105|105|你的話是我腳前的燈，是我路上的光。|zh
4120|119|105|105|#NAME?|en
4121|119|106|106|你公義的典章，我曾起誓遵守，我必按誓而行。|zh
4122|119|106|106|I have made an oath and kept it, to be guided by your upright decisions.|en
4123|119|107|107|我甚是受苦；耶和華啊，求你照你的話將我救活！|zh
4124|119|107|107|I am greatly troubled, O Lord, give me life in keeping with your word.|en
4125|119|108|108|耶和華啊，求你悅納我口中的讚美為供物，又將你的典章教訓我！|zh
4126|119|108|108|Take, O Lord, the free offerings of my mouth, and give me knowledge of your decisions.|en
4127|119|109|109|我的性命常在危險之中，我卻不忘記你的律法。|zh
4128|119|109|109|My soul is ever in danger; but I still keep the memory of your law.|en
4129|119|110|110|惡人為我設下網羅，我卻沒有偏離你的訓詞。|zh
4130|119|110|110|Sinners have put a net to take me; but I was true to your orders.|en
4131|119|111|111|我以你的法度為永遠的產業，因這是我心中所喜愛的。|zh
4132|119|111|111|I have taken your unchanging word as an eternal heritage; for it is the joy of my heart.|en
4133|119|112|112|我的心專向你的律例，永遠遵行，一直到底。|zh
4134|119|112|112|My heart is ever ready to keep your rules, even to the end.|en
4135|119|113|113|心懷二意的人為我所恨；但你的律法為我所愛。|zh
4136|119|113|113|- SAMECH - I am a hater of men of doubting mind; but I am a lover of your law.|en
4137|119|114|114|你是我藏身之處，又是我的盾牌；我甚仰望你的話語。|zh
4138|119|114|114|You are my secret place and my breastplate against danger; my hope is in your word.|en
4139|119|115|115|作惡的人哪，你們離開我罷！我好遵守我神的命令。|zh
4140|119|115|115|Go far from me, you evil-doers; so that I may keep the teachings of my God.|en
4141|119|116|116|求你照你的話扶持我，使我存活，也不叫我因失望而害羞。|zh
4142|119|116|116|Be my support as you have said, and give me life; let not my hope be turned to shame.|en
4143|119|117|117|求你扶持我，我便得救，時常看重你的律例。|zh
4144|119|117|117|Let me not be moved, and I will be safe, and ever take delight in your rules.|en
4145|119|118|118|凡偏離你律例的人，你都輕棄他們，因為他們的詭詐必歸虛空。|zh
4146|119|118|118|You have overcome all those who are wandering from your rules; for all their thoughts are false.|en
4147|119|119|119|凡地上的惡人，你除掉他，好像除掉渣滓；因此我愛你的法度。|zh
4148|119|119|119|All the sinners of the earth are like waste metal in your eyes; and for this cause I give my love to your unchanging word.|en
4149|119|120|120|我因懼怕你，肉就發抖；我也怕你的判語。|zh
4150|119|120|120|My flesh is moved for fear of you; I give honour to your decisions.|en
4151|119|121|121|我行過公平和公義，求你不要撇下我給欺壓我的人！|zh
4152|119|121|121|#NAME?|en
4153|119|122|122|求你為僕人作保，使我得好處，不容驕傲人欺壓我！|zh
4154|119|122|122|Take your servant's interests into your keeping; let me not be crushed by the men of pride.|en
4155|119|123|123|我因盼望你的救恩和你公義的話眼睛失明。|zh
4156|119|123|123|My eyes are wasted with desire for your salvation, and for the word of your righteousness.|en
4157|119|124|124|求你照你的慈愛待僕人，將你的律例教訓我。|zh
4158|119|124|124|Be good to your servant in your mercy, and give me teaching in your rules.|en
4159|119|125|125|我是你的僕人，求你賜我悟性，使我得知你的法度。|zh
4160|119|125|125|I am your servant; give me wisdom, so that I may have knowledge of your unchanging word.|en
4161|119|126|126|這是耶和華降罰的時候，因人廢了你的律法。|zh
4162|119|126|126|It is time, O Lord, for you to let your work be seen; for they have made your law without effect.|en
4163|119|127|127|所以，我愛你的命令勝於金子，更勝於精金。|zh
4164|119|127|127|For this reason I have greater love far your teachings than for gold, even for shining gold.|en
4165|119|128|128|你一切的訓詞，在萬事上我都以為正直；我卻恨惡一切假道。|zh
4166|119|128|128|Because of it I keep straight in all things by your orders; and I am a hater of every false way.|en
4167|119|129|129|你的法度奇妙，所以我一心謹守。|zh
4168|119|129|129|- PE - Your unchanging word is full of wonder; for this reason my soul keeps it.|en
4169|119|130|130|你的言語一解開就發出亮光，使愚人通達。|zh
4170|119|130|130|The opening of your words gives light; it gives good sense to the simple.|en
4171|119|131|131|我張口而氣喘，因我切慕你的命令。|zh
4172|119|131|131|My mouth was open wide, waiting with great desire for your teachings.|en
4173|119|132|132|求你轉向我，憐憫我，好像你素常待那些愛你名的人。|zh
4174|119|132|132|Let your eyes be turned to me, and have mercy on me, as it is right for you to do to those who are lovers of your name.|en
4175|119|133|133|求你用你的話使我腳步穩當，不許甚麼罪孽轄制我。|zh
4176|119|133|133|Let my steps be guided by your word; and let not sin have control over me.|en
4177|119|134|134|求你救我脫離人的欺壓，我要遵守你的訓詞。|zh
4178|119|134|134|Make me free from the cruel rule of man; then I will keep your orders.|en
4179|119|135|135|求你用臉光照僕人，又將你的律例教訓我。|zh
4180|119|135|135|Let your servant see the shining of your face; give me knowledge of your rules.|en
4181|119|136|136|我的眼淚下流成河，因為他們不守你的律法。|zh
4182|119|136|136|Rivers of water are flowing from my eyes, because men do not keep your law.|en
4183|119|137|137|耶和華啊，你是公義的；你的判語也是正直的！|zh
4184|119|137|137|#NAME?|en
4185|119|138|138|你所命定的法度是憑公義和至誠。|zh
4186|119|138|138|You have given your unchanging word in righteousness, and it is for ever.|en
4187|119|139|139|我心焦急，如同火燒，因我敵人忘記你的言語。|zh
4188|119|139|139|My passion has overcome me; because my haters are turned away from your words.|en
4189|119|140|140|你的話極其精煉，所以你的僕人喜愛。|zh
4190|119|140|140|Your word is of tested value; and it is dear to your servant.|en
4191|119|141|141|我微小，被人藐視，卻不忘記你的訓詞。|zh
4192|119|141|141|I am small and of no account; but I keep your orders in mind.|en
4193|119|142|142|你的公義永遠長存；你的律法盡都真實。|zh
4194|119|142|142|Your righteousness is an unchanging righteousness, and your law is certain.|en
4195|119|143|143|我遭遇患難愁苦，你的命令卻是我所喜愛的。|zh
4196|119|143|143|Pain and trouble have overcome me: but your teachings are my delight.|en
4197|119|144|144|你的法度永遠是公義的；求你賜我悟性，我就活了。|zh
4198|119|144|144|The righteousness of your unchanging word is eternal; give me wisdom so that I may have life.|en
4199|119|145|145|耶和華啊，我一心呼籲你；求你應允我，我必謹守你的律例！|zh
4200|119|145|145|- KOPH - I have made my prayer with all my heart; give answer to me, O Lord: I will keep your rules.|en
4201|119|146|146|我向你呼籲，求你救我！我要遵守你的法度。|zh
4202|119|146|146|My cry has gone up to you; take me out of trouble, and I will be guided by your unchanging word.|en
4203|119|147|147|我趁天未亮呼求；我仰望了你的言語。|zh
4204|119|147|147|Before the sun is up, my cry for help comes to your ear; my hope is in your words.|en
4205|119|148|148|我趁夜更未換將眼睜開，為要思想你的話語。|zh
4206|119|148|148|In the night watches I am awake, so that I may give thought to your saying.|en
4207|119|149|149|求你照你的慈愛聽我的聲音；耶和華啊，求你照你的典章將我救活！|zh
4208|119|149|149|Let my voice come to you, in your mercy; O Lord, by your decisions give me life.|en
4209|119|150|150|追求奸惡的人臨近了；他們遠離你的律法。|zh
4210|119|150|150|Those who have evil designs against me come near; they are far from your law.|en
4211|119|151|151|耶和華啊，你與我相近；你一切的命令盡都真實！|zh
4212|119|151|151|You are near, O Lord; and all your teachings are true.|en
4213|119|152|152|我因學你的法度，久已知道是你永遠立定的。|zh
4214|119|152|152|I have long had knowledge that your unchanging word is for ever.|en
4215|119|153|153|求你看顧我的苦難，搭救我，因我不忘記你的律法。|zh
4216|119|153|153|- RESH - O see my trouble, and be my saviour; for I keep your law in my mind,|en
4217|119|154|154|求你為我辨屈，救贖我，照你的話將我救活。|zh
4218|119|154|154|Undertake my cause, and come to my help, give me life, as you have said.|en
4219|119|155|155|救恩遠離惡人，因為他們不尋求你的律例。|zh
4220|119|155|155|Salvation is far from evil-doers; for they have made no search for your rules.|en
4221|119|156|156|耶和華啊，你的慈悲本為大；求你照你的典章將我救活。|zh
4222|119|156|156|Great is the number of your mercies, O Lord; give me life in keeping with your decisions.|en
4223|119|157|157|逼迫我的，抵擋我的，很多，我卻沒有偏離你的法度。|zh
4224|119|157|157|Great is the number of those who are against me; but I have not been turned away from your unchanging word.|en
4225|119|158|158|我看見奸惡的人就甚憎惡，因為他們不遵守你的話。|zh
4226|119|158|158|I saw with hate those who were untrue to you; for they did not keep your saying.|en
4227|119|159|159|你看我怎樣愛你的訓詞！耶和華啊，求你照你的慈愛將我救活！|zh
4228|119|159|159|See how great is my love for your orders: give me life, O Lord, in keeping with your mercy.|en
4229|119|160|160|你話的總綱是真實；你一切公義的典章是永遠長存。|zh
4230|119|160|160|Your word is true from the first; and your upright decision is unchanging for ever.|en
4231|119|161|161|首領無故地逼迫我，但我的心畏懼你的言語。|zh
4232|119|161|161|- SHIN - Rulers have been cruel to me without cause; but I have the fear of your word in my heart.|en
4233|119|162|162|我喜愛你的話，好像人得了許多擄物。|zh
4234|119|162|162|I am delighted by your saying, like a man who makes discovery of great wealth.|en
4235|119|163|163|謊話是我所恨惡所憎嫌的；惟你的律法是我所愛的。|zh
4236|119|163|163|I am full of hate and disgust for false words; but I am a lover of your law.|en
4237|119|164|164|我因你公義的典章一天七次讚美你。|zh
4238|119|164|164|Seven times a day do I give you praise, because of your upright decisions.|en
4239|119|165|165|愛你律法的人有大平安，甚麼都不能使他們絆腳。|zh
4240|119|165|165|Great peace have lovers of your law; they have no cause for falling.|en
4241|119|166|166|耶和華啊，我仰望了你的救恩，遵行了你的命令。|zh
4242|119|166|166|Lord, my hope has been in your salvation; and I have kept your teachings.|en
4243|119|167|167|我心裡守了你的法度；這法度我甚喜愛。|zh
4244|119|167|167|My soul has kept your unchanging word; great is my love for it.|en
4245|119|168|168|我遵守了你的訓詞和法度，因我一切所行的都在你面前。|zh
4246|119|168|168|I have been ruled by your orders; for all my ways are before you.|en
4247|119|169|169|耶和華啊，願我的呼籲達到你面前，照你的話賜我悟性。|zh
4248|119|169|169|- TAU - Let my cry come before you, O Lord; give me wisdom in keeping with your word.|en
4249|119|170|170|願我的懇求達到你面前，照你的話搭救我。|zh
4250|119|170|170|Let my prayer come before you; take me out of trouble, as you have said.|en
4251|119|171|171|願我的嘴發出讚美的話，因為你將律例教訓我。|zh
4252|119|171|171|Let my lips be flowing with praise, because you have given me knowledge of your rules.|en
4253|119|172|172|願我的舌頭歌唱你的話，因你一切的命令盡都公義。|zh
4254|119|172|172|Let my tongue make songs in praise of your word; for all your teachings are righteousness.|en
4255|119|173|173|願你用手幫助我，因我揀選了你的訓詞。|zh
4256|119|173|173|Let your hand be near for my help; for I have given my heart to your orders.|en
4257|119|174|174|耶和華啊，我切慕你的救恩！你的律法也是我所喜愛的。|zh
4258|119|174|174|All my desire has been for your salvation, O Lord; and your law is my delight.|en
4259|119|175|175|願我的性命存活，得以讚美你！願你的典章幫助我！|zh
4260|119|175|175|Give life to my soul so that it may give you praise; and let your decisions be my support.|en
4261|119|176|176|我如亡羊走迷了路，求你尋找僕人，因我不忘記你的命令。|zh
4262|119|176|176|I have gone out of the way like a wandering sheep; make search for your servant; for I keep your teachings ever in mind.|en
4263|120|1|1|（上行（或作登階，下同）之詩。）我在急難中求告耶和華，他就應允我。|zh
4264|120|1|1|- A Song of the going up. - In my trouble my cry went up to the Lord, and he gave me an answer.|en
4265|120|2|2|耶和華啊，求你救我脫離說謊的嘴唇和詭詐的舌頭！|zh
4266|120|2|2|O Lord, be the saviour of my soul from false lips, and from the tongue of deceit.|en
4267|120|3|3|詭詐的舌頭啊，要給你甚麼呢？要拿甚麼加給你呢？|zh
4268|120|3|3|What punishment will he give you? what more will he do to you, you false tongue?|en
4269|120|4|4|就是勇士的利箭和羅騰木（小樹名，松類）的炭火。|zh
4270|120|4|4|Sharp arrows of the strong, and burning fire.|en
4271|120|5|5|我寄居在米設，住在基達帳棚之中，有禍了！|zh
4272|120|5|5|Sorrow is mine because I am strange in Meshech, and living in the tents of Kedar.|en
4273|120|6|6|我與那恨惡和睦的人許久同住。|zh
4274|120|6|6|My soul has long been living with the haters of peace.|en
4275|120|7|7|我願和睦，但我發言，他們就要爭戰。|zh
4276|120|7|7|I am for peace: but when I say so, they are for war.|en
4277|121|1|1|（上行之詩。）我要向山舉目；我的幫助從何而來？|zh
4278|121|1|1|- A Song of the going up. - My eyes are lifted up to the hills: O where will my help come from?|en
4279|121|2|2|我的幫助從造天地的耶和華而來。|zh
4280|121|2|2|Your help comes from the Lord, who made heaven and earth.|en
4281|121|3|3|他必不叫你的腳搖動；保護你的必不打盹！|zh
4282|121|3|3|May he not let your foot be moved: no need of sleep has he who keeps you.|en
4283|121|4|4|保護以色列的，也不打盹也不睡覺。|zh
4284|121|4|4|See, the eyes of Israel's keeper will not be shut in sleep.|en
4285|121|5|5|保護你的是耶和華；耶和華在你右邊蔭庇你。|zh
4286|121|5|5|The Lord is your keeper; the Lord is your shade on your right hand.|en
4287|121|6|6|白日，太陽必不傷你；夜間，月亮必不害你。|zh
4288|121|6|6|You will not be touched by the sun in the day, or by the moon at night.|en
4289|121|7|7|耶和華要保護你，免受一切的災害；他要保護你的性命。|zh
4290|121|7|7|The Lord will keep you safe from all evil; he will take care of your soul.|en
4291|121|8|8|你出你入，耶和華要保護你，從今時直到永遠。|zh
4292|121|8|8|The Lord will keep watch over your going out and your coming in, from this time and for ever.|en
4293|122|1|1|（大衛上行之詩。）人對我說：我們往耶和華的殿去，我就歡喜。|zh
4294|122|1|1|- A Song of the going up. Of David. - I was glad because they said to me, We will go into the house of the Lord.|en
4295|122|2|2|耶路撒冷啊，我們的腳站在你的門內。|zh
4296|122|2|2|At last our feet were inside your doors, O Jerusalem.|en
4297|122|3|3|耶路撒冷被建造，如同連絡整齊的一座城。|zh
4298|122|3|3|O Jerusalem, you are like a town which is well joined together;|en
4299|122|4|4|眾支派，就是耶和華的支派，上那裡去，按以色列的常例（或譯：作以色列的證據）稱讚耶和華的名。|zh
4300|122|4|4|To which the tribes went up, even the tribes of the Lord, for a witness to Israel, to give praise to the name of the Lord.|en
4301|122|5|5|因為在那裡設立審判的寶座，就是大衛家的寶座。|zh
4302|122|5|5|For there seats for the judges were placed, even the rulers' seats of the line of David.|en
4303|122|6|6|你們要為耶路撒冷求平安！耶路撒冷啊，愛你的人必然興旺！|zh
4304|122|6|6|O make prayers for the peace of Jerusalem; may they whose love is given to you do well.|en
4305|122|7|7|願你城中平安！願你宮內興旺！|zh
4306|122|7|7|May peace be inside your walls, and wealth in your noble houses.|en
4307|122|8|8|因我弟兄和同伴的緣故，我要說：願平安在你中間！|zh
4308|122|8|8|Because of my brothers and friends, I will now say, Let peace be with you.|en
4309|122|9|9|因耶和華─我們神殿的緣故，我要為你求福！|zh
4310|122|9|9|Because of the house of the Lord our God, I will be working for your good.|en
4311|123|1|1|（上行之詩。）坐在天上的主啊，我向你舉目。|zh
4312|123|1|1|- A Song of the going up. - To you my eyes are lifted up, even to you whose seat is in the heavens.|en
4313|123|2|2|看哪，僕人的眼睛怎樣望主人的手，使女的眼睛怎樣望主母的手，我們的眼睛也照樣望耶和華─我們的神，直到他憐憫我們。|zh
4314|123|2|2|See! as the eyes of servants are turned to the hands of their masters, and the eyes of a servant-girl to her owner, so our eyes are waiting for the Lord our God, till he has mercy on us.|en
4315|123|3|3|耶和華啊，求你憐憫我們，憐憫我們！因為我們被藐視，已到極處。|zh
4316|123|3|3|Have mercy on us, O Lord, have mercy on us: for all men are looking down on us.|en
4317|123|4|4|我們被那些安逸人的譏誚和驕傲人的藐視，已到極處。|zh
4318|123|4|4|For long enough have men of pride made sport of our soul.|en
4319|124|1|1|（大衛上行之詩。）以色列人要說：若不是耶和華幫助我們，|zh
4320|124|1|1|- A Song of the going up. Of David. - If it had not been the Lord who was on our side (let Israel now say);|en
4321|124|2|2|若不是耶和華幫助我們，當人起來攻擊我們、|zh
4322|124|2|2|If it had not been the Lord who was on our side, when men came up against us;|en
4323|124|3|3|向我們發怒的時候，就把我們活活地吞了。|zh
4324|124|3|3|They would have made a meal of us while still living, in the heat of their wrath against us:|en
4325|124|4|4|那時，波濤必漫過我們，河水必淹沒我們，|zh
4326|124|4|4|We would have been covered by the waters; the streams would have gone over our soul;|en
4327|124|5|5|狂傲的水必淹沒我們。|zh
4328|124|5|5|Yes, the waters of pride would have gone over our soul.|en
4329|124|6|6|耶和華是應當稱頌的！他沒有把我們當野食交給他們吞吃（原文是牙齒）。|zh
4330|124|6|6|Praise be to the Lord, who has not let us be wounded by their teeth.|en
4331|124|7|7|我們好像雀鳥，從捕鳥人的網羅裡逃脫；網羅破裂，我們逃脫了。|zh
4332|124|7|7|Our soul has gone free like a bird out of the net of those who would take her: the net is broken, and we are free.|en
4333|124|8|8|我們得幫助，是在乎倚靠造天地之耶和華的名。|zh
4334|124|8|8|Our help is in the name of the Lord, the maker of heaven and earth.|en
4335|125|1|1|（上行之詩。）倚靠耶和華的人好像錫安山，永不動搖。|zh
4336|125|1|1|- A Song of the going up. - Those whose hope is in the Lord are like the mountain of Zion, which may not be moved, but keeps its place for ever.|en
4337|125|2|2|眾山怎樣圍繞耶路撒冷，耶和華也照樣圍繞他的百姓，從今時直到永遠。|zh
4338|125|2|2|As the mountains are round about Jerusalem, so the Lord is round about his people, from this time and for ever.|en
4339|125|3|3|惡人的杖不常落在義人的分上，免得義人伸手作惡。|zh
4340|125|3|3|For the rod of sinners will not be resting on the heritage of the upright; so that the upright may not put out their hands to evil.|en
4341|125|4|4|耶和華啊，求你善待那些為善和心裡正直的人。|zh
4342|125|4|4|Do good, O Lord, to those who are good, and to those who are upright in heart.|en
4343|125|5|5|至於那偏行彎曲道路的人，耶和華必使他和作惡的人一同出去受刑。願平安歸於以色列！|zh
4344|125|5|5|But as for such as are turned out of the straight way, the Lord will take them away with the workers of evil. Let peace be on Israel.|en
4345|126|1|1|（上行之詩。）當耶和華將那些被擄的帶回錫安的時候，我們好像做夢的人。|zh
4346|126|1|1|- A Song of the going up. - When the Lord made a change in Zion's fate, we were like men in a dream.|en
4347|126|2|2|我們滿口喜笑、滿舌歡呼的時候，外邦中就有人說：耶和華為他們行了大事！|zh
4348|126|2|2|Then our mouths were full of laughing, and our tongues gave a glad cry; they said among the nations, The Lord has done great things for them.|en
4349|126|3|3|耶和華果然為我們行了大事，我們就歡喜。|zh
4350|126|3|3|The Lord has done great things for us; because of which we are glad.|en
4351|126|4|4|耶和華啊，求你使我們被擄的人歸回，好像南地的河水復流。|zh
4352|126|4|4|Let our fate be changed, O Lord, like the streams in the South.|en
4353|126|5|5|流淚撒種的，必歡呼收割！|zh
4354|126|5|5|Those who put in seed with weeping will get in the grain with cries of joy.|en
4355|126|6|6|那帶種流淚出去的，必要歡歡樂樂地帶禾捆回來！|zh
4356|126|6|6|Though a man may go out weeping, taking his vessel of seed with him; he will come again in joy, with the corded stems of grain in his arms.|en
4357|127|1|1|（所羅門上行之詩。）若不是耶和華建造房屋，建造的人就枉然勞力；若不是耶和華看守城池，看守的人就枉然警醒。|zh
4358|127|1|1|- A Song of the going up. Of Solomon. - If the Lord is not helping the builders, then the building of a house is to no purpose: if the Lord does not keep the town, the watchman keeps his watch for nothing.|en
4359|127|2|2|你們清晨早起，夜晚安歇，吃勞碌得來的飯，本是枉然；惟有耶和華所親愛的，必叫他安然睡覺。|zh
4360|127|2|2|It is of no use for you to get up early, and to go late to your rest, with the bread of sorrow for your food; for the Lord gives to his loved ones in sleep.|en
4361|127|3|3|兒女是耶和華所賜的產業；所懷的胎是他所給的賞賜。|zh
4362|127|3|3|See, sons are a heritage from the Lord; the fruit of the body is his reward.|en
4363|127|4|4|少年時所生的兒女好像勇士手中的箭。|zh
4364|127|4|4|Like arrows in the hand of a man of war, are the children of the young.|en
4365|127|5|5|箭袋充滿的人便為有福；他們在城門口和仇敵說話的時候，必不至於羞愧。|zh
4366|127|5|5|Happy is the man who has a good store of them; he will not be put to shame, but his cause will be supported by them against his haters.|en
4367|128|1|1|（上行之詩。）凡敬畏耶和華、遵行他道的人便為有福！|zh
4368|128|1|1|- A Song of the going up. - Happy is the worshipper of the Lord, who is walking in his ways.|en
4369|128|2|2|你要吃勞碌得來的；你要享福，事情順利。|zh
4370|128|2|2|You will have the fruit of the work of your hands: happy will you be, and all will be well for you.|en
4371|128|3|3|你妻子在你的內室，好像多結果子的葡萄樹；你兒女圍繞你的桌子，好像橄欖栽子。|zh
4372|128|3|3|Your wife will be like a fertile vine in the inmost parts of your house: your children will be like olive plants round your table.|en
4373|128|4|4|看哪，敬畏耶和華的人必要這樣蒙福！|zh
4374|128|4|4|See! this is the blessing of the worshipper of the Lord.|en
4375|128|5|5|願耶和華從錫安賜福給你！願你一生一世看見耶路撒冷的好處！|zh
4376|128|5|5|May the Lord send you blessing out of Zion: may you see the good of Jerusalem all the days of your life.|en
4377|128|6|6|願你看見你兒女的兒女！願平安歸於以色列！|zh
4378|128|6|6|May you see your children's children. Peace be on Israel.|en
4379|129|1|1|（上行之詩。）以色列當說：從我幼年以來，敵人屢次苦害我，|zh
4380|129|1|1|- A Song of the going up. - Great have been my troubles from the time when I was young (let Israel now say);|en
4381|129|2|2|從我幼年以來，敵人屢次苦害我，卻沒有勝了我。|zh
4382|129|2|2|Great have been my troubles from the time when I was young, but my troubles have not overcome me.|en
4383|129|3|3|如同扶犁的在我背上扶犁而耕，耕的犁溝甚長。|zh
4384|129|3|3|The ploughmen were ploughing on my back; long were the wounds they made.|en
4385|129|4|4|耶和華是公義的；他砍斷了惡人的繩索。|zh
4386|129|4|4|The Lord is true: the cords of the evil-doers are broken in two.|en
4387|129|5|5|願恨惡錫安的都蒙羞退後！|zh
4388|129|5|5|Let all the haters of Zion be shamed and turned back.|en
4389|129|6|6|願他們像房頂上的草，未長成而枯乾，|zh
4390|129|6|6|Let them be like the grass on the house-tops, which is dry before it comes to full growth.|en
4391|129|7|7|收割的不夠一把，捆禾的也不滿懷。|zh
4392|129|7|7|He who gets in the grain has no use for it; and they do not make bands of it for the grain-stems.|en
4393|129|8|8|過路的也不說：願耶和華所賜的福歸與你們！我們奉耶和華的名給你們祝福！|zh
4394|129|8|8|And those who go by do not say, The blessing of the Lord be on you; we give you blessing in the name of the Lord.|en
4395|130|1|1|（上行之詩。）耶和華啊，我從深處向你求告！|zh
4396|130|1|1|- A Song of the going up. - Out of the deep have I sent up my cry to you, O Lord.|en
4397|130|2|2|主啊，求你聽我的聲音！願你側耳聽我懇求的聲音！|zh
4398|130|2|2|Lord, let my voice come before you: let your ears be awake to the voice of my prayer.|en
4399|130|3|3|主─耶和華啊，你若究察罪孽，誰能站得住呢？|zh
4400|130|3|3|O Jah, if you took note of every sin, who would go free?|en
4401|130|4|4|但在你有赦免之恩，要叫人敬畏你。|zh
4402|130|4|4|But there is forgiveness with you, so that you may be feared.|en
4403|130|5|5|我等候耶和華，我的心等候；我也仰望他的話。|zh
4404|130|5|5|I am waiting for the Lord, my soul is waiting for him, and my hope is in his word.|en
4405|130|6|6|我的心等候主，勝於守夜的，等候天亮，勝於守夜的，等候天亮。|zh
4406|130|6|6|My soul is watching for the Lord more than those who are watching for the morning; yes, more than the watchers for the morning.|en
4407|130|7|7|以色列啊，你當仰望耶和華！因他有慈愛，有豐盛的救恩。|zh
4408|130|7|7|O Israel, have hope in the Lord; for with the Lord is mercy and full salvation.|en
4409|130|8|8|他必救贖以色列脫離一切的罪孽。|zh
4410|130|8|8|And he will make Israel free from all his sins.|en
4411|131|1|1|（大衛上行之詩。）耶和華啊，我的心不狂傲，我的眼不高大；重大和測不透的事，我也不敢行。|zh
4412|131|1|1|- A Song of the going up. Of David. - Lord, there is no pride in my heart and my eyes are not lifted up; and I have not taken part in great undertakings, or in things over-hard for me.|en
4413|131|2|2|我的心平穩安靜，好像斷過奶的孩子在他母親的懷中；我的心在我裡面真像斷過奶的孩子。|zh
4414|131|2|2|See, I have made my soul calm and quiet, like a child on its mother's breast; my soul is like a child on its mother's breast.|en
4415|131|3|3|以色列啊，你當仰望耶和華，從今時直到永遠！|zh
4416|131|3|3|O Israel, have hope in the Lord, from this time and for ever.|en
4417|132|1|1|（上行之詩。）耶和華啊，求你記念大衛所受的一切苦難！|zh
4418|132|1|1|- A Song of the going up. - Lord, give thought to David, and to all his troubles;|en
4419|132|2|2|他怎樣向耶和華起誓，向雅各的大能者許願，|zh
4420|132|2|2|How he made an oath to the Lord, and gave his word to the great God of Jacob, saying,|en
4421|132|3|3|說：我必不進我的帳幕，也不上我的床榻；|zh
4422|132|3|3|Truly, I will not come into my house, or go to my bed,|en
4423|132|4|4|我不容我的眼睛睡覺，也不容我的眼目打盹；|zh
4424|132|4|4|I will not give sleep to my eyes, or rest to my eyeballs,|en
4425|132|5|5|直等我為耶和華尋得所在，為雅各的大能者尋得居所。|zh
4426|132|5|5|Till I have got a place for the Lord, a resting-place for the great God of Jacob.|en
4427|132|6|6|我們聽說約櫃在以法他，我們在基列耶琳就尋見了。|zh
4428|132|6|6|We had news of it at Ephrathah: we came to it in the fields of the wood.|en
4429|132|7|7|我們要進他的居所，在他腳凳前下拜。|zh
4430|132|7|7|Let us go into his tent; let us give worship at his feet.|en
4431|132|8|8|耶和華啊，求你興起，和你有能力的約櫃同入安息之所！|zh
4432|132|8|8|Come back, O Lord, to your resting-place; you and the ark of your strength.|en
4433|132|9|9|願你的祭司披上公義！願你的聖民歡呼！|zh
4434|132|9|9|Let your priests be clothed with righteousness; and let your saints give cries of joy.|en
4435|132|10|10|求你因你僕人大衛的緣故，不要厭棄你的受膏者！|zh
4436|132|10|10|Because of your servant David, do not give up your king.|en
4437|132|11|11|耶和華向大衛、憑誠實起了誓，必不反覆，說：我要使你所生的坐在你的寶座上。|zh
4438|132|11|11|The Lord gave a true oath to David, which he will not take back, saying, I will give your kingdom to the fruit of your body.|en
4439|132|12|12|你的眾子若守我的約和我所教訓他們的法度，他們的子孫必永遠坐在你的寶座上。|zh
4440|132|12|12|If your children keep my word, and the teachings which I will give them, their children will be rulers of your kingdom for ever.|en
4441|132|13|13|因為耶和華揀選了錫安，願意當作自己的居所，|zh
4442|132|13|13|For the Lord's heart is on Zion, desiring it for his resting-place.|en
4443|132|14|14|說：這是我永遠安息之所；我要住在這裡，因為是我所願意的。|zh
4444|132|14|14|This is my rest for ever: here will I ever be; for this is my desire.|en
4445|132|15|15|我要使其中的糧食豐滿，使其中的窮人飽足。|zh
4446|132|15|15|My blessing will be on her food; and her poor will be full of bread.|en
4447|132|16|16|我要使祭司披上救恩，聖民大聲歡呼！|zh
4448|132|16|16|Her priests will be clothed with salvation; and her saints will give cries of joy.|en
4449|132|17|17|我要叫大衛的角在那裡發生；我為我的受膏者預備明燈。|zh
4450|132|17|17|There I will make the horn of David fertile: I have made ready a light for my king.|en
4451|132|18|18|我要使他的仇敵披上羞恥；但他的冠冕要在頭上發光。|zh
4452|132|18|18|His haters will be clothed with shame; but I will make his crown shining.|en
4453|133|1|1|（大衛上行之詩。）看哪，弟兄和睦同居是何等地善，何等地美！|zh
4454|133|1|1|- A Song of the going up. Of David. - See how good and how pleasing it is for brothers to be living together in harmony!|en
4455|133|2|2|這好比那貴重的油澆在亞倫的頭上，流到鬍鬚，又流到他的衣襟；|zh
4456|133|2|2|It is like oil of great price on the head, flowing down over the face, even Aaron's face: coming down to the edge of his robe;|en
4457|133|3|3|又好比黑門的甘露降在錫安山；因為在那裡有耶和華所命定的福，就是永遠的生命。|zh
4458|133|3|3|Like the dew of Hermon, which comes down on the mountains of Zion: for there the Lord gave orders for the blessing, even life for ever.|en
4459|134|1|1|（上行之詩。）耶和華的僕人夜間站在耶和華殿中的，你們當稱頌耶和華！|zh
4460|134|1|1|- A Song of the going up. - Give praise to the Lord, all you servants of the Lord, who take your places in the house of the Lord by night.|en
4461|134|2|2|你們當向聖所舉手，稱頌耶和華！|zh
4462|134|2|2|Give praise to the Lord, lifting up your hands in his holy place.|en
4463|134|3|3|願造天地的耶和華，從錫安賜福給你們！|zh
4464|134|3|3|May the Lord, who made heaven and earth, send you blessing out of Zion,|en
4465|135|1|1,2 |你們要讚美耶和華！你們要讚美耶和華的名！耶和華的僕人站在耶和華殿中；站在我們神殿院中的，你們要讚美他！|zh
4466|135|1|1|Let the Lord be praised. O you servants of the Lord, give praise to the name of the Lord.|en
4467|135|2|2|You who are in the house of the Lord, and in the open spaces of the house of our God,|en
4468|135|3|3|你們要讚美耶和華！耶和華本為善；要歌頌他的名，因為這是美好的。|zh
4469|135|3|3|Give praise to Jah, for he is good: make melody to his name, for it is pleasing.|en
4470|135|4|4|耶和華揀選雅各歸自己，揀選以色列特作自己的子民。|zh
4471|135|4|4|For the Lord has taken Jacob for himself, and Israel for his property.|en
4472|135|5|5|原來我知道耶和華為大，也知道我們的主超乎萬神之上。|zh
4473|135|5|5|I know that the Lord is great, and that our Lord is greater than all other gods.|en
4474|135|6|6|耶和華在天上，在地下，在海中，在一切的深處，都隨自己的意旨而行。|zh
4475|135|6|6|The Lord has done whatever was pleasing to him, in heaven, and on the earth, in the seas and in all the deep waters.|en
4476|135|7|7|他使雲霧從地極上騰，造電隨雨而閃，從府庫中帶出風來。|zh
4477|135|7|7|He makes the mists go up from the ends of the earth; he makes thunder-flames for the rain; he sends out the winds from his store-houses.|en
4478|135|8|8|他將埃及頭生的，連人帶牲畜都擊殺了。|zh
4479|135|8|8|He put to death the first-fruits of Egypt, of man and of beast.|en
4480|135|9|9|埃及啊，他施行神蹟奇事，在你當中，在法老和他一切臣僕身上。|zh
4481|135|9|9|He sent signs and wonders among you, O Egypt, on Pharaoh, and on all his servants.|en
4482|135|10|10|他擊殺許多的民，又殺戮大能的王，|zh
4483|135|10|10|He overcame great nations, and put strong kings to death;|en
4484|135|11|11|就是亞摩利王西宏和巴珊王噩，並迦南一切的國王，|zh
4485|135|11|11|Sihon, king of the Amorites, and Og, king of Bashan, and all the kingdoms of Canaan;|en
4486|135|12|12|將他們的地賞賜他的百姓以色列為業。|zh
4487|135|12|12|And gave their land for a heritage, even for a heritage to Israel his people.|en
4488|135|13|13|耶和華啊，你的名存到永遠！耶和華啊，你可記念的名存到萬代！|zh
4489|135|13|13|O Lord, your name is eternal; and the memory of you will have no end.|en
4490|135|14|14|耶和華要為他的百姓伸冤，為他的僕人後悔。|zh
4491|135|14|14|For the Lord will be judge of his people's cause; his feelings will be changed to his servants.|en
4492|135|15|15|外邦的偶像是金的，銀的，是人手所造的；|zh
4493|135|15|15|The images of the nations are silver and gold, the work of men's hands.|en
4494|135|16|16|有口卻不能言，有眼卻不能看，|zh
4495|135|16|16|They have mouths, but no voice, they have eyes, but they do not see;|en
4496|135|17|17|有耳卻不能聽，口中也沒有氣息。|zh
4497|135|17|17|They have ears, but no hearing; and there is no breath in their mouths.|en
4498|135|18|18|造他的要和他一樣，凡靠他的也要如此。|zh
4499|135|18|18|Those who make them are like them; and so is everyone who puts his hope in them.|en
4500|135|19|19|以色列家啊，你們要稱頌耶和華！亞倫家啊，你們要稱頌耶和華！|zh
4501|135|19|19|Give praise to the Lord, O children of Israel: give praise to the Lord, O sons of Aaron:|en
4502|135|20|20|利未家啊，你們要稱頌耶和華！你們敬畏耶和華的，要稱頌耶和華！|zh
4503|135|20|20|Give praise to the Lord, O sons of Levi: let all the worshippers of the Lord give him praise.|en
4504|135|21|21|住在耶路撒冷的，耶和華該從錫安受稱頌。你們要讚美耶和華！|zh
4505|135|21|21|Praise be to the Lord out of Zion, even to the Lord whose house is in Jerusalem, Let the Lord be praised.|en
4506|136|1|1|你們要稱謝耶和華，因他本為善；他的慈愛永遠長存。|zh
4507|136|1|1|O give praise to the Lord, for he is good: for his mercy is unchanging for ever.|en
4508|136|2|2|你們要稱謝萬神之神，因他的慈愛永遠長存。|zh
4509|136|2|2|O give praise to the God of gods: for his mercy is unchanging for ever.|en
4510|136|3|3|你們要稱謝萬主之主，因他的慈愛永遠長存。|zh
4511|136|3|3|O give praise to the Lord of lords: for his mercy is unchanging for ever.|en
4512|136|4|4|稱謝那獨行大奇事的，因他的慈愛永遠長存。|zh
4513|136|4|4|To him who only does great wonders: for his mercy is unchanging for ever.|en
4514|136|5|5|稱謝那用智慧造天的，因他的慈愛永遠長存。|zh
4515|136|5|5|To him who by wisdom made the heavens: for his mercy is unchanging for ever.|en
4516|136|6|6|稱謝那鋪地在水以上的，因他的慈愛永遠長存。|zh
4517|136|6|6|To him by whom the earth was stretched out over the waters: for his mercy is unchanging for ever.|en
4518|136|7|7|稱謝那造成大光的，因他的慈愛永遠長存。|zh
4519|136|7|7|To him who made great lights: for his mercy is unchanging for ever.|en
4520|136|8|8|他造日頭管白晝，因他的慈愛永遠長存。|zh
4521|136|8|8|The sun to have rule by day: for his mercy is unchanging for ever.|en
4522|136|9|9|他造月亮星宿管黑夜，因他的慈愛永遠長存。|zh
4523|136|9|9|The moon and the stars to have rule by night: for his mercy is unchanging for ever.|en
4524|136|10|10|稱謝那擊殺埃及人之長子的，因他的慈愛永遠長存。|zh
4525|136|10|10|To him who put to death the first-fruits of Egypt: for his mercy is unchanging for ever:|en
4526|136|11|11|他領以色列人從他們中間出來，因他的慈愛永遠長存。|zh
4527|136|11|11|And took out Israel from among them: for his mercy is unchanging for ever:|en
4528|136|12|12|他施展大能的手和伸出來的膀臂，因他的慈愛永遠長存。|zh
4529|136|12|12|With a strong hand and an outstretched arm: for his mercy is unchanging for ever.|en
4530|136|13|13|稱謝那分裂紅海的，因他的慈愛永遠長存。|zh
4531|136|13|13|To him who made a way through the Red Sea: for his mercy is unchanging for ever:|en
4532|136|14|14|他領以色列從其中經過，因他的慈愛永遠長存；|zh
4533|136|14|14|And let Israel go through it: for his mercy is unchanging for ever:|en
4534|136|15|15|卻把法老和他的軍兵推翻在紅海裡，因他的慈愛永遠長存。|zh
4535|136|15|15|By him Pharaoh and his army were overturned in the Red Sea: for his mercy is unchanging for ever.|en
4536|136|16|16|稱謝那引導自己的民行走曠野的，因他的慈愛永遠長存。|zh
4537|136|16|16|To him who took his people through the waste land: for his mercy is unchanging for ever.|en
4538|136|17|17|稱謝那擊殺大君王的，因他的慈愛永遠長存。|zh
4539|136|17|17|To him who overcame great kings: for his mercy is unchanging for ever:|en
4540|136|18|18|他殺戮有名的君王，因他的慈愛永遠長存；|zh
4541|136|18|18|And put noble kings to death: for his mercy is unchanging for ever:|en
4542|136|19|19|就是殺戮亞摩利王西宏，因他的慈愛永遠長存；|zh
4543|136|19|19|Sihon, king of the Amorites: for his mercy is unchanging for ever:|en
4544|136|20|20|又殺巴珊王噩，因他的慈愛永遠長存。|zh
4545|136|20|20|And Og, king of Bashan: for his mercy is unchanging for ever:|en
4546|136|21|21|他將他們的地賜他的百姓為業，因他的慈愛永遠長存；|zh
4547|136|21|21|And gave their land to his people for a heritage: for his mercy is unchanging for ever.|en
4548|136|22|22|就是賜他的僕人以色列為業，因他的慈愛永遠長存。|zh
4549|136|22|22|Even a heritage for his servant Israel: for his mercy is unchanging for ever.|en
4550|136|23|23|他顧念我們在卑微的地步，因他的慈愛永遠長存。|zh
4551|136|23|23|Who kept us in mind when we were in trouble: for his mercy is unchanging for ever.|en
4552|136|24|24|他救拔我們脫離敵人，因他的慈愛永遠長存。|zh
4553|136|24|24|And has taken us out of the hands of our haters: for his mercy is unchanging for ever.|en
4554|136|25|25|他賜糧食給凡有血氣的，因他的慈愛永遠長存。|zh
4555|136|25|25|Who gives food to all flesh: for his mercy is unchanging for ever.|en
4556|136|26|26|你們要稱謝天上的神，因他的慈愛永遠長存。|zh
4557|136|26|26|O give praise to the God of heaven: for his mercy is unchanging for ever.|en
4558|137|1|1|我們曾在巴比倫的河邊坐下，一追想錫安就哭了。|zh
4559|137|1|1|By the rivers of Babylon we were seated, weeping at the memory of Zion,|en
4560|137|2|2|我們把琴掛在那裡的柳樹上；|zh
4561|137|2|2|Hanging our instruments of music on the trees by the waterside.|en
4562|137|3|3|因為在那裡，擄掠我們的要我們唱歌，搶奪我們的要我們作樂，說：給我們唱一首錫安歌罷！|zh
4563|137|3|3|For there those who had taken us prisoners made request for a song; and those who had taken away all we had gave us orders to be glad, saying, Give us one of the songs of Zion.|en
4564|137|4|4|我們怎能在外邦唱耶和華的歌呢？|zh
4565|137|4|4|How may we give the Lord's song in a strange land?|en
4566|137|5|5|耶路撒冷啊，我若忘記你，情願我的右手忘記技巧！|zh
4567|137|5|5|If I keep not your memory, O Jerusalem, let not my right hand keep the memory of its art.|en
4568|137|6|6|我若不記念你，若不看耶路撒冷過於我所最喜樂的，情願我的舌頭貼於上膛！|zh
4569|137|6|6|If I let you go out of my thoughts, and if I do not put Jerusalem before my greatest joy, let my tongue be fixed to the roof of my mouth.|en
4570|137|7|7|耶路撒冷遭難的日子，以東人說：拆毀！拆毀！直拆到根基！耶和華啊，求你記念這仇！|zh
4571|137|7|7|O Lord, keep in mind against the children of Edom the day of Jerusalem; how they said, Let it be uncovered, uncovered even to its base.|en
4572|137|8|8|將要被滅的巴比倫城啊（城：原文是女子），報復你像你待我們的，那人便為有福！|zh
4573|137|8|8|O daughter of Babylon, whose fate is destruction; happy is the man who does to you what you have done to us.|en
4574|137|9|9|拿你的嬰孩摔在磐石上的，那人便為有福！|zh
4575|137|9|9|Happy is the man who takes your little ones, crushing them against the rocks.|en
4576|138|1|1|（大衛的詩。）我要一心稱謝你，在諸神面前歌頌你。|zh
4577|138|1|1|- Of David. - I will give you praise with all my heart: I will make melody to you before the gods.|en
4578|138|2|2|我要向你的聖殿下拜，為你的慈愛和誠實稱讚你的名；因你使你的話顯為大，過於你所應許的（或譯：超乎你的名聲）。|zh
4579|138|2|2|I will give worship before your holy Temple, praising your name for your mercy and for your unchanging faith: for you have made your word greater than all your name.|en
4580|138|3|3|我呼求的日子，你就應允我，鼓勵我，使我心裡有能力。|zh
4581|138|3|3|When my cry came to your ears you gave me an answer, and made me great with strength in my soul.|en
4582|138|4|4|耶和華啊，地上的君王都要稱謝你，因他們聽見了你口中的言語。|zh
4583|138|4|4|All the kings of the earth will give you praise, O Lord, when the words of your mouth come to their ears.|en
4584|138|5|5|他們要歌頌耶和華的作為，因耶和華大有榮耀。|zh
4585|138|5|5|They will make songs about the ways of the Lord; for great is the glory of the Lord.|en
4586|138|6|6|耶和華雖高，仍看顧低微的人；他卻從遠處看出驕傲的人。|zh
4587|138|6|6|Though the Lord is high, he sees those who are low; and he has knowledge from far off of those who are lifted up.|en
4588|138|7|7|我雖行在患難中，你必將我救活；我的仇敵發怒，你必伸手抵擋他們；你的右手也必救我。|zh
4589|138|7|7|Even when trouble is round me, you will give me life; your hand will be stretched out against the wrath of my haters, and your right hand will be my salvation.|en
4590|138|8|8|耶和華必成全關乎我的事；耶和華啊，你的慈愛永遠長存！求你不要離棄你手所造的。|zh
4591|138|8|8|The Lord will make all things complete for me: O Lord, your mercy is eternal; do not give up the works of your hands.|en
4592|139|1|1|（大衛的詩，交與伶長。）耶和華啊，你已經鑒察我，認識我。|zh
4593|139|1|1|- To the chief music-maker. A Psalm. Of David. - O Lord, you have knowledge of me, searching out all my secrets.|en
4594|139|2|2|我坐下，我起來，你都曉得；你從遠處知道我的意念。|zh
4595|139|2|2|You have knowledge when I am seated and when I get up, you see my thoughts from far away.|en
4596|139|3|3|我行路，我躺臥，你都細察；你也深知我一切所行的。|zh
4597|139|3|3|You keep watch over my steps and my sleep, and have knowledge of all my ways.|en
4598|139|4|4|耶和華啊，我舌頭上的話，你沒有一句不知道的。|zh
4599|139|4|4|For there is not a word on my tongue which is not clear to you, O Lord.|en
4600|139|5|5|你在我前後環繞我，按手在我身上。|zh
4601|139|5|5|I am shut in by you on every side, and you have put your hand on me.|en
4602|139|6|6|這樣的知識奇妙，是我不能測的，至高，是我不能及的。|zh
4603|139|6|6|Such knowledge is a wonder greater than my powers; it is so high that I may not come near it.|en
4604|139|7|7|我往哪裡去躲避你的靈？我往哪裡逃、躲避你的面？|zh
4605|139|7|7|Where may I go from your spirit? how may I go in flight from you?|en
4606|139|8|8|我若升到天上，你在那裡；我若在陰間下榻，你也在那裡。|zh
4607|139|8|8|If I go up to heaven, you are there: or if I make my bed in the underworld, you are there.|en
4608|139|9|9|我若展開清晨的翅膀，飛到海極居住，|zh
4609|139|9|9|If I take the wings of the morning, and go to the farthest parts of the sea;|en
4610|139|10|10|就是在那裡，你的手必引導我；你的右手也必扶持我。|zh
4611|139|10|10|Even there will I be guided by your hand, and your right hand will keep me.|en
4612|139|11|11|我若說：黑暗必定遮蔽我，我周圍的亮光必成為黑夜；|zh
4613|139|11|11|If I say, Only let me be covered by the dark, and the light about me be night;|en
4614|139|12|12|黑暗也不能遮蔽我，使你不見，黑夜卻如白晝發亮。黑暗和光明，在你看都是一樣。|zh
4615|139|12|12|Even the dark is not dark to you; the night is as bright as the day: for dark and light are the same to you.|en
4616|139|13|13|我的肺腑是你所造的；我在母腹中，你已覆庇我。|zh
4617|139|13|13|My flesh was made by you, and my parts joined together in my mother's body.|en
4618|139|14|14|我要稱謝你，因我受造，奇妙可畏；你的作為奇妙，這是我心深知道的。|zh
4619|139|14|14|I will give you praise, for I am strangely and delicately formed; your works are great wonders, and of this my soul is fully conscious.|en
4620|139|15|15|我在暗中受造，在地的深處被聯絡；那時，我的形體並不向你隱藏。|zh
4621|139|15|15|My frame was not unseen by you when I was made secretly, and strangely formed in the lowest parts of the earth.|en
4622|139|16|16|我未成形的體質，你的眼早已看見了；你所定的日子，我尚未度一日（或譯：我被造的肢體尚未有其一），你都寫在你的冊上了。|zh
4623|139|16|16|Your eyes saw my unformed substance; in your book all my days were recorded, even those which were purposed before they had come into being.|en
4624|139|17|17|神啊，你的意念向我何等寶貴！其數何等眾多！|zh
4625|139|17|17|How dear are your thoughts to me, O God! how great is the number of them!|en
4626|139|18|18|我若數點，比海沙更多；我睡醒的時候，仍和你同在。|zh
4627|139|18|18|If I made up their number, it would be more than the grains of sand; when I am awake, I am still with you.|en
4628|139|19|19|神啊，你必要殺戮惡人；所以，你們好流人血的，離開我去罷！|zh
4629|139|19|19|If only you would put the sinners to death, O God; go far from me, you men of blood.|en
4630|139|20|20|因為他們說惡言頂撞你；你的仇敵也妄稱你的名。|zh
4631|139|20|20|For they go against you with evil designs, and your haters make sport of your name.|en
4632|139|21|21|耶和華啊，恨惡你的，我豈不恨惡他們麼？攻擊你的，我豈不憎嫌他們麼？|zh
4633|139|21|21|Are not your haters hated by me, O Lord? are not those who are lifted up against you a cause of grief to me?|en
4634|139|22|22|我切切地恨惡他們，以他們為仇敵。|zh
4635|139|22|22|My hate for them is complete; my thoughts of them are as if they were making war on me.|en
4636|139|23|23|神啊，求你鑒察我，知道我的心思，試煉我，知道我的意念，|zh
4637|139|23|23|O God, let the secrets of my heart be uncovered, and let my wandering thoughts be tested:|en
4638|139|24|24|看在我裡面有甚麼惡行沒有，引導我走永生的道路。|zh
4639|139|24|24|See if there is any way of sorrow in me, and be my guide in the eternal way.|en
4640|140|1|1|（大衛的詩，交與伶長。）耶和華啊，求你拯救我脫離凶惡的人，保護我脫離強暴的人！|zh
4641|140|1|1|- To the chief music-maker. A Psalm. Of David. - O Lord, take me out of the power of the evil man; keep me safe from the violent man:|en
4642|140|2|2|他們心中圖謀奸惡，常常聚集要爭戰。|zh
4643|140|2|2|For their hearts are full of evil designs; and they are ever making ready causes of war.|en
4644|140|3|3|他們使舌頭尖利如蛇，嘴裡有虺蛇的毒氣。（細拉）|zh
4645|140|3|3|Their tongues are sharp like the tongue of a snake; the poison of snakes is under their lips. (Selah.)|en
4646|140|4|4|耶和華啊，求你拯救我脫離惡人的手，保護我脫離強暴的人！他們圖謀推我跌倒。|zh
4647|140|4|4|O Lord, take me out of the hands of sinners; keep me safe from the violent man: for they are designing my downfall.|en
4648|140|5|5|驕傲人為我暗設網羅和繩索；他們在路旁鋪下網，設下圈套。（細拉）|zh
4649|140|5|5|The men of pride have put secret cords for my feet; stretching nets in my way, so that they may take me with their tricks. (Selah.)|en
4650|140|6|6|我曾對耶和華說：你是我的神。耶和華啊，求你留心聽我懇求的聲音！|zh
4651|140|6|6|I have said to the Lord, You are my God: give ear, O Lord, to the voice of my prayer.|en
4652|140|7|7|主─耶和華、我救恩的力量啊，在爭戰的日子，你遮蔽了我的頭。|zh
4653|140|7|7|O Lord God, the strength of my salvation, you have been a cover over my head in the day of the fight.|en
4654|140|8|8|耶和華啊，求你不要遂惡人的心願；不要成就他們的計謀，恐怕他們自高。（細拉）|zh
4655|140|8|8|O Lord, give not the wrongdoer his desire; give him no help in his evil designs, or he may be uplifted in pride. (Selah.)|en
4656|140|9|9|至於那些昂首圍困我的人，願他們嘴唇的奸惡陷害（原文是遮蔽自己）！|zh
4657|140|9|9|As for those who come round me, let their heads be covered by the evil of their lips.|en
4658|140|10|10|願火炭落在他們身上！願他們被丟在火中，拋在深坑裡，不能再起來。|zh
4659|140|10|10|Let burning flames come down on them: let them be put into the fire, and into deep waters, so that they may not get up again.|en
4660|140|11|11|說惡言的人在地上必堅立不住；禍患必獵取強暴的人，將他打倒。|zh
4661|140|11|11|Let not a man of evil tongue be safe on earth: let destruction overtake the violent man with blow on blow.|en
4662|140|12|12|我知道耶和華必為困苦人伸冤，必為窮乏人辨屈。|zh
4663|140|12|12|I am certain that the Lord will take care of the cause of the poor, and of the rights of those who are troubled.|en
4664|140|13|13|義人必要稱讚你的名；正直人必住在你面前。|zh
4665|140|13|13|Truly, the upright will give praise to your name: the holy will have a place in your house.|en
4666|141|1|1|（大衛的詩。）耶和華啊，我曾求告你，求你快快臨到我這裡！我求告你的時候，願你留心聽我的聲音！|zh
4667|141|1|1|- A Psalm. Of David. - Lord, I have made my cry to you; come to me quickly; give ear to my voice, when it goes up to you.|en
4668|141|2|2|願我的禱告如香陳列在你面前！願我舉手祈求，如獻晚祭！|zh
4669|141|2|2|Let my prayer be ordered before you like a sweet smell; and let the lifting up of my hands be like the evening offering.|en
4670|141|3|3|耶和華啊，求你禁止我的口，把守我的嘴！|zh
4671|141|3|3|O Lord, keep a watch over my mouth; keep the door of my lips.|en
4672|141|4|4|求你不叫我的心偏向邪惡，以致我和作孽的人同行惡事；也不叫我吃他們的美食。|zh
4673|141|4|4|Keep my heart from desiring any evil thing, or from taking part in the sins of the evil-doers with men who do wrong: and let me have no part in their good things.|en
4674|141|5|5|任憑義人擊打我，這算為仁慈；任憑他責備我，這算為頭上的膏油；我的頭不要躲閃。正在他們行惡的時候，我仍要祈禱。|zh
4675|141|5|5|Let the upright give me punishment; and let the god-fearing man put me in the right way; but I will not let the oil of sinners come on my head: when they do evil I will give myself to prayer.|en
4676|141|6|6|他們的審判官被扔在巖下；眾人要聽我的話，因為這話甘甜。|zh
4677|141|6|6|When destruction comes to their judges by the side of the rock, they will give ear to my words, for they are sweet.|en
4678|141|7|7|我們的骨頭散在墓旁，好像人耕田、刨地的土塊。|zh
4679|141|7|7|Our bones are broken up at the mouth of the underworld, as the earth is broken by the plough.|en
4680|141|8|8|主─耶和華啊，我的眼目仰望你；我投靠你，求你不要將我撇得孤苦！|zh
4681|141|8|8|But my eyes are turned to you, O Lord God: my hope is in you; let not my soul be given up to death.|en
4682|141|9|9|求你保護我脫離惡人為我設的網羅和作孽之人的圈套！|zh
4683|141|9|9|Keep me from the net which they have put down for me, and from the designs of the workers of evil.|en
4684|141|10|10|願惡人落在自己的網裡，我卻得以逃脫。|zh
4685|141|10|10|Let the sinners be taken in the nets which they themselves have put down, while I go free.|en
4686|142|1|1|（大衛在洞裡作的訓誨詩，乃是祈禱。）我發聲哀告耶和華，發聲懇求耶和華。|zh
4687|142|1|1|- Maschil. Of David. A prayer when he was in the hole of the rock. - The sound of my cry went up to the Lord; with my voice I made my prayer for grace to the Lord.|en
4688|142|2|2|我在他面前吐露我的苦情，陳說我的患難。|zh
4689|142|2|2|I put all my sorrows before him; and made clear to him all my trouble.|en
4690|142|3|3|我的靈在我裡面發昏的時候，你知道我的道路。在我行的路上，敵人為我暗設網羅。|zh
4691|142|3|3|When my spirit is overcome, your eyes are on my goings; nets have been secretly placed in the way in which I go.|en
4692|142|4|4|求你向我右邊觀看，因為沒有人認識我；我無處避難，也沒有人眷顧我。|zh
4693|142|4|4|Looking to my right side, I saw no man who was my friend: I had no safe place; no one had any care for my soul.|en
4694|142|5|5|耶和華啊，我曾向你哀求。我說：你是我的避難所；在活人之地，你是我的福分。|zh
4695|142|5|5|I have made my cry to you, O Lord; I have said, You are my safe place, and my heritage in the land of the living.|en
4696|142|6|6|求你側耳聽我的呼求，因我落到極卑之地；求你救我脫離逼迫我的人，因為他們比我強盛。|zh
4697|142|6|6|Give ear to my cry, for I am made very low: take me out of the hands of my haters, for they are stronger than I.|en
4698|142|7|7|求你領我出離被囚之地，我好稱讚你的名。義人必環繞我，因為你是用厚恩待我。|zh
4699|142|7|7|Take my soul out of prison, so that I may give praise to your name: the upright will give praise because of me; for you have given me a full reward.|en
4700|143|1|1|（大衛的詩。）耶和華啊，求你聽我的禱告，留心聽我的懇求，憑你的信實和公義應允我。|zh
4701|143|1|1|- A Psalm. Of David. - Let my prayer come to you, O Lord; give ear to my requests for your grace; keep faith with me, and give me an answer in your righteousness;|en
4702|143|2|2|求你不要審問僕人；因為在你面前，凡活著的人沒有一個是義的。|zh
4703|143|2|2|Let not your servant come before you to be judged; for no man living is upright in your eyes.|en
4704|143|3|3|原來仇敵逼迫我，將我打倒在地，使我住在幽暗之處，像死了許久的人一樣。|zh
4705|143|3|3|The evil man has gone after my soul; my life is crushed down to the earth: he has put me in the dark, like those who have long been dead.|en
4706|143|4|4|所以，我的靈在我裡面發昏；我的心在我裡面悽慘。|zh
4707|143|4|4|Because of this my spirit is overcome; and my heart is full of fear.|en
4708|143|5|5|我追想古時之日，思想你的一切作為，默念你手的工作。|zh
4709|143|5|5|I keep in mind the early days of the past, giving thought to all your acts, even to the work of your hands.|en
4710|143|6|6|我向你舉手；我的心渴想你，如乾旱之地盼雨一樣。（細拉）|zh
4711|143|6|6|My hands are stretched out to you: my soul is turned to you, like a land in need of water. (Selah.)|en
4712|143|7|7|耶和華啊，求你速速應允我！我心神耗盡！不要向我掩面，免得我像那些下坑的人一樣。|zh
4713|143|7|7|Be quick in answering me, O Lord, for the strength of my spirit is gone: let me see your face, so that I may not be like those who go down into the underworld.|en
4714|143|8|8|求你使我清晨得聽你慈愛之言，因我倚靠你；求你使我知道當行的路，因我的心仰望你。|zh
4715|143|8|8|Let the story of your mercy come to me in the morning, for my hope is in you: give me knowledge of the way in which I am to go; for my soul is lifted up to you.|en
4716|143|9|9|耶和華啊，求你救我脫離我的仇敵！我往你那裡藏身。|zh
4717|143|9|9|O Lord, take me out of the hands of my haters; my soul is waiting for you.|en
4718|143|10|10|求你指教我遵行你的旨意，因你是我的神。你的靈本為善；求你引我到平坦之地。|zh
4719|143|10|10|Give me teaching so that I may do your pleasure; for you are my God: let your good Spirit be my guide into the land of righteousness.|en
4720|143|11|11|耶和華啊，求你為你的名將我救活，憑你的公義，將我從患難中領出來，|zh
4721|143|11|11|Give me life, O Lord, because of your name; in your righteousness take my soul out of trouble.|en
4722|143|12|12|憑你的慈愛剪除我的仇敵，滅絕一切苦待我的人，因我是你的僕人。|zh
4723|143|12|12|And in your mercy put an end to my haters, and send destruction on all those who are against my soul; for I am your servant.|en
4724|144|1|1|（大衛的詩。）耶和華─我的磐石是應當稱頌的！他教導我的手爭戰，教導我的指頭打仗。|zh
4725|144|1|1|- A Psalm. Of David. - Praise be to the God of my strength, teaching my hands the use of the sword, and my fingers the art of fighting:|en
4726|144|2|2|他是我慈愛的主，我的山寨，我的高臺，我的救主，我的盾牌，是我所投靠的；他使我的百姓服在我以下。|zh
4727|144|2|2|He is my strength, and my Rock; my high tower, and my saviour; my keeper and my hope: he gives me authority over my people.|en
4728|144|3|3|耶和華啊，人算甚麼，你竟認識他！世人算甚麼，你竟顧念他！|zh
4729|144|3|3|Lord, what is man, that you keep him in mind? or the son of man that you take him into account?|en
4730|144|4|4|人好像一口氣；他的年日如同影兒快快過去。|zh
4731|144|4|4|Man is like a breath: his life is like a shade which is quickly gone.|en
4732|144|5|5|耶和華啊，求你使天下垂，親自降臨，摸山，山就冒煙。|zh
4733|144|5|5|Come down, O Lord, from your heavens: at your touch let the mountains give out smoke.|en
4734|144|6|6|求你發出閃電，使他們四散，射出你的箭，使他們擾亂。|zh
4735|144|6|6|With your storm-flames send them in flight: send out your arrows for their destruction.|en
4736|144|7|7|求你從上伸手救拔我，救我出離大水，救我脫離外邦人的手。|zh
4737|144|7|7|Put out your hand from on high; make me free, take me safely out of the great waters, and out of the hands of strange men;|en
4738|144|8|8|他們的口說謊話；他們的右手起假誓。|zh
4739|144|8|8|In whose mouths are false words, and whose right hand is a right hand of deceit.|en
4740|144|9|9|神啊，我要向你唱新歌，用十弦瑟向你歌頌。|zh
4741|144|9|9|I will make a new song to you, O God; I will make melody to you on an instrument of ten cords.|en
4742|144|10|10|你是那拯救君王的；你是那救僕人大衛脫離害命之刀的。|zh
4743|144|10|10|It is God who gives salvation to kings; and who kept his servant David from the wounding sword.|en
4744|144|11|11|求你救拔我，救我脫離外邦人的手。他們的口說謊話；他們的右手起假誓。|zh
4745|144|11|11|Make me free, and take me out of the hands of strange men, in whose mouths are false words, and whose right hand is a right hand of deceit.|en
4746|144|12|12|我們的兒子從幼年好像樹栽子長大；我們的女兒如同殿角石，是按建宮的樣式鑿成的。|zh
4747|144|12|12|Our sons are like tall young plants; and our daughters like the shining stones of a king's house;|en
4748|144|13|13|我們的倉盈滿，能出各樣的糧食；我們的羊在田間孳生千萬。|zh
4749|144|13|13|Our store-houses are full of all good things; and our sheep give birth to thousands and ten thousands in our fields.|en
4750|144|14|14|我們的牛馱著滿馱，沒有人闖進來搶奪，也沒有人出去爭戰；我們的街市上也沒有哭號的聲音。|zh
4751|144|14|14|Our oxen are well weighted down; our cows give birth safely; there is no going out, and there is no cry of sorrow in our open places.|en
4752|144|15|15|遇見這光景的百姓便為有福！有耶和華為他們的神，這百姓便為有福！|zh
4753|144|15|15|Happy is the nation whose ways are so ordered: yes, happy is the nation whose God is the Lord.|en
4754|145|1|1|（大衛的讚美詩。）我的神我的王啊，我要尊崇你！我要永永遠遠稱頌你的名！|zh
4755|145|1|1|- A Song of praise. Of David. - Let me give glory to you, O God, my King; and blessing to your name for ever and ever.|en
4756|145|2|2|我要天天稱頌你，也要永永遠遠讚美你的名！|zh
4757|145|2|2|Every day will I give you blessing, praising your name for ever and ever.|en
4758|145|3|3|耶和華本為大，該受大讚美；其大無法測度。|zh
4759|145|3|3|Great is the Lord, and greatly to be praised; his power may never be searched out.|en
4760|145|4|4|這代要對那代頌讚你的作為，也要傳揚你的大能。|zh
4761|145|4|4|One generation after another will give praise to your great acts, and make clear the operation of your strength.|en
4762|145|5|5|我要默念你威嚴的尊榮和你奇妙的作為。|zh
4763|145|5|5|My thoughts will be of the honour and glory of your rule, and of the wonder of your works.|en
4764|145|6|6|人要傳說你可畏之事的能力；我也要傳揚你的大德。|zh
4765|145|6|6|Men will be talking of the power and fear of your acts; I will give word of your glory.|en
4766|145|7|7|他們記念你的大恩就要傳出來，並要歌唱你的公義。|zh
4767|145|7|7|Their sayings will be full of the memory of all your mercy, and they will make songs of your righteousness.|en
4768|145|8|8|耶和華有恩惠，有憐憫，不輕易發怒，大有慈愛。|zh
4769|145|8|8|The Lord is full of grace and pity; not quickly angry, but great in mercy.|en
4770|145|9|9|耶和華善待萬民；他的慈悲覆庇他一切所造的。|zh
4771|145|9|9|The Lord is good to all men; and his mercies are over all his works.|en
4772|145|10|10|耶和華啊，你一切所造的都要稱謝你；你的聖民也要稱頌你，|zh
4773|145|10|10|All the works of your hands give praise to you, O Lord; and your saints give you blessing.|en
4774|145|11|11|傳說你國的榮耀，談論你的大能，|zh
4775|145|11|11|Their words will be of the glory of your kingdom, and their talk of your strength;|en
4776|145|12|12|好叫世人知道你大能的作為，並你國度威嚴的榮耀。|zh
4777|145|12|12|So that the sons of men may have knowledge of his acts of power, and of the great glory of his kingdom.|en
4778|145|13|13|你的國是永遠的國！你執掌的權柄存到萬代！|zh
4779|145|13|13|Your kingdom is an eternal kingdom, and your rule is through all generations.|en
4780|145|14|14|凡跌倒的，耶和華將他們扶持；凡被壓下的，將他們扶起。|zh
4781|145|14|14|The Lord is the support of all who are crushed, and the lifter up of all who are bent down.|en
4782|145|15|15|萬民都舉目仰望你；你隨時給他們食物。|zh
4783|145|15|15|The eyes of all men are waiting for you; and you give them their food in its time.|en
4784|145|16|16|你張手，使有生氣的都隨願飽足。|zh
4785|145|16|16|By the opening of your hand, every living thing has its desire in full measure.|en
4786|145|17|17|耶和華在他一切所行的，無不公義；在他一切所做的都有慈愛。|zh
4787|145|17|17|The Lord is upright in all his ways, and kind in all his works.|en
4788|145|18|18|凡求告耶和華的，就是誠心求告他的，耶和華便與他們相近。|zh
4789|145|18|18|The Lord is near all those who give honour to his name; even to all who give honour to him with true hearts.|en
4790|145|19|19|敬畏他的，他必成就他們的心願，也必聽他們的呼求，拯救他們。|zh
4791|145|19|19|To his worshippers, he will give their desire; their cry comes to his ears, and he gives them salvation.|en
4792|145|20|20|耶和華保護一切愛他的人，卻要滅絕一切的惡人。|zh
4793|145|20|20|The Lord will keep all his worshippers from danger; but he will send destruction on all sinners.|en
4794|145|21|21|我的口要說出讚美耶和華的話；惟願凡有血氣的都永永遠遠稱頌他的聖名。|zh
4795|145|21|21|My mouth will give praise to the Lord; let all flesh be blessing his holy name for ever and ever.|en
4796|146|1|1|你們要讚美耶和華！我的心哪，你要讚美耶和華！|zh
4797|146|1|1|Let the Lord be praised. Give praise to the Lord, O my soul.|en
4798|146|2|2|我一生要讚美耶和華！我還活的時候要歌頌我的神！|zh
4799|146|2|2|While I have breath I will give praise to the Lord: I will make melody to my God while I have my being.|en
4800|146|3|3|你們不要倚靠君王，不要倚靠世人；他一點不能幫助。|zh
4801|146|3|3|Put not your faith in rulers, or in the son of man, in whom there is no salvation.|en
4802|146|4|4|他的氣一斷，就歸回塵土；他所打算的，當日就消滅了。|zh
4803|146|4|4|Man's breath goes out, he is turned back again to dust; in that day all his purposes come to an end.|en
4804|146|5|5|以雅各的神為幫助、仰望耶和華─他神的，這人便為有福！|zh
4805|146|5|5|Happy is the man who has the God of Jacob for his help, whose hope is in the Lord his God:|en
4806|146|6|6|耶和華造天、地、海，和其中的萬物；他守誠實，直到永遠。|zh
4807|146|6|6|Who made heaven and earth, the sea, and all things in them; who keeps faith for ever:|en
4808|146|7|7|他為受屈的伸冤，賜食物與飢餓的。耶和華釋放被囚的；|zh
4809|146|7|7|Who gives their rights to those who are crushed down; and gives food to those who are in need of it: the Lord makes the prisoners free;|en
4810|146|8|8|耶和華開了瞎子的眼睛；耶和華扶起被壓下的人。耶和華喜愛義人。|zh
4811|146|8|8|The Lord makes open the eyes of the blind; the Lord is the lifter up of those who are bent down; the Lord is a lover of the upright;|en
4812|146|9|9|耶和華保護寄居的，扶持孤兒和寡婦，卻使惡人的道路彎曲。|zh
4813|146|9|9|The Lord takes care of those who are in a strange land; he gives help to the widow and to the child who has no father; but he sends destruction on the way of sinners.|en
4814|146|10|10|耶和華要作王，直到永遠！錫安哪，你的神要作王，直到萬代！你們要讚美耶和華！|zh
4815|146|10|10|The Lord will be King for ever; your God, O Zion, will be King through all generations. Praise be to the Lord.|en
4816|147|1|1|你們要讚美耶和華！因歌頌我們的神為善為美；讚美的話是合宜的。|zh
4817|147|1|1|Give praise to the Lord; for it is good to make melody to our God; praise is pleasing and beautiful.|en
4818|147|2|2|耶和華建造耶路撒冷，聚集以色列中被趕散的人。|zh
4819|147|2|2|The Lord is building up Jerusalem; he makes all the outlaws of Israel come together.|en
4820|147|3|3|他醫好傷心的人，裹好他們的傷處。|zh
4821|147|3|3|He makes the broken-hearted well, and puts oil on their wounds.|en
4822|147|4|4|他數點星宿的數目，一一稱他的名。|zh
4823|147|4|4|He sees the number of the stars; he gives them all their names.|en
4824|147|5|5|我們的主為大，最有能力；他的智慧無法測度。|zh
4825|147|5|5|Great is our Lord, and great his power; there is no limit to his wisdom.|en
4826|147|6|6|耶和華扶持謙卑人，將惡人傾覆於地。|zh
4827|147|6|6|The Lord gives help to the poor in spirit; but he sends sinners down in shame.|en
4828|147|7|7|你們要以感謝向耶和華歌唱，用琴向我們的神歌頌。|zh
4829|147|7|7|Make songs of praise to the Lord; make melody to our God with instruments of music.|en
4830|147|8|8|他用雲遮天，為地降雨，使草生長在山上。|zh
4831|147|8|8|By his hand the heaven is covered with clouds and rain is stored up for the earth; he makes the grass tall on the mountains.|en
4832|147|9|9|他賜食給走獸和啼叫的小烏鴉。|zh
4833|147|9|9|He gives food to every beast, and to the young ravens in answer to their cry.|en
4834|147|10|10|他不喜悅馬的力大，不喜愛人的腿快。|zh
4835|147|10|10|He has no delight in the strength of a horse; he takes no pleasure in the legs of a man.|en
4836|147|11|11|耶和華喜愛敬畏他和盼望他慈愛的人。|zh
4837|147|11|11|The Lord takes pleasure in his worshippers, and in those whose hope is in his mercy.|en
4838|147|12|12|耶路撒冷啊，你要頌讚耶和華！錫安哪，你要讚美你的神！|zh
4839|147|12|12|Give praise to the Lord, O Jerusalem; give praise to your God, O Zion.|en
4840|147|13|13|因為他堅固了你的門閂，賜福給你中間的兒女。|zh
4841|147|13|13|He has made strong the iron bands of your doors; he has sent blessings on your children inside your walls.|en
4842|147|14|14|他使你境內平安，用上好的麥子使你滿足。|zh
4843|147|14|14|He gives peace in all your land, making your stores full of fat grain.|en
4844|147|15|15|他發命在地；他的話頒行最快。|zh
4845|147|15|15|He sends out his orders to the earth; his word goes out quickly.|en
4846|147|16|16|他降雪如羊毛，撒霜如爐灰。|zh
4847|147|16|16|He gives snow like wool; he sends out ice-drops like dust.|en
4848|147|17|17|他擲下冰雹如碎渣；他發出寒冷，誰能當得起呢？|zh
4849|147|17|17|He sends down ice like raindrops: water is made hard by his cold.|en
4850|147|18|18|他一出令，這些就都消化；他使風颳起，水便流動。|zh
4851|147|18|18|At the outgoing of his word, the ice is turned to water; when he sends out his wind, there is a flowing of waters.|en
4852|147|19|19|他將他的道指示雅各，將他的律例典章指示以色列。|zh
4853|147|19|19|He makes his word clear to Jacob, teaching Israel his laws and his decisions.|en
4854|147|20|20|別國他都沒有這樣待過；至於他的典章，他們向來沒有知道。你們要讚美耶和華！|zh
4855|147|20|20|He has not done these things for any other nation: and as for his laws, they have no knowledge of them. Let the Lord be praised.|en
4856|148|1|1|你們要讚美耶和華！從天上讚美耶和華，在高處讚美他！|zh
4857|148|1|1|Give praise to the Lord. Let the Lord be praised from the heavens: give him praise in the skies.|en
4858|148|2|2|他的眾使者都要讚美他！他的諸軍都要讚美他！|zh
4859|148|2|2|Give praise to him, all you his angels: give praise to him, all his armies.|en
4860|148|3|3|日頭月亮，你們要讚美他！放光的星宿，你們都要讚美他！|zh
4861|148|3|3|Give praise to him, you sun and moon: give praise to him, all you stars of light.|en
4862|148|4|4|天上的天和天上的水，你們都要讚美他！|zh
4863|148|4|4|Give praise to him, you highest heavens, and you waters which are over the heavens.|en
4864|148|5|5|願這些都讚美耶和華的名！因他一吩咐便都造成。|zh
4865|148|5|5|Let them give praise to the name of the Lord: for he gave the order, and they were made.|en
4866|148|6|6|他將這些立定，直到永永遠遠；他定了命，不能廢去（或譯：越過）。|zh
4867|148|6|6|He has put them in their places for ever; he has given them their limits which may not be broken.|en
4868|148|7|7|所有在地上的，大魚和一切深洋，|zh
4869|148|7|7|Give praise to the Lord from the earth, you great sea-beasts, and deep places:|en
4870|148|8|8|火與冰雹，雪和霧氣，成就他命的狂風，|zh
4871|148|8|8|Fire and rain of ice, snow and mists; storm-wind, doing his word:|en
4872|148|9|9|大山和小山，結果的樹木和一切香柏樹，|zh
4873|148|9|9|Mountains and all hills; fruit-trees and all trees of the mountains:|en
4874|148|10|10|野獸和一切牲畜，昆蟲和飛鳥，|zh
4875|148|10|10|Beasts and all cattle; insects and winged birds:|en
4876|148|11|11|世上的君王和萬民，首領和世上一切審判官，|zh
4877|148|11|11|Kings of the earth, and all peoples; rulers and all judges of the earth:|en
4878|148|12|12|少年人和處女，老年人和孩童，都當讚美耶和華！|zh
4879|148|12|12|Young men and virgins; old men and children:|en
4880|148|13|13|願這些都讚美耶和華的名！因為獨有他的名被尊崇；他的榮耀在天地之上。|zh
4881|148|13|13|Let them give glory to the name of the Lord: for his name only is to be praised: his kingdom is over the earth and the heaven.|en
4882|148|14|14|他將他百姓的角高舉，因此他（或譯：他使）一切聖民以色列人，就是與他相近的百姓，都讚美他！你們要讚美耶和華！|zh
4883|148|14|14|He has put on high the horn of his people, for the praise of all his saints; even the children of Israel, a people which is near to him. Let the Lord be praised.|en
4884|149|1|1|你們要讚美耶和華！向耶和華唱新歌，在聖民的會中讚美他！|zh
4885|149|1|1|Let the Lord be praised. Make a new song to the Lord, let his praise be in the meeting of his saints.|en
4886|149|2|2|願以色列因造他的主歡喜！願錫安的民因他們的王快樂！|zh
4887|149|2|2|Let Israel have joy in his maker; let the children of Zion be glad in their King.|en
4888|149|3|3|願他們跳舞讚美他的名，擊鼓彈琴歌頌他！|zh
4889|149|3|3|Let them give praise to his name in the dance: let them make melody to him with instruments of brass and corded instruments of music.|en
4890|149|4|4|因為耶和華喜愛他的百姓；他要用救恩當作謙卑人的妝飾。|zh
4891|149|4|4|For the Lord has pleasure in his people: he gives the poor in spirit a crown of salvation.|en
4892|149|5|5|願聖民因所得的榮耀高興！願他們在床上歡呼！|zh
4893|149|5|5|Let the saints have joy and glory: let them give cries of joy on their beds.|en
4894|149|6|6|願他們口中稱讚神為高，手裡有兩刃的刀，|zh
4895|149|6|6|Let the high praises of God be in their mouths, and a two-edged sword in their hands;|en
4896|149|7|7|為要報復列邦，刑罰萬民。|zh
4897|149|7|7|To give the nations the reward of their sins, and the peoples their punishment;|en
4898|149|8|8|要用鍊子捆他們的君王，用鐵鐐鎖他們的大臣；|zh
4899|149|8|8|To put their kings in chains, and their rulers in bands of iron;|en
4900|149|9|9|要在他們身上施行所記錄的審判。他的聖民都有這榮耀。你們要讚美耶和華！|zh
4901|149|9|9|To give them the punishment which is in the holy writings: this honour is given to all his saints. Praise be to the Lord.|en
4902|150|1|1|你們要讚美耶和華！在神的聖所讚美他！在他顯能力的穹蒼讚美他！|zh
4903|150|1|1|Let the Lord be praised. Give praise to God in his holy place: give him praise in the heaven of his power.|en
4904|150|2|2|要因他大能的作為讚美他，按著他極美的大德讚美他！|zh
4905|150|2|2|Give him praise for his acts of power: give him praise in the measure of his great strength.|en
4906|150|3|3|要用角聲讚美他，鼓瑟彈琴讚美他！|zh
4907|150|3|3|Give him praise with the sound of the horn: give him praise with corded instruments of music.|en
4908|150|4|4|擊鼓跳舞讚美他！用絲弦的樂器和簫的聲音讚美他！|zh
4909|150|4|4|Give him praise with instruments of brass and in the dance: give him praise with horns and corded instruments.|en
4910|150|5|5|用大響的鈸讚美他！用高聲的鈸讚美他！|zh
4911|150|5|5|Give him praise with the loud brass: give him praise with the high-sounding brass.|en
4912|150|6|6|凡有氣息的都要讚美耶和華！你們要讚美耶和華！|zh
4913|150|6|6|Let everything which has breath give praise to the Lord. Let the Lord be praised.|en
