|chapter|sec|no|content|lang
0|1|1|1|當烏西雅、約坦、亞哈斯、希西家作猶大王的時候，亞摩斯的兒子以賽亞得默示，論到猶大和耶路撒冷。|zh
1|1|1|1|The vision of Isaiah, the son of Amoz, which he saw about Judah and Jerusalem, in the days of Uzziah, Jotham, Ahaz, and Hezekiah, kings of Judah.|en
2|1|2|2|天哪，要聽！地啊，側耳而聽！因為耶和華說：我養育兒女，將他們養大，他們竟悖逆我。|zh
3|1|2|2|Give ear, O heavens, and you, O earth, to the word which the Lord has said: I have taken care of my children till they became men, but their hearts have been turned away from me.|en
4|1|3|3|牛認識主人，驢認識主人的槽，以色列卻不認識；我的民卻不留意。|zh
5|1|3|3|Even the ox has knowledge of its owner, and the ass of the place where its master puts its food: but Israel has no knowledge, my people give no thought to me.|en
6|1|4|4|嗐！犯罪的國民，擔著罪孽的百姓；行惡的種類，敗壞的兒女！他們離棄耶和華，藐視以色列的聖者，與他生疏，往後退步。|zh
7|1|4|4|O nation full of sin, a people weighted down with crime, a generation of evil-doers, false-hearted children: they have gone away from the Lord, they have no respect for the Holy One of Israel, their hearts are turned back from him.|en
8|1|5|5|你們為甚麼屢次悖逆，還要受責打嗎？你們已經滿頭疼痛，全心發昏。|zh
9|1|5|5|Why will you have more and more punishment? why keep on in your evil ways? Every head is tired and every heart is feeble.|en
10|1|6|6|從腳掌到頭頂，沒有一處完全的，盡是傷口、青腫，與新打的傷痕，都沒有收口，沒有纏裹，也沒有用膏滋潤。|zh
11|1|6|6|The body, from head to foot, is all diseased; it is a mass of open wounds, marks of blows, and broken flesh: the flow of blood has not been stopped, and no oil has been put on the wounds.|en
12|1|7|7|你們的地土已經荒涼；你們的城邑被火焚燬。你們的田地在你們眼前為外邦人所侵吞，既被外邦人傾覆就成為荒涼。|zh
13|1|7|7|Your country has become waste; your towns are burned with fire; as for your land, it is overturned before your eyes, made waste and overcome by men from strange lands.|en
14|1|8|8|僅存錫安城（原文是女子），好像葡萄園的草棚，瓜田的茅屋，被圍困的城邑。|zh
15|1|8|8|And the daughter of Zion has become like a tent in a vine-garden, like a watchman's house in a field of fruit, like a town shut in by armies.|en
16|1|9|9|若不是萬軍之耶和華給我們稍留餘種，我們早已像所多瑪、蛾摩拉的樣子了。|zh
17|1|9|9|If the Lord of armies had not kept some at least of us safe, we would have been like Sodom, and the fate of Gomorrah would have been ours.|en
18|1|10|10|你們這所多瑪的官長啊，要聽耶和華的話！你們這蛾摩拉的百姓啊，要側耳聽我們神的訓誨！|zh
19|1|10|10|Give ear to the word of the Lord, you rulers of Sodom; let your hearts be turned to the law of our God, you people of Gomorrah.|en
20|1|11|11|耶和華說：你們所獻的許多祭物與我何益呢？公綿羊的燔祭和肥畜的脂油，我已經夠了；公牛的血，羊羔的血，公山羊的血，我都不喜悅。|zh
21|1|11|11|What use to me is the number of the offerings which you give me? says the Lord; your burned offerings of sheep, and the best parts of fat cattle, are a weariness to me; I take no pleasure in the blood of oxen, or of lambs, or of he-goats.|en
22|1|12|12|你們來朝見我，誰向你們討這些，使你們踐踏我的院宇呢？|zh
23|1|12|12|At whose request do you come before me, making my house unclean with your feet?|en
24|1|13|13|你們不要再獻虛浮的供物。香品是我所憎惡的；月朔和安息日，並宣召的大會，也是我所憎惡的；作罪孽，又守嚴肅會，我也不能容忍。|zh
25|1|13|13|Give me no more false offerings; the smoke of burning flesh is disgusting to me, so are your new moons and Sabbaths and your holy meetings.|en
26|1|14|14|你們的月朔和節期，我心裡恨惡，我都以為麻煩；我擔當，便不耐煩。|zh
27|1|14|14|Your new moons and your regular feasts are a grief to my soul: they are a weight in my spirit; I am crushed under them.|en
28|1|15|15|你們舉手禱告，我必遮眼不看；就是你們多多地祈禱，我也不聽。你們的手都滿了殺人的血。|zh
29|1|15|15|And when your hands are stretched out to me, my eyes will be turned away from you: even though you go on making prayers, I will not give ear: your hands are full of blood.|en
30|1|16|16|你們要洗濯、自潔，從我眼前除掉你們的惡行，要止住作惡，|zh
31|1|16|16|Be washed, make yourselves clean; put away the evil of your doings from before my eyes; let there be an end of sinning;|en
32|1|17|17|學習行善，尋求公平，解救受欺壓的；給孤兒伸冤，為寡婦辨屈。|zh
33|1|17|17|Take pleasure in well-doing; let your ways be upright, keep down the cruel, give a right decision for the child who has no father, see to the cause of the widow.|en
34|1|18|18|耶和華說：你們來，我們彼此辯論。你們的罪雖像硃紅，必變成雪白；雖紅如丹顏，必白如羊毛。|zh
35|1|18|18|Come now, and let us have an argument together, says the Lord: how may your sins which are red like blood be white as snow? how may their dark purple seem like wool?|en
36|1|19|19|你們若甘心聽從，必吃地上的美物，|zh
37|1|19|19|If you will give ear to my word and do it, the good things of the land will be yours;|en
38|1|20|20|若不聽從，反倒悖逆，必被刀劍吞滅。這是耶和華親口說的。|zh
39|1|20|20|But if your hearts are turned against me, I will send destruction on you by the sword; so the Lord has said.|en
40|1|21|21|可歎，忠信的城變為妓女！從前充滿了公平，公義居在其中，現今卻有兇手居住。|zh
41|1|21|21|The upright town has become untrue; there was a time when her judges gave right decisions, when righteousness had a resting-place in her, but now she is full of those who take men's lives.|en
42|1|22|22|你的銀子變為渣滓；你的酒用水攙對。|zh
43|1|22|22|Your silver is no longer true metal, your wine is mixed with water.|en
44|1|23|23|你的官長居心悖逆，與盜賊作伴，各都喜愛賄賂，追求贓私。他們不為孤兒伸冤；寡婦的案件也不得呈到他們面前。|zh
45|1|23|23|Your chiefs have gone against the Lord, they have become friends of thieves; every one of them is looking for profit and going after rewards; they do not give right decisions for the child who has no father, and they do not let the cause of the widow come before them.|en
46|1|24|24|因此，主─萬軍之耶和華、以色列的大能者說：哎！我要向我的對頭雪恨，向我的敵人報仇。|zh
47|1|24|24|For this reason the Lord, the Lord of armies, the Strong One of Israel, has said, I will put an end to my haters, and send punishment on those who are against me;|en
48|1|25|25|我必反手加在你身上，煉盡你的渣滓，除淨你的雜質。|zh
49|1|25|25|And my hand will again be on you, washing away what is unclean as with soap, and taking away all your false metal;|en
50|1|26|26|我也必復還你的審判官，像起初一樣，復還你的謀士，像起先一般。然後，你必稱為公義之城，忠信之邑。|zh
51|1|26|26|And I will give you judges again as at the first, and wise guides as in the past; then you will be named, The Town of Righteousness, the true town.|en
52|1|27|27|錫安必因公平得蒙救贖；其中歸正的人必因公義得蒙救贖。|zh
53|1|27|27|Upright acts will be the price of Zion's forgiveness, and by righteousness will men be living there.|en
54|1|28|28|但悖逆的和犯罪的必一同敗亡；離棄耶和華的必致消滅。|zh
55|1|28|28|But a common destruction will overtake sinners and evil-doers together, and those who have gone away from the Lord will be cut off.|en
56|1|29|29|那等人必因你們所喜愛的橡樹抱愧；你們必因所選擇的園子蒙羞。|zh
57|1|29|29|For you will be put to shame because of the trees of your desire, and because of the gardens of your pleasure.|en
58|1|30|30|因為，你們必如葉子枯乾的橡樹，好像無水澆灌的園子。|zh
59|1|30|30|For you will be like a tree whose leaves have become dry, and like a garden without water.|en
60|1|31|31|有權勢的必如麻瓤；他的工作好像火星，都要一同焚燬，無人撲滅。|zh
61|1|31|31|And the strong will be as food for the fire, and his work as a flame; and they will be burned together, with no one to put out the fire.|en
62|2|1|1|亞摩斯的兒子以賽亞得默示，論到猶大和耶路撒冷。|zh
63|2|1|1|The word which Isaiah, the son of Amoz, saw about Judah and Jerusalem.|en
64|2|2|2|末後的日子，耶和華殿的山必堅立，超乎諸山，高舉過於萬嶺；萬民都要流歸這山。|zh
65|2|2|2|And it will come about in the last days, that the mountain of the Lord will be placed on the top of the mountains, and be lifted up over the hills; and all nations will come to it.|en
66|2|3|3|必有許多國的民前往，說：來吧，我們登耶和華的山，奔雅各神的殿。主必將他的道教訓我們；我們也要行他的路。因為訓誨必出於錫安；耶和華的言語必出於耶路撒冷。|zh
67|2|3|3|And the peoples will say, Come, and let us go up to the mountain of the Lord, to the house of the God of Jacob: and he will give us knowledge of his ways, and we will be guided by his word; for out of Zion the law will go out, and the word of the Lord from Jerusalem.|en
68|2|4|4|他必在列國中施行審判，為許多國民斷定是非。他們要將刀打成犁頭，把槍打成鐮刀。這國不舉刀攻擊那國；他們也不再學習戰事。|zh
69|2|4|4|And he will be the judge between the nations, and the peoples will be ruled by his decisions: and their swords will be turned into plough-blades, and their spears into vine-knives: no longer will the nations be turning their swords against one another, and the knowledge of war will be gone for ever.|en
70|2|5|5|雅各家啊，來吧！我們在耶和華的光明中行走。|zh
71|2|5|5|O family of Jacob, come, and let us go in the light of the Lord.|en
72|2|6|6|耶和華，你離棄了你百姓雅各家，是因他們充滿了東方的風俗，作觀兆的，像非利士人一樣，並與外邦人擊掌。|zh
73|2|6|6|For you, O Lord, have given up your people, the family of Jacob, because they are full of the evil ways of the east, and make use of secret arts like the Philistines, and are friends with the children of strange countries.|en
74|2|7|7|他們的國滿了金銀，財寶也無窮；他們的地滿了馬匹，車輛也無數。|zh
75|2|7|7|And their land is full of silver and gold, and there is no end to their stores; their land is full of horses, and there is no end to their carriages.|en
76|2|8|8|他們的地滿了偶像；他們跪拜自己手所造的，就是自己指頭所做的。|zh
77|2|8|8|Their land is full of images; they give worship to the work of their hands, even to that which their fingers have made.|en
78|2|9|9|卑賤人屈膝；尊貴人下跪；所以不可饒恕他們。|zh
79|2|9|9|And the poor man's head is bent, and the great man goes down on his face: for this cause there will be no forgiveness for their sin.|en
80|2|10|10|你當進入巖穴，藏在土中，躲避耶和華的驚嚇和他威嚴的榮光。|zh
81|2|10|10|Go into a hole in the rock, covering yourselves with dust, in fear of the Lord, before the glory of his power.|en
82|2|11|11|到那日，眼目高傲的必降為卑；性情狂傲的都必屈膝；惟獨耶和華被尊崇。|zh
83|2|11|11|The high looks of man will be put to shame, and the pride of men will be made low, and only the Lord will be lifted up in that day.|en
84|2|12|12|必有萬軍耶和華降罰的一個日子，要臨到驕傲狂妄的；一切自高的都必降為卑；|zh
85|2|12|12|For the day of the Lord of armies is coming on all the pride of men, and on all who are high and lifted up;|en
86|2|13|13|又臨到利巴嫩高大的香柏樹和巴珊的橡樹；|zh
87|2|13|13|And on all the high trees of Lebanon, and on all the strong trees of Bashan;|en
88|2|14|14|又臨到一切高山的峻嶺；|zh
89|2|14|14|And on all the high mountains, and on all the hills which are lifted up;|en
90|2|15|15|又臨到高臺和堅固城牆；|zh
91|2|15|15|And on every high tower, and on every strong wall;|en
92|2|16|16|又臨到他施的船隻並一切可愛的美物。|zh
93|2|16|16|And on all the ships of Tarshish, and on all the fair boats.|en
94|2|17|17|驕傲的必屈膝；狂妄的必降卑。在那日，惟獨耶和華被尊崇；|zh
95|2|17|17|And the high looks of man will be put to shame, and the pride of men will be made low: and only the Lord will be lifted up in that day.|en
96|2|18|18|偶像必全然廢棄。|zh
97|2|18|18|And the images will never be seen again.|en
98|2|19|19|耶和華興起，使地大震動的時候，人就進入石洞，進入土穴，躲避耶和華的驚嚇和他威嚴的榮光。|zh
99|2|19|19|And men will go into cracks of the rocks, and into holes of the earth, for fear of the Lord, and before the glory of his power, when he comes out of his place, shaking the earth with his strength.|en
100|2|20|20|到那日，人必將為拜而造的金偶像、銀偶像拋給田鼠和蝙蝠。|zh
101|2|20|20|In that day men will put their images of silver and of gold, which they made for worship, in the keeping of the beasts of the dark places;|en
102|2|21|21|到耶和華興起，使地大震動的時候，人好進入磐石洞中和巖石穴裡，躲避耶和華的驚嚇和他威嚴的榮光。|zh
103|2|21|21|To take cover in the cracks of the rocks, and in the holes of the hills, for fear of the Lord, and before the glory of his power, when he comes out of his place, shaking the earth with his strength.|en
104|2|22|22|你們休要倚靠世人。他鼻孔裡不過有氣息；他在一切事上可算甚麼呢？|zh
105|2|22|22|Have no more to do with man, whose life is only a breath, for he is of no value.|en
106|3|1|1|主─萬軍之耶和華從耶路撒冷和猶大，除掉眾人所倚靠的，所仗賴的，就是所倚靠的糧，所仗賴的水；|zh
107|3|1|1|For the Lord, the Lord of armies, is about to take away from Jerusalem and from Judah all their support; their store of bread and of water;|en
108|3|2|2|除掉勇士和戰士，審判官和先知，占卜的和長老，|zh
109|3|2|2|The strong man and the man of war; the judge and the prophet; the man who has knowledge of secret arts, and the man who is wise because of his years;|en
110|3|3|3|五十夫長和尊貴人，謀士和有巧藝的，以及妙行法術的。|zh
111|3|3|3|The captain of fifty, and the man of high position, and the wise guide, and the wonder-worker, and he who makes use of secret powers.|en
112|3|4|4|主說：我必使孩童作他們的首領，使嬰孩轄管他們。|zh
113|3|4|4|And I will make children their chiefs, and foolish ones will have rule over them.|en
114|3|5|5|百姓要彼此欺壓；各人受鄰舍的欺壓。少年人必侮慢老年人；卑賤人必侮慢尊貴人。|zh
115|3|5|5|And the people will be crushed, every one by his neighbour; the young will be full of pride against the old, and those of low position will be lifted up against the noble.|en
116|3|6|6|人在父家拉住弟兄，說：你有衣服，可以作我們的官長。這敗落的事歸在你手下吧！|zh
117|3|6|6|When one man puts his hand on another in his father's house, and says, You have clothing, be our ruler and be responsible for us in our sad condition:|en
118|3|7|7|那時，他必揚聲說：我不作醫治你們的人；因我家中沒有糧食，也沒有衣服，你們不可立我作百姓的官長。|zh
119|3|7|7|Then he will say with an oath, I will not be a helper, for in my house there is no bread or clothing: I will not let you make me a ruler of the people.|en
120|3|8|8|耶路撒冷敗落，猶大傾倒；因為他們的舌頭和行為與耶和華反對，惹了他榮光的眼目。|zh
121|3|8|8|For Jerusalem has become feeble, and destruction has come on Judah, because their words and their acts are against the Lord, moving the eyes of his glory to wrath.|en
122|3|9|9|他們的面色證明自己的不正；他們述說自己的罪惡，並不隱瞞，好像所多瑪一樣。他們有禍了！因為作惡自害。|zh
123|3|9|9|Their respect for a man's position is a witness against them; and their sin is open to the view of all; like that of Sodom, it is not covered. A curse on their soul! for the measure of their sin is full.|en
124|3|10|10|你們要論義人說：他必享福樂，因為要吃自己行為所結的果子。|zh
125|3|10|10|Happy is the upright man! for he will have joy of the fruit of his ways.|en
126|3|11|11|惡人有禍了！他必遭災難！因為要照自己手所行的受報應。|zh
127|3|11|11|Unhappy is the sinner! for the reward of his evil doings will come on him.|en
128|3|12|12|至於我的百姓，孩童欺壓他們，婦女轄管他們。我的百姓啊，引導你的使你走錯，並毀壞你所行的道路。|zh
129|3|12|12|As for my people, their ruler is acting like a child, and those who have authority over them are women. O my people, your guides are the cause of your wandering, turning your footsteps out of the right way.|en
130|3|13|13|耶和華起來辯論，站著審判眾民。|zh
131|3|13|13|The Lord is ready to take up his cause against his people, and is about to come forward as their judge.|en
132|3|14|14|耶和華必審問他民中的長老和首領，說：吃盡葡萄園果子的就是你們；向貧窮人所奪的都在你們家中。|zh
133|3|14|14|The Lord comes to be the judge of their responsible men and of their rulers: it is you who have made waste the vine-garden, and in your houses is the property of the poor which you have taken by force.|en
134|3|15|15|主─萬軍之耶和華說：你們為何壓制我的百姓，搓磨貧窮人的臉呢？|zh
135|3|15|15|By what right are you crushing my people, and putting a bitter yoke on the necks of the poor? This is the word of the Lord, the Lord of armies.|en
136|3|16|16|耶和華又說：因為錫安的女子狂傲，行走挺項，賣弄眼目，俏步徐行，腳下玎璫，|zh
137|3|16|16|Again, the Lord has said, Because the daughters of Zion are full of pride, and go with outstretched necks and wandering eyes, with their foot-chains sounding when they go:|en
138|3|17|17|所以，主必使錫安的女子頭長禿瘡；耶和華又使他們赤露下體。|zh
139|3|17|17|The Lord will send disease on the heads of the daughters of Zion, and the Lord will let their secret parts be seen.|en
140|3|18|18|到那日，主必除掉他們華美的腳釧、髮網、月牙圈、|zh
141|3|18|18|In that day the Lord will take away the glory of their foot-rings, and their sun-jewels, and their moon-ornaments,|en
142|3|19|19|耳環、手鐲、蒙臉的帕子、|zh
143|3|19|19|The ear-rings, and the chains, and the delicate clothing,|en
144|3|20|20|華冠、足鍊、華帶、香盒、符囊、|zh
145|3|20|20|The head-bands, and the arm-chains, and the worked bands, and the perfume-boxes, and the jewels with secret powers,|en
146|3|21|21|戒指、鼻環、|zh
147|3|21|21|The rings, and the nose-jewels,|en
148|3|22|22|吉服、外套、雲肩、荷包、|zh
149|3|22|22|The feast-day dresses, and the robes, and the wide skirts, and the handbags,|en
150|3|23|23|手鏡、細麻衣、裹頭巾、蒙身的帕子。|zh
151|3|23|23|The looking-glasses, and the fair linen, and the high head-dresses, and the veils.|en
152|3|24|24|必有臭爛代替馨香，繩子代替腰帶，光禿代替美髮，麻衣繫腰代替華服，烙傷代替美容。|zh
153|3|24|24|And in the place of sweet spices will be an evil smell, and for a fair band a thick cord; for a well-dressed head there will be the cutting-off of the hair, and for a beautiful robe there will be the clothing of sorrow; the mark of the prisoner in place of the ornaments of the free.|en
154|3|25|25|你的男丁必倒在刀下；你的勇士必死在陣上。|zh
155|3|25|25|Your men will be put to the sword, and your men of war will come to destruction in the fight.|en
156|3|26|26|錫安（原文是他）的城門必悲傷、哀號；他必荒涼坐在地上。|zh
157|3|26|26|And in the public places of her towns will be sorrow and weeping; and she will be seated on the earth, waste and uncovered.|en
158|4|1|1|在那日，七個女人必拉住一個男人，說：我們吃自己的食物，穿自己的衣服，但求你許我們歸你名下；求你除掉我們的羞恥。|zh
159|4|1|1|And in that day seven women will put their hands on one man, saying, There will be no need for you to give us food or clothing, only let us go under your name, so that our shame may be taken away.|en
160|4|2|2|到那日，耶和華發生的苗必華美尊榮，地的出產必為以色列逃脫的人顯為榮華茂盛。|zh
161|4|2|2|In that day will the young growth of the Lord be beautiful in glory, and the fruit of the earth will be the pride of those who are still living in Israel.|en
162|4|3|3,4 |主以公義的靈和焚燒的靈，將錫安女子的污穢洗去，又將耶路撒冷中殺人的血除淨。那時，剩在錫安、留在耶路撒冷的，就是一切住耶路撒冷、在生命冊上記名的，必稱為聖。|zh
163|4|3|3|And it will come about that the rest of the living in Zion, and of those who have been kept from destruction in Jerusalem, will be named holy, even everyone who has been recorded for life in Jerusalem:|en
164|4|4|4|When Zion has been washed from her sin by the Lord, and Jerusalem made clean from her blood by a judging and a burning wind.|en
165|4|5|5|耶和華也必在錫安全山，並各會眾以上，使白日有煙雲，黑夜有火燄的光。因為在全榮耀之上必有遮蔽。|zh
166|4|5|5|And over every living-place on Mount Zion, all over all her meetings, the Lord will make a cloud and smoke by day, and the shining of a flaming fire by night, for over all, the glory of the Lord will be a cover and a tent;|en
167|4|6|6|必有亭子，白日可以得蔭避暑，也可以作為藏身之處，躲避狂風暴雨。|zh
168|4|6|6|And a shade in the daytime from the heat, and a safe cover from storm and from rain.|en
169|5|1|1|我要為我所親愛的唱歌，是我所愛者的歌，論他葡萄園的事：我所親愛的有葡萄園在肥美的山岡上。|zh
170|5|1|1|Let me make a song about my loved one, a song of love for his vine-garden. My loved one had a vine-garden on a fertile hill:|en
171|5|2|2|他刨挖園子，撿去石頭，栽種上等的葡萄樹，在園中蓋了一座樓，又鑿出壓酒池；指望結好葡萄，反倒結了野葡萄。|zh
172|5|2|2|And after working the earth of it with a spade, he took away its stones, and put in it a very special vine; and he put up a watchtower in the middle of it, hollowing out in the rock a place for the grape-crushing; and he was hoping that it would give the best grapes, but it gave common grapes.|en
173|5|3|3|耶路撒冷的居民和猶大人哪，請你們現今在我與我的葡萄園中，斷定是非。|zh
174|5|3|3|And now, you people of Jerusalem and you men of Judah, be the judges between me and my vine-garden.|en
175|5|4|4|我為我葡萄園所做之外，還有甚麼可做的呢？我指望結好葡萄，怎麼倒結了野葡萄呢？|zh
176|5|4|4|Is there anything which might have been done for my vine-garden which I have not done? why then, when I was hoping for the best grapes did it give me common grapes?|en
177|5|5|5|現在我告訴你們，我要向我葡萄園怎樣行：我必撤去籬笆，使他被吞滅，拆毀牆垣，使他被踐踏。|zh
178|5|5|5|And now, this is what I will do to my vine-garden: I will take away the circle of thorns round it, and it will be burned up; its wall will be broken down and the beasts of the field will go through it;|en
179|5|6|6|我必使他荒廢，不再修理，不再鋤刨，荊棘蒺藜倒要生長。我也必命雲不降雨在其上。|zh
180|5|6|6|And I will make it waste; its branches will not be touched with the knife, or the earth worked with the spade; but blackberries and thorns will come up in it: and I will give orders to the clouds not to send rain on it.|en
181|5|7|7|萬軍之耶和華的葡萄園就是以色列家；他所喜愛的樹就是猶大人。他指望的是公平，誰知倒有暴虐（或譯：倒流人血）；指望的是公義，誰知倒有冤聲。|zh
182|5|7|7|For the vine-garden of the Lord of armies is the people of Israel, and the men of Judah are the plant of his delight: and he was looking for upright judging, and there was blood; for righteousness, and there was a cry for help.|en
183|5|8|8|禍哉！那些以房接房，以地連地，以致不留餘地的，只顧自己獨居境內。|zh
184|5|8|8|Cursed are those who are joining house to house, and putting field to field, till there is no more living-space for any but themselves in all the land!|en
185|5|9|9|我耳聞萬軍之耶和華說：必有許多又大又美的房屋成為荒涼，無人居住。|zh
186|5|9|9|The Lord of armies has said to me secretly, Truly, numbers of great and fair houses will be waste, with no one living in them.|en
187|5|10|10|三十畝葡萄園只出一罷特酒；一賀梅珥穀種只結一伊法糧食。|zh
188|5|10|10|For ten fields of vines will only give one measure of wine, and a great amount of seed will only give a small measure of grain.|en
189|5|11|11|禍哉！那些清早起來追求濃酒，留連到夜深，甚至因酒發燒的人。|zh
190|5|11|11|Cursed are those who get up early in the morning to give themselves up to strong drink; who keep on drinking far into the night till they are heated with wine!|en
191|5|12|12|他們在筵席上彈琴，鼓瑟，擊鼓，吹笛，飲酒，卻不顧念耶和華的作為，也不留心他手所做的。|zh
192|5|12|12|And corded instruments and wind-instruments and wine are in their feasts: but they give no thought to the work of the Lord, and they are not interested in what his hands are doing.|en
193|5|13|13|所以，我的百姓因無知就被擄去；他們的尊貴人甚是飢餓，群眾極其乾渴。|zh
194|5|13|13|For this cause my people are taken away as prisoners into strange countries for need of knowledge: and their rulers are wasted for need of food, and their loud-voiced feasters are dry for need of water.|en
195|5|14|14|故此，陰間擴張其欲，開了無限量的口；他們的榮耀、群眾、繁華，並快樂的人都落在其中。|zh
196|5|14|14|For this cause the underworld has made wide its throat, opening its mouth without limit: and her glory, and the noise of her masses, and her loud-voiced feasters, will go down into it.|en
197|5|15|15|卑賤人被壓服；尊貴人降為卑；眼目高傲的人也降為卑。|zh
198|5|15|15|And the poor man's head is bent, and the great man goes down on his face, and the eyes of pride are put to shame:|en
199|5|16|16|惟有萬軍之耶和華因公平而崇高；聖者神因公義顯為聖。|zh
200|5|16|16|But the Lord of armies is lifted up as judge, and the Holy God is seen to be holy in righteousness.|en
201|5|17|17|那時，羊羔必來吃草，如同在自己的草場；豐肥人的荒場被遊行的人吃盡。|zh
202|5|17|17|Then the lambs will get food as in their grass-lands, and the fat cattle will be feasting in the waste places.|en
203|5|18|18|禍哉！那些以虛假之細繩牽罪孽的人！他們又像以套繩拉罪惡，|zh
204|5|18|18|Cursed are those who make use of ox-cords for pulling the evil thing, and the bands of a young ox for their sin!|en
205|5|19|19|說：任他急速行，趕快成就他的作為，使我們看看；任以色列聖者所謀劃的臨近成就，使我們知道。|zh
206|5|19|19|Who say, Let him do his work quickly, let him make it sudden, so that we may see it: let the design of the Holy One of Israel come near, so that it may be clear to us.|en
207|5|20|20|禍哉！那些稱惡為善，稱善為惡，以暗為光，以光為暗，以苦為甜，以甜為苦的人。|zh
208|5|20|20|Cursed are those who give the name of good to evil, and of evil to what is good: who make light dark, and dark light: who make bitter sweet, and sweet bitter!|en
209|5|21|21|禍哉！那些自以為有智慧，自看為通達的人。|zh
210|5|21|21|Cursed are those who seem wise to themselves, and who take pride in their knowledge!|en
211|5|22|22|禍哉！那些勇於飲酒，以能力調濃酒的人。|zh
212|5|22|22|Cursed are those who are strong to take wine, and great in making mixed drinks!|en
213|5|23|23|他們因受賄賂，就稱惡人為義，將義人的義奪去。|zh
214|5|23|23|Who for a reward give support to the cause of the sinner, and who take away the righteousness of the upright from him.|en
215|5|24|24|火苗怎樣吞滅碎秸，乾草怎樣落在火燄之中，照樣，他們的根必像朽物，他們的花必像灰塵飛騰；因為他們厭棄萬軍之耶和華的訓誨，藐視以色列聖者的言語。|zh
216|5|24|24|For this cause, as the waste of the grain is burned up by tongues of fire, and as the dry grass goes down before the flame, so their root will be like the dry stems of grain, and their flower will go up in dust: because they have gone against the law of the Lord of armies, and have given no honour to the word of the Holy One of Israel.|en
217|5|25|25|所以，耶和華的怒氣向他的百姓發作。他的手伸出攻擊他們，山嶺就震動；他們的屍首在街市上好像糞土。雖然如此，他的怒氣還未轉消；他的手仍伸不縮。|zh
218|5|25|25|For this reason the wrath of the Lord has been burning against his people, and his hand has been stretched out against them in punishment, and the hills were shaking, and their dead bodies were like waste in the open places of the town.|en
219|5|26|26|他必豎立大旗，招遠方的國民，發嘶聲叫他們從地極而來；看哪，他們必急速奔來。|zh
220|5|26|26|And he will let a flag be lifted up as a sign to a far-off nation, whistling to them from the ends of the earth: and they will come quickly and suddenly.|en
221|5|27|27|其中沒有疲倦的，絆跌的；沒有打盹的，睡覺的；腰帶並不放鬆，鞋帶也不折斷。|zh
222|5|27|27|There is no weariness among them, and no man is feeble-footed: they come without resting or sleeping, and the cord of their shoes is not broken.|en
223|5|28|28|他們的箭快利，弓也上了弦。馬蹄算如堅石，車輪好像旋風。|zh
224|5|28|28|Their arrows are sharp, and every bow is bent: the feet of their horses are like rock, and their wheels are like a rushing storm.|en
225|5|29|29|他們要吼叫，像母獅子，咆哮，像少壯獅子；他們要咆哮抓食，坦然叼去，無人救回。|zh
226|5|29|29|The sound of their armies will be like the voice of a lion, and their war-cry like the noise of young lions: with loud cries they will come down on their food and will take it away safely, and there will be no one to take it out of their hands.|en
227|5|30|30|那日，他們要向以色列人吼叫，像海浪匉訇；人若望地，只見黑暗艱難，光明在雲中變為昏暗。|zh
228|5|30|30|And his voice will be loud over him in that day like the sounding of the sea: and if a man's eyes are turned to the earth, it is all dark and full of trouble; and the light is made dark by thick clouds.|en
229|6|1|1|當烏西雅王崩的那年，我見主坐在高高的寶座上。他的衣裳垂下，遮滿聖殿。|zh
230|6|1|1|In the year of King Uzziah's death I saw the Lord seated in his place, high and lifted up, and the Temple was full of the wide skirts of his robe.|en
231|6|2|2|其上有撒拉弗侍立，各有六個翅膀：用兩個翅膀遮臉，兩個翅膀遮腳，兩個翅膀飛翔；|zh
232|6|2|2|Over him were the winged ones: every one had six wings; two for covering his face, two for covering his feed, and two for flight.|en
233|6|3|3|彼此呼喊說：聖哉！聖哉！聖哉！萬軍之耶和華；他的榮光充滿全地！|zh
234|6|3|3|And one said in a loud voice to another, Holy, holy, holy, is the Lord of armies: all the earth is full of his glory.|en
235|6|4|4|因呼喊者的聲音，門檻的根基震動，殿充滿了煙雲。|zh
236|6|4|4|And the bases of the door-pillars were shaking at the sound of his cry, and the house was full of smoke.|en
237|6|5|5|那時我說：禍哉！我滅亡了！因為我是嘴唇不潔的人，又住在嘴唇不潔的民中，又因我眼見大君王─萬軍之耶和華。|zh
238|6|5|5|Then I said, The curse is on me, and my fate is destruction; for I am a man of unclean lips, living among a people of unclean lips; for my eyes have seen the King, the Lord of armies.|en
239|6|6|6|有一撒拉弗飛到我跟前，手裡拿著紅炭，是用火剪從壇上取下來的，|zh
240|6|6|6|Then a winged one came to me with a burning coal in his hand, which he had taken from off the altar with the fire-spoon.|en
241|6|7|7|將炭沾我的口，說：看哪，這炭沾了你的嘴，你的罪孽便除掉，你的罪惡就赦免了。|zh
242|6|7|7|And after touching my mouth with it, he said, See, your lips have been touched with this; and your evil is taken away, and you are made clean from sin.|en
243|6|8|8|我又聽見主的聲音說：我可以差遣誰呢？誰肯為我們去呢？我說：我在這裡，請差遣我！|zh
244|6|8|8|And the voice of the Lord came to my ears, saying, Whom am I to send, and who will go for us? Then I said, Here am I, send me.|en
245|6|9|9|他說：你去告訴這百姓說：你們聽是要聽見，卻不明白；看是要看見，卻不曉得。|zh
246|6|9|9|And he said, Go, and say to this people, You will go on hearing, but learning nothing; you will go on seeing, but without getting wiser.|en
247|6|10|10|要使這百姓心蒙脂油，耳朵發沉，眼睛昏迷；恐怕眼睛看見，耳朵聽見，心裡明白，回轉過來，便得醫治。|zh
248|6|10|10|Make the hearts of this people fat, and let their ears be stopped, and their eyes shut; for fear that they may see with their eyes, and be hearing with their ears, and their heart may become wise, and they may be turned to me and made well.|en
249|6|11|11|我就說：主啊，這到幾時為止呢？他說：直到城邑荒涼，無人居住，房屋空閒無人，地土極其荒涼。|zh
250|6|11|11|Then I said, Lord, how long? And he said in answer, Till the towns are waste and unpeopled, and the houses have no men, and the land becomes completely waste,|en
251|6|12|12|並且耶和華將人遷到遠方，在這境內撇下的地土很多。|zh
252|6|12|12|And the Lord has taken men far away, and there are wide waste places in the land.|en
253|6|13|13|境內剩下的人若還有十分之一，也必被吞滅，像栗樹、橡樹雖被砍伐，樹墩子卻仍存留。這聖潔的種類在國中也是如此。|zh
254|6|13|13|And even if there is still a tenth part in it, it will again be burned, like a tree of the woods whose broken end is still in the earth after the tree has been cut down (the holy seed is the broken end).|en
255|7|1|1|烏西雅的孫子、約坦的兒子、猶大王亞哈斯在位的時候，亞蘭王利汛和利瑪利的兒子、以色列王比加上來攻打耶路撒冷，卻不能攻取。|zh
256|7|1|1|Now it came about in the days of Ahaz, the son of Jotham, the son of Uzziah, king of Judah, that Rezin, the king of Aram, and Pekah, the son of Remaliah, the king of Israel, came up to Jerusalem to make war against it, but were not able to overcome it.|en
257|7|2|2|有人告訴大衛家說：亞蘭與以法蓮已經同盟。王的心和百姓的心就都跳動，好像林中的樹被風吹動一樣。|zh
258|7|2|2|And word came to the family of David that Aram had put up its tents in Ephraim. And the king's heart, and the hearts of his people, were moved, like the trees of the wood shaking in the wind.|en
259|7|3|3|耶和華對以賽亞說：你和你的兒子施亞雅述出去，到上池的水溝頭，在漂布地的大路上，去迎接亞哈斯，|zh
260|7|3|3|Then the Lord said to Isaiah, Go out now, you and Shear-jashub, your son, and you will come across Ahaz at the end of the stream flowing from the higher pool, in the highway of the washerman's field;|en
261|7|4|4|對他說：你要謹慎安靜，不要因亞蘭王利汛和利瑪利的兒子這兩個冒煙的火把頭所發的烈怒害怕，也不要心裡膽怯。|zh
262|7|4|4|And say to him, Take care and be quiet; have no fear, and do not let your heart be feeble, because of these two ends of smoking fire-wood, because of the bitter wrath of Rezin and Aram, and of the son of Remaliah.|en
263|7|5|5|因為亞蘭和以法蓮，並利瑪利的兒子，設惡謀害你，|zh
264|7|5|5|Because Aram has made evil designs against you, saying,|en
265|7|6|6|說：我們可以上去攻擊猶大，擾亂他，攻破他，在其中立他比勒的兒子為王。|zh
266|7|6|6|Let us go up against Judah, troubling her, and forcing our way into her, and let us put up a king in her, even the son of Tabeel:|en
267|7|7|7|所以主耶和華如此說：這所謀的必立不住，也不得成就。|zh
268|7|7|7|This is the word of the Lord God: This design will not come about or be effected.|en
269|7|8|8|原來亞蘭的首城是大馬色；大馬色的首領是利汛。（六十五年之內，以法蓮必然破壞，不再成為國民。）|zh
270|7|8|8|For the head of Aram is Damascus, and the head of Damascus is Rezin (and in sixty-five years from now Ephraim will be broken, and will no longer be a people):|en
271|7|9|9|以法蓮的首城是撒瑪利亞；撒瑪利亞的首領是利瑪利的兒子。你們若是不信，定然不得立穩。|zh
272|7|9|9|And the head of Ephraim is Samaria, and the head of Samaria is Remaliah's son. If you will not have faith, your kingdom will be broken.|en
273|7|10|10|耶和華又曉諭亞哈斯說：|zh
274|7|10|10|And Isaiah said again to Ahaz,|en
275|7|11|11|你向耶和華─你的神求一個兆頭：或求顯在深處，或求顯在高處。|zh
276|7|11|11|Make a request to the Lord your God for a sign, a sign in the deep places of the underworld, or in the high heavens.|en
277|7|12|12|亞哈斯說：我不求；我不試探耶和華。|zh
278|7|12|12|But Ahaz said, I will not put the Lord to the test by making such a request.|en
279|7|13|13|以賽亞說：大衛家啊，你們當聽！你們使人厭煩豈算小事，還要使我的神厭煩嗎？|zh
280|7|13|13|And he said, Give ear now, O family of David: is it not enough that you are driving men to disgust? will you do the same to my God?|en
281|7|14|14|因此，主自己要給你們一個兆頭，必有童女懷孕生子，給他起名叫以馬內利（就是神與我們同在的意思）。|zh
282|7|14|14|For this cause the Lord himself will give you a sign; a young woman is now with child, and she will give birth to a son, and she will give him the name Immanuel.|en
283|7|15|15|到他曉得棄惡擇善的時候，他必吃奶油與蜂蜜。|zh
284|7|15|15|Butter and honey will be his food, when he is old enough to make a decision between evil and good.|en
285|7|16|16|因為在這孩子還不曉得棄惡擇善之先，你所憎惡的那二王之地必致見棄。|zh
286|7|16|16|For before the child is old enough to make a decision between evil and good, the land whose two kings you are now fearing will have become waste.|en
287|7|17|17|耶和華必使亞述王攻擊你的日子臨到你和你的百姓，並你的父家，自從以法蓮離開猶大以來，未曾有這樣的日子。|zh
288|7|17|17|The Lord is about to send on you, and on your people, and on your father's house, such a time of trouble as there has not been from the days of the separating of Ephraim from Judah; even the coming of the king of Assyria.|en
289|7|18|18|那時，耶和華要發嘶聲，使埃及江河源頭的蒼蠅和亞述地的蜂子飛來；|zh
290|7|18|18|And it will be in that day that the Lord will make a piping sound for the fly which is in the end of the rivers of Egypt, and for the bee which is in the land of Assyria.|en
291|7|19|19|都必飛來，落在荒涼的谷內、磐石的穴裡，和一切荊棘籬笆中，並一切的草場上。|zh
292|7|19|19|And they will come, covering all the waste valleys, and the holes of the rocks, and the thorns, and all the watering-places.|en
293|7|20|20|那時，主必用大河外賃的剃頭刀，就是亞述王，剃去頭髮和腳上的毛，並要剃淨鬍鬚。|zh
294|7|20|20|In that day will the Lord take away the hair of the head and of the feet, as well as the hair of the face, with a blade got for a price from the other side of the River; even with the king of Assyria.|en
295|7|21|21|那時，一個人要養活一隻母牛犢，兩隻母綿羊；|zh
296|7|21|21|And it will be in that day that a man will give food to a young cow and two sheep;|en
297|7|22|22|因為出的奶多，他就得吃奶油，在境內所剩的人都要吃奶油與蜂蜜。|zh
298|7|22|22|And they will give so much milk that he will be able to have butter for his food: for butter and honey will be the food of all who are still living in the land.|en
299|7|23|23|從前，凡種一千棵葡萄樹、值銀一千舍客勒的地方，到那時必長荊棘和蒺藜。|zh
300|7|23|23|And it will be in that day that in every place where before there were a thousand vines valued at a thousand shekels of silver, there will be nothing but blackberries and thorns.|en
301|7|24|24|人上那裡去，必帶弓箭，因為遍地滿了荊棘和蒺藜。|zh
302|7|24|24|Men will come there with bows and arrows, because all the land will be full of blackberries and thorns.|en
303|7|25|25|所有用鋤刨挖的山地，你因怕荊棘和蒺藜，不敢上那裡去；只可成了放牛之處，為羊踐踏之地。|zh
304|7|25|25|And they will send out the oxen and the sheep on all the hills which before were worked with the spade, ... fear of blackberries and thorns.|en
305|8|1|1|耶和華對我說：你取一個大牌，拿人所用的筆（或譯：人常用的字），寫上瑪黑珥沙拉勒哈施罷斯（就是擄掠速臨、搶奪快到的意思）。|zh
306|8|1|1|And the Lord said to me, Take a great writing-board, and on it put down in common letters, Maher-shalal-hash-baz;|en
307|8|2|2|我要用誠實的見證人，祭司烏利亞和耶比利家的兒子撒迦利亞記錄這事。|zh
308|8|2|2|And take true witnesses to the writing, Uriah the priest, and Zechariah, the son of Jeberechiah.|en
309|8|3|3|我─以賽亞與妻子（原文是女先知）同室；他懷孕生子，耶和華就對我說：給他起名叫瑪黑珥沙拉勒哈施罷斯；|zh
310|8|3|3|And I went in to my wife, and she became with child, and gave birth to a son. Then the Lord said to me, Give him the name Maher-shalal-hash-baz,|en
311|8|4|4|因為在這小孩子不曉得叫父叫母之先，大馬色的財寶和撒瑪利亞的擄物必在亞述王面前搬了去。|zh
312|8|4|4|For before the child is able to say, Father, or, Mother, the wealth of Damascus and the goods of Samaria will be taken away by the king of Assyria.|en
313|8|5|5|耶和華又曉諭我說：|zh
314|8|5|5|And the Lord said again to me,|en
315|8|6|6|這百姓既厭棄西羅亞緩流的水，喜悅利汛和利瑪利的兒子；|zh
316|8|6|6|Because this people will have nothing to do with the softly-flowing waters of Shiloah, and have fear of Rezin and Remaliah's son;|en
317|8|7|7|因此，主必使大河翻騰的水猛然沖來，就是亞述王和他所有的威勢，必漫過一切的水道，漲過兩岸；|zh
318|8|7|7|For this cause the Lord is sending on them the waters of the River, deep and strong, even the king of Assyria and all his glory: and it will come up through all its streams, overflowing all its edges:|en
319|8|8|8|必沖入猶大，漲溢氾濫，直到頸項。以馬內利啊，他展開翅膀，遍滿你的地。|zh
320|8|8|8|And it will come on into Judah; rushing on and overflowing, till the waters are up to the neck; *** and his outstretched wings will be covering the land from side to side: for God is with us.|en
321|8|9|9|列國的人民哪，任憑你們喧嚷，終必破壞；遠方的眾人哪，當側耳而聽！任憑你們束起腰來，終必破壞；你們束起腰來，終必破壞。|zh
322|8|9|9|Have knowledge, O peoples, and be in fear; give ear, all you far-off parts of the earth:|en
323|8|10|10|任憑你們同謀，終歸無有；任憑你們言定，終不成立；因為神與我們同在。|zh
324|8|10|10|Let your designs be formed, and they will come to nothing; give your orders, and they will not be effected: for God is with us.|en
325|8|11|11|耶和華以大能的手，指教我不可行這百姓所行的道，對我這樣說：|zh
326|8|11|11|For the Lord, controlling me with a strong hand, gave me orders not to go in the way of this people, saying,|en
327|8|12|12|這百姓說同謀背叛，你們不要說同謀背叛。他們所怕的，你們不要怕，也不要畏懼。|zh
328|8|12|12|Do not say, It is holy, about everything of which this people says, It is holy; and do not be in fear of what they go in fear of.|en
329|8|13|13|但要尊萬軍之耶和華為聖，以他為你們所當怕的，所當畏懼的。|zh
330|8|13|13|But let the Lord of armies be holy to you, and go in fear of him, giving honour to him.|en
331|8|14|14|他必作為聖所，卻向以色列兩家作絆腳的石頭，跌人的磐石；向耶路撒冷的居民作為圈套和網羅。|zh
332|8|14|14|And he will be for a holy place: but for a stone of falling and a rock of trouble to the two houses of Israel, and to the men of Jerusalem, for a net in which they may be taken.|en
333|8|15|15|許多人必在其上絆腳跌倒，而且跌碎，並陷入網羅，被纏住。|zh
334|8|15|15|And numbers of them, falling on the stone, will be broken, and will be taken in the net.|en
335|8|16|16|你要捲起律法書，在我門徒中間封住訓誨。|zh
336|8|16|16|Let my teaching be kept secret: and my words be given to my disciples only.|en
337|8|17|17|我要等候那掩面不顧雅各家的耶和華；我也要仰望他。|zh
338|8|17|17|And I will be waiting for the Lord, whose face is veiled from the house of Jacob, and I will be looking for him.|en
339|8|18|18|看哪，我與耶和華所給我的兒女，就是從住在錫安山萬軍之耶和華來的，在以色列中作為預兆和奇蹟。|zh
340|8|18|18|See, I and the children whom the Lord has given me, are for signs and for wonders in Israel from the Lord of armies, whose resting-place is in Mount Zion.|en
341|8|19|19|有人對你們說：當求問那些交鬼的和行巫術的，就是聲音綿蠻，言語微細的。你們便回答說：百姓不當求問自己的神嗎？豈可為活人求問死人呢？|zh
342|8|19|19|And when they say to you, Make request for us to those who have control of spirits, and to those wise in secret arts, who make hollow bird-like sounds; is it not right for a people to make request to their gods, to make request for the living to the dead?|en
343|8|20|20|人當以訓誨和法度為標準；他們所說的，若不與此相符，必不得見晨光。|zh
344|8|20|20|Then say to them, Put your faith in the teaching and the witness. ... If they do not say such things. ... For him there is no dawn. ...|en
345|8|21|21|他們必經過這地，受艱難，受飢餓；飢餓的時候，心中焦躁，咒罵自己的君王和自己的神。|zh
346|8|21|21|And he will go through the land in bitter trouble and in need of food; and when he is unable to get food, he will become angry, cursing his king and his God, and his eyes will be turned to heaven on high;|en
347|8|22|22|仰觀上天，俯察下地，不料，盡是艱難、黑暗，和幽暗的痛苦。他們必被趕入烏黑的黑暗中去。|zh
348|8|22|22|And he will be looking down on the earth, and there will be trouble and dark clouds, black night where there is no seeing.|en
349|9|1|1|但那受過痛苦的必不再見幽暗。從前神使西布倫地和拿弗他利地被藐視，末後卻使這沿海的路，約但河外，外邦人的加利利地得著榮耀。|zh
350|9|1|1|In earlier times he made the land of Zebulun and the land of Naphtali of small value, but after that he gave it glory, by the way of the sea, on the other side of Jordan, Galilee of the nations.|en
351|9|2|2|在黑暗中行走的百姓看見了大光，住在死蔭之地的人有光照耀他們。|zh
352|9|2|2|The people who went in the dark have seen a great light, and for those who were living in the land of the deepest night, the light is shining.|en
353|9|3|3|你使這國民繁多，加增他們的喜樂；他們在你面前歡喜，好像收割的歡喜，像人分擄物那樣的快樂。|zh
354|9|3|3|You have made them very glad, increasing their joy. They are glad before you as men are glad in the time of getting in the grain, or when they make division of the goods taken in war.|en
355|9|4|4|因為他們所負的重軛和肩頭上的杖，並欺壓他們人的棍，你都已經折斷，好像在米甸的日子一樣。|zh
356|9|4|4|For by your hand the yoke on his neck and the rod on his back, even the rod of his cruel master, have been broken, as in the day of Midian.|en
357|9|5|5|戰士在亂殺之間所穿戴的盔甲，並那滾在血中的衣服，都必作為可燒的，當作火柴。|zh
358|9|5|5|For every boot of the man of war with his sounding step, and the clothing rolled in blood, will be for burning, food for the fire.|en
359|9|6|6|因有一嬰孩為我們而生；有一子賜給我們。政權必擔在他的肩頭上；他名稱為奇妙策士、全能的神、永在的父、和平的君。|zh
360|9|6|6|For to us a child has come, to us a son is given; and the government has been placed in his hands; and he has been named Wise Guide, Strong God, Father for ever, Prince of Peace.|en
361|9|7|7|他的政權與平安必加增無窮。他必在大衛的寶座上治理他的國，以公平公義使國堅定穩固，從今直到永遠。萬軍之耶和華的熱心必成就這事。|zh
362|9|7|7|Of the increase of his rule and of peace there will be no end, on the seat of David, and in his kingdom; to make it strong, supporting it with wise decision and righteousness, now and for ever. By the fixed purpose of the Lord of armies this will be done.|en
363|9|8|8|主使一言入於雅各家，落於以色列家。|zh
364|9|8|8|The Lord has sent a word to Jacob, and it has come on Israel;|en
365|9|9|9|這眾百姓，就是以法蓮和撒瑪利亞的居民，都要知道；他們憑驕傲自大的心說：|zh
366|9|9|9|And all the people will have experience of it, even Ephraim and the men of Samaria, who say in the pride of their uplifted hearts,|en
367|9|10|10|磚牆塌了，我們卻要鑿石頭建築；桑樹砍了，我們卻要換香柏樹。|zh
368|9|10|10|The bricks have come down, but we will put up buildings of cut stone in their place: the sycamores are cut down, but they will be changed to cedars.|en
369|9|11|11|因此，耶和華要高舉利汛的敵人來攻擊以色列，並要激動以色列的仇敵。|zh
370|9|11|11|For this cause the Lord has made strong the haters of Israel, driving them on to make war against him;|en
371|9|12|12|東有亞蘭人，西有非利士人；他們張口要吞吃以色列。雖然如此，耶和華的怒氣還未轉消；他的手仍伸不縮。|zh
372|9|12|12|Aram on the east, and the Philistines on the west, who have come against Israel with open mouths. For all this his wrath is not turned away, but his hand is stretched out still.|en
373|9|13|13|這百姓還沒有歸向擊打他們的主，也沒有尋求萬軍之耶和華。|zh
374|9|13|13|But the heart of the people was not turned to him who sent punishment on them, and they made no prayer to the Lord of armies.|en
375|9|14|14|因此，耶和華一日之間必從以色列中剪除頭與尾，棕枝與蘆葦─|zh
376|9|14|14|For this cause the Lord took away from Israel head and tail, high and low, in one day.|en
377|9|15|15|長老和尊貴人就是頭，以謊言教人的先知就是尾。|zh
378|9|15|15|The man who is honoured and responsible is the head, and the prophet who gives false teaching is the tail.|en
379|9|16|16|因為，引導這百姓的使他們走錯了路；被引導的都必敗亡。|zh
380|9|16|16|For the guides of this people are the cause of their wandering from the right way, and those who are guided by them come to destruction.|en
381|9|17|17|所以，主必不喜悅他們的少年人，也不憐恤他們的孤兒寡婦；因為，各人是褻瀆的，是行惡的，並且各人的口都說愚妄的話。雖然如此，耶和華的怒氣還未轉消；他的手仍伸不縮。|zh
382|9|17|17|For this cause the Lord will have no pleasure in their young men, and no pity on their widows and the children without fathers: for they are all haters of God and evil-doers, and foolish words come from every mouth. For all this his wrath is not turned away, but his hand is stretched out still.|en
383|9|18|18|邪惡像火焚燒，燒滅荊棘和蒺藜，在稠密的樹林中著起來，就成為煙柱，旋轉上騰。|zh
384|9|18|18|For evil was burning like a fire; the blackberries and thorns were burned up; the thick woods took fire, rolling up in dark clouds of smoke.|en
385|9|19|19|因萬軍之耶和華的烈怒，地都燒遍；百姓成為火柴；無人憐愛弟兄。|zh
386|9|19|19|The land was dark with the wrath of the Lord of armies: the people were like those who take men's flesh for food.|en
387|9|20|20|有人右邊搶奪，仍受飢餓，左邊吞吃，仍不飽足；各人吃自己膀臂上的肉。|zh
388|9|20|20|On the right a man was cutting off bits and was still in need; on the left a man took a meal but had not enough; no man had pity on his brother; every man was making a meal of the flesh of his neighbour.|en
389|9|21|21|瑪拿西吞吃（或譯：攻擊；下同）以法蓮；以法蓮吞吃瑪拿西，又一同攻擊猶大。雖然如此，耶和華的怒氣還未轉消；他的手仍伸不縮。|zh
390|9|21|21|Manasseh was making a meal of Ephraim, and Ephraim of Manasseh; and together they were attacking Judah. For all this his wrath is not turned away, but his hand is stretched out still.|en
391|10|1|1|禍哉！那些設立不義之律例的和記錄奸詐之判語的，|zh
392|10|1|1|Cursed are those who make evil decisions, and the writers who make the records of their cruel acts:|en
393|10|2|2|為要屈枉窮乏人，奪去我民中困苦人的理，以寡婦當作擄物，以孤兒當作掠物。|zh
394|10|2|2|Who do wrong to the poor in their cause, and take away the right of the crushed among my people, so that they may have the property of widows, and get under their power those who have no father.|en
395|10|3|3|到降罰的日子，有災禍從遠方臨到，那時，你們怎樣行呢？你們向誰逃奔求救呢？你們的榮耀（或譯：財寶）存留何處呢？|zh
396|10|3|3|And what will you do in the day of punishment, and in the destruction which is coming from far? to whom will you go for help, and what will become of your glory?|en
397|10|4|4|他們只得屈身在被擄的人以下，仆倒在被殺的人以下。雖然如此，耶和華的怒氣還未轉消；他的手仍伸不縮。|zh
398|10|4|4|... For all this his wrath is not turned away, but his hand is stretched out still.|en
399|10|5|5|亞述是我怒氣的棍，手中拿我惱恨的杖。|zh
400|10|5|5|Ho! Assyrian, the rod of my wrath, the instrument of my punishment!|en
401|10|6|6|我要打發他攻擊褻瀆的國民，吩咐他攻擊我所惱怒的百姓，搶財為擄物，奪貨為掠物，將他們踐踏，像街上的泥土一樣。|zh
402|10|6|6|I will send him against a nation of wrongdoers, and against the people of my wrath I will give him orders, to take their wealth in war, crushing them down like the dust in the streets.|en
403|10|7|7|然而，他不是這樣的意思；他心也不這樣打算。他心裡倒想毀滅，剪除不少的國。|zh
404|10|7|7|But this is not what is in his mind, and this is not his design; but his purpose is destruction, and the cutting off of more and more nations.|en
405|10|8|8|他說：我的臣僕豈不都是王嗎？|zh
406|10|8|8|For he says, Are not all my captains kings?|en
407|10|9|9|迦勒挪豈不像迦基米施嗎？哈馬豈不像亞珥拔嗎？撒瑪利亞豈不像大馬色嗎？|zh
408|10|9|9|Will not the fate of Calno be like that of Carchemish? is not Hamath as Arpad? is not Samaria as Damascus?|en
409|10|10|10|我手已經搆到有偶像的國；這些國雕刻的偶像過於耶路撒冷和撒瑪利亞的偶像。|zh
410|10|10|10|As my hand has come on the kingdoms of the images, whose pictured images were more in number than those of Jerusalem and Samaria;|en
411|10|11|11|我怎樣待撒瑪利亞和其中的偶像，豈不照樣待耶路撒冷和其中的偶像嗎？|zh
412|10|11|11|So, as I have done to Samaria and her images, I will do to Jerusalem and her images.|en
413|10|12|12|主在錫安山和耶路撒冷成就他一切工作的時候，主說：我必罰亞述王自大的心和他高傲眼目的榮耀。|zh
414|10|12|12|For this cause it will be that, when the purpose of the Lord against Mount Zion and Jerusalem is complete, I will send punishment on the pride of the heart of the king of Assyria, and on the glory of his uplifted eyes.|en
415|10|13|13|因為他說：我所成就的事是靠我手的能力和我的智慧，我本有聰明。我挪移列國的地界，搶奪他們所積蓄的財寶；並且我像勇士，使坐寶座的降為卑。|zh
416|10|13|13|For he has said, By the strength of my hand I have done it, and by my knowledge, for I am wise: and I have taken away the limits of the peoples' lands, and the stores of their wealth have become mine; and I have made towns low in the dust, sending destruction on those living in them;|en
417|10|14|14|我的手搆到列國的財寶，好像人搆到鳥窩；我也得了全地，好像人拾起所棄的雀蛋。沒有動翅膀的；沒有張嘴的，也沒有鳴叫的。|zh
418|10|14|14|And I have put my hands on the wealth of the peoples, as on the place where a bird has put her eggs; and as a man may take the eggs from which a bird has gone, so I have taken all the earth for myself: and not a wing was moved, and not a mouth gave out a sound.|en
419|10|15|15|斧豈可向用斧砍木的自誇呢？鋸豈可向用鋸的自大呢？好比棍掄起那舉棍的，好比杖舉起那非木的人。|zh
420|10|15|15|Will the axe say high-sounding words against him who is using it, or the blade be full of pride against him who is cutting with it? As if a rod had the power of shaking him who is using it, or as if a stick might take up him who is not wood.|en
421|10|16|16|因此，主─萬軍之耶和華必使亞述王的肥壯人變為瘦弱，在他的榮華之下必有火著起，如同焚燒一樣。|zh
422|10|16|16|For this cause the Lord, the Lord of armies, will make his fat become wasted; and in his inner parts a fire will be lighted like a burning flame.|en
423|10|17|17|以色列的光必如火；他的聖者必如火燄。在一日之間，將亞述王的荊棘和蒺藜焚燒淨盡；|zh
424|10|17|17|And the light of Israel will be for a fire, and his Holy One for a flame: wasting and burning up his thorns in one day.|en
425|10|18|18|又將他樹林和肥田的榮耀全然燒盡，好像拿軍旗的昏過去一樣。|zh
426|10|18|18|And he will put an end to the glory of his woods and of his planted fields, soul and body together; and it will be as when a man is wasted by disease.|en
427|10|19|19|他林中剩下的樹必稀少，就是孩子也能寫其數。|zh
428|10|19|19|And the rest of the trees of his wood will be small in number, so that a child may put them down in writing.|en
429|10|20|20|到那日，以色列所剩下的和雅各家所逃脫的，不再倚靠那擊打他們的，卻要誠實倚靠耶和華─以色列的聖者。|zh
430|10|20|20|And it will be in that day that the rest of Israel, and those of Jacob who have come safely through these troubles, will no longer go for help to him whose rod was on their back, but their faith will be in the Lord, the Holy One of Israel.|en
431|10|21|21|所剩下的，就是雅各家所剩下的，必歸回全能的神。|zh
432|10|21|21|The rest, even the rest of Jacob, will come back to the Strong God.|en
433|10|22|22|以色列啊，你的百姓雖多如海沙，惟有剩下的歸回。原來滅絕的事已定，必有公義施行，如水漲溢。|zh
434|10|22|22|For though your people, O Israel, are as the sand of the sea, only a small number will come back: for the destruction is fixed, overflowing in righteousness.|en
435|10|23|23|因為主─萬軍之耶和華在全地之中必成就所定規的結局。|zh
436|10|23|23|For the Lord, the Lord of armies, is about to make destruction complete in all the land.|en
437|10|24|24|所以，主─萬軍之耶和華如此說：住錫安我的百姓啊，亞述王雖然用棍擊打你，又照埃及的樣子舉杖攻擊你，你卻不要怕他。|zh
438|10|24|24|For this cause the Lord, the Lord of armies, says, O my people living in Zion, have no fear of the Assyrian, even if his rod comes on your back, and his stick is lifted up as in Egypt.|en
439|10|25|25|因為還有一點點時候，向你們發的忿恨就要完畢，我的怒氣要向他發作，使他滅亡。|zh
440|10|25|25|For in a very short time my passion will be over, and my wrath will be turned to their destruction.|en
441|10|26|26|萬軍之耶和華要興起鞭來攻擊他，好像在俄立磐石那裡殺戮米甸人一樣。耶和華的杖要向海伸出，把杖舉起，像在埃及一樣。|zh
442|10|26|26|And the Lord of armies will be shaking a whip against him, as when he overcame Midian at the rock of Oreb: and his rod will be lifted up against them as it was against the Egyptians.|en
443|10|27|27|到那日，亞述王的重擔必離開你的肩頭；他的軛必離開你的頸項；那軛也必因肥壯的緣故撐斷（或譯：因膏油的緣故毀壞）。|zh
444|10|27|27|And in that day the weight which he put on your back will be taken away, and his yoke broken from off your neck.|en
445|10|28|28|亞述王來到亞葉，經過米磯崙，在密抹安放輜重。|zh
446|10|28|28|He has gone up from Pene-Rimmon, he has come to Aiath; he has gone past Migron, at Michmash he puts his forces in order.|en
447|10|29|29|他們過了隘口，在迦巴住宿。拉瑪人戰兢；掃羅的基比亞人逃跑。|zh
448|10|29|29|They have gone across the mountain; Geba will be our resting-place tonight, they say: Ramah is shaking with fear; Gibeah of Saul has gone in flight.|en
449|10|30|30|迦琳的居民（原文是女子）哪，要高聲呼喊！萊煞人哪，須聽！哀哉！困苦的亞拿突啊。|zh
450|10|30|30|Give a loud cry, daughter of Gallim; let Laishah give ear; let Anathoth give answer to her.|en
451|10|31|31|瑪得米那人躲避；基柄的居民逃遁。|zh
452|10|31|31|Madmenah has gone; the men of Gebim are putting their goods in a safe place.|en
453|10|32|32|當那日，亞述王要在挪伯歇兵，向錫安女子的山─就是耶路撒冷的山─掄手攻他。|zh
454|10|32|32|This very day he is stopping at Nob; he is shaking his hand against the mountain of the daughter of Zion, the hill of Jerusalem.|en
455|10|33|33|看哪，主─萬軍之耶和華以驚嚇削去樹枝；長高的必被砍下，高大的必被伐倒。|zh
456|10|33|33|See, the Lord, the Lord of armies, is cutting off his branches with a great noise, and his strong ones are falling and his high ones are coming down.|en
457|10|34|34|稠密的樹林，他要用鐵器砍下；利巴嫩的樹木必被大能者伐倒。|zh
458|10|34|34|And he is cutting down the thick places of the wood with an axe, and Lebanon with its tall trees is coming down.|en
459|11|1|1|從耶西的本（原文是墩）必發一條；從他根生的枝子必結果實。|zh
460|11|1|1|And there will come a rod out of the broken tree of Jesse, and a branch out of his roots will give fruit.|en
461|11|2|2|耶和華的靈必住在他身上，就是使他有智慧和聰明的靈，謀略和能力的靈，知識和敬畏耶和華的靈。|zh
462|11|2|2|And the spirit of the Lord will be resting on him, the spirit of wisdom and good sense, the spirit of wise guiding and strength, the spirit of knowledge and of the fear of the Lord;|en
463|11|3|3|他必以敬畏耶和華為樂；行審判不憑眼見，斷是非也不憑耳聞；|zh
464|11|3|3|And he will not be guided in his judging by what he sees, or give decisions by the hearing of his ears:|en
465|11|4|4|卻要以公義審判貧窮人，以正直判斷世上的謙卑人，以口中的杖擊打世界，以嘴裡的氣殺戮惡人。|zh
466|11|4|4|But he will do right in the cause of the poor, and give wise decisions for those in the land who are in need; and the rod of his mouth will come down on the cruel, and with the breath of his lips he will put an end to the evil-doer.|en
467|11|5|5|公義必當他的腰帶；信實必當他脅下的帶子。|zh
468|11|5|5|And righteousness will be the cord of his robe, and good faith the band round his breast.|en
469|11|6|6|豺狼必與綿羊羔同居，豹子與山羊羔同臥；少壯獅子與牛犢並肥畜同群；小孩子要牽引他們。|zh
470|11|6|6|And the wolf will be living with the lamb, and the leopard will take his rest with the young goat; and the lion will take grass for food like the ox; and the young lion will go with the young ones of the herd; and a little child will be their guide.|en
471|11|7|7|牛必與熊同食；牛犢必與小熊同臥；獅子必吃草，與牛一樣。|zh
472|11|7|7|And the cow and the bear will be friends while their young ones are sleeping together.|en
473|11|8|8|吃奶的孩子必玩耍在虺蛇的洞口；斷奶的嬰兒必按手在毒蛇的穴上。|zh
474|11|8|8|And the child at the breast will be playing by the hole of the snake, and the older child will put his hand on the bright eye of the poison-snake.|en
475|11|9|9|在我聖山的遍處，這一切都不傷人，不害物；因為認識耶和華的知識要充滿遍地，好像水充滿洋海一般。|zh
476|11|9|9|There will be no cause of pain or destruction in all my holy mountain: for the earth will be full of the knowledge of the Lord as the sea is covered by the waters.|en
477|11|10|10|到那日，耶西的根立作萬民的大旗；外邦人必尋求他，他安息之所大有榮耀。|zh
478|11|10|10|And in that day, the eyes of the nations will be turned to the root of Jesse which will be lifted up as the flag of the peoples; and his resting-place will be glory.|en
479|11|11|11|當那日，主必二次伸手救回自己百姓中所餘剩的，就是在亞述、埃及、巴忒羅、古實、以攔、示拿、哈馬，並眾海島所剩下的。|zh
480|11|11|11|And in that day the hand of the Lord will be stretched out the second time to get back the rest of his people, from Assyria, and from Egypt, and from Pathros, and from Cush, and from Elam, and from Shinar, and from Hamath, and from the sea-lands.|en
481|11|12|12|他必向列國豎立大旗，招回以色列被趕散的人，又從地的四方聚集分散的猶大人。|zh
482|11|12|12|And he will put up a flag as a sign to the nations, and he will get together those of Israel who had been sent away, and the wandering ones of Judah, from the four ends of the earth.|en
483|11|13|13|以法蓮的嫉妒就必消散；擾害猶大的必被剪除。以法蓮必不嫉妒猶大，猶大也不擾害以法蓮。|zh
484|11|13|13|And the envy of Ephraim will be gone, and those who make trouble for Judah will come to an end: Ephraim will have no more envy of Judah, and there will be an end of Judah's hate for Ephraim.|en
485|11|14|14|他們要向西飛，撲在非利士人的肩頭上（肩頭上：或譯西界），一同擄掠東方人，伸手按住以東和摩押；亞捫人也必順服他們。|zh
486|11|14|14|And they will be united in attacking the Philistines on the west, and together they will take the goods of the children of the east: their hand will be on Edom and Moab; and the children of Ammon will be under their rule.|en
487|11|15|15|耶和華必使埃及海汊枯乾，掄手用暴熱的風使大河分為七條，令人過去不致濕腳。|zh
488|11|15|15|And the Lord will make the tongue of the Egyptian sea completely dry; and with his burning wind his hand will be stretched out over the River, and it will be parted into seven streams, so that men may go over it with dry feet.|en
489|11|16|16|為主餘剩的百姓，就是從亞述剩下回來的，必有一條大道，如當日以色列從埃及地上來一樣。|zh
490|11|16|16|And there will be a highway for the rest of his people from Assyria; as there was for Israel in the day when he came up out of the land of Egypt.|en
491|12|1|1|到那日，你必說：耶和華啊，我要稱謝你！因為你雖然向我發怒，你的怒氣卻已轉消；你又安慰了我。|zh
492|12|1|1|And in that day you will say I will give praise to you, O Lord; for though you were angry with me, your wrath is turned away, and I am comforted.|en
493|12|2|2|看哪！神是我的拯救；我要倚靠他，並不懼怕。因為主耶和華是我的力量，是我的詩歌，他也成了我的拯救。|zh
494|12|2|2|See, God is my salvation; I will have faith in the Lord, without fear: for the Lord Jah is my strength and song; and he has become my salvation.|en
495|12|3|3|所以，你們必從救恩的泉源歡然取水。|zh
496|12|3|3|So with joy will you get water out of the springs of salvation.|en
497|12|4|4|在那日，你們要說：當稱謝耶和華，求告他的名；將他所行的傳揚在萬民中，提說他的名已被尊崇。|zh
498|12|4|4|And in that day you will say, Give praise to the Lord, let his name be honoured, give word of his doings among the peoples, say that his name is lifted up.|en
499|12|5|5|你們要向耶和華唱歌，因他所行的甚是美好；但願這事普傳天下。|zh
500|12|5|5|Make a song to the Lord; for he has done noble things: give news of them through all the earth.|en
501|12|6|6|錫安的居民哪，當揚聲歡呼，因為在你們中間的以色列聖者乃為至大。|zh
502|12|6|6|Let your voice be sounding in a cry of joy, O daughter of Zion, for great is the Holy One of Israel among you.|en
503|13|1|1|亞摩斯的兒子以賽亞得默示，論巴比倫。|zh
504|13|1|1|The word of the Lord about Babylon which Isaiah, the son of Amoz, saw.|en
505|13|2|2|應當在淨光的山豎立大旗，向群眾揚聲招手，使他們進入貴冑的門。|zh
506|13|2|2|Put up a flag on a clear mountain-top, make a loud outcry to them, give directions with the hand, so that they may go into the doors of the great ones.|en
507|13|3|3|我吩咐我所挑出來的人；我招呼我的勇士─就是那矜誇高傲之輩，為要成就我怒中所定的。|zh
508|13|3|3|I have given orders to my holy ones, I have sent out my men of war, those of mine who take pride in their power, to give effect to my wrath.|en
509|13|4|4|山間有多人的聲音，好像是大國人民。有許多國的民聚集鬨嚷的聲音；這是萬軍之耶和華點齊軍隊，預備打仗。|zh
510|13|4|4|The noise of great numbers in the mountains, like the noise of a strong people! The noise of the kingdoms of the nations meeting together! The Lord of armies is numbering his forces for war.|en
511|13|5|5|他們從遠方來，從天邊來，就是耶和華並他惱恨的兵器要毀滅這全地。|zh
512|13|5|5|They come from a far country, from the farthest part of heaven, even the Lord and the instruments of his wrath, with destruction for all the land.|en
513|13|6|6|你們要哀號，因為耶和華的日子臨近了！這日來到，好像毀滅從全能者來到。|zh
514|13|6|6|Send out a cry of grief; for the day of the Lord is near; it comes as destruction from the Most High.|en
515|13|7|7|所以，人手都必軟弱；人心都必消化。|zh
516|13|7|7|For this cause all hands will be feeble, and every heart of man be turned to water;|en
517|13|8|8|他們必驚惶悲痛；愁苦必將他們抓住。他們疼痛，好像產難的婦人一樣，彼此驚奇相看，臉如火燄。|zh
518|13|8|8|Their hearts will be full of fear; pains and sorrows will overcome them; they will be in pain like a woman in childbirth; they will be shocked at one another; their faces will be like flames.|en
519|13|9|9|耶和華的日子臨到，必有殘忍、忿恨、烈怒，使這地荒涼，從其中除滅罪人。|zh
520|13|9|9|See, the day of the Lord is coming, cruel, with wrath and burning passion: to make the land a waste, driving the sinners in it to destruction.|en
521|13|10|10|天上的眾星群宿都不發光，日頭一出就變黑暗；月亮也不放光。|zh
522|13|10|10|For the stars of heaven and its bright armies will not give their light: the sun will be made dark in his journey through the heaven, and the moon will keep back her light.|en
523|13|11|11|我必因邪惡刑罰世界，因罪孽刑罰惡人，使驕傲人的狂妄止息，制伏強暴人的狂傲。|zh
524|13|11|11|And I will send punishment on the world for its evil, and on the sinners for their wrongdoing; and I will put an end to all pride, and will make low the power of the cruel.|en
525|13|12|12|我必使人比精金還少，使人比俄斐純金更少。|zh
526|13|12|12|I will make men so small in number, that a man will be harder to get than gold, even the best gold of Ophir.|en
527|13|13|13|我─萬軍之耶和華在忿恨中發烈怒的日子，必使天震動，使地搖撼，離其本位。|zh
528|13|13|13|For this cause the heavens will be shaking, and the earth will be moved out of its place, in the wrath of the Lord of armies, and in the day of his burning passion.|en
529|13|14|14|人必像被追趕的鹿，像無人收聚的羊，各歸回本族，各逃到本土。|zh
530|13|14|14|And it will be that, like a roe in flight, and like wandering sheep, they will go every man to his people and to his land.|en
531|13|15|15|凡被仇敵追上的必被刺死；凡被捉住的必被刀殺。|zh
532|13|15|15|Everyone who is overtaken will have a spear put through him, and everyone who goes in flight will be put to the sword.|en
533|13|16|16|他們的嬰孩必在他們眼前摔碎；他們的房屋必被搶奪；他們的妻子必被玷污。|zh
534|13|16|16|Their young children will be broken up before their eyes; their goods will be taken away, and their wives made the property of others.|en
535|13|17|17|我必激動瑪代人來攻擊他們。瑪代人不注重銀子，也不喜愛金子。|zh
536|13|17|17|See, I am driving the Medes against them, who put no value on silver and have no pleasure in gold.|en
537|13|18|18|他們必用弓擊碎少年人，不憐憫婦人所生的，眼也不顧惜孩子。|zh
538|13|18|18|In their hands are bows and spears; they are cruel, violently putting the young men to death, and crushing the young women; they have no pity for children, and no mercy for the fruit of the body.|en
539|13|19|19|巴比倫素來為列國的榮耀，為迦勒底人所矜誇的華美，必像神所傾覆的所多瑪、蛾摩拉一樣。|zh
540|13|19|19|And Babylon, the glory of kingdoms, the beautiful town which is the pride of the Chaldaeans, will be like God's destruction of Sodom and Gomorrah.|en
541|13|20|20|其內必永無人煙，世世代代無人居住。亞拉伯人也不在那裡支搭帳棚；牧羊的人也不使羊群臥在那裡。|zh
542|13|20|20|People will never be living in it again, and it will have no more men from generation to generation: the Arab will not put up his tent there; and those who keep sheep will not make it a resting-place for their flocks.|en
543|13|21|21|只有曠野的走獸臥在那裡；咆哮的獸滿了房屋。鴕鳥住在那裡；野山羊在那裡跳舞。|zh
544|13|21|21|But the beasts of the waste land will have their holes there; and the houses will be full of crying jackals, and ostriches will have their place there, and evil spirits will be dancing there.|en
545|13|22|22|豺狼必在他宮中呼號；野狗必在他華美殿內吼叫。巴比倫受罰的時候臨近；他的日子必不長久。|zh
546|13|22|22|And wolves will be answering one another in their towers, and jackals in their houses of pleasure: her time is near, and her days of power will quickly be ended.|en
547|14|1|1|耶和華要憐恤雅各，必再揀選以色列，將他們安置在本地。寄居的必與他們聯合，緊貼雅各家。|zh
548|14|1|1|For the Lord will have mercy on Jacob, and will again make Israel his special people, and will put them in their land; and the man from a strange country will take his place among them and be joined to the family of Jacob.|en
549|14|2|2|外邦人必將他們帶回本土；以色列家必在耶和華的地上得外邦人為僕婢，也要擄掠先前擄掠他們的，轄制先前欺壓他們的。|zh
550|14|2|2|And the people will take them with them to their place: and the children of Israel will give them a heritage in the Lord's land as men-servants and women-servants, making them prisoners whose prisoners they were; and they will be rulers over their masters.|en
551|14|3|3|當耶和華使你脫離愁苦、煩惱，並人勉強你做的苦工，得享安息的日子，|zh
552|14|3|3|And it will be, in the day when the Lord gives you rest from your sorrow, and from your trouble, and from the hard yoke which they had put on you,|en
553|14|4|4|你必題這詩歌論巴比倫王說：欺壓人的何竟息滅？強暴的何竟止息？|zh
554|14|4|4|That you will take up this bitter song against the king of Babylon, and say, How has the cruel overseer come to an end! He who was lifted up in pride is cut off;|en
555|14|5|5|耶和華折斷了惡人的杖，轄制人的圭，|zh
556|14|5|5|The stick of the evil-doers, the rod of the rulers, is broken by the Lord;|en
557|14|6|6|就是在忿怒中連連攻擊眾民的，在怒氣中轄制列國，行逼迫無人阻止的。|zh
558|14|6|6|He whose rod was on the peoples with an unending wrath, ruling the nations in passion, with an uncontrolled rule.|en
559|14|7|7|現在全地得安息，享平靜；人皆發聲歡呼。|zh
560|14|7|7|All the earth is at rest and is quiet: they are bursting into song.|en
561|14|8|8|松樹和利巴嫩的香柏樹都因你歡樂，說：自從你仆倒，再無人上來砍伐我們。|zh
562|14|8|8|Even the trees of the wood are glad over you, the trees of Lebanon, saying, From the time of your fall no wood-cutter has come up against us with an axe.|en
563|14|9|9|你下到陰間，陰間就因你震動來迎接你，又因你驚動在世曾為首領的陰魂，並使那曾為列國君王的，都離位站起。|zh
564|14|9|9|The underworld is moved at your coming: the shades of the dead are awake before you, even the strong ones of the earth; all the kings of the world have got up from their seats.|en
565|14|10|10|他們都要發言對你說：你也變為軟弱像我們一樣嗎？你也成了我們的樣子嗎？|zh
566|14|10|10|They all make answer and say to you, Have you become feeble like us? have you been made even as we are?|en
567|14|11|11|你的威勢和你琴瑟的聲音都下到陰間。你下鋪的是蟲，上蓋的是蛆。|zh
568|14|11|11|Your pride has gone down into the underworld, and the noise of your instruments of music; the worms are under you, and your body is covered with them.|en
569|14|12|12|明亮之星，早晨之子啊，你何竟從天墜落？你這攻敗列國的何竟被砍倒在地上？|zh
570|14|12|12|How great is your fall from heaven, O shining one, son of the morning! How are you cut down to the earth, low among the dead bodies!|en
571|14|13|13|你心裡曾說：我要升到天上；我要高舉我的寶座在神眾星以上；我要坐在聚會的山上，在北方的極處。|zh
572|14|13|13|For you said in your heart, I will go up to heaven, I will make my seat higher than the stars of God; I will take my place on the mountain of the meeting-place of the gods, in the inmost parts of the north.|en
573|14|14|14|我要升到高雲之上；我要與至上者同等。|zh
574|14|14|14|I will go higher than the clouds; I will be like the Most High.|en
575|14|15|15|然而，你必墜落陰間，到坑中極深之處。|zh
576|14|15|15|But you will come down to the underworld, even to its inmost parts.|en
577|14|16|16|凡看見你的都要定睛看你，留意看你，說：使大地戰抖，使列國震動，|zh
578|14|16|16|Those who see you will be looking on you with care, they will be in deep thought, saying, Is this the troubler of the earth, the shaker of kingdoms?|en
579|14|17|17|使世界如同荒野，使城邑傾覆，不釋放被擄的人歸家，是這個人嗎？|zh
580|14|17|17|Who made the world a waste, overturning its towns; who did not let his prisoners loose from the prison-house.|en
581|14|18|18|列國的君王俱各在自己陰宅的榮耀中安睡。|zh
582|14|18|18|All the kings of the earth are at rest in glory, every man in his house,|en
583|14|19|19|惟獨你被拋棄，不得入你的墳墓，好像可憎的枝子，以被殺的人為衣，就是被刀刺透，墜落坑中石頭那裡的；你又像被踐踏的屍首一樣。|zh
584|14|19|19|But you, like a birth before its time, are stretched out with no resting-place in the earth; clothed with the bodies of the dead who have been put to the sword, who go down to the lowest parts of the underworld; a dead body, crushed under foot.|en
585|14|20|20|你不得與君王同葬；因為你敗壞你的國，殺戮你的民。惡人後裔的名，必永不提說。|zh
586|14|20|20|As for your fathers, you will not be united with them in their resting-place, because you have been the cause of destruction to your land, and of death to your people; the seed of the evil-doer will have no place in the memory of man.|en
587|14|21|21|先人既有罪孽，就要預備殺戮他的子孫，免得他們興起來，得了遍地，在世上修滿城邑。|zh
588|14|21|21|Make ready a place of death for his children, because of the evil-doing of their father; so that they may not come up and take the earth for their heritage, covering the face of the world with waste places.|en
589|14|22|22|萬軍之耶和華說：我必興起攻擊他們，將巴比倫的名號和所餘剩的人，連子帶孫一併剪除。這是耶和華說的。|zh
590|14|22|22|For I will come up against them, says the Lord of armies, cutting off from Babylon name and offspring, son and son's son, says the Lord.|en
591|14|23|23|我必使巴比倫為箭豬所得，又變為水池；我要用滅亡的掃帚掃淨他。這是萬軍之耶和華說的。|zh
592|14|23|23|And I will make you a heritage for the hedgehog, and pools of water: and I will go through it with the brush of destruction, says the Lord of armies.|en
593|14|24|24|萬軍之耶和華起誓說：我怎樣思想，必照樣成就；我怎樣定意，必照樣成立，|zh
594|14|24|24|The Lord has taken an oath, saying, My design will certainly come about, and my purpose will be effected:|en
595|14|25|25|就是在我地上打折亞述人，在我山上將他踐踏。他加的軛必離開以色列人；他加的重擔必離開他們的肩頭。|zh
596|14|25|25|To let the Assyrian be broken in my land, and crushed under foot on my mountains: there will his yoke be taken away from them, and his rule over them come to an end.|en
597|14|26|26|這是向全地所定的旨意；這是向萬國所伸出的手。|zh
598|14|26|26|This is the purpose for all the earth: and this is the hand stretched out over all nations.|en
599|14|27|27|萬軍之耶和華既然定意，誰能廢棄呢？他的手已經伸出，誰能轉回呢？|zh
600|14|27|27|For it is the purpose of the Lord of armies, and who will make it of no effect? when his hand is stretched out, by whom may it be turned back?|en
601|14|28|28|亞哈斯王崩的那年，就有以下的默示：|zh
602|14|28|28|In the year of the death of King Ahaz this word came to the prophet:|en
603|14|29|29|非利士全地啊，不要因擊打你的杖折斷就喜樂。因為從蛇的根必生出毒蛇；他所生的是火燄的飛龍。|zh
604|14|29|29|Be not glad, O Philistia, all of you, because the rod which was on you is broken: for out of the snake's root will come a poison-snake, and its fruit will be a winged poison-snake.|en
605|14|30|30|貧寒人的長子必有所食；窮乏人必安然躺臥。我必以饑荒治死你的根；你所餘剩的人必被殺戮。|zh
606|14|30|30|And the poorest of the land will have food, and those in need will be given a safe resting-place: but your seed will come to an end for need of food, and the rest of you will be put to the sword.|en
607|14|31|31|門哪，應當哀號！城啊，應當呼喊！非利士全地啊，你都消化了！因為有煙從北方出來，他行伍中並無亂隊的。|zh
608|14|31|31|Send out a cry, O door! Make sounds of sorrow, O town! All your land has come to nothing, O Philistia; for there comes a smoke out of the north, and everyone keeps his place in the line.|en
609|14|32|32|可怎樣回答外邦（或指非利士）的使者呢？必說：耶和華建立了錫安；他百姓中的困苦人必投奔在其中。|zh
610|14|32|32|What answer, then, will my people give to the representatives of the nation? That the Lord is the builder of Zion, and she will be a safe place for the poor of his people.|en
611|15|1|1|論摩押的默示：一夜之間，摩押的亞珥變為荒廢，歸於無有；一夜之間，摩押的基珥變為荒廢，歸於無有。|zh
612|15|1|1|The word about Moab. For in a night Ar of Moab has become waste, and is seen no longer; for in a night Kir of Moab has become waste, and is seen no longer.|en
613|15|2|2|他們上巴益，又往底本，到高處去哭泣。摩押人因尼波和米底巴哀號，各人頭上光禿，鬍鬚剃淨。|zh
614|15|2|2|The daughter of Dibon has gone up to the high places, weeping: Moab is sounding her cry of sorrow over Nebo, and over Medeba: everywhere the hair of the head and of the face is cut off.|en
615|15|3|3|他們在街市上都腰束麻布，在房頂上和寬闊處俱各哀號，眼淚汪汪。|zh
616|15|3|3|In their streets they are covering themselves with haircloth: on the tops of their houses, and in their public places, there is crying and bitter weeping.|en
617|15|4|4|希實本和以利亞利悲哀的聲音達到雅雜，所以摩押帶兵器的高聲喊嚷，人心戰兢。|zh
618|15|4|4|Heshbon is crying out, and Elealeh; their voice is sounding even to Jahaz: for this cause the heart of Moab is shaking; his soul is shaking with fear.|en
619|15|5|5|我心為摩押悲哀；他的貴冑（或譯：逃民）逃到瑣珥，到伊基拉施利施亞。他們上魯希坡，隨走隨哭。在何羅念的路上，因毀滅舉起哀聲。|zh
620|15|5|5|My heart is crying out for Moab; her people go in flight to Zoar, and to Eglath-shelishiyah: for they go up with weeping by the slope of Luhith; on the way to Horonaim they send up a cry of destruction.|en
621|15|6|6|因為寧林的水成為乾涸，青草枯乾，嫩草滅沒，青綠之物，一無所有。|zh
622|15|6|6|The waters of Nimrim will become dry: for the grass is burned up, the young grass is coming to an end, every green thing is dead.|en
623|15|7|7|因此，摩押人所得的財物和所積蓄的都要運過柳樹河。|zh
624|15|7|7|For this cause they will take away their wealth, and the stores they have got together, over the stream of the water-plants.|en
625|15|8|8|哀聲遍聞摩押的四境；哀號的聲音達到以基蓮；哀號的聲音達到比珥以琳。|zh
626|15|8|8|For the cry has gone round the limits of Moab; as far as to Eglaim and Beer-elim.|en
627|15|9|9|底們的水充滿了血；我還要加增底們的災難，叫獅子來追上摩押逃脫的民和那地上所餘剩的人。|zh
628|15|9|9|For the waters of Dimon are full of blood: and I'm sending even more on Moab, a lion on those of Moab who go in flight, and on the rest of the land.|en
629|16|1|1|你們當將羊羔奉給那地掌權的，從西拉往曠野，送到錫安城（原文是女子）的山。|zh
630|16|1|1|And they will send ... to the mountain of the daughter of Zion.|en
631|16|2|2|摩押的居民（原文是女子）在亞嫩渡口，必像遊飛的鳥，如拆窩的雛。|zh
632|16|2|2|For the daughters of Moab will be like wandering birds, like a place from which the young birds have gone in flight, at the ways across the Arnon.|en
633|16|3|3|求你獻謀略，行公平，使你的影子在午間如黑夜，隱藏被趕散的人，不可顯露逃民。|zh
634|16|3|3|Give wise directions, make a decision; let your shade be as night in full day: keep safe those who are in flight; do not give up the wandering ones.|en
635|16|4|4|求你容我這被趕散的人和你同居。至於摩押，求你作他的隱密處，脫離滅命者的面。勒索人的歸於無有，毀滅的事止息了，欺壓人的從國中除滅了，|zh
636|16|4|4|Let those who have been forced out of Moab have a resting-place with you; be a cover to them from him who is making waste their land: till the cruel ones are cut off, and wasting has come to an end, and those who take pleasure in crushing the poor are gone from the land.|en
637|16|5|5|必有寶座因慈愛堅立；必有一位誠誠實實坐在其上，在大衛帳幕中施行審判，尋求公平，速行公義。|zh
638|16|5|5|Then a king's seat will be based on mercy, and one will be seated on it in the tent of David for ever; judging uprightly, and quick to do righteousness.|en
639|16|6|6|我們聽說摩押人驕傲，是極其驕傲；聽說他狂妄、驕傲、忿怒；他誇大的話是虛空的。|zh
640|16|6|6|We have had word of the pride of Moab, how great it is; how he is lifted up in pride and passion: his high words about himself are false.|en
641|16|7|7|因此，摩押人必為摩押哀號；人人都要哀號。你們摩押人要為吉珥哈列設的葡萄餅哀歎，極其憂傷。|zh
642|16|7|7|For this cause everyone in Moab will give cries of grief for Moab: crushed to the earth, they will be weeping for the men of Kir-hareseth.|en
643|16|8|8|因為希實本的田地和西比瑪的葡萄樹都衰殘了。列國的君主折斷其上美好的枝子；這枝子長到雅謝延到曠野，嫩枝向外探出，直探過鹽海。|zh
644|16|8|8|For the fields of Heshbon are waste, the vine of Sibmah is dead; the lords of nations were overcome by the produce of her vines; her vine-plants went as far as Jazer, and came even to the waste land; her branches were stretched out to the sea.|en
645|16|9|9|因此，我要為西比瑪的葡萄樹哀哭，與雅謝人哀哭一樣。希實本、以利亞利啊，我要以眼淚澆灌你；因為有交戰吶喊的聲音臨到你夏天的果子，並你收割的莊稼。|zh
646|16|9|9|For this cause my sorrow for the vine of Sibmah will be like the weeping for Jazer: my eyes are dropping water on you, O Heshbon and Elealeh! For they are sounding the war-cry over your summer fruits and the getting in of your grain;|en
647|16|10|10|從肥美的田中奪去了歡喜快樂；在葡萄園裡必無歌唱，也無歡呼的聲音。踹酒的在酒醡中不得踹出酒來；我使他歡呼的聲音止息。|zh
648|16|10|10|And all joy is gone; no longer are they glad for the fertile field; and in the vine-gardens there are no songs or sounds of joy: the crushing of grapes has come to an end, and its glad cry has been stopped.|en
649|16|11|11|因此，我心腹為摩押哀鳴如琴；我心腸為吉珥哈列設也是如此。|zh
650|16|11|11|For this cause the cords of my heart are sounding for Moab, and I am full of sorrow for Kir-heres.|en
651|16|12|12|摩押人朝見的時候，在高處疲乏，又到他聖所祈禱，也不蒙應允。|zh
652|16|12|12|And when Moab goes up to the high place, and makes prayer in the house of his god, it will have no effect.|en
653|16|13|13|這是耶和華從前論摩押的話。|zh
654|16|13|13|This is the word which the Lord said about Moab in the past.|en
655|16|14|14|但現在耶和華說：三年之內，照雇工的年數，摩押的榮耀與他的群眾必被藐視，餘剩的人甚少無幾。|zh
656|16|14|14|But now the Lord has said, In three years, the years of a servant working for payment, the glory of Moab, all that great people, will be turned to shame, and the rest of Moab will be very small and without honour.|en
657|17|1|1|論大馬色的默示：看哪，大馬色已被廢棄，不再為城，必變作亂堆。|zh
658|17|1|1|The word about Damascus. See, they have made Damascus a town no longer; it has become a waste place.|en
659|17|2|2|亞羅珥的城邑已被撇棄，必成為牧羊之處；羊在那裡躺臥，無人驚嚇。|zh
660|17|2|2|Her towns are unpeopled for ever; there the flocks take their rest in peace, without fear.|en
661|17|3|3|以法蓮不再有保障；大馬色不再有國權；亞蘭所剩下的必像以色列人的榮耀消滅一樣。這是萬軍之耶和華說的。|zh
662|17|3|3|The strong tower has gone from Ephraim, and the kingdom from Damascus: the rest of Aram will come to destruction, and be made like the glory of the children of Israel, says the Lord of armies.|en
663|17|4|4|到那日，雅各的榮耀必至枵薄；他肥胖的身體必漸瘦弱。|zh
664|17|4|4|And it will be in that day that the glory of Jacob will be made small, and the strength of his body will become feeble.|en
665|17|5|5|就必像收割的人收斂禾稼，用手割取穗子，又像人在利乏音谷拾取遺落的穗子。|zh
666|17|5|5|And it will be like a man cutting the growth of his grain, pulling together the heads of the grain with his arm; even as when they get in the grain in the valley of Rephaim.|en
667|17|6|6|其間所剩下的不多，好像人打橄欖樹─在儘上的枝梢上只剩兩三個果子；在多果樹的旁枝上只剩四五個果子。這是耶和華─以色列的神說的。|zh
668|17|6|6|But it will be like a man shaking an olive-tree, something will still be there, two or three berries on the top of the highest branch, four or five on the outside branches of a fertile tree, says the Lord, the God of Israel.|en
669|17|7|7|當那日，人必仰望造他們的主，眼目重看以色列的聖者。|zh
670|17|7|7|In that day a man's heart will be turned to his Maker, and his eyes to the Holy One of Israel.|en
671|17|8|8|他們必不仰望祭壇，就是自己手所築的，也不重看自己指頭所做的，無論是木偶是日像。|zh
672|17|8|8|He will not be looking to the altars, the work of his hands, or to the wood pillars or to the sun-images which his fingers have made.|en
673|17|9|9|在那日，他們的堅固城必像樹林中和山頂上所撇棄的地方，就是從前在以色列人面前被人撇棄的。這樣，地就荒涼了。|zh
674|17|9|9|In that day your towns will be like the waste places of the Hivites and the Amorites which the children of Israel took for a heritage, and they will come to destruction.|en
675|17|10|10|因你忘記救你的神，不記念你能力的磐石；所以，你栽上佳美的樹秧子，插上異樣的栽子。|zh
676|17|10|10|For you have not given honour to the God of your salvation, and have not kept in mind the Rock of your strength; for this cause you made a garden of Adonis, and put in it the vine-cuttings of a strange god;|en
677|17|11|11|栽種的日子，你周圍圈上籬笆，又到早晨使你所種的開花；但在愁苦極其傷痛的日子，所收割的都飛去了。|zh
678|17|11|11|In the day of your planting you were watching its growth, and in the morning your seed was flowering: but its fruit is wasted away in the day of grief and bitter sorrow.|en
679|17|12|12|唉！多民鬨嚷，好像海浪匉訇；列邦奔騰，好像猛水滔滔；|zh
680|17|12|12|Ah! the voice of peoples, like the loud sounding of the seas, and the thundering of great nations rushing on like the bursting out of waters!|en
681|17|13|13|列邦奔騰，好像多水滔滔；但神斥責他們，他們就遠遠逃避，又被追趕，如同山上的風前糠，又如暴風前的旋風土。|zh
682|17|13|13|But he will put a stop to them, and make them go in flight far away, driving them like the waste of the grain on the tops of the mountains before the wind, and like the circling dust before the storm.|en
683|17|14|14|到晚上有驚嚇，未到早晨他們就沒有了。這是擄掠我們之人所得的分，是搶奪我們之人的報應。|zh
684|17|14|14|In the evening there is fear, and in the morning they are gone. This is the fate of those who take our goods, and the reward of those who violently take our property for themselves.|en
685|18|1|1|唉！古實河外翅膀刷刷響聲之地，|zh
686|18|1|1|Ho! land of the sounding of wings, on the other side of the rivers of Ethiopia:|en
687|18|2|2|差遣使者在水面上，坐蒲草船過海。先知說：你們快行的使者，要到高大光滑的民那裡去。自從開國以來，那民極其可畏，是分地界踐踏人的；他們的地有江河分開。|zh
688|18|2|2|Which sends its representatives by the sea, even in ships of papyrus on the waters. Go back quickly, O representatives, to a nation tall and smooth, to a people causing fear through all their history; a strong nation, crushing down its haters, whose land is cut through by rivers.|en
689|18|3|3|世上一切的居民和地上所住的人哪，山上豎立大旗的時候你們要看；吹角的時候你們要聽。|zh
690|18|3|3|All you peoples of the world, and you who are living on the earth, when a flag is lifted up on the mountains, give attention; and when the horn is sounded, give ear.|en
691|18|4|4|耶和華對我這樣說：我要安靜，在我的居所觀看，如同日光中的清熱，又如露水的雲霧在收割的熱天。|zh
692|18|4|4|For this is what the Lord has said to me: I will be quiet, watching from my place; like the clear heat when the sun is shining, like a mist of dew in the heat of summer.|en
693|18|5|5|收割之先，花開已謝，花也成了將熟的葡萄；他必用鐮刀削去嫩枝，又砍掉蔓延的枝條，|zh
694|18|5|5|For before the time of getting in the grapes, after the opening of the bud, when the flower has become a grape ready for crushing, he will take away the small branches with knives, cutting down and taking away the wide-stretching branches.|en
695|18|6|6|都要撇給山間的鷙鳥和地上的野獸。夏天，鷙鳥要宿在其上；冬天，野獸都臥在其中。|zh
696|18|6|6|They will be for the birds of the mountains, and for the beasts of the earth: the birds will come down on them in the summer, and the beasts of the earth in the winter.|en
697|18|7|7|到那時，這高大光滑的民，就是從開國以來極其可畏、分地界踐踏人的，他們的地有江河分開；他們必將禮物奉給萬軍之耶和華，就是奉到錫安山─耶和華安置他名的地方。|zh
698|18|7|7|In that time an offering will be made to the Lord of armies from a people tall and smooth, causing fear through all their history; a strong nation, crushing down its haters, whose land is cut through by rivers, an offering taken to the place of the name of the Lord of armies, even Mount Zion.|en
699|19|1|1|論埃及的默示：看哪，耶和華乘駕快雲，臨到埃及。埃及的偶像在他面前戰兢；埃及人的心在裡面消化。|zh
700|19|1|1|The word about Egypt. See, the Lord is seated on a quick-moving cloud, and is coming to Egypt: and the false gods of Egypt will be troubled at his coming, and the heart of Egypt will be turned to water.|en
701|19|2|2|我必激動埃及人攻擊埃及人─弟兄攻擊弟兄，鄰舍攻擊鄰舍；這城攻擊那城，這國攻擊那國。|zh
702|19|2|2|And I will send the Egyptians against the Egyptians: and they will be fighting every one against his brother, and every one against his neighbour; town against town, and kingdom against kingdom.|en
703|19|3|3|埃及人的心神必在裡面耗盡；我必敗壞他們的謀略。他們必求問偶像和念咒的、交鬼的、行巫術的。|zh
704|19|3|3|And the spirit of Egypt will be troubled in her, and I will make her decisions without effect: and they will be turning to the false gods, and to those who make hollow sounds, and to those who have control of spirits, and to those who are wise in secret arts.|en
705|19|4|4|我必將埃及人交在殘忍主的手中；強暴王必轄制他們。這是主─萬軍之耶和華說的。|zh
706|19|4|4|And I will give the Egyptians into the hand of a cruel lord; and a hard king will be their ruler, says the Lord, the Lord of armies.|en
707|19|5|5|海中的水必絕盡，河也消沒乾涸。|zh
708|19|5|5|And the waters of the sea will be cut off, and the river will become dry and waste:|en
709|19|6|6|江河要變臭；埃及的河水都必減少枯乾。葦子和蘆荻都必衰殘；|zh
710|19|6|6|And the rivers will have an evil smell; the stream of Egypt will become small and dry: all the water-plants will come to nothing.|en
711|19|7|7|靠尼羅河旁的草田，並沿尼羅河所種的田，都必枯乾。莊稼被風吹去，歸於無有。|zh
712|19|7|7|The grass-lands by the Nile, and everything planted by the Nile, will become dry, or taken away by the wind, and will come to an end.|en
713|19|8|8|打魚的必哀哭。在尼羅河一切釣魚的必悲傷；在水上撒網的必都衰弱。|zh
714|19|8|8|The fishermen will be sad, and all those who put fishing-lines into the Nile will be full of grief, and those whose nets are stretched out on the waters will have sorrow in their hearts.|en
715|19|9|9|用梳好的麻造物的和織白布的都必羞愧；|zh
716|19|9|9|And all the workers in linen thread, and those who make cotton cloth, will be put to shame.|en
717|19|10|10|國柱必被打碎，所有傭工的，心必愁煩。|zh
718|19|10|10|And the makers of twisted thread will be crushed, and those who ... will be sad in heart.|en
719|19|11|11|瑣安的首領極其愚昧；法老大有智慧的謀士，所籌劃的成為愚謀。你們怎敢對法老說：我是智慧人的子孫，我是古王的後裔？|zh
720|19|11|11|The chiefs of Zoan are completely foolish; the wisest guides of Pharaoh have become like beasts: how do you say to Pharaoh, I am the son of the wise, the offspring of early kings?|en
721|19|12|12|你的智慧人在哪裡呢？萬軍之耶和華向埃及所定的旨意，他們可以知道，可以告訴你吧！|zh
722|19|12|12|Where, then, are your wise men? let them make clear to you, let them give you knowledge of the purpose of the Lord of armies for Egypt.|en
723|19|13|13|瑣安的首領都變為愚昧；挪弗的首領都受了迷惑。當埃及支派房角石的，使埃及人走錯了路。|zh
724|19|13|13|The chiefs of Zoan have become foolish, the chiefs of Noph are tricked, the heads of her tribes are the cause of Egypt's wandering out of the way.|en
725|19|14|14|耶和華使乖謬的靈攙入埃及中間；首領使埃及一切所做的都有差錯，好像醉酒之人嘔吐的時候東倒西歪一樣。|zh
726|19|14|14|The Lord has sent among them a spirit of error: and by them Egypt is turned out of the right way in all her doings, as a man overcome by wine is uncertain in his steps.|en
727|19|15|15|埃及中，無論是頭與尾，棕枝與蘆葦，所做之工都不成就。|zh
728|19|15|15|And in Egypt there will be no work for any man, head or tail, high or low, to do.|en
729|19|16|16|到那日，埃及人必像婦人一樣，他們必因萬軍之耶和華在埃及以上所掄的手，戰兢懼怕。|zh
730|19|16|16|In that day the Egyptians will be like women: and the land will be shaking with fear because of the waving of the Lord's hand stretched out over it.|en
731|19|17|17|猶大地必使埃及驚恐，向誰提起猶大地，誰就懼怕。這是因萬軍之耶和華向埃及所定的旨意。|zh
732|19|17|17|And the land of Judah will become a cause of great fear to Egypt; whenever its name comes to mind, Egypt will be in fear before the Lord of armies because of his purpose against it.|en
733|19|18|18|當那日，埃及地必有五城的人說迦南的方言，又指著萬軍之耶和華起誓。有一城必稱為滅亡城。|zh
734|19|18|18|In that day there will be five towns in the land of Egypt using the language of Canaan, and making oaths to the Lord of armies; and one of them will be named, The Town of the Sun.|en
735|19|19|19|當那日，在埃及地中必有為耶和華築的一座壇；在埃及的邊界上必有為耶和華立的一根柱。|zh
736|19|19|19|In that day there will be an altar to the Lord in the middle of the land of Egypt, and a pillar to the Lord at the edge of the land.|en
737|19|20|20|這都要在埃及地為萬軍之耶和華作記號和證據。埃及人因為受人的欺壓哀求耶和華，他就差遣一位救主作護衛者，拯救他們。|zh
738|19|20|20|And it will be a sign and a witness to the Lord of armies in the land of Egypt: when they are crying out to the Lord because of their cruel masters, then he will send them a saviour and a strong one to make them free.|en
739|19|21|21|耶和華必被埃及人所認識。在那日，埃及人必認識耶和華，也要獻祭物和供物敬拜他，並向耶和華許願還願。|zh
740|19|21|21|And the Lord will give the knowledge of himself to Egypt, and the Egyptians will give honour to the Lord in that day; they will give him worship with offerings and meal offerings, and will take an oath to the Lord and give effect to it.|en
741|19|22|22|耶和華必擊打埃及，又擊打又醫治，埃及人就歸向耶和華。他必應允他們的禱告，醫治他們。|zh
742|19|22|22|And the Lord will send punishment on Egypt, and will make them well again; and when they come back to the Lord he will give ear to their prayer and take away their disease.|en
743|19|23|23|當那日，必有從埃及通亞述去的大道。亞述人要進入埃及，埃及人也進入亞述；埃及人要與亞述人一同敬拜耶和華。|zh
744|19|23|23|In that day there will be a highway out of Egypt to Assyria, and Assyria will come into Egypt, and Egypt will come into Assyria; and the Egyptians will give worship to the Lord together with the Assyrians.|en
745|19|24|24|當那日，以色列必與埃及、亞述三國一律，使地上的人得福；|zh
746|19|24|24|In that day Israel will be the third together with Egypt and Assyria, a blessing in the earth:|en
747|19|25|25|因為萬軍之耶和華賜福給他們，說：埃及─我的百姓，亞述─我手的工作，以色列─我的產業，都有福了！|zh
748|19|25|25|Because of the blessing of the Lord of armies which he has given them, saying, A blessing on Egypt my people, and on Assyria the work of my hands, and on Israel my heritage.|en
749|20|1|1|亞述王撒珥根打發他珥探到亞實突的那年，他珥探就攻打亞實突，將城攻取。|zh
750|20|1|1|In the year when the Tartan came to Ashdod, sent by Sargon, king of Assyria, and made war against it and took it;|en
751|20|2|2|那時，耶和華曉諭亞摩斯的兒子以賽亞說：你去解掉你腰間的麻布，脫下你腳上的鞋。以賽亞就這樣做，露身赤腳行走。|zh
752|20|2|2|At that time the word of the Lord came to Isaiah, the son of Amoz, saying, Go, and take off your robe, and your shoes from your feet; and he did so, walking unclothed and without shoes on his feet.|en
753|20|3|3|耶和華說：我僕人以賽亞怎樣露身赤腳行走三年，作為關乎埃及和古實的預兆奇蹟。|zh
754|20|3|3|And the Lord said, As my servant Isaiah has gone unclothed and without shoes for three years as a sign and a wonder to Egypt and Ethiopia,|en
755|20|4|4|照樣，亞述王也必擄去埃及人，掠去古實人，無論老少，都露身赤腳，現出下體，使埃及蒙羞。|zh
756|20|4|4|So will the king of Assyria take away the prisoners of Egypt and those forced out of Ethiopia, young and old, unclothed and without shoes, and with backs uncovered, to the shame of Egypt.|en
757|20|5|5|以色列人必因所仰望的古實，所誇耀的埃及，驚惶羞愧。|zh
758|20|5|5|And they will be full of fear, and will no longer have faith in Ethiopia which was their hope, or in Egypt which was their glory.|en
759|20|6|6|那時，這沿海一帶的居民必說：看哪，我們素所仰望的，就是我們為脫離亞述王逃往求救的，不過是如此！我們怎能逃脫呢？|zh
760|20|6|6|And those living by the sea will say in that day, See the fate of our hope to whom we went for help and salvation from the king of Assyria: what hope have we then of salvation?|en
761|21|1|1|論海旁曠野的默示：有仇敵從曠野，從可怕之地而來，好像南方的旋風，猛然掃過。|zh
762|21|1|1|The word about the waste land. As storm-winds in the South go rushing through, it comes from the waste land, from the land greatly to be feared.|en
763|21|2|2|令人悽慘的異象已默示於我。詭詐的行詭詐，毀滅的行毀滅。以攔哪，你要上去！瑪代啊，你要圍困！主說：我使一切歎息止住。|zh
764|21|2|2|A vision of fear comes before my eyes; the worker of deceit goes on in his false way, and the waster goes on making waste. Up! Elam; to the attack! Media; I have put an end to her sorrow.|en
765|21|3|3|所以，我滿腰疼痛；痛苦將我抓住，好像產難的婦人一樣。我疼痛甚至不能聽；我驚惶甚至不能看。|zh
766|21|3|3|For this cause I am full of bitter grief; pains like the pains of a woman in childbirth have come on me: I am bent down with sorrow at what comes to my ears; I am shocked by what I see.|en
767|21|4|4|我心慌張，驚恐威嚇我。我所羨慕的黃昏，變為我的戰兢。|zh
768|21|4|4|My mind is wandering, fear has overcome me: the evening of my desire has been turned into shaking for me.|en
769|21|5|5|他們擺設筵席，派人守望，又吃，又喝。首領啊，你們起來，用油抹盾牌。|zh
770|21|5|5|They make ready the table, they put down the covers, they take food and drink. Up! you captains; put oil on your breastplates.|en
771|21|6|6|主對我如此說：你去設立守望的，使他將所看見的述說。|zh
772|21|6|6|For so has the Lord said to me, Go, let a watchman be placed; let him give word of what he sees:|en
773|21|7|7|他看見軍隊，就是騎馬的一對一對地來，又看見驢隊，駱駝隊，就要側耳細聽。|zh
774|21|7|7|And when he sees war-carriages, horsemen by twos, war-carriages with asses, war-carriages with camels, let him give special attention.|en
775|21|8|8|他像獅子吼叫，說：主啊，我白日常站在望樓上，整夜立在我守望所。|zh
776|21|8|8|And the watchman gave a loud cry, O my lord, I am on the watchtower all day, and am placed in my watch every night:|en
777|21|9|9|看哪，有一隊軍兵騎著馬，一對一對地來。他就說：巴比倫傾倒了！傾倒了！他一切雕刻的神像都打碎於地。|zh
778|21|9|9|See, here come war-carriages with men, horsemen by twos: and in answer he said, Babylon is made low, is made low, and all her images are broken on the earth.|en
779|21|10|10|我被打的禾稼，我場上的穀啊，我從萬軍之耶和華─以色列的神那裡所聽見的，都告訴你們了。|zh
780|21|10|10|O my crushed ones, the grain of my floor! I have given you the word which came to me from the Lord of armies, the God of Israel.|en
781|21|11|11|論度瑪的默示：有人聲從西珥呼問我說：守望的啊，夜裡如何？守望的啊，夜裡如何？|zh
782|21|11|11|The word about Edom. A voice comes to me from Seir, Watchman, how far gone is the night? how far gone is the night?|en
783|21|12|12|守望的說：早晨將到，黑夜也來。你們若要問就可以問，可以回頭再來。|zh
784|21|12|12|The watchman says, The morning has come, but night is still to come: if you have questions to put, put them, and come back again.|en
785|21|13|13|論亞拉伯的默示：底但結伴的客旅啊，你們必在亞拉伯的樹林中住宿。|zh
786|21|13|13|The word about Arabia. In the thick woods of Arabia will be your night's resting-place, O travelling bands of Dedanites!|en
787|21|14|14|提瑪地的居民拿水來，送給口渴的，拿餅來迎接逃避的。|zh
788|21|14|14|Give water to him who is in need of water; give bread, O men of the land of Tema, to those in flight.|en
789|21|15|15|因為他們逃避刀劍和出了鞘的刀，並上了弦的弓與刀兵的重災。|zh
790|21|15|15|For they are in flight from the sharp sword, and the bent bow, and from the trouble of war.|en
791|21|16|16|主對我這樣說：一年之內，照雇工的年數，基達的一切榮耀必歸於無有。|zh
792|21|16|16|For so has the Lord said to me, In a year, by the years of a servant working for payment, all the glory of Kedar will come to an end:|en
793|21|17|17|弓箭手所餘剩的，就是基達人的勇士，必然稀少，因為這是耶和華─以色列的神說的。|zh
794|21|17|17|And the rest of the bowmen, the men of war of the children of Kedar, will be small in number: for the Lord, the God of Israel, has said it.|en
795|22|1|1|論異象谷的默示：有甚麼事使你這滿城的人都上房頂呢？|zh
796|22|1|1|The word about the valley of vision. Why have all your people gone up to the house-tops?|en
797|22|2|2|你這滿處吶喊、大有喧嘩的城，歡樂的邑啊，你中間被殺的並不是被刀殺，也不是因打仗死亡。|zh
798|22|2|2|You, who are full of loud voices, a town of outcries, given up to joy; your dead men have not been put to the sword, or come to their death in war.|en
799|22|3|3|你所有的官長一同逃跑，都為弓箭手所捆綁。你中間一切被找到的都一同被捆綁；他們本是逃往遠方的。|zh
800|22|3|3|All your rulers ... have gone in flight; all your strong ones have gone far away.|en
801|22|4|4|所以我說：你們轉眼不看我，我要痛哭。不要因我眾民（原文是民女）的毀滅，就竭力安慰我。|zh
802|22|4|4|For this cause I have said, Let your eyes be turned away from me in my bitter weeping; I will not be comforted for the wasting of the daughter of my people.|en
803|22|5|5|因為主─萬軍之耶和華使異象谷有潰亂、踐踏、煩擾的日子。城被攻破，哀聲達到山間。|zh
804|22|5|5|For it is a day of trouble and of crushing down and of destruction from the Lord, the Lord of armies, in the valley of vision; ...|en
805|22|6|6|以攔帶著箭袋，還有坐戰車的和馬兵；吉珥揭開盾牌。|zh
806|22|6|6|And Elam was armed with arrows, and Aram came on horseback; and the breastplate of Kir was uncovered.|en
807|22|7|7|你嘉美的谷遍滿戰車，也有馬兵在城門前排列。|zh
808|22|7|7|And your most fertile valleys were full of war-carriages, and the horsemen took up their positions in front of the town.|en
809|22|8|8|他去掉猶大的遮蓋。那日，你就仰望林庫內的軍器。|zh
810|22|8|8|He took away the cover of Judah; and in that day you were looking with care at the store of arms in the house of the woods.|en
811|22|9|9|你們看見大衛城的破口很多，便聚積下池的水，|zh
812|22|9|9|And you saw all the broken places in the wall of the town of David: and you got together the waters of the lower pool.|en
813|22|10|10|又數點耶路撒冷的房屋，將房屋拆毀，修補城牆，|zh
814|22|10|10|And you had the houses of Jerusalem numbered, pulling down the houses to make the wall stronger.|en
815|22|11|11|又在兩道城牆中間挖一個聚水池可盛舊池的水，卻不仰望做這事的主，也不顧念從古定這事的。|zh
816|22|11|11|And you made a place between the two walls for storing the waters of the old pool: but you gave no thought to him who had done this, and were not looking to him by whom it had been purposed long before.|en
817|22|12|12|當那日，主─萬軍之耶和華叫人哭泣哀號，頭上光禿，身披麻布。|zh
818|22|12|12|And in that day the Lord, the Lord of armies, was looking for weeping, and cries of sorrow, cutting off of the hair, and putting on the clothing of grief:|en
819|22|13|13|誰知，人倒歡喜快樂，宰牛殺羊，吃肉喝酒，說：我們吃喝吧！因為明天要死了。|zh
820|22|13|13|But in place of these there was joy and delight, oxen and sheep were being made ready for food, there was feasting and drinking: men said, Now is the time for food and wine, for tomorrow death comes.|en
821|22|14|14|萬軍之耶和華親自默示我說：這罪孽直到你們死，斷不得赦免！這是主─萬軍之耶和華說的。|zh
822|22|14|14|And the Lord of armies said to me secretly, Truly, this sin will not be taken from you till your death, says the Lord, the Lord of armies.|en
823|22|15|15|主─萬軍之耶和華這樣說：你去見掌銀庫的，就是家宰舍伯那，對他說：|zh
824|22|15|15|The Lord, the Lord of armies, says, Go to this person in authority, this Shebna, who is over the house; who has made himself a resting-place on high, cutting out a place for himself in the rock, and say,|en
825|22|16|16|你在這裡做甚麼呢？有甚麼人竟在這裡鑿墳墓，就是在高處為自己鑿墳墓，在磐石中為自己鑿出安身之所？|zh
826|22|16|16|Who are you, and by what right have you made for yourself a resting-place here?|en
827|22|17|17|看哪，耶和華必像大有力的人，將你緊緊纏裹，竭力拋去。|zh
828|22|17|17|See, O strong man, the Lord will send you violently away, gripping you with force,|en
829|22|18|18|他必將你滾成一團，拋在寬闊之地，好像拋球一樣。你這主人家的羞辱，必在那裡坐你榮耀的車，也必在那裡死亡。|zh
830|22|18|18|Twisting you round and round like a ball he will send you out into a wide country: there you will come to your end, and there will be the carriages of your pride, O shame of your lord's house!|en
831|22|19|19|我必趕逐你離開官職；你必從你的原位撤下。|zh
832|22|19|19|And I will have you forced out of your place of authority, and pulled down from your position.|en
833|22|20|20|到那日，我必召我僕人希勒家的兒子以利亞敬來，|zh
834|22|20|20|And in that day I will send for my servant, Eliakim, the son of Hilkiah:|en
835|22|21|21|將你的外袍給他穿上，將你的腰帶給他繫緊，將你的政權交在他手中。他必作耶路撒冷居民和猶大家的父。|zh
836|22|21|21|And I will put your robe on him, and put your band about him, and I will give your authority into his hand: and he will be a father to the men of Jerusalem, and to the family of Judah.|en
837|22|22|22|我必將大衛家的鑰匙放在他肩頭上。他開，無人能關；他關，無人能開。|zh
838|22|22|22|And I will give the key of the family of David into his care; and what he keeps open will be shut by no one, and what he keeps shut no one will make open.|en
839|22|23|23|我必將他安穩，像釘子釘在堅固處；他必作為他父家榮耀的寶座。|zh
840|22|23|23|And I will put him like a nail in a safe place; and he will be for a seat of glory to his father's family.|en
841|22|24|24|他父家所有的榮耀，連兒女帶子孫，都掛在他身上，好像一切小器皿，從杯子到酒瓶掛上一樣。|zh
842|22|24|24|And all the glory of his father's family will be hanging on him, all their offspring, every small vessel, even the cups and the basins.|en
843|22|25|25|萬軍之耶和華說：當那日，釘在堅固處的釘子必壓斜，被砍斷落地；掛在其上的重擔必被剪斷。因為這是耶和華說的。|zh
844|22|25|25|In that day, says the Lord of armies, will the nail fixed in a safe place give way; and it will be cut down, and in its fall the weight hanging on it will be cut off, for the Lord has said it.|en
845|23|1|1|論推羅的默示：他施的船隻都要哀號；因為羅變為荒場，甚至沒有房屋，沒有可進之路。這消息是從基提地得來的。|zh
846|23|1|1|The word about Tyre. Let a cry of sorrow go up, O ships of Tarshish, because your strong place is made waste; on the way back from the land of Kittim the news is given to them.|en
847|23|2|2|沿海的居民，就是素來靠航海西頓的商家得豐盛的，你們當靜默無言。|zh
848|23|2|2|Send out a cry of grief, you men of the sea-land, traders of Zidon, who go over the sea, whose representatives are on great waters;|en
849|23|3|3|在大水之上，西曷的糧食、尼羅河的莊稼是推羅的進項；他作列國的大碼頭。|zh
850|23|3|3|Who get in the seed of Shihor, whose wealth is the trade of the nations.|en
851|23|4|4|西頓哪，你當慚愧；因為大海說，就是海中的保障說：我沒有劬勞，也沒有生產，沒有養育男子，也沒有撫養童女。|zh
852|23|4|4|Be shamed, O Zidon: for the sea, the strong place of the sea has said, I have not been with child, or given birth; I have not taken care of young men, or kept watch over the growth of virgins.|en
853|23|5|5|這風聲傳到埃及；埃及人為推羅的風聲極其疼痛。|zh
854|23|5|5|When the news comes to Egypt they will be bitterly pained at the fate of Tyre.|en
855|23|6|6|推羅人哪，你們當過到他施去；沿海的居民哪，你們都當哀號。|zh
856|23|6|6|Go over to Tarshish; give cries of sorrow, O men of the sea-land.|en
857|23|7|7|這是你們歡樂的城，從上古而有的嗎？其中的居民往遠方寄居。|zh
858|23|7|7|Is this the town which was full of joy, whose start goes back to times long past, whose wanderings took her into far-off countries?|en
859|23|8|8|推羅本是賜冠冕的。他的商家是王子；他的買賣人是世上的尊貴人。遭遇如此是誰定的呢？|zh
860|23|8|8|By whom was this purposed against Tyre, the crowning town, whose traders are chiefs, whose business men are honoured in the land?|en
861|23|9|9|是萬軍之耶和華所定的！為要污辱一切高傲的榮耀，使地上一切的尊貴人被藐視。|zh
862|23|9|9|It was the purpose of the Lord of armies to put pride to shame, to make sport of the glory of those who are honoured in the earth.|en
863|23|10|10|他施的民（原文是女）哪，可以流行你的地，好像尼羅河；不再有腰帶拘緊你。|zh
864|23|10|10|Let your land be worked with the plough, O daughter of Tarshish; there is no longer any harbour.|en
865|23|11|11|耶和華已經向海伸手，震動列國。至於迦南，他已經吩咐拆毀其中的保障。|zh
866|23|11|11|His hand is stretched out over the sea, the kingdoms are shaking: the Lord has given orders about Canaan, to make waste its strong places.|en
867|23|12|12|他又說：受欺壓西頓的居民（原文是處女）哪，你必不得再歡樂。起來！過到基提去；就是在那裡也不得安歇。|zh
868|23|12|12|And he said, There is no more joy for you, O crushed virgin daughter of Zidon: up! go over to Kittim; even there you will have no rest.|en
869|23|13|13|（看哪，迦勒底人之地向來沒有這民，這國是亞述人為住曠野的人所立的。現在他們建築戍樓，拆毀推羅的宮殿，使他成為荒涼。）|zh
870|23|13|13|...|en
871|23|14|14|他施的船隻都要哀號，因為你們的保障變為荒場。|zh
872|23|14|14|Let a cry of sorrow go up, O ships of Tarshish: because your strong place is made waste.|en
873|23|15|15|到那時，推羅必被忘記七十年，照著一王的年日。七十年後，推羅的景況必像妓女所唱的歌：|zh
874|23|15|15|And it will be in that day that Tyre will go out of mind for seventy years, that is, the days of one king: after the end of seventy years it will be for Tyre as in the song of the loose woman.|en
875|23|16|16|你這被忘記的妓女啊，拿琴周流城內，巧彈多唱，使人再想念你。|zh
876|23|16|16|Take an instrument of music, go about the town, O loose woman who has gone out from the memory of man; make sweet melody with songs, so that you may come back to men's minds.|en
877|23|17|17|七十年後，耶和華必眷顧推羅，他就仍得利息（原文是雇價；下同），與地上的萬國交易（原文是行淫）。|zh
878|23|17|17|And it will be after the end of seventy years, that the Lord will have mercy on Tyre, and she will go back to her trade, acting as a loose woman with all the kingdoms of the world on the face of the earth.|en
879|23|18|18|他的貨財和利息要歸耶和華為聖，必不積攢存留；因為他的貨財必為住在耶和華面前的人所得，使他們吃飽，穿耐久的衣服。|zh
880|23|18|18|And her goods and her trade will be holy to the Lord: they will not be kept back or stored up; for her produce will be for those living in the Lord's land, to give them food for their needs, and fair clothing.|en
881|24|1|1|看哪，耶和華使地空虛，變為荒涼；又翻轉大地，將居民分散。|zh
882|24|1|1|See, the Lord is making the earth waste and unpeopled, he is turning it upside down, and sending the people in all directions.|en
883|24|2|2|那時百姓怎樣，祭司也怎樣；僕人怎樣，主人也怎樣；婢女怎樣，主母也怎樣；買物的怎樣，賣物的也怎樣；放債的怎樣，借債的也怎樣；取利的怎樣，出利的也怎樣。|zh
884|24|2|2|And it will be the same for the people as for the priest; for the servant as for his master; and for the woman-servant as for her owner; the same for the one offering goods for a price as for him who takes them; the same for him who gives money at interest and for him who takes it; the same for him who lets others have the use of his property as for those who make use of it.|en
885|24|3|3|地必全然空虛，盡都荒涼；因為這話是耶和華說的。|zh
886|24|3|3|The earth will be completely waste and without men; for this is the word of the Lord.|en
887|24|4|4|地上悲哀衰殘，世界敗落衰殘；地上居高位的人也敗落了。|zh
888|24|4|4|The earth is sorrowing and wasting away, the world is full of grief and wasting away, the high ones of the earth come to nothing.|en
889|24|5|5|地被其上的居民污穢；因為他們犯了律法，廢了律例，背了永約。|zh
890|24|5|5|The earth has been made unclean by those living in it; because the laws have not been kept by them, the orders have been changed, and the eternal agreement has been broken.|en
891|24|6|6|所以，地被咒詛吞滅；住在其上的顯為有罪。地上的居民被火焚燒，剩下的人稀少。|zh
892|24|6|6|For this cause the earth is given up to the curse, and those in it are judged as sinners: for this cause those living on the earth are burned up, and the rest are small in number.|en
893|24|7|7|新酒悲哀，葡萄樹衰殘；心中歡樂的俱都歎息。|zh
894|24|7|7|The new wine is thin, the vine is feeble, and all the glad-hearted make sounds of grief.|en
895|24|8|8|擊鼓之樂止息；宴樂人的聲音完畢，彈琴之樂也止息了。|zh
896|24|8|8|The pleasing sound of all instruments of music has come to an end, and the voices of those who are glad.|en
897|24|9|9|人必不得飲酒唱歌；喝濃酒的，必以為苦。|zh
898|24|9|9|There is no more drinking of wine with a song; strong drink will be bitter to those who take it.|en
899|24|10|10|荒涼的城拆毀了；各家關門閉戶，使人都不得進去。|zh
900|24|10|10|The town is waste and broken down: every house is shut up, so that no man may come in.|en
901|24|11|11|在街上因酒有悲歎的聲音；一切喜樂變為昏暗；地上的歡樂歸於無有。|zh
902|24|11|11|There is a crying in the streets because of the wine; there is an end of all delight, the joy of the land is gone.|en
903|24|12|12|城中只有荒涼；城門拆毀淨盡。|zh
904|24|12|12|In the town all is waste, and in the public place is destruction.|en
905|24|13|13|在地上的萬民中，必像打過的橄欖樹，又像已摘的葡萄所剩無幾。|zh
906|24|13|13|For it will be in the heart of the earth among the peoples, like the shaking of an olive-tree, as the last of the grapes after the getting-in is done.|en
907|24|14|14|這些人要高聲歡呼；他們為耶和華的威嚴，從海那裡揚起聲來。|zh
908|24|14|14|But those will be making sounds of joy; they will be crying loudly from the sea for the glory of the Lord.|en
909|24|15|15|因此，你們要在東方榮耀耶和華；在眾海島榮耀耶和華─以色列神的名。|zh
910|24|15|15|Give praise to the Lord in the east, to the name of the Lord, the God of Israel, in the sea-lands.|en
911|24|16|16|我們聽見從地極有人歌唱，說：榮耀歸於義人。我卻說：我消滅了！我消滅了，我有禍了！詭詐的行詭詐；詭詐的大行詭詐。|zh
912|24|16|16|From the farthest part of the earth comes the sound of songs, glory to the upright. But I said, I am wasting away, wasting away, the curse is on me! The false ones go on in their false way, yes, they go on acting falsely.|en
913|24|17|17|地上的居民哪，恐懼、陷坑、網羅都臨近你。|zh
914|24|17|17|Fear, and death, and the net, are come on you, O people of the earth.|en
915|24|18|18|躲避恐懼聲音的必墜入陷坑；從陷坑上來的必被網羅纏住；因為天上的窗戶都開了，地的根基也震動了。|zh
916|24|18|18|And it will be that he who goes in flight from the sound of fear will be overtaken by death; and he who gets free from death will be taken in the net: for the windows on high are open, and the bases of the earth are shaking.|en
917|24|19|19|地全然破壞，盡都崩裂，大大地震動了。|zh
918|24|19|19|The earth is completely broken, it is parted in two, it is violently moved.|en
919|24|20|20|地要東倒西歪，好像醉酒的人；又搖來搖去，好像吊床。罪過在其上沉重，必然塌陷，不能復起。|zh
920|24|20|20|The earth will be moving uncertainly, like a man overcome by drink; it will be shaking like a tent; and the weight of its sin will be on it, crushing it down so that it will not get up again.|en
921|24|21|21|到那日，耶和華在高處必懲罰高處的眾軍，在地上必懲罰地上的列王。|zh
922|24|21|21|And in that day the Lord will send punishment on the army of the high ones on high, and on the kings of the earth on the earth.|en
923|24|22|22|他們必被聚集，像囚犯被聚在牢獄中，並要囚在監牢裡，多日之後便被討罪（或譯：眷顧）。|zh
924|24|22|22|And they will be got together, like prisoners in the prison-house; and after a long time they will have their punishment.|en
925|24|23|23|那時，月亮要蒙羞，日頭要慚愧；因為萬軍之耶和華必在錫安山，在耶路撒冷作王；在敬畏他的長老面前，必有榮耀。|zh
926|24|23|23|Then the moon will be veiled, and the sun put to shame; for the Lord of armies will be ruling in Mount Zion and in Jerusalem, and before his judges he will let his glory be seen.|en
927|25|1|1|耶和華啊，你是我的神；我要尊崇你，我要稱讚你的名。因為你以忠信誠實行過奇妙的事，成就你古時所定的。|zh
928|25|1|1|O Lord, you are my God; I will give praise to you, I will give honour to your name; for you have done great acts of power; your purposes in the past have been made true and certain in effect.|en
929|25|2|2|你使城變為亂堆，使堅固城變為荒場，使外邦人宮殿的城不再為城，永遠不再建造。|zh
930|25|2|2|For you have made a town a waste place: a strong town a mass of broken walls; the tower of the men of pride has come to an end; it will never be put up again.|en
931|25|3|3|所以，剛強的民必榮耀你；強暴之國的城必敬畏你。|zh
932|25|3|3|For this cause will the strong people give glory to you, the town of the cruel ones will be in fear of you.|en
933|25|4|4|因為當強暴人催逼人的時候，如同暴風直吹牆壁，你就作貧窮人的保障，作困乏人急難中的保障，作躲暴風之處，作避炎熱的陰涼。|zh
934|25|4|4|For you have been a strong place for the poor and the crushed in their trouble, a safe place from the storm, a shade from the heat, when the wrath of the cruel ones is like a winter storm.|en
935|25|5|5|你要壓制外邦人的喧嘩，好像乾燥地的熱氣下落；禁止強暴人的凱歌，好像熱氣被雲影消化。|zh
936|25|5|5|As heat by the shade of a cloud, the noise of the men of pride has been made quiet by you; as heat by the shade of a cloud, the song of the cruel ones has been stopped.|en
937|25|6|6|在這山上，萬軍之耶和華必為萬民用肥甘設擺筵席，用陳酒和滿髓的肥甘，並澄清的陳酒，設擺筵席。|zh
938|25|6|6|And in this mountain will the Lord of armies make for all peoples a feast of good things, a feast of wines long stored, of good things sweet to the taste, of wines long kept and tested.|en
939|25|7|7|他又必在這山上除滅遮蓋萬民之物和遮蔽萬國蒙臉的帕子。|zh
940|25|7|7|And in this mountain he will put an end to the shade covering the face of all peoples, and the veil which is stretched over all nations.|en
941|25|8|8|他已經吞滅死亡直到永遠。主耶和華必擦去各人臉上的眼淚，又除掉普天下他百姓的羞辱，因為這是耶和華說的。|zh
942|25|8|8|He has put an end to death for ever; and the Lord God will take away all weeping; and he will put an end to the shame of his people in all the earth: for the Lord has said it.|en
943|25|9|9|到那日，人必說：看哪，這是我們的神；我們素來等候他，他必拯救我們。這是耶和華，我們素來等候他，我們必因他的救恩歡喜快樂。|zh
944|25|9|9|And in that day it will be said, See, this is our God; we have been waiting for him, and he will be our saviour: this is the Lord in whom is our hope; we will be glad and have delight in his salvation.|en
945|25|10|10|耶和華的手必按在這山上；摩押人在所居之地必被踐踏，好像乾草被踐踏在糞池的水中。|zh
946|25|10|10|For in this mountain will the hand of the Lord come to rest, and Moab will be crushed down in his place, even as the dry stems of the grain are crushed under foot in the waste place.|en
947|25|11|11|他必在其中伸開手，好像洑水的伸開手洑水一樣；但耶和華必使他的驕傲和他手所行的詭計一併敗落。|zh
948|25|11|11|And if he puts out his hands, like a man stretching out his hands in swimming, the Lord will make low his pride, however expert his designs.|en
949|25|12|12|耶和華使你城上的堅固高臺傾倒，拆平，直到塵埃。|zh
950|25|12|12|And the strong tower of your walls has been broken by him, made low, and crushed even to the dust.|en
951|26|1|1|當那日，在猶大地人必唱這歌說：我們有堅固的城。耶和華要將救恩定為城牆，為外郭。|zh
952|26|1|1|In that day will this song be made in the land of Judah: We have a strong town; he will make salvation our walls and towers.|en
953|26|2|2|敞開城門，使守信的義民得以進入。|zh
954|26|2|2|Let the doors be open, so that the upright nation which keeps faith may come in.|en
955|26|3|3|堅心倚賴你的，你必保守他十分平安，因為他倚靠你。|zh
956|26|3|3|The man whose heart is unmoved you will keep in peace, because his hope is in you.|en
957|26|4|4|你們當倚靠耶和華直到永遠，因為耶和華是永久的磐石。|zh
958|26|4|4|Let your hope be in the Lord for ever: for the Lord Jah is an unchanging Rock.|en
959|26|5|5|他使住高處的與高城一併敗落，將城拆毀，拆平，直到塵埃，|zh
960|26|5|5|For he has made low those who are lifted up, all the people of the town of pride: he makes it low, crushing it down to the earth; he makes it low in the dust.|en
961|26|6|6|要被腳踐踏，就是被困苦人的腳和窮乏人的腳踐踏。|zh
962|26|6|6|It will be crushed under the feet of the poor and the steps of those who are in need.|en
963|26|7|7|義人的道是正直的；你為正直的主，必修平義人的路。|zh
964|26|7|7|The way of the good man is straight; the road of the upright is made smooth by you.|en
965|26|8|8|耶和華啊，我們在你行審判的路上等候你；我們心裡所羨慕的是你的名，就是你那可記念的名。|zh
966|26|8|8|We have been waiting for you, O Lord; the desire of our soul is for the memory of your name.|en
967|26|9|9|夜間，我心中羨慕你；我裡面的靈切切尋求你。因為你在世上行審判的時候，地上的居民就學習公義。|zh
968|26|9|9|In the night the desire of my soul has been for you; early will my spirit be searching for you; for when your punishments come on the earth, the people of the world will get the knowledge of righteousness.|en
969|26|10|10|以恩惠待惡人，他仍不學習公義；在正直的地上，他必行事不義，也不注意耶和華的威嚴。|zh
970|26|10|10|Even if you are kind to the evil-doer, he will not go after righteousness; even in the land of the upright he will still go on in his wrongdoing, and will not see the glory of the Lord.|en
971|26|11|11|耶和華啊，你的手高舉，他們仍然不看；卻要看你為百姓發的熱心，因而抱愧，並且有火燒滅你的敵人。|zh
972|26|11|11|Lord, your hand is lifted up, but they do not see: let them see ... yes, your haters will be burned up in the fire.|en
973|26|12|12|耶和華啊，你必派定我們得平安，因為我們所做的事都是你給我們成就的。|zh
974|26|12|12|Lord, you will give us peace: for all our works are the outcome of your purpose.|en
975|26|13|13|耶和華─我們的神啊，在你以外曾有別的主管轄我們，但我們專要倚靠你，提你的名。|zh
976|26|13|13|O Lord, our God, other lords than you have had rule over us; but in you only is our salvation, and no other name will we take on our lips.|en
977|26|14|14|他們死了，必不能再活；他們去世，必不能再起；因為你刑罰他們，毀滅他們，他們的名號就全然消滅。|zh
978|26|14|14|The dead will not come back to life: their spirits will not come back to earth; for this cause you have sent destruction on them, so that the memory of them is dead.|en
979|26|15|15|耶和華啊，你增添國民，你增添國民；你得了榮耀，又擴張地的四境。|zh
980|26|15|15|You have made the nation great, O Lord, you have made it great; glory is yours: you have made wide the limits of the land.|en
981|26|16|16|耶和華啊，他們在急難中尋求你；你的懲罰臨到他們身上，他們就傾心吐膽禱告你。|zh
982|26|16|16|Lord, in trouble our eyes have been turned to you, we sent up a prayer when your punishment was on us.|en
983|26|17|17|婦人懷孕，臨產疼痛，在痛苦之中喊叫；耶和華啊，我們在你面前也是如此。|zh
984|26|17|17|As a woman with child, whose time is near, is troubled, crying out in her pain; so have we been before you, O Lord.|en
985|26|18|18|我們也曾懷孕疼痛，所產的竟像風一樣。我們在地上未曾行甚麼拯救的事；世上的居民也未曾敗落。|zh
986|26|18|18|We have been with child, we have been in pain, we have given birth to wind; no salvation has come to the earth through us, and no children have come into the world.|en
987|26|19|19|死人（原文是你的死人）要復活，屍首（原文是我的屍首）要興起。睡在塵埃的啊，要醒起歌唱！因你的甘露好像菜蔬上的甘露，地也要交出死人來。|zh
988|26|19|19|Your dead will come back; their dead bodies will come to life again. Those in the dust, awaking from their sleep, will send out a song; for your dew is a dew of light, and the earth will give birth to the shades.|en
989|26|20|20|我的百姓啊，你們要來進入內室，關上門，隱藏片時，等到忿怒過去。|zh
990|26|20|20|Come, my people, into your secret places, and let your doors be shut: keep yourself safe for a short time, till his wrath is over.|en
991|26|21|21|因為耶和華從他的居所出來，要刑罰地上居民的罪孽。地也必露出其中的血，不再掩蓋被殺的人。|zh
992|26|21|21|For the Lord is coming out of his place to send punishment on the people of the earth for their evil-doing: the earth will let the blood drained out on her be seen, and will keep her dead covered no longer.|en
993|27|1|1|到那日，耶和華必用他剛硬有力的大刀刑罰鱷魚─就是那快行的蛇，刑罰鱷魚─就是那曲行的蛇，並殺海中的大魚。|zh
994|27|1|1|In that day the Lord, with his great and strong and cruel sword, will send punishment on Leviathan, the quick-moving snake, and on Leviathan, the twisted snake; and he will put to death the dragon which is in the sea.|en
995|27|2|2|當那日，有出酒的葡萄園，你們要指這園唱歌說：|zh
996|27|2|2|In that day it will be said, A vine-garden of delight, make a song about it.|en
997|27|3|3|我─耶和華是看守葡萄園的；我必時刻澆灌，晝夜看守，免得有人損害。|zh
998|27|3|3|I, the Lord, am watching it; I will give it water at all times: I will keep it night and day, for fear that any damage comes to it.|en
999|27|4|4|我心中不存忿怒。惟願荊棘蒺藜與我交戰，我就勇往直前，把他一同焚燒。|zh
1000|27|4|4|My passion is over: if the thorns were fighting against me, I would make an attack on them, and they would be burned up together.|en
1001|27|5|5|不然，讓他持住我的能力，使他與我和好，願他與我和好。|zh
1002|27|5|5|Or let him put himself under my power, and make peace with me.|en
1003|27|6|6|將來雅各要扎根，以色列要發芽開花；他們的果實必充滿世界。|zh
1004|27|6|6|In days to come Jacob will take root: Israel will put out buds and flowers; and the face of the world will be full of fruit.|en
1005|27|7|7|主擊打他們，豈像擊打那些擊打他們的人嗎？他們被殺戮，豈像被他們所殺戮的嗎？|zh
1006|27|7|7|Is his punishment like the punishment of those who overcame him? or are his dead as great in number as those he put to the sword?|en
1007|27|8|8|你打發他們去，是相機宜與他們相爭；颳東風的日子，就用暴風將他們逐去。|zh
1008|27|8|8|Your anger against her has been made clear by driving her away; he has taken her away with his storm-wind in the day of his east wind.|en
1009|27|9|9|所以，雅各的罪孽得赦免，他的罪過得除掉的果效，全在乎此：就是他叫祭壇的石頭變為打碎的灰石，以致木偶和日像不再立起。|zh
1010|27|9|9|So by this will the sin of Jacob be covered, and this is all the fruit of taking away his punishment; when all the stones of the altar are crushed together, so that the wood pillars and the sun-images will not be put up again.|en
1011|27|10|10|因為堅固城變為淒涼，成了撇下離棄的居所，像曠野一樣；牛犢必在那裡吃草，在那裡躺臥，並吃盡其中的樹枝。|zh
1012|27|10|10|For the strong town is without men, an unpeopled living-place; and she has become a waste land: there the young ox will take his rest, and its branches will be food for him.|en
1013|27|11|11|枝條枯乾，必被折斷；婦女要來點火燒著。因為這百姓蒙昧無知，所以，創造他們的必不憐恤他們；造成他們的也不施恩與他們。|zh
1014|27|11|11|When its branches are dry they will be broken off; the women will come and put fire to them: for it is a foolish people; for this cause he who made them will have no mercy on them, and he whose work they are will not have pity on them.|en
1015|27|12|12|以色列人哪，到那日，耶和華必從大河，直到埃及小河，將你們一一地收集，如同人打樹拾果一樣。|zh
1016|27|12|12|And it will be in that day that the Lord will get together his grain, from the River to the stream of Egypt, and you will be got together with care, O children of Israel.|en
1017|27|13|13|當那日，必大發角聲，在亞述地將要滅亡的，並在埃及地被趕散的，都要來，他們就在耶路撒冷聖山上敬拜耶和華。|zh
1018|27|13|13|And it will be in that day that a great horn will be sounded; and those who were wandering in the land of Assyria, and those who had been sent away into the land of Egypt, will come; and they will give worship to the Lord in the holy mountain at Jerusalem.|en
1019|28|1|1|禍哉！以法蓮的酒徒，住在肥美谷的山上，他們心裡高傲，以所誇的為冠冕，猶如將殘之花。|zh
1020|28|1|1|Ho! crown of pride of those who are given up to wine in Ephraim, and the dead flower of his glory which is on the head of those who are overcome by strong drink!|en
1021|28|2|2|看哪，主有一大能大力者，像一陣冰雹，像毀滅的暴風，像漲溢的大水，他必用手將冠冕摔落於地。|zh
1022|28|2|2|See, the Lord has a strong and cruel one; like a rain of ice, a storm of destruction, like the overflowing of a strong river, he will violently overcome them.|en
1023|28|3|3|以法蓮高傲的酒徒，他的冠冕必被踏在腳下。|zh
1024|28|3|3|The crown of pride of those who are given up to wine in Ephraim will be crushed under foot;|en
1025|28|4|4|那榮美將殘之花，就是在肥美谷山上的，必像夏令以前初熟的無花果；看見這果的就注意，一到手中就吞吃了。|zh
1026|28|4|4|And the dead flower of his glory, which is on the head of the fertile valley, will be like the first early fruit before the summer; which a man takes and puts in his mouth the minute he sees it.|en
1027|28|5|5|到那日，萬軍之耶和華必作他餘剩之民的榮冠華冕，|zh
1028|28|5|5|In that day will the Lord of armies be a crown of glory, and a fair ornament, to the rest of his people;|en
1029|28|6|6|也作了在位上行審判者公平之靈，並城門口打退仇敵者的力量。|zh
1030|28|6|6|And a spirit of wisdom to the judge, and strength to those who keep back the attackers at the door of the town.|en
1031|28|7|7|就是這地的人也因酒搖搖晃晃，因濃酒東倒西歪。祭司和先知因濃酒搖搖晃晃，被酒所困，因濃酒東倒西歪。他們錯解默示，謬行審判。|zh
1032|28|7|7|And further, these are uncertain through wine, and have gone out of the right way through strong drink: the priest and the prophet are uncertain through strong drink, they are overcome by wine, they have gone out of the way through strong drink; their vision is false, they go wrong in their decisions.|en
1033|28|8|8|因為各席上滿了嘔吐的污穢，無一處乾淨。|zh
1034|28|8|8|For all the tables are covered with coughed-up food, so that there is not a clean place.|en
1035|28|9|9|譏誚先知的說：他要將知識指教誰呢？要使誰明白傳言呢？是那剛斷奶離懷的麼？|zh
1036|28|9|9|To whom will he give knowledge? and to whom will he make clear the word? Will it be to those who have newly given up milk, and who have only now been taken from the breast?|en
1037|28|10|10|他竟命上加命，令上加令，律上加律，例上加例，這裡一點，那裡一點。|zh
1038|28|10|10|For it is one rule after another; one line after another; here a little, there a little.|en
1039|28|11|11|先知說：不然，主要藉異邦人的嘴唇和外邦人的舌頭對這百姓說話。|zh
1040|28|11|11|No, but with broken talk, and with a strange tongue, he will give his word to this people:|en
1041|28|12|12|他曾對他們說：你們要使疲乏人得安息，這樣才得安息，才得舒暢，他們卻不肯聽。|zh
1042|28|12|12|To whom he said, This is the rest, give rest to him who is tired; and by this you may get new strength; but they would not give ear.|en
1043|28|13|13|所以，耶和華向他們說的話是命上加命，令上加令，律上加律，例上加例，這裡一點，那裡一點，以致他們前行仰面跌倒，而且跌碎，並陷入網羅被纏住。|zh
1044|28|13|13|For this cause the word of the Lord will be to them rule after rule, line after line, here a little, there a little; so that they may go on their way, and falling back may be broken, and taken in the net.|en
1045|28|14|14|所以，你們這些褻慢的人，就是轄管住在耶路撒冷這百姓的，要聽耶和華的話。|zh
1046|28|14|14|Give ear then to the word of the Lord, you men of pride, the rulers of this people in Jerusalem:|en
1047|28|15|15|你們曾說：我們與死亡立約，與陰間結盟；敵軍（原文是鞭子）如水漲漫經過的時候，必不臨到我們；因我們以謊言為避所，在虛假以下藏身。|zh
1048|28|15|15|Because you have said, We have made death our friend, and with the underworld we have made an agreement; when the overflowing waters come through they will not come near us; for we are looking to false words for help, taking cover in what is untrue:|en
1049|28|16|16|所以，主耶和華如此說：看哪，我在錫安放一塊石頭作為根基，是試驗過的石頭，是穩固根基，寶貴的房角石；信靠的人必不著急。|zh
1050|28|16|16|For this cause says the Lord God, See, I am placing in Zion as a base, a stone, a tested stone, an angle-stone which is certain and of great value: and he who has faith will not give way.|en
1051|28|17|17|我必以公平為準繩，以公義為線鉈。冰雹必沖去謊言的避所；大水必漫過藏身之處。|zh
1052|28|17|17|And I will make right decision the measuring-line, and righteousness the weight: and the ice-storm will take away the safe place of false words, and the secret place will be covered by the flowing waters.|en
1053|28|18|18|你們與死亡所立的約必然廢掉，與陰間所結的盟必立不住。敵軍（原文是鞭子）如水漲漫經過的時候，你們必被他踐踏；|zh
1054|28|18|18|And the help you were looking for from death will come to nothing, and your agreement with the underworld will be broken; when the overflowing waters come through, then you will be overcome by them.|en
1055|28|19|19|每逢經過必將你們擄去。因為每早晨他必經過，白晝黑夜都必如此。明白傳言的必受驚恐。|zh
1056|28|19|19|Whenever they come through they will overtake you; for they will come through morning after morning, by day and by night: and the news will be nothing but fear.|en
1057|28|20|20|原來，床榻短，使人不能舒身；被窩窄，使人不能遮體。|zh
1058|28|20|20|For the bed is not long enough for a man to be stretched out on: and the cover is not wide enough for him to be covered with.|en
1059|28|21|21|耶和華必興起，像在毗拉心山；他必發怒，像在基遍谷，好做成他的工，就是非常的工；成就他的事，就是奇異的事。|zh
1060|28|21|21|For the Lord will come up as on Mount Perazim, he will be moved to wrath as in the valley of Gibeon; so that he may do his work--strange is his work; and give effect to his act--unnatural is his act.|en
1061|28|22|22|現在你們不可褻慢，恐怕捆你們的綁索更結實了；因為我從主─萬軍之耶和華那裡聽見，已經決定在全地上施行滅絕的事。|zh
1062|28|22|22|And now, take care that you do not make sport of him, or your bands will be made strong; for I have had word from the Lord, the Lord of armies, of an end, of a complete end, which is to come on all the land.|en
1063|28|23|23|你們當側耳聽我的聲音，留心聽我的言語。|zh
1064|28|23|23|Let your ears be open to my voice; give attention to what I say.|en
1065|28|24|24|那耕地為要撒種的，豈是常常耕地呢？豈是常常開墾耙地呢？|zh
1066|28|24|24|Is the ploughman for ever ploughing? does he not get the earth ready and broken up for the seed?|en
1067|28|25|25|他拉平了地面，豈不就撒種小茴香，播種大茴香，按行列種小麥，在定處種大麥，在田邊種粗麥呢？|zh
1068|28|25|25|When the face of the earth has been levelled, does he not put in the different sorts of seed, and the grain in lines, and the barley in its place, and the spelt at the edge?|en
1069|28|26|26|因為他的神教導他務農相宜，並且指教他。|zh
1070|28|26|26|For his God is his teacher, giving him the knowledge of these things.|en
1071|28|27|27|原來打小茴香，不用尖利的器具，軋大茴香，也不用碌碡（原文是車輪；下同）；但用杖打小茴香，用棍打大茴香。|zh
1072|28|27|27|For the fitches are not crushed with a sharp instrument, and a cart-wheel is not rolled over the cummin; but the grain of the fitches is hammered out with a stick, and of the cummin with a rod.|en
1073|28|28|28|做餅的糧食是用磨磨碎，因他不必常打；雖用碌碡和馬打散，卻不磨他。|zh
1074|28|28|28|Is the grain for bread crushed? He does not go on crushing it for ever, but he lets his cart-wheels and his horses go over it without crushing it.|en
1075|28|29|29|這也是出於萬軍之耶和華─他的謀略奇妙；他的智慧廣大。|zh
1076|28|29|29|This comes from the Lord of armies, purposing wonders, and wise in all his acts.|en
1077|29|1|1|唉！亞利伊勒，亞利伊勒，大衛安營的城，任憑你年上加年，節期照常周流。|zh
1078|29|1|1|Ho! Ariel, Ariel, the town against which David made war; put year to year, let the feasts come round:|en
1079|29|2|2|我終必使亞利伊勒困難；他必悲傷哀號，我卻仍以他為亞利伊勒。|zh
1080|29|2|2|And I will send trouble on Ariel, and there will be weeping and cries of grief; and she will be to me as Ariel.|en
1081|29|3|3|我必四圍安營攻擊你，屯兵圍困你，築壘攻擊你。|zh
1082|29|3|3|And I will make war on you like David, and you will be shut in by earthworks, and I will make towers round you.|en
1083|29|4|4|你必敗落，從地中說話；你的言語必微細出於塵埃。你的聲音必像那交鬼者的聲音出於地；你的言語低低微微出於塵埃。|zh
1084|29|4|4|And you will be made low, and your voice will come out of the earth, and your words will be low out of the dust; and your voice will come out of the earth like that of a spirit, making bird-like noises out of the dust.|en
1085|29|5|5|你仇敵的群眾，卻要像細塵；強暴人的群眾，也要像飛糠。這事必頃刻之間忽然臨到。|zh
1086|29|5|5|And the army of your attackers will be like small dust, and all the cruel ones like dry stems gone before the wind; suddenly it will come about.|en
1087|29|6|6|萬軍之耶和華必用雷轟、地震、大聲、旋風、暴風，並吞滅的火燄，向他討罪。|zh
1088|29|6|6|The Lord of armies will come in with thunder and earth-shaking and great noise, with rushing wind and storm, and the flame of burning fire.|en
1089|29|7|7|那時，攻擊亞利伊勒列國的群眾，就是一切攻擊亞利伊勒和他的保障，並使他困難的，必如夢景，如夜間的異象；|zh
1090|29|7|7|And all the nations making war on Ariel, and all those who are fighting against her and shutting her in with their towers, will be like a dream, like a vision of the night.|en
1091|29|8|8|又必像飢餓的人夢中吃飯，醒了仍覺腹空；或像口渴的人夢中喝水，醒了仍覺發昏，心裡想喝。攻擊錫安山列國的群眾也必如此。|zh
1092|29|8|8|And it will be like a man desiring food, and dreaming that he is feasting; but when he is awake there is nothing in his mouth: or like a man in need of water, dreaming that he is drinking; but when he is awake he is feeble and his soul is full of desire: so will all the nations be which make war on Mount Zion.|en
1093|29|9|9|你們等候驚奇吧！你們宴樂昏迷吧！他們醉了，卻非因酒；他們東倒西歪，卻非因濃酒。|zh
1094|29|9|9|Be surprised and full of wonder; let your eyes be covered and be blind: be overcome, but not with wine; go with uncertain steps, but not because of strong drink.|en
1095|29|10|10|因為耶和華將沉睡的靈澆灌你們，封閉你們的眼，蒙蓋你們的頭。你們的眼就是先知；你們的頭就是先見。|zh
1096|29|10|10|For the Lord has sent on you a spirit of deep sleep; and by him your eyes, the prophets, are shut, and your heads, the seers, are covered.|en
1097|29|11|11|所有的默示，你們看如封住的書卷，人將這書卷交給識字的，說：請念吧！他說：我不能念，因為是封住了。|zh
1098|29|11|11|And the vision of all this has become to you like the words of a book which is shut, which men give to one who has knowledge of writing, saying, Make clear to us what is in the book: and he says, I am not able to, for the book is shut:|en
1099|29|12|12|又將這書卷交給不識字的人，說：請念吧！他說：我不識字。|zh
1100|29|12|12|And they give it to one without learning, saying, Make clear to us what is in the book: and he says, I have no knowledge of writing.|en
1101|29|13|13|主說：因為這百姓親近我，用嘴唇尊敬我，心卻遠離我；他們敬畏我，不過是領受人的吩咐。|zh
1102|29|13|13|And the Lord said, because this people come near to me with their mouths, and give honour to me with their lips, but their heart is far from me, and their fear of me is false, a rule given them by the teaching of men;|en
1103|29|14|14|所以，我在這百姓中要行奇妙的事，就是奇妙又奇妙的事。他們智慧人的智慧必然消滅，聰明人的聰明必然隱藏。|zh
1104|29|14|14|For this cause I will again do a strange thing among this people, a thing to be wondered at: and the wisdom of their wise men will come to nothing, and the sense of their guides will no longer be seen.|en
1105|29|15|15|禍哉！那些向耶和華深藏謀略的，又在暗中行事，說：誰看見我們呢？誰知道我們呢？|zh
1106|29|15|15|Cursed are those who go deep to keep their designs secret from the Lord, and whose works are in the dark, and who say, Who sees us? and who has knowledge of our acts?|en
1107|29|16|16|你們把事顛倒了，豈可看窯匠如泥嗎？被製作的物豈可論製作物的說：他沒有製作我？或是被創造的物論造物的說：他沒有聰明。|zh
1108|29|16|16|You are turning things upside down! Is the wet earth the same to you as the one who is forming it? will the thing made say of him who made it, He made me not: or the thing formed say of him who gave it form, He has no knowledge?|en
1109|29|17|17|利巴嫩變為肥田，肥田看如樹林，不是只有一點點時候嗎？|zh
1110|29|17|17|In a very short time Lebanon will become a fertile field, and the fertile field will seem like a wood.|en
1111|29|18|18|那時，聾子必聽見這書上的話；瞎子的眼必從迷矇黑暗中得以看見。|zh
1112|29|18|18|And in that day those whose ears are stopped will be hearing the words of the book; and the eyes of the blind will see through the mist and the dark.|en
1113|29|19|19|謙卑人必因耶和華增添歡喜；人間貧窮的必因以色列的聖者快樂。|zh
1114|29|19|19|And the poor will have their joy in the Lord increased, and those in need will be glad in the Holy One of Israel.|en
1115|29|20|20|因為，強暴人已歸無有，褻慢人已經滅絕，一切找機會作孽的都被剪除。|zh
1116|29|20|20|For the cruel one has come to nothing; and those who make sport of the Lord are gone; and those who are watching to do evil are cut off:|en
1117|29|21|21|他們在爭訟的事上定無罪的為有罪，為城門口責備人的設下網羅，用虛無的事屈枉義人。|zh
1118|29|21|21|Who give help to a man in a wrong cause, and who put a net for the feet of him who gives decisions in the public place, taking away a man's right without cause.|en
1119|29|22|22|所以，救贖亞伯拉罕的耶和華論雅各家如此說：雅各必不再羞愧，面容也不致變色。|zh
1120|29|22|22|For this reason the Lord, the saviour of Abraham, says about the family of Jacob, Jacob will not now be put to shame, or his face be clouded with fear.|en
1121|29|23|23|但他看見他的眾子，就是我手的工作在他那裡，他們必尊我的名為聖，必尊雅各的聖者為聖，必敬畏以色列的神。|zh
1122|29|23|23|But when they, the children of Jacob, see the work of my hands among them, they will give honour to my name; yes, they will give honour to the Holy One of Jacob, and go in fear of the God of Israel.|en
1123|29|24|24|心中迷糊的必得明白；發怨言的必受訓誨。|zh
1124|29|24|24|Those whose hearts were turned away from him will get knowledge, and those who made an outcry against him will give attention to his teaching.|en
1125|30|1|1|耶和華說：禍哉！這悖逆的兒女。他們同謀，卻不由於我，結盟，卻不由於我的靈，以致罪上加罪；|zh
1126|30|1|1|Ho! uncontrolled children, says the Lord, who give effect to a purpose which is not mine, and who make an agreement, but not by my spirit, increasing their sin:|en
1127|30|2|2|起身下埃及去，並沒有求問我；要靠法老的力量加添自己的力量，並投在埃及的蔭下。|zh
1128|30|2|2|Who make a move to go down into Egypt, without authority from me; who are looking to the strength of Pharaoh for help, and whose hope is in the shade of Egypt.|en
1129|30|3|3|所以，法老的力量必作你們的羞辱；投在埃及的蔭下，要為你們的慚愧。|zh
1130|30|3|3|And the strength of Pharaoh will be your shame, and your hope in the shade of Egypt will come to nothing.|en
1131|30|4|4|他們的首領已在瑣安；他們的使臣到了哈內斯。|zh
1132|30|4|4|For his chiefs are at Zoan, and his representatives have come to Hanes.|en
1133|30|5|5|他們必因那不利於他們的民蒙羞。那民並非幫助，也非利益，只作羞恥凌辱。|zh
1134|30|5|5|For they have all come with offerings to a people of no use to them, in whom is no help or profit, but only shame and a bad name.|en
1135|30|6|6|論南方牲畜的默示：他們把財物馱在驢駒的脊背上，將寶物馱在駱駝的肉鞍上，經過艱難困苦之地，就是公獅、母獅、蝮蛇、火燄的飛龍之地，往那不利於他們的民那裡去。|zh
1136|30|6|6|The word about the Beasts of the South. Through the land of trouble and grief, the land of the she-lion and the voice of the lion, of the snake and the burning winged snake, they take their wealth on the backs of young asses, and their stores on camels, to a people in whom is no profit.|en
1137|30|7|7|埃及的幫助是徒然無益的；所以我稱他為坐而不動的拉哈伯。|zh
1138|30|7|7|For there is no use or purpose in the help of Egypt: so I have said about her, She is Rahab, who has come to an end.|en
1139|30|8|8|現今你去，在他們面前將這話刻在版上，寫在書上，以便傳留後世，直到永永遠遠。|zh
1140|30|8|8|Now go, put it in writing before them on a board, and make a record of it in a book, so that it may be for the future, a witness for all time to come.|en
1141|30|9|9|因為他們是悖逆的百姓、說謊的兒女，不肯聽從耶和華訓誨的兒女。|zh
1142|30|9|9|For they are an uncontrolled people, false-hearted, who will not give ear to the teaching of the Lord:|en
1143|30|10|10|他們對先見說：不要望見不吉利的事，對先知說：不要向我們講正直的話；要向我們說柔和的話，言虛幻的事。|zh
1144|30|10|10|Who say to the seers, See not; and to the prophets, Do not give us word of what is true, but say false things to give us pleasure:|en
1145|30|11|11|你們要離棄正道，偏離直路，不要在我們面前再提說以色列的聖者。|zh
1146|30|11|11|Get out of the good way, turning from the right road; do not keep the Holy One of Israel before our minds.|en
1147|30|12|12|所以，以色列的聖者如此說：因為你們藐視這訓誨的話，倚賴欺壓和乖僻，以此為可靠的，|zh
1148|30|12|12|For this cause the Holy One of Israel says, Because you will not give ear to this word, and are looking for help in ways of deceit and evil, and are putting your hope in them:|en
1149|30|13|13|故此，這罪孽在你們身上，好像將要破裂凸出來的高牆，頃刻之間忽然坍塌；|zh
1150|30|13|13|This sin will be to you like a crack in a high wall, causing its fall suddenly and in a minute.|en
1151|30|14|14|要被打碎，好像把窯匠的瓦器打碎，毫不顧惜，甚至碎塊中找不到一片可用以從爐內取火，從池中舀水。|zh
1152|30|14|14|And he will let it be broken as a potter's vessel is broken: it will be smashed to bits without mercy; so that there will not be a bit in which one may take fire from the fireplace, or water from the spring.|en
1153|30|15|15|主耶和華─以色列的聖者曾如此說：你們得救在乎歸回安息；你們得力在乎平靜安穩；你們竟自不肯。|zh
1154|30|15|15|For the Lord, the Holy One of Israel, said, In quiet and rest is your salvation: peace and hope are your strength: but you would not have it so.|en
1155|30|16|16|你們卻說：不然，我們要騎馬奔走。所以你們必然奔走；又說：我們要騎飛快的牲口。所以追趕你們的，也必飛快。|zh
1156|30|16|16|Saying, No, for we will go in flight on horses; so you will certainly go in flight: and, We will go on the backs of quick-running beasts; so those who go after you will be quick-footed.|en
1157|30|17|17|一人叱喝，必令千人逃跑；五人叱喝，你們都必逃跑；以致剩下的，好像山頂的旗杆，岡上的大旗。|zh
1158|30|17|17|A thousand will go in fear before one; even before five you will go in flight: till you are like a pillar by itself on the top of a mountain, and like a flag on a hill.|en
1159|30|18|18|耶和華必然等候，要施恩給你們；必然興起，好憐憫你們。因為耶和華是公平的神；凡等候他的都是有福的！|zh
1160|30|18|18|For this cause the Lord will be waiting, so that he may be kind to you; and he will be lifted up, so that he may have mercy on you; for the Lord is a God of righteousness: there is a blessing on all whose hope is in him.|en
1161|30|19|19|百姓必在錫安、在耶路撒冷居住；你不要哭泣。主必因你哀求的聲音施恩給你；他聽見的時候就必應允你。|zh
1162|30|19|19|O people, living in Zion, at Jerusalem, your weeping will be ended; he will certainly have mercy on you at the sound of your cry; when it comes to his ear, he will give you an answer.|en
1163|30|20|20|主雖以艱難給你當餅，以困苦給你當水，你的教師卻不再隱藏；你眼必看見你的教師。|zh
1164|30|20|20|And though the Lord will give you the bread of trouble and the water of grief, you will no longer put your teacher on one side, but you will see your teacher:|en
1165|30|21|21|你或向左或向右，你必聽見後邊有聲音說：這是正路，要行在其間。|zh
1166|30|21|21|And at your back, when you are turning to the right hand or to the left, a voice will be sounding in your ears, saying, This is the way in which you are to go.|en
1167|30|22|22|你雕刻偶像所包的銀子和鑄造偶像所鍍的金子，你要玷污，要拋棄，好像污穢之物，對偶像說：去罷！|zh
1168|30|22|22|And you will make unclean what is covering your pictured images of silver, and the plating of your images of gold: you will send them away as an unclean thing, saying, Be gone!|en
1169|30|23|23|你將種子撒在地裡，主必降雨在其上，並使地所出的糧肥美豐盛。到那時，你的牲畜必在寬闊的草場吃草。|zh
1170|30|23|23|And he will give rain for your seed, so that you may put it in the earth; and you will have bread from the produce of the earth, good and more than enough for your needs: in that day the cattle will get their food in wide grass-lands.|en
1171|30|24|24|耕地的牛和驢駒必吃加鹽的料；這料是用木杴和杈子揚淨的。|zh
1172|30|24|24|And the oxen and the young asses which are used for ploughing, will have salted grain which has been made free from the waste with fork and basket.|en
1173|30|25|25|在大行殺戮的日子，高臺倒塌的時候，各高山岡陵必有川流河湧。|zh
1174|30|25|25|And there will be rivers and streams of water on every tall mountain and on every high hill, in the day when great numbers are put to the sword, when the towers come down.|en
1175|30|26|26|當耶和華纏裹他百姓的損處，醫治他民鞭傷的日子，月光必像日光，日光必加七倍，像七日的光一樣。|zh
1176|30|26|26|And the light of the moon will be as the light of the sun, and the light of the sun will be seven times greater, as the light of seven days, in the day when the Lord puts oil on the wounds of his people, and makes them well from the blows they have undergone.|en
1177|30|27|27|看哪，耶和華的名從遠方來，怒氣燒起，密煙上騰。他的嘴唇滿有忿恨；他的舌頭像吞滅的火。|zh
1178|30|27|27|See, the name of the Lord is coming from far, burning with his wrath, with thick smoke going up: his lips are full of passion, and his tongue is like a burning fire:|en
1179|30|28|28|他的氣如漲溢的河水，直漲到頸項，要用毀滅的篩籮篩淨列國，並且在眾民的口中必有使人錯行的嚼環。|zh
1180|30|28|28|And his breath is as an overflowing stream, coming up even to the neck, shaking the nations for their destruction, like the shaking of grain in a basket: and he will put a cord in the mouths of the people, turning them out of their way.|en
1181|30|29|29|你們必唱歌，像守聖節的夜間一樣，並且心中喜樂，像人吹笛，上耶和華的山，到以色列的磐石那裡。|zh
1182|30|29|29|You will have a song, as in the night when a holy feast is kept; and you will be glad in heart, as when they go with music of the pipe to the mountain of the Lord, the Rock of Israel.|en
1183|30|30|30|耶和華必使人聽他威嚴的聲音，又顯他降罰的膀臂和他怒中的忿恨，並吞滅的火燄與霹雷、暴風、冰雹。|zh
1184|30|30|30|And the Lord will send out the sound of his great voice, and they will see his arm stretched out, with the heat of his wrath, and the flame of a burning fire; with a cloud-burst, and storm, and a rain of ice.|en
1185|30|31|31|亞述人必因耶和華的聲音驚惶；耶和華必用杖擊打他。|zh
1186|30|31|31|For through the voice of the Lord the Assyrian will be broken, and the Lord's rod will be lifted up against him.|en
1187|30|32|32|耶和華必將命定的杖加在他身上；每打一下，人必擊鼓彈琴。打杖的時候，耶和華必掄起手來，與他交戰。|zh
1188|30|32|32|And every blow of the rod of his punishment, which the Lord will send on him, will be with the sound of music: and with the waving of his sword the Lord will make war against him.|en
1189|30|33|33|原來陀斐特又深又寬，早已為王預備好了；其中堆的是火與許多木柴。耶和華的氣如一股硫磺火使他著起來。|zh
1190|30|33|33|For a place of fire has long been ready; yes, it has been made ready for the king; he has made it deep and wide: it is massed with fire and much wood; the breath of the Lord, like a stream of fire, puts a light to it.|en
1191|31|1|1|禍哉！那些下埃及求幫助的，是因仗賴馬匹，倚靠甚多的車輛，並倚靠強壯的馬兵，卻不仰望以色列的聖者，也不求問耶和華。|zh
1192|31|1|1|Cursed are those who go down to Egypt for help, and who put their faith in horses; looking to war-carriages for salvation, because of their numbers; and to horsemen, because they are very strong; but they are not looking to the Holy One of Israel, or turning their hearts to the Lord;|en
1193|31|2|2|其實，耶和華有智慧；他必降災禍，並不反悔自己的話，卻要興起攻擊那作惡之家，又攻擊那作孽幫助人的。|zh
1194|31|2|2|Though he is wise, and able to send evil, and his purpose will not be changed; but he will go against the house of the evil-doers, and against those to whom they are looking for help.|en
1195|31|3|3|埃及人不過是人，並不是神；他們的馬不過是血肉，並不是靈。耶和華一伸手，那幫助人的必絆跌，那受幫助的也必跌倒，都一同滅亡。|zh
1196|31|3|3|For the Egyptians are men, and not God; and their horses are flesh, and not spirit: and when the Lord's hand is stretched out, the helper and he who is helped will come down together.|en
1197|31|4|4|耶和華對我如此說：獅子和少壯獅子護食咆哮，就是喊許多牧人來攻擊他，他總不因他們的聲音驚惶，也不因他們的喧嘩縮伏。如此，萬軍之耶和華也必降臨在錫安山岡上爭戰。|zh
1198|31|4|4|For the Lord has said to me, As a lion, or a young lion, makes an angry noise over his food, and if a band of herdsmen come out against him, he will not be in fear of their voices, or give up his food for their noise: so the Lord of armies will come down to make war against Mount Zion and its hill.|en
1199|31|5|5|雀鳥怎樣搧翅覆雛，萬軍之耶和華也要照樣保護耶路撒冷。他必保護拯救，要越門保守。|zh
1200|31|5|5|Like birds with outstretched wings, so will the Lord of armies be a cover to Jerusalem; he will be a cover and salvation for it, going over it he will keep it from danger.|en
1201|31|6|6|以色列人哪，你們深深地悖逆耶和華，現今要歸向他。|zh
1202|31|6|6|Come back to him who has been so deeply sinned against by the children of Israel.|en
1203|31|7|7|到那日，各人必將他金偶像銀偶像，就是親手所造、陷自己在罪中的，都拋棄了。|zh
1204|31|7|7|For in that day they will all give up their images of silver and of gold, the sin which they made for themselves.|en
1205|31|8|8|亞述人必倒在刀下，並非人的刀；有刀要將他吞滅，並非人的刀。他必逃避這刀；他的少年人必成為服苦的。|zh
1206|31|8|8|Then the Assyrian will come down by the sword, but not of man; the sword, not of men, will be the cause of his destruction: and he will go in flight from the sword, and his young men will be put to forced work.|en
1207|31|9|9|他的磐石必因驚嚇挪去；他的首領必因大旗驚惶。這是那有火在錫安、有爐在耶路撒冷的耶和華說的。|zh
1208|31|9|9|And his rock will come to nothing because of fear, and his chiefs will go in flight from the flag, says the Lord, whose fire is in Zion, and his altar in Jerusalem.|en
1209|32|1|1|看哪，必有一王憑公義行政；必有首領藉公平掌權。|zh
1210|32|1|1|See, a king will be ruling in righteousness, and chiefs will give right decisions.|en
1211|32|2|2|必有一人像避風所和避暴雨的隱密處，又像河流在乾旱之地，像大磐石的影子在疲乏之地。|zh
1212|32|2|2|And a man will be as a safe place from the wind, and a cover from the storm; as rivers of water in a dry place, as the shade of a great rock in a waste land.|en
1213|32|3|3|那能看的人，眼不再昏迷；能聽的人，耳必得聽聞。|zh
1214|32|3|3|And the eyes of those who see will not be shut, and those who have hearing will give ear to the word.|en
1215|32|4|4|冒失人的心必明白知識；結巴人的舌必說話通快。|zh
1216|32|4|4|The man of sudden impulses will become wise in heart, and he whose tongue is slow will get the power of talking clearly.|en
1217|32|5|5|愚頑人不再稱為高明，吝嗇人不再稱為大方。|zh
1218|32|5|5|The foolish man will no longer be named noble, and they will not say of the false man that he is a man of honour.|en
1219|32|6|6|因為愚頑人必說愚頑話，心裡想作罪孽，慣行褻瀆的事，說錯謬的話攻擊耶和華，使飢餓的人無食可吃，使口渴的人無水可喝。|zh
1220|32|6|6|For the foolish man will say foolish things, having evil thoughts in his heart, working what is unclean, and talking falsely about the Lord, to keep food from him who is in need of it, and water from him whose soul is desiring it.|en
1221|32|7|7|吝嗇人所用的法子是惡的；他圖謀惡計，用謊言毀滅謙卑人；窮乏人講公理的時候，他也是這樣行。|zh
1222|32|7|7|The designs of the false are evil, purposing the destruction of the poor man by false words, even when he is in the right.|en
1223|32|8|8|高明人卻謀高明事，在高明事上也必永存。|zh
1224|32|8|8|But the noble-hearted man has noble purposes, and by these he will be guided.|en
1225|32|9|9|安逸的婦女啊，起來聽我的聲音！無慮的女子啊，側耳聽我的言語！|zh
1226|32|9|9|Give ear to my voice, you women who are living in comfort; give attention to my words, you daughters who have no fear of danger.|en
1227|32|10|10|無慮的女子啊，再過一年多，必受騷擾；因為無葡萄可摘，無果子（或譯：禾稼）可收。|zh
1228|32|10|10|In not much more than a year, you, who are not looking for evil, will be troubled: for the produce of the vine-gardens will be cut off, and there will be no getting in of the grapes.|en
1229|32|11|11|安逸的婦女啊，要戰兢；無慮的女子啊，要受騷擾。脫去衣服，赤著身體，腰束麻布。|zh
1230|32|11|11|Be shaking with fear, you women who are living in comfort; be troubled, you who have no fear of danger: take off your robes and put on clothing of grief.|en
1231|32|12|12|他們必為美好的田地和多結果的葡萄樹，搥胸哀哭。|zh
1232|32|12|12|Have sorrow for the fields, the pleasing fields, the fertile vine;|en
1233|32|13|13|荊棘蒺藜必長在我百姓的地上，又長在歡樂的城中和一切快樂的房屋上。|zh
1234|32|13|13|And for the land of my people, where thorns will come up; even for all the houses of joy in the glad town.|en
1235|32|14|14|因為宮殿必被撇下，多民的城必被離棄；山岡望樓永為洞穴，作野驢所喜樂的，為羊群的草場。|zh
1236|32|14|14|For the fair houses will have no man living in them; the town which was full of noise will become a waste; the hill and the watchtower will be unpeopled for ever, a joy for the asses of the woods, a place of food for the flocks;|en
1237|32|15|15|等到聖靈從上澆灌我們，曠野就變為肥田，肥田看如樹林。|zh
1238|32|15|15|Till the spirit comes on us from on high, and the waste land becomes a fertile field, and the fertile field is changed into a wood.|en
1239|32|16|16|那時，公平要居在曠野；公義要居在肥田。|zh
1240|32|16|16|Then in the waste land there will be an upright rule, and righteousness will have its place in the fertile field.|en
1241|32|17|17|公義的果效必是平安；公義的效驗必是平穩，直到永遠。|zh
1242|32|17|17|And the work of righteousness will be peace; and the effect of an upright rule will be to take away fear for ever.|en
1243|32|18|18|我的百姓必住在平安的居所，安穩的住處，平靜的安歇所。|zh
1244|32|18|18|And my people will be living in peace, in houses where there is no fear, and in quiet resting-places.|en
1245|32|19|19|（但要降冰雹打倒樹林；城必全然拆平。）|zh
1246|32|19|19|But the tall trees will come down with a great fall, and the town will be low in a low place.|en
1247|32|20|20|你們在各水邊撒種、牧放牛驢的有福了！|zh
1248|32|20|20|Happy are you who are planting seed by all the waters, and sending out the ox and the ass.|en
1249|33|1|1|禍哉！你這毀滅人的，自己倒不被毀滅；行事詭詐的，人倒不以詭詐待你。你毀滅罷休了，自己必被毀滅；你行完了詭詐，人必以詭詐待你。|zh
1250|33|1|1|Ho! you who make waste those who did not make you waste; acting falsely to those who were not false to you. When you have come to an end of wasting, you will be made waste, and after your false acts, they will do the same to you.|en
1251|33|2|2|耶和華啊，求你施恩於我們；我們等候你。求你每早晨作我們的膀臂，遭難的時候為我們的拯救。|zh
1252|33|2|2|O Lord, have mercy on us; for we have been waiting for your help: be our strength every morning, our salvation in time of trouble.|en
1253|33|3|3|喧嚷的響聲一發，眾民奔逃；你一興起，列國四散。|zh
1254|33|3|3|At the loud noise the peoples have gone in flight; at your coming up the nations have gone in all directions.|en
1255|33|4|4|你們所擄的必被斂盡，好像螞蚱吃（原文是斂）盡禾稼。人要蹦在其上，好像蝗蟲一樣。|zh
1256|33|4|4|And the goods taken in war will be got together like the massing of young locusts; men will be rushing on them like the rushing of locusts.|en
1257|33|5|5|耶和華被尊崇，因他居在高處；他以公平公義充滿錫安。|zh
1258|33|5|5|The Lord is lifted up; his place is on high: he has made Zion full of righteousness and true religion.|en
1259|33|6|6|你一生一世必得安穩─有豐盛的救恩，並智慧和知識；你以敬畏耶和華為至寶。|zh
1260|33|6|6|And she will have no more fear of change, being full of salvation, wisdom, and knowledge: the fear of the Lord is her wealth.|en
1261|33|7|7|看哪，他們的豪傑在外頭哀號；求和的使臣痛痛哭泣。|zh
1262|33|7|7|See, the men of war are sorrowing outside the town: those who came looking for peace are weeping bitterly.|en
1263|33|8|8|大路荒涼，行人止息；敵人背約，藐視城邑，不顧人民。|zh
1264|33|8|8|The highways are waste, no man is journeying there: the agreement is broken, he has made sport of the towns, he has no thought for man.|en
1265|33|9|9|地上悲哀衰殘；利巴嫩羞愧枯乾；沙崙像曠野；巴珊和迦密的樹林凋殘。|zh
1266|33|9|9|The earth is sorrowing and wasting away; Lebanon is put to shame and has become waste; Sharon is like the Arabah; and in Bashan and Carmel the leaves are falling.|en
1267|33|10|10|耶和華說：現在我要起來；我要興起；我要勃然而興。|zh
1268|33|10|10|Now will I come forward, says the Lord; now will I be lifted up; now will my power be seen.|en
1269|33|11|11|你們要懷的是糠秕，要生的是碎秸；你們的氣就是吞滅自己的火。|zh
1270|33|11|11|Your designs will be without profit, and their effect will be nothing: you will be burned up by the fire of my breath.|en
1271|33|12|12|列邦必像已燒的石灰，像已割的荊棘在火中焚燒。|zh
1272|33|12|12|And the peoples will be like the burning of chalk: as thorns cut down, which are burned in the fire.|en
1273|33|13|13|你們遠方的人當聽我所行的；你們近處的人當承認我的大能。|zh
1274|33|13|13|Give ear, you who are far off, to what I have done: see my power, you who are near.|en
1275|33|14|14|錫安中的罪人都懼怕；不敬虔的人被戰兢抓住。我們中間誰能與吞滅的火同住？我們中間誰能與永火同住呢？|zh
1276|33|14|14|The sinners in Zion are full of fear; the haters of God are shaking with wonder. Who among us may keep his place before the burning fire? who among us may see the eternal burnings?|en
1277|33|15|15|行事公義、說話正直、憎惡欺壓的財利、擺手不受賄賂、塞耳不聽流血的話，閉眼不看邪惡事的，|zh
1278|33|15|15|He whose ways are true, and whose words are upright; he who gives no thought to the profits of false acts, whose hands have not taken rewards, who will have no part in putting men to death, and whose eyes are shut against evil;|en
1279|33|16|16|他必居高處；他的保障是磐石的堅壘；他的糧必不缺乏（原文是賜給）；他的水必不斷絕。|zh
1280|33|16|16|He will have a place on high: he will be safely shut in by the high rocks: his bread will be given to him; his waters will be certain.|en
1281|33|17|17|你的眼必見王的榮美，必見遼闊之地。|zh
1282|33|17|17|Your eyes will see the king in his glory: they will be looking on a far-stretching land.|en
1283|33|18|18|你的心必思想那驚嚇的事，自問說：記數目的在哪裡呢？平貢銀的在哪裡呢？數戍樓的在哪裡呢？|zh
1284|33|18|18|Your heart will give thought to the cause of your fear: where is the scribe, where is he who made a record of the payments, where is he by whom the towers were numbered?|en
1285|33|19|19|你必不見那強暴的民，就是說話深奧，你不能明白，言語呢喃，你不能懂得的。|zh
1286|33|19|19|Never again will you see the cruel people, a people whose tongue has no sense for you; whose language is strange to you.|en
1287|33|20|20|你要看錫安─我們守聖節的城！你的眼必見耶路撒冷為安靜的居所，為不挪移的帳幕，橛子永不拔出，繩索一根也不折斷。|zh
1288|33|20|20|Let your eyes be resting on Zion, the town of our holy feasts: you will see Jerusalem, a quiet resting-place, a tent which will not be moved, whose tent-pins will never be pulled up, and whose cords will never be broken.|en
1289|33|21|21|在那裡，耶和華必顯威嚴與我們同在，當作江河寬闊之地；其中必沒有盪槳搖櫓的船來往，也沒有威武的船經過。|zh
1290|33|21|21|But there the Lord will be with us in his glory, ... wide rivers and streams; where no boat will go with blades, and no fair ship will be sailing.|en
1291|33|22|22|因為，耶和華是審判我們的；耶和華是給我們設律法的；耶和華是我們的王；他必拯救我們。|zh
1292|33|22|22|For the Lord is our judge, the Lord is our law-giver, the Lord is our king; he will be our saviour.|en
1293|33|23|23|你的繩索鬆開：不能栽穩桅杆，也不能揚起篷來。那時許多擄來的物被分了；瘸腿的把掠物奪去了。|zh
1294|33|23|23|Your cords have become loose; they were not able to make strong the support of their sails, the sail was not stretched out: then the blind will take much property, the feeble-footed will make division of the goods of war.|en
1295|33|24|24|城內居民必不說：我病了；其中居住的百姓，罪孽都赦免了。|zh
1296|33|24|24|And the men of Zion will not say, I am ill: for its people will have forgiveness for their sin.|en
1297|34|1|1|列國啊，要近前來聽！眾民哪，要側耳而聽！地和其上所充滿的，世界和其中一切所出的都應當聽！|zh
1298|34|1|1|Come near, you nations, and give ear; take note, you peoples: let the earth and everything in it give ear; the world and all those living in it.|en
1299|34|2|2|因為耶和華向萬國發忿恨，向他們的全軍發烈怒，將他們滅盡，交出他們受殺戮。|zh
1300|34|2|2|For the Lord is angry with all the nations, and his wrath is burning against all their armies: he has put them to the curse, he has given them to destruction.|en
1301|34|3|3|被殺的必然拋棄，屍首臭氣上騰；諸山被他們的血融化。|zh
1302|34|3|3|Their dead bodies will be thick on the face of the earth, and their smell will come up, and the mountains will be flowing with their blood, and all the hills will come to nothing.|en
1303|34|4|4|天上的萬象都要消沒；天被捲起，好像書卷。其上的萬象要殘敗，像葡萄樹的葉子殘敗，又像無花果樹的葉子殘敗一樣。|zh
1304|34|4|4|And the heavens will be rolled together like the roll of a book: and all their army will be gone, like a dead leaf from the vine, or a dry fruit from the fig-tree.|en
1305|34|5|5|因為我的刀在天上已經喝足；這刀必臨到以東和我所咒詛的民，要施行審判。|zh
1306|34|5|5|For my sword in heaven is full of wrath: see, it is coming down on Edom, in punishment on the people of my curse.|en
1307|34|6|6|耶和華的刀滿了血，用脂油和羊羔、公山羊的血，並公綿羊腰子的脂油滋潤的；因為耶和華在波斯拉有獻祭的事，在以東地大行殺戮。|zh
1308|34|6|6|The sword of the Lord is full of blood, it is fat with the best of the meat, with the blood of lambs and goats, with the best parts of the sheep: for the Lord has a feast in Bozrah, and much cattle will be put to death in the land of Edom.|en
1309|34|7|7|野牛、牛犢，和公牛要一同下來。他們的地喝醉了血；他們的塵土因脂油肥潤。|zh
1310|34|7|7|And the strong oxen will go down to death together with the smaller cattle.|en
1311|34|8|8|因耶和華有報仇之日，為錫安的爭辯有報應之年。|zh
1312|34|8|8|For it is the day of the Lord's punishment, when he gives payment for the wrongs done to Zion.|en
1313|34|9|9|以東的河水要變為石油，塵埃要變為硫磺；地土成為燒著的石油，|zh
1314|34|9|9|And its streams will be turned into boiling oil, and its dust into burning stone, and all the land will be on fire.|en
1315|34|10|10|晝夜總不熄滅，煙氣永遠上騰，必世世代代成為荒廢，永永遠遠無人經過。|zh
1316|34|10|10|It will not be put out day or night; its smoke will go up for ever: it will be waste from generation to generation; no one will go through it for ever.|en
1317|34|11|11|鵜鶘、箭豬卻要得為業；貓頭鷹、烏鴉要住在其間。耶和華必將空虛的準繩，混沌的線鉈，拉在其上。|zh
1318|34|11|11|But the birds of the waste land will have their place there; it will be a heritage for the bittern and the raven: and it will be measured out with line and weight as a waste land.|en
1319|34|12|12|以東人要召貴冑來治國；那裡卻無一個，首領也都歸於無有。|zh
1320|34|12|12|The jackals will be there, and her great ones will be gone; they will say, There is no longer a kingdom there, and all her chiefs will have come to an end.|en
1321|34|13|13|以東的宮殿要長荊棘；保障要長蒺藜和刺草；要作野狗的住處，鴕鳥的居所。|zh
1322|34|13|13|And thorns will come up in her fair houses, and waste plants in her strong towers: and foxes will make their holes there, and it will be a meeting-place for ostriches.|en
1323|34|14|14|曠野的走獸要和豺狼相遇；野山羊要與伴偶對叫。夜間的怪物必在那裡棲身，自找安歇之處。|zh
1324|34|14|14|And the beasts of the waste places will come together with the jackals, and the evil spirits will be crying to one another, even the night-spirit will come and make her resting-place there.|en
1325|34|15|15|箭蛇要在那裡做窩，下蛋，菢蛋，生子，聚子在其影下；鷂鷹各與伴偶聚集在那裡。|zh
1326|34|15|15|The arrowsnake will make her hole and put her eggs there, and get her young together under her shade: there the hawks will come together by twos.|en
1327|34|16|16|你們要查考宣讀耶和華的書。這都無一缺少，無一沒有伴偶；因為我的口已經吩咐，他的靈將他們聚集。|zh
1328|34|16|16|See what is recorded in the book of the Lord: all these will be there, not one without the other: the mouth of the Lord has given the order, and his spirit has made them come together.|en
1329|34|17|17|他也為他們拈鬮，又親手用準繩給他們分地；他們必永得為業，世世代代住在其間。|zh
1330|34|17|17|And he has given them their heritage, and by his hand it has been measured out to them: it will be theirs for ever, their resting-place from generation to generation.|en
1331|35|1|1|曠野和乾旱之地必然歡喜；沙漠也必快樂；又像玫瑰開花，|zh
1332|35|1|1|The waste land and the dry places will be glad; the lowland will have joy and be full of flowers.|en
1333|35|2|2|必開花繁盛，樂上加樂，而且歡呼。利巴嫩的榮耀，並迦密與沙崙的華美，必賜給他。人必看見耶和華的榮耀，我們神的華美。|zh
1334|35|2|2|It will be flowering like the rose; it will be full of delight and songs; the glory of Lebanon will be given to it; the pride of Carmel and Sharon: they will see the glory of the Lord, the power of our God.|en
1335|35|3|3|你們要使軟弱的手堅壯，無力的膝穩固。|zh
1336|35|3|3|Make strong the feeble hands, give support to the shaking knees.|en
1337|35|4|4|對膽怯的人說：你們要剛強，不要懼怕。看哪，你們的神必來報仇，必來施行極大的報應；他必來拯救你們。|zh
1338|35|4|4|Say to those who are full of fear, Be strong and take heart: see, your God will give punishment; the reward of God will come; he himself will come to be your saviour.|en
1339|35|5|5|那時，瞎子的眼必睜開；聾子的耳必開通。|zh
1340|35|5|5|Then the eyes of the blind will see, and the ears which are stopped will be open.|en
1341|35|6|6|那時，瘸子必跳躍像鹿；啞巴的舌頭必能歌唱。在曠野必有水發出；在沙漠必有河湧流。|zh
1342|35|6|6|Then will the feeble-footed be jumping like a roe, and the voice which was stopped will be loud in song: for in the waste land streams will be bursting out, and waters in the dry places.|en
1343|35|7|7|發光的沙（或譯：蜃樓）要變為水池；乾渴之地要變為泉源。在野狗躺臥之處，必有青草、蘆葦，和蒲草。|zh
1344|35|7|7|And the burning sand will become a pool, and the dry earth springs of waters: the fields where the sheep take their food will become wet land, and water-plants will take the place of grass.|en
1345|35|8|8|在那裡必有一條大道，稱為聖路。污穢人不得經過，必專為贖民行走；行路的人雖愚昧，也不致失迷。|zh
1346|35|8|8|And a highway will be there; its name will be, The Holy Way; the unclean and the sinner may not go over it, and those who go on it will not be turned out of the way by the foolish.|en
1347|35|9|9|在那裡必沒有獅子，猛獸也不登這路；在那裡都遇不見，只有贖民在那裡行走。|zh
1348|35|9|9|No lion will be there, or any cruel beast; they will not be seen there; but those for whom the Lord has given a price,|en
1349|35|10|10|並且耶和華救贖的民必歸回，歌唱來到錫安；永樂必歸到他們的頭上；他們必得著歡喜快樂，憂愁歎息盡都逃避。|zh
1350|35|10|10|Even those whom he has made free, will come back again; they will come with songs to Zion; on their heads will be eternal joy; delight and joy will be theirs, and sorrow and sounds of grief will be gone for ever.|en
1351|36|1|1|希西家王十四年，亞述王西拿基立上來攻擊猶大的一切堅固城，將城攻取。|zh
1352|36|1|1|And it came about in the fourteenth year of King Hezekiah that Sennacherib, king of Assyria, came up against all the walled towns of Judah and took them.|en
1353|36|2|2|亞述王從拉吉差遣拉伯沙基率領大軍往耶路撒冷，到希西家王那裡去。他就站在上池的水溝旁，在漂布地的大路上。|zh
1354|36|2|2|And the king of Assyria sent the Rab-shakeh from Lachish to Jerusalem to King Hezekiah with a strong force, and he took up his position by the stream of the higher pool, by the highway of the washerman's|en
1355|36|3|3|於是希勒家的兒子家宰以利亞敬，並書記舍伯那和亞薩的兒子史官約亞，出來見拉伯沙基。|zh
1356|36|3|3|And there came out to him Eliakim, the son of Hilkiah, who was over the house, and Shebna the scribe, and Joah, the son of Asaph, the recorder.|en
1357|36|4|4|拉伯沙基對他們說：你們去告訴希西家說，亞述大王如此說：你所倚靠的有甚麼可仗賴的呢？|zh
1358|36|4|4|And the Rab-shakeh said to them, Say now to Hezekiah, These are the words of the great king, the king of Assyria: In what are you placing your hope?|en
1359|36|5|5|你說，有打仗的計謀和能力，我看不過是虛話。你到底倚靠誰才背叛我呢？|zh
1360|36|5|5|You say you have a design and strength for war, but these are only words: now to whom are you looking for support, that you have gone against my authority?|en
1361|36|6|6|看哪，你所倚靠的埃及是那壓傷的葦杖，人若靠這杖，就必刺透他的手。埃及王法老向一切倚靠他的人也是這樣。|zh
1362|36|6|6|See, you are basing your hope on that broken rod of Egypt, which will go into a man's hand if he makes use of it for a support; for so is Pharaoh, king of Egypt, to all who put their faith in him.|en
1363|36|7|7|你若對我說：我們倚靠耶和華─我們的神。希西家豈不是將　神的邱壇和祭壇廢去，且對猶大和耶路撒冷的人說：你們當在這壇前敬拜麼？|zh
1364|36|7|7|And if you say to me, Our hope is in the Lord our God; is it not he whose high places and altars Hezekiah has taken away, saying to Judah and Jerusalem that worship may only be given before this altar?|en
1365|36|8|8|現在你把當頭給我主亞述王，我給你二千匹馬，看你這一面騎馬的人夠不夠。|zh
1366|36|8|8|And now, take a chance with my master, the king of Assyria, and I will give you two thousand horses, if you are able to put horsemen on them.|en
1367|36|9|9|若不然，怎能打敗我主臣僕中最小的軍長呢？你竟倚靠埃及的戰車馬兵麼？|zh
1368|36|9|9|How then may you put to shame the least of my master's servants? and you have put your hope in Egypt for war-carriages and horsemen:|en
1369|36|10|10|現在我上來攻擊毀滅這地，豈沒有耶和華的意思麼？耶和華吩咐我說，你上去攻擊毀滅這地罷！|zh
1370|36|10|10|And have I now come to send destruction on this land without the Lord's authority? It was the Lord himself who said to me, Go up against this land and make it waste.|en
1371|36|11|11|以利亞敬、舍伯那、約亞對拉伯沙基說：求你用亞蘭言語和僕人說話，因為我們懂得；不要用猶大言語和我們說話，達到城上百姓的耳中。|zh
1372|36|11|11|Then Eliakim and Shebna and Joah said to the Rab-shakeh, Please make use of the Aramaean language in talking to your servants, for we are used to it, and do not make use of the Jews' language in the hearing of the people on the wall.|en
1373|36|12|12|拉伯沙基說：我主差遣我來，豈是單對你和你的主說這些話麼？不也是對這些坐在城上、要與你們一同吃自己糞喝自己尿的人說麼？|zh
1374|36|12|12|But the Rab-shakeh said, Is it to your master or to you that my master has sent me to say these words? has he not sent me to the men seated on the wall? for they are the people who will be short of food with you when the town is shut in.|en
1375|36|13|13|於是，拉伯沙基站著，用猶大言語大聲喊著說：你們當聽亞述大王的話。|zh
1376|36|13|13|Then the Rab-shakeh got up and said with a loud voice in the Jews' language, Give ear to the words of the great king, the king of Assyria:|en
1377|36|14|14|王如此說：你們不要被希西家欺哄了，因他不能拯救你們。|zh
1378|36|14|14|This is what the king says: Do not be tricked by Hezekiah, for there is no salvation for you in him.|en
1379|36|15|15|也不要聽希西家使你們倚靠耶和華說：耶和華必要拯救我們，這城必不交在亞述王的手中。|zh
1380|36|15|15|And do not let Hezekiah make you put your faith in the Lord, saying, The Lord will certainly keep us safe, and this town will not be given into the hands of the king of Assyria.|en
1381|36|16|16|不要聽希西家的話，因亞述王如此說：你們要與我和好。出來投降我，各人就可以吃自己葡萄樹和無花果樹的果子，喝自己井裡的水。|zh
1382|36|16|16|Do not give ear to Hezekiah, for this is what the king of Assyria says, Make peace with me, and come out to me; and everyone will be free to take the fruit of his vine and of his fig-tree, and the water of his spring;|en
1383|36|17|17|等我來領你們到一個地方，與你們本地一樣，就是有五殼和新酒之地，有糧食和葡萄園之地。|zh
1384|36|17|17|Till I come and take you away to a land like yours, a land of grain and wine, a land of bread and vine-gardens.|en
1385|36|18|18|你們要謹防，恐怕希西家勸導你們說：耶和華必拯救我們。列國的神有哪一個救他本國脫離亞述王的手呢？|zh
1386|36|18|18|Give no attention to Hezekiah when he says to you, The Lord will keep us safe. Has any one of the gods of the nations kept his land from falling into the hands of the king of Assyria?|en
1387|36|19|19|哈馬和亞珥拔的神在哪裡呢？西法瓦音的　神在哪裡呢？他們曾救撒瑪利亞脫離我的手麼？|zh
1388|36|19|19|Where are the gods of Hamath and of Arpad? where are the gods of Sepharvaim? where are the gods of Samaria? and have they kept Samaria out of my hand?|en
1389|36|20|20|這些國的神有誰曾救自己的國脫離我的手呢？難道耶和華能救耶路撒冷脫離我的手麼？|zh
1390|36|20|20|Who among all the gods of these countries have kept their country from falling into my hand, to give cause for the thought that the Lord will keep Jerusalem from falling into my hand?|en
1391|36|21|21|百姓靜默不言，並不回答一句，因為王曾吩咐說：不要回答他。|zh
1392|36|21|21|But they kept quiet and gave him no answer: for the king's order was, Give him no answer.|en
1393|36|22|22|當下希勒家的兒子家宰以利亞敬和書記舍伯那，並亞薩的兒子史官約亞，都撕裂衣服，來到希西家那裡，將拉伯沙基的話告訴了他。|zh
1394|36|22|22|Then Eliakim, the son of Hilkiah, who was over the house, and Shebna the scribe, and Joah, the son of Asaph, the recorder, came to Hezekiah with their clothing parted as a sign of grief, and gave him an account of what the Rab-shakeh had said.|en
1395|37|1|1|希西家王聽見就撕裂衣服，披上麻布，進了耶和華的殿，|zh
1396|37|1|1|And on hearing it Hezekiah took off his robe and put on haircloth and went into the house of the Lord.|en
1397|37|2|2|使家宰以利亞敬和書記舍伯那，並祭司中的長老，都披上麻布，去見亞摩斯的兒子先知以賽亞，|zh
1398|37|2|2|And he sent Eliakim, who was over the house, and Shebna the scribe, and the chief priests, dressed in haircloth, to Isaiah the prophet, the son of Amoz.|en
1399|37|3|3|對他說：希西家如此說：今日是急難、責罰、凌辱的日子，就如婦人將要生產嬰孩，卻沒有力量生產。|zh
1400|37|3|3|And they said to him, Hezekiah says, This day is a day of trouble and punishment and shame: for the children are ready to come to birth, but there is no strength to give birth to them.|en
1401|37|4|4|或者耶和華─你的神聽見拉伯沙基的話，就是他主人亞述王打發他來辱罵永生　神的話；耶和華─你的　神聽見這話就發斥責。故此，求你為餘剩的民揚聲禱告。|zh
1402|37|4|4|It may be that the Lord your God will give ear to the words of the Rab-shakeh, whom the king of Assyria, his master, has sent to say evil things against the living God, and will make his words come to nothing: so make your prayer for the rest of the people.|en
1403|37|5|5|希西家王的臣僕就去見以賽亞。|zh
1404|37|5|5|So the servants of King Hezekiah came to Isaiah.|en
1405|37|6|6|以賽亞對他們說：要這樣對你們的主人說，耶和華如此說：你聽見亞述王的僕人褻瀆我的話，不要懼怕。|zh
1406|37|6|6|And Isaiah said to them, This is what you are to say to your master: The Lord says, Be not troubled by the words which the servants of the king of Assyria have said against me in your hearing.|en
1407|37|7|7|我必驚動（原文是使靈進入）他的心；他要聽見風聲就歸回本地，我必使他在那裡倒在刀下。|zh
1408|37|7|7|See, I will put a spirit into him, and bad news will come to his ears, and he will go back to his land; and there I will have him put to death.|en
1409|37|8|8|拉伯沙基回去，正遇見亞述王攻打立拿；原來他早聽見亞述王拔營離開拉吉。|zh
1410|37|8|8|So the Rab-shakeh went back, and when he got there the king of Assyria was making war against Libnah: for it had come to his ears that the king of Assyria had gone away from Lachish.|en
1411|37|9|9|亞述王聽見人論古實王特哈加說：他出來要與你爭戰。亞述王一聽見，就打發使者去見希西家，吩咐他們說：|zh
1412|37|9|9|And when news came to him that Tirhakah, king of Ethiopia, had made an attack on him, ... And he sent representatives to Hezekiah, king of Judah, saying,|en
1413|37|10|10|你們對猶大王希西家如此說：不要聽你所倚靠的神欺哄你說：耶路撒冷必不交在亞述王的手中。|zh
1414|37|10|10|This is what you are to say to Hezekiah, king of Judah: Let not your God, in whom is your faith, give you a false hope, saying, Jerusalem will not be given into the hands of the king of Assyria.|en
1415|37|11|11|你總聽說亞述諸王向列國所行的乃是盡行滅絕，難道你還能得救嗎？|zh
1416|37|11|11|No doubt the story has come to your ears of what the kings of Assyria have done to all lands, putting them to the curse: and will you be kept safe from their fate?|en
1417|37|12|12|我列祖所毀滅的，就是歌散、哈蘭、利色，和屬提拉撒的伊甸人；這些國的神何曾拯救這些國呢？|zh
1418|37|12|12|Did the gods of the nations keep safe those on whom my fathers sent destruction, Gozan and Haran and Rezeph, and the children of Eden who were in Telassar?|en
1419|37|13|13|哈馬的王，亞珥拔的王，西法瓦音城的王，希拿和以瓦的王，都在哪裡呢？|zh
1420|37|13|13|Where is the king of Hamath, and the king of Arpad, and the king of the town of Sepharvaim, of Hena, and Ivva?|en
1421|37|14|14|希西家從使者手裡接過書信來，看完了，就上耶和華的殿，將書信在耶和華面前展開。|zh
1422|37|14|14|And Hezekiah took the letter from the hands of those who had come with it; and after reading it, Hezekiah went up to the house of the Lord, opening the letter there before the Lord,|en
1423|37|15|15|希西家向耶和華禱告說：|zh
1424|37|15|15|And he made prayer to the Lord, saying,|en
1425|37|16|16|坐在二基路伯上萬軍之耶和華─以色列的神啊，你─惟有你是天下萬國的　神，你曾創造天地。|zh
1426|37|16|16|O Lord of armies, the God of Israel, seated between the winged ones, you only are the God of all the kingdoms of the earth; you have made heaven and earth.|en
1427|37|17|17|耶和華啊，求你側耳而聽；耶和華啊，求你睜眼而看，要聽西拿基立的一切話，他是打發使者來辱罵永生神的。|zh
1428|37|17|17|Let your ear be turned to us, O Lord; let your eyes be open, O Lord, and see: take note of all the words of Sennacherib who has sent men to say evil against the living God.|en
1429|37|18|18|耶和華啊，亞述諸王果然使列國和列國之地變為荒涼，|zh
1430|37|18|18|Truly, O Lord, the kings of Assyria have made waste all the nations and their lands,|en
1431|37|19|19|將列國的神像都扔在火裡；因為他本不是　神，乃是人手所造的，是木頭、石頭的，所以滅絕他。|zh
1432|37|19|19|And have given their gods to the fire: for they were no gods, but wood and stone, the work of men's hands; so they have given them to destruction.|en
1433|37|20|20|耶和華─我們的神啊，現在求你救我們脫離亞述王的手，使天下萬國都知道唯有你是耶和華。|zh
1434|37|20|20|But now, O Lord our God, give us salvation from his hand, so that it may be clear to all the kingdoms of the earth that you, and you only, are the Lord.|en
1435|37|21|21|亞摩斯的兒子以賽亞就打發人去見希西家，說：耶和華─以色列的神如此說，你既然求我攻擊亞述王西拿基立，|zh
1436|37|21|21|Then Isaiah, the son of Amoz, sent to Hezekiah, saying, The Lord, the God of Israel, says, The prayer you have made to me against Sennacherib, king of Assyria, has come to my ears.|en
1437|37|22|22|所以耶和華論他這樣說：錫安的處女藐視你，嗤笑你；耶路撒冷的女子向你搖頭。|zh
1438|37|22|22|This is the word which the Lord has said about him: In the eyes of the virgin daughter of Zion you are shamed and laughed at; the daughter of Jerusalem has made sport of you.|en
1439|37|23|23|你辱罵誰，褻瀆誰？揚起聲來，高舉眼目攻擊誰呢？乃是攻擊以色列的聖者。|zh
1440|37|23|23|Against whom have you said evil and bitter things? and against whom has your voice been loud and your eyes lifted up? even against the Holy One of Israel.|en
1441|37|24|24|你藉你的臣僕辱罵主說：我率領許多戰車上山頂，到利巴嫩極深之處；我要砍伐其中高大的香柏樹和佳美的松樹。我必上極高之處，進入肥田的樹林。|zh
1442|37|24|24|You have sent your servants with evil words against the Lord, and have said, With all my war-carriages I have come up to the top of the mountains, to the inmost parts of Lebanon; and its tall cedars will be cut down, and the best trees of its woods: I will come up into his highest places, into his thick woods.|en
1443|37|25|25|我已經挖井喝水；我必用腳掌踏乾埃及的一切河。|zh
1444|37|25|25|I have made water-holes and taken their waters, and with my foot I have made all the rivers of Egypt dry.|en
1445|37|26|26|耶和華說：你豈沒有聽見我早先所做的，古時所立的嗎？現在藉你使堅固城荒廢，變為亂堆。|zh
1446|37|26|26|Has it not come to your ears how I did it long before, purposing it in times long past? Now I have given effect to my design, so that by you strong towns might be turned into masses of broken walls.|en
1447|37|27|27|所以其中的居民力量甚小，驚惶羞愧。他們像野草，像青菜，如房頂上的草，又如田間未長成的禾稼。|zh
1448|37|27|27|This is why their townsmen had no power, they were broken and put to shame; they were like the grass of the field, or a green plant; like the grass on the house-tops, which a cold wind makes waste.|en
1449|37|28|28|你坐下，你出去，你進來，你向我發烈怒，我都知道。|zh
1450|37|28|28|But I have knowledge of your getting up and your resting, of your going out and your coming in.|en
1451|37|29|29|因你向我發烈怒，又因你狂傲的話達到我耳中，我就要用鉤子鉤上你的鼻子，把嚼環放在你口裡，使你從原路轉回去。|zh
1452|37|29|29|Because your wrath against me and your pride have come to my ears, I will put my hook in your nose and my cord in your lips, and I will make you go back by the way you came.|en
1453|37|30|30|以色列人哪，我賜你們一個證據：你們今年要吃自生的，明年也要吃自長的，至於後年，你們要耕種收割，栽植葡萄園，吃其中的果子。|zh
1454|37|30|30|And this will be the sign to you: you will get your food this year from what comes up of itself, and in the second year from the produce of the same; and in the third year you will put in your seed, and get in the grain, and make vine-gardens, and take of their fruit.|en
1455|37|31|31|猶大家所逃脫餘剩的，仍要往下扎根，向上結果。|zh
1456|37|31|31|And those of Judah who are still living will again take root in the earth, and give fruit.|en
1457|37|32|32|必有餘剩的民從耶路撒冷而出；必有逃脫的人從錫安山而來。萬軍之耶和華的熱心必成就這事。|zh
1458|37|32|32|For from Jerusalem those who have been kept safe will go out, and those who are still living will go out of Mount Zion: by the fixed purpose of the Lord of armies this will be done.|en
1459|37|33|33|所以耶和華論亞述王如此說：他必不得來到這城，也不在這裡射箭，不得拿盾牌到城前，也不築壘攻城。|zh
1460|37|33|33|For this cause the Lord says about the king of Assyria, He will not come into this town, or send an arrow against it; he will not come before it with arms, or put up an earthwork against it.|en
1461|37|34|34|他從哪條路來，必從那條路回去，必不得來到這城。這是耶和華說的。|zh
1462|37|34|34|By the way he came he will go back, and he will not get into this town.|en
1463|37|35|35|因我為自己的緣故，又為我僕人大衛的緣故，必保護拯救這城。|zh
1464|37|35|35|For I will keep this town safe, for my honour, and for the honour of my servant David.|en
1465|37|36|36|耶和華的使者出去，在亞述營中殺了十八萬五千人。清早有人起來一看，都是死屍了。|zh
1466|37|36|36|And the angel of the Lord went out and put to death in the army of the Assyrians a hundred and eighty-five thousand men: and when the people got up early in the morning, there was nothing to be seen but dead bodies.|en
1467|37|37|37|亞述王西拿基立就拔營回去，住在尼尼微。|zh
1468|37|37|37|Sennacherib, king of Assyria, went back to his place at Nineveh.|en
1469|37|38|38|一日在他的神─尼斯洛廟裡叩拜，他兒子亞得米勒和沙利色用刀殺了他，就逃到亞拉臘地。他兒子以撒哈頓接續他作王。|zh
1470|37|38|38|And it came about, when he was worshipping in the house of Nisroch his god, that his sons Adrammelech and Sharezer put him to death with the sword, and they went in flight into the land of Ararat. And Esar-haddon, his son, became king in his place.|en
1471|38|1|1|那時希西家病得要死，亞摩斯的兒子先知以賽亞去見他，對他說：耶和華如此說：你當留遺命與你的家，因為你必死不能活了。|zh
1472|38|1|1|In those days Hezekiah was ill and near death. And Isaiah the prophet, the son of Amoz, came to him, and said to him, The Lord says, Put your house in order; for your death is near.|en
1473|38|2|2|希西家就轉臉朝牆，禱告耶和華說：|zh
1474|38|2|2|And Hezekiah, turning his face to the wall, made his prayer to the Lord, saying,|en
1475|38|3|3|耶和華啊，求你記念我在你面前怎樣存完全的心，按誠實行事，又做你眼中所看為善的。希西家就痛哭了。|zh
1476|38|3|3|O Lord, keep in mind how I have been true to you with all my heart, and have done what is good in your eyes. And Hezekiah gave way to bitter weeping.|en
1477|38|4|4|耶和華的話臨到以賽亞說：|zh
1478|38|4|4|Then the word of the Lord came to Isaiah, saying,|en
1479|38|5|5|你去告訴希西家說，耶和華─你祖大衛的神如此說：我聽見了你的禱告，看見了你的眼淚。我必加增你十五年的壽數；|zh
1480|38|5|5|Go to Hezekiah, and say, The Lord, the God of David, your father, says, Your prayer has come to my ears, and I have seen your weeping: see, I will give you fifteen more years of life.|en
1481|38|6|6|並且我要救你和這城脫離亞述王的手，也要保護這城。|zh
1482|38|6|6|And I will keep you and this town safe from the hands of the king of Assyria: and I will keep watch over this town.|en
1483|38|7|7|我─耶和華必成就我所說的。我先給你一個兆頭，|zh
1484|38|7|7|And Isaiah said, This is the sign the Lord will give you, that he will do what he has said:|en
1485|38|8|8|就是叫亞哈斯的日晷，向前進的日影往後退十度。於是，前進的日影果然在日晷上往後退了十度。|zh
1486|38|8|8|See, I will make the shade which has gone down on the steps of Ahaz with the sun, go back ten steps. So the shade went back the ten steps by which it had gone down.|en
1487|38|9|9|猶大王希西家患病已經痊愈，就作詩說：|zh
1488|38|9|9|The writing of Hezekiah, king of Judah, after he had been ill, and had got better from his disease.|en
1489|38|10|10|我說：正在我中年（或譯：晌午）之日必進入陰間的門；我餘剩的年歲不得享受。|zh
1490|38|10|10|I said, In the quiet of my days I am going down into the underworld: the rest of my years are being taken away from me.|en
1491|38|11|11|我說：我必不得見耶和華，就是在活人之地不見耶和華；我與世上的居民不再見面。|zh
1492|38|11|11|I said, I will not see the Lord, even the Lord in the land of the living: I will not see man again or those living in the world.|en
1493|38|12|12|我的住處被遷去離開我，好像牧人的帳棚一樣；我將性命捲起，像織布的捲布一樣。耶和華必將我從機頭剪斷，從早到晚，他要使我完結。|zh
1494|38|12|12|My resting-place is pulled up and taken away from me like a herdsman's tent: my life is rolled up like a linen-worker's thread; I am cut off from the cloth on the frame: from day even to night you give me up to pain.|en
1495|38|13|13|我使自己安靜直到天亮；他像獅子折斷我一切的骨頭，從早到晚，他要使我完結。|zh
1496|38|13|13|I am crying out with pain till the morning; it is as if a lion was crushing all my bones.|en
1497|38|14|14|我像燕子呢喃，像白鶴鳴叫，又像鴿子哀鳴；我因仰觀，眼睛困倦。耶和華啊，我受欺壓，求你為我作保。|zh
1498|38|14|14|I make cries like a bird; I give out sounds of grief like a dove: my eyes are looking up with desire; O Lord, I am crushed, take up my cause.|en
1499|38|15|15|我可說甚麼呢？他應許我的，也給我成就了。我因心裡的苦楚，在一生的年日必悄悄而行。|zh
1500|38|15|15|What am I to say? seeing that it is he who has done it: all my time of sleeping I am turning from side to side without rest.|en
1501|38|16|16|主啊，人得存活乃在乎此。我靈存活也全在此。所以求你使我痊愈，仍然存活。|zh
1502|38|16|16|O Lord, for this cause I am waiting for you, give rest to my spirit: make me well again, and let me come back to life.|en
1503|38|17|17|看哪，我受大苦，本為使我得平安；你因愛我的靈魂（或譯：生命）便救我脫離敗壞的坑，因為你將我一切的罪扔在你的背後。|zh
1504|38|17|17|See, in place of peace my soul had bitter sorrow. but you have kept back my soul from the underworld; for you have put all my sins out of your memory.|en
1505|38|18|18|原來，陰間不能稱謝你，死亡不能頌揚你；下坑的人不能盼望你的誠實。|zh
1506|38|18|18|For the underworld is not able to give you praise, death gives you no honour: for those who go down into the underworld there is no hope in your mercy.|en
1507|38|19|19|只有活人，活人必稱謝你，像我今日稱謝你一樣。為父的，必使兒女知道你的誠實。|zh
1508|38|19|19|The living, the living man, he will give you praise, as I do this day: the father will give the story of your mercy to his children.|en
1509|38|20|20|耶和華肯救我，所以，我們要一生一世在耶和華殿中用絲弦的樂器唱我的詩歌。|zh
1510|38|20|20|O Lord, quickly be my saviour; so we will make my songs to corded instruments all the days of our lives in the house of the Lord.|en
1511|38|21|21|以賽亞說：當取一塊無花果餅來，貼在瘡上，王必痊愈。|zh
1512|38|21|21|And Isaiah said, Let them take a cake of figs, and put it on the diseased place, and he will get well.|en
1513|38|22|22|希西家問說：我能上耶和華的殿，有甚麼兆頭呢？|zh
1514|38|22|22|And Hezekiah said, What is the sign that I will go up to the house of the Lord?|en
1515|39|1|1|那時，巴比倫王巴拉但的兒子米羅達巴拉但聽見希西家病而痊愈，就送書信和禮物給他。|zh
1516|39|1|1|At that time Merodach-baladan, the son of Baladan, king of Babylon, sent letters with an offering to Hezekiah, because he had news that Hezekiah had been ill, and was well again.|en
1517|39|2|2|希西家喜歡見使者，就把自己寶庫的金子、銀子、香料、貴重的膏油，和他武庫的一切軍器，並所有的財寶都給他們看；他家中和全國之內，希西家沒有一樣不給他們看的。|zh
1518|39|2|2|And Hezekiah was glad at their coming, and let them see all his store of wealth, the silver and the gold and the spices and the oil, and all the house of his arms, and everything there was in his stores: there was nothing in all his house or his kingdom which he did not let them see.|en
1519|39|3|3|於是先知以賽亞來見希西家王，問他說：這些人說甚麼？他們從哪裡來見你？希西家說：他們從遠方的巴比倫來見我。|zh
1520|39|3|3|Then Isaiah the prophet came to King Hezekiah, and said to him, What did these men say, and where did they come from? And Hezekiah said, They came from a far country, even from Babylon.|en
1521|39|4|4|以賽亞說：他們在你家裡看見了甚麼？希西家說：凡我家中所有的，他們都看見了；我財寶中沒有一樣不給他們看的。|zh
1522|39|4|4|And he said, What have they seen in your house? And Hezekiah said in answer, They saw everything in my house: there is nothing among my stores which I did not let them see.|en
1523|39|5|5|以賽亞對希西家說：你要聽萬軍之耶和華的話：|zh
1524|39|5|5|Then said Isaiah to Hezekiah, Give ear to the word of the Lord of armies:|en
1525|39|6|6|日子必到，凡你家裡所有的，並你列祖積蓄到如今的，都要被擄到巴比倫去，不留下一樣；這是耶和華說的。|zh
1526|39|6|6|Truly, the days are coming when everything in your house, and whatever your fathers have put in store till this day, will be taken away to Babylon: all will be gone.|en
1527|39|7|7|並且從你本身所生的眾子，其中必有被擄去、在巴比倫王宮裡當太監的。|zh
1528|39|7|7|And your sons, even your offspring, will they take away to be unsexed servants in the house of the king of Babylon.|en
1529|39|8|8|希西家對以賽亞說：你所說耶和華的話甚好，因為在我的年日中必有太平和穩固的景況。|zh
1530|39|8|8|Then said Hezekiah to Isaiah, Good is the word of the Lord which you have said. And he said in his heart, There will be peace and quiet in my days.|en
1531|40|1|1|你們的神說：你們要安慰，安慰我的百姓。|zh
1532|40|1|1|Give comfort, give comfort, to my people, says your God.|en
1533|40|2|2|要對耶路撒冷說安慰的話，又向他宣告說，他爭戰的日子已滿了；他的罪孽赦免了；他為自己的一切罪，從耶和華手中加倍受罰。|zh
1534|40|2|2|Say kind words to the heart of Jerusalem, crying out to her that her time of trouble is ended, that her punishment is complete; that she has been rewarded by the Lord's hand twice over for all her sins.|en
1535|40|3|3|有人聲喊著說：在曠野預備耶和華的路（或譯：在曠野，有人聲喊著說：當預備耶和華的路），在沙漠地修平我們神的道。|zh
1536|40|3|3|A voice of one crying, Make ready in the waste land the way of the Lord, make level in the lowland a highway for our God.|en
1537|40|4|4|一切山窪都要填滿，大小山岡都要削平；高高低低的要改為平坦，崎崎嶇嶇的必成為平原。|zh
1538|40|4|4|Let every valley be lifted up, and every mountain and hill be made low, and let the rough places become level, and the hilltops become a valley,|en
1539|40|5|5|耶和華的榮耀必然顯現；凡有血氣的必一同看見；因為這是耶和華親口說的。|zh
1540|40|5|5|And the glory of the Lord will be made clear, and all flesh will see it together, for the mouth of the Lord has said it.|en
1541|40|6|6|有人聲說：你喊叫罷！有一個說：我喊叫甚麼呢？說：凡有血氣的盡都如草；他的美容都像野地的花。|zh
1542|40|6|6|A voice of one saying, Give a cry! And I said, What is my cry to be? All flesh is grass, and all its strength like the flower of the field.|en
1543|40|7|7|草必枯乾，花必凋殘，因為耶和華的氣吹在其上；百姓誠然是草。|zh
1544|40|7|7|The grass becomes dry, the flower is dead; because the breath of the Lord goes over it: truly the people is grass.|en
1545|40|8|8|草必枯乾，花必凋殘，惟有我們神的話必永遠立定。|zh
1546|40|8|8|The grass is dry, the flower is dead; but the word of our God is eternal.|en
1547|40|9|9|報好信息給錫安的啊，你要登高山；報好信息給耶路撒冷的啊，你要極力揚聲。揚聲不要懼怕，對猶大的城邑說：看哪，你們的神！|zh
1548|40|9|9|You who give good news to Zion, get up into the high mountain; you who give good news to Jerusalem, let your voice be strong; let it be sounding without fear; say to the towns of Judah, See, your God!|en
1549|40|10|10|主耶和華必像大能者臨到；他的膀臂必為他掌權。他的賞賜在他那裡；他的報應在他面前。|zh
1550|40|10|10|See, the Lord God will come as a strong one, ruling in power: see, those made free by him are with him, and those whom he has made safe go before him.|en
1551|40|11|11|他必像牧人牧養自己的羊群，用膀臂聚集羊羔抱在懷中，慢慢引導那乳養小羊的。|zh
1552|40|11|11|He will give food to his flock like a keeper of sheep; with his arm he will get it together, and will take up the lambs on his breast, gently guiding those which are with young.|en
1553|40|12|12|誰曾用手心量諸水，用手虎口量蒼天，用升斗盛大地的塵土，用秤稱山嶺，用天平平岡陵呢？|zh
1554|40|12|12|In the hollow of whose hand have the waters been measured? and who is able to take the heavens in his stretched-out fingers? who has got together the dust of the earth in a measure? who has taken the weight of the mountains, or put the hills into the scales?|en
1555|40|13|13|誰曾測度耶和華的心（或譯：誰曾指示耶和華的靈），或作他的謀士指教他呢？|zh
1556|40|13|13|By whom has the spirit of the Lord been guided, or who has been his teacher?|en
1557|40|14|14|他與誰商議，誰教導他，誰將公平的路指示他，又將知識教訓他，將通達的道指教他呢？|zh
1558|40|14|14|Who gave him suggestions, and made clear to him the right way? who gave him knowledge, guiding him in the way of wisdom?|en
1559|40|15|15|看哪，萬民都像水桶的一滴，又算如天平上的微塵；他舉起眾海島，好像極微之物。|zh
1560|40|15|15|See, the nations are to him like a drop hanging from a bucket, and like the small dust in the scales: he takes up the islands like small dust.|en
1561|40|16|16|利巴嫩的樹林不夠當柴燒；其中的走獸也不夠作燔祭。|zh
1562|40|16|16|And Lebanon is not enough to make a fire with, or all its cattle enough for a burned offering.|en
1563|40|17|17|萬民在他面前好像虛無，被他看為不及虛無，乃為虛空。|zh
1564|40|17|17|All the nations are as nothing before him; even less than nothing, a thing of no value.|en
1565|40|18|18|你們究竟將誰比神，用甚麼形像與神比較呢？|zh
1566|40|18|18|Whom then is God like, in your opinion? or what will you put forward as a comparison with him?|en
1567|40|19|19|偶像是匠人鑄造，銀匠用金包裹，為他鑄造銀鍊。|zh
1568|40|19|19|The workman makes an image, and the gold-worker puts gold plates over it, and makes silver bands for it.|en
1569|40|20|20|窮乏獻不起這樣供物的，就揀選不能朽壞的樹木，為自己尋找巧匠，立起不能搖動的偶像。|zh
1570|40|20|20|The wise workman makes selection of the mulberry-tree of the offering, a wood which will not become soft; so that the image may be fixed to it and not be moved.|en
1571|40|21|21|你們豈不曾知道麼？你們豈不曾聽見麼？從起初豈沒有人告訴你們麼？自從立地的根基，你們豈沒有明白麼？|zh
1572|40|21|21|Have you no knowledge of it? has it not come to your ears? has not news of it been given to you from the first? has it not been clear to you from the time when the earth was placed on its base?|en
1573|40|22|22|神坐在地球大圈之上；地上的居民好像蝗蟲。他鋪張穹蒼如幔子，展開諸天如可住的帳棚。|zh
1574|40|22|22|It is he who is seated over the arch of the earth, and the people in it are as small as locusts; by him the heavens are stretched out like an arch, and made ready like a tent for a living-place.|en
1575|40|23|23|他使君王歸於虛無，使地上的審判官成為虛空。|zh
1576|40|23|23|He makes rulers come to nothing; the judges of the earth are of no value.|en
1577|40|24|24|他們是剛才（或譯：不曾；下同）栽上，剛才種上，根也剛才扎在地裡，他一吹在其上，便都枯乾；旋風將他們吹去，像碎秸一樣。|zh
1578|40|24|24|They have only now been planted, and their seed put into the earth, and they have only now taken root, when he sends out his breath over them and they become dry, and the storm-wind takes them away like dry grass.|en
1579|40|25|25|那聖者說：你們將誰比我，叫他與我相等呢？|zh
1580|40|25|25|Who then seems to you to be my equal? says the Holy One.|en
1581|40|26|26|你們向上舉目，看誰創造這萬象，按數目領出，他一一稱其名；因他的權能，又因他的大能大力，連一個都不缺。|zh
1582|40|26|26|Let your eyes be lifted up on high, and see: who has made these? He who sends out their numbered army: who has knowledge of all their names: by whose great strength, because he is strong in power, all of them are in their places.|en
1583|40|27|27|雅各啊，你為何說，我的道路向耶和華隱藏？以色列啊，你為何言，我的冤屈神並不查問？|zh
1584|40|27|27|Why do you say, O Jacob, such words as these, O Israel, The Lord's eyes are not on my way, and my God gives no attention to my cause?|en
1585|40|28|28|你豈不曾知道麼？你豈不曾聽見麼？永在的神耶和華，創造地極的主，並不疲乏，也不困倦；他的智慧無法測度。|zh
1586|40|28|28|Have you no knowledge of it? has it not come to your ears? The eternal God, the Lord, the Maker of the ends of the earth, is never feeble or tired; there is no searching out of his wisdom.|en
1587|40|29|29|疲乏的，他賜能力；軟弱的，他加力量。|zh
1588|40|29|29|He gives power to the feeble, increasing the strength of him who has no force.|en
1589|40|30|30|就是少年人也要疲乏困倦；強壯的也必全然跌倒。|zh
1590|40|30|30|Even the young men will become feeble and tired, and the best of them will come to the end of his strength;|en
1591|40|31|31|但那等候耶和華的必從新得力。他們必如鷹展翅上騰；他們奔跑卻不困倦，行走卻不疲乏。|zh
1592|40|31|31|But those who are waiting for the Lord will have new strength; they will get wings like eagles: running, they will not be tired, and walking, they will have no weariness.|en
1593|41|1|1|眾海島啊，當在我面前靜默；眾民當從新得力，都要近前來才可以說話，我們可以彼此辯論。|zh
1594|41|1|1|Come quietly before me, O sea-lands, and let the peoples get together their strength: let them come near; then let them say what they have to say: let us put forward our cause against one another.|en
1595|41|2|2|誰從東方興起一人，憑公義召他來到腳前呢？耶和華將列國交給他，使他管轄君王，把他們如灰塵交與他的刀，如風吹的碎秸交與他的弓。|zh
1596|41|2|2|Who sent out from the east one who is right wherever he goes? he gives the nations into his hands, and makes him ruler over kings; he gives them as the dust to his sword, as dry stems before the wind to his bow.|en
1597|41|3|3|他追趕他們，走他所未走的道，坦然前行。|zh
1598|41|3|3|He goes after them safely, not touching the road with his feet.|en
1599|41|4|4|誰行做成就這事，從起初宣召歷代呢？就是我─耶和華！我是首先的，也與末後的同在。|zh
1600|41|4|4|Whose purpose and work was it? His who sent out the generations from the start. I the Lord, the first, and with the last, I am he.|en
1601|41|5|5|海島看見就都害怕；地極也都戰兢，就近前來。|zh
1602|41|5|5|The sea-lands saw it, and were in fear; the ends of the earth were shaking: they came near.|en
1603|41|6|6|他們各人幫助鄰舍，各人對弟兄說：壯膽罷！|zh
1604|41|6|6|They gave help everyone to his neighbour; and everyone said to his brother, Take heart!|en
1605|41|7|7|木匠勉勵銀匠，用鎚打光的勉勵打砧的，論銲工說，銲得好；又用釘子釘穩，免得偶像動搖。|zh
1606|41|7|7|So the metal-worker put heart into the gold-worker, and he who was hammering the metal smooth said kind words to the iron-worker, saying of the plate, It is ready: and he put it together with nails, so that there might be no slipping.|en
1607|41|8|8|惟你以色列─我的僕人，雅各─我所揀選的，我朋友亞伯拉罕的後裔，|zh
1608|41|8|8|But as for you, Israel, my servant, and you, Jacob, whom I have taken for myself, the seed of Abraham my friend:|en
1609|41|9|9|你是我從地極所領（原文是抓）來的，從地角所召來的，且對你說：你是我的僕人；我揀選你，並不棄絕你。|zh
1610|41|9|9|You whom I have taken from the ends of the earth, and sent for from its farthest parts, saying to you, You are my servant, whom I have taken for myself, and whom I have not given up:|en
1611|41|10|10|你不要害怕，因為我與你同在；不要驚惶，因為我是你的神。我必堅固你，我必幫助你；我必用我公義的右手扶持你。|zh
1612|41|10|10|Have no fear, for I am with you; do not be looking about in trouble, for I am your God; I will give you strength, yes, I will be your helper; yes, my true right hand will be your support.|en
1613|41|11|11|凡向你發怒的必都抱愧蒙羞；與你相爭的必如無有，並要滅亡。|zh
1614|41|11|11|Truly, all those who are angry with you will be made low and put to shame: those desiring to do you wrong will come to nothing and never again be seen.|en
1615|41|12|12|與你爭競的，你要找他們也找不著；與你爭戰的必如無有，成為虛無。|zh
1616|41|12|12|You will make search for your haters but they will not be there; those who make war against you will be as nothing and will come to destruction.|en
1617|41|13|13|因為我耶和華─你的神必攙扶你的右手，對你說：不要害怕！我必幫助你。|zh
1618|41|13|13|For I, the Lord your God, have taken your right hand in mine, saying to you, Have no fear; I will be your helper.|en
1619|41|14|14|你這蟲雅各和你們以色列人，不要害怕！耶和華說：我必幫助你。你的救贖主就是以色列的聖者。|zh
1620|41|14|14|Have no fear, you worm Jacob, and you men of Israel; I will be your helper, says the Lord, even he who takes up your cause, the Holy One of Israel.|en
1621|41|15|15|看哪，我已使你成為有快齒打糧的新器具；你要把山嶺打得粉碎，使岡陵如同糠秕。|zh
1622|41|15|15|See, I will make you like a new grain-crushing instrument with teeth, crushing the mountains small, and making the hills like dry stems.|en
1623|41|16|16|你要把他簸揚，風要吹去；旋風要把他颳散。你倒要以耶和華為喜樂，以色列的聖者為誇耀。|zh
1624|41|16|16|You will send the wind over them, and it will take them away; they will go in all directions before the storm-wind: you will have joy in the Lord, and be glad in the Holy One of Israel.|en
1625|41|17|17|困苦窮乏人尋求水卻沒有；他們因口渴，舌頭乾燥。我─耶和華必應允他們；我─以色列的神必不離棄他們。|zh
1626|41|17|17|The poor and crushed are looking for water where no water is, and their tongue is dry for need of it: I the Lord will give ear to their prayer, I the God of Israel will not give them up.|en
1627|41|18|18|我要在淨光的高處開江河，在谷中開泉源；我要使沙漠變為水池，使乾地變為湧泉。|zh
1628|41|18|18|I will make rivers on the dry mountain-tops, and fountains in the valleys: I will make the waste land a pool of water, and the dry land springs of water.|en
1629|41|19|19|我要在曠野種上香柏樹、皂莢樹、番石榴樹，和野橄欖樹。我在沙漠要把松樹、杉樹，並黃楊樹一同栽植；|zh
1630|41|19|19|I will put in the waste land the cedar, the acacia, the myrtle, and the olive-tree; and in the lowland will be planted the fir-tree, the plane, and the cypress together:|en
1631|41|20|20|好叫人看見、知道、思想、明白；這是耶和華的手所做的，是以色列的聖者所造的。|zh
1632|41|20|20|So that they may see and be wise and give their mind to it, and that it may be clear to them all that the hand of the Lord has done this, and that the Holy One of Israel has made it.|en
1633|41|21|21|耶和華對假神說：你們要呈上你們的案件；雅各的君說：你們要聲明你們確實的理由。|zh
1634|41|21|21|Put forward your cause, says the Lord; let your strong argument come out, says the King of Jacob.|en
1635|41|22|22|可以聲明，指示我們將來必遇的事，說明先前的是甚麼事，好叫我們思索，得知事的結局，或者把將來的事指示我們。|zh
1636|41|22|22|Let the future be made clear to us: give us news of the past things, so that we may give thought to them; or of the things to come, so that we may see if they are true.|en
1637|41|23|23|要說明後來的事，好叫我們知道你們是神。你們或降福，或降禍，使我們驚奇，一同觀看。|zh
1638|41|23|23|Give us word of what will be after this, so that we may be certain that you are gods: yes, do good or do evil, so that we may all see it and be surprised.|en
1639|41|24|24|看哪，你們屬乎虛無；你們的作為也屬乎虛空。那選擇你們的是可憎惡的。|zh
1640|41|24|24|But you are nothing, and your work is of no value: foolish is he who takes you for his gods.|en
1641|41|25|25|我從北方興起一人；他是求告我名的，從日出之地而來。他必臨到掌權的，好像臨到灰泥，彷彿窯匠踹泥一樣。|zh
1642|41|25|25|I have sent for one from the north, and from the dawn he has come; in my name he will get rulers together and go against them; they will be like dust, even as the wet earth is stamped on by the feet of the potter.|en
1643|41|26|26|誰從起初指明這事，使我們知道呢？誰從先前說明，使我們說他不錯呢？誰也沒有指明，誰也沒有說明。誰也沒有聽見你們的話。|zh
1644|41|26|26|Who has given knowledge of it from the first, so that we may be certain of it? and from the start, so that we may say, His word is true? There is no one who gives news, or says anything, or who gives ear to your words.|en
1645|41|27|27|我首先對錫安說：看哪，我要將一位報好信息的賜給耶路撒冷。|zh
1646|41|27|27|I was the first to give word of it to Zion, and I gave the good news to Jerusalem.|en
1647|41|28|28|我看的時候並沒有人；我問的時候，他們中間也沒有謀士可以回答一句。|zh
1648|41|28|28|And I saw that there was no man, even no wise man among them, who might give an answer to my questions.|en
1649|41|29|29|看哪，他們和他們的工作都是虛空，且是虛無。他們所鑄的偶像都是風，都是虛的。|zh
1650|41|29|29|Truly they are all nothing, their works are nothing and of no value: their metal images are of no more use than wind.|en
1651|42|1|1|看哪，我的僕人─我所扶持所揀選、心裡所喜悅的！我已將我的靈賜給他；他必將公理傳給外邦。|zh
1652|42|1|1|See my servant, whom I am supporting, my loved one, in whom I take delight: I have put my spirit on him; he will give the knowledge of the true God to the nations.|en
1653|42|2|2|他不喧嚷，不揚聲，也不使街上聽見他的聲音。|zh
1654|42|2|2|He will make no cry, his voice will not be loud: his words will not come to men's ears in the streets.|en
1655|42|3|3|壓傷的蘆葦，他不折斷；將殘的燈火，他不吹滅。他憑真實將公理傳開。|zh
1656|42|3|3|He will not let a crushed stem be quite broken, and he will not let a feebly burning light be put out: he will go on sending out the true word to the peoples.|en
1657|42|4|4|他不灰心，也不喪膽，直到他在地上設立公理；海島都等候他的訓誨。|zh
1658|42|4|4|His light will not be put out, and he will not be crushed, till he has given the knowledge of the true God to the earth, and the sea-lands will be waiting for his teaching.|en
1659|42|5|5|創造諸天，鋪張穹蒼，將地和地所出的一併鋪開，賜氣息給地上的眾人，又賜靈性給行在其上之人的神耶和華，他如此說：|zh
1660|42|5|5|God the Lord, even he who made the heavens, measuring them out on high; stretching out the earth, and giving its produce; he who gives breath to the people on it, and life to those who go about on it, says:|en
1661|42|6|6|我─耶和華憑公義召你，必攙扶你的手，保守你，使你作眾民的中保（中保：原文是約），作外邦人的光，|zh
1662|42|6|6|I the Lord have made you the vessel of my purpose, I have taken you by the hand, and kept you safe, and I have given you to be an agreement to the people, and a light to the nations:|en
1663|42|7|7|開瞎子的眼，領被囚的出牢獄，領坐黑暗的出監牢。|zh
1664|42|7|7|To give eyes to the blind, to make free the prisoners from the prison, to let out those who are shut up in the dark.|en
1665|42|8|8|我是耶和華，這是我的名；我必不將我的榮耀歸給假神，也不將我的稱讚歸給雕刻的偶像。|zh
1666|42|8|8|I am the Lord; that is my name: I will not give my glory to another, or my praise to pictured images.|en
1667|42|9|9|看哪，先前的事已經成就，現在我將新事說明，這事未發以先，我就說給你們聽。|zh
1668|42|9|9|See, the things said before have come about, and now I give word of new things: before they come I give you news of them.|en
1669|42|10|10|航海的和海中所有的，海島和其上的居民，都當向耶和華唱新歌，從地極讚美他。|zh
1670|42|10|10|Make a new song to the Lord, and let his praise be sounded from the end of the earth; you who go down to the sea, and everything in it, the sea-lands and their people.|en
1671|42|11|11|曠野和其中的城邑，並基達人居住的村莊都當揚聲；西拉的居民當歡呼，在山頂上吶喊。|zh
1672|42|11|11|Let the waste land and its flocks be glad, the tent-circles of Kedar; let the people of the rock give a glad cry, from the top of the mountains let them make a sound of joy.|en
1673|42|12|12|他們當將榮耀歸給耶和華，在海島中傳揚他的頌讚。|zh
1674|42|12|12|Let them give glory to the Lord, sounding his praise in the sea-lands.|en
1675|42|13|13|耶和華必像勇士出去，必像戰士激動熱心，要喊叫，大聲吶喊，要用大力攻擊仇敵。|zh
1676|42|13|13|The Lord will go out as a man of war, he will be moved to wrath like a fighting-man: his voice will be strong, he will give a loud cry; he will go against his attackers like a man of war.|en
1677|42|14|14|我許久閉口不言，靜默不語；現在我要喊叫，像產難的婦人；我要急氣而喘哮。|zh
1678|42|14|14|I have long been quiet, I have kept myself in and done nothing: now I will make sounds of pain like a woman in childbirth, breathing hard and quickly.|en
1679|42|15|15|我要使大山小岡變為荒場，使其上的花草都枯乾；我要使江河變為洲島，使水池都乾涸。|zh
1680|42|15|15|I will make waste mountains and hills, drying up all their plants; and I will make rivers dry, and pools dry land.|en
1681|42|16|16|我要引瞎子行不認識的道，領他們走不知道的路；在他們面前使黑暗變為光明，使彎曲變為平直。這些事我都要行，並不離棄他們。|zh
1682|42|16|16|And I will take the blind by a way of which they had no knowledge, guiding them by roads strange to them: I will make the dark places light before them, and the rough places level. These things will I do and will not give them up.|en
1683|42|17|17|倚靠雕刻的偶像，對鑄造的偶像說：你是我們的神；這等人要退後，全然蒙羞。|zh
1684|42|17|17|They will be turned back and be greatly shamed who put their hope in pictured images, who say to metal images, You are our gods.|en
1685|42|18|18|你們這耳聾的，聽罷！你們這眼瞎的，看罷！使你們能看見。|zh
1686|42|18|18|Give ear, you whose ears are shut; and let your eyes be open, you blind, so that you may see.|en
1687|42|19|19|誰比我的僕人眼瞎呢？誰比我差遣的使者耳聾呢？誰瞎眼像那與我和好的？誰瞎眼像耶和華的僕人呢？|zh
1688|42|19|19|Who is blind, but my servant? who has his ears stopped, but he whom I send? who is blind as my true one, or who has his ears shut like the Lord's servant?|en
1689|42|20|20|你看見許多事卻不領會，耳朵開通卻不聽見。|zh
1690|42|20|20|Seeing much, but keeping nothing in mind; his ears are open, but there is no hearing.|en
1691|42|21|21|耶和華因自己公義的緣故，喜歡使律法（或譯：訓誨）為大，為尊。|zh
1692|42|21|21|It was the Lord's pleasure, because of his righteousness, to make the teaching great and give it honour.|en
1693|42|22|22|但這百姓是被搶被奪的，都牢籠在坑中，隱藏在獄裡；他們作掠物，無人拯救，作擄物，無人說交還。|zh
1694|42|22|22|But this is a people whose property has been taken away from them by force; they are all taken in holes, and shut up in prisons: they are made prisoners, and no one makes them free; they are taken by force and no one says, Give them back.|en
1695|42|23|23|你們中間誰肯側耳聽此，誰肯留心而聽，以防將來呢？|zh
1696|42|23|23|Who is there among you who will give ear to this? who will give attention to it for the time to come?|en
1697|42|24|24|誰將雅各交出當作擄物，將以色列交給搶奪的呢？豈不是耶和華麼？就是我們所得罪的那位。他們不肯遵行他的道，也不聽從他的訓誨。|zh
1698|42|24|24|Who gave up Jacob to those who took away his goods, and Israel to his attackers? Did not the Lord? he against whom they did wrong, and in whose ways they would not go, turning away from his teaching.|en
1699|42|25|25|所以，他將猛烈的怒氣和爭戰的勇力傾倒在以色列的身上。在他四圍如火著起，他還不知道，燒著他，他也不介意。|zh
1700|42|25|25|For this reason he let loose on him the heat of his wrath, and his strength was like a flame; and it put fire round about him, but he did not see it; he was burned, but did not take it to heart.|en
1701|43|1|1|雅各啊，創造你的耶和華，以色列啊，造成你的那位，現在如此說：你不要害怕！因為我救贖了你。我曾提你的名召你，你是屬我的。|zh
1702|43|1|1|But now, says the Lord your Maker, O Jacob, and your life-giver, O Israel: have no fear, for I have taken up your cause; naming you by your name, I have made you mine.|en
1703|43|2|2|你從水中經過，我必與你同在；你逿過江河，水必不漫過你；你從火中行過，必不被燒，火燄也不著在你身上。|zh
1704|43|2|2|When you go through the waters, I will be with you; and through the rivers, they will not go over you: when you go through the fire, you will not be burned; and the flame will have no power over you.|en
1705|43|3|3|因為我是耶和華─你的神，是以色列的聖者─你的救主；我已經使埃及作你的贖價，使古實和西巴代替你。|zh
1706|43|3|3|For I am the Lord your God, the Holy One of Israel, your saviour; I have given Egypt as a price for you, Ethiopia and Seba for you.|en
1707|43|4|4|因我看你為寶為尊；又因我愛你，所以我使人代替你，使列邦人替換你的生命。|zh
1708|43|4|4|Because of your value in my eyes, you have been honoured, and loved by me; so I will give men for you, and peoples for your life.|en
1709|43|5|5|不要害怕，因我與你同在；我必領你的後裔從東方來，又從西方招聚你。|zh
1710|43|5|5|Have no fear, for I am with you: I will take your seed from the east, and get you together from the west;|en
1711|43|6|6|我要對北方說，交出來！對南方說，不要拘留！將我的眾子從遠方帶來，將我的眾女從地極領回，|zh
1712|43|6|6|I will say to the north, Give them up; and to the south, Do not keep them back; send back my sons from far, and my daughters from the end of the earth;|en
1713|43|7|7|就是凡稱為我名下的人，是我為自己的榮耀創造的，是我所做成，所造作的。|zh
1714|43|7|7|Every one who is named by my name, and whom I have made for my glory, who has been formed and designed by me.|en
1715|43|8|8|你要將有眼而瞎、有耳而聾的民都帶出來！|zh
1716|43|8|8|Send out the blind people who have eyes, and those who have ears, but they are shut.|en
1717|43|9|9|任憑萬國聚集；任憑眾民會合。其中誰能將此聲明，並將先前的事說給我們聽呢？他們可以帶出見證來，自顯為是；或者他們聽見便說：這是真的。|zh
1718|43|9|9|Let all the nations come together, and let the peoples be present: who among them is able to make this clear, and give us word of earlier things? let their witnesses come forward, so that they may be seen to be true, and that they may give ear, and say, It is true.|en
1719|43|10|10|耶和華說：你們是我的見證，我所揀選的僕人。既是這樣，便可以知道，且信服我，又明白我就是耶和華。在我以前沒有真神（真：原文是造作的）；在我以後也必沒有。|zh
1720|43|10|10|You are my witnesses, says the Lord, and my servant whom I have taken for myself: so that you may see and have faith in me, and that it may be clear to you that I am he; before me there was no God formed, and there will not be after me.|en
1721|43|11|11|惟有我是耶和華；除我以外沒有救主。|zh
1722|43|11|11|I, even I, am the Lord; and there is no saviour but me.|en
1723|43|12|12|我曾指示，我曾拯救，我曾說明，並且在你們中間沒有別神。所以耶和華說：你們是我的見證。我也是神；|zh
1724|43|12|12|I gave the word, and made it clear, and there was no strange god among you: for this reason you are my witnesses, says the Lord.|en
1725|43|13|13|自從有日子以來，我就是神；誰也不能救人脫離我手。我要行事誰能阻止呢？|zh
1726|43|13|13|From time long past I am God, and from this day I am he: there is no one who is able to take you out of my hand: when I undertake a thing, by whom will my purpose be changed?|en
1727|43|14|14|耶和華─你們的救贖主、以色列的聖者如此說：因你們的緣故，我已經打發人到巴比倫去；並且我要使迦勒底人如逃民，都坐自己喜樂的船下來。|zh
1728|43|14|14|The Lord, who has taken up your cause, the Holy One of Israel, says, Because of you I have sent to Babylon, and made all their seers come south, and the Chaldaeans whose cry is in the ships.|en
1729|43|15|15|我是耶和華─你們的聖者，是創造以色列的，是你們的君王。|zh
1730|43|15|15|I am the Lord, your Holy One, the Maker of Israel, your King.|en
1731|43|16|16|耶和華在滄海中開道，在大水中開路，|zh
1732|43|16|16|This is the word of the Lord, who makes a way in the sea, and a road through the deep waters;|en
1733|43|17|17|使車輛、馬匹、軍兵、勇士都出來，一同躺下，不再起來；他們滅沒，好像熄滅的燈火。|zh
1734|43|17|17|Who sends out the war-carriages and the horses, the army with all its force; they have come down, they will not get up again; like a feebly burning light they are put out.|en
1735|43|18|18|耶和華如此說：你們不要記念從前的事，也不要思想古時的事。|zh
1736|43|18|18|Give no thought to the things which are past; let the early times go out of your minds.|en
1737|43|19|19|看哪，我要做一件新事；如今要發現，你們豈不知道麼？我必在曠野開道路，在沙漠開江河。|zh
1738|43|19|19|See, I am doing a new thing; now it is starting; will you not take note of it? I will even make a way in the waste land, and rivers in the dry country.|en
1739|43|20|20|野地的走獸必尊重我；野狗和鴕鳥也必如此。因我使曠野有水，使沙漠有河，好賜給我的百姓、我的選民喝。|zh
1740|43|20|20|The beasts of the field will give me honour, the jackals and the ostriches: because I send out waters in the waste land, and rivers in the dry country, to give drink to the people whom I have taken for myself:|en
1741|43|21|21|這百姓是我為自己所造的，好述說我的美德。|zh
1742|43|21|21|Even the people whom I made to be the witnesses of my praise.|en
1743|43|22|22|雅各啊，你並沒有求告我；以色列啊，你倒厭煩我。|zh
1744|43|22|22|But you have made no prayer to me, O Jacob: and you have given no thought to me, O Israel.|en
1745|43|23|23|你沒有將你的羊帶來給我作燔祭，也沒有用祭物尊敬我；我沒有因供物使你服勞，也沒有因乳香使你厭煩。|zh
1746|43|23|23|You have not made me burned offerings of sheep, or given me honour with your offerings of beasts; I did not make you servants to give me an offering, and I did not make you tired with requests for perfumes.|en
1747|43|24|24|你沒有用銀子為我買菖蒲，也沒有用祭物的脂油使我飽足；倒使我因你的罪惡服勞，使我因你的罪孽厭煩。|zh
1748|43|24|24|You have not got me sweet-smelling plants with your money, or given me pleasure with the fat of your offerings: but you have made me a servant to your sins, and you have made me tired with your evil doings.|en
1749|43|25|25|惟有我為自己的緣故塗抹你的過犯；我也不記念你的罪惡。|zh
1750|43|25|25|I, even I, am he who takes away your sins; and I will no longer keep your evil doings in mind.|en
1751|43|26|26|你要提醒我，你我可以一同辯論；你可以將你的理陳明，自顯為義。|zh
1752|43|26|26|Put me in mind of this; let us take up the cause between us: put forward your cause, so that you may be seen to be in the right.|en
1753|43|27|27|你的始祖犯罪；你的師傅違背我。|zh
1754|43|27|27|Your first father was a sinner, and your guides have gone against my word.|en
1755|43|28|28|所以，我要辱沒聖所的首領，使雅各成為咒詛，使以色列成為辱罵。|zh
1756|43|28|28|Your chiefs have made my holy place unclean, so I have made Jacob a curse, and Israel a thing of shame.|en
1757|44|1|1|我的僕人雅各，我所揀選的以色列啊，現在你當聽。|zh
1758|44|1|1|And now, give ear, O Jacob my servant, and Israel whom I have taken for myself:|en
1759|44|2|2|造做你，又從你出胎造就你，並要幫助你的耶和華如此說：我的僕人雅各，我所揀選的耶書崙哪，不要害怕！|zh
1760|44|2|2|The Lord who made you, forming you in your mother's body, the Lord, your helper, says, Have no fear, O Jacob my servant, and you, Jeshurun, whom I have taken for myself.|en
1761|44|3|3|因為我要將水澆灌口渴的人，將河澆灌乾旱之地。我要將我的靈澆灌你的後裔，將我的福澆灌你的子孫。|zh
1762|44|3|3|For I will send water on the land needing it, and streams on the dry earth: I will let my spirit come down on your seed, and my blessing on your offspring.|en
1763|44|4|4|他們要發生在草中，像溪水旁的柳樹。|zh
1764|44|4|4|And they will come up like grass in a well-watered field, like water-plants by the streams.|en
1765|44|5|5|這個要說：我是屬耶和華的；那個要以雅各的名自稱；又一個要親手寫：歸耶和華的（或譯：在手上寫歸耶和華），並自稱為以色列。|zh
1766|44|5|5|One will say, I am the Lord's; and another will give himself the name, Jacob; another will put a mark on his hand, I am the Lord's, and another will take the name of Israel for himself.|en
1767|44|6|6|耶和華─以色列的君，以色列的救贖主─萬軍之耶和華如此說：我是首先的，我是末後的；除我以外再沒有真神。|zh
1768|44|6|6|The Lord, the King of Israel, even the Lord of armies who has taken up his cause, says, I am the first and the last, and there is no God but me.|en
1769|44|7|7|自從我設立古時的民，誰能像我宣告，並且指明，又為自己陳說呢？讓他將未來來的事和必成的事說明。|zh
1770|44|7|7|If there is one like me, let him come forward and say it, let him make it clear and put it in order before me: who has made clear in the past the things to come? let him make clear the future to me.|en
1771|44|8|8|你們不要恐懼，也不要害怕。我豈不是從上古就說明指示你們麼？並且你們是我的見證！除我以外，豈有真神麼？誠然沒有磐石，我不知道一個！|zh
1772|44|8|8|Have no fear, be strong in heart; have I not made it clear to you in the past, and let you see it? and you are my witnesses. Is there any God but me, or a Rock of whom I have no knowledge?|en
1773|44|9|9|製造雕刻偶像的盡都虛空；他們所喜悅的都無益處；他們的見證無所看見，無所知曉，他們便覺羞愧。|zh
1774|44|9|9|Those who make a pictured image are all of them as nothing, and the things of their desire will be of no profit to them: and their servants see not, and have no knowledge; so they will be put to shame.|en
1775|44|10|10|誰製造神像，鑄造無益的偶像？|zh
1776|44|10|10|Whoever makes a god, makes nothing but a metal image in which there is no profit.|en
1777|44|11|11|看哪，他的同伴都必羞愧。工匠也不過是人，任他們聚會，任他們站立，都必懼怕，一同羞愧。|zh
1778|44|11|11|Truly, all those who make use of secret arts will be put to shame, and their words of power are only words of men: let them all come forward together; they will all be in fear and be put to shame.|en
1779|44|12|12|鐵匠把鐵在火炭中燒熱，用鎚打鐵器，用他有力的膀臂錘成；他飢餓而無力，不喝水而發倦。|zh
1780|44|12|12|The iron-worker is heating the metal in the fire, giving it form with his hammers, and working on it with his strong arm: then for need of food his strength gives way, and for need of water he becomes feeble.|en
1781|44|13|13|木匠拉線，用筆劃出樣子，用鉋子鉋成形狀，用圓尺劃了模樣，仿照人的體態，做成人形，好住在房屋中。|zh
1782|44|13|13|The woodworker is measuring out the wood with his line, marking it out with his pencil: after smoothing it with his plane, and making circles on it with his instrument, he gives it the form and glory of a man, so that it may be placed in the house.|en
1783|44|14|14|他砍伐香柏樹，又取柞（或譯：青桐）樹和橡樹，在樹林中選定了一棵。他栽種松樹，得雨長養。|zh
1784|44|14|14|He has cedars cut down for himself, he takes an oak and lets it get strong among the trees of the wood; he has an ash-tree planted, and the rain gives it growth.|en
1785|44|15|15|這樹，人可用以燒火；他自己取些烤火，又燒著烤餅，而且做神像跪拜，做雕刻的偶像向他叩拜。|zh
1786|44|15|15|Then it will be used to make a fire, so that a man may get warm; he has the oven heated with it and makes bread: he makes a god with it, to which he gives worship: he makes a pictured image out of it, and goes down on his face before it.|en
1787|44|16|16|他把一分燒在火中，把一分烤肉吃飽。自己烤火說：啊哈，我暖和了，我見火了。|zh
1788|44|16|16|With part of it he makes a fire, and on the fire he gets meat cooked and takes a full meal: he makes himself warm, and says, Aha! I am warm, I have seen the fire:|en
1789|44|17|17|他用剩下的做了一神，就是雕刻的偶像。他向這偶像俯伏叩拜，禱告他說：求你拯救我，因你是我的神。|zh
1790|44|17|17|And the rest of it he makes into a god, even his pictured image: he goes down on his face before it, giving worship to it, and making prayer to it, saying, Be my saviour; for you are my god.|en
1791|44|18|18|他們不知道，也不思想；因為耶和華閉住他們的眼，不能看見，塞住他們的心，不能明白。|zh
1792|44|18|18|They have no knowledge or wisdom; for he has put a veil over their eyes, so that they may not see; and on their hearts, so that they may not give attention.|en
1793|44|19|19|誰心裡也不醒悟，也沒有知識，沒有聰明，能說：我曾拿一分在火中燒了，在炭火上烤過餅；我也烤過肉吃。這剩下的，我豈要作可憎的物嗎？我豈可向木丕子叩拜呢？|zh
1794|44|19|19|And no one takes note, no one has enough knowledge or wisdom to say, I have put part of it in the fire, and made bread on it; I have had a meal of the flesh cooked with it: and am I now to make the rest of it into a false god? am I to go down on my face before a bit of wood?|en
1795|44|20|20|他以灰為食，心中昏迷，使他偏邪，他不能自救，也不能說：我右手中豈不是有虛謊麼？|zh
1796|44|20|20|As for him whose food is the dust of a dead fire, he has been turned from the way by a twisted mind, so that he is unable to keep himself safe by saying, What I have here in my hand is false.|en
1797|44|21|21|雅各，以色列啊，你是我的僕人，要記念這些事。以色列啊，你是我的僕人，我造就你必不忘記你。|zh
1798|44|21|21|Keep these things in mind, O Jacob; and you Israel, for you are my servant: I have made you; you are my servant; O Israel, I will not let you go out of my memory.|en
1799|44|22|22|我塗抹了你的過犯，像厚雲消散；我塗抹了你的罪惡，如薄雲滅沒。你當歸向我，因我救贖了你。|zh
1800|44|22|22|I have put your evil doings out of my mind like a thick cloud, and your sins like a mist: come back to me; for I have taken up your cause.|en
1801|44|23|23|諸天哪，應當歌唱，因為耶和華做成這事。地的深處啊，應當歡呼；眾山應當發聲歌唱；樹林和其中所有的樹都當如此！因為耶和華救贖了雅各，並要因以色列榮耀自己。|zh
1802|44|23|23|Make a song, O heavens, for the Lord has done it: give a loud cry, you deep parts of the earth: let your voices be loud in song, you mountains, and you woods with all your trees: for the Lord has taken up the cause of Jacob, and will let his glory be seen in Israel.|en
1803|44|24|24|從你出胎，造就你的救贖主─耶和華如此說：我─耶和華是創造萬物的，是獨自鋪張諸天、鋪開大地的。誰與我同在呢？|zh
1804|44|24|24|The Lord, who has taken up your cause, and who gave you life in your mother's body, says, I am the Lord who makes all things; stretching out the heavens by myself, and giving the earth its limits; who was with me?|en
1805|44|25|25|使說假話的兆頭失效，使占卜的癲狂，使智慧人退後，使他的知識變為愚拙；|zh
1806|44|25|25|Who makes the signs of those who give word of the future come to nothing, so that those who have knowledge of secret arts go off their heads; turning the wise men back, and making their knowledge foolish:|en
1807|44|26|26|使我僕人的話語立定，我使者的謀算成就。論到耶路撒冷說：必有人居住；論到猶大的城邑說：必被建造，其中的荒場我也必興起。|zh
1808|44|26|26|Who makes the word of his servants certain, and gives effect to the purposes of his representatives; who says of Jerusalem, Her people will come back to her; and of the towns of Judah, I will give orders for their building, and will make her waste places fertile again:|en
1809|44|27|27|對深淵說：你乾了罷！我也要使你的江河乾涸。|zh
1810|44|27|27|Who says to the deep, Be dry, and I will make your rivers dry:|en
1811|44|28|28|論古列說：他是我的牧人，必成就我所喜悅的，必下令建造耶路撒冷，發命立穩聖殿的根基。|zh
1812|44|28|28|Who says of Cyrus, He will take care of my sheep, and will do all my pleasure: who says of Jerusalem, I will give the word for your building; and of the Temple, Your bases will be put in place.|en
1813|45|1|1|我─耶和華所膏的古列；我攙扶他的右手，使列國降伏在他面前。我也要放鬆列王的腰帶，使城門在他面前敞開，不得關閉。我對他如此說：|zh
1814|45|1|1|The Lord says to the man of his selection, to Cyrus, whom I have taken by the right hand, putting down nations before him, and taking away the arms of kings; making the doors open before him, so that the ways into the towns may not be shut;|en
1815|45|2|2|我必在你前面行，修平崎嶇之地。我必打破銅門，砍斷鐵閂。|zh
1816|45|2|2|I will go before you, and make the rough places level: the doors of brass will be broken, and the iron rods cut in two:|en
1817|45|3|3|我要將暗中的寶物和隱密的財寶賜給你，使你知道提名召你的，就是我─耶和華、以色列的神。|zh
1818|45|3|3|And I will give you the stores of the dark, and the wealth of secret places, so that you may be certain that I am the Lord, who gave you your name, even the God of Israel.|en
1819|45|4|4|因我僕人雅各，我所揀選以色列的緣故，我就提名召你；你雖不認識我，我也加給你名號。|zh
1820|45|4|4|Because of Jacob my servant, and Israel whom I have taken for myself, I have sent for you by name, giving you a name of honour, though you had no knowledge of me.|en
1821|45|5|5|我是耶和華，在我以外並沒有別神；除了我以外再沒有神。你雖不認識我，我必給你束腰。|zh
1822|45|5|5|I am the Lord, and there is no other; there is no God but me: I will make you ready for war, though you had no knowledge of me:|en
1823|45|6|6|從日出之地到日落之處使人都知道除了我以外，沒有別神。我是耶和華；在我以外並沒有別神。|zh
1824|45|6|6|So that they may see from the east and from the west that there is no God but me: I am the Lord, and there is no other.|en
1825|45|7|7|我造光，又造暗；我施平安，又降災禍；造作這一切的是我─耶和華。|zh
1826|45|7|7|I am the giver of light and the maker of the dark; causing blessing, and sending troubles; I am the Lord, who does all these things.|en
1827|45|8|8|諸天哪，自上而滴，穹蒼降下公義；地面開裂，產出救恩，使公義一同發生；這都是我─耶和華所造的。|zh
1828|45|8|8|Let righteousness come down, O heavens, from on high, and let the sky send it down like rain: let the earth be open to give the fruit of salvation, causing righteousness to come up with it; I the Lord have made it come about.|en
1829|45|9|9|禍哉，那與造他的主爭論的！他不過是地上瓦片中的一塊瓦片。泥土豈可對摶弄他的說：你做甚麼呢？所做的物豈可說：你沒有手呢？|zh
1830|45|9|9|Cursed is he who has an argument with his Maker, the pot which has an argument with the Potter! Will the wet earth say to him who is working with it, What are you doing, that your work has nothing by which it may be gripped?|en
1831|45|10|10|禍哉，那對父親說：你生的是甚麼呢？或對母親（原文是婦人）說：你產的是甚麼呢？|zh
1832|45|10|10|Cursed is he who says to a father, To what are you giving life? or to a woman, What are you in birth-pains with?|en
1833|45|11|11|耶和華─以色列的聖者，就是造就以色列的如此說：將來的事，你們可以問我；至於我的眾子，並我手的工作，你們可以求我命定（原文是吩咐我）。|zh
1834|45|11|11|The Lord, the Holy One of Israel, and his Maker, says, Will you put a question to me about the things which are to come, or will you give me orders about my sons, and the work of my hands?|en
1835|45|12|12|我造地，又造人在地上。我親手鋪張諸天；天上萬象也是我所命定的。|zh
1836|45|12|12|I have made the earth, forming man on it: by my hands the heavens have been stretched out, and all the stars put in their ordered places.|en
1837|45|13|13|我憑公義興起古列（原文是他），又要修直他一切道路。他必建造我的城，釋放我被擄的民；不是為工價，也不是為賞賜。這是萬軍之耶和華說的。|zh
1838|45|13|13|I have sent him out to overcome the nations, and I will make all his ways straight: I will give him the work of building my town, and he will let my prisoners go free, without price or reward, says the Lord of armies.|en
1839|45|14|14|耶和華如此說：埃及勞碌得來的和古實的貨物必歸你；身量高大的西巴人必投降你，也要屬你。他們必帶著鎖鍊過來隨從你，又向你下拜，祈求你說：神真在你們中間，此外再沒有別神；再沒有別的　神。|zh
1840|45|14|14|The Lord says, The workmen of Egypt, and the traders of Ethiopia, and the tall Sabaeans, will come over the sea to you, and they will be yours; they will go after you; in chains they will come over: and they will go down on their faces before you, and will make prayer to you, saying, Truly, God is among you; and there is no other God.|en
1841|45|15|15|救主─以色列的神啊，你實在是自隱的神。|zh
1842|45|15|15|Truly, you have a secret God, the God of Israel is a Saviour!|en
1843|45|16|16|凡製造偶像的都必抱愧蒙羞，都要一同歸於慚愧。|zh
1844|45|16|16|All those who have gone against him will be put to shame; the makers of images will be made low.|en
1845|45|17|17|惟有以色列必蒙耶和華的拯救，得永遠的救恩。你們必不蒙羞，也不抱愧，直到永世無盡。|zh
1846|45|17|17|But the Lord will make Israel free with an eternal salvation: you will not be put to shame or made low for ever and ever.|en
1847|45|18|18|創造諸天的耶和華，製造成全大地的神，他創造堅定大地，並非使地荒涼，是要給人居住。他如此說：我是耶和華，再沒有別神。|zh
1848|45|18|18|For this is the word of the Lord who made the heavens; he is God; the maker and designer of the earth; who made it not to be a waste, but as a living-place for man: I am the Lord, and there is no other.|en
1849|45|19|19|我沒有在隱密黑暗之地說話；我沒有對雅各的後裔說：你們尋求我是徒然的。我─耶和華所講的是公義，所說的是正直。|zh
1850|45|19|19|I have not given my word in secret, in a place in the underworld; I did not say to the seed of Jacob, Go into a waste land to make request of me: I the Lord say what is true, my word is righteousness.|en
1851|45|20|20|你們從列國逃脫的人，要一同聚集前來。那些抬著雕刻木偶、禱告不能救人之神的，毫無知識。|zh
1852|45|20|20|Come together, even come near, you nations who are still living: they have no knowledge who take up their image of wood, and make prayer to a god in whom is no salvation.|en
1853|45|21|21|你們要述說陳明你們的理，讓他們彼此商議。誰從古時指明，誰從上古述說？不是我─耶和華麼？除了我以外，再沒有神；我是公義的神，又是救主；除了我以外，再沒有別神。|zh
1854|45|21|21|Give the word, put forward your cause, let us have a discussion together: who has given news of this in the past? who made it clear in early times? did not I, the Lord? and there is no God but me; a true God and a saviour; there is no other.|en
1855|45|22|22|地極的人都當仰望我，就必得救；因為我是神，再沒有別神。|zh
1856|45|22|22|Let your hearts be turned to me, so that you may have salvation, all the ends of the earth: for I am God, and there is no other.|en
1857|45|23|23|我指著自己起誓，我口所出的話是憑公義，並不反回：萬膝必向我跪拜；萬口必憑我起誓。|zh
1858|45|23|23|By myself have I taken an oath, a true word has gone from my mouth, and will not be changed, that to me every knee will be bent, and every tongue will give honour.|en
1859|45|24|24|人論我說，公義、能力，惟獨在乎耶和華；人都必歸向他。凡向他發怒的必至蒙羞。|zh
1860|45|24|24|Only in the Lord will Jacob overcome and be strong: together all those who were angry with him will be put to shame and come to destruction.|en
1861|45|25|25|以色列的後裔都必因耶和華得稱為義，並要誇耀。|zh
1862|45|25|25|In the Lord will all the seed of Israel get their rights, and they will give glory to him.|en
1863|46|1|1|彼勒屈身，尼波彎腰；巴比倫的偶像馱在獸和牲畜上。他們所抬的如今成了重馱，使牲畜疲乏，|zh
1864|46|1|1|Bel is bent down, Nebo is falling; their images are on the beasts and on the cattle: the things which you took about have become a weight to the tired beast.|en
1865|46|2|2|都一同彎腰屈身，不能保全重馱，自己倒被擄去。|zh
1866|46|2|2|They are bent down, they are falling together: they were not able to keep their images safe, but they themselves have been taken prisoner.|en
1867|46|3|3|雅各家，以色列家一切餘剩的要聽我言：你們自從生下，就蒙我保抱，自從出胎，便蒙我懷搋。|zh
1868|46|3|3|Give ear to me, O family of Jacob, and all the rest of the people of Israel, who have been supported by me from their birth, and have been my care from their earliest days:|en
1869|46|4|4|直到你們年老，我仍這樣；直到你們髮白，我仍懷搋。我已造作，也必保抱；我必懷抱，也必拯救。|zh
1870|46|4|4|Even when you are old I will be the same, and when you are grey-haired I will take care of you: I will still be responsible for what I made; yes, I will take you and keep you safe.|en
1871|46|5|5|你們將誰與我相比，與我同等，可以與我比較，使我們相同呢？|zh
1872|46|5|5|Who in your eyes is my equal? or what comparison will you make with me?|en
1873|46|6|6|那從囊中抓金子，用天平平銀子的人，雇銀匠製造神像，他們又俯伏，又叩拜。|zh
1874|46|6|6|As for those who take gold out of a bag, and put silver in the scales, they give payment to a gold-worker, to make it into a god; they go down on their faces and give it worship.|en
1875|46|7|7|他們將神像抬起，扛在肩上，安置在定處，他就站立，不離本位；人呼求他，他不能答應，也不能救人脫離患難。|zh
1876|46|7|7|They put him on their backs, and take him up, and put him in his fixed place, from which he may not be moved; if a man gives a cry for help to him, he is unable to give an answer, or get him out of his trouble.|en
1877|46|8|8|你們當想念這事，自己作大丈夫。悖逆的人哪，要心裡思想。|zh
1878|46|8|8|Keep this in mind and be shamed; let it come back to your memory, you sinners.|en
1879|46|9|9|你們要追念上古的事。因為我是神，並無別神；我是神，再沒有能比我的。|zh
1880|46|9|9|Let the things which are past come to your memory: for I am God, and there is no other; I am God, and there is no one like me;|en
1881|46|10|10|我從起初指明末後的事，從古時言明未成的事，說：我的籌算必立定；凡我所喜悅的，我必成就。|zh
1882|46|10|10|Making clear from the first what is to come, and from past times the things which have not so far come about; saying, My purpose is fixed, and I will do all my pleasure;|en
1883|46|11|11|我召鷙鳥從東方來，召那成就我籌算的人從遠方來。我已說出，也必成就；我已謀定，也必做成。|zh
1884|46|11|11|Sending for a bird of strong flight from the east, the man of my purpose from a far country; I have said it, and I will give effect to it; the thing designed by me will certainly be done.|en
1885|46|12|12|你們這些心中頑梗、遠離公義的，當聽我言。|zh
1886|46|12|12|Give ear to me, you feeble-hearted, who have no faith in my righteousness:|en
1887|46|13|13|我使我的公義臨近，必不遠離。我的救恩必不遲延；我要為以色列─我的榮耀，在錫安施行救恩。|zh
1888|46|13|13|My righteousness is near, it is not far off; salvation will come quickly; and I will make Zion free, and give Israel my glory.|en
1889|47|1|1|巴比倫的處女啊，下來坐在塵埃；迦勒底的閨女啊，沒有寶座，要坐在地上；因為你不再稱為柔弱嬌嫩的。|zh
1890|47|1|1|Come and take your seat in the dust, O virgin daughter of Babylon; come down from your seat of power, and take your place on the earth, O daughter of the Chaldaeans: for you will never again seem soft and delicate.|en
1891|47|2|2|要用磨磨麵，揭去帕子，脫去長衣，露腿逿河。|zh
1892|47|2|2|Take the crushing-stones and get the meal crushed: take off your veil, put away your robe, let your legs be uncovered, go through the rivers.|en
1893|47|3|3|你的下體必被露出；你的醜陋必被看見。我要報仇，誰也不寬容。|zh
1894|47|3|3|The shame of your unclothed condition will be seen by all: I will give punishment without mercy,|en
1895|47|4|4|我們救贖主的名是萬軍之耶和華─以色列的聖者。|zh
1896|47|4|4|Says the Lord who takes up our cause; the Lord of armies is his name, the Holy One of Israel.|en
1897|47|5|5|迦勒底的閨女啊，你要默然靜坐，進入暗中，因為你不再稱為列國的主母。|zh
1898|47|5|5|Be seated in the dark without a word, O daughter of the Chaldaeans: for you will no longer be named, The Queen of Kingdoms.|en
1899|47|6|6|我向我的百姓發怒，使我的產業被褻瀆，將他們交在你手中，你毫不憐憫他們，把極重的軛加在老年人身上。|zh
1900|47|6|6|I was angry with my people, I put shame on my heritage, and gave them into your hands: you had no mercy on them; you put a cruel yoke on those who were old;|en
1901|47|7|7|你自己說：我必永為主母，所以你不將這事放在心上，也不想這事的結局。|zh
1902|47|7|7|And you said, I will be a queen for ever: you did not give attention to these things, and did not keep in mind what would come after.|en
1903|47|8|8|你這專好宴樂、安然居住的，現在當聽這話。你心中說：惟有我，除我以外再沒有別的。我必不致寡居，也不遭喪子之事。|zh
1904|47|8|8|So now take note of this, you who are given up to pleasure, living without fear of evil, saying in your heart, I am, and there is no one like me; I will never be a widow, or have my children taken from me.|en
1905|47|9|9|哪知，喪子、寡居這兩件事在一日轉眼之間必臨到你；正在你多行邪術、廣施符咒的時候，這兩件事必全然臨到你身上。|zh
1906|47|9|9|But these two things will come on you suddenly in one day, the loss of children and of husband: in full measure they will come on you, for all your secret arts, and all your wonders.|en
1907|47|10|10|你素來倚仗自己的惡行，說：無人看見我。你的智慧聰明使你偏邪，並且你心裡說：惟有我，除我以外再沒有別的。|zh
1908|47|10|10|For you had faith in your evil-doing; you said, No one sees me; by your wisdom and knowledge you have been turned out of the way: and you have said in your heart, I am, and there is no other.|en
1909|47|11|11|因此，禍患要臨到你身；你不知何時發現（或譯：如何驅逐）災害落在你身上，你也不能除掉；所不知道的毀滅也必忽然臨到你身。|zh
1910|47|11|11|Because of this evil will come on you, which may not be turned away for any price: and trouble will overtake you, from which no money will give salvation: destruction will come on you suddenly, without your knowledge.|en
1911|47|12|12|站起來罷！用你從幼年勞神施行的符咒和你許多的邪術；或者可得益處，或者可得強勝。|zh
1912|47|12|12|Go on now with your secret arts, and all your wonder-working, to which you have given yourself up from your earliest days; it may be that they will be of profit to you, or by them you may put fear into your attackers.|en
1913|47|13|13|你籌劃太多，以致疲倦。讓那些觀天象的，看星宿的，在月朔說預言的，都站起來，救你脫離所要臨到你的事。|zh
1914|47|13|13|But your mind is troubled by the number of your guides: let them now come forward for your salvation: the measurers of the heavens, the watchers of the stars, and those who are able to say from month to month what things are coming on you.|en
1915|47|14|14|他們要像碎秸被火焚燒，不能救自己脫離火燄之力；這火並非可烤的炭火，也不是可以坐在其前的火。|zh
1916|47|14|14|Truly, they have become like dry stems, they have been burned in the fire; they are not able to keep themselves safe from the power of the flame: it is not a coal for warming them, or a fire by which a man may be seated.|en
1917|47|15|15|你所勞神的事都要這樣與你無益；從幼年與你貿易的也都各奔各鄉，無人救你。|zh
1918|47|15|15|Small profit have you had from those who, from your earliest days, got great profit out of you; they have gone in flight, every one straight before him, and you have no saviour.|en
1919|48|1|1|雅各家，稱為以色列名下，從猶大水源出來的，當聽我言！你們指著耶和華的名起誓，提說以色列的神，卻不憑誠實，不憑公義。|zh
1920|48|1|1|Give ear to this, O family of Jacob, you who are named by the name of Israel, and have come out of the body of Judah; who take oaths by the name of the Lord, and make use of the name of the God of Israel, but not truly and not in good faith.|en
1921|48|2|2|他們自稱為聖城的人，所倚靠的是名為萬軍之耶和華─以色列的神。|zh
1922|48|2|2|For they say that they are of the holy town, and put their faith in the God of Israel: the Lord of armies is his name.|en
1923|48|3|3|主說：早先的事，我從古時說明，已經出了我的口，也是我所指示的；我忽然行做，事便成就。|zh
1924|48|3|3|I gave word in the past of the things which came about; they came from my mouth, and I made them clear: suddenly I did them, and they came about.|en
1925|48|4|4|因為我素來知道你是頑梗的─你的頸項是鐵的；你的額是銅的。|zh
1926|48|4|4|Because I saw that your heart was hard, and that your neck was an iron cord, and your brow brass;|en
1927|48|5|5|所以，我從古時將這事給你說明，在未成以先指示你，免得你說：這些事是我的偶像所行的，是我雕刻的偶像和我鑄造的偶像所命定的。|zh
1928|48|5|5|For this reason I made it clear to you in the past, before it came I gave you word of it: for fear that you might say, My god did these things, and my pictured and metal images made them come about.|en
1929|48|6|6|你已經聽見，現在要看見這一切；你不說明麼？從今以後，我將新事，就是你所不知道的隱密事指示你。|zh
1930|48|6|6|All this has come to your ears and you have seen it; will you not give witness to it? I am now making clear new things, even secret things, of which you had no knowledge.|en
1931|48|7|7|這事是現今造的，並非從古就有；在今日以先，你也未曾聽見，免得你說：這事我早已知道了。|zh
1932|48|7|7|They have only now been effected, and not in the past: and before this day they had not come to your ears; for fear that you might say, I had knowledge of them.|en
1933|48|8|8|你未曾聽見，未曾知道；你的耳朵從來未曾開通。我原知道你行事極其詭詐，你自從出胎以來，便稱為悖逆的。|zh
1934|48|8|8|Truly you had no word of them, no knowledge of them; no news of them in the past had come to your ears; because I saw how false was your behaviour, and that your heart was turned against me from your earliest days.|en
1935|48|9|9|我為}我的名暫且忍怒，為我的頌讚向你容忍，不將你剪除。|zh
1936|48|9|9|Because of my name I will put away my wrath, and for my praise I will keep myself from cutting you off.|en
1937|48|10|10|我熬煉你，卻不像熬煉銀子；你在苦難的爐中，我揀選你。|zh
1938|48|10|10|See, I have been testing you for myself like silver; I have put you through the fire of trouble.|en
1939|48|11|11|我為自己的緣故必行這事，我焉能使我的名被褻瀆？我必不將我的榮耀歸給假神。|zh
1940|48|11|11|For myself, even because of my name, I will do it; for I will not let my name be shamed; and my glory I will not give to another.|en
1941|48|12|12|雅各─我所選召的以色列啊，當聽我言：我是耶和華，我是首先的，也是末後的。|zh
1942|48|12|12|Give ear to me, Jacob, and Israel, my loved one; I am he, I am the first and I am the last.|en
1943|48|13|13|我手立了地的根基；我右手鋪張諸天；我一招呼便都立住。|zh
1944|48|13|13|Yes, by my hand was the earth placed on its base, and by my right hand the heavens were stretched out; at my word they take up their places.|en
1945|48|14|14|你們都當聚集而聽，他們（或譯：偶像）內中誰說過這些事？耶和華所愛的人必向巴比倫行他所喜悅的事；他的膀臂也要加在迦勒底人身上。|zh
1946|48|14|14|Come together, all of you, and give ear; who among you has given news of these things? the Lord's loved one will do his pleasure with Babylon, and with the seed of the Chaldaeans.|en
1947|48|15|15|惟有我曾說過，我又選召他，領他來，他的道路就必亨通。|zh
1948|48|15|15|I, even I, have given the word; I have sent for him: I have made him come, and have given effect to his undertakings.|en
1949|48|16|16|你們要就近我來聽這話：我從起頭並未曾在隱密處說話；自從有這事，我就在那裡。現在，主耶和華差遣我和他的靈來（或譯：耶和華和他的靈差遣我來）。|zh
1950|48|16|16|Come near to me, and give ear to this; from the start I did not keep it secret; from the time of its coming into existence I was there: and now the Lord God has sent me, and given me his spirit.|en
1951|48|17|17|耶和華─你的救贖主，以色列的聖者如此說：我是耶和華─你的神，教訓你，使你得益處，引導你所當行的路。|zh
1952|48|17|17|The Lord who takes up your cause, the Holy One of Israel, says, I am the Lord your God, who is teaching you for your profit, guiding you by the way in which you are to go.|en
1953|48|18|18|甚願你素來聽從我的命令！你的平安就如河水；你的公義就如海浪。|zh
1954|48|18|18|If only you had given ear to my orders, then your peace would have been like a river, and your righteousness as the waves of the sea:|en
1955|48|19|19|你的後裔也必多如海沙；你腹中所生的也必多如沙粒。他的名在我面前必不剪除，也不滅絕。|zh
1956|48|19|19|Your seed would have been like the sand, and your offspring like the dust: your name would not be cut off or come to an end before me.|en
1957|48|20|20|你們要從巴比倫出來，從迦勒底人中逃脫，以歡呼的聲音傳揚說：耶和華救贖了他的僕人雅各！你們要將這事宣揚到地極。|zh
1958|48|20|20|Go out of Babylon, go in flight from the Chaldaeans; with the sound of song make it clear, give the news, let the word go out even to the end of the earth: say, The Lord has taken up the cause of his servant Jacob.|en
1959|48|21|21|耶和華引導他們經過沙漠。他們並不乾渴；他為他們使水從磐石而流，分裂磐石，水就湧出。|zh
1960|48|21|21|They had no need of water when he was guiding them through the waste lands: he made water come out of the rock for them: the rock was parted and the waters came flowing out.|en
1961|48|22|22|耶和華說：惡人必不得平安！|zh
1962|48|22|22|There is no peace, says the Lord, for the evil-doers.|en
1963|49|1|1|眾海島啊，當聽我言！遠方的眾民哪，留心而聽！自我出胎，耶和華就選召我；自出母腹，他就提我的名。|zh
1964|49|1|1|Give ear, O sea-lands, to me; and take note, you peoples from far: I have been marked out by the Lord from the first; when I was still in my mother's body, he had my name in mind:|en
1965|49|2|2|他使我的口如快刀，將我藏在他手蔭之下；又使我成為磨亮的箭，將我藏在他箭袋之中；|zh
1966|49|2|2|And he has made my mouth like a sharp sword, in the shade of his hand he has kept me; and he has made me like a polished arrow, keeping me in his secret place;|en
1967|49|3|3|對我說：你是我的僕人以色列；我必因你得榮耀。|zh
1968|49|3|3|And he said to me, You are my servant, Israel, in whom my glory will be seen;|en
1969|49|4|4|我卻說：我勞碌是徒然；我盡力是虛無虛空。然而，我當得的理必在耶和華那裡；我的賞賜必在我神那裡。|zh
1970|49|4|4|And I said, I have undergone weariness for nothing, I have given my strength for no purpose or profit: but still the Lord will take up my cause, and my God will give me my reward.|en
1971|49|5|5|耶和華從我出胎，造就我作他的僕人，要使雅各歸向他，使以色列到他那裡聚集。原來耶和華看我為尊貴；我的神也成為我的力量。|zh
1972|49|5|5|And now, says the Lord, who made me his servant when I was still in my mother's body, so that I might make Jacob come back to him, and so that Israel might come together to him: and I was honoured in the eyes of the Lord, and my God became my strength.|en
1973|49|6|6|現在他說：你作我的僕人，使雅各眾支派復興，使以色列中得保全的歸回尚為小事，我還要使你作外邦人的光，叫你施行我的救恩，直到地極。|zh
1974|49|6|6|It is not enough for one who is my servant to put the tribes of Jacob again in their place, and to get back those of Israel who have been sent away: my purpose is to give you as a light to the nations, so that you may be my salvation to the end of the earth.|en
1975|49|7|7|救贖主─以色列的聖者耶和華對那被人所藐視、本國所憎惡、官長所虐待的如此說：君王要看見就站起，首領也要下拜；都因信實的耶和華，就是揀選你─以色列的聖者。|zh
1976|49|7|7|The Lord who takes up Israel's cause, even his Holy One, says to him whom men make sport of, who is hated by the nations, a servant of rulers: Kings will see and get up from their places, and chiefs will give worship: because of the Lord who keeps faith; even the Holy One of Israel who has taken you for himself.|en
1977|49|8|8|耶和華如此說：在悅納的時候，我應允了你；在拯救的日子，我濟助了你。我要保護你，使你作眾民的中保（中保：原文是約）；復興遍地，使人承受荒涼之地為業。|zh
1978|49|8|8|This is the word of the Lord: I have given ear to you at a good time, and I have been your helper in a day of salvation: and I will keep you safe, and will make you a glory for the people, putting the land in order, and giving them the heritages which now are waste;|en
1979|49|9|9|對那被捆綁的人說：出來罷！對那在黑暗的人說：顯露罷！他們在路上必得飲食，在一切淨光的高處必有食物。|zh
1980|49|9|9|Saying to those who are in chains, Go free; to those who are in the dark, Come out into the light. They will get food by the way wherever they go, and have grass-lands on all the dry mountain-tops.|en
1981|49|10|10|不飢不渴，炎熱和烈日必不傷害他們；因為憐恤他們的必引導他們，領他們到水泉旁邊。|zh
1982|49|10|10|They will not be in need of food or drink, or be troubled by the heat or the sun: for he who has mercy on them will be their guide, taking them by the springs of water.|en
1983|49|11|11|我必使我的眾山成為大道；我的大路也被修高。|zh
1984|49|11|11|And I will make all my mountains a way, and my highways will be lifted up.|en
1985|49|12|12|看哪，這些從遠方來；這些從北方、從西方來；這些從秦（原文是希尼）國來。|zh
1986|49|12|12|See, these are coming from far; and these from the north and the west; and these from the land of Sinim.|en
1987|49|13|13|諸天哪，應當歡呼！大地啊，應當快樂！眾山哪，應當發聲歌唱！因為耶和華已經安慰他的百姓，也要憐恤他困苦之民。|zh
1988|49|13|13|Let your voice be loud in song, O heavens; and be glad, O earth; make sounds of joy, O mountains, for the Lord has given comfort to his people, and will have mercy on his crushed ones.|en
1989|49|14|14|錫安說：耶和華離棄了我；主忘記了我。|zh
1990|49|14|14|But Zion said, The Lord has given me up, I have gone from his memory.|en
1991|49|15|15|婦人焉能忘記他吃奶的嬰孩，不憐恤他所生的兒子？即或有忘記的，我卻不忘記你。|zh
1992|49|15|15|Will a woman give up the child at her breast, will she be without pity for the fruit of her body? yes, these may, but I will not let you go out of my memory.|en
1993|49|16|16|看哪，我將你銘刻在我掌上；你的牆垣常在我眼前。|zh
1994|49|16|16|See, your name is marked on my hands; your walls are ever before me.|en
1995|49|17|17|你的兒女必急速歸回；毀壞你的，使你荒廢的，必都離你出去，|zh
1996|49|17|17|Your builders are coming quickly; your haters and those who made you waste will go out of you.|en
1997|49|18|18|你舉目向四方觀看；他們都聚集來到你這裡。耶和華說：我指著我的永生起誓：你必要以他們為妝飾佩戴，以他們為華帶束腰，像新婦一樣。|zh
1998|49|18|18|Let your eyes be lifted up round about, and see: they are all coming together to you. By my life, says the Lord, truly you will put them all on you as an ornament, and be clothed with them like a bride.|en
1999|49|19|19|至於你荒廢淒涼之處，並你被毀壞之地，現今眾民居住必顯為太窄；吞滅你的必離你遙遠。|zh
2000|49|19|19|For though the waste places of your land have been given to destruction, now you will not be wide enough for your people, and those who made you waste will be far away.|en
2001|49|20|20|你必聽見喪子之後所生的兒女說：這地方我居住太窄，求你給我地方居住。|zh
2002|49|20|20|The children to whom you gave birth in other lands will say in your ears, The place is not wide enough for me: make room for me to have a resting-place.|en
2003|49|21|21|那時你心裡必說：我既喪子獨居，是被擄的，漂流在外。誰給我生這些？誰將這些養大呢？撇下我一人獨居的時候，這些在哪裡呢？|zh
2004|49|21|21|Then you will say in your heart, Who has given me all these children? when my children had been taken from me, and I was no longer able to have others, who took care of these? when I was by myself, where then were these?|en
2005|49|22|22|主耶和華如此說：我必向列國舉手，向萬民豎立大旗；他們必將你的眾子懷中抱來，將你的眾女肩上扛來。|zh
2006|49|22|22|This is the word of the Lord God: See, I will make a sign with my hand to the nations, and put up my flag for the peoples; and they will take up your sons on their beasts, and your daughters on their backs.|en
2007|49|23|23|列王必作你的養父；王后必作你的乳母。他們必將臉伏地，向你下拜，並舔你腳上的塵土。你便知道我是耶和華；等候我的必不致羞愧。|zh
2008|49|23|23|And kings will take care of you, and queens will give you their milk: they will go down on their faces before you, kissing the dust of your feet; and you will be certain that I am the Lord, and that those who put their hope in me will not be shamed.|en
2009|49|24|24|勇士搶去的豈能奪回？該擄掠的豈能解救麼？|zh
2010|49|24|24|Will the goods of war be taken from the strong man, or the prisoners of the cruel one be let go?|en
2011|49|25|25|但耶和華如此說：就是勇士所擄掠的，也可以奪回；強暴人所搶的，也可以解救。與你相爭的，我必與他相爭；我要拯救你的兒女。|zh
2012|49|25|25|But the Lord says, Even the prisoners of the strong will be taken from him, and the cruel made to let go his goods: for I will take up your cause against your haters, and I will keep your children safe.|en
2013|49|26|26|並且我必使那欺壓你的吃自己的肉，也要以自己的血喝醉，好像喝甜酒一樣。凡有血氣的必都知道我─耶和華是你的救主，是你的救贖主，是雅各的大能者。|zh
2014|49|26|26|And the flesh of your attackers will be taken by themselves for food; and they will take their blood for drink, as if it was sweet wine: and all men will see that I the Lord am your saviour, even he who takes up your cause, the Strong One of Jacob.|en
2015|50|1|1|耶和華如此說：我休你們的母親，休書在哪裡呢？我將你們賣給我哪一個債主呢？你們被賣，是因你們的罪孽；你們的母親被休，是因你們的過犯。|zh
2016|50|1|1|This is the word of the Lord: Where is the statement which I gave your mother when I put her away? or to which of my creditors have I given you for money? It was for your sins that you were given into the hands of others, and for your evil-doing was your mother put away.|en
2017|50|2|2|我來的時候，為何無人等候呢？我呼喚的時候，為何無人答應呢？我的膀臂豈是縮短、不能救贖嗎？我豈無拯救之力麼？看哪，我一斥責，海就乾了；我使江河變為曠野；其中的魚因無水腥臭，乾渴而死。|zh
2018|50|2|2|Why, then, when I came, was there no man? and no one to give answer to my voice? has my hand become feeble, so that it is unable to take up your cause? or have I no power to make you free? See, at my word the sea becomes dry, I make the rivers a waste land: their fish are dead for need of water, and make an evil smell.|en
2019|50|3|3|我使諸天以黑暗為衣服，以麻布為遮蓋。|zh
2020|50|3|3|By me the heavens are clothed with black, and I make haircloth their robe.|en
2021|50|4|4|主耶和華賜我受教者的舌頭，使我知道怎樣用言語扶助疲乏的人。主每早晨提醒，提醒我的耳朵，使我能聽，像受教者一樣。|zh
2022|50|4|4|The Lord God has given me the tongue of those who are experienced, so that I may be able to give the word a special sense for the feeble: every morning my ear is open to his teaching, like those who are experienced:|en
2023|50|5|5|主耶和華開通我的耳朵；我並沒有違背，也沒有退後。|zh
2024|50|5|5|And I have not put myself against him, or let my heart be turned back from him.|en
2025|50|6|6|人打我的背，我任他打；人拔我腮頰的鬍鬚，我由他拔；人辱我，吐我，我並不掩面。|zh
2026|50|6|6|I was offering my back to those who gave me blows, and my face to those who were pulling out my hair: I did not keep my face covered from marks of shame.|en
2027|50|7|7|主耶和華必幫助我，所以我不抱愧。我硬著臉面好像堅石；我也知道我必不致蒙羞。|zh
2028|50|7|7|For the Lord God is my helper; I will not be put to shame: so I have made my face like a rock, and I am certain that he will give me my right.|en
2029|50|8|8|稱我為義的與我相近；誰與我爭論，可以與我一同站立；誰與我作對，可以就近我來。|zh
2030|50|8|8|He who takes up my cause is near; who will go to law with me? let us come together before the judge: who is against me? let him come near to me.|en
2031|50|9|9|主耶和華要幫助我；誰能定我有罪呢？他們都像衣服漸漸舊了，為蛀蟲所咬。|zh
2032|50|9|9|See, the Lord God is my helper; who will give a decision against me? truly, all of them will become old like a robe; they will be food for the worm.|en
2033|50|10|10|你們中間誰是敬畏耶和華、聽從他僕人之話的？這人行在暗中，沒有亮光。當倚靠耶和華的名，仗賴自己的神。|zh
2034|50|10|10|Who among you has the fear of the Lord, giving ear to the voice of his servant who has been walking in the dark and has no light? Let him put his faith in the name of the Lord, looking to his God for support.|en
2035|50|11|11|凡你們點火，用火把圍繞自己的可以行在你們的火燄裡，並你們所點的火把中。這是我手所定的；你們必躺在悲慘之中，|zh
2036|50|11|11|See, all you who make a fire, arming yourselves with burning branches: go in the flame of your fire, and among the branches you have put a light to. This will you have from my hand, you will make your bed in sorrow.|en
2037|51|1|1|你們這追求公義、尋求耶和華的，當聽我言！你們要追想被鑿而出的磐石，被挖而出的巖穴。|zh
2038|51|1|1|Give ear to me, you who are searching for righteousness, who are looking for the Lord: see the rock from which you were cut out, and the hole out of which you were taken.|en
2039|51|2|2|要追想你們的祖宗亞伯拉罕和生養你們的撒拉；因為亞伯拉罕獨自一人的時候，我選召他，賜福與他，使他人數增多。|zh
2040|51|2|2|Let your thoughts be turned to Abraham, your father, and to Sarah, who gave you birth: for when he was but one, my voice came to him, and I gave him my blessing, and made him a great people.|en
2041|51|3|3|耶和華已經安慰錫安和錫安一切的荒場，使曠野像伊甸，使沙漠像耶和華的園囿；在其中必有歡喜、快樂、感謝，和歌唱的聲音。|zh
2042|51|3|3|For the Lord has given comfort to Zion: he has made glad all her broken walls; making her waste places like Eden, and changing her dry land into the garden of the Lord; joy and delight will be there, praise and the sound of melody.|en
2043|51|4|4|我的百姓啊，要向我留心；我的國民哪，要向我側耳；因為訓誨必從我而出；我必堅定我的公理為萬民之光。|zh
2044|51|4|4|Give attention to me, O my people; and give ear to me, O my nation; for teaching will go out from me, and the knowledge of the true God will be a light to the peoples.|en
2045|51|5|5|我的公義臨近；我的救恩發出。我的膀臂要審判萬民；海島都要等候我，倚賴我的膀臂。|zh
2046|51|5|5|Suddenly will my righteousness come near, and my salvation will be shining out like the light; the sea-lands will be waiting for me, and they will put their hope in my strong arm.|en
2047|51|6|6|你們要向天舉目，觀看下地；因為天必像煙雲消散，地必如衣服漸漸舊了；其上的居民也要如此死亡（如此死亡：或譯像蠓蟲死亡）。惟有我的救恩永遠長存；我的公義也不廢掉。|zh
2048|51|6|6|Let your eyes be lifted up to the heavens, and turned to the earth which is under them: for the heavens will go in flight like smoke, and the earth will become old like a coat, and its people will come to destruction like insects: but my salvation will be for ever, and my righteousness will not come to an end.|en
2049|51|7|7|知道公義、將我訓誨存在心中的民，要聽我言！不要怕人的辱罵，也不要因人的毀謗驚惶。|zh
2050|51|7|7|Give ear to me, you who have knowledge of righteousness, in whose heart is my law; have no fear of the evil words of men, and give no thought to their curses.|en
2051|51|8|8|因為蛀蟲必咬他們，好像咬衣服；蟲子必咬他們，如同咬羊絨。惟有我的公義永遠長存，我的救恩直到萬代。|zh
2052|51|8|8|For like a coat they will be food for the insect, the worm will make a meal of them like wool: but my righteousness will be for ever, and my salvation to all generations.|en
2053|51|9|9|耶和華的膀臂啊，興起！興起！以能力為衣穿上，像古時的年日、上古的世代興起一樣。從前砍碎拉哈伯、刺透大魚的，不是你麼？|zh
2054|51|9|9|Awake! awake! put on strength, O arm of the Lord, awake! as in the old days, in the generations long past. Was it not by you that Rahab was cut in two, and the dragon Wounded?|en
2055|51|10|10|使海與深淵的水乾涸、使海的深處變為贖民經過之路的，不是你麼？|zh
2056|51|10|10|Did you not make the sea dry, the waters of the great deep? did you not make the deep waters of the sea a way for the Lord's people to go through?|en
2057|51|11|11|耶和華救贖的民必歸回，歌唱來到錫安；永樂必歸到他們的頭上。他們必得著歡喜快樂；憂愁歎息盡都逃避。|zh
2058|51|11|11|Those whom the Lord has made free will come back with songs to Zion; and on their heads will be eternal joy: delight and joy will be theirs, and sorrow and sounds of grief will be gone for ever.|en
2059|51|12|12|惟有我，是安慰你們的。你是誰，竟怕那必死的人？怕那要變如草的世人？|zh
2060|51|12|12|I, even I, am your comforter: are you so poor in heart as to be in fear of man who will come to an end, and of the son of man who will be like grass?|en
2061|51|13|13|卻忘記鋪張諸天、立定地基、創造你的耶和華？又因欺壓者圖謀毀滅要發的暴怒，整天害怕，其實那欺壓者的暴怒在哪裡呢？|zh
2062|51|13|13|And you have given no thought to the Lord your Maker, by whom the heavens were stretched out, and the earth placed on its base; and you went all day in fear of the wrath of the cruel one, when he was making ready for your destruction. And where is the wrath of the cruel one?|en
2063|51|14|14|被擄去的快得釋放，必不死而下坑；他的食物也不致缺乏。|zh
2064|51|14|14|The prisoner, bent under his chain, will quickly be made free, and will not go down into the underworld, and his bread will not come to an end.|en
2065|51|15|15|我是耶和華─你的神─攪動大海，使海中的波浪匉訇─萬軍之耶和華是我的名。|zh
2066|51|15|15|For I am the Lord your God, who makes the sea calm when its waves are thundering: the Lord of armies is his name.|en
2067|51|16|16|我將我的話傳給你，用我的手影遮蔽你，為要栽定諸天，立定地基，又對錫安說：你是我的百姓。|zh
2068|51|16|16|And I have put my words in your mouth, covering you with the shade of my hand, stretching out the heavens, and placing the earth on its base, and saying to Zion, You are my people.|en
2069|51|17|17|耶路撒冷啊，興起！興起！站起來！你從耶和華手中喝了他忿怒之杯，喝了那使人東倒西歪的爵，以致喝盡。|zh
2070|51|17|17|Awake! awake! up! O Jerusalem, you who have taken from the Lord's hand the cup of his wrath; tasting in full measure the wine which overcomes.|en
2071|51|18|18|他所生育的諸子中，沒有一個引導他的；他所養大的諸子中，沒有一個攙扶他的。|zh
2072|51|18|18|She has no one among all her children to be her guide; not one of the sons she has taken care of takes her by the hand.|en
2073|51|19|19|荒涼、毀滅、饑荒、刀兵，這幾樣臨到你，誰為你舉哀？我如何能安慰你呢？|zh
2074|51|19|19|These two things have come on you; who will be weeping for you? wasting and destruction; death from need of food, and from the sword; how may you be comforted?|en
2075|51|20|20|你的眾子發昏，在各市口上躺臥，好像黃羊在網羅之中，都滿了耶和華的忿怒─你神的斥責。|zh
2076|51|20|20|Your sons are overcome, like a roe in a net; they are full of the wrath of the Lord, the punishment of your God.|en
2077|51|21|21|因此，你這困苦卻非因酒而醉的，要聽我言。|zh
2078|51|21|21|So now give ear to this, you who are troubled and overcome, but not with wine:|en
2079|51|22|22|你的主耶和華─就是為他百姓辨屈的神如此說：看哪，我已將那使人東倒西歪的杯，就是我忿怒的爵，從你手中接過來；你必不致再喝。|zh
2080|51|22|22|This is the word of the Lord your master, even your God who takes up the cause of his people: See, I have taken out of your hand the cup which overcomes, even the cup of my wrath; it will not again be given to you:|en
2081|51|23|23|我必將這杯遞在苦待你的人手中；他們曾對你說：你屈身，由我們踐踏過去罷！你便以背為地，好像街市，任人經過。|zh
2082|51|23|23|And I will put it into the hand of your cruel masters, and of those whose yoke has been hard on you; who have said to your soul, Down on your face! so that we may go over you: and you have given your backs like the earth, even like the street, for them to go over.|en
2083|52|1|1|錫安哪，興起！興起！披上你的能力！聖城耶路撒冷啊，穿上你華美的衣服！因為從今以後，未受割禮、不潔淨的必不再進入你中間。|zh
2084|52|1|1|Awake! awake! put on your strength, O Zion; put on your beautiful robes, O Jerusalem, the holy town: for from now there will never again come into you the unclean and those without circumcision.|en
2085|52|2|2|耶路撒冷啊，要抖下塵土！起來坐在位上！錫安被擄的居民（原文是女子）哪，要解開你頸項的鎖鍊！|zh
2086|52|2|2|Make yourself clean from the dust; up! and take the seat of your power, O Jerusalem: the bands of your neck are loose, O prisoned daughter of Zion.|en
2087|52|3|3|耶和華如此說：你們是無價被賣的，也必無銀被贖。|zh
2088|52|3|3|For the Lord says, You were given for nothing, and you will be made free without price.|en
2089|52|4|4|主耶和華如此說：起先我的百姓下到埃及，在那裡寄居，又有亞述人無故欺壓他們。|zh
2090|52|4|4|For the Lord God says, My people went down at first into Egypt, to get a place for themselves there: and the Assyrian put a cruel yoke on them without cause.|en
2091|52|5|5|耶和華說：我的百姓既是無價被擄去，如今我在這裡做甚麼呢？耶和華說：轄制他們的人呼叫，我的名整天受褻瀆。|zh
2092|52|5|5|Now then, what have I here? says the Lord, for my people are taken away without cause; they are made waste and give cries of sorrow, says the Lord, and all the day the nations put shame on my name.|en
2093|52|6|6|所以，我的百姓必知道我的名；到那日他們必知道說這話的就是我。看哪，是我！|zh
2094|52|6|6|For this cause I will make my name clear to my people; in that day they will be certain that it is my word which comes to them; see, here am I.|en
2095|52|7|7|那報佳音，傳平安，報好信，傳救恩的，對錫安說：你的神作王了！這人的腳登山何等佳美！|zh
2096|52|7|7|How beautiful on the mountains are the feet of him who comes with good news, who gives word of peace, saying that salvation is near; who says to Zion, Your God is ruling!|en
2097|52|8|8|聽啊，你守望之人的聲音，他們揚起聲來，一同歌唱；因為耶和華歸回錫安的時候，他們必親眼看見。|zh
2098|52|8|8|The voice of your watchmen! their voices are loud in song together; for they will see him, eye to eye, when the Lord comes back to Zion.|en
2099|52|9|9|耶路撒冷的荒場啊，要發起歡聲，一同歌唱；因為耶和華安慰了他的百姓，救贖了耶路撒冷。|zh
2100|52|9|9|Give sounds of joy, make melody together, waste places of Jerusalem: for the Lord has given comfort to his people, he has taken up the cause of Jerusalem.|en
2101|52|10|10|耶和華在萬國眼前露出聖臂；地極的人都看見我們神的救恩了。|zh
2102|52|10|10|The Lord has let his holy arm be seen by the eyes of all nations; and all the ends of the earth will see the salvation of our God.|en
2103|52|11|11|你們離開罷！離開罷！從巴比倫出來。不要沾不潔淨的物；要從其中出來。你們扛抬耶和華器皿的人哪，務要自潔。|zh
2104|52|11|11|Away! away! go out from there, touching no unclean thing; go out from among her; be clean, you who take up the vessels of the Lord.|en
2105|52|12|12|你們出來必不致急忙，也不致奔逃。因為，耶和華必在你們前頭行；以色列的神必作你們的後盾。|zh
2106|52|12|12|For you will not go out suddenly, and you will not go in flight: for the Lord will go before you, and the God of Israel will come after you to keep you.|en
2107|52|13|13|我的僕人行事必有智慧（或譯：行事通達），必被高舉上升，且成為至高。|zh
2108|52|13|13|See, my servant will do well in his undertakings, he will be honoured, and lifted up, and be very high.|en
2109|52|14|14|許多人因他（原文是你）驚奇；他的面貌比別人憔悴；他的形容比世人枯槁。|zh
2110|52|14|14|As peoples were surprised at him, And his face was not beautiful, so as to be desired: his face was so changed by disease as to be unlike that of a man, and his form was no longer that of the sons of men.|en
2111|52|15|15|這樣，他必洗淨（或譯：鼓動）許多國民；君王要向他閉口。因所未曾傳與他們的，他們必看見；未曾聽見的，他們要明白。|zh
2112|52|15|15|So will nations give him honour; kings will keep quiet because of him: for what had not been made clear to them they will see; and they will give their minds to what had not come to their ears.|en
2113|53|1|1|我們所傳的（或譯：所傳與我們的）有誰信呢？耶和華的膀臂向誰顯露呢？|zh
2114|53|1|1|Who would have had faith in the word which has come to our ears, and to whom had the arm of the Lord been unveiled?|en
2115|53|2|2|他在耶和華面前生長如嫩芽，像根出於乾地。他無佳形美容；我們看見他的時候，也無美貌使我們羨慕他。|zh
2116|53|2|2|For his growth was like that of a delicate plant before him, and like a root out of a dry place: he had no grace of form, to give us pleasure;|en
2117|53|3|3|他被藐視，被人厭棄；多受痛苦，常經憂患。他被藐視，好像被人掩面不看的一樣；我們也不尊重他。|zh
2118|53|3|3|Men made sport of him, turning away from him; he was a man of sorrows, marked by disease; and like one from whom men's faces are turned away, he was looked down on, and we put no value on him.|en
2119|53|4|4|他誠然擔當我們的憂患，背負我們的痛苦；我們卻以為他受責罰，被神擊打苦待了。|zh
2120|53|4|4|But it was our pain he took, and our diseases were put on him: while to us he seemed as one diseased, on whom God's punishment had come.|en
2121|53|5|5|哪知他為我們的過犯受害，為我們的罪孽壓傷。因他受的刑罰，我們得平安；因他受的鞭傷，我們得醫治。|zh
2122|53|5|5|But it was for our sins he was wounded, and for our evil doings he was crushed: he took the punishment by which we have peace, and by his wounds we are made well.|en
2123|53|6|6|我們都如羊走迷；各人偏行己路；耶和華使我們眾人的罪孽都歸在他身上。|zh
2124|53|6|6|We all went wandering like sheep; going every one of us after his desire; and the Lord put on him the punishment of us all.|en
2125|53|7|7|他被欺壓，在受苦的時候卻不開口（或譯：他受欺壓，卻自卑不開口）；他像羊羔被牽到宰殺之地，又像羊在剪毛的人手下無聲，他也是這樣不開口。|zh
2126|53|7|7|Men were cruel to him, but he was gentle and quiet; as a lamb taken to its death, and as a sheep before those who take her wool makes no sound, so he said not a word.|en
2127|53|8|8|因受欺壓和審判，他被奪去，至於他同世的人，誰想他受鞭打、從活人之地被剪除，是因我百姓的罪過呢？|zh
2128|53|8|8|They took away from him help and right, and who gave a thought to his fate? for he was cut off from the land of the living: he came to his death for the sin of my people.|en
2129|53|9|9|他雖然未行強暴，口中也沒有詭詐，人還使他與惡人同埋；誰知死的時候與財主同葬。|zh
2130|53|9|9|And they put his body into the earth with sinners, and his last resting-place was with the evil-doers, though he had done no wrong, and no deceit was in his mouth.|en
2131|53|10|10|耶和華卻定意（或譯：喜悅）將他壓傷，使他受痛苦。耶和華以他為贖罪祭（或譯：他獻本身為贖罪祭）。他必看見後裔，並且延長年日。耶和華所喜悅的事必在他手中亨通。|zh
2132|53|10|10|And the Lord was pleased ... see a seed, long life, ... will do well in his hand. ...|en
2133|53|11|11|他必看見自己勞苦的功效，便心滿意足。有許多人因認識我的義僕得稱為義；並且他要擔當他們的罪孽。|zh
2134|53|11|11|... made clear his righteousness before men ... had taken their sins on himself.|en
2135|53|12|12|所以，我要使他與位大的同分，與強盛的均分擄物。因為他將命傾倒，以致於死；他也被列在罪犯之中。他卻擔當多人的罪，又為罪犯代求。|zh
2136|53|12|12|For this cause he will have a heritage with the great, and he will have a part in the goods of war with the strong, because he gave up his life, and was numbered with the evil-doers; taking on himself the sins of the people, and making prayer for the wrongdoers.|en
2137|54|1|1|你這不懷孕、不生養的要歌唱；你這未曾經過產難的要發聲歌唱，揚聲歡呼；因為沒有丈夫的比有丈夫的兒女更多。這是耶和華說的。|zh
2138|54|1|1|Let your voice be loud in song, O woman without children; make melody and sounds of joy, you who did not give birth: for the children of her who had no husband are more than those of the married wife, says the Lord.|en
2139|54|2|2|要擴張你帳幕之地，張大你居所的幔子，不要限止；要放長你的繩子，堅固你的橛子。|zh
2140|54|2|2|Make wide the place of your tent, and let the curtains of your house be stretched out without limit: make your cords long, and your tent-pins strong.|en
2141|54|3|3|因為你要向左向右開展；你的後裔必得多國為業，又使荒涼的城邑有人居住。|zh
2142|54|3|3|For I will make wide your limits on the right hand and on the left; and your seed will take the nations for a heritage, and make the waste towns full of people.|en
2143|54|4|4|不要懼怕，因你必不致蒙羞；也不要抱愧，因你必不致受辱。你必忘記幼年的羞愧，不再記念你寡居的羞辱。|zh
2144|54|4|4|Have no fear; for you will not be shamed or without hope: you will not be put to shame, for the shame of your earlier days will go out of your memory, and you will no longer keep in mind the sorrows of your widowed years.|en
2145|54|5|5|因為造你的是你的丈夫；萬軍之耶和華是他的名。救贖你的是以色列的聖者；他必稱為全地之神。|zh
2146|54|5|5|For your Maker is your husband; the Lord of armies is his name: and the Holy One of Israel is he who takes up your cause; he will be named the God of all the earth.|en
2147|54|6|6|耶和華召你，如召被離棄心中憂傷的妻，就是幼年所娶被棄的妻。這是你神所說的。|zh
2148|54|6|6|For the Lord has made you come back to him, like a wife who has been sent away in grief of spirit; for one may not give up the wife of one's early days.|en
2149|54|7|7|我離棄你不過片時，卻要施大恩將你收回。|zh
2150|54|7|7|For a short time I gave you up; but with great mercies I will take you back again.|en
2151|54|8|8|我的怒氣漲溢，頃刻之間向你掩面，卻要以永遠的慈愛憐恤你。這是耶和華─你的救贖主說的。|zh
2152|54|8|8|In overflowing wrath my face was veiled from you for a minute, but I will have pity on you for ever, says the Lord who takes up your cause.|en
2153|54|9|9|這事在我好像挪亞的洪水。我怎樣起誓不再使挪亞的洪水漫過遍地，我也照樣起誓不再向你發怒，也不斥責你。|zh
2154|54|9|9|For this is like the days of Noah to me: for as I took an oath that the waters of Noah would never again go over the earth, so have I taken an oath that I will not again be angry with you, or say bitter words to you.|en
2155|54|10|10|大山可以挪開，小山可以遷移；但我的慈愛必不離開你；我平安的約也不遷移。這是憐恤你的耶和華說的。|zh
2156|54|10|10|For the mountains may be taken away, and the hills be moved out of their places, but my love will not be taken from you, or my agreement of peace broken, says the Lord, who has had mercy on you.|en
2157|54|11|11|你這受困苦、被風飄蕩不得安慰的人哪，我必以彩色安置你的石頭，以藍寶石立定你的根基；|zh
2158|54|11|11|O troubled one, storm-crushed, uncomforted! see, your stones will be framed in fair colours, and your bases will be sapphires.|en
2159|54|12|12|又以紅寶石造你的女牆，以紅玉造你的城門，以寶石造你四圍的邊界（或譯：外郭）。|zh
2160|54|12|12|I will make your towers of rubies, and your doors of carbuncles, and the wall round you will be of all sorts of beautiful stones.|en
2161|54|13|13|你的兒女都要受耶和華的教訓；你的兒女必大享平安。|zh
2162|54|13|13|And all your builders will be made wise by the Lord; and great will be the peace of your children.|en
2163|54|14|14|你必因公義得堅立，必遠離欺壓，不致害怕；你必遠離驚嚇，驚嚇必不臨近你。|zh
2164|54|14|14|All your rights will be made certain to you: have no fear of evil, and destruction will not come near you.|en
2165|54|15|15|即或有人聚集，卻不由於我；凡聚集攻擊你的，必因你仆倒（或譯：投降你）。|zh
2166|54|15|15|See, they may be moved to war, but not by my authority: all those who come together to make an attack on you, will be broken against you.|en
2167|54|16|16|吹噓炭火、打造合用器械的鐵匠是我所造；殘害人、行毀滅的也是我所造。|zh
2168|54|16|16|See, I have made the iron-worker, blowing on the burning coals, and making the instrument of war by his work; and I have made the waster for destruction.|en
2169|54|17|17|凡為攻擊你造成的器械必不利用；凡在審判時興起用舌攻擊你的，你必定他為有罪。這是耶和華僕人的產業，是他們從我所得的義。這是耶和華說的。|zh
2170|54|17|17|No instrument of war which is formed against you will be of any use; and every tongue which says evil against you will be judged false. This is the heritage of the servants of the Lord, and their righteousness comes from me, says the Lord.|en
2171|55|1|1|你們一切乾渴的都當就近水來；沒有銀錢的也可以來。你們都來，買了吃；不用銀錢，不用價值，也來買酒和奶。|zh
2172|55|1|1|Ho! everyone in need, come to the waters, and he who has no strength, let him get food: come, get bread without money; wine and milk without price.|en
2173|55|2|2|你們為何花錢（原文是平銀）買那不足為食物的？用勞碌得來的買那不使人飽足的呢？你們要留意聽我的話就能吃那美物，得享肥甘，心中喜樂。|zh
2174|55|2|2|Why do you give your money for what is not bread, and the fruit of your work for what will not give you pleasure? Give ear to me, so that your food may be good, and you may have the best in full measure.|en
2175|55|3|3|你們當就近我來；側耳而聽，就必得活。我必與你們立永約，就是應許大衛那可靠的恩典。|zh
2176|55|3|3|Give ear, and come to me, take note with care, so that your souls may have life: and I will make an eternal agreement with you, even the certain mercies of David.|en
2177|55|4|4|我已立他作萬民的見證，為萬民的君王和司令。|zh
2178|55|4|4|See, I have given him as a witness to the peoples, a ruler and a guide to the nations.|en
2179|55|5|5|你素不認識的國民，你也必召來；素不認識你的國民也必向你奔跑，都因耶和華─你的神以色列的聖者，因為他已經榮耀你。|zh
2180|55|5|5|See, you will send for a nation of which you had no knowledge, and those who had no knowledge of you will come running to you, because of the Lord your God, and because of the Holy One of Israel, for he has given you glory.|en
2181|55|6|6|當趁耶和華可尋找的時候尋找他，相近的時候求告他。|zh
2182|55|6|6|Make search for the Lord while he is there, make prayer to him while he is near:|en
2183|55|7|7|惡人當離棄自己的道路；不義的人當除掉自己的意念。歸向耶和華，耶和華就必憐恤他；當歸向我們的神，因為神必廣行赦免。|zh
2184|55|7|7|Let the sinner give up his way, and the evil-doer his purpose: and let him come back to the Lord, and he will have mercy on him; and to our God, for there is full forgiveness with him.|en
2185|55|8|8|耶和華說：我的意念非同你們的意念；我的道路非同你們的道路。|zh
2186|55|8|8|For my thoughts are not your thoughts, or your ways my ways, says the Lord.|en
2187|55|9|9|天怎樣高過地，照樣，我的道路高過你們的道路；我的意念高過你們的意念。|zh
2188|55|9|9|For as the heavens are higher than the earth, so are my ways higher than your ways, and my thoughts than your thoughts.|en
2189|55|10|10|雨雪從天而降，並不返回，卻滋潤地土，使地上發芽結實，使撒種的有種，使要吃的有糧。|zh
2190|55|10|10|For as the rain comes down, and the snow from heaven, and does not go back again, but gives water to the earth, and makes it fertile, giving seed to the planter, and bread for food;|en
2191|55|11|11|我口所出的話也必如此，決不徒然返回，卻要成就我所喜悅的，在我發他去成就（發他去成就：或譯所命定）的事上必然亨通。|zh
2192|55|11|11|So will my word be which goes out of my mouth: it will not come back to me with nothing done, but it will give effect to my purpose, and do that for which I have sent it.|en
2193|55|12|12|你們必歡歡喜喜而出來，平平安安蒙引導。大山小山必在你們面前發聲歌唱；田野的樹木也都拍掌。|zh
2194|55|12|12|For you will go out with joy, and be guided in peace: the mountains and the hills will make melody before you, and all the trees of the fields will make sounds of joy.|en
2195|55|13|13|松樹長出，代替荊棘；番石榴長出，代替蒺藜。這要為耶和華留名，作為永遠的證據，不能剪除。|zh
2196|55|13|13|In place of the thorn will come up the fir-tree, and in place of the blackberry the myrtle: and it will be to the Lord for a name, for an eternal sign which will not be cut off.|en
2197|56|1|1|耶和華如此說：你們當守公平，行公義；因我的救恩臨近，我的公義將要顯現。|zh
2198|56|1|1|The Lord says, Let your way of life be upright, and let your behaviour be rightly ordered: for my salvation is near, and my righteousness will quickly be seen.|en
2199|56|2|2|謹守安息日而不干犯，禁止己手而不作惡；如此行、如此持守的人便為有福。|zh
2200|56|2|2|Happy is the man who does this, and the son of man whose behaviour is so ordered; who keeps the Sabbath holy, and his hand from doing any evil.|en
2201|56|3|3|與耶和華聯合的外邦人不要說：耶和華必定將我從他民中分別出來。太監也不要說：我是枯樹。|zh
2202|56|3|3|And let not the man from a strange country, who has been joined to the Lord, say, The Lord will certainly put a division between me and his people: and let not the unsexed man say, See, I am a dry tree.|en
2203|56|4|4|因為耶和華如此說：那些}謹守我的安息日，揀選我所喜悅的事，持守我約的太監，|zh
2204|56|4|4|For the Lord says, As for the unsexed who keep my Sabbaths, and give their hearts to pleasing me, and keep their agreement with me:|en
2205|56|5|5|我必使他們在我殿中，在我牆內，有記念，有名號，比有兒女的更美。我必賜他們永遠的名，不能剪除。|zh
2206|56|5|5|I will give to them in my house, and inside my walls, a place and a name better than that of sons and daughters; I will give them an eternal name which will not be cut off.|en
2207|56|6|6|還有那些與耶和華聯合的外邦人，要事奉他，要愛耶和華的名，要作他的僕人─就是凡守安息日不干犯，又持守他（原文是我）約的人。|zh
2208|56|6|6|And as for those from a strange country, who are joined to the Lord, to give worship to him and honour to his name, to be his servants, even everyone who keeps the Sabbath holy, and keeps his agreement with me:|en
2209|56|7|7|我必領他們到我的聖山，使他們在禱告我的殿中喜樂。他們的燔祭和平安祭，在我壇上必蒙悅納，因我的殿必稱為萬民禱告的殿。|zh
2210|56|7|7|I will make them come to my holy mountain, and will give them joy in my house of prayer; I will take pleasure in the burned offerings which they make on my altar: for my house will be named a house of prayer for all peoples.|en
2211|56|8|8|主耶和華，就是招聚以色列被趕散的，說：在這被招聚的人以外，我還要招聚別人歸併他們。|zh
2212|56|8|8|The Lord God, who gets together the wandering ones of Israel, says, I will get together others in addition to those of Israel who have come back.|en
2213|56|9|9|田野的諸獸都來吞吃罷！林中的諸獸也要如此。|zh
2214|56|9|9|All you beasts of the field, come together for your meat, even all you beasts of the wood.|en
2215|56|10|10|他看守的人是瞎眼的，都沒有知識，都是啞巴狗，不能叫喚；但知做夢，躺臥，貪睡，|zh
2216|56|10|10|His watchmen are blind, they are all without knowledge; they are all dogs without tongues, unable to make a sound; stretched out dreaming, loving sleep.|en
2217|56|11|11|這些狗貪食，不知飽足。這些牧人不能明白─各人偏行己路，各從各方求自己的利益。|zh
2218|56|11|11|Yes, the dogs are for ever looking for food; while these, the keepers of the sheep, are without wisdom: they have all gone after their pleasure, every one looking for profit; they are all the same.|en
2219|56|12|12|他們說：來罷！我去拿酒，我們飽飲濃酒；明日必和今日一樣，就是宴樂無量極大之日。|zh
2220|56|12|12|Come, they say, I will get wine, and we will take strong drink in full measure; and tomorrow will be like today, full of pleasure.|en
2221|57|1|1|義人死亡，無人放在心上；虔誠人被收去，無人思念。這義人被收去是免了將來的禍患；|zh
2222|57|1|1|The upright man goes to his death, and no one gives a thought to it; and god-fearing men are taken away, and no one is troubled by it; for the upright man is taken away because of evil-doing, and goes into peace.|en
2223|57|2|2|他們得享（原文是進入）平安。素行正直的，各人在墳裡（原文是床上）安歇。|zh
2224|57|2|2|They are at rest in their last resting-places, every one going straight before him.|en
2225|57|3|3|你們這些巫婆的兒子，姦夫和妓女的種子，都要前來！|zh
2226|57|3|3|But come near, you sons of her who is wise in secret arts, the seed of her who is false to her husband, and of the loose woman.|en
2227|57|4|4|你們向誰戲笑？向誰張口吐舌呢？你們豈不是悖逆的兒女，虛謊的種類呢？|zh
2228|57|4|4|Of whom do you make sport? against whom is your mouth open wide and your tongue put out? are you not uncontrolled children, a false seed,|en
2229|57|5|5|你們在橡樹中間，在各青翠樹下慾火攻心；在山谷間，在石穴下殺了兒女；|zh
2230|57|5|5|You who are burning with evil desire among the oaks, under every green tree; putting children to death in the valleys, under the cracks of the rocks?|en
2231|57|6|6|在谷中光滑石頭裡有你的分。這些就是你所得的分；你也向他澆了奠祭，獻了供物，因這事我豈能容忍麼？|zh
2232|57|6|6|Among the smooth stones of the valley is your heritage; they, even they, are your part: even to them have you made a drink offering and a meal offering. Is it possible for such things to be overlooked by me?|en
2233|57|7|7|你在高而又高的山上安設床榻，也上那裡去獻祭。|zh
2234|57|7|7|You have put your bed on a high mountain: there you went up to make your offering.|en
2235|57|8|8|你在門後，在門框後，立起你的紀念；向外人赤露，又上去擴張床榻，與他們立約；你在那裡看見他們的床就甚喜愛。|zh
2236|57|8|8|And on the back of the doors and on the pillars you have put your sign: for you have been false to me with another; you have made your bed wide, and made an agreement with them; you had a desire for their bed where you saw it|en
2237|57|9|9|你把油帶到王那裡，又多加香料，打發使者往遠方去，自卑自賤直到陰間，|zh
2238|57|9|9|And you went to Melech with oil and much perfume, and you sent your representatives far off, and went as low as the underworld.|en
2239|57|10|10|你因路遠疲倦，卻不說這是枉然；你以為有復興之力，所以不覺疲憊。|zh
2240|57|10|10|You were tired with your long journeys; but you did not say, There is no hope: you got new strength, and so you were not feeble.|en
2241|57|11|11|你怕誰？因誰恐懼？竟說謊，不記念我，又不將這事放在心上。我不是許久閉口不言，你仍不怕我麼？|zh
2242|57|11|11|And of whom were you in fear, so that you were false, and did not keep me in mind, or give thought to it? Have I not been quiet, keeping myself secret, and so you were not in fear of me?|en
2243|57|12|12|我要指明你的公義；至於你所行的都必與你無益。|zh
2244|57|12|12|I will make clear what your righteousness is like and your works; you will have no profit in them.|en
2245|57|13|13|你哀求的時候，讓你所聚集的拯救你罷！風要把他們颳散，一口氣要把他們都吹去。但那投靠我的必得地土，必承受我的聖山為業。|zh
2246|57|13|13|Your false gods will not keep you safe in answer to your cry; but the wind will take them, they will be gone like a breath: but he who puts his hope in me will take the land, and will have my holy mountain as his heritage.|en
2247|57|14|14|耶和華要說：你們修築修築，預備道路，將絆腳石從我百姓的路中除掉。|zh
2248|57|14|14|And I will say, Make it high, make it high, get ready the way, take the stones out of the way of my people.|en
2249|57|15|15|因為那至高至上、永遠長存（原文是住在永遠）、名為聖者的如此說：我住在至高至聖的所在，也與心靈痛悔謙卑的人同居；要使謙卑人的靈甦醒，也使痛悔人的心甦醒。|zh
2250|57|15|15|For this is the word of him who is high and lifted up, whose resting-place is eternal, whose name is Holy: my resting-place is in the high and holy place, and with him who is crushed and poor in spirit, to give life to the spirit of the poor, and to make strong the heart of the crushed.|en
2251|57|16|16|我必不永遠相爭，也不長久發怒，恐怕我所造的人與靈性都必發昏。|zh
2252|57|16|16|For I will not give punishment for ever, or be angry without end: for from me breath goes out; and I it was who made the souls.|en
2253|57|17|17|因他貪婪的罪孽，我就發怒擊打他；我向他掩面發怒，他卻仍然隨心背道。|zh
2254|57|17|17|I was quickly angry with his evil ways, and sent punishment on him, veiling my face in wrath: and he went on, turning his heart from me.|en
2255|57|18|18|我看見他所行的道，也要醫治他；又要引導他，使他和那一同傷心的人再得安慰。|zh
2256|57|18|18|I have seen his ways, and I will make him well: I will give him rest, comforting him and his people who are sad.|en
2257|57|19|19|我造就嘴唇的果子；願平安康泰歸與遠處的人，也歸與近處的人；並且我要醫治他。這是耶和華說的。|zh
2258|57|19|19|I will give the fruit of the lips: Peace, peace, to him who is near and to him who is far off, says the Lord; and I will make him well.|en
2259|57|20|20|惟獨惡人，好像翻騰的海，不得平靜；其中的水常湧出污穢和淤泥來。|zh
2260|57|20|20|But the evil-doers are like the troubled sea, for which there is no rest, and its waters send up earth and waste.|en
2261|57|21|21|我的神說：惡人必不得平安！|zh
2262|57|21|21|There is no peace, says my God, for the evil-doers.|en
2263|58|1|1|你要大聲喊叫，不可止息；揚起聲來，好像吹角。向我百姓說明他們的過犯；向雅各家說明他們的罪惡。|zh
2264|58|1|1|Make a loud cry, do not be quiet, let your voice be sounding like a horn, and make clear to my people their evil doings, and to the family of Jacob their sins.|en
2265|58|2|2|他們天天尋求我，樂意明白我的道，好像行義的國民，不離棄他們神的典章，向我求問公義的判語，喜悅親近　神。|zh
2266|58|2|2|Though they make prayer to me every day, and take pleasure in the knowledge of my ways: like a nation which has done righteousness, and has not given up the rules of their God, they make requests to me for the right orders, it is their delight to come near to God.|en
2267|58|3|3|他們說：我們禁食，你為何不看見呢？我們刻苦己心，你為何不理會呢？看哪，你們禁食的日子仍求利益，勒逼人為你們做苦工。|zh
2268|58|3|3|They say, Why have we kept ourselves from food, and you do not see it? why have we kept ourselves from pleasure, and you take no note of it? If, in the days when you keep from food, you take the chance to do your business, and get in your debts;|en
2269|58|4|4|你們禁食，卻互相爭競，以凶惡的拳頭打人。你們今日禁食，不得使你們的聲音聽聞於上。|zh
2270|58|4|4|If keeping from food makes you quickly angry, ready for fighting and giving blows with evil hands; your holy days are not such as to make your voice come to my ears on high.|en
2271|58|5|5|這樣禁食豈是我所揀選、使人刻苦己心的日子麼？豈是叫人垂頭像葦子，用麻布和爐灰鋪在他以下麼？你這可稱為禁食、為耶和華所悅納的日子麼？|zh
2272|58|5|5|Have I given orders for such a day as this? a day for keeping yourselves from pleasure? is it only a question of the bent head, of putting on haircloth, and being seated in the dust? is this what seems to you a holy day, well-pleasing to the Lord?|en
2273|58|6|6|我所揀選的禁食不是要鬆開凶惡的繩，解下軛上的索，使被欺壓的得自由，折斷一切的軛麼？|zh
2274|58|6|6|Is not this the holy day for which I have given orders: to let loose those who have wrongly been made prisoners, to undo the bands of the yoke, and to let the crushed go free, and every yoke be broken?|en
2275|58|7|7|不是要把你的餅分給飢餓的人，將飄流的窮人接到你家中，見赤身的給他衣服遮體，顧恤自己的骨肉而不掩藏麼？|zh
2276|58|7|7|Is it not to give your bread to those in need, and to let the poor who have no resting-place come into your house? to put a robe on the unclothed one when you see him, and not to keep your eyes shut for fear of seeing his flesh?|en
2277|58|8|8|這樣，你的光就必發現如早晨的光，你所得的醫治要速速發明。你的公義必在你前面行；耶和華的榮光必作你的後盾。|zh
2278|58|8|8|Then will light be shining on you like the morning, and your wounds will quickly be well: and your righteousness will go before you, and the glory of the Lord will come after you.|en
2279|58|9|9|那時你求告，耶和華必應允；你呼求，他必說：我在這裡。你若從你中間除掉重軛和指摘人的指頭，並發惡言的事，|zh
2280|58|9|9|Then at the sound of your voice, the Lord will give an answer; at your cry he will say, Here am I. If you take away from among you the yoke, the putting out of the finger of shame, and the evil word;|en
2281|58|10|10|你心若向飢餓的人發憐憫，使困苦的人得滿足，你的光就必在黑暗中發現；你的幽暗必變如正午。|zh
2282|58|10|10|And if you give your bread to those in need of it, so that the troubled one may have his desire; then you will have light in the dark, and your night will be as the full light of the sun:|en
2283|58|11|11|耶和華也必時常引導你，在乾旱之地使你心滿意足，骨頭強壯。你必像澆灌的園子，又像水流不絕的泉源。|zh
2284|58|11|11|And the Lord will be your guide at all times; in dry places he will give you water in full measure, and will make strong your bones; and you will be like a watered garden, and like an ever-flowing spring.|en
2285|58|12|12|那些出於你的人必修造久已荒廢之處；你要建立拆毀累代的根基。你必稱為補破口的，和重修路徑與人居住的。|zh
2286|58|12|12|And your sons will be building again the old waste places: you will make strong the bases of old generations: and you will be named, He who puts up the broken walls, and, He who makes ready the ways for use.|en
2287|58|13|13|你若在安息日掉轉（或譯：謹慎）你的腳步，在我聖日不以操作為喜樂，稱安息日為可喜樂的，稱耶和華的聖日為可尊重的；而且尊敬這日，不辦自己的私事，不隨自己的私意，不說自己的私話，|zh
2288|58|13|13|If you keep the Sabbath with care, not doing your business on my holy day; and if the Sabbath seems to you a delight, and the new moon of the Lord a thing to be honoured; and if you give respect to him by not doing your business, or going after your pleasure, or saying unholy words;|en
2289|58|14|14|你就以耶和華為樂。耶和華要使你乘駕地的高處，又以你祖雅各的產業養育你。這是耶和華親口說的。|zh
2290|58|14|14|Then the Lord will be your delight; and I will put you on the high places of the earth; and I will give you the heritage of Jacob your father: for the mouth of the Lord has said it.|en
2291|59|1|1|耶和華的膀臂並非縮短，不能拯救，耳朵並非發沉，不能聽見，|zh
2292|59|1|1|Truly, the Lord's hand has not become short, so that he is unable to give salvation; and his ear is not shut from hearing:|en
2293|59|2|2|但你們的罪孽使你們與神隔絕；你們的罪惡使他掩面不聽你們。|zh
2294|59|2|2|But your sins have come between you and your God, and by your evil doings his face has been veiled from you, so that he will give you no answer.|en
2295|59|3|3|因你們的手被血沾染，你們的指頭被罪孽沾污，你們的嘴唇說謊言，你們的舌頭出惡語。|zh
2296|59|3|3|For your hands are unclean with blood, and your fingers with sin; your lips have said false things, and your tongue gives out deceit.|en
2297|59|4|4|無一人按公義告狀，無一人憑誠實辨白；都倚靠虛妄，說謊言。所懷的是毒害；所生的是罪孽。|zh
2298|59|4|4|No one puts forward an upright cause, or gives a true decision: their hope is in deceit, and their words are false; they are with child with sin, and give birth to evil.|en
2299|59|5|5|他們菢毒蛇蛋，結蜘蛛網；人吃這蛋必死。這蛋被踏，必出蝮蛇。|zh
2300|59|5|5|They give birth to snake's eggs, and make spider's threads: whoever takes their eggs for food comes to his death, and the egg which is crushed becomes a poison-snake.|en
2301|59|6|6|所結的網不能成為衣服；所做的也不能遮蓋自己。他們的行為都是罪孽；手所做的都是強暴。|zh
2302|59|6|6|Their twisted threads will not make clothing, and their works will give them nothing for covering themselves: their works are works of sin, and violent acts are in their hands.|en
2303|59|7|7|他們的腳奔跑行惡；他們急速流無辜人的血；意念都是罪孽，所經過的路都荒涼毀滅。|zh
2304|59|7|7|Their feet go quickly to evil, and they take delight in the death of the upright; their thoughts are thoughts of sin; wasting and destruction are in their ways.|en
2305|59|8|8|平安的路，他們不知道；所行的事沒有公平。他們為自己修彎曲的路；凡行此路的都不知道平安。|zh
2306|59|8|8|They have no knowledge of the way of peace, and there is no sense of what is right in their behaviour: they have made for themselves ways which are not straight; whoever goes in them has no knowledge of peace.|en
2307|59|9|9|因此，公平離我們遠，公義追不上我們。我們指望光亮，卻是黑暗，指望光明，卻行幽暗。|zh
2308|59|9|9|For this cause our right is far from us, and righteousness does not overtake us: we are looking for light, but there is only the dark; for the shining of the sun, but our way is in the night.|en
2309|59|10|10|我們摸索牆壁，好像瞎子；我們摸索，如同無目之人。我們晌午絆腳，如在黃昏一樣；我們在肥壯人中，像死人一般。|zh
2310|59|10|10|We go on our way, like blind men feeling for the wall, even like those who have no eyes: we are running against things in daylight as if it was evening; our place is in the dark like dead men.|en
2311|59|11|11|我們咆哮如熊，哀鳴如鴿；指望公平，卻是沒有；指望救恩，卻遠離我們。|zh
2312|59|11|11|We make noises of grief, like bears, and sad sounds like doves: we are looking for our right, but it is not there; for salvation, but it is far from us.|en
2313|59|12|12|我們的過犯在你面前增多，罪惡作見證告我們；過犯與我們同在。至於我們的罪孽，我們都知道：|zh
2314|59|12|12|For our evil doings are increased before you, and our sins give witness against us: for our evil doings are with us, and we have knowledge of our sins:|en
2315|59|13|13|就是悖逆、不認識耶和華，轉去不跟從我們的神，說欺壓和叛逆的話，心懷謊言，隨即說出。|zh
2316|59|13|13|We have gone against the Lord, and been false to him, turning away from our God, our words have been uncontrolled, and in our hearts are thoughts of deceit.|en
2317|59|14|14|並且公平轉而退後，公義站在遠處；誠實在街上仆倒，正直也不得進入。|zh
2318|59|14|14|And the right is turned back, and righteousness is far away: for good faith is not to be seen in the public places, and upright behaviour may not come into the town.|en
2319|59|15|15|誠實少見；離惡的人反成掠物。那時，耶和華看見沒有公平，甚不喜悅。|zh
2320|59|15|15|Yes, faith is gone; and he whose heart is turned from evil comes into the power of the cruel: and the Lord saw it, and he was angry that there was no one to take up their cause.|en
2321|59|16|16|他見無人拯救，無人代求，甚為詫異，就用自己的膀臂施行拯救，以公義扶持自己。|zh
2322|59|16|16|And he saw that there was no man, and was surprised that there was no one to take up their cause: so his arm gave salvation, and he made righteousness his support.|en
2323|59|17|17|他以公義為鎧甲（或譯：護心鏡），以拯救為頭盔，以報仇為衣服，以熱心為外袍。|zh
2324|59|17|17|Yes, he put on righteousness as a breastplate, and salvation as a head-dress; and he put on punishment as clothing, and wrath as a robe.|en
2325|59|18|18|他必按人的行為施報，惱怒他的敵人，報復他的仇敵向眾海島施行報應。|zh
2326|59|18|18|He will give them the right reward of their doings, wrath to his attackers, punishment to his haters, and even on the sea-lands he will send punishment.|en
2327|59|19|19|如此，人從日落之處必敬畏耶和華的名，從日出之地也必敬畏他的榮耀；因為仇敵好像急流的河水沖來，是耶和華之氣所驅逐的。|zh
2328|59|19|19|So they will see the name of the Lord from the west, and his glory from the east: for he will come like a rushing stream, forced on by a wind of the Lord.|en
2329|59|20|20|必有一位救贖主來到錫安─雅各族中轉離過犯的人那裡。這是耶和華說的。|zh
2330|59|20|20|And as a saviour he will come to Zion, turning away sin from Jacob, says the Lord.|en
2331|59|21|21|耶和華說：至於我與他們所立的約乃是這樣：我加給你的靈，傳給你的話，必不離你的口，也不離你後裔與你後裔之後裔的口，從今直到永遠；這是耶和華說的。|zh
2332|59|21|21|And as for me, this is my agreement with them, says the Lord: my spirit which is on you, and my words which I have put in your mouth, will not go away from your mouth, or from the mouth of your seed, or from the mouth of your seed's seed, says the Lord, from now and for ever.|en
2333|60|1|1|興起，發光！因為你的光已經來到！耶和華的榮耀發現照耀你。|zh
2334|60|1|1|Up! let your face be bright, for your light has come, and the glory of the Lord is shining on you.|en
2335|60|2|2|看哪，黑暗遮蓋大地，幽暗遮蓋萬民，耶和華卻要顯現照耀你；他的榮耀要現在你身上。|zh
2336|60|2|2|For truly, the earth will be dark, and the peoples veiled in blackest night; but the Lord will be shining on you, and his glory will be seen among you.|en
2337|60|3|3|萬國要來就你的光，君王要來就你發現的光輝。|zh
2338|60|3|3|And nations will come to your light, and kings to your bright dawn.|en
2339|60|4|4|你舉目向四方觀看；眾人都聚集來到你這裡。你的眾子從遠方而來；你的眾女也被懷抱而來。|zh
2340|60|4|4|Let your eyes be lifted up, and see: they are all coming together to you: your sons will come from far, and your daughters taken with loving care.|en
2341|60|5|5|那時，你看見就有光榮；你心又跳動又寬暢；因為大海豐盛的貨物必轉來歸你；列國的財寶也必來歸你。|zh
2342|60|5|5|Then you will see, and be bright with joy, and your heart will be shaking with increase of delight: for the produce of the sea will be turned to you, the wealth of the nations will come to you.|en
2343|60|6|6|成群的駱駝，並米甸和以法的獨峰駝必遮滿你；示巴的眾人都必來到；要奉上黃金乳香，又要傳說耶和華的讚美。|zh
2344|60|6|6|You will be full of camel-trains, even the young camels of Midian and Ephah; all from Sheba will come, with gold and spices, giving word of the great acts of the Lord.|en
2345|60|7|7|基達的羊群都必聚集到你這裡，尼拜約的公羊要供你使用，在我壇上必蒙悅納；我必榮耀我榮耀的殿。|zh
2346|60|7|7|All the flocks of Kedar will come together to you, the sheep of Nebaioth will be ready for your need; they will be pleasing offerings on my altar, and my house of prayer will be beautiful.|en
2347|60|8|8|那些飛來如雲、又如鴿子向窗戶飛回的是誰呢？|zh
2348|60|8|8|Who are these coming like a cloud, like a flight of doves to their windows?|en
2349|60|9|9|眾海島必等候我，首先是他施的船隻，將你的眾子連他們的金銀從遠方一同帶來，都為耶和華─你神的名，又為以色列的聖者，因為他已經榮耀了你。|zh
2350|60|9|9|Vessels of the sea-lands are waiting for me, and the ships of Tarshish first, so that your sons may come from far, and their silver and gold with them, to the place of the name of the Lord your God, and to the Holy One of Israel, because he has made you beautiful.|en
2351|60|10|10|外邦人必建築你的城牆；他們的王必服事你。我曾發怒擊打你，現今卻施恩憐恤你。|zh
2352|60|10|10|And men from strange countries will be building up your walls, and their kings will be your servants: for in my wrath I sent punishment on you, but in my grace I have had mercy on you.|en
2353|60|11|11|你的城門必時常開放，晝夜不關；使人把列國的財物帶來歸你，並將他們的君王牽引而來。|zh
2354|60|11|11|Your doors will be open at all times; they will not be shut day or night; so that men may come into you with the wealth of the nations, with their kings at their head.|en
2355|60|12|12|哪一邦哪一國不事奉你，就必滅亡，也必全然荒廢。|zh
2356|60|12|12|For the nation or kingdom which will not be your servant will come to destruction; such nations will be completely waste.|en
2357|60|13|13|利巴嫩的榮耀，就是松樹、杉樹、黃楊樹，都必一同歸你，為要修飾我聖所之地；我也要使我腳踏之處得榮耀。|zh
2358|60|13|13|The glory of Lebanon will come to you, the cypress, the plane, and the sherbin-tree together, to make my holy place beautiful; and the resting-place of my feet will be full of glory.|en
2359|60|14|14|素來苦待你的，他的子孫都必屈身來就你；藐視你的，都要在你腳下跪拜。他們要稱你為耶和華的城，為以色列聖者的錫安。|zh
2360|60|14|14|And the sons of those who were cruel to you will come before you with bent heads; and those who made sport of you will go down on their faces at your feet; and you will be named, The Town of the Lord, The Zion of the Holy One of Israel.|en
2361|60|15|15|你雖然被撇棄被厭惡，甚至無人經過，我卻使你變為永遠的榮華，成為累代的喜樂。|zh
2362|60|15|15|And though you were turned away from, and hated, and had no helper, I will make you a pride for ever, a joy from generation to generation.|en
2363|60|16|16|你也必吃萬國的奶，又吃君王的奶。你便知道我─耶和華是你的救主，是你的救贖主，雅各的大能者。|zh
2364|60|16|16|And you will take the milk of the nations, flowing from the breast of kings; and you will see that I, the Lord, am your saviour, and he who takes up your cause, the Strong One of Jacob.|en
2365|60|17|17|我要拿金子代替銅，拿銀子代替鐵，拿銅代替木頭，拿鐵代替石頭；並要以和平為你的官長，以公義為你的監督。|zh
2366|60|17|17|In place of brass, I will give gold, and for iron silver, and for wood brass, and for stones iron: and I will make Peace your judge, and Righteousness your overseer.|en
2367|60|18|18|你地上不再聽見強暴的事，境內不再聽見荒涼毀滅的事。你必稱你的牆為拯救，稱你的門為讚美。|zh
2368|60|18|18|Violent acts will no longer be seen in your land, wasting or destruction in your limits; but your walls will be named, Salvation, and your doors Praise.|en
2369|60|19|19|日頭不再作你白晝的光，月亮也不再發光照耀你。耶和華卻要作你永遠的光你神要為你的榮耀。|zh
2370|60|19|19|The sun will not be your light by day, and the moon will no longer be bright for you by night: but the Lord will be to you an eternal light, and your God your glory.|en
2371|60|20|20|你的日頭不再下落；你的月亮也不退縮；因為耶和華必作你永遠的光。你悲哀的日子也完畢了。|zh
2372|60|20|20|Your sun will never again go down, or your moon keep back her light: for the Lord will be your eternal light, and the days of your sorrow will be ended.|en
2373|60|21|21|你的居民都成為義人，永遠得地為業；是我種的栽子，我手的工作，使我得榮耀。|zh
2374|60|21|21|Your people will all be upright, the land will be their heritage for ever; the branch of my planting, the work of my hands, to be for my glory.|en
2375|60|22|22|至小的族要加增千倍；微弱的國必成為強盛。我─耶和華要按定期速成這事。|zh
2376|60|22|22|The smallest of their families will become a thousand, and a small one a strong nation: I, the Lord, will make it come quickly in its time.|en
2377|61|1|1|主耶和華的靈在我身上；因為耶和華用膏膏我，叫我傳好信息給謙卑的人（或譯：傳福音給貧窮的人），差遣我醫好傷心的人，報告被擄的得釋放，被囚的出監牢；|zh
2378|61|1|1|The spirit of the Lord is on me, because I am marked out by him to give good news to the poor; he has sent me to make the broken-hearted well, to say that the prisoners will be made free, and that those in chains will see the light again;|en
2379|61|2|2|報告耶和華的恩年，和我們神報仇的日子；安慰一切悲哀的人，|zh
2380|61|2|2|To give knowledge that the year of the Lord's good pleasure has come, and the day of punishment from our God; to give comfort to all who are sad;|en
2381|61|3|3|賜華冠與錫安悲哀的人，代替灰塵；喜樂油代替悲哀；讚美衣代替憂傷之靈；使他們稱為公義樹，是耶和華所栽的，叫他得榮耀。|zh
2382|61|3|3|To give them a fair head-dress in place of dust, the oil of joy in place of the clothing of grief, praise in place of sorrow; so that they may be named trees of righteousness, the planting of the Lord, and so that he may have glory.|en
2383|61|4|4|他們必修造已久的荒場，建立先前淒涼之處，重修歷代荒涼之城。|zh
2384|61|4|4|And they will be building again the old broken walls, and will make new the old waste places, and will put up again the towns which have been waste for long generations.|en
2385|61|5|5|那時，外人必起來牧放你們的羊群；外邦人必作你們耕種田地的，修理葡萄園的。|zh
2386|61|5|5|And men from strange countries will be your herdsmen, and those who are not Israelites will be your ploughmen and vine-keepers.|en
2387|61|6|6|你們倒要稱為耶和華的祭司；人必稱你們為我們神的僕役。你們必吃用列國的財物，因得他們的榮耀自誇。|zh
2388|61|6|6|But you will be named the priests of the Lord, the servants of our God: you will have the wealth of the nations for your food, and you will be clothed with their glory.|en
2389|61|7|7|你們必得加倍的好處，代替所受的羞辱；分中所得的喜樂，必代替所受的凌辱。在境內必得加倍的產業；永遠之樂必歸與你們（原文是他們）。|zh
2390|61|7|7|As they had twice as much grief, and marks of shame were their heritage, so in their land they will be rewarded twice over, and will have eternal joy.|en
2391|61|8|8|因為我─耶和華喜愛公平，恨惡搶奪和罪孽；我要憑誠實施行報應，並要與我的百姓立永約。|zh
2392|61|8|8|For I, the Lord, take pleasure in upright judging; I will not put up with the violent taking away of right; and I will certainly give them their reward, and I will make an eternal agreement with them.|en
2393|61|9|9|他們的後裔必在列國中被人認識；他們的子孫在眾民中也是如此。凡看見他們的必認他們是耶和華賜福的後裔。|zh
2394|61|9|9|And their seed will be noted among the nations, and their offspring among the peoples: it will be clear to all who see them that they are the seed to which the Lord has given his blessing.|en
2395|61|10|10|我因耶和華大大歡喜；我的心靠神快樂。因他以拯救為衣給我穿上，以公義為袍給我披上，好像新郎戴上華冠，又像新婦佩戴妝飾。|zh
2396|61|10|10|I will be full of joy in the Lord, my soul will be glad in my God; for he has put on me the clothing of salvation, covering me with the robe of righteousness, as the husband puts on a fair head-dress, and the bride makes herself beautiful with jewels.|en
2397|61|11|11|田地怎樣使百穀發芽，園子怎樣使所種的發生，主耶和華必照樣使公義和讚美在萬民中發出。|zh
2398|61|11|11|For as the earth puts out buds, and as the garden gives growth to the seeds which are planted in it, so the Lord will make righteousness and praise to be flowering before all the nations.|en
2399|62|1|1|我因錫安必不靜默，為耶路撒冷必不息聲，直到他的公義如光輝發出，他的救恩如明燈發亮。|zh
2400|62|1|1|Because of Zion I will not keep quiet, and because of Jerusalem I will take no rest, till her righteousness goes out like the shining of the sun, and her salvation like a burning light.|en
2401|62|2|2|列國必見你的公義；列王必見你的榮耀。你必得新名的稱呼，是耶和華親口所起的。|zh
2402|62|2|2|And the nations will see your righteousness, and all kings your glory: and you will have a new name, given by the mouth of the Lord.|en
2403|62|3|3|你在耶和華的手中要作為華冠，在你神的掌上必作為冕旒。|zh
2404|62|3|3|And you will be a fair crown in the hand of the Lord, and a king's head-dress in the hand of your God.|en
2405|62|4|4|你必不再稱為撇棄的；你的地也不再稱為荒涼的。你卻要稱為我所喜悅的；你的地也必稱為有夫之婦。因為耶和華喜悅你，你的地也必歸他。|zh
2406|62|4|4|You will not now be named, She who is given up; and your land will no longer be named, The waste land: but you will have the name, My pleasure is in her, and your land will be named, Married: for the Lord has pleasure in you, and your land will be married.|en
2407|62|5|5|少年人怎樣娶處女，你的眾民（民：原文是子）也要照樣娶你；新郎怎樣喜悅新婦，你的神也要照樣喜悅你。|zh
2408|62|5|5|For as a young man takes a virgin for his wife, so will your maker be married to you: and as a husband has joy in his bride, so will the Lord your God be glad over you.|en
2409|62|6|6|耶路撒冷啊，我在你城上設立守望的，他們晝夜必不靜默。呼籲耶和華的，你們不要歇息，|zh
2410|62|6|6|I have put watchmen on your walls, O Jerusalem; they will not keep quiet day or night: you who are the Lord's recorders, take no rest,|en
2411|62|7|7|也不要使他歇息，直等他建立耶路撒冷，使耶路撒冷在地上成為可讚美的。|zh
2412|62|7|7|And give him no rest, till he puts Jerusalem in her place to be praised in the earth.|en
2413|62|8|8|耶和華指著自己的右手和大能的膀臂起誓說：我必不再將你的五穀給你仇敵作食物；外邦人也不再喝你勞碌得來的新酒。|zh
2414|62|8|8|The Lord has taken an oath by his right hand, and by the arm of his strength, Truly, I will no longer give your grain to be food for your haters; and men of strange countries will not take the wine for which your work has been done:|en
2415|62|9|9|惟有那收割的要吃，並讚美耶和華；那聚斂的要在我聖所的院內喝。|zh
2416|62|9|9|But those who have got in the grain will have it for their food, and will give praise to the Lord; and those who have got in the grapes will take the wine of them in the open places of my holy house.|en
2417|62|10|10|你們當從門經過經過，預備百姓的路；修築修築大道，撿去石頭，為萬民豎立大旗，|zh
2418|62|10|10|Go through, go through the doors; make ready the way of the people; let the highway be lifted up; let the stones be taken away; let a flag be lifted up over the peoples.|en
2419|62|11|11|看哪，耶和華曾宣告到地極，對錫安的居民（原文是女子）說：你的拯救者來到。他的賞賜在他那裡；他的報應在他面前。|zh
2420|62|11|11|The Lord has sent out word to the end of the earth, Say to the daughter of Zion, See, your saviour comes; those whom he has made free are with him, and those to whom he has given salvation go before him.|en
2421|62|12|12|人必稱他們為聖民，為耶和華的贖民；你也必稱為被眷顧、不撇棄的城。|zh
2422|62|12|12|And they will be named, The holy people, Those whose cause has been taken up by the Lord: and you will be named, Desired, A town not given up.|en
2423|63|1|1|這從以東的波斯拉來，穿紅衣服，裝扮華美，能力廣大，大步行走的是誰呢？就是我，是憑公義說話，以大能施行拯救。|zh
2424|63|1|1|Who is this who comes from Edom, with blood-red robes from Bozrah? he whose clothing is fair, stepping with pride in his great strength? I whose glory is in the right, strong for salvation.|en
2425|63|2|2|你的裝扮為何有紅色？你的衣服為何像踹酒醡的呢？|zh
2426|63|2|2|Why is your clothing red, and why are your robes like those of one who is crushing the grapes?|en
2427|63|3|3|我獨自踹酒醡；眾民中無一人與我同在。我發怒將他們踹下，發烈怒將他們踐踏。他們的血濺在我衣服上，並且污染了我一切的衣裳。|zh
2428|63|3|3|I have been crushing the grapes by myself, and of the peoples there was no man with me: in my wrath and in my passion, they were crushed under my feet; and my robes are marked with their life-blood, and all my clothing is red.|en
2429|63|4|4|因為，報仇之日在我心中；救贖我民之年已經來到。|zh
2430|63|4|4|For the day of punishment is in my heart, and the year for the payment of the price for my people has come.|en
2431|63|5|5|我仰望，見無人幫助；我詫異，沒有人扶持。所以，我自己的膀臂為我施行拯救；我的烈怒將我扶持。|zh
2432|63|5|5|And I saw that there was no helper, and I was wondering that no one gave them support: so my arm did the work of salvation, and my wrath was my support.|en
2433|63|6|6|我發怒，踹下眾民；發烈怒，使他們沉醉，又將他們的血倒在地上。|zh
2434|63|6|6|And in my passion the peoples were crushed under my feet, and broken in my wrath, and I put down their strength to the earth.|en
2435|63|7|7|我要照耶和華一切所賜給我們的，提起他的慈愛和美德，並他向以色列家所施的大恩；這恩是照他的憐恤和豐盛的慈愛賜給他們的。|zh
2436|63|7|7|I will give news of the mercies of the Lord, and his great acts, even all the things the Lord has done for us, in his great grace to the house of Israel; even all he has done for us in his unnumbered mercies.|en
2437|63|8|8|他說：他們誠然是我的百姓，不行虛假的子民；這樣，他就作了他們的救主。|zh
2438|63|8|8|For he said, Truly they are my people, children who will not be false: so he was their saviour out of all their trouble.|en
2439|63|9|9|他們在一切苦難中，他也同受苦難；並且他面前的使者拯救他們；他以慈愛和憐憫救贖他們；在古時的日子常保抱他們，懷搋他們。|zh
2440|63|9|9|It was no sent one or angel, but he himself who was their saviour: in his love and in his pity he took up their cause, and he took them in his arms, caring for them all through the years.|en
2441|63|10|10|他們竟悖逆，使主的聖靈擔憂。他就轉作他們的仇敵，親自攻擊他們。|zh
2442|63|10|10|But they went against him, causing grief to his holy spirit: so he was turned against them, and made war on them.|en
2443|63|11|11|那時，他們（原文是他）想起古時的日子─摩西和他百姓，說：將百姓和牧養他全群的人從海裡領上來的在哪裡呢？將他的聖靈降在他們中間的在哪裡呢？|zh
2444|63|11|11|Then the early days came to their minds, the days of Moses his servant: and they said, Where is he who made the keeper of his flock come up from the sea? where is he who put his holy spirit among them,|en
2445|63|12|12|使他榮耀的膀臂在摩西的右手邊行動，在他們前面將水分開，要建立自己永遠的名，|zh
2446|63|12|12|He who made the arm of his glory go at the right hand of Moses, by whom the waters were parted before them, to make himself an eternal name;|en
2447|63|13|13|帶領他們經過深處，如馬行走曠野，使他們不致絆跌的在哪裡呢？|zh
2448|63|13|13|He who made them go through the deep waters, like a horse in the waste land?|en
2449|63|14|14|耶和華的靈使他們得安息，彷彿牲畜下到山谷；照樣，你也引導你的百姓，要建立自己榮耀的名。|zh
2450|63|14|14|Like the cattle which go down into the valley, they went without falling, the spirit of the Lord guiding them: so you went before your people, to make yourself a great name.|en
2451|63|15|15|求你從天上垂顧，從你聖潔榮耀的居所觀看。你的熱心和你大能的作為在哪裡呢？你愛慕的心腸和憐憫向我們止住了。|zh
2452|63|15|15|Let your eyes be looking down from heaven, from your holy and beautiful house: where is your deep feeling, the working of your power? do not keep back the moving of your pity and your mercies:|en
2453|63|16|16|亞伯拉罕雖然不認識我們，以色列也不承認我們，你卻是我們的父。耶和華啊，你是我們的父；從萬古以來，你名稱為我們的救贖主。|zh
2454|63|16|16|For you are our father, though Abraham has no knowledge of us, and Israel gives no thought to us: you, O Lord, are our father; from the earliest days you have taken up our cause.|en
2455|63|17|17|耶和華啊，你為何使我們走差離開你的道，使我們心裡剛硬、不敬畏你呢？求你為你僕人，為你產業支派的緣故，轉回來。|zh
2456|63|17|17|O Lord, why do you send us wandering from your ways, making our hearts hard, so that we have no fear of you? Come back, because of your servants, the tribes of your heritage.|en
2457|63|18|18|你的聖民不過暫時得這產業；我們的敵人已經踐踏你的聖所。|zh
2458|63|18|18|Why have evil men gone over your holy place, so that it has been crushed under the feet of our haters?|en
2459|63|19|19|我們好像你未曾治理的人，又像未曾得稱你名下的人。|zh
2460|63|19|19|We have become as those who were never ruled by you, on whom your name was not named.|en
2461|64|1|1|願你裂天而降；願山在你面前震動─|zh
2462|64|1|1|O let the heavens be broken open and come down, so that the mountains may be shaking before you,|en
2463|64|2|2|好像火燒乾柴，又像火將水燒開，使你敵人知道你的名，使列國在你面前發顫！|zh
2464|64|2|2|As when fire puts the brushwood in flames, or as when water is boiling from the heat of the fire: to make your name feared by your haters, so that the nations may be shaking before you;|en
2465|64|3|3|你曾行我們不能逆料可畏的事。那時你降臨，山嶺在你面前震動。|zh
2466|64|3|3|While you do acts of power for which we are not looking, and which have not come to the ears of men in the past.|en
2467|64|4|4|從古以來，人未曾聽見、未曾耳聞、未曾眼見在你以外有甚麼神為等候他的人行事。|zh
2468|64|4|4|The ear has not had news of, or the eye seen, ... any God but you, working for the man who is waiting for him.|en
2469|64|5|5|你迎接那歡喜行義、記念你道的人；你曾發怒，我們仍犯罪；這景況已久，我們還能得救麼？|zh
2470|64|5|5|Will you not have mercy on him who takes pleasure in doing righteousness, even on those who keep in mind your ways? Truly you were angry, and we went on doing evil, and sinning against you in the past.|en
2471|64|6|6|我們都像不潔淨的人；所有的義都像污穢的衣服。我們都像葉子漸漸枯乾；我們的罪孽好像風把我們吹去。|zh
2472|64|6|6|For we have all become like an unclean person, and all our good acts are like a dirty robe: and we have all become old like a dead leaf, and our sins, like the wind, take us away.|en
2473|64|7|7|並且無人求告你的名；無人奮力抓住你。原來你掩面不顧我們，使我們因罪孽消化。|zh
2474|64|7|7|And there is no one who makes prayer to your name, or who is moved to keep true to you: for your face is veiled from us, and you have given us into the power of our sins.|en
2475|64|8|8|耶和華啊，現在你仍是我們的父！我們是泥，你是窯匠；我們都是你手的工作。|zh
2476|64|8|8|But now, O Lord, you are our father; we are the earth, and you are our maker; and we are all the work of your hand.|en
2477|64|9|9|耶和華啊，求你不要大發震怒，也不要永遠記念罪孽。求你垂顧我們，我們都是你的百姓。|zh
2478|64|9|9|Be not very angry, O Lord, and do not keep our sins in mind for ever: give ear to our prayer, for we are all your people.|en
2479|64|10|10|你的聖邑變為曠野。錫安變為曠野；耶路撒冷成為荒場。|zh
2480|64|10|10|Your holy towns have become a waste, Zion has become a waste, Jerusalem is a mass of broken walls.|en
2481|64|11|11|我們聖潔華美的殿─就是我們列祖讚美你的所在被火焚燒；我們所羨慕的美地盡都荒廢。|zh
2482|64|11|11|Our holy and beautiful house, where our fathers gave praise to you, is burned with fire; and all the things of our desire have come to destruction.|en
2483|64|12|12|耶和華啊，有這些事，你還忍得住麼？你仍靜默使我們深受苦難麼？|zh
2484|64|12|12|In view of all this, will you still do nothing, O Lord? will you keep quiet, and go on increasing our punishment?|en
2485|65|1|1|素來沒有訪問我的，現在求問我；沒有尋找我的，我叫他們遇見；沒有稱為我名下的，我對他們說：我在這裡！我在這裡！|zh
2486|65|1|1|I have been ready to give an answer to those who did not make prayer to me; I have been offering myself to those who were not searching for me; I said, Here am I, here am I, to a nation which gave no respect to my name.|en
2487|65|2|2|我整天伸手招呼那悖逆的百姓；他們隨自己的意念行不善之道。|zh
2488|65|2|2|All day my hands have been stretched out to an uncontrolled people, who go in an evil way, after the purposes of their hearts;|en
2489|65|3|3|這百姓時常當面惹我發怒；在園中獻祭，在壇（原文是磚）上燒香；|zh
2490|65|3|3|A people who make me angry every day, making offerings in gardens, and burning perfumes on bricks.|en
2491|65|4|4|在墳墓間坐著，在隱密處住宿，吃豬肉；他們器皿中有可憎之物做的湯；|zh
2492|65|4|4|Who are seated in the resting-places of the dead, and by night are in the secret places; who take pig's flesh for food, and have the liquid of disgusting things in their vessels.|en
2493|65|5|5|且對人說：你站開罷！不要挨近我，因為我比你聖潔。主說：這些人是我鼻中的煙，是整天燒著的火。|zh
2494|65|5|5|Who say, Keep away, do not come near me, for fear that I make you holy: these are a smoke in my nose, a fire burning all day.|en
2495|65|6|6,7 |看哪，這都寫在我面前。我必不靜默，必施行報應，必將你們的罪孽和你們列祖的罪孽，就是在山上燒香，在岡上褻瀆我的罪孽，一同報應在他們後人懷中，我先要把他們所行的量給他們；這是耶和華說的。|zh
2496|65|6|6|See, it is recorded before me, says the Lord: I will not keep back my hand, till I have sent punishment,|en
2497|65|7|7|For their sins and the sins of their fathers, who were burning perfumes on the mountains, and saying evil things against me on the hills: so I will take the measure of their sins, and will send the punishment for them into their breast.|en
2498|65|8|8|耶和華如此說：葡萄中尋得新酒，人就說：不要毀壞，因為福在其中。我因我僕人的緣故也必照樣而行，不將他們全然毀滅。|zh
2499|65|8|8|This is the word of the Lord: As the new wine is seen in the grapes, and they say, Do not send destruction on it, for a blessing is in it: so will I do for my servants, in order that I may not put an end to them all.|en
2500|65|9|9|我必從雅各中領出後裔，從猶大中領出承受我眾山的。我的選民必承受；我的僕人要在那裡居住。|zh
2501|65|9|9|And I will take a seed out of Jacob, and out of Judah one who will have my mountains for a heritage: and the people I have taken to be mine will have it for themselves, and my servants will have their resting-place there.|en
2502|65|10|10|沙崙平原必成為羊群的圈；亞割谷必成為牛群躺臥之處，都為尋求我的民所得。|zh
2503|65|10|10|And Sharon will be a grass-land for the flocks, and the valley of Achor a resting-place for the herds: for my people whose hearts have been turned back to me.|en
2504|65|11|11|但你們這些離棄耶和華、忘記我的聖山、給時運擺筵席（原文是桌子）、給天命盛滿調和酒的，|zh
2505|65|11|11|But as for you who have given up the Lord, who have no care for my holy mountain, who get ready a table for Chance, and make offerings of mixed wine to Fate;|en
2506|65|12|12|我要命定你們歸在刀下，都必屈身被殺；因為我呼喚，你們沒有答應；我說話，你們沒有聽從；反倒行我眼中看為惡的，揀選我所不喜悅的。|zh
2507|65|12|12|Your fate will be the sword, and you will all go down to death: because when my voice came to you, you made no answer; you did not give ear to my word; but you did what was evil in my eyes, desiring what was not pleasing to me.|en
2508|65|13|13|所以，主耶和華如此說：我的僕人必得吃，你們卻飢餓；我的僕人必得喝，你們卻乾渴；我的僕人必歡喜，你們卻蒙羞。|zh
2509|65|13|13|For this cause says the Lord God, My servants will have food, but you will be in need of food: my servants will have drink, but you will be dry: my servants will have joy, but you will be shamed:|en
2510|65|14|14|我的僕人因心中高興歡呼，你們卻因心中憂愁哀哭，又因心裡憂傷哀號。|zh
2511|65|14|14|My servants will make songs in the joy of their hearts, but you will be crying for sorrow, and making sounds of grief from a broken spirit.|en
2512|65|15|15|你們必留下自己的名，為我選民指著賭咒。主耶和華必殺你們，另起別名稱呼他的僕人。|zh
2513|65|15|15|And your name will become a curse to my people, and the Lord God will put you to death, and give his servants another name:|en
2514|65|16|16|這樣，在地上為自己求福的，必憑真實的神求福；在地上起誓的，必指真實的神起誓。因為，從前的患難已經忘記，也從我眼前隱藏了。|zh
2515|65|16|16|So that he who is requesting a blessing will make use of the name of the true God, and he who takes an oath will do so by the true God; because the past troubles are gone out of mind, and because they are covered from my eyes.|en
2516|65|17|17|看哪！我造新天新地；從前的事不再被記念，也不再追想。|zh
2517|65|17|17|For see, I am making a new heaven and a new earth: and the past things will be gone completely out of mind.|en
2518|65|18|18|你們當因我所造的永遠歡喜快樂；因我造耶路撒冷為人所喜，造其中的居民為人所樂。|zh
2519|65|18|18|But men will be glad and have joy for ever in what I am making; for I am making Jerusalem a delight, and her people a joy.|en
2520|65|19|19|我必因耶路撒冷歡喜，因我的百姓快樂；其中必不再聽見哭泣的聲音和哀號的聲音。|zh
2521|65|19|19|And I will be glad over Jerusalem, and have joy in my people: and the voice of weeping will no longer be sounding in her, or the voice of grief.|en
2522|65|20|20|其中必沒有數日夭亡的嬰孩，也沒有壽數不滿的老者；因為百歲死的仍算孩童，有百歲死的罪人算被咒詛。|zh
2523|65|20|20|No longer will there be there a child whose days are cut short, or an old man whose days have not come to their full measure: for the young man at his death will be a hundred years old, and he whose life is shorter than a hundred years will seem as one cursed.|en
2524|65|21|21|他們要建造房屋，自己居住；栽種葡萄園，吃其中的果子。|zh
2525|65|21|21|And they will be building houses and living in them; planting vine-gardens and getting the fruit of them.|en
2526|65|22|22|他們建造的，別人不得住；他們栽種的，別人不得吃；因為我民的日子必像樹木的日子；我選民親手勞碌得來的必長久享用。|zh
2527|65|22|22|They will no longer be building for the use of others, or planting for others to have the fruit: for the days of my people will be like the days of a tree, and my loved ones will have joy in full measure in the work of their hands.|en
2528|65|23|23|他們必不徒然勞碌，所生產的，也不遭災害，因為都是蒙耶和華賜福的後裔；他們的子孫也是如此。|zh
2529|65|23|23|Their work will not be for nothing, and they will not give birth to children for destruction; for they are a seed to whom the Lord has given his blessing, and their offspring will be with them.|en
2530|65|24|24|他們尚未求告，我就應允；正說話的時候，我就垂聽。|zh
2531|65|24|24|And before they make their request I will give an answer, and while they are still making prayer to me, I will give ear.|en
2532|65|25|25|豺狼必與羊羔同食；獅子必吃草與牛一樣；塵土必作蛇的食物。在我聖山的遍處，這一切都不傷人，不害物。這是耶和華說的。|zh
2533|65|25|25|The wolf and the lamb will take their food together, and the lion will make a meal of grass like the ox: but dust will be the snake's food. There will be no cause of pain or destruction in all my holy mountain, says the Lord.|en
2534|66|1|1|耶和華如此說：天是我的座位；地是我的腳凳。你們要為我造何等的殿宇？哪裡是我安息的地方呢？|zh
2535|66|1|1|The Lord says, Heaven is the seat of my power, and earth is the resting-place for my feet: what sort of house will you make for me, and what place will be my resting-place?|en
2536|66|2|2|耶和華說：這一切都是我手所造的，所以就都有了。但我所看顧的，就是虛心（原文是貧窮）痛悔、因我話而戰兢的人。|zh
2537|66|2|2|For all these things my hand has made, and they are mine, says the Lord; but to this man only will I give attention, to him who is poor and broken in spirit, fearing my word.|en
2538|66|3|3|假冒為善的宰牛，好像殺人，獻羊羔，好像打折狗項，獻供物，好像獻豬血，燒乳香，好像稱頌偶像。這等人揀選自己的道路，心裡喜悅行可憎惡的事。|zh
2539|66|3|3|He who puts an ox to death puts a man to death; he who makes an offering of a lamb puts a dog to death; he who makes a meal offering makes an offering of pig's blood; he who makes an offering of perfumes for a sign gives worship to an image: as they have gone after their desires, and their soul takes pleasure in their disgusting things;|en
2540|66|4|4|我也必揀選迷惑他們的事，使他們所懼怕的臨到他們；因為我呼喚，無人答應；我說話，他們不聽從；反倒行我眼中看為惡的，揀選我所不喜悅的。|zh
2541|66|4|4|So I will go after trouble for them, and will send on them what they are fearing: because no one made answer to my voice, or gave ear to my word; but they did what was evil in my eyes, going after that in which I took no pleasure.|en
2542|66|5|5|你們因耶和華言語戰兢的人當聽他的話：你們的弟兄─就是恨惡你們，因我名趕出你們的，曾說：願耶和華得榮耀，使我們得見你們的喜樂；但蒙羞的究竟是他們！|zh
2543|66|5|5|Give ear to the word of the Lord, you who are in fear at his word: your countrymen, hating you, and driving you out because of my name, have said, Let the Lord's glory be made clear, so that we may see your joy; but they will be put to shame.|en
2544|66|6|6|有喧嘩的聲音出自城中！有聲音出於殿中！是耶和華向仇敵施行報應的聲音！|zh
2545|66|6|6|There is a noise of war from the town, a sound from the Temple, the voice of the Lord giving punishment to his haters.|en
2546|66|7|7|錫安未曾劬勞就生產，未覺疼痛就生出男孩。|zh
2547|66|7|7|Before her pains came, she gave birth; before her pains, she gave birth to a man-child.|en
2548|66|8|8|國豈能一日而生？民豈能一時而產？因為錫安一劬勞便生下兒女，這樣的事誰曾聽見？誰曾看見呢？|zh
2549|66|8|8|When has such a story come to men's ears? who has seen such things? will a land come to birth in one day? will a nation be given birth in a minute? For when Zion's pains came on her, she gave birth to her children straight away.|en
2550|66|9|9|耶和華說：我既使他臨產，豈不使他生產呢？你的神說：我既使他生產，豈能使他閉胎不生呢？|zh
2551|66|9|9|Will I by whom the birth was started, not make it complete? says the Lord. Will I who make children come to birth, let them be kept back? says your God.|en
2552|66|10|10|你們愛慕耶路撒冷的都要與他一同歡喜快樂；你們為他悲哀的都要與他一同樂上加樂；|zh
2553|66|10|10|Have joy with Jerusalem, and be glad with her, all you her lovers: take part in her joy, all you who are sorrowing for her:|en
2554|66|11|11|使你們在他安慰的懷中吃奶得飽，使他們得他豐盛的榮耀，猶如擠奶，滿心喜樂。|zh
2555|66|11|11|So that you may take of the comfort flowing from her breasts, and be delighted with the full measure of her glory.|en
2556|66|12|12|耶和華如此說：我要使平安延及他，好像江河，使列國的榮耀延及他，如同漲溢的河。你們要從中享受（原文是咂）；你們必蒙抱在肋旁，搖弄在膝上。|zh
2557|66|12|12|For the Lord says, See, I will make her peace like a river, and the glory of the nations like an overflowing stream, and she will take her children in her arms, gently caring for them on her knees.|en
2558|66|13|13|母親怎樣安慰兒子，我就照樣安慰你們；你們也必因（或譯：在）耶路撒冷得安慰。|zh
2559|66|13|13|As to one who is comforted by his mother, so will I give you comfort: and you will be comforted in Jerusalem.|en
2560|66|14|14|你們看見，就心中快樂；你們的骨頭必得滋潤像嫩草一樣；而且耶和華的手向他僕人所行的必被人知道；他也要向仇敵發惱恨。|zh
2561|66|14|14|And you will see it and your heart will be glad, and your bones will get new strength, like young grass: and the hand of the Lord will be seen at work for his servants, and his wrath against his haters.|en
2562|66|15|15|看哪，耶和華必在火中降臨；他的車輦像旋風，以烈怒施行報應，以火燄施行責罰；|zh
2563|66|15|15|For the Lord is coming with fire, and his war-carriages will be like the storm-wind; to give punishment in the heat of his wrath, and his passion is like flames of fire.|en
2564|66|16|16|因為耶和華在一切有血氣的人身上，必以火與刀施行審判；被耶和華所殺的必多。|zh
2565|66|16|16|For with fire and sword will the Lord come, judging all the earth, and his sword will be on all flesh: and great numbers will be put to death by him.|en
2566|66|17|17|那些分別為聖、潔淨自己的，進入園內跟在其中一個人的後頭，吃豬肉和倉鼠並可憎之物，他們必一同滅絕；這是耶和華說的。|zh
2567|66|17|17|As for those who keep themselves separate, and make themselves clean in the gardens, going after one in the middle, taking pig's flesh for food, and other disgusting things, such as the mouse: their works and their thoughts will come to an end together, says the Lord.|en
2568|66|18|18|我知道他們的行為和他們的意念。時候將到，我必將萬民萬族（族：原文是舌）聚來，看見我的榮耀，|zh
2569|66|18|18|And I am coming to get together all nations and tongues: and they will come and will see my glory.|en
2570|66|19|19|我要顯神蹟（或譯：記號）在他們中間。逃脫的，我要差到列國去，就是到他施、普勒、拉弓的路德和土巴、雅完，並素來沒有聽見我名聲、沒有看見我榮耀遼遠的海島；他們必將我的榮耀傳揚在列國中。|zh
2571|66|19|19|And I will put a sign among them, and I will send those who are still living to the nations, to Tarshish, Put, and Lud, Meshech and Rosh, Tubal and Javan, to the sea-lands far away, who have not had word of me, or seen my glory; and they will give the knowledge of my glory to the nations.|en
2572|66|20|20|他們必將你們的弟兄從列國中送回，使他們或騎馬，或坐車，坐轎，騎騾子，騎獨峰駝，到我的聖山耶路撒冷，作為供物獻給耶和華，好像以色列人用潔淨的器皿盛供物奉到耶和華的殿中；這是耶和華說的。|zh
2573|66|20|20|And they will take your countrymen out of all the nations for an offering to the Lord, on horses, and in carriages, and in carts, and on asses, and on camels, to my holy mountain Jerusalem, says the Lord, as the children of Israel take their offering in a clean vessel into the house of the Lord.|en
2574|66|21|21|耶和華說：我也必從他們中間取人為祭司，為利未人。|zh
2575|66|21|21|And some of them will I take for priests and Levites, says the Lord.|en
2576|66|22|22|耶和華說：我所要造的新天新地，怎樣在我面前長存；你們的後裔和你們的名字也必照樣長存。|zh
2577|66|22|22|For as the new heaven and the new earth which I will make will be for ever before me, says the Lord, so will your seed and your name be for ever.|en
2578|66|23|23|每逢月朔、安息日，凡有血氣的必來在我面前下拜。這是耶和華說的。|zh
2579|66|23|23|And it will be, that from new moon to new moon, and from Sabbath to Sabbath, all flesh will come to give worship before me, says the Lord.|en
2580|66|24|24|他們必出去觀看那些違背我人的屍首；因為他們的蟲是不死的；他們的火是不滅的；凡有血氣的都必憎惡他們。|zh
2581|66|24|24|And they will go out to see the dead bodies of the men who have done evil against me: for their worm will ever be living, and their fire will never be put out, and they will be a thing of fear to all flesh.|en
