|chapter|sec|no|content|lang
0|1|1|1,2 |提阿非羅大人哪，有好些人提筆作書，述說在我們中間所成就的事，是照傳道的人從起初親眼看見又傳給我們的。|zh
1|1|1|1|As a number of attempts have been made to put together in order an account of those events which took place among us,|en
2|1|2|2|As they were handed down to us by those who saw them from the first and were preachers of the word,|en
3|1|3|3|這些事我既從起頭都詳細考察了，就定意要按著次序寫給你，|zh
4|1|3|3|It seemed good to me, having made observation, with great care, of the direction of events in their order, to put the facts in writing for you, most noble Theophilus;|en
5|1|4|4|使你知道所學之道都是確實的。|zh
6|1|4|4|So that you might have certain knowledge of those things about which you were given teaching.|en
7|1|5|5|當猶太王希律的時候，亞比雅班裡有一個祭司，名叫撒迦利亞；他妻子是亞倫的後人，名叫以利沙伯。|zh
8|1|5|5|In the days of Herod, king of Judaea, there was a certain priest, by name Zacharias, of the order of Abijah; and he had a wife of the family of Aaron, and her name was Elisabeth.|en
9|1|6|6|他們二人在神面前都是義人，遵行主的一切誡命禮儀，沒有可指摘的，|zh
10|1|6|6|They were upright in the eyes of God, keeping all the rules and orders of God, and doing no wrong.|en
11|1|7|7|只是沒有孩子；因為以利沙伯不生育，兩個人又年紀老邁了。|zh
12|1|7|7|And they were without children, because Elisabeth had never given birth, and they were at that time very old.|en
13|1|8|8|撒迦利亞按班次在神面前供祭司的職分，|zh
14|1|8|8|Now it came about that in his turn he was acting as priest before God,|en
15|1|9|9|照祭司的規矩掣籤，得進主殿燒香。|zh
16|1|9|9|And as was the way of the priests, he had to go into the Temple to see to the burning of perfumes.|en
17|1|10|10|燒香的時候，眾百姓在外面禱告。|zh
18|1|10|10|And all the people were offering prayers outside, at the time of the burning of perfumes.|en
19|1|11|11|有主的使者站在香壇的右邊，向他顯現。|zh
20|1|11|11|And he saw an angel of the Lord in his place on the right side of the altar.|en
21|1|12|12|撒迦利亞看見，就驚慌害怕。|zh
22|1|12|12|And Zacharias was troubled when he saw him, and fear came on him.|en
23|1|13|13|天使對他說：撒迦利亞，不要害怕，因為你的祈禱已經被聽見了。你的妻子以利沙伯要給你生一個兒子，你要給他起名叫約翰。|zh
24|1|13|13|But the angel said, Have no fear, Zacharias, for your prayer has come to the ears of God, and your wife Elisabeth will have a son, and his name will be John.|en
25|1|14|14|你必歡喜快樂；有許多人因他出世，也必喜樂。|zh
26|1|14|14|And you will be glad and have great delight; and numbers of people will have joy at his birth.|en
27|1|15|15|他在主面前將要為大，淡酒濃酒都不喝，從母腹裡就被聖靈充滿了。|zh
28|1|15|15|For he will be great in the eyes of the Lord; he will not take wine or strong drink; and he will be full of the Spirit of God from his birth.|en
29|1|16|16|他要使許多以色列人回轉，歸於主─他們的神。|zh
30|1|16|16|And through him great numbers of the children of Israel will be turned to the Lord their God.|en
31|1|17|17|他必有以利亞的心志能力，行在主的前面，叫為父的心轉向兒女，叫悖逆的人轉從義人的智慧，又為主預備合用的百姓。|zh
32|1|17|17|And he will go before his face in the spirit and power of Elijah, turning the hearts of fathers to their children, and wrongdoers to the way of righteousness; to make ready a people whose hearts have been turned to the Lord.|en
33|1|18|18|撒迦利亞對天使說：我憑著甚麼可知道這事呢？我已經老了，我的妻子也年紀老邁了。|zh
34|1|18|18|And Zacharias said to the angel, How may I be certain of this? For I am an old man, and my wife is far on in years.|en
35|1|19|19|天使回答說：我是站在神面前的加百列，奉差而來對你說話，將這好信息報給你。|zh
36|1|19|19|And the angel, answering, said, I am Gabriel, whose place is before God; I have been sent to say these words to you and to give you this good news.|en
37|1|20|20|到了時候，這話必然應驗；只因你不信，你必啞吧，不能說話，直到這事成就的日子。|zh
38|1|20|20|Now, see, you will be without voice or language till the day when these things come about, because you had not faith in my words, which will have effect at the right time.|en
39|1|21|21|百姓等候撒迦利亞，詫異他許久在殿裡。|zh
40|1|21|21|And the people were waiting for Zacharias and were surprised because he was in the Temple for such a long time.|en
41|1|22|22|及至他出來，不能和他們說話，他們就知道他在殿裡見了異象；因為他直向他們打手式，竟成了啞吧。|zh
42|1|22|22|And when he came out he was not able to say anything, and they saw that he had seen a vision in the Temple; and he was making signs to them without words.|en
43|1|23|23|他供職的日子已滿，就回家去了。|zh
44|1|23|23|And when the days of his work in the Temple were ended, he went back to his house.|en
45|1|24|24|這些日子以後，他的妻子以利沙伯懷了孕，就隱藏了五個月，|zh
46|1|24|24|After that time, Elisabeth, being certain that she was to become a mother, kept herself from men's eyes for five months, saying,|en
47|1|25|25|說：主在眷顧我的日子，這樣看待我，要把我在人間的羞恥除掉。|zh
48|1|25|25|The Lord has done this to me, for his eyes were on me, to take away my shame in the eyes of men.|en
49|1|26|26|到了第六個月，天使加百列奉神的差遣往加利利的一座城去，這城名叫拿撒勒，|zh
50|1|26|26|Now in the sixth month the angel Gabriel was sent from God to a town in Galilee, named Nazareth,|en
51|1|27|27|到一個童女那裡，是已經許配大衛家的一個人，名叫約瑟。童女的名字叫馬利亞；|zh
52|1|27|27|To a virgin who was to be married to a man named Joseph, of the family of David; and the name of the virgin was Mary.|en
53|1|28|28|天使進去，對他說：蒙大恩的女子，我問你安，主和你同在了！|zh
54|1|28|28|And the angel came in to her and said, Peace be with you, to whom special grace has been given; the Lord is with you.|en
55|1|29|29|馬利亞因這話就很驚慌，又反復思想這樣問安是甚麼意思。|zh
56|1|29|29|But she was greatly troubled at his words, and said to herself, What may be the purpose of these words?|en
57|1|30|30|天使對他說：馬利亞，不要怕！你在神面前已經蒙恩了。|zh
58|1|30|30|And the angel said to her, Have no fear, Mary, for you have God's approval.|en
59|1|31|31|你要懷孕生子，可以給他起名叫耶穌。|zh
60|1|31|31|And see, you will give birth to a son, and his name will be Jesus.|en
61|1|32|32|他要為大，稱為至高者的兒子；主神要把他祖大衛的位給他。|zh
62|1|32|32|He will be great, and will be named the Son of the Most High: and the Lord God will give him the kingdom of David, his father:|en
63|1|33|33|他要作雅各家的王，直到永遠；他的國也沒有窮盡。|zh
64|1|33|33|He will have rule over the house of Jacob for ever, and of his kingdom there will be no end.|en
65|1|34|34|馬利亞對天使說：我沒有出嫁，怎麼有這事呢？|zh
66|1|34|34|And Mary said to the angel, How may this be, because I have had no knowledge of a man?|en
67|1|35|35|天使回答說：聖靈要臨到你身上，至高者的能力要蔭庇你，因此所要生的聖者必稱為神的兒子（或作：所要生的，必稱為聖，稱為神的兒子）。|zh
68|1|35|35|And the angel in answer said to her, The Holy Spirit will come on you, and the power of the Most High will come to rest on you, and so that which will come to birth will be named holy, Son of God.|en
69|1|36|36|況且你的親戚以利沙伯，在年老的時候也懷了男胎，就是那素來稱為不生育的，現在有孕六個月了。|zh
70|1|36|36|Even now Elisabeth, who is of your family, is to be a mother, though she is old: and this is the sixth month with her who was without children.|en
71|1|37|37|因為，出於神的話，沒有一句不帶能力的。|zh
72|1|37|37|For there is nothing which God is not able to do.|en
73|1|38|38|馬利亞說：我是主的使女，情願照你的話成就在我身上。天使就離開他去了。|zh
74|1|38|38|And Mary said: I am the servant of the Lord; may it be to me as you say. And the angel went away.|en
75|1|39|39|那時候，馬利亞起身，急忙往山地裡去，來到猶大的一座城；|zh
76|1|39|39|Then Mary got up and went quickly into the high lands, to a town of Judah;|en
77|1|40|40|進了撒迦利亞的家，問以利沙伯安。|zh
78|1|40|40|And went into the house of Zacharias and took Elisabeth in her arms.|en
79|1|41|41|以利沙伯一聽馬利亞問安，所懷的胎就在腹裡跳動。以利沙伯且被聖靈充滿，|zh
80|1|41|41|And when the voice of Mary came to the ears of Elisabeth, the baby made a sudden move inside her; then Elisabeth was full of the Holy Spirit,|en
81|1|42|42|高聲喊著說：你在婦女中是有福的！你所懷的胎也是有福的！|zh
82|1|42|42|And she said with a loud voice: May blessing be on you among women, and a blessing on the child of your body.|en
83|1|43|43|我主的母到我這裡來，這是從那裡得的呢？|zh
84|1|43|43|How is it that the mother of my Lord comes to me?|en
85|1|44|44|因為你問安的聲音一入我耳，我腹裡的胎就歡喜跳動。|zh
86|1|44|44|For, truly, when the sound of your voice came to my ears, the baby in my body made a sudden move for joy.|en
87|1|45|45|這相信的女子是有福的！因為主對他所說的話都要應驗。|zh
88|1|45|45|Happy will she be who had faith that the things which the Lord has said to her will be done.|en
89|1|46|46|馬利亞說：我心尊主為大；|zh
90|1|46|46|And Mary said: My soul gives glory to God;|en
91|1|47|47|我靈以神我的救主為樂；|zh
92|1|47|47|My spirit is glad in God my Saviour.|en
93|1|48|48|因為他顧念他使女的卑微；從今以後，萬代要稱我有福。|zh
94|1|48|48|For he has had pity on his servant, though she is poor and lowly placed: and from this hour will all generations give witness to the blessing which has come to me.|en
95|1|49|49|那有權能的，為我成就了大事；他的名為聖。|zh
96|1|49|49|For he who is strong has done great things for me; and holy is his name.|en
97|1|50|50|他憐憫敬畏他的人，直到世世代代。|zh
98|1|50|50|His mercy is for all generations in whom is the fear of him.|en
99|1|51|51|他用膀臂施展大能；那狂傲的人正心裡妄想就被他趕散了。|zh
100|1|51|51|With his arm he has done acts of power; he has put to flight those who have pride in their hearts.|en
101|1|52|52|他叫有權柄的失位，叫卑賤的升高；|zh
102|1|52|52|He has put down kings from their seats, lifting up on high the men of low degree.|en
103|1|53|53|叫飢餓的得飽美食，叫富足的空手回去。|zh
104|1|53|53|Those who had no food he made full of good things; the men of wealth he sent away with nothing in their hands;|en
105|1|54|54|他扶助了他的僕人以色列，|zh
106|1|54|54|His help he has given to Israel, his servant, so that he might keep in mind his mercy to Abraham and his seed for ever,|en
107|1|55|55|為要記念亞伯拉罕和他的後裔，施憐憫直到永遠，正如從前對我們列祖所說的話。|zh
108|1|55|55|As he gave his word to our fathers.|en
109|1|56|56|馬利亞和以利沙伯同住，約有三個月，就回家去了。|zh
110|1|56|56|And Mary was with her for about three months and then went back to her house.|en
111|1|57|57|以利沙伯的產期到了，就生了一個兒子。|zh
112|1|57|57|Now it was time for Elisabeth to give birth, and she had a son.|en
113|1|58|58|鄰里親族聽見主向他大施憐憫，就和他一同歡樂。|zh
114|1|58|58|And it came to the ears of her neighbours and relations that the Lord had been very good to her, and they took part in her joy.|en
115|1|59|59|到了第八日，他們來要給孩子行割禮，並要照他父親的名字叫他撒迦利亞。|zh
116|1|59|59|And on the eighth day they came to see to the circumcision of the child, and they would have given him the name of Zacharias, his father's name;|en
117|1|60|60|他母親說：不可！要叫他約翰。|zh
118|1|60|60|But his mother made answer and said, No, his name is John.|en
119|1|61|61|他們說：你親族中沒有叫這名字的。|zh
120|1|61|61|And they said, Not one of your relations has that name.|en
121|1|62|62|他們就向他父親打手式，問他要叫這孩子甚麼名字。|zh
122|1|62|62|And they made signs to his father, to say what name was to be given to him.|en
123|1|63|63|他要了一塊寫字的板，就寫上，說：他的名字是約翰。他們便都希奇。|zh
124|1|63|63|And he sent for writing materials and put down: His name is John; and they were all surprised.|en
125|1|64|64|撒迦利亞的口立時開了，舌頭也舒展了，就說出話來，稱頌神。|zh
126|1|64|64|And straight away his mouth was open and his tongue was free and he gave praise to God.|en
127|1|65|65|周圍居住的人都懼怕；這一切的事就傳遍了猶太的山地。|zh
128|1|65|65|And fear came on all those who were living round about them: and there was much talk about all these things in all the hill-country of Judaea.|en
129|1|66|66|凡聽見的人都將這事放在心裡，說：這個孩子將來怎麼樣呢？因為有主與他同在。|zh
130|1|66|66|And all who had word of them kept them in their minds and said, What will this child be? For the hand of the Lord was with him.|en
131|1|67|67|他父親撒迦利亞被聖靈充滿了，就預言說：|zh
132|1|67|67|And his father, Zacharias, was full of the Holy Spirit, and with the voice of a prophet said these words:|en
133|1|68|68|主─以色列的神是應當稱頌的！因他眷顧他的百姓，為他們施行救贖，|zh
134|1|68|68|Praise be to the Lord, the God of Israel, for he has come to his people and made them free,|en
135|1|69|69|在他僕人大衛家中，為我們興起了拯救的角，|zh
136|1|69|69|Lifting up a horn of salvation for us in the house of his servant David,|en
137|1|70|70|正如主藉著從創世以來聖先知的口所說的話，|zh
138|1|70|70|(As he said, by the mouth of his holy prophets, from the earliest times,)|en
139|1|71|71|拯救我們脫離仇敵和一切恨我們之人的手，|zh
140|1|71|71|Salvation from those who are against us, and from the hands of those who have hate for us;|en
141|1|72|72|向我們列祖施憐憫，記念他的聖約─|zh
142|1|72|72|To do acts of mercy to our fathers and to keep in mind his holy word,|en
143|1|73|73|就是他對我們祖宗亞伯拉罕所起的誓─|zh
144|1|73|73|The oath which he made to Abraham, our father,|en
145|1|74|74|叫我們既從仇敵手中被救出來，|zh
146|1|74|74|That we, being made free from the fear of those who are against us, might give him worship,|en
147|1|75|75|就可以終身在他面前，坦然無懼的用聖潔、公義事奉他。|zh
148|1|75|75|In righteousness and holy living before him all our days.|en
149|1|76|76|孩子阿！你要稱為至高者的先知；因為你要行在主的前面，預備他的道路，|zh
150|1|76|76|And you, child, will be named the prophet of the Most High: you will go before the face of the Lord, to make ready his ways;|en
151|1|77|77|叫他的百姓因罪得赦，就知道救恩。|zh
152|1|77|77|To give knowledge of salvation to his people, through the forgiveness of sins,|en
153|1|78|78|因我們神憐憫的心腸，叫清晨的日光從高天臨到我們，|zh
154|1|78|78|Because of the loving mercies of our God, by which the dawn from heaven has come to us,|en
155|1|79|79|要照亮坐在黑暗中死蔭裡的人，把我們的腳引到平安的路上。|zh
156|1|79|79|To give light to those in dark places, and in the shade of death, so that our feet may be guided into the way of peace.|en
157|1|80|80|那孩子漸漸長大，心靈強健，住在曠野，直到他顯明在以色列人面前的日子。|zh
158|1|80|80|And the child became tall, and strong in spirit; and he was living in the waste land till the day when he came before the eyes of Israel.|en
159|2|1|1|當那些日子，該撒亞古士督有旨意下來，叫天下人民都報名上冊。|zh
160|2|1|1|Now it came about in those days that an order went out from Caesar Augustus that there was to be a numbering of all the world.|en
161|2|2|2|這是居里扭作敘利亞巡撫的時候，頭一次行報名上冊的事。|zh
162|2|2|2|This was the first numbering, which was made when Quirinius was ruler of Syria.|en
163|2|3|3|眾人各歸各城，報名上冊。|zh
164|2|3|3|And all men went to be numbered, everyone to his town.|en
165|2|4|4|約瑟也從加利利的拿撒勒城上猶太去，到了大衛的城，名叫伯利恆，因他本是大衛一族一家的人，|zh
166|2|4|4|And Joseph went up from Galilee, out of the town of Nazareth, into Judaea, to Beth-lehem, the town of David, because he was of the house and family of David,|en
167|2|5|5|要和他所聘之妻馬利亞一同報名上冊。那時馬利亞的身孕已經重了。|zh
168|2|5|5|To be put on the list with Mary, his future wife, who was about to become a mother.|en
169|2|6|6|他們在那裡的時候，馬利亞的產期到了，|zh
170|2|6|6|And while they were there, the time came for her to give birth.|en
171|2|7|7|就生了頭胎的兒子，用布包起來，放在馬槽裡，因為客店裡沒有地方。|zh
172|2|7|7|And she had her first son; and folding him in linen, she put him to rest in the place where the cattle had their food, because there was no room for them in the house.|en
173|2|8|8|在伯利恆之野地裡有牧羊的人，夜間按著更次看守羊群。|zh
174|2|8|8|And in the same country there were keepers of sheep in the fields, watching over their flock by night.|en
175|2|9|9|有主的使者站在他們旁邊，主的榮光四面照著他們；牧羊的人就甚懼怕。|zh
176|2|9|9|And an angel of the Lord came to them, and the glory of the Lord was shining round about them: and fear came on them.|en
177|2|10|10|那天使對他們說：不要懼怕！我報給你們大喜的信息，是關乎萬民的；|zh
178|2|10|10|And the angel said, Have no fear; for truly, I give you good news of great joy which will be for all the people:|en
179|2|11|11|因今天在大衛的城裡，為你們生了救主，就是主基督。|zh
180|2|11|11|For on this day, in the town of David, a Saviour has come to birth, who is Christ the Lord.|en
181|2|12|12|你們要看見一個嬰孩，包著布，臥在馬槽裡，那就是記號了。|zh
182|2|12|12|And this is the sign to you: you will see a young child folded in linen, in the place where the cattle have their food.|en
183|2|13|13|忽然，有一大隊天兵同那天使讚美神說：|zh
184|2|13|13|And suddenly there was with the angel a great band of spirits from heaven, giving praise to God, and saying,|en
185|2|14|14|在至高之處榮耀歸與神！在地上平安歸與他所喜悅的人（有古卷作：喜悅歸與人）！|zh
186|2|14|14|Glory to God in the highest, and on the earth peace among men with whom he is well pleased.|en
187|2|15|15|眾天使離開他們，升天去了。牧羊的人彼此說：我們往伯利恆去，看看所成的事，就是主所指示我們的。|zh
188|2|15|15|And when the angels had gone away from them into heaven, the keepers of the sheep said to one another, Let us go now to Beth-lehem, and see this thing which has come about, which the Lord has made clear to us.|en
189|2|16|16|他們急忙去了，就尋見馬利亞和約瑟，又有那嬰孩臥在馬槽裡；|zh
190|2|16|16|And they came quickly, and saw Mary and Joseph, and the child in the place where the cattle had their food.|en
191|2|17|17|既然看見，就把天使論這孩子的話傳開了。|zh
192|2|17|17|And when they saw it, they gave them an account of the things which had been said to them about the child.|en
193|2|18|18|凡聽見的，就詫異牧羊之人對他們所說的話。|zh
194|2|18|18|And all those to whose ears it came were full of wonder at the things said by the keepers of the sheep.|en
195|2|19|19|馬利亞卻把這一切的事存在心裡，反復思想。|zh
196|2|19|19|But Mary kept all these words in her heart, and gave much thought to them.|en
197|2|20|20|牧羊的人回去了，因所聽見所看見的一切事，正如天使向他們所說的，就歸榮耀與神，讚美他。|zh
198|2|20|20|Then the keepers of the sheep went back, giving glory and praise to God for all the things which had come to their ears and which they had seen, as it had been said to them.|en
199|2|21|21|滿了八天，就給孩子行割禮，與他起名叫耶穌；這就是沒有成胎以前，天使所起的名。|zh
200|2|21|21|And when, after eight days, the time came for his circumcision, he was named Jesus, the name which the angel had given to him before his birth.|en
201|2|22|22|按摩西律法滿了潔淨的日子，他們帶著孩子上耶路撒冷去，要把他獻與主。|zh
202|2|22|22|And when the necessary days for making them clean by the law of Moses had come to an end, they took him to Jerusalem to give him to the Lord|en
203|2|23|23|（正如主的律法上所記：凡頭生的男子必稱聖歸主；）|zh
204|2|23|23|(As it says in the law of the Lord, Every mother's first male child is to be holy to the Lord),|en
205|2|24|24|又要照主的律法上所說，或用一對班鳩，或用兩隻雛鴿獻祭。|zh
206|2|24|24|And to make an offering, as it is ordered in the law of the Lord, of two doves or other young birds.|en
207|2|25|25|在耶路撒冷有一個人，名叫西面；這人又公義又虔誠，素常盼望以色列的安慰者來到，又有聖靈在他身上。|zh
208|2|25|25|And there was then in Jerusalem a man whose name was Simeon; and he was an upright man, fearing God and waiting for the comfort of Israel: and the Holy Spirit was on him.|en
209|2|26|26|他得了聖靈的啟示，知道自己未死以前，必看見主所立的基督。|zh
210|2|26|26|And he had knowledge, through the Holy Spirit, that he would not see death till he had seen the Lord's Christ.|en
211|2|27|27|他受了聖靈的感動，進入聖殿，正遇見耶穌的父母抱著孩子進來，要照律法的規矩辦理。|zh
212|2|27|27|And full of the Spirit he came into the Temple; and when the father and mother came in with the child Jesus, to do with him what was ordered by the law,|en
213|2|28|28|西面就用手接過他來，稱頌神說：|zh
214|2|28|28|Then he took him in his arms and gave praise to God and said,|en
215|2|29|29|主阿！如今可以照你的話，釋放僕人安然去世；|zh
216|2|29|29|Now you are letting your servant go in peace, O Lord, as you have said;|en
217|2|30|30|因為我的眼睛已經看見你的救恩─|zh
218|2|30|30|For my eyes have seen your salvation,|en
219|2|31|31|就是你在萬民面前所預備的：|zh
220|2|31|31|Which you have made ready before the face of all nations;|en
221|2|32|32|是照亮外邦人的光，又是你民以色列的榮耀。|zh
222|2|32|32|A light of revelation to the Gentiles, and the glory of your people Israel.|en
223|2|33|33|孩子的父母因這論耶穌的話就希奇。|zh
224|2|33|33|And his father and mother were full of wonder at the things which were said about him.|en
225|2|34|34,35 |西面給他們祝福，又對孩子的母親馬利亞說：這孩子被立，是要叫以色列中許多人跌倒，許多人興起；又要作毀謗的話柄，叫許多人心裡的意念顯露出來；你自己的心也要被刀刺透。|zh
226|2|34|34|And Simeon gave them his blessing and said to Mary, his mother, See, this child will be the cause of the downfall and the lifting up of great numbers of people in Israel, and he will be a sign against which hard words will be said;|en
227|2|35|35|(And a sword will go through your heart;) so that the secret thoughts of men may come to light.|en
228|2|36|36|又有女先知，名叫亞拿，是亞設支派法內力的女兒，年紀已經老邁，從作童女出嫁的時候，同丈夫住了七年就寡居了，|zh
229|2|36|36|And there was one, Anna, a woman prophet, the daughter of Phanuel, of the family of Asher (she was very old, and after seven years of married life|en
230|2|37|37|現在已經八十四歲（或作：就寡居了八十四年），並不離開聖殿，禁食祈求，晝夜事奉神。|zh
231|2|37|37|She had been a widow for eighty-four years); she was in the Temple at all times, worshipping with prayers and going without food, night and day.|en
232|2|38|38|正當那時，他進前來稱謝神，將孩子的事對一切盼望耶路撒冷得救贖的人講說。|zh
233|2|38|38|And coming up at that time, she gave praise to God, talking of him to all those who were waiting for the freeing of Jerusalem.|en
234|2|39|39|約瑟和馬利亞照主的律法辦完了一切的事，就回加利利，到自己的城拿撒勒去了。|zh
235|2|39|39|And when they had done all the things which were ordered by the law of the Lord, they went back to Galilee, to Nazareth, the town where they were living.|en
236|2|40|40|孩子漸漸長大，強健起來，充滿智慧，又有神的恩在他身上。|zh
237|2|40|40|And the child became tall and strong and full of wisdom, and the grace of God was on him.|en
238|2|41|41|每年到逾越節，他父母就上耶路撒冷去。|zh
239|2|41|41|And every year his father and mother went to Jerusalem at the feast of the Passover.|en
240|2|42|42|當他十二歲的時候，他們按著節期的規矩上去。|zh
241|2|42|42|And when he was twelve years old, they went up, as their way was, to the feast;|en
242|2|43|43|守滿了節期，他們回去，孩童耶穌仍舊在耶路撒冷。他的父母並不知道，|zh
243|2|43|43|And when the days of the feast came to an end and they were going back, the boy Jesus was still in Jerusalem, but they had no knowledge of it:|en
244|2|44|44|以為他在同行的人中間，走了一天的路程，就在親族和熟識的人中找他，|zh
245|2|44|44|And in the belief that he was with some of their number, they went a day's journey; and after looking for him among their relations and friends,|en
246|2|45|45|既找不著，就回耶路撒冷去找他。|zh
247|2|45|45|And seeing that he was not there, they went back to Jerusalem, to make search for him.|en
248|2|46|46|過了三天，就遇見他在殿裡，坐在教師中間，一面聽，一面問。|zh
249|2|46|46|And after three days they came across him in the Temple, seated among the wise men, giving ear to their words and putting questions to them.|en
250|2|47|47|凡聽見他的，都希奇他的聰明和他的應對。|zh
251|2|47|47|And all to whose ears it came were full of wonder at his knowledge and the answers which he gave.|en
252|2|48|48|他父母看見就很希奇。他母親對他說：我兒！為甚麼向我們這樣行呢？看哪！你父親和我傷心來找你！|zh
253|2|48|48|And when they saw him they were surprised, and his mother said to him, Son, why have you done this to us? see, your father and I have been looking for you with sorrow.|en
254|2|49|49|耶穌說：為甚麼找我呢？豈不知我應當以我父的事為念麼（或作：豈不知我應當在我父的家裡麼）？|zh
255|2|49|49|And he said to them, Why were you looking for me? was it not clear to you that my right place was in my Father's house?|en
256|2|50|50|他所說的這話，他們不明白。|zh
257|2|50|50|And his words seemed strange to them.|en
258|2|51|51|他就同他們下去，回到拿撒勒，並且順從他們。他母親把這一切的事都存在心裡。|zh
259|2|51|51|And he went down with them and came to Nazareth; and did as he was ordered: and his mother kept all these words in her heart.|en
260|2|52|52|耶穌的智慧和身量（或作：年紀），並神和人喜愛他的心，都一齊增長。|zh
261|2|52|52|And Jesus was increasing in wisdom and in years, and in grace before God and men.|en
262|3|1|1|該撒提庇留在位第十五年，本丟彼拉多作猶太巡撫，希律作加利利分封的王，他兄弟腓力作以士利亞和特拉可尼地方分封的王，呂撒聶作亞比利尼分封的王，|zh
263|3|1|1|Now in the fifteenth year of the rule of Tiberius Caesar, Pontius Pilate being ruler of Judaea, and Herod being king of Galilee, his brother Philip king of the country of Ituraea and Trachonitis, and Lysanias king of Abilene,|en
264|3|2|2|亞那和該亞法作大祭司。那時，撒迦利亞的兒子約翰在曠野裡，神的話臨到他。|zh
265|3|2|2|When Annas and Caiaphas were high priests, the word of the Lord came to John, the son of Zacharias, in the waste land.|en
266|3|3|3|他就來到約但河一帶地方，宣講悔改的洗禮，使罪得赦。|zh
267|3|3|3|And he came into all the country round about Jordan, preaching baptism as a sign of forgiveness of sin for those whose hearts were changed.|en
268|3|4|4|正如先知以賽亞書上所記的話，說：在曠野有人聲喊著說：預備主的道，修直他的路！|zh
269|3|4|4|As it says in the book of the words of Isaiah the prophet, The voice of one crying in the waste land, Make ready the way of the Lord, make his roads straight.|en
270|3|5|5|一切山窪都要填滿；大小山岡都要削平！彎彎曲曲的地方要改為正直；高高低低的道路要改為平坦！|zh
271|3|5|5|Every valley will be lifted up, and all the mountains and hills made low, and the twisted will be made straight, and the rough ways smooth;|en
272|3|6|6|凡有血氣的，都要見神的救恩！|zh
273|3|6|6|And all flesh will see the salvation of God.|en
274|3|7|7|約翰對那出來要受他洗的眾人說：毒蛇的種類！誰指示你們逃避將來的忿怒呢？|zh
275|3|7|7|So he said to the people who went out to him for baptism: You offspring of snakes, at whose word are you going in flight from the wrath to come?|en
276|3|8|8|你們要結出果子來，與悔改的心相稱。不要自己心裡說：有亞伯拉罕為我們的祖宗。我告訴你們，神能從這些石頭中，給亞伯拉罕興起子孫來。|zh
277|3|8|8|Make clear by your acts that your hearts have been changed; and do not say to yourselves, We have Abraham for our father: for I say to you that God is able from these stones to make children of Abraham.|en
278|3|9|9|現在斧子已經放在樹根上，凡不結好果子的樹就砍下來，丟在火裡。|zh
279|3|9|9|And even now the axe is put to the root of the trees; and every tree which does not have good fruit will be cut down and put into the fire.|en
280|3|10|10|眾人問他說：這樣，我們當作甚麼呢？|zh
281|3|10|10|And the people put questions to him, saying, What have we to do?|en
282|3|11|11|約翰回答說：有兩件衣裳的，就分給那沒有的；有食物的，也當這樣行。|zh
283|3|11|11|And he made answer and said to them, He who has two coats, let him give to him who has not even one; and he who has food, let him do the same.|en
284|3|12|12|又有稅吏來要受洗，問他說：夫子，我們當作甚麼呢？|zh
285|3|12|12|Then tax-farmers came to him for baptism and said to him, Master, what have we to do?|en
286|3|13|13|約翰說：除了例定的數目，不要多取。|zh
287|3|13|13|And he said to them, Do not make an attempt to get more money than the right amount.|en
288|3|14|14|又有兵丁問他說：我們當作甚麼呢？約翰說：不要以強暴待人，也不要訛詐人，自己有錢糧就當知足。|zh
289|3|14|14|And men of the army put questions to him, saying, And what have we to do? And he said to them, Do no violent acts to any man, and do not take anything without right, and let your payment be enough for you.|en
290|3|15|15|百姓指望基督來的時候，人都心裡猜疑，或者約翰是基督。|zh
291|3|15|15|And while the people were waiting, and all men were questioning in their hearts about John, if he was the Christ or not,|en
292|3|16|16|約翰說：我是用水給你們施洗，但有一位能力比我更大的要來，我就是給他解鞋帶也不配。他要用聖靈與火給你們施洗。|zh
293|3|16|16|John made answer, saying to them all, Truly, I give you baptism with water, but one is coming who is greater than I, whose shoes I am not good enough to undo: he will give you baptism with the Holy Spirit, and with fire:|en
294|3|17|17|他手裡拿著簸箕，要揚淨他的場，把麥子收在倉裡，把糠用不滅的火燒盡了。|zh
295|3|17|17|In whose hand is the instrument with which he will make clean his grain; he will put the good grain in his store, but the waste will be burned in the fire which will never be put out.|en
296|3|18|18|約翰又用許多別的話勸百姓，向他們傳福音。|zh
297|3|18|18|And so comforting them with these and other words, he gave the good news to the people;|en
298|3|19|19|只是分封的王希律，因他兄弟之妻希羅底的緣故，並因他所行的一切惡事，受了約翰的責備；|zh
299|3|19|19|But Herod the king, because John had made a protest on account of Herodias, his brother's wife, and other evil things which Herod had done,|en
300|3|20|20|又另外添了一件，就是把約翰收在監裡。|zh
301|3|20|20|Did this most evil thing of all, and had John shut up in prison.|en
302|3|21|21|眾百姓都受了洗，耶穌也受了洗。正禱告的時候，天就開了，|zh
303|3|21|21|Now it came about that when all the people had been given baptism, Jesus, having had baptism with them, was in prayer, when, the heaven being open,|en
304|3|22|22|聖靈降臨在他身上，形狀彷彿鴿子；又有聲音從天上來，說：你是我的愛子，我喜悅你。|zh
305|3|22|22|The Holy Spirit came down in the form of a dove, and a voice came from heaven, saying, You are my dearly loved Son, with whom I am well pleased.|en
306|3|23|23|耶穌開頭傳道，年紀約有三十歲。依人看來，他是約瑟的兒子；約瑟是希里的兒子；|zh
307|3|23|23|And Jesus at this time was about thirty years old, being the son (as it seemed) of Joseph, the son of Heli,|en
308|3|24|24|希里是瑪塔的兒子；瑪塔是利未的兒子；利未是麥基的兒子；麥基是雅拿的兒子；雅拿是約瑟的兒子；|zh
309|3|24|24|The son of Matthat, the son of Levi, the son of Melchi, the son of Jannai, the son of Joseph,|en
310|3|25|25|約瑟是瑪他提亞的兒子；瑪他提亞是亞摩斯的兒子；亞摩斯是拿鴻的兒子；拿鴻是以斯利的兒子；以斯利是拿該的兒子；|zh
311|3|25|25|The son of Mattathias, the son of Amos, the son of Nahum, the son of Esli, the son of Naggai,|en
312|3|26|26|拿該是瑪押的兒子；瑪押是瑪他提亞的兒子；瑪他提亞是西美的兒子；西美是約瑟的兒子；約瑟是猶大的兒子；猶大是約亞拿的兒子；|zh
313|3|26|26|The son of Maath, the son of Mattathias, the son of Semein, the son of Josech, the son of Joda,|en
314|3|27|27|約亞拿是利撒的兒子；利撒是所羅巴伯的兒子；所羅巴伯是撒拉鐵的兒子；撒拉鐵是尼利的兒子；尼利是麥基的兒子；|zh
315|3|27|27|The son of Joanan, the son of Rhesa, the son of Zerubbabel, the son of Shealtiel, the son of Neri,|en
316|3|28|28|麥基是亞底的兒子；亞底是哥桑的兒子；哥桑是以摩當的兒子；以摩當是珥的兒子；珥是約細的兒子；|zh
317|3|28|28|The son of Melchi, the son of Addi, the son of Cosam, the son of Elmadam, the son of Er,|en
318|3|29|29|約細是以利以謝的兒子；以利以謝是約令的兒子；約令是瑪塔的兒子；瑪塔是利未的兒子；|zh
319|3|29|29|The son of Jesus, the son of Eliezer, the son of Jorim, the son of Matthat, the son of Levi,|en
320|3|30|30|利未是西緬的兒子；西緬是猶大的兒子；猶大是約瑟的兒子；約瑟是約南的兒子；約南是以利亞敬的兒子；|zh
321|3|30|30|The son of Symeon, the son of Judas, the son of Joseph, the son of Jonam, the son of Eliakim,|en
322|3|31|31|以利亞敬是米利亞的兒子；米利亞是買南的兒子；買南是瑪達他的兒子；瑪達他是拿單的兒子；拿單是大衛的兒子；|zh
323|3|31|31|The son of Melea, the son of Menna, the son of Mattatha, the son of Nathan, the son of David,|en
324|3|32|32|大衛是耶西的兒子；耶西是俄備得的兒子；俄備得是波阿斯的兒子；波阿斯是撒門的兒子；撒門是拿順的兒子；|zh
325|3|32|32|The son of Jesse, the son of Obed, the son of Boaz, the son of Salmon, the son of Nahshon,|en
326|3|33|33|拿順是亞米拿達的兒子；亞米拿達是亞蘭的兒子；亞蘭是希斯崙的兒子；希斯崙是法勒斯的兒子；法勒斯是猶大的兒子；|zh
327|3|33|33|The son of Amminadab, the son of Arni, the son of Hezron, the son of Perez, the son of Judah,|en
328|3|34|34|猶大是雅各的兒子；雅各是以撒的兒子；以撒是亞伯拉罕的兒子；亞伯拉罕是他拉的兒子；他拉是拿鶴的兒子；|zh
329|3|34|34|The son of Jacob, the son of Isaac, the son of Abraham, the son of Terah, the son of Nahor,|en
330|3|35|35|拿鶴是西鹿的兒子；西鹿是拉吳的兒子；拉吳是法勒的兒子；法勒是希伯的兒子；希伯是沙拉的兒子；|zh
331|3|35|35|The son of Serug, the son of Reu, the son of Peleg, the son of Eber, the son of Shelah,|en
332|3|36|36|沙拉是該南的兒子；該南是亞法撒的兒子；亞法撒是閃的兒子；閃是挪亞的兒子；挪亞是拉麥的兒子；|zh
333|3|36|36|The son of Cainan, the son of Arphaxad, the son of Shem, the son of Noah, the son of Lamech,|en
334|3|37|37|拉麥是瑪土撒拉的兒子；瑪土撒拉是以諾的兒子；以諾是雅列的兒子；雅列是瑪勒列的兒子；瑪勒列是該南的兒子；該南是以挪士的兒子；|zh
335|3|37|37|The son of Methuselah, the son of Enoch, the son of Jared, the son of Mahalaleel, the son of Cainan,|en
336|3|38|38|以挪士是塞特的兒子；塞特是亞當的兒子；亞當是神的兒子。|zh
337|3|38|38|The son of Enos, the son of Seth, the son of Adam, the son of God.|en
338|4|1|1|耶穌被聖靈充滿，從約但河回來，聖靈將他引到曠野，四十天受魔鬼的試探。|zh
339|4|1|1|And Jesus, full of the Holy Spirit, came back from the Jordan, and was guided by the Spirit in the waste land|en
340|4|2|2|那些日子沒有吃甚麼；日子滿了，他就餓了。|zh
341|4|2|2|For forty days, being tested by the Evil One. And he had no food in those days; and when they came to an end, he was in need of food.|en
342|4|3|3|魔鬼對他說：你若是神的兒子，可以吩咐這塊石頭變成食物。|zh
343|4|3|3|And the Evil One said to him, If you are the Son of God, give orders to this stone to become bread.|en
344|4|4|4|耶穌回答說：經上記著說：人活著不是單靠食物，乃是靠神口裡所出的一切話。|zh
345|4|4|4|And Jesus made answer to him, It has been said in the Writings, Bread is not man's only need.|en
346|4|5|5|魔鬼又領他上了高山，霎時間把天下的萬國都指給他看，|zh
347|4|5|5|And he took him up and let him see all the kingdoms of the earth in a minute of time.|en
348|4|6|6|對他說：這一切權柄、榮華，我都要給你，因為這原是交付我的，我願意給誰就給誰。|zh
349|4|6|6|And the Evil One said, I will give you authority over all these, and the glory of them, for it has been given to me, and I give it to anyone at my pleasure.|en
350|4|7|7|你若在我面前下拜，這都要歸你。|zh
351|4|7|7|If then you will give worship to me, it will all be yours.|en
352|4|8|8|耶穌說：經上記著說：當拜主─你的神，單要事奉他。|zh
353|4|8|8|And Jesus in answer said to him, It has been said in the Writings, Give worship to the Lord your God, and be his servant only.|en
354|4|9|9|魔鬼又領他到耶路撒冷去，叫他站在殿頂（頂：原文是翅）上，對他說：你若是神的兒子，可以從這裡跳下去；|zh
355|4|9|9|And he took him to Jerusalem and put him on the highest point of the Temple and said to him, If you are the Son of God, let yourself go down from here; for it is said in the Writings,|en
356|4|10|10|因為經上記著說：主要為你吩咐他的使者保護你；|zh
357|4|10|10|He will give his angels orders to take care of you:|en
358|4|11|11|他們要用手托著你，免得你的腳碰在石頭上。|zh
359|4|11|11|And, In their hands they will keep you up, so that your foot may not be crushed against a stone.|en
360|4|12|12|耶穌對他說：經上說：不可試探主─你的神。|zh
361|4|12|12|And Jesus made answer and said to him, It is said in the Writings, You may not put the Lord your God to the test.|en
362|4|13|13|魔鬼用完了各樣的試探，就暫時離開耶穌。|zh
363|4|13|13|And when all these tests were ended the Evil One went away from him for a time.|en
364|4|14|14|耶穌滿有聖靈的能力，回到加利利；他的名聲就傳遍了四方。|zh
365|4|14|14|And Jesus came back to Galilee in the power of the Spirit, and the news of him went through all the country round about.|en
366|4|15|15|他在各會堂裡教訓人，眾人都稱讚他。|zh
367|4|15|15|And he was teaching in their Synagogues and all men gave him praise.|en
368|4|16|16|耶穌來到拿撒勒，就是他長大的地方。在安息日，照他平常的規矩進了會堂，站起來要念聖經。|zh
369|4|16|16|And he came to Nazareth, where he had been as a child, and he went, as his way was, into the Synagogue on the Sabbath, and got up to give a reading.|en
370|4|17|17|有人把先知以賽亞的書交給他，他就打開，找到一處寫著說：|zh
371|4|17|17|And the book of the prophet Isaiah was given to him and, opening the book, he came on the place where it is said,|en
372|4|18|18|主的靈在我身上，因為他用膏膏我，叫我傳福音給貧窮的人；差遣我報告：被擄的得釋放，瞎眼的得看見，叫那受壓制的得自由，|zh
373|4|18|18|The Spirit of the Lord is on me, because I am marked out by him to give good news to the poor; he has sent me to make well those who are broken-hearted; to say that the prisoners will be let go, and the blind will see, and to make the wounded free from their chains,|en
374|4|19|19|報告神悅納人的禧年。|zh
375|4|19|19|To give knowledge that the year of the Lord's good pleasure is come.|en
376|4|20|20|於是把書捲起來，交還執事，就坐下。會堂裡的人都定睛看他。|zh
377|4|20|20|And shutting the book he gave it back to the servant and took his seat: and the eyes of all in the Synagogue were fixed on him.|en
378|4|21|21|耶穌對他們說：今天這經應驗在你們耳中了。|zh
379|4|21|21|Then he said to them, Today this word has come true in your hearing.|en
380|4|22|22|眾人都稱讚他，並希奇他口中所出的恩言；又說：這不是約瑟的兒子麼？|zh
381|4|22|22|And they were all giving witness, with wonder, to the words of grace which came from his mouth: and they said, Is not this the son of Joseph?|en
382|4|23|23|耶穌對他們說：你們必引這俗語向我說：醫生，你醫治自己罷！我們聽見你在迦百農所行的事，也當行在你自己家鄉裡；|zh
383|4|23|23|And he said to them, Without doubt you will say to me, Let the medical man make himself well: the things which to our knowledge were done at Capernaum, do them here in your country.|en
384|4|24|24|又說：我實在告訴你們，沒有先知在自己家鄉被人悅納的。|zh
385|4|24|24|And he said to them, Truly I say to you, No prophet is honoured in his country.|en
386|4|25|25|我對你們說實話，當以利亞的時候，天閉塞了三年零六個月，遍地有大饑荒，那時，以色列中有許多寡婦，|zh
387|4|25|25|Truly I say to you, There were a number of widows in Israel in the days of Elijah, when the heaven was shut up for three years and six months and there was no food in the land;|en
388|4|26|26|以利亞並沒有奉差往他們一個人那裡去，只奉差往西頓的撒勒法一個寡婦那裡去。|zh
389|4|26|26|But Elijah was not sent to one of them, but only to Zarephath, in the land of Sidon, to a woman who was a widow.|en
390|4|27|27|先知以利沙的時候，以色列中有許多長大痲瘋的，但內中除了敘利亞國的乃縵，沒有一個得潔淨的。|zh
391|4|27|27|And there were a number of lepers in Israel in the time of Elisha the prophet, and not one of them was made clean, but only Naaman the Syrian.|en
392|4|28|28|會堂裡的人聽見這話，都怒氣滿胸，|zh
393|4|28|28|And all who were in the Synagogue were very angry when these things were said to them.|en
394|4|29|29|就起來攆他出城，他們的城造在山上；他們帶他到山崖，要把他推下去。|zh
395|4|29|29|And they got up and took him out of the town to the edge of the mountain on which their town was, so that they might send him down to his death.|en
396|4|30|30|他卻從他們中間直行，過去了。|zh
397|4|30|30|But he came through them and went on his way.|en
398|4|31|31|耶穌下到迦百農，就是加利利的一座城，在安息日教訓眾人。|zh
399|4|31|31|And he came down to Capernaum, a town of Galilee; and he was giving them teaching on the Sabbath.|en
400|4|32|32|他們很希奇他的教訓，因為他的話裡有權柄。|zh
401|4|32|32|And they were surprised at his teaching, for his word was with authority.|en
402|4|33|33|在會堂裡有一個人，被污鬼的精氣附著，大聲喊叫說：|zh
403|4|33|33|And there was a man in the Synagogue who had an unclean spirit; and he gave a loud cry and said,|en
404|4|34|34|唉！拿撒勒的耶穌，我們與你有甚麼相干？你來滅我們麼？我知道你是誰，乃是神的聖者。|zh
405|4|34|34|Let us be! what have we to do with you, Jesus of Nazareth? have you come to put an end to us? I have knowledge who you are, the Holy One of God.|en
406|4|35|35|耶穌責備他說：不要作聲，從這人身上出來罷！鬼把那人摔倒在眾人中間，就出來了，卻也沒有害他。|zh
407|4|35|35|And Jesus said to him, Be quiet, and come out of him. And when the evil spirit had put him down on the earth in the middle of them, he came out of him, having done him no damage.|en
408|4|36|36|眾人都驚訝，彼此對問說：這是甚麼道理呢？因為他用權柄能力吩咐污鬼，污鬼就出來。|zh
409|4|36|36|And wonder came on them all and they said to one another, What are these words? for with authority and power he gives orders to the evil spirits and they come out.|en
410|4|37|37|於是耶穌的名聲傳遍了周圍地方。|zh
411|4|37|37|And there was much talk about him in all the places round about.|en
412|4|38|38|耶穌出了會堂，進了西門的家。西門的岳母害熱病甚重，有人為他求耶穌。|zh
413|4|38|38|And he got up and went out of the Synagogue and went into the house of Simon. And Simon's wife's mother was very ill with a burning heat; and in answer to their prayers for her|en
414|4|39|39|耶穌站在他旁邊，斥責那熱病，熱就退了。他立刻起來服事他們。|zh
415|4|39|39|He went near her, and with a sharp word he gave orders to the disease and it went away from her; and straight away she got up and took care of their needs.|en
416|4|40|40|日落的時候，凡有病人的，不論害甚麼病，都帶到耶穌那裡。耶穌按手在他們各人身上，醫好他們。|zh
417|4|40|40|And at sundown all those who had anyone ill with any sort of disease, took them to him, and he put his hands on every one of them and made them well.|en
418|4|41|41|又有鬼從好些人身上出來，喊著說：你是神的兒子。耶穌斥責他們，不許他們說話。因為他們知道他是基督。|zh
419|4|41|41|And evil spirits came out of a number of them, crying out and saying, You are the Son of God. But he gave them sharp orders not to say a word, because they had knowledge that he was the Christ.|en
420|4|42|42|天亮的時候，耶穌出來，走到曠野地方。眾人去找他，到了他那裡，要留住他，不要他離開他們。|zh
421|4|42|42|And when it was day, he came out and went to a waste place; and great numbers of people came looking for him, and they came to him and would have kept him from going away.|en
422|4|43|43|但耶穌對他們說：我也必須在別城傳神國的福音，因我奉差原是為此。|zh
423|4|43|43|But he said to them, I have to give the good news of the kingdom of God in other towns, because that is why I was sent.|en
424|4|44|44|於是耶穌在加利利的各會堂傳道。|zh
425|4|44|44|And he was teaching in the Synagogues of Galilee.|en
426|5|1|1|耶穌站在革尼撒勒湖邊，眾人擁擠他，要聽神的道。|zh
427|5|1|1|Now it came about that while the people came pushing to be near him, and to have knowledge of the word of God, he was by a wide stretch of water named Gennesaret;|en
428|5|2|2|他見有兩隻船灣在湖邊；打魚的人卻離開船洗網去了。|zh
429|5|2|2|And he saw two boats by the edge of the water, but the fishermen had gone out of them and were washing their nets.|en
430|5|3|3|有一隻船是西門的，耶穌就上去，請他把船撐開，稍微離岸，就坐下，從船上教訓眾人。|zh
431|5|3|3|And he got into one of the boats, the property of Simon, and made a request to him to go a little way out from the land. And being seated he gave the people teaching from the boat.|en
432|5|4|4|講完了，對西門說：把船開到水深之處，下網打魚。|zh
433|5|4|4|And when his talk was ended, he said to Simon, Go out into deep water, and let down your nets for fish.|en
434|5|5|5|西門說：夫子，我們整夜勞力，並沒有打著甚麼。但依從你的話，我就下網。|zh
435|5|5|5|And Simon, answering, said, Master, we were working all night and we took nothing: but at your word I will let down the nets.|en
436|5|6|6|他們下了網，就圈住許多魚，網險些裂開，|zh
437|5|6|6|And when they had done this, they got such a great number of fish that it seemed as if their nets would be broken;|en
438|5|7|7|便招呼那隻船上的同伴來幫助。他們就來，把魚裝滿了兩隻船，甚至船要沉下去。|zh
439|5|7|7|And they made signs to their friends in the other boat to come to their help. And they came, and the two boats were so full that they were going down.|en
440|5|8|8|西門彼得看見，就俯伏在耶穌膝前，說：主阿！離開我，我是個罪人！|zh
441|5|8|8|But Simon, when he saw it, went down at the knees of Jesus and said, Go away from me, O Lord, for I am a sinner.|en
442|5|9|9|他和一切同在的人都驚訝這一網所打的魚。|zh
443|5|9|9|For he was full of wonder and so were all those who were with him, at the number of fish which they had taken;|en
444|5|10|10|他的夥伴西庇太的兒子雅各、約翰，也是這樣。耶穌對西門說：不要怕！從今以後，你要得人了。|zh
445|5|10|10|And so were James and John, the sons of Zebedee, who were working with Simon. And Jesus said to Simon, Have no fear; from this time forward you will be a fisher of men.|en
446|5|11|11|他們把兩隻船攏了岸，就撇下所有的，跟從了耶穌。|zh
447|5|11|11|And when they had got their boats to the land, they gave up everything and went after him.|en
448|5|12|12|有一回，耶穌在一個城裡，有人滿身長了大痲瘋，看見他，就俯伏在地，求他說：主若肯，必能叫我潔淨了。|zh
449|5|12|12|And it came about that while he was in one of the towns, there was a leper there: and when he saw Jesus he went down on his face in prayer to him, saying, Lord, if it is your pleasure, you have power to make me clean.|en
450|5|13|13|耶穌伸手摸他，說：我肯，你潔淨了罷！大痲瘋立刻就離了他的身。|zh
451|5|13|13|And he put out his hand to him and said, It is my pleasure; be clean. And straight away his disease went from him.|en
452|5|14|14|耶穌囑咐他：你切不可告訴人，只要去把身體給祭司察看，又要為你得了潔淨，照摩西所吩咐的獻上禮物，對眾人作證據。|zh
453|5|14|14|And he gave him orders: Say nothing to any man, but let the priest see you and give an offering so that you may be made clean, as the law of Moses says, and for a witness to them.|en
454|5|15|15|但耶穌的名聲越發傳揚出去。有極多的人聚集來聽道，也指望醫治他們的病。|zh
455|5|15|15|But news of him went out all the more, in every direction, and great numbers of people came together to give hearing to his words and to be made well from their diseases.|en
456|5|16|16|耶穌卻退到曠野去禱告。|zh
457|5|16|16|But he went away by himself to a waste place for prayer.|en
458|5|17|17|有一天，耶穌教訓人，有法利賽人和教法師在旁邊坐著；他們是從加利利各鄉村和猶太並耶路撒冷來的。主的能力與耶穌同在，使他能醫治病人。|zh
459|5|17|17|And it came about that on one of these days he was teaching; and some Pharisees and teachers of the law were seated there, who had come from every town of Galilee and Judaea and from Jerusalem; and the power of the Lord was with him, to make those who were ill free from their diseases.|en
460|5|18|18|有人用褥子抬著一個癱子，要抬進去放在耶穌面前，|zh
461|5|18|18|And some men had with them, on a bed, a man who was ill, without power of moving; and they made attempts to get him in and put him before Jesus.|en
462|5|19|19|卻因人多，尋不出法子抬進去，就上了房頂，從瓦間把他連褥子縋到當中，正在耶穌面前。|zh
463|5|19|19|And because of the mass of people, there was no way to get him in; so they went up on the top of the house and let him down through the roof, on his bed, into the middle in front of Jesus.|en
464|5|20|20|耶穌見他們的信心，就對癱子說：你的罪赦了。|zh
465|5|20|20|And seeing their faith he said, Man, you have forgiveness for your sins.|en
466|5|21|21|文士和法利賽人就議論說：這說僭妄話的是誰？除了神以外，誰能赦罪呢？|zh
467|5|21|21|And the scribes and Pharisees were having an argument, saying, Who is this, who has no respect for God? who is able to give forgiveness for sins, but God only?|en
468|5|22|22|耶穌知道他們所議論的，就說：你們心裡議論的是甚麼呢？|zh
469|5|22|22|But Jesus, who had knowledge of their thoughts, said to them, Why are you reasoning in your hearts?|en
470|5|23|23|或說你的罪赦了，或說你起來行走，那一樣容易呢？|zh
471|5|23|23|Which is the simpler: to say, You have forgiveness for your sins; or to say, Get up and go?|en
472|5|24|24|但要叫你們知道，人子在地上有赦罪的權柄。就對癱子說：我吩咐你，起來，拿你的褥子回家去罷！|zh
473|5|24|24|But so that you may see that on earth the Son of man has authority for the forgiveness of sins, (he said to the man who was ill,) I say to you, Get up, and take up your bed, and go into your house.|en
474|5|25|25|那人當眾人面前立刻起來，拿著他所躺臥的褥子回家去，歸榮耀與神。|zh
475|5|25|25|And straight away he got up before them, and took up his bed and went away to his house giving praise to God.|en
476|5|26|26|眾人都驚奇，也歸榮耀與神，並且滿心懼怕，說：我們今日看見非常的事了。|zh
477|5|26|26|And wonder overcame them all, and they gave glory to God; and they were full of fear, saying, We have seen strange things today.|en
478|5|27|27|這事以後，耶穌出去，看見一個稅吏，名叫利未，坐在稅關上，就對他說：你跟從我來。|zh
479|5|27|27|And after these things he went out, and saw Levi, a tax-farmer, seated at the place where taxes were taken, and said to him, Come after me.|en
480|5|28|28|他就撇下所有的，起來，跟從了耶穌。|zh
481|5|28|28|And giving up his business, he got up and went after him.|en
482|5|29|29|利未在自己家裡為耶穌大擺筵席，有許多稅吏和別人與他們一同坐席。|zh
483|5|29|29|And Levi made a great feast for him in his house: and a great number of tax-farmers and others were seated at table with them.|en
484|5|30|30|法利賽人和文士就向耶穌的門徒發怨言說：你們為甚麼和稅吏並罪人一同吃喝呢？|zh
485|5|30|30|And the Pharisees and their scribes made protests against his disciples, saying, Why do you take food and drink with tax-farmers and sinners?|en
486|5|31|31|耶穌對他們說：無病的人用不著醫生；有病的人才用得著。|zh
487|5|31|31|And Jesus, answering, said to them, Those who are well have no need of a medical man, but those who are ill.|en
488|5|32|32|我來本不是召義人悔改，乃是召罪人悔改。|zh
489|5|32|32|I have come, not to get the upright, but sinners, so that they may be turned from their sins.|en
490|5|33|33|他們說：約翰的門徒屢次禁食祈禱，法利賽人的門徒也是這樣；惟獨你的門徒又吃又喝。|zh
491|5|33|33|And they said to him, The disciples of John frequently go without food, and make prayers, and so do the disciples of the Pharisees; but your disciples take food and drink.|en
492|5|34|34|耶穌對他們說：新郎和陪伴之人同在的時候，豈能叫陪伴之人禁食呢？|zh
493|5|34|34|And Jesus said, Are you able to make the friends of the newly-married man go without food when he is with them?|en
494|5|35|35|但日子將到，新郎要離開他們，那日他們就要禁食了。|zh
495|5|35|35|But the days will come when he will be taken away from them, and then they will go without food.|en
496|5|36|36|耶穌又設一個比喻，對他們說：沒有人把新衣服撕下一塊來補在舊衣服上；若是這樣，就把新的撕破了，並且所撕下來的那塊新的和舊的也不相稱。|zh
497|5|36|36|And he said to them, in a story, No man takes a bit of cloth from a new coat and puts it on to an old coat, for so the new coat would be damaged and the bit from the new would not go well with the old.|en
498|5|37|37|也沒有人把新酒裝在舊皮袋裡；若是這樣，新酒必將皮袋裂開，酒便漏出來，皮袋也就壞了。|zh
499|5|37|37|And no man puts new wine into old wine-skins, for fear that the skins will be burst by the new wine, and the wine be let out, and the skins come to destruction.|en
500|5|38|38|但新酒必須裝在新皮袋裡。|zh
501|5|38|38|But new wine has to be put into new wine-skins.|en
502|5|39|39|沒有人喝了陳酒又想喝新的；他總說陳的好。|zh
503|5|39|39|And no man, having had old wine, has any desire for new, for he says, The old is better.|en
504|6|1|1|有一個安息日，耶穌從麥地經過。他的門徒掐了麥穗，用手搓著吃。|zh
505|6|1|1|Now it came about that on the Sabbath he was going through the fields of grain, and his disciples took the heads of the grain for food, crushing them in their hands.|en
506|6|2|2|有幾個法利賽人說：你們為甚麼作安息日不可作的事呢？|zh
507|6|2|2|But some of the Pharisees said, Why do you do what it is not right to do on the Sabbath?|en
508|6|3|3|耶穌對他們說：經上記著大衛和跟從他的人飢餓之時所作的事，連這個你們也沒有念過麼？|zh
509|6|3|3|And Jesus said, Have you not seen in the Writings what David did when he was in need of food, he, and those who were with him;|en
510|6|4|4|他怎麼進了神的殿，拿陳設餅吃，又給跟從的人吃？這餅除了祭司以外，別人都不可吃。|zh
511|6|4|4|How he went into the house of God and took for food the holy bread, which only the priests may take, and gave it to those who were with him?|en
512|6|5|5|又對他們說：人子是安息日的主。|zh
513|6|5|5|And he said, The Son of man is lord even of the Sabbath.|en
514|6|6|6|又有一個安息日，耶穌進了會堂教訓人，在那裡有一個人右手枯乾了。|zh
515|6|6|6|And it came about, on another Sabbath, that he went into the Synagogue and was teaching there. And a man was there whose right hand was dead.|en
516|6|7|7|文士和法利賽人窺探耶穌，在安息日治病不治病，要得把柄去告他。|zh
517|6|7|7|And the scribes and Pharisees were watching him to see if he would make him well on the Sabbath, so that they might be able to say something against him.|en
518|6|8|8|耶穌卻知道他們的意念，就對那枯乾一隻手的人說：起來！站在當中。那人就起來，站著。|zh
519|6|8|8|But he had knowledge of their thoughts; and he said to the man whose hand was dead, Get up and come into the middle. And he got up and came forward.|en
520|6|9|9|耶穌對他們說：我問你們，在安息日行善行惡，救命害命，那樣是可以的呢？|zh
521|6|9|9|And Jesus said, I put the question to you, Is it right to do good on the Sabbath or to do evil? to give life or to take it away?|en
522|6|10|10|他就周圍看著他們眾人，對那人說：伸出手來！他把手一伸，手就復了原。|zh
523|6|10|10|And looking round on all of them, he said to him, Put out your hand. And he did so: and his hand was made well.|en
524|6|11|11|他們就滿心大怒，彼此商議怎樣處治耶穌。|zh
525|6|11|11|But they were full of wrath, and were talking together about what they might do to Jesus.|en
526|6|12|12|那時，耶穌出去，上山禱告，整夜禱告神；|zh
527|6|12|12|And it came about in those days that he went out to the mountain for prayer; and he was all night in prayer to God.|en
528|6|13|13|到了天亮，叫他的門徒來，就從他們中間挑選十二個人，稱他們為使徒。|zh
529|6|13|13|And the day came and, turning to his disciples, he made a selection from among them of twelve, to whom he gave the name of Apostles;|en
530|6|14|14|這十二個人有西門，耶穌又給他起名叫彼得，還有他兄弟安得烈，又有雅各和約翰，腓力和巴多羅買，|zh
531|6|14|14|Simon, to whom he gave the name of Peter, and Andrew, his brother, and James and John and Philip and Bartholomew|en
532|6|15|15|馬太和多馬，亞勒腓的兒子雅各和奮銳黨的西門，|zh
533|6|15|15|And Matthew and Thomas and James, the son of Alphaeus, and Simon, who was named the Zealot,|en
534|6|16|16|雅各的兒子（或作：兄弟）猶大，和賣主的加略人猶大。|zh
535|6|16|16|And Judas, the son of James, and Judas Iscariot, he who was false to him.|en
536|6|17|17|耶穌和他們下了山，站在一塊平地上；同站的有許多門徒，又有許多百姓，從猶太全地和耶路撒冷，並推羅、西頓的海邊來，都要聽他講道，又指望醫治他們的病；|zh
537|6|17|17|And he came down with them to a level place, and a great band of his disciples, and a very great number of people from all Judaea and Jerusalem and from the parts of Tyre and Sidon by the sea, came to give hearing to him, and to be made well from their diseases;|en
538|6|18|18|還有被污鬼纏磨的，也得了醫治。|zh
539|6|18|18|And those who were troubled with unclean spirits were made well.|en
540|6|19|19|眾人都想要摸他；因為有能力從他身上發出來，醫好了他們。|zh
541|6|19|19|And all the people were desiring to be touched by him, for power came from him and made them all well.|en
542|6|20|20|耶穌舉目看著門徒，說：你們貧窮的人有福了！因為神的國是你們的。|zh
543|6|20|20|And turning his eyes to his disciples he said, Happy are you who are poor: for the kingdom of God is yours.|en
544|6|21|21|你們飢餓的人有福了！因為你們將要飽足。你們哀哭的人有福了！因為你們將要喜笑。|zh
545|6|21|21|Happy are you who are in need of food now: for you will be made full. Happy are you who are weeping now; for you will be glad.|en
546|6|22|22|人為人子恨惡你們，拒絕你們，辱罵你們，棄掉你們的名，以為是惡，你們就有福了！|zh
547|6|22|22|Happy are you, when men have hate for you, and put you away from among them and say angry words to you, turning away in disgust at your name, because of the Son of man.|en
548|6|23|23|當那日，你們要歡喜跳躍，因為你們在天上的賞賜是大的。他們的祖宗待先知也是這樣。|zh
549|6|23|23|Be glad in that day, and be lifted up for joy, for your reward in heaven will be great: for their fathers did these same things to the prophets.|en
550|6|24|24|但你們富足的人有禍了！因為你們受過你們的安慰。|zh
551|6|24|24|But unhappy are you who have wealth: for you have been comforted now.|en
552|6|25|25|你們飽足的人有禍了！因為你們將要飢餓。你們喜笑的人有禍了！因為你們將要哀慟哭泣。|zh
553|6|25|25|Unhappy are you who are full of food now: for you will be in need. Unhappy are you who are laughing now: for you will be crying in sorrow.|en
554|6|26|26|人都說你們好的時候，你們就有禍了！因為他們的祖宗待假先知也是這樣。|zh
555|6|26|26|Unhappy are you when all men give you their approval: for so their fathers did to the false prophets.|en
556|6|27|27|只是我告訴你們這聽道的人，你們的仇敵，要愛他！恨你們的，要待他好！|zh
557|6|27|27|But I say to you who give ear to me, Have love for those who are against you, do good to those who have hate for you,|en
558|6|28|28|咒詛你們的，要為他祝福！凌辱你們的，要為他禱告！|zh
559|6|28|28|Give blessing to those who give you curses, say prayers for those who are cruel to you.|en
560|6|29|29|有人打你這邊的臉，連那邊的臉也由他打。有人奪你的外衣，連裡衣也由他拿去。|zh
561|6|29|29|If a man gives you a blow on one side of your face, then let the other side be turned to him; from him who takes away your coat, do not keep back your robe.|en
562|6|30|30|凡求你的，就給他。有人奪你的東西去，不用再要回來。|zh
563|6|30|30|Give to everyone who comes with a request, and if a man takes away your property, make no attempt to get it back again.|en
564|6|31|31|你們願意人怎樣待你們，你們也要怎樣待人。|zh
565|6|31|31|Do to others as you would have them do to you.|en
566|6|32|32|你們若單愛那愛你們的人，有甚麼可酬謝的呢？就是罪人也愛那愛他們的人。|zh
567|6|32|32|If you have love for those who have love for you, what credit is it to you? for even sinners have love for those who have love for them.|en
568|6|33|33|你們若善待那善待你們的人，有甚麼可酬謝的呢？就是罪人也是這樣行。|zh
569|6|33|33|And if you do good to those who do good to you, what credit is it to you? for even sinners do the same.|en
570|6|34|34|你們若借給人，指望從他收回，有甚麼可酬謝的呢？就是罪人也借給罪人，要如數收回。|zh
571|6|34|34|And if you let those have the use of your money, from whom you are hoping to get it back, what credit is it to you? even sinners do so to sinners, hoping to get back as much as they gave.|en
572|6|35|35|你們倒要愛仇敵，也要善待他們，並要借給人不指望償還，你們的賞賜就必大了，你們也必作至高者的兒子；因為他恩待那忘恩的和作惡的。|zh
573|6|35|35|But be loving to those who are against you and do them good, and give them your money, not giving up hope, and your reward will be great and you will be the sons of the Most High: for he is kind to evil men, and to those who have hard hearts.|en
574|6|36|36|你們要慈悲，像你們的父慈悲一樣。|zh
575|6|36|36|Be full of pity, even as your Father is full of pity.|en
576|6|37|37|你們不要論斷人，就不被論斷；你們不要定人的罪，就不被定罪；你們要饒恕人，就必蒙饒恕（饒恕：原文作釋放）；|zh
577|6|37|37|Be not judges of others, and you will not be judged: do not give punishment to others, and you will not get punishment yourselves: make others free, and you will be made free:|en
578|6|38|38|你們要給人，就必有給你們的，並且用十足的升斗，連搖帶按，上尖下流的倒在你們懷裡；因為你們用甚麼量器量給人，也必用甚麼量器量給你們。|zh
579|6|38|38|Give, and it will be given to you; good measure, crushed down, full and running over, they will give to you. For in the same measure as you give, it will be given to you again.|en
580|6|39|39|耶穌又用比喻對他們說：瞎子豈能領瞎子，兩個人不是都要掉在坑裡麼？|zh
581|6|39|39|And he gave them teaching in the form of a story, saying, Is it possible for one blind man to be guide to another? will they not go falling together into a hole?|en
582|6|40|40|學生不能高過先生；凡學成了的不過和先生一樣。|zh
583|6|40|40|The disciple is not greater than his master, but everyone whose learning is complete will be like his master.|en
584|6|41|41|為甚麼看見你弟兄眼中有刺，卻不想自己眼中有梁木呢？|zh
585|6|41|41|And why do you take note of the grain of dust in your brother's eye, but take no note of the bit of wood which is in your eye?|en
586|6|42|42|你不見自己眼中有梁木，怎能對你弟兄說：容我去掉你眼中的刺呢？你這假冒為善的人！先去掉自己眼中的梁木，然後才能看得清楚，去掉你弟兄眼中的刺。|zh
587|6|42|42|How will you say to your brother, Brother, let me take the grain of dust out of your eye, when you yourself do not see the bit of wood in your eye? O false one! first take the wood out of your eye and then you will see clearly to take the dust out of your brother's eye.|en
588|6|43|43|因為，沒有好樹結壞果子，也沒有壞樹結好果子。|zh
589|6|43|43|For no good tree gives bad fruit, and no bad tree gives good fruit.|en
590|6|44|44|凡樹木看果子，就可以認出他來。人不是從荊棘上摘無花果，也不是從蒺藜裡摘葡萄。|zh
591|6|44|44|For every tree is judged by its fruit. Men do not get figs from thorns, or grapes from blackberry plants.|en
592|6|45|45|善人從他心裡所存的善就發出善來；惡人從他心裡所存的惡就發出惡來；因為心裡所充滿的，口裡就說出來。|zh
593|6|45|45|The good man, out of the good store of his heart, gives good things; and the evil man, out of his evil store, gives evil: for out of the full store of the heart come the words of the mouth.|en
594|6|46|46|你們為甚麼稱呼我主阿，主阿，卻不遵我的話行呢？|zh
595|6|46|46|Why do you say to me, Lord, Lord, and do not the things which I say?|en
596|6|47|47|凡到我這裡來，聽見我的話就去行的，我要告訴你們他像甚麼人：|zh
597|6|47|47|Everyone who comes to me and gives ear to my words and does them, I will make clear to you what he is like:|en
598|6|48|48|他像一個人蓋房子，深深的挖地，把根基安在磐石上；到發大水的時候，水沖那房子，房子總不能搖動，因為根基立在磐石上（有古卷：因為蓋造得好）。|zh
599|6|48|48|He is like a man building a house, who went deep and put the base of it on a rock; and when the water came up and the river was driving against that house, it was not moved, because the building was good.|en
600|6|49|49|惟有聽見不去行的，就像一個人在土地上蓋房子，沒有根基；水一沖，隨即倒塌了，並且那房子壞的很大。|zh
601|6|49|49|But he who gives hearing, without doing, is like a man building a house on the earth without a base for it; and when the force of the river came against it, straight away it came down; and the destruction of that house was great.|en
602|7|1|1|耶穌對百姓講完了這一切的話，就進了迦百農。|zh
603|7|1|1|After he had come to the end of all his words in the hearing of the people, he went into Capernaum.|en
604|7|2|2|有一個百夫長所寶貴的僕人害病，快要死了。|zh
605|7|2|2|And a certain captain had a servant who was very dear to him; this servant was ill and near to death.|en
606|7|3|3|百夫長風聞耶穌的事，就託猶太人的幾個長老去求耶穌來救他的僕人。|zh
607|7|3|3|And when news of Jesus came to his ears, he sent to him rulers of the Jews, requesting that he would come and make his servant well.|en
608|7|4|4|他們到了耶穌那裡，就切切的求他說：你給他行這事是他所配得的；|zh
609|7|4|4|And they, when they came to Jesus, made their request warmly, saying,|en
610|7|5|5|因為他愛我們的百姓，給我們建造會堂。|zh
611|7|5|5|It is right for you to do this for him, because he is a friend to our nation, and himself has put up a Synagogue for us.|en
612|7|6|6|耶穌就和他們同去。離那家不遠，百夫長託幾個朋友去見耶穌，對他說：主阿！不要勞動；因你到我舍下，我不敢當。|zh
613|7|6|6|And Jesus went with them. And when he was not far from the house, the man sent friends to him, saying, Lord, do not give yourself trouble: for I am not important enough for you to come into my house:|en
614|7|7|7|我也自以為不配去見你，只要你說一句話，我的僕人就必好了。|zh
615|7|7|7|And I had the feeling that I was not even good enough to come to you: but say the word only, and my servant will be well.|en
616|7|8|8|因為我在人的權下，也有兵在我以下，對這個說：去！他就去；對那個說：來！他就來；對我的僕人說：你作這事！他就去作。|zh
617|7|8|8|For I, myself, am a man under authority, having men under me; and I say to this one, Go, and he goes; and to another, Come, and he comes; and to my servant, Do this, and he does it.|en
618|7|9|9|耶穌聽見這話，就希奇他，轉身對跟隨的眾人說：我告訴你們，這麼大的信心，就是在以色列中，我也沒有遇見過。|zh
619|7|9|9|And when these things were said to Jesus, he was surprised, and, turning to the mass of people coming after him, said, I have not seen such great faith, no, not in Israel.|en
620|7|10|10|那託來的人回到百夫長家裡，看見僕人已經好了。|zh
621|7|10|10|And when those who were sent came back to the house they saw that the servant was well.|en
622|7|11|11|過了不多時（有古卷：次日），耶穌往一座城去，這城名叫拿因，他的門徒和極多的人與他同行。|zh
623|7|11|11|And it came about, after a little time, that he went to a town named Nain; and his disciples went with him, and a great number of people.|en
624|7|12|12|將近城門，有一個死人被抬出來。這人是他母親獨生的兒子；他母親又是寡婦。有城裡的許多人同著寡婦送殯。|zh
625|7|12|12|Now when he came near the door of the town, a dead man was being taken out, the only son of his mother, who was a widow: and a great number of people from the town were with her.|en
626|7|13|13|主看見那寡婦，就憐憫他，對他說：不要哭！|zh
627|7|13|13|And when the Lord saw her, he had pity on her and said to her, Be not sad.|en
628|7|14|14|於是進前按著槓，抬的人就站住了。耶穌說：少年人，我吩咐你，起來！|zh
629|7|14|14|And he came near, and put his hand on the stretcher where the dead man was: and those who were moving it came to a stop. And he said, Young man, I say to you, Get up.|en
630|7|15|15|那死人就坐起，並且說話。耶穌便把他交給他母親。|zh
631|7|15|15|And the dead man got up, and words came from his lips. And he gave him to his mother.|en
632|7|16|16|眾人都驚奇，歸榮耀與神，說：有大先知在我們中間興起來了！又說：神眷顧了他的百姓！|zh
633|7|16|16|And fear came on all, and they gave praise to God, saying, A great prophet is among us: and, God has given thought to his people.|en
634|7|17|17|他這事的風聲就傳遍了猶太和周圍地方。|zh
635|7|17|17|And this story about him went through all Judaea and the places round about.|en
636|7|18|18|約翰的門徒把這些事都告訴約翰。|zh
637|7|18|18|And the disciples of John gave him an account of all these things.|en
638|7|19|19|他便叫了兩個門徒來，打發他們到主那裡去，說：那將要來的是你麼？還是我們等候別人呢？|zh
639|7|19|19|Then John sent two of his disciples to the Lord, saying, Are you he who is to come, or are we waiting for another?|en
640|7|20|20|那兩個人來到耶穌那裡，說：施洗的約翰打發我們來問你：那將要來的是你麼？還是我們等候別人呢？|zh
641|7|20|20|And when the men came to him they said, John the Baptist has sent us to you, saying, Are you he who is to come, or are we waiting for another?|en
642|7|21|21|正當那時候，耶穌治好了許多有疾病的，受災患的，被惡鬼附著的，又開恩叫好些瞎子能看見。|zh
643|7|21|21|At that time, he made a number of people free from their diseases and their pains, and from evil spirits; and to others who were blind he gave back the use of their eyes.|en
644|7|22|22|耶穌回答說：你們去，把所看見所聽見的事告訴約翰，就是瞎子看見，瘸子行走，長大痲瘋的潔淨，聾子聽見，死人復活，窮人有福音傳給他們。|zh
645|7|22|22|And answering them he said, Go back and give news to John of what you have seen, and the things which have come to your ears; the blind now see, those who had no power in their legs are walking, lepers are made clean, those who had no hearing now have their ears open, dead men come to life again, and the poor have the good news given to them.|en
646|7|23|23|凡不因我跌倒的，就有福了！|zh
647|7|23|23|And a blessing will be on him who has no doubts about me.|en
648|7|24|24|約翰所差來的人既走了，耶穌就對眾人講論約翰說：你們從前出去到曠野，是要看甚麼呢？要看風吹動的蘆葦麼？|zh
649|7|24|24|And when the men who were sent by John had gone away, he said to the people, about John, What did you go out into the waste land to see? a tall stem moving in the wind?|en
650|7|25|25|你們出去，到底是要看甚麼？要看穿細軟衣服的人麼？那穿華麗衣服、宴樂度日的人是在王宮裡。|zh
651|7|25|25|But what did you go out to see? a man in soft clothing? See now, those who have beautiful clothing and delicate food are in kings' houses.|en
652|7|26|26|你們出去，究竟是要看甚麼？要看先知麼？我告訴你們，是的，他比先知大多了。|zh
653|7|26|26|But what did you go out to see? a prophet? Yes, I say to you, and more than a prophet.|en
654|7|27|27|經上記著說：我要差遣我的使者在你前面預備道路，所說的就是這個人。|zh
655|7|27|27|This is he of whom it has been said, See, I send my servant before your face, who will make ready your way before you.|en
656|7|28|28|我告訴你們，凡婦人所生的，沒有一個大過約翰的；然而神國裡最小的比他還大。|zh
657|7|28|28|I say to you, Among all the sons of women, not one is greater than John: but he who is least in the kingdom of God is greater than he.|en
658|7|29|29|眾百姓和稅吏既受過約翰的洗，聽見這話，就以神為義；|zh
659|7|29|29|(And all the people, and the tax-farmers, to whom John had given baptism, when they had knowledge of these things, gave glory to God.|en
660|7|30|30|但法利賽人和律法師沒有受過約翰的洗，竟為自己廢棄了神的旨意。（29，30兩節或作：眾百姓和稅吏聽見了約翰的話，就受了他的洗，便以神為義；但法利賽人和律法師不受約翰的洗，竟為自己廢棄了神的旨意。）|zh
661|7|30|30|But the Pharisees and the teachers of the law were against the purpose of God for themselves, not having had his baptism.)|en
662|7|31|31|主又說：這樣，我可用甚麼比這世代的人呢？他們好像甚麼呢？|zh
663|7|31|31|What comparison am I to make of the men of this generation? what are they like?|en
664|7|32|32|好像孩童坐在街市上，彼此呼叫說：我們向你們吹笛，你們不跳舞；我們向你們舉哀，你們不啼哭。|zh
665|7|32|32|They are like children who are seated in the market-place, crying out to one another, and saying, We made music for you, but you did not take part in the dance; we gave cries of sorrow, but you were not sad.|en
666|7|33|33|施洗的約翰來，不吃餅，不喝酒，你們說他是被鬼附著的。|zh
667|7|33|33|For John the Baptist came, taking no food or drink, and you say, He has an evil spirit.|en
668|7|34|34|人子來，也吃也喝，你們說他是貪食好酒的人，是稅吏和罪人的朋友。|zh
669|7|34|34|The Son of man came feasting, and you say, Here is a lover of food and wine, a friend of tax-farmers and sinners.|en
670|7|35|35|但智慧之子都以智慧為是。|zh
671|7|35|35|But wisdom is judged to be right by all her children.|en
672|7|36|36|有一個法利賽人請耶穌和他吃飯；耶穌就到法利賽人家裡去坐席。|zh
673|7|36|36|And one of the Pharisees made a request that he would take a meal with him. And he went into the Pharisee's house and took his seat at the table.|en
674|7|37|37|那城裡有一個女人，是個罪人，知道耶穌在法利賽人家裡坐席，就拿著盛香膏的玉瓶，|zh
675|7|37|37|And there was a woman in the town who was a sinner; and when she had news that he was a guest in the Pharisee's house, she took a bottle of perfume,|en
676|7|38|38|站在耶穌背後，挨著他的腳哭，眼淚溼了耶穌的腳，就用自己的頭髮擦乾，又用嘴連連親他的腳，把香膏抹上。|zh
677|7|38|38|And went in and took her place at the back of him, near his feet, weeping, so that his feet were washed with the drops from her eyes, and with her hair she made them dry, and kissing his feet she put the perfume on them.|en
678|7|39|39|請耶穌的法利賽人看見這事，心裡說：這人若是先知，必知道摸他的是誰，是個怎樣的女人，乃是個罪人。|zh
679|7|39|39|Now when the Pharisee in whose house he was saw it, he said to himself, This man, if he was a prophet, would be conscious what sort of woman this is who has put her hands on him, that she is a sinner.|en
680|7|40|40|耶穌對他說：西門！我有句話要對你說。西門說：夫子，請說。|zh
681|7|40|40|And Jesus, answering, said, Simon, I have something to say to you. And he said, Master, say on.|en
682|7|41|41|耶穌說：一個債主有兩個人欠他的債；一個欠五十兩銀子，一個欠五兩銀子；|zh
683|7|41|41|And he said, Two men were in debt to a certain man of business: one had a debt of five hundred pence, and the other of fifty.|en
684|7|42|42|因為他們無力償還，債主就開恩免了他們兩個人的債。這兩個人那一個更愛他呢？|zh
685|7|42|42|When they were unable to make payment, he made the two of them free of their debts. Which of them, now, will have the greater love for him?|en
686|7|43|43|西門回答說：我想是那多得恩免的人。耶穌說：你斷的不錯。|zh
687|7|43|43|Simon, in answer, said, It seems he whose debt was greater. And he said, Your decision is right.|en
688|7|44|44|於是轉過來向著那女人，便對西門說：你看見這女人麼？我進了你的家，你沒有給我水洗腳；但這女人用眼淚溼了我的腳，用頭髮擦乾。|zh
689|7|44|44|And turning to the woman he said to Simon, You see this woman? I came into your house; you did not give me water for my feet: but she has been washing my feet with the drops from her eyes, and drying them with her hair.|en
690|7|45|45|你沒有與我親嘴；但這女人從我進來的時候就不住的用嘴親我的腳。|zh
691|7|45|45|You did not give me a kiss: but she, from the time when I came in, has gone on kissing my feet.|en
692|7|46|46|你沒有用油抹我的頭；但這女人用香膏抹我的腳。|zh
693|7|46|46|You put no oil on my head: but she has put perfume on my feet.|en
694|7|47|47|所以我告訴你，他許多的罪都赦免了，因為他的愛多；但那赦免少的，他的愛就少。|zh
695|7|47|47|And so I say to you, She will have forgiveness for her sins which are great in number, because of her great love: but he who has small need of forgiveness gives little love.|en
696|7|48|48|於是對那女人說：你的罪赦免了。|zh
697|7|48|48|And he said to her, You have forgiveness for your sins.|en
698|7|49|49|同席的人心裡說：這是甚麼人，竟赦免人的罪呢？|zh
699|7|49|49|And those who were seated at table with him said to themselves, Who is this who even gives forgiveness of sins?|en
700|7|50|50|耶穌對那女人說：你的信救了你；平平安安的回去罷！|zh
701|7|50|50|And he said to the woman, By your faith you have salvation; go in peace.|en
702|8|1|1|過了不多日，耶穌周遊各城各鄉傳道，宣講神國的福音。和他同去的有十二個門徒，|zh
703|8|1|1|And it came about, after a short time, that he went through town and country giving the good news of the kingdom of God, and with him were the twelve,|en
704|8|2|2|還有被惡鬼所附、被疾病所累、已經治好的幾個婦女，內中有稱為抹大拉的馬利亞，曾有七個鬼從他身上趕出來，|zh
705|8|2|2|And certain women who had been made free from evil spirits and diseases, Mary named Magdalene, from whom seven evil spirits had gone out,|en
706|8|3|3|又有希律的家宰苦撒的妻子約亞拿，並蘇撒拿，和好些別的婦女，都是用自己的財物供給耶穌和門徒。|zh
707|8|3|3|And Joanna, the wife of Chuza, Herod's chief house-servant, and Susanna and a number of others, who gave him of their wealth for his needs.|en
708|8|4|4|當許多人聚集、又有人從各城裡出來見耶穌的時候，耶穌就用比喻說：|zh
709|8|4|4|And when a great number of people came together, and men from every town went out to him, he gave them teaching in the form of a story:|en
710|8|5|5|有一個撒種的出去撒種。撒的時候，有落在路旁的，被人踐踏，天上的飛鳥又來吃盡了。|zh
711|8|5|5|A man went out to put in seed, and while he was doing it, some was dropped by the wayside and it was crushed under foot, and was taken by the birds of heaven.|en
712|8|6|6|有落在磐石上的，一出來就枯乾了，因為得不著滋潤。|zh
713|8|6|6|And some went on the rock, and when it came up it became dry and dead because it had no water.|en
714|8|7|7|有落在荊棘裡的，荊棘一同生長，把他擠住了。|zh
715|8|7|7|And some went among thorns, and the thorns came up with it and it had no room for growth.|en
716|8|8|8|又有落在好土裡的，生長起來，結實百倍。耶穌說了這些話，就大聲說：有耳可聽的，就應當聽！|zh
717|8|8|8|And some falling on good earth, came up and gave fruit a hundred times as much. And with these words he said in a loud voice, He who has ears, let him give ear.|en
718|8|9|9|門徒問耶穌說：這比喻是甚麼意思呢？|zh
719|8|9|9|And his disciples put questions to him about the point of the story.|en
720|8|10|10|他說：神國的奧祕只叫你們知道；至於別人，就用比喻，叫他們看也看不見，聽也聽不明。|zh
721|8|10|10|And he said, To you is given knowledge of the secrets of the kingdom of God; but to the others, they are given in stories, so that seeing, they may not see, and though they give hearing, the sense will not be clear to them.|en
722|8|11|11|這比喻乃是這樣：種子就是神的道。|zh
723|8|11|11|Now this is the point of the story: The seed is the word of God.|en
724|8|12|12|那些在路旁的，就是人聽了道，隨後魔鬼來，從他們心裡把道奪去，恐怕他們信了得救.|zh
725|8|12|12|Those by the side of the road are those who have given hearing; then the Evil One comes and takes away the word from their hearts, so that they may not have faith and get salvation.|en
726|8|13|13|那些在磐石上的，就是人聽道，歡喜領受，但心中沒有根，不過暫時相信，及至遇見試煉就退後了。|zh
727|8|13|13|And those on the rock are those who with joy give hearing to the word; but having no root, they have faith for a time, and when the test comes they give up.|en
728|8|14|14|那落在荊棘裡的，就是人聽了道，走開以後，被今生的思慮、錢財、宴樂擠住了，便結不出成熟的子粒來。|zh
729|8|14|14|And those which went among thorns are those who have given hearing, and go on their way, but they are overcome by cares and wealth and the pleasures of life, and they give no fruit.|en
730|8|15|15|那落在好土裡的，就是人聽了道，持守在誠實善良的心裡，並且忍耐著結實。|zh
731|8|15|15|And those in the good earth are those who, having given ear to the word, keep it with a good and true heart, and in quiet strength give fruit.|en
732|8|16|16|沒有人點燈用器皿蓋上，或放在床底下，乃是放在燈臺上，叫進來的人看見亮光。|zh
733|8|16|16|No man, when the light is lighted, puts a cover over it, or puts it under a bed, but he puts it on its table, so that those who come in may see the light.|en
734|8|17|17|因為掩藏的事沒有不顯出來的；隱瞞的事沒有不露出來被人知道的。|zh
735|8|17|17|For nothing is put out of view which will not be made clear, and nothing is secret of which the knowledge will not come to light.|en
736|8|18|18|所以，你們應當小心怎樣聽；因為凡有的，還要加給他；凡沒有的，連他自以為有的，也要奪去。|zh
737|8|18|18|So take care how you give hearing, for to him who has will be given, and from him who has not will be taken even what he seems to have.|en
738|8|19|19|耶穌的母親和他弟兄來了，因為人多，不得到他跟前。|zh
739|8|19|19|And his mother and his brothers came to him, and they were not able to get near him because of the great number of people.|en
740|8|20|20|有人告訴他說：你母親和你弟兄站在外邊，要見你。|zh
741|8|20|20|And someone said to him, Your mother and your brothers are outside desiring to see you.|en
742|8|21|21|耶穌回答說：聽了神之道而遵行的人就是我的母親，我的弟兄了。|zh
743|8|21|21|But he said to them in answer, My mother and my brothers are those who have knowledge of the word of God and do it.|en
744|8|22|22|有一天，耶穌和門徒上了船，對門徒說：我們可以渡到湖那邊去。他們就開了船。|zh
745|8|22|22|Now it came about on one of those days that he got into a boat with his disciples; and he said to them, Let us go over to the other side of the water: and they put out the boat.|en
746|8|23|23|正行的時候，耶穌睡著了。湖上忽然起了暴風，船將滿了水，甚是危險。|zh
747|8|23|23|But while they were sailing he went to sleep: and a storm of wind came down on the sea, and the boat became full of water and they were in danger.|en
748|8|24|24|門徒來叫醒了他，說：夫子！夫子！我們喪命啦！耶穌醒了，斥責那狂風大浪；風浪就止住，平靜了。|zh
749|8|24|24|Then they came to him and, awaking him out of his sleep, said, Master, Master, destruction is near. And he, when he was awake, gave orders to the wind and the rolling waves, and the storm came to an end, and all was calm.|en
750|8|25|25|耶穌對他們說：你們的信心在那裡呢？他們又懼怕又希奇，彼此說：這到底是誰？他吩咐風和水，連風和水也聽從他了。|zh
751|8|25|25|And he said to them, Where is your faith? And fear and wonder overcame them, and they said to one another, Who then is this, who gives orders even to the winds and the water and they do what he says?|en
752|8|26|26|他們到了格拉森（有古卷：加大拉）人的地方，就是加利利的對面。|zh
753|8|26|26|And they came to the country of the Gerasenes, which is opposite Galilee.|en
754|8|27|27|耶穌上了岸，就有城裡一個被鬼附著的人迎面而來。這個人許久不穿衣服，不住房子，只住在墳塋裡。|zh
755|8|27|27|And when he had come to the land, there came to him a certain man from the town who had evil spirits; and for a long time he had had no clothing on, and was not living in a house but in the place of the dead.|en
756|8|28|28|他見了耶穌，就俯伏在他面前，大聲喊叫，說：至高神的兒子耶穌，我與你有甚麼相干？求你不要叫我受苦！|zh
757|8|28|28|And when he saw Jesus, he gave a loud cry and went down on the earth before him and in a loud voice said, What have I to do with you, Jesus, Son of the Most High God? Do not be cruel to me.|en
758|8|29|29|是因耶穌曾吩咐污鬼從那人身上出來。原來這鬼屢次抓住他；他常被人看守，又被鐵鍊和腳鐐捆鎖，他竟把鎖鍊掙斷，被鬼趕到曠野去。|zh
759|8|29|29|For he gave an order to the evil spirit to come out of the man. For frequently it would take a grip of him: and he was kept under control, and prisoned with chains; but parting the chains in two, he would be sent by the driving of the evil spirit into waste places.|en
760|8|30|30|耶穌問他說：你名叫甚麼？他說：我名叫群；這是因為附著他的鬼多。|zh
761|8|30|30|And Jesus said to him, What is your name? And he said, Legion; for a number of spirits had gone into him.|en
762|8|31|31|鬼就央求耶穌，不要吩咐他們到無底坑裡去。|zh
763|8|31|31|And they made a request to him that he would not give them an order to go away into the deep.|en
764|8|32|32|那裡有一大群豬在山上吃食。鬼央求耶穌，准他們進入豬裡去。耶穌准了他們，|zh
765|8|32|32|Now there was a great herd of pigs in that place, getting food on the mountain: and the evil spirits made a request to him that he would let them go into the pigs, and he let them.|en
766|8|33|33|鬼就從那人出來，進入豬裡去。於是那群豬闖下山崖，投在湖裡淹死了。|zh
767|8|33|33|And the evil spirits came out of the man and went into the pigs: and the herd went rushing down a sharp slope into the water and came to destruction.|en
768|8|34|34|放豬的看見這事就逃跑了，去告訴城裡和鄉下的人。|zh
769|8|34|34|And when the men who took care of them saw what had come about, they went quickly and gave news of it in the town and the country.|en
770|8|35|35|眾人出來要看是甚麼事；到了耶穌那裡，看見鬼所離開的那人，坐在耶穌腳前，穿著衣服，心裡明白過來，他們就害怕。|zh
771|8|35|35|And they went out to see what had taken place, and they came to Jesus and saw the man out of whom the evil spirits had gone, seated, clothed and with full use of his senses, at the feet of Jesus; and fear came on them.|en
772|8|36|36|看見這事的便將被鬼附著的人怎麼得救告訴他們。|zh
773|8|36|36|And those who had seen it gave them an account of how the man who had the evil spirits was made well.|en
774|8|37|37|格拉森四圍的人，因為害怕得很，都求耶穌離開他們；耶穌就上船回去了。|zh
775|8|37|37|And all the people of the country of the Gerasenes made a request to him to go away from them; for they were in great fear: and he got into a boat and went back.|en
776|8|38|38|鬼所離開的那人懇求和耶穌同在；耶穌卻打發他回去，說：|zh
777|8|38|38|But the man from whom the evil spirits had gone out had a great desire to be with him, but he sent him away, saying,|en
778|8|39|39|你回家去，傳說神為你作了何等大的事。他就去，滿城裡傳揚耶穌為他作了何等大的事。|zh
779|8|39|39|Go back to your house and let them have news of all the great things which God has done for you. And he went away, giving word through all the town of the great things which Jesus had done for him.|en
780|8|40|40|耶穌回來的時候，眾人迎接他，因為他們都等候他。|zh
781|8|40|40|And when Jesus went back, the people were glad to see him, for they were all waiting for him.|en
782|8|41|41|有一個管會堂的，名叫睚魯，來俯伏在耶穌腳前，求耶穌到他家裡去；|zh
783|8|41|41|Then there came a man named Jairus, who was a ruler in the Synagogue: and he went down at the feet of Jesus, desiring him to come to his house;|en
784|8|42|42|因他有一個獨生女兒，約有十二歲，快要死了。耶穌去的時候，眾人擁擠他。|zh
785|8|42|42|For he had an only daughter, about twelve years old, and she was near to death. But while he was on his way, the people were pushing to be near him.|en
786|8|43|43|有一個女人，患了十二年的血漏，在醫生手裡花盡了他一切養生的，並沒有一人能醫好他。|zh
787|8|43|43|And a woman, who had had a flow of blood for twelve years, and had given all her money to medical men, and not one of them was able to make her well,|en
788|8|44|44|他來到耶穌背後，摸他的衣裳繸子，血漏立刻就止住了。|zh
789|8|44|44|Came after him and put her hand on the edge of his robe, and straight away the flowing of her blood was stopped.|en
790|8|45|45|耶穌說：摸我的是誰？眾人都不承認。彼得和同行的人都說：夫子，眾人擁擁擠擠緊靠著你。（有古卷在此有：你還問摸我的是誰麼？|zh
791|8|45|45|And Jesus said, Who was touching me? And when they all said, It is not I, Peter and those who were with him said, Master, the people are pushing round you on every side.|en
792|8|46|46|耶穌說：總有人摸我，因我覺得有能力從我身上出去。|zh
793|8|46|46|But Jesus said, Someone was touching me, for I had the feeling that power had gone out from me.|en
794|8|47|47|那女人知道不能隱藏，就戰戰兢兢的來俯伏在耶穌腳前，把摸他的緣故和怎樣立刻得好了，當著眾人都說出來。|zh
795|8|47|47|And when the woman saw that she was not able to keep it secret, she came, shaking with fear, and falling down before him she made clear before all the people the reason for her touching him, and how she was made well straight away.|en
796|8|48|48|耶穌對他說：女兒，你的信救了你；平平安安的去罷！|zh
797|8|48|48|And he said to her, Daughter, your faith has made you well; go in peace.|en
798|8|49|49|還說話的時候，有人從管會堂的家裡來，說：你的女兒死了，不要勞動夫子。|zh
799|8|49|49|While he was still talking, someone came from the house of the ruler of the Synagogue, saying, Your daughter is dead; do not go on troubling the Master.|en
800|8|50|50|耶穌聽見就對他說：不要怕，只要信！你的女兒就必得救。|zh
801|8|50|50|But Jesus at these words said to him, Have no fear, only have faith, and she will be made well.|en
802|8|51|51|耶穌到了他的家，除了彼得、約翰、雅各，和女兒的父母，不許別人同他進去。|zh
803|8|51|51|And when he came to the house he did not let any man go in with him, but only Peter and John and James, and the father of the girl and her mother.|en
804|8|52|52|眾人都為這女兒哀哭捶胸。耶穌說：不要哭。他不是死了，是睡著了。|zh
805|8|52|52|And all the people were weeping and crying for her; but he said, Do not be sad, for she is not dead, but sleeping.|en
806|8|53|53|他們曉得女兒已經死了，就嗤笑耶穌。|zh
807|8|53|53|And they were laughing at him, being certain that she was dead.|en
808|8|54|54|耶穌拉著他的手，呼叫說：女兒，起來罷！|zh
809|8|54|54|But he, taking her hand, said to her, My child, get up.|en
810|8|55|55|他的靈魂便回來，他就立刻起來了。耶穌吩咐給他東西吃。|zh
811|8|55|55|And her spirit came back to her and she got up straight away: and he gave orders that food was to be given to her.|en
812|8|56|56|他的父母驚奇得很；耶穌囑咐他們，不要把所作的事告訴人。|zh
813|8|56|56|And her father and mother were full of wonder, but he gave orders to them to say nothing about it to anyone.|en
814|9|1|1|耶穌叫齊了十二個門徒，給他們能力、權柄，制伏一切的鬼，醫治各樣的病，|zh
815|9|1|1|And getting the twelve together, he gave them power and authority over all evil spirits and over diseases, to make them well.|en
816|9|2|2|又差遣他們去宣傳神國的道，醫治病人，|zh
817|9|2|2|And he sent them out to be preachers of the kingdom of God, and to make well those who were ill.|en
818|9|3|3|對他們說：行路的時候，不要帶柺杖和口袋，不要帶食物和銀子，也不要帶兩件褂子。|zh
819|9|3|3|And he said to them, Take nothing for your journey, no stick or bag or bread or money, and do not take two coats.|en
820|9|4|4|無論進那一家，就住在那裡，也從那裡起行。|zh
821|9|4|4|And if you go into a house, let that house be your resting-place till you go away.|en
822|9|5|5|凡不接待你們的，你們離開那城的時候，要把腳上的塵土跺下去，見證他們的不是。|zh
823|9|5|5|And if any people will not take you in, when you go away from that town, put off its dust from your feet for a witness against them.|en
824|9|6|6|門徒就出去，走遍各鄉宣傳福音，到處治病。|zh
825|9|6|6|And they went away, journeying through all the towns, preaching the good news and making people free from diseases in all places.|en
826|9|7|7|分封的王希律聽見耶穌所作的一切事，就游移不定；因為有人說：是約翰從死裡復活；|zh
827|9|7|7|Now Herod the king had news of all these things: and he was in doubt, because it was said by some people that John had come back from the dead;|en
828|9|8|8|又有人說：是以利亞顯現；還有人說：是古時的一個先知又活了。|zh
829|9|8|8|And by some, that Elijah had come; and by others, that one of the old prophets had come back to life.|en
830|9|9|9|希律說：約翰我已經斬了，這卻是甚麼人？我竟聽見他這樣的事呢？就想要見他。|zh
831|9|9|9|And Herod said, I put John to death: but who is this, of whom such stories are given to me? And he had a desire to see him.|en
832|9|10|10|使徒回來，將所作的事告訴耶穌，耶穌就帶他們暗暗的離開那裡，往一座城去；那城名叫伯賽大。|zh
833|9|10|10|And the twelve, when they came back, gave him an account of what they had done. And he took them with him and went away from the people to a town named Beth-saida.|en
834|9|11|11|但眾人知道了，就跟著他去；耶穌便接待他們，對他們講論神國的道，醫治那些需醫的人。|zh
835|9|11|11|But the people, getting news of it, went after him: and he was pleased to see them, and gave them teaching about the kingdom of God, and made those well who were in need of it.|en
836|9|12|12|日頭快要平西，十二個門徒來對他說：請叫眾人散開，他們好往四面鄉村裡去借宿找吃的，因為我們這裡是野地。|zh
837|9|12|12|And the day went on; and the twelve came to him and said, Send these people away so that they may go into the towns and the country round about and get resting-places and food for themselves, for we are in a waste place.|en
838|9|13|13|耶穌說：你們給他們吃罷！門徒說：我們不過有五個餅，兩條魚，若不去為這許多人買食物就不夠。|zh
839|9|13|13|But he said, Give them food yourselves. And they said, We have only five cakes of bread and two fishes, if we do not go and get food for all these people.|en
840|9|14|14|那時，人數約有五千。耶穌對門徒說：叫他們一排一排的坐下，每排大約五十個人。|zh
841|9|14|14|For there were about five thousand men. And he said to his disciples, Make them be seated in groups, about fifty to a group.|en
842|9|15|15|門徒就如此行，叫眾人都坐下。|zh
843|9|15|15|And they did so, and made them all be seated.|en
844|9|16|16|耶穌拿著這五個餅，兩條魚，望著天祝福，擘開，遞給門徒，擺在眾人面前。|zh
845|9|16|16|And he took the five cakes of bread and the two fishes and, looking up to heaven, he said words of blessing over them, and when they had been broken, he gave them to the disciples to give to the people.|en
846|9|17|17|他們就吃，並且都吃飽了；把剩下的零碎收拾起來，裝滿了十二籃子。|zh
847|9|17|17|And they all took the food and had enough; and they took up of the broken bits which were over, twelve baskets full.|en
848|9|18|18|耶穌自己禱告的時候，門徒也同他在那裡。耶穌問他們說：眾人說我是誰？|zh
849|9|18|18|And it came about that when he was in prayer, by himself, and the disciples were with him, he put a question to them, saying, Who do the people say I am?|en
850|9|19|19|他們說：有人說是施洗的約翰；有人說是以利亞；還有人說是古時的一個先知又活了。|zh
851|9|19|19|And they, answering, said, John the Baptist; but others say Elijah; and others, that one of the old prophets has come back.|en
852|9|20|20|耶穌說：你們說我是誰？彼得回答說：是神所立的基督。|zh
853|9|20|20|And he said, But who do you say that I am? And Peter, answering, said, The Christ of God.|en
854|9|21|21|耶穌切切的囑咐他們，不可將這事告訴人，|zh
855|9|21|21|But he gave them special orders, not to say this to any man;|en
856|9|22|22|又說：人子必須受許多的苦，被長老、祭司長、和文士棄絕，並且被殺，第三日復活。|zh
857|9|22|22|Saying, The Son of man will undergo much and be put on one side by the rulers and the chief priests and the teachers of the law, and be put to death, and on the third day he will come back to life.|en
858|9|23|23|耶穌又對眾人說：若有人要跟從我，就當捨己，天天背起他的十字架來跟從我。|zh
859|9|23|23|And he said to them all, If any man has a desire to come after me, let him give up all, and take up his cross every day, and come after me.|en
860|9|24|24|因為，凡要救自己生命（生命：或作靈魂；下同）的，必喪掉生命；凡為我喪掉生命的，必救了生命。|zh
861|9|24|24|For whoever has a desire to keep his life will have it taken from him, but whoever gives up his life because of me, will keep it.|en
862|9|25|25|人若賺得全世界，卻喪了自己，賠上自己，有甚麼益處呢？|zh
863|9|25|25|For what profit will a man have if he gets all the world, but undergoes loss or destruction himself?|en
864|9|26|26|凡把我和我的道當作可恥的，人子在自己的榮耀裡，並天父與聖天使的榮耀裡降臨的時候，也要把那人當作可恥的。|zh
865|9|26|26|For if any man has a feeling of shame because of me or of my words, the Son of man will have shame because of him when he comes in his glory and the glory of the Father and of the holy angels.|en
866|9|27|27|我實在告訴你們，站在這裡的，有人在沒嘗死味以前，必看見神的國。|zh
867|9|27|27|But truly I say to you, Some of those who are here now will have no taste of death till they see the kingdom of God.|en
868|9|28|28|說了這話以後約有八天，耶穌帶著彼得、約翰、雅各上山去禱告。|zh
869|9|28|28|And about eight days after he had said these things, he took Peter and John and James with him and went up into the mountain for prayer.|en
870|9|29|29|正禱告的時候，他的面貌就改變了，衣服潔白放光。|zh
871|9|29|29|And while he was in prayer, his face was changed and his clothing became white and shining.|en
872|9|30|30|忽然有摩西、以利亞兩個人同耶穌說話；|zh
873|9|30|30|And two men, Moses and Elijah, were talking with him;|en
874|9|31|31|他們在榮光裡顯現，談論耶穌去世的事，就是他在耶路撒冷將要成的事。|zh
875|9|31|31|Who were seen in glory and were talking of his death which was about to take place in Jerusalem.|en
876|9|32|32|彼得和他的同伴都打盹，既清醒了，就看見耶穌的榮光，並同他站著的那兩個人。|zh
877|9|32|32|Now Peter and those who were with him were overcome with sleep: but when they were fully awake, they saw his glory and the two men who were with him.|en
878|9|33|33|二人正要和耶穌分離的時候，彼得對耶穌說：夫子，我們在這裡真好！可以搭三座棚，一座為你，一座為摩西，一座為以利亞。他卻不知道所說的是甚麼。|zh
879|9|33|33|And when they were about to go away from him, Peter said to Jesus, Master, it is good for us to be here; let us make three tents, one for you and one for Moses and one for Elijah: having no knowledge of what he was saying.|en
880|9|34|34|說這話的時候，有一朵雲彩來遮蓋他們；他們進入雲彩裡就懼怕。|zh
881|9|34|34|And while he said these things, the shade of a cloud came over them, and they were full of fear when they went into the cloud.|en
882|9|35|35|有聲音從雲彩裡出來，說：這是我的兒子，我所揀選的（有古卷：這是我的愛子），你們要聽他。|zh
883|9|35|35|And there was a voice from the cloud saying, This is my Son, the man of my selection; give ear to him.|en
884|9|36|36|聲音住了，只見耶穌一人在那裡。當那些日子，門徒不提所看見的事，一樣也不告訴人。|zh
885|9|36|36|And after the voice was gone they saw that Jesus was by himself. And they kept quiet, and said nothing at that time to anyone of the things which they had seen.|en
886|9|37|37|第二天，他們下了山，就有許多人迎見耶穌。|zh
887|9|37|37|And on the day after, when they came down from the mountain, a great band of people came to him.|en
888|9|38|38|其中有一人喊叫說：夫子！求你看顧我的兒子，因為他是我的獨生子。|zh
889|9|38|38|And a man from among them, crying out, said, Master, I make a request to you, give a thought to my son, for he is my only child:|en
890|9|39|39|他被鬼抓住就忽然喊叫；鬼又叫他抽瘋，口中流沫，並且重重的傷害他，難以離開他。|zh
891|9|39|39|And see, a spirit takes him, and suddenly he gives a cry, twisted in pain and streaming at the lips, and when it goes away from him at last, he is marked as from blows.|en
892|9|40|40|我求過你的門徒，把鬼趕出去，他們卻是不能。|zh
893|9|40|40|And I made a request to your disciples to send it out of him, but they were not able to do it.|en
894|9|41|41|耶穌說：噯！這又不信又悖謬的世代阿，我在你們這裡，忍耐你們要到幾時呢？將你的兒子帶到這裡來罷！|zh
895|9|41|41|And Jesus said, O generation without faith and false in heart, how long will I have to be with you and put up with you? let your son come here.|en
896|9|42|42|正來的時候，鬼把他摔倒，叫他重重的抽瘋。耶穌就斥責那污鬼，把孩子治好了，交給他父親。|zh
897|9|42|42|And while he was coming, he was pushed violently down and twisted by the evil spirit. But Jesus gave sharp orders to the unclean spirit, and made the boy well, and gave him back to his father.|en
898|9|43|43|眾人都詫異神的大能（大能：或作威榮）。耶穌所作的一切事，眾人正希奇的時候，耶穌對門徒說：|zh
899|9|43|43|And they were full of wonder at the great power of God. But while they were all wondering at all the things which he did, he said to his disciples,|en
900|9|44|44|你們要把這些話存在耳中，因為人子將要被交在人手裡。|zh
901|9|44|44|Let these words go deep into your ears, for the Son of man will be given up into the hands of men.|en
902|9|45|45|他們不明白這話，意思乃是隱藏的，叫他們不能明白，他們也不敢問這話的意思。|zh
903|9|45|45|But this saying was not clear to them and its sense was kept secret from them so that they were not able to see it: and they had fear of questioning him about it.|en
904|9|46|46|門徒中間起了議論，誰將為大。|zh
905|9|46|46|Now there was a discussion among them about which of them would be the greatest.|en
906|9|47|47|耶穌看出他們心中的議論，就領一個小孩子來，叫他站在自己旁邊，|zh
907|9|47|47|But when Jesus saw the reasoning of their hearts, he took a small child and put him by his side,|en
908|9|48|48|對他們說：凡為我名接待這小孩子的，就是接待我；凡接待我的，就是接待那差我來的。你們中間最小的，他便為大。|zh
909|9|48|48|And said to them, Whoever gives honour to this child in my name, gives honour to me: and whoever gives honour to me, gives honour to him who sent me: for whoever is least among you all, that man is great.|en
910|9|49|49|約翰說：夫子，我們看見一個人奉你的名趕鬼，我們就禁止他，因為他不與我們一同跟從你。|zh
911|9|49|49|And John, answering, said, Master, we saw a man driving out evil spirits in your name, and we did not let him do it, because he was not one of us.|en
912|9|50|50|耶穌說：不要禁止他；因為不敵擋你們的，就是幫助你們的。|zh
913|9|50|50|But Jesus said to him, Let him do it, for he who is not against you is for you.|en
914|9|51|51|耶穌被接上升的日子將到，他就定意向耶路撒冷去，|zh
915|9|51|51|And it came about that when the days were near for him to be taken up, his face was turned to go to Jerusalem,|en
916|9|52|52|便打發使者在他前頭走。他們到了撒瑪利亞的一個村莊，要為他預備。|zh
917|9|52|52|And he sent men before: and they came to a small town of Samaria to make ready for him.|en
918|9|53|53|那裡的人不接待他，因他面向耶路撒冷去。|zh
919|9|53|53|But they would not have him there, because he was clearly going to Jerusalem.|en
920|9|54|54|他的門徒雅各、約翰看見了，就說：主阿，你要我們吩咐火從天上降下來燒滅他們，像以利亞所作的（有古卷無「像以利亞所作的」數字）麼？|zh
921|9|54|54|And when his disciples, James and John, saw this, they said, Lord, may we send fire from heaven and put an end to them?|en
922|9|55|55|耶穌轉身責備兩個門徒，說：你們的心如何，你們並不知道。|zh
923|9|55|55|But turning round he said sharp words to them.|en
924|9|56|56|人子來不是要滅人的性命（或作：靈魂；下同），是要救人的性命。說著就往別的村莊去了（有古卷只有五十五節首句，五十六節末句）。|zh
925|9|56|56|And they went to another small town.|en
926|9|57|57|他們走路的時候，有一人對耶穌說：你無論往那裡去，我要跟從你。|zh
927|9|57|57|And when they were on the way, a certain man said to him, I will come after you wherever you go.|en
928|9|58|58|耶穌說：狐狸有洞，天空的飛鳥有窩，只是人子沒有枕頭的地方。|zh
929|9|58|58|And Jesus said to him, Foxes have holes and the birds of the air have resting-places, but the Son of man has nowhere to put his head.|en
930|9|59|59|又對一個人說：跟從我來！那人說：主，容我先回去埋葬我的父親。|zh
931|9|59|59|And he said to another, Come after me. But he said, Lord, let me first go and give the last honours to my father.|en
932|9|60|60|耶穌說：任憑死人埋葬他們的死人，你只管去傳揚神國的道。|zh
933|9|60|60|But he said to him, Let the dead take care of their dead; it is for you to go and give news of the kingdom of God.|en
934|9|61|61|又有一人說：主，我要跟從你，但容我先去辭別我家裡的人。|zh
935|9|61|61|And another man said, I will come with you, Lord, but first let me say a last good-day to those who are at my house.|en
936|9|62|62|耶穌說：手扶著犁向後看的，不配進神的國。|zh
937|9|62|62|But Jesus said, No man, having put his hand to the plough and looking back, is good enough for the kingdom of God.|en
938|10|1|1|這事以後，主又設立七十個人，差遣他們兩個兩個的在他前面，往自己所要到的各城各地方去，|zh
939|10|1|1|Now after these things, the Lord made selection of seventy others and sent them before him, two together, into every town and place where he himself was about to come.|en
940|10|2|2|就對他們說：要收的莊稼多，作工的人少。所以，你們當求莊稼的主打發工人出去收他的莊稼。|zh
941|10|2|2|And he said to them, There is much grain ready to be cut, but not enough workers: so make prayer to the Lord of the grain-fields that he will send workers to get in the grain.|en
942|10|3|3|你們去罷！我差你們出去，如同羊羔進入狼群。|zh
943|10|3|3|Go on your way: see, I send you out like lambs among wolves.|en
944|10|4|4|不要帶錢囊，不要帶口袋，不要帶鞋；在路上也不要問人的安。|zh
945|10|4|4|Take no bag for money or for food, and no shoes; say no word to any man on the way.|en
946|10|5|5|無論進那一家，先要說：願這一家平安。|zh
947|10|5|5|And whenever you go into a house, first say, Peace be to this house.|en
948|10|6|6|那裡若有當得平安的人（當得平安的人：原文是平安之子），你們所求的平安就必臨到那家；不然，就歸與你們了。|zh
949|10|6|6|And if a son of peace is there, your peace will be with him: but if not, it will come back to you again.|en
950|10|7|7|你們要住在那家，吃喝他們所供給的，因為工人得工價是應當的；不要從這家搬到那家。|zh
951|10|7|7|And keep in that same house, taking what food and drink they give you: for the worker has a right to his reward. Do not go from house to house.|en
952|10|8|8|無論進那一城，人若接待你們，給你們擺上甚麼，你們就吃甚麼。|zh
953|10|8|8|And into whatever town you go, if they take you in, take whatever food is given to you:|en
954|10|9|9|要醫治那城裡的病人，對他們說：神的國臨近你們了。|zh
955|10|9|9|And make well those in it who are ill and say to them, The kingdom of God is near to you.|en
956|10|10|10|無論進那一城，人若不接待你們，你們就到街上去，|zh
957|10|10|10|But if you go into a town where they will not have you, go out into the streets of it and say,|en
958|10|11|11|說：就是你們城裡的塵土黏在我們的腳上，我們也當著你們擦去。雖然如此，你們該知道神的國臨近了。|zh
959|10|11|11|Even the dust of your town, which is on our feet, we put off as a witness against you; but be certain of this, that the kingdom of God is near.|en
960|10|12|12|我告訴你們，當審判的日子，所多瑪所受的，比那城還容易受呢！|zh
961|10|12|12|I say to you, It will be better in that day for Sodom than for that town.|en
962|10|13|13|哥拉汛哪，你有禍了！伯賽大阿，你有禍了！因為在你們中間所行的異能若行在推羅、西頓，他們早已披麻蒙灰，坐在地上悔改了。|zh
963|10|13|13|A curse is on you, Chorazin! A curse is on you, Beth-saida! For if such works of power had been done in Tyre and Sidon as have been done in you, they would have been turned from their sins, in days gone by, seated in the dust.|en
964|10|14|14|當審判的日子，推羅、西頓所受的，比你們還容易受呢！|zh
965|10|14|14|But it will be better for Tyre and Sidon, in the day of judging, than for you.|en
966|10|15|15|迦百農阿，你已經升到天上（或作：你將要升到天上麼），將來必推下陰間。|zh
967|10|15|15|And you, Capernaum, were you not lifted up to heaven? you will go down to hell.|en
968|10|16|16|又對門徒說：聽從你們的就是聽從我；棄絕你們的就是棄絕我；棄絕我的就是棄絕那差我來的。|zh
969|10|16|16|Whoever gives ear to you, gives ear to me; and whoever is against you, is against me; and whoever is against me, is against him who sent me.|en
970|10|17|17|那七十個人歡歡喜喜的回來，說：主阿！因你的名，就是鬼也服了我們。|zh
971|10|17|17|And the seventy came back with joy, saying, Lord, even the evil spirits are under our power in your name.|en
972|10|18|18|耶穌對他們說：我曾看見撒但從天上墜落，像閃電一樣。|zh
973|10|18|18|And he said, I was watching for Satan, falling from heaven like a star.|en
974|10|19|19|我已經給你們權柄可以踐踏蛇和蠍子，又勝過仇敵一切的能力，斷沒有甚麼能害你們。|zh
975|10|19|19|See, I have given you power to put your feet on snakes and evil beasts, and over all the strength of him who is against you: and nothing will do you damage.|en
976|10|20|20|然而，不要因鬼服了你們就歡喜，要因你們的名記錄在天上歡喜。|zh
977|10|20|20|Do not be glad, however, because you have power over spirits, but because your names are recorded in heaven.|en
978|10|21|21|正當那時，耶穌被聖靈感動就歡樂，說：父阿，天地的主，我感謝你！因為你將這些事向聰明通達人就藏起來，向嬰孩就顯出來。父阿！是的，因為你的美意本是如此。|zh
979|10|21|21|In that same hour he was full of joy in the Holy Spirit and said, I give praise to you, O Father, Lord of heaven and earth, because you have kept these things secret from the wise and the men of learning, and have made them clear to little children: for so, O Father, it was pleasing in your eyes.|en
980|10|22|22|一切所有的都是我父交付我的；除了父，沒有人知道子是誰；除了子和子所願意指示的，沒有人知道父是誰。|zh
981|10|22|22|All things have been given to me by my Father: and no one has knowledge of the Son, but only the Father: and of the Father, but only the Son, and he to whom the Son will make it clear.|en
982|10|23|23|耶穌轉身暗暗的對門徒說：看見你們所看見的，那眼睛就有福了。|zh
983|10|23|23|And, turning to the disciples, he said privately, Happy are the eyes which see the things you see:|en
984|10|24|24|我告訴你們，從前有許多先知和君王要看你們所看的，卻沒有看見，要聽你們所聽的，卻沒有聽見。|zh
985|10|24|24|For I say to you that numbers of prophets and kings have had a desire to see the things which you see, and have not seen them, and to have knowledge of the things which have come to your ears, and they had it not.|en
986|10|25|25|有一個律法師起來試探耶穌，說：夫子！我該作甚麼才可以承受永生？|zh
987|10|25|25|And a certain teacher of the law got up and put him to the test, saying, Master, what have I to do so that I may have eternal life?|en
988|10|26|26|耶穌對他說：律法上寫的是甚麼？你念的是怎樣呢？|zh
989|10|26|26|And he said to him, What does the law say, in your reading of it?|en
990|10|27|27|他回答說：「你要盡心、盡性、盡力、盡意愛主─你的神；又要愛鄰舍如同自己。」|zh
991|10|27|27|And he, answering, said, Have love for the Lord your God with all your heart and with all your soul and with all your strength and with all your mind; and for your neighbour as for yourself.|en
992|10|28|28|耶穌說：「你回答的是；你這樣行，就必得永生。」|zh
993|10|28|28|And he said, You have given the right answer: do this and you will have life.|en
994|10|29|29|那人要顯明自己有理，就對耶穌說：誰是我的鄰舍呢？|zh
995|10|29|29|But he, desiring to put himself in the right, said to Jesus, And who is my neighbour?|en
996|10|30|30|耶穌回答說：有一個人從耶路撒冷下耶利哥去，落在強盜手中。他們剝去他的衣裳，把他打個半死，就丟下他走了。|zh
997|10|30|30|And Jesus, answering him, said, A certain man was going down from Jerusalem to Jericho, and he got into the hands of thieves, who took his clothing and gave him cruel blows, and when they went away, he was half dead.|en
998|10|31|31|偶然有一個祭司從這條路下來，看見他就從那邊過去了。|zh
999|10|31|31|And by chance a certain priest was going down that way: and when he saw him, he went by on the other side.|en
1000|10|32|32|又有一個利未人來到這地方，看見他，也照樣從那邊過去了。|zh
1001|10|32|32|And in the same way, a Levite, when he came to the place and saw him, went by on the other side.|en
1002|10|33|33|惟有一個撒瑪利亞人行路來到那裡，看見他就動了慈心，|zh
1003|10|33|33|But a certain man of Samaria, journeying that way, came where he was, and when he saw him, he was moved with pity for him,|en
1004|10|34|34|上前用油和酒倒在他的傷處，包裹好了，扶他騎上自己的牲口，帶到店裡去照應他。|zh
1005|10|34|34|And came to him and put clean linen round his wounds, with oil and wine; and he put him on his beast and took him to a house and took care of him.|en
1006|10|35|35|第二天拿出二錢銀子來，交給店主，說：你且照應他；此外所費用的，我回來必還你。|zh
1007|10|35|35|And the day after he took two pennies and gave them to the owner of the house and said, Take care of him; and if this money is not enough, when I come again I will give you whatever more is needed.|en
1008|10|36|36|你想，這三個人那一個是落在強盜手中的鄰舍呢？|zh
1009|10|36|36|Which of these three men, in your opinion, was neighbour to the man who came into the hands of thieves?|en
1010|10|37|37|他說：是憐憫他的。耶穌說：你去照樣行罷。|zh
1011|10|37|37|And he said, The one who had mercy on him. And Jesus said, Go and do the same.|en
1012|10|38|38|他們走路的時候，耶穌進了一個村莊。有一個女人，名叫馬大，接他到自己家裡。|zh
1013|10|38|38|Now, while they were on their way, he came to a certain town; and a woman named Martha took him into her house.|en
1014|10|39|39|他有一個妹子，名叫馬利亞，在耶穌腳前坐著聽他的道。|zh
1015|10|39|39|And she had a sister, by name Mary, who took her seat at the Lord's feet and gave attention to his words.|en
1016|10|40|40|馬大伺候的事多，心裡忙亂，就進前來，說：主阿，我的妹子留下我一個人伺候，你不在意麼？請吩咐他來幫助我。|zh
1017|10|40|40|But Martha had her hands full of the work of the house, and she came to him and said, Lord, is it nothing to you that my sister has let me do all the work? Say to her that she is to give me some help.|en
1018|10|41|41|耶穌回答說：馬大！馬大！你為許多的事思慮煩擾，|zh
1019|10|41|41|But the Lord, answering, said to her, Martha, Martha, you are full of care and troubled about such a number of things:|en
1020|10|42|42|但是不可少的只有一件；馬利亞已經選擇那上好的福分，是不能奪去的。|zh
1021|10|42|42|Little is needed, or even one thing only: for Mary has taken that good part, which will not be taken away from her.|en
1022|11|1|1|耶穌在一個地方禱告；禱告完了，有個門徒對他說：求主教導我們禱告，像約翰教導他的門徒。|zh
1023|11|1|1|And it came about that he was in prayer in a certain place, and when he came to an end, one of his disciples said to him, Lord, will you give us teaching about prayer, as John did to his disciples?|en
1024|11|2|2|耶穌說：你們禱告的時候，要說：我們在天上的父（有古卷只作：父阿）：願人都尊你的名為聖。願你的國降臨；願你的旨意行在地上，如同行在天上（有古卷無願你的旨意云云）。|zh
1025|11|2|2|And he said to them, When you say your prayers, say, Father, may your name be kept holy and your kingdom come.|en
1026|11|3|3|我們日用的飲食，天天賜給我們。|zh
1027|11|3|3|Give us every day bread for our needs.|en
1028|11|4|4|赦免我們的罪，因為我們也赦免凡虧欠我們的人。不叫我們遇見試探；救我們脫離兇惡（有古卷無末句）。|zh
1029|11|4|4|May we have forgiveness for our sins, as we make free all those who are in debt to us. And let us not be put to the test.|en
1030|11|5|5|耶穌又說：你們中間誰有一個朋友半夜到他那裡去，說：朋友！請借給我三個餅；|zh
1031|11|5|5|And he said to them, Which of you, having a friend, would go to him in the middle of the night and say to him, Friend, let me have three cakes of bread;|en
1032|11|6|6|因為我有一個朋友行路，來到我這裡，我沒有甚麼給他擺上。|zh
1033|11|6|6|Because a friend of mine has come to me on a journey, and I have nothing to put before him;|en
1034|11|7|7|那人在裡面回答說：不要攪擾我，門已經關閉，孩子們也同我在床上了，我不能起來給你。|zh
1035|11|7|7|And he, from inside the house, would say in answer, Do not be a trouble to me; the door is now shut, and my children are with me in bed; it is not possible for me to get up and give to you?|en
1036|11|8|8|我告訴你們，雖不因他是朋友起來給他，但因他情詞迫切的直求，就必起來照他所需用的給他。|zh
1037|11|8|8|I say to you, Though he will not get up and give to him, because he is his friend, still, if he keeps on making his request, he will get up and give him as much as he has need of.|en
1038|11|9|9|我又告訴你們，你們祈求，就給你們；尋找，就尋見；叩門，就給你們開門。|zh
1039|11|9|9|And I say to you, Make requests, and they will be answered; what you are searching for, you will get; when you give the sign, the door will be open to you.|en
1040|11|10|10|因為，凡祈求的，就得著；尋找的，就尋見；叩門的，就給他開門。|zh
1041|11|10|10|For to everyone who makes a request, it will be given; and he who is searching will get his desire; and to him who gives the sign, the door will be open.|en
1042|11|11|11|你們中間作父親的，誰有兒子求餅，反給他石頭呢？求魚，反拿蛇當魚給他呢？|zh
1043|11|11|11|And which of you, being a father, will give a stone to his son, who makes request for bread? or for a fish, will give him a snake?|en
1044|11|12|12|求雞蛋，反給他蠍子呢？|zh
1045|11|12|12|Or for an egg, will give him a scorpion?|en
1046|11|13|13|你們雖然不好，尚且知道拿好東西給兒女；何況天父，豈不更將聖靈給求他的人麼？|zh
1047|11|13|13|If, then, you who are evil are able to give good things to your children, how much more will your Father in heaven give the Holy Spirit to those who make request to him?|en
1048|11|14|14|耶穌趕出一個叫人啞吧的鬼，鬼出去了，啞吧就說出話來；眾人都希奇。|zh
1049|11|14|14|And he was sending an evil spirit out of a man who was without the power of talking. And it came about that when the spirit had gone the man had the power of talking; and the people were full of wonder.|en
1050|11|15|15|內中卻有人說：他是靠著鬼王別西卜趕鬼。|zh
1051|11|15|15|But some of them said, He sends out evil spirits by Beelzebul, the ruler of evil spirits.|en
1052|11|16|16|又有人試探耶穌，向他求從天上來的神蹟。|zh
1053|11|16|16|And others, testing him, were looking for a sign from heaven from him.|en
1054|11|17|17|他曉得他們的意念，便對他們說：凡一國自相紛爭，就成為荒場；凡一家自相紛爭，就必敗落。|zh
1055|11|17|17|But he, having knowledge of their thoughts, said to them, Every kingdom in which there is division is made waste; and a house in which there is division comes to destruction.|en
1056|11|18|18|若撒但自相紛爭，他的國怎能站得住呢？因為你們說我是靠著別西卜趕鬼。|zh
1057|11|18|18|If, then, Satan is at war with himself, how will he keep his kingdom? because you say that I send evil spirits out of men by the help of Beelzebul.|en
1058|11|19|19|我若靠著別西卜趕鬼，你們的子弟趕鬼又靠著誰呢？這樣，他們就要斷定你們的是非。|zh
1059|11|19|19|And if I, by Beelzebul, send out evil spirits, by whose help do your sons send them out? so let them be your judges.|en
1060|11|20|20|我若靠著神的能力趕鬼，這就是神的國臨到你們了。|zh
1061|11|20|20|But if I, by the finger of God, send out evil spirits, then the kingdom of God has overtaken you.|en
1062|11|21|21|壯士披掛整齊，看守自己的住宅，他所有的都平安無事；|zh
1063|11|21|21|When the strong man armed keeps watch over his house, then his goods are safe:|en
1064|11|22|22|但有一個比他更壯的來，勝過他，就奪去他所倚靠的盔甲兵器，又分了他的贓。|zh
1065|11|22|22|But when one who is stronger makes an attack on him and overcomes him, he takes away his instruments of war, in which he had put his faith, and makes division of his goods.|en
1066|11|23|23|不與我相合的，就是敵我的；不同我收聚的，就是分散的。|zh
1067|11|23|23|He who is not with me is against me, and he who will not give me help in getting people together is driving them away.|en
1068|11|24|24|污鬼離了人身，就在無水之地過來過去，尋求安歇之處；既尋不著，便說：我要回到我所出來的屋裡去。|zh
1069|11|24|24|The unclean spirit, when he has gone out of a man, goes through dry places, looking for rest; and when he does not get it, he says, I will go back to my house from which I came.|en
1070|11|25|25|到了，就看見裡面打掃乾淨，修飾好了，|zh
1071|11|25|25|And when he comes, he sees that it has been made fair and clean.|en
1072|11|26|26|便去另帶了七個比自己更惡的鬼來，都進去住在那裡。那人末後的景況比先前更不好了。|zh
1073|11|26|26|Then he goes and gets seven other spirits more evil than himself, and they go in, and take their places there: and the last condition of that man is worse than the first.|en
1074|11|27|27|耶穌正說這話的時候，眾人中間有一個女人大聲說：懷你胎的和乳養你的有福了！|zh
1075|11|27|27|And it came about that when he said these things, a certain woman among the people said in a loud voice, Happy is the body which gave you birth, and the breasts from which you took milk.|en
1076|11|28|28|耶穌說：是，卻還不如聽神之道而遵守的人有福。|zh
1077|11|28|28|But he said, More happy are they who give hearing to the word of God and keep it.|en
1078|11|29|29|當眾人聚集的時候，耶穌開講說：這世代是一個邪惡的世代。他們求看神蹟，除了約拿的神蹟以外，再沒有神蹟給他們看。|zh
1079|11|29|29|And when a great number of people came together to him, he said, This generation is an evil generation: it is looking for a sign and no sign will be given to it but the sign of Jonah.|en
1080|11|30|30|約拿怎樣為尼尼微人成了神蹟，人子也要照樣為這世代的人成了神蹟。|zh
1081|11|30|30|For even as Jonah became a sign to the Ninevites, so will the Son of man be to this generation.|en
1082|11|31|31|當審判的時候，南方的女王要起來定這世代的罪；因為他從地極而來，要聽所羅門的智慧話。看哪！在這裡有一人比所羅門更大。|zh
1083|11|31|31|The queen of the South will come up on the day of judging and give her decision against the men of this generation: for she came from the ends of the earth to give ear to the wisdom of Solomon; and now something greater than Solomon is here.|en
1084|11|32|32|當審判的時候，尼尼微人要起來定這世代的罪，因為尼尼微人聽了約拿所傳的就悔改了。看哪！在這裡有一人比約拿更大。|zh
1085|11|32|32|The men of Nineveh will come up in the day of judging and give their decision against this generation: for they were turned away from their sins at the preaching of Jonah; but now something greater than Jonah is here.|en
1086|11|33|33|沒有人點燈放在地窨子裡，或是斗底下，總是放在燈臺上，使進來的人得見亮光。|zh
1087|11|33|33|No man, when the light has been lighted, puts it in a secret place, or under a vessel, but on its table, so that those who come in may see the light.|en
1088|11|34|34|你眼睛就是身上的燈。你的眼睛若瞭亮，全身就光明；眼睛若昏花，全身就黑暗。|zh
1089|11|34|34|The light of the body is the eye: when your eye is true, all your body is full of light; but when it is evil, your body is dark.|en
1090|11|35|35|所以，你要省察，恐怕你裡頭的光或者黑暗了。|zh
1091|11|35|35|So take care that the light which is in you is not dark.|en
1092|11|36|36|若是你全身光明，毫無黑暗，就必全然光明，如同燈的明光照亮你。|zh
1093|11|36|36|If, then, all your body is light, with no part of it dark, it will be completely full of light, as when a flame with its bright shining gives you light.|en
1094|11|37|37|說話的時候，有一個法利賽人請耶穌同他吃飯，耶穌就進去坐席。|zh
1095|11|37|37|Now, while he was talking, a Pharisee made a request that he would come to a meal with him; and he went in and took his seat at the meal.|en
1096|11|38|38|這法利賽人看見耶穌飯前不洗手便詫異。|zh
1097|11|38|38|And when the Pharisee saw it, he was surprised because he came to the meal without first washing himself.|en
1098|11|39|39|主對他說：如今你們法利賽人洗淨杯盤的外面，你們裡面卻滿了勒索和邪惡。|zh
1099|11|39|39|And the Lord said to him, You Pharisees make the outside of the cup and the plate clean; but inside you are thieves and full of evil.|en
1100|11|40|40|無知的人哪，造外面的，不也造裡面麼？|zh
1101|11|40|40|O you foolish ones! did not he who made the outside in the same way make the inside?|en
1102|11|41|41|只要把裡面的施捨給人，凡物於你們就都潔淨了。|zh
1103|11|41|41|But if you give to the poor such things as you are able, then all things are clean to you.|en
1104|11|42|42|你們法利賽人有禍了！因為你們將薄荷、芸香並各樣菜蔬獻上十分之一，那公義和愛神的事反倒不行了。這原是你們當行的；那也是不可不行的。|zh
1105|11|42|42|But a curse is on you, Pharisees! for you make men give a tenth of every sort of plant, and give no thought to right and the love of God; but it is right for you to do these things, and not let the others be undone.|en
1106|11|43|43|你們法利賽人有禍了！因為你們喜愛會堂裡的首位，又喜愛人在街市上問你們的安。|zh
1107|11|43|43|A curse is on you, Pharisees! for your desires are for the most important seats in the Synagogues and for words of respect said to you in the market-place.|en
1108|11|44|44|你們有禍了！因為你們如同不顯露的墳墓，走在上面的人並不知道。|zh
1109|11|44|44|A curse is on you! for you are like the resting-places of dead men, which are not seen, and men go walking over them without knowledge of it.|en
1110|11|45|45|律法師中有一個回答耶穌說：夫子！你這樣說也把我們糟蹋了。|zh
1111|11|45|45|And one of the teachers of the law, answering, said to him, Master, in saying this, you give a bad name to us as to them.|en
1112|11|46|46|耶穌說：你們律法師也有禍了！因為你們把難擔的擔子放在人身上，自己一個指頭卻不肯動。|zh
1113|11|46|46|And he said, A curse is on you, teachers of the law! for while other men are crushed under the weight of the rules you make for them, you yourselves do not put so much as one finger to them.|en
1114|11|47|47|你們有禍了！因為你們修造先知的墳墓，那先知正是你們的祖宗所殺的。|zh
1115|11|47|47|A curse is on you! for you make resting-places for the bodies of the prophets, but your fathers put them to death.|en
1116|11|48|48|可見你們祖宗所作的事，你們又證明又喜歡；因為他們殺了先知，你們修造先知的墳墓。|zh
1117|11|48|48|So you are witnesses and give approval to the work of your fathers; for they put them to death and you make their last resting-places.|en
1118|11|49|49|所以，神用智慧（用智慧：或作的智者）曾說：我要差遣先知和使徒到他們那裡去，有的他們要殺害，有的他們要逼迫，|zh
1119|11|49|49|For this reason the wisdom of God has said, I will send them prophets and teachers, and to some of them they will give death and cruel pains;|en
1120|11|50|50|使創世以來所流眾先知血的罪都要問在這世代的人身上，|zh
1121|11|50|50|So that punishment may come on this generation for the blood of all the prophets which was given from the earliest days;|en
1122|11|51|51|就是從亞伯的血起，直到被殺在壇和殿中間撒迦利亞的血為止。我實在告訴你們，這都要問在這世代的人身上。|zh
1123|11|51|51|From the blood of Abel to the blood of Zachariah, who was put to death between the altar and the Temple. Yes, I say to you, It will come on this generation.|en
1124|11|52|52|你們律法師有禍了！因為你們把知識的鑰匙奪了去，自己不進去，正要進去的人你們也阻擋他們。|zh
1125|11|52|52|A curse is on you, teachers of the law! for you have taken away the key of knowledge: you did not go in yourselves, and you got in the way of those who were going in.|en
1126|11|53|53|耶穌從那裡出來，文士和法利賽人就極力的催逼他，引動他多說話，|zh
1127|11|53|53|And when he had come out of that place, the scribes and the Pharisees came round him angrily, questioning him about more things;|en
1128|11|54|54|私下窺聽，要拿他的話柄。|zh
1129|11|54|54|And watching him, for a chance to get something from his words which might be used against him.|en
1130|12|1|1|這時，有幾萬人聚集，甚至彼此踐踏。耶穌開講，先對門徒說：你們要防備法利賽人的酵，就是假冒為善。|zh
1131|12|1|1|At that time, when thousands of the people had come together, in such numbers that they were crushing one another, he said first to his disciples, Have nothing to do with the leaven of the Pharisees, which is deceit.|en
1132|12|2|2|掩蓋的事沒有不露出來的；隱藏的事，沒有不被人知道的。|zh
1133|12|2|2|But nothing is covered up, which will not come to light, or secret, which will not be made clear.|en
1134|12|3|3|因此，你們在暗中所說的，將要在明處被人聽見；在內室附耳所說的，將要在房上被人宣揚。|zh
1135|12|3|3|So, whatever you have said in the dark, will come to men's hearing in the light, and what you have said secretly inside the house, will be made public from the house-tops.|en
1136|12|4|4|我的朋友，我對你們說，那殺身體以後不能再作甚麼的，不要怕他們。|zh
1137|12|4|4|And I say to you, my friends, Have no fear of those who may put the body to death, and are able to do no more than that.|en
1138|12|5|5|我要指示你們當怕的是誰：當怕那殺了以後又有權柄丟在地獄裡的。我實在告訴你們，正要怕他。|zh
1139|12|5|5|But I will make clear to you of whom you are to be in fear: of him who after death has power to send you to hell; yes, truly I say, Have fear of him.|en
1140|12|6|6|五個麻雀不是賣二分銀子麼？但在神面前，一個也不忘記；|zh
1141|12|6|6|Are not five sparrows given in exchange for two farthings? and God has every one of them in mind.|en
1142|12|7|7|就是你們的頭髮，也都被數過了。不要懼怕，你們比許多麻雀還貴重！|zh
1143|12|7|7|But even the hairs of your head are numbered. Have no fear: you are of more value than a flock of sparrows.|en
1144|12|8|8|我又告訴你們，凡在人面前認我的，人子在神的使者面前也必認他；|zh
1145|12|8|8|And I say to you that to everyone who gives witness to me before men, the Son of man will give witness before the angels of God.|en
1146|12|9|9|在人面前不認我的，人子在神的使者面前也必不認他。|zh
1147|12|9|9|But if anyone says before men that he has no knowledge of me, I will say that I have no knowledge of him before the angels of God.|en
1148|12|10|10|凡說話干犯人子的，還可得赦免；惟獨褻瀆聖靈的，總不得赦免。|zh
1149|12|10|10|And if anyone says a word against the Son of man, he will have forgiveness: but for him who says evil words against the Holy Spirit, there will be no forgiveness.|en
1150|12|11|11|人帶你們到會堂，並官府和有權柄的人面前，不要思慮怎麼分訴，說甚麼話；|zh
1151|12|11|11|And when they take you before the Synagogues and the authorities and the rulers, take no thought about what answers you will give, or what you will say:|en
1152|12|12|12|因為正在那時候，聖靈要指教你們當說的話。|zh
1153|12|12|12|For the Holy Spirit will make clear to you in that very hour what to say.|en
1154|12|13|13|眾人中有一個人對耶穌說：夫子！請你吩咐我的兄長和我分開家業。|zh
1155|12|13|13|And one of the people said to him, Master, give an order to my brother to make division of the heritage with me.|en
1156|12|14|14|耶穌說：你這個人！誰立我作你們斷事的官，給你們分家業呢？|zh
1157|12|14|14|But he said, Man, who made me a judge or a maker of decisions for you?|en
1158|12|15|15|於是對眾人說：你們要謹慎自守，免去一切的貪心，因為人的生命不在乎家道豐富。|zh
1159|12|15|15|And he said to them, Take care to keep yourselves free from the desire for property; for a man's life is not made up of the number of things which he has.|en
1160|12|16|16|就用比喻對他們說：有一個財主田產豐盛；|zh
1161|12|16|16|And he said to them, in a story, The land of a certain man of great wealth was very fertile:|en
1162|12|17|17|自己心裡思想說：我的出產沒有地方收藏，怎麼辦呢？|zh
1163|12|17|17|And he said to himself, What is to be done? for I have no place in which to put all my fruit.|en
1164|12|18|18|又說：我要這麼辦：要把我的倉房拆了，另蓋更大的，在那裡好收藏我一切的糧食和財物，|zh
1165|12|18|18|And he said, This I will do: I will take down my store-houses and make greater ones, and there I will put all my grain and my goods.|en
1166|12|19|19|然後要對我的靈魂說：靈魂哪，你有許多財物積存，可作多年的費用，只管安安逸逸的吃喝快樂罷！|zh
1167|12|19|19|And I will say to my soul, Soul, you have a great amount of goods in store, enough for a number of years; be at rest, take food and wine and be happy.|en
1168|12|20|20|神卻對他說：無知的人哪，今夜必要你的靈魂；你所預備的要歸誰呢？|zh
1169|12|20|20|But God said to him, You foolish one, tonight I will take your soul from you, and who then will be the owner of all the things which you have got together?|en
1170|12|21|21|凡為自己積財，在神面前卻不富足的，也是這樣。|zh
1171|12|21|21|So that is what comes to the man who gets wealth for himself, and has not wealth in the eyes of God.|en
1172|12|22|22|耶穌又對門徒說：所以我告訴你們，不要為生命憂慮吃甚麼，為身體憂慮穿甚麼；|zh
1173|12|22|22|And he said to his disciples, For this reason I say to you, Take no thought for your life, about what food you will take, or for your body, how it may be clothed.|en
1174|12|23|23|因為生命勝於飲食，身體勝於衣裳。|zh
1175|12|23|23|Is not life more than food, and the body than its clothing?|en
1176|12|24|24|你想烏鴉，也不種也不收，又沒有倉又沒有庫，神尚且養活他。你們比飛鳥是何等的貴重呢！|zh
1177|12|24|24|Give thought to the ravens; they do not put seeds into the earth, or get together grain; they have no store-houses or buildings; and God gives them their food: of how much greater value are you than the birds!|en
1178|12|25|25|你們那一個能用思慮使壽數多加一刻呢（或作：使身量多加一肘呢）？|zh
1179|12|25|25|And which of you by taking thought is able to make himself any taller?|en
1180|12|26|26|這最小的事，你們尚且不能作，為甚麼還憂慮其餘的事呢？|zh
1181|12|26|26|If, then, you are not able to do even that which is least, why are you troubled about the rest?|en
1182|12|27|27|你想百合花怎麼長起來；他也不勞苦，也不紡線。然而我告訴你們，就是所羅門極榮華的時候，他所穿戴的，還不如這花一朵呢！|zh
1183|12|27|27|Give thought to the flowers: they do no work, they make no thread; and still I say to you, Even Solomon, in all his glory, was not clothed like one of these.|en
1184|12|28|28|你們這小信的人哪，野地裡的草今天還在，明天就丟在爐裡，神還給他這樣的妝飾，何況你們呢！|zh
1185|12|28|28|But if God gives such clothing to the grass in the field, which today is living, and tomorrow will be burned in the oven, how much more will he give clothing to you, O men of little faith?|en
1186|12|29|29|你們不要求吃甚麼，喝甚麼，也不要罣心；|zh
1187|12|29|29|And do not give overmuch thought to your food and drink, and let not your mind be full of doubts.|en
1188|12|30|30|這都是外邦人所求的。你們必須用這些東西，你們的父是知道的。|zh
1189|12|30|30|For the nations of the world go in search of all these things: but your Father has knowledge that you have need of them.|en
1190|12|31|31|你們只要求他的國，這些東西就必加給你們了。|zh
1191|12|31|31|But let your chief care be for his kingdom, and these other things will be given to you in addition.|en
1192|12|32|32|你們這小群，不要懼怕，因為你們的父樂意把國賜給你們。|zh
1193|12|32|32|Have no fear, little flock, for it is your Father's good pleasure to give you the kingdom.|en
1194|12|33|33|你們要變賣所有的賙濟人，為自己預備永不壞的錢囊，用不盡的財寶在天上，就是賊不能近、蟲不能蛀的地方。|zh
1195|12|33|33|Give what property you have in exchange for money, and give the money to the poor; make for yourselves money-bags which will not get old, wealth stored up in heaven which will be yours for ever, where thieves will not come nor worms put it to destruction.|en
1196|12|34|34|因為，你們的財寶在那裡，你們的心也在那裡。|zh
1197|12|34|34|For where your wealth is, there will your heart be.|en
1198|12|35|35|你們腰裡要束上帶，燈也要點著，|zh
1199|12|35|35|Be ready, dressed as for a journey, with your lights burning.|en
1200|12|36|36|自己好像僕人等候主人從婚姻的筵席上回來。他來到，叩門，就立刻給他開門。|zh
1201|12|36|36|And be like men who are looking for their lord, when he comes back from the bride-feast; so that when he comes to the door, it will be open to him quickly.|en
1202|12|37|37|主人來了，看見僕人儆醒，那僕人就有福了。我實在告訴你們，主人必叫他們坐席，自己束上帶，進前伺候他們。|zh
1203|12|37|37|Happy are those servants who are watching when the lord comes; truly I say to you, he will make himself their servant and, placing them at the table, he will come out and give them food.|en
1204|12|38|38|或是二更天來，或是三更天來，看見僕人這樣，那僕人就有福了。|zh
1205|12|38|38|And if he comes in the second division of the night or in the third, and they are watching for him, happy are those servants.|en
1206|12|39|39|家主若知道賊甚麼時候來，就必儆醒，不容賊挖透房屋，這是你們所知道的。|zh
1207|12|39|39|But be certain of this, that if the master of the house had had knowledge of the time when the thief was coming, he would have been watching, and would not have let his house be broken into.|en
1208|12|40|40|你們也要預備；因為你們想不到的時候，人子就來了。|zh
1209|12|40|40|So be ready: for the Son of man is coming at a time when you are not looking for him.|en
1210|12|41|41|彼得說：主阿，這比喻是為我們說的呢？還是為眾人呢？|zh
1211|12|41|41|And Peter said to him, Lord, are these words said to us only, or to all men?|en
1212|12|42|42|主說：誰是那忠心有見識的管家，主人派他管理家裡的人，按時分糧給他們呢？|zh
1213|12|42|42|And the Lord said, Who then is the wise and responsible servant whom his lord will put in control of his family, to give them their food at the right time?|en
1214|12|43|43|主人來到，看見僕人這樣行，那僕人就有福了。|zh
1215|12|43|43|Happy is that servant who, when his lord comes, is doing so.|en
1216|12|44|44|我實在告訴你們，主人要派他管理一切所有的。|zh
1217|12|44|44|Truly I say to you, he will put him in control of all his goods.|en
1218|12|45|45|那僕人若心裡說：我的主人必來得遲，就動手打僕人和使女，並且吃喝醉酒；|zh
1219|12|45|45|But if that servant says to himself, My lord is a long time coming; and goes about giving blows to the men-servants and the women-servants, feasting and taking overmuch wine;|en
1220|12|46|46|在他想不到的日子，不知道的時辰，那僕人的主人要來，重重的處治他（或作：把他腰軋了），定他和不忠心的人同罪。|zh
1221|12|46|46|The lord of that servant will come at a time when he is not looking for him, and at an hour when he is not ready for him, and he will have him cut in two and will give him his part in the fate of those who have no faith;|en
1222|12|47|47|僕人知道主人的意思，卻不預備，又不順他的意思行，那僕人必多受責打；|zh
1223|12|47|47|And the servant who had knowledge of his lord's desires and was not ready for him and did not do as he was ordered, will be given a great number of blows;|en
1224|12|48|48|惟有那不知道的，做了當受責打的事，必少受責打；因為多給誰，就向誰多取；多託誰，就向誰多要。|zh
1225|12|48|48|But he who, without knowledge, did things for which punishment is given, will get only a small number of blows. The man to whom much is given, will have to give much; if much is given into his care, of him more will be requested.|en
1226|12|49|49|我來要把火丟在地上，倘若已經著起來，不也是我所願意的麼？|zh
1227|12|49|49|I came to send a fire on the earth, and it may even now have been lighted.|en
1228|12|50|50|我有當受的洗還沒有成就，我是何等的迫切呢？|zh
1229|12|50|50|But there is a baptism which I have to undergo; and how am I kept back till it is complete!|en
1230|12|51|51|你們以為我來，是叫地上太平麼？我告訴你們，不是，乃是叫人分爭。|zh
1231|12|51|51|Is it your opinion that I have come to give peace on earth? I say to you, No, but division:|en
1232|12|52|52|從今以後，一家五個人將要分爭：三個人和兩個人相爭，兩個人和三個人相爭；|zh
1233|12|52|52|For from this time, a family of five in one house will be on opposite sides, three against two and two against three.|en
1234|12|53|53|父親和兒子相爭，兒子和父親相爭；母親和女兒相爭，女兒和母親相爭；婆婆和媳婦相爭，媳婦和婆婆相爭。|zh
1235|12|53|53|They will be at war, the father against his son, and the son against his father; mother against daughter, and daughter against mother; mother-in-law against daughter-in-law, and daughter-in-law against mother-in-law.|en
1236|12|54|54|耶穌又對眾人說：你們看見西邊起了雲彩，就說：要下一陣雨；果然就有。|zh
1237|12|54|54|Then he said to the people, When you see a cloud coming up in the west, straight away you say, There will be rain; and so it is.|en
1238|12|55|55|起了南風，就說：將要燥熱；也就有了。|zh
1239|12|55|55|And when you see a south wind blowing, you say, There will be heat; and so it is.|en
1240|12|56|56|假冒為善的人哪，你們知道分辨天地的氣色，怎麼不知道分辨這時候呢？|zh
1241|12|56|56|O false ones! the face of the earth and the heaven is clear to you; how is it that the signs of these times are not as clear to you?|en
1242|12|57|57|你們又為何不自己審量甚麼是合理的呢？|zh
1243|12|57|57|And why are you, in your hearts, unable to be judges of what is right?|en
1244|12|58|58|你同告你的對頭去見官，還在路上，務要盡力的和他了結；恐怕他拉你到官面前，官交付差役，差役把你下在監裡。|zh
1245|12|58|58|For if anyone has a cause at law against you, and you are going with him before the ruler, make an attempt, on the way, to come to an agreement with him, for if you do not, he may take you before the judge and the judge will give you up to the police, and they will put you in prison.|en
1246|12|59|59|我告訴你，若有半文錢沒有還清，你斷不能從那裡出來。|zh
1247|12|59|59|I say to you, You will not come out of it till you have made payment to the very last farthing.|en
1248|13|1|1|正當那時，有人將彼拉多使加利利人的血攙雜在他們祭物中的事告訴耶穌。|zh
1249|13|1|1|Now some people who were there at that time, gave him an account of how the blood of some Galilaeans had been mixed by Pilate with their offerings.|en
1250|13|2|2|耶穌說；你們以為這些加利利人比眾加利利人更有罪，所以受這害麼？|zh
1251|13|2|2|And he, in answer, said to them, Are you of the opinion that these Galilaeans were worse than all other Galilaeans, because these things were done to them?|en
1252|13|3|3|我告訴你們，不是的！你們若不悔改，都要如此滅亡！|zh
1253|13|3|3|I say to you, It is not so: but if your hearts are not changed, you will all come to the same end.|en
1254|13|4|4|從前西羅亞樓倒塌了，壓死十八個人；你們以為那些人比一切住在耶路撒冷的人更有罪麼？|zh
1255|13|4|4|Or those eighteen men who were crushed by the fall of the tower of Siloam, were they worse than all the other men living in Jerusalem?|en
1256|13|5|5|我告訴你們，不是的！你們若不悔改，都要如此滅亡！|zh
1257|13|5|5|I say to you, It is not so: but if your hearts are not changed, you will all come to an end in the same way.|en
1258|13|6|6|於是用比喻說：一個人有一棵無花果樹栽在葡萄園裡。他來到樹前找果子，卻找不著。|zh
1259|13|6|6|And he made up this story for them: A certain man had a fig-tree in his garden, and he came to get fruit from it, and there was no fruit.|en
1260|13|7|7|就對管園的說：看哪，我這三年來到這無花果樹前找果子，竟找不著。把他砍了罷，何必白佔地土呢！|zh
1261|13|7|7|And he said to the gardener, See, for three years I have been looking for fruit from this tree, and I have not had any: let it be cut down; why is it taking up space?|en
1262|13|8|8|管園的說：主阿，今年且留著，等我周圍掘開土，加上糞；|zh
1263|13|8|8|And he said, Lord, let it be for this year, and I will have the earth turned up round it, and put animal waste on it, to make it fertile:|en
1264|13|9|9|以後若結果子便罷，不然再把他砍了。|zh
1265|13|9|9|And if, after that, it has fruit, it is well; if not, let it be cut down.|en
1266|13|10|10|安息日，耶穌在會堂裡教訓人。|zh
1267|13|10|10|And he was teaching in one of the Synagogues on the Sabbath.|en
1268|13|11|11|有一個女人被鬼附著，病了十八年，腰彎得一點直不起來。|zh
1269|13|11|11|And there was a woman who had had a disease for eighteen years; she was bent, and was not able to make herself straight.|en
1270|13|12|12|耶穌看見，便叫過他來，對他說：女人，你脫離這病了！|zh
1271|13|12|12|And when Jesus saw her, he said to her, Woman, you are made free from your disease.|en
1272|13|13|13|於是用兩隻手按著他；他立刻直起腰來，就歸榮耀與神。|zh
1273|13|13|13|And he put his hands on her, and she was made straight, and gave praise to God.|en
1274|13|14|14|管會堂的因為耶穌在安息日治病，就氣忿忿的對眾人說：有六日應當做工；那六日之內可以來求醫，在安息日卻不可。|zh
1275|13|14|14|And the ruler of the Synagogue was angry because Jesus had made her well on the Sabbath, and he said to the people, There are six days in which men may do work: so come on those days to be made well, and not on the Sabbath.|en
1276|13|15|15|主說：假冒為善的人哪，難道你們各人在安息日不解開槽上的牛、驢，牽去飲麼？|zh
1277|13|15|15|But the Lord gave him an answer and said, O you false men! do you not, every one of you, on the Sabbath, let loose his ox and his ass and take it to the water?|en
1278|13|16|16|況且這女人本是亞伯拉罕的後裔，被撒但捆綁了這十八年，不當在安息日解開他的綁麼？|zh
1279|13|16|16|And is it not right for this daughter of Abraham, who has been in the power of Satan for eighteen years, to be made free on the Sabbath?|en
1280|13|17|17|耶穌說這話，他的敵人都慚愧了；眾人因他所行一切榮耀的事，就都歡喜了。|zh
1281|13|17|17|And when he said these things, those who were against him were shamed, and all the people were full of joy because of the great things which were done by him.|en
1282|13|18|18|耶穌說：神的國好像甚麼？我拿甚麼來比較呢？|zh
1283|13|18|18|Then he said, What is the kingdom of God like? what comparison may I make of it?|en
1284|13|19|19|好像一粒芥菜種，有人拿去種在園子裡，長大成樹，天上的飛鳥宿在他的枝上。|zh
1285|13|19|19|It is like a grain of mustard seed which a man took and put in his garden, and it became a tree, and the birds of heaven made their resting-places in its branches.|en
1286|13|20|20|又說：我拿甚麼來比神的國呢？|zh
1287|13|20|20|And again he said, What is the kingdom of God like?|en
1288|13|21|21|好比麵酵，有婦人拿來藏在三斗麵裡，直等全糰都發起來。|zh
1289|13|21|21|It is like leaven, which a woman put into three measures of meal, and it was all leavened.|en
1290|13|22|22|耶穌往耶路撒冷去，在所經過的各城各鄉教訓人。|zh
1291|13|22|22|And he went on his way, through towns and country places, teaching and journeying to Jerusalem.|en
1292|13|23|23|有一個人問他說：主阿，得救的人少麼？|zh
1293|13|23|23|And someone said to him, Lord, will only a small number have salvation? And he said to them,|en
1294|13|24|24|耶穌對眾人說：你們要努力進窄門。我告訴你們，將來有許多人想要進去，卻是不能。|zh
1295|13|24|24|Do your best to go in by the narrow door, for I say to you, A number will make the attempt to go in, but will not be able to do so.|en
1296|13|25|25|及至家主起來關了門，你們站在外面叩門，說：主阿，給我們開門！他就回答說：我不認識你們，不曉得你們是那裡來的！|zh
1297|13|25|25|When the master of the house has got up, and the door has been shut, and you, still outside, give blows on the door, saying, Lord, let us in; he will make answer and say, I have no knowledge of where you come from.|en
1298|13|26|26|那時，你們要說：我們在你面前吃過喝過，你也在我們的街上教訓過人。|zh
1299|13|26|26|Then you will say, We have taken food and drink with you, and you were teaching in our streets.|en
1300|13|27|27|他要說：我告訴你們，我不曉得你們是那裡來的。你們這一切作惡的人，離開我去罷！|zh
1301|13|27|27|But he will say, Truly, I have no knowledge of you or where you come from; go away from me, you workers of evil.|en
1302|13|28|28|你們要看見亞伯拉罕、以撒、雅各，和眾先知都在神的國裡，你們卻被趕到外面，在那裡必要哀哭切齒了。|zh
1303|13|28|28|There will be weeping and cries of sorrow when you see Abraham, Isaac, and Jacob, and all the prophets, in the kingdom of God, but you yourselves are shut outside.|en
1304|13|29|29|從東、從西、從南、從北將有人來，在神的國裡坐席。|zh
1305|13|29|29|And they will come from the east and from the west, from the north and from the south, and take their places in the kingdom of God.|en
1306|13|30|30|只是有在後的，將要在前；有在前的，將要在後。|zh
1307|13|30|30|And the last will be first, and the first will be last.|en
1308|13|31|31|正當那時，有幾個法利賽人來對耶穌說：離開這裡去罷，因為希律想要殺你。|zh
1309|13|31|31|At that time, certain Pharisees came to him and said, Go away from this place, because Herod's purpose is to put you to death.|en
1310|13|32|32|耶穌說：你們去告訴那個狐狸說：今天、明天我趕鬼治病，第三天我的事就成全了。|zh
1311|13|32|32|And he said, Go and say to that fox, I send out evil spirits and do works of mercy today and tomorrow, and on the third day my work will be complete.|en
1312|13|33|33|雖然這樣，今天、明天、後天，我必須前行，因為先知在耶路撒冷之外喪命是不能的。|zh
1313|13|33|33|But I have to go on my way today and tomorrow and the third day, for it is not right for a prophet to come to his death outside Jerusalem.|en
1314|13|34|34|耶路撒冷阿！耶路撒冷阿！你常殺害先知，又用石頭打死那奉差遣到你這裡來的人。我多次願意聚集你的兒女，好像母雞把小雞聚集在翅膀底下，只是你們不願意。|zh
1315|13|34|34|O Jerusalem, Jerusalem, putting to death the prophets, and stoning those who were sent to her! again and again would I have taken your children to myself, as a bird takes her young ones under her wings, but you would not!|en
1316|13|35|35|看哪，你們的家成為荒場留給你們。我告訴你們，從今以後你們不得再見我，直等到你們說：奉主名來的是應當稱頌的。|zh
1317|13|35|35|Now see, your house is waste, and I say to you, You will not see me again till you say, A blessing on him who comes in the name of the Lord.|en
1318|14|1|1|安息日，耶穌到一個法利賽人的首領家裡去吃飯，他們就窺探他。|zh
1319|14|1|1|And it came about that when he went into the house of one of the chief Pharisees on the Sabbath, to have a meal, they were watching him.|en
1320|14|2|2|在他面前有一個患水臌的人。|zh
1321|14|2|2|And a certain man was there who had a disease.|en
1322|14|3|3|耶穌對律法師和法利賽人說：安息日治病，可以不可以？|zh
1323|14|3|3|And Jesus, answering, said to the scribes and Pharisees, Is it right to make people well on the Sabbath or not?|en
1324|14|4|4|他們卻不言語。耶穌就治好那人，叫他走了；|zh
1325|14|4|4|But they said nothing. And he made him well and sent him away.|en
1326|14|5|5|便對他們說：你們中間誰有驢或有牛，在安息日掉在井裡，不立時拉他上來呢？|zh
1327|14|5|5|And he said to them, Which of you, whose ox or ass has got into a water-hole, will not straight away get him out on the Sabbath?|en
1328|14|6|6|他們不能對答這話。|zh
1329|14|6|6|And they had no answer to that question.|en
1330|14|7|7|耶穌見所請的客揀擇首位，就用比喻對他們說：|zh
1331|14|7|7|And he gave teaching in the form of a story to the guests who came to the feast, when he saw how they took the best seats; saying to them,|en
1332|14|8|8|你被人請去赴婚姻的筵席，不要坐在首位上，恐怕有比你尊貴的客被他請來；|zh
1333|14|8|8|When you get a request to come to a feast, do not take the best seat, for a more important man than you may be coming,|en
1334|14|9|9|那請你們的人前來對你說：讓座給這一位罷！你就羞羞慚慚的退到末位上去了。|zh
1335|14|9|9|And then the giver of the feast will come to you and say, Give your place to this man; and you, with shame, will have to take the lowest seat.|en
1336|14|10|10|你被請的時候，就去坐在末位上，好叫那請你的人來對你說：朋友，請上坐。那時，你在同席的人面前就有光彩了。|zh
1337|14|10|10|But when you come, go and take the lowest seat, so that when the giver of the feast comes, he may say to you, Friend, come up higher; and then you will have honour in the eyes of all the others who are there.|en
1338|14|11|11|因為，凡自高的，必降為卑，自卑的，必升為高。|zh
1339|14|11|11|For every man who gives himself a high place will be put down, but he who takes a low place will be lifted up.|en
1340|14|12|12|耶穌又對請他的人說：你擺設午飯或晚飯，不要請你的朋友、弟兄、親屬，和富足的鄰舍，恐怕他們也請你，你就得了報答。|zh
1341|14|12|12|And he said to the master of the house, When you give a feast, do not send for your friends and your brothers and your family or your neighbours who have wealth, for they may give a feast for you, and so you will get a reward.|en
1342|14|13|13|你擺設筵席，倒要請那貧窮的、殘廢的、瘸腿的、瞎眼的，你就有福了！|zh
1343|14|13|13|But when you give a feast, send for the poor and the blind and those who are broken in body:|en
1344|14|14|14|因為他們沒有甚麼可報答你。到義人復活的時候，你要得著報答。|zh
1345|14|14|14|And you will have a blessing, because they will not be able to give you any payment, and you will get your reward when the upright come back from the dead.|en
1346|14|15|15|同席的有一人聽見這話，就對耶穌說：在神國裡吃飯的有福了！|zh
1347|14|15|15|And, hearing these words, one of those who were at table with him said to him, Happy is the man who will be a guest in the kingdom of God.|en
1348|14|16|16|耶穌對他說：有一人擺設大筵席，請了許多客。|zh
1349|14|16|16|And he said to them, A certain man gave a great feast, and sent word of it to a number of people.|en
1350|14|17|17|到了坐席的時候，打發僕人去對所請的人說：請來罷！樣樣都齊備了。|zh
1351|14|17|17|And when the time had come, he sent his servants to say to them, Come, for all things are now ready.|en
1352|14|18|18|眾人一口同音的推辭。頭一個說：我買了一塊地，必須去看看。請你准我辭了。|zh
1353|14|18|18|And they all gave reasons why they were not able to come. The first said to him, I have got a new field, and it is necessary for me to go and see it: I am full of regret that I am unable to come.|en
1354|14|19|19|又有一個說：我買了五對牛，要去試一試。請你准我辭了。|zh
1355|14|19|19|And another said, I have got some cattle, and I am going to make a test of them: I am full of regret that I am unable to come.|en
1356|14|20|20|又有一個說：我才娶了妻，所以不能去。|zh
1357|14|20|20|And another said, I have been married, and so I am not able to come.|en
1358|14|21|21|那僕人回來，把這事都告訴了主人。家主就動怒，對僕人說：快出去，到城裡大街小巷，領那貧窮的、殘廢的、瞎眼的、瘸腿的來。|zh
1359|14|21|21|And the servant came back and gave his master an account of these things. Then the master of the house was angry and said to the servant, Go out quickly into the streets of the town and get the poor, the blind, and those who are broken in body.|en
1360|14|22|22|僕人說：主阿，你所吩咐的已經辦了，還有空座。|zh
1361|14|22|22|And the servant said, Lord, your orders have been done, and still there is room.|en
1362|14|23|23|主人對僕人說，你出去到路上和籬笆那裡，勉強人進來，坐滿我的屋子。|zh
1363|14|23|23|And the lord said to the servant, Go out into the roads and the fields, and make them come in, so that my house may be full.|en
1364|14|24|24|我告訴你們，先前所請的人，沒有一個得嘗我的筵席。|zh
1365|14|24|24|For I say to you that not one of those who were requested to come will have a taste of my feast.|en
1366|14|25|25|有極多的人和耶穌同行。他轉過來對他們說：|zh
1367|14|25|25|Now a great number of people went with him.|en
1368|14|26|26|人到我這裡來，若不愛我勝過愛（愛我勝過愛：原文是恨）自己的父母、妻子、兒女、弟兄、姐妹，和自己的性命，就不能作我的門徒。|zh
1369|14|26|26|And turning round, he said to them, If any man comes to me, and has not hate for his father and mother and wife and children and brothers and sisters, and even for his life, he may not be my disciple.|en
1370|14|27|27|凡不背著自己十字架跟從我的，也不能作我的門徒。|zh
1371|14|27|27|Whoever does not take up his cross and come after me may not be my disciple.|en
1372|14|28|28|你們那一個要蓋一座樓，不先坐下算計花費，能蓋成不能呢？|zh
1373|14|28|28|For which of you, desiring to put up a tower, does not first give much thought to the price, if he will have enough to make it complete?|en
1374|14|29|29|恐怕安了地基，不能成功，看見的人都笑話他，說：|zh
1375|14|29|29|For fear that if he makes a start and is not able to go on with it to the end, all who see it will be laughing at him,|en
1376|14|30|30|這個人開了工，卻不能完工。|zh
1377|14|30|30|And saying, This man made a start at building and is not able to make it complete.|en
1378|14|31|31|或是一個王出去和別的王打仗，豈不先坐下酌量，能用一萬兵去敵那領二萬兵來攻打他的麼？|zh
1379|14|31|31|Or what king, going to war with another king, will not first take thought if he will be strong enough, with ten thousand men, to keep off him who comes against him with twenty thousand?|en
1380|14|32|32|若是不能，就趁敵人還遠的時候，派使者去求和息的條款。|zh
1381|14|32|32|Or while the other is still a great distance away, he sends representatives requesting conditions of peace.|en
1382|14|33|33|這樣，你們無論甚麼人，若不撇下一切所有的，就不能作我的門徒。|zh
1383|14|33|33|And so whoever is not ready to give up all he has may not be my disciple.|en
1384|14|34|34|鹽本是好的；鹽若失了味，可用甚麼叫他再鹹呢？|zh
1385|14|34|34|For salt is good, but if the taste goes from it, of what use is it?|en
1386|14|35|35|或用在田裡，或堆在糞裡，都不合式，只好丟在外面。有耳可聽的，就應當聽！|zh
1387|14|35|35|It is no good for the land or for the place of waste; no one has a use for it. He who has ears, let him give ear.|en
1388|15|1|1|眾稅吏和罪人都挨近耶穌，要聽他講道。|zh
1389|15|1|1|Now all the tax-farmers and sinners came near to give ear to him.|en
1390|15|2|2|法利賽人和文士私下議論說：這個人接待罪人，又同他們吃飯。|zh
1391|15|2|2|And the Pharisees and scribes were angry, saying, This man gives approval to sinners, and takes food with them.|en
1392|15|3|3|耶穌就用比喻說：|zh
1393|15|3|3|And he made a story for them, saying,|en
1394|15|4|4|你們中間誰有一百隻羊失去一隻，不把這九十九隻撇在曠野、去找那失去的羊，直到找著呢？|zh
1395|15|4|4|What man of you, having a hundred sheep, if one of them gets loose and goes away, will not let the ninety-nine be in the waste land by themselves, and go after the wandering one, till he sees where it is?|en
1396|15|5|5|找著了，就歡歡喜喜的扛在肩上，回到家裡，|zh
1397|15|5|5|And when he has got it again, he takes it in his arms with joy.|en
1398|15|6|6|就請朋友鄰舍來，對他們說：我失去的羊已經找著了，你們和我一同歡喜罷！|zh
1399|15|6|6|And when he gets back to his house, he sends for his neighbours and friends, saying to them, Be glad with me, for I have got back my sheep which had gone away.|en
1400|15|7|7|我告訴你們，一個罪人悔改，在天上也要這樣為他歡喜，較比為九十九個不用悔改的義人歡喜更大。|zh
1401|15|7|7|I say to you that even so there will be more joy in heaven when one sinner is turned away from his wrongdoing, than for ninety-nine good men, who have no need of a change of heart.|en
1402|15|8|8|或是一個婦人有十塊錢，若失落一塊，豈不點上燈，打掃屋子，細細的找，直到找著麼？|zh
1403|15|8|8|Or what woman, having ten bits of silver, if one bit has gone from her hands, will not get a light, and go through her house, searching with care till she sees it?|en
1404|15|9|9|找著了，就請朋友鄰舍來，對他們說：我失落的那塊錢已經找著了，你們和我一同歡喜罷！|zh
1405|15|9|9|And when she has it again, she gets her friends and neighbours together, saying, Be glad with me, for I have got back the bit of silver which had gone from me.|en
1406|15|10|10|我告訴你們，一個罪人悔改，在神的使者面前也是這樣為他歡喜。」|zh
1407|15|10|10|Even so, I say to you, There is joy among the angels of God, when one sinner is turned away from his wrongdoing.|en
1408|15|11|11|耶穌又說：一個人有兩個兒子。|zh
1409|15|11|11|And he said, A certain man had two sons:|en
1410|15|12|12|小兒子對父親說：父親，請你把我應得的家業分給我。他父親就把產業分給他們。|zh
1411|15|12|12|And the younger of them said to his father, Father, give me that part of your property which will be mine. And he made division of his goods between them.|en
1412|15|13|13|過了不多幾日，小兒子就把他一切所有的都收拾起來，往遠方去了。在那裡任意放蕩，浪費貲財。|zh
1413|15|13|13|And not long after, the younger son got together everything which was his and took a journey into a far-away country, and there all his money went in foolish living.|en
1414|15|14|14|既耗盡了一切所有的，又遇著那地方大遭饑荒，就窮苦起來。|zh
1415|15|14|14|And when everything was gone, there was no food to be had in that country, and he was in need.|en
1416|15|15|15|於是去投靠那地方的一個人；那人打發他到田裡去放豬。|zh
1417|15|15|15|And he went and put himself into the hands of one of the people of that country, and he sent him into his fields to give the pigs their food.|en
1418|15|16|16|他恨不得拿豬所吃的豆莢充飢，也沒有人給他。|zh
1419|15|16|16|And so great was his need that he would have been glad to take the pigs' food, and no one gave him anything.|en
1420|15|17|17|他醒悟過來，就說：我父親有多少的雇工，口糧有餘，我倒在這裡餓死麼？|zh
1421|15|17|17|But when he came to his senses, he said, What numbers of my father's servants have bread enough, and more, while I am near to death here through need of food!|en
1422|15|18|18|我要起來，到我父親那裡去，向他說：父親！我得罪了天，又得罪了你；|zh
1423|15|18|18|I will get up and go to my father, and will say to him, Father, I have done wrong, against heaven and in your eyes:|en
1424|15|19|19|從今以後，我不配稱為你的兒子，把我當作一個雇工罷！|zh
1425|15|19|19|I am no longer good enough to be named your son: make me like one of your servants.|en
1426|15|20|20|於是起來，往他父親那裡去。相離還遠，他父親看見，就動了慈心，跑去抱著他的頸項，連連與他親嘴。|zh
1427|15|20|20|And he got up and went to his father. But while he was still far away, his father saw him and was moved with pity for him and went quickly and took him in his arms and gave him a kiss.|en
1428|15|21|21|兒子說：父親！我得罪了天，又得罪了你；從今以後，我不配稱為你的兒子。|zh
1429|15|21|21|And his son said to him, Father, I have done wrong, against heaven and in your eyes: I am no longer good enough to be named your son.|en
1430|15|22|22|父親卻吩咐僕人說：把那上好的袍子快拿出來給他穿；把戒指戴在他指頭上；把鞋穿在他腳上；|zh
1431|15|22|22|But the father said to his servants, Get out the first robe quickly, and put it on him, and put a ring on his hand and shoes on his feet:|en
1432|15|23|23|把那肥牛犢牽來宰了，我們可以吃喝快樂；|zh
1433|15|23|23|And get the fat young ox and put it to death, and let us have a feast, and be glad.|en
1434|15|24|24|因為我這個兒子是死而復活，失而又得的。他們就快樂起來。|zh
1435|15|24|24|For this, my son, who was dead, is living again; he had gone away from me, and has come back. And they were full of joy.|en
1436|15|25|25|那時，大兒子正在田裡。他回來，離家不遠，聽見作樂跳舞的聲音，|zh
1437|15|25|25|Now the older son was in the field: and when he came near the house, the sounds of music and dancing came to his ears.|en
1438|15|26|26|便叫過一個僕人來，問是甚麼事。|zh
1439|15|26|26|And he sent for one of the servants, questioning him about what it might be.|en
1440|15|27|27|僕人說：你兄弟來了；你父親因為得他無災無病的回來，把肥牛犢宰了。|zh
1441|15|27|27|And he said to him, Your brother has come; and your father has had the young ox put to death because he has come back safely.|en
1442|15|28|28|大兒子卻生氣，不肯進去；他父親就出來勸他。|zh
1443|15|28|28|But he was angry and would not go in; and his father came out and made a request to him to come in.|en
1444|15|29|29|他對父親說：我服事你這多年，從來沒有違背過你的命，你並沒有給我一隻山羊羔，叫我和朋友一同快樂。|zh
1445|15|29|29|But he made answer and said to his father, See, all these years I have been your servant, doing your orders in everything: and you never gave me even a young goat so that I might have a feast with my friends:|en
1446|15|30|30|但你這個兒子和娼妓吞盡了你的產業，他一來了，你倒為他宰了肥牛犢。|zh
1447|15|30|30|But when this your son came, who has been wasting your property with bad women, you put to death the fat young ox for him.|en
1448|15|31|31|父親對他說：兒阿！你常和我同在，我一切所有的都是你的；|zh
1449|15|31|31|And he said to him, Son, you are with me at all times, and all I have is yours.|en
1450|15|32|32|只是你這個兄弟是死而復活、失而又得的，所以我們理當歡喜快樂。|zh
1451|15|32|32|But it was right to be glad and to have a feast; for this your brother, who was dead, is living again; he had gone away and has come back.|en
1452|16|1|1|耶穌又對門徒說：有一個財主的管家，別人向他主人告他浪費主人的財物。|zh
1453|16|1|1|And another time he said to the disciples, There was a certain man of great wealth who had a servant; and it was said to him that this servant was wasting his goods.|en
1454|16|2|2|主人叫他來，對他說：我聽見你這事怎麼樣呢？把你所經管的交代明白，因你不能再作我的管家。|zh
1455|16|2|2|And he sent for him and said, What is this which is said about you? give me an account of all you have done, for you will no longer be the manager of my property.|en
1456|16|3|3|那管家心裡說：主人辭我，不用我再作管家，我將來作甚麼？鋤地呢？無力；討飯呢？怕羞。|zh
1457|16|3|3|And the servant said to himself, What am I to do now that my lord takes away my position? I have not enough strength for working in the fields, and I would be shamed if I made requests for money from people in the streets.|en
1458|16|4|4|我知道怎麼行，好叫人在我不作管家之後，接我到他們家裡去。|zh
1459|16|4|4|I have come to a decision what to do, so that when I am put out of my position they will take me into their houses.|en
1460|16|5|5|於是把欠他主人債的，一個一個的叫了來，問頭一個說：你欠我主人多少？|zh
1461|16|5|5|And sending for every one who was in debt to his lord he said to the first, What is the amount of your debt to my lord?|en
1462|16|6|6|他說：一百簍（每簍約五十斤）油。管家說：拿你的賬，快坐下，寫五十。|zh
1463|16|6|6|And he said, A hundred measures of oil. And he said, Take your account straight away and put down fifty.|en
1464|16|7|7|又問一個說：你欠多少？他說：一百石麥子。管家說：拿你的賬，寫八十。|zh
1465|16|7|7|Then he said to another, What is the amount of your debt? And he said, A hundred measures of grain. And he said to him, Take your account and put down eighty.|en
1466|16|8|8|主人就誇獎這不義的管家做事聰明。因為今世之子，在世事之上，較比光明之子更加聰明。|zh
1467|16|8|8|And his lord was pleased with the false servant, because he had been wise; for the sons of this world are wiser in relation to their generation than the sons of light.|en
1468|16|9|9|我又告訴你們，要藉著那不義的錢財結交朋友，到了錢財無用的時候，他們可以接你們到永存的帳幕裡去。|zh
1469|16|9|9|And I say to you, Make friends for yourselves through the wealth of this life, so that when it comes to an end, you may be taken into the eternal resting-places.|en
1470|16|10|10|人在最小的事上忠心，在大事上也忠心；在最小的事上不義，在大事上也不義。|zh
1471|16|10|10|He who is true in a little, is true in much; he who is false in small things, is false in great.|en
1472|16|11|11|倘若你們在不義的錢財上不忠心，誰還把那真實的錢財託付你們呢？|zh
1473|16|11|11|If, then, you have not been true in your use of the wealth of this life, who will give into your care the true wealth?|en
1474|16|12|12|倘若你們在別人的東西上不忠心，誰還把你們自己的東西給你們呢？|zh
1475|16|12|12|And if you have not been true in your care of the property of other people, who will give you that which is yours?|en
1476|16|13|13|一個僕人不能事奉兩個主；不是惡這個愛那個，就是重這個輕那個。你們不能又事奉神，又事奉瑪門。|zh
1477|16|13|13|No man may be a servant to two masters: for he will have hate for the one and love for the other; or he will keep to the one and have no respect for the other. You may not be servants of God and of wealth.|en
1478|16|14|14|法利賽人是貪愛錢財的，他們聽見這一切話，就嗤笑耶穌。|zh
1479|16|14|14|And the Pharisees, who had a great love of money, hearing these things, were making sport of him.|en
1480|16|15|15|耶穌對他們說：你們是在人面前自稱為義的，你們的心，神卻知道；因為人所尊貴的，是神看為可憎惡的。|zh
1481|16|15|15|And he said, You take care to seem right in the eyes of men, but God sees your hearts: and those things which are important in the opinion of men, are evil in the eyes of God.|en
1482|16|16|16|律法和先知到約翰為止，從此神國的福音傳開了，人人努力要進去。|zh
1483|16|16|16|The law and the prophets were till John: but then came the preaching of the kingdom of God, and everyone makes his way into it by force.|en
1484|16|17|17|天地廢去較比律法的一點一畫落空還容易。|zh
1485|16|17|17|But heaven and earth will come to an end before the smallest letter of the law may be dropped out.|en
1486|16|18|18|凡休妻另娶的就是犯姦淫；娶被休之妻的也是犯姦淫。|zh
1487|16|18|18|Everyone who puts away his wife and takes another, is a false husband: and he who is married to a woman whose husband has put her away, is no true husband to her.|en
1488|16|19|19|有一個財主穿著紫色袍和細麻布衣服，天天奢華宴樂。|zh
1489|16|19|19|Now there was a certain man of great wealth, who was dressed in fair clothing of purple and delicate linen, and was shining and glad every day.|en
1490|16|20|20|又有一個討飯的，名叫拉撒路，渾身生瘡，被人放在財主門口，|zh
1491|16|20|20|And a certain poor man, named Lazarus, was stretched out at his door, full of wounds,|en
1492|16|21|21|要得財主桌子上掉下來的零碎充飢；並且狗來餂他的瘡。|zh
1493|16|21|21|Desiring the broken bits of food which came from the table of the man of wealth; and even the dogs came and put their tongues on his wounds.|en
1494|16|22|22|後來那討飯的死了，被天使帶去放在亞伯拉罕的懷裡。財主也死了，並且埋葬了。|zh
1495|16|22|22|And in time the poor man came to his end, and angels took him to Abraham's breast. And the man of wealth came to his end, and was put in the earth.|en
1496|16|23|23|他在陰間受痛苦，舉目遠遠的望見亞伯拉罕，又望見拉撒路在他懷裡，|zh
1497|16|23|23|And in hell, being in great pain, lifting up his eyes he saw Abraham, far away, and Lazarus on his breast.|en
1498|16|24|24|就喊著說：我祖亞伯拉罕哪，可憐我罷！打發拉撒路來，用指頭尖蘸點水，涼涼我的舌頭；因為我在這火燄裡，極其痛苦。|zh
1499|16|24|24|And he gave a cry and said, Father Abraham, have mercy on me and send Lazarus, so that he may put the end of his finger in water and put it on my tongue, for I am cruelly burning in this flame.|en
1500|16|25|25|亞伯拉罕說：兒阿，你該回想你生前享過福，拉撒路也受過苦；如今他在這裡得安慰，你倒受痛苦。|zh
1501|16|25|25|But Abraham said, Keep in mind, my son, that when you were living, you had your good things, while Lazarus had evil things: but now, he is comforted and you are in pain.|en
1502|16|26|26|不但這樣，並且在你我之間，有深淵限定，以致人要從這邊過到你們那邊是不能的；要從那邊過到我們這邊也是不能的。|zh
1503|16|26|26|And in addition, there is a deep division fixed between us and you, so that those who might go from here to you are not able to do so, and no one may come from you to us.|en
1504|16|27|27|財主說：我祖阿！既是這樣，求你打發拉撒路到我父家去；|zh
1505|16|27|27|And he said, Father, it is my request that you will send him to my father's house;|en
1506|16|28|28|因為我還有五個弟兄，他可以對他們作見證，免得他們也來到這痛苦的地方。|zh
1507|16|28|28|For I have five brothers; and let him give them an account of these things, so that they may not come to this place of pain.|en
1508|16|29|29|亞伯拉罕說：他們有摩西和先知的話可以聽從。|zh
1509|16|29|29|But Abraham said, They have Moses and the prophets; let them give ear to what they say.|en
1510|16|30|30|他說：我祖亞伯拉罕哪，不是的，若有一個從死裡復活的，到他們那裡去的，他們必要悔改。|zh
1511|16|30|30|And he said, No, father Abraham, but if someone went to them from the dead, their hearts would be changed.|en
1512|16|31|31|亞伯拉罕說：若不聽從摩西和先知的話，就是有一個從死裡復活的，他們也是不聽勸。|zh
1513|16|31|31|And he said to him, If they will not give attention to Moses and the prophets, they will not be moved even if someone comes back from the dead.|en
1514|17|1|1|耶穌又對門徒說：絆倒人的事是免不了的；但那絆倒人的有禍了。|zh
1515|17|1|1|And he said to his disciples, It is necessary for causes of trouble to come about, but unhappy is he by whom they come.|en
1516|17|2|2|就是把磨石拴在這人的頸項上，丟在海裡，還強如他把這小子裡的一個絆倒了。|zh
1517|17|2|2|It would be well for him if a great stone was put round his neck and he was dropped into the sea, before he made trouble for any of these little ones.|en
1518|17|3|3|你們要謹慎！若是你的弟兄得罪你，就勸戒他；他若懊悔，就饒恕他。|zh
1519|17|3|3|Give attention to yourselves: if your brother does wrong, say a sharp word to him; and if he has sorrow for his sin, let him have forgiveness.|en
1520|17|4|4|倘若他一天七次得罪你，又七次回轉，說：我懊悔了，你總要饒恕他。|zh
1521|17|4|4|And if he does you wrong seven times in a day, and seven times comes to you and says, I have regret for what I have done; let him have forgiveness.|en
1522|17|5|5|使徒對主說：求主加增我們的信心。|zh
1523|17|5|5|And the twelve said to the Lord, Make our faith greater.|en
1524|17|6|6|主說：你們若有信心像一粒芥菜種，就是對這棵桑樹說：你要拔起根來，栽在海裡，他也必聽從你們。|zh
1525|17|6|6|And the Lord said, If your faith was only as great as a grain of mustard seed, you might say to this tree, Be rooted up and planted in the sea; and it would be done.|en
1526|17|7|7|你們誰有僕人耕地或是放羊，從田裡回來，就對他說：你快來坐下吃飯呢？|zh
1527|17|7|7|But which of you, having a servant who is ploughing or keeping sheep, will say to him, when he comes in from the field, Come now and be seated and have a meal,|en
1528|17|8|8|豈不對他說：你給我預備晚飯，束上帶子伺候我，等我吃喝完了，你才可以吃喝麼？|zh
1529|17|8|8|Will he not say, Get a meal for me, and make yourself ready and see to my needs till I have had my food and drink; and after that you may have yours?|en
1530|17|9|9|僕人照所吩咐的去做，主人還謝謝他麼？|zh
1531|17|9|9|Does he give praise to the servant because he did what was ordered?|en
1532|17|10|10|這樣，你們做完了一切所吩咐的，只當說：我們是無用的僕人，所做的本是我們應分做的。|zh
1533|17|10|10|In the same way, when you have done all the things which are given you to do, say, There is no profit in us, for we have only done what we were ordered to do.|en
1534|17|11|11|耶穌往耶路撒冷去，經過撒瑪利亞和加利利。|zh
1535|17|11|11|And it came about that when they were on the way to Jerusalem he went through Samaria and Galilee.|en
1536|17|12|12|進入一個村子，有十個長大痲瘋的，迎面而來，遠遠的站著，|zh
1537|17|12|12|And when he went into a certain small town he came across ten men who were lepers, and they, keeping themselves at a distance,|en
1538|17|13|13|高聲說：耶穌，夫子，可憐我們罷！|zh
1539|17|13|13|Said, in loud voices, Jesus, Master, have mercy on us.|en
1540|17|14|14|耶穌看見，就對他們說：你們去把身體給祭司察看。他們去的時候就潔淨了。|zh
1541|17|14|14|And when he saw them he said, Go, and let the priests see you. And, while they were going, they were made clean.|en
1542|17|15|15|內中有一個見自己已經好了，就回來大聲歸榮耀與神，|zh
1543|17|15|15|And one of them, when he saw that he was clean, turning back, gave praise to God in a loud voice;|en
1544|17|16|16|又俯伏在耶穌腳前感謝他；這人是撒瑪利亞人。|zh
1545|17|16|16|And, falling down on his face at the feet of Jesus, he gave the credit to him; and he was a man of Samaria.|en
1546|17|17|17|耶穌說：潔淨了的不是十個人麼？那九個在那裡呢？|zh
1547|17|17|17|And Jesus said, Were there not ten men who were made clean? where are the nine?|en
1548|17|18|18|除了這外族人，再沒有別人回來歸榮耀與神麼？|zh
1549|17|18|18|Have not any of them come back to give glory to God, but only this one from a strange land?|en
1550|17|19|19|就對那人說：起來，走罷！你的信救了你了。|zh
1551|17|19|19|And he said to him, Get up, and go on your way; your faith has made you well.|en
1552|17|20|20|法利賽人問：神的國幾時來到？耶穌回答說：神的國來到不是眼所能見的。|zh
1553|17|20|20|And when the Pharisees put questions to him about when the kingdom of God would come, he gave them an answer and said, The kingdom of God will not come through observation:|en
1554|17|21|21|人也不得說：看哪，在這裡！看哪，在那裡！因為神的國就在你們心裡（心裡：或作中間）。|zh
1555|17|21|21|And men will not say, See, it is here! or, There! for the kingdom of God is among you.|en
1556|17|22|22|他又對門徒說：日子將到，你們巴不得看見人子的一個日子，卻不得看見。|zh
1557|17|22|22|And he said to his disciples, The time will come when you will have a great desire to see one of the days of the Son of man, but you will not see it.|en
1558|17|23|23|人將要對你們說：看哪，在那裡！看哪，在這裡！你們不要出去，也不要跟隨他們！|zh
1559|17|23|23|And if they say to you, See, it is there! or, It is here! do not go away, or go after them.|en
1560|17|24|24|因為人子在他降臨的日子，好像閃電從天這邊一閃直照到天那邊。|zh
1561|17|24|24|For as in a thunderstorm the bright light is seen from one end of the sky to the other, so will the Son of man be when his time comes.|en
1562|17|25|25|只是他必須先受許多苦，又被這世代棄絕。|zh
1563|17|25|25|But first, he will have to undergo much and be put on one side by this generation.|en
1564|17|26|26|挪亞的日子怎樣，人子的日子也要怎樣。|zh
1565|17|26|26|And as it was in the days of Noah, so will it be in the day of the Son of man.|en
1566|17|27|27|那時候的人又吃又喝，又娶又嫁，到挪亞進方舟的那日，洪水就來，把他們全都滅了。|zh
1567|17|27|27|They were feasting and taking wives and getting married, till the day of the overflowing of the waters, when Noah went into the ark, and they all came to destruction.|en
1568|17|28|28|又好像羅得的日子；人又吃又喝，又買又賣，又耕種又蓋造。|zh
1569|17|28|28|In the same way, in the days of Lot; they were feasting and trading, they were planting and building;|en
1570|17|29|29|到羅得出所多瑪的那日，就有火與硫磺從天上降下來，把他們全都滅了。|zh
1571|17|29|29|But on the day when Lot went out of Sodom, fire came down from heaven and destruction came on them all.|en
1572|17|30|30|人子顯現的日子也要這樣。|zh
1573|17|30|30|So will it be in the day of the revelation of the Son of man.|en
1574|17|31|31|當那日，人在房上，器具在屋裡，不要下來拿；人在田裡，也不要回家。|zh
1575|17|31|31|On that day, if anyone is on the roof of the house, and his goods are in the house, let him not go down to take them away; and let him who is in the field not go back to his house.|en
1576|17|32|32|你們要回想羅得的妻子。|zh
1577|17|32|32|Keep in mind Lot's wife.|en
1578|17|33|33|凡想要保全生命的，必喪掉生命；凡喪掉生命的，必救活生命。|zh
1579|17|33|33|If anyone makes an attempt to keep his life, it will be taken from him, but if anyone gives up his life, he will keep it.|en
1580|17|34|34|我對你們說，當那一夜，兩個人在一個床上，要取去一個，撇下一個。|zh
1581|17|34|34|I say to you, In that night there will be two men sleeping in one bed, and one will be taken away and the other let go.|en
1582|17|35|35|兩個女人一同推磨；要取去一個，撇下一個。（有古卷在此有：|zh
1583|17|35|35|Two women will be crushing grain together; one will be taken away and the other let go.|en
1584|17|36|36|兩個人在田裡，要取去一個，撇下一個。）|zh
1585|17|36|36|[]|en
1586|17|37|37|門徒說：主阿，在那裡有這事呢？耶穌說：屍首在那裡，鷹也必聚在那裡。|zh
1587|17|37|37|And they, answering him, said, Where, Lord? And he said to them, Where the body is, there will the eagles come together.|en
1588|18|1|1|耶穌設一個比喻，是要人常常禱告，不可灰心。|zh
1589|18|1|1|And he made a story for them, the point of which was that men were to go on making prayer and not get tired;|en
1590|18|2|2|說：某城裡有一個官，不懼怕神，也不尊重世人。|zh
1591|18|2|2|Saying, There was a judge in a certain town, who had no fear of God or respect for man:|en
1592|18|3|3|那城裡有個寡婦，常到他那裡，說：我有一個對頭，求你給我伸冤。|zh
1593|18|3|3|And there was a widow in that town, and she kept on coming to him and saying, Give me my right against the man who has done me wrong.|en
1594|18|4|4|他多日不准。後來心裡說：我雖不懼怕神，也不尊重世人，|zh
1595|18|4|4|And for a time he would not: but later, he said to himself, Though I have no fear of God or respect for man,|en
1596|18|5|5|只因這寡婦煩擾我，我就給他伸冤罷，免得他常來纏磨我！|zh
1597|18|5|5|Because this widow is a trouble to me, I will give her her right; for if not, I will be completely tired out by her frequent coming.|en
1598|18|6|6|主說：你們聽這不義之官所說的話。|zh
1599|18|6|6|And the Lord said, Give ear to the words of the evil judge.|en
1600|18|7|7|神的選民晝夜呼籲他，他縱然為他們忍了多時，豈不終久給他們伸冤麼？|zh
1601|18|7|7|And will not God do right in the cause of his saints, whose cries come day and night to his ears, though he is long in doing it?|en
1602|18|8|8|我告訴你們，要快快的給他們伸冤了。然而，人子來的時候，遇得見世上有信德麼？|zh
1603|18|8|8|I say to you that he will quickly do right in their cause. But when the Son of man comes, will there be any faith on earth?|en
1604|18|9|9|耶穌向那些仗著自己是義人，藐視別人的，設一個比喻，|zh
1605|18|9|9|And he made this story for some people who were certain that they were good, and had a low opinion of others:|en
1606|18|10|10|說：有兩個人上殿裡去禱告：一個是法利賽人，一個是稅吏。|zh
1607|18|10|10|Two men went up to the Temple for prayer; one a Pharisee, and the other a tax-farmer.|en
1608|18|11|11|法利賽人站著，自言自語的禱告說：神阿，我感謝你，我不像別人勒索、不義、姦淫，也不像這個稅吏。|zh
1609|18|11|11|The Pharisee, taking up his position, said to himself these words: God, I give you praise because I am not like other men, who take more than their right, who are evil-doers, who are untrue to their wives, or even like this tax-farmer.|en
1610|18|12|12|我一個禮拜禁食兩次，凡我所得的都捐上十分之一。|zh
1611|18|12|12|Twice in the week I go without food; I give a tenth of all I have.|en
1612|18|13|13|那稅吏遠遠的站著，連舉目望天也不敢，只捶著胸說：神阿，開恩可憐我這個罪人！|zh
1613|18|13|13|The tax-farmer, on the other hand, keeping far away, and not lifting up even his eyes to heaven, made signs of grief and said, God, have mercy on me, a sinner.|en
1614|18|14|14|我告訴你們，這人回家去比那人倒算為義了；因為，凡自高的，必降為卑；自卑的，必升為高。|zh
1615|18|14|14|I say to you, This man went back to his house with God's approval, and not the other: for everyone who makes himself high will be made low and whoever makes himself low will be made high.|en
1616|18|15|15|有人抱著自己的嬰孩來見耶穌，要他摸他們；門徒看見就責備那些人。|zh
1617|18|15|15|And they took their children to him, so that he might put his hands on them: but when the disciples saw it, they said sharp words to them|en
1618|18|16|16|耶穌卻叫他們來，說：讓小孩子到我這裡來，不要禁止他們；因為在神國的正是這樣的人。|zh
1619|18|16|16|But Jesus sent for them, saying, Let the children come to me, and do not keep them away, for of such is the kingdom of heaven.|en
1620|18|17|17|我實在告訴你們，凡要承受神國的，若不像小孩子，斷不能進去。|zh
1621|18|17|17|Truly I say to you, Whoever does not put himself under the kingdom of God like a little child, will not come into it at all.|en
1622|18|18|18|有一個官問耶穌說：良善的夫子，我該做甚麼事才可以承受永生？|zh
1623|18|18|18|And a certain ruler put a question to him, saying, Good Master, what have I to do so that I may have eternal life?|en
1624|18|19|19|耶穌對他說：你為甚麼稱我是良善的？除了神一位之外，再沒有良善的。|zh
1625|18|19|19|And Jesus said to him, Why do you say that I am good? No one is good, but only God.|en
1626|18|20|20|誡命你是曉得的：不可姦淫；不可殺人；不可偷盜；不可作假見證；當孝敬父母。|zh
1627|18|20|20|You have knowledge of what the law says: Do not be untrue to your wife, Do not put anyone to death, Do not take what is not yours, Do not give false witness, Give honour to your father and mother.|en
1628|18|21|21|那人說：這一切我從小都遵守了。|zh
1629|18|21|21|And he said, All these things I have done from the time when I was a boy.|en
1630|18|22|22|耶穌聽見了，就說：你還缺少一件：要變賣你一切所有的，分給窮人，就必有財寶在天上；你還要來跟從我。|zh
1631|18|22|22|And Jesus, hearing it, said to him, One thing you still have need of; get money for your goods, and give it away to the poor, and you will have wealth in heaven; and come after me.|en
1632|18|23|23|他聽見這話，就甚憂愁，因為他很富足。|zh
1633|18|23|23|But at these words he became very sad, for he had great wealth.|en
1634|18|24|24|耶穌看見他，就說：有錢財的人進神的國是何等的難哪！|zh
1635|18|24|24|And Jesus, looking at him, said, How hard it is for those who have wealth to get into the kingdom of God!|en
1636|18|25|25|駱駝穿過針的眼比財主進神的國還容易呢！|zh
1637|18|25|25|It is simpler for a camel to go through the eye of a needle, than for a man who has much money to come into the kingdom of God.|en
1638|18|26|26|聽見的人說：這樣，誰能得救呢？|zh
1639|18|26|26|And those who were present said, Then who may have salvation?|en
1640|18|27|27|耶穌說：在人所不能的事，在神卻能。|zh
1641|18|27|27|But he said, Things which are not possible with man are possible with God.|en
1642|18|28|28|彼得說：看哪，我們已經撇下自己所有的跟從你了。|zh
1643|18|28|28|And Peter said, See, we have given up what is ours to come after you.|en
1644|18|29|29|耶穌說：我實在告訴你們，人為神的國撇下房屋，或是妻子、弟兄、父母、兒女，|zh
1645|18|29|29|And he said to them, Truly I say to you, There is no man who has given up house or wife or brothers or father or mother or children, because of the kingdom of God,|en
1646|18|30|30|沒有在今世不得百倍，在來世不得永生的。|zh
1647|18|30|30|Who will not get much more in this time, and in the world to come, eternal life.|en
1648|18|31|31|耶穌帶著十二個門徒，對他們說：看哪，我們上耶路撒冷去，先知所寫的一切事都要成就在人子身上。|zh
1649|18|31|31|And he took with him the twelve and said to them, Now we are going up to Jerusalem, and all the things which were said by the prophets will be done to the Son of man.|en
1650|18|32|32|他將要被交給外邦人，他們要戲弄他，凌辱他，吐唾沫在他臉上，|zh
1651|18|32|32|For he will be given up to the Gentiles, and will be made sport of and put to shame:|en
1652|18|33|33|並要鞭打他，殺害他；第三日他要復活。|zh
1653|18|33|33|And he will be given cruel blows and put to death, and on the third day he will come back to life.|en
1654|18|34|34|這些事門徒一樣也不懂得，意思乃是隱藏的；他們不曉得所說的是甚麼。|zh
1655|18|34|34|But they did not take in the sense of any of these words, and what he said was not clear to them, and their minds were not able to see it.|en
1656|18|35|35|耶穌將近耶利哥的時候，有一個瞎子坐在路旁討飯。|zh
1657|18|35|35|And it came about that when he got near Jericho, a certain blind man was seated by the side of the road, making requests for money from those who went by.|en
1658|18|36|36|聽見許多人經過，就問是甚麼事。|zh
1659|18|36|36|And hearing the sound of a great number of people going by, he said, What is this?|en
1660|18|37|37|他們告訴他，是拿撒勒人耶穌經過。|zh
1661|18|37|37|And they said to him, Jesus of Nazareth is going by.|en
1662|18|38|38|他就呼叫說：大衛的子孫耶穌阿，可憐我罷！|zh
1663|18|38|38|And he said in a loud voice, Jesus, Son of David, have mercy on me.|en
1664|18|39|39|在前頭走的人就責備他，不許他作聲；他卻越發喊叫說：大衛的子孫，可憐我罷！|zh
1665|18|39|39|And those who were in front made protests and said to him, Be quiet: but he said all the more, O Son of David, have mercy on me.|en
1666|18|40|40|耶穌站住，吩咐把他領過來，到了跟前，就問他說：|zh
1667|18|40|40|And Jesus, stopping, gave orders that he was to come to him, and when he came near, he said to him,|en
1668|18|41|41|你要我為你做甚麼？他說：主阿，我要能看見。|zh
1669|18|41|41|What would you have me do for you? And he said, Lord, that I may be able to see again.|en
1670|18|42|42|耶穌說：你可以看見！你的信救了你了。|zh
1671|18|42|42|And Jesus said, See again: your faith has made you well.|en
1672|18|43|43|瞎子立刻看見了，就跟隨耶穌，一路歸榮耀與神。眾人看見這事，也讚美神。|zh
1673|18|43|43|And straight away he was able to see, and he went after him, giving glory to God; and all the people when they saw it gave praise to God.|en
1674|19|1|1|耶穌進了耶利哥，正經過的時候，|zh
1675|19|1|1|And he went into Jericho, and when he was going through it,|en
1676|19|2|2|有一個人名叫撒該，作稅吏長，是個財主。|zh
1677|19|2|2|A man, named Zacchaeus, who was the chief tax-farmer, and a man of wealth,|en
1678|19|3|3|他要看看耶穌是怎樣的人；只因人多，他的身量又矮，所以不得看見，|zh
1679|19|3|3|Made an attempt to get a view of Jesus, and was not able to do so, because of the people, for he was a small man.|en
1680|19|4|4|就跑到前頭，爬上桑樹，要看耶穌，因為耶穌必從那裡經過。|zh
1681|19|4|4|And he went quickly in front of them and got up into a tree to see him, for he was going that way.|en
1682|19|5|5|耶穌到了那裡，抬頭一看，對他說：撒該，快下來！今天我必住在你家裡。|zh
1683|19|5|5|And when Jesus came to the place, looking up, he said to him, Zacchaeus, be quick and come down, for I am coming to your house today.|en
1684|19|6|6|他就急忙下來，歡歡喜喜的接待耶穌。|zh
1685|19|6|6|And he came down quickly, and took him into his house with joy.|en
1686|19|7|7|眾人看見，都私下議論說：他竟到罪人家裡去住宿。|zh
1687|19|7|7|And when they saw it, they were all angry, saying, He has gone into the house of a sinner.|en
1688|19|8|8|撒該站著對主說：主阿，我把所有的一半給窮人；我若訛詐了誰，就還他四倍。|zh
1689|19|8|8|And Zacchaeus, waiting before him, said to the Lord, See, Lord, half of my goods I give to the poor, and if I have taken anything from anyone wrongly, I give him back four times as much.|en
1690|19|9|9|耶穌說：今天救恩到了這家，因為他也是亞伯拉罕的子孫。|zh
1691|19|9|9|And Jesus said to him, Today salvation has come to this house, for even he is a son of Abraham.|en
1692|19|10|10|人子來，為要尋找，拯救失喪的人。|zh
1693|19|10|10|For the Son of man came to make search for those who are wandering from the way, and to be their Saviour.|en
1694|19|11|11|眾人正在聽見這些話的時候，耶穌因為將近耶路撒冷，又因他們以為神的國快要顯出來，就另設一個比喻，說：|zh
1695|19|11|11|And while they were giving ear to these words, he made another story for them, because he was near Jerusalem, and because they were of the opinion that the kingdom of God was coming straight away.|en
1696|19|12|12|有一個貴冑往遠方去，要得國回來，|zh
1697|19|12|12|So he said, A certain man of high birth went into a far-away country to get a kingdom for himself, and to come back.|en
1698|19|13|13|便叫了他的十個僕人來，交給他們十錠（錠：原文作彌拿約銀十兩）銀子，說：你們去作生意，直等我回來。|zh
1699|19|13|13|And he sent for ten of his servants and gave them ten pounds and said to them, Do business with this till I come.|en
1700|19|14|14|他本國的人卻恨他，打發使者隨後去，說：我們不願意這個人作我們的王。|zh
1701|19|14|14|But his people had no love for him, and sent representatives after him, saying, We will not have this man for our ruler.|en
1702|19|15|15|他既得國回來，就吩咐叫那領銀子的僕人來，要知道他們做生意賺了多少。|zh
1703|19|15|15|And when he came back again, having got his kingdom, he gave orders for those servants to whom he had given the money to come to him, so that he might have an account of what business they had done.|en
1704|19|16|16|頭一個上來，說：主阿，你的一錠銀子已經賺了十錠。|zh
1705|19|16|16|And the first came before him, saying, Lord, your pound has made ten pounds.|en
1706|19|17|17|主人說：好！良善的僕人，你既在最小的事上有忠心，可以有權柄管十座城。|zh
1707|19|17|17|And he said to him, You have done well, O good servant: because you have done well in a small thing you will have authority over ten towns.|en
1708|19|18|18|第二個來，說：主阿！你的一錠銀子，已經賺了五錠。|zh
1709|19|18|18|And another came, saying, Your pound has made five pounds.|en
1710|19|19|19|主人說：你也可以管五座城。|zh
1711|19|19|19|And he said, You will be ruler over five towns.|en
1712|19|20|20|又有一個來說：主阿，看哪，你的一錠銀子在這裡，我把他包在手巾裡存著。|zh
1713|19|20|20|And another came, saying, Lord, here is your pound, which I put away in a cloth;|en
1714|19|21|21|我原是怕你，因為你是嚴厲的人；沒有放下的，還要去拿；沒有種下的，還要去收。|zh
1715|19|21|21|Because I was in fear of you, for you are a hard man: you take up what you have not put down, and get in grain where you have not put seed.|en
1716|19|22|22|主人對他說：你這惡僕，我要憑你的口定你的罪。你既知道我是嚴厲的人，沒有放下的，還要去拿，沒有種下的，還要去收，|zh
1717|19|22|22|He said to him, By the words of your mouth you will be judged, you bad servant. You had knowledge that I am a hard man, taking up what I have not put down and getting in grain where I have not put seed;|en
1718|19|23|23|為甚麼不把我的銀子交給銀行，等我來的時候，連本帶利都可以要回來呢？|zh
1719|19|23|23|Why then did you not put my money in a bank, so that when I came I would get it back with interest?|en
1720|19|24|24|就對旁邊站著的人說：奪過他這一錠來，給那有十錠的。|zh
1721|19|24|24|And he said to the others who were near, Take the pound away from him, and give it to the man who has ten.|en
1722|19|25|25|他們說：主阿，他已經有十錠了。|zh
1723|19|25|25|And they say to him, Lord, he has ten pounds.|en
1724|19|26|26|主人說：我告訴你們，凡有的，還要加給他；沒有的，連他所有的也要奪過來。|zh
1725|19|26|26|And I say to you that to everyone who has, more will be given, but from him who has not, even what he has will be taken away.|en
1726|19|27|27|至於我那些仇敵，不要我作他們王的，把他們拉來，在我面前殺了罷！|zh
1727|19|27|27|And as for those who were against me, who would not have me for their ruler, let them come here, and be put to death before me.|en
1728|19|28|28|耶穌說完了這話，就在前面走，上耶路撒冷去。|zh
1729|19|28|28|And when he had said this, he went on in front of them, going up to Jerusalem.|en
1730|19|29|29|將近伯法其和伯大尼，在一座山名叫橄欖山那裡，就打發兩個門徒，說：|zh
1731|19|29|29|And it came about that when he got near Beth-phage and Bethany by the mountain which is named the Mountain of Olives, he sent two of the disciples,|en
1732|19|30|30|你們往對面村子裡去，進去的時候，必看見一匹驢駒拴在那裡，是從來沒有人騎過的，可以解開牽來。|zh
1733|19|30|30|Saying, Go into the little town in front of you, and on going in you will see a young ass fixed with a cord, on which no man has ever been seated; let him loose and take him.|en
1734|19|31|31|若有人問為甚麼解他，你們就說：主要用他。|zh
1735|19|31|31|And if anyone says to you, Why are you taking him? say, The Lord has need of him.|en
1736|19|32|32|打發的人去了，所遇見的正如耶穌所說的。|zh
1737|19|32|32|And those whom he sent went away, and it was as he said.|en
1738|19|33|33|他們解驢駒的時候，主人問他們說：解驢駒做甚麼？|zh
1739|19|33|33|And when they were getting the young ass, the owners of it said to them, Why are you taking the young ass?|en
1740|19|34|34|他們說：主要用他。|zh
1741|19|34|34|And they said, The Lord has need of him.|en
1742|19|35|35|他們牽到耶穌那裡，把自己的衣服搭在上面，扶著耶穌騎上。|zh
1743|19|35|35|And they took him to Jesus, and they put their clothing on the ass, and Jesus got on to him.|en
1744|19|36|36|走的時候，眾人把衣服鋪在路上。|zh
1745|19|36|36|And while he went on his way they put their clothing down on the road in front of him.|en
1746|19|37|37|將近耶路撒冷，正下橄欖山的時候，眾門徒因所見過的一切異能，都歡樂起來，大聲讚美神，|zh
1747|19|37|37|And when he came near the foot of the Mountain of Olives, all the disciples with loud voices gave praise to God with joy, because of all the great works which they had seen;|en
1748|19|38|38|說：奉主名來的王是應當稱頌的！在天上有和平；在至高之處有榮光。|zh
1749|19|38|38|Saying, A blessing on the King who comes in the name of the Lord; peace in heaven and glory in the highest.|en
1750|19|39|39|眾人中有幾個法利賽人對耶穌說：夫子，責備你的門徒罷！|zh
1751|19|39|39|And some of the Pharisees among the people said to him, Master, make your disciples be quiet.|en
1752|19|40|40|耶穌說：我告訴你們，若是他們閉口不說，這些石頭必要呼叫起來。|zh
1753|19|40|40|And he said in answer, I say to you, if these men keep quiet, the very stones will be crying out.|en
1754|19|41|41|耶穌快到耶路撒冷，看見城，就為他哀哭，|zh
1755|19|41|41|And when he got near and saw the town, he was overcome with weeping for it,|en
1756|19|42|42|說：巴不得你在這日子知道關係你平安的事；無奈這事現在是隱藏的，叫你的眼看不出來。|zh
1757|19|42|42|Saying, If you, even you, had knowledge today, of the things which give peace! but you are not able to see them.|en
1758|19|43|43|因為日子將到，你的仇敵必築起土壘，周圍環繞你，四面困住你，|zh
1759|19|43|43|For the time will come when your attackers will put a wall round you, and come all round you and keep you in on every side,|en
1760|19|44|44|並要掃滅你和你裡頭的兒女，連一塊石頭也不留在石頭上，因你不知道眷顧你的時候。|zh
1761|19|44|44|And will make you level with the earth, and your children with you; and there will not be one stone resting on another in you, because you did not see that it was your day of mercy.|en
1762|19|45|45|耶穌進了殿，趕出裡頭做買賣的人，|zh
1763|19|45|45|And he went into the Temple and put out those who were trading there,|en
1764|19|46|46|對他們說：經上說：我的殿必作禱告的殿，你們倒使他成為賊窩了。|zh
1765|19|46|46|Saying to them, It has been said, My house is to be a house of prayer, but you have made it a hole of thieves.|en
1766|19|47|47|耶穌天天在殿裡教訓人。祭司長和文士與百姓的尊長都想要殺他，|zh
1767|19|47|47|And every day he was teaching in the Temple. But the chief priests and the scribes and the rulers of the people were attempting to put him to death;|en
1768|19|48|48|但尋不出法子來，因為百姓都側耳聽他。|zh
1769|19|48|48|But they were not able to do anything, because the people all kept near him, being greatly interested in his words.|en
1770|20|1|1|有一天，耶穌在殿裡教訓百姓，講福音的時候，祭司長和文士並長老上前來，|zh
1771|20|1|1|And it came about on one of those days, when he was teaching the people in the Temple and preaching the good news,|en
1772|20|2|2|問他說：你告訴我們，你仗著甚麼權柄做這些事？給你這權柄的是誰呢？|zh
1773|20|2|2|That the chief priests and the scribes and the rulers of the people came to him and said, Make clear to us by what authority you do these things and who gave you this authority.|en
1774|20|3|3|耶穌回答說：我也要問你們一句話，你們且告訴我。|zh
1775|20|3|3|And in answer he said to them, I will put a question to you, and do you give me an answer:|en
1776|20|4|4|約翰的洗禮是從天上來的？是從人間來的呢？|zh
1777|20|4|4|The baptism of John, was it from heaven or of men?|en
1778|20|5|5|他們彼此商議說：我們若說從天上來，他必說：你們為甚麼不信他呢？|zh
1779|20|5|5|And they said among themselves, If we say, From heaven; he will say, Why did you not have faith in him?|en
1780|20|6|6|若說從人間來，百姓都要用石頭打死我們，因為他們信約翰是先知。|zh
1781|20|6|6|But if we say, Of men; we will be stoned by the people, for they are certain that John was a prophet.|en
1782|20|7|7|於是回答說：不知道是從那裡來的。|zh
1783|20|7|7|And they made answer that they had no idea where it came from.|en
1784|20|8|8|耶穌說：我也不告訴你們，我仗著甚麼權柄做這些事。|zh
1785|20|8|8|And Jesus said, And I will not make clear to you by what authority I do these things.|en
1786|20|9|9|耶穌就設比喻對百姓說：有人栽了一個葡萄園，租給園戶，就往外國去住了許久。|zh
1787|20|9|9|And he gave the people this story: A man made a vine-garden and gave the use of it to some field-workers and went into another country for a long time.|en
1788|20|10|10|到了時候，打發一個僕人到園戶那裡去，叫他們把園中當納的果子交給他；園戶竟打了他，叫他空手回去。|zh
1789|20|10|10|And at the right time he sent a servant to the workers to get part of the fruit from the vines; but the workmen gave him blows and sent him away with nothing.|en
1790|20|11|11|又打發一個僕人去，他們也打了他，並且凌辱他，叫他空手回去。|zh
1791|20|11|11|And he sent another servant, and they gave blows to him in the same way, and put shame on him, and sent him away with nothing.|en
1792|20|12|12|又打發第三個僕人去，他們也打傷了他，把他推出去了。|zh
1793|20|12|12|And he sent a third, and they gave him wounds and put him out.|en
1794|20|13|13|園主說：我怎麼辦呢？我要打發我的愛子去，或者他們尊敬他。|zh
1795|20|13|13|And the lord of the garden said, What am I to do? I will send my dearly loved son; they may give respect to him.|en
1796|20|14|14|不料，園戶看見他，就彼此商量說：這是承受產業的，我們殺他罷，使產業歸於我們！|zh
1797|20|14|14|But when the workmen saw him, they said to one another, This is he who will one day be the owner of the property: let us put him to death and the heritage will be ours.|en
1798|20|15|15|於是把他推出葡萄園外，殺了。這樣，葡萄園的主人要怎樣處治他們呢？|zh
1799|20|15|15|And driving him out of the garden they put him to death. Now what will the lord do to these workmen?|en
1800|20|16|16|他要來除滅這些園戶，將葡萄園轉給別人。聽見的人說：這是萬不可的！|zh
1801|20|16|16|He will come and put them to destruction and give the garden to others. And when he said this, they said, May it not be so.|en
1802|20|17|17|耶穌看著他們說：經上記著：匠人所棄的石頭已作了房角的頭塊石頭。這是甚麼意思呢？|zh
1803|20|17|17|But he, looking on them, said, Is it not in the Writings, The stone which the builders put on one side, the same has become the chief stone of the building?|en
1804|20|18|18|凡掉在那石頭上的，必要跌碎；那石頭掉在誰的身上，就要把誰砸得稀爛。|zh
1805|20|18|18|Everyone falling on that stone will be broken, but the man on whom the stone comes down will be crushed to dust.|en
1806|20|19|19|文士和祭司長看出這比喻是指著他們說的，當時就想要下手拿他，只是懼怕百姓。|zh
1807|20|19|19|And the chief priests and the scribes made attempts to get their hands on him in that very hour; and they were in fear of the people, for they saw that he had made up this story against them.|en
1808|20|20|20|於是窺探耶穌，打發奸細裝作好人，要在他的話上得把柄，好將他交在巡撫的政權之下。|zh
1809|20|20|20|And they kept watch on him, and sent out secret representatives, who were acting the part of good men, in order that they might get something from his words, on account of which they might give him up to the government and into the power of the ruler.|en
1810|20|21|21|奸細就問耶穌說：夫子，我們曉得你所講所傳都是正道，也不取人的外貌，乃是誠誠實實傳神的道。|zh
1811|20|21|21|And they put a question to him, saying, Master, we are certain that your teaching and your words are right, and that you have no respect for a man's position, but you are teaching the true way of God:|en
1812|20|22|22|我們納稅給該撒，可以不可以？|zh
1813|20|22|22|Is it right for us to make payment of taxes to Caesar or not?|en
1814|20|23|23|耶穌看出他們的詭詐，就對他們說：|zh
1815|20|23|23|But he saw through their trick and said to them,|en
1816|20|24|24|拿一個銀錢來給我看。這像和這號是誰的？他們說：是該撒的。|zh
1817|20|24|24|Let me see a penny. Whose image and name are on it? And they said, Caesar's.|en
1818|20|25|25|耶穌說：這樣，該撒的物當歸給該撒，神的物當歸給神。|zh
1819|20|25|25|And he said, Then give to Caesar the things which are Caesar's, and to God the things which are God's.|en
1820|20|26|26|他們當著百姓，在這話上得不著把柄，又希奇他的應對，就閉口無言了。|zh
1821|20|26|26|And they were not able to get anything from these words before the people: but they were full of wonder at his answer, and said nothing.|en
1822|20|27|27|撒都該人常說沒有復活的事。有幾個來問耶穌說：|zh
1823|20|27|27|And some of the Sadducees came to him, who say that there is no coming back from the dead; and they said to him,|en
1824|20|28|28|夫子！摩西為我們寫著說：人若有妻無子就死了，他兄弟當娶他的妻，為哥哥生子立後。|zh
1825|20|28|28|Master, Moses said that if a man's brother comes to his end, having a wife, but no children, his brother is to take the wife, and get a family for his brother.|en
1826|20|29|29|有弟兄七人，第一個娶了妻，沒有孩子死了；|zh
1827|20|29|29|Now there were seven brothers, and the first had a wife and came to his end, having no children;|en
1828|20|30|30|第二個、第三個也娶過他；|zh
1829|20|30|30|And the second;|en
1830|20|31|31|那七個人都娶過他，沒有留下孩子就死了。|zh
1831|20|31|31|And the third took her; and in the same way, all the seven, without having any children, came to their end.|en
1832|20|32|32|後來婦人也死了。|zh
1833|20|32|32|And last of all, the woman came to her end.|en
1834|20|33|33|這樣，當復活的時候，他是那一個的妻子呢？因為他們七個人都娶過他。|zh
1835|20|33|33|When they come back from the dead, whose wife will she be? for all the seven had her.|en
1836|20|34|34|耶穌說：這世界的人有娶有嫁；|zh
1837|20|34|34|And Jesus said to them, The sons of this world are married and have wives;|en
1838|20|35|35|惟有算為配得那世界，與從死裡復活的人也不娶也不嫁；|zh
1839|20|35|35|But those to whom is given the reward of the world to come, and to come back from the dead, have no wives, and are not married;|en
1840|20|36|36|因為他們不能再死，和天使一樣；既是復活的人，就為神的兒子。|zh
1841|20|36|36|And death has no more power over them, for they are equal to the angels, and are sons of God, being of those who will come back from the dead.|en
1842|20|37|37|至於死人復活，摩西在荊棘篇上，稱主是亞伯拉罕的神，以撒的神，雅各的神，就指示明白了。|zh
1843|20|37|37|But even Moses made it clear that the dead come back to life, saying, in the story of the burning thorn-tree, The Lord, the God of Abraham, the God of Isaac, and the God of Jacob.|en
1844|20|38|38|神原不是死人的神，乃是活人的神；因為在他那裡（那裡：或作看來），人都是活的。|zh
1845|20|38|38|Now he is not the God of the dead but of the living: for all men are living to him.|en
1846|20|39|39|有幾個文士說：夫子！你說得好。|zh
1847|20|39|39|And some of the scribes, in answer to this, said, Master, you have said well.|en
1848|20|40|40|以後他們不敢再問他甚麼。|zh
1849|20|40|40|And they had fear of putting any more questions to him.|en
1850|20|41|41|耶穌對他們說：人怎麼說基督是大衛的子孫呢？|zh
1851|20|41|41|And he said to them, Why do they say that the Christ is the son of David?|en
1852|20|42|42|詩篇上大衛自己說：主對我主說：你坐在我的右邊，|zh
1853|20|42|42|For David himself says in the book of Psalms, The Lord said to my Lord, Take your seat at my right hand,|en
1854|20|43|43|等我使你仇敵作你的腳凳。|zh
1855|20|43|43|Till I put under your feet all those who are against you.|en
1856|20|44|44|大衛既稱他為主，他怎麼又是大衛的子孫呢？|zh
1857|20|44|44|David then gives him the name of Lord, so how is it possible for him to be his son?|en
1858|20|45|45|眾百姓聽的時候，耶穌對門徒說：|zh
1859|20|45|45|And in the hearing of all the people he said to his disciples,|en
1860|20|46|46|你們要防備文士。他們好穿長衣遊行，喜愛人在街市上問他們安，又喜愛會堂裡的高位，筵席上的首座；|zh
1861|20|46|46|Keep away from the scribes, whose pleasure it is to go about in long robes, and to have words of respect said to them in the market-places, and to take the chief seats in the Synagogues and the first places at feasts;|en
1862|20|47|47|他們侵吞寡婦的家產，假意作很長的禱告。這些人要受更重的刑罰！|zh
1863|20|47|47|Who take the property of widows and before the eyes of men make long prayers; they will get a greater punishment.|en
1864|21|1|1|耶穌抬頭觀看，見財主把捐項投在庫裡，|zh
1865|21|1|1|And looking up, he saw the men of wealth putting their offerings in the money-box.|en
1866|21|2|2|又見一個窮寡婦投了兩個小錢，|zh
1867|21|2|2|And he saw a certain poor widow putting in a farthing.|en
1868|21|3|3|就說：我實在告訴你們，這窮寡婦所投的比眾人還多；|zh
1869|21|3|3|And he said, Truly I say to you, This poor widow has given more than all of them:|en
1870|21|4|4|因為眾人都是自己有餘，拿出來投在捐項裡，但這寡婦是自己不足，把他一切養生的都投上了。|zh
1871|21|4|4|For they gave out of their wealth, having more than enough for themselves: but she, even out of her need, has put in all her living.|en
1872|21|5|5|有人談論聖殿是用美石和供物妝飾的；|zh
1873|21|5|5|And some were talking about the Temple, how it was made fair with beautiful stones and with offerings, but he said,|en
1874|21|6|6|耶穌就說：論到你們所看見的這一切，將來日子到了，在這裡沒有一塊石頭留在石頭上，不被拆毀了。|zh
1875|21|6|6|As for these things which you see, the days will come when not one stone will be resting on another, but all will be broken down.|en
1876|21|7|7|他們問他說：夫子！甚麼時候有這事呢？這事將到的時候有甚麼豫兆呢？|zh
1877|21|7|7|And they said to him, Master, when will these things be? and what sign will there be when these events are to take place?|en
1878|21|8|8|耶穌說：你們要謹慎，不要受迷惑；因為將來有好些人冒我的名來，說：我是基督，又說：時候近了，你們不要跟從他們！|zh
1879|21|8|8|And he said, Take care that you are not tricked: for a number of people will come in my name, saying, I am he; and, The time is near: do not go after them.|en
1880|21|9|9|你們聽見打仗和擾亂的事，不要驚惶；因為這些事必須先有，只是末期不能立時就到。|zh
1881|21|9|9|And when news of wars and troubled times comes to your ears, have no fear; for these things have to be, but the end will not be now.|en
1882|21|10|10|當時，耶穌對他們說：民要攻打民，國要攻打國；|zh
1883|21|10|10|Then he said to them, Nation will be moved against nation and kingdom against kingdom:|en
1884|21|11|11|地要大大震動，多處必有饑荒、瘟疫，又有可怕的異象和大神蹟從天上顯現。|zh
1885|21|11|11|There will be great earth-shocks and outbursts of disease in a number of places, and men will be without food; and there will be wonders and great signs from heaven.|en
1886|21|12|12|但這一切的事以先，人要下手拿住你們，逼迫你們，把你們交給會堂，並且收在監裡，又為我的名拉你們到君王諸侯面前。|zh
1887|21|12|12|But before all this, they will take you and be very cruel to you, giving you up to the Synagogues and to prisons, taking you before kings and rulers, because of my name.|en
1888|21|13|13|但這些事終必為你們的見證。|zh
1889|21|13|13|And it will be turned to a witness for you.|en
1890|21|14|14|所以，你們當立定心意，不要預先思想怎樣分訴；|zh
1891|21|14|14|So take care not to be troubled before the time comes, about what answers you will give:|en
1892|21|15|15|因為我必賜你們口才、智慧，是你們一切敵人所敵不住、駁不倒的。|zh
1893|21|15|15|For I will give you words and wisdom, so that not one of those who are against you will be able to get the better of you, or to put you in the wrong.|en
1894|21|16|16|連你們的父母、弟兄、親族、朋友也要把你們交官；你們也有被他們害死的。|zh
1895|21|16|16|But you will be given up even by your fathers and mothers, your brothers and relations and friends; and some of you will be put to death.|en
1896|21|17|17|你們要為我的名被眾人恨惡，|zh
1897|21|17|17|And you will be hated by all men, because of me.|en
1898|21|18|18|然而，你們連一根頭髮也必不損壞。|zh
1899|21|18|18|But not a hair of your head will come to destruction.|en
1900|21|19|19|你們常存忍耐，就必保全靈魂（或作：必得生命）。|zh
1901|21|19|19|By going through all these things, you will keep your lives.|en
1902|21|20|20|你們看見耶路撒冷被兵圍困，就可知道他成荒場的日子近了。|zh
1903|21|20|20|But when you see armies all round about Jerusalem, then be certain that her destruction is near.|en
1904|21|21|21|那時，在猶太的應當逃到山上；在城裡的應當出來；在鄉下的不要進城；|zh
1905|21|21|21|Then let those who are in Judaea go in flight to the mountains; and those who are in the middle of the town go out; and let not those who are in the country come in.|en
1906|21|22|22|因為這是報應的日子，使經上所寫的都得應驗。|zh
1907|21|22|22|For these are the days of punishment, in which all the things in the Writings will be put into effect.|en
1908|21|23|23|當那些日子，懷孕的和奶孩子的有禍了！因為將有大災難降在這地方，也有震怒臨到這百姓。|zh
1909|21|23|23|It will be hard for women who are with child, and for her with a baby at the breast, in those days. For great trouble will come on the land, and wrath on this people.|en
1910|21|24|24|他們要倒在刀下，又被擄到各國去。耶路撒冷要被外邦人踐踏，直到外邦人的日期滿了。|zh
1911|21|24|24|And they will be put to death with the sword, and will be taken as prisoners into all the nations; and Jerusalem will be crushed under the feet of the Gentiles, till the times of the Gentiles are complete.|en
1912|21|25|25|日、月、星辰要顯出異兆，地上的邦國也有困苦；因海中波浪的響聲，就慌慌不定。|zh
1913|21|25|25|And there will be signs in the sun and moon and stars; and on the earth, fear among the nations and doubt because of the loud noise of the sea and the waves;|en
1914|21|26|26|天勢都要震動，人想起那將要臨到世界的事，就都嚇得魂不附體。|zh
1915|21|26|26|Men's strength will go from them in fear and in waiting for the things which are coming on the earth; for the powers of the heavens will be moved.|en
1916|21|27|27|那時，他們要看見人子有能力，有大榮耀駕雲降臨。|zh
1917|21|27|27|And then they will see the Son of man coming in a cloud, with power and great glory.|en
1918|21|28|28|一有這些事，你們就當挺身昂首，因為你們得贖的日子近了。|zh
1919|21|28|28|But when these things come about, let your heads be lifted up, because your salvation is near.|en
1920|21|29|29,30 |耶穌又設比喻對他們說：你們看無花果樹和各樣的樹；他發芽的時候，你們一看見，自然曉得夏天近了。|zh
1921|21|29|29|And he made a story for them: See the fig-tree, and all the trees;|en
1922|21|30|30|When they put out their young leaves, you take note of it, and it is clear to you that summer is coming.|en
1923|21|31|31|這樣，你們看見這些事漸漸的成就，也該曉得神的國近了。|zh
1924|21|31|31|In the same way, when you see these things taking place you may be certain that the kingdom of God is near.|en
1925|21|32|32|我實在告訴你們，這世代還沒有過去，這些事都要成就。|zh
1926|21|32|32|Truly I say to you, This generation will not come to an end till all things are complete.|en
1927|21|33|33|天地要廢去，我的話卻不能廢去。|zh
1928|21|33|33|Heaven and earth will come to an end, but my words will not come to an end.|en
1929|21|34|34|你們要謹慎，恐怕因貪食、醉酒，並今生的思慮累住你們的心，那日子就如同網羅忽然臨到你們；|zh
1930|21|34|34|But give attention to yourselves, for fear that your hearts become over-full of the pleasures of food and wine, and the cares of this life, and that day may come on you suddenly, and take you as in a net:|en
1931|21|35|35|因為那日子要這樣臨到全地上一切居住的人。|zh
1932|21|35|35|For so it will come on all those who are living on the face of all the earth.|en
1933|21|36|36|你們要時時儆醒，常常祈求，使你們能逃避這一切要來的事，得以站立在人子面前。|zh
1934|21|36|36|But keep watch at all times with prayer, that you may be strong enough to come through all these things and take your place before the Son of man.|en
1935|21|37|37|耶穌每日在殿裡教訓人，每夜出城在一座山，名叫橄欖山住宿。|zh
1936|21|37|37|And every day he was teaching in the Temple and every night he went out to the mountain which is named the Mountain of Olives to take his rest.|en
1937|21|38|38|眾百姓清早上聖殿，到耶穌那裡，要聽他講道。|zh
1938|21|38|38|And all the people came early in the morning to give ear to his words in the Temple.|en
1939|22|1|1|除酵節，又名逾越節，近了。|zh
1940|22|1|1|Now the feast of unleavened bread was near, which is called the Passover.|en
1941|22|2|2|祭司長和文士想法子怎麼才能殺害耶穌，是因他們懼怕百姓。|zh
1942|22|2|2|And the chief priests and the scribes were looking for a chance to put him to death, but they went in fear of the people.|en
1943|22|3|3|這時，撒但入了那稱為加略人猶大的心；他本是十二門徒裡的一個。|zh
1944|22|3|3|And Satan came into Judas Iscariot, who was one of the twelve.|en
1945|22|4|4|他去和祭司長並守殿官商量，怎麼可以把耶穌交給他們。|zh
1946|22|4|4|And he went away and had a discussion with the chief priests and the rulers, about how he might give him up to them.|en
1947|22|5|5|他們歡喜，就約定給他銀子。|zh
1948|22|5|5|And they were glad, and undertook to give him money.|en
1949|22|6|6|他應允了，就找機會，要趁眾人不在跟前的時候把耶穌交給他們。|zh
1950|22|6|6|And he made an agreement with them to give him up to them, if he got a chance, when the people were not present.|en
1951|22|7|7|除酵節，須宰逾越羊羔的那一天到了。|zh
1952|22|7|7|And the day of unleavened bread came, when the Passover lamb is put to death.|en
1953|22|8|8|耶穌打發彼得、約翰，說：你們去為我們預備逾越節的筵席，好叫我們吃。|zh
1954|22|8|8|And Jesus sent Peter and John, saying, Go and make the Passover ready for us, so that we may take it.|en
1955|22|9|9|他們問他說：要我們在那裡預備？|zh
1956|22|9|9|And they said to him, Where are we to get it ready?|en
1957|22|10|10|耶穌說：你們進了城，必有人拿著一瓶水迎面而來，你們就跟著他，到他所進的房子裡去，|zh
1958|22|10|10|And he said to them, When you go into the town you will see a man coming to you with a vessel of water; go after him into the house into which he goes.|en
1959|22|11|11|對那家的主人說：夫子說：客房在那裡？我與門徒好在那裡吃逾越節的筵席。|zh
1960|22|11|11|And say to the master of the house, The Master says, Where is the guest-room, where I may take the Passover with my disciples?|en
1961|22|12|12|他必指給你們擺設整齊的一間大樓，你們就在那裡預備。|zh
1962|22|12|12|And he will take you up to a great room with a table and seats: there make ready.|en
1963|22|13|13|他們去了，所遇見的正如耶穌所說的；他們就預備了逾越節的筵席。|zh
1964|22|13|13|And they went, and it was as he had said: and they made the Passover ready.|en
1965|22|14|14|時候到了，耶穌坐席，使徒也和他同坐。|zh
1966|22|14|14|And when the time had come, he took his seat, and the Apostles with him.|en
1967|22|15|15|耶穌對他們說：我很願意在受害以先和你們吃這逾越節的筵席。|zh
1968|22|15|15|And he said, I have had a great desire to keep this Passover with you before I come to my death;|en
1969|22|16|16|我告訴你們，我不再吃這筵席，直到成就在神的國裡。|zh
1970|22|16|16|For I say to you, I will not take it till it is made complete in the kingdom of God.|en
1971|22|17|17|耶穌接過杯來，祝謝了，說：你們拿這個，大家分著喝。|zh
1972|22|17|17|And he took a cup and, having given praise, he said, Make division of this among yourselves;|en
1973|22|18|18|我告訴你們，從今以後，我不再喝這葡萄汁，直等神的國來到。|zh
1974|22|18|18|For I say to you, I will not take of the fruit of the vine till the kingdom of God has come.|en
1975|22|19|19|又拿起餅來，祝謝了，就擘開，遞給他們，說：這是我的身體，為你們捨的，你們也應當如此行，為的是記念我。|zh
1976|22|19|19|And he took bread and, having given praise, he gave it to them when it had been broken, saying, This is my body, which is given for you: do this in memory of me.|en
1977|22|20|20|飯後也照樣拿起杯來，說：這杯是用我血所立的新約，是為你們流出來的。|zh
1978|22|20|20|And in the same way, after the meal, he took the cup, saying, This cup is the new testament, made with my blood which is given for you.|en
1979|22|21|21|看哪！那賣我之人的手與我一同在桌子上。|zh
1980|22|21|21|But the hand of him who is false to me is with me at the table.|en
1981|22|22|22|人子固然要照所預定的去世，但賣人子的人有禍了！|zh
1982|22|22|22|For it will be done to the Son of man after the purpose of God, but unhappy is that man by whom he is given up.|en
1983|22|23|23|他們就彼此對問，是那一個要做這事。|zh
1984|22|23|23|And they were wondering among themselves which of them it was who would do this thing.|en
1985|22|24|24|門徒起了爭論，他們中間那一個可算為大。|zh
1986|22|24|24|And there was an argument among them about which of them was the greatest.|en
1987|22|25|25|耶穌說：外邦人有君王為主治理他們，那掌權管他們的稱為恩主。|zh
1988|22|25|25|And he said, The kings of the Gentiles are lords over them, and those who have authority are given names of honour.|en
1989|22|26|26|但你們不可這樣；你們裡頭為大的，倒要像年幼的；為首領的，倒要像服事人的。|zh
1990|22|26|26|But let it not be so with you; but he who is greater, let him become like the younger; and he who is chief, like a servant.|en
1991|22|27|27|是誰為大？是坐席的呢？是服事人的呢？不是坐席的大麼？然而，我在你們中間如同服事人的。|zh
1992|22|27|27|For which is greater, the guest who is seated at a meal or the servant who is waiting on him? is it not the guest? but I am among you as a servant.|en
1993|22|28|28|我在磨煉之中，常和我同在的就是你們。|zh
1994|22|28|28|But you are those who have kept with me through my troubles;|en
1995|22|29|29|我將國賜給你們，正如我父賜給我一樣，|zh
1996|22|29|29|And I will give you a kingdom as my Father has given one to me,|en
1997|22|30|30|叫你們在我國裡，坐在我的席上吃喝，並且坐在寶座上，審判以色列十二個支派。|zh
1998|22|30|30|So that you may take food and drink at my table in my kingdom, and be seated like kings, judging the twelve tribes of Israel.|en
1999|22|31|31|主又說：西門！西門！撒但想要得著你們，好篩你們像篩麥子一樣；|zh
2000|22|31|31|Simon, Simon, Satan has made a request to have you, so that he may put you to the test as grain is tested:|en
2001|22|32|32|但我已經為你祈求，叫你不至於失了信心，你回頭以後，要堅固你的弟兄。|zh
2002|22|32|32|But I have made prayer for you, that your faith may not go from you: and when you are turned again, make your brothers strong.|en
2003|22|33|33|彼得說：主阿，我就是同你下監，同你受死，也是甘心！|zh
2004|22|33|33|And he said to him, Lord, I am ready to go with you to prison and to death.|en
2005|22|34|34|耶穌說：彼得，我告訴你，今日雞還沒有叫，你要三次說不認得我。|zh
2006|22|34|34|And he said, I say to you, Peter, before the cock's second cry today, you will say three times that you have no knowledge of me.|en
2007|22|35|35|耶穌又對他們說：我差你們出去的時候，沒有錢囊，沒有口袋，沒有鞋，你們缺少甚麼沒有？他們說：沒有。|zh
2008|22|35|35|And he said to them, When I sent you out without money or bag or shoes, were you in need of anything? And they said, Nothing.|en
2009|22|36|36|耶穌說：但如今有錢囊的可以帶著，有口袋的也可以帶著，沒有刀的要賣衣服買刀。|zh
2010|22|36|36|And he said to them, But now, he who has a money-bag, or a bag for food, let him take it: and he who has not, let him give his coat for money and get a sword.|en
2011|22|37|37|我告訴你們，經上寫著說：他被列在罪犯之中。這話必應驗在我身上；因為那關係我的事必然成就。|zh
2012|22|37|37|For I say to you that these words will be put into effect in me, And he was numbered among the evil-doers: for what has been said in the Writings about me has an end.|en
2013|22|38|38|他們說：主阿，請看！這裡有兩把刀。耶穌說：夠了。|zh
2014|22|38|38|And they said, Lord, here are two swords. And he said, It is enough.|en
2015|22|39|39|耶穌出來，照常往橄欖山去，門徒也跟隨他。|zh
2016|22|39|39|And he came out, and went, as his way was, to the Mountain of Olives, and the disciples went with him.|en
2017|22|40|40|到了那地方，就對他們說：你們要禱告，免得入了迷惑。|zh
2018|22|40|40|And when he came to the place, he said to them, Make a prayer that you may not be put to the test.|en
2019|22|41|41|於是離開他們約有扔一塊石頭那麼遠，跪下禱告，|zh
2020|22|41|41|And he went a little distance away from them and, falling on his knees in prayer, he said,|en
2021|22|42|42|說：父阿！你若願意，就把這杯撤去；然而，不要成就我的意思，只要成就你的意思。|zh
2022|22|42|42|Father, if it is your pleasure, take this cup from me: but still, let your pleasure, not mine, be done.|en
2023|22|43|43|有一位天使從天上顯現，加添他的力量。|zh
2024|22|43|43|And an angel from heaven came to him, to give him strength.|en
2025|22|44|44|耶穌極其傷痛，禱告更加懇切，汗珠如大血點滴在地上。|zh
2026|22|44|44|And being in great trouble of soul, the force of his prayer became stronger, and great drops, like blood, came from him, falling to the earth.|en
2027|22|45|45|禱告完了，就起來，到門徒那裡，見他們因為憂愁都睡著了，|zh
2028|22|45|45|And, getting up from prayer, he came to the disciples, and saw that they were sleeping for sorrow.|en
2029|22|46|46|就對他們說：你們為甚麼睡覺呢？起來禱告，免得入了迷惑！|zh
2030|22|46|46|And he said, Why are you sleeping? Get up, and give yourselves to prayer, so that you may not be put to the test.|en
2031|22|47|47|說話之間，來了許多人。那十二個門徒裡名叫猶大的，走在前頭，就近耶穌，要與他親嘴。|zh
2032|22|47|47|And while he was saying these words, there came a band of people, and Judas, one of the twelve, was in front of them, and he came near to Jesus to give him a kiss.|en
2033|22|48|48|耶穌對他說：猶大！你用親嘴的暗號賣人子麼？|zh
2034|22|48|48|But Jesus said to him, Judas, will you be false to the Son of man with a kiss?|en
2035|22|49|49|左右的人見光景不好，就說：主阿﹗我們拿刀砍可以不可以？|zh
2036|22|49|49|And when those who were with him saw what was coming, they said, Lord, may we not make use of our swords?|en
2037|22|50|50|內中有一個人把大祭司的僕人砍了一刀，削掉了他的右耳。|zh
2038|22|50|50|And one of them gave a blow to the servant of the high priest, cutting off his right ear.|en
2039|22|51|51|耶穌說：到了這個地步，由他們罷！就摸那人的耳朵，把他治好了。|zh
2040|22|51|51|But Jesus, answering, said, Put up with this, at least. And touching his ear, he made it well.|en
2041|22|52|52|耶穌對那些來拿他的祭司長和守殿官並長老說：你們帶著刀棒出來拿我，如同拿強盜麼？|zh
2042|22|52|52|And Jesus said to the chief priests and the captains of the Temple and the rulers, who had come against him, Have you come out as against a thief, with swords and sticks?|en
2043|22|53|53|我天天同你們在殿裡，你們不下手拿我。現在卻是你們的時候，黑暗掌權了。|zh
2044|22|53|53|When I was in the Temple with you every day, your hands were not stretched out against me: but this is your hour, and the authority of the dark power.|en
2045|22|54|54|他們拿住耶穌，把他帶到大祭司的宅裡。彼得遠遠的跟著。|zh
2046|22|54|54|And they made him a prisoner and took him away to the house of the high priest. But Peter went after them at a distance.|en
2047|22|55|55|他們在院子裡生了火，一同坐著；彼得也坐在他們中間。|zh
2048|22|55|55|And a fire was lighted in the middle of the open square, and they were seated together, and Peter was among them.|en
2049|22|56|56|有一個使女看見彼得坐在火光裡，就定睛看他，說：這個人素來也是同那人一夥的。|zh
2050|22|56|56|And a certain woman-servant, seeing him in the light of the fire, and looking at him with attention, said, This man was with him.|en
2051|22|57|57|彼得卻不承認，說：女子，我不認得他。|zh
2052|22|57|57|But he said, Woman, it is not true; I have no knowledge of him.|en
2053|22|58|58|過了不多的時候，又有一個人看見他，說：你也是他們一黨的。彼得說：你這個人！我不是。|zh
2054|22|58|58|And after a little time, another saw him and said, You are one of them; and he said, Man, I am not.|en
2055|22|59|59|約過了一小時，又有一個人極力的說：他實在是同那人一夥的，因為他也是加利利人。|zh
2056|22|59|59|And after about an hour, another man said, with decision, Certainly this man was with him, for he is a Galilaean.|en
2057|22|60|60|彼得說：你這個人！我不曉得你說的是甚麼！正說話之間，雞就叫了。|zh
2058|22|60|60|And Peter said, Man, I have no knowledge of these things of which you are talking. And straight away, while he was saying these words, there came the cry of a cock.|en
2059|22|61|61|主轉過身來看彼得。彼得便想起主對他所說的話：今日雞叫以先，你要三次不認我。|zh
2060|22|61|61|And the Lord, turning, gave Peter a look. And the words of the Lord came to Peter's mind, how he had said, This night, before the hour of the cock's cry, you will be false to me three times.|en
2061|22|62|62|他就出去痛哭。|zh
2062|22|62|62|And he went out, weeping bitterly.|en
2063|22|63|63|看守耶穌的人戲弄他，打他，|zh
2064|22|63|63|And the men in whose hands Jesus was, made sport of him and gave him blows.|en
2065|22|64|64|又蒙著他的眼，問他說：你是先知，告訴我們打你的是誰？|zh
2066|22|64|64|And, covering his eyes, they said to him, Are you prophet enough to say who gave you that blow?|en
2067|22|65|65|他們還用許多別的話辱罵他。|zh
2068|22|65|65|And they said a number of other evil things against him.|en
2069|22|66|66|天一亮，民間的眾長老連祭司長帶文士都聚會，把耶穌帶到他們的公會裡，|zh
2070|22|66|66|And when it was day, the rulers of the people came together, with the chief priests and the scribes, and they took him before their Sanhedrin, saying,|en
2071|22|67|67|說：你若是基督，就告訴我們。耶穌說：我若告訴你們，你們也不信；|zh
2072|22|67|67|If you are the Christ, say so. But he said, If I say so you will not have belief;|en
2073|22|68|68|我若問你們，你們也不回答。|zh
2074|22|68|68|And if I put a question to you, you will not give an answer.|en
2075|22|69|69|從今以後，人子要坐在神權能的右邊。|zh
2076|22|69|69|But in the future the Son of man will be seated at the right hand of the power of God.|en
2077|22|70|70|他們都說：這樣，你是神的兒子麼？耶穌說：你們所說的是。|zh
2078|22|70|70|And they all said, Are you then the Son of God? and he said, You say that I am.|en
2079|22|71|71|他們說：何必再用見證呢？他親口所說的，我們都親自聽見了。|zh
2080|22|71|71|And they said, What more need have we of witness? we have the very words of his mouth.|en
2081|23|1|1|眾人都起來，把耶穌解到彼拉多面前，|zh
2082|23|1|1|And they all went and took him before Pilate.|en
2083|23|2|2|就告他說：我們見這人誘惑國民，禁止納稅給該撒，並說自己是基督，是王。|zh
2084|23|2|2|And they made statements against him, saying, This man has to our knowledge been teaching our nation to do wrong, and not to make payment of taxes to Caesar, even saying that he himself is Christ, a king.|en
2085|23|3|3|彼拉多問耶穌說：你是猶太人的王麼？耶穌回答說：你說的是。|zh
2086|23|3|3|And Pilate said to him, Are you the King of the Jews? And he said in answer, You say so.|en
2087|23|4|4|彼拉多對祭司長和眾人說：我查不出這人有甚麼罪來。|zh
2088|23|4|4|And Pilate said to the chief priests and the people, In my opinion this man has done no wrong.|en
2089|23|5|5|但他們越發極力的說：他煽惑百姓，在猶太遍地傳道，從加利利起，直到這裡了。|zh
2090|23|5|5|But they became more violent than before, saying, He has made trouble among the people, teaching through all Judaea from Galilee to this place.|en
2091|23|6|6|彼拉多一聽見，就問：這人是加利利人麼？|zh
2092|23|6|6|But at these words Pilate said, Is the man a Galilaean?|en
2093|23|7|7|既曉得耶穌屬希律所管，就把他送到希律那裡去。那時希律正在耶路撒冷。|zh
2094|23|7|7|And when he saw that he was under the authority of Herod, he sent him to Herod, who was in Jerusalem himself at that time.|en
2095|23|8|8|希律看見耶穌，就很歡喜；因為聽見過他的事，久已想要見他，並且指望看他行一件神蹟。|zh
2096|23|8|8|Now when Herod saw Jesus he was very glad, having for a long time had a desire to see him, for he had had accounts of him, and was hoping to see some wonders done by him.|en
2097|23|9|9|於是問他許多的話；耶穌卻一言不答。|zh
2098|23|9|9|And he put a great number of questions to him, but he said nothing.|en
2099|23|10|10|祭司長和文士都站著，極力的告他。|zh
2100|23|10|10|And the chief priests and the scribes were there, making statements against him violently.|en
2101|23|11|11|希律和他的兵丁就藐視耶穌，戲弄他，給他穿上華麗衣服，把他送回彼拉多那裡去。|zh
2102|23|11|11|And Herod, with the men of his army, put shame on him and made sport of him, and dressing him in shining robes, he sent him back to Pilate.|en
2103|23|12|12|從前希律和彼拉多彼此有仇，在那一天就成了朋友。|zh
2104|23|12|12|And that day Herod and Pilate became friends with one another, for before they had been against one another.|en
2105|23|13|13|彼拉多傳齊了祭司長和官府並百姓，|zh
2106|23|13|13|And Pilate sent for the chief priests and the rulers and the people, and said to them,|en
2107|23|14|14|就對他們說：你們解這人到我這裡，說他是誘惑百姓的。看哪，我也曾將你們告他的事，在你們面前審問他，並沒有查出他甚麼罪來；|zh
2108|23|14|14|You say that this man has been teaching the people evil things: now I, after going into the question before you, see nothing wrong in this man in connection with the things which you have said against him:|en
2109|23|15|15|就是希律也是如此，所以把他送回來。可見他沒有做甚麼該死的事。|zh
2110|23|15|15|And Herod is of the same opinion, for he has sent him back to us; for, you see, he has done nothing for which I might put him to death.|en
2111|23|16|16|故此，我要責打他，把他釋放了。（有古卷在此有：|zh
2112|23|16|16|And so I will give him punishment and let him go.|en
2113|23|17|17|每逢這節期，巡撫必須釋放一個囚犯給他們。）|zh
2114|23|17|17|[]|en
2115|23|18|18|眾人卻一齊喊著說：除掉這個人！釋放巴拉巴給我們！|zh
2116|23|18|18|But with loud voices they said all together, Put this man to death, and make Barabbas free.|en
2117|23|19|19|這巴拉巴是因在城裡作亂殺人，下在監裡的。|zh
2118|23|19|19|Now this man was in prison because of an attack against the government in the town, in which there had been loss of life.|en
2119|23|20|20|彼拉多願意釋放耶穌，就又勸解他們。|zh
2120|23|20|20|And Pilate again said to them that it was his desire to let Jesus go free.|en
2121|23|21|21|無奈他們喊著說：釘他十字架！釘他十字架！|zh
2122|23|21|21|But crying out they said, To the cross with him!|en
2123|23|22|22|彼拉多第三次對他們說：為甚麼呢？這人作了甚麼惡事呢？我並沒有查出他甚麼該死的罪來。所以，我要責打他，把他釋放了。|zh
2124|23|22|22|And he said to them a third time, Why, what evil has he done? I see no reason for putting him to death: I will give him punishment and let him go.|en
2125|23|23|23|他們大聲催逼彼拉多，求他把耶穌釘在十字架上。他們的聲音就得了勝。|zh
2126|23|23|23|But they went on crying out loudly, Let him be put to death on the cross. And they had their way.|en
2127|23|24|24|彼拉多這才照他們所求的定案，|zh
2128|23|24|24|And Pilate gave his decision for their desire to be put into effect.|en
2129|23|25|25|把他們所求的那作亂殺人、下在監裡的釋放了，把耶穌交給他們，任憑他們的意思行。|zh
2130|23|25|25|And in answer to their request, he let that man go free who had been in prison for acting against the government and causing death, and Jesus he gave up to their pleasure.|en
2131|23|26|26|帶耶穌去的時候，有一個古利奈人西門，從鄉下來；他們就抓住他，把十字架擱在他身上，叫他背著跟隨耶穌。|zh
2132|23|26|26|And while they were taking him away, they put their hands on Simon of Cyrene, who was coming from the country, and made him take the cross after Jesus.|en
2133|23|27|27|有許多百姓跟隨耶穌，內中有好些婦女；婦女們為他號咷痛哭。|zh
2134|23|27|27|And a great band of people went after him, and of women making signs of grief and weeping for him.|en
2135|23|28|28|耶穌轉身對他們說：耶路撒冷的女子，不要為我哭，當為自己和自己的兒女哭。|zh
2136|23|28|28|But Jesus, turning to them, said, Daughters of Jerusalem, let not your weeping be for me, but for yourselves and for your children.|en
2137|23|29|29|因為日子要到，人必說：不生育的，和未曾懷胎的，未曾乳養嬰孩的，有福了！|zh
2138|23|29|29|For the days are coming in which they will say, Happy are those who have had no children, whose bodies have never given birth, whose breasts have never given milk.|en
2139|23|30|30|那時，人要向大山說：倒在我們身上！向小山說：遮蓋我們！|zh
2140|23|30|30|And they will say to the mountains, Come down on us, and to the hills, Be a cover over us.|en
2141|23|31|31|這些事既行在有汁水的樹上，那枯乾的樹將來怎麼樣呢？|zh
2142|23|31|31|For if they do these things when the tree is green, what will they do when it is dry?|en
2143|23|32|32|又有兩個犯人，和耶穌一同帶來處死。|zh
2144|23|32|32|And two others, evil-doers, were taken with him to be put to death.|en
2145|23|33|33|到了一個地方，名叫髑髏地，就在那裡把耶穌釘在十字架上，又釘了兩個犯人：一個在左邊，一個在右邊。|zh
2146|23|33|33|And when they came to the place which is named Golgotha, they put him on the cross, and the evil-doers, one on the right side, and the other on the left.|en
2147|23|34|34|當下耶穌說：父阿！赦免他們；因為他們所做的，他們不曉得。兵丁就拈鬮分他的衣服。|zh
2148|23|34|34|And Jesus said, Father, let them have forgiveness, for they have no knowledge of what they are doing. And they made division of his clothing among them by the decision of chance.|en
2149|23|35|35|百姓站在那裡觀看。官府也嗤笑他，說：他救了別人；他若是基督，神所揀選的，可以救自己罷！|zh
2150|23|35|35|And the people were looking on. And the rulers made sport of him, saying, He was a saviour of others; let him do something for himself, if he is the Christ, the man of God's selection.|en
2151|23|36|36|兵丁也戲弄他，上前拿醋送給他喝，|zh
2152|23|36|36|And the men of the army made sport of him, coming to him and giving him bitter wine,|en
2153|23|37|37|說：你若是猶太人的王，可以救自己罷！|zh
2154|23|37|37|And saying, If you are the King of the Jews, get yourself free.|en
2155|23|38|38|在耶穌以上有一個牌子（有古卷在此有：用希利尼、羅馬、希伯來的文字）寫著：這是猶太人的王。|zh
2156|23|38|38|And these words were put in writing over him, THIS IS THE KING OF THE JEWS.|en
2157|23|39|39|那同釘的兩個犯人有一個譏誚他，說：你不是基督麼？可以救自己和我們罷！|zh
2158|23|39|39|And one of the evil-doers on the cross, with bitter feeling, said to him, Are you not the Christ? Get yourself and us out of this.|en
2159|23|40|40|那一個就應聲責備他，說：你既是一樣受刑的，還不怕神麼？|zh
2160|23|40|40|But the other, protesting, said, Have you no fear of God? for you have a part in the same punishment,|en
2161|23|41|41|我們是應該的，因我們所受的與我們所做的相稱，但這個人沒有做過一件不好的事。|zh
2162|23|41|41|And with reason; for we have the right reward of our acts, but this man has done nothing wrong.|en
2163|23|42|42|就說：耶穌阿，你得國降臨的時候，求你記念我！|zh
2164|23|42|42|And he said, Jesus, keep me in mind when you come in your kingdom.|en
2165|23|43|43|耶穌對他說：我實在告訴你，今日你要同我在樂園裡了。|zh
2166|23|43|43|And he said to him, Truly I say to you, Today you will be with me in Paradise.|en
2167|23|44|44|那時約有午正，遍地都黑暗了，直到申初，|zh
2168|23|44|44|And it was now about the sixth hour; and all the land was dark till the ninth hour;|en
2169|23|45|45|日頭變黑了；殿裡的幔子從當中裂為兩半。|zh
2170|23|45|45|The light of the sun went out, and the curtain in the Temple was parted in two.|en
2171|23|46|46|耶穌大聲喊著說：父阿！我將我的靈魂交在你手裡。說了這話，氣就斷了。|zh
2172|23|46|46|And Jesus gave a loud cry and said, Father, into your hands I give my spirit: and when he had said this, he gave up his spirit.|en
2173|23|47|47|百夫長看見所成的事，就歸榮耀與神，說：這真是個義人！|zh
2174|23|47|47|And when the captain saw what was done, he gave praise to God, saying, Without doubt this was an upright man.|en
2175|23|48|48|聚集觀看的眾人見了這所成的事都捶著胸回去了。|zh
2176|23|48|48|And all the people who had come together to see it, when they saw the things which were done, went back again making signs of grief.|en
2177|23|49|49|還有一切與耶穌熟識的人，和從加利利跟著他來的婦女們，都遠遠的站著看這些事。|zh
2178|23|49|49|And all his friends and the women who came with him from Galilee, were waiting at a distance, watching these things.|en
2179|23|50|50|有一個人名叫約瑟，是個議士，為人善良公義；|zh
2180|23|50|50|Now there was a man named Joseph, a man of authority and a good and upright man|en
2181|23|51|51|眾人所謀所為，他並沒有附從。他本是猶太、亞利馬太城裡素常盼望神國的人。|zh
2182|23|51|51|(He had not given his approval to their decision or their acts), of Arimathaea, a town of the Jews, who was waiting for the kingdom of God:|en
2183|23|52|52|這人去見彼拉多，求耶穌的身體，|zh
2184|23|52|52|This man went to Pilate and made a request for the body of Jesus.|en
2185|23|53|53|就取下來，用細麻布裹好，安放在石頭鑿成的墳墓裡；那裡頭從來沒有葬過人。|zh
2186|23|53|53|And he took it down, and folding it in a linen cloth, he put it in a place cut in the rock for a dead body; and no one had ever been put in it.|en
2187|23|54|54|那日是預備日，安息日也快到了。|zh
2188|23|54|54|Now it was the day of making ready and the Sabbath was coming on.|en
2189|23|55|55|那些從加利利和耶穌同來的婦女跟在後面，看見了墳墓和他的身體怎樣安放。|zh
2190|23|55|55|And the women who had come with him from Galilee went after him and saw the place and how his body had been put to rest;|en
2191|23|56|56|他們就回去，預備了香料香膏。他們在安息日，便遵著誡命安息了。|zh
2192|23|56|56|And they went back and got ready spices and perfumes; and on the Sabbath they took their rest, in agreement with the law.|en
2193|24|1|1|七日的頭一日，黎明的時候，那些婦女帶著所預備的香料來到墳墓前，|zh
2194|24|1|1|But on the first day of the week, at dawn, they came to the place where his body had been put, taking the spices which they had got ready.|en
2195|24|2|2|看見石頭已經從墳墓輥開了，|zh
2196|24|2|2|And they saw that the stone had been rolled away.|en
2197|24|3|3|他們就進去，只是不見主耶穌的身體。|zh
2198|24|3|3|And they went in, but the body of the Lord Jesus was not there.|en
2199|24|4|4|正在猜疑之間，忽然有兩個人站在旁邊，衣服放光。|zh
2200|24|4|4|And while they were in doubt about it, they saw two men in shining clothing by them:|en
2201|24|5|5|婦女們驚怕，將臉伏地。那兩個人就對他們說：為甚麼在死人中找活人呢？|zh
2202|24|5|5|And while their faces were bent down to the earth in fear, these said to them, Why are you looking for the living among the dead?|en
2203|24|6|6|他不在這裡，已經復活了。當記念他還在加利利的時候怎樣告訴你們，|zh
2204|24|6|6|He is not here, he has come back to life: have in mind what he said to you when he was still in Galilee, saying,|en
2205|24|7|7|說：人子必須被交在罪人手裡，釘在十字架上，第三日復活。|zh
2206|24|7|7|The Son of man will be given up into the hands of evil-doers, and be put to death on the cross, and on the third day he will come back to life.|en
2207|24|8|8|他們就想起耶穌的話來，|zh
2208|24|8|8|And his words came back into their minds,|en
2209|24|9|9|便從墳墓那裡回去，把這一切事告訴十一個使徒和其餘的人。|zh
2210|24|9|9|And they went away from that place and gave an account of all these things to the eleven disciples and all the others.|en
2211|24|10|10|那告訴使徒的就是抹大拉的馬利亞和約亞拿，並雅各的母親馬利亞，還有與他們在一處的婦女。|zh
2212|24|10|10|Now they were Mary Magdalene, and Joanna, and Mary, the mother of James: and the other women with them said these things to the Apostles.|en
2213|24|11|11|他們這些話，使徒以為是胡言，就不相信。|zh
2214|24|11|11|But these words seemed foolish to them, and they had no belief in them.|en
2215|24|12|12|彼得起來，跑到墳墓前，低頭往裡看，見細麻布獨在一處，就回去了，心裡希奇所成的事。|zh
2216|24|12|12|But Peter got up and went to the place where the body had been put, and looking in he saw nothing but the linen cloths, and he went to his house full of wonder at what had taken place.|en
2217|24|13|13|正當那日，門徒中有兩個人往一個村子去；這村子名叫以馬忤斯，離耶路撒冷約有二十五里。|zh
2218|24|13|13|And then, two of them, on that very day, were going to a little town named Emmaus, which was about seven miles from Jerusalem.|en
2219|24|14|14|他們彼此談論所遇見的這一切事。|zh
2220|24|14|14|And they were talking together about all those things which had taken place.|en
2221|24|15|15|正談論相問的時候，耶穌親自就近他們，和他們同行；|zh
2222|24|15|15|And while they were talking and questioning together, Jesus himself came near and went with them.|en
2223|24|16|16|只是他們的眼睛迷糊了，不認識他。|zh
2224|24|16|16|But their eyes were not open that they might have knowledge of him.|en
2225|24|17|17|耶穌對他們說：你們走路彼此談論的是甚麼事呢？他們就站住，臉上帶著愁容。|zh
2226|24|17|17|And he said to them, What are you talking about together while you go?|en
2227|24|18|18|二人中有一個名叫革流巴的回答說：你在耶路撒冷作客，還不知道這幾天在那裡所出的事麼？|zh
2228|24|18|18|Then stopping, and looking sadly at him, one of them, named Cleopas, said to him, Are you the only man living in Jerusalem who has not had news of the things which have taken place there at this time?|en
2229|24|19|19|耶穌說：甚麼事呢？他們說：就是拿撒勒人耶穌的事。他是個先知，在神和眾百姓面前，說話行事都有大能。|zh
2230|24|19|19|And he said to them, What things? And they said, The things to do with Jesus of Nazareth, who was a prophet, great in his acts and his words, before God and all the people:|en
2231|24|20|20|祭司長和我們的官府竟把他解去，定了死罪，釘在十字架上。|zh
2232|24|20|20|And how the chief priests and our rulers gave him up to be put to death on the cross.|en
2233|24|21|21|但我們素來所盼望、要贖以色列民的就是他！不但如此，而且這事成就，現在已經三天了。|zh
2234|24|21|21|But we were hoping that he would be the Saviour of Israel. In addition to all this he has now let three days go by from the time when these things took place;|en
2235|24|22|22|再者，我們中間有幾個婦女使我們驚奇；他們清早到了墳墓那裡，|zh
2236|24|22|22|And certain women among us gave us cause for wonder, for they went early to the place where his body had been put,|en
2237|24|23|23|不見他的身體，就回來告訴我們，說看見了天使顯現，說他活了。|zh
2238|24|23|23|And it was not there; then they came saying that they had seen a vision of angels who said that he was living.|en
2239|24|24|24|又有我們的幾個人往墳墓那裡去，所遇見的正如婦女們所說的，只是沒有看見他。|zh
2240|24|24|24|And some of those who were with us went to the place, and saw that it was as the women had said, but him they did not see.|en
2241|24|25|25|耶穌對他們說：無知的人哪，先知所說的一切話，你們的心信得太遲鈍了。|zh
2242|24|25|25|And he said, O foolish men! how slow you are to give belief to what the prophets have said.|en
2243|24|26|26|基督這樣受害，又進入他的榮耀，豈不是應當的麼？|zh
2244|24|26|26|Was it not necessary for the Christ to go through these things, and to come into his glory?|en
2245|24|27|27|於是從摩西和眾先知起，凡經上所指著自己的話都給他們講解明白了。|zh
2246|24|27|27|And he made clear to them all the things in the Writings, from Moses and from all the prophets, which had to do with himself.|en
2247|24|28|28|將近他們所去的村子，耶穌好像還要往前行，|zh
2248|24|28|28|And they came near the town to which they were going, and he seemed as if he was going on;|en
2249|24|29|29|他們卻強留他，說：時候晚了，日頭已經平西了，請你同我們住下罷！耶穌就進去，要同他們住下。|zh
2250|24|29|29|But they kept him back, saying, Do not go, for evening is near, the day is almost gone. And he went in with them.|en
2251|24|30|30|到了坐席的時候，耶穌拿起餅來，祝謝了，擘開，遞給他們。|zh
2252|24|30|30|And when he was seated with them at table, he took the bread, and said words of blessing and, making division of it, he gave it to them.|en
2253|24|31|31|他們的眼睛明亮了，這才認出他來。忽然耶穌不見了。|zh
2254|24|31|31|And then their eyes were open, and they had knowledge of him, but he went from their view.|en
2255|24|32|32|他們彼此說：在路上，他和我們說話，給我們講解聖經的時候，我們的心豈不是火熱的麼？|zh
2256|24|32|32|And they said to one another, Were not our hearts burning in us while he was talking to us on the way, making clear to us the holy Writings?|en
2257|24|33|33|他們就立時起身，回耶路撒冷去，正遇見十一個使徒和他們的同人聚集在一處，|zh
2258|24|33|33|And that very hour they got up and went back to Jerusalem, where the eleven and the others had come together.|en
2259|24|34|34|說：主果然復活，已經現給西門看了。|zh
2260|24|34|34|And they said to them, The Lord has truly come back to life again, and Simon has seen him.|en
2261|24|35|35|兩個人就把路上所遇見，和擘餅的時候怎麼被他們認出來的事，都述說了一遍。|zh
2262|24|35|35|And they gave an account of the things which had taken place on the way, and how, when he gave them bread, they had knowledge of him.|en
2263|24|36|36|正說這話的時候，耶穌親自站在他們當中，說：願你們平安！|zh
2264|24|36|36|And while they were saying these things, he himself was among them, and said to them, Peace be with you!|en
2265|24|37|37|他們卻驚慌害怕，以為所看見的是魂。|zh
2266|24|37|37|But they were full of fear, being of the opinion that they were seeing a spirit.|en
2267|24|38|38|耶穌說：你們為甚麼愁煩？為甚麼心裡起疑念呢？|zh
2268|24|38|38|And he said to them, Why are you troubled, and why are your hearts full of doubt?|en
2269|24|39|39|你們看我的手，我的腳，就知道實在是我了。摸我看看！魂無骨無肉，你們看，我是有的。|zh
2270|24|39|39|See; my hands and my feet: it is I myself; put your hands on me and make certain; for a spirit has not flesh and bones as you see that I have.|en
2271|24|40|40|說了這話，就把手和腳給他們看。|zh
2272|24|40|40|And when he had said this, he let them see his hands and his feet.|en
2273|24|41|41|他們正喜得不敢信，並且希奇；耶穌就說：你們這裡有甚麼吃的沒有？|zh
2274|24|41|41|And because, for joy and wonder, they were still in doubt, he said to them, Have you any food here?|en
2275|24|42|42|他們便給他一片燒魚。（有古卷在此有：和一塊蜜房。）|zh
2276|24|42|42|And they gave him a bit of cooked fish.|en
2277|24|43|43|他接過來，在他們面前吃了。|zh
2278|24|43|43|And before their eyes he took a meal.|en
2279|24|44|44|耶穌對他們說：這就是我從前與你們同在之時所告訴你們的話說：摩西的律法、先知的書，和詩篇上所記的，凡指著我的話都必須應驗。|zh
2280|24|44|44|And he said to them, These are the words which I said to you when I was still with you, how it was necessary for all the things which are in the writings of Moses and the prophets and in the Psalms about me, to be put into effect.|en
2281|24|45|45|於是耶穌開他們的心竅，使他們能明白聖經，|zh
2282|24|45|45|Then he made the holy Writings clear to their minds.|en
2283|24|46|46|又對他們說：照經上所寫的，基督必受害，第三日從死裡復活，|zh
2284|24|46|46|And he said to them, So it is in the Writings that the Christ would undergo death, and come back to life again on the third day;|en
2285|24|47|47|並且人要奉他的名傳悔改、赦罪的道，從耶路撒冷起直傳到萬邦。|zh
2286|24|47|47|And that teaching about a change of heart and forgiveness of sins is to be given to Jerusalem first and to all nations in his name.|en
2287|24|48|48|你們就是這些事的見證。|zh
2288|24|48|48|You are witnesses of these things.|en
2289|24|49|49|我要將我父所應許的降在你們身上，你們要在城裡等候，直到你們領受從上頭來的能力。|zh
2290|24|49|49|And now I will send to you what my father has undertaken to give you, but do not go from the town, till the power from heaven comes to you.|en
2291|24|50|50|耶穌領他們到伯大尼的對面，就舉手給他們祝福。|zh
2292|24|50|50|And he took them out till they were near Bethany, and lifting up his hands, he gave them a blessing.|en
2293|24|51|51|正祝福的時候，他就離開他們，被帶到天上去了。|zh
2294|24|51|51|And while he was doing so, he went from them and was taken up into heaven.|en
2295|24|52|52|他們就拜他，大大的歡喜，回耶路撒冷去，|zh
2296|24|52|52|And they gave him worship and went back to Jerusalem with great joy.|en
2297|24|53|53|常在殿裡稱頌神。|zh
2298|24|53|53|And they were in the Temple at all times, giving praise to God.|en
